Lx=13, Ly=13, delta=4.0, Rb=1.5, alpha=0.05, n_edge=0, delta_boundary=1.8, USE_STAR_MODULATION=False, USE_UNIFORM_OMEGA=True
running Lx=13, Ly=13, delta=4.0, Rb=1.5, alpha=0.05, n_edge=0, delta_boundary=1.8
scratch id=1763149
Copying previous MPS/MPO data from /users/ylokare/2D_DMRG_calculations/data/tmp748855 to /oscar/scratch/ylokare/tmp1763149

Build MPO | Nsites =   169 | Nterms =      14534 | Algorithm = FastSVD | Cutoff = 1.00e-16 | Max bond dimension =    -1
 Site =     0 /   169 .. Mmpo =     3 DW = 0.00e+00 Error = 2.70e-15 NNZ =        3 SPT = 0.0000 Tsvd = 0.060 T = 0.093
 Site =     1 /   169 .. Mmpo =     4 DW = 3.09e-34 Error = 7.80e-15 NNZ =       10 SPT = 0.1667 Tsvd = 0.002 T = 0.006
 Site =     2 /   169 .. Mmpo =     5 DW = 2.77e-30 Error = 1.53e-14 NNZ =       17 SPT = 0.1500 Tsvd = 0.000 T = 0.006
 Site =     3 /   169 .. Mmpo =     6 DW = 1.71e-30 Error = 3.19e-14 NNZ =       26 SPT = 0.1333 Tsvd = 0.019 T = 0.026
 Site =     4 /   169 .. Mmpo =     7 DW = 8.36e-31 Error = 2.36e-14 NNZ =       37 SPT = 0.1190 Tsvd = 0.000 T = 0.008
 Site =     5 /   169 .. Mmpo =     8 DW = 2.39e-30 Error = 4.75e-14 NNZ =       50 SPT = 0.1071 Tsvd = 0.000 T = 0.010
 Site =     6 /   169 .. Mmpo =     9 DW = 5.39e-30 Error = 3.15e-14 NNZ =       65 SPT = 0.0972 Tsvd = 0.000 T = 0.011
 Site =     7 /   169 .. Mmpo =    10 DW = 1.75e-30 Error = 1.47e-13 NNZ =       82 SPT = 0.0889 Tsvd = 0.000 T = 0.012
 Site =     8 /   169 .. Mmpo =    11 DW = 1.67e-30 Error = 1.14e-13 NNZ =      101 SPT = 0.0818 Tsvd = 0.000 T = 0.014
 Site =     9 /   169 .. Mmpo =    12 DW = 3.52e-30 Error = 3.45e-13 NNZ =      122 SPT = 0.0758 Tsvd = 0.000 T = 0.015
 Site =    10 /   169 .. Mmpo =    13 DW = 1.10e-29 Error = 1.95e-13 NNZ =      145 SPT = 0.0705 Tsvd = 0.000 T = 0.016
 Site =    11 /   169 .. Mmpo =    14 DW = 8.41e-30 Error = 3.52e-13 NNZ =      170 SPT = 0.0659 Tsvd = 0.000 T = 0.017
 Site =    12 /   169 .. Mmpo =    15 DW = 5.11e-30 Error = 5.81e-14 NNZ =      197 SPT = 0.0619 Tsvd = 0.000 T = 0.019
 Site =    13 /   169 .. Mmpo =    16 DW = 5.04e-30 Error = 3.56e-13 NNZ =      226 SPT = 0.0583 Tsvd = 0.000 T = 0.019
 Site =    14 /   169 .. Mmpo =    17 DW = 1.24e-29 Error = 4.54e-13 NNZ =      257 SPT = 0.0551 Tsvd = 0.000 T = 0.021
 Site =    15 /   169 .. Mmpo =    18 DW = 4.14e-29 Error = 1.47e-13 NNZ =      290 SPT = 0.0523 Tsvd = 0.004 T = 0.026
 Site =    16 /   169 .. Mmpo =    19 DW = 4.54e-29 Error = 1.86e-13 NNZ =      325 SPT = 0.0497 Tsvd = 0.003 T = 0.026
 Site =    17 /   169 .. Mmpo =    20 DW = 1.02e-28 Error = 5.81e-13 NNZ =      362 SPT = 0.0474 Tsvd = 0.000 T = 0.025
 Site =    18 /   169 .. Mmpo =    21 DW = 5.33e-29 Error = 2.12e-13 NNZ =      401 SPT = 0.0452 Tsvd = 0.000 T = 0.026
 Site =    19 /   169 .. Mmpo =    22 DW = 4.77e-29 Error = 1.06e-13 NNZ =      442 SPT = 0.0433 Tsvd = 0.001 T = 0.027
 Site =    20 /   169 .. Mmpo =    23 DW = 7.04e-29 Error = 5.10e-13 NNZ =      485 SPT = 0.0415 Tsvd = 0.001 T = 0.028
 Site =    21 /   169 .. Mmpo =    24 DW = 4.71e-29 Error = 2.11e-13 NNZ =      530 SPT = 0.0399 Tsvd = 0.001 T = 0.030
 Site =    22 /   169 .. Mmpo =    25 DW = 2.46e-29 Error = 9.65e-14 NNZ =      577 SPT = 0.0383 Tsvd = 0.006 T = 0.036
 Site =    23 /   169 .. Mmpo =    26 DW = 1.72e-29 Error = 6.38e-13 NNZ =      626 SPT = 0.0369 Tsvd = 0.001 T = 0.032
 Site =    24 /   169 .. Mmpo =    27 DW = 1.41e-29 Error = 2.69e-13 NNZ =      677 SPT = 0.0356 Tsvd = 0.001 T = 0.033
 Site =    25 /   169 .. Mmpo =    28 DW = 2.80e-29 Error = 9.21e-14 NNZ =      730 SPT = 0.0344 Tsvd = 0.001 T = 0.034
 Site =    26 /   169 .. Mmpo =    29 DW = 9.71e-30 Error = 1.58e-13 NNZ =      785 SPT = 0.0333 Tsvd = 0.002 T = 0.036
 Site =    27 /   169 .. Mmpo =    30 DW = 8.54e-30 Error = 1.42e-13 NNZ =      842 SPT = 0.0322 Tsvd = 0.001 T = 0.036
 Site =    28 /   169 .. Mmpo =    31 DW = 9.97e-30 Error = 9.22e-14 NNZ =      901 SPT = 0.0312 Tsvd = 0.001 T = 0.037
 Site =    29 /   169 .. Mmpo =    32 DW = 4.86e-29 Error = 7.39e-14 NNZ =      962 SPT = 0.0302 Tsvd = 0.001 T = 0.038
 Site =    30 /   169 .. Mmpo =    33 DW = 6.98e-29 Error = 5.29e-13 NNZ =     1025 SPT = 0.0294 Tsvd = 0.001 T = 0.039
 Site =    31 /   169 .. Mmpo =    34 DW = 5.39e-30 Error = 3.97e-13 NNZ =     1090 SPT = 0.0285 Tsvd = 0.009 T = 0.048
 Site =    32 /   169 .. Mmpo =    35 DW = 6.80e-30 Error = 2.61e-13 NNZ =     1157 SPT = 0.0277 Tsvd = 0.001 T = 0.041
 Site =    33 /   169 .. Mmpo =    36 DW = 8.08e-30 Error = 1.94e-13 NNZ =     1226 SPT = 0.0270 Tsvd = 0.001 T = 0.043
 Site =    34 /   169 .. Mmpo =    37 DW = 3.33e-29 Error = 1.52e-13 NNZ =     1297 SPT = 0.0263 Tsvd = 0.001 T = 0.044
 Site =    35 /   169 .. Mmpo =    38 DW = 3.28e-29 Error = 1.22e-13 NNZ =     1370 SPT = 0.0256 Tsvd = 0.002 T = 0.045
 Site =    36 /   169 .. Mmpo =    39 DW = 5.73e-30 Error = 9.16e-14 NNZ =     1445 SPT = 0.0250 Tsvd = 0.001 T = 0.045
 Site =    37 /   169 .. Mmpo =    40 DW = 1.92e-29 Error = 8.03e-13 NNZ =     1522 SPT = 0.0244 Tsvd = 0.002 T = 0.047
 Site =    38 /   169 .. Mmpo =    41 DW = 1.43e-29 Error = 1.73e-13 NNZ =     1601 SPT = 0.0238 Tsvd = 0.001 T = 0.047
 Site =    39 /   169 .. Mmpo =    42 DW = 7.88e-30 Error = 6.53e-13 NNZ =     1682 SPT = 0.0232 Tsvd = 0.001 T = 0.048
 Site =    40 /   169 .. Mmpo =    43 DW = 2.16e-29 Error = 6.38e-13 NNZ =     1765 SPT = 0.0227 Tsvd = 0.001 T = 0.049
 Site =    41 /   169 .. Mmpo =    44 DW = 1.13e-29 Error = 4.83e-13 NNZ =     1850 SPT = 0.0222 Tsvd = 0.001 T = 0.049
 Site =    42 /   169 .. Mmpo =    45 DW = 3.95e-29 Error = 3.92e-13 NNZ =     1937 SPT = 0.0217 Tsvd = 0.001 T = 0.051
 Site =    43 /   169 .. Mmpo =    45 DW = 1.99e-17 Error = 4.46e-09 NNZ =     1981 SPT = 0.0217 Tsvd = 0.001 T = 0.052
 Site =    44 /   169 .. Mmpo =    45 DW = 6.89e-17 Error = 8.30e-09 NNZ =     1981 SPT = 0.0217 Tsvd = 0.001 T = 0.051
 Site =    45 /   169 .. Mmpo =    46 DW = 2.11e-29 Error = 1.86e-13 NNZ =     2026 SPT = 0.0213 Tsvd = 0.001 T = 0.051
 Site =    46 /   169 .. Mmpo =    47 DW = 5.64e-29 Error = 1.44e-13 NNZ =     2117 SPT = 0.0208 Tsvd = 0.001 T = 0.052
 Site =    47 /   169 .. Mmpo =    47 DW = 4.85e-17 Error = 6.96e-09 NNZ =     2163 SPT = 0.0208 Tsvd = 0.001 T = 0.052
 Site =    48 /   169 .. Mmpo =    48 DW = 7.74e-29 Error = 1.34e-13 NNZ =     2210 SPT = 0.0204 Tsvd = 0.001 T = 0.052
 Site =    49 /   169 .. Mmpo =    49 DW = 5.93e-29 Error = 1.19e-13 NNZ =     2305 SPT = 0.0200 Tsvd = 0.001 T = 0.053
 Site =    50 /   169 .. Mmpo =    49 DW = 1.83e-17 Error = 4.27e-09 NNZ =     2353 SPT = 0.0200 Tsvd = 0.001 T = 0.054
 Site =    51 /   169 .. Mmpo =    49 DW = 8.53e-17 Error = 9.23e-09 NNZ =     2353 SPT = 0.0200 Tsvd = 0.001 T = 0.053
 Site =    52 /   169 .. Mmpo =    50 DW = 2.26e-28 Error = 1.41e-13 NNZ =     2402 SPT = 0.0196 Tsvd = 0.001 T = 0.053
 Site =    53 /   169 .. Mmpo =    51 DW = 2.21e-28 Error = 8.41e-14 NNZ =     2501 SPT = 0.0192 Tsvd = 0.001 T = 0.054
 Site =    54 /   169 .. Mmpo =    51 DW = 4.41e-17 Error = 6.64e-09 NNZ =     2551 SPT = 0.0192 Tsvd = 0.001 T = 0.054
 Site =    55 /   169 .. Mmpo =    52 DW = 2.27e-27 Error = 1.18e-12 NNZ =     2602 SPT = 0.0189 Tsvd = 0.001 T = 0.054
 Site =    56 /   169 .. Mmpo =    51 DW = 6.20e-17 Error = 7.88e-09 NNZ =     2600 SPT = 0.0196 Tsvd = 0.001 T = 0.055
 Site =    57 /   169 .. Mmpo =    52 DW = 1.02e-27 Error = 8.57e-13 NNZ =     2602 SPT = 0.0189 Tsvd = 0.001 T = 0.054
 Site =    58 /   169 .. Mmpo =    52 DW = 6.30e-17 Error = 7.94e-09 NNZ =     2653 SPT = 0.0189 Tsvd = 0.002 T = 0.054
 Site =    59 /   169 .. Mmpo =    53 DW = 5.62e-27 Error = 6.07e-13 NNZ =     2705 SPT = 0.0185 Tsvd = 0.001 T = 0.054
 Site =    60 /   169 .. Mmpo =    53 DW = 4.30e-17 Error = 6.56e-09 NNZ =     2757 SPT = 0.0185 Tsvd = 0.002 T = 0.055
 Site =    61 /   169 .. Mmpo =    54 DW = 1.17e-27 Error = 4.53e-13 NNZ =     2809 SPT = 0.0185 Tsvd = 0.001 T = 0.054
 Site =    62 /   169 .. Mmpo =    53 DW = 1.12e-16 Error = 1.06e-08 NNZ =     2809 SPT = 0.0185 Tsvd = 0.002 T = 0.055
 Site =    63 /   169 .. Mmpo =    54 DW = 6.31e-27 Error = 2.54e-13 NNZ =     2810 SPT = 0.0182 Tsvd = 0.002 T = 0.054
 Site =    64 /   169 .. Mmpo =    54 DW = 5.19e-17 Error = 7.21e-09 NNZ =     2862 SPT = 0.0185 Tsvd = 0.004 T = 0.056
 Site =    65 /   169 .. Mmpo =    55 DW = 6.98e-27 Error = 2.59e-13 NNZ =     2917 SPT = 0.0178 Tsvd = 0.002 T = 0.055
 Site =    66 /   169 .. Mmpo =    55 DW = 1.36e-17 Error = 3.68e-09 NNZ =     2971 SPT = 0.0179 Tsvd = 0.002 T = 0.056
 Site =    67 /   169 .. Mmpo =    55 DW = 4.98e-17 Error = 7.06e-09 NNZ =     2970 SPT = 0.0182 Tsvd = 0.002 T = 0.055
 Site =    68 /   169 .. Mmpo =    55 DW = 4.70e-17 Error = 6.85e-09 NNZ =     2971 SPT = 0.0179 Tsvd = 0.002 T = 0.055
 Site =    69 /   169 .. Mmpo =    54 DW = 7.61e-17 Error = 8.73e-09 NNZ =     2916 SPT = 0.0182 Tsvd = 0.002 T = 0.054
 Site =    70 /   169 .. Mmpo =    55 DW = 9.05e-25 Error = 9.68e-13 NNZ =     2917 SPT = 0.0178 Tsvd = 0.002 T = 0.055
 Site =    71 /   169 .. Mmpo =    55 DW = 3.99e-17 Error = 6.32e-09 NNZ =     2970 SPT = 0.0182 Tsvd = 0.002 T = 0.055
 Site =    72 /   169 .. Mmpo =    55 DW = 5.42e-17 Error = 7.36e-09 NNZ =     2970 SPT = 0.0182 Tsvd = 0.002 T = 0.053
 Site =    73 /   169 .. Mmpo =    55 DW = 6.67e-17 Error = 8.17e-09 NNZ =     2970 SPT = 0.0182 Tsvd = 0.002 T = 0.052
 Site =    74 /   169 .. Mmpo =    55 DW = 8.36e-17 Error = 9.14e-09 NNZ =     2969 SPT = 0.0185 Tsvd = 0.002 T = 0.052
 Site =    75 /   169 .. Mmpo =    56 DW = 2.09e-24 Error = 1.45e-12 NNZ =     3025 SPT = 0.0179 Tsvd = 0.002 T = 0.052
 Site =    76 /   169 .. Mmpo =    56 DW = 3.98e-17 Error = 6.31e-09 NNZ =     3081 SPT = 0.0175 Tsvd = 0.002 T = 0.051
 Site =    77 /   169 .. Mmpo =    55 DW = 1.17e-16 Error = 1.08e-08 NNZ =     3025 SPT = 0.0179 Tsvd = 0.002 T = 0.049
 Site =    78 /   169 .. Mmpo =    56 DW = 5.50e-25 Error = 7.51e-13 NNZ =     3026 SPT = 0.0175 Tsvd = 0.002 T = 0.049
 Site =    79 /   169 .. Mmpo =    56 DW = 2.13e-17 Error = 4.61e-09 NNZ =     3080 SPT = 0.0179 Tsvd = 0.002 T = 0.050
 Site =    80 /   169 .. Mmpo =    55 DW = 1.17e-16 Error = 1.08e-08 NNZ =     3025 SPT = 0.0179 Tsvd = 0.001 T = 0.049
 Site =    81 /   169 .. Mmpo =    55 DW = 3.96e-17 Error = 6.29e-09 NNZ =     2971 SPT = 0.0179 Tsvd = 0.001 T = 0.048
 Site =    82 /   169 .. Mmpo =    54 DW = 9.88e-17 Error = 9.94e-09 NNZ =     2916 SPT = 0.0182 Tsvd = 0.001 T = 0.047
 Site =    83 /   169 .. Mmpo =    55 DW = 5.08e-24 Error = 2.26e-12 NNZ =     2916 SPT = 0.0182 Tsvd = 0.001 T = 0.046
 Site =    84 /   169 .. Mmpo =    55 DW = 3.64e-17 Error = 6.03e-09 NNZ =     2966 SPT = 0.0195 Tsvd = 0.001 T = 0.046
 Site =    85 /   169 .. Mmpo =    55 DW = 4.59e-17 Error = 6.78e-09 NNZ =     2970 SPT = 0.0182 Tsvd = 0.001 T = 0.046
 Site =    86 /   169 .. Mmpo =    55 DW = 6.65e-17 Error = 8.15e-09 NNZ =     2969 SPT = 0.0185 Tsvd = 0.001 T = 0.046
 Site =    87 /   169 .. Mmpo =    55 DW = 7.50e-17 Error = 8.66e-09 NNZ =     2969 SPT = 0.0185 Tsvd = 0.001 T = 0.045
 Site =    88 /   169 .. Mmpo =    56 DW = 7.65e-24 Error = 3.00e-12 NNZ =     3025 SPT = 0.0179 Tsvd = 0.001 T = 0.045
 Site =    89 /   169 .. Mmpo =    56 DW = 3.82e-17 Error = 6.18e-09 NNZ =     3080 SPT = 0.0179 Tsvd = 0.001 T = 0.045
 Site =    90 /   169 .. Mmpo =    55 DW = 1.15e-16 Error = 1.07e-08 NNZ =     3024 SPT = 0.0182 Tsvd = 0.001 T = 0.044
 Site =    91 /   169 .. Mmpo =    56 DW = 3.03e-24 Error = 1.99e-12 NNZ =     3026 SPT = 0.0175 Tsvd = 0.001 T = 0.043
 Site =    92 /   169 .. Mmpo =    56 DW = 1.09e-17 Error = 3.30e-09 NNZ =     3080 SPT = 0.0179 Tsvd = 0.001 T = 0.043
 Site =    93 /   169 .. Mmpo =    55 DW = 8.29e-17 Error = 9.11e-09 NNZ =     3024 SPT = 0.0182 Tsvd = 0.001 T = 0.043
 Site =    94 /   169 .. Mmpo =    55 DW = 3.32e-17 Error = 5.76e-09 NNZ =     2970 SPT = 0.0182 Tsvd = 0.001 T = 0.042
 Site =    95 /   169 .. Mmpo =    54 DW = 1.05e-16 Error = 1.03e-08 NNZ =     2916 SPT = 0.0182 Tsvd = 0.001 T = 0.041
 Site =    96 /   169 .. Mmpo =    55 DW = 2.05e-23 Error = 4.60e-12 NNZ =     2916 SPT = 0.0182 Tsvd = 0.001 T = 0.040
 Site =    97 /   169 .. Mmpo =    55 DW = 2.95e-17 Error = 5.43e-09 NNZ =     2970 SPT = 0.0182 Tsvd = 0.001 T = 0.040
 Site =    98 /   169 .. Mmpo =    54 DW = 9.55e-17 Error = 9.77e-09 NNZ =     2915 SPT = 0.0185 Tsvd = 0.001 T = 0.040
 Site =    99 /   169 .. Mmpo =    54 DW = 8.83e-17 Error = 9.40e-09 NNZ =     2861 SPT = 0.0189 Tsvd = 0.001 T = 0.039
 Site =   100 /   169 .. Mmpo =    55 DW = 3.48e-23 Error = 5.93e-12 NNZ =     2916 SPT = 0.0182 Tsvd = 0.001 T = 0.039
 Site =   101 /   169 .. Mmpo =    55 DW = 2.73e-17 Error = 5.23e-09 NNZ =     2970 SPT = 0.0182 Tsvd = 0.003 T = 0.041
 Site =   102 /   169 .. Mmpo =    55 DW = 7.01e-18 Error = 2.65e-09 NNZ =     2971 SPT = 0.0179 Tsvd = 0.001 T = 0.038
 Site =   103 /   169 .. Mmpo =    54 DW = 3.95e-17 Error = 6.28e-09 NNZ =     2915 SPT = 0.0185 Tsvd = 0.001 T = 0.036
 Site =   104 /   169 .. Mmpo =    54 DW = 4.29e-18 Error = 2.07e-09 NNZ =     2863 SPT = 0.0182 Tsvd = 0.001 T = 0.036
 Site =   105 /   169 .. Mmpo =    53 DW = 8.82e-17 Error = 9.39e-09 NNZ =     2808 SPT = 0.0189 Tsvd = 0.001 T = 0.036
 Site =   106 /   169 .. Mmpo =    53 DW = 6.84e-17 Error = 8.27e-09 NNZ =     2757 SPT = 0.0185 Tsvd = 0.001 T = 0.035
 Site =   107 /   169 .. Mmpo =    52 DW = 5.53e-17 Error = 7.43e-09 NNZ =     2703 SPT = 0.0192 Tsvd = 0.001 T = 0.034
 Site =   108 /   169 .. Mmpo =    51 DW = 1.70e-16 Error = 1.30e-08 NNZ =     2601 SPT = 0.0192 Tsvd = 0.001 T = 0.036
 Site =   109 /   169 .. Mmpo =    51 DW = 7.53e-17 Error = 8.68e-09 NNZ =     2551 SPT = 0.0192 Tsvd = 0.001 T = 0.033
 Site =   110 /   169 .. Mmpo =    51 DW = 5.51e-17 Error = 7.42e-09 NNZ =     2551 SPT = 0.0192 Tsvd = 0.001 T = 0.032
 Site =   111 /   169 .. Mmpo =    51 DW = 4.20e-17 Error = 6.48e-09 NNZ =     2550 SPT = 0.0196 Tsvd = 0.001 T = 0.031
 Site =   112 /   169 .. Mmpo =    51 DW = 8.99e-17 Error = 9.48e-09 NNZ =     2551 SPT = 0.0192 Tsvd = 0.001 T = 0.031
 Site =   113 /   169 .. Mmpo =    51 DW = 1.53e-17 Error = 3.91e-09 NNZ =     2550 SPT = 0.0196 Tsvd = 0.001 T = 0.031
 Site =   114 /   169 .. Mmpo =    51 DW = 1.30e-17 Error = 3.61e-09 NNZ =     2551 SPT = 0.0192 Tsvd = 0.001 T = 0.030
 Site =   115 /   169 .. Mmpo =    50 DW = 5.27e-17 Error = 7.26e-09 NNZ =     2500 SPT = 0.0196 Tsvd = 0.001 T = 0.029
 Site =   116 /   169 .. Mmpo =    49 DW = 5.43e-18 Error = 2.33e-09 NNZ =     2400 SPT = 0.0204 Tsvd = 0.001 T = 0.028
 Site =   117 /   169 .. Mmpo =    49 DW = 1.19e-17 Error = 3.46e-09 NNZ =     2353 SPT = 0.0200 Tsvd = 0.001 T = 0.027
 Site =   118 /   169 .. Mmpo =    48 DW = 7.23e-17 Error = 8.50e-09 NNZ =     2302 SPT = 0.0213 Tsvd = 0.001 T = 0.027
 Site =   119 /   169 .. Mmpo =    48 DW = 1.04e-18 Error = 1.02e-09 NNZ =     2257 SPT = 0.0204 Tsvd = 0.001 T = 0.026
 Site =   120 /   169 .. Mmpo =    47 DW = 2.02e-17 Error = 4.50e-09 NNZ =     2208 SPT = 0.0213 Tsvd = 0.001 T = 0.025
 Site =   121 /   169 .. Mmpo =    46 DW = 7.43e-17 Error = 8.62e-09 NNZ =     2115 SPT = 0.0217 Tsvd = 0.001 T = 0.024
 Site =   122 /   169 .. Mmpo =    46 DW = 8.54e-18 Error = 2.92e-09 NNZ =     2070 SPT = 0.0217 Tsvd = 0.001 T = 0.023
 Site =   123 /   169 .. Mmpo =    45 DW = 5.49e-17 Error = 7.41e-09 NNZ =     2024 SPT = 0.0222 Tsvd = 0.001 T = 0.023
 Site =   124 /   169 .. Mmpo =    45 DW = 4.61e-18 Error = 2.15e-09 NNZ =     1980 SPT = 0.0222 Tsvd = 0.001 T = 0.022
 Site =   125 /   169 .. Mmpo =    45 DW = 4.96e-39 Error = 1.51e-13 NNZ =     1980 SPT = 0.0222 Tsvd = 0.001 T = 0.022
 Site =   126 /   169 .. Mmpo =    44 DW = 1.18e-36 Error = 1.46e-13 NNZ =     1934 SPT = 0.0232 Tsvd = 0.001 T = 0.021
 Site =   127 /   169 .. Mmpo =    43 DW = 6.73e-37 Error = 1.18e-13 NNZ =     1849 SPT = 0.0227 Tsvd = 0.001 T = 0.020
 Site =   128 /   169 .. Mmpo =    42 DW = 8.71e-37 Error = 1.22e-13 NNZ =     1763 SPT = 0.0238 Tsvd = 0.000 T = 0.019
 Site =   129 /   169 .. Mmpo =    41 DW = 5.20e-37 Error = 7.80e-13 NNZ =     1680 SPT = 0.0244 Tsvd = 0.000 T = 0.018
 Site =   130 /   169 .. Mmpo =    40 DW = 3.06e-39 Error = 1.07e-13 NNZ =     1600 SPT = 0.0244 Tsvd = 0.000 T = 0.018
 Site =   131 /   169 .. Mmpo =    39 DW = 9.92e-39 Error = 1.27e-13 NNZ =     1521 SPT = 0.0250 Tsvd = 0.000 T = 0.017
 Site =   132 /   169 .. Mmpo =    38 DW = 7.90e-37 Error = 1.20e-13 NNZ =     1444 SPT = 0.0256 Tsvd = 0.000 T = 0.016
 Site =   133 /   169 .. Mmpo =    37 DW = 1.03e-37 Error = 1.57e-13 NNZ =     1369 SPT = 0.0263 Tsvd = 0.000 T = 0.015
 Site =   134 /   169 .. Mmpo =    36 DW = 5.11e-37 Error = 1.38e-13 NNZ =     1296 SPT = 0.0270 Tsvd = 0.000 T = 0.014
 Site =   135 /   169 .. Mmpo =    35 DW = 1.12e-37 Error = 1.17e-13 NNZ =     1225 SPT = 0.0278 Tsvd = 0.000 T = 0.014
 Site =   136 /   169 .. Mmpo =    34 DW = 4.84e-36 Error = 9.08e-14 NNZ =     1156 SPT = 0.0286 Tsvd = 0.000 T = 0.013
 Site =   137 /   169 .. Mmpo =    33 DW = 5.15e-38 Error = 1.21e-13 NNZ =     1089 SPT = 0.0294 Tsvd = 0.000 T = 0.012
 Site =   138 /   169 .. Mmpo =    32 DW = 9.72e-37 Error = 1.27e-13 NNZ =     1024 SPT = 0.0303 Tsvd = 0.000 T = 0.011
 Site =   139 /   169 .. Mmpo =    31 DW = 1.77e-37 Error = 1.98e-13 NNZ =      961 SPT = 0.0312 Tsvd = 0.000 T = 0.011
 Site =   140 /   169 .. Mmpo =    30 DW = 1.16e-38 Error = 1.79e-13 NNZ =      900 SPT = 0.0323 Tsvd = 0.000 T = 0.010
 Site =   141 /   169 .. Mmpo =    29 DW = 4.01e-37 Error = 9.21e-14 NNZ =      841 SPT = 0.0333 Tsvd = 0.000 T = 0.009
 Site =   142 /   169 .. Mmpo =    28 DW = 1.88e-37 Error = 4.31e-13 NNZ =      784 SPT = 0.0345 Tsvd = 0.000 T = 0.009
 Site =   143 /   169 .. Mmpo =    27 DW = 5.62e-38 Error = 1.21e-13 NNZ =      729 SPT = 0.0357 Tsvd = 0.000 T = 0.008
 Site =   144 /   169 .. Mmpo =    26 DW = 5.01e-38 Error = 1.87e-13 NNZ =      676 SPT = 0.0370 Tsvd = 0.000 T = 0.008
 Site =   145 /   169 .. Mmpo =    25 DW = 1.12e-36 Error = 1.08e-13 NNZ =      625 SPT = 0.0385 Tsvd = 0.000 T = 0.007
 Site =   146 /   169 .. Mmpo =    24 DW = 3.94e-39 Error = 1.31e-13 NNZ =      576 SPT = 0.0400 Tsvd = 0.000 T = 0.007
 Site =   147 /   169 .. Mmpo =    23 DW = 2.96e-37 Error = 1.39e-13 NNZ =      529 SPT = 0.0417 Tsvd = 0.000 T = 0.006
 Site =   148 /   169 .. Mmpo =    22 DW = 1.68e-37 Error = 1.29e-13 NNZ =      484 SPT = 0.0435 Tsvd = 0.000 T = 0.006
 Site =   149 /   169 .. Mmpo =    21 DW = 9.36e-37 Error = 9.02e-14 NNZ =      441 SPT = 0.0455 Tsvd = 0.000 T = 0.005
 Site =   150 /   169 .. Mmpo =    20 DW = 1.12e-39 Error = 8.19e-14 NNZ =      400 SPT = 0.0476 Tsvd = 0.000 T = 0.005
 Site =   151 /   169 .. Mmpo =    19 DW = 3.44e-37 Error = 1.07e-13 NNZ =      361 SPT = 0.0500 Tsvd = 0.000 T = 0.004
 Site =   152 /   169 .. Mmpo =    18 DW = 3.56e-39 Error = 1.17e-13 NNZ =      324 SPT = 0.0526 Tsvd = 0.000 T = 0.004
 Site =   153 /   169 .. Mmpo =    17 DW = 3.16e-37 Error = 6.94e-14 NNZ =      289 SPT = 0.0556 Tsvd = 0.000 T = 0.004
 Site =   154 /   169 .. Mmpo =    16 DW = 9.38e-39 Error = 6.37e-14 NNZ =      256 SPT = 0.0588 Tsvd = 0.000 T = 0.003
 Site =   155 /   169 .. Mmpo =    15 DW = 3.29e-38 Error = 1.27e-13 NNZ =      225 SPT = 0.0625 Tsvd = 0.000 T = 0.003
 Site =   156 /   169 .. Mmpo =    14 DW = 3.98e-38 Error = 1.44e-13 NNZ =      196 SPT = 0.0667 Tsvd = 0.000 T = 0.002
 Site =   157 /   169 .. Mmpo =    13 DW = 2.52e-38 Error = 1.32e-13 NNZ =      169 SPT = 0.0714 Tsvd = 0.000 T = 0.002
 Site =   158 /   169 .. Mmpo =    12 DW = 5.55e-37 Error = 1.42e-13 NNZ =      144 SPT = 0.0769 Tsvd = 0.000 T = 0.002
 Site =   159 /   169 .. Mmpo =    11 DW = 1.65e-37 Error = 1.11e-13 NNZ =      121 SPT = 0.0833 Tsvd = 0.002 T = 0.004
 Site =   160 /   169 .. Mmpo =    10 DW = 1.15e-37 Error = 1.47e-13 NNZ =      100 SPT = 0.0909 Tsvd = 0.000 T = 0.001
 Site =   161 /   169 .. Mmpo =     9 DW = 4.97e-37 Error = 1.66e-13 NNZ =       81 SPT = 0.1000 Tsvd = 0.000 T = 0.001
 Site =   162 /   169 .. Mmpo =     8 DW = 9.97e-38 Error = 1.10e-13 NNZ =       64 SPT = 0.1111 Tsvd = 0.000 T = 0.001
 Site =   163 /   169 .. Mmpo =     7 DW = 5.22e-38 Error = 8.11e-14 NNZ =       49 SPT = 0.1250 Tsvd = 0.000 T = 0.001
 Site =   164 /   169 .. Mmpo =     6 DW = 4.23e-38 Error = 5.38e-14 NNZ =       36 SPT = 0.1429 Tsvd = 0.000 T = 0.001
 Site =   165 /   169 .. Mmpo =     5 DW = 2.64e-38 Error = 1.27e-13 NNZ =       25 SPT = 0.1667 Tsvd = 0.000 T = 0.000
 Site =   166 /   169 .. Mmpo =     4 DW = 1.51e-37 Error = 3.12e-14 NNZ =       16 SPT = 0.2000 Tsvd = 0.005 T = 0.006
 Site =   167 /   169 .. Mmpo =     3 DW = 0.00e+00 Error = 5.78e-14 NNZ =        9 SPT = 0.2500 Tsvd = 0.000 T = 0.000
 Site =   168 /   169 .. Mmpo =     1 DW = 0.00e+00 Error = 4.41e-14 NNZ =        3 SPT = 0.0000 Tsvd = 0.000 T = 0.000
Ttotal =      5.337 Tsvd-total = 0.256 MPO bond dimension =    56 MaxDW = 1.70e-16 Total error = 5.80e-08
NNZ =       282210 SIZE =       288451 SPT = 0.0216

Rank =     0 Ttotal =      5.377 MPO method = FastSVD bond dimension =      56 NNZ =       282210 SIZE =       288451 SPT = 0.0216
Environment initialization | Nsites =   169 | Center =     0
 INIT-R <-- Site =  167 ..  Bmem =   128 B Rmem =   128 B T = 0.03
 INIT-R <-- Site =  166 ..  Bmem =   640 B Rmem =   640 B T = 0.01
 INIT-R <-- Site =  165 ..  Bmem = 3.00 KB Rmem = 3.00 KB T = 0.01
 INIT-R <-- Site =  164 ..  Bmem = 14.0 KB Rmem = 14.0 KB T = 0.00
 INIT-R <-- Site =  163 ..  Bmem = 64.0 KB Rmem = 64.0 KB T = 0.01
 INIT-R <-- Site =  162 ..  Bmem =  288 KB Rmem =  288 KB T = 0.01
 INIT-R <-- Site =  161 ..  Bmem = 1.25 MB Rmem = 1.25 MB T = 0.01
 INIT-R <-- Site =  160 ..  Bmem = 5.50 MB Rmem = 5.50 MB T = 0.05
 INIT-R <-- Site =  159 ..  Bmem = 24.0 MB Rmem = 22.9 MB T = 0.20
 INIT-R <-- Site =  158 ..  Bmem = 99.2 MB Rmem = 24.8 MB T = 0.49
 INIT-R <-- Site =  157 ..  Bmem =  107 MB Rmem = 26.7 MB T = 0.47
 INIT-R <-- Site =  156 ..  Bmem =  114 MB Rmem = 28.6 MB T = 0.50
 INIT-R <-- Site =  155 ..  Bmem =  122 MB Rmem = 30.5 MB T = 0.55
 INIT-R <-- Site =  154 ..  Bmem =  130 MB Rmem = 32.4 MB T = 0.58
 INIT-R <-- Site =  153 ..  Bmem =  137 MB Rmem = 34.3 MB T = 0.63
 INIT-R <-- Site =  152 ..  Bmem =  145 MB Rmem = 36.2 MB T = 0.67
 INIT-R <-- Site =  151 ..  Bmem =  153 MB Rmem = 38.1 MB T = 0.74
 INIT-R <-- Site =  150 ..  Bmem =  160 MB Rmem = 40.1 MB T = 0.79
 INIT-R <-- Site =  149 ..  Bmem =  168 MB Rmem = 42.0 MB T = 0.82
 INIT-R <-- Site =  148 ..  Bmem =  175 MB Rmem = 43.9 MB T = 0.88
 INIT-R <-- Site =  147 ..  Bmem =  183 MB Rmem = 45.8 MB T = 0.94
 INIT-R <-- Site =  146 ..  Bmem =  191 MB Rmem = 47.7 MB T = 0.98
 INIT-R <-- Site =  145 ..  Bmem =  198 MB Rmem = 49.6 MB T = 1.03
 INIT-R <-- Site =  144 ..  Bmem =  206 MB Rmem = 51.5 MB T = 1.09
 INIT-R <-- Site =  143 ..  Bmem =  214 MB Rmem = 53.4 MB T = 1.14
 INIT-R <-- Site =  142 ..  Bmem =  221 MB Rmem = 55.3 MB T = 1.21
 INIT-R <-- Site =  141 ..  Bmem =  229 MB Rmem = 57.2 MB T = 1.26
 INIT-R <-- Site =  140 ..  Bmem =  237 MB Rmem = 59.1 MB T = 1.33
 INIT-R <-- Site =  139 ..  Bmem =  244 MB Rmem = 61.0 MB T = 1.42
 INIT-R <-- Site =  138 ..  Bmem =  252 MB Rmem = 62.9 MB T = 1.43
 INIT-R <-- Site =  137 ..  Bmem =  259 MB Rmem = 64.8 MB T = 1.47
 INIT-R <-- Site =  136 ..  Bmem =  267 MB Rmem = 66.8 MB T = 1.54
 INIT-R <-- Site =  135 ..  Bmem =  275 MB Rmem = 68.7 MB T = 1.59
 INIT-R <-- Site =  134 ..  Bmem =  282 MB Rmem = 70.6 MB T = 1.66
 INIT-R <-- Site =  133 ..  Bmem =  290 MB Rmem = 72.5 MB T = 1.74
 INIT-R <-- Site =  132 ..  Bmem =  298 MB Rmem = 74.4 MB T = 1.83
 INIT-R <-- Site =  131 ..  Bmem =  305 MB Rmem = 76.3 MB T = 1.86
 INIT-R <-- Site =  130 ..  Bmem =  313 MB Rmem = 78.2 MB T = 1.94
 INIT-R <-- Site =  129 ..  Bmem =  320 MB Rmem = 80.1 MB T = 1.99
 INIT-R <-- Site =  128 ..  Bmem =  328 MB Rmem = 82.0 MB T = 2.07
 INIT-R <-- Site =  127 ..  Bmem =  336 MB Rmem = 83.9 MB T = 2.13
 INIT-R <-- Site =  126 ..  Bmem =  343 MB Rmem = 85.8 MB T = 2.23
 INIT-R <-- Site =  125 ..  Bmem =  351 MB Rmem = 87.7 MB T = 2.31
 INIT-R <-- Site =  124 ..  Bmem =  351 MB Rmem = 87.7 MB T = 2.27
 INIT-R <-- Site =  123 ..  Bmem =  351 MB Rmem = 87.7 MB T = 2.27
 INIT-R <-- Site =  122 ..  Bmem =  359 MB Rmem = 89.6 MB T = 2.35
 INIT-R <-- Site =  121 ..  Bmem =  359 MB Rmem = 89.6 MB T = 2.36
 INIT-R <-- Site =  120 ..  Bmem =  366 MB Rmem = 91.6 MB T = 2.40
 INIT-R <-- Site =  119 ..  Bmem =  374 MB Rmem = 93.5 MB T = 2.48
 INIT-R <-- Site =  118 ..  Bmem =  374 MB Rmem = 93.5 MB T = 2.56
 INIT-R <-- Site =  117 ..  Bmem =  381 MB Rmem = 95.4 MB T = 2.56
 INIT-R <-- Site =  116 ..  Bmem =  381 MB Rmem = 95.4 MB T = 2.63
 INIT-R <-- Site =  115 ..  Bmem =  389 MB Rmem = 97.3 MB T = 2.64
 INIT-R <-- Site =  114 ..  Bmem =  397 MB Rmem = 99.2 MB T = 2.72
 INIT-R <-- Site =  113 ..  Bmem =  397 MB Rmem = 99.2 MB T = 2.77
 INIT-R <-- Site =  112 ..  Bmem =  397 MB Rmem = 99.2 MB T = 2.74
 INIT-R <-- Site =  111 ..  Bmem =  397 MB Rmem = 99.2 MB T = 2.73
 INIT-R <-- Site =  110 ..  Bmem =  397 MB Rmem = 99.2 MB T = 2.72
 INIT-R <-- Site =  109 ..  Bmem =  397 MB Rmem = 99.2 MB T = 2.74
 INIT-R <-- Site =  108 ..  Bmem =  397 MB Rmem = 99.2 MB T = 2.76
 INIT-R <-- Site =  107 ..  Bmem =  404 MB Rmem =  101 MB T = 2.80
 INIT-R <-- Site =  106 ..  Bmem =  412 MB Rmem =  103 MB T = 2.89
 INIT-R <-- Site =  105 ..  Bmem =  412 MB Rmem =  103 MB T = 2.91
 INIT-R <-- Site =  104 ..  Bmem =  420 MB Rmem =  105 MB T = 2.94
 INIT-R <-- Site =  103 ..  Bmem =  420 MB Rmem =  105 MB T = 3.05
 INIT-R <-- Site =  102 ..  Bmem =  427 MB Rmem =  107 MB T = 3.06
 INIT-R <-- Site =  101 ..  Bmem =  427 MB Rmem =  107 MB T = 3.11
 INIT-R <-- Site =  100 ..  Bmem =  427 MB Rmem =  107 MB T = 3.07
 INIT-R <-- Site =   99 ..  Bmem =  420 MB Rmem =  105 MB T = 3.03
 INIT-R <-- Site =   98 ..  Bmem =  420 MB Rmem =  105 MB T = 3.00
 INIT-R <-- Site =   97 ..  Bmem =  427 MB Rmem =  107 MB T = 3.02
 INIT-R <-- Site =   96 ..  Bmem =  427 MB Rmem =  107 MB T = 3.06
 INIT-R <-- Site =   95 ..  Bmem =  420 MB Rmem =  105 MB T = 3.01
 INIT-R <-- Site =   94 ..  Bmem =  427 MB Rmem =  107 MB T = 3.03
 INIT-R <-- Site =   93 ..  Bmem =  427 MB Rmem =  107 MB T = 3.06
 INIT-R <-- Site =   92 ..  Bmem =  435 MB Rmem =  109 MB T = 3.13
 INIT-R <-- Site =   91 ..  Bmem =  435 MB Rmem =  109 MB T = 3.14
 INIT-R <-- Site =   90 ..  Bmem =  427 MB Rmem =  107 MB T = 3.09
 INIT-R <-- Site =   89 ..  Bmem =  435 MB Rmem =  109 MB T = 3.11
 INIT-R <-- Site =   88 ..  Bmem =  435 MB Rmem =  109 MB T = 3.16
 INIT-R <-- Site =   87 ..  Bmem =  427 MB Rmem =  107 MB T = 3.08
 INIT-R <-- Site =   86 ..  Bmem =  427 MB Rmem =  107 MB T = 3.04
 INIT-R <-- Site =   85 ..  Bmem =  427 MB Rmem =  107 MB T = 3.09
 INIT-R <-- Site =   84 ..  Bmem =  427 MB Rmem =  107 MB T = 3.06
 INIT-R <-- Site =   83 ..  Bmem =  427 MB Rmem =  107 MB T = 3.07
 INIT-R <-- Site =   82 ..  Bmem =  420 MB Rmem =  105 MB T = 3.01
 INIT-R <-- Site =   81 ..  Bmem =  427 MB Rmem =  107 MB T = 3.03
 INIT-R <-- Site =   80 ..  Bmem =  427 MB Rmem =  107 MB T = 3.07
 INIT-R <-- Site =   79 ..  Bmem =  435 MB Rmem =  109 MB T = 3.17
 INIT-R <-- Site =   78 ..  Bmem =  435 MB Rmem =  109 MB T = 3.21
 INIT-R <-- Site =   77 ..  Bmem =  427 MB Rmem =  107 MB T = 3.10
 INIT-R <-- Site =   76 ..  Bmem =  435 MB Rmem =  109 MB T = 3.15
 INIT-R <-- Site =   75 ..  Bmem =  435 MB Rmem =  109 MB T = 3.16
 INIT-R <-- Site =   74 ..  Bmem =  427 MB Rmem =  107 MB T = 3.08
 INIT-R <-- Site =   73 ..  Bmem =  427 MB Rmem =  107 MB T = 3.09
 INIT-R <-- Site =   72 ..  Bmem =  427 MB Rmem =  107 MB T = 3.05
 INIT-R <-- Site =   71 ..  Bmem =  427 MB Rmem =  107 MB T = 3.07
 INIT-R <-- Site =   70 ..  Bmem =  427 MB Rmem =  107 MB T = 3.06
 INIT-R <-- Site =   69 ..  Bmem =  420 MB Rmem =  105 MB T = 3.01
 INIT-R <-- Site =   68 ..  Bmem =  427 MB Rmem =  107 MB T = 3.03
 INIT-R <-- Site =   67 ..  Bmem =  427 MB Rmem =  107 MB T = 3.07
 INIT-R <-- Site =   66 ..  Bmem =  427 MB Rmem =  107 MB T = 3.15
 INIT-R <-- Site =   65 ..  Bmem =  427 MB Rmem =  107 MB T = 3.07
 INIT-R <-- Site =   64 ..  Bmem =  420 MB Rmem =  105 MB T = 3.01
 INIT-R <-- Site =   63 ..  Bmem =  420 MB Rmem =  105 MB T = 3.03
 INIT-R <-- Site =   62 ..  Bmem =  412 MB Rmem =  103 MB T = 2.91
 INIT-R <-- Site =   61 ..  Bmem =  420 MB Rmem =  105 MB T = 2.94
 INIT-R <-- Site =   60 ..  Bmem =  412 MB Rmem =  103 MB T = 2.93
 INIT-R <-- Site =   59 ..  Bmem =  412 MB Rmem =  103 MB T = 2.91
 INIT-R <-- Site =   58 ..  Bmem =  404 MB Rmem =  101 MB T = 2.92
 INIT-R <-- Site =   57 ..  Bmem =  404 MB Rmem =  101 MB T = 2.84
 INIT-R <-- Site =   56 ..  Bmem =  397 MB Rmem = 99.2 MB T = 2.76
 INIT-R <-- Site =   55 ..  Bmem =  404 MB Rmem =  101 MB T = 2.81
 INIT-R <-- Site =   54 ..  Bmem =  397 MB Rmem = 99.2 MB T = 2.75
 INIT-R <-- Site =   53 ..  Bmem =  397 MB Rmem = 99.2 MB T = 2.73
 INIT-R <-- Site =   52 ..  Bmem =  389 MB Rmem = 97.3 MB T = 2.71
 INIT-R <-- Site =   51 ..  Bmem =  381 MB Rmem = 95.4 MB T = 2.62
 INIT-R <-- Site =   50 ..  Bmem =  381 MB Rmem = 95.4 MB T = 2.60
 INIT-R <-- Site =   49 ..  Bmem =  381 MB Rmem = 95.4 MB T = 2.60
 INIT-R <-- Site =   48 ..  Bmem =  374 MB Rmem = 93.5 MB T = 2.54
 INIT-R <-- Site =   47 ..  Bmem =  366 MB Rmem = 91.6 MB T = 2.45
 INIT-R <-- Site =   46 ..  Bmem =  366 MB Rmem = 91.6 MB T = 2.41
 INIT-R <-- Site =   45 ..  Bmem =  359 MB Rmem = 89.6 MB T = 2.40
 INIT-R <-- Site =   44 ..  Bmem =  351 MB Rmem = 87.7 MB T = 2.30
 INIT-R <-- Site =   43 ..  Bmem =  351 MB Rmem = 87.7 MB T = 2.27
 INIT-R <-- Site =   42 ..  Bmem =  351 MB Rmem = 87.7 MB T = 2.32
 INIT-R <-- Site =   41 ..  Bmem =  343 MB Rmem = 85.8 MB T = 2.24
 INIT-R <-- Site =   40 ..  Bmem =  336 MB Rmem = 83.9 MB T = 2.18
 INIT-R <-- Site =   39 ..  Bmem =  328 MB Rmem = 82.0 MB T = 2.14
 INIT-R <-- Site =   38 ..  Bmem =  320 MB Rmem = 80.1 MB T = 2.04
 INIT-R <-- Site =   37 ..  Bmem =  313 MB Rmem = 78.2 MB T = 1.98
 INIT-R <-- Site =   36 ..  Bmem =  305 MB Rmem = 76.3 MB T = 1.91
 INIT-R <-- Site =   35 ..  Bmem =  298 MB Rmem = 74.4 MB T = 1.84
 INIT-R <-- Site =   34 ..  Bmem =  290 MB Rmem = 72.5 MB T = 1.80
 INIT-R <-- Site =   33 ..  Bmem =  282 MB Rmem = 70.6 MB T = 1.72
 INIT-R <-- Site =   32 ..  Bmem =  275 MB Rmem = 68.7 MB T = 1.65
 INIT-R <-- Site =   31 ..  Bmem =  267 MB Rmem = 66.8 MB T = 1.58
 INIT-R <-- Site =   30 ..  Bmem =  259 MB Rmem = 64.8 MB T = 1.54
 INIT-R <-- Site =   29 ..  Bmem =  252 MB Rmem = 62.9 MB T = 1.47
 INIT-R <-- Site =   28 ..  Bmem =  244 MB Rmem = 61.0 MB T = 1.43
 INIT-R <-- Site =   27 ..  Bmem =  237 MB Rmem = 59.1 MB T = 1.37
 INIT-R <-- Site =   26 ..  Bmem =  229 MB Rmem = 57.2 MB T = 1.29
 INIT-R <-- Site =   25 ..  Bmem =  221 MB Rmem = 55.3 MB T = 1.23
 INIT-R <-- Site =   24 ..  Bmem =  214 MB Rmem = 53.4 MB T = 1.17
 INIT-R <-- Site =   23 ..  Bmem =  206 MB Rmem = 51.5 MB T = 1.12
 INIT-R <-- Site =   22 ..  Bmem =  198 MB Rmem = 49.6 MB T = 1.17
 INIT-R <-- Site =   21 ..  Bmem =  191 MB Rmem = 47.7 MB T = 1.02
 INIT-R <-- Site =   20 ..  Bmem =  183 MB Rmem = 45.8 MB T = 1.00
 INIT-R <-- Site =   19 ..  Bmem =  175 MB Rmem = 43.9 MB T = 0.91
 INIT-R <-- Site =   18 ..  Bmem =  168 MB Rmem = 42.0 MB T = 0.86
 INIT-R <-- Site =   17 ..  Bmem =  160 MB Rmem = 40.1 MB T = 0.84
 INIT-R <-- Site =   16 ..  Bmem =  153 MB Rmem = 38.1 MB T = 0.78
 INIT-R <-- Site =   15 ..  Bmem =  145 MB Rmem = 36.2 MB T = 0.71
 INIT-R <-- Site =   14 ..  Bmem =  137 MB Rmem = 34.3 MB T = 0.68
 INIT-R <-- Site =   13 ..  Bmem =  130 MB Rmem = 32.4 MB T = 0.61
 INIT-R <-- Site =   12 ..  Bmem =  122 MB Rmem = 30.5 MB T = 0.58
 INIT-R <-- Site =   11 ..  Bmem =  114 MB Rmem = 28.6 MB T = 0.54
 INIT-R <-- Site =   10 ..  Bmem =  107 MB Rmem = 26.7 MB T = 0.48
 INIT-R <-- Site =    9 ..  Bmem = 99.2 MB Rmem = 24.8 MB T = 0.45
 INIT-R <-- Site =    8 ..  Bmem = 91.6 MB Rmem = 22.9 MB T = 0.41
 INIT-R <-- Site =    7 ..  Bmem = 83.9 MB Rmem = 5.50 MB T = 0.19
 INIT-R <-- Site =    6 ..  Bmem = 20.0 MB Rmem = 1.25 MB T = 0.04
 INIT-R <-- Site =    5 ..  Bmem = 4.50 MB Rmem =  288 KB T = 0.01
 INIT-R <-- Site =    4 ..  Bmem = 1.00 MB Rmem = 64.0 KB T = 0.01
 INIT-R <-- Site =    3 ..  Bmem =  224 KB Rmem = 14.0 KB T = 0.01
 INIT-R <-- Site =    2 ..  Bmem = 48.0 KB Rmem = 3.00 KB T = 0.01
 INIT-R <-- Site =    1 ..  Bmem = 10.0 KB Rmem =   640 B T = 0.01
 INIT-R <-- Site =    0 ..  Bmem = 2.00 KB Rmem =   128 B T = 0.01
Time init sweep =      323.745 | MaxBmem =  435 MB | MaxRmem =  109 MB
 | Tread = 0.000 | Twrite = 28.452 | Tfpread = 0.000 | Tfpwrite = 18.912 | data = 11.9 GB | cpsd = 7.84 GB | Tasync = 0.000


Sweep =    0 | Direction =  forward | Bond dimension =   15 | Noise =  1.00e-04 | Dav threshold =  1.00e-10
 --> Site =    0 .. Mmps =    2 Ndav =   4 E =   -185.1840004050 Error = 0.00e+00 FLOPS = 1.99e+04 Tdav = 0.01 T = 0.06
 --> Site =    1 .. Mmps =    4 Ndav =  10 E =   -185.2213697027 Error = 0.00e+00 FLOPS = 2.15e+07 Tdav = 0.00 T = 0.06
 --> Site =    2 .. Mmps =    8 Ndav =  14 E =   -185.3136360044 Error = 0.00e+00 FLOPS = 1.45e+08 Tdav = 0.00 T = 0.03
 --> Site =    3 .. Mmps =   15 Ndav =  18 E =   -185.3578071093 Error = 2.46e-15 FLOPS = 8.54e+08 Tdav = 0.00 T = 0.03
 --> Site =    4 .. Mmps =   15 Ndav =  17 E =   -185.4418492761 Error = 2.86e-10 FLOPS = 3.43e+09 Tdav = 0.00 T = 0.03
 --> Site =    5 .. Mmps =   15 Ndav =  20 E =   -185.4732617236 Error = 3.33e-09 FLOPS = 5.25e+09 Tdav = 0.01 T = 0.04
 --> Site =    6 .. Mmps =   15 Ndav =  18 E =   -185.5538161815 Error = 2.12e-08 FLOPS = 8.03e+09 Tdav = 0.01 T = 0.06
 --> Site =    7 .. Mmps =   15 Ndav =  20 E =   -185.5917606589 Error = 8.49e-08 FLOPS = 1.04e+10 Tdav = 0.04 T = 0.09
 --> Site =    8 .. Mmps =   15 Ndav =  20 E =   -185.6794143840 Error = 2.38e-07 FLOPS = 1.15e+10 Tdav = 0.15 T = 0.30
 --> Site =    9 .. Mmps =   15 Ndav =  20 E =   -185.7099609957 Error = 2.74e-07 FLOPS = 1.19e+10 Tdav = 0.16 T = 0.31
 --> Site =   10 .. Mmps =   15 Ndav =  20 E =   -185.7715586496 Error = 5.84e-07 FLOPS = 1.31e+10 Tdav = 0.16 T = 0.37
 --> Site =   11 .. Mmps =   15 Ndav =  20 E =   -185.7969856791 Error = 5.37e-07 FLOPS = 1.33e+10 Tdav = 0.17 T = 0.34
 --> Site =   12 .. Mmps =   15 Ndav =  18 E =   -185.8131017407 Error = 6.26e-07 FLOPS = 1.45e+10 Tdav = 0.15 T = 0.37
 --> Site =   13 .. Mmps =   15 Ndav =  19 E =   -185.8578790467 Error = 8.47e-08 FLOPS = 1.31e+10 Tdav = 0.18 T = 0.37
 --> Site =   14 .. Mmps =   15 Ndav =  21 E =   -185.9290530281 Error = 9.56e-07 FLOPS = 1.27e+10 Tdav = 0.22 T = 0.43
 --> Site =   15 .. Mmps =   15 Ndav =  21 E =   -185.9638808448 Error = 9.92e-08 FLOPS = 1.36e+10 Tdav = 0.22 T = 0.44
 --> Site =   16 .. Mmps =   15 Ndav =  21 E =   -186.0280695983 Error = 1.00e-06 FLOPS = 1.38e+10 Tdav = 0.23 T = 0.44
 --> Site =   17 .. Mmps =   15 Ndav =  22 E =   -186.0624204006 Error = 1.30e-07 FLOPS = 1.30e+10 Tdav = 0.27 T = 0.53
 --> Site =   18 .. Mmps =   15 Ndav =  21 E =   -186.1288568198 Error = 1.22e-06 FLOPS = 1.36e+10 Tdav = 0.26 T = 0.51
 --> Site =   19 .. Mmps =   15 Ndav =  22 E =   -186.1610341108 Error = 1.32e-07 FLOPS = 1.39e+10 Tdav = 0.28 T = 0.54
 --> Site =   20 .. Mmps =   15 Ndav =  21 E =   -186.2136480136 Error = 1.48e-06 FLOPS = 1.46e+10 Tdav = 0.26 T = 0.52
 --> Site =   21 .. Mmps =   15 Ndav =  22 E =   -186.2515358021 Error = 1.22e-07 FLOPS = 1.36e+10 Tdav = 0.31 T = 0.60
 --> Site =   22 .. Mmps =   15 Ndav =  21 E =   -186.3044034140 Error = 1.48e-06 FLOPS = 1.45e+10 Tdav = 0.29 T = 0.57
 --> Site =   23 .. Mmps =   15 Ndav =  23 E =   -186.3286701633 Error = 1.06e-07 FLOPS = 1.41e+10 Tdav = 0.34 T = 0.67
 --> Site =   24 .. Mmps =   15 Ndav =  21 E =   -186.3633440155 Error = 1.29e-06 FLOPS = 1.42e+10 Tdav = 0.32 T = 0.61
 --> Site =   25 .. Mmps =   15 Ndav =  18 E =   -186.3690466534 Error = 5.14e-08 FLOPS = 1.52e+10 Tdav = 0.26 T = 0.57
 --> Site =   26 .. Mmps =   15 Ndav =  19 E =   -186.3801894027 Error = 1.04e-06 FLOPS = 1.53e+10 Tdav = 0.29 T = 0.60
 --> Site =   27 .. Mmps =   15 Ndav =  19 E =   -186.4023119082 Error = 4.50e-07 FLOPS = 1.50e+10 Tdav = 0.30 T = 0.62
 --> Site =   28 .. Mmps =   15 Ndav =  20 E =   -186.4267936036 Error = 1.68e-06 FLOPS = 1.49e+10 Tdav = 0.33 T = 0.70
 --> Site =   29 .. Mmps =   15 Ndav =  20 E =   -186.4509553896 Error = 6.39e-07 FLOPS = 1.52e+10 Tdav = 0.33 T = 0.66
 --> Site =   30 .. Mmps =   15 Ndav =  21 E =   -186.4883045345 Error = 1.38e-06 FLOPS = 1.48e+10 Tdav = 0.37 T = 0.71
 --> Site =   31 .. Mmps =   15 Ndav =  20 E =   -186.5021402768 Error = 6.25e-07 FLOPS = 1.52e+10 Tdav = 0.36 T = 0.75
 --> Site =   32 .. Mmps =   15 Ndav =  22 E =   -186.5307751154 Error = 1.47e-06 FLOPS = 1.50e+10 Tdav = 0.41 T = 0.82
 --> Site =   33 .. Mmps =   15 Ndav =  20 E =   -186.5431623977 Error = 5.90e-07 FLOPS = 1.52e+10 Tdav = 0.38 T = 0.74
 --> Site =   34 .. Mmps =   15 Ndav =  21 E =   -186.5669438129 Error = 1.43e-06 FLOPS = 1.53e+10 Tdav = 0.40 T = 0.88
 --> Site =   35 .. Mmps =   15 Ndav =  21 E =   -186.5833999403 Error = 4.79e-07 FLOPS = 1.54e+10 Tdav = 0.41 T = 0.80
 --> Site =   36 .. Mmps =   15 Ndav =  20 E =   -186.6087706827 Error = 1.28e-06 FLOPS = 1.54e+10 Tdav = 0.40 T = 0.79
 --> Site =   37 .. Mmps =   15 Ndav =  20 E =   -186.6177623799 Error = 6.88e-07 FLOPS = 1.56e+10 Tdav = 0.41 T = 0.78
 --> Site =   38 .. Mmps =   15 Ndav =  19 E =   -186.6366074671 Error = 4.48e-07 FLOPS = 1.59e+10 Tdav = 0.39 T = 0.78
 --> Site =   39 .. Mmps =   15 Ndav =  19 E =   -186.6631779650 Error = 1.44e-07 FLOPS = 1.58e+10 Tdav = 0.40 T = 0.84
 --> Site =   40 .. Mmps =   15 Ndav =  21 E =   -186.7123387635 Error = 8.87e-07 FLOPS = 1.56e+10 Tdav = 0.46 T = 0.86
 --> Site =   41 .. Mmps =   15 Ndav =  22 E =   -186.7614932631 Error = 2.04e-07 FLOPS = 1.53e+10 Tdav = 0.50 T = 0.96
 --> Site =   42 .. Mmps =   15 Ndav =  21 E =   -186.8159754558 Error = 1.38e-06 FLOPS = 1.57e+10 Tdav = 0.48 T = 0.90
 --> Site =   43 .. Mmps =   15 Ndav =  22 E =   -186.8491342689 Error = 2.59e-07 FLOPS = 1.56e+10 Tdav = 0.51 T = 0.96
 --> Site =   44 .. Mmps =   15 Ndav =  21 E =   -186.8990219510 Error = 1.51e-06 FLOPS = 1.56e+10 Tdav = 0.48 T = 0.93
 --> Site =   45 .. Mmps =   15 Ndav =  23 E =   -186.9365333221 Error = 2.33e-07 FLOPS = 1.55e+10 Tdav = 0.54 T = 1.01
 --> Site =   46 .. Mmps =   15 Ndav =  21 E =   -186.9901844015 Error = 1.58e-06 FLOPS = 1.57e+10 Tdav = 0.50 T = 0.94
 --> Site =   47 .. Mmps =   15 Ndav =  22 E =   -187.0203089809 Error = 2.24e-07 FLOPS = 1.57e+10 Tdav = 0.52 T = 0.97
 --> Site =   48 .. Mmps =   15 Ndav =  21 E =   -187.0570999718 Error = 1.49e-06 FLOPS = 1.59e+10 Tdav = 0.50 T = 0.94
 --> Site =   49 .. Mmps =   15 Ndav =  23 E =   -187.0819549500 Error = 1.69e-07 FLOPS = 1.55e+10 Tdav = 0.58 T = 1.03
 --> Site =   50 .. Mmps =   15 Ndav =  21 E =   -187.1153927831 Error = 1.17e-06 FLOPS = 1.60e+10 Tdav = 0.51 T = 0.98
 --> Site =   51 .. Mmps =   15 Ndav =  18 E =   -187.1210792326 Error = 5.48e-08 FLOPS = 1.63e+10 Tdav = 0.43 T = 0.88
 --> Site =   52 .. Mmps =   15 Ndav =  18 E =   -187.1287289162 Error = 9.42e-07 FLOPS = 1.64e+10 Tdav = 0.44 T = 0.90
 --> Site =   53 .. Mmps =   15 Ndav =  18 E =   -187.1335749597 Error = 4.43e-07 FLOPS = 1.65e+10 Tdav = 0.44 T = 0.92
 --> Site =   54 .. Mmps =   15 Ndav =  19 E =   -187.1449435059 Error = 1.57e-06 FLOPS = 1.62e+10 Tdav = 0.48 T = 0.96
 --> Site =   55 .. Mmps =   15 Ndav =  19 E =   -187.1524670124 Error = 5.69e-07 FLOPS = 1.63e+10 Tdav = 0.48 T = 0.96
 --> Site =   56 .. Mmps =   15 Ndav =  20 E =   -187.1683518769 Error = 1.35e-06 FLOPS = 1.61e+10 Tdav = 0.50 T = 1.00
 --> Site =   57 .. Mmps =   15 Ndav =  20 E =   -187.1787607043 Error = 5.95e-07 FLOPS = 1.61e+10 Tdav = 0.51 T = 1.02
 --> Site =   58 .. Mmps =   15 Ndav =  20 E =   -187.2015611960 Error = 1.41e-06 FLOPS = 1.62e+10 Tdav = 0.51 T = 0.98
 --> Site =   59 .. Mmps =   15 Ndav =  20 E =   -187.2115042961 Error = 6.04e-07 FLOPS = 1.60e+10 Tdav = 0.53 T = 1.02
 --> Site =   60 .. Mmps =   15 Ndav =  20 E =   -187.2337704479 Error = 1.48e-06 FLOPS = 1.62e+10 Tdav = 0.52 T = 1.02
 --> Site =   61 .. Mmps =   15 Ndav =  20 E =   -187.2451222478 Error = 5.01e-07 FLOPS = 1.62e+10 Tdav = 0.53 T = 1.02
 --> Site =   62 .. Mmps =   15 Ndav =  20 E =   -187.2727417313 Error = 1.22e-06 FLOPS = 1.60e+10 Tdav = 0.53 T = 1.01
 --> Site =   63 .. Mmps =   15 Ndav =  19 E =   -187.2804726963 Error = 6.49e-07 FLOPS = 1.64e+10 Tdav = 0.50 T = 0.97
 --> Site =   64 .. Mmps =   15 Ndav =  18 E =   -187.2893833300 Error = 4.08e-07 FLOPS = 1.64e+10 Tdav = 0.47 T = 0.94
 --> Site =   65 .. Mmps =   15 Ndav =  20 E =   -187.3043962927 Error = 1.09e-07 FLOPS = 1.63e+10 Tdav = 0.54 T = 1.05
 --> Site =   66 .. Mmps =   15 Ndav =  20 E =   -187.3583657936 Error = 8.42e-07 FLOPS = 1.63e+10 Tdav = 0.54 T = 1.06
 --> Site =   67 .. Mmps =   15 Ndav =  22 E =   -187.3912741269 Error = 1.60e-07 FLOPS = 1.59e+10 Tdav = 0.61 T = 1.09
 --> Site =   68 .. Mmps =   15 Ndav =  21 E =   -187.4351258315 Error = 1.25e-06 FLOPS = 1.62e+10 Tdav = 0.57 T = 1.06
 --> Site =   69 .. Mmps =   15 Ndav =  23 E =   -187.4650735070 Error = 1.62e-07 FLOPS = 1.57e+10 Tdav = 0.63 T = 1.11
 --> Site =   70 .. Mmps =   15 Ndav =  21 E =   -187.5160002705 Error = 1.27e-06 FLOPS = 1.60e+10 Tdav = 0.57 T = 1.21
 --> Site =   71 .. Mmps =   15 Ndav =  23 E =   -187.5341671584 Error = 2.50e-07 FLOPS = 1.58e+10 Tdav = 0.64 T = 1.36
 --> Site =   72 .. Mmps =   15 Ndav =  21 E =   -187.5801717791 Error = 1.48e-06 FLOPS = 1.60e+10 Tdav = 0.57 T = 1.10
 --> Site =   73 .. Mmps =   15 Ndav =  23 E =   -187.6084681461 Error = 2.31e-07 FLOPS = 1.58e+10 Tdav = 0.64 T = 1.18
 --> Site =   74 .. Mmps =   15 Ndav =  21 E =   -187.6491841585 Error = 1.48e-06 FLOPS = 1.60e+10 Tdav = 0.57 T = 1.13
 --> Site =   75 .. Mmps =   15 Ndav =  22 E =   -187.6638850066 Error = 1.80e-07 FLOPS = 1.60e+10 Tdav = 0.61 T = 1.16
 --> Site =   76 .. Mmps =   15 Ndav =  21 E =   -187.6936850925 Error = 1.23e-06 FLOPS = 1.61e+10 Tdav = 0.58 T = 1.07
 --> Site =   77 .. Mmps =   15 Ndav =  18 E =   -187.6990206114 Error = 5.54e-08 FLOPS = 1.64e+10 Tdav = 0.48 T = 0.97
 --> Site =   78 .. Mmps =   15 Ndav =  18 E =   -187.7038763060 Error = 1.01e-06 FLOPS = 1.66e+10 Tdav = 0.48 T = 1.03
 --> Site =   79 .. Mmps =   15 Ndav =  18 E =   -187.7082838614 Error = 4.73e-07 FLOPS = 1.64e+10 Tdav = 0.49 T = 1.17
 --> Site =   80 .. Mmps =   15 Ndav =  19 E =   -187.7222198060 Error = 1.73e-06 FLOPS = 1.64e+10 Tdav = 0.51 T = 1.21
 --> Site =   81 .. Mmps =   15 Ndav =  19 E =   -187.7285083136 Error = 6.13e-07 FLOPS = 1.64e+10 Tdav = 0.51 T = 1.01
 --> Site =   82 .. Mmps =   15 Ndav =  20 E =   -187.7439204188 Error = 1.41e-06 FLOPS = 1.60e+10 Tdav = 0.54 T = 1.06
 --> Site =   83 .. Mmps =   15 Ndav =  21 E =   -187.7544969065 Error = 6.07e-07 FLOPS = 1.61e+10 Tdav = 0.57 T = 1.16
 --> Site =   84 .. Mmps =   15 Ndav =  21 E =   -187.7742447699 Error = 1.44e-06 FLOPS = 1.60e+10 Tdav = 0.57 T = 1.10
 --> Site =   85 .. Mmps =   15 Ndav =  20 E =   -187.7835620604 Error = 6.10e-07 FLOPS = 1.61e+10 Tdav = 0.54 T = 1.03
 --> Site =   86 .. Mmps =   15 Ndav =  20 E =   -187.8104987635 Error = 1.53e-06 FLOPS = 1.63e+10 Tdav = 0.54 T = 1.02
 --> Site =   87 .. Mmps =   15 Ndav =  20 E =   -187.8228620863 Error = 5.17e-07 FLOPS = 1.61e+10 Tdav = 0.54 T = 1.04
 --> Site =   88 .. Mmps =   15 Ndav =  20 E =   -187.8501027929 Error = 1.29e-06 FLOPS = 1.63e+10 Tdav = 0.55 T = 1.06
 --> Site =   89 .. Mmps =   15 Ndav =  18 E =   -187.8577489619 Error = 6.78e-07 FLOPS = 1.66e+10 Tdav = 0.48 T = 1.08
 --> Site =   90 .. Mmps =   15 Ndav =  18 E =   -187.8660526677 Error = 4.45e-07 FLOPS = 1.64e+10 Tdav = 0.48 T = 0.98
 --> Site =   91 .. Mmps =   15 Ndav =  20 E =   -187.8783176584 Error = 1.16e-07 FLOPS = 1.63e+10 Tdav = 0.55 T = 1.04
 --> Site =   92 .. Mmps =   15 Ndav =  20 E =   -187.9258552956 Error = 8.85e-07 FLOPS = 1.62e+10 Tdav = 0.55 T = 1.05
 --> Site =   93 .. Mmps =   15 Ndav =  23 E =   -187.9531603062 Error = 1.84e-07 FLOPS = 1.57e+10 Tdav = 0.64 T = 1.19
 --> Site =   94 .. Mmps =   15 Ndav =  21 E =   -187.9931261796 Error = 1.36e-06 FLOPS = 1.62e+10 Tdav = 0.57 T = 1.16
 --> Site =   95 .. Mmps =   15 Ndav =  22 E =   -188.0104502617 Error = 2.00e-07 FLOPS = 1.58e+10 Tdav = 0.60 T = 1.12
 --> Site =   96 .. Mmps =   15 Ndav =  21 E =   -188.0530427647 Error = 1.39e-06 FLOPS = 1.61e+10 Tdav = 0.57 T = 1.11
 --> Site =   97 .. Mmps =   15 Ndav =  22 E =   -188.0773678877 Error = 2.98e-07 FLOPS = 1.60e+10 Tdav = 0.60 T = 1.08
 --> Site =   98 .. Mmps =   15 Ndav =  21 E =   -188.1211355797 Error = 1.56e-06 FLOPS = 1.59e+10 Tdav = 0.57 T = 1.05
 --> Site =   99 .. Mmps =   15 Ndav =  22 E =   -188.1479721631 Error = 2.66e-07 FLOPS = 1.59e+10 Tdav = 0.59 T = 1.07
 --> Site =  100 .. Mmps =   15 Ndav =  22 E =   -188.1875064867 Error = 1.60e-06 FLOPS = 1.60e+10 Tdav = 0.60 T = 1.10
 --> Site =  101 .. Mmps =   15 Ndav =  21 E =   -188.2061336952 Error = 2.03e-07 FLOPS = 1.60e+10 Tdav = 0.57 T = 1.09
 --> Site =  102 .. Mmps =   15 Ndav =  22 E =   -188.2342809638 Error = 1.33e-06 FLOPS = 1.60e+10 Tdav = 0.60 T = 1.09
 --> Site =  103 .. Mmps =   15 Ndav =  18 E =   -188.2377639141 Error = 6.06e-08 FLOPS = 1.65e+10 Tdav = 0.47 T = 0.95
 --> Site =  104 .. Mmps =   15 Ndav =  18 E =   -188.2438622037 Error = 1.13e-06 FLOPS = 1.63e+10 Tdav = 0.47 T = 0.97
 --> Site =  105 .. Mmps =   15 Ndav =  17 E =   -188.2483274393 Error = 5.14e-07 FLOPS = 1.66e+10 Tdav = 0.43 T = 1.05
 --> Site =  106 .. Mmps =   15 Ndav =  19 E =   -188.2582688117 Error = 1.86e-06 FLOPS = 1.62e+10 Tdav = 0.49 T = 1.06
 --> Site =  107 .. Mmps =   15 Ndav =  19 E =   -188.2629339826 Error = 6.68e-07 FLOPS = 1.61e+10 Tdav = 0.49 T = 1.01
 --> Site =  108 .. Mmps =   15 Ndav =  20 E =   -188.2796352486 Error = 1.59e-06 FLOPS = 1.60e+10 Tdav = 0.51 T = 0.98
 --> Site =  109 .. Mmps =   15 Ndav =  20 E =   -188.2893264207 Error = 6.62e-07 FLOPS = 1.60e+10 Tdav = 0.51 T = 0.97
 --> Site =  110 .. Mmps =   15 Ndav =  20 E =   -188.3100072620 Error = 1.65e-06 FLOPS = 1.59e+10 Tdav = 0.51 T = 1.05
 --> Site =  111 .. Mmps =   15 Ndav =  20 E =   -188.3193907100 Error = 6.51e-07 FLOPS = 1.60e+10 Tdav = 0.51 T = 1.03
 --> Site =  112 .. Mmps =   15 Ndav =  21 E =   -188.3445606090 Error = 1.73e-06 FLOPS = 1.59e+10 Tdav = 0.54 T = 1.01
 --> Site =  113 .. Mmps =   15 Ndav =  21 E =   -188.3554055390 Error = 5.31e-07 FLOPS = 1.58e+10 Tdav = 0.54 T = 1.02
 --> Site =  114 .. Mmps =   15 Ndav =  21 E =   -188.3864496255 Error = 1.50e-06 FLOPS = 1.59e+10 Tdav = 0.54 T = 1.07
 --> Site =  115 .. Mmps =   15 Ndav =  19 E =   -188.3942923861 Error = 7.56e-07 FLOPS = 1.62e+10 Tdav = 0.47 T = 0.95
 --> Site =  116 .. Mmps =   15 Ndav =  18 E =   -188.4011594628 Error = 5.25e-07 FLOPS = 1.62e+10 Tdav = 0.43 T = 0.90
 --> Site =  117 .. Mmps =   15 Ndav =  20 E =   -188.4121153402 Error = 1.37e-07 FLOPS = 1.59e+10 Tdav = 0.49 T = 1.03
 --> Site =  118 .. Mmps =   15 Ndav =  20 E =   -188.4502659575 Error = 1.02e-06 FLOPS = 1.60e+10 Tdav = 0.48 T = 0.95
 --> Site =  119 .. Mmps =   15 Ndav =  22 E =   -188.4732042765 Error = 2.18e-07 FLOPS = 1.55e+10 Tdav = 0.54 T = 1.03
 --> Site =  120 .. Mmps =   15 Ndav =  22 E =   -188.5176853059 Error = 1.49e-06 FLOPS = 1.55e+10 Tdav = 0.53 T = 0.99
 --> Site =  121 .. Mmps =   15 Ndav =  22 E =   -188.5363201672 Error = 2.08e-07 FLOPS = 1.56e+10 Tdav = 0.52 T = 0.97
 --> Site =  122 .. Mmps =   15 Ndav =  22 E =   -188.5824935349 Error = 1.51e-06 FLOPS = 1.54e+10 Tdav = 0.52 T = 0.97
 --> Site =  123 .. Mmps =   15 Ndav =  21 E =   -188.6049613835 Error = 3.12e-07 FLOPS = 1.55e+10 Tdav = 0.48 T = 0.91
 --> Site =  124 .. Mmps =   15 Ndav =  22 E =   -188.6473678006 Error = 1.66e-06 FLOPS = 1.55e+10 Tdav = 0.51 T = 0.94
 --> Site =  125 .. Mmps =   15 Ndav =  23 E =   -188.6692469221 Error = 2.93e-07 FLOPS = 1.52e+10 Tdav = 0.54 T = 0.97
 --> Site =  126 .. Mmps =   15 Ndav =  22 E =   -188.7066581018 Error = 1.65e-06 FLOPS = 1.53e+10 Tdav = 0.50 T = 1.12
 --> Site =  127 .. Mmps =   15 Ndav =  22 E =   -188.7236170177 Error = 2.24e-07 FLOPS = 1.54e+10 Tdav = 0.49 T = 1.04
 --> Site =  128 .. Mmps =   15 Ndav =  21 E =   -188.7527176729 Error = 1.39e-06 FLOPS = 1.55e+10 Tdav = 0.45 T = 1.00
 --> Site =  129 .. Mmps =   15 Ndav =  18 E =   -188.7552155750 Error = 7.13e-08 FLOPS = 1.59e+10 Tdav = 0.37 T = 0.80
 --> Site =  130 .. Mmps =   15 Ndav =  19 E =   -188.7604087457 Error = 1.18e-06 FLOPS = 1.58e+10 Tdav = 0.38 T = 0.81
 --> Site =  131 .. Mmps =   15 Ndav =  18 E =   -188.7639320923 Error = 4.47e-07 FLOPS = 1.59e+10 Tdav = 0.35 T = 0.85
 --> Site =  132 .. Mmps =   15 Ndav =  20 E =   -188.7732800844 Error = 1.81e-06 FLOPS = 1.53e+10 Tdav = 0.39 T = 0.77
 --> Site =  133 .. Mmps =   15 Ndav =  19 E =   -188.7793214249 Error = 5.84e-07 FLOPS = 1.54e+10 Tdav = 0.36 T = 0.73
 --> Site =  134 .. Mmps =   15 Ndav =  21 E =   -188.7915965676 Error = 1.71e-06 FLOPS = 1.51e+10 Tdav = 0.40 T = 0.74
 --> Site =  135 .. Mmps =   15 Ndav =  21 E =   -188.7996318280 Error = 5.71e-07 FLOPS = 1.51e+10 Tdav = 0.39 T = 0.74
 --> Site =  136 .. Mmps =   15 Ndav =  22 E =   -188.8168627887 Error = 1.67e-06 FLOPS = 1.46e+10 Tdav = 0.41 T = 0.82
 --> Site =  137 .. Mmps =   15 Ndav =  20 E =   -188.8234858074 Error = 5.78e-07 FLOPS = 1.50e+10 Tdav = 0.35 T = 0.69
 --> Site =  138 .. Mmps =   15 Ndav =  21 E =   -188.8394559428 Error = 1.80e-06 FLOPS = 1.48e+10 Tdav = 0.36 T = 0.70
 --> Site =  139 .. Mmps =   15 Ndav =  21 E =   -188.8505754203 Error = 4.69e-07 FLOPS = 1.49e+10 Tdav = 0.35 T = 0.69
 --> Site =  140 .. Mmps =   15 Ndav =  21 E =   -188.8684402846 Error = 1.69e-06 FLOPS = 1.49e+10 Tdav = 0.34 T = 0.65
 --> Site =  141 .. Mmps =   15 Ndav =  19 E =   -188.8753053611 Error = 7.77e-07 FLOPS = 1.49e+10 Tdav = 0.29 T = 0.67
 --> Site =  142 .. Mmps =   15 Ndav =  17 E =   -188.8777054480 Error = 6.30e-07 FLOPS = 1.52e+10 Tdav = 0.25 T = 0.62
 --> Site =  143 .. Mmps =   15 Ndav =  17 E =   -188.8788724273 Error = 1.30e-07 FLOPS = 1.54e+10 Tdav = 0.24 T = 0.54
 --> Site =  144 .. Mmps =   15 Ndav =  18 E =   -188.8812761765 Error = 1.11e-06 FLOPS = 1.52e+10 Tdav = 0.24 T = 0.58
 --> Site =  145 .. Mmps =   15 Ndav =  19 E =   -188.8828999017 Error = 2.02e-07 FLOPS = 1.49e+10 Tdav = 0.25 T = 0.53
 --> Site =  146 .. Mmps =   15 Ndav =  18 E =   -188.8852329755 Error = 1.10e-06 FLOPS = 1.46e+10 Tdav = 0.24 T = 0.59
 --> Site =  147 .. Mmps =   15 Ndav =  18 E =   -188.8869120078 Error = 1.85e-07 FLOPS = 1.45e+10 Tdav = 0.23 T = 0.49
 --> Site =  148 .. Mmps =   15 Ndav =  18 E =   -188.8892674860 Error = 1.02e-06 FLOPS = 1.43e+10 Tdav = 0.22 T = 0.53
 --> Site =  149 .. Mmps =   15 Ndav =  18 E =   -188.8905279951 Error = 1.81e-07 FLOPS = 1.47e+10 Tdav = 0.20 T = 0.48
 --> Site =  150 .. Mmps =   15 Ndav =  18 E =   -188.8921732826 Error = 9.43e-07 FLOPS = 1.46e+10 Tdav = 0.20 T = 0.42
 --> Site =  151 .. Mmps =   15 Ndav =  18 E =   -188.8927663409 Error = 2.61e-07 FLOPS = 1.45e+10 Tdav = 0.19 T = 0.43
 --> Site =  152 .. Mmps =   15 Ndav =  17 E =   -188.8934518442 Error = 8.77e-07 FLOPS = 1.53e+10 Tdav = 0.16 T = 0.38
 --> Site =  153 .. Mmps =   15 Ndav =  16 E =   -188.8935916737 Error = 2.45e-07 FLOPS = 1.42e+10 Tdav = 0.15 T = 0.36
 --> Site =  154 .. Mmps =   15 Ndav =  14 E =   -188.8936529259 Error = 7.20e-07 FLOPS = 1.47e+10 Tdav = 0.12 T = 0.32
 --> Site =  155 .. Mmps =   15 Ndav =  12 E =   -188.8936547392 Error = 2.79e-08 FLOPS = 1.51e+10 Tdav = 0.09 T = 0.28
 --> Site =  156 .. Mmps =   15 Ndav =  12 E =   -188.8936672512 Error = 5.51e-08 FLOPS = 1.51e+10 Tdav = 0.09 T = 0.26
 --> Site =  157 .. Mmps =   15 Ndav =  11 E =   -188.8936674662 Error = 1.10e-08 FLOPS = 1.53e+10 Tdav = 0.07 T = 0.24
 --> Site =  158 .. Mmps =   15 Ndav =  11 E =   -188.8936674467 Error = 1.85e-08 FLOPS = 1.58e+10 Tdav = 0.07 T = 0.27
 --> Site =  159 .. Mmps =   15 Ndav =   9 E =   -188.8936672060 Error = 4.75e-10 FLOPS = 1.68e+10 Tdav = 0.05 T = 0.19
 --> Site =  160 .. Mmps =   15 Ndav =   9 E =   -188.8936672920 Error = 2.65e-10 FLOPS = 1.54e+10 Tdav = 0.01 T = 0.07
 --> Site =  161 .. Mmps =   15 Ndav =   3 E =   -188.8936672868 Error = 3.31e-11 FLOPS = 1.15e+10 Tdav = 0.00 T = 0.03
 --> Site =  162 .. Mmps =   15 Ndav =   3 E =   -188.8936672859 Error = 2.58e-12 FLOPS = 8.00e+09 Tdav = 0.00 T = 0.05
 --> Site =  163 .. Mmps =   15 Ndav =   1 E =   -188.8936672859 Error = 4.59e-13 FLOPS = 2.34e+09 Tdav = 0.00 T = 0.03
 --> Site =  164 .. Mmps =   15 Ndav =   1 E =   -188.8936672859 Error = 2.37e-15 FLOPS = 1.17e+09 Tdav = 0.00 T = 0.03
 --> Site =  165 .. Mmps =   15 Ndav =   1 E =   -188.8936672859 Error = 9.85e-29 FLOPS = 6.60e+08 Tdav = 0.00 T = 0.03
 --> Site =  166 .. Mmps =   15 Ndav =   1 E =   -188.8936672859 Error = 1.23e-57 FLOPS = 3.07e+08 Tdav = 0.00 T = 0.03
 --> Site =  167 .. Mmps =   15 Ndav =   1 E =   -188.8936672859 Error = 1.87e-85 FLOPS = 1.31e+08 Tdav = 0.00 T = 0.03
 --> Site =  168 .. Mmps =   15 Ndav =   1 E =   -188.8936672859 Error = 2.71e-114 FLOPS = 3.73e+07 Tdav = 0.00 T = 0.03
Time elapsed =    128.557 | E =    -188.8936674662 | DW = 1.86413e-06
Time sweep =      128.557 | 934 GFLOP/SWP
 | Dmem = 109 MB (0%) | Imem = 232 B (79%) | Hmem = 109 MB | Wmem = 117 KB | Pmem = 117 KB
 | Tread = 50.665 | Twrite = 0.923 | Tfpread = 49.553 | Tfpwrite = 0.022 | Tmporead = 0.000 | Tasync = 0.000
 | data = 11.2 MB | cpsd = 8.64 MB
 | Trot = 0.029 | Tctr = 0.006 | Tint = 0.007 | Tmid = 0.000 | Tdctr = 0.127 | Tdiag = 0.111 | Tinfo = 0.353
 | Teff = 57.168 | Tprt = 0.248 | Teig = 64.063 | Tblk = 126.051 | Tmve = 2.495 | Tdm = 0.011 | Tsplt = 0.026 | Tsvd = 0.000 | Torth = 0.000

Sweep =    1 | Direction = backward | Bond dimension =   15 | Noise =  1.00e-04 | Dav threshold =  1.00e-10
 <-- Site =  168 .. Mmps =    2 Ndav =   1 E =   -188.8936672859 Error = 0.00e+00 FLOPS = 4.65e+07 Tdav = 0.00 T = 0.02
 <-- Site =  167 .. Mmps =    4 Ndav =   1 E =   -188.8936672859 Error = 0.00e+00 FLOPS = 1.64e+08 Tdav = 0.00 T = 0.03
 <-- Site =  166 .. Mmps =    8 Ndav =   1 E =   -188.8936672859 Error = 0.00e+00 FLOPS = 3.89e+08 Tdav = 0.00 T = 0.03
 <-- Site =  165 .. Mmps =   15 Ndav =   1 E =   -188.8936672859 Error = 5.83e-25 FLOPS = 7.36e+08 Tdav = 0.00 T = 0.03
 <-- Site =  164 .. Mmps =   15 Ndav =   1 E =   -188.8936672859 Error = 2.48e-20 FLOPS = 1.17e+09 Tdav = 0.00 T = 0.03
 <-- Site =  163 .. Mmps =   15 Ndav =   1 E =   -188.8936672859 Error = 1.70e-22 FLOPS = 1.45e+09 Tdav = 0.00 T = 0.03
 <-- Site =  162 .. Mmps =   15 Ndav =   1 E =   -188.8936672859 Error = 5.60e-22 FLOPS = 1.60e+09 Tdav = 0.00 T = 0.04
 <-- Site =  161 .. Mmps =   15 Ndav =   2 E =   -188.8936672859 Error = 4.43e-22 FLOPS = 2.29e+09 Tdav = 0.00 T = 0.03
 <-- Site =  160 .. Mmps =   15 Ndav =   3 E =   -188.8936672860 Error = 5.78e-19 FLOPS = 3.13e+09 Tdav = 0.00 T = 0.03
 <-- Site =  159 .. Mmps =   15 Ndav =   4 E =   -188.8936672864 Error = 2.84e-20 FLOPS = 3.70e+09 Tdav = 0.00 T = 0.03
 <-- Site =  158 .. Mmps =   15 Ndav =   5 E =   -188.8936673019 Error = 5.16e-18 FLOPS = 4.05e+09 Tdav = 0.00 T = 0.03
 <-- Site =  157 .. Mmps =   15 Ndav =   5 E =   -188.8936673173 Error = 4.42e-20 FLOPS = 4.36e+09 Tdav = 0.00 T = 0.03
 <-- Site =  156 .. Mmps =   15 Ndav =   5 E =   -188.8936673373 Error = 1.89e-17 FLOPS = 4.57e+09 Tdav = 0.00 T = 0.03
 <-- Site =  155 .. Mmps =   15 Ndav =   5 E =   -188.8936673499 Error = 4.32e-20 FLOPS = 4.70e+09 Tdav = 0.00 T = 0.03
 <-- Site =  154 .. Mmps =   15 Ndav =   8 E =   -188.8936677695 Error = 3.69e-19 FLOPS = 4.86e+09 Tdav = 0.00 T = 0.03
 <-- Site =  153 .. Mmps =   15 Ndav =   6 E =   -188.8936682781 Error = 3.02e-19 FLOPS = 4.87e+09 Tdav = 0.00 T = 0.04
 <-- Site =  152 .. Mmps =   15 Ndav =   8 E =   -188.8936695266 Error = 1.46e-19 FLOPS = 4.90e+09 Tdav = 0.00 T = 0.04
 <-- Site =  151 .. Mmps =   15 Ndav =   7 E =   -188.8936701134 Error = 7.24e-20 FLOPS = 5.06e+09 Tdav = 0.00 T = 0.05
 <-- Site =  150 .. Mmps =   15 Ndav =   8 E =   -188.8936709622 Error = 2.90e-19 FLOPS = 5.22e+09 Tdav = 0.00 T = 0.05
 <-- Site =  149 .. Mmps =   15 Ndav =   6 E =   -188.8936712620 Error = 8.19e-21 FLOPS = 5.21e+09 Tdav = 0.00 T = 0.04
 <-- Site =  148 .. Mmps =   15 Ndav =   8 E =   -188.8936727439 Error = 7.02e-19 FLOPS = 5.40e+09 Tdav = 0.00 T = 0.03
 <-- Site =  147 .. Mmps =   15 Ndav =   6 E =   -188.8936730608 Error = 5.51e-20 FLOPS = 5.50e+09 Tdav = 0.00 T = 0.04
 <-- Site =  146 .. Mmps =   15 Ndav =   8 E =   -188.8936743405 Error = 5.59e-19 FLOPS = 5.68e+09 Tdav = 0.00 T = 0.03
 <-- Site =  145 .. Mmps =   15 Ndav =   6 E =   -188.8936745157 Error = 1.43e-20 FLOPS = 5.72e+09 Tdav = 0.00 T = 0.03
 <-- Site =  144 .. Mmps =   15 Ndav =   8 E =   -188.8936751430 Error = 2.93e-19 FLOPS = 5.88e+09 Tdav = 0.00 T = 0.04
 <-- Site =  143 .. Mmps =   15 Ndav =   6 E =   -188.8936752171 Error = 8.59e-21 FLOPS = 5.87e+09 Tdav = 0.00 T = 0.05
 <-- Site =  142 .. Mmps =   15 Ndav =   7 E =   -188.8936756305 Error = 7.34e-17 FLOPS = 5.84e+09 Tdav = 0.00 T = 0.05
 <-- Site =  141 .. Mmps =   15 Ndav =   9 E =   -188.8936763779 Error = 1.11e-19 FLOPS = 5.87e+09 Tdav = 0.00 T = 0.04
 <-- Site =  140 .. Mmps =   15 Ndav =   9 E =   -188.8936778388 Error = 1.37e-17 FLOPS = 5.98e+09 Tdav = 0.00 T = 0.04
 <-- Site =  139 .. Mmps =   15 Ndav =  11 E =   -188.8936784977 Error = 8.49e-21 FLOPS = 5.85e+09 Tdav = 0.00 T = 0.04
 <-- Site =  138 .. Mmps =   15 Ndav =   9 E =   -188.8936807924 Error = 2.82e-18 FLOPS = 6.07e+09 Tdav = 0.00 T = 0.04
 <-- Site =  137 .. Mmps =   15 Ndav =  11 E =   -188.8936818498 Error = 5.80e-20 FLOPS = 5.92e+09 Tdav = 0.00 T = 0.04
 <-- Site =  136 .. Mmps =   15 Ndav =  10 E =   -188.8936852756 Error = 2.49e-17 FLOPS = 6.16e+09 Tdav = 0.00 T = 0.04
 <-- Site =  135 .. Mmps =   15 Ndav =  12 E =   -188.8936876617 Error = 6.83e-20 FLOPS = 6.01e+09 Tdav = 0.00 T = 0.04
 <-- Site =  134 .. Mmps =   15 Ndav =  10 E =   -188.8936914833 Error = 1.26e-19 FLOPS = 6.22e+09 Tdav = 0.00 T = 0.06
 <-- Site =  133 .. Mmps =   15 Ndav =  11 E =   -188.8936926416 Error = 2.85e-20 FLOPS = 6.21e+09 Tdav = 0.00 T = 0.05
 <-- Site =  132 .. Mmps =   15 Ndav =   9 E =   -188.8936954954 Error = 1.04e-17 FLOPS = 6.45e+09 Tdav = 0.00 T = 0.04
 <-- Site =  131 .. Mmps =   15 Ndav =   9 E =   -188.8936958590 Error = 2.70e-20 FLOPS = 6.51e+09 Tdav = 0.00 T = 0.06
 <-- Site =  130 .. Mmps =   15 Ndav =   8 E =   -188.8936970095 Error = 5.27e-19 FLOPS = 6.65e+09 Tdav = 0.00 T = 0.05
 <-- Site =  129 .. Mmps =   15 Ndav =   8 E =   -188.8936971195 Error = 6.03e-20 FLOPS = 6.61e+09 Tdav = 0.00 T = 0.05
 <-- Site =  128 .. Mmps =   15 Ndav =   9 E =   -188.8936994062 Error = 4.75e-19 FLOPS = 6.63e+09 Tdav = 0.00 T = 0.05
 <-- Site =  127 .. Mmps =   15 Ndav =  10 E =   -188.8937008844 Error = 3.85e-20 FLOPS = 6.61e+09 Tdav = 0.00 T = 0.09
 <-- Site =  126 .. Mmps =   15 Ndav =  10 E =   -188.8937046894 Error = 5.33e-19 FLOPS = 6.63e+09 Tdav = 0.00 T = 0.06
 <-- Site =  125 .. Mmps =   15 Ndav =  10 E =   -188.8937079384 Error = 4.22e-20 FLOPS = 6.69e+09 Tdav = 0.00 T = 0.05
 <-- Site =  124 .. Mmps =   15 Ndav =   9 E =   -188.8937102578 Error = 1.74e-19 FLOPS = 6.83e+09 Tdav = 0.00 T = 0.05
 <-- Site =  123 .. Mmps =   15 Ndav =  10 E =   -188.8937129302 Error = 4.89e-19 FLOPS = 6.72e+09 Tdav = 0.00 T = 0.05
 <-- Site =  122 .. Mmps =   15 Ndav =   9 E =   -188.8937143384 Error = 1.24e-19 FLOPS = 6.86e+09 Tdav = 0.00 T = 0.06
 <-- Site =  121 .. Mmps =   15 Ndav =   9 E =   -188.8937151869 Error = 1.90e-20 FLOPS = 6.80e+09 Tdav = 0.00 T = 0.05
 <-- Site =  120 .. Mmps =   15 Ndav =  10 E =   -188.8937172356 Error = 5.69e-19 FLOPS = 6.79e+09 Tdav = 0.00 T = 0.06
 <-- Site =  119 .. Mmps =   15 Ndav =   9 E =   -188.8937178368 Error = 1.12e-20 FLOPS = 6.75e+09 Tdav = 0.00 T = 0.05
 <-- Site =  118 .. Mmps =   15 Ndav =   9 E =   -188.8937186291 Error = 1.87e-19 FLOPS = 6.82e+09 Tdav = 0.00 T = 0.06
 <-- Site =  117 .. Mmps =   15 Ndav =   8 E =   -188.8937188882 Error = 4.99e-20 FLOPS = 6.95e+09 Tdav = 0.00 T = 0.05
 <-- Site =  116 .. Mmps =   15 Ndav =   7 E =   -188.8937191596 Error = 2.03e-16 FLOPS = 6.89e+09 Tdav = 0.00 T = 0.06
 <-- Site =  115 .. Mmps =   15 Ndav =   8 E =   -188.8937207322 Error = 1.47e-19 FLOPS = 6.90e+09 Tdav = 0.00 T = 0.05
 <-- Site =  114 .. Mmps =   15 Ndav =   9 E =   -188.8937224668 Error = 3.23e-17 FLOPS = 6.94e+09 Tdav = 0.00 T = 0.05
 <-- Site =  113 .. Mmps =   15 Ndav =  10 E =   -188.8937232011 Error = 8.31e-20 FLOPS = 6.89e+09 Tdav = 0.00 T = 0.11
 <-- Site =  112 .. Mmps =   15 Ndav =  10 E =   -188.8937255884 Error = 5.92e-17 FLOPS = 6.95e+09 Tdav = 0.00 T = 0.06
 <-- Site =  111 .. Mmps =   15 Ndav =  11 E =   -188.8937266948 Error = 2.36e-20 FLOPS = 6.94e+09 Tdav = 0.00 T = 0.06
 <-- Site =  110 .. Mmps =   15 Ndav =  10 E =   -188.8937294380 Error = 1.46e-18 FLOPS = 7.17e+09 Tdav = 0.00 T = 0.05
 <-- Site =  109 .. Mmps =   15 Ndav =  12 E =   -188.8937308267 Error = 2.48e-20 FLOPS = 6.94e+09 Tdav = 0.00 T = 0.05
 <-- Site =  108 .. Mmps =   15 Ndav =  10 E =   -188.8937336748 Error = 3.98e-19 FLOPS = 7.25e+09 Tdav = 0.00 T = 0.05
 <-- Site =  107 .. Mmps =   15 Ndav =  10 E =   -188.8937346725 Error = 5.46e-20 FLOPS = 7.24e+09 Tdav = 0.00 T = 0.05
 <-- Site =  106 .. Mmps =   15 Ndav =  10 E =   -188.8937374161 Error = 7.47e-18 FLOPS = 7.23e+09 Tdav = 0.00 T = 0.06
 <-- Site =  105 .. Mmps =   15 Ndav =   8 E =   -188.8937381261 Error = 1.30e-19 FLOPS = 7.39e+09 Tdav = 0.00 T = 0.06
 <-- Site =  104 .. Mmps =   15 Ndav =   9 E =   -188.8937393995 Error = 4.39e-19 FLOPS = 7.35e+09 Tdav = 0.00 T = 0.05
 <-- Site =  103 .. Mmps =   15 Ndav =   8 E =   -188.8937396325 Error = 8.23e-20 FLOPS = 7.44e+09 Tdav = 0.00 T = 0.09
 <-- Site =  102 .. Mmps =   15 Ndav =   9 E =   -188.8937429868 Error = 2.16e-18 FLOPS = 7.35e+09 Tdav = 0.00 T = 0.06
 <-- Site =  101 .. Mmps =   15 Ndav =  10 E =   -188.8937449300 Error = 2.75e-19 FLOPS = 7.30e+09 Tdav = 0.00 T = 0.08
 <-- Site =  100 .. Mmps =   15 Ndav =  10 E =   -188.8937493333 Error = 4.07e-19 FLOPS = 7.29e+09 Tdav = 0.00 T = 0.06
 <-- Site =   99 .. Mmps =   15 Ndav =  10 E =   -188.8937524489 Error = 2.77e-19 FLOPS = 7.28e+09 Tdav = 0.00 T = 0.05
 <-- Site =   98 .. Mmps =   15 Ndav =   9 E =   -188.8937549403 Error = 1.42e-18 FLOPS = 7.27e+09 Tdav = 0.00 T = 0.06
 <-- Site =   97 .. Mmps =   15 Ndav =   9 E =   -188.8937571366 Error = 4.65e-20 FLOPS = 7.42e+09 Tdav = 0.00 T = 0.06
 <-- Site =   96 .. Mmps =   15 Ndav =   9 E =   -188.8937590955 Error = 1.84e-19 FLOPS = 7.33e+09 Tdav = 0.00 T = 0.06
 <-- Site =   95 .. Mmps =   15 Ndav =   9 E =   -188.8937605359 Error = 9.07e-20 FLOPS = 7.33e+09 Tdav = 0.00 T = 0.06
 <-- Site =   94 .. Mmps =   15 Ndav =  10 E =   -188.8937627021 Error = 3.66e-19 FLOPS = 7.24e+09 Tdav = 0.00 T = 0.06
 <-- Site =   93 .. Mmps =   15 Ndav =   9 E =   -188.8937639785 Error = 1.78e-20 FLOPS = 7.32e+09 Tdav = 0.00 T = 0.06
 <-- Site =   92 .. Mmps =   15 Ndav =   9 E =   -188.8937648787 Error = 1.59e-19 FLOPS = 7.40e+09 Tdav = 0.00 T = 0.06
 <-- Site =   91 .. Mmps =   15 Ndav =   9 E =   -188.8937654796 Error = 3.54e-20 FLOPS = 7.36e+09 Tdav = 0.00 T = 0.07
 <-- Site =   90 .. Mmps =   15 Ndav =   7 E =   -188.8937656816 Error = 1.99e-18 FLOPS = 7.40e+09 Tdav = 0.00 T = 0.06
 <-- Site =   89 .. Mmps =   15 Ndav =  10 E =   -188.8937673153 Error = 3.18e-19 FLOPS = 7.38e+09 Tdav = 0.00 T = 0.06
 <-- Site =   88 .. Mmps =   15 Ndav =   9 E =   -188.8937690289 Error = 1.13e-16 FLOPS = 7.50e+09 Tdav = 0.00 T = 0.08
 <-- Site =   87 .. Mmps =   15 Ndav =  10 E =   -188.8937698458 Error = 4.28e-20 FLOPS = 7.20e+09 Tdav = 0.00 T = 0.06
 <-- Site =   86 .. Mmps =   15 Ndav =  10 E =   -188.8937724098 Error = 4.15e-17 FLOPS = 7.04e+09 Tdav = 0.00 T = 0.06
 <-- Site =   85 .. Mmps =   15 Ndav =  11 E =   -188.8937733928 Error = 5.45e-20 FLOPS = 7.00e+09 Tdav = 0.00 T = 0.06
 <-- Site =   84 .. Mmps =   15 Ndav =  10 E =   -188.8937763742 Error = 2.05e-18 FLOPS = 7.05e+09 Tdav = 0.00 T = 0.06
 <-- Site =   83 .. Mmps =   15 Ndav =  11 E =   -188.8937775891 Error = 2.16e-19 FLOPS = 7.02e+09 Tdav = 0.00 T = 0.06
 <-- Site =   82 .. Mmps =   15 Ndav =  10 E =   -188.8937807295 Error = 3.33e-17 FLOPS = 7.02e+09 Tdav = 0.00 T = 0.07
 <-- Site =   81 .. Mmps =   15 Ndav =  10 E =   -188.8937818087 Error = 4.80e-20 FLOPS = 7.06e+09 Tdav = 0.00 T = 0.06
 <-- Site =   80 .. Mmps =   15 Ndav =  10 E =   -188.8937849425 Error = 1.81e-18 FLOPS = 7.01e+09 Tdav = 0.00 T = 0.06
 <-- Site =   79 .. Mmps =   15 Ndav =   9 E =   -188.8937856643 Error = 8.60e-20 FLOPS = 7.18e+09 Tdav = 0.00 T = 0.06
 <-- Site =   78 .. Mmps =   15 Ndav =   9 E =   -188.8937870797 Error = 9.40e-17 FLOPS = 7.12e+09 Tdav = 0.00 T = 0.13
 <-- Site =   77 .. Mmps =   15 Ndav =   8 E =   -188.8937874498 Error = 2.84e-19 FLOPS = 7.20e+09 Tdav = 0.00 T = 0.06
 <-- Site =   76 .. Mmps =   15 Ndav =   9 E =   -188.8937907247 Error = 1.69e-18 FLOPS = 7.14e+09 Tdav = 0.00 T = 0.07
 <-- Site =   75 .. Mmps =   15 Ndav =  10 E =   -188.8937931509 Error = 3.32e-19 FLOPS = 7.10e+09 Tdav = 0.00 T = 0.06
 <-- Site =   74 .. Mmps =   15 Ndav =  10 E =   -188.8937976121 Error = 1.80e-18 FLOPS = 7.09e+09 Tdav = 0.00 T = 0.07
 <-- Site =   73 .. Mmps =   15 Ndav =  10 E =   -188.8938005303 Error = 3.93e-20 FLOPS = 7.10e+09 Tdav = 0.00 T = 0.06
 <-- Site =   72 .. Mmps =   15 Ndav =   9 E =   -188.8938032682 Error = 1.98e-18 FLOPS = 7.12e+09 Tdav = 0.00 T = 0.06
 <-- Site =   71 .. Mmps =   15 Ndav =   9 E =   -188.8938059227 Error = 4.64e-19 FLOPS = 7.11e+09 Tdav = 0.00 T = 0.06
 <-- Site =   70 .. Mmps =   15 Ndav =  10 E =   -188.8938097328 Error = 1.30e-19 FLOPS = 7.08e+09 Tdav = 0.00 T = 0.06
 <-- Site =   69 .. Mmps =   15 Ndav =   9 E =   -188.8938117650 Error = 2.29e-20 FLOPS = 7.14e+09 Tdav = 0.00 T = 0.06
 <-- Site =   68 .. Mmps =   15 Ndav =  10 E =   -188.8938140416 Error = 1.56e-19 FLOPS = 7.09e+09 Tdav = 0.00 T = 0.06
 <-- Site =   67 .. Mmps =   15 Ndav =   9 E =   -188.8938157868 Error = 1.14e-19 FLOPS = 7.14e+09 Tdav = 0.00 T = 0.06
 <-- Site =   66 .. Mmps =   15 Ndav =   9 E =   -188.8938169038 Error = 1.41e-19 FLOPS = 7.22e+09 Tdav = 0.00 T = 0.06
 <-- Site =   65 .. Mmps =   15 Ndav =   9 E =   -188.8938177552 Error = 1.49e-19 FLOPS = 7.20e+09 Tdav = 0.00 T = 0.06
 <-- Site =   64 .. Mmps =   15 Ndav =   7 E =   -188.8938179768 Error = 2.03e-16 FLOPS = 7.15e+09 Tdav = 0.00 T = 0.08
 <-- Site =   63 .. Mmps =   15 Ndav =  10 E =   -188.8938196893 Error = 1.26e-20 FLOPS = 7.05e+09 Tdav = 0.00 T = 0.05
 <-- Site =   62 .. Mmps =   15 Ndav =  10 E =   -188.8938213771 Error = 2.95e-19 FLOPS = 7.17e+09 Tdav = 0.00 T = 0.17
 <-- Site =   61 .. Mmps =   15 Ndav =  10 E =   -188.8938223364 Error = 8.73e-21 FLOPS = 7.12e+09 Tdav = 0.00 T = 0.13
 <-- Site =   60 .. Mmps =   15 Ndav =  10 E =   -188.8938250545 Error = 3.32e-17 FLOPS = 7.27e+09 Tdav = 0.00 T = 0.05
 <-- Site =   59 .. Mmps =   15 Ndav =  11 E =   -188.8938261084 Error = 3.48e-20 FLOPS = 7.21e+09 Tdav = 0.00 T = 0.05
 <-- Site =   58 .. Mmps =   15 Ndav =  10 E =   -188.8938293816 Error = 1.28e-19 FLOPS = 7.29e+09 Tdav = 0.00 T = 0.05
 <-- Site =   57 .. Mmps =   15 Ndav =  11 E =   -188.8938305310 Error = 2.02e-20 FLOPS = 7.09e+09 Tdav = 0.00 T = 0.07
 <-- Site =   56 .. Mmps =   15 Ndav =  11 E =   -188.8938339032 Error = 4.01e-18 FLOPS = 7.06e+09 Tdav = 0.00 T = 0.05
 <-- Site =   55 .. Mmps =   15 Ndav =  11 E =   -188.8938353439 Error = 3.44e-20 FLOPS = 7.16e+09 Tdav = 0.00 T = 0.06
 <-- Site =   54 .. Mmps =   15 Ndav =   9 E =   -188.8938387370 Error = 2.41e-17 FLOPS = 7.31e+09 Tdav = 0.00 T = 0.05
 <-- Site =   53 .. Mmps =   15 Ndav =   9 E =   -188.8938396003 Error = 1.03e-19 FLOPS = 7.26e+09 Tdav = 0.00 T = 0.05
 <-- Site =   52 .. Mmps =   15 Ndav =   9 E =   -188.8938413609 Error = 1.93e-16 FLOPS = 7.27e+09 Tdav = 0.00 T = 0.06
 <-- Site =   51 .. Mmps =   15 Ndav =   8 E =   -188.8938417933 Error = 1.05e-19 FLOPS = 7.27e+09 Tdav = 0.00 T = 0.07
 <-- Site =   50 .. Mmps =   15 Ndav =   9 E =   -188.8938452398 Error = 8.58e-19 FLOPS = 7.21e+09 Tdav = 0.00 T = 0.07
 <-- Site =   49 .. Mmps =   15 Ndav =  10 E =   -188.8938481509 Error = 3.20e-20 FLOPS = 7.14e+09 Tdav = 0.00 T = 0.05
 <-- Site =   48 .. Mmps =   15 Ndav =  10 E =   -188.8938527912 Error = 2.19e-19 FLOPS = 7.05e+09 Tdav = 0.00 T = 0.05
 <-- Site =   47 .. Mmps =   15 Ndav =  10 E =   -188.8938569501 Error = 1.02e-19 FLOPS = 7.11e+09 Tdav = 0.00 T = 0.05
 <-- Site =   46 .. Mmps =   15 Ndav =   9 E =   -188.8938602728 Error = 3.20e-18 FLOPS = 7.17e+09 Tdav = 0.00 T = 0.07
 <-- Site =   45 .. Mmps =   15 Ndav =   9 E =   -188.8938640540 Error = 8.20e-20 FLOPS = 7.08e+09 Tdav = 0.00 T = 0.05
 <-- Site =   44 .. Mmps =   15 Ndav =  10 E =   -188.8938666975 Error = 1.22e-19 FLOPS = 7.01e+09 Tdav = 0.00 T = 0.05
 <-- Site =   43 .. Mmps =   15 Ndav =  10 E =   -188.8938701165 Error = 9.19e-20 FLOPS = 7.06e+09 Tdav = 0.00 T = 0.05
 <-- Site =   42 .. Mmps =   15 Ndav =   9 E =   -188.8938714540 Error = 3.10e-20 FLOPS = 6.99e+09 Tdav = 0.00 T = 0.05
 <-- Site =   41 .. Mmps =   15 Ndav =   9 E =   -188.8938731750 Error = 1.09e-19 FLOPS = 7.11e+09 Tdav = 0.00 T = 0.05
 <-- Site =   40 .. Mmps =   15 Ndav =   9 E =   -188.8938742813 Error = 2.66e-19 FLOPS = 7.12e+09 Tdav = 0.00 T = 0.05
 <-- Site =   39 .. Mmps =   15 Ndav =   9 E =   -188.8938749243 Error = 5.41e-20 FLOPS = 6.93e+09 Tdav = 0.00 T = 0.06
 <-- Site =   38 .. Mmps =   15 Ndav =   8 E =   -188.8938751680 Error = 2.74e-19 FLOPS = 6.74e+09 Tdav = 0.00 T = 0.04
 <-- Site =   37 .. Mmps =   15 Ndav =  10 E =   -188.8938769008 Error = 2.43e-20 FLOPS = 6.52e+09 Tdav = 0.00 T = 0.04
 <-- Site =   36 .. Mmps =   15 Ndav =   9 E =   -188.8938783038 Error = 7.90e-18 FLOPS = 6.56e+09 Tdav = 0.00 T = 0.05
 <-- Site =   35 .. Mmps =   15 Ndav =  11 E =   -188.8938792508 Error = 3.48e-19 FLOPS = 6.32e+09 Tdav = 0.00 T = 0.05
 <-- Site =   34 .. Mmps =   15 Ndav =  10 E =   -188.8938813414 Error = 3.52e-17 FLOPS = 6.37e+09 Tdav = 0.00 T = 0.11
 <-- Site =   33 .. Mmps =   15 Ndav =  12 E =   -188.8938825060 Error = 1.66e-20 FLOPS = 6.11e+09 Tdav = 0.00 T = 0.04
 <-- Site =   32 .. Mmps =   15 Ndav =  10 E =   -188.8938848741 Error = 6.09e-17 FLOPS = 6.28e+09 Tdav = 0.00 T = 0.04
 <-- Site =   31 .. Mmps =   15 Ndav =  11 E =   -188.8938860115 Error = 1.68e-20 FLOPS = 6.08e+09 Tdav = 0.00 T = 0.04
 <-- Site =   30 .. Mmps =   15 Ndav =  10 E =   -188.8938884182 Error = 2.51e-18 FLOPS = 6.18e+09 Tdav = 0.00 T = 0.04
 <-- Site =   29 .. Mmps =   15 Ndav =  11 E =   -188.8938894339 Error = 5.58e-20 FLOPS = 5.92e+09 Tdav = 0.00 T = 0.04
 <-- Site =   28 .. Mmps =   15 Ndav =  10 E =   -188.8938921037 Error = 1.48e-17 FLOPS = 6.02e+09 Tdav = 0.00 T = 0.04
 <-- Site =   27 .. Mmps =   15 Ndav =   8 E =   -188.8938930720 Error = 4.77e-20 FLOPS = 6.06e+09 Tdav = 0.00 T = 0.04
 <-- Site =   26 .. Mmps =   15 Ndav =   8 E =   -188.8938940915 Error = 1.30e-19 FLOPS = 5.95e+09 Tdav = 0.00 T = 0.04
 <-- Site =   25 .. Mmps =   15 Ndav =   7 E =   -188.8938942234 Error = 5.54e-19 FLOPS = 5.86e+09 Tdav = 0.00 T = 0.03
 <-- Site =   24 .. Mmps =   15 Ndav =   9 E =   -188.8938972455 Error = 7.23e-19 FLOPS = 5.63e+09 Tdav = 0.00 T = 0.04
 <-- Site =   23 .. Mmps =   15 Ndav =   9 E =   -188.8938983568 Error = 8.87e-20 FLOPS = 5.74e+09 Tdav = 0.00 T = 0.03
 <-- Site =   22 .. Mmps =   15 Ndav =   9 E =   -188.8939017622 Error = 1.44e-19 FLOPS = 5.59e+09 Tdav = 0.00 T = 0.03
 <-- Site =   21 .. Mmps =   15 Ndav =   9 E =   -188.8939030696 Error = 8.02e-20 FLOPS = 5.54e+09 Tdav = 0.00 T = 0.03
 <-- Site =   20 .. Mmps =   15 Ndav =   9 E =   -188.8939049522 Error = 6.62e-19 FLOPS = 5.39e+09 Tdav = 0.00 T = 0.04
 <-- Site =   19 .. Mmps =   15 Ndav =   9 E =   -188.8939061308 Error = 1.74e-19 FLOPS = 5.17e+09 Tdav = 0.00 T = 0.03
 <-- Site =   18 .. Mmps =   15 Ndav =   9 E =   -188.8939075117 Error = 3.25e-19 FLOPS = 5.11e+09 Tdav = 0.00 T = 0.04
 <-- Site =   17 .. Mmps =   15 Ndav =   9 E =   -188.8939085455 Error = 1.21e-20 FLOPS = 5.00e+09 Tdav = 0.00 T = 0.04
 <-- Site =   16 .. Mmps =   15 Ndav =   9 E =   -188.8939090316 Error = 1.44e-18 FLOPS = 4.92e+09 Tdav = 0.00 T = 0.03
 <-- Site =   15 .. Mmps =   15 Ndav =   9 E =   -188.8939092862 Error = 1.58e-19 FLOPS = 4.73e+09 Tdav = 0.00 T = 0.04
 <-- Site =   14 .. Mmps =   15 Ndav =   9 E =   -188.8939102802 Error = 2.70e-19 FLOPS = 4.60e+09 Tdav = 0.00 T = 0.03
 <-- Site =   13 .. Mmps =   15 Ndav =   8 E =   -188.8939105339 Error = 4.21e-20 FLOPS = 4.48e+09 Tdav = 0.00 T = 0.03
 <-- Site =   12 .. Mmps =   15 Ndav =   6 E =   -188.8939117279 Error = 3.59e-17 FLOPS = 4.29e+09 Tdav = 0.00 T = 0.06
 <-- Site =   11 .. Mmps =   15 Ndav =  10 E =   -188.8939152800 Error = 1.35e-19 FLOPS = 4.08e+09 Tdav = 0.00 T = 0.03
 <-- Site =   10 .. Mmps =   15 Ndav =   9 E =   -188.8939168668 Error = 1.96e-19 FLOPS = 3.98e+09 Tdav = 0.00 T = 0.03
 <-- Site =    9 .. Mmps =   15 Ndav =   8 E =   -188.8939172715 Error = 5.64e-20 FLOPS = 3.80e+09 Tdav = 0.00 T = 0.04
 <-- Site =    8 .. Mmps =   15 Ndav =   9 E =   -188.8939180148 Error = 4.24e-18 FLOPS = 3.62e+09 Tdav = 0.00 T = 0.03
 <-- Site =    7 .. Mmps =   15 Ndav =  11 E =   -188.8939186768 Error = 2.02e-20 FLOPS = 3.23e+09 Tdav = 0.00 T = 0.03
 <-- Site =    6 .. Mmps =   15 Ndav =   8 E =   -188.8939188050 Error = 3.14e-17 FLOPS = 3.23e+09 Tdav = 0.00 T = 0.03
 <-- Site =    5 .. Mmps =   15 Ndav =   8 E =   -188.8939188681 Error = 8.87e-21 FLOPS = 2.99e+09 Tdav = 0.00 T = 0.03
 <-- Site =    4 .. Mmps =   15 Ndav =   6 E =   -188.8939188726 Error = 2.98e-19 FLOPS = 2.68e+09 Tdav = 0.00 T = 0.03
 <-- Site =    3 .. Mmps =   15 Ndav =   2 E =   -188.8939188726 Error = 2.23e-28 FLOPS = 7.90e+08 Tdav = 0.00 T = 0.03
 <-- Site =    2 .. Mmps =   15 Ndav =   1 E =   -188.8939188726 Error = 1.15e-56 FLOPS = 2.34e+08 Tdav = 0.00 T = 0.03
 <-- Site =    1 .. Mmps =   15 Ndav =   1 E =   -188.8939188726 Error = 2.32e-78 FLOPS = 9.91e+07 Tdav = 0.00 T = 0.03
 <-- Site =    0 .. Mmps =   14 Ndav =   1 E =   -188.8939188726 Error = 0.00e+00 FLOPS = 3.24e+07 Tdav = 0.00 T = 0.03
Time elapsed =    137.100 | E =    -188.8939188726 | DE = -2.51e-04 | DW = 2.03329e-16
Time sweep =        8.543 | 1.10 GFLOP/SWP
 | Dmem = 104 KB (3%) | Imem = 232 B (79%) | Hmem = 494 KB | Wmem = 3.52 KB | Pmem = 3.52 KB
 | Tread = 0.176 | Twrite = 0.909 | Tfpread = 0.033 | Tfpwrite = 0.021 | Tmporead = 0.000 | Tasync = 0.000
 | data = 11.2 MB | cpsd = 7.68 MB
 | Trot = 0.031 | Tctr = 0.451 | Tint = 0.008 | Tmid = 0.000 | Tdctr = 0.007 | Tdiag = 0.021 | Tinfo = 0.307
 | Teff = 2.141 | Tprt = 0.131 | Teig = 0.179 | Tblk = 6.161 | Tmve = 2.371 | Tdm = 0.002 | Tsplt = 0.019 | Tsvd = 0.000 | Torth = 0.000

Sweep =    2 | Direction =  forward | Bond dimension =   15 | Noise =  1.00e-04 | Dav threshold =  1.00e-10
 --> Site =    0 .. Mmps =    2 Ndav =   1 E =   -188.8939188726 Error = 0.00e+00 FLOPS = 3.82e+07 Tdav = 0.00 T = 0.02
 --> Site =    1 .. Mmps =    4 Ndav =   1 E =   -188.8939188726 Error = 0.00e+00 FLOPS = 7.47e+07 Tdav = 0.00 T = 0.03
 --> Site =    2 .. Mmps =    8 Ndav =   1 E =   -188.8939188726 Error = 0.00e+00 FLOPS = 2.09e+08 Tdav = 0.00 T = 0.06
 --> Site =    3 .. Mmps =   15 Ndav =   1 E =   -188.8939188726 Error = 3.99e-25 FLOPS = 5.73e+08 Tdav = 0.00 T = 0.03
 --> Site =    4 .. Mmps =   15 Ndav =   1 E =   -188.8939188726 Error = 1.51e-23 FLOPS = 1.15e+09 Tdav = 0.00 T = 0.03
 --> Site =    5 .. Mmps =   15 Ndav =   2 E =   -188.8939188726 Error = 6.16e-22 FLOPS = 1.92e+09 Tdav = 0.00 T = 0.03
 --> Site =    6 .. Mmps =   15 Ndav =   4 E =   -188.8939188747 Error = 1.59e-22 FLOPS = 2.94e+09 Tdav = 0.00 T = 0.03
 --> Site =    7 .. Mmps =   15 Ndav =   6 E =   -188.8939188759 Error = 1.97e-20 FLOPS = 3.42e+09 Tdav = 0.00 T = 0.03
 --> Site =    8 .. Mmps =   15 Ndav =   6 E =   -188.8939189196 Error = 1.24e-21 FLOPS = 3.92e+09 Tdav = 0.00 T = 0.03
 --> Site =    9 .. Mmps =   15 Ndav =   8 E =   -188.8939189487 Error = 1.13e-20 FLOPS = 4.11e+09 Tdav = 0.00 T = 0.03
 --> Site =   10 .. Mmps =   15 Ndav =   7 E =   -188.8939191388 Error = 8.08e-20 FLOPS = 4.21e+09 Tdav = 0.00 T = 0.04
 --> Site =   11 .. Mmps =   15 Ndav =   7 E =   -188.8939192776 Error = 2.97e-20 FLOPS = 4.40e+09 Tdav = 0.00 T = 0.03
 --> Site =   12 .. Mmps =   15 Ndav =   8 E =   -188.8939195767 Error = 6.34e-21 FLOPS = 4.53e+09 Tdav = 0.00 T = 0.03
 --> Site =   13 .. Mmps =   15 Ndav =   4 E =   -188.8939195941 Error = 9.41e-20 FLOPS = 4.33e+09 Tdav = 0.00 T = 0.03
 --> Site =   14 .. Mmps =   15 Ndav =   8 E =   -188.8939200632 Error = 1.50e-19 FLOPS = 4.81e+09 Tdav = 0.00 T = 0.03
 --> Site =   15 .. Mmps =   15 Ndav =   7 E =   -188.8939200812 Error = 1.65e-19 FLOPS = 5.12e+09 Tdav = 0.00 T = 0.03
 --> Site =   16 .. Mmps =   15 Ndav =   7 E =   -188.8939201511 Error = 1.38e-19 FLOPS = 5.01e+09 Tdav = 0.00 T = 0.08
 --> Site =   17 .. Mmps =   15 Ndav =   6 E =   -188.8939202805 Error = 1.43e-19 FLOPS = 5.13e+09 Tdav = 0.00 T = 0.04
 --> Site =   18 .. Mmps =   15 Ndav =   7 E =   -188.8939204204 Error = 4.75e-20 FLOPS = 5.40e+09 Tdav = 0.00 T = 0.03
 --> Site =   19 .. Mmps =   15 Ndav =   6 E =   -188.8939206007 Error = 6.12e-20 FLOPS = 5.43e+09 Tdav = 0.00 T = 0.03
 --> Site =   20 .. Mmps =   15 Ndav =   7 E =   -188.8939208209 Error = 1.40e-19 FLOPS = 5.58e+09 Tdav = 0.00 T = 0.03
 --> Site =   21 .. Mmps =   15 Ndav =   7 E =   -188.8939212025 Error = 2.34e-19 FLOPS = 5.62e+09 Tdav = 0.00 T = 0.03
 --> Site =   22 .. Mmps =   15 Ndav =   7 E =   -188.8939215487 Error = 4.87e-20 FLOPS = 5.89e+09 Tdav = 0.00 T = 0.03
 --> Site =   23 .. Mmps =   15 Ndav =   5 E =   -188.8939215912 Error = 2.18e-19 FLOPS = 5.72e+09 Tdav = 0.00 T = 0.04
 --> Site =   24 .. Mmps =   15 Ndav =   6 E =   -188.8939216740 Error = 9.29e-20 FLOPS = 5.88e+09 Tdav = 0.00 T = 0.04
 --> Site =   25 .. Mmps =   15 Ndav =   4 E =   -188.8939216835 Error = 1.94e-19 FLOPS = 5.51e+09 Tdav = 0.00 T = 0.03
 --> Site =   26 .. Mmps =   15 Ndav =   6 E =   -188.8939218001 Error = 6.64e-20 FLOPS = 6.13e+09 Tdav = 0.00 T = 0.04
 --> Site =   27 .. Mmps =   15 Ndav =   7 E =   -188.8939218467 Error = 1.64e-19 FLOPS = 6.18e+09 Tdav = 0.00 T = 0.03
 --> Site =   28 .. Mmps =   15 Ndav =   7 E =   -188.8939221928 Error = 1.38e-18 FLOPS = 6.38e+09 Tdav = 0.00 T = 0.04
 --> Site =   29 .. Mmps =   15 Ndav =  10 E =   -188.8939223038 Error = 1.22e-19 FLOPS = 6.20e+09 Tdav = 0.00 T = 0.04
 --> Site =   30 .. Mmps =   15 Ndav =   8 E =   -188.8939228493 Error = 3.76e-18 FLOPS = 6.40e+09 Tdav = 0.00 T = 0.04
 --> Site =   31 .. Mmps =   15 Ndav =   9 E =   -188.8939229698 Error = 1.19e-19 FLOPS = 6.43e+09 Tdav = 0.00 T = 0.04
 --> Site =   32 .. Mmps =   15 Ndav =   8 E =   -188.8939236562 Error = 3.99e-20 FLOPS = 6.49e+09 Tdav = 0.00 T = 0.04
 --> Site =   33 .. Mmps =   15 Ndav =  10 E =   -188.8939238063 Error = 1.23e-19 FLOPS = 6.47e+09 Tdav = 0.00 T = 0.04
 --> Site =   34 .. Mmps =   15 Ndav =   8 E =   -188.8939243152 Error = 7.24e-20 FLOPS = 6.75e+09 Tdav = 0.00 T = 0.06
 --> Site =   35 .. Mmps =   15 Ndav =   8 E =   -188.8939243761 Error = 3.77e-19 FLOPS = 6.61e+09 Tdav = 0.00 T = 0.17
 --> Site =   36 .. Mmps =   15 Ndav =   8 E =   -188.8939247073 Error = 5.04e-18 FLOPS = 6.64e+09 Tdav = 0.00 T = 1.47
 --> Site =   37 .. Mmps =   15 Ndav =   7 E =   -188.8939250766 Error = 1.16e-19 FLOPS = 6.55e+09 Tdav = 0.00 T = 0.05
 --> Site =   38 .. Mmps =   15 Ndav =   8 E =   -188.8939253375 Error = 8.74e-19 FLOPS = 6.61e+09 Tdav = 0.00 T = 0.04
 --> Site =   39 .. Mmps =   15 Ndav =   4 E =   -188.8939253529 Error = 3.49e-19 FLOPS = 6.04e+09 Tdav = 0.00 T = 0.04
 --> Site =   40 .. Mmps =   15 Ndav =   7 E =   -188.8939253953 Error = 2.90e-19 FLOPS = 6.67e+09 Tdav = 0.00 T = 0.04
 --> Site =   41 .. Mmps =   15 Ndav =   7 E =   -188.8939254223 Error = 3.49e-19 FLOPS = 6.84e+09 Tdav = 0.00 T = 0.11
 --> Site =   42 .. Mmps =   15 Ndav =   8 E =   -188.8939257005 Error = 5.64e-20 FLOPS = 7.06e+09 Tdav = 0.00 T = 0.05
 --> Site =   43 .. Mmps =   15 Ndav =   8 E =   -188.8939258085 Error = 2.58e-19 FLOPS = 7.02e+09 Tdav = 0.00 T = 0.05
 --> Site =   44 .. Mmps =   15 Ndav =   8 E =   -188.8939263778 Error = 2.98e-19 FLOPS = 7.04e+09 Tdav = 0.00 T = 0.05
 --> Site =   45 .. Mmps =   15 Ndav =   8 E =   -188.8939270123 Error = 2.93e-20 FLOPS = 7.05e+09 Tdav = 0.00 T = 0.06
 --> Site =   46 .. Mmps =   15 Ndav =   8 E =   -188.8939275015 Error = 2.62e-19 FLOPS = 7.02e+09 Tdav = 0.00 T = 0.04
 --> Site =   47 .. Mmps =   15 Ndav =   7 E =   -188.8939285372 Error = 8.60e-20 FLOPS = 7.04e+09 Tdav = 0.00 T = 0.05
 --> Site =   48 .. Mmps =   15 Ndav =   8 E =   -188.8939291164 Error = 5.11e-20 FLOPS = 7.13e+09 Tdav = 0.00 T = 0.05
 --> Site =   49 .. Mmps =   15 Ndav =   8 E =   -188.8939292144 Error = 1.29e-19 FLOPS = 7.12e+09 Tdav = 0.00 T = 0.05
 --> Site =   50 .. Mmps =   15 Ndav =   7 E =   -188.8939295525 Error = 9.56e-20 FLOPS = 7.15e+09 Tdav = 0.00 T = 0.06
 --> Site =   51 .. Mmps =   15 Ndav =   7 E =   -188.8939295687 Error = 1.41e-19 FLOPS = 7.16e+09 Tdav = 0.00 T = 0.06
 --> Site =   52 .. Mmps =   15 Ndav =   6 E =   -188.8939297168 Error = 1.83e-19 FLOPS = 7.21e+09 Tdav = 0.00 T = 0.05
 --> Site =   53 .. Mmps =   15 Ndav =   6 E =   -188.8939298210 Error = 1.01e-19 FLOPS = 7.22e+09 Tdav = 0.00 T = 0.06
 --> Site =   54 .. Mmps =   15 Ndav =   7 E =   -188.8939302049 Error = 3.02e-18 FLOPS = 7.27e+09 Tdav = 0.00 T = 0.07
 --> Site =   55 .. Mmps =   15 Ndav =  10 E =   -188.8939303573 Error = 2.99e-19 FLOPS = 7.23e+09 Tdav = 0.00 T = 0.05
 --> Site =   56 .. Mmps =   15 Ndav =   8 E =   -188.8939306298 Error = 1.57e-18 FLOPS = 7.30e+09 Tdav = 0.00 T = 0.05
 --> Site =   57 .. Mmps =   15 Ndav =  10 E =   -188.8939307695 Error = 7.92e-20 FLOPS = 7.29e+09 Tdav = 0.00 T = 0.07
 --> Site =   58 .. Mmps =   15 Ndav =   8 E =   -188.8939310211 Error = 8.13e-20 FLOPS = 7.33e+09 Tdav = 0.00 T = 0.05
 --> Site =   59 .. Mmps =   15 Ndav =  10 E =   -188.8939311861 Error = 1.27e-19 FLOPS = 7.26e+09 Tdav = 0.00 T = 0.05
 --> Site =   60 .. Mmps =   15 Ndav =   8 E =   -188.8939314146 Error = 1.30e-19 FLOPS = 7.32e+09 Tdav = 0.00 T = 0.05
 --> Site =   61 .. Mmps =   15 Ndav =   9 E =   -188.8939315390 Error = 1.72e-19 FLOPS = 7.37e+09 Tdav = 0.00 T = 0.05
 --> Site =   62 .. Mmps =   15 Ndav =   7 E =   -188.8939317272 Error = 5.55e-20 FLOPS = 7.37e+09 Tdav = 0.00 T = 0.05
 --> Site =   63 .. Mmps =   15 Ndav =   9 E =   -188.8939322644 Error = 2.37e-19 FLOPS = 7.36e+09 Tdav = 0.00 T = 0.05
 --> Site =   64 .. Mmps =   15 Ndav =   7 E =   -188.8939324225 Error = 1.65e-18 FLOPS = 7.39e+09 Tdav = 0.00 T = 0.07
 --> Site =   65 .. Mmps =   15 Ndav =   4 E =   -188.8939324315 Error = 2.91e-19 FLOPS = 7.10e+09 Tdav = 0.00 T = 0.05
 --> Site =   66 .. Mmps =   15 Ndav =   6 E =   -188.8939324527 Error = 8.96e-20 FLOPS = 7.44e+09 Tdav = 0.00 T = 0.05
 --> Site =   67 .. Mmps =   15 Ndav =   7 E =   -188.8939324786 Error = 5.67e-19 FLOPS = 7.45e+09 Tdav = 0.00 T = 0.05
 --> Site =   68 .. Mmps =   15 Ndav =   8 E =   -188.8939326713 Error = 2.11e-19 FLOPS = 7.38e+09 Tdav = 0.00 T = 0.06
 --> Site =   69 .. Mmps =   15 Ndav =   7 E =   -188.8939327389 Error = 2.23e-19 FLOPS = 7.20e+09 Tdav = 0.00 T = 0.05
 --> Site =   70 .. Mmps =   15 Ndav =   7 E =   -188.8939329069 Error = 3.55e-19 FLOPS = 7.27e+09 Tdav = 0.00 T = 0.07
 --> Site =   71 .. Mmps =   15 Ndav =   7 E =   -188.8939336599 Error = 2.62e-19 FLOPS = 7.24e+09 Tdav = 0.00 T = 0.05
 --> Site =   72 .. Mmps =   15 Ndav =   9 E =   -188.8939363967 Error = 2.96e-19 FLOPS = 7.26e+09 Tdav = 0.00 T = 0.05
 --> Site =   73 .. Mmps =   15 Ndav =   9 E =   -188.8939368547 Error = 2.40e-19 FLOPS = 7.29e+09 Tdav = 0.00 T = 0.05
 --> Site =   74 .. Mmps =   15 Ndav =   8 E =   -188.8939383297 Error = 3.30e-19 FLOPS = 7.22e+09 Tdav = 0.00 T = 0.05
 --> Site =   75 .. Mmps =   15 Ndav =   7 E =   -188.8939383818 Error = 2.52e-19 FLOPS = 7.21e+09 Tdav = 0.00 T = 0.06
 --> Site =   76 .. Mmps =   15 Ndav =   7 E =   -188.8939386855 Error = 2.05e-19 FLOPS = 7.30e+09 Tdav = 0.00 T = 0.07
 --> Site =   77 .. Mmps =   15 Ndav =   4 E =   -188.8939386958 Error = 3.95e-20 FLOPS = 6.80e+09 Tdav = 0.00 T = 0.05
 --> Site =   78 .. Mmps =   15 Ndav =   6 E =   -188.8939388005 Error = 1.43e-18 FLOPS = 7.21e+09 Tdav = 0.00 T = 0.05
 --> Site =   79 .. Mmps =   15 Ndav =   8 E =   -188.8939388520 Error = 4.11e-19 FLOPS = 7.32e+09 Tdav = 0.00 T = 0.05
 --> Site =   80 .. Mmps =   15 Ndav =   7 E =   -188.8939391730 Error = 2.16e-19 FLOPS = 7.23e+09 Tdav = 0.00 T = 0.08
 --> Site =   81 .. Mmps =   15 Ndav =  10 E =   -188.8939393498 Error = 3.06e-20 FLOPS = 7.28e+09 Tdav = 0.00 T = 0.08
 --> Site =   82 .. Mmps =   15 Ndav =   8 E =   -188.8939395574 Error = 1.77e-19 FLOPS = 7.26e+09 Tdav = 0.00 T = 0.05
 --> Site =   83 .. Mmps =   15 Ndav =  10 E =   -188.8939397275 Error = 1.79e-19 FLOPS = 7.17e+09 Tdav = 0.00 T = 0.05
 --> Site =   84 .. Mmps =   15 Ndav =   8 E =   -188.8939402166 Error = 2.22e-19 FLOPS = 7.32e+09 Tdav = 0.00 T = 0.05
 --> Site =   85 .. Mmps =   15 Ndav =  10 E =   -188.8939404170 Error = 1.99e-20 FLOPS = 7.18e+09 Tdav = 0.00 T = 0.05
 --> Site =   86 .. Mmps =   15 Ndav =   8 E =   -188.8939409093 Error = 1.32e-19 FLOPS = 7.28e+09 Tdav = 0.00 T = 0.05
 --> Site =   87 .. Mmps =   15 Ndav =   9 E =   -188.8939411001 Error = 1.07e-19 FLOPS = 7.32e+09 Tdav = 0.00 T = 0.06
 --> Site =   88 .. Mmps =   15 Ndav =   7 E =   -188.8939414114 Error = 7.83e-20 FLOPS = 7.27e+09 Tdav = 0.00 T = 0.05
 --> Site =   89 .. Mmps =   15 Ndav =   9 E =   -188.8939420822 Error = 2.65e-19 FLOPS = 7.24e+09 Tdav = 0.00 T = 0.06
 --> Site =   90 .. Mmps =   15 Ndav =   7 E =   -188.8939422991 Error = 4.25e-20 FLOPS = 7.31e+09 Tdav = 0.00 T = 0.07
 --> Site =   91 .. Mmps =   15 Ndav =   4 E =   -188.8939423157 Error = 2.03e-19 FLOPS = 6.89e+09 Tdav = 0.00 T = 0.07
 --> Site =   92 .. Mmps =   15 Ndav =   7 E =   -188.8939423455 Error = 1.21e-19 FLOPS = 7.26e+09 Tdav = 0.00 T = 0.05
 --> Site =   93 .. Mmps =   15 Ndav =   7 E =   -188.8939423696 Error = 4.07e-20 FLOPS = 7.31e+09 Tdav = 0.00 T = 0.05
 --> Site =   94 .. Mmps =   15 Ndav =   8 E =   -188.8939427740 Error = 2.01e-20 FLOPS = 7.28e+09 Tdav = 0.00 T = 0.05
 --> Site =   95 .. Mmps =   15 Ndav =   8 E =   -188.8939428511 Error = 1.97e-19 FLOPS = 7.29e+09 Tdav = 0.00 T = 0.07
 --> Site =   96 .. Mmps =   15 Ndav =   7 E =   -188.8939431687 Error = 1.01e-19 FLOPS = 7.38e+09 Tdav = 0.00 T = 0.05
 --> Site =   97 .. Mmps =   15 Ndav =   9 E =   -188.8939435340 Error = 2.29e-20 FLOPS = 7.44e+09 Tdav = 0.00 T = 0.05
 --> Site =   98 .. Mmps =   15 Ndav =   8 E =   -188.8939456340 Error = 4.60e-19 FLOPS = 7.46e+09 Tdav = 0.00 T = 0.07
 --> Site =   99 .. Mmps =   15 Ndav =   8 E =   -188.8939458055 Error = 2.14e-19 FLOPS = 7.37e+09 Tdav = 0.00 T = 0.05
 --> Site =  100 .. Mmps =   15 Ndav =   8 E =   -188.8939468610 Error = 1.06e-19 FLOPS = 7.44e+09 Tdav = 0.00 T = 0.05
 --> Site =  101 .. Mmps =   15 Ndav =   7 E =   -188.8939469339 Error = 3.63e-19 FLOPS = 7.42e+09 Tdav = 0.00 T = 0.05
 --> Site =  102 .. Mmps =   15 Ndav =   7 E =   -188.8939472436 Error = 2.05e-19 FLOPS = 7.43e+09 Tdav = 0.00 T = 0.05
 --> Site =  103 .. Mmps =   15 Ndav =   6 E =   -188.8939472529 Error = 1.02e-19 FLOPS = 7.32e+09 Tdav = 0.00 T = 0.05
 --> Site =  104 .. Mmps =   15 Ndav =   6 E =   -188.8939473619 Error = 1.75e-19 FLOPS = 7.30e+09 Tdav = 0.00 T = 0.05
 --> Site =  105 .. Mmps =   15 Ndav =   8 E =   -188.8939474088 Error = 5.79e-20 FLOPS = 7.38e+09 Tdav = 0.00 T = 0.06
 --> Site =  106 .. Mmps =   15 Ndav =   7 E =   -188.8939477365 Error = 1.94e-19 FLOPS = 7.35e+09 Tdav = 0.00 T = 0.05
 --> Site =  107 .. Mmps =   15 Ndav =  10 E =   -188.8939479119 Error = 4.43e-19 FLOPS = 7.28e+09 Tdav = 0.00 T = 0.05
 --> Site =  108 .. Mmps =   15 Ndav =   8 E =   -188.8939482751 Error = 1.26e-19 FLOPS = 7.30e+09 Tdav = 0.00 T = 0.05
 --> Site =  109 .. Mmps =   15 Ndav =  11 E =   -188.8939485077 Error = 5.23e-20 FLOPS = 7.09e+09 Tdav = 0.00 T = 0.05
 --> Site =  110 .. Mmps =   15 Ndav =   9 E =   -188.8939492486 Error = 1.94e-18 FLOPS = 7.31e+09 Tdav = 0.00 T = 0.05
 --> Site =  111 .. Mmps =   15 Ndav =  10 E =   -188.8939495698 Error = 6.41e-19 FLOPS = 7.18e+09 Tdav = 0.00 T = 0.05
 --> Site =  112 .. Mmps =   15 Ndav =   8 E =   -188.8939504350 Error = 2.43e-19 FLOPS = 7.34e+09 Tdav = 0.00 T = 0.05
 --> Site =  113 .. Mmps =   15 Ndav =  10 E =   -188.8939507507 Error = 1.37e-19 FLOPS = 7.21e+09 Tdav = 0.00 T = 0.05
 --> Site =  114 .. Mmps =   15 Ndav =   8 E =   -188.8939513510 Error = 1.32e-18 FLOPS = 7.29e+09 Tdav = 0.00 T = 0.05
 --> Site =  115 .. Mmps =   15 Ndav =   9 E =   -188.8939522086 Error = 1.92e-19 FLOPS = 7.27e+09 Tdav = 0.00 T = 0.05
 --> Site =  116 .. Mmps =   15 Ndav =   8 E =   -188.8939526039 Error = 2.46e-18 FLOPS = 7.31e+09 Tdav = 0.00 T = 0.05
 --> Site =  117 .. Mmps =   15 Ndav =   4 E =   -188.8939526271 Error = 4.00e-19 FLOPS = 6.87e+09 Tdav = 0.00 T = 0.05
 --> Site =  118 .. Mmps =   15 Ndav =   8 E =   -188.8939528329 Error = 7.28e-20 FLOPS = 7.23e+09 Tdav = 0.00 T = 0.04
 --> Site =  119 .. Mmps =   15 Ndav =   7 E =   -188.8939528728 Error = 3.18e-19 FLOPS = 7.18e+09 Tdav = 0.00 T = 0.05
 --> Site =  120 .. Mmps =   15 Ndav =   9 E =   -188.8939538941 Error = 1.39e-19 FLOPS = 7.02e+09 Tdav = 0.00 T = 0.05
 --> Site =  121 .. Mmps =   15 Ndav =   8 E =   -188.8939539763 Error = 1.37e-19 FLOPS = 7.11e+09 Tdav = 0.00 T = 0.05
 --> Site =  122 .. Mmps =   15 Ndav =   8 E =   -188.8939545867 Error = 1.24e-19 FLOPS = 7.10e+09 Tdav = 0.00 T = 0.06
 --> Site =  123 .. Mmps =   15 Ndav =   9 E =   -188.8939551555 Error = 7.36e-20 FLOPS = 7.17e+09 Tdav = 0.00 T = 0.04
 --> Site =  124 .. Mmps =   15 Ndav =   8 E =   -188.8939567631 Error = 7.63e-20 FLOPS = 6.92e+09 Tdav = 0.00 T = 0.05
 --> Site =  125 .. Mmps =   15 Ndav =   7 E =   -188.8939571352 Error = 1.53e-19 FLOPS = 6.86e+09 Tdav = 0.00 T = 0.05
 --> Site =  126 .. Mmps =   15 Ndav =   8 E =   -188.8939579674 Error = 4.08e-19 FLOPS = 6.82e+09 Tdav = 0.00 T = 0.05
 --> Site =  127 .. Mmps =   15 Ndav =   8 E =   -188.8939580604 Error = 3.62e-20 FLOPS = 6.80e+09 Tdav = 0.00 T = 0.05
 --> Site =  128 .. Mmps =   15 Ndav =   7 E =   -188.8939584143 Error = 1.71e-19 FLOPS = 6.77e+09 Tdav = 0.00 T = 0.05
 --> Site =  129 .. Mmps =   15 Ndav =   6 E =   -188.8939584214 Error = 1.44e-19 FLOPS = 6.55e+09 Tdav = 0.00 T = 0.04
 --> Site =  130 .. Mmps =   15 Ndav =   6 E =   -188.8939584860 Error = 1.39e-18 FLOPS = 6.42e+09 Tdav = 0.00 T = 0.04
 --> Site =  131 .. Mmps =   15 Ndav =   7 E =   -188.8939585366 Error = 6.31e-20 FLOPS = 6.57e+09 Tdav = 0.00 T = 0.05
 --> Site =  132 .. Mmps =   15 Ndav =   7 E =   -188.8939588009 Error = 7.14e-19 FLOPS = 6.48e+09 Tdav = 0.00 T = 0.04
 --> Site =  133 .. Mmps =   15 Ndav =  11 E =   -188.8939590381 Error = 2.48e-19 FLOPS = 6.32e+09 Tdav = 0.00 T = 0.04
 --> Site =  134 .. Mmps =   15 Ndav =   8 E =   -188.8939592476 Error = 1.71e-18 FLOPS = 6.48e+09 Tdav = 0.00 T = 0.04
 --> Site =  135 .. Mmps =   15 Ndav =  12 E =   -188.8939598928 Error = 3.10e-19 FLOPS = 6.07e+09 Tdav = 0.00 T = 0.05
 --> Site =  136 .. Mmps =   15 Ndav =   8 E =   -188.8939602721 Error = 1.20e-18 FLOPS = 6.32e+09 Tdav = 0.00 T = 0.04
 --> Site =  137 .. Mmps =   15 Ndav =  11 E =   -188.8939606914 Error = 3.62e-19 FLOPS = 6.08e+09 Tdav = 0.00 T = 0.05
 --> Site =  138 .. Mmps =   15 Ndav =   8 E =   -188.8939611510 Error = 4.24e-20 FLOPS = 6.13e+09 Tdav = 0.00 T = 0.04
 --> Site =  139 .. Mmps =   15 Ndav =  10 E =   -188.8939613870 Error = 1.08e-19 FLOPS = 6.04e+09 Tdav = 0.00 T = 0.05
 --> Site =  140 .. Mmps =   15 Ndav =   7 E =   -188.8939615523 Error = 9.66e-20 FLOPS = 6.00e+09 Tdav = 0.00 T = 0.04
 --> Site =  141 .. Mmps =   15 Ndav =   8 E =   -188.8939616298 Error = 2.00e-19 FLOPS = 5.93e+09 Tdav = 0.00 T = 0.04
 --> Site =  142 .. Mmps =   15 Ndav =   6 E =   -188.8939617795 Error = 9.37e-20 FLOPS = 5.70e+09 Tdav = 0.00 T = 0.04
 --> Site =  143 .. Mmps =   15 Ndav =   4 E =   -188.8939617904 Error = 2.03e-19 FLOPS = 5.08e+09 Tdav = 0.00 T = 0.04
 --> Site =  144 .. Mmps =   15 Ndav =   7 E =   -188.8939618857 Error = 2.24e-19 FLOPS = 5.68e+09 Tdav = 0.00 T = 0.04
 --> Site =  145 .. Mmps =   15 Ndav =   7 E =   -188.8939619170 Error = 1.09e-19 FLOPS = 5.57e+09 Tdav = 0.00 T = 0.04
 --> Site =  146 .. Mmps =   15 Ndav =   8 E =   -188.8939623070 Error = 3.95e-19 FLOPS = 5.51e+09 Tdav = 0.00 T = 0.04
 --> Site =  147 .. Mmps =   15 Ndav =   8 E =   -188.8939623677 Error = 2.05e-19 FLOPS = 5.42e+09 Tdav = 0.00 T = 0.03
 --> Site =  148 .. Mmps =   15 Ndav =   8 E =   -188.8939633908 Error = 1.48e-19 FLOPS = 5.31e+09 Tdav = 0.00 T = 0.04
 --> Site =  149 .. Mmps =   15 Ndav =   7 E =   -188.8939634560 Error = 1.99e-19 FLOPS = 5.02e+09 Tdav = 0.00 T = 0.04
 --> Site =  150 .. Mmps =   15 Ndav =   7 E =   -188.8939637705 Error = 1.90e-19 FLOPS = 5.01e+09 Tdav = 0.00 T = 0.04
 --> Site =  151 .. Mmps =   15 Ndav =   8 E =   -188.8939638200 Error = 2.82e-19 FLOPS = 4.82e+09 Tdav = 0.00 T = 0.04
 --> Site =  152 .. Mmps =   15 Ndav =   7 E =   -188.8939639675 Error = 8.54e-20 FLOPS = 4.72e+09 Tdav = 0.00 T = 0.03
 --> Site =  153 .. Mmps =   15 Ndav =   5 E =   -188.8939640524 Error = 2.42e-19 FLOPS = 4.40e+09 Tdav = 0.00 T = 0.05
 --> Site =  154 .. Mmps =   15 Ndav =   7 E =   -188.8939643283 Error = 1.94e-19 FLOPS = 4.51e+09 Tdav = 0.00 T = 0.04
 --> Site =  155 .. Mmps =   15 Ndav =   6 E =   -188.8939643379 Error = 2.05e-19 FLOPS = 4.30e+09 Tdav = 0.00 T = 0.03
 --> Site =  156 .. Mmps =   15 Ndav =   7 E =   -188.8939643773 Error = 2.03e-19 FLOPS = 4.07e+09 Tdav = 0.00 T = 0.03
 --> Site =  157 .. Mmps =   15 Ndav =   6 E =   -188.8939644240 Error = 5.47e-19 FLOPS = 3.92e+09 Tdav = 0.00 T = 0.03
 --> Site =  158 .. Mmps =   15 Ndav =   7 E =   -188.8939644506 Error = 1.76e-20 FLOPS = 3.79e+09 Tdav = 0.00 T = 0.03
 --> Site =  159 .. Mmps =   15 Ndav =   7 E =   -188.8939644722 Error = 6.15e-19 FLOPS = 3.46e+09 Tdav = 0.00 T = 0.04
 --> Site =  160 .. Mmps =   15 Ndav =   7 E =   -188.8939645022 Error = 1.90e-19 FLOPS = 3.32e+09 Tdav = 0.00 T = 0.05
 --> Site =  161 .. Mmps =   15 Ndav =   6 E =   -188.8939645192 Error = 6.51e-21 FLOPS = 3.12e+09 Tdav = 0.00 T = 0.03
 --> Site =  162 .. Mmps =   15 Ndav =   6 E =   -188.8939645387 Error = 3.35e-21 FLOPS = 2.78e+09 Tdav = 0.00 T = 0.03
 --> Site =  163 .. Mmps =   15 Ndav =   6 E =   -188.8939645464 Error = 4.64e-20 FLOPS = 2.68e+09 Tdav = 0.00 T = 0.03
 --> Site =  164 .. Mmps =   15 Ndav =   4 E =   -188.8939645483 Error = 1.29e-20 FLOPS = 2.19e+09 Tdav = 0.00 T = 0.03
 --> Site =  165 .. Mmps =   15 Ndav =   2 E =   -188.8939645483 Error = 7.14e-28 FLOPS = 8.94e+08 Tdav = 0.00 T = 0.03
 --> Site =  166 .. Mmps =   15 Ndav =   1 E =   -188.8939645483 Error = 3.31e-56 FLOPS = 2.86e+08 Tdav = 0.00 T = 0.03
 --> Site =  167 .. Mmps =   15 Ndav =   1 E =   -188.8939645483 Error = 8.14e-81 FLOPS = 1.31e+08 Tdav = 0.00 T = 0.03
 --> Site =  168 .. Mmps =   15 Ndav =   1 E =   -188.8939645483 Error = 0.00e+00 FLOPS = 3.19e+07 Tdav = 0.00 T = 0.03
Time elapsed =    146.458 | E =    -188.8939645483 | DE = -4.57e-05 | DW = 5.04120e-18
Time sweep =        9.358 | 931 MFLOP/SWP
 | Dmem = 104 KB (3%) | Imem = 232 B (79%) | Hmem = 494 KB | Wmem = 3.52 KB | Pmem = 3.52 KB
 | Tread = 0.170 | Twrite = 0.874 | Tfpread = 0.033 | Tfpwrite = 0.022 | Tmporead = 0.000 | Tasync = 0.000
 | data = 11.2 MB | cpsd = 8.66 MB
 | Trot = 0.028 | Tctr = 0.005 | Tint = 0.007 | Tmid = 0.000 | Tdctr = 0.107 | Tdiag = 0.021 | Tinfo = 0.335
 | Teff = 2.223 | Tprt = 0.136 | Teig = 0.146 | Tblk = 7.491 | Tmve = 1.857 | Tdm = 0.002 | Tsplt = 0.016 | Tsvd = 0.000 | Torth = 0.000

Sweep =    3 | Direction = backward | Bond dimension =   15 | Noise =  1.00e-04 | Dav threshold =  1.00e-10
 <-- Site =  168 .. Mmps =    2 Ndav =   1 E =   -188.8939645483 Error = 0.00e+00 FLOPS = 4.04e+07 Tdav = 0.00 T = 0.02
 <-- Site =  167 .. Mmps =    4 Ndav =   1 E =   -188.8939645483 Error = 0.00e+00 FLOPS = 1.60e+08 Tdav = 0.00 T = 0.03
 <-- Site =  166 .. Mmps =    8 Ndav =   1 E =   -188.8939645483 Error = 0.00e+00 FLOPS = 3.89e+08 Tdav = 0.00 T = 0.03
 <-- Site =  165 .. Mmps =   15 Ndav =   1 E =   -188.8939645483 Error = 2.78e-24 FLOPS = 5.43e+08 Tdav = 0.00 T = 0.03
 <-- Site =  164 .. Mmps =   15 Ndav =   1 E =   -188.8939645483 Error = 1.08e-20 FLOPS = 1.08e+09 Tdav = 0.00 T = 0.03
 <-- Site =  163 .. Mmps =   15 Ndav =   1 E =   -188.8939645483 Error = 1.40e-21 FLOPS = 1.26e+09 Tdav = 0.00 T = 0.03
 <-- Site =  162 .. Mmps =   15 Ndav =   1 E =   -188.8939645483 Error = 2.78e-22 FLOPS = 1.36e+09 Tdav = 0.00 T = 0.03
 <-- Site =  161 .. Mmps =   15 Ndav =   2 E =   -188.8939645483 Error = 1.01e-20 FLOPS = 2.28e+09 Tdav = 0.00 T = 0.03
 <-- Site =  160 .. Mmps =   15 Ndav =   1 E =   -188.8939645483 Error = 1.31e-21 FLOPS = 1.68e+09 Tdav = 0.00 T = 0.03
 <-- Site =  159 .. Mmps =   15 Ndav =   2 E =   -188.8939645483 Error = 1.64e-20 FLOPS = 2.57e+09 Tdav = 0.00 T = 0.03
 <-- Site =  158 .. Mmps =   15 Ndav =   4 E =   -188.8939645497 Error = 1.43e-20 FLOPS = 3.81e+09 Tdav = 0.00 T = 0.03
 <-- Site =  157 .. Mmps =   15 Ndav =   4 E =   -188.8939645501 Error = 2.01e-20 FLOPS = 3.86e+09 Tdav = 0.00 T = 0.03
 <-- Site =  156 .. Mmps =   15 Ndav =   4 E =   -188.8939645506 Error = 5.09e-17 FLOPS = 4.20e+09 Tdav = 0.00 T = 0.03
 <-- Site =  155 .. Mmps =   15 Ndav =   3 E =   -188.8939645508 Error = 4.22e-20 FLOPS = 3.86e+09 Tdav = 0.00 T = 0.03
 <-- Site =  154 .. Mmps =   15 Ndav =   6 E =   -188.8939646018 Error = 1.08e-18 FLOPS = 4.75e+09 Tdav = 0.00 T = 0.03
 <-- Site =  153 .. Mmps =   15 Ndav =   5 E =   -188.8939647195 Error = 1.23e-20 FLOPS = 4.74e+09 Tdav = 0.00 T = 0.03
 <-- Site =  152 .. Mmps =   15 Ndav =   7 E =   -188.8939649837 Error = 9.22e-19 FLOPS = 5.06e+09 Tdav = 0.00 T = 0.03
 <-- Site =  151 .. Mmps =   15 Ndav =   5 E =   -188.8939649909 Error = 1.90e-20 FLOPS = 5.02e+09 Tdav = 0.00 T = 0.03
 <-- Site =  150 .. Mmps =   15 Ndav =   6 E =   -188.8939650107 Error = 8.54e-20 FLOPS = 5.33e+09 Tdav = 0.00 T = 0.03
 <-- Site =  149 .. Mmps =   15 Ndav =   5 E =   -188.8939650470 Error = 2.02e-19 FLOPS = 5.36e+09 Tdav = 0.00 T = 0.03
 <-- Site =  148 .. Mmps =   15 Ndav =   6 E =   -188.8939650766 Error = 1.39e-19 FLOPS = 5.43e+09 Tdav = 0.00 T = 0.04
 <-- Site =  147 .. Mmps =   15 Ndav =   5 E =   -188.8939650957 Error = 1.05e-20 FLOPS = 5.47e+09 Tdav = 0.00 T = 0.04
 <-- Site =  146 .. Mmps =   15 Ndav =   6 E =   -188.8939651191 Error = 7.86e-19 FLOPS = 5.64e+09 Tdav = 0.00 T = 0.04
 <-- Site =  145 .. Mmps =   15 Ndav =   4 E =   -188.8939651400 Error = 2.33e-20 FLOPS = 5.43e+09 Tdav = 0.00 T = 0.04
 <-- Site =  144 .. Mmps =   15 Ndav =   5 E =   -188.8939651560 Error = 1.45e-19 FLOPS = 5.69e+09 Tdav = 0.00 T = 0.04
 <-- Site =  143 .. Mmps =   15 Ndav =   4 E =   -188.8939651600 Error = 5.18e-20 FLOPS = 5.55e+09 Tdav = 0.00 T = 0.04
 <-- Site =  142 .. Mmps =   15 Ndav =   4 E =   -188.8939651692 Error = 9.73e-17 FLOPS = 5.75e+09 Tdav = 0.00 T = 0.03
 <-- Site =  141 .. Mmps =   15 Ndav =   5 E =   -188.8939652165 Error = 6.91e-21 FLOPS = 6.12e+09 Tdav = 0.00 T = 0.04
 <-- Site =  140 .. Mmps =   15 Ndav =   7 E =   -188.8939653840 Error = 1.11e-19 FLOPS = 6.36e+09 Tdav = 0.00 T = 0.04
 <-- Site =  139 .. Mmps =   15 Ndav =   9 E =   -188.8939654558 Error = 1.47e-19 FLOPS = 6.20e+09 Tdav = 0.00 T = 0.06
 <-- Site =  138 .. Mmps =   15 Ndav =   8 E =   -188.8939657558 Error = 6.18e-17 FLOPS = 6.34e+09 Tdav = 0.00 T = 0.04
 <-- Site =  137 .. Mmps =   15 Ndav =   9 E =   -188.8939660413 Error = 2.05e-20 FLOPS = 6.45e+09 Tdav = 0.00 T = 0.04
 <-- Site =  136 .. Mmps =   15 Ndav =   8 E =   -188.8939665833 Error = 2.17e-19 FLOPS = 6.63e+09 Tdav = 0.00 T = 0.04
 <-- Site =  135 .. Mmps =   15 Ndav =   7 E =   -188.8939667258 Error = 2.57e-19 FLOPS = 6.55e+09 Tdav = 0.00 T = 0.04
 <-- Site =  134 .. Mmps =   15 Ndav =   8 E =   -188.8939673801 Error = 4.07e-17 FLOPS = 6.64e+09 Tdav = 0.00 T = 0.04
 <-- Site =  133 .. Mmps =   15 Ndav =   9 E =   -188.8939674312 Error = 1.31e-19 FLOPS = 6.82e+09 Tdav = 0.00 T = 0.05
 <-- Site =  132 .. Mmps =   15 Ndav =   7 E =   -188.8939675748 Error = 2.72e-17 FLOPS = 6.46e+09 Tdav = 0.00 T = 0.04
 <-- Site =  131 .. Mmps =   15 Ndav =   5 E =   -188.8939675851 Error = 1.48e-20 FLOPS = 6.22e+09 Tdav = 0.00 T = 0.05
 <-- Site =  130 .. Mmps =   15 Ndav =   5 E =   -188.8939676001 Error = 5.94e-18 FLOPS = 6.29e+09 Tdav = 0.00 T = 0.04
 <-- Site =  129 .. Mmps =   15 Ndav =   3 E =   -188.8939676013 Error = 3.87e-19 FLOPS = 5.51e+09 Tdav = 0.00 T = 0.04
 <-- Site =  128 .. Mmps =   15 Ndav =   6 E =   -188.8939677023 Error = 9.47e-20 FLOPS = 6.67e+09 Tdav = 0.00 T = 0.05
 <-- Site =  127 .. Mmps =   15 Ndav =   6 E =   -188.8939678927 Error = 7.06e-20 FLOPS = 6.69e+09 Tdav = 0.00 T = 0.05
 <-- Site =  126 .. Mmps =   15 Ndav =   7 E =   -188.8939682837 Error = 4.80e-19 FLOPS = 6.75e+09 Tdav = 0.00 T = 0.05
 <-- Site =  125 .. Mmps =   15 Ndav =   8 E =   -188.8939683792 Error = 5.98e-20 FLOPS = 6.86e+09 Tdav = 0.00 T = 0.06
 <-- Site =  124 .. Mmps =   15 Ndav =   7 E =   -188.8939687128 Error = 2.95e-19 FLOPS = 6.79e+09 Tdav = 0.00 T = 0.05
 <-- Site =  123 .. Mmps =   15 Ndav =   9 E =   -188.8939689568 Error = 2.44e-19 FLOPS = 6.86e+09 Tdav = 0.00 T = 0.05
 <-- Site =  122 .. Mmps =   15 Ndav =   8 E =   -188.8939697192 Error = 1.86e-19 FLOPS = 6.94e+09 Tdav = 0.00 T = 0.05
 <-- Site =  121 .. Mmps =   15 Ndav =   7 E =   -188.8939698515 Error = 1.53e-19 FLOPS = 6.86e+09 Tdav = 0.00 T = 0.05
 <-- Site =  120 .. Mmps =   15 Ndav =   7 E =   -188.8939699759 Error = 7.68e-20 FLOPS = 6.87e+09 Tdav = 0.00 T = 0.05
 <-- Site =  119 .. Mmps =   15 Ndav =   7 E =   -188.8939701839 Error = 1.18e-20 FLOPS = 6.94e+09 Tdav = 0.00 T = 0.05
 <-- Site =  118 .. Mmps =   15 Ndav =   6 E =   -188.8939702557 Error = 2.35e-19 FLOPS = 6.81e+09 Tdav = 0.00 T = 0.06
 <-- Site =  117 .. Mmps =   15 Ndav =   6 E =   -188.8939702807 Error = 1.48e-19 FLOPS = 6.90e+09 Tdav = 0.00 T = 0.05
 <-- Site =  116 .. Mmps =   15 Ndav =   5 E =   -188.8939703343 Error = 5.50e-19 FLOPS = 6.78e+09 Tdav = 0.00 T = 0.05
 <-- Site =  115 .. Mmps =   15 Ndav =   9 E =   -188.8939706703 Error = 7.69e-21 FLOPS = 7.07e+09 Tdav = 0.00 T = 0.06
 <-- Site =  114 .. Mmps =   15 Ndav =   8 E =   -188.8939722868 Error = 1.33e-18 FLOPS = 7.09e+09 Tdav = 0.00 T = 0.05
 <-- Site =  113 .. Mmps =   15 Ndav =  10 E =   -188.8939727216 Error = 4.06e-19 FLOPS = 7.05e+09 Tdav = 0.00 T = 0.06
 <-- Site =  112 .. Mmps =   15 Ndav =   8 E =   -188.8939742209 Error = 1.12e-17 FLOPS = 7.09e+09 Tdav = 0.00 T = 0.05
 <-- Site =  111 .. Mmps =   15 Ndav =  11 E =   -188.8939756648 Error = 2.27e-19 FLOPS = 6.94e+09 Tdav = 0.00 T = 0.06
 <-- Site =  110 .. Mmps =   15 Ndav =   9 E =   -188.8939771223 Error = 3.26e-19 FLOPS = 7.07e+09 Tdav = 0.00 T = 0.06
 <-- Site =  109 .. Mmps =   15 Ndav =  12 E =   -188.8939782463 Error = 3.71e-20 FLOPS = 6.85e+09 Tdav = 0.00 T = 0.06
 <-- Site =  108 .. Mmps =   15 Ndav =   9 E =   -188.8939789889 Error = 9.91e-18 FLOPS = 7.10e+09 Tdav = 0.00 T = 0.06
 <-- Site =  107 .. Mmps =   15 Ndav =  10 E =   -188.8939794399 Error = 3.39e-19 FLOPS = 7.09e+09 Tdav = 0.00 T = 0.06
 <-- Site =  106 .. Mmps =   15 Ndav =   8 E =   -188.8939796046 Error = 2.46e-17 FLOPS = 7.19e+09 Tdav = 0.00 T = 0.06
 <-- Site =  105 .. Mmps =   15 Ndav =   5 E =   -188.8939796199 Error = 1.95e-20 FLOPS = 6.79e+09 Tdav = 0.00 T = 0.06
 <-- Site =  104 .. Mmps =   15 Ndav =   5 E =   -188.8939796342 Error = 6.15e-17 FLOPS = 6.86e+09 Tdav = 0.00 T = 0.07
 <-- Site =  103 .. Mmps =   15 Ndav =   3 E =   -188.8939796366 Error = 5.47e-20 FLOPS = 6.07e+09 Tdav = 0.00 T = 0.06
 <-- Site =  102 .. Mmps =   15 Ndav =   6 E =   -188.8939797481 Error = 1.31e-19 FLOPS = 7.32e+09 Tdav = 0.00 T = 0.06
 <-- Site =  101 .. Mmps =   15 Ndav =   7 E =   -188.8939799078 Error = 3.94e-20 FLOPS = 7.39e+09 Tdav = 0.00 T = 0.07
 <-- Site =  100 .. Mmps =   15 Ndav =   7 E =   -188.8939802192 Error = 3.52e-19 FLOPS = 7.36e+09 Tdav = 0.00 T = 0.06
 <-- Site =   99 .. Mmps =   15 Ndav =   7 E =   -188.8939803884 Error = 3.45e-20 FLOPS = 7.28e+09 Tdav = 0.00 T = 0.05
 <-- Site =   98 .. Mmps =   15 Ndav =   7 E =   -188.8939806707 Error = 3.03e-19 FLOPS = 7.32e+09 Tdav = 0.00 T = 0.06
 <-- Site =   97 .. Mmps =   15 Ndav =  10 E =   -188.8939814153 Error = 2.60e-19 FLOPS = 7.32e+09 Tdav = 0.00 T = 0.06
 <-- Site =   96 .. Mmps =   15 Ndav =   9 E =   -188.8939823617 Error = 1.69e-18 FLOPS = 7.37e+09 Tdav = 0.00 T = 0.06
 <-- Site =   95 .. Mmps =   15 Ndav =   7 E =   -188.8939823936 Error = 2.33e-20 FLOPS = 7.40e+09 Tdav = 0.00 T = 0.06
 <-- Site =   94 .. Mmps =   15 Ndav =   7 E =   -188.8939824426 Error = 1.13e-18 FLOPS = 7.32e+09 Tdav = 0.00 T = 0.06
 <-- Site =   93 .. Mmps =   15 Ndav =   7 E =   -188.8939824971 Error = 3.89e-19 FLOPS = 7.38e+09 Tdav = 0.00 T = 0.07
 <-- Site =   92 .. Mmps =   15 Ndav =   6 E =   -188.8939825196 Error = 1.81e-19 FLOPS = 7.38e+09 Tdav = 0.00 T = 0.06
 <-- Site =   91 .. Mmps =   15 Ndav =   6 E =   -188.8939825249 Error = 3.45e-19 FLOPS = 7.35e+09 Tdav = 0.00 T = 0.06
 <-- Site =   90 .. Mmps =   15 Ndav =   5 E =   -188.8939825385 Error = 2.32e-17 FLOPS = 7.12e+09 Tdav = 0.00 T = 0.06
 <-- Site =   89 .. Mmps =   15 Ndav =   8 E =   -188.8939826789 Error = 2.33e-20 FLOPS = 7.44e+09 Tdav = 0.00 T = 0.06
 <-- Site =   88 .. Mmps =   15 Ndav =   8 E =   -188.8939843372 Error = 1.73e-17 FLOPS = 7.42e+09 Tdav = 0.00 T = 0.08
 <-- Site =   87 .. Mmps =   15 Ndav =  10 E =   -188.8939845368 Error = 2.24e-19 FLOPS = 7.28e+09 Tdav = 0.00 T = 0.07
 <-- Site =   86 .. Mmps =   15 Ndav =   7 E =   -188.8939850182 Error = 3.40e-17 FLOPS = 7.43e+09 Tdav = 0.00 T = 0.06
 <-- Site =   85 .. Mmps =   15 Ndav =  10 E =   -188.8939855890 Error = 1.90e-20 FLOPS = 7.22e+09 Tdav = 0.00 T = 0.06
 <-- Site =   84 .. Mmps =   15 Ndav =   8 E =   -188.8939861554 Error = 3.77e-18 FLOPS = 7.33e+09 Tdav = 0.00 T = 0.06
 <-- Site =   83 .. Mmps =   15 Ndav =  12 E =   -188.8939868009 Error = 1.35e-20 FLOPS = 7.12e+09 Tdav = 0.00 T = 0.06
 <-- Site =   82 .. Mmps =   15 Ndav =   8 E =   -188.8939871402 Error = 2.97e-16 FLOPS = 7.38e+09 Tdav = 0.00 T = 0.06
 <-- Site =   81 .. Mmps =   15 Ndav =  10 E =   -188.8939873531 Error = 5.83e-20 FLOPS = 7.36e+09 Tdav = 0.00 T = 0.06
 <-- Site =   80 .. Mmps =   15 Ndav =   7 E =   -188.8939874469 Error = 9.46e-18 FLOPS = 7.50e+09 Tdav = 0.00 T = 0.06
 <-- Site =   79 .. Mmps =   15 Ndav =   6 E =   -188.8939874611 Error = 2.52e-20 FLOPS = 7.72e+09 Tdav = 0.00 T = 0.06
 <-- Site =   78 .. Mmps =   15 Ndav =   5 E =   -188.8939874719 Error = 1.17e-19 FLOPS = 7.05e+09 Tdav = 0.00 T = 0.06
 <-- Site =   77 .. Mmps =   15 Ndav =   3 E =   -188.8939874740 Error = 8.61e-20 FLOPS = 6.14e+09 Tdav = 0.00 T = 0.06
 <-- Site =   76 .. Mmps =   15 Ndav =   6 E =   -188.8939876190 Error = 1.13e-19 FLOPS = 7.16e+09 Tdav = 0.00 T = 0.06
 <-- Site =   75 .. Mmps =   15 Ndav =   6 E =   -188.8939877628 Error = 3.90e-20 FLOPS = 7.16e+09 Tdav = 0.00 T = 0.06
 <-- Site =   74 .. Mmps =   15 Ndav =   6 E =   -188.8939880443 Error = 1.54e-18 FLOPS = 7.13e+09 Tdav = 0.00 T = 0.06
 <-- Site =   73 .. Mmps =   15 Ndav =   7 E =   -188.8939885255 Error = 2.55e-19 FLOPS = 7.27e+09 Tdav = 0.00 T = 0.06
 <-- Site =   72 .. Mmps =   15 Ndav =   8 E =   -188.8939898240 Error = 9.29e-20 FLOPS = 7.27e+09 Tdav = 0.00 T = 0.06
 <-- Site =   71 .. Mmps =   15 Ndav =   8 E =   -188.8939901427 Error = 3.76e-19 FLOPS = 7.26e+09 Tdav = 0.00 T = 0.06
 <-- Site =   70 .. Mmps =   15 Ndav =   9 E =   -188.8939912273 Error = 7.83e-19 FLOPS = 7.26e+09 Tdav = 0.00 T = 0.06
 <-- Site =   69 .. Mmps =   15 Ndav =   7 E =   -188.8939912382 Error = 6.42e-20 FLOPS = 7.21e+09 Tdav = 0.00 T = 0.06
 <-- Site =   68 .. Mmps =   15 Ndav =   7 E =   -188.8939912560 Error = 5.36e-20 FLOPS = 7.24e+09 Tdav = 0.00 T = 0.08
 <-- Site =   67 .. Mmps =   15 Ndav =   5 E =   -188.8939912700 Error = 1.36e-20 FLOPS = 7.03e+09 Tdav = 0.00 T = 0.07
 <-- Site =   66 .. Mmps =   15 Ndav =   5 E =   -188.8939912795 Error = 2.37e-19 FLOPS = 6.94e+09 Tdav = 0.00 T = 0.06
 <-- Site =   65 .. Mmps =   15 Ndav =   6 E =   -188.8939912831 Error = 2.53e-19 FLOPS = 7.16e+09 Tdav = 0.00 T = 0.05
 <-- Site =   64 .. Mmps =   15 Ndav =   4 E =   -188.8939912885 Error = 8.43e-17 FLOPS = 6.67e+09 Tdav = 0.00 T = 0.06
 <-- Site =   63 .. Mmps =   15 Ndav =   8 E =   -188.8939913549 Error = 6.10e-21 FLOPS = 7.25e+09 Tdav = 0.00 T = 0.06
 <-- Site =   62 .. Mmps =   15 Ndav =   8 E =   -188.8939930029 Error = 2.55e-17 FLOPS = 7.17e+09 Tdav = 0.00 T = 0.06
 <-- Site =   61 .. Mmps =   15 Ndav =  10 E =   -188.8939931022 Error = 6.22e-21 FLOPS = 7.17e+09 Tdav = 0.00 T = 0.06
 <-- Site =   60 .. Mmps =   15 Ndav =   7 E =   -188.8939932366 Error = 8.25e-17 FLOPS = 7.14e+09 Tdav = 0.00 T = 0.06
 <-- Site =   59 .. Mmps =   15 Ndav =  10 E =   -188.8939933793 Error = 3.89e-20 FLOPS = 7.14e+09 Tdav = 0.00 T = 0.06
 <-- Site =   58 .. Mmps =   15 Ndav =   7 E =   -188.8939935121 Error = 2.25e-19 FLOPS = 7.15e+09 Tdav = 0.00 T = 0.05
 <-- Site =   57 .. Mmps =   15 Ndav =   9 E =   -188.8939936054 Error = 4.64e-20 FLOPS = 7.17e+09 Tdav = 0.00 T = 0.07
 <-- Site =   56 .. Mmps =   15 Ndav =   7 E =   -188.8939937008 Error = 5.33e-17 FLOPS = 7.12e+09 Tdav = 0.00 T = 0.06
 <-- Site =   55 .. Mmps =   15 Ndav =   9 E =   -188.8939937636 Error = 2.08e-20 FLOPS = 7.20e+09 Tdav = 0.00 T = 0.06
 <-- Site =   54 .. Mmps =   15 Ndav =   7 E =   -188.8939938283 Error = 4.93e-17 FLOPS = 7.13e+09 Tdav = 0.00 T = 0.06
 <-- Site =   53 .. Mmps =   15 Ndav =   7 E =   -188.8939938565 Error = 1.83e-20 FLOPS = 7.11e+09 Tdav = 0.00 T = 0.06
 <-- Site =   52 .. Mmps =   15 Ndav =   6 E =   -188.8939939113 Error = 5.69e-18 FLOPS = 7.03e+09 Tdav = 0.00 T = 0.06
 <-- Site =   51 .. Mmps =   15 Ndav =   3 E =   -188.8939939163 Error = 6.92e-20 FLOPS = 6.16e+09 Tdav = 0.00 T = 0.06
 <-- Site =   50 .. Mmps =   15 Ndav =   6 E =   -188.8939940899 Error = 4.97e-19 FLOPS = 7.24e+09 Tdav = 0.00 T = 0.05
 <-- Site =   49 .. Mmps =   15 Ndav =   7 E =   -188.8939943377 Error = 4.20e-20 FLOPS = 7.32e+09 Tdav = 0.00 T = 0.06
 <-- Site =   48 .. Mmps =   15 Ndav =   7 E =   -188.8939949361 Error = 1.09e-19 FLOPS = 7.25e+09 Tdav = 0.00 T = 0.05
 <-- Site =   47 .. Mmps =   15 Ndav =   8 E =   -188.8939949857 Error = 5.32e-20 FLOPS = 7.20e+09 Tdav = 0.00 T = 0.05
 <-- Site =   46 .. Mmps =   15 Ndav =   9 E =   -188.8939968777 Error = 1.11e-18 FLOPS = 7.20e+09 Tdav = 0.00 T = 0.06
 <-- Site =   45 .. Mmps =   15 Ndav =   8 E =   -188.8939969276 Error = 5.14e-20 FLOPS = 7.12e+09 Tdav = 0.00 T = 0.05
 <-- Site =   44 .. Mmps =   15 Ndav =   8 E =   -188.8939983615 Error = 4.91e-19 FLOPS = 7.10e+09 Tdav = 0.00 T = 0.06
 <-- Site =   43 .. Mmps =   15 Ndav =   5 E =   -188.8939984406 Error = 2.75e-20 FLOPS = 6.93e+09 Tdav = 0.00 T = 0.05
 <-- Site =   42 .. Mmps =   15 Ndav =   7 E =   -188.8939985108 Error = 1.50e-18 FLOPS = 7.19e+09 Tdav = 0.00 T = 0.05
 <-- Site =   41 .. Mmps =   15 Ndav =   4 E =   -188.8939985417 Error = 5.73e-19 FLOPS = 6.74e+09 Tdav = 0.00 T = 0.05
 <-- Site =   40 .. Mmps =   15 Ndav =   6 E =   -188.8939985676 Error = 1.14e-19 FLOPS = 6.98e+09 Tdav = 0.00 T = 0.05
 <-- Site =   39 .. Mmps =   15 Ndav =   6 E =   -188.8939985722 Error = 2.66e-19 FLOPS = 7.04e+09 Tdav = 0.00 T = 0.04
 <-- Site =   38 .. Mmps =   15 Ndav =   5 E =   -188.8939985862 Error = 4.75e-17 FLOPS = 7.03e+09 Tdav = 0.00 T = 0.04
 <-- Site =   37 .. Mmps =   15 Ndav =   8 E =   -188.8939987456 Error = 6.40e-20 FLOPS = 6.89e+09 Tdav = 0.00 T = 0.06
 <-- Site =   36 .. Mmps =   15 Ndav =   8 E =   -188.8939997677 Error = 4.77e-17 FLOPS = 6.80e+09 Tdav = 0.00 T = 0.04
 <-- Site =   35 .. Mmps =   15 Ndav =  10 E =   -188.8939999357 Error = 1.51e-20 FLOPS = 6.68e+09 Tdav = 0.00 T = 0.04
 <-- Site =   34 .. Mmps =   15 Ndav =   8 E =   -188.8940001622 Error = 2.70e-18 FLOPS = 6.78e+09 Tdav = 0.00 T = 0.04
 <-- Site =   33 .. Mmps =   15 Ndav =  11 E =   -188.8940003965 Error = 3.25e-19 FLOPS = 6.45e+09 Tdav = 0.00 T = 0.05
 <-- Site =   32 .. Mmps =   15 Ndav =   8 E =   -188.8940005401 Error = 2.65e-18 FLOPS = 6.65e+09 Tdav = 0.00 T = 0.04
 <-- Site =   31 .. Mmps =   15 Ndav =  11 E =   -188.8940008236 Error = 1.13e-19 FLOPS = 6.38e+09 Tdav = 0.00 T = 0.04
 <-- Site =   30 .. Mmps =   15 Ndav =   7 E =   -188.8940009206 Error = 2.38e-17 FLOPS = 6.71e+09 Tdav = 0.00 T = 0.04
 <-- Site =   29 .. Mmps =   15 Ndav =  11 E =   -188.8940012075 Error = 4.45e-20 FLOPS = 6.22e+09 Tdav = 0.00 T = 0.04
 <-- Site =   28 .. Mmps =   15 Ndav =   7 E =   -188.8940012826 Error = 1.70e-19 FLOPS = 6.46e+09 Tdav = 0.00 T = 0.04
 <-- Site =   27 .. Mmps =   15 Ndav =   6 E =   -188.8940013033 Error = 8.76e-20 FLOPS = 6.36e+09 Tdav = 0.00 T = 0.04
 <-- Site =   26 .. Mmps =   15 Ndav =   5 E =   -188.8940013372 Error = 1.58e-18 FLOPS = 6.27e+09 Tdav = 0.00 T = 0.04
 <-- Site =   25 .. Mmps =   15 Ndav =   3 E =   -188.8940013406 Error = 4.64e-19 FLOPS = 5.54e+09 Tdav = 0.00 T = 0.04
 <-- Site =   24 .. Mmps =   15 Ndav =   6 E =   -188.8940015120 Error = 4.40e-19 FLOPS = 6.20e+09 Tdav = 0.00 T = 0.04
 <-- Site =   23 .. Mmps =   15 Ndav =   6 E =   -188.8940015594 Error = 2.18e-20 FLOPS = 6.31e+09 Tdav = 0.00 T = 0.04
 <-- Site =   22 .. Mmps =   15 Ndav =   6 E =   -188.8940018075 Error = 2.86e-19 FLOPS = 6.13e+09 Tdav = 0.00 T = 0.04
 <-- Site =   21 .. Mmps =   15 Ndav =   5 E =   -188.8940018904 Error = 2.30e-20 FLOPS = 5.86e+09 Tdav = 0.00 T = 0.03
 <-- Site =   20 .. Mmps =   15 Ndav =   8 E =   -188.8940028989 Error = 1.52e-19 FLOPS = 5.88e+09 Tdav = 0.00 T = 0.04
 <-- Site =   19 .. Mmps =   15 Ndav =   5 E =   -188.8940029409 Error = 2.43e-20 FLOPS = 5.58e+09 Tdav = 0.00 T = 0.04
 <-- Site =   18 .. Mmps =   15 Ndav =   7 E =   -188.8940034397 Error = 1.28e-19 FLOPS = 5.98e+09 Tdav = 0.00 T = 0.03
 <-- Site =   17 .. Mmps =   15 Ndav =   5 E =   -188.8940034537 Error = 2.65e-20 FLOPS = 4.87e+09 Tdav = 0.00 T = 0.04
 <-- Site =   16 .. Mmps =   15 Ndav =   7 E =   -188.8940039619 Error = 1.13e-18 FLOPS = 4.99e+09 Tdav = 0.00 T = 0.04
 <-- Site =   15 .. Mmps =   15 Ndav =   6 E =   -188.8940039664 Error = 2.44e-20 FLOPS = 4.72e+09 Tdav = 0.00 T = 0.04
 <-- Site =   14 .. Mmps =   15 Ndav =   6 E =   -188.8940039753 Error = 2.08e-19 FLOPS = 4.57e+09 Tdav = 0.00 T = 0.04
 <-- Site =   13 .. Mmps =   15 Ndav =   7 E =   -188.8940039839 Error = 8.32e-21 FLOPS = 4.50e+09 Tdav = 0.00 T = 0.03
 <-- Site =   12 .. Mmps =   15 Ndav =   6 E =   -188.8940040444 Error = 1.43e-16 FLOPS = 4.27e+09 Tdav = 0.00 T = 0.04
 <-- Site =   11 .. Mmps =   15 Ndav =   6 E =   -188.8940040943 Error = 4.86e-21 FLOPS = 4.14e+09 Tdav = 0.00 T = 0.03
 <-- Site =   10 .. Mmps =   15 Ndav =   6 E =   -188.8940041403 Error = 9.58e-19 FLOPS = 3.96e+09 Tdav = 0.00 T = 0.03
 <-- Site =    9 .. Mmps =   15 Ndav =   9 E =   -188.8940042518 Error = 3.80e-20 FLOPS = 3.81e+09 Tdav = 0.00 T = 0.03
 <-- Site =    8 .. Mmps =   15 Ndav =   6 E =   -188.8940042728 Error = 1.50e-17 FLOPS = 3.58e+09 Tdav = 0.00 T = 0.03
 <-- Site =    7 .. Mmps =   15 Ndav =   9 E =   -188.8940042936 Error = 1.96e-19 FLOPS = 3.31e+09 Tdav = 0.00 T = 0.03
 <-- Site =    6 .. Mmps =   15 Ndav =   5 E =   -188.8940042980 Error = 1.73e-17 FLOPS = 3.03e+09 Tdav = 0.00 T = 0.03
 <-- Site =    5 .. Mmps =   15 Ndav =   5 E =   -188.8940042993 Error = 4.58e-21 FLOPS = 2.59e+09 Tdav = 0.00 T = 0.04
 <-- Site =    4 .. Mmps =   15 Ndav =   3 E =   -188.8940042995 Error = 1.35e-21 FLOPS = 2.08e+09 Tdav = 0.00 T = 0.03
 <-- Site =    3 .. Mmps =   15 Ndav =   1 E =   -188.8940042995 Error = 8.93e-28 FLOPS = 5.32e+08 Tdav = 0.00 T = 0.03
 <-- Site =    2 .. Mmps =   15 Ndav =   1 E =   -188.8940042995 Error = 3.42e-43 FLOPS = 2.37e+08 Tdav = 0.00 T = 0.03
 <-- Site =    1 .. Mmps =   15 Ndav =   1 E =   -188.8940042995 Error = 1.83e-76 FLOPS = 9.71e+07 Tdav = 0.00 T = 0.03
 <-- Site =    0 .. Mmps =   15 Ndav =   1 E =   -188.8940042995 Error = 1.06e-84 FLOPS = 3.49e+07 Tdav = 0.00 T = 0.03
Time elapsed =    154.437 | E =    -188.8940042995 | DE = -3.98e-05 | DW = 2.97260e-16
Time sweep =        7.980 | 860 MFLOP/SWP
 | Dmem = 104 KB (3%) | Imem = 232 B (79%) | Hmem = 494 KB | Wmem = 3.52 KB | Pmem = 3.52 KB
 | Tread = 0.170 | Twrite = 0.813 | Tfpread = 0.033 | Tfpwrite = 0.021 | Tmporead = 0.000 | Tasync = 0.000
 | data = 11.2 MB | cpsd = 7.69 MB
 | Trot = 0.031 | Tctr = 0.448 | Tint = 0.007 | Tmid = 0.000 | Tdctr = 0.007 | Tdiag = 0.020 | Tinfo = 0.302
 | Teff = 2.168 | Tprt = 0.116 | Teig = 0.135 | Tblk = 5.761 | Tmve = 2.209 | Tdm = 0.002 | Tsplt = 0.019 | Tsvd = 0.000 | Torth = 0.000

Sweep =    4 | Direction =  forward | Bond dimension =   25 | Noise =  1.00e-05 | Dav threshold =  1.00e-10
 --> Site =    0 .. Mmps =    2 Ndav =   1 E =   -188.8940042995 Error = 0.00e+00 FLOPS = 4.11e+07 Tdav = 0.00 T = 0.02
 --> Site =    1 .. Mmps =    4 Ndav =   1 E =   -188.8940042995 Error = 0.00e+00 FLOPS = 8.00e+07 Tdav = 0.00 T = 0.03
 --> Site =    2 .. Mmps =    8 Ndav =   1 E =   -188.8940042995 Error = 0.00e+00 FLOPS = 2.00e+08 Tdav = 0.00 T = 0.03
 --> Site =    3 .. Mmps =   16 Ndav =   1 E =   -188.8940042995 Error = 0.00e+00 FLOPS = 5.44e+08 Tdav = 0.00 T = 0.03
 --> Site =    4 .. Mmps =   22 Ndav =   1 E =   -188.8940042995 Error = 0.00e+00 FLOPS = 1.16e+09 Tdav = 0.00 T = 0.04
 --> Site =    5 .. Mmps =   25 Ndav =   2 E =   -188.8940042995 Error = 1.04e-29 FLOPS = 2.84e+09 Tdav = 0.00 T = 0.03
 --> Site =    6 .. Mmps =   25 Ndav =   2 E =   -188.8940042995 Error = 7.27e-29 FLOPS = 3.67e+09 Tdav = 0.00 T = 0.03
 --> Site =    7 .. Mmps =   25 Ndav =   5 E =   -188.8940043010 Error = 1.77e-27 FLOPS = 5.73e+09 Tdav = 0.00 T = 0.03
 --> Site =    8 .. Mmps =   25 Ndav =   6 E =   -188.8940043083 Error = 2.51e-27 FLOPS = 6.44e+09 Tdav = 0.00 T = 0.03
 --> Site =    9 .. Mmps =   25 Ndav =   6 E =   -188.8940043108 Error = 5.93e-27 FLOPS = 6.70e+09 Tdav = 0.00 T = 0.03
 --> Site =   10 .. Mmps =   25 Ndav =   7 E =   -188.8940044262 Error = 3.03e-25 FLOPS = 7.14e+09 Tdav = 0.00 T = 0.04
 --> Site =   11 .. Mmps =   25 Ndav =   7 E =   -188.8940045014 Error = 1.86e-26 FLOPS = 7.40e+09 Tdav = 0.00 T = 0.03
 --> Site =   12 .. Mmps =   25 Ndav =   6 E =   -188.8940047059 Error = 7.02e-25 FLOPS = 7.40e+09 Tdav = 0.00 T = 0.11
 --> Site =   13 .. Mmps =   25 Ndav =   5 E =   -188.8940048976 Error = 4.23e-26 FLOPS = 7.53e+09 Tdav = 0.00 T = 0.20
 --> Site =   14 .. Mmps =   25 Ndav =   9 E =   -188.8940053964 Error = 1.09e-24 FLOPS = 7.89e+09 Tdav = 0.00 T = 0.05
 --> Site =   15 .. Mmps =   25 Ndav =   7 E =   -188.8940056553 Error = 7.84e-25 FLOPS = 8.27e+09 Tdav = 0.00 T = 0.04
 --> Site =   16 .. Mmps =   25 Ndav =   7 E =   -188.8940058889 Error = 4.45e-24 FLOPS = 8.32e+09 Tdav = 0.00 T = 0.04
 --> Site =   17 .. Mmps =   25 Ndav =   8 E =   -188.8940071560 Error = 3.97e-24 FLOPS = 8.55e+09 Tdav = 0.00 T = 0.03
 --> Site =   18 .. Mmps =   25 Ndav =   8 E =   -188.8940079418 Error = 6.33e-23 FLOPS = 8.78e+09 Tdav = 0.00 T = 0.04
 --> Site =   19 .. Mmps =   25 Ndav =   8 E =   -188.8940097631 Error = 3.70e-24 FLOPS = 9.05e+09 Tdav = 0.00 T = 0.06
 --> Site =   20 .. Mmps =   25 Ndav =   8 E =   -188.8940104247 Error = 2.21e-24 FLOPS = 9.20e+09 Tdav = 0.00 T = 0.04
 --> Site =   21 .. Mmps =   25 Ndav =   8 E =   -188.8940123711 Error = 1.37e-24 FLOPS = 9.30e+09 Tdav = 0.00 T = 0.04
 --> Site =   22 .. Mmps =   25 Ndav =   8 E =   -188.8940131353 Error = 7.56e-24 FLOPS = 9.54e+09 Tdav = 0.00 T = 0.04
 --> Site =   23 .. Mmps =   25 Ndav =   8 E =   -188.8940145920 Error = 2.49e-24 FLOPS = 1.02e+10 Tdav = 0.00 T = 0.04
 --> Site =   24 .. Mmps =   25 Ndav =   9 E =   -188.8940158091 Error = 1.03e-23 FLOPS = 1.01e+10 Tdav = 0.00 T = 0.05
 --> Site =   25 .. Mmps =   25 Ndav =   8 E =   -188.8940163465 Error = 1.12e-24 FLOPS = 1.03e+10 Tdav = 0.00 T = 0.04
 --> Site =   26 .. Mmps =   25 Ndav =   7 E =   -188.8940173302 Error = 5.02e-24 FLOPS = 1.05e+10 Tdav = 0.00 T = 0.05
 --> Site =   27 .. Mmps =   25 Ndav =  10 E =   -188.8940184730 Error = 1.91e-23 FLOPS = 1.01e+10 Tdav = 0.00 T = 0.07
 --> Site =   28 .. Mmps =   25 Ndav =   9 E =   -188.8940216539 Error = 9.23e-24 FLOPS = 1.04e+10 Tdav = 0.00 T = 0.05
 --> Site =   29 .. Mmps =   25 Ndav =  12 E =   -188.8940245644 Error = 1.84e-23 FLOPS = 9.86e+09 Tdav = 0.00 T = 0.05
 --> Site =   30 .. Mmps =   25 Ndav =   9 E =   -188.8940263726 Error = 8.74e-24 FLOPS = 1.06e+10 Tdav = 0.00 T = 0.05
 --> Site =   31 .. Mmps =   25 Ndav =  12 E =   -188.8940286789 Error = 1.85e-23 FLOPS = 1.01e+10 Tdav = 0.00 T = 0.05
 --> Site =   32 .. Mmps =   25 Ndav =  11 E =   -188.8940328809 Error = 5.09e-24 FLOPS = 1.05e+10 Tdav = 0.00 T = 0.05
 --> Site =   33 .. Mmps =   25 Ndav =  12 E =   -188.8940348471 Error = 2.44e-23 FLOPS = 1.02e+10 Tdav = 0.00 T = 0.06
 --> Site =   34 .. Mmps =   25 Ndav =  10 E =   -188.8940384757 Error = 4.75e-24 FLOPS = 1.08e+10 Tdav = 0.00 T = 0.06
 --> Site =   35 .. Mmps =   25 Ndav =  10 E =   -188.8940396180 Error = 5.88e-24 FLOPS = 1.08e+10 Tdav = 0.00 T = 0.06
 --> Site =   36 .. Mmps =   25 Ndav =   7 E =   -188.8940407377 Error = 7.33e-24 FLOPS = 1.12e+10 Tdav = 0.00 T = 0.06
 --> Site =   37 .. Mmps =   25 Ndav =  11 E =   -188.8940428923 Error = 1.19e-23 FLOPS = 1.07e+10 Tdav = 0.00 T = 0.06
 --> Site =   38 .. Mmps =   25 Ndav =   9 E =   -188.8940455785 Error = 1.84e-23 FLOPS = 1.12e+10 Tdav = 0.00 T = 0.06
 --> Site =   39 .. Mmps =   25 Ndav =  10 E =   -188.8940461025 Error = 8.10e-24 FLOPS = 1.10e+10 Tdav = 0.00 T = 0.08
 --> Site =   40 .. Mmps =   25 Ndav =   9 E =   -188.8940472135 Error = 2.08e-23 FLOPS = 1.12e+10 Tdav = 0.00 T = 0.07
 --> Site =   41 .. Mmps =   25 Ndav =   8 E =   -188.8940476188 Error = 2.45e-24 FLOPS = 1.14e+10 Tdav = 0.00 T = 0.07
 --> Site =   42 .. Mmps =   25 Ndav =   7 E =   -188.8940483220 Error = 5.73e-24 FLOPS = 1.12e+10 Tdav = 0.00 T = 0.07
 --> Site =   43 .. Mmps =   25 Ndav =  10 E =   -188.8940530191 Error = 5.18e-24 FLOPS = 1.10e+10 Tdav = 0.00 T = 0.07
 --> Site =   44 .. Mmps =   25 Ndav =   9 E =   -188.8940548265 Error = 1.38e-23 FLOPS = 1.11e+10 Tdav = 0.00 T = 0.07
 --> Site =   45 .. Mmps =   25 Ndav =  10 E =   -188.8940572561 Error = 6.40e-24 FLOPS = 1.12e+10 Tdav = 0.00 T = 0.07
 --> Site =   46 .. Mmps =   25 Ndav =   9 E =   -188.8940583722 Error = 1.49e-23 FLOPS = 1.17e+10 Tdav = 0.00 T = 0.08
 --> Site =   47 .. Mmps =   25 Ndav =  10 E =   -188.8940616175 Error = 9.91e-24 FLOPS = 1.09e+10 Tdav = 0.00 T = 0.07
 --> Site =   48 .. Mmps =   25 Ndav =   9 E =   -188.8940627428 Error = 5.67e-24 FLOPS = 1.10e+10 Tdav = 0.00 T = 0.08
 --> Site =   49 .. Mmps =   25 Ndav =  10 E =   -188.8940651412 Error = 3.99e-24 FLOPS = 1.10e+10 Tdav = 0.00 T = 0.07
 --> Site =   50 .. Mmps =   25 Ndav =  10 E =   -188.8940683969 Error = 1.28e-23 FLOPS = 1.10e+10 Tdav = 0.00 T = 0.07
 --> Site =   51 .. Mmps =   25 Ndav =   9 E =   -188.8940692647 Error = 1.84e-24 FLOPS = 1.11e+10 Tdav = 0.00 T = 0.10
 --> Site =   52 .. Mmps =   25 Ndav =   7 E =   -188.8940709900 Error = 1.09e-23 FLOPS = 1.12e+10 Tdav = 0.00 T = 0.08
 --> Site =   53 .. Mmps =   25 Ndav =  12 E =   -188.8940765386 Error = 2.26e-23 FLOPS = 1.08e+10 Tdav = 0.00 T = 0.08
 --> Site =   54 .. Mmps =   25 Ndav =   9 E =   -188.8940790444 Error = 2.40e-23 FLOPS = 1.13e+10 Tdav = 0.00 T = 0.08
 --> Site =   55 .. Mmps =   25 Ndav =  11 E =   -188.8940808684 Error = 1.16e-23 FLOPS = 1.10e+10 Tdav = 0.00 T = 0.12
 --> Site =   56 .. Mmps =   25 Ndav =   9 E =   -188.8940857627 Error = 7.87e-23 FLOPS = 1.13e+10 Tdav = 0.00 T = 0.08
 --> Site =   57 .. Mmps =   25 Ndav =  12 E =   -188.8940892385 Error = 3.76e-23 FLOPS = 1.09e+10 Tdav = 0.00 T = 0.08
 --> Site =   58 .. Mmps =   25 Ndav =   8 E =   -188.8940906276 Error = 9.81e-24 FLOPS = 1.13e+10 Tdav = 0.00 T = 0.10
 --> Site =   59 .. Mmps =   25 Ndav =  11 E =   -188.8940929563 Error = 3.41e-23 FLOPS = 1.10e+10 Tdav = 0.00 T = 0.08
 --> Site =   60 .. Mmps =   25 Ndav =  11 E =   -188.8940991467 Error = 3.07e-23 FLOPS = 1.11e+10 Tdav = 0.00 T = 0.09
 --> Site =   61 .. Mmps =   25 Ndav =  12 E =   -188.8941020921 Error = 8.67e-24 FLOPS = 1.10e+10 Tdav = 0.00 T = 0.08
 --> Site =   62 .. Mmps =   25 Ndav =  10 E =   -188.8941039841 Error = 1.43e-23 FLOPS = 1.12e+10 Tdav = 0.00 T = 0.09
 --> Site =   63 .. Mmps =   25 Ndav =  11 E =   -188.8941063555 Error = 2.75e-23 FLOPS = 1.11e+10 Tdav = 0.00 T = 0.10
 --> Site =   64 .. Mmps =   25 Ndav =   9 E =   -188.8941101472 Error = 2.06e-23 FLOPS = 1.14e+10 Tdav = 0.00 T = 0.08
 --> Site =   65 .. Mmps =   25 Ndav =  10 E =   -188.8941106870 Error = 2.90e-24 FLOPS = 1.13e+10 Tdav = 0.00 T = 0.08
 --> Site =   66 .. Mmps =   25 Ndav =   7 E =   -188.8941114127 Error = 8.41e-24 FLOPS = 1.17e+10 Tdav = 0.00 T = 0.09
 --> Site =   67 .. Mmps =   25 Ndav =   8 E =   -188.8941116182 Error = 7.92e-25 FLOPS = 1.17e+10 Tdav = 0.00 T = 0.08
 --> Site =   68 .. Mmps =   25 Ndav =   7 E =   -188.8941121048 Error = 3.25e-24 FLOPS = 1.18e+10 Tdav = 0.00 T = 0.09
 --> Site =   69 .. Mmps =   25 Ndav =   9 E =   -188.8941132379 Error = 4.91e-24 FLOPS = 1.16e+10 Tdav = 0.00 T = 0.09
 --> Site =   70 .. Mmps =   25 Ndav =   9 E =   -188.8941140193 Error = 1.57e-23 FLOPS = 1.17e+10 Tdav = 0.00 T = 0.09
 --> Site =   71 .. Mmps =   25 Ndav =  10 E =   -188.8941145720 Error = 1.24e-24 FLOPS = 1.15e+10 Tdav = 0.00 T = 0.09
 --> Site =   72 .. Mmps =   25 Ndav =   9 E =   -188.8941160550 Error = 2.06e-24 FLOPS = 1.16e+10 Tdav = 0.00 T = 0.09
 --> Site =   73 .. Mmps =   25 Ndav =   9 E =   -188.8941175313 Error = 7.28e-25 FLOPS = 1.16e+10 Tdav = 0.00 T = 0.09
 --> Site =   74 .. Mmps =   25 Ndav =   9 E =   -188.8941187905 Error = 1.03e-24 FLOPS = 1.16e+10 Tdav = 0.00 T = 0.09
 --> Site =   75 .. Mmps =   25 Ndav =   9 E =   -188.8941202453 Error = 1.64e-24 FLOPS = 1.16e+10 Tdav = 0.00 T = 0.10
 --> Site =   76 .. Mmps =   25 Ndav =   9 E =   -188.8941218076 Error = 7.81e-24 FLOPS = 1.17e+10 Tdav = 0.00 T = 0.10
 --> Site =   77 .. Mmps =   25 Ndav =   9 E =   -188.8941223686 Error = 1.25e-24 FLOPS = 1.16e+10 Tdav = 0.00 T = 0.09
 --> Site =   78 .. Mmps =   25 Ndav =   7 E =   -188.8941234341 Error = 1.22e-24 FLOPS = 1.18e+10 Tdav = 0.00 T = 0.10
 --> Site =   79 .. Mmps =   25 Ndav =  11 E =   -188.8941260146 Error = 1.67e-23 FLOPS = 1.14e+10 Tdav = 0.00 T = 0.09
 --> Site =   80 .. Mmps =   25 Ndav =  11 E =   -188.8941309856 Error = 7.11e-24 FLOPS = 1.13e+10 Tdav = 0.00 T = 0.12
 --> Site =   81 .. Mmps =   25 Ndav =  12 E =   -188.8941332048 Error = 3.19e-23 FLOPS = 1.11e+10 Tdav = 0.00 T = 0.09
 --> Site =   82 .. Mmps =   25 Ndav =   9 E =   -188.8941346570 Error = 7.28e-24 FLOPS = 1.13e+10 Tdav = 0.00 T = 0.09
 --> Site =   83 .. Mmps =   25 Ndav =  12 E =   -188.8941366316 Error = 1.22e-23 FLOPS = 1.10e+10 Tdav = 0.00 T = 0.10
 --> Site =   84 .. Mmps =   25 Ndav =  10 E =   -188.8941401213 Error = 7.72e-24 FLOPS = 1.13e+10 Tdav = 0.00 T = 0.09
 --> Site =   85 .. Mmps =   25 Ndav =  12 E =   -188.8941426222 Error = 1.70e-23 FLOPS = 1.10e+10 Tdav = 0.00 T = 0.09
 --> Site =   86 .. Mmps =   25 Ndav =  11 E =   -188.8941462588 Error = 1.17e-23 FLOPS = 1.13e+10 Tdav = 0.00 T = 0.09
 --> Site =   87 .. Mmps =   25 Ndav =  12 E =   -188.8941487965 Error = 1.57e-23 FLOPS = 1.11e+10 Tdav = 0.00 T = 0.09
 --> Site =   88 .. Mmps =   25 Ndav =   8 E =   -188.8941498831 Error = 9.22e-24 FLOPS = 1.15e+10 Tdav = 0.00 T = 0.09
 --> Site =   89 .. Mmps =   25 Ndav =  11 E =   -188.8941519968 Error = 7.91e-24 FLOPS = 1.13e+10 Tdav = 0.00 T = 0.09
 --> Site =   90 .. Mmps =   25 Ndav =   8 E =   -188.8941542873 Error = 3.51e-23 FLOPS = 1.15e+10 Tdav = 0.00 T = 0.09
 --> Site =   91 .. Mmps =   25 Ndav =   9 E =   -188.8941550898 Error = 9.77e-24 FLOPS = 1.15e+10 Tdav = 0.00 T = 0.10
 --> Site =   92 .. Mmps =   25 Ndav =   9 E =   -188.8941560714 Error = 3.31e-23 FLOPS = 1.14e+10 Tdav = 0.00 T = 0.09
 --> Site =   93 .. Mmps =   25 Ndav =   6 E =   -188.8941563723 Error = 1.48e-24 FLOPS = 1.14e+10 Tdav = 0.00 T = 0.09
 --> Site =   94 .. Mmps =   25 Ndav =   8 E =   -188.8941572075 Error = 2.20e-24 FLOPS = 1.15e+10 Tdav = 0.00 T = 0.09
 --> Site =   95 .. Mmps =   25 Ndav =   9 E =   -188.8941582505 Error = 1.46e-24 FLOPS = 1.14e+10 Tdav = 0.00 T = 0.09
 --> Site =   96 .. Mmps =   25 Ndav =   8 E =   -188.8941592973 Error = 9.16e-24 FLOPS = 1.14e+10 Tdav = 0.00 T = 0.10
 --> Site =   97 .. Mmps =   25 Ndav =  10 E =   -188.8941602316 Error = 2.56e-24 FLOPS = 1.14e+10 Tdav = 0.00 T = 0.09
 --> Site =   98 .. Mmps =   25 Ndav =   9 E =   -188.8941620055 Error = 5.32e-24 FLOPS = 1.14e+10 Tdav = 0.00 T = 0.09
 --> Site =   99 .. Mmps =   25 Ndav =  11 E =   -188.8941657061 Error = 2.32e-24 FLOPS = 1.13e+10 Tdav = 0.00 T = 0.09
 --> Site =  100 .. Mmps =   25 Ndav =   9 E =   -188.8941671643 Error = 5.47e-24 FLOPS = 1.17e+10 Tdav = 0.00 T = 0.09
 --> Site =  101 .. Mmps =   25 Ndav =  10 E =   -188.8941691405 Error = 4.81e-24 FLOPS = 1.15e+10 Tdav = 0.00 T = 0.09
 --> Site =  102 .. Mmps =   25 Ndav =   9 E =   -188.8941715570 Error = 1.07e-23 FLOPS = 1.17e+10 Tdav = 0.00 T = 0.09
 --> Site =  103 .. Mmps =   25 Ndav =   9 E =   -188.8941722547 Error = 3.96e-24 FLOPS = 1.17e+10 Tdav = 0.00 T = 0.09
 --> Site =  104 .. Mmps =   25 Ndav =   9 E =   -188.8941737224 Error = 1.49e-23 FLOPS = 1.18e+10 Tdav = 0.00 T = 0.08
 --> Site =  105 .. Mmps =   25 Ndav =  10 E =   -188.8941753084 Error = 2.15e-23 FLOPS = 1.15e+10 Tdav = 0.00 T = 0.08
 --> Site =  106 .. Mmps =   25 Ndav =   9 E =   -188.8941766737 Error = 1.46e-23 FLOPS = 1.16e+10 Tdav = 0.00 T = 0.08
 --> Site =  107 .. Mmps =   25 Ndav =  12 E =   -188.8941792648 Error = 2.38e-23 FLOPS = 1.11e+10 Tdav = 0.00 T = 0.10
 --> Site =  108 .. Mmps =   25 Ndav =   8 E =   -188.8941805769 Error = 1.16e-23 FLOPS = 1.13e+10 Tdav = 0.00 T = 0.08
 --> Site =  109 .. Mmps =   25 Ndav =  12 E =   -188.8941824362 Error = 3.73e-23 FLOPS = 1.09e+10 Tdav = 0.00 T = 0.08
 --> Site =  110 .. Mmps =   25 Ndav =  10 E =   -188.8941844389 Error = 3.21e-23 FLOPS = 1.12e+10 Tdav = 0.00 T = 0.08
 --> Site =  111 .. Mmps =   25 Ndav =  12 E =   -188.8941873808 Error = 3.33e-23 FLOPS = 1.11e+10 Tdav = 0.00 T = 0.08
 --> Site =  112 .. Mmps =   25 Ndav =   9 E =   -188.8941890343 Error = 5.41e-24 FLOPS = 1.16e+10 Tdav = 0.00 T = 0.08
 --> Site =  113 .. Mmps =   25 Ndav =  11 E =   -188.8941916871 Error = 2.47e-23 FLOPS = 1.12e+10 Tdav = 0.00 T = 0.10
 --> Site =  114 .. Mmps =   25 Ndav =  10 E =   -188.8941959960 Error = 3.83e-24 FLOPS = 1.14e+10 Tdav = 0.00 T = 0.09
 --> Site =  115 .. Mmps =   25 Ndav =  10 E =   -188.8941972626 Error = 4.61e-24 FLOPS = 1.16e+10 Tdav = 0.00 T = 0.08
 --> Site =  116 .. Mmps =   25 Ndav =   8 E =   -188.8941990399 Error = 1.16e-23 FLOPS = 1.11e+10 Tdav = 0.00 T = 0.08
 --> Site =  117 .. Mmps =   25 Ndav =   9 E =   -188.8941994819 Error = 5.10e-24 FLOPS = 1.11e+10 Tdav = 0.00 T = 0.08
 --> Site =  118 .. Mmps =   25 Ndav =   8 E =   -188.8942005751 Error = 1.33e-23 FLOPS = 1.11e+10 Tdav = 0.00 T = 0.08
 --> Site =  119 .. Mmps =   25 Ndav =   8 E =   -188.8942009481 Error = 1.56e-24 FLOPS = 1.10e+10 Tdav = 0.00 T = 0.08
 --> Site =  120 .. Mmps =   25 Ndav =  10 E =   -188.8942039744 Error = 4.55e-23 FLOPS = 1.10e+10 Tdav = 0.00 T = 0.07
 --> Site =  121 .. Mmps =   25 Ndav =   9 E =   -188.8942047068 Error = 1.35e-24 FLOPS = 1.10e+10 Tdav = 0.00 T = 0.07
 --> Site =  122 .. Mmps =   25 Ndav =   9 E =   -188.8942067787 Error = 9.84e-23 FLOPS = 1.09e+10 Tdav = 0.00 T = 0.07
 --> Site =  123 .. Mmps =   25 Ndav =  11 E =   -188.8942092115 Error = 2.20e-24 FLOPS = 1.06e+10 Tdav = 0.00 T = 0.07
 --> Site =  124 .. Mmps =   25 Ndav =   9 E =   -188.8942109672 Error = 1.66e-24 FLOPS = 1.09e+10 Tdav = 0.00 T = 0.07
 --> Site =  125 .. Mmps =   25 Ndav =  11 E =   -188.8942129873 Error = 5.56e-24 FLOPS = 1.06e+10 Tdav = 0.00 T = 0.07
 --> Site =  126 .. Mmps =   25 Ndav =   9 E =   -188.8942139912 Error = 6.90e-24 FLOPS = 1.10e+10 Tdav = 0.00 T = 0.07
 --> Site =  127 .. Mmps =   25 Ndav =   9 E =   -188.8942149332 Error = 2.87e-24 FLOPS = 1.09e+10 Tdav = 0.00 T = 0.07
 --> Site =  128 .. Mmps =   25 Ndav =   9 E =   -188.8942168287 Error = 3.66e-23 FLOPS = 1.08e+10 Tdav = 0.00 T = 0.07
 --> Site =  129 .. Mmps =   25 Ndav =   8 E =   -188.8942174573 Error = 1.16e-24 FLOPS = 1.08e+10 Tdav = 0.00 T = 0.06
 --> Site =  130 .. Mmps =   25 Ndav =   7 E =   -188.8942182537 Error = 8.96e-24 FLOPS = 1.07e+10 Tdav = 0.00 T = 0.06
 --> Site =  131 .. Mmps =   25 Ndav =  11 E =   -188.8942220993 Error = 2.35e-23 FLOPS = 1.04e+10 Tdav = 0.00 T = 0.06
 --> Site =  132 .. Mmps =   25 Ndav =   9 E =   -188.8942254706 Error = 1.42e-23 FLOPS = 1.05e+10 Tdav = 0.00 T = 0.06
 --> Site =  133 .. Mmps =   25 Ndav =  12 E =   -188.8942265582 Error = 2.23e-23 FLOPS = 1.00e+10 Tdav = 0.00 T = 0.06
 --> Site =  134 .. Mmps =   25 Ndav =   7 E =   -188.8942272481 Error = 1.87e-24 FLOPS = 1.05e+10 Tdav = 0.00 T = 0.06
 --> Site =  135 .. Mmps =   25 Ndav =  12 E =   -188.8942288851 Error = 1.39e-23 FLOPS = 9.85e+09 Tdav = 0.00 T = 0.05
 --> Site =  136 .. Mmps =   25 Ndav =   9 E =   -188.8942302327 Error = 3.63e-24 FLOPS = 1.02e+10 Tdav = 0.00 T = 0.05
 --> Site =  137 .. Mmps =   25 Ndav =  12 E =   -188.8942322418 Error = 1.91e-23 FLOPS = 9.60e+09 Tdav = 0.00 T = 0.05
 --> Site =  138 .. Mmps =   25 Ndav =  10 E =   -188.8942340077 Error = 5.48e-24 FLOPS = 9.89e+09 Tdav = 0.00 T = 0.05
 --> Site =  139 .. Mmps =   25 Ndav =  12 E =   -188.8942366238 Error = 4.52e-23 FLOPS = 9.58e+09 Tdav = 0.00 T = 0.05
 --> Site =  140 .. Mmps =   25 Ndav =   9 E =   -188.8942382177 Error = 5.94e-24 FLOPS = 9.84e+09 Tdav = 0.00 T = 0.05
 --> Site =  141 .. Mmps =   25 Ndav =  11 E =   -188.8942412262 Error = 2.09e-23 FLOPS = 9.64e+09 Tdav = 0.00 T = 0.05
 --> Site =  142 .. Mmps =   25 Ndav =   8 E =   -188.8942433153 Error = 2.56e-24 FLOPS = 1.03e+10 Tdav = 0.00 T = 0.04
 --> Site =  143 .. Mmps =   25 Ndav =   6 E =   -188.8942434229 Error = 6.59e-25 FLOPS = 1.03e+10 Tdav = 0.00 T = 0.05
 --> Site =  144 .. Mmps =   25 Ndav =   7 E =   -188.8942440505 Error = 3.08e-24 FLOPS = 1.03e+10 Tdav = 0.00 T = 0.05
 --> Site =  145 .. Mmps =   25 Ndav =   9 E =   -188.8942444663 Error = 2.30e-24 FLOPS = 9.92e+09 Tdav = 0.00 T = 0.05
 --> Site =  146 .. Mmps =   25 Ndav =   9 E =   -188.8942458500 Error = 1.00e-23 FLOPS = 9.71e+09 Tdav = 0.00 T = 0.06
 --> Site =  147 .. Mmps =   25 Ndav =   9 E =   -188.8942462483 Error = 1.44e-24 FLOPS = 9.47e+09 Tdav = 0.00 T = 0.06
 --> Site =  148 .. Mmps =   25 Ndav =   8 E =   -188.8942468654 Error = 4.09e-24 FLOPS = 9.63e+09 Tdav = 0.00 T = 0.04
 --> Site =  149 .. Mmps =   25 Ndav =   9 E =   -188.8942473912 Error = 2.93e-24 FLOPS = 9.31e+09 Tdav = 0.00 T = 0.05
 --> Site =  150 .. Mmps =   25 Ndav =   8 E =   -188.8942478612 Error = 2.54e-24 FLOPS = 9.02e+09 Tdav = 0.00 T = 0.06
 --> Site =  151 .. Mmps =   25 Ndav =   9 E =   -188.8942481711 Error = 4.88e-25 FLOPS = 8.77e+09 Tdav = 0.00 T = 0.05
 --> Site =  152 .. Mmps =   25 Ndav =   8 E =   -188.8942487991 Error = 3.65e-24 FLOPS = 8.83e+09 Tdav = 0.00 T = 0.05
 --> Site =  153 .. Mmps =   25 Ndav =   7 E =   -188.8942496000 Error = 2.92e-24 FLOPS = 8.63e+09 Tdav = 0.00 T = 0.04
 --> Site =  154 .. Mmps =   25 Ndav =   9 E =   -188.8942506274 Error = 1.38e-23 FLOPS = 8.35e+09 Tdav = 0.00 T = 0.04
 --> Site =  155 .. Mmps =   25 Ndav =   9 E =   -188.8942510560 Error = 1.73e-24 FLOPS = 7.89e+09 Tdav = 0.00 T = 0.04
 --> Site =  156 .. Mmps =   25 Ndav =   8 E =   -188.8942514698 Error = 2.44e-24 FLOPS = 7.90e+09 Tdav = 0.00 T = 0.03
 --> Site =  157 .. Mmps =   25 Ndav =   8 E =   -188.8942519095 Error = 3.27e-25 FLOPS = 7.62e+09 Tdav = 0.00 T = 0.03
 --> Site =  158 .. Mmps =   25 Ndav =   7 E =   -188.8942519913 Error = 4.77e-25 FLOPS = 7.60e+09 Tdav = 0.00 T = 0.03
 --> Site =  159 .. Mmps =   25 Ndav =   8 E =   -188.8942520404 Error = 1.21e-25 FLOPS = 6.95e+09 Tdav = 0.00 T = 0.04
 --> Site =  160 .. Mmps =   25 Ndav =   6 E =   -188.8942520542 Error = 1.18e-25 FLOPS = 6.77e+09 Tdav = 0.00 T = 0.03
 --> Site =  161 .. Mmps =   25 Ndav =   6 E =   -188.8942520630 Error = 2.03e-27 FLOPS = 6.24e+09 Tdav = 0.00 T = 0.03
 --> Site =  162 .. Mmps =   25 Ndav =   6 E =   -188.8942520704 Error = 1.35e-26 FLOPS = 5.47e+09 Tdav = 0.00 T = 0.03
 --> Site =  163 .. Mmps =   25 Ndav =   5 E =   -188.8942520714 Error = 1.37e-27 FLOPS = 4.65e+09 Tdav = 0.00 T = 0.05
 --> Site =  164 .. Mmps =   25 Ndav =   3 E =   -188.8942520715 Error = 5.07e-29 FLOPS = 3.41e+09 Tdav = 0.00 T = 0.04
 --> Site =  165 .. Mmps =   25 Ndav =   1 E =   -188.8942520715 Error = 3.20e-54 FLOPS = 1.03e+09 Tdav = 0.00 T = 0.04
 --> Site =  166 .. Mmps =   25 Ndav =   1 E =   -188.8942520715 Error = 5.68e-78 FLOPS = 6.54e+08 Tdav = 0.00 T = 0.03
 --> Site =  167 .. Mmps =   25 Ndav =   1 E =   -188.8942520715 Error = 2.68e-104 FLOPS = 3.12e+08 Tdav = 0.00 T = 0.03
 --> Site =  168 .. Mmps =   25 Ndav =   1 E =   -188.8942520715 Error = 0.00e+00 FLOPS = 8.99e+07 Tdav = 0.00 T = 0.03
Time elapsed =    165.810 | E =    -188.8942520715 | DE = -2.48e-04 | DW = 9.84184e-23
Time sweep =       11.372 | 2.68 GFLOP/SWP
 | Dmem = 284 KB (2%) | Imem = 232 B (79%) | Hmem = 1.17 MB | Wmem = 5.86 KB | Pmem = 5.86 KB
 | Tread = 0.223 | Twrite = 0.984 | Tfpread = 0.061 | Tfpwrite = 0.054 | Tmporead = 0.000 | Tasync = 0.000
 | data = 31.0 MB | cpsd = 23.6 MB
 | Trot = 0.061 | Tctr = 0.010 | Tint = 0.007 | Tmid = 0.000 | Tdctr = 0.143 | Tdiag = 0.026 | Tinfo = 0.330
 | Teff = 5.306 | Tprt = 0.121 | Teig = 0.268 | Tblk = 9.414 | Tmve = 1.947 | Tdm = 0.003 | Tsplt = 0.042 | Tsvd = 0.000 | Torth = 0.000

Sweep =    5 | Direction = backward | Bond dimension =   25 | Noise =  1.00e-05 | Dav threshold =  1.00e-10
 <-- Site =  168 .. Mmps =    2 Ndav =   1 E =   -188.8942520715 Error = 0.00e+00 FLOPS = 9.88e+07 Tdav = 0.00 T = 0.03
 <-- Site =  167 .. Mmps =    4 Ndav =   1 E =   -188.8942520715 Error = 0.00e+00 FLOPS = 3.64e+08 Tdav = 0.00 T = 0.05
 <-- Site =  166 .. Mmps =    8 Ndav =   1 E =   -188.8942520715 Error = 0.00e+00 FLOPS = 6.97e+08 Tdav = 0.00 T = 0.03
 <-- Site =  165 .. Mmps =   16 Ndav =   1 E =   -188.8942520715 Error = 0.00e+00 FLOPS = 1.14e+09 Tdav = 0.00 T = 0.03
 <-- Site =  164 .. Mmps =   25 Ndav =   1 E =   -188.8942520715 Error = 5.84e-26 FLOPS = 2.00e+09 Tdav = 0.00 T = 0.03
 <-- Site =  163 .. Mmps =   25 Ndav =   2 E =   -188.8942520715 Error = 2.88e-22 FLOPS = 4.13e+09 Tdav = 0.00 T = 0.03
 <-- Site =  162 .. Mmps =   25 Ndav =   3 E =   -188.8942520716 Error = 4.13e-23 FLOPS = 5.80e+09 Tdav = 0.00 T = 0.04
 <-- Site =  161 .. Mmps =   25 Ndav =   4 E =   -188.8942520730 Error = 2.49e-21 FLOPS = 6.17e+09 Tdav = 0.00 T = 0.03
 <-- Site =  160 .. Mmps =   25 Ndav =   4 E =   -188.8942520741 Error = 5.38e-22 FLOPS = 6.61e+09 Tdav = 0.00 T = 0.04
 <-- Site =  159 .. Mmps =   25 Ndav =   5 E =   -188.8942520793 Error = 9.64e-22 FLOPS = 7.30e+09 Tdav = 0.00 T = 0.03
 <-- Site =  158 .. Mmps =   25 Ndav =   7 E =   -188.8942522576 Error = 2.14e-19 FLOPS = 7.87e+09 Tdav = 0.00 T = 0.03
 <-- Site =  157 .. Mmps =   25 Ndav =   9 E =   -188.8942524343 Error = 6.27e-21 FLOPS = 8.02e+09 Tdav = 0.00 T = 0.04
 <-- Site =  156 .. Mmps =   25 Ndav =   8 E =   -188.8942529469 Error = 1.78e-20 FLOPS = 8.33e+09 Tdav = 0.00 T = 0.03
 <-- Site =  155 .. Mmps =   25 Ndav =   9 E =   -188.8942557556 Error = 2.69e-20 FLOPS = 8.56e+09 Tdav = 0.00 T = 0.05
 <-- Site =  154 .. Mmps =   25 Ndav =  10 E =   -188.8942574468 Error = 9.90e-20 FLOPS = 8.59e+09 Tdav = 0.00 T = 0.04
 <-- Site =  153 .. Mmps =   25 Ndav =   9 E =   -188.8942597023 Error = 6.36e-20 FLOPS = 8.93e+09 Tdav = 0.00 T = 0.04
 <-- Site =  152 .. Mmps =   25 Ndav =   9 E =   -188.8942610882 Error = 8.50e-20 FLOPS = 8.99e+09 Tdav = 0.00 T = 0.04
 <-- Site =  151 .. Mmps =   25 Ndav =  10 E =   -188.8942630829 Error = 1.19e-20 FLOPS = 9.07e+09 Tdav = 0.00 T = 0.05
 <-- Site =  150 .. Mmps =   25 Ndav =   9 E =   -188.8942647012 Error = 1.12e-19 FLOPS = 9.41e+09 Tdav = 0.00 T = 0.05
 <-- Site =  149 .. Mmps =   25 Ndav =   9 E =   -188.8942661811 Error = 8.18e-20 FLOPS = 9.54e+09 Tdav = 0.00 T = 0.04
 <-- Site =  148 .. Mmps =   25 Ndav =  10 E =   -188.8942682165 Error = 1.03e-19 FLOPS = 9.45e+09 Tdav = 0.00 T = 0.04
 <-- Site =  147 .. Mmps =   25 Ndav =  10 E =   -188.8942697839 Error = 2.07e-20 FLOPS = 9.58e+09 Tdav = 0.00 T = 0.05
 <-- Site =  146 .. Mmps =   25 Ndav =   9 E =   -188.8942715533 Error = 9.95e-20 FLOPS = 9.88e+09 Tdav = 0.00 T = 0.08
 <-- Site =  145 .. Mmps =   25 Ndav =   9 E =   -188.8942735459 Error = 9.24e-21 FLOPS = 9.97e+09 Tdav = 0.00 T = 0.09
 <-- Site =  144 .. Mmps =   25 Ndav =   9 E =   -188.8942752982 Error = 1.75e-19 FLOPS = 9.99e+09 Tdav = 0.00 T = 0.09
 <-- Site =  143 .. Mmps =   25 Ndav =   9 E =   -188.8942767307 Error = 2.00e-19 FLOPS = 1.02e+10 Tdav = 0.00 T = 0.06
 <-- Site =  142 .. Mmps =   25 Ndav =   8 E =   -188.8942803843 Error = 1.09e-17 FLOPS = 1.04e+10 Tdav = 0.00 T = 0.05
 <-- Site =  141 .. Mmps =   25 Ndav =  13 E =   -188.8942884732 Error = 5.00e-21 FLOPS = 9.67e+09 Tdav = 0.00 T = 0.06
 <-- Site =  140 .. Mmps =   25 Ndav =  10 E =   -188.8942943621 Error = 1.11e-17 FLOPS = 1.03e+10 Tdav = 0.00 T = 0.06
 <-- Site =  139 .. Mmps =   25 Ndav =  12 E =   -188.8942991014 Error = 2.71e-20 FLOPS = 1.01e+10 Tdav = 0.00 T = 0.06
 <-- Site =  138 .. Mmps =   25 Ndav =  11 E =   -188.8943026675 Error = 1.12e-18 FLOPS = 1.03e+10 Tdav = 0.00 T = 0.06
 <-- Site =  137 .. Mmps =   25 Ndav =  12 E =   -188.8943050981 Error = 2.87e-20 FLOPS = 1.02e+10 Tdav = 0.00 T = 0.07
 <-- Site =  136 .. Mmps =   25 Ndav =  11 E =   -188.8943088457 Error = 1.02e-18 FLOPS = 1.05e+10 Tdav = 0.00 T = 0.07
 <-- Site =  135 .. Mmps =   25 Ndav =  12 E =   -188.8943120370 Error = 5.26e-20 FLOPS = 1.04e+10 Tdav = 0.00 T = 0.07
 <-- Site =  134 .. Mmps =   25 Ndav =  10 E =   -188.8943147131 Error = 5.80e-18 FLOPS = 1.07e+10 Tdav = 0.00 T = 0.07
 <-- Site =  133 .. Mmps =   25 Ndav =  11 E =   -188.8943183496 Error = 3.04e-20 FLOPS = 1.06e+10 Tdav = 0.00 T = 0.07
 <-- Site =  132 .. Mmps =   25 Ndav =  11 E =   -188.8943242298 Error = 5.41e-18 FLOPS = 1.07e+10 Tdav = 0.00 T = 0.07
 <-- Site =  131 .. Mmps =   25 Ndav =  11 E =   -188.8943273516 Error = 2.08e-20 FLOPS = 1.07e+10 Tdav = 0.00 T = 0.07
 <-- Site =  130 .. Mmps =   25 Ndav =  10 E =   -188.8943318649 Error = 3.22e-20 FLOPS = 1.12e+10 Tdav = 0.00 T = 0.07
 <-- Site =  129 .. Mmps =   25 Ndav =   8 E =   -188.8943350212 Error = 8.33e-20 FLOPS = 1.14e+10 Tdav = 0.00 T = 0.07
 <-- Site =  128 .. Mmps =   25 Ndav =  10 E =   -188.8943390077 Error = 2.05e-19 FLOPS = 1.13e+10 Tdav = 0.00 T = 0.07
 <-- Site =  127 .. Mmps =   25 Ndav =  11 E =   -188.8943424952 Error = 1.96e-20 FLOPS = 1.11e+10 Tdav = 0.00 T = 0.10
 <-- Site =  126 .. Mmps =   25 Ndav =  12 E =   -188.8943463804 Error = 1.95e-19 FLOPS = 1.11e+10 Tdav = 0.00 T = 0.08
 <-- Site =  125 .. Mmps =   25 Ndav =  11 E =   -188.8943483173 Error = 4.26e-20 FLOPS = 1.12e+10 Tdav = 0.00 T = 0.07
 <-- Site =  124 .. Mmps =   25 Ndav =  10 E =   -188.8943519938 Error = 1.37e-19 FLOPS = 1.14e+10 Tdav = 0.00 T = 0.08
 <-- Site =  123 .. Mmps =   25 Ndav =   8 E =   -188.8943551456 Error = 5.85e-20 FLOPS = 1.15e+10 Tdav = 0.00 T = 0.08
 <-- Site =  122 .. Mmps =   25 Ndav =  11 E =   -188.8943576712 Error = 3.93e-19 FLOPS = 1.13e+10 Tdav = 0.00 T = 0.08
 <-- Site =  121 .. Mmps =   25 Ndav =  10 E =   -188.8943596077 Error = 2.57e-20 FLOPS = 1.14e+10 Tdav = 0.00 T = 0.09
 <-- Site =  120 .. Mmps =   25 Ndav =  10 E =   -188.8943641643 Error = 2.94e-19 FLOPS = 1.14e+10 Tdav = 0.00 T = 0.09
 <-- Site =  119 .. Mmps =   25 Ndav =  10 E =   -188.8943670715 Error = 1.69e-20 FLOPS = 1.15e+10 Tdav = 0.00 T = 0.08
 <-- Site =  118 .. Mmps =   25 Ndav =   8 E =   -188.8943688231 Error = 5.22e-20 FLOPS = 1.16e+10 Tdav = 0.00 T = 0.08
 <-- Site =  117 .. Mmps =   25 Ndav =  11 E =   -188.8943713913 Error = 1.06e-20 FLOPS = 1.14e+10 Tdav = 0.00 T = 0.09
 <-- Site =  116 .. Mmps =   25 Ndav =   9 E =   -188.8943747124 Error = 2.85e-20 FLOPS = 1.16e+10 Tdav = 0.00 T = 0.11
 <-- Site =  115 .. Mmps =   25 Ndav =  13 E =   -188.8943795396 Error = 2.50e-21 FLOPS = 1.13e+10 Tdav = 0.01 T = 0.09
 <-- Site =  114 .. Mmps =   25 Ndav =  10 E =   -188.8943858972 Error = 9.00e-21 FLOPS = 1.17e+10 Tdav = 0.00 T = 0.13
 <-- Site =  113 .. Mmps =   25 Ndav =  12 E =   -188.8943885674 Error = 6.85e-21 FLOPS = 1.12e+10 Tdav = 0.01 T = 0.10
 <-- Site =  112 .. Mmps =   25 Ndav =  10 E =   -188.8943930099 Error = 3.51e-18 FLOPS = 1.14e+10 Tdav = 0.00 T = 0.09
 <-- Site =  111 .. Mmps =   25 Ndav =  13 E =   -188.8943966873 Error = 1.67e-20 FLOPS = 1.11e+10 Tdav = 0.01 T = 0.10
 <-- Site =  110 .. Mmps =   25 Ndav =  10 E =   -188.8944002714 Error = 3.89e-20 FLOPS = 1.14e+10 Tdav = 0.00 T = 0.09
 <-- Site =  109 .. Mmps =   25 Ndav =  12 E =   -188.8944043020 Error = 1.86e-20 FLOPS = 1.12e+10 Tdav = 0.01 T = 0.10
 <-- Site =  108 .. Mmps =   25 Ndav =  10 E =   -188.8944077042 Error = 3.49e-18 FLOPS = 1.14e+10 Tdav = 0.00 T = 0.12
 <-- Site =  107 .. Mmps =   25 Ndav =  13 E =   -188.8944125303 Error = 3.08e-20 FLOPS = 1.12e+10 Tdav = 0.01 T = 0.10
 <-- Site =  106 .. Mmps =   25 Ndav =  10 E =   -188.8944179377 Error = 1.07e-18 FLOPS = 1.15e+10 Tdav = 0.00 T = 0.10
 <-- Site =  105 .. Mmps =   25 Ndav =  11 E =   -188.8944227584 Error = 1.73e-20 FLOPS = 1.14e+10 Tdav = 0.00 T = 0.09
 <-- Site =  104 .. Mmps =   25 Ndav =  10 E =   -188.8944307647 Error = 1.63e-18 FLOPS = 1.16e+10 Tdav = 0.00 T = 0.11
 <-- Site =  103 .. Mmps =   25 Ndav =   9 E =   -188.8944345971 Error = 3.03e-20 FLOPS = 1.16e+10 Tdav = 0.00 T = 0.10
 <-- Site =  102 .. Mmps =   25 Ndav =  10 E =   -188.8944387117 Error = 5.85e-20 FLOPS = 1.16e+10 Tdav = 0.00 T = 0.10
 <-- Site =  101 .. Mmps =   25 Ndav =  11 E =   -188.8944426977 Error = 2.31e-20 FLOPS = 1.15e+10 Tdav = 0.00 T = 0.10
 <-- Site =  100 .. Mmps =   25 Ndav =  10 E =   -188.8944453320 Error = 1.25e-18 FLOPS = 1.16e+10 Tdav = 0.00 T = 0.09
 <-- Site =   99 .. Mmps =   25 Ndav =  11 E =   -188.8944476495 Error = 1.55e-19 FLOPS = 1.14e+10 Tdav = 0.00 T = 0.10
 <-- Site =   98 .. Mmps =   25 Ndav =  10 E =   -188.8944518418 Error = 1.45e-18 FLOPS = 1.15e+10 Tdav = 0.00 T = 0.10
 <-- Site =   97 .. Mmps =   25 Ndav =  11 E =   -188.8944568911 Error = 1.79e-20 FLOPS = 1.16e+10 Tdav = 0.00 T = 0.10
 <-- Site =   96 .. Mmps =   25 Ndav =  10 E =   -188.8944618054 Error = 7.32e-19 FLOPS = 1.18e+10 Tdav = 0.00 T = 0.09
 <-- Site =   95 .. Mmps =   25 Ndav =  10 E =   -188.8944647763 Error = 2.23e-20 FLOPS = 1.17e+10 Tdav = 0.00 T = 0.17
 <-- Site =   94 .. Mmps =   25 Ndav =  11 E =   -188.8944684432 Error = 9.48e-20 FLOPS = 1.16e+10 Tdav = 0.00 T = 0.10
 <-- Site =   93 .. Mmps =   25 Ndav =  10 E =   -188.8944710065 Error = 1.44e-20 FLOPS = 1.18e+10 Tdav = 0.00 T = 0.11
 <-- Site =   92 .. Mmps =   25 Ndav =  10 E =   -188.8944744617 Error = 1.05e-19 FLOPS = 1.19e+10 Tdav = 0.00 T = 0.11
 <-- Site =   91 .. Mmps =   25 Ndav =   8 E =   -188.8944781158 Error = 2.13e-20 FLOPS = 1.20e+10 Tdav = 0.00 T = 0.10
 <-- Site =   90 .. Mmps =   25 Ndav =   8 E =   -188.8944798056 Error = 3.22e-18 FLOPS = 1.19e+10 Tdav = 0.00 T = 0.11
 <-- Site =   89 .. Mmps =   25 Ndav =  14 E =   -188.8944879150 Error = 7.20e-20 FLOPS = 1.13e+10 Tdav = 0.01 T = 0.11
 <-- Site =   88 .. Mmps =   25 Ndav =   9 E =   -188.8944920453 Error = 4.78e-18 FLOPS = 1.18e+10 Tdav = 0.00 T = 0.11
 <-- Site =   87 .. Mmps =   25 Ndav =  14 E =   -188.8945001831 Error = 1.65e-20 FLOPS = 1.12e+10 Tdav = 0.01 T = 0.10
 <-- Site =   86 .. Mmps =   25 Ndav =  11 E =   -188.8945048246 Error = 5.47e-19 FLOPS = 1.16e+10 Tdav = 0.00 T = 0.10
 <-- Site =   85 .. Mmps =   25 Ndav =  13 E =   -188.8945102109 Error = 1.15e-20 FLOPS = 1.14e+10 Tdav = 0.01 T = 0.10
 <-- Site =   84 .. Mmps =   25 Ndav =  11 E =   -188.8945147105 Error = 7.93e-18 FLOPS = 1.15e+10 Tdav = 0.00 T = 0.10
 <-- Site =   83 .. Mmps =   25 Ndav =  13 E =   -188.8945191069 Error = 1.64e-20 FLOPS = 1.12e+10 Tdav = 0.01 T = 0.10
 <-- Site =   82 .. Mmps =   25 Ndav =  10 E =   -188.8945243974 Error = 1.26e-17 FLOPS = 1.15e+10 Tdav = 0.00 T = 0.10
 <-- Site =   81 .. Mmps =   25 Ndav =  13 E =   -188.8945319126 Error = 2.21e-20 FLOPS = 1.12e+10 Tdav = 0.01 T = 0.10
 <-- Site =   80 .. Mmps =   25 Ndav =  10 E =   -188.8945372521 Error = 4.81e-18 FLOPS = 1.15e+10 Tdav = 0.00 T = 0.11
 <-- Site =   79 .. Mmps =   25 Ndav =  11 E =   -188.8945395425 Error = 1.54e-20 FLOPS = 1.15e+10 Tdav = 0.01 T = 0.10
 <-- Site =   78 .. Mmps =   25 Ndav =  10 E =   -188.8945469375 Error = 2.29e-18 FLOPS = 1.16e+10 Tdav = 0.00 T = 0.10
 <-- Site =   77 .. Mmps =   25 Ndav =   8 E =   -188.8945501844 Error = 6.46e-20 FLOPS = 1.17e+10 Tdav = 0.00 T = 0.10
 <-- Site =   76 .. Mmps =   25 Ndav =   9 E =   -188.8945546044 Error = 1.22e-19 FLOPS = 1.16e+10 Tdav = 0.00 T = 0.11
 <-- Site =   75 .. Mmps =   25 Ndav =  10 E =   -188.8945570382 Error = 6.95e-21 FLOPS = 1.16e+10 Tdav = 0.00 T = 0.10
 <-- Site =   74 .. Mmps =   25 Ndav =  10 E =   -188.8945622674 Error = 1.56e-19 FLOPS = 1.16e+10 Tdav = 0.00 T = 0.10
 <-- Site =   73 .. Mmps =   25 Ndav =  11 E =   -188.8945647786 Error = 7.37e-20 FLOPS = 1.14e+10 Tdav = 0.00 T = 0.14
 <-- Site =   72 .. Mmps =   25 Ndav =  10 E =   -188.8945705233 Error = 1.03e-18 FLOPS = 1.16e+10 Tdav = 0.00 T = 0.10
 <-- Site =   71 .. Mmps =   25 Ndav =  11 E =   -188.8945727933 Error = 2.45e-19 FLOPS = 1.15e+10 Tdav = 0.00 T = 0.10
 <-- Site =   70 .. Mmps =   25 Ndav =  11 E =   -188.8945775914 Error = 2.37e-19 FLOPS = 1.15e+10 Tdav = 0.00 T = 0.11
 <-- Site =   69 .. Mmps =   25 Ndav =  11 E =   -188.8945811812 Error = 1.99e-19 FLOPS = 1.14e+10 Tdav = 0.00 T = 0.10
 <-- Site =   68 .. Mmps =   25 Ndav =   9 E =   -188.8945842574 Error = 5.28e-19 FLOPS = 1.19e+10 Tdav = 0.00 T = 0.11
 <-- Site =   67 .. Mmps =   25 Ndav =  11 E =   -188.8945871827 Error = 1.51e-20 FLOPS = 1.17e+10 Tdav = 0.00 T = 0.10
 <-- Site =   66 .. Mmps =   25 Ndav =   9 E =   -188.8945909561 Error = 1.24e-19 FLOPS = 1.19e+10 Tdav = 0.00 T = 0.10
 <-- Site =   65 .. Mmps =   25 Ndav =  11 E =   -188.8945930112 Error = 8.61e-21 FLOPS = 1.17e+10 Tdav = 0.00 T = 0.09
 <-- Site =   64 .. Mmps =   25 Ndav =  10 E =   -188.8945958870 Error = 1.42e-17 FLOPS = 1.18e+10 Tdav = 0.00 T = 0.09
 <-- Site =   63 .. Mmps =   25 Ndav =  14 E =   -188.8946030749 Error = 1.76e-20 FLOPS = 1.12e+10 Tdav = 0.01 T = 0.10
 <-- Site =   62 .. Mmps =   25 Ndav =  10 E =   -188.8946070626 Error = 1.09e-17 FLOPS = 1.17e+10 Tdav = 0.00 T = 0.11
 <-- Site =   61 .. Mmps =   25 Ndav =  13 E =   -188.8946147741 Error = 2.11e-20 FLOPS = 1.14e+10 Tdav = 0.01 T = 0.09
 <-- Site =   60 .. Mmps =   25 Ndav =  11 E =   -188.8946190302 Error = 2.31e-18 FLOPS = 1.16e+10 Tdav = 0.00 T = 0.09
 <-- Site =   59 .. Mmps =   25 Ndav =  12 E =   -188.8946224813 Error = 5.46e-20 FLOPS = 1.15e+10 Tdav = 0.01 T = 0.09
 <-- Site =   58 .. Mmps =   25 Ndav =  11 E =   -188.8946290910 Error = 5.22e-20 FLOPS = 1.15e+10 Tdav = 0.00 T = 0.09
 <-- Site =   57 .. Mmps =   25 Ndav =  13 E =   -188.8946379445 Error = 1.37e-20 FLOPS = 1.13e+10 Tdav = 0.01 T = 0.10
 <-- Site =   56 .. Mmps =   25 Ndav =   9 E =   -188.8946411013 Error = 5.49e-18 FLOPS = 1.18e+10 Tdav = 0.00 T = 0.09
 <-- Site =   55 .. Mmps =   25 Ndav =  14 E =   -188.8946477933 Error = 2.32e-20 FLOPS = 1.12e+10 Tdav = 0.01 T = 0.09
 <-- Site =   54 .. Mmps =   25 Ndav =  10 E =   -188.8946537647 Error = 2.90e-20 FLOPS = 1.15e+10 Tdav = 0.00 T = 0.10
 <-- Site =   53 .. Mmps =   25 Ndav =  13 E =   -188.8946590143 Error = 1.70e-20 FLOPS = 1.11e+10 Tdav = 0.01 T = 0.09
 <-- Site =   52 .. Mmps =   25 Ndav =  10 E =   -188.8946632080 Error = 2.86e-17 FLOPS = 1.14e+10 Tdav = 0.00 T = 0.09
 <-- Site =   51 .. Mmps =   25 Ndav =  10 E =   -188.8946686526 Error = 1.55e-19 FLOPS = 1.14e+10 Tdav = 0.00 T = 0.08
 <-- Site =   50 .. Mmps =   25 Ndav =   9 E =   -188.8946711105 Error = 5.49e-20 FLOPS = 1.14e+10 Tdav = 0.00 T = 0.09
 <-- Site =   49 .. Mmps =   25 Ndav =  11 E =   -188.8946734741 Error = 3.40e-20 FLOPS = 1.12e+10 Tdav = 0.00 T = 0.08
 <-- Site =   48 .. Mmps =   25 Ndav =  11 E =   -188.8946762609 Error = 5.38e-20 FLOPS = 1.12e+10 Tdav = 0.00 T = 0.08
 <-- Site =   47 .. Mmps =   25 Ndav =   8 E =   -188.8946786204 Error = 1.35e-20 FLOPS = 1.14e+10 Tdav = 0.00 T = 0.09
 <-- Site =   46 .. Mmps =   25 Ndav =  11 E =   -188.8946816217 Error = 7.57e-20 FLOPS = 1.12e+10 Tdav = 0.00 T = 0.09
 <-- Site =   45 .. Mmps =   25 Ndav =  10 E =   -188.8946866768 Error = 1.26e-19 FLOPS = 1.13e+10 Tdav = 0.00 T = 0.09
 <-- Site =   44 .. Mmps =   25 Ndav =  10 E =   -188.8946916985 Error = 3.35e-19 FLOPS = 1.12e+10 Tdav = 0.00 T = 0.09
 <-- Site =   43 .. Mmps =   25 Ndav =  11 E =   -188.8946946475 Error = 3.67e-20 FLOPS = 1.11e+10 Tdav = 0.00 T = 0.08
 <-- Site =   42 .. Mmps =   25 Ndav =  10 E =   -188.8946997586 Error = 8.58e-20 FLOPS = 1.12e+10 Tdav = 0.00 T = 0.08
 <-- Site =   41 .. Mmps =   25 Ndav =  11 E =   -188.8947034564 Error = 1.01e-20 FLOPS = 1.10e+10 Tdav = 0.00 T = 0.08
 <-- Site =   40 .. Mmps =   25 Ndav =   9 E =   -188.8947055904 Error = 8.42e-20 FLOPS = 1.12e+10 Tdav = 0.00 T = 0.08
 <-- Site =   39 .. Mmps =   25 Ndav =  11 E =   -188.8947083046 Error = 2.63e-20 FLOPS = 1.10e+10 Tdav = 0.00 T = 0.08
 <-- Site =   38 .. Mmps =   25 Ndav =   9 E =   -188.8947114437 Error = 3.88e-20 FLOPS = 1.11e+10 Tdav = 0.00 T = 0.08
 <-- Site =   37 .. Mmps =   25 Ndav =  13 E =   -188.8947186529 Error = 3.90e-21 FLOPS = 1.06e+10 Tdav = 0.00 T = 0.07
 <-- Site =   36 .. Mmps =   25 Ndav =  10 E =   -188.8947232199 Error = 5.05e-20 FLOPS = 1.09e+10 Tdav = 0.00 T = 0.08
 <-- Site =   35 .. Mmps =   25 Ndav =  12 E =   -188.8947291521 Error = 1.25e-20 FLOPS = 1.06e+10 Tdav = 0.00 T = 0.07
 <-- Site =   34 .. Mmps =   25 Ndav =  11 E =   -188.8947330615 Error = 7.77e-19 FLOPS = 1.08e+10 Tdav = 0.00 T = 0.09
 <-- Site =   33 .. Mmps =   25 Ndav =  13 E =   -188.8947375420 Error = 1.08e-20 FLOPS = 1.05e+10 Tdav = 0.00 T = 0.06
 <-- Site =   32 .. Mmps =   25 Ndav =  11 E =   -188.8947409415 Error = 2.31e-17 FLOPS = 1.08e+10 Tdav = 0.00 T = 0.08
 <-- Site =   31 .. Mmps =   25 Ndav =  12 E =   -188.8947450330 Error = 5.46e-20 FLOPS = 1.06e+10 Tdav = 0.00 T = 0.06
 <-- Site =   30 .. Mmps =   25 Ndav =  10 E =   -188.8947485349 Error = 6.17e-18 FLOPS = 1.09e+10 Tdav = 0.00 T = 0.07
 <-- Site =   29 .. Mmps =   25 Ndav =  13 E =   -188.8947546570 Error = 2.13e-20 FLOPS = 1.02e+10 Tdav = 0.00 T = 0.05
 <-- Site =   28 .. Mmps =   25 Ndav =  10 E =   -188.8947571592 Error = 2.27e-18 FLOPS = 1.07e+10 Tdav = 0.00 T = 0.05
 <-- Site =   27 .. Mmps =   25 Ndav =  11 E =   -188.8947598259 Error = 1.08e-20 FLOPS = 1.05e+10 Tdav = 0.00 T = 0.05
 <-- Site =   26 .. Mmps =   25 Ndav =  10 E =   -188.8947670404 Error = 1.02e-19 FLOPS = 1.06e+10 Tdav = 0.00 T = 0.05
 <-- Site =   25 .. Mmps =   25 Ndav =   9 E =   -188.8947713434 Error = 5.63e-20 FLOPS = 1.07e+10 Tdav = 0.00 T = 0.05
 <-- Site =   24 .. Mmps =   25 Ndav =  10 E =   -188.8947760312 Error = 5.17e-21 FLOPS = 1.05e+10 Tdav = 0.00 T = 0.05
 <-- Site =   23 .. Mmps =   25 Ndav =  11 E =   -188.8947786924 Error = 1.99e-20 FLOPS = 1.01e+10 Tdav = 0.00 T = 0.05
 <-- Site =   22 .. Mmps =   25 Ndav =   9 E =   -188.8947814479 Error = 5.99e-20 FLOPS = 1.04e+10 Tdav = 0.00 T = 0.04
 <-- Site =   21 .. Mmps =   25 Ndav =  10 E =   -188.8947832720 Error = 1.21e-19 FLOPS = 1.02e+10 Tdav = 0.00 T = 0.04
 <-- Site =   20 .. Mmps =   25 Ndav =  10 E =   -188.8947863440 Error = 1.49e-19 FLOPS = 1.01e+10 Tdav = 0.00 T = 0.04
 <-- Site =   19 .. Mmps =   25 Ndav =  10 E =   -188.8947883708 Error = 6.69e-21 FLOPS = 9.86e+09 Tdav = 0.00 T = 0.04
 <-- Site =   18 .. Mmps =   25 Ndav =  11 E =   -188.8947922217 Error = 2.15e-19 FLOPS = 9.61e+09 Tdav = 0.00 T = 0.04
 <-- Site =   17 .. Mmps =   25 Ndav =   7 E =   -188.8947931757 Error = 7.10e-21 FLOPS = 1.00e+10 Tdav = 0.00 T = 0.04
 <-- Site =   16 .. Mmps =   25 Ndav =  10 E =   -188.8947987760 Error = 2.12e-20 FLOPS = 9.52e+09 Tdav = 0.00 T = 0.04
 <-- Site =   15 .. Mmps =   25 Ndav =  11 E =   -188.8948009370 Error = 1.10e-20 FLOPS = 9.12e+09 Tdav = 0.00 T = 0.04
 <-- Site =   14 .. Mmps =   25 Ndav =   9 E =   -188.8948018961 Error = 4.84e-19 FLOPS = 9.41e+09 Tdav = 0.00 T = 0.04
 <-- Site =   13 .. Mmps =   25 Ndav =  10 E =   -188.8948039861 Error = 6.72e-21 FLOPS = 8.92e+09 Tdav = 0.00 T = 0.04
 <-- Site =   12 .. Mmps =   25 Ndav =   9 E =   -188.8948055136 Error = 1.41e-18 FLOPS = 8.97e+09 Tdav = 0.00 T = 0.03
 <-- Site =   11 .. Mmps =   25 Ndav =  12 E =   -188.8948077229 Error = 1.04e-20 FLOPS = 7.91e+09 Tdav = 0.00 T = 0.04
 <-- Site =   10 .. Mmps =   25 Ndav =   9 E =   -188.8948083070 Error = 3.33e-17 FLOPS = 8.44e+09 Tdav = 0.00 T = 0.04
 <-- Site =    9 .. Mmps =   25 Ndav =   9 E =   -188.8948084610 Error = 3.24e-20 FLOPS = 8.28e+09 Tdav = 0.00 T = 0.03
 <-- Site =    8 .. Mmps =   25 Ndav =   7 E =   -188.8948085087 Error = 1.43e-17 FLOPS = 8.53e+09 Tdav = 0.00 T = 0.03
 <-- Site =    7 .. Mmps =   25 Ndav =   7 E =   -188.8948085331 Error = 3.99e-20 FLOPS = 7.91e+09 Tdav = 0.00 T = 0.03
 <-- Site =    6 .. Mmps =   25 Ndav =   7 E =   -188.8948085584 Error = 1.64e-19 FLOPS = 7.71e+09 Tdav = 0.00 T = 0.03
 <-- Site =    5 .. Mmps =   25 Ndav =   7 E =   -188.8948085717 Error = 1.51e-22 FLOPS = 6.28e+09 Tdav = 0.00 T = 0.03
 <-- Site =    4 .. Mmps =   25 Ndav =   4 E =   -188.8948085724 Error = 2.83e-28 FLOPS = 4.40e+09 Tdav = 0.00 T = 0.03
 <-- Site =    3 .. Mmps =   25 Ndav =   1 E =   -188.8948085724 Error = 6.19e-44 FLOPS = 1.26e+09 Tdav = 0.00 T = 0.03
 <-- Site =    2 .. Mmps =   25 Ndav =   1 E =   -188.8948085724 Error = 1.16e-55 FLOPS = 4.17e+08 Tdav = 0.00 T = 0.03
 <-- Site =    1 .. Mmps =   25 Ndav =   1 E =   -188.8948085724 Error = 2.60e-57 FLOPS = 2.32e+08 Tdav = 0.00 T = 0.03
 <-- Site =    0 .. Mmps =   25 Ndav =   1 E =   -188.8948085724 Error = 0.00e+00 FLOPS = 8.41e+07 Tdav = 0.00 T = 0.03
Time elapsed =    178.350 | E =    -188.8948085724 | DE = -5.57e-04 | DW = 3.32710e-17
Time sweep =       12.540 | 5.78 GFLOP/SWP
 | Dmem = 288 KB (3%) | Imem = 232 B (79%) | Hmem = 1.34 MB | Wmem = 9.77 KB | Pmem = 9.77 KB
 | Tread = 0.251 | Twrite = 0.871 | Tfpread = 0.086 | Tfpwrite = 0.051 | Tmporead = 0.000 | Tasync = 0.000
 | data = 31.0 MB | cpsd = 21.0 MB
 | Trot = 0.070 | Tctr = 0.593 | Tint = 0.007 | Tmid = 0.000 | Tdctr = 0.008 | Tdiag = 0.033 | Tinfo = 0.359
 | Teff = 5.222 | Tprt = 0.157 | Teig = 0.563 | Tblk = 9.986 | Tmve = 2.543 | Tdm = 0.005 | Tsplt = 0.044 | Tsvd = 0.000 | Torth = 0.000

Sweep =    6 | Direction =  forward | Bond dimension =  550 | Noise =  1.00e-05 | Dav threshold =  1.00e-10
 --> Site =    0 .. Mmps =    2 Ndav =   1 E =   -188.8948085724 Error = 0.00e+00 FLOPS = 9.65e+07 Tdav = 0.00 T = 0.02
 --> Site =    1 .. Mmps =    4 Ndav =   1 E =   -188.8948085724 Error = 0.00e+00 FLOPS = 1.68e+08 Tdav = 0.00 T = 0.03
 --> Site =    2 .. Mmps =    8 Ndav =   1 E =   -188.8948085724 Error = 0.00e+00 FLOPS = 3.43e+08 Tdav = 0.00 T = 0.03
 --> Site =    3 .. Mmps =   16 Ndav =   1 E =   -188.8948085724 Error = 0.00e+00 FLOPS = 7.34e+08 Tdav = 0.00 T = 0.03
 --> Site =    4 .. Mmps =   28 Ndav =   1 E =   -188.8948085724 Error = 0.00e+00 FLOPS = 1.69e+09 Tdav = 0.00 T = 0.04
 --> Site =    5 .. Mmps =   39 Ndav =   1 E =   -188.8948085724 Error = 0.00e+00 FLOPS = 3.15e+09 Tdav = 0.00 T = 0.03
 --> Site =    6 .. Mmps =   52 Ndav =   2 E =   -188.8948085724 Error = 0.00e+00 FLOPS = 6.56e+09 Tdav = 0.00 T = 0.04
 --> Site =    7 .. Mmps =   65 Ndav =   3 E =   -188.8948085725 Error = 0.00e+00 FLOPS = 9.91e+09 Tdav = 0.00 T = 0.06
 --> Site =    8 .. Mmps =   78 Ndav =   3 E =   -188.8948085728 Error = 0.00e+00 FLOPS = 1.18e+10 Tdav = 0.00 T = 0.05
 --> Site =    9 .. Mmps =   90 Ndav =   6 E =   -188.8948085745 Error = 0.00e+00 FLOPS = 1.42e+10 Tdav = 0.00 T = 0.06
 --> Site =   10 .. Mmps =  103 Ndav =   4 E =   -188.8948085767 Error = 0.00e+00 FLOPS = 1.44e+10 Tdav = 0.00 T = 0.08
 --> Site =   11 .. Mmps =  115 Ndav =   6 E =   -188.8948085894 Error = 0.00e+00 FLOPS = 1.57e+10 Tdav = 0.01 T = 0.10
 --> Site =   12 .. Mmps =  128 Ndav =   8 E =   -188.8948088990 Error = 0.00e+00 FLOPS = 1.59e+10 Tdav = 0.01 T = 0.13
 --> Site =   13 .. Mmps =  141 Ndav =  10 E =   -188.8948093906 Error = 0.00e+00 FLOPS = 1.68e+10 Tdav = 0.02 T = 0.19
 --> Site =   14 .. Mmps =  153 Ndav =   9 E =   -188.8948112856 Error = 0.00e+00 FLOPS = 1.56e+10 Tdav = 0.02 T = 0.26
 --> Site =   15 .. Mmps =  166 Ndav =   8 E =   -188.8948125176 Error = 0.00e+00 FLOPS = 1.45e+10 Tdav = 0.03 T = 0.28
 --> Site =   16 .. Mmps =  178 Ndav =   8 E =   -188.8948138405 Error = 0.00e+00 FLOPS = 1.71e+10 Tdav = 0.03 T = 0.35
 --> Site =   17 .. Mmps =  192 Ndav =   8 E =   -188.8948144367 Error = 0.00e+00 FLOPS = 1.71e+10 Tdav = 0.03 T = 0.45
 --> Site =   18 .. Mmps =  204 Ndav =   9 E =   -188.8948154684 Error = 0.00e+00 FLOPS = 1.76e+10 Tdav = 0.04 T = 0.62
 --> Site =   19 .. Mmps =  216 Ndav =  10 E =   -188.8948163902 Error = 0.00e+00 FLOPS = 1.58e+10 Tdav = 0.06 T = 0.70
 --> Site =   20 .. Mmps =  227 Ndav =   9 E =   -188.8948172465 Error = 0.00e+00 FLOPS = 1.60e+10 Tdav = 0.06 T = 0.85
 --> Site =   21 .. Mmps =  239 Ndav =  10 E =   -188.8948182833 Error = 0.00e+00 FLOPS = 1.66e+10 Tdav = 0.08 T = 1.01
 --> Site =   22 .. Mmps =  251 Ndav =   8 E =   -188.8948193497 Error = 0.00e+00 FLOPS = 1.67e+10 Tdav = 0.07 T = 1.17
 --> Site =   23 .. Mmps =  266 Ndav =  10 E =   -188.8948205678 Error = 0.00e+00 FLOPS = 1.63e+10 Tdav = 0.11 T = 1.41
 --> Site =   24 .. Mmps =  279 Ndav =   9 E =   -188.8948215973 Error = 0.00e+00 FLOPS = 1.67e+10 Tdav = 0.11 T = 1.68
 --> Site =   25 .. Mmps =  291 Ndav =   8 E =   -188.8948222338 Error = 0.00e+00 FLOPS = 1.75e+10 Tdav = 0.10 T = 1.95
 --> Site =   26 .. Mmps =  306 Ndav =   9 E =   -188.8948232974 Error = 0.00e+00 FLOPS = 1.76e+10 Tdav = 0.13 T = 2.29
 --> Site =   27 .. Mmps =  320 Ndav =  12 E =   -188.8948302063 Error = 0.00e+00 FLOPS = 1.66e+10 Tdav = 0.21 T = 2.67
 --> Site =   28 .. Mmps =  333 Ndav =  10 E =   -188.8948322681 Error = 0.00e+00 FLOPS = 1.73e+10 Tdav = 0.19 T = 3.12
 --> Site =   29 .. Mmps =  344 Ndav =  11 E =   -188.8948334273 Error = 0.00e+00 FLOPS = 1.74e+10 Tdav = 0.23 T = 3.61
 --> Site =   30 .. Mmps =  357 Ndav =  11 E =   -188.8948354885 Error = 0.00e+00 FLOPS = 1.74e+10 Tdav = 0.26 T = 4.10
 --> Site =   31 .. Mmps =  370 Ndav =  11 E =   -188.8948364015 Error = 0.00e+00 FLOPS = 1.75e+10 Tdav = 0.28 T = 4.65
 --> Site =   32 .. Mmps =  382 Ndav =  10 E =   -188.8948395020 Error = 0.00e+00 FLOPS = 1.76e+10 Tdav = 0.28 T = 5.31
 --> Site =   33 .. Mmps =  395 Ndav =  12 E =   -188.8948414616 Error = 0.00e+00 FLOPS = 1.78e+10 Tdav = 0.37 T = 5.99
 --> Site =   34 .. Mmps =  409 Ndav =  10 E =   -188.8948428569 Error = 0.00e+00 FLOPS = 1.71e+10 Tdav = 0.35 T = 6.69
 --> Site =   35 .. Mmps =  422 Ndav =  12 E =   -188.8948453016 Error = 0.00e+00 FLOPS = 1.71e+10 Tdav = 0.46 T = 7.59
 --> Site =   36 .. Mmps =  435 Ndav =  11 E =   -188.8948473879 Error = 0.00e+00 FLOPS = 1.71e+10 Tdav = 0.46 T = 8.55
 --> Site =   37 .. Mmps =  447 Ndav =  10 E =   -188.8948481844 Error = 0.00e+00 FLOPS = 1.72e+10 Tdav = 0.45 T = 9.44
 --> Site =   38 .. Mmps =  459 Ndav =  10 E =   -188.8948514411 Error = 0.00e+00 FLOPS = 1.76e+10 Tdav = 0.48 T = 10.46
 --> Site =   39 .. Mmps =  472 Ndav =   8 E =   -188.8948535721 Error = 0.00e+00 FLOPS = 1.78e+10 Tdav = 0.41 T = 11.46
 --> Site =   40 .. Mmps =  485 Ndav =   9 E =   -188.8948579281 Error = 0.00e+00 FLOPS = 1.77e+10 Tdav = 0.50 T = 12.61
 --> Site =   41 .. Mmps =  499 Ndav =   9 E =   -188.8948598793 Error = 0.00e+00 FLOPS = 1.75e+10 Tdav = 0.55 T = 14.02
 --> Site =   42 .. Mmps =  510 Ndav =  11 E =   -188.8948626567 Error = 0.00e+00 FLOPS = 1.68e+10 Tdav = 0.75 T = 15.72
 --> Site =   43 .. Mmps =  519 Ndav =  10 E =   -188.8948637863 Error = 0.00e+00 FLOPS = 1.72e+10 Tdav = 0.70 T = 16.84
 --> Site =   44 .. Mmps =  533 Ndav =   9 E =   -188.8948648032 Error = 0.00e+00 FLOPS = 1.74e+10 Tdav = 0.64 T = 17.29
 --> Site =   45 .. Mmps =  547 Ndav =  10 E =   -188.8948665861 Error = 0.00e+00 FLOPS = 1.74e+10 Tdav = 0.77 T = 18.59
 --> Site =   46 .. Mmps =  550 Ndav =   9 E =   -188.8948682922 Error = 6.43e-32 FLOPS = 1.81e+10 Tdav = 0.72 T = 20.46
 --> Site =   47 .. Mmps =  550 Ndav =  10 E =   -188.8948701990 Error = 1.47e-32 FLOPS = 1.80e+10 Tdav = 0.81 T = 21.10
 --> Site =   48 .. Mmps =  550 Ndav =  10 E =   -188.8948712591 Error = 1.88e-32 FLOPS = 1.82e+10 Tdav = 0.82 T = 21.53
 --> Site =   49 .. Mmps =  550 Ndav =  11 E =   -188.8948733265 Error = 1.05e-32 FLOPS = 1.76e+10 Tdav = 0.95 T = 22.27
 --> Site =   50 .. Mmps =  550 Ndav =   9 E =   -188.8948754452 Error = 7.46e-33 FLOPS = 1.82e+10 Tdav = 0.75 T = 22.51
 --> Site =   51 .. Mmps =  550 Ndav =  11 E =   -188.8948763633 Error = 2.91e-33 FLOPS = 1.81e+10 Tdav = 0.92 T = 22.65
 --> Site =   52 .. Mmps =  550 Ndav =  10 E =   -188.8948777902 Error = 9.40e-33 FLOPS = 1.84e+10 Tdav = 0.84 T = 22.91
 --> Site =   53 .. Mmps =  550 Ndav =  12 E =   -188.8948827281 Error = 1.00e-32 FLOPS = 1.80e+10 Tdav = 1.05 T = 24.20
 --> Site =   54 .. Mmps =  550 Ndav =  10 E =   -188.8948853649 Error = 2.30e-32 FLOPS = 1.79e+10 Tdav = 0.88 T = 24.46
 --> Site =   55 .. Mmps =  550 Ndav =  11 E =   -188.8948875200 Error = 8.84e-33 FLOPS = 1.82e+10 Tdav = 0.97 T = 24.87
 --> Site =   56 .. Mmps =  550 Ndav =  10 E =   -188.8948892098 Error = 2.07e-32 FLOPS = 1.82e+10 Tdav = 0.87 T = 24.65
 --> Site =   57 .. Mmps =  550 Ndav =  12 E =   -188.8948901307 Error = 1.38e-32 FLOPS = 1.81e+10 Tdav = 1.07 T = 24.83
 --> Site =   58 .. Mmps =  550 Ndav =  11 E =   -188.8948923586 Error = 4.00e-32 FLOPS = 1.81e+10 Tdav = 0.98 T = 25.18
 --> Site =   59 .. Mmps =  550 Ndav =  11 E =   -188.8948946950 Error = 1.34e-32 FLOPS = 1.81e+10 Tdav = 0.99 T = 25.62
 --> Site =   60 .. Mmps =  550 Ndav =   9 E =   -188.8948962097 Error = 2.19e-32 FLOPS = 1.82e+10 Tdav = 0.81 T = 25.86
 --> Site =   61 .. Mmps =  550 Ndav =  12 E =   -188.8948981751 Error = 1.43e-32 FLOPS = 1.80e+10 Tdav = 1.11 T = 26.55
 --> Site =   62 .. Mmps =  550 Ndav =  10 E =   -188.8949000891 Error = 3.25e-32 FLOPS = 1.82e+10 Tdav = 0.90 T = 26.34
 --> Site =   63 .. Mmps =  550 Ndav =  10 E =   -188.8949012608 Error = 1.46e-32 FLOPS = 1.80e+10 Tdav = 0.93 T = 26.43
 --> Site =   64 .. Mmps =  550 Ndav =  11 E =   -188.8949054514 Error = 2.81e-32 FLOPS = 1.81e+10 Tdav = 1.02 T = 26.97
 --> Site =   65 .. Mmps =  550 Ndav =   9 E =   -188.8949077233 Error = 1.72e-33 FLOPS = 1.78e+10 Tdav = 0.86 T = 27.39
 --> Site =   66 .. Mmps =  550 Ndav =  10 E =   -188.8949113731 Error = 5.91e-32 FLOPS = 1.79e+10 Tdav = 0.95 T = 28.12
 --> Site =   67 .. Mmps =  550 Ndav =  10 E =   -188.8949135283 Error = 3.24e-32 FLOPS = 1.78e+10 Tdav = 0.95 T = 28.09
 --> Site =   68 .. Mmps =  550 Ndav =  10 E =   -188.8949169136 Error = 1.99e-31 FLOPS = 1.80e+10 Tdav = 0.94 T = 28.07
 --> Site =   69 .. Mmps =  550 Ndav =  11 E =   -188.8949178693 Error = 3.94e-32 FLOPS = 1.77e+10 Tdav = 1.04 T = 27.72
 --> Site =   70 .. Mmps =  550 Ndav =   9 E =   -188.8949192378 Error = 2.05e-31 FLOPS = 1.78e+10 Tdav = 0.86 T = 27.53
 --> Site =   71 .. Mmps =  550 Ndav =  11 E =   -188.8949208949 Error = 2.78e-32 FLOPS = 1.81e+10 Tdav = 1.03 T = 28.20
 --> Site =   72 .. Mmps =  550 Ndav =  10 E =   -188.8949235281 Error = 1.29e-31 FLOPS = 1.83e+10 Tdav = 0.93 T = 27.73
 --> Site =   73 .. Mmps =  550 Ndav =  12 E =   -188.8949270432 Error = 1.86e-32 FLOPS = 1.79e+10 Tdav = 1.14 T = 28.22
 --> Site =   74 .. Mmps =  550 Ndav =  10 E =   -188.8949288247 Error = 2.10e-32 FLOPS = 1.79e+10 Tdav = 0.95 T = 28.08
 --> Site =   75 .. Mmps =  550 Ndav =  11 E =   -188.8949308733 Error = 9.75e-33 FLOPS = 1.81e+10 Tdav = 1.06 T = 28.55
 --> Site =   76 .. Mmps =  550 Ndav =   9 E =   -188.8949324688 Error = 1.94e-32 FLOPS = 1.83e+10 Tdav = 0.85 T = 28.98
 --> Site =   77 .. Mmps =  550 Ndav =  10 E =   -188.8949338632 Error = 3.82e-33 FLOPS = 1.82e+10 Tdav = 0.93 T = 28.32
 --> Site =   78 .. Mmps =  550 Ndav =   9 E =   -188.8949356552 Error = 1.15e-32 FLOPS = 1.75e+10 Tdav = 0.89 T = 28.23
 --> Site =   79 .. Mmps =  550 Ndav =  11 E =   -188.8949407944 Error = 4.00e-33 FLOPS = 1.81e+10 Tdav = 1.06 T = 28.85
 --> Site =   80 .. Mmps =  550 Ndav =  10 E =   -188.8949436754 Error = 1.69e-32 FLOPS = 1.81e+10 Tdav = 0.94 T = 28.42
 --> Site =   81 .. Mmps =  550 Ndav =  12 E =   -188.8949455031 Error = 9.19e-33 FLOPS = 1.81e+10 Tdav = 1.13 T = 27.95
 --> Site =   82 .. Mmps =  550 Ndav =  11 E =   -188.8949479952 Error = 3.89e-32 FLOPS = 1.78e+10 Tdav = 1.03 T = 27.60
 --> Site =   83 .. Mmps =  550 Ndav =  13 E =   -188.8949494587 Error = 1.09e-32 FLOPS = 1.80e+10 Tdav = 1.23 T = 27.72
 --> Site =   84 .. Mmps =  550 Ndav =  10 E =   -188.8949512853 Error = 3.82e-32 FLOPS = 1.82e+10 Tdav = 0.94 T = 27.70
 --> Site =   85 .. Mmps =  550 Ndav =  12 E =   -188.8949534128 Error = 1.44e-32 FLOPS = 1.81e+10 Tdav = 1.13 T = 27.91
 --> Site =   86 .. Mmps =  550 Ndav =  10 E =   -188.8949547211 Error = 2.38e-32 FLOPS = 1.79e+10 Tdav = 0.95 T = 27.88
 --> Site =   87 .. Mmps =  550 Ndav =  12 E =   -188.8949565845 Error = 1.62e-32 FLOPS = 1.79e+10 Tdav = 1.14 T = 28.04
 --> Site =   88 .. Mmps =  550 Ndav =  10 E =   -188.8949585619 Error = 2.08e-32 FLOPS = 1.81e+10 Tdav = 0.96 T = 28.26
 --> Site =   89 .. Mmps =  550 Ndav =  10 E =   -188.8949598442 Error = 1.44e-32 FLOPS = 1.82e+10 Tdav = 0.95 T = 28.80
 --> Site =   90 .. Mmps =  550 Ndav =  10 E =   -188.8949629046 Error = 2.67e-32 FLOPS = 1.80e+10 Tdav = 0.95 T = 28.32
 --> Site =   91 .. Mmps =  550 Ndav =   8 E =   -188.8949644131 Error = 2.35e-33 FLOPS = 1.80e+10 Tdav = 0.77 T = 28.15
 --> Site =   92 .. Mmps =  550 Ndav =  10 E =   -188.8949689326 Error = 2.72e-32 FLOPS = 1.81e+10 Tdav = 0.95 T = 28.76
 --> Site =   93 .. Mmps =  550 Ndav =   9 E =   -188.8949720898 Error = 1.03e-32 FLOPS = 1.82e+10 Tdav = 0.84 T = 28.18
 --> Site =   94 .. Mmps =  550 Ndav =  10 E =   -188.8949766898 Error = 8.46e-32 FLOPS = 1.78e+10 Tdav = 0.96 T = 27.96
 --> Site =   95 .. Mmps =  550 Ndav =  10 E =   -188.8949776715 Error = 1.87e-32 FLOPS = 1.75e+10 Tdav = 0.96 T = 27.59
 --> Site =   96 .. Mmps =  550 Ndav =   9 E =   -188.8949790596 Error = 1.21e-31 FLOPS = 1.77e+10 Tdav = 0.87 T = 27.60
 --> Site =   97 .. Mmps =  550 Ndav =  11 E =   -188.8949813457 Error = 1.91e-32 FLOPS = 1.76e+10 Tdav = 1.06 T = 28.16
 --> Site =   98 .. Mmps =  550 Ndav =   9 E =   -188.8949826376 Error = 6.93e-32 FLOPS = 1.81e+10 Tdav = 0.83 T = 27.54
 --> Site =   99 .. Mmps =  550 Ndav =  11 E =   -188.8949839727 Error = 1.50e-32 FLOPS = 1.80e+10 Tdav = 1.02 T = 27.21
 --> Site =  100 .. Mmps =  550 Ndav =  10 E =   -188.8949858175 Error = 2.93e-32 FLOPS = 1.82e+10 Tdav = 0.94 T = 27.67
 --> Site =  101 .. Mmps =  550 Ndav =  12 E =   -188.8949878677 Error = 9.14e-33 FLOPS = 1.80e+10 Tdav = 1.14 T = 28.32
 --> Site =  102 .. Mmps =  550 Ndav =   9 E =   -188.8949889475 Error = 7.24e-33 FLOPS = 1.83e+10 Tdav = 0.84 T = 27.84
 --> Site =  103 .. Mmps =  550 Ndav =  10 E =   -188.8949897263 Error = 3.62e-33 FLOPS = 1.78e+10 Tdav = 0.94 T = 27.35
 --> Site =  104 .. Mmps =  550 Ndav =   9 E =   -188.8949914927 Error = 7.59e-33 FLOPS = 1.79e+10 Tdav = 0.84 T = 27.10
 --> Site =  105 .. Mmps =  550 Ndav =  12 E =   -188.8949981093 Error = 4.67e-33 FLOPS = 1.80e+10 Tdav = 1.09 T = 27.05
 --> Site =  106 .. Mmps =  550 Ndav =  10 E =   -188.8950006038 Error = 2.43e-32 FLOPS = 1.79e+10 Tdav = 0.91 T = 26.08
 --> Site =  107 .. Mmps =  550 Ndav =  12 E =   -188.8950024898 Error = 6.95e-33 FLOPS = 1.79e+10 Tdav = 1.08 T = 25.95
 --> Site =  108 .. Mmps =  550 Ndav =  11 E =   -188.8950052524 Error = 1.83e-32 FLOPS = 1.81e+10 Tdav = 0.96 T = 24.92
 --> Site =  109 .. Mmps =  550 Ndav =  11 E =   -188.8950064926 Error = 7.78e-33 FLOPS = 1.82e+10 Tdav = 0.95 T = 24.25
 --> Site =  110 .. Mmps =  550 Ndav =  10 E =   -188.8950074392 Error = 2.03e-32 FLOPS = 1.81e+10 Tdav = 0.87 T = 24.18
 --> Site =  111 .. Mmps =  550 Ndav =  11 E =   -188.8950098402 Error = 5.89e-33 FLOPS = 1.80e+10 Tdav = 0.96 T = 24.32
 --> Site =  112 .. Mmps =  550 Ndav =  10 E =   -188.8950114731 Error = 1.43e-32 FLOPS = 1.82e+10 Tdav = 0.86 T = 24.27
 --> Site =  113 .. Mmps =  550 Ndav =  12 E =   -188.8950137765 Error = 5.27e-33 FLOPS = 1.80e+10 Tdav = 1.05 T = 24.39
 --> Site =  114 .. Mmps =  550 Ndav =   9 E =   -188.8950154843 Error = 1.13e-32 FLOPS = 1.82e+10 Tdav = 0.78 T = 24.18
 --> Site =  115 .. Mmps =  550 Ndav =  11 E =   -188.8950165182 Error = 6.94e-33 FLOPS = 1.82e+10 Tdav = 0.94 T = 23.82
 --> Site =  116 .. Mmps =  550 Ndav =  10 E =   -188.8950212092 Error = 3.25e-32 FLOPS = 1.82e+10 Tdav = 0.83 T = 22.92
 --> Site =  117 .. Mmps =  550 Ndav =   8 E =   -188.8950232649 Error = 1.79e-33 FLOPS = 1.82e+10 Tdav = 0.67 T = 22.35
 --> Site =  118 .. Mmps =  550 Ndav =  10 E =   -188.8950271817 Error = 4.14e-32 FLOPS = 1.81e+10 Tdav = 0.82 T = 22.03
 --> Site =  119 .. Mmps =  550 Ndav =   9 E =   -188.8950291849 Error = 1.84e-32 FLOPS = 1.83e+10 Tdav = 0.73 T = 21.58
 --> Site =  120 .. Mmps =  550 Ndav =  11 E =   -188.8950316825 Error = 3.09e-31 FLOPS = 1.77e+10 Tdav = 0.91 T = 21.47
 --> Site =  121 .. Mmps =  550 Ndav =   8 E =   -188.8950325234 Error = 1.99e-32 FLOPS = 1.81e+10 Tdav = 0.63 T = 20.50
 --> Site =  122 .. Mmps =  550 Ndav =   9 E =   -188.8950339919 Error = 4.14e-32 FLOPS = 1.78e+10 Tdav = 0.72 T = 20.18
 --> Site =  123 .. Mmps =  550 Ndav =   9 E =   -188.8950349714 Error = 1.12e-32 FLOPS = 1.79e+10 Tdav = 0.70 T = 19.77
 --> Site =  124 .. Mmps =  550 Ndav =  10 E =   -188.8950375941 Error = 3.82e-32 FLOPS = 1.77e+10 Tdav = 0.79 T = 19.41
 --> Site =  125 .. Mmps =  550 Ndav =  11 E =   -188.8950399370 Error = 7.16e-33 FLOPS = 1.77e+10 Tdav = 0.87 T = 19.46
 --> Site =  126 .. Mmps =  550 Ndav =  10 E =   -188.8950421033 Error = 1.65e-32 FLOPS = 1.77e+10 Tdav = 0.77 T = 19.12
 --> Site =  127 .. Mmps =  550 Ndav =  11 E =   -188.8950437092 Error = 3.36e-33 FLOPS = 1.74e+10 Tdav = 0.84 T = 18.43
 --> Site =  128 .. Mmps =  550 Ndav =   9 E =   -188.8950451939 Error = 4.84e-33 FLOPS = 1.77e+10 Tdav = 0.66 T = 17.54
 --> Site =  129 .. Mmps =  550 Ndav =  11 E =   -188.8950465507 Error = 2.02e-33 FLOPS = 1.76e+10 Tdav = 0.79 T = 17.00
 --> Site =  130 .. Mmps =  550 Ndav =   9 E =   -188.8950487291 Error = 8.92e-33 FLOPS = 1.81e+10 Tdav = 0.61 T = 16.08
 --> Site =  131 .. Mmps =  550 Ndav =  10 E =   -188.8950553707 Error = 5.59e-33 FLOPS = 1.79e+10 Tdav = 0.67 T = 15.40
 --> Site =  132 .. Mmps =  550 Ndav =  11 E =   -188.8950582989 Error = 2.58e-32 FLOPS = 1.76e+10 Tdav = 0.73 T = 14.82
 --> Site =  133 .. Mmps =  550 Ndav =  12 E =   -188.8950607188 Error = 1.01e-32 FLOPS = 1.73e+10 Tdav = 0.80 T = 14.16
 --> Site =  134 .. Mmps =  550 Ndav =  10 E =   -188.8950630658 Error = 2.17e-32 FLOPS = 1.74e+10 Tdav = 0.64 T = 13.48
 --> Site =  135 .. Mmps =  550 Ndav =  12 E =   -188.8950642470 Error = 8.86e-33 FLOPS = 1.74e+10 Tdav = 0.75 T = 13.03
 --> Site =  136 .. Mmps =  550 Ndav =  10 E =   -188.8950661711 Error = 2.36e-32 FLOPS = 1.76e+10 Tdav = 0.60 T = 12.13
 --> Site =  137 .. Mmps =  550 Ndav =  12 E =   -188.8950684541 Error = 7.26e-33 FLOPS = 1.76e+10 Tdav = 0.70 T = 11.67
 --> Site =  138 .. Mmps =  550 Ndav =  11 E =   -188.8950715088 Error = 3.09e-32 FLOPS = 1.78e+10 Tdav = 0.61 T = 11.01
 --> Site =  139 .. Mmps =  550 Ndav =  10 E =   -188.8950726596 Error = 1.33e-32 FLOPS = 1.79e+10 Tdav = 0.53 T = 10.44
 --> Site =  140 .. Mmps =  550 Ndav =   9 E =   -188.8950744831 Error = 2.47e-32 FLOPS = 1.75e+10 Tdav = 0.48 T = 9.69
 --> Site =  141 .. Mmps =  550 Ndav =  11 E =   -188.8950753254 Error = 1.17e-32 FLOPS = 1.77e+10 Tdav = 0.56 T = 9.29
 --> Site =  142 .. Mmps =  550 Ndav =   9 E =   -188.8950770702 Error = 1.87e-32 FLOPS = 1.75e+10 Tdav = 0.45 T = 8.70
 --> Site =  143 .. Mmps =  550 Ndav =   9 E =   -188.8950795288 Error = 5.14e-33 FLOPS = 1.78e+10 Tdav = 0.42 T = 8.07
 --> Site =  144 .. Mmps =  550 Ndav =  10 E =   -188.8950844138 Error = 6.55e-32 FLOPS = 1.77e+10 Tdav = 0.45 T = 7.66
 --> Site =  145 .. Mmps =  550 Ndav =  11 E =   -188.8950859472 Error = 1.26e-32 FLOPS = 1.73e+10 Tdav = 0.49 T = 7.17
 --> Site =  146 .. Mmps =  550 Ndav =   9 E =   -188.8950878153 Error = 1.16e-31 FLOPS = 1.77e+10 Tdav = 0.38 T = 6.63
 --> Site =  147 .. Mmps =  550 Ndav =  11 E =   -188.8950885461 Error = 1.29e-32 FLOPS = 1.75e+10 Tdav = 0.45 T = 6.27
 --> Site =  148 .. Mmps =  550 Ndav =   9 E =   -188.8950899121 Error = 2.56e-32 FLOPS = 1.72e+10 Tdav = 0.36 T = 5.80
 --> Site =  149 .. Mmps =  550 Ndav =  11 E =   -188.8950910360 Error = 9.97e-33 FLOPS = 1.72e+10 Tdav = 0.42 T = 5.52
 --> Site =  150 .. Mmps =  550 Ndav =   9 E =   -188.8950921378 Error = 1.64e-32 FLOPS = 1.74e+10 Tdav = 0.32 T = 5.04
 --> Site =  151 .. Mmps =  550 Ndav =   8 E =   -188.8950934460 Error = 2.55e-33 FLOPS = 1.74e+10 Tdav = 0.27 T = 4.62
 --> Site =  152 .. Mmps =  550 Ndav =   8 E =   -188.8950940157 Error = 7.10e-33 FLOPS = 1.74e+10 Tdav = 0.26 T = 4.30
 --> Site =  153 .. Mmps =  550 Ndav =  10 E =   -188.8950945449 Error = 3.16e-33 FLOPS = 1.69e+10 Tdav = 0.31 T = 3.97
 --> Site =  154 .. Mmps =  550 Ndav =   9 E =   -188.8950954038 Error = 2.79e-33 FLOPS = 1.69e+10 Tdav = 0.26 T = 3.61
 --> Site =  155 .. Mmps =  550 Ndav =   9 E =   -188.8950957452 Error = 1.55e-33 FLOPS = 1.70e+10 Tdav = 0.25 T = 3.25
 --> Site =  156 .. Mmps =  550 Ndav =   9 E =   -188.8950972264 Error = 6.31e-33 FLOPS = 1.68e+10 Tdav = 0.23 T = 3.00
 --> Site =  157 .. Mmps =  550 Ndav =  11 E =   -188.8950991228 Error = 2.64e-33 FLOPS = 1.66e+10 Tdav = 0.27 T = 2.77
 --> Site =  158 .. Mmps =  550 Ndav =   8 E =   -188.8950996689 Error = 1.95e-33 FLOPS = 1.68e+10 Tdav = 0.18 T = 2.41
 --> Site =  159 .. Mmps =  550 Ndav =  10 E =   -188.8951003448 Error = 7.80e-34 FLOPS = 1.65e+10 Tdav = 0.21 T = 2.24
 --> Site =  160 .. Mmps =  550 Ndav =   7 E =   -188.8951003828 Error = 4.93e-34 FLOPS = 1.69e+10 Tdav = 0.13 T = 1.93
 --> Site =  161 .. Mmps =  550 Ndav =   7 E =   -188.8951004071 Error = 1.59e-34 FLOPS = 1.68e+10 Tdav = 0.12 T = 1.71
 --> Site =  162 .. Mmps =  550 Ndav =   7 E =   -188.8951004176 Error = 4.78e-35 FLOPS = 1.64e+10 Tdav = 0.11 T = 1.49
 --> Site =  163 .. Mmps =  550 Ndav =   5 E =   -188.8951004188 Error = 4.98e-36 FLOPS = 1.63e+10 Tdav = 0.07 T = 1.31
 --> Site =  164 .. Mmps =  550 Ndav =   2 E =   -188.8951004188 Error = 2.46e-37 FLOPS = 1.47e+10 Tdav = 0.02 T = 1.09
 --> Site =  165 .. Mmps =  550 Ndav =   1 E =   -188.8951004188 Error = 7.41e-63 FLOPS = 7.67e+09 Tdav = 0.01 T = 0.94
 --> Site =  166 .. Mmps =  549 Ndav =   1 E =   -188.8951004188 Error = 0.00e+00 FLOPS = 4.21e+09 Tdav = 0.00 T = 0.81
 --> Site =  167 .. Mmps =  549 Ndav =   1 E =   -188.8951004188 Error = 0.00e+00 FLOPS = 2.40e+09 Tdav = 0.00 T = 0.67
 --> Site =  168 .. Mmps =  548 Ndav =   1 E =   -188.8951004188 Error = 0.00e+00 FLOPS = 2.95e+09 Tdav = 0.00 T = 0.56
Time elapsed =   2758.377 | E =    -188.8951004188 | DE = -2.92e-04 | DW = 3.08648e-31
Time sweep =     2580.027 | 1.63 TFLOP/SWP
 | Dmem = 132 MB (0%) | Imem = 232 B (79%) | Hmem = 517 MB | Wmem = 215 KB | Pmem = 215 KB
 | Tread = 58.570 | Twrite = 31.340 | Tfpread = 57.403 | Tfpwrite = 21.796 | Tmporead = 0.000 | Tasync = 0.000
 | data = 13.2 GB | cpsd = 9.59 GB
 | Trot = 172.471 | Tctr = 1.277 | Tint = 0.028 | Tmid = 0.000 | Tdctr = 58.447 | Tdiag = 0.844 | Tinfo = 2.001
 | Teff = 2212.579 | Tprt = 9.502 | Teig = 100.660 | Tblk = 2372.307 | Tmve = 207.708 | Tdm = 0.724 | Tsplt = 42.626 | Tsvd = 0.000 | Torth = 0.000

Sweep =    7 | Direction = backward | Bond dimension =  550 | Noise =  1.00e-05 | Dav threshold =  1.00e-10
 <-- Site =  168 .. Mmps =    2 Ndav =   1 E =   -188.8951004188 Error = 0.00e+00 FLOPS = 1.99e+09 Tdav = 0.00 T = 0.02
 <-- Site =  167 .. Mmps =    4 Ndav =   1 E =   -188.8951004188 Error = 0.00e+00 FLOPS = 2.19e+09 Tdav = 0.00 T = 0.14
 <-- Site =  166 .. Mmps =    8 Ndav =   1 E =   -188.8951004188 Error = 0.00e+00 FLOPS = 4.26e+09 Tdav = 0.00 T = 0.20
 <-- Site =  165 .. Mmps =   16 Ndav =   1 E =   -188.8951004188 Error = 0.00e+00 FLOPS = 7.73e+09 Tdav = 0.01 T = 0.27
 <-- Site =  164 .. Mmps =   32 Ndav =   1 E =   -188.8951004188 Error = 0.00e+00 FLOPS = 1.32e+10 Tdav = 0.01 T = 0.38
 <-- Site =  163 .. Mmps =   64 Ndav =   1 E =   -188.8951004188 Error = 0.00e+00 FLOPS = 1.78e+10 Tdav = 0.02 T = 0.49
 <-- Site =  162 .. Mmps =  128 Ndav =   2 E =   -188.8951004188 Error = 0.00e+00 FLOPS = 2.54e+10 Tdav = 0.05 T = 0.68
 <-- Site =  161 .. Mmps =  256 Ndav =   3 E =   -188.8951004189 Error = 0.00e+00 FLOPS = 2.62e+10 Tdav = 0.18 T = 0.96
 <-- Site =  160 .. Mmps =  505 Ndav =   4 E =   -188.8951004193 Error = 0.00e+00 FLOPS = 2.94e+10 Tdav = 0.52 T = 1.57
 <-- Site =  159 .. Mmps =  550 Ndav =   5 E =   -188.8951004206 Error = 4.51e-27 FLOPS = 2.75e+10 Tdav = 1.78 T = 3.53
 <-- Site =  158 .. Mmps =  550 Ndav =   7 E =   -188.8951004460 Error = 3.85e-25 FLOPS = 2.84e+10 Tdav = 2.95 T = 5.35
 <-- Site =  157 .. Mmps =  550 Ndav =   8 E =   -188.8951004994 Error = 8.28e-25 FLOPS = 2.85e+10 Tdav = 3.64 T = 6.36
 <-- Site =  156 .. Mmps =  550 Ndav =  11 E =   -188.8951011344 Error = 1.75e-22 FLOPS = 2.72e+10 Tdav = 5.64 T = 8.71
 <-- Site =  155 .. Mmps =  550 Ndav =  11 E =   -188.8951023871 Error = 1.79e-22 FLOPS = 2.79e+10 Tdav = 5.90 T = 9.31
 <-- Site =  154 .. Mmps =  550 Ndav =  12 E =   -188.8951046827 Error = 2.47e-22 FLOPS = 2.77e+10 Tdav = 6.92 T = 10.59
 <-- Site =  153 .. Mmps =  550 Ndav =  13 E =   -188.8951064848 Error = 9.85e-23 FLOPS = 2.69e+10 Tdav = 8.20 T = 12.23
 <-- Site =  152 .. Mmps =  550 Ndav =  13 E =   -188.8951085015 Error = 1.52e-22 FLOPS = 2.74e+10 Tdav = 8.52 T = 12.94
 <-- Site =  151 .. Mmps =  550 Ndav =  14 E =   -188.8951111651 Error = 1.04e-22 FLOPS = 2.73e+10 Tdav = 9.72 T = 14.47
 <-- Site =  150 .. Mmps =  550 Ndav =  12 E =   -188.8951139734 Error = 2.44e-22 FLOPS = 2.92e+10 Tdav = 8.21 T = 13.32
 <-- Site =  149 .. Mmps =  550 Ndav =  15 E =   -188.8951179553 Error = 9.36e-23 FLOPS = 2.78e+10 Tdav = 11.31 T = 16.81
 <-- Site =  148 .. Mmps =  550 Ndav =  12 E =   -188.8951198347 Error = 2.57e-22 FLOPS = 2.98e+10 Tdav = 8.86 T = 14.84
 <-- Site =  147 .. Mmps =  550 Ndav =  13 E =   -188.8951225207 Error = 7.22e-23 FLOPS = 2.94e+10 Tdav = 10.15 T = 16.54
 <-- Site =  146 .. Mmps =  550 Ndav =  12 E =   -188.8951242098 Error = 2.91e-22 FLOPS = 3.01e+10 Tdav = 9.56 T = 16.41
 <-- Site =  145 .. Mmps =  550 Ndav =  15 E =   -188.8951260562 Error = 1.49e-22 FLOPS = 2.88e+10 Tdav = 13.00 T = 20.35
 <-- Site =  144 .. Mmps =  550 Ndav =  12 E =   -188.8951288410 Error = 5.67e-22 FLOPS = 3.04e+10 Tdav = 10.24 T = 18.02
 <-- Site =  143 .. Mmps =  550 Ndav =  12 E =   -188.8951305768 Error = 4.44e-22 FLOPS = 3.06e+10 Tdav = 10.58 T = 18.93
 <-- Site =  142 .. Mmps =  550 Ndav =  11 E =   -188.8951323890 Error = 1.98e-21 FLOPS = 3.11e+10 Tdav = 9.89 T = 18.73
 <-- Site =  141 .. Mmps =  550 Ndav =  13 E =   -188.8951381178 Error = 3.31e-22 FLOPS = 3.02e+10 Tdav = 12.47 T = 21.89
 <-- Site =  140 .. Mmps =  550 Ndav =  12 E =   -188.8951422770 Error = 1.45e-21 FLOPS = 3.08e+10 Tdav = 11.67 T = 21.66
 <-- Site =  139 .. Mmps =  550 Ndav =  14 E =   -188.8951504949 Error = 4.77e-22 FLOPS = 2.99e+10 Tdav = 14.47 T = 25.04
 <-- Site =  138 .. Mmps =  550 Ndav =  13 E =   -188.8951560126 Error = 1.25e-21 FLOPS = 3.04e+10 Tdav = 13.65 T = 24.84
 <-- Site =  137 .. Mmps =  550 Ndav =  16 E =   -188.8951677731 Error = 4.21e-22 FLOPS = 2.94e+10 Tdav = 17.94 T = 29.77
 <-- Site =  136 .. Mmps =  550 Ndav =  13 E =   -188.8951761962 Error = 1.61e-21 FLOPS = 3.07e+10 Tdav = 14.36 T = 26.81
 <-- Site =  135 .. Mmps =  550 Ndav =  16 E =   -188.8951894425 Error = 1.88e-22 FLOPS = 2.96e+10 Tdav = 18.90 T = 32.03
 <-- Site =  134 .. Mmps =  550 Ndav =  13 E =   -188.8951949758 Error = 8.63e-22 FLOPS = 3.08e+10 Tdav = 15.16 T = 28.96
 <-- Site =  133 .. Mmps =  550 Ndav =  16 E =   -188.8952014066 Error = 4.98e-22 FLOPS = 2.97e+10 Tdav = 19.91 T = 34.42
 <-- Site =  132 .. Mmps =  550 Ndav =  12 E =   -188.8952044604 Error = 1.15e-21 FLOPS = 3.06e+10 Tdav = 14.88 T = 30.00
 <-- Site =  131 .. Mmps =  550 Ndav =  13 E =   -188.8952075139 Error = 8.77e-22 FLOPS = 3.06e+10 Tdav = 16.54 T = 32.57
 <-- Site =  130 .. Mmps =  550 Ndav =  13 E =   -188.8952119544 Error = 3.05e-21 FLOPS = 3.06e+10 Tdav = 16.95 T = 33.80
 <-- Site =  129 .. Mmps =  550 Ndav =  12 E =   -188.8952156989 Error = 5.39e-22 FLOPS = 3.10e+10 Tdav = 15.82 T = 33.30
 <-- Site =  128 .. Mmps =  550 Ndav =  13 E =   -188.8952196342 Error = 1.03e-21 FLOPS = 3.09e+10 Tdav = 17.62 T = 35.87
 <-- Site =  127 .. Mmps =  550 Ndav =  17 E =   -188.8952257168 Error = 6.67e-22 FLOPS = 3.01e+10 Tdav = 24.23 T = 43.33
 <-- Site =  126 .. Mmps =  550 Ndav =  15 E =   -188.8952371811 Error = 7.72e-22 FLOPS = 3.05e+10 Tdav = 21.61 T = 41.31
 <-- Site =  125 .. Mmps =  550 Ndav =  16 E =   -188.8952431312 Error = 3.09e-22 FLOPS = 3.02e+10 Tdav = 23.80 T = 44.17
 <-- Site =  124 .. Mmps =  550 Ndav =  14 E =   -188.8952512195 Error = 7.88e-22 FLOPS = 3.09e+10 Tdav = 20.36 T = 40.68
 <-- Site =  123 .. Mmps =  550 Ndav =  16 E =   -188.8952574278 Error = 3.11e-22 FLOPS = 3.06e+10 Tdav = 23.47 T = 44.25
 <-- Site =  122 .. Mmps =  550 Ndav =  14 E =   -188.8952639231 Error = 7.18e-22 FLOPS = 3.13e+10 Tdav = 20.52 T = 41.59
 <-- Site =  121 .. Mmps =  550 Ndav =  15 E =   -188.8952693145 Error = 3.87e-22 FLOPS = 3.10e+10 Tdav = 22.22 T = 43.83
 <-- Site =  120 .. Mmps =  550 Ndav =  13 E =   -188.8952723212 Error = 5.33e-22 FLOPS = 3.16e+10 Tdav = 19.32 T = 41.49
 <-- Site =  119 .. Mmps =  550 Ndav =  15 E =   -188.8952767065 Error = 3.11e-22 FLOPS = 3.11e+10 Tdav = 23.12 T = 45.86
 <-- Site =  118 .. Mmps =  550 Ndav =  12 E =   -188.8952806207 Error = 5.93e-22 FLOPS = 3.18e+10 Tdav = 18.07 T = 41.22
 <-- Site =  117 .. Mmps =  550 Ndav =  13 E =   -188.8952826310 Error = 6.11e-22 FLOPS = 3.18e+10 Tdav = 20.00 T = 43.60
 <-- Site =  116 .. Mmps =  550 Ndav =  12 E =   -188.8952860882 Error = 2.34e-21 FLOPS = 3.15e+10 Tdav = 18.63 T = 42.85
 <-- Site =  115 .. Mmps =  550 Ndav =  14 E =   -188.8952925107 Error = 3.61e-22 FLOPS = 3.11e+10 Tdav = 22.49 T = 47.88
 <-- Site =  114 .. Mmps =  550 Ndav =  13 E =   -188.8952981179 Error = 1.70e-21 FLOPS = 3.13e+10 Tdav = 21.13 T = 47.16
 <-- Site =  113 .. Mmps =  550 Ndav =  15 E =   -188.8953128300 Error = 3.04e-22 FLOPS = 3.11e+10 Tdav = 24.58 T = 50.44
 <-- Site =  112 .. Mmps =  550 Ndav =  13 E =   -188.8953211368 Error = 1.05e-21 FLOPS = 3.21e+10 Tdav = 20.61 T = 46.37
 <-- Site =  111 .. Mmps =  550 Ndav =  15 E =   -188.8953352768 Error = 3.52e-22 FLOPS = 3.11e+10 Tdav = 24.55 T = 50.23
 <-- Site =  110 .. Mmps =  550 Ndav =  14 E =   -188.8953432127 Error = 1.23e-21 FLOPS = 3.13e+10 Tdav = 22.74 T = 48.59
 <-- Site =  109 .. Mmps =  550 Ndav =  15 E =   -188.8953540848 Error = 3.80e-22 FLOPS = 3.10e+10 Tdav = 24.67 T = 50.32
 <-- Site =  108 .. Mmps =  550 Ndav =  13 E =   -188.8953596235 Error = 1.05e-21 FLOPS = 3.16e+10 Tdav = 20.96 T = 47.11
 <-- Site =  107 .. Mmps =  550 Ndav =  16 E =   -188.8953654475 Error = 3.83e-22 FLOPS = 3.12e+10 Tdav = 26.61 T = 53.56
 <-- Site =  106 .. Mmps =  550 Ndav =  12 E =   -188.8953695102 Error = 9.59e-22 FLOPS = 3.23e+10 Tdav = 19.64 T = 46.94
 <-- Site =  105 .. Mmps =  550 Ndav =  13 E =   -188.8953733464 Error = 6.67e-22 FLOPS = 3.21e+10 Tdav = 21.39 T = 49.25
 <-- Site =  104 .. Mmps =  550 Ndav =  13 E =   -188.8953765494 Error = 2.84e-21 FLOPS = 3.23e+10 Tdav = 21.72 T = 50.15
 <-- Site =  103 .. Mmps =  550 Ndav =  12 E =   -188.8953797421 Error = 8.85e-22 FLOPS = 3.24e+10 Tdav = 19.98 T = 48.89
 <-- Site =  102 .. Mmps =  550 Ndav =  13 E =   -188.8953848274 Error = 1.20e-21 FLOPS = 3.13e+10 Tdav = 22.77 T = 52.19
 <-- Site =  101 .. Mmps =  550 Ndav =  18 E =   -188.8953929921 Error = 6.10e-22 FLOPS = 3.00e+10 Tdav = 32.98 T = 62.64
 <-- Site =  100 .. Mmps =  550 Ndav =  14 E =   -188.8954014852 Error = 1.01e-21 FLOPS = 3.15e+10 Tdav = 24.44 T = 53.75
 <-- Site =   99 .. Mmps =  550 Ndav =  18 E =   -188.8954092108 Error = 4.28e-22 FLOPS = 3.03e+10 Tdav = 32.05 T = 60.65
 <-- Site =   98 .. Mmps =  550 Ndav =  13 E =   -188.8954160640 Error = 1.04e-21 FLOPS = 3.19e+10 Tdav = 21.98 T = 50.78
 <-- Site =   97 .. Mmps =  550 Ndav =  18 E =   -188.8954244071 Error = 3.66e-22 FLOPS = 3.02e+10 Tdav = 32.74 T = 62.38
 <-- Site =   96 .. Mmps =  550 Ndav =  13 E =   -188.8954313053 Error = 9.73e-22 FLOPS = 3.18e+10 Tdav = 22.44 T = 51.58
 <-- Site =   95 .. Mmps =  550 Ndav =  18 E =   -188.8954370897 Error = 3.92e-22 FLOPS = 3.02e+10 Tdav = 32.10 T = 61.21
 <-- Site =   94 .. Mmps =  550 Ndav =  14 E =   -188.8954414752 Error = 5.42e-22 FLOPS = 3.16e+10 Tdav = 24.34 T = 54.02
 <-- Site =   93 .. Mmps =  550 Ndav =  14 E =   -188.8954443521 Error = 3.50e-22 FLOPS = 3.18e+10 Tdav = 24.14 T = 53.84
 <-- Site =   92 .. Mmps =  550 Ndav =  13 E =   -188.8954490244 Error = 6.73e-22 FLOPS = 3.22e+10 Tdav = 22.59 T = 53.01
 <-- Site =   91 .. Mmps =  550 Ndav =  14 E =   -188.8954517220 Error = 8.03e-22 FLOPS = 3.18e+10 Tdav = 24.59 T = 54.45
 <-- Site =   90 .. Mmps =  550 Ndav =  12 E =   -188.8954541544 Error = 2.66e-21 FLOPS = 3.22e+10 Tdav = 20.48 T = 50.16
 <-- Site =   89 .. Mmps =  550 Ndav =  15 E =   -188.8954598352 Error = 5.30e-22 FLOPS = 3.14e+10 Tdav = 26.73 T = 56.90
 <-- Site =   88 .. Mmps =  550 Ndav =  14 E =   -188.8954671115 Error = 2.03e-21 FLOPS = 3.13e+10 Tdav = 24.98 T = 55.10
 <-- Site =   87 .. Mmps =  550 Ndav =  14 E =   -188.8954764928 Error = 5.92e-22 FLOPS = 3.14e+10 Tdav = 24.47 T = 54.16
 <-- Site =   86 .. Mmps =  550 Ndav =  13 E =   -188.8954830604 Error = 1.97e-21 FLOPS = 3.18e+10 Tdav = 22.48 T = 52.02
 <-- Site =   85 .. Mmps =  550 Ndav =  16 E =   -188.8954957386 Error = 4.63e-22 FLOPS = 3.07e+10 Tdav = 28.60 T = 58.25
 <-- Site =   84 .. Mmps =  550 Ndav =  14 E =   -188.8955025977 Error = 1.74e-21 FLOPS = 3.16e+10 Tdav = 24.32 T = 53.82
 <-- Site =   83 .. Mmps =  550 Ndav =  16 E =   -188.8955112078 Error = 4.39e-22 FLOPS = 3.10e+10 Tdav = 28.37 T = 57.54
 <-- Site =   82 .. Mmps =  550 Ndav =  13 E =   -188.8955169447 Error = 1.06e-21 FLOPS = 3.18e+10 Tdav = 22.06 T = 50.94
 <-- Site =   81 .. Mmps =  550 Ndav =  15 E =   -188.8955250397 Error = 6.06e-22 FLOPS = 3.11e+10 Tdav = 26.47 T = 56.05
 <-- Site =   80 .. Mmps =  550 Ndav =  12 E =   -188.8955284135 Error = 1.29e-21 FLOPS = 3.17e+10 Tdav = 20.78 T = 50.85
 <-- Site =   79 .. Mmps =  550 Ndav =  12 E =   -188.8955319114 Error = 9.57e-22 FLOPS = 3.16e+10 Tdav = 21.23 T = 51.91
 <-- Site =   78 .. Mmps =  550 Ndav =  12 E =   -188.8955352485 Error = 4.13e-21 FLOPS = 3.16e+10 Tdav = 21.23 T = 51.41
 <-- Site =   77 .. Mmps =  550 Ndav =  14 E =   -188.8955387241 Error = 6.38e-22 FLOPS = 3.13e+10 Tdav = 24.52 T = 54.51
 <-- Site =   76 .. Mmps =  550 Ndav =  13 E =   -188.8955440125 Error = 1.70e-21 FLOPS = 3.14e+10 Tdav = 23.13 T = 53.62
 <-- Site =   75 .. Mmps =  550 Ndav =  18 E =   -188.8955536467 Error = 6.64e-22 FLOPS = 3.00e+10 Tdav = 33.52 T = 63.82
 <-- Site =   74 .. Mmps =  550 Ndav =  14 E =   -188.8955596808 Error = 1.39e-21 FLOPS = 3.14e+10 Tdav = 24.48 T = 54.16
 <-- Site =   73 .. Mmps =  550 Ndav =  18 E =   -188.8955679559 Error = 6.95e-22 FLOPS = 3.02e+10 Tdav = 32.72 T = 62.29
 <-- Site =   72 .. Mmps =  550 Ndav =  14 E =   -188.8955763175 Error = 1.76e-21 FLOPS = 3.14e+10 Tdav = 24.45 T = 54.15
 <-- Site =   71 .. Mmps =  550 Ndav =  18 E =   -188.8955859511 Error = 5.11e-22 FLOPS = 3.03e+10 Tdav = 32.57 T = 62.10
 <-- Site =   70 .. Mmps =  550 Ndav =  13 E =   -188.8955912673 Error = 1.37e-21 FLOPS = 3.19e+10 Tdav = 22.39 T = 51.55
 <-- Site =   69 .. Mmps =  550 Ndav =  18 E =   -188.8955980930 Error = 3.30e-22 FLOPS = 3.04e+10 Tdav = 31.97 T = 60.98
 <-- Site =   68 .. Mmps =  550 Ndav =  12 E =   -188.8956010159 Error = 8.57e-22 FLOPS = 3.20e+10 Tdav = 20.60 T = 50.12
 <-- Site =   67 .. Mmps =  550 Ndav =  17 E =   -188.8956036565 Error = 3.23e-22 FLOPS = 3.06e+10 Tdav = 30.49 T = 60.16
 <-- Site =   66 .. Mmps =  550 Ndav =  12 E =   -188.8956061464 Error = 1.07e-21 FLOPS = 3.18e+10 Tdav = 20.71 T = 50.30
 <-- Site =   65 .. Mmps =  550 Ndav =  12 E =   -188.8956079829 Error = 8.71e-22 FLOPS = 3.20e+10 Tdav = 20.58 T = 49.91
 <-- Site =   64 .. Mmps =  550 Ndav =  12 E =   -188.8956105633 Error = 4.34e-21 FLOPS = 3.17e+10 Tdav = 20.39 T = 49.43
 <-- Site =   63 .. Mmps =  550 Ndav =  13 E =   -188.8956158177 Error = 4.65e-22 FLOPS = 3.13e+10 Tdav = 22.36 T = 50.57
 <-- Site =   62 .. Mmps =  550 Ndav =  13 E =   -188.8956212632 Error = 1.87e-21 FLOPS = 3.16e+10 Tdav = 21.75 T = 49.84
 <-- Site =   61 .. Mmps =  550 Ndav =  15 E =   -188.8956334600 Error = 6.51e-22 FLOPS = 3.11e+10 Tdav = 25.98 T = 54.31
 <-- Site =   60 .. Mmps =  550 Ndav =  13 E =   -188.8956409435 Error = 2.14e-21 FLOPS = 3.16e+10 Tdav = 21.77 T = 49.49
 <-- Site =   59 .. Mmps =  550 Ndav =  16 E =   -188.8956524632 Error = 4.63e-22 FLOPS = 3.07e+10 Tdav = 27.60 T = 54.81
 <-- Site =   58 .. Mmps =  550 Ndav =  14 E =   -188.8956594663 Error = 1.86e-21 FLOPS = 3.13e+10 Tdav = 23.20 T = 49.95
 <-- Site =   57 .. Mmps =  550 Ndav =  15 E =   -188.8956678158 Error = 4.13e-22 FLOPS = 3.10e+10 Tdav = 25.14 T = 51.32
 <-- Site =   56 .. Mmps =  550 Ndav =  13 E =   -188.8956729242 Error = 1.33e-21 FLOPS = 3.15e+10 Tdav = 21.00 T = 47.05
 <-- Site =   55 .. Mmps =  550 Ndav =  16 E =   -188.8956805774 Error = 6.25e-22 FLOPS = 3.08e+10 Tdav = 26.94 T = 53.08
 <-- Site =   54 .. Mmps =  550 Ndav =  12 E =   -188.8956832687 Error = 1.42e-21 FLOPS = 3.18e+10 Tdav = 19.19 T = 44.98
 <-- Site =   53 .. Mmps =  550 Ndav =  14 E =   -188.8956861350 Error = 6.75e-22 FLOPS = 3.14e+10 Tdav = 22.70 T = 48.05
 <-- Site =   52 .. Mmps =  550 Ndav =  13 E =   -188.8956906890 Error = 5.71e-21 FLOPS = 3.18e+10 Tdav = 20.39 T = 44.55
 <-- Site =   51 .. Mmps =  550 Ndav =  14 E =   -188.8956937643 Error = 1.20e-21 FLOPS = 3.14e+10 Tdav = 21.84 T = 45.48
 <-- Site =   50 .. Mmps =  550 Ndav =  14 E =   -188.8956984150 Error = 2.03e-21 FLOPS = 3.15e+10 Tdav = 21.74 T = 45.35
 <-- Site =   49 .. Mmps =  550 Ndav =  14 E =   -188.8957043758 Error = 8.19e-22 FLOPS = 3.15e+10 Tdav = 21.71 T = 44.93
 <-- Site =   48 .. Mmps =  550 Ndav =  14 E =   -188.8957114674 Error = 1.56e-21 FLOPS = 3.14e+10 Tdav = 21.40 T = 43.95
 <-- Site =   47 .. Mmps =  550 Ndav =  15 E =   -188.8957183783 Error = 5.44e-22 FLOPS = 3.09e+10 Tdav = 22.77 T = 44.71
 <-- Site =   46 .. Mmps =  550 Ndav =  15 E =   -188.8957291110 Error = 1.01e-21 FLOPS = 3.04e+10 Tdav = 22.96 T = 44.58
 <-- Site =   45 .. Mmps =  550 Ndav =  16 E =   -188.8957359259 Error = 3.90e-24 FLOPS = 3.00e+10 Tdav = 23.22 T = 43.11
 <-- Site =   44 .. Mmps =  550 Ndav =  13 E =   -188.8957412876 Error = 5.13e-24 FLOPS = 3.11e+10 Tdav = 17.08 T = 35.83
 <-- Site =   43 .. Mmps =  550 Ndav =  18 E =   -188.8957482524 Error = 3.02e-24 FLOPS = 2.91e+10 Tdav = 24.49 T = 42.64
 <-- Site =   42 .. Mmps =  550 Ndav =  14 E =   -188.8957524515 Error = 2.05e-24 FLOPS = 3.04e+10 Tdav = 17.62 T = 34.78
 <-- Site =   41 .. Mmps =  550 Ndav =  15 E =   -188.8957555104 Error = 2.46e-25 FLOPS = 3.02e+10 Tdav = 17.71 T = 33.52
 <-- Site =   40 .. Mmps =  550 Ndav =  12 E =   -188.8957585805 Error = 7.59e-25 FLOPS = 3.11e+10 Tdav = 12.89 T = 27.44
 <-- Site =   39 .. Mmps =  550 Ndav =  13 E =   -188.8957605051 Error = 4.15e-25 FLOPS = 3.13e+10 Tdav = 12.94 T = 26.33
 <-- Site =   38 .. Mmps =  550 Ndav =  12 E =   -188.8957627697 Error = 2.26e-25 FLOPS = 3.09e+10 Tdav = 11.29 T = 23.50
 <-- Site =   37 .. Mmps =  550 Ndav =  14 E =   -188.8957700791 Error = 3.84e-25 FLOPS = 3.00e+10 Tdav = 12.68 T = 24.00
 <-- Site =   36 .. Mmps =  550 Ndav =  13 E =   -188.8957756284 Error = 3.08e-25 FLOPS = 2.97e+10 Tdav = 11.04 T = 21.44
 <-- Site =   35 .. Mmps =  550 Ndav =  15 E =   -188.8957880324 Error = 2.39e-25 FLOPS = 2.85e+10 Tdav = 12.32 T = 21.90
 <-- Site =   34 .. Mmps =  550 Ndav =  14 E =   -188.8957952176 Error = 2.04e-25 FLOPS = 2.92e+10 Tdav = 10.34 T = 19.10
 <-- Site =   33 .. Mmps =  550 Ndav =  16 E =   -188.8958062692 Error = 1.35e-25 FLOPS = 2.86e+10 Tdav = 11.14 T = 19.21
 <-- Site =   32 .. Mmps =  550 Ndav =  14 E =   -188.8958122007 Error = 1.22e-25 FLOPS = 2.96e+10 Tdav = 8.69 T = 16.03
 <-- Site =   31 .. Mmps =  550 Ndav =  16 E =   -188.8958225120 Error = 8.77e-26 FLOPS = 2.86e+10 Tdav = 9.46 T = 16.21
 <-- Site =   30 .. Mmps =  550 Ndav =  13 E =   -188.8958275141 Error = 4.28e-26 FLOPS = 3.00e+10 Tdav = 6.70 T = 12.81
 <-- Site =   29 .. Mmps =  550 Ndav =  15 E =   -188.8958354140 Error = 7.63e-26 FLOPS = 2.79e+10 Tdav = 7.66 T = 13.29
 <-- Site =   28 .. Mmps =  550 Ndav =  12 E =   -188.8958386518 Error = 1.91e-26 FLOPS = 2.99e+10 Tdav = 5.22 T = 10.43
 <-- Site =   27 .. Mmps =  550 Ndav =  13 E =   -188.8958437047 Error = 3.01e-26 FLOPS = 2.89e+10 Tdav = 5.27 T = 9.98
 <-- Site =   26 .. Mmps =  550 Ndav =  13 E =   -188.8958480381 Error = 2.97e-26 FLOPS = 2.85e+10 Tdav = 4.80 T = 9.14
 <-- Site =   25 .. Mmps =  550 Ndav =  12 E =   -188.8958511814 Error = 8.14e-27 FLOPS = 2.90e+10 Tdav = 3.94 T = 7.93
 <-- Site =   24 .. Mmps =  550 Ndav =  12 E =   -188.8958554032 Error = 1.96e-26 FLOPS = 2.89e+10 Tdav = 3.55 T = 7.16
 <-- Site =   23 .. Mmps =  550 Ndav =  16 E =   -188.8958630398 Error = 1.09e-26 FLOPS = 2.66e+10 Tdav = 4.54 T = 7.89
 <-- Site =   22 .. Mmps =  550 Ndav =  13 E =   -188.8958696296 Error = 1.05e-26 FLOPS = 2.81e+10 Tdav = 3.12 T = 6.09
 <-- Site =   21 .. Mmps =  550 Ndav =  16 E =   -188.8958770150 Error = 9.96e-27 FLOPS = 2.57e+10 Tdav = 3.74 T = 6.52
 <-- Site =   20 .. Mmps =  550 Ndav =  13 E =   -188.8958840855 Error = 1.79e-26 FLOPS = 2.72e+10 Tdav = 2.57 T = 5.15
 <-- Site =   19 .. Mmps =  550 Ndav =  17 E =   -188.8958916535 Error = 2.19e-27 FLOPS = 2.38e+10 Tdav = 3.37 T = 5.72
 <-- Site =   18 .. Mmps =  550 Ndav =  13 E =   -188.8958957587 Error = 1.90e-27 FLOPS = 2.64e+10 Tdav = 2.04 T = 4.22
 <-- Site =   17 .. Mmps =  550 Ndav =  14 E =   -188.8958980589 Error = 1.07e-28 FLOPS = 2.51e+10 Tdav = 1.98 T = 3.99
 <-- Site =   16 .. Mmps =  550 Ndav =  10 E =   -188.8958995254 Error = 2.19e-28 FLOPS = 2.74e+10 Tdav = 1.12 T = 3.07
 <-- Site =   15 .. Mmps =  550 Ndav =  15 E =   -188.8959009369 Error = 1.18e-28 FLOPS = 2.31e+10 Tdav = 1.68 T = 3.42
 <-- Site =   14 .. Mmps =  550 Ndav =  11 E =   -188.8959039843 Error = 5.12e-28 FLOPS = 2.57e+10 Tdav = 0.94 T = 2.59
 <-- Site =   13 .. Mmps =  550 Ndav =  12 E =   -188.8959054712 Error = 3.51e-29 FLOPS = 2.42e+10 Tdav = 0.90 T = 2.47
 <-- Site =   12 .. Mmps =  550 Ndav =  10 E =   -188.8959071779 Error = 1.53e-29 FLOPS = 2.47e+10 Tdav = 0.60 T = 2.05
 <-- Site =   11 .. Mmps =  550 Ndav =  12 E =   -188.8959112785 Error = 1.53e-29 FLOPS = 2.24e+10 Tdav = 0.64 T = 1.94
 <-- Site =   10 .. Mmps =  550 Ndav =  10 E =   -188.8959137487 Error = 4.34e-30 FLOPS = 2.31e+10 Tdav = 0.41 T = 1.65
 <-- Site =    9 .. Mmps =  550 Ndav =  12 E =   -188.8959179275 Error = 2.83e-30 FLOPS = 2.10e+10 Tdav = 0.41 T = 1.55
 <-- Site =    8 .. Mmps =  550 Ndav =  12 E =   -188.8959203062 Error = 2.01e-31 FLOPS = 2.04e+10 Tdav = 0.31 T = 1.42
 <-- Site =    7 .. Mmps =  550 Ndav =  11 E =   -188.8959235698 Error = 6.55e-32 FLOPS = 2.06e+10 Tdav = 0.20 T = 1.19
 <-- Site =    6 .. Mmps =  550 Ndav =  10 E =   -188.8959239883 Error = 2.54e-33 FLOPS = 1.98e+10 Tdav = 0.12 T = 1.06
 <-- Site =    5 .. Mmps =  550 Ndav =   8 E =   -188.8959240775 Error = 9.34e-35 FLOPS = 1.98e+10 Tdav = 0.06 T = 0.97
 <-- Site =    4 .. Mmps =  550 Ndav =   4 E =   -188.8959240789 Error = 1.22e-36 FLOPS = 1.73e+10 Tdav = 0.02 T = 0.84
 <-- Site =    3 .. Mmps =  550 Ndav =   1 E =   -188.8959240789 Error = 1.57e-57 FLOPS = 9.38e+09 Tdav = 0.00 T = 0.79
 <-- Site =    2 .. Mmps =  550 Ndav =   1 E =   -188.8959240789 Error = 7.44e-67 FLOPS = 6.70e+09 Tdav = 0.00 T = 0.65
 <-- Site =    1 .. Mmps =  550 Ndav =   1 E =   -188.8959240789 Error = 5.57e-74 FLOPS = 4.20e+09 Tdav = 0.00 T = 0.60
 <-- Site =    0 .. Mmps =  550 Ndav =   1 E =   -188.8959240789 Error = 6.32e-75 FLOPS = 3.50e+09 Tdav = 0.00 T = 0.57
Time elapsed =   8118.494 | E =    -188.8959240789 | DE = -8.24e-04 | DW = 5.71285e-21
Time sweep =     5360.117 | 72.7 TFLOP/SWP
 | Dmem = 136 MB (3%) | Imem = 232 B (79%) | Hmem = 649 MB | Wmem = 4.62 MB | Pmem = 4.62 MB
 | Tread = 78.937 | Twrite = 33.610 | Tfpread = 77.568 | Tfpwrite = 23.207 | Tmporead = 0.000 | Tasync = 0.000
 | data = 14.6 GB | cpsd = 9.56 GB
 | Trot = 190.121 | Tctr = 176.184 | Tint = 0.029 | Tmid = 0.000 | Tdctr = 0.013 | Tdiag = 1.890 | Tinfo = 2.371
 | Teff = 2183.256 | Tprt = 55.355 | Teig = 2593.830 | Tblk = 4895.651 | Tmve = 464.449 | Tdm = 3.275 | Tsplt = 48.161 | Tsvd = 0.000 | Torth = 0.000

Sweep =    8 | Direction =  forward | Bond dimension =  550 | Noise =  0.00e+00 | Dav threshold =  1.00e-07
 --> Site =    0 .. Mmps =    2 Ndav =   1 E =   -188.8959240789 Error = 0.00e+00 FLOPS = 2.56e+09 Tdav = 0.00 T = 0.02
 --> Site =    1 .. Mmps =    4 Ndav =   1 E =   -188.8959240789 Error = 0.00e+00 FLOPS = 4.37e+09 Tdav = 0.00 T = 0.05
 --> Site =    2 .. Mmps =    8 Ndav =   1 E =   -188.8959240789 Error = 0.00e+00 FLOPS = 6.59e+09 Tdav = 0.00 T = 0.05
 --> Site =    3 .. Mmps =   16 Ndav =   1 E =   -188.8959240789 Error = 0.00e+00 FLOPS = 9.61e+09 Tdav = 0.00 T = 0.06
 --> Site =    4 .. Mmps =   32 Ndav =   1 E =   -188.8959240789 Error = 0.00e+00 FLOPS = 1.21e+10 Tdav = 0.01 T = 0.07
 --> Site =    5 .. Mmps =   64 Ndav =   1 E =   -188.8959240789 Error = 0.00e+00 FLOPS = 1.50e+10 Tdav = 0.01 T = 0.09
 --> Site =    6 .. Mmps =  128 Ndav =   1 E =   -188.8959240789 Error = 0.00e+00 FLOPS = 1.81e+10 Tdav = 0.02 T = 0.12
 --> Site =    7 .. Mmps =  256 Ndav =   1 E =   -188.8959240789 Error = 0.00e+00 FLOPS = 2.16e+10 Tdav = 0.05 T = 0.20
 --> Site =    8 .. Mmps =  512 Ndav =   1 E =   -188.8959240789 Error = 0.00e+00 FLOPS = 2.52e+10 Tdav = 0.13 T = 0.52
 --> Site =    9 .. Mmps =  550 Ndav =   1 E =   -188.8959240789 Error = 1.12e-26 FLOPS = 2.84e+10 Tdav = 0.38 T = 1.91
 --> Site =   10 .. Mmps =  550 Ndav =   2 E =   -188.8959240841 Error = 5.71e-26 FLOPS = 3.11e+10 Tdav = 0.83 T = 3.00
 --> Site =   11 .. Mmps =  550 Ndav =   2 E =   -188.8959240874 Error = 5.00e-25 FLOPS = 3.13e+10 Tdav = 0.89 T = 3.42
 --> Site =   12 .. Mmps =  550 Ndav =   2 E =   -188.8959241075 Error = 3.47e-24 FLOPS = 3.15e+10 Tdav = 0.95 T = 3.77
 --> Site =   13 .. Mmps =  550 Ndav =   3 E =   -188.8959241359 Error = 1.86e-22 FLOPS = 3.21e+10 Tdav = 1.49 T = 4.59
 --> Site =   14 .. Mmps =  550 Ndav =   3 E =   -188.8959241826 Error = 1.77e-23 FLOPS = 3.02e+10 Tdav = 1.69 T = 5.04
 --> Site =   15 .. Mmps =  550 Ndav =   3 E =   -188.8959242530 Error = 6.96e-22 FLOPS = 3.04e+10 Tdav = 1.77 T = 5.42
 --> Site =   16 .. Mmps =  550 Ndav =   4 E =   -188.8959243400 Error = 4.85e-23 FLOPS = 3.08e+10 Tdav = 2.46 T = 6.43
 --> Site =   17 .. Mmps =  550 Ndav =   3 E =   -188.8959244073 Error = 4.62e-22 FLOPS = 3.10e+10 Tdav = 1.93 T = 6.35
 --> Site =   18 .. Mmps =  550 Ndav =   4 E =   -188.8959244821 Error = 1.01e-22 FLOPS = 3.14e+10 Tdav = 2.67 T = 7.39
 --> Site =   19 .. Mmps =  550 Ndav =   4 E =   -188.8959245709 Error = 4.98e-22 FLOPS = 3.17e+10 Tdav = 2.77 T = 7.88
 --> Site =   20 .. Mmps =  550 Ndav =   3 E =   -188.8959246466 Error = 3.79e-23 FLOPS = 3.04e+10 Tdav = 2.26 T = 7.75
 --> Site =   21 .. Mmps =  550 Ndav =   3 E =   -188.8959246985 Error = 4.63e-22 FLOPS = 3.10e+10 Tdav = 2.32 T = 8.25
 --> Site =   22 .. Mmps =  550 Ndav =   3 E =   -188.8959247557 Error = 5.70e-23 FLOPS = 3.16e+10 Tdav = 2.37 T = 8.70
 --> Site =   23 .. Mmps =  550 Ndav =   3 E =   -188.8959247923 Error = 1.81e-22 FLOPS = 3.18e+10 Tdav = 2.45 T = 9.27
 --> Site =   24 .. Mmps =  550 Ndav =   3 E =   -188.8959248382 Error = 9.62e-23 FLOPS = 3.20e+10 Tdav = 2.53 T = 9.83
 --> Site =   25 .. Mmps =  550 Ndav =   3 E =   -188.8959248718 Error = 1.78e-21 FLOPS = 3.20e+10 Tdav = 2.62 T = 10.31
 --> Site =   26 .. Mmps =  550 Ndav =   3 E =   -188.8959249052 Error = 6.86e-22 FLOPS = 3.18e+10 Tdav = 2.73 T = 10.97
 --> Site =   27 .. Mmps =  550 Ndav =   3 E =   -188.8959249527 Error = 1.26e-21 FLOPS = 3.19e+10 Tdav = 2.81 T = 11.51
 --> Site =   28 .. Mmps =  550 Ndav =   3 E =   -188.8959250333 Error = 6.18e-22 FLOPS = 3.24e+10 Tdav = 2.86 T = 12.07
 --> Site =   29 .. Mmps =  550 Ndav =   4 E =   -188.8959251101 Error = 2.03e-21 FLOPS = 3.27e+10 Tdav = 3.91 T = 13.60
 --> Site =   30 .. Mmps =  550 Ndav =   4 E =   -188.8959252365 Error = 1.21e-22 FLOPS = 3.26e+10 Tdav = 4.04 T = 14.35
 --> Site =   31 .. Mmps =  550 Ndav =   4 E =   -188.8959253176 Error = 8.71e-22 FLOPS = 3.29e+10 Tdav = 4.13 T = 15.02
 --> Site =   32 .. Mmps =  550 Ndav =   4 E =   -188.8959254359 Error = 1.58e-22 FLOPS = 3.28e+10 Tdav = 4.26 T = 15.74
 --> Site =   33 .. Mmps =  550 Ndav =   3 E =   -188.8959255045 Error = 2.88e-21 FLOPS = 3.24e+10 Tdav = 3.32 T = 15.42
 --> Site =   34 .. Mmps =  550 Ndav =   4 E =   -188.8959256142 Error = 2.05e-21 FLOPS = 3.24e+10 Tdav = 4.55 T = 17.45
 --> Site =   35 .. Mmps =  550 Ndav =   3 E =   -188.8959256521 Error = 1.03e-21 FLOPS = 3.17e+10 Tdav = 3.59 T = 16.87
 --> Site =   36 .. Mmps =  550 Ndav =   4 E =   -188.8959257183 Error = 2.02e-22 FLOPS = 3.25e+10 Tdav = 4.80 T = 18.82
 --> Site =   37 .. Mmps =  550 Ndav =   2 E =   -188.8959257356 Error = 8.91e-22 FLOPS = 3.08e+10 Tdav = 2.59 T = 17.21
 --> Site =   38 .. Mmps =  550 Ndav =   3 E =   -188.8959257598 Error = 9.33e-22 FLOPS = 3.22e+10 Tdav = 3.81 T = 19.19
 --> Site =   39 .. Mmps =  550 Ndav =   2 E =   -188.8959257703 Error = 5.40e-22 FLOPS = 3.07e+10 Tdav = 2.73 T = 18.73
 --> Site =   40 .. Mmps =  550 Ndav =   3 E =   -188.8959257969 Error = 1.43e-21 FLOPS = 3.22e+10 Tdav = 4.00 T = 20.86
 --> Site =   41 .. Mmps =  550 Ndav =   3 E =   -188.8959258251 Error = 2.45e-21 FLOPS = 3.20e+10 Tdav = 4.12 T = 21.62
 --> Site =   42 .. Mmps =  550 Ndav =   3 E =   -188.8959258662 Error = 4.71e-22 FLOPS = 3.23e+10 Tdav = 4.17 T = 22.58
 --> Site =   43 .. Mmps =  550 Ndav =   4 E =   -188.8959259121 Error = 2.32e-21 FLOPS = 3.28e+10 Tdav = 5.48 T = 24.15
 --> Site =   44 .. Mmps =  550 Ndav =   3 E =   -188.8959259678 Error = 6.95e-22 FLOPS = 3.24e+10 Tdav = 4.16 T = 23.00
 --> Site =   45 .. Mmps =  550 Ndav =   4 E =   -188.8959260197 Error = 1.96e-21 FLOPS = 3.30e+10 Tdav = 5.57 T = 24.67
 --> Site =   46 .. Mmps =  550 Ndav =   3 E =   -188.8959260715 Error = 2.75e-22 FLOPS = 3.26e+10 Tdav = 4.32 T = 24.06
 --> Site =   47 .. Mmps =  550 Ndav =   4 E =   -188.8959261190 Error = 3.18e-21 FLOPS = 3.30e+10 Tdav = 5.69 T = 25.86
 --> Site =   48 .. Mmps =  550 Ndav =   3 E =   -188.8959261731 Error = 3.30e-22 FLOPS = 3.26e+10 Tdav = 4.41 T = 25.06
 --> Site =   49 .. Mmps =  550 Ndav =   3 E =   -188.8959261980 Error = 1.87e-21 FLOPS = 3.23e+10 Tdav = 4.54 T = 25.86
 --> Site =   50 .. Mmps =  550 Ndav =   3 E =   -188.8959262214 Error = 9.42e-23 FLOPS = 3.27e+10 Tdav = 4.49 T = 26.53
 --> Site =   51 .. Mmps =  550 Ndav =   2 E =   -188.8959262327 Error = 6.17e-21 FLOPS = 3.10e+10 Tdav = 3.16 T = 25.12
 --> Site =   52 .. Mmps =  550 Ndav =   3 E =   -188.8959262499 Error = 1.75e-22 FLOPS = 3.23e+10 Tdav = 4.64 T = 27.23
 --> Site =   53 .. Mmps =  550 Ndav =   2 E =   -188.8959262656 Error = 2.05e-21 FLOPS = 3.15e+10 Tdav = 3.23 T = 26.38
 --> Site =   54 .. Mmps =  550 Ndav =   3 E =   -188.8959263134 Error = 7.01e-23 FLOPS = 3.25e+10 Tdav = 4.70 T = 28.23
 --> Site =   55 .. Mmps =  550 Ndav =   3 E =   -188.8959263464 Error = 1.15e-21 FLOPS = 3.25e+10 Tdav = 4.79 T = 28.75
 --> Site =   56 .. Mmps =  550 Ndav =   4 E =   -188.8959264402 Error = 3.39e-22 FLOPS = 3.30e+10 Tdav = 6.18 T = 30.15
 --> Site =   57 .. Mmps =  550 Ndav =   3 E =   -188.8959264942 Error = 2.78e-21 FLOPS = 3.27e+10 Tdav = 4.76 T = 28.62
 --> Site =   58 .. Mmps =  550 Ndav =   4 E =   -188.8959265955 Error = 9.92e-23 FLOPS = 3.30e+10 Tdav = 6.28 T = 30.62
 --> Site =   59 .. Mmps =  550 Ndav =   3 E =   -188.8959266381 Error = 4.61e-22 FLOPS = 3.27e+10 Tdav = 4.85 T = 29.54
 --> Site =   60 .. Mmps =  550 Ndav =   4 E =   -188.8959267810 Error = 3.70e-22 FLOPS = 3.31e+10 Tdav = 6.39 T = 31.52
 --> Site =   61 .. Mmps =  550 Ndav =   3 E =   -188.8959268134 Error = 8.27e-21 FLOPS = 3.26e+10 Tdav = 4.96 T = 30.61
 --> Site =   62 .. Mmps =  550 Ndav =   4 E =   -188.8959268747 Error = 3.60e-21 FLOPS = 3.30e+10 Tdav = 6.42 T = 32.05
 --> Site =   63 .. Mmps =  550 Ndav =   2 E =   -188.8959268890 Error = 2.30e-21 FLOPS = 3.13e+10 Tdav = 3.44 T = 29.04
 --> Site =   64 .. Mmps =  550 Ndav =   3 E =   -188.8959269099 Error = 7.85e-23 FLOPS = 3.27e+10 Tdav = 4.95 T = 31.22
 --> Site =   65 .. Mmps =  550 Ndav =   2 E =   -188.8959269187 Error = 4.60e-22 FLOPS = 3.18e+10 Tdav = 3.46 T = 30.16
 --> Site =   66 .. Mmps =  550 Ndav =   3 E =   -188.8959269399 Error = 4.93e-22 FLOPS = 3.27e+10 Tdav = 5.04 T = 32.25
 --> Site =   67 .. Mmps =  550 Ndav =   3 E =   -188.8959269641 Error = 2.98e-21 FLOPS = 3.26e+10 Tdav = 5.06 T = 32.12
 --> Site =   68 .. Mmps =  550 Ndav =   3 E =   -188.8959270038 Error = 1.20e-21 FLOPS = 3.27e+10 Tdav = 5.04 T = 32.15
 --> Site =   69 .. Mmps =  550 Ndav =   4 E =   -188.8959270468 Error = 3.10e-21 FLOPS = 3.29e+10 Tdav = 6.55 T = 33.17
 --> Site =   70 .. Mmps =  550 Ndav =   3 E =   -188.8959271014 Error = 8.50e-22 FLOPS = 3.29e+10 Tdav = 5.01 T = 31.69
 --> Site =   71 .. Mmps =  550 Ndav =   5 E =   -188.8959271638 Error = 1.84e-21 FLOPS = 3.28e+10 Tdav = 8.36 T = 35.38
 --> Site =   72 .. Mmps =  550 Ndav =   3 E =   -188.8959272201 Error = 9.43e-22 FLOPS = 3.26e+10 Tdav = 5.05 T = 32.14
 --> Site =   73 .. Mmps =  550 Ndav =   4 E =   -188.8959272672 Error = 3.87e-21 FLOPS = 3.29e+10 Tdav = 6.68 T = 33.74
 --> Site =   74 .. Mmps =  550 Ndav =   3 E =   -188.8959273300 Error = 4.48e-22 FLOPS = 3.25e+10 Tdav = 5.08 T = 32.19
 --> Site =   75 .. Mmps =  550 Ndav =   3 E =   -188.8959273570 Error = 2.24e-21 FLOPS = 3.28e+10 Tdav = 5.11 T = 32.65
 --> Site =   76 .. Mmps =  550 Ndav =   3 E =   -188.8959273825 Error = 2.72e-22 FLOPS = 3.25e+10 Tdav = 5.15 T = 33.05
 --> Site =   77 .. Mmps =  550 Ndav =   3 E =   -188.8959273980 Error = 1.95e-21 FLOPS = 3.27e+10 Tdav = 5.04 T = 32.64
 --> Site =   78 .. Mmps =  550 Ndav =   3 E =   -188.8959274188 Error = 8.61e-23 FLOPS = 3.15e+10 Tdav = 5.32 T = 32.75
 --> Site =   79 .. Mmps =  550 Ndav =   2 E =   -188.8959274345 Error = 8.77e-22 FLOPS = 3.19e+10 Tdav = 3.50 T = 31.49
 --> Site =   80 .. Mmps =  550 Ndav =   3 E =   -188.8959274898 Error = 1.32e-22 FLOPS = 3.17e+10 Tdav = 5.19 T = 32.72
 --> Site =   81 .. Mmps =  550 Ndav =   3 E =   -188.8959275278 Error = 3.98e-21 FLOPS = 3.25e+10 Tdav = 5.07 T = 32.21
 --> Site =   82 .. Mmps =  550 Ndav =   4 E =   -188.8959276195 Error = 2.40e-21 FLOPS = 3.27e+10 Tdav = 6.60 T = 33.15
 --> Site =   83 .. Mmps =  550 Ndav =   3 E =   -188.8959276717 Error = 1.76e-21 FLOPS = 3.23e+10 Tdav = 5.10 T = 31.59
 --> Site =   84 .. Mmps =  550 Ndav =   4 E =   -188.8959277863 Error = 8.00e-21 FLOPS = 3.29e+10 Tdav = 6.68 T = 33.79
 --> Site =   85 .. Mmps =  550 Ndav =   3 E =   -188.8959278335 Error = 3.59e-21 FLOPS = 3.25e+10 Tdav = 5.07 T = 32.04
 --> Site =   86 .. Mmps =  550 Ndav =   4 E =   -188.8959279479 Error = 3.52e-21 FLOPS = 3.29e+10 Tdav = 6.68 T = 33.82
 --> Site =   87 .. Mmps =  550 Ndav =   3 E =   -188.8959279809 Error = 3.35e-21 FLOPS = 3.23e+10 Tdav = 5.10 T = 32.07
 --> Site =   88 .. Mmps =  550 Ndav =   4 E =   -188.8959280493 Error = 4.11e-21 FLOPS = 3.27e+10 Tdav = 6.83 T = 34.38
 --> Site =   89 .. Mmps =  550 Ndav =   2 E =   -188.8959280629 Error = 2.13e-21 FLOPS = 3.09e+10 Tdav = 3.62 T = 31.68
 --> Site =   90 .. Mmps =  550 Ndav =   3 E =   -188.8959280837 Error = 8.39e-23 FLOPS = 3.22e+10 Tdav = 5.11 T = 32.57
 --> Site =   91 .. Mmps =  550 Ndav =   2 E =   -188.8959280907 Error = 8.29e-22 FLOPS = 3.08e+10 Tdav = 3.63 T = 31.25
 --> Site =   92 .. Mmps =  550 Ndav =   3 E =   -188.8959281104 Error = 2.52e-21 FLOPS = 3.22e+10 Tdav = 5.21 T = 33.30
 --> Site =   93 .. Mmps =  550 Ndav =   3 E =   -188.8959281362 Error = 3.60e-21 FLOPS = 3.18e+10 Tdav = 5.17 T = 32.82
 --> Site =   94 .. Mmps =  550 Ndav =   3 E =   -188.8959281757 Error = 1.35e-21 FLOPS = 3.14e+10 Tdav = 5.24 T = 32.29
 --> Site =   95 .. Mmps =  550 Ndav =   4 E =   -188.8959282250 Error = 2.14e-21 FLOPS = 3.21e+10 Tdav = 6.72 T = 33.46
 --> Site =   96 .. Mmps =  550 Ndav =   4 E =   -188.8959282899 Error = 9.10e-22 FLOPS = 3.27e+10 Tdav = 6.72 T = 33.20
 --> Site =   97 .. Mmps =  550 Ndav =   4 E =   -188.8959283441 Error = 1.12e-21 FLOPS = 3.26e+10 Tdav = 6.73 T = 33.65
 --> Site =   98 .. Mmps =  550 Ndav =   4 E =   -188.8959284102 Error = 6.67e-22 FLOPS = 3.26e+10 Tdav = 6.62 T = 33.19
 --> Site =   99 .. Mmps =  550 Ndav =   4 E =   -188.8959284515 Error = 1.19e-21 FLOPS = 3.27e+10 Tdav = 6.59 T = 32.63
 --> Site =  100 .. Mmps =  550 Ndav =   3 E =   -188.8959285046 Error = 1.28e-22 FLOPS = 3.21e+10 Tdav = 5.14 T = 31.60
 --> Site =  101 .. Mmps =  550 Ndav =   3 E =   -188.8959285329 Error = 6.69e-22 FLOPS = 3.20e+10 Tdav = 5.15 T = 32.18
 --> Site =  102 .. Mmps =  550 Ndav =   3 E =   -188.8959285591 Error = 3.54e-22 FLOPS = 3.29e+10 Tdav = 5.00 T = 32.01
 --> Site =  103 .. Mmps =  550 Ndav =   2 E =   -188.8959285729 Error = 3.79e-22 FLOPS = 3.21e+10 Tdav = 3.36 T = 29.84
 --> Site =  104 .. Mmps =  550 Ndav =   3 E =   -188.8959285936 Error = 1.15e-22 FLOPS = 3.17e+10 Tdav = 5.10 T = 31.26
 --> Site =  105 .. Mmps =  550 Ndav =   2 E =   -188.8959286123 Error = 5.10e-21 FLOPS = 3.07e+10 Tdav = 3.45 T = 29.13
 --> Site =  106 .. Mmps =  550 Ndav =   3 E =   -188.8959286704 Error = 1.06e-22 FLOPS = 3.20e+10 Tdav = 4.96 T = 30.14
 --> Site =  107 .. Mmps =  550 Ndav =   3 E =   -188.8959287115 Error = 2.04e-21 FLOPS = 3.25e+10 Tdav = 4.79 T = 29.57
 --> Site =  108 .. Mmps =  550 Ndav =   4 E =   -188.8959287936 Error = 1.64e-20 FLOPS = 3.25e+10 Tdav = 6.27 T = 30.21
 --> Site =  109 .. Mmps =  550 Ndav =   3 E =   -188.8959288448 Error = 1.04e-21 FLOPS = 3.16e+10 Tdav = 4.83 T = 28.29
 --> Site =  110 .. Mmps =  550 Ndav =   4 E =   -188.8959289709 Error = 9.43e-21 FLOPS = 3.30e+10 Tdav = 6.18 T = 29.65
 --> Site =  111 .. Mmps =  550 Ndav =   3 E =   -188.8959290190 Error = 3.24e-21 FLOPS = 3.27e+10 Tdav = 4.68 T = 28.06
 --> Site =  112 .. Mmps =  550 Ndav =   4 E =   -188.8959291563 Error = 1.05e-22 FLOPS = 3.27e+10 Tdav = 6.23 T = 29.71
 --> Site =  113 .. Mmps =  550 Ndav =   3 E =   -188.8959291884 Error = 4.84e-22 FLOPS = 3.21e+10 Tdav = 4.76 T = 28.46
 --> Site =  114 .. Mmps =  550 Ndav =   4 E =   -188.8959292497 Error = 1.52e-22 FLOPS = 3.23e+10 Tdav = 6.30 T = 30.18
 --> Site =  115 .. Mmps =  550 Ndav =   2 E =   -188.8959292640 Error = 3.22e-21 FLOPS = 3.12e+10 Tdav = 3.20 T = 26.55
 --> Site =  116 .. Mmps =  550 Ndav =   3 E =   -188.8959292893 Error = 8.80e-21 FLOPS = 3.18e+10 Tdav = 4.61 T = 27.05
 --> Site =  117 .. Mmps =  550 Ndav =   2 E =   -188.8959292977 Error = 7.04e-22 FLOPS = 3.09e+10 Tdav = 3.16 T = 25.26
 --> Site =  118 .. Mmps =  550 Ndav =   3 E =   -188.8959293201 Error = 3.82e-22 FLOPS = 3.24e+10 Tdav = 4.44 T = 25.97
 --> Site =  119 .. Mmps =  550 Ndav =   3 E =   -188.8959293466 Error = 1.96e-21 FLOPS = 3.25e+10 Tdav = 4.42 T = 25.75
 --> Site =  120 .. Mmps =  550 Ndav =   3 E =   -188.8959293897 Error = 8.46e-22 FLOPS = 3.22e+10 Tdav = 4.37 T = 24.90
 --> Site =  121 .. Mmps =  550 Ndav =   4 E =   -188.8959294371 Error = 2.09e-21 FLOPS = 3.24e+10 Tdav = 5.67 T = 25.60
 --> Site =  122 .. Mmps =  550 Ndav =   4 E =   -188.8959295057 Error = 1.68e-22 FLOPS = 3.24e+10 Tdav = 5.67 T = 25.21
 --> Site =  123 .. Mmps =  550 Ndav =   4 E =   -188.8959295556 Error = 7.26e-22 FLOPS = 3.28e+10 Tdav = 5.48 T = 24.54
 --> Site =  124 .. Mmps =  550 Ndav =   3 E =   -188.8959296174 Error = 2.77e-22 FLOPS = 3.17e+10 Tdav = 4.25 T = 22.93
 --> Site =  125 .. Mmps =  550 Ndav =   4 E =   -188.8959296624 Error = 1.60e-21 FLOPS = 3.26e+10 Tdav = 5.51 T = 24.27
 --> Site =  126 .. Mmps =  550 Ndav =   3 E =   -188.8959296981 Error = 3.99e-22 FLOPS = 3.25e+10 Tdav = 4.06 T = 22.29
 --> Site =  127 .. Mmps =  550 Ndav =   3 E =   -188.8959297240 Error = 7.27e-22 FLOPS = 3.23e+10 Tdav = 3.98 T = 21.40
 --> Site =  128 .. Mmps =  550 Ndav =   3 E =   -188.8959297535 Error = 1.72e-22 FLOPS = 3.21e+10 Tdav = 3.92 T = 20.70
 --> Site =  129 .. Mmps =  550 Ndav =   2 E =   -188.8959297658 Error = 1.03e-21 FLOPS = 3.10e+10 Tdav = 2.64 T = 18.65
 --> Site =  130 .. Mmps =  550 Ndav =   2 E =   -188.8959297797 Error = 1.82e-21 FLOPS = 3.10e+10 Tdav = 2.58 T = 17.93
 --> Site =  131 .. Mmps =  550 Ndav =   3 E =   -188.8959298011 Error = 4.25e-21 FLOPS = 3.17e+10 Tdav = 3.69 T = 18.32
 --> Site =  132 .. Mmps =  550 Ndav =   3 E =   -188.8959298504 Error = 1.02e-20 FLOPS = 3.17e+10 Tdav = 3.59 T = 17.59
 --> Site =  133 .. Mmps =  550 Ndav =   3 E =   -188.8959298790 Error = 5.07e-21 FLOPS = 3.16e+10 Tdav = 3.51 T = 17.00
 --> Site =  134 .. Mmps =  550 Ndav =   4 E =   -188.8959299515 Error = 9.91e-23 FLOPS = 3.27e+10 Tdav = 4.40 T = 17.17
 --> Site =  135 .. Mmps =  550 Ndav =   3 E =   -188.8959300008 Error = 4.16e-21 FLOPS = 3.23e+10 Tdav = 3.25 T = 15.32
 --> Site =  136 .. Mmps =  550 Ndav =   4 E =   -188.8959300885 Error = 3.34e-22 FLOPS = 3.28e+10 Tdav = 4.14 T = 15.63
 --> Site =  137 .. Mmps =  550 Ndav =   3 E =   -188.8959301268 Error = 2.81e-21 FLOPS = 3.24e+10 Tdav = 3.05 T = 13.92
 --> Site =  138 .. Mmps =  550 Ndav =   4 E =   -188.8959302443 Error = 1.52e-21 FLOPS = 3.26e+10 Tdav = 3.92 T = 14.26
 --> Site =  139 .. Mmps =  550 Ndav =   3 E =   -188.8959302675 Error = 4.21e-21 FLOPS = 3.23e+10 Tdav = 2.87 T = 12.63
 --> Site =  140 .. Mmps =  550 Ndav =   4 E =   -188.8959303322 Error = 9.74e-22 FLOPS = 3.25e+10 Tdav = 3.69 T = 12.93
 --> Site =  141 .. Mmps =  550 Ndav =   2 E =   -188.8959303430 Error = 9.47e-22 FLOPS = 3.14e+10 Tdav = 1.85 T = 10.58
 --> Site =  142 .. Mmps =  550 Ndav =   2 E =   -188.8959303548 Error = 1.09e-22 FLOPS = 3.10e+10 Tdav = 1.80 T = 10.03
 --> Site =  143 .. Mmps =  550 Ndav =   2 E =   -188.8959303607 Error = 7.96e-22 FLOPS = 3.09e+10 Tdav = 1.75 T = 9.43
 --> Site =  144 .. Mmps =  550 Ndav =   2 E =   -188.8959303706 Error = 1.41e-21 FLOPS = 3.02e+10 Tdav = 1.72 T = 8.99
 --> Site =  145 .. Mmps =  550 Ndav =   3 E =   -188.8959303850 Error = 7.39e-22 FLOPS = 3.14e+10 Tdav = 2.38 T = 9.25
 --> Site =  146 .. Mmps =  550 Ndav =   2 E =   -188.8959304017 Error = 2.58e-22 FLOPS = 3.00e+10 Tdav = 1.60 T = 7.99
 --> Site =  147 .. Mmps =  550 Ndav =   2 E =   -188.8959304150 Error = 8.77e-22 FLOPS = 2.97e+10 Tdav = 1.55 T = 7.48
 --> Site =  148 .. Mmps =  550 Ndav =   3 E =   -188.8959304377 Error = 5.32e-22 FLOPS = 3.05e+10 Tdav = 2.16 T = 7.73
 --> Site =  149 .. Mmps =  550 Ndav =   2 E =   -188.8959304491 Error = 1.74e-21 FLOPS = 3.01e+10 Tdav = 1.39 T = 6.59
 --> Site =  150 .. Mmps =  550 Ndav =   3 E =   -188.8959304725 Error = 2.10e-22 FLOPS = 3.05e+10 Tdav = 1.97 T = 6.87
 --> Site =  151 .. Mmps =  550 Ndav =   2 E =   -188.8959304818 Error = 4.40e-22 FLOPS = 2.90e+10 Tdav = 1.31 T = 5.71
 --> Site =  152 .. Mmps =  550 Ndav =   2 E =   -188.8959304925 Error = 5.07e-22 FLOPS = 2.91e+10 Tdav = 1.24 T = 5.25
 --> Site =  153 .. Mmps =  550 Ndav =   2 E =   -188.8959304980 Error = 7.49e-22 FLOPS = 2.86e+10 Tdav = 1.19 T = 4.93
 --> Site =  154 .. Mmps =  550 Ndav =   2 E =   -188.8959305070 Error = 8.61e-22 FLOPS = 3.14e+10 Tdav = 1.02 T = 4.41
 --> Site =  155 .. Mmps =  550 Ndav =   2 E =   -188.8959305104 Error = 4.13e-21 FLOPS = 3.13e+10 Tdav = 0.96 T = 4.02
 --> Site =  156 .. Mmps =  550 Ndav =   1 E =   -188.8959305104 Error = 3.14e-21 FLOPS = 2.92e+10 Tdav = 0.48 T = 3.37
 --> Site =  157 .. Mmps =  550 Ndav =   1 E =   -188.8959305104 Error = 5.96e-20 FLOPS = 2.87e+10 Tdav = 0.45 T = 2.98
 --> Site =  158 .. Mmps =  550 Ndav =   1 E =   -188.8959305104 Error = 2.42e-20 FLOPS = 2.79e+10 Tdav = 0.43 T = 2.74
 --> Site =  159 .. Mmps =  550 Ndav =   1 E =   -188.8959305104 Error = 3.36e-27 FLOPS = 2.76e+10 Tdav = 0.36 T = 2.50
 --> Site =  160 .. Mmps =  550 Ndav =   1 E =   -188.8959305104 Error = 6.22e-34 FLOPS = 2.54e+10 Tdav = 0.15 T = 1.93
 --> Site =  161 .. Mmps =  550 Ndav =   1 E =   -188.8959305104 Error = 3.91e-59 FLOPS = 2.23e+10 Tdav = 0.07 T = 1.62
 --> Site =  162 .. Mmps =  550 Ndav =   1 E =   -188.8959305104 Error = 1.78e-83 FLOPS = 2.08e+10 Tdav = 0.03 T = 1.35
 --> Site =  163 .. Mmps =  550 Ndav =   1 E =   -188.8959305104 Error = 1.42e-107 FLOPS = 1.66e+10 Tdav = 0.02 T = 1.20
 --> Site =  164 .. Mmps =  550 Ndav =   1 E =   -188.8959305104 Error = 4.84e-130 FLOPS = 1.33e+10 Tdav = 0.01 T = 1.02
 --> Site =  165 .. Mmps =  550 Ndav =   1 E =   -188.8959305104 Error = 6.17e-154 FLOPS = 7.93e+09 Tdav = 0.01 T = 0.88
 --> Site =  166 .. Mmps =  547 Ndav =   1 E =   -188.8959305104 Error = 0.00e+00 FLOPS = 4.40e+09 Tdav = 0.00 T = 0.68
 --> Site =  167 .. Mmps =  550 Ndav =   1 E =   -188.8959305104 Error = 4.46e-201 FLOPS = 2.33e+09 Tdav = 0.00 T = 0.53
 --> Site =  168 .. Mmps =  550 Ndav =   1 E =   -188.8959305104 Error = 6.76e-226 FLOPS = 2.86e+09 Tdav = 0.00 T = 0.39
Time elapsed =  11377.131 | E =    -188.8959305104 | DE = -6.43e-06 | DW = 5.96084e-20
Time sweep =     3258.637 | 17.6 TFLOP/SWP
 | Dmem = 136 MB (3%) | Imem = 232 B (79%) | Hmem = 649 MB | Wmem = 4.62 MB | Pmem = 0 B
 | Tread = 86.733 | Twrite = 34.877 | Tfpread = 85.209 | Tfpwrite = 24.181 | Tmporead = 0.000 | Tasync = 0.000
 | data = 14.6 GB | cpsd = 10.9 GB
 | Trot = 191.781 | Tctr = 1.559 | Tint = 0.030 | Tmid = 0.000 | Tdctr = 67.316 | Tdiag = 2.395 | Tinfo = 2.242
 | Teff = 2367.037 | Tprt = 0.000 | Teig = 601.728 | Tblk = 3026.729 | Tmve = 231.893 | Tdm = 2.967 | Tsplt = 43.074 | Tsvd = 0.000 | Torth = 0.000

Sweep =    9 | Direction = backward | Bond dimension =  550 | Noise =  0.00e+00 | Dav threshold =  1.00e-07
 <-- Site =  168 .. Mmps =    2 Ndav =   1 E =   -188.8959305104 Error = 0.00e+00 FLOPS = 2.08e+09 Tdav = 0.00 T = 0.02
 <-- Site =  167 .. Mmps =    4 Ndav =   1 E =   -188.8959305104 Error = 0.00e+00 FLOPS = 2.59e+09 Tdav = 0.00 T = 0.11
 <-- Site =  166 .. Mmps =    8 Ndav =   1 E =   -188.8959305104 Error = 0.00e+00 FLOPS = 4.74e+09 Tdav = 0.00 T = 0.18
 <-- Site =  165 .. Mmps =   16 Ndav =   1 E =   -188.8959305104 Error = 0.00e+00 FLOPS = 8.07e+09 Tdav = 0.01 T = 0.31
 <-- Site =  164 .. Mmps =   32 Ndav =   1 E =   -188.8959305104 Error = 0.00e+00 FLOPS = 1.31e+10 Tdav = 0.01 T = 0.38
 <-- Site =  163 .. Mmps =   64 Ndav =   1 E =   -188.8959305104 Error = 0.00e+00 FLOPS = 1.64e+10 Tdav = 0.02 T = 0.50
 <-- Site =  162 .. Mmps =  128 Ndav =   1 E =   -188.8959305104 Error = 0.00e+00 FLOPS = 2.06e+10 Tdav = 0.03 T = 0.68
 <-- Site =  161 .. Mmps =  256 Ndav =   1 E =   -188.8959305104 Error = 0.00e+00 FLOPS = 2.39e+10 Tdav = 0.07 T = 0.85
 <-- Site =  160 .. Mmps =  509 Ndav =   1 E =   -188.8959305104 Error = 0.00e+00 FLOPS = 2.50e+10 Tdav = 0.15 T = 1.20
 <-- Site =  159 .. Mmps =  550 Ndav =   1 E =   -188.8959305104 Error = 1.02e-26 FLOPS = 2.70e+10 Tdav = 0.37 T = 1.97
 <-- Site =  158 .. Mmps =  550 Ndav =   1 E =   -188.8959305104 Error = 6.27e-19 FLOPS = 2.80e+10 Tdav = 0.43 T = 2.68
 <-- Site =  157 .. Mmps =  550 Ndav =   2 E =   -188.8959305138 Error = 1.38e-24 FLOPS = 3.07e+10 Tdav = 0.85 T = 3.49
 <-- Site =  156 .. Mmps =  550 Ndav =   1 E =   -188.8959305138 Error = 3.24e-21 FLOPS = 2.92e+10 Tdav = 0.48 T = 3.37
 <-- Site =  155 .. Mmps =  550 Ndav =   1 E =   -188.8959305138 Error = 3.07e-23 FLOPS = 2.91e+10 Tdav = 0.51 T = 3.69
 <-- Site =  154 .. Mmps =  550 Ndav =   1 E =   -188.8959305138 Error = 1.71e-20 FLOPS = 2.99e+10 Tdav = 0.53 T = 4.02
 <-- Site =  153 .. Mmps =  550 Ndav =   1 E =   -188.8959305138 Error = 1.30e-22 FLOPS = 2.96e+10 Tdav = 0.57 T = 4.51
 <-- Site =  152 .. Mmps =  550 Ndav =   1 E =   -188.8959305138 Error = 2.22e-20 FLOPS = 2.56e+10 Tdav = 0.70 T = 4.91
 <-- Site =  151 .. Mmps =  550 Ndav =   1 E =   -188.8959305138 Error = 8.91e-23 FLOPS = 2.59e+10 Tdav = 0.73 T = 5.38
 <-- Site =  150 .. Mmps =  550 Ndav =   1 E =   -188.8959305138 Error = 3.41e-20 FLOPS = 2.51e+10 Tdav = 0.80 T = 5.80
 <-- Site =  149 .. Mmps =  550 Ndav =   1 E =   -188.8959305138 Error = 6.19e-23 FLOPS = 2.64e+10 Tdav = 0.79 T = 6.12
 <-- Site =  148 .. Mmps =  550 Ndav =   1 E =   -188.8959305138 Error = 2.95e-20 FLOPS = 2.45e+10 Tdav = 0.90 T = 6.63
 <-- Site =  147 .. Mmps =  550 Ndav =   1 E =   -188.8959305138 Error = 2.21e-22 FLOPS = 2.69e+10 Tdav = 0.86 T = 7.05
 <-- Site =  146 .. Mmps =  550 Ndav =   1 E =   -188.8959305138 Error = 6.77e-21 FLOPS = 2.73e+10 Tdav = 0.88 T = 7.58
 <-- Site =  145 .. Mmps =  550 Ndav =   1 E =   -188.8959305138 Error = 1.24e-22 FLOPS = 2.77e+10 Tdav = 0.90 T = 7.98
 <-- Site =  144 .. Mmps =  550 Ndav =   1 E =   -188.8959305138 Error = 8.42e-21 FLOPS = 2.80e+10 Tdav = 0.93 T = 8.51
 <-- Site =  143 .. Mmps =  550 Ndav =   1 E =   -188.8959305138 Error = 2.65e-22 FLOPS = 2.80e+10 Tdav = 0.96 T = 9.03
 <-- Site =  142 .. Mmps =  550 Ndav =   1 E =   -188.8959305138 Error = 2.97e-19 FLOPS = 2.79e+10 Tdav = 1.00 T = 9.68
 <-- Site =  141 .. Mmps =  550 Ndav =   1 E =   -188.8959305138 Error = 2.42e-22 FLOPS = 2.82e+10 Tdav = 1.03 T = 10.41
 <-- Site =  140 .. Mmps =  550 Ndav =   1 E =   -188.8959305138 Error = 1.01e-18 FLOPS = 2.85e+10 Tdav = 1.05 T = 10.85
 <-- Site =  139 .. Mmps =  550 Ndav =   1 E =   -188.8959305138 Error = 1.26e-21 FLOPS = 2.76e+10 Tdav = 1.12 T = 11.63
 <-- Site =  138 .. Mmps =  550 Ndav =   1 E =   -188.8959305138 Error = 1.20e-18 FLOPS = 2.82e+10 Tdav = 1.13 T = 12.20
 <-- Site =  137 .. Mmps =  550 Ndav =   1 E =   -188.8959305138 Error = 3.68e-22 FLOPS = 2.73e+10 Tdav = 1.21 T = 12.91
 <-- Site =  136 .. Mmps =  550 Ndav =   1 E =   -188.8959305138 Error = 7.34e-19 FLOPS = 2.83e+10 Tdav = 1.20 T = 13.43
 <-- Site =  135 .. Mmps =  550 Ndav =   1 E =   -188.8959305138 Error = 5.03e-22 FLOPS = 2.92e+10 Tdav = 1.20 T = 14.05
 <-- Site =  134 .. Mmps =  550 Ndav =   1 E =   -188.8959305138 Error = 2.05e-18 FLOPS = 2.85e+10 Tdav = 1.26 T = 14.80
 <-- Site =  133 .. Mmps =  550 Ndav =   1 E =   -188.8959305138 Error = 1.59e-21 FLOPS = 2.87e+10 Tdav = 1.29 T = 15.42
 <-- Site =  132 .. Mmps =  550 Ndav =   1 E =   -188.8959305138 Error = 2.66e-18 FLOPS = 2.75e+10 Tdav = 1.38 T = 16.22
 <-- Site =  131 .. Mmps =  550 Ndav =   1 E =   -188.8959305138 Error = 1.07e-21 FLOPS = 2.80e+10 Tdav = 1.39 T = 16.99
 <-- Site =  130 .. Mmps =  550 Ndav =   1 E =   -188.8959305138 Error = 7.51e-19 FLOPS = 2.81e+10 Tdav = 1.42 T = 17.77
 <-- Site =  129 .. Mmps =  550 Ndav =   1 E =   -188.8959305138 Error = 7.79e-22 FLOPS = 2.82e+10 Tdav = 1.45 T = 18.40
 <-- Site =  128 .. Mmps =  550 Ndav =   1 E =   -188.8959305138 Error = 7.16e-20 FLOPS = 2.81e+10 Tdav = 1.49 T = 19.27
 <-- Site =  127 .. Mmps =  550 Ndav =   1 E =   -188.8959305138 Error = 9.10e-22 FLOPS = 2.82e+10 Tdav = 1.52 T = 20.16
 <-- Site =  126 .. Mmps =  550 Ndav =   1 E =   -188.8959305138 Error = 3.38e-19 FLOPS = 2.83e+10 Tdav = 1.55 T = 20.81
 <-- Site =  125 .. Mmps =  550 Ndav =   1 E =   -188.8959305138 Error = 8.87e-22 FLOPS = 2.88e+10 Tdav = 1.56 T = 21.27
 <-- Site =  124 .. Mmps =  550 Ndav =   1 E =   -188.8959305138 Error = 4.27e-19 FLOPS = 2.87e+10 Tdav = 1.56 T = 21.53
 <-- Site =  123 .. Mmps =  550 Ndav =   1 E =   -188.8959305138 Error = 5.38e-22 FLOPS = 2.86e+10 Tdav = 1.57 T = 21.65
 <-- Site =  122 .. Mmps =  550 Ndav =   1 E =   -188.8959305138 Error = 1.75e-19 FLOPS = 2.84e+10 Tdav = 1.62 T = 22.12
 <-- Site =  121 .. Mmps =  550 Ndav =   1 E =   -188.8959305138 Error = 4.68e-22 FLOPS = 2.88e+10 Tdav = 1.59 T = 22.50
 <-- Site =  120 .. Mmps =  550 Ndav =   1 E =   -188.8959305138 Error = 6.96e-20 FLOPS = 2.88e+10 Tdav = 1.63 T = 23.33
 <-- Site =  119 .. Mmps =  550 Ndav =   1 E =   -188.8959305138 Error = 7.42e-22 FLOPS = 2.90e+10 Tdav = 1.66 T = 24.08
 <-- Site =  118 .. Mmps =  550 Ndav =   1 E =   -188.8959305138 Error = 2.40e-20 FLOPS = 2.83e+10 Tdav = 1.69 T = 24.56
 <-- Site =  117 .. Mmps =  550 Ndav =   1 E =   -188.8959305138 Error = 7.77e-22 FLOPS = 2.89e+10 Tdav = 1.69 T = 25.00
 <-- Site =  116 .. Mmps =  550 Ndav =   1 E =   -188.8959305138 Error = 4.10e-19 FLOPS = 2.86e+10 Tdav = 1.71 T = 25.50
 <-- Site =  115 .. Mmps =  550 Ndav =   1 E =   -188.8959305138 Error = 5.07e-22 FLOPS = 2.87e+10 Tdav = 1.74 T = 26.36
 <-- Site =  114 .. Mmps =  550 Ndav =   1 E =   -188.8959305138 Error = 1.76e-18 FLOPS = 2.88e+10 Tdav = 1.77 T = 26.88
 <-- Site =  113 .. Mmps =  550 Ndav =   1 E =   -188.8959305138 Error = 8.29e-22 FLOPS = 2.91e+10 Tdav = 1.75 T = 26.87
 <-- Site =  112 .. Mmps =  550 Ndav =   1 E =   -188.8959305138 Error = 1.50e-18 FLOPS = 2.93e+10 Tdav = 1.74 T = 26.84
 <-- Site =  111 .. Mmps =  550 Ndav =   1 E =   -188.8959305138 Error = 4.12e-22 FLOPS = 2.92e+10 Tdav = 1.75 T = 26.64
 <-- Site =  110 .. Mmps =  550 Ndav =   1 E =   -188.8959305138 Error = 1.98e-18 FLOPS = 2.90e+10 Tdav = 1.75 T = 27.03
 <-- Site =  109 .. Mmps =  550 Ndav =   1 E =   -188.8959305138 Error = 1.07e-21 FLOPS = 2.88e+10 Tdav = 1.77 T = 27.00
 <-- Site =  108 .. Mmps =  550 Ndav =   1 E =   -188.8959305138 Error = 9.09e-19 FLOPS = 2.92e+10 Tdav = 1.74 T = 27.27
 <-- Site =  107 .. Mmps =  550 Ndav =   1 E =   -188.8959305138 Error = 1.80e-21 FLOPS = 2.90e+10 Tdav = 1.79 T = 28.17
 <-- Site =  106 .. Mmps =  550 Ndav =   1 E =   -188.8959305138 Error = 1.42e-18 FLOPS = 2.95e+10 Tdav = 1.80 T = 28.85
 <-- Site =  105 .. Mmps =  550 Ndav =   1 E =   -188.8959305138 Error = 1.92e-21 FLOPS = 2.94e+10 Tdav = 1.80 T = 28.94
 <-- Site =  104 .. Mmps =  550 Ndav =   1 E =   -188.8959305138 Error = 1.03e-18 FLOPS = 2.96e+10 Tdav = 1.82 T = 29.46
 <-- Site =  103 .. Mmps =  550 Ndav =   1 E =   -188.8959305138 Error = 6.21e-22 FLOPS = 2.86e+10 Tdav = 1.88 T = 30.08
 <-- Site =  102 .. Mmps =  550 Ndav =   1 E =   -188.8959305138 Error = 3.13e-19 FLOPS = 2.95e+10 Tdav = 1.86 T = 30.59
 <-- Site =  101 .. Mmps =  550 Ndav =   1 E =   -188.8959305138 Error = 9.46e-22 FLOPS = 2.91e+10 Tdav = 1.89 T = 30.77
 <-- Site =  100 .. Mmps =  550 Ndav =   1 E =   -188.8959305138 Error = 7.89e-19 FLOPS = 2.94e+10 Tdav = 1.87 T = 30.12
 <-- Site =   99 .. Mmps =  550 Ndav =   1 E =   -188.8959305138 Error = 8.15e-22 FLOPS = 2.91e+10 Tdav = 1.85 T = 29.94
 <-- Site =   98 .. Mmps =  550 Ndav =   1 E =   -188.8959305138 Error = 1.30e-19 FLOPS = 2.93e+10 Tdav = 1.84 T = 30.02
 <-- Site =   97 .. Mmps =  550 Ndav =   1 E =   -188.8959305138 Error = 7.05e-22 FLOPS = 2.93e+10 Tdav = 1.88 T = 30.58
 <-- Site =   96 .. Mmps =  550 Ndav =   1 E =   -188.8959305138 Error = 9.05e-20 FLOPS = 2.95e+10 Tdav = 1.86 T = 30.34
 <-- Site =   95 .. Mmps =  550 Ndav =   1 E =   -188.8959305138 Error = 8.91e-22 FLOPS = 2.97e+10 Tdav = 1.82 T = 30.10
 <-- Site =   94 .. Mmps =  550 Ndav =   1 E =   -188.8959305138 Error = 4.84e-20 FLOPS = 2.95e+10 Tdav = 1.86 T = 30.53
 <-- Site =   93 .. Mmps =  550 Ndav =   1 E =   -188.8959305138 Error = 7.38e-22 FLOPS = 2.94e+10 Tdav = 1.87 T = 31.38
 <-- Site =   92 .. Mmps =  550 Ndav =   1 E =   -188.8959305138 Error = 1.23e-19 FLOPS = 2.93e+10 Tdav = 1.91 T = 31.88
 <-- Site =   91 .. Mmps =  550 Ndav =   1 E =   -188.8959305138 Error = 1.49e-21 FLOPS = 2.92e+10 Tdav = 1.91 T = 31.56
 <-- Site =   90 .. Mmps =  550 Ndav =   1 E =   -188.8959305138 Error = 2.26e-19 FLOPS = 2.92e+10 Tdav = 1.88 T = 31.41
 <-- Site =   89 .. Mmps =  550 Ndav =   1 E =   -188.8959305138 Error = 9.19e-22 FLOPS = 2.91e+10 Tdav = 1.92 T = 31.82
 <-- Site =   88 .. Mmps =  550 Ndav =   1 E =   -188.8959305138 Error = 1.22e-18 FLOPS = 2.91e+10 Tdav = 1.92 T = 31.42
 <-- Site =   87 .. Mmps =  550 Ndav =   1 E =   -188.8959305138 Error = 7.77e-22 FLOPS = 2.94e+10 Tdav = 1.87 T = 30.95
 <-- Site =   86 .. Mmps =  550 Ndav =   1 E =   -188.8959305138 Error = 1.43e-18 FLOPS = 2.91e+10 Tdav = 1.89 T = 30.80
 <-- Site =   85 .. Mmps =  550 Ndav =   1 E =   -188.8959305138 Error = 9.05e-22 FLOPS = 2.91e+10 Tdav = 1.89 T = 30.96
 <-- Site =   84 .. Mmps =  550 Ndav =   1 E =   -188.8959305138 Error = 3.10e-18 FLOPS = 2.91e+10 Tdav = 1.89 T = 30.86
 <-- Site =   83 .. Mmps =  550 Ndav =   1 E =   -188.8959305138 Error = 9.57e-22 FLOPS = 2.98e+10 Tdav = 1.84 T = 30.26
 <-- Site =   82 .. Mmps =  550 Ndav =   1 E =   -188.8959305138 Error = 2.20e-18 FLOPS = 2.92e+10 Tdav = 1.85 T = 30.14
 <-- Site =   81 .. Mmps =  550 Ndav =   1 E =   -188.8959305138 Error = 1.98e-21 FLOPS = 2.93e+10 Tdav = 1.88 T = 30.80
 <-- Site =   80 .. Mmps =  550 Ndav =   1 E =   -188.8959305138 Error = 2.16e-18 FLOPS = 2.96e+10 Tdav = 1.86 T = 31.17
 <-- Site =   79 .. Mmps =  550 Ndav =   1 E =   -188.8959305138 Error = 1.10e-21 FLOPS = 2.88e+10 Tdav = 1.94 T = 32.03
 <-- Site =   78 .. Mmps =  550 Ndav =   1 E =   -188.8959305138 Error = 1.26e-18 FLOPS = 2.95e+10 Tdav = 1.89 T = 31.19
 <-- Site =   77 .. Mmps =  550 Ndav =   1 E =   -188.8959305138 Error = 5.06e-22 FLOPS = 2.96e+10 Tdav = 1.85 T = 31.22
 <-- Site =   76 .. Mmps =  550 Ndav =   1 E =   -188.8959305138 Error = 1.38e-19 FLOPS = 2.93e+10 Tdav = 1.91 T = 31.77
 <-- Site =   75 .. Mmps =  550 Ndav =   1 E =   -188.8959305138 Error = 6.14e-22 FLOPS = 2.93e+10 Tdav = 1.90 T = 31.34
 <-- Site =   74 .. Mmps =  550 Ndav =   1 E =   -188.8959305138 Error = 2.15e-19 FLOPS = 2.93e+10 Tdav = 1.87 T = 30.70
 <-- Site =   73 .. Mmps =  550 Ndav =   1 E =   -188.8959305138 Error = 5.63e-22 FLOPS = 2.91e+10 Tdav = 1.88 T = 30.80
 <-- Site =   72 .. Mmps =  550 Ndav =   1 E =   -188.8959305138 Error = 3.93e-19 FLOPS = 2.93e+10 Tdav = 1.87 T = 30.65
 <-- Site =   71 .. Mmps =  550 Ndav =   1 E =   -188.8959305138 Error = 5.05e-22 FLOPS = 2.91e+10 Tdav = 1.89 T = 30.68
 <-- Site =   70 .. Mmps =  550 Ndav =   1 E =   -188.8959305138 Error = 1.12e-19 FLOPS = 2.89e+10 Tdav = 1.90 T = 30.34
 <-- Site =   69 .. Mmps =  550 Ndav =   1 E =   -188.8959305138 Error = 6.31e-22 FLOPS = 2.92e+10 Tdav = 1.85 T = 30.49
 <-- Site =   68 .. Mmps =  550 Ndav =   1 E =   -188.8959305138 Error = 7.95e-20 FLOPS = 2.93e+10 Tdav = 1.87 T = 31.04
 <-- Site =   67 .. Mmps =  550 Ndav =   1 E =   -188.8959305138 Error = 5.21e-22 FLOPS = 2.90e+10 Tdav = 1.90 T = 31.14
 <-- Site =   66 .. Mmps =  550 Ndav =   1 E =   -188.8959305138 Error = 1.50e-19 FLOPS = 2.89e+10 Tdav = 1.90 T = 30.90
 <-- Site =   65 .. Mmps =  550 Ndav =   1 E =   -188.8959305138 Error = 1.35e-21 FLOPS = 2.94e+10 Tdav = 1.87 T = 30.60
 <-- Site =   64 .. Mmps =  550 Ndav =   1 E =   -188.8959305138 Error = 3.61e-19 FLOPS = 2.91e+10 Tdav = 1.85 T = 29.87
 <-- Site =   63 .. Mmps =  550 Ndav =   1 E =   -188.8959305138 Error = 2.71e-22 FLOPS = 2.88e+10 Tdav = 1.87 T = 29.66
 <-- Site =   62 .. Mmps =  550 Ndav =   1 E =   -188.8959305138 Error = 1.16e-18 FLOPS = 2.88e+10 Tdav = 1.84 T = 29.52
 <-- Site =   61 .. Mmps =  550 Ndav =   1 E =   -188.8959305138 Error = 6.17e-22 FLOPS = 2.92e+10 Tdav = 1.85 T = 29.69
 <-- Site =   60 .. Mmps =  550 Ndav =   1 E =   -188.8959305138 Error = 1.76e-18 FLOPS = 2.88e+10 Tdav = 1.84 T = 29.08
 <-- Site =   59 .. Mmps =  550 Ndav =   1 E =   -188.8959305138 Error = 1.04e-21 FLOPS = 2.89e+10 Tdav = 1.83 T = 28.72
 <-- Site =   58 .. Mmps =  550 Ndav =   1 E =   -188.8959305138 Error = 1.85e-18 FLOPS = 2.91e+10 Tdav = 1.78 T = 27.99
 <-- Site =   57 .. Mmps =  550 Ndav =   1 E =   -188.8959305138 Error = 1.03e-21 FLOPS = 2.86e+10 Tdav = 1.82 T = 27.24
 <-- Site =   56 .. Mmps =  550 Ndav =   1 E =   -188.8959305138 Error = 3.24e-18 FLOPS = 2.90e+10 Tdav = 1.76 T = 27.26
 <-- Site =   55 .. Mmps =  550 Ndav =   1 E =   -188.8959305138 Error = 2.08e-21 FLOPS = 2.86e+10 Tdav = 1.81 T = 27.20
 <-- Site =   54 .. Mmps =  550 Ndav =   1 E =   -188.8959305138 Error = 1.86e-18 FLOPS = 2.86e+10 Tdav = 1.78 T = 26.94
 <-- Site =   53 .. Mmps =  550 Ndav =   1 E =   -188.8959305138 Error = 1.00e-21 FLOPS = 2.91e+10 Tdav = 1.75 T = 26.40
 <-- Site =   52 .. Mmps =  550 Ndav =   1 E =   -188.8959305138 Error = 2.63e-18 FLOPS = 2.93e+10 Tdav = 1.71 T = 25.37
 <-- Site =   51 .. Mmps =  550 Ndav =   1 E =   -188.8959305138 Error = 4.34e-22 FLOPS = 2.91e+10 Tdav = 1.68 T = 24.97
 <-- Site =   50 .. Mmps =  550 Ndav =   1 E =   -188.8959305138 Error = 1.28e-19 FLOPS = 2.87e+10 Tdav = 1.70 T = 24.85
 <-- Site =   49 .. Mmps =  550 Ndav =   1 E =   -188.8959305138 Error = 1.67e-21 FLOPS = 2.88e+10 Tdav = 1.70 T = 24.43
 <-- Site =   48 .. Mmps =  550 Ndav =   1 E =   -188.8959305138 Error = 1.80e-19 FLOPS = 2.91e+10 Tdav = 1.65 T = 23.53
 <-- Site =   47 .. Mmps =  550 Ndav =   1 E =   -188.8959305138 Error = 1.05e-21 FLOPS = 2.88e+10 Tdav = 1.63 T = 23.13
 <-- Site =   46 .. Mmps =  550 Ndav =   1 E =   -188.8959305138 Error = 3.41e-19 FLOPS = 2.82e+10 Tdav = 1.66 T = 22.95
 <-- Site =   45 .. Mmps =  550 Ndav =   1 E =   -188.8959305138 Error = 6.33e-22 FLOPS = 2.84e+10 Tdav = 1.62 T = 21.99
 <-- Site =   44 .. Mmps =  550 Ndav =   1 E =   -188.8959305138 Error = 8.97e-20 FLOPS = 2.85e+10 Tdav = 1.57 T = 21.80
 <-- Site =   43 .. Mmps =  550 Ndav =   1 E =   -188.8959305138 Error = 9.34e-22 FLOPS = 2.81e+10 Tdav = 1.60 T = 21.53
 <-- Site =   42 .. Mmps =  550 Ndav =   1 E =   -188.8959305138 Error = 7.37e-20 FLOPS = 2.84e+10 Tdav = 1.58 T = 21.24
 <-- Site =   41 .. Mmps =  550 Ndav =   1 E =   -188.8959305138 Error = 8.14e-22 FLOPS = 2.83e+10 Tdav = 1.55 T = 20.47
 <-- Site =   40 .. Mmps =  550 Ndav =   1 E =   -188.8959305138 Error = 1.35e-19 FLOPS = 2.76e+10 Tdav = 1.55 T = 19.70
 <-- Site =   39 .. Mmps =  550 Ndav =   1 E =   -188.8959305138 Error = 9.30e-22 FLOPS = 2.82e+10 Tdav = 1.48 T = 18.76
 <-- Site =   38 .. Mmps =  550 Ndav =   1 E =   -188.8959305138 Error = 3.21e-19 FLOPS = 2.80e+10 Tdav = 1.46 T = 17.83
 <-- Site =   37 .. Mmps =  550 Ndav =   1 E =   -188.8959305138 Error = 4.53e-22 FLOPS = 2.76e+10 Tdav = 1.45 T = 17.24
 <-- Site =   36 .. Mmps =  550 Ndav =   1 E =   -188.8959305138 Error = 1.21e-18 FLOPS = 2.76e+10 Tdav = 1.41 T = 16.48
 <-- Site =   35 .. Mmps =  550 Ndav =   1 E =   -188.8959305138 Error = 8.57e-22 FLOPS = 2.72e+10 Tdav = 1.39 T = 15.73
 <-- Site =   34 .. Mmps =  550 Ndav =   1 E =   -188.8959305138 Error = 2.25e-18 FLOPS = 2.92e+10 Tdav = 1.26 T = 14.97
 <-- Site =   33 .. Mmps =  550 Ndav =   1 E =   -188.8959305138 Error = 7.48e-22 FLOPS = 2.93e+10 Tdav = 1.23 T = 14.25
 <-- Site =   32 .. Mmps =  550 Ndav =   1 E =   -188.8959305138 Error = 1.10e-18 FLOPS = 2.95e+10 Tdav = 1.19 T = 13.62
 <-- Site =   31 .. Mmps =  550 Ndav =   1 E =   -188.8959305138 Error = 1.34e-21 FLOPS = 2.95e+10 Tdav = 1.15 T = 12.92
 <-- Site =   30 .. Mmps =  550 Ndav =   1 E =   -188.8959305138 Error = 1.52e-18 FLOPS = 2.94e+10 Tdav = 1.12 T = 12.13
 <-- Site =   29 .. Mmps =  550 Ndav =   1 E =   -188.8959305138 Error = 1.10e-21 FLOPS = 2.92e+10 Tdav = 1.09 T = 11.50
 <-- Site =   28 .. Mmps =  550 Ndav =   1 E =   -188.8959305138 Error = 3.64e-18 FLOPS = 2.90e+10 Tdav = 1.07 T = 10.83
 <-- Site =   27 .. Mmps =  550 Ndav =   1 E =   -188.8959305138 Error = 1.16e-21 FLOPS = 2.80e+10 Tdav = 1.07 T = 10.36
 <-- Site =   26 .. Mmps =  550 Ndav =   1 E =   -188.8959305138 Error = 2.89e-18 FLOPS = 2.87e+10 Tdav = 1.01 T = 9.70
 <-- Site =   25 .. Mmps =  550 Ndav =   1 E =   -188.8959305138 Error = 8.11e-22 FLOPS = 2.85e+10 Tdav = 0.98 T = 9.12
 <-- Site =   24 .. Mmps =  550 Ndav =   1 E =   -188.8959305138 Error = 1.94e-19 FLOPS = 2.84e+10 Tdav = 0.95 T = 8.64
 <-- Site =   23 .. Mmps =  550 Ndav =   1 E =   -188.8959305138 Error = 4.88e-22 FLOPS = 2.81e+10 Tdav = 0.93 T = 8.17
 <-- Site =   22 .. Mmps =  550 Ndav =   1 E =   -188.8959305138 Error = 4.95e-19 FLOPS = 2.78e+10 Tdav = 0.90 T = 7.62
 <-- Site =   21 .. Mmps =  550 Ndav =   1 E =   -188.8959305138 Error = 3.58e-22 FLOPS = 2.76e+10 Tdav = 0.87 T = 7.13
 <-- Site =   20 .. Mmps =  550 Ndav =   1 E =   -188.8959305138 Error = 7.58e-19 FLOPS = 2.73e+10 Tdav = 0.84 T = 6.69
 <-- Site =   19 .. Mmps =  550 Ndav =   1 E =   -188.8959305138 Error = 3.36e-22 FLOPS = 2.70e+10 Tdav = 0.81 T = 6.26
 <-- Site =   18 .. Mmps =  550 Ndav =   1 E =   -188.8959305138 Error = 4.99e-19 FLOPS = 2.68e+10 Tdav = 0.78 T = 5.78
 <-- Site =   17 .. Mmps =  550 Ndav =   1 E =   -188.8959305138 Error = 3.31e-22 FLOPS = 2.65e+10 Tdav = 0.75 T = 5.37
 <-- Site =   16 .. Mmps =  550 Ndav =   1 E =   -188.8959305138 Error = 2.06e-19 FLOPS = 2.62e+10 Tdav = 0.72 T = 5.01
 <-- Site =   15 .. Mmps =  550 Ndav =   1 E =   -188.8959305138 Error = 2.34e-22 FLOPS = 2.59e+10 Tdav = 0.70 T = 4.61
 <-- Site =   14 .. Mmps =  550 Ndav =   1 E =   -188.8959305138 Error = 6.01e-19 FLOPS = 3.00e+10 Tdav = 0.57 T = 4.20
 <-- Site =   13 .. Mmps =  550 Ndav =   1 E =   -188.8959305138 Error = 6.67e-22 FLOPS = 2.96e+10 Tdav = 0.54 T = 3.78
 <-- Site =   12 .. Mmps =  550 Ndav =   1 E =   -188.8959305138 Error = 3.66e-18 FLOPS = 2.97e+10 Tdav = 0.50 T = 3.52
 <-- Site =   11 .. Mmps =  550 Ndav =   1 E =   -188.8959305138 Error = 3.04e-20 FLOPS = 2.94e+10 Tdav = 0.47 T = 3.17
 <-- Site =   10 .. Mmps =  550 Ndav =   1 E =   -188.8959305138 Error = 1.62e-18 FLOPS = 2.90e+10 Tdav = 0.45 T = 2.83
 <-- Site =    9 .. Mmps =  550 Ndav =   1 E =   -188.8959305138 Error = 7.16e-27 FLOPS = 2.83e+10 Tdav = 0.38 T = 2.41
 <-- Site =    8 .. Mmps =  550 Ndav =   1 E =   -188.8959305138 Error = 2.83e-32 FLOPS = 2.52e+10 Tdav = 0.13 T = 1.39
 <-- Site =    7 .. Mmps =  550 Ndav =   1 E =   -188.8959305138 Error = 6.02e-55 FLOPS = 2.15e+10 Tdav = 0.05 T = 1.05
 <-- Site =    6 .. Mmps =  550 Ndav =   1 E =   -188.8959305138 Error = 1.98e-74 FLOPS = 1.80e+10 Tdav = 0.02 T = 0.96
 <-- Site =    5 .. Mmps =  550 Ndav =   1 E =   -188.8959305138 Error = 7.03e-92 FLOPS = 1.51e+10 Tdav = 0.01 T = 0.88
 <-- Site =    4 .. Mmps =  550 Ndav =   1 E =   -188.8959305138 Error = 1.53e-106 FLOPS = 1.22e+10 Tdav = 0.01 T = 0.83
 <-- Site =    3 .. Mmps =  549 Ndav =   1 E =   -188.8959305138 Error = 0.00e+00 FLOPS = 9.51e+09 Tdav = 0.00 T = 0.78
 <-- Site =    2 .. Mmps =  550 Ndav =   1 E =   -188.8959305138 Error = 0.00e+00 FLOPS = 6.72e+09 Tdav = 0.00 T = 0.66
 <-- Site =    1 .. Mmps =  550 Ndav =   1 E =   -188.8959305138 Error = 2.27e-106 FLOPS = 4.28e+09 Tdav = 0.00 T = 0.64
 <-- Site =    0 .. Mmps =  550 Ndav =   1 E =   -188.8959305138 Error = 5.99e-102 FLOPS = 3.25e+09 Tdav = 0.00 T = 0.59
Time elapsed =  14428.280 | E =    -188.8959305138 | DE = -3.48e-09 | DW = 3.65829e-18
Time sweep =     3051.150 | 5.69 TFLOP/SWP
 | Dmem = 136 MB (3%) | Imem = 232 B (79%) | Hmem = 649 MB | Wmem = 4.62 MB | Pmem = 0 B
 | Tread = 82.233 | Twrite = 33.899 | Tfpread = 80.892 | Tfpwrite = 23.280 | Tmporead = 0.000 | Tasync = 0.000
 | data = 14.6 GB | cpsd = 9.58 GB
 | Trot = 190.187 | Tctr = 174.776 | Tint = 0.028 | Tmid = 0.000 | Tdctr = 0.013 | Tdiag = 2.420 | Tinfo = 2.399
 | Teff = 2310.857 | Tprt = 0.000 | Teig = 217.652 | Tblk = 2586.345 | Tmve = 464.790 | Tdm = 2.958 | Tsplt = 42.749 | Tsvd = 0.000 | Torth = 0.000

DMRG energy = -188.89593051383463

Local densities:
0.979984047125549
0.0007821428424645132
0.9751956328378059
0.0008058971907532679
0.9751219497542878
0.0008062826261194276
0.9751172200779596
0.0008062865076459236
0.9751219172118807
0.000805905362613823
0.9751956548811298
0.0007821448703298241
0.9799840270702059
0.0007821272534160411
0.07626318647204454
0.000772019248859996
0.07577785361563102
0.000773106147486644
0.07570241456736625
0.0007731742797855519
0.07570236278614187
0.0007731075138625924
0.0757778464157473
0.0007720251383442839
0.07626312311714144
0.0007821423294331123
0.9751956414134629
0.0007720310566344221
0.9642119525821431
0.0008377405675044691
0.963999434446081
0.0008393739756078126
0.9639904882770581
0.0008393644155407944
0.9639994704510413
0.0008377488197626886
0.9642119418929694
0.000772025989893401
0.9751956373668946
0.0008058787916992356
0.07577784920696717
0.0008377238280815252
0.07605107927665557
0.000839593831346078
0.07597803892210188
0.0008397169816541043
0.0759780963017341
0.0008395936823094222
0.07605098443892583
0.0008377370219664633
0.07577782458567235
0.0008058996771113586
0.9751219044340964
0.0007731082023436443
0.96399944588153
0.0008395969691146027
0.9637310172317173
0.0008416363269628318
0.9637195817265242
0.0008416342239174424
0.9637310387664173
0.0008396029343207064
0.9639994764473725
0.0007731104053200581
0.9751219603167097
0.000806261145379477
0.07570245476410419
0.0008393421318165285
0.07597814355356565
0.0008416213367585908
0.07590778876891728
0.0008417585988323813
0.07590777758636405
0.0008416151207418866
0.07597811822562638
0.0008393414937968348
0.07570250635118861
0.0008062774435318555
0.9751172215538007
0.0007731776116119667
0.9639905057856757
0.0008397169838372349
0.9637195909959754
0.0008417632006568658
0.963707539740167
0.000841764975245866
0.963719556293185
0.0008397242609304901
0.9639904884336847
0.0007731759519871126
0.9751172544694132
0.0008062606355232636
0.07570240769812236
0.0008393413468660582
0.07597816477915316
0.0008416152138139755
0.07590774715785185
0.0008417571301394266
0.07590771625506328
0.0008416193763674248
0.0759781578551122
0.0008393370301277256
0.07570247771341854
0.000806277713502684
0.9751218685245494
0.0007731070561664562
0.9639995147732228
0.0008395933548882691
0.9637310147180155
0.0008416324605931818
0.963719587250218
0.000841632779157184
0.9637310096287771
0.0008396032293898024
0.9639994892896094
0.0007731093562418775
0.9751219246158669
0.0008058770388525985
0.07577785927632406
0.0008377253728209525
0.0760511192574686
0.0008395967846918431
0.07597802568231819
0.0008397158924975261
0.0759782543305374
0.0008396002718658625
0.07605130143610778
0.0008377295861800436
0.07577817303231306
0.0008058959266992312
0.9751956003417601
0.0007720341939832282
0.9642121578311472
0.0008377456879882379
0.9639995944698959
0.0008393720437782218
0.9639904153684623
0.0008393624222540741
0.9639994928498684
0.0008377431349936132
0.9642119574157093
0.0007720212196991804
0.9751956791509058
0.0007821381672041904
0.07626313955641043
0.000772031779879035
0.07577781450866053
0.0007731133895584602
0.07570243203697417
0.0007731721408774827
0.07570247030503977
0.0007731224161817063
0.07577788558168724
0.0007720174104406403
0.07626325131398483
0.0007821309490803369
0.9799840328612225
0.0007821413800393606
0.9751956690559818
0.0008059133075321289
0.9751219329035896
0.0008062846191145702
0.9751171939817737
0.0008062804914968857
0.9751219095712592
0.000805900115032171
0.9751956310304526
0.0007821413149404441
0.9799840188470786

corresponding 2D coords:
[(0, 0), (0, 1), (0, 2), (0, 3), (0, 4), (0, 5), (0, 6), (0, 7), (0, 8), (0, 9), (0, 10), (0, 11), (0, 12), (1, 12), (1, 11), (1, 10), (1, 9), (1, 8), (1, 7), (1, 6), (1, 5), (1, 4), (1, 3), (1, 2), (1, 1), (1, 0), (2, 0), (2, 1), (2, 2), (2, 3), (2, 4), (2, 5), (2, 6), (2, 7), (2, 8), (2, 9), (2, 10), (2, 11), (2, 12), (3, 12), (3, 11), (3, 10), (3, 9), (3, 8), (3, 7), (3, 6), (3, 5), (3, 4), (3, 3), (3, 2), (3, 1), (3, 0), (4, 0), (4, 1), (4, 2), (4, 3), (4, 4), (4, 5), (4, 6), (4, 7), (4, 8), (4, 9), (4, 10), (4, 11), (4, 12), (5, 12), (5, 11), (5, 10), (5, 9), (5, 8), (5, 7), (5, 6), (5, 5), (5, 4), (5, 3), (5, 2), (5, 1), (5, 0), (6, 0), (6, 1), (6, 2), (6, 3), (6, 4), (6, 5), (6, 6), (6, 7), (6, 8), (6, 9), (6, 10), (6, 11), (6, 12), (7, 12), (7, 11), (7, 10), (7, 9), (7, 8), (7, 7), (7, 6), (7, 5), (7, 4), (7, 3), (7, 2), (7, 1), (7, 0), (8, 0), (8, 1), (8, 2), (8, 3), (8, 4), (8, 5), (8, 6), (8, 7), (8, 8), (8, 9), (8, 10), (8, 11), (8, 12), (9, 12), (9, 11), (9, 10), (9, 9), (9, 8), (9, 7), (9, 6), (9, 5), (9, 4), (9, 3), (9, 2), (9, 1), (9, 0), (10, 0), (10, 1), (10, 2), (10, 3), (10, 4), (10, 5), (10, 6), (10, 7), (10, 8), (10, 9), (10, 10), (10, 11), (10, 12), (11, 12), (11, 11), (11, 10), (11, 9), (11, 8), (11, 7), (11, 6), (11, 5), (11, 4), (11, 3), (11, 2), (11, 1), (11, 0), (12, 0), (12, 1), (12, 2), (12, 3), (12, 4), (12, 5), (12, 6), (12, 7), (12, 8), (12, 9), (12, 10), (12, 11), (12, 12)]

Saved density data:
PKL → /users/ylokare/2D_DMRG_calculations/results/13_by_13_lattice/Local_densities/Uniform_Hamiltonian/Rb1.5/density_Lx13_Ly13_Dmax550_delta4.0_Rb1.5_uniform_hamiltonian.pkl
CSV → /users/ylokare/2D_DMRG_calculations/results/13_by_13_lattice/Local_densities/Uniform_Hamiltonian/Rb1.5/density_Lx13_Ly13_Dmax550_delta4.0_Rb1.5_uniform_hamiltonian.csv
