Lx=13, Ly=13, delta=4.9, Rb=1.5, alpha=0.05, n_edge=0, delta_boundary=2.0, USE_STAR_MODULATION=False
running Lx=13, Ly=13, delta=4.9, Rb=1.5, alpha=0.05, n_edge=0, delta_boundary=2.0
scratch id=1686087
Copying previous MPS/MPO data from /users/ylokare/2D_DMRG_calculations/data/tmp748855 to /oscar/scratch/ylokare/tmp1686087

Build MPO | Nsites =   169 | Nterms =      14534 | Algorithm = FastSVD | Cutoff = 1.00e-16 | Max bond dimension =    -1
 Site =     0 /   169 .. Mmpo =     3 DW = 0.00e+00 Error = 3.08e-15 NNZ =        3 SPT = 0.0000 Tsvd = 0.065 T = 0.100
 Site =     1 /   169 .. Mmpo =     4 DW = 2.22e-34 Error = 4.57e-14 NNZ =       10 SPT = 0.1667 Tsvd = 0.002 T = 0.006
 Site =     2 /   169 .. Mmpo =     5 DW = 2.83e-30 Error = 2.09e-14 NNZ =       17 SPT = 0.1500 Tsvd = 0.000 T = 0.005
 Site =     3 /   169 .. Mmpo =     6 DW = 3.21e-31 Error = 3.31e-14 NNZ =       26 SPT = 0.1333 Tsvd = 0.019 T = 0.025
 Site =     4 /   169 .. Mmpo =     7 DW = 2.23e-30 Error = 3.09e-14 NNZ =       37 SPT = 0.1190 Tsvd = 0.000 T = 0.007
 Site =     5 /   169 .. Mmpo =     8 DW = 3.27e-30 Error = 3.29e-14 NNZ =       50 SPT = 0.1071 Tsvd = 0.000 T = 0.008
 Site =     6 /   169 .. Mmpo =     9 DW = 2.78e-30 Error = 4.30e-14 NNZ =       65 SPT = 0.0972 Tsvd = 0.000 T = 0.010
 Site =     7 /   169 .. Mmpo =    10 DW = 5.62e-30 Error = 6.31e-14 NNZ =       82 SPT = 0.0889 Tsvd = 0.000 T = 0.011
 Site =     8 /   169 .. Mmpo =    11 DW = 3.63e-30 Error = 5.74e-14 NNZ =      101 SPT = 0.0818 Tsvd = 0.000 T = 0.012
 Site =     9 /   169 .. Mmpo =    12 DW = 3.62e-30 Error = 1.18e-13 NNZ =      122 SPT = 0.0758 Tsvd = 0.000 T = 0.013
 Site =    10 /   169 .. Mmpo =    13 DW = 7.89e-30 Error = 9.90e-14 NNZ =      145 SPT = 0.0705 Tsvd = 0.000 T = 0.014
 Site =    11 /   169 .. Mmpo =    14 DW = 6.02e-30 Error = 1.56e-13 NNZ =      170 SPT = 0.0659 Tsvd = 0.000 T = 0.015
 Site =    12 /   169 .. Mmpo =    15 DW = 9.19e-30 Error = 1.05e-13 NNZ =      197 SPT = 0.0619 Tsvd = 0.000 T = 0.016
 Site =    13 /   169 .. Mmpo =    16 DW = 2.81e-30 Error = 1.52e-13 NNZ =      226 SPT = 0.0583 Tsvd = 0.000 T = 0.017
 Site =    14 /   169 .. Mmpo =    17 DW = 4.32e-30 Error = 2.21e-13 NNZ =      257 SPT = 0.0551 Tsvd = 0.000 T = 0.018
 Site =    15 /   169 .. Mmpo =    18 DW = 5.79e-29 Error = 3.81e-13 NNZ =      290 SPT = 0.0523 Tsvd = 0.005 T = 0.024
 Site =    16 /   169 .. Mmpo =    19 DW = 3.68e-29 Error = 1.15e-13 NNZ =      325 SPT = 0.0497 Tsvd = 0.000 T = 0.021
 Site =    17 /   169 .. Mmpo =    20 DW = 5.87e-29 Error = 3.51e-13 NNZ =      362 SPT = 0.0474 Tsvd = 0.003 T = 0.024
 Site =    18 /   169 .. Mmpo =    21 DW = 5.66e-29 Error = 1.32e-13 NNZ =      401 SPT = 0.0452 Tsvd = 0.001 T = 0.023
 Site =    19 /   169 .. Mmpo =    22 DW = 3.96e-29 Error = 1.48e-13 NNZ =      442 SPT = 0.0433 Tsvd = 0.001 T = 0.024
 Site =    20 /   169 .. Mmpo =    23 DW = 6.09e-29 Error = 3.14e-13 NNZ =      485 SPT = 0.0415 Tsvd = 0.001 T = 0.025
 Site =    21 /   169 .. Mmpo =    24 DW = 2.81e-29 Error = 1.57e-13 NNZ =      530 SPT = 0.0399 Tsvd = 0.001 T = 0.026
 Site =    22 /   169 .. Mmpo =    25 DW = 3.05e-29 Error = 8.40e-14 NNZ =      577 SPT = 0.0383 Tsvd = 0.006 T = 0.033
 Site =    23 /   169 .. Mmpo =    26 DW = 1.03e-29 Error = 4.66e-13 NNZ =      626 SPT = 0.0369 Tsvd = 0.001 T = 0.028
 Site =    24 /   169 .. Mmpo =    27 DW = 3.46e-29 Error = 1.95e-13 NNZ =      677 SPT = 0.0356 Tsvd = 0.001 T = 0.029
 Site =    25 /   169 .. Mmpo =    28 DW = 1.45e-29 Error = 8.54e-14 NNZ =      730 SPT = 0.0344 Tsvd = 0.001 T = 0.030
 Site =    26 /   169 .. Mmpo =    29 DW = 8.89e-30 Error = 1.27e-13 NNZ =      785 SPT = 0.0333 Tsvd = 0.003 T = 0.033
 Site =    27 /   169 .. Mmpo =    30 DW = 9.73e-30 Error = 1.53e-13 NNZ =      842 SPT = 0.0322 Tsvd = 0.001 T = 0.032
 Site =    28 /   169 .. Mmpo =    31 DW = 5.84e-30 Error = 8.97e-14 NNZ =      901 SPT = 0.0312 Tsvd = 0.001 T = 0.033
 Site =    29 /   169 .. Mmpo =    32 DW = 8.97e-29 Error = 6.87e-13 NNZ =      962 SPT = 0.0302 Tsvd = 0.001 T = 0.034
 Site =    30 /   169 .. Mmpo =    33 DW = 3.93e-29 Error = 4.33e-13 NNZ =     1025 SPT = 0.0294 Tsvd = 0.001 T = 0.035
 Site =    31 /   169 .. Mmpo =    34 DW = 4.27e-30 Error = 3.12e-13 NNZ =     1090 SPT = 0.0285 Tsvd = 0.017 T = 0.052
 Site =    32 /   169 .. Mmpo =    35 DW = 3.63e-30 Error = 2.18e-13 NNZ =     1157 SPT = 0.0277 Tsvd = 0.001 T = 0.037
 Site =    33 /   169 .. Mmpo =    36 DW = 7.48e-30 Error = 1.63e-13 NNZ =     1226 SPT = 0.0270 Tsvd = 0.001 T = 0.037
 Site =    34 /   169 .. Mmpo =    37 DW = 7.51e-30 Error = 1.38e-13 NNZ =     1297 SPT = 0.0263 Tsvd = 0.001 T = 0.039
 Site =    35 /   169 .. Mmpo =    38 DW = 4.23e-29 Error = 1.27e-13 NNZ =     1370 SPT = 0.0256 Tsvd = 0.002 T = 0.040
 Site =    36 /   169 .. Mmpo =    39 DW = 8.27e-30 Error = 8.75e-14 NNZ =     1445 SPT = 0.0250 Tsvd = 0.001 T = 0.040
 Site =    37 /   169 .. Mmpo =    40 DW = 1.83e-29 Error = 6.84e-13 NNZ =     1522 SPT = 0.0244 Tsvd = 0.001 T = 0.041
 Site =    38 /   169 .. Mmpo =    41 DW = 1.42e-29 Error = 9.25e-13 NNZ =     1601 SPT = 0.0238 Tsvd = 0.001 T = 0.042
 Site =    39 /   169 .. Mmpo =    42 DW = 5.91e-30 Error = 5.56e-13 NNZ =     1682 SPT = 0.0232 Tsvd = 0.002 T = 0.042
 Site =    40 /   169 .. Mmpo =    43 DW = 7.91e-30 Error = 5.46e-13 NNZ =     1765 SPT = 0.0227 Tsvd = 0.001 T = 0.043
 Site =    41 /   169 .. Mmpo =    44 DW = 1.32e-29 Error = 4.10e-13 NNZ =     1850 SPT = 0.0222 Tsvd = 0.001 T = 0.044
 Site =    42 /   169 .. Mmpo =    45 DW = 6.61e-29 Error = 3.44e-13 NNZ =     1937 SPT = 0.0217 Tsvd = 0.001 T = 0.044
 Site =    43 /   169 .. Mmpo =    45 DW = 1.99e-17 Error = 4.46e-09 NNZ =     1981 SPT = 0.0217 Tsvd = 0.001 T = 0.045
 Site =    44 /   169 .. Mmpo =    45 DW = 6.89e-17 Error = 8.30e-09 NNZ =     1981 SPT = 0.0217 Tsvd = 0.001 T = 0.045
 Site =    45 /   169 .. Mmpo =    46 DW = 1.03e-28 Error = 1.99e-13 NNZ =     2026 SPT = 0.0213 Tsvd = 0.001 T = 0.045
 Site =    46 /   169 .. Mmpo =    47 DW = 3.94e-29 Error = 1.60e-13 NNZ =     2117 SPT = 0.0208 Tsvd = 0.001 T = 0.046
 Site =    47 /   169 .. Mmpo =    47 DW = 4.85e-17 Error = 6.96e-09 NNZ =     2163 SPT = 0.0208 Tsvd = 0.001 T = 0.046
 Site =    48 /   169 .. Mmpo =    48 DW = 8.32e-29 Error = 1.07e-13 NNZ =     2210 SPT = 0.0204 Tsvd = 0.001 T = 0.046
 Site =    49 /   169 .. Mmpo =    49 DW = 7.29e-29 Error = 9.47e-14 NNZ =     2305 SPT = 0.0200 Tsvd = 0.001 T = 0.048
 Site =    50 /   169 .. Mmpo =    49 DW = 1.83e-17 Error = 4.27e-09 NNZ =     2353 SPT = 0.0200 Tsvd = 0.002 T = 0.048
 Site =    51 /   169 .. Mmpo =    49 DW = 8.53e-17 Error = 9.23e-09 NNZ =     2353 SPT = 0.0200 Tsvd = 0.001 T = 0.047
 Site =    52 /   169 .. Mmpo =    50 DW = 3.41e-28 Error = 1.09e-13 NNZ =     2402 SPT = 0.0196 Tsvd = 0.001 T = 0.047
 Site =    53 /   169 .. Mmpo =    51 DW = 3.04e-28 Error = 9.03e-14 NNZ =     2501 SPT = 0.0192 Tsvd = 0.001 T = 0.048
 Site =    54 /   169 .. Mmpo =    51 DW = 4.41e-17 Error = 6.64e-09 NNZ =     2551 SPT = 0.0192 Tsvd = 0.002 T = 0.048
 Site =    55 /   169 .. Mmpo =    52 DW = 3.40e-27 Error = 1.08e-12 NNZ =     2602 SPT = 0.0189 Tsvd = 0.002 T = 0.049
 Site =    56 /   169 .. Mmpo =    51 DW = 6.20e-17 Error = 7.88e-09 NNZ =     2600 SPT = 0.0196 Tsvd = 0.002 T = 0.049
 Site =    57 /   169 .. Mmpo =    52 DW = 1.57e-27 Error = 7.77e-13 NNZ =     2602 SPT = 0.0189 Tsvd = 0.002 T = 0.049
 Site =    58 /   169 .. Mmpo =    52 DW = 6.30e-17 Error = 7.94e-09 NNZ =     2653 SPT = 0.0189 Tsvd = 0.002 T = 0.049
 Site =    59 /   169 .. Mmpo =    53 DW = 8.37e-27 Error = 5.57e-13 NNZ =     2705 SPT = 0.0185 Tsvd = 0.002 T = 0.048
 Site =    60 /   169 .. Mmpo =    53 DW = 4.30e-17 Error = 6.56e-09 NNZ =     2757 SPT = 0.0185 Tsvd = 0.002 T = 0.049
 Site =    61 /   169 .. Mmpo =    54 DW = 1.76e-27 Error = 4.21e-13 NNZ =     2808 SPT = 0.0189 Tsvd = 0.002 T = 0.050
 Site =    62 /   169 .. Mmpo =    53 DW = 1.12e-16 Error = 1.06e-08 NNZ =     2808 SPT = 0.0189 Tsvd = 0.002 T = 0.050
 Site =    63 /   169 .. Mmpo =    54 DW = 9.39e-27 Error = 2.32e-13 NNZ =     2810 SPT = 0.0182 Tsvd = 0.001 T = 0.048
 Site =    64 /   169 .. Mmpo =    54 DW = 5.19e-17 Error = 7.21e-09 NNZ =     2862 SPT = 0.0185 Tsvd = 0.004 T = 0.051
 Site =    65 /   169 .. Mmpo =    55 DW = 1.05e-26 Error = 2.40e-13 NNZ =     2917 SPT = 0.0178 Tsvd = 0.002 T = 0.048
 Site =    66 /   169 .. Mmpo =    55 DW = 1.36e-17 Error = 3.68e-09 NNZ =     2971 SPT = 0.0179 Tsvd = 0.002 T = 0.048
 Site =    67 /   169 .. Mmpo =    55 DW = 4.98e-17 Error = 7.06e-09 NNZ =     2970 SPT = 0.0182 Tsvd = 0.002 T = 0.048
 Site =    68 /   169 .. Mmpo =    55 DW = 4.70e-17 Error = 6.85e-09 NNZ =     2971 SPT = 0.0179 Tsvd = 0.002 T = 0.048
 Site =    69 /   169 .. Mmpo =    54 DW = 7.61e-17 Error = 8.73e-09 NNZ =     2916 SPT = 0.0182 Tsvd = 0.002 T = 0.047
 Site =    70 /   169 .. Mmpo =    55 DW = 1.36e-24 Error = 1.18e-12 NNZ =     2917 SPT = 0.0178 Tsvd = 0.002 T = 0.047
 Site =    71 /   169 .. Mmpo =    55 DW = 3.99e-17 Error = 6.32e-09 NNZ =     2970 SPT = 0.0182 Tsvd = 0.002 T = 0.047
 Site =    72 /   169 .. Mmpo =    55 DW = 5.42e-17 Error = 7.36e-09 NNZ =     2971 SPT = 0.0179 Tsvd = 0.002 T = 0.046
 Site =    73 /   169 .. Mmpo =    55 DW = 6.67e-17 Error = 8.17e-09 NNZ =     2969 SPT = 0.0185 Tsvd = 0.002 T = 0.046
 Site =    74 /   169 .. Mmpo =    55 DW = 8.36e-17 Error = 9.14e-09 NNZ =     2968 SPT = 0.0188 Tsvd = 0.002 T = 0.046
 Site =    75 /   169 .. Mmpo =    56 DW = 3.13e-24 Error = 1.77e-12 NNZ =     3025 SPT = 0.0179 Tsvd = 0.002 T = 0.045
 Site =    76 /   169 .. Mmpo =    56 DW = 3.98e-17 Error = 6.31e-09 NNZ =     3081 SPT = 0.0175 Tsvd = 0.002 T = 0.046
 Site =    77 /   169 .. Mmpo =    55 DW = 1.17e-16 Error = 1.08e-08 NNZ =     3025 SPT = 0.0179 Tsvd = 0.002 T = 0.044
 Site =    78 /   169 .. Mmpo =    56 DW = 8.25e-25 Error = 9.15e-13 NNZ =     3026 SPT = 0.0175 Tsvd = 0.002 T = 0.044
 Site =    79 /   169 .. Mmpo =    56 DW = 2.13e-17 Error = 4.61e-09 NNZ =     3080 SPT = 0.0179 Tsvd = 0.002 T = 0.045
 Site =    80 /   169 .. Mmpo =    55 DW = 1.17e-16 Error = 1.08e-08 NNZ =     3025 SPT = 0.0179 Tsvd = 0.001 T = 0.044
 Site =    81 /   169 .. Mmpo =    55 DW = 3.96e-17 Error = 6.29e-09 NNZ =     2971 SPT = 0.0179 Tsvd = 0.001 T = 0.043
 Site =    82 /   169 .. Mmpo =    54 DW = 9.88e-17 Error = 9.94e-09 NNZ =     2916 SPT = 0.0182 Tsvd = 0.001 T = 0.042
 Site =    83 /   169 .. Mmpo =    55 DW = 7.63e-24 Error = 2.76e-12 NNZ =     2916 SPT = 0.0182 Tsvd = 0.001 T = 0.041
 Site =    84 /   169 .. Mmpo =    55 DW = 3.64e-17 Error = 6.03e-09 NNZ =     2966 SPT = 0.0195 Tsvd = 0.001 T = 0.041
 Site =    85 /   169 .. Mmpo =    55 DW = 4.59e-17 Error = 6.78e-09 NNZ =     2969 SPT = 0.0185 Tsvd = 0.001 T = 0.041
 Site =    86 /   169 .. Mmpo =    55 DW = 6.65e-17 Error = 8.15e-09 NNZ =     2968 SPT = 0.0188 Tsvd = 0.001 T = 0.041
 Site =    87 /   169 .. Mmpo =    55 DW = 7.50e-17 Error = 8.66e-09 NNZ =     2969 SPT = 0.0185 Tsvd = 0.001 T = 0.041
 Site =    88 /   169 .. Mmpo =    56 DW = 1.15e-23 Error = 3.56e-12 NNZ =     3025 SPT = 0.0179 Tsvd = 0.001 T = 0.040
 Site =    89 /   169 .. Mmpo =    56 DW = 3.82e-17 Error = 6.18e-09 NNZ =     3080 SPT = 0.0179 Tsvd = 0.001 T = 0.040
 Site =    90 /   169 .. Mmpo =    55 DW = 1.15e-16 Error = 1.07e-08 NNZ =     3024 SPT = 0.0182 Tsvd = 0.001 T = 0.039
 Site =    91 /   169 .. Mmpo =    56 DW = 4.54e-24 Error = 2.34e-12 NNZ =     3026 SPT = 0.0175 Tsvd = 0.001 T = 0.039
 Site =    92 /   169 .. Mmpo =    56 DW = 1.09e-17 Error = 3.30e-09 NNZ =     3080 SPT = 0.0179 Tsvd = 0.001 T = 0.039
 Site =    93 /   169 .. Mmpo =    55 DW = 8.29e-17 Error = 9.11e-09 NNZ =     3024 SPT = 0.0182 Tsvd = 0.001 T = 0.039
 Site =    94 /   169 .. Mmpo =    55 DW = 3.32e-17 Error = 5.76e-09 NNZ =     2971 SPT = 0.0179 Tsvd = 0.001 T = 0.040
 Site =    95 /   169 .. Mmpo =    54 DW = 1.05e-16 Error = 1.03e-08 NNZ =     2916 SPT = 0.0182 Tsvd = 0.001 T = 0.038
 Site =    96 /   169 .. Mmpo =    55 DW = 3.08e-23 Error = 5.61e-12 NNZ =     2916 SPT = 0.0182 Tsvd = 0.001 T = 0.037
 Site =    97 /   169 .. Mmpo =    55 DW = 2.95e-17 Error = 5.43e-09 NNZ =     2970 SPT = 0.0182 Tsvd = 0.001 T = 0.037
 Site =    98 /   169 .. Mmpo =    54 DW = 9.55e-17 Error = 9.77e-09 NNZ =     2915 SPT = 0.0185 Tsvd = 0.001 T = 0.036
 Site =    99 /   169 .. Mmpo =    54 DW = 8.83e-17 Error = 9.40e-09 NNZ =     2861 SPT = 0.0189 Tsvd = 0.001 T = 0.035
 Site =   100 /   169 .. Mmpo =    55 DW = 5.22e-23 Error = 7.25e-12 NNZ =     2916 SPT = 0.0182 Tsvd = 0.001 T = 0.035
 Site =   101 /   169 .. Mmpo =    55 DW = 2.73e-17 Error = 5.23e-09 NNZ =     2970 SPT = 0.0182 Tsvd = 0.003 T = 0.037
 Site =   102 /   169 .. Mmpo =    55 DW = 7.01e-18 Error = 2.65e-09 NNZ =     2971 SPT = 0.0179 Tsvd = 0.001 T = 0.035
 Site =   103 /   169 .. Mmpo =    54 DW = 3.95e-17 Error = 6.28e-09 NNZ =     2915 SPT = 0.0185 Tsvd = 0.001 T = 0.033
 Site =   104 /   169 .. Mmpo =    54 DW = 4.29e-18 Error = 2.07e-09 NNZ =     2863 SPT = 0.0182 Tsvd = 0.001 T = 0.033
 Site =   105 /   169 .. Mmpo =    53 DW = 8.82e-17 Error = 9.39e-09 NNZ =     2808 SPT = 0.0189 Tsvd = 0.001 T = 0.034
 Site =   106 /   169 .. Mmpo =    53 DW = 6.84e-17 Error = 8.27e-09 NNZ =     2757 SPT = 0.0185 Tsvd = 0.001 T = 0.032
 Site =   107 /   169 .. Mmpo =    52 DW = 5.53e-17 Error = 7.43e-09 NNZ =     2703 SPT = 0.0192 Tsvd = 0.001 T = 0.032
 Site =   108 /   169 .. Mmpo =    51 DW = 1.70e-16 Error = 1.30e-08 NNZ =     2601 SPT = 0.0192 Tsvd = 0.001 T = 0.030
 Site =   109 /   169 .. Mmpo =    51 DW = 7.53e-17 Error = 8.68e-09 NNZ =     2551 SPT = 0.0192 Tsvd = 0.001 T = 0.030
 Site =   110 /   169 .. Mmpo =    51 DW = 5.51e-17 Error = 7.42e-09 NNZ =     2551 SPT = 0.0192 Tsvd = 0.001 T = 0.029
 Site =   111 /   169 .. Mmpo =    51 DW = 4.20e-17 Error = 6.48e-09 NNZ =     2550 SPT = 0.0196 Tsvd = 0.001 T = 0.028
 Site =   112 /   169 .. Mmpo =    51 DW = 8.99e-17 Error = 9.48e-09 NNZ =     2551 SPT = 0.0192 Tsvd = 0.001 T = 0.028
 Site =   113 /   169 .. Mmpo =    51 DW = 1.53e-17 Error = 3.91e-09 NNZ =     2550 SPT = 0.0196 Tsvd = 0.001 T = 0.028
 Site =   114 /   169 .. Mmpo =    51 DW = 1.30e-17 Error = 3.61e-09 NNZ =     2551 SPT = 0.0192 Tsvd = 0.001 T = 0.027
 Site =   115 /   169 .. Mmpo =    50 DW = 5.27e-17 Error = 7.26e-09 NNZ =     2500 SPT = 0.0196 Tsvd = 0.001 T = 0.027
 Site =   116 /   169 .. Mmpo =    49 DW = 5.42e-18 Error = 2.33e-09 NNZ =     2400 SPT = 0.0204 Tsvd = 0.001 T = 0.025
 Site =   117 /   169 .. Mmpo =    49 DW = 1.19e-17 Error = 3.46e-09 NNZ =     2353 SPT = 0.0200 Tsvd = 0.001 T = 0.025
 Site =   118 /   169 .. Mmpo =    48 DW = 7.23e-17 Error = 8.50e-09 NNZ =     2303 SPT = 0.0208 Tsvd = 0.001 T = 0.024
 Site =   119 /   169 .. Mmpo =    48 DW = 1.04e-18 Error = 1.02e-09 NNZ =     2257 SPT = 0.0204 Tsvd = 0.001 T = 0.023
 Site =   120 /   169 .. Mmpo =    47 DW = 2.02e-17 Error = 4.50e-09 NNZ =     2208 SPT = 0.0213 Tsvd = 0.001 T = 0.023
 Site =   121 /   169 .. Mmpo =    46 DW = 7.43e-17 Error = 8.62e-09 NNZ =     2115 SPT = 0.0217 Tsvd = 0.001 T = 0.022
 Site =   122 /   169 .. Mmpo =    46 DW = 8.54e-18 Error = 2.92e-09 NNZ =     2070 SPT = 0.0217 Tsvd = 0.001 T = 0.022
 Site =   123 /   169 .. Mmpo =    45 DW = 5.49e-17 Error = 7.41e-09 NNZ =     2024 SPT = 0.0222 Tsvd = 0.001 T = 0.021
 Site =   124 /   169 .. Mmpo =    45 DW = 4.61e-18 Error = 2.15e-09 NNZ =     1980 SPT = 0.0222 Tsvd = 0.001 T = 0.020
 Site =   125 /   169 .. Mmpo =    45 DW = 1.55e-36 Error = 1.56e-13 NNZ =     1980 SPT = 0.0222 Tsvd = 0.001 T = 0.020
 Site =   126 /   169 .. Mmpo =    44 DW = 2.79e-36 Error = 1.32e-13 NNZ =     1934 SPT = 0.0232 Tsvd = 0.001 T = 0.020
 Site =   127 /   169 .. Mmpo =    43 DW = 2.20e-37 Error = 1.59e-13 NNZ =     1849 SPT = 0.0227 Tsvd = 0.001 T = 0.019
 Site =   128 /   169 .. Mmpo =    42 DW = 1.26e-36 Error = 1.47e-13 NNZ =     1763 SPT = 0.0238 Tsvd = 0.001 T = 0.018
 Site =   129 /   169 .. Mmpo =    41 DW = 1.19e-36 Error = 7.78e-13 NNZ =     1680 SPT = 0.0244 Tsvd = 0.001 T = 0.016
 Site =   130 /   169 .. Mmpo =    40 DW = 3.57e-36 Error = 8.83e-14 NNZ =     1600 SPT = 0.0244 Tsvd = 0.001 T = 0.016
 Site =   131 /   169 .. Mmpo =    39 DW = 7.55e-39 Error = 1.08e-13 NNZ =     1521 SPT = 0.0250 Tsvd = 0.001 T = 0.016
 Site =   132 /   169 .. Mmpo =    38 DW = 9.71e-37 Error = 1.26e-13 NNZ =     1444 SPT = 0.0256 Tsvd = 0.001 T = 0.015
 Site =   133 /   169 .. Mmpo =    37 DW = 6.12e-38 Error = 8.13e-14 NNZ =     1369 SPT = 0.0263 Tsvd = 0.001 T = 0.014
 Site =   134 /   169 .. Mmpo =    36 DW = 9.77e-37 Error = 1.29e-13 NNZ =     1296 SPT = 0.0270 Tsvd = 0.000 T = 0.013
 Site =   135 /   169 .. Mmpo =    35 DW = 4.27e-39 Error = 8.59e-14 NNZ =     1224 SPT = 0.0286 Tsvd = 0.000 T = 0.013
 Site =   136 /   169 .. Mmpo =    34 DW = 2.10e-37 Error = 1.19e-13 NNZ =     1156 SPT = 0.0286 Tsvd = 0.000 T = 0.012
 Site =   137 /   169 .. Mmpo =    33 DW = 8.38e-37 Error = 9.41e-14 NNZ =     1089 SPT = 0.0294 Tsvd = 0.000 T = 0.011
 Site =   138 /   169 .. Mmpo =    32 DW = 4.46e-38 Error = 1.44e-13 NNZ =     1024 SPT = 0.0303 Tsvd = 0.000 T = 0.010
 Site =   139 /   169 .. Mmpo =    31 DW = 4.22e-37 Error = 9.94e-14 NNZ =      961 SPT = 0.0312 Tsvd = 0.000 T = 0.010
 Site =   140 /   169 .. Mmpo =    30 DW = 4.04e-37 Error = 9.48e-14 NNZ =      900 SPT = 0.0323 Tsvd = 0.000 T = 0.009
 Site =   141 /   169 .. Mmpo =    29 DW = 1.17e-36 Error = 1.29e-13 NNZ =      841 SPT = 0.0333 Tsvd = 0.000 T = 0.009
 Site =   142 /   169 .. Mmpo =    28 DW = 1.29e-36 Error = 4.43e-13 NNZ =      784 SPT = 0.0345 Tsvd = 0.000 T = 0.008
 Site =   143 /   169 .. Mmpo =    27 DW = 2.00e-37 Error = 1.53e-13 NNZ =      729 SPT = 0.0357 Tsvd = 0.000 T = 0.008
 Site =   144 /   169 .. Mmpo =    26 DW = 6.63e-37 Error = 1.72e-13 NNZ =      676 SPT = 0.0370 Tsvd = 0.000 T = 0.007
 Site =   145 /   169 .. Mmpo =    25 DW = 2.97e-37 Error = 7.19e-14 NNZ =      625 SPT = 0.0385 Tsvd = 0.000 T = 0.007
 Site =   146 /   169 .. Mmpo =    24 DW = 1.52e-38 Error = 1.46e-13 NNZ =      576 SPT = 0.0400 Tsvd = 0.000 T = 0.006
 Site =   147 /   169 .. Mmpo =    23 DW = 1.59e-39 Error = 1.20e-13 NNZ =      529 SPT = 0.0417 Tsvd = 0.000 T = 0.006
 Site =   148 /   169 .. Mmpo =    22 DW = 7.84e-38 Error = 1.67e-13 NNZ =      484 SPT = 0.0435 Tsvd = 0.000 T = 0.005
 Site =   149 /   169 .. Mmpo =    21 DW = 2.82e-38 Error = 1.32e-13 NNZ =      441 SPT = 0.0455 Tsvd = 0.000 T = 0.005
 Site =   150 /   169 .. Mmpo =    20 DW = 2.04e-37 Error = 1.19e-13 NNZ =      400 SPT = 0.0476 Tsvd = 0.000 T = 0.004
 Site =   151 /   169 .. Mmpo =    19 DW = 4.69e-37 Error = 1.11e-13 NNZ =      361 SPT = 0.0500 Tsvd = 0.000 T = 0.004
 Site =   152 /   169 .. Mmpo =    18 DW = 1.89e-38 Error = 1.08e-13 NNZ =      324 SPT = 0.0526 Tsvd = 0.000 T = 0.004
 Site =   153 /   169 .. Mmpo =    17 DW = 1.11e-37 Error = 7.46e-14 NNZ =      289 SPT = 0.0556 Tsvd = 0.000 T = 0.003
 Site =   154 /   169 .. Mmpo =    16 DW = 1.72e-38 Error = 7.18e-14 NNZ =      256 SPT = 0.0588 Tsvd = 0.000 T = 0.003
 Site =   155 /   169 .. Mmpo =    15 DW = 5.89e-37 Error = 1.77e-13 NNZ =      225 SPT = 0.0625 Tsvd = 0.000 T = 0.002
 Site =   156 /   169 .. Mmpo =    14 DW = 3.01e-37 Error = 1.63e-13 NNZ =      196 SPT = 0.0667 Tsvd = 0.000 T = 0.003
 Site =   157 /   169 .. Mmpo =    13 DW = 3.76e-40 Error = 1.92e-13 NNZ =      169 SPT = 0.0714 Tsvd = 0.000 T = 0.002
 Site =   158 /   169 .. Mmpo =    12 DW = 3.98e-37 Error = 1.61e-13 NNZ =      144 SPT = 0.0769 Tsvd = 0.000 T = 0.002
 Site =   159 /   169 .. Mmpo =    11 DW = 4.72e-37 Error = 1.23e-13 NNZ =      121 SPT = 0.0833 Tsvd = 0.002 T = 0.004
 Site =   160 /   169 .. Mmpo =    10 DW = 3.02e-39 Error = 1.35e-13 NNZ =      100 SPT = 0.0909 Tsvd = 0.000 T = 0.001
 Site =   161 /   169 .. Mmpo =     9 DW = 2.06e-37 Error = 1.14e-13 NNZ =       81 SPT = 0.1000 Tsvd = 0.000 T = 0.001
 Site =   162 /   169 .. Mmpo =     8 DW = 9.10e-37 Error = 9.21e-14 NNZ =       64 SPT = 0.1111 Tsvd = 0.000 T = 0.001
 Site =   163 /   169 .. Mmpo =     7 DW = 1.52e-38 Error = 8.78e-14 NNZ =       49 SPT = 0.1250 Tsvd = 0.000 T = 0.001
 Site =   164 /   169 .. Mmpo =     6 DW = 7.23e-41 Error = 1.02e-13 NNZ =       36 SPT = 0.1429 Tsvd = 0.000 T = 0.001
 Site =   165 /   169 .. Mmpo =     5 DW = 3.01e-37 Error = 7.92e-14 NNZ =       25 SPT = 0.1667 Tsvd = 0.000 T = 0.000
 Site =   166 /   169 .. Mmpo =     4 DW = 1.51e-38 Error = 3.18e-14 NNZ =       16 SPT = 0.2000 Tsvd = 0.007 T = 0.008
 Site =   167 /   169 .. Mmpo =     3 DW = 0.00e+00 Error = 8.94e-14 NNZ =        9 SPT = 0.2500 Tsvd = 0.000 T = 0.000
 Site =   168 /   169 .. Mmpo =     1 DW = 0.00e+00 Error = 3.33e-14 NNZ =        3 SPT = 0.0000 Tsvd = 0.000 T = 0.000
Ttotal =      4.813 Tsvd-total = 0.279 MPO bond dimension =    56 MaxDW = 1.70e-16 Total error = 5.80e-08
NNZ =       282206 SIZE =       288451 SPT = 0.0217

Rank =     0 Ttotal =      4.851 MPO method = FastSVD bond dimension =      56 NNZ =       282206 SIZE =       288451 SPT = 0.0217
Environment initialization | Nsites =   169 | Center =     0
 INIT-R <-- Site =  167 ..  Bmem =   128 B Rmem =   128 B T = 0.04
 INIT-R <-- Site =  166 ..  Bmem =   640 B Rmem =   640 B T = 0.01
 INIT-R <-- Site =  165 ..  Bmem = 3.00 KB Rmem = 3.00 KB T = 0.01
 INIT-R <-- Site =  164 ..  Bmem = 14.0 KB Rmem = 14.0 KB T = 0.01
 INIT-R <-- Site =  163 ..  Bmem = 64.0 KB Rmem = 64.0 KB T = 0.01
 INIT-R <-- Site =  162 ..  Bmem =  288 KB Rmem =  288 KB T = 0.01
 INIT-R <-- Site =  161 ..  Bmem = 1.25 MB Rmem = 1.25 MB T = 0.01
 INIT-R <-- Site =  160 ..  Bmem = 5.50 MB Rmem = 5.50 MB T = 0.04
 INIT-R <-- Site =  159 ..  Bmem = 24.0 MB Rmem = 22.9 MB T = 0.22
 INIT-R <-- Site =  158 ..  Bmem = 99.2 MB Rmem = 24.8 MB T = 0.48
 INIT-R <-- Site =  157 ..  Bmem =  107 MB Rmem = 26.7 MB T = 0.51
 INIT-R <-- Site =  156 ..  Bmem =  114 MB Rmem = 28.6 MB T = 0.56
 INIT-R <-- Site =  155 ..  Bmem =  122 MB Rmem = 30.5 MB T = 0.62
 INIT-R <-- Site =  154 ..  Bmem =  130 MB Rmem = 32.4 MB T = 0.66
 INIT-R <-- Site =  153 ..  Bmem =  137 MB Rmem = 34.3 MB T = 0.70
 INIT-R <-- Site =  152 ..  Bmem =  145 MB Rmem = 36.2 MB T = 0.75
 INIT-R <-- Site =  151 ..  Bmem =  153 MB Rmem = 38.1 MB T = 0.79
 INIT-R <-- Site =  150 ..  Bmem =  160 MB Rmem = 40.1 MB T = 0.86
 INIT-R <-- Site =  149 ..  Bmem =  168 MB Rmem = 42.0 MB T = 0.90
 INIT-R <-- Site =  148 ..  Bmem =  175 MB Rmem = 43.9 MB T = 0.99
 INIT-R <-- Site =  147 ..  Bmem =  183 MB Rmem = 45.8 MB T = 1.05
 INIT-R <-- Site =  146 ..  Bmem =  191 MB Rmem = 47.7 MB T = 1.05
 INIT-R <-- Site =  145 ..  Bmem =  198 MB Rmem = 49.6 MB T = 1.11
 INIT-R <-- Site =  144 ..  Bmem =  206 MB Rmem = 51.5 MB T = 1.23
 INIT-R <-- Site =  143 ..  Bmem =  214 MB Rmem = 53.4 MB T = 1.24
 INIT-R <-- Site =  142 ..  Bmem =  221 MB Rmem = 55.3 MB T = 1.30
 INIT-R <-- Site =  141 ..  Bmem =  229 MB Rmem = 57.2 MB T = 1.31
 INIT-R <-- Site =  140 ..  Bmem =  237 MB Rmem = 59.1 MB T = 1.44
 INIT-R <-- Site =  139 ..  Bmem =  244 MB Rmem = 61.0 MB T = 1.49
 INIT-R <-- Site =  138 ..  Bmem =  252 MB Rmem = 62.9 MB T = 1.51
 INIT-R <-- Site =  137 ..  Bmem =  259 MB Rmem = 64.8 MB T = 1.63
 INIT-R <-- Site =  136 ..  Bmem =  267 MB Rmem = 66.8 MB T = 1.69
 INIT-R <-- Site =  135 ..  Bmem =  275 MB Rmem = 68.7 MB T = 1.71
 INIT-R <-- Site =  134 ..  Bmem =  282 MB Rmem = 70.6 MB T = 1.84
 INIT-R <-- Site =  133 ..  Bmem =  290 MB Rmem = 72.5 MB T = 1.85
 INIT-R <-- Site =  132 ..  Bmem =  298 MB Rmem = 74.4 MB T = 1.95
 INIT-R <-- Site =  131 ..  Bmem =  305 MB Rmem = 76.3 MB T = 2.00
 INIT-R <-- Site =  130 ..  Bmem =  313 MB Rmem = 78.2 MB T = 2.03
 INIT-R <-- Site =  129 ..  Bmem =  320 MB Rmem = 80.1 MB T = 2.13
 INIT-R <-- Site =  128 ..  Bmem =  328 MB Rmem = 82.0 MB T = 2.16
 INIT-R <-- Site =  127 ..  Bmem =  336 MB Rmem = 83.9 MB T = 2.22
 INIT-R <-- Site =  126 ..  Bmem =  343 MB Rmem = 85.8 MB T = 2.43
 INIT-R <-- Site =  125 ..  Bmem =  351 MB Rmem = 87.7 MB T = 2.44
 INIT-R <-- Site =  124 ..  Bmem =  351 MB Rmem = 87.7 MB T = 2.52
 INIT-R <-- Site =  123 ..  Bmem =  351 MB Rmem = 87.7 MB T = 2.47
 INIT-R <-- Site =  122 ..  Bmem =  359 MB Rmem = 89.6 MB T = 2.60
 INIT-R <-- Site =  121 ..  Bmem =  359 MB Rmem = 89.6 MB T = 2.54
 INIT-R <-- Site =  120 ..  Bmem =  366 MB Rmem = 91.6 MB T = 2.71
 INIT-R <-- Site =  119 ..  Bmem =  374 MB Rmem = 93.5 MB T = 2.65
 INIT-R <-- Site =  118 ..  Bmem =  374 MB Rmem = 93.5 MB T = 2.68
 INIT-R <-- Site =  117 ..  Bmem =  381 MB Rmem = 95.4 MB T = 2.75
 INIT-R <-- Site =  116 ..  Bmem =  381 MB Rmem = 95.4 MB T = 2.79
 INIT-R <-- Site =  115 ..  Bmem =  389 MB Rmem = 97.3 MB T = 2.70
 INIT-R <-- Site =  114 ..  Bmem =  397 MB Rmem = 99.2 MB T = 2.94
 INIT-R <-- Site =  113 ..  Bmem =  397 MB Rmem = 99.2 MB T = 2.92
 INIT-R <-- Site =  112 ..  Bmem =  397 MB Rmem = 99.2 MB T = 2.97
 INIT-R <-- Site =  111 ..  Bmem =  397 MB Rmem = 99.2 MB T = 2.92
 INIT-R <-- Site =  110 ..  Bmem =  397 MB Rmem = 99.2 MB T = 2.97
 INIT-R <-- Site =  109 ..  Bmem =  397 MB Rmem = 99.2 MB T = 2.95
 INIT-R <-- Site =  108 ..  Bmem =  397 MB Rmem = 99.2 MB T = 2.93
 INIT-R <-- Site =  107 ..  Bmem =  404 MB Rmem =  101 MB T = 3.09
 INIT-R <-- Site =  106 ..  Bmem =  412 MB Rmem =  103 MB T = 3.06
 INIT-R <-- Site =  105 ..  Bmem =  412 MB Rmem =  103 MB T = 3.08
 INIT-R <-- Site =  104 ..  Bmem =  420 MB Rmem =  105 MB T = 3.13
 INIT-R <-- Site =  103 ..  Bmem =  420 MB Rmem =  105 MB T = 3.15
 INIT-R <-- Site =  102 ..  Bmem =  427 MB Rmem =  107 MB T = 3.17
 INIT-R <-- Site =  101 ..  Bmem =  427 MB Rmem =  107 MB T = 3.24
 INIT-R <-- Site =  100 ..  Bmem =  427 MB Rmem =  107 MB T = 3.31
 INIT-R <-- Site =   99 ..  Bmem =  420 MB Rmem =  105 MB T = 3.30
 INIT-R <-- Site =   98 ..  Bmem =  420 MB Rmem =  105 MB T = 3.28
 INIT-R <-- Site =   97 ..  Bmem =  427 MB Rmem =  107 MB T = 3.25
 INIT-R <-- Site =   96 ..  Bmem =  427 MB Rmem =  107 MB T = 3.36
 INIT-R <-- Site =   95 ..  Bmem =  420 MB Rmem =  105 MB T = 3.19
 INIT-R <-- Site =   94 ..  Bmem =  427 MB Rmem =  107 MB T = 3.33
 INIT-R <-- Site =   93 ..  Bmem =  427 MB Rmem =  107 MB T = 3.30
 INIT-R <-- Site =   92 ..  Bmem =  435 MB Rmem =  109 MB T = 3.32
 INIT-R <-- Site =   91 ..  Bmem =  435 MB Rmem =  109 MB T = 3.34
 INIT-R <-- Site =   90 ..  Bmem =  427 MB Rmem =  107 MB T = 3.23
 INIT-R <-- Site =   89 ..  Bmem =  435 MB Rmem =  109 MB T = 3.21
 INIT-R <-- Site =   88 ..  Bmem =  435 MB Rmem =  109 MB T = 3.40
 INIT-R <-- Site =   87 ..  Bmem =  427 MB Rmem =  107 MB T = 3.34
 INIT-R <-- Site =   86 ..  Bmem =  427 MB Rmem =  107 MB T = 3.33
 INIT-R <-- Site =   85 ..  Bmem =  427 MB Rmem =  107 MB T = 3.35
 INIT-R <-- Site =   84 ..  Bmem =  427 MB Rmem =  107 MB T = 3.27
 INIT-R <-- Site =   83 ..  Bmem =  427 MB Rmem =  107 MB T = 3.32
 INIT-R <-- Site =   82 ..  Bmem =  420 MB Rmem =  105 MB T = 3.28
 INIT-R <-- Site =   81 ..  Bmem =  427 MB Rmem =  107 MB T = 3.29
 INIT-R <-- Site =   80 ..  Bmem =  427 MB Rmem =  107 MB T = 3.29
 INIT-R <-- Site =   79 ..  Bmem =  435 MB Rmem =  109 MB T = 3.36
 INIT-R <-- Site =   78 ..  Bmem =  435 MB Rmem =  109 MB T = 3.38
 INIT-R <-- Site =   77 ..  Bmem =  427 MB Rmem =  107 MB T = 3.25
 INIT-R <-- Site =   76 ..  Bmem =  435 MB Rmem =  109 MB T = 3.36
 INIT-R <-- Site =   75 ..  Bmem =  435 MB Rmem =  109 MB T = 3.40
 INIT-R <-- Site =   74 ..  Bmem =  427 MB Rmem =  107 MB T = 3.37
 INIT-R <-- Site =   73 ..  Bmem =  427 MB Rmem =  107 MB T = 3.27
 INIT-R <-- Site =   72 ..  Bmem =  427 MB Rmem =  107 MB T = 3.29
 INIT-R <-- Site =   71 ..  Bmem =  427 MB Rmem =  107 MB T = 3.36
 INIT-R <-- Site =   70 ..  Bmem =  427 MB Rmem =  107 MB T = 3.29
 INIT-R <-- Site =   69 ..  Bmem =  420 MB Rmem =  105 MB T = 3.31
 INIT-R <-- Site =   68 ..  Bmem =  427 MB Rmem =  107 MB T = 3.29
 INIT-R <-- Site =   67 ..  Bmem =  427 MB Rmem =  107 MB T = 3.27
 INIT-R <-- Site =   66 ..  Bmem =  427 MB Rmem =  107 MB T = 3.25
 INIT-R <-- Site =   65 ..  Bmem =  427 MB Rmem =  107 MB T = 3.22
 INIT-R <-- Site =   64 ..  Bmem =  420 MB Rmem =  105 MB T = 3.09
 INIT-R <-- Site =   63 ..  Bmem =  420 MB Rmem =  105 MB T = 3.25
 INIT-R <-- Site =   62 ..  Bmem =  412 MB Rmem =  103 MB T = 3.15
 INIT-R <-- Site =   61 ..  Bmem =  420 MB Rmem =  105 MB T = 3.18
 INIT-R <-- Site =   60 ..  Bmem =  412 MB Rmem =  103 MB T = 3.19
 INIT-R <-- Site =   59 ..  Bmem =  412 MB Rmem =  103 MB T = 3.13
 INIT-R <-- Site =   58 ..  Bmem =  404 MB Rmem =  101 MB T = 3.12
 INIT-R <-- Site =   57 ..  Bmem =  404 MB Rmem =  101 MB T = 3.07
 INIT-R <-- Site =   56 ..  Bmem =  397 MB Rmem = 99.2 MB T = 2.92
 INIT-R <-- Site =   55 ..  Bmem =  404 MB Rmem =  101 MB T = 2.98
 INIT-R <-- Site =   54 ..  Bmem =  397 MB Rmem = 99.2 MB T = 2.93
 INIT-R <-- Site =   53 ..  Bmem =  397 MB Rmem = 99.2 MB T = 2.90
 INIT-R <-- Site =   52 ..  Bmem =  389 MB Rmem = 97.3 MB T = 2.82
 INIT-R <-- Site =   51 ..  Bmem =  381 MB Rmem = 95.4 MB T = 2.84
 INIT-R <-- Site =   50 ..  Bmem =  381 MB Rmem = 95.4 MB T = 2.80
 INIT-R <-- Site =   49 ..  Bmem =  381 MB Rmem = 95.4 MB T = 2.77
 INIT-R <-- Site =   48 ..  Bmem =  374 MB Rmem = 93.5 MB T = 2.79
 INIT-R <-- Site =   47 ..  Bmem =  366 MB Rmem = 91.6 MB T = 2.67
 INIT-R <-- Site =   46 ..  Bmem =  366 MB Rmem = 91.6 MB T = 2.66
 INIT-R <-- Site =   45 ..  Bmem =  359 MB Rmem = 89.6 MB T = 2.57
 INIT-R <-- Site =   44 ..  Bmem =  351 MB Rmem = 87.7 MB T = 2.52
 INIT-R <-- Site =   43 ..  Bmem =  351 MB Rmem = 87.7 MB T = 2.51
 INIT-R <-- Site =   42 ..  Bmem =  351 MB Rmem = 87.7 MB T = 2.54
 INIT-R <-- Site =   41 ..  Bmem =  343 MB Rmem = 85.8 MB T = 2.43
 INIT-R <-- Site =   40 ..  Bmem =  336 MB Rmem = 83.9 MB T = 2.30
 INIT-R <-- Site =   39 ..  Bmem =  328 MB Rmem = 82.0 MB T = 2.28
 INIT-R <-- Site =   38 ..  Bmem =  320 MB Rmem = 80.1 MB T = 2.14
 INIT-R <-- Site =   37 ..  Bmem =  313 MB Rmem = 78.2 MB T = 2.08
 INIT-R <-- Site =   36 ..  Bmem =  305 MB Rmem = 76.3 MB T = 1.92
 INIT-R <-- Site =   35 ..  Bmem =  298 MB Rmem = 74.4 MB T = 1.92
 INIT-R <-- Site =   34 ..  Bmem =  290 MB Rmem = 72.5 MB T = 1.95
 INIT-R <-- Site =   33 ..  Bmem =  282 MB Rmem = 70.6 MB T = 1.85
 INIT-R <-- Site =   32 ..  Bmem =  275 MB Rmem = 68.7 MB T = 1.80
 INIT-R <-- Site =   31 ..  Bmem =  267 MB Rmem = 66.8 MB T = 1.74
 INIT-R <-- Site =   30 ..  Bmem =  259 MB Rmem = 64.8 MB T = 1.62
 INIT-R <-- Site =   29 ..  Bmem =  252 MB Rmem = 62.9 MB T = 1.57
 INIT-R <-- Site =   28 ..  Bmem =  244 MB Rmem = 61.0 MB T = 1.52
 INIT-R <-- Site =   27 ..  Bmem =  237 MB Rmem = 59.1 MB T = 1.47
 INIT-R <-- Site =   26 ..  Bmem =  229 MB Rmem = 57.2 MB T = 1.36
 INIT-R <-- Site =   25 ..  Bmem =  221 MB Rmem = 55.3 MB T = 1.33
 INIT-R <-- Site =   24 ..  Bmem =  214 MB Rmem = 53.4 MB T = 1.30
 INIT-R <-- Site =   23 ..  Bmem =  206 MB Rmem = 51.5 MB T = 1.22
 INIT-R <-- Site =   22 ..  Bmem =  198 MB Rmem = 49.6 MB T = 1.11
 INIT-R <-- Site =   21 ..  Bmem =  191 MB Rmem = 47.7 MB T = 1.11
 INIT-R <-- Site =   20 ..  Bmem =  183 MB Rmem = 45.8 MB T = 1.05
 INIT-R <-- Site =   19 ..  Bmem =  175 MB Rmem = 43.9 MB T = 0.99
 INIT-R <-- Site =   18 ..  Bmem =  168 MB Rmem = 42.0 MB T = 0.91
 INIT-R <-- Site =   17 ..  Bmem =  160 MB Rmem = 40.1 MB T = 0.84
 INIT-R <-- Site =   16 ..  Bmem =  153 MB Rmem = 38.1 MB T = 0.84
 INIT-R <-- Site =   15 ..  Bmem =  145 MB Rmem = 36.2 MB T = 0.79
 INIT-R <-- Site =   14 ..  Bmem =  137 MB Rmem = 34.3 MB T = 0.72
 INIT-R <-- Site =   13 ..  Bmem =  130 MB Rmem = 32.4 MB T = 0.66
 INIT-R <-- Site =   12 ..  Bmem =  122 MB Rmem = 30.5 MB T = 0.63
 INIT-R <-- Site =   11 ..  Bmem =  114 MB Rmem = 28.6 MB T = 0.58
 INIT-R <-- Site =   10 ..  Bmem =  107 MB Rmem = 26.7 MB T = 0.51
 INIT-R <-- Site =    9 ..  Bmem = 99.2 MB Rmem = 24.8 MB T = 0.51
 INIT-R <-- Site =    8 ..  Bmem = 91.6 MB Rmem = 22.9 MB T = 0.45
 INIT-R <-- Site =    7 ..  Bmem = 83.9 MB Rmem = 5.50 MB T = 0.22
 INIT-R <-- Site =    6 ..  Bmem = 20.0 MB Rmem = 1.25 MB T = 0.05
 INIT-R <-- Site =    5 ..  Bmem = 4.50 MB Rmem =  288 KB T = 0.01
 INIT-R <-- Site =    4 ..  Bmem = 1.00 MB Rmem = 64.0 KB T = 0.01
 INIT-R <-- Site =    3 ..  Bmem =  224 KB Rmem = 14.0 KB T = 0.01
 INIT-R <-- Site =    2 ..  Bmem = 48.0 KB Rmem = 3.00 KB T = 0.01
 INIT-R <-- Site =    1 ..  Bmem = 10.0 KB Rmem =   640 B T = 0.01
 INIT-R <-- Site =    0 ..  Bmem = 2.00 KB Rmem =   128 B T = 0.01
Time init sweep =      347.085 | MaxBmem =  435 MB | MaxRmem =  109 MB
 | Tread = 0.000 | Twrite = 25.801 | Tfpread = 0.000 | Tfpwrite = 16.452 | data = 11.9 GB | cpsd = 7.84 GB | Tasync = 0.000


Sweep =    0 | Direction =  forward | Bond dimension =   15 | Noise =  1.00e-04 | Dav threshold =  1.00e-10
 --> Site =    0 .. Mmps =    2 Ndav =   4 E =   -227.8012657669 Error = 0.00e+00 FLOPS = 1.61e+04 Tdav = 0.01 T = 0.07
 --> Site =    1 .. Mmps =    4 Ndav =  10 E =   -227.8699575129 Error = 0.00e+00 FLOPS = 1.99e+07 Tdav = 0.00 T = 0.03
 --> Site =    2 .. Mmps =    8 Ndav =  14 E =   -228.0773038091 Error = 0.00e+00 FLOPS = 1.39e+08 Tdav = 0.00 T = 0.03
 --> Site =    3 .. Mmps =   15 Ndav =  18 E =   -228.1642870708 Error = 1.77e-15 FLOPS = 7.73e+08 Tdav = 0.00 T = 0.03
 --> Site =    4 .. Mmps =   15 Ndav =  20 E =   -228.3461736092 Error = 2.07e-10 FLOPS = 2.80e+09 Tdav = 0.00 T = 0.03
 --> Site =    5 .. Mmps =   15 Ndav =  20 E =   -228.4132755888 Error = 2.19e-09 FLOPS = 4.94e+09 Tdav = 0.01 T = 0.04
 --> Site =    6 .. Mmps =   15 Ndav =  21 E =   -228.5733583065 Error = 1.25e-08 FLOPS = 6.72e+09 Tdav = 0.02 T = 0.06
 --> Site =    7 .. Mmps =   15 Ndav =  21 E =   -228.6569517160 Error = 5.74e-08 FLOPS = 8.91e+09 Tdav = 0.05 T = 0.12
 --> Site =    8 .. Mmps =   15 Ndav =  23 E =   -228.8298739335 Error = 2.04e-07 FLOPS = 9.54e+09 Tdav = 0.21 T = 0.37
 --> Site =    9 .. Mmps =   15 Ndav =  22 E =   -228.8916454518 Error = 3.05e-07 FLOPS = 1.06e+10 Tdav = 0.20 T = 0.36
 --> Site =   10 .. Mmps =   15 Ndav =  23 E =   -229.0039249140 Error = 4.86e-07 FLOPS = 1.03e+10 Tdav = 0.23 T = 0.41
 --> Site =   11 .. Mmps =   15 Ndav =  22 E =   -229.0725813780 Error = 5.04e-07 FLOPS = 1.11e+10 Tdav = 0.22 T = 0.42
 --> Site =   12 .. Mmps =   15 Ndav =  23 E =   -229.1239789702 Error = 6.30e-07 FLOPS = 1.11e+10 Tdav = 0.25 T = 0.46
 --> Site =   13 .. Mmps =   15 Ndav =  21 E =   -229.1898374450 Error = 7.97e-08 FLOPS = 1.17e+10 Tdav = 0.23 T = 0.44
 --> Site =   14 .. Mmps =   15 Ndav =  24 E =   -229.3112767316 Error = 1.20e-06 FLOPS = 1.13e+10 Tdav = 0.29 T = 0.50
 --> Site =   15 .. Mmps =   15 Ndav =  21 E =   -229.3623341245 Error = 9.38e-08 FLOPS = 1.22e+10 Tdav = 0.25 T = 0.48
 --> Site =   16 .. Mmps =   15 Ndav =  24 E =   -229.4827317279 Error = 1.32e-06 FLOPS = 1.19e+10 Tdav = 0.30 T = 0.53
 --> Site =   17 .. Mmps =   15 Ndav =  21 E =   -229.5345472895 Error = 1.77e-07 FLOPS = 1.26e+10 Tdav = 0.26 T = 0.51
 --> Site =   18 .. Mmps =   15 Ndav =  24 E =   -229.6669380405 Error = 1.73e-06 FLOPS = 1.20e+10 Tdav = 0.34 T = 0.60
 --> Site =   19 .. Mmps =   15 Ndav =  21 E =   -229.7155668501 Error = 2.33e-07 FLOPS = 1.27e+10 Tdav = 0.29 T = 0.56
 --> Site =   20 .. Mmps =   15 Ndav =  24 E =   -229.8251358600 Error = 1.92e-06 FLOPS = 1.28e+10 Tdav = 0.34 T = 0.61
 --> Site =   21 .. Mmps =   15 Ndav =  21 E =   -229.8854500459 Error = 2.26e-07 FLOPS = 1.37e+10 Tdav = 0.29 T = 0.58
 --> Site =   22 .. Mmps =   15 Ndav =  24 E =   -230.0010208126 Error = 2.07e-06 FLOPS = 1.28e+10 Tdav = 0.37 T = 0.65
 --> Site =   23 .. Mmps =   15 Ndav =  21 E =   -230.0375111327 Error = 1.67e-07 FLOPS = 1.37e+10 Tdav = 0.32 T = 0.60
 --> Site =   24 .. Mmps =   15 Ndav =  24 E =   -230.1271092489 Error = 2.13e-06 FLOPS = 1.32e+10 Tdav = 0.39 T = 0.69
 --> Site =   25 .. Mmps =   15 Ndav =  19 E =   -230.1374305764 Error = 3.80e-08 FLOPS = 1.39e+10 Tdav = 0.30 T = 0.62
 --> Site =   26 .. Mmps =   15 Ndav =  22 E =   -230.1699123061 Error = 1.89e-06 FLOPS = 1.33e+10 Tdav = 0.38 T = 0.73
 --> Site =   27 .. Mmps =   15 Ndav =  21 E =   -230.2200837749 Error = 1.97e-07 FLOPS = 1.37e+10 Tdav = 0.37 T = 0.70
 --> Site =   28 .. Mmps =   15 Ndav =  24 E =   -230.2752900844 Error = 2.30e-06 FLOPS = 1.31e+10 Tdav = 0.45 T = 0.79
 --> Site =   29 .. Mmps =   15 Ndav =  21 E =   -230.3202477869 Error = 6.48e-07 FLOPS = 1.41e+10 Tdav = 0.38 T = 0.73
 --> Site =   30 .. Mmps =   15 Ndav =  24 E =   -230.3942347630 Error = 2.13e-06 FLOPS = 1.38e+10 Tdav = 0.46 T = 0.81
 --> Site =   31 .. Mmps =   15 Ndav =  21 E =   -230.4207621938 Error = 5.94e-07 FLOPS = 1.39e+10 Tdav = 0.41 T = 0.77
 --> Site =   32 .. Mmps =   15 Ndav =  25 E =   -230.4791089941 Error = 2.14e-06 FLOPS = 1.32e+10 Tdav = 0.53 T = 0.91
 --> Site =   33 .. Mmps =   15 Ndav =  22 E =   -230.5071067923 Error = 5.65e-07 FLOPS = 1.41e+10 Tdav = 0.45 T = 0.81
 --> Site =   34 .. Mmps =   15 Ndav =  24 E =   -230.5552631892 Error = 1.86e-06 FLOPS = 1.35e+10 Tdav = 0.52 T = 0.93
 --> Site =   35 .. Mmps =   15 Ndav =  23 E =   -230.5923457894 Error = 4.33e-07 FLOPS = 1.41e+10 Tdav = 0.49 T = 0.88
 --> Site =   36 .. Mmps =   15 Ndav =  24 E =   -230.6483458828 Error = 1.54e-06 FLOPS = 1.45e+10 Tdav = 0.51 T = 0.91
 --> Site =   37 .. Mmps =   15 Ndav =  21 E =   -230.6751557660 Error = 5.73e-07 FLOPS = 1.50e+10 Tdav = 0.45 T = 0.84
 --> Site =   38 .. Mmps =   15 Ndav =  21 E =   -230.7142796039 Error = 6.37e-07 FLOPS = 1.45e+10 Tdav = 0.47 T = 0.89
 --> Site =   39 .. Mmps =   15 Ndav =  21 E =   -230.7524015877 Error = 1.16e-07 FLOPS = 1.46e+10 Tdav = 0.48 T = 0.89
 --> Site =   40 .. Mmps =   15 Ndav =  24 E =   -230.8589611634 Error = 1.77e-06 FLOPS = 1.39e+10 Tdav = 0.59 T = 1.01
 --> Site =   41 .. Mmps =   15 Ndav =  22 E =   -230.9332163267 Error = 2.15e-07 FLOPS = 1.45e+10 Tdav = 0.53 T = 0.97
 --> Site =   42 .. Mmps =   15 Ndav =  23 E =   -231.0475744729 Error = 2.29e-06 FLOPS = 1.47e+10 Tdav = 0.56 T = 1.00
 --> Site =   43 .. Mmps =   15 Ndav =  21 E =   -231.0987322275 Error = 4.80e-07 FLOPS = 1.48e+10 Tdav = 0.51 T = 0.96
 --> Site =   44 .. Mmps =   15 Ndav =  24 E =   -231.2135934358 Error = 2.51e-06 FLOPS = 1.42e+10 Tdav = 0.61 T = 1.08
 --> Site =   45 .. Mmps =   15 Ndav =  22 E =   -231.2701750363 Error = 3.71e-07 FLOPS = 1.45e+10 Tdav = 0.55 T = 1.01
 --> Site =   46 .. Mmps =   15 Ndav =  23 E =   -231.3917738182 Error = 2.65e-06 FLOPS = 1.45e+10 Tdav = 0.59 T = 1.07
 --> Site =   47 .. Mmps =   15 Ndav =  21 E =   -231.4380434264 Error = 4.01e-07 FLOPS = 1.52e+10 Tdav = 0.52 T = 0.99
 --> Site =   48 .. Mmps =   15 Ndav =  23 E =   -231.5365127607 Error = 2.38e-06 FLOPS = 1.44e+10 Tdav = 0.61 T = 1.06
 --> Site =   49 .. Mmps =   15 Ndav =  21 E =   -231.5803483017 Error = 2.98e-07 FLOPS = 1.48e+10 Tdav = 0.55 T = 1.02
 --> Site =   50 .. Mmps =   15 Ndav =  23 E =   -231.6740960868 Error = 2.06e-06 FLOPS = 1.45e+10 Tdav = 0.62 T = 1.10
 --> Site =   51 .. Mmps =   15 Ndav =  19 E =   -231.6851670281 Error = 3.70e-08 FLOPS = 1.53e+10 Tdav = 0.48 T = 0.96
 --> Site =   52 .. Mmps =   15 Ndav =  21 E =   -231.7040648989 Error = 9.55e-07 FLOPS = 1.54e+10 Tdav = 0.54 T = 1.01
 --> Site =   53 .. Mmps =   15 Ndav =  19 E =   -231.7115249190 Error = 3.74e-07 FLOPS = 1.52e+10 Tdav = 0.51 T = 1.03
 --> Site =   54 .. Mmps =   15 Ndav =  23 E =   -231.7387083815 Error = 1.98e-06 FLOPS = 1.53e+10 Tdav = 0.61 T = 1.31
 --> Site =   55 .. Mmps =   15 Ndav =  20 E =   -231.7547350921 Error = 5.86e-07 FLOPS = 1.58e+10 Tdav = 0.52 T = 1.01
 --> Site =   56 .. Mmps =   15 Ndav =  24 E =   -231.7884102315 Error = 1.83e-06 FLOPS = 1.52e+10 Tdav = 0.64 T = 1.11
 --> Site =   57 .. Mmps =   15 Ndav =  21 E =   -231.8105268471 Error = 5.27e-07 FLOPS = 1.57e+10 Tdav = 0.55 T = 1.02
 --> Site =   58 .. Mmps =   15 Ndav =  24 E =   -231.8555473798 Error = 1.88e-06 FLOPS = 1.44e+10 Tdav = 0.69 T = 1.17
 --> Site =   59 .. Mmps =   15 Ndav =  21 E =   -231.8770527760 Error = 4.67e-07 FLOPS = 1.49e+10 Tdav = 0.59 T = 1.09
 --> Site =   60 .. Mmps =   15 Ndav =  25 E =   -231.9256168161 Error = 1.57e-06 FLOPS = 1.47e+10 Tdav = 0.72 T = 1.21
 --> Site =   61 .. Mmps =   15 Ndav =  21 E =   -231.9523137941 Error = 3.98e-07 FLOPS = 1.53e+10 Tdav = 0.59 T = 1.09
 --> Site =   62 .. Mmps =   15 Ndav =  24 E =   -232.0113764429 Error = 1.42e-06 FLOPS = 1.47e+10 Tdav = 0.69 T = 1.17
 --> Site =   63 .. Mmps =   15 Ndav =  20 E =   -232.0355548067 Error = 5.89e-07 FLOPS = 1.53e+10 Tdav = 0.56 T = 1.06
 --> Site =   64 .. Mmps =   15 Ndav =  20 E =   -232.0602242281 Error = 5.75e-07 FLOPS = 1.56e+10 Tdav = 0.55 T = 1.07
 --> Site =   65 .. Mmps =   15 Ndav =  19 E =   -232.0855679968 Error = 9.97e-08 FLOPS = 1.57e+10 Tdav = 0.53 T = 1.04
 --> Site =   66 .. Mmps =   15 Ndav =  24 E =   -232.2034095746 Error = 1.69e-06 FLOPS = 1.49e+10 Tdav = 0.70 T = 1.21
 --> Site =   67 .. Mmps =   15 Ndav =  21 E =   -232.2543668573 Error = 1.88e-07 FLOPS = 1.56e+10 Tdav = 0.59 T = 1.12
 --> Site =   68 .. Mmps =   15 Ndav =  23 E =   -232.3590042294 Error = 2.09e-06 FLOPS = 1.49e+10 Tdav = 0.67 T = 1.19
 --> Site =   69 .. Mmps =   15 Ndav =  22 E =   -232.4054840160 Error = 2.03e-07 FLOPS = 1.57e+10 Tdav = 0.60 T = 1.10
 --> Site =   70 .. Mmps =   15 Ndav =  23 E =   -232.5242863223 Error = 2.03e-06 FLOPS = 1.54e+10 Tdav = 0.65 T = 1.13
 --> Site =   71 .. Mmps =   15 Ndav =  21 E =   -232.5539108444 Error = 2.15e-07 FLOPS = 1.56e+10 Tdav = 0.59 T = 1.08
 --> Site =   72 .. Mmps =   15 Ndav =  23 E =   -232.6623115787 Error = 2.25e-06 FLOPS = 1.47e+10 Tdav = 0.68 T = 1.19
 --> Site =   73 .. Mmps =   15 Ndav =  22 E =   -232.7063016622 Error = 1.62e-07 FLOPS = 1.50e+10 Tdav = 0.64 T = 1.17
 --> Site =   74 .. Mmps =   15 Ndav =  23 E =   -232.8068276625 Error = 2.04e-06 FLOPS = 1.48e+10 Tdav = 0.68 T = 1.22
 --> Site =   75 .. Mmps =   15 Ndav =  21 E =   -232.8337641100 Error = 3.22e-07 FLOPS = 1.57e+10 Tdav = 0.60 T = 1.12
 --> Site =   76 .. Mmps =   15 Ndav =  23 E =   -232.9205323640 Error = 2.02e-06 FLOPS = 1.47e+10 Tdav = 0.70 T = 1.22
 --> Site =   77 .. Mmps =   15 Ndav =  19 E =   -232.9324728021 Error = 3.91e-08 FLOPS = 1.51e+10 Tdav = 0.55 T = 1.23
 --> Site =   78 .. Mmps =   15 Ndav =  21 E =   -232.9466464717 Error = 1.02e-06 FLOPS = 1.50e+10 Tdav = 0.62 T = 1.13
 --> Site =   79 .. Mmps =   15 Ndav =  19 E =   -232.9547624417 Error = 3.80e-07 FLOPS = 1.57e+10 Tdav = 0.54 T = 1.10
 --> Site =   80 .. Mmps =   15 Ndav =  23 E =   -232.9852108683 Error = 1.87e-06 FLOPS = 1.50e+10 Tdav = 0.67 T = 1.21
 --> Site =   81 .. Mmps =   15 Ndav =  21 E =   -232.9991466876 Error = 5.54e-07 FLOPS = 1.51e+10 Tdav = 0.61 T = 1.11
 --> Site =   82 .. Mmps =   15 Ndav =  24 E =   -233.0369330474 Error = 1.84e-06 FLOPS = 1.45e+10 Tdav = 0.71 T = 1.22
 --> Site =   83 .. Mmps =   15 Ndav =  21 E =   -233.0594847321 Error = 5.65e-07 FLOPS = 1.51e+10 Tdav = 0.61 T = 1.25
 --> Site =   84 .. Mmps =   15 Ndav =  25 E =   -233.1045062808 Error = 1.78e-06 FLOPS = 1.51e+10 Tdav = 0.72 T = 1.23
 --> Site =   85 .. Mmps =   15 Ndav =  21 E =   -233.1254990940 Error = 5.77e-07 FLOPS = 1.50e+10 Tdav = 0.61 T = 1.29
 --> Site =   86 .. Mmps =   15 Ndav =  25 E =   -233.1779401912 Error = 2.15e-06 FLOPS = 1.45e+10 Tdav = 0.75 T = 1.27
 --> Site =   87 .. Mmps =   15 Ndav =  22 E =   -233.2072919436 Error = 4.31e-07 FLOPS = 1.53e+10 Tdav = 0.63 T = 1.16
 --> Site =   88 .. Mmps =   15 Ndav =  24 E =   -233.2656223004 Error = 1.53e-06 FLOPS = 1.54e+10 Tdav = 0.70 T = 1.19
 --> Site =   89 .. Mmps =   15 Ndav =  21 E =   -233.2906989789 Error = 5.95e-07 FLOPS = 1.55e+10 Tdav = 0.60 T = 1.12
 --> Site =   90 .. Mmps =   15 Ndav =  21 E =   -233.3173373048 Error = 6.54e-07 FLOPS = 1.50e+10 Tdav = 0.61 T = 1.28
 --> Site =   91 .. Mmps =   15 Ndav =  20 E =   -233.3376270818 Error = 1.05e-07 FLOPS = 1.53e+10 Tdav = 0.58 T = 1.11
 --> Site =   92 .. Mmps =   15 Ndav =  24 E =   -233.4395907945 Error = 1.87e-06 FLOPS = 1.46e+10 Tdav = 0.73 T = 1.25
 --> Site =   93 .. Mmps =   15 Ndav =  22 E =   -233.4805396778 Error = 2.27e-07 FLOPS = 1.53e+10 Tdav = 0.63 T = 1.13
 --> Site =   94 .. Mmps =   15 Ndav =  24 E =   -233.5756356360 Error = 2.45e-06 FLOPS = 1.50e+10 Tdav = 0.70 T = 1.19
 --> Site =   95 .. Mmps =   15 Ndav =  21 E =   -233.6020775944 Error = 3.03e-07 FLOPS = 1.49e+10 Tdav = 0.60 T = 1.09
 --> Site =   96 .. Mmps =   15 Ndav =  23 E =   -233.7036127655 Error = 2.33e-06 FLOPS = 1.47e+10 Tdav = 0.68 T = 1.19
 --> Site =   97 .. Mmps =   15 Ndav =  21 E =   -233.7392802824 Error = 3.01e-07 FLOPS = 1.56e+10 Tdav = 0.59 T = 1.07
 --> Site =   98 .. Mmps =   15 Ndav =  23 E =   -233.8393596962 Error = 2.43e-06 FLOPS = 1.50e+10 Tdav = 0.66 T = 1.16
 --> Site =   99 .. Mmps =   15 Ndav =  22 E =   -233.8807363213 Error = 1.97e-07 FLOPS = 1.51e+10 Tdav = 0.62 T = 1.12
 --> Site =  100 .. Mmps =   15 Ndav =  23 E =   -233.9739939356 Error = 2.22e-06 FLOPS = 1.50e+10 Tdav = 0.67 T = 1.20
 --> Site =  101 .. Mmps =   15 Ndav =  21 E =   -234.0079623726 Error = 3.84e-07 FLOPS = 1.54e+10 Tdav = 0.60 T = 1.13
 --> Site =  102 .. Mmps =   15 Ndav =  24 E =   -234.0883242237 Error = 2.08e-06 FLOPS = 1.48e+10 Tdav = 0.71 T = 1.24
 --> Site =  103 .. Mmps =   15 Ndav =  19 E =   -234.0962647838 Error = 4.45e-08 FLOPS = 1.56e+10 Tdav = 0.52 T = 1.04
 --> Site =  104 .. Mmps =   15 Ndav =  22 E =   -234.1125155959 Error = 1.37e-06 FLOPS = 1.51e+10 Tdav = 0.63 T = 1.14
 --> Site =  105 .. Mmps =   15 Ndav =  19 E =   -234.1201450952 Error = 3.68e-07 FLOPS = 1.55e+10 Tdav = 0.52 T = 1.02
 --> Site =  106 .. Mmps =   15 Ndav =  23 E =   -234.1476844076 Error = 2.22e-06 FLOPS = 1.55e+10 Tdav = 0.62 T = 1.11
 --> Site =  107 .. Mmps =   15 Ndav =  20 E =   -234.1593989480 Error = 6.36e-07 FLOPS = 1.59e+10 Tdav = 0.52 T = 1.02
 --> Site =  108 .. Mmps =   15 Ndav =  24 E =   -234.2005454391 Error = 2.32e-06 FLOPS = 1.49e+10 Tdav = 0.65 T = 1.14
 --> Site =  109 .. Mmps =   15 Ndav =  22 E =   -234.2227856850 Error = 6.99e-07 FLOPS = 1.46e+10 Tdav = 0.61 T = 1.14
 --> Site =  110 .. Mmps =   15 Ndav =  25 E =   -234.2694950438 Error = 2.57e-06 FLOPS = 1.43e+10 Tdav = 0.71 T = 1.19
 --> Site =  111 .. Mmps =   15 Ndav =  22 E =   -234.2958885296 Error = 7.16e-07 FLOPS = 1.51e+10 Tdav = 0.59 T = 1.09
 --> Site =  112 .. Mmps =   15 Ndav =  25 E =   -234.3523629124 Error = 2.91e-06 FLOPS = 1.46e+10 Tdav = 0.69 T = 1.18
 --> Site =  113 .. Mmps =   15 Ndav =  23 E =   -234.3819817081 Error = 1.01e-06 FLOPS = 1.46e+10 Tdav = 0.64 T = 1.12
 --> Site =  114 .. Mmps =   15 Ndav =  25 E =   -234.4489163018 Error = 2.68e-06 FLOPS = 1.44e+10 Tdav = 0.70 T = 1.20
 --> Site =  115 .. Mmps =   15 Ndav =  22 E =   -234.4781312075 Error = 6.95e-07 FLOPS = 1.48e+10 Tdav = 0.59 T = 1.08
 --> Site =  116 .. Mmps =   15 Ndav =  21 E =   -234.4981929469 Error = 9.35e-07 FLOPS = 1.54e+10 Tdav = 0.53 T = 1.02
 --> Site =  117 .. Mmps =   15 Ndav =  20 E =   -234.5198471546 Error = 1.28e-07 FLOPS = 1.52e+10 Tdav = 0.51 T = 1.03
 --> Site =  118 .. Mmps =   15 Ndav =  24 E =   -234.5987612548 Error = 2.60e-06 FLOPS = 1.42e+10 Tdav = 0.64 T = 1.11
 --> Site =  119 .. Mmps =   15 Ndav =  21 E =   -234.6362064437 Error = 3.21e-07 FLOPS = 1.53e+10 Tdav = 0.52 T = 1.13
 --> Site =  120 .. Mmps =   15 Ndav =  25 E =   -234.7302593901 Error = 2.81e-06 FLOPS = 1.48e+10 Tdav = 0.63 T = 1.09
 --> Site =  121 .. Mmps =   15 Ndav =  21 E =   -234.7624246415 Error = 4.05e-07 FLOPS = 1.56e+10 Tdav = 0.49 T = 0.95
 --> Site =  122 .. Mmps =   15 Ndav =  25 E =   -234.8562138064 Error = 2.38e-06 FLOPS = 1.48e+10 Tdav = 0.62 T = 1.08
 --> Site =  123 .. Mmps =   15 Ndav =  22 E =   -234.8973096378 Error = 5.84e-07 FLOPS = 1.46e+10 Tdav = 0.54 T = 0.99
 --> Site =  124 .. Mmps =   15 Ndav =  24 E =   -234.9899471389 Error = 2.47e-06 FLOPS = 1.47e+10 Tdav = 0.58 T = 1.01
 --> Site =  125 .. Mmps =   15 Ndav =  22 E =   -235.0292117508 Error = 2.78e-07 FLOPS = 1.45e+10 Tdav = 0.54 T = 1.01
 --> Site =  126 .. Mmps =   15 Ndav =  25 E =   -235.1195540401 Error = 2.29e-06 FLOPS = 1.39e+10 Tdav = 0.63 T = 1.09
 --> Site =  127 .. Mmps =   15 Ndav =  22 E =   -235.1494415964 Error = 4.49e-07 FLOPS = 1.44e+10 Tdav = 0.52 T = 0.95
 --> Site =  128 .. Mmps =   15 Ndav =  25 E =   -235.2323107687 Error = 2.17e-06 FLOPS = 1.40e+10 Tdav = 0.60 T = 1.06
 --> Site =  129 .. Mmps =   15 Ndav =  19 E =   -235.2383368578 Error = 5.56e-08 FLOPS = 1.54e+10 Tdav = 0.40 T = 0.84
 --> Site =  130 .. Mmps =   15 Ndav =  22 E =   -235.2545211621 Error = 1.92e-06 FLOPS = 1.43e+10 Tdav = 0.49 T = 0.93
 --> Site =  131 .. Mmps =   15 Ndav =  21 E =   -235.2645245386 Error = 4.07e-07 FLOPS = 1.42e+10 Tdav = 0.46 T = 0.89
 --> Site =  132 .. Mmps =   15 Ndav =  24 E =   -235.2946251804 Error = 2.84e-06 FLOPS = 1.37e+10 Tdav = 0.53 T = 1.00
 --> Site =  133 .. Mmps =   15 Ndav =  22 E =   -235.3109850981 Error = 7.08e-07 FLOPS = 1.40e+10 Tdav = 0.46 T = 0.90
 --> Site =  134 .. Mmps =   15 Ndav =  25 E =   -235.3500706719 Error = 2.90e-06 FLOPS = 1.38e+10 Tdav = 0.52 T = 0.93
 --> Site =  135 .. Mmps =   15 Ndav =  23 E =   -235.3720110610 Error = 7.49e-07 FLOPS = 1.37e+10 Tdav = 0.47 T = 0.82
 --> Site =  136 .. Mmps =   15 Ndav =  26 E =   -235.4232880772 Error = 3.01e-06 FLOPS = 1.30e+10 Tdav = 0.54 T = 0.94
 --> Site =  137 .. Mmps =   15 Ndav =  23 E =   -235.4431576087 Error = 7.50e-07 FLOPS = 1.37e+10 Tdav = 0.44 T = 0.84
 --> Site =  138 .. Mmps =   15 Ndav =  26 E =   -235.4943451908 Error = 3.72e-06 FLOPS = 1.27e+10 Tdav = 0.52 T = 0.91
 --> Site =  139 .. Mmps =   15 Ndav =  23 E =   -235.5303938795 Error = 6.15e-07 FLOPS = 1.36e+10 Tdav = 0.42 T = 0.79
 --> Site =  140 .. Mmps =   15 Ndav =  26 E =   -235.5864395667 Error = 2.89e-06 FLOPS = 1.28e+10 Tdav = 0.49 T = 0.86
 --> Site =  141 .. Mmps =   15 Ndav =  24 E =   -235.6196374082 Error = 7.46e-07 FLOPS = 1.32e+10 Tdav = 0.42 T = 0.76
 --> Site =  142 .. Mmps =   15 Ndav =  23 E =   -235.6351539038 Error = 1.18e-06 FLOPS = 1.34e+10 Tdav = 0.38 T = 0.72
 --> Site =  143 .. Mmps =   15 Ndav =  22 E =   -235.6438885027 Error = 1.41e-07 FLOPS = 1.32e+10 Tdav = 0.36 T = 0.72
 --> Site =  144 .. Mmps =   15 Ndav =  25 E =   -235.6635209104 Error = 2.71e-06 FLOPS = 1.25e+10 Tdav = 0.41 T = 0.77
 --> Site =  145 .. Mmps =   15 Ndav =  22 E =   -235.6748337862 Error = 3.00e-07 FLOPS = 1.32e+10 Tdav = 0.33 T = 0.66
 --> Site =  146 .. Mmps =   15 Ndav =  25 E =   -235.6909621834 Error = 2.39e-06 FLOPS = 1.23e+10 Tdav = 0.39 T = 0.71
 --> Site =  147 .. Mmps =   15 Ndav =  22 E =   -235.6998360209 Error = 3.16e-07 FLOPS = 1.30e+10 Tdav = 0.31 T = 0.61
 --> Site =  148 .. Mmps =   15 Ndav =  24 E =   -235.7111950567 Error = 2.26e-06 FLOPS = 1.25e+10 Tdav = 0.34 T = 0.62
 --> Site =  149 .. Mmps =   15 Ndav =  19 E =   -235.7148727395 Error = 3.59e-07 FLOPS = 1.33e+10 Tdav = 0.24 T = 0.55
 --> Site =  150 .. Mmps =   15 Ndav =  21 E =   -235.7199691616 Error = 1.45e-06 FLOPS = 1.25e+10 Tdav = 0.27 T = 0.53
 --> Site =  151 .. Mmps =   15 Ndav =  17 E =   -235.7212831743 Error = 3.67e-07 FLOPS = 1.38e+10 Tdav = 0.19 T = 0.44
 --> Site =  152 .. Mmps =   15 Ndav =  19 E =   -235.7231361993 Error = 1.56e-06 FLOPS = 1.34e+10 Tdav = 0.20 T = 0.44
 --> Site =  153 .. Mmps =   15 Ndav =  16 E =   -235.7235256394 Error = 1.52e-07 FLOPS = 1.36e+10 Tdav = 0.16 T = 0.43
 --> Site =  154 .. Mmps =   15 Ndav =  15 E =   -235.7237754713 Error = 8.02e-07 FLOPS = 1.35e+10 Tdav = 0.14 T = 0.39
 --> Site =  155 .. Mmps =   15 Ndav =  10 E =   -235.7237752028 Error = 2.05e-08 FLOPS = 1.49e+10 Tdav = 0.08 T = 0.28
 --> Site =  156 .. Mmps =   15 Ndav =  11 E =   -235.7237892992 Error = 5.76e-08 FLOPS = 1.42e+10 Tdav = 0.09 T = 0.29
 --> Site =  157 .. Mmps =   15 Ndav =  11 E =   -235.7237898535 Error = 3.01e-09 FLOPS = 1.45e+10 Tdav = 0.08 T = 0.27
 --> Site =  158 .. Mmps =   15 Ndav =  10 E =   -235.7237901520 Error = 6.77e-09 FLOPS = 1.50e+10 Tdav = 0.06 T = 0.25
 --> Site =  159 .. Mmps =   15 Ndav =   7 E =   -235.7237900463 Error = 2.67e-10 FLOPS = 1.53e+10 Tdav = 0.04 T = 0.20
 --> Site =  160 .. Mmps =   15 Ndav =   8 E =   -235.7237901843 Error = 3.71e-10 FLOPS = 1.49e+10 Tdav = 0.01 T = 0.09
 --> Site =  161 .. Mmps =   15 Ndav =   3 E =   -235.7237901769 Error = 4.58e-11 FLOPS = 1.05e+10 Tdav = 0.00 T = 0.04
 --> Site =  162 .. Mmps =   15 Ndav =   3 E =   -235.7237901757 Error = 8.69e-12 FLOPS = 6.68e+09 Tdav = 0.00 T = 0.03
 --> Site =  163 .. Mmps =   15 Ndav =   2 E =   -235.7237901755 Error = 6.52e-13 FLOPS = 3.02e+09 Tdav = 0.00 T = 0.04
 --> Site =  164 .. Mmps =   15 Ndav =   1 E =   -235.7237901755 Error = 4.66e-17 FLOPS = 1.03e+09 Tdav = 0.00 T = 0.03
 --> Site =  165 .. Mmps =   15 Ndav =   1 E =   -235.7237901755 Error = 1.03e-27 FLOPS = 5.92e+08 Tdav = 0.00 T = 0.03
 --> Site =  166 .. Mmps =   15 Ndav =   1 E =   -235.7237901755 Error = 2.29e-53 FLOPS = 2.67e+08 Tdav = 0.00 T = 0.03
 --> Site =  167 .. Mmps =   15 Ndav =   1 E =   -235.7237901755 Error = 1.41e-80 FLOPS = 1.08e+08 Tdav = 0.00 T = 0.03
 --> Site =  168 .. Mmps =   14 Ndav =   1 E =   -235.7237901755 Error = 0.00e+00 FLOPS = 2.94e+07 Tdav = 0.00 T = 0.03
Time elapsed =    141.005 | E =    -235.7237901843 | DW = 3.72151e-06
Time sweep =      141.005 | 1.00 TFLOP/SWP
 | Dmem = 109 MB (0%) | Imem = 232 B (79%) | Hmem = 109 MB | Wmem = 117 KB | Pmem = 117 KB
 | Tread = 51.357 | Twrite = 0.906 | Tfpread = 50.123 | Tfpwrite = 0.024 | Tmporead = 0.000 | Tasync = 0.000
 | data = 11.2 MB | cpsd = 8.68 MB
 | Trot = 0.030 | Tctr = 0.006 | Tint = 0.030 | Tmid = 0.000 | Tdctr = 0.161 | Tdiag = 0.105 | Tinfo = 0.305
 | Teff = 57.895 | Tprt = 0.283 | Teig = 75.933 | Tblk = 138.623 | Tmve = 2.371 | Tdm = 0.009 | Tsplt = 0.030 | Tsvd = 0.000 | Torth = 0.000

Sweep =    1 | Direction = backward | Bond dimension =   15 | Noise =  1.00e-04 | Dav threshold =  1.00e-10
 <-- Site =  168 .. Mmps =    2 Ndav =   1 E =   -235.7237901755 Error = 0.00e+00 FLOPS = 3.26e+07 Tdav = 0.00 T = 0.02
 <-- Site =  167 .. Mmps =    4 Ndav =   1 E =   -235.7237901755 Error = 0.00e+00 FLOPS = 1.17e+08 Tdav = 0.00 T = 0.03
 <-- Site =  166 .. Mmps =    8 Ndav =   1 E =   -235.7237901755 Error = 0.00e+00 FLOPS = 2.91e+08 Tdav = 0.00 T = 0.03
 <-- Site =  165 .. Mmps =   15 Ndav =   1 E =   -235.7237901755 Error = 1.46e-26 FLOPS = 6.00e+08 Tdav = 0.00 T = 0.04
 <-- Site =  164 .. Mmps =   15 Ndav =   1 E =   -235.7237901755 Error = 5.75e-21 FLOPS = 1.03e+09 Tdav = 0.00 T = 0.03
 <-- Site =  163 .. Mmps =   15 Ndav =   1 E =   -235.7237901755 Error = 5.33e-22 FLOPS = 1.14e+09 Tdav = 0.00 T = 0.03
 <-- Site =  162 .. Mmps =   15 Ndav =   2 E =   -235.7237901756 Error = 3.69e-20 FLOPS = 1.88e+09 Tdav = 0.00 T = 0.03
 <-- Site =  161 .. Mmps =   15 Ndav =   3 E =   -235.7237901756 Error = 1.25e-21 FLOPS = 2.51e+09 Tdav = 0.00 T = 0.03
 <-- Site =  160 .. Mmps =   15 Ndav =   3 E =   -235.7237901758 Error = 9.46e-21 FLOPS = 2.79e+09 Tdav = 0.00 T = 0.04
 <-- Site =  159 .. Mmps =   15 Ndav =   4 E =   -235.7237901761 Error = 4.34e-21 FLOPS = 3.44e+09 Tdav = 0.00 T = 0.04
 <-- Site =  158 .. Mmps =   15 Ndav =   4 E =   -235.7237901785 Error = 3.44e-20 FLOPS = 3.61e+09 Tdav = 0.00 T = 0.03
 <-- Site =  157 .. Mmps =   15 Ndav =   4 E =   -235.7237901803 Error = 2.71e-20 FLOPS = 3.80e+09 Tdav = 0.00 T = 0.04
 <-- Site =  156 .. Mmps =   15 Ndav =   6 E =   -235.7237902135 Error = 1.87e-19 FLOPS = 4.46e+09 Tdav = 0.00 T = 0.03
 <-- Site =  155 .. Mmps =   15 Ndav =   5 E =   -235.7237902287 Error = 1.36e-20 FLOPS = 4.60e+09 Tdav = 0.00 T = 0.04
 <-- Site =  154 .. Mmps =   15 Ndav =   7 E =   -235.7237905272 Error = 2.08e-19 FLOPS = 4.88e+09 Tdav = 0.00 T = 0.03
 <-- Site =  153 .. Mmps =   15 Ndav =   8 E =   -235.7237907217 Error = 2.06e-20 FLOPS = 5.06e+09 Tdav = 0.00 T = 0.03
 <-- Site =  152 .. Mmps =   15 Ndav =   9 E =   -235.7237930963 Error = 4.37e-18 FLOPS = 5.11e+09 Tdav = 0.00 T = 0.04
 <-- Site =  151 .. Mmps =   15 Ndav =   9 E =   -235.7237936050 Error = 1.08e-20 FLOPS = 5.25e+09 Tdav = 0.00 T = 0.03
 <-- Site =  150 .. Mmps =   15 Ndav =   9 E =   -235.7237956798 Error = 1.92e-18 FLOPS = 4.73e+09 Tdav = 0.00 T = 0.04
 <-- Site =  149 .. Mmps =   15 Ndav =   9 E =   -235.7237960751 Error = 3.79e-20 FLOPS = 5.52e+09 Tdav = 0.00 T = 0.04
 <-- Site =  148 .. Mmps =   15 Ndav =   9 E =   -235.7237975814 Error = 5.47e-19 FLOPS = 5.58e+09 Tdav = 0.00 T = 0.04
 <-- Site =  147 .. Mmps =   15 Ndav =   9 E =   -235.7237982130 Error = 5.45e-20 FLOPS = 5.70e+09 Tdav = 0.00 T = 0.04
 <-- Site =  146 .. Mmps =   15 Ndav =  10 E =   -235.7238013746 Error = 1.03e-19 FLOPS = 5.77e+09 Tdav = 0.00 T = 0.04
 <-- Site =  145 .. Mmps =   15 Ndav =   9 E =   -235.7238020194 Error = 3.66e-20 FLOPS = 5.96e+09 Tdav = 0.00 T = 0.04
 <-- Site =  144 .. Mmps =   15 Ndav =  10 E =   -235.7238054210 Error = 9.89e-20 FLOPS = 5.61e+09 Tdav = 0.00 T = 0.04
 <-- Site =  143 .. Mmps =   15 Ndav =   8 E =   -235.7238065319 Error = 1.58e-19 FLOPS = 6.34e+09 Tdav = 0.00 T = 0.04
 <-- Site =  142 .. Mmps =   15 Ndav =   9 E =   -235.7238078056 Error = 1.72e-16 FLOPS = 6.40e+09 Tdav = 0.00 T = 0.04
 <-- Site =  141 .. Mmps =   15 Ndav =  11 E =   -235.7238126228 Error = 2.29e-20 FLOPS = 6.26e+09 Tdav = 0.00 T = 0.04
 <-- Site =  140 .. Mmps =   15 Ndav =  11 E =   -235.7238337899 Error = 1.26e-18 FLOPS = 6.00e+09 Tdav = 0.00 T = 0.04
 <-- Site =  139 .. Mmps =   15 Ndav =  12 E =   -235.7238395484 Error = 4.58e-20 FLOPS = 6.24e+09 Tdav = 0.00 T = 0.05
 <-- Site =  138 .. Mmps =   15 Ndav =  11 E =   -235.7238577387 Error = 3.49e-17 FLOPS = 6.12e+09 Tdav = 0.00 T = 0.05
 <-- Site =  137 .. Mmps =   15 Ndav =  13 E =   -235.7238670609 Error = 3.44e-20 FLOPS = 6.25e+09 Tdav = 0.00 T = 0.05
 <-- Site =  136 .. Mmps =   15 Ndav =  12 E =   -235.7238896871 Error = 2.09e-18 FLOPS = 6.17e+09 Tdav = 0.00 T = 0.05
 <-- Site =  135 .. Mmps =   15 Ndav =  13 E =   -235.7238979323 Error = 4.55e-19 FLOPS = 6.08e+09 Tdav = 0.00 T = 0.05
 <-- Site =  134 .. Mmps =   15 Ndav =  12 E =   -235.7239190325 Error = 1.45e-19 FLOPS = 6.50e+09 Tdav = 0.00 T = 0.05
 <-- Site =  133 .. Mmps =   15 Ndav =  13 E =   -235.7239253205 Error = 2.46e-19 FLOPS = 6.55e+09 Tdav = 0.00 T = 0.05
 <-- Site =  132 .. Mmps =   15 Ndav =  11 E =   -235.7239443167 Error = 1.81e-17 FLOPS = 6.83e+09 Tdav = 0.00 T = 0.05
 <-- Site =  131 .. Mmps =   15 Ndav =  10 E =   -235.7239479392 Error = 3.42e-20 FLOPS = 6.91e+09 Tdav = 0.00 T = 0.06
 <-- Site =  130 .. Mmps =   15 Ndav =   9 E =   -235.7239563876 Error = 1.28e-18 FLOPS = 6.49e+09 Tdav = 0.00 T = 0.06
 <-- Site =  129 .. Mmps =   15 Ndav =   8 E =   -235.7239566320 Error = 2.05e-19 FLOPS = 7.44e+09 Tdav = 0.00 T = 0.05
 <-- Site =  128 .. Mmps =   15 Ndav =  11 E =   -235.7239775693 Error = 8.70e-19 FLOPS = 6.76e+09 Tdav = 0.00 T = 0.06
 <-- Site =  127 .. Mmps =   15 Ndav =  11 E =   -235.7239834633 Error = 5.21e-20 FLOPS = 7.18e+09 Tdav = 0.00 T = 0.06
 <-- Site =  126 .. Mmps =   15 Ndav =  11 E =   -235.7240060270 Error = 7.72e-19 FLOPS = 7.21e+09 Tdav = 0.00 T = 0.06
 <-- Site =  125 .. Mmps =   15 Ndav =  10 E =   -235.7240108164 Error = 3.99e-19 FLOPS = 7.10e+09 Tdav = 0.00 T = 0.06
 <-- Site =  124 .. Mmps =   15 Ndav =  12 E =   -235.7240377242 Error = 8.84e-19 FLOPS = 7.18e+09 Tdav = 0.00 T = 0.06
 <-- Site =  123 .. Mmps =   15 Ndav =  11 E =   -235.7240446221 Error = 6.55e-20 FLOPS = 7.30e+09 Tdav = 0.00 T = 0.05
 <-- Site =  122 .. Mmps =   15 Ndav =  11 E =   -235.7240668794 Error = 6.80e-19 FLOPS = 7.38e+09 Tdav = 0.00 T = 0.06
 <-- Site =  121 .. Mmps =   15 Ndav =  10 E =   -235.7240728398 Error = 5.17e-20 FLOPS = 7.47e+09 Tdav = 0.00 T = 0.06
 <-- Site =  120 .. Mmps =   15 Ndav =  11 E =   -235.7240886601 Error = 2.40e-19 FLOPS = 7.41e+09 Tdav = 0.00 T = 0.06
 <-- Site =  119 .. Mmps =   15 Ndav =  10 E =   -235.7240925280 Error = 4.04e-19 FLOPS = 7.62e+09 Tdav = 0.00 T = 0.05
 <-- Site =  118 .. Mmps =   15 Ndav =  11 E =   -235.7241197642 Error = 6.96e-19 FLOPS = 7.52e+09 Tdav = 0.00 T = 0.05
 <-- Site =  117 .. Mmps =   15 Ndav =   9 E =   -235.7241229895 Error = 3.61e-20 FLOPS = 7.67e+09 Tdav = 0.00 T = 0.06
 <-- Site =  116 .. Mmps =   15 Ndav =   9 E =   -235.7241287300 Error = 7.55e-17 FLOPS = 7.39e+09 Tdav = 0.00 T = 0.06
 <-- Site =  115 .. Mmps =   15 Ndav =  10 E =   -235.7241395750 Error = 1.56e-19 FLOPS = 7.28e+09 Tdav = 0.00 T = 0.06
 <-- Site =  114 .. Mmps =   15 Ndav =  12 E =   -235.7241800588 Error = 9.56e-17 FLOPS = 7.38e+09 Tdav = 0.00 T = 0.06
 <-- Site =  113 .. Mmps =   15 Ndav =  13 E =   -235.7241994197 Error = 1.51e-19 FLOPS = 7.15e+09 Tdav = 0.00 T = 0.06
 <-- Site =  112 .. Mmps =   15 Ndav =  11 E =   -235.7242347415 Error = 9.81e-18 FLOPS = 7.47e+09 Tdav = 0.00 T = 0.06
 <-- Site =  111 .. Mmps =   15 Ndav =  13 E =   -235.7242536607 Error = 7.00e-19 FLOPS = 7.24e+09 Tdav = 0.00 T = 0.07
 <-- Site =  110 .. Mmps =   15 Ndav =  12 E =   -235.7242945942 Error = 5.16e-18 FLOPS = 7.32e+09 Tdav = 0.00 T = 0.12
 <-- Site =  109 .. Mmps =   15 Ndav =  13 E =   -235.7243067738 Error = 2.12e-20 FLOPS = 7.28e+09 Tdav = 0.00 T = 0.12
 <-- Site =  108 .. Mmps =   15 Ndav =  13 E =   -235.7243409422 Error = 1.58e-16 FLOPS = 7.29e+09 Tdav = 0.00 T = 0.08
 <-- Site =  107 .. Mmps =   15 Ndav =  13 E =   -235.7243496100 Error = 5.83e-20 FLOPS = 7.04e+09 Tdav = 0.00 T = 0.07
 <-- Site =  106 .. Mmps =   15 Ndav =  12 E =   -235.7243737907 Error = 5.44e-18 FLOPS = 7.54e+09 Tdav = 0.00 T = 0.06
 <-- Site =  105 .. Mmps =   15 Ndav =   9 E =   -235.7243776174 Error = 3.40e-20 FLOPS = 7.52e+09 Tdav = 0.00 T = 0.06
 <-- Site =  104 .. Mmps =   15 Ndav =  10 E =   -235.7243873587 Error = 8.98e-17 FLOPS = 7.66e+09 Tdav = 0.00 T = 0.07
 <-- Site =  103 .. Mmps =   15 Ndav =   8 E =   -235.7243877640 Error = 4.56e-20 FLOPS = 7.80e+09 Tdav = 0.00 T = 0.06
 <-- Site =  102 .. Mmps =   15 Ndav =  11 E =   -235.7244146279 Error = 1.40e-18 FLOPS = 7.59e+09 Tdav = 0.00 T = 0.06
 <-- Site =  101 .. Mmps =   15 Ndav =  12 E =   -235.7244227426 Error = 7.84e-20 FLOPS = 7.36e+09 Tdav = 0.00 T = 0.06
 <-- Site =  100 .. Mmps =   15 Ndav =  11 E =   -235.7244446373 Error = 3.00e-19 FLOPS = 7.56e+09 Tdav = 0.00 T = 0.06
 <-- Site =   99 .. Mmps =   15 Ndav =  11 E =   -235.7244502762 Error = 3.88e-19 FLOPS = 7.52e+09 Tdav = 0.00 T = 0.06
 <-- Site =   98 .. Mmps =   15 Ndav =  12 E =   -235.7244842944 Error = 2.93e-19 FLOPS = 7.55e+09 Tdav = 0.00 T = 0.06
 <-- Site =   97 .. Mmps =   15 Ndav =  10 E =   -235.7244894216 Error = 9.52e-20 FLOPS = 7.20e+09 Tdav = 0.00 T = 0.06
 <-- Site =   96 .. Mmps =   15 Ndav =  11 E =   -235.7245164352 Error = 9.72e-19 FLOPS = 7.68e+09 Tdav = 0.00 T = 0.06
 <-- Site =   95 .. Mmps =   15 Ndav =  10 E =   -235.7245229824 Error = 6.04e-20 FLOPS = 7.71e+09 Tdav = 0.00 T = 0.06
 <-- Site =   94 .. Mmps =   15 Ndav =  11 E =   -235.7245437548 Error = 2.53e-19 FLOPS = 7.75e+09 Tdav = 0.00 T = 0.06
 <-- Site =   93 .. Mmps =   15 Ndav =  10 E =   -235.7245486990 Error = 3.25e-19 FLOPS = 7.47e+09 Tdav = 0.00 T = 0.06
 <-- Site =   92 .. Mmps =   15 Ndav =  11 E =   -235.7245658491 Error = 2.03e-18 FLOPS = 7.61e+09 Tdav = 0.00 T = 0.06
 <-- Site =   91 .. Mmps =   15 Ndav =   9 E =   -235.7245692866 Error = 1.10e-19 FLOPS = 7.83e+09 Tdav = 0.00 T = 0.06
 <-- Site =   90 .. Mmps =   15 Ndav =   9 E =   -235.7245725604 Error = 1.52e-18 FLOPS = 7.73e+09 Tdav = 0.00 T = 0.07
 <-- Site =   89 .. Mmps =   15 Ndav =   9 E =   -235.7245812180 Error = 1.70e-20 FLOPS = 7.93e+09 Tdav = 0.00 T = 0.06
 <-- Site =   88 .. Mmps =   15 Ndav =  12 E =   -235.7246100043 Error = 3.98e-17 FLOPS = 7.62e+09 Tdav = 0.00 T = 0.06
 <-- Site =   87 .. Mmps =   15 Ndav =  13 E =   -235.7246238005 Error = 4.55e-20 FLOPS = 7.52e+09 Tdav = 0.00 T = 0.06
 <-- Site =   86 .. Mmps =   15 Ndav =  13 E =   -235.7246802038 Error = 5.93e-19 FLOPS = 7.54e+09 Tdav = 0.00 T = 0.06
 <-- Site =   85 .. Mmps =   15 Ndav =  13 E =   -235.7247058513 Error = 1.10e-19 FLOPS = 7.48e+09 Tdav = 0.00 T = 0.06
 <-- Site =   84 .. Mmps =   15 Ndav =  13 E =   -235.7247481623 Error = 2.86e-19 FLOPS = 7.52e+09 Tdav = 0.00 T = 0.06
 <-- Site =   83 .. Mmps =   15 Ndav =  13 E =   -235.7247640153 Error = 6.33e-19 FLOPS = 7.43e+09 Tdav = 0.00 T = 0.06
 <-- Site =   82 .. Mmps =   15 Ndav =  13 E =   -235.7248036389 Error = 3.90e-17 FLOPS = 7.24e+09 Tdav = 0.00 T = 0.06
 <-- Site =   81 .. Mmps =   15 Ndav =  13 E =   -235.7248152346 Error = 5.23e-19 FLOPS = 7.35e+09 Tdav = 0.00 T = 0.06
 <-- Site =   80 .. Mmps =   15 Ndav =  13 E =   -235.7248456983 Error = 3.00e-18 FLOPS = 7.24e+09 Tdav = 0.00 T = 0.06
 <-- Site =   79 .. Mmps =   15 Ndav =  11 E =   -235.7248527351 Error = 3.63e-20 FLOPS = 7.81e+09 Tdav = 0.00 T = 0.06
 <-- Site =   78 .. Mmps =   15 Ndav =  10 E =   -235.7248675453 Error = 7.96e-17 FLOPS = 7.87e+09 Tdav = 0.00 T = 0.06
 <-- Site =   77 .. Mmps =   15 Ndav =   8 E =   -235.7248680299 Error = 1.76e-20 FLOPS = 7.95e+09 Tdav = 0.00 T = 0.06
 <-- Site =   76 .. Mmps =   15 Ndav =  12 E =   -235.7248989709 Error = 5.85e-19 FLOPS = 7.54e+09 Tdav = 0.00 T = 0.07
 <-- Site =   75 .. Mmps =   15 Ndav =  12 E =   -235.7249087668 Error = 3.65e-19 FLOPS = 7.45e+09 Tdav = 0.00 T = 0.07
 <-- Site =   74 .. Mmps =   15 Ndav =  10 E =   -235.7249308483 Error = 2.41e-18 FLOPS = 7.78e+09 Tdav = 0.00 T = 0.06
 <-- Site =   73 .. Mmps =   15 Ndav =  11 E =   -235.7249396451 Error = 4.69e-20 FLOPS = 7.77e+09 Tdav = 0.00 T = 0.07
 <-- Site =   72 .. Mmps =   15 Ndav =  12 E =   -235.7249772111 Error = 1.61e-18 FLOPS = 7.65e+09 Tdav = 0.00 T = 0.07
 <-- Site =   71 .. Mmps =   15 Ndav =  10 E =   -235.7249846477 Error = 7.05e-20 FLOPS = 7.78e+09 Tdav = 0.00 T = 0.06
 <-- Site =   70 .. Mmps =   15 Ndav =  11 E =   -235.7250219610 Error = 6.47e-19 FLOPS = 7.75e+09 Tdav = 0.00 T = 0.06
 <-- Site =   69 .. Mmps =   15 Ndav =  10 E =   -235.7250299747 Error = 5.07e-20 FLOPS = 7.55e+09 Tdav = 0.00 T = 0.06
 <-- Site =   68 .. Mmps =   15 Ndav =  11 E =   -235.7250580678 Error = 7.10e-18 FLOPS = 7.63e+09 Tdav = 0.00 T = 0.06
 <-- Site =   67 .. Mmps =   15 Ndav =  10 E =   -235.7250642767 Error = 2.13e-19 FLOPS = 7.92e+09 Tdav = 0.00 T = 0.06
 <-- Site =   66 .. Mmps =   15 Ndav =  11 E =   -235.7250849096 Error = 2.23e-18 FLOPS = 7.82e+09 Tdav = 0.00 T = 0.06
 <-- Site =   65 .. Mmps =   15 Ndav =   9 E =   -235.7250891694 Error = 3.71e-20 FLOPS = 7.16e+09 Tdav = 0.00 T = 0.06
 <-- Site =   64 .. Mmps =   15 Ndav =   9 E =   -235.7250930411 Error = 8.29e-18 FLOPS = 7.94e+09 Tdav = 0.00 T = 0.06
 <-- Site =   63 .. Mmps =   15 Ndav =  10 E =   -235.7251019388 Error = 2.21e-20 FLOPS = 7.79e+09 Tdav = 0.00 T = 0.06
 <-- Site =   62 .. Mmps =   15 Ndav =  12 E =   -235.7251329415 Error = 1.70e-17 FLOPS = 7.57e+09 Tdav = 0.00 T = 0.06
 <-- Site =   61 .. Mmps =   15 Ndav =  13 E =   -235.7251456923 Error = 4.10e-20 FLOPS = 7.54e+09 Tdav = 0.00 T = 0.06
 <-- Site =   60 .. Mmps =   15 Ndav =  12 E =   -235.7251927731 Error = 2.04e-19 FLOPS = 7.66e+09 Tdav = 0.00 T = 0.06
 <-- Site =   59 .. Mmps =   15 Ndav =  13 E =   -235.7252046697 Error = 4.70e-20 FLOPS = 7.53e+09 Tdav = 0.00 T = 0.06
 <-- Site =   58 .. Mmps =   15 Ndav =  13 E =   -235.7252580279 Error = 1.64e-18 FLOPS = 7.42e+09 Tdav = 0.00 T = 0.06
 <-- Site =   57 .. Mmps =   15 Ndav =  13 E =   -235.7252742110 Error = 6.75e-20 FLOPS = 7.48e+09 Tdav = 0.00 T = 0.06
 <-- Site =   56 .. Mmps =   15 Ndav =  13 E =   -235.7253167658 Error = 1.13e-18 FLOPS = 7.06e+09 Tdav = 0.00 T = 0.06
 <-- Site =   55 .. Mmps =   15 Ndav =  12 E =   -235.7253311067 Error = 4.35e-20 FLOPS = 7.50e+09 Tdav = 0.00 T = 0.06
 <-- Site =   54 .. Mmps =   15 Ndav =  12 E =   -235.7253660752 Error = 4.17e-19 FLOPS = 7.43e+09 Tdav = 0.00 T = 0.06
 <-- Site =   53 .. Mmps =   15 Ndav =  10 E =   -235.7253712261 Error = 6.34e-20 FLOPS = 7.71e+09 Tdav = 0.00 T = 0.05
 <-- Site =   52 .. Mmps =   15 Ndav =  10 E =   -235.7253844827 Error = 4.91e-18 FLOPS = 7.80e+09 Tdav = 0.00 T = 0.06
 <-- Site =   51 .. Mmps =   15 Ndav =   9 E =   -235.7253849522 Error = 1.98e-20 FLOPS = 7.34e+09 Tdav = 0.00 T = 0.06
 <-- Site =   50 .. Mmps =   15 Ndav =  11 E =   -235.7254128083 Error = 8.44e-18 FLOPS = 7.52e+09 Tdav = 0.00 T = 0.07
 <-- Site =   49 .. Mmps =   15 Ndav =  11 E =   -235.7254227532 Error = 5.66e-20 FLOPS = 7.23e+09 Tdav = 0.00 T = 0.06
 <-- Site =   48 .. Mmps =   15 Ndav =  11 E =   -235.7254653068 Error = 5.10e-19 FLOPS = 7.06e+09 Tdav = 0.00 T = 0.06
 <-- Site =   47 .. Mmps =   15 Ndav =  11 E =   -235.7254763262 Error = 4.28e-19 FLOPS = 7.19e+09 Tdav = 0.00 T = 0.06
 <-- Site =   46 .. Mmps =   15 Ndav =  11 E =   -235.7255324708 Error = 1.54e-18 FLOPS = 7.10e+09 Tdav = 0.00 T = 0.06
 <-- Site =   45 .. Mmps =   15 Ndav =  12 E =   -235.7255476101 Error = 5.29e-20 FLOPS = 7.07e+09 Tdav = 0.00 T = 0.06
 <-- Site =   44 .. Mmps =   15 Ndav =  12 E =   -235.7256032741 Error = 2.67e-19 FLOPS = 6.91e+09 Tdav = 0.00 T = 0.06
 <-- Site =   43 .. Mmps =   15 Ndav =  12 E =   -235.7256171590 Error = 8.55e-20 FLOPS = 7.12e+09 Tdav = 0.00 T = 0.06
 <-- Site =   42 .. Mmps =   15 Ndav =  10 E =   -235.7256472389 Error = 2.84e-18 FLOPS = 7.31e+09 Tdav = 0.00 T = 0.06
 <-- Site =   41 .. Mmps =   15 Ndav =  10 E =   -235.7256532466 Error = 3.07e-20 FLOPS = 7.26e+09 Tdav = 0.00 T = 0.06
 <-- Site =   40 .. Mmps =   15 Ndav =  11 E =   -235.7256721102 Error = 3.28e-19 FLOPS = 7.15e+09 Tdav = 0.00 T = 0.06
 <-- Site =   39 .. Mmps =   15 Ndav =   9 E =   -235.7256758764 Error = 5.14e-20 FLOPS = 6.86e+09 Tdav = 0.00 T = 0.05
 <-- Site =   38 .. Mmps =   15 Ndav =   9 E =   -235.7256792287 Error = 6.37e-19 FLOPS = 6.65e+09 Tdav = 0.00 T = 0.05
 <-- Site =   37 .. Mmps =   15 Ndav =  10 E =   -235.7256879084 Error = 2.75e-19 FLOPS = 6.98e+09 Tdav = 0.00 T = 0.05
 <-- Site =   36 .. Mmps =   15 Ndav =  12 E =   -235.7257180147 Error = 5.56e-18 FLOPS = 6.83e+09 Tdav = 0.00 T = 0.05
 <-- Site =   35 .. Mmps =   15 Ndav =  13 E =   -235.7257308433 Error = 1.89e-19 FLOPS = 6.45e+09 Tdav = 0.00 T = 0.04
 <-- Site =   34 .. Mmps =   15 Ndav =  12 E =   -235.7257725088 Error = 5.20e-17 FLOPS = 6.48e+09 Tdav = 0.00 T = 0.05
 <-- Site =   33 .. Mmps =   15 Ndav =  13 E =   -235.7257852750 Error = 2.44e-20 FLOPS = 6.50e+09 Tdav = 0.00 T = 0.05
 <-- Site =   32 .. Mmps =   15 Ndav =  12 E =   -235.7258230417 Error = 2.48e-17 FLOPS = 6.50e+09 Tdav = 0.00 T = 0.05
 <-- Site =   31 .. Mmps =   15 Ndav =  13 E =   -235.7258359043 Error = 1.57e-19 FLOPS = 6.08e+09 Tdav = 0.00 T = 0.04
 <-- Site =   30 .. Mmps =   15 Ndav =  12 E =   -235.7258714884 Error = 2.02e-17 FLOPS = 5.96e+09 Tdav = 0.00 T = 0.04
 <-- Site =   29 .. Mmps =   15 Ndav =  12 E =   -235.7258821126 Error = 2.95e-19 FLOPS = 6.36e+09 Tdav = 0.00 T = 0.04
 <-- Site =   28 .. Mmps =   15 Ndav =  12 E =   -235.7259048046 Error = 5.27e-17 FLOPS = 6.27e+09 Tdav = 0.00 T = 0.04
 <-- Site =   27 .. Mmps =   15 Ndav =   9 E =   -235.7259071949 Error = 6.84e-20 FLOPS = 6.36e+09 Tdav = 0.00 T = 0.05
 <-- Site =   26 .. Mmps =   15 Ndav =   9 E =   -235.7259205997 Error = 1.90e-18 FLOPS = 6.37e+09 Tdav = 0.00 T = 0.04
 <-- Site =   25 .. Mmps =   15 Ndav =   9 E =   -235.7259210758 Error = 2.15e-19 FLOPS = 6.27e+09 Tdav = 0.00 T = 0.04
 <-- Site =   24 .. Mmps =   15 Ndav =  11 E =   -235.7259382688 Error = 9.28e-19 FLOPS = 6.04e+09 Tdav = 0.00 T = 0.05
 <-- Site =   23 .. Mmps =   15 Ndav =  11 E =   -235.7259408955 Error = 3.77e-20 FLOPS = 5.46e+09 Tdav = 0.00 T = 0.04
 <-- Site =   22 .. Mmps =   15 Ndav =  12 E =   -235.7259637335 Error = 3.75e-18 FLOPS = 5.51e+09 Tdav = 0.00 T = 0.04
 <-- Site =   21 .. Mmps =   15 Ndav =  11 E =   -235.7259678535 Error = 1.58e-20 FLOPS = 5.67e+09 Tdav = 0.00 T = 0.04
 <-- Site =   20 .. Mmps =   15 Ndav =  12 E =   -235.7260037712 Error = 1.81e-18 FLOPS = 5.36e+09 Tdav = 0.00 T = 0.04
 <-- Site =   19 .. Mmps =   15 Ndav =  11 E =   -235.7260074532 Error = 1.99e-19 FLOPS = 5.45e+09 Tdav = 0.00 T = 0.04
 <-- Site =   18 .. Mmps =   15 Ndav =  12 E =   -235.7260279110 Error = 1.52e-18 FLOPS = 5.13e+09 Tdav = 0.00 T = 0.04
 <-- Site =   17 .. Mmps =   15 Ndav =  11 E =   -235.7260309252 Error = 4.72e-20 FLOPS = 5.10e+09 Tdav = 0.00 T = 0.04
 <-- Site =   16 .. Mmps =   15 Ndav =  10 E =   -235.7260397872 Error = 1.89e-19 FLOPS = 5.14e+09 Tdav = 0.00 T = 0.04
 <-- Site =   15 .. Mmps =   15 Ndav =  10 E =   -235.7260410695 Error = 2.49e-20 FLOPS = 4.54e+09 Tdav = 0.00 T = 0.04
 <-- Site =   14 .. Mmps =   15 Ndav =  10 E =   -235.7260479372 Error = 3.67e-18 FLOPS = 4.86e+09 Tdav = 0.00 T = 0.03
 <-- Site =   13 .. Mmps =   15 Ndav =   9 E =   -235.7260493499 Error = 4.90e-20 FLOPS = 4.64e+09 Tdav = 0.00 T = 0.03
 <-- Site =   12 .. Mmps =   15 Ndav =   7 E =   -235.7260530233 Error = 1.30e-17 FLOPS = 4.11e+09 Tdav = 0.00 T = 0.04
 <-- Site =   11 .. Mmps =   15 Ndav =  10 E =   -235.7260587404 Error = 2.35e-20 FLOPS = 4.29e+09 Tdav = 0.00 T = 0.04
 <-- Site =   10 .. Mmps =   15 Ndav =   9 E =   -235.7260676590 Error = 2.00e-19 FLOPS = 4.22e+09 Tdav = 0.00 T = 0.04
 <-- Site =    9 .. Mmps =   15 Ndav =   9 E =   -235.7260695953 Error = 2.92e-19 FLOPS = 3.88e+09 Tdav = 0.00 T = 0.03
 <-- Site =    8 .. Mmps =   15 Ndav =   9 E =   -235.7260738728 Error = 1.52e-18 FLOPS = 3.77e+09 Tdav = 0.00 T = 0.03
 <-- Site =    7 .. Mmps =   15 Ndav =  10 E =   -235.7260751755 Error = 2.01e-20 FLOPS = 3.48e+09 Tdav = 0.00 T = 0.03
 <-- Site =    6 .. Mmps =   15 Ndav =   8 E =   -235.7260754735 Error = 4.19e-20 FLOPS = 2.60e+09 Tdav = 0.00 T = 0.03
 <-- Site =    5 .. Mmps =   15 Ndav =   8 E =   -235.7260756358 Error = 1.89e-20 FLOPS = 3.05e+09 Tdav = 0.00 T = 0.04
 <-- Site =    4 .. Mmps =   15 Ndav =   7 E =   -235.7260756555 Error = 1.05e-20 FLOPS = 2.76e+09 Tdav = 0.00 T = 0.04
 <-- Site =    3 .. Mmps =   15 Ndav =   2 E =   -235.7260756555 Error = 5.39e-28 FLOPS = 5.84e+08 Tdav = 0.00 T = 0.03
 <-- Site =    2 .. Mmps =   15 Ndav =   1 E =   -235.7260756555 Error = 5.98e-43 FLOPS = 1.59e+08 Tdav = 0.00 T = 0.03
 <-- Site =    1 .. Mmps =   15 Ndav =   1 E =   -235.7260756555 Error = 3.62e-62 FLOPS = 8.98e+07 Tdav = 0.00 T = 0.03
 <-- Site =    0 .. Mmps =   15 Ndav =   1 E =   -235.7260756555 Error = 3.50e-87 FLOPS = 3.12e+07 Tdav = 0.00 T = 0.03
Time elapsed =    149.774 | E =    -235.7260756555 | DE = -2.29e-03 | DW = 1.71825e-16
Time sweep =        8.770 | 1.30 GFLOP/SWP
 | Dmem = 104 KB (3%) | Imem = 232 B (79%) | Hmem = 494 KB | Wmem = 3.52 KB | Pmem = 3.52 KB
 | Tread = 0.217 | Twrite = 0.904 | Tfpread = 0.032 | Tfpwrite = 0.024 | Tmporead = 0.000 | Tasync = 0.000
 | data = 11.2 MB | cpsd = 7.73 MB
 | Trot = 0.032 | Tctr = 0.489 | Tint = 0.026 | Tmid = 0.000 | Tdctr = 0.009 | Tdiag = 0.023 | Tinfo = 0.279
 | Teff = 2.148 | Tprt = 0.166 | Teig = 0.201 | Tblk = 6.350 | Tmve = 2.408 | Tdm = 0.003 | Tsplt = 0.021 | Tsvd = 0.000 | Torth = 0.000

Sweep =    2 | Direction =  forward | Bond dimension =   15 | Noise =  1.00e-04 | Dav threshold =  1.00e-10
 --> Site =    0 .. Mmps =    2 Ndav =   1 E =   -235.7260756555 Error = 0.00e+00 FLOPS = 3.57e+07 Tdav = 0.00 T = 0.02
 --> Site =    1 .. Mmps =    4 Ndav =   1 E =   -235.7260756555 Error = 0.00e+00 FLOPS = 7.36e+07 Tdav = 0.00 T = 0.03
 --> Site =    2 .. Mmps =    8 Ndav =   1 E =   -235.7260756555 Error = 0.00e+00 FLOPS = 1.61e+08 Tdav = 0.00 T = 0.03
 --> Site =    3 .. Mmps =   15 Ndav =   1 E =   -235.7260756555 Error = 0.00e+00 FLOPS = 5.24e+08 Tdav = 0.00 T = 0.03
 --> Site =    4 .. Mmps =   15 Ndav =   1 E =   -235.7260756555 Error = 2.25e-23 FLOPS = 1.08e+09 Tdav = 0.00 T = 0.03
 --> Site =    5 .. Mmps =   15 Ndav =   2 E =   -235.7260756555 Error = 6.28e-23 FLOPS = 1.83e+09 Tdav = 0.00 T = 0.03
 --> Site =    6 .. Mmps =   15 Ndav =   3 E =   -235.7260756560 Error = 4.51e-23 FLOPS = 2.41e+09 Tdav = 0.00 T = 0.03
 --> Site =    7 .. Mmps =   15 Ndav =   4 E =   -235.7260756571 Error = 1.10e-21 FLOPS = 2.92e+09 Tdav = 0.00 T = 0.03
 --> Site =    8 .. Mmps =   15 Ndav =   5 E =   -235.7260756929 Error = 2.48e-20 FLOPS = 3.53e+09 Tdav = 0.00 T = 0.03
 --> Site =    9 .. Mmps =   15 Ndav =   7 E =   -235.7260757164 Error = 9.36e-21 FLOPS = 3.70e+09 Tdav = 0.00 T = 0.04
 --> Site =   10 .. Mmps =   15 Ndav =   6 E =   -235.7260757505 Error = 1.28e-20 FLOPS = 3.86e+09 Tdav = 0.00 T = 0.03
 --> Site =   11 .. Mmps =   15 Ndav =   6 E =   -235.7260758510 Error = 9.52e-20 FLOPS = 4.16e+09 Tdav = 0.00 T = 0.03
 --> Site =   12 .. Mmps =   15 Ndav =   8 E =   -235.7260786391 Error = 4.04e-19 FLOPS = 4.53e+09 Tdav = 0.00 T = 0.04
 --> Site =   13 .. Mmps =   15 Ndav =   4 E =   -235.7260786558 Error = 1.67e-19 FLOPS = 4.00e+09 Tdav = 0.00 T = 0.03
 --> Site =   14 .. Mmps =   15 Ndav =   9 E =   -235.7260800817 Error = 1.58e-19 FLOPS = 4.20e+09 Tdav = 0.00 T = 0.04
 --> Site =   15 .. Mmps =   15 Ndav =   6 E =   -235.7260803295 Error = 1.59e-19 FLOPS = 4.97e+09 Tdav = 0.00 T = 0.04
 --> Site =   16 .. Mmps =   15 Ndav =   8 E =   -235.7260811932 Error = 3.43e-20 FLOPS = 5.15e+09 Tdav = 0.00 T = 0.06
 --> Site =   17 .. Mmps =   15 Ndav =   9 E =   -235.7260816201 Error = 3.32e-20 FLOPS = 5.23e+09 Tdav = 0.00 T = 0.05
 --> Site =   18 .. Mmps =   15 Ndav =   9 E =   -235.7260830632 Error = 1.14e-19 FLOPS = 5.56e+09 Tdav = 0.00 T = 0.04
 --> Site =   19 .. Mmps =   15 Ndav =   8 E =   -235.7260854893 Error = 1.87e-19 FLOPS = 5.59e+09 Tdav = 0.00 T = 0.04
 --> Site =   20 .. Mmps =   15 Ndav =   9 E =   -235.7260887651 Error = 1.32e-19 FLOPS = 5.66e+09 Tdav = 0.00 T = 0.04
 --> Site =   21 .. Mmps =   15 Ndav =   7 E =   -235.7260906104 Error = 1.01e-19 FLOPS = 5.62e+09 Tdav = 0.00 T = 0.04
 --> Site =   22 .. Mmps =   15 Ndav =   9 E =   -235.7260937373 Error = 7.22e-20 FLOPS = 5.80e+09 Tdav = 0.00 T = 0.04
 --> Site =   23 .. Mmps =   15 Ndav =   8 E =   -235.7260939696 Error = 1.28e-19 FLOPS = 6.13e+09 Tdav = 0.00 T = 0.04
 --> Site =   24 .. Mmps =   15 Ndav =   8 E =   -235.7260942669 Error = 1.05e-19 FLOPS = 5.92e+09 Tdav = 0.00 T = 0.04
 --> Site =   25 .. Mmps =   15 Ndav =   7 E =   -235.7260948873 Error = 4.50e-19 FLOPS = 6.22e+09 Tdav = 0.00 T = 0.04
 --> Site =   26 .. Mmps =   15 Ndav =   8 E =   -235.7260967436 Error = 2.42e-19 FLOPS = 6.29e+09 Tdav = 0.00 T = 0.04
 --> Site =   27 .. Mmps =   15 Ndav =   9 E =   -235.7260970911 Error = 2.49e-19 FLOPS = 6.33e+09 Tdav = 0.00 T = 0.04
 --> Site =   28 .. Mmps =   15 Ndav =   9 E =   -235.7260998886 Error = 4.88e-20 FLOPS = 6.56e+09 Tdav = 0.00 T = 0.04
 --> Site =   29 .. Mmps =   15 Ndav =  11 E =   -235.7261009531 Error = 3.59e-19 FLOPS = 6.31e+09 Tdav = 0.00 T = 0.04
 --> Site =   30 .. Mmps =   15 Ndav =   9 E =   -235.7261037543 Error = 2.34e-18 FLOPS = 6.55e+09 Tdav = 0.00 T = 0.04
 --> Site =   31 .. Mmps =   15 Ndav =   9 E =   -235.7261044657 Error = 5.41e-19 FLOPS = 6.50e+09 Tdav = 0.00 T = 0.04
 --> Site =   32 .. Mmps =   15 Ndav =  10 E =   -235.7261081360 Error = 6.88e-18 FLOPS = 6.80e+09 Tdav = 0.00 T = 0.05
 --> Site =   33 .. Mmps =   15 Ndav =  10 E =   -235.7261085822 Error = 6.02e-19 FLOPS = 6.88e+09 Tdav = 0.00 T = 0.05
 --> Site =   34 .. Mmps =   15 Ndav =   9 E =   -235.7261094047 Error = 1.66e-18 FLOPS = 6.60e+09 Tdav = 0.00 T = 0.04
 --> Site =   35 .. Mmps =   15 Ndav =  10 E =   -235.7261098282 Error = 2.39e-19 FLOPS = 6.89e+09 Tdav = 0.00 T = 0.05
 --> Site =   36 .. Mmps =   15 Ndav =   9 E =   -235.7261106738 Error = 1.66e-18 FLOPS = 7.18e+09 Tdav = 0.00 T = 0.07
 --> Site =   37 .. Mmps =   15 Ndav =   8 E =   -235.7261108024 Error = 2.23e-19 FLOPS = 7.08e+09 Tdav = 0.00 T = 0.04
 --> Site =   38 .. Mmps =   15 Ndav =   7 E =   -235.7261111396 Error = 3.58e-19 FLOPS = 7.16e+09 Tdav = 0.00 T = 0.05
 --> Site =   39 .. Mmps =   15 Ndav =   5 E =   -235.7261111467 Error = 2.89e-19 FLOPS = 7.06e+09 Tdav = 0.00 T = 0.06
 --> Site =   40 .. Mmps =   15 Ndav =   9 E =   -235.7261125193 Error = 3.76e-19 FLOPS = 7.44e+09 Tdav = 0.00 T = 0.06
 --> Site =   41 .. Mmps =   15 Ndav =   8 E =   -235.7261128464 Error = 9.05e-19 FLOPS = 6.97e+09 Tdav = 0.00 T = 0.05
 --> Site =   42 .. Mmps =   15 Ndav =   9 E =   -235.7261187114 Error = 3.83e-19 FLOPS = 7.24e+09 Tdav = 0.00 T = 0.05
 --> Site =   43 .. Mmps =   15 Ndav =  10 E =   -235.7261229595 Error = 8.62e-19 FLOPS = 7.39e+09 Tdav = 0.00 T = 0.06
 --> Site =   44 .. Mmps =   15 Ndav =  10 E =   -235.7261312470 Error = 2.21e-19 FLOPS = 7.37e+09 Tdav = 0.00 T = 0.05
 --> Site =   45 .. Mmps =   15 Ndav =   9 E =   -235.7261350022 Error = 6.64e-19 FLOPS = 7.71e+09 Tdav = 0.00 T = 0.05
 --> Site =   46 .. Mmps =   15 Ndav =  10 E =   -235.7261379661 Error = 3.04e-19 FLOPS = 7.37e+09 Tdav = 0.00 T = 0.05
 --> Site =   47 .. Mmps =   15 Ndav =  11 E =   -235.7261425914 Error = 3.39e-19 FLOPS = 7.43e+09 Tdav = 0.00 T = 0.05
 --> Site =   48 .. Mmps =   15 Ndav =  10 E =   -235.7261536393 Error = 7.65e-19 FLOPS = 7.52e+09 Tdav = 0.00 T = 0.05
 --> Site =   49 .. Mmps =   15 Ndav =   7 E =   -235.7261544953 Error = 2.86e-19 FLOPS = 7.73e+09 Tdav = 0.00 T = 0.05
 --> Site =   50 .. Mmps =   15 Ndav =   9 E =   -235.7261579156 Error = 7.70e-19 FLOPS = 7.53e+09 Tdav = 0.00 T = 0.05
 --> Site =   51 .. Mmps =   15 Ndav =   7 E =   -235.7261581486 Error = 2.49e-19 FLOPS = 7.65e+09 Tdav = 0.00 T = 0.05
 --> Site =   52 .. Mmps =   15 Ndav =   8 E =   -235.7261598641 Error = 4.41e-18 FLOPS = 7.72e+09 Tdav = 0.00 T = 0.05
 --> Site =   53 .. Mmps =   15 Ndav =   9 E =   -235.7261606331 Error = 1.13e-19 FLOPS = 7.86e+09 Tdav = 0.00 T = 0.05
 --> Site =   54 .. Mmps =   15 Ndav =   9 E =   -235.7261656142 Error = 4.79e-19 FLOPS = 7.69e+09 Tdav = 0.00 T = 0.05
 --> Site =   55 .. Mmps =   15 Ndav =   7 E =   -235.7261669549 Error = 7.55e-19 FLOPS = 8.00e+09 Tdav = 0.00 T = 0.05
 --> Site =   56 .. Mmps =   15 Ndav =  10 E =   -235.7261702211 Error = 5.75e-19 FLOPS = 7.78e+09 Tdav = 0.00 T = 0.07
 --> Site =   57 .. Mmps =   15 Ndav =  12 E =   -235.7261716556 Error = 6.57e-20 FLOPS = 7.60e+09 Tdav = 0.00 T = 0.06
 --> Site =   58 .. Mmps =   15 Ndav =  11 E =   -235.7261756914 Error = 7.65e-18 FLOPS = 7.65e+09 Tdav = 0.00 T = 0.06
 --> Site =   59 .. Mmps =   15 Ndav =  10 E =   -235.7261761313 Error = 4.81e-19 FLOPS = 7.75e+09 Tdav = 0.00 T = 0.06
 --> Site =   60 .. Mmps =   15 Ndav =  10 E =   -235.7261777407 Error = 1.13e-19 FLOPS = 7.86e+09 Tdav = 0.00 T = 0.07
 --> Site =   61 .. Mmps =   15 Ndav =  10 E =   -235.7261782708 Error = 1.22e-18 FLOPS = 7.94e+09 Tdav = 0.00 T = 0.05
 --> Site =   62 .. Mmps =   15 Ndav =   9 E =   -235.7261791178 Error = 1.39e-19 FLOPS = 7.82e+09 Tdav = 0.00 T = 0.05
 --> Site =   63 .. Mmps =   15 Ndav =   8 E =   -235.7261793053 Error = 6.48e-19 FLOPS = 7.96e+09 Tdav = 0.00 T = 0.06
 --> Site =   64 .. Mmps =   15 Ndav =   7 E =   -235.7261797255 Error = 1.29e-18 FLOPS = 8.04e+09 Tdav = 0.00 T = 0.06
 --> Site =   65 .. Mmps =   15 Ndav =   5 E =   -235.7261797353 Error = 1.76e-19 FLOPS = 7.86e+09 Tdav = 0.00 T = 0.06
 --> Site =   66 .. Mmps =   15 Ndav =   9 E =   -235.7261806383 Error = 3.15e-19 FLOPS = 7.99e+09 Tdav = 0.00 T = 0.06
 --> Site =   67 .. Mmps =   15 Ndav =   9 E =   -235.7261809893 Error = 4.52e-19 FLOPS = 8.02e+09 Tdav = 0.00 T = 0.06
 --> Site =   68 .. Mmps =   15 Ndav =   9 E =   -235.7261842814 Error = 4.87e-19 FLOPS = 7.84e+09 Tdav = 0.00 T = 0.06
 --> Site =   69 .. Mmps =   15 Ndav =   7 E =   -235.7261847056 Error = 5.77e-19 FLOPS = 7.84e+09 Tdav = 0.00 T = 0.05
 --> Site =   70 .. Mmps =   15 Ndav =  10 E =   -235.7261879184 Error = 2.72e-19 FLOPS = 7.80e+09 Tdav = 0.00 T = 0.05
 --> Site =   71 .. Mmps =   15 Ndav =   9 E =   -235.7261881634 Error = 3.18e-19 FLOPS = 7.71e+09 Tdav = 0.00 T = 0.06
 --> Site =   72 .. Mmps =   15 Ndav =  10 E =   -235.7261910751 Error = 1.83e-19 FLOPS = 7.88e+09 Tdav = 0.00 T = 0.07
 --> Site =   73 .. Mmps =   15 Ndav =   9 E =   -235.7261912485 Error = 2.82e-19 FLOPS = 8.01e+09 Tdav = 0.00 T = 0.06
 --> Site =   74 .. Mmps =   15 Ndav =   9 E =   -235.7261927203 Error = 5.01e-19 FLOPS = 8.01e+09 Tdav = 0.00 T = 0.08
 --> Site =   75 .. Mmps =   15 Ndav =   8 E =   -235.7261939326 Error = 6.07e-19 FLOPS = 8.02e+09 Tdav = 0.00 T = 0.07
 --> Site =   76 .. Mmps =   15 Ndav =   9 E =   -235.7261982548 Error = 2.85e-19 FLOPS = 7.63e+09 Tdav = 0.00 T = 0.06
 --> Site =   77 .. Mmps =   15 Ndav =   7 E =   -235.7261984683 Error = 4.26e-19 FLOPS = 7.64e+09 Tdav = 0.00 T = 0.05
 --> Site =   78 .. Mmps =   15 Ndav =   8 E =   -235.7262004706 Error = 8.45e-19 FLOPS = 7.86e+09 Tdav = 0.00 T = 0.06
 --> Site =   79 .. Mmps =   15 Ndav =   9 E =   -235.7262012049 Error = 4.78e-19 FLOPS = 7.82e+09 Tdav = 0.00 T = 0.06
 --> Site =   80 .. Mmps =   15 Ndav =   9 E =   -235.7262072129 Error = 4.66e-19 FLOPS = 7.94e+09 Tdav = 0.00 T = 0.06
 --> Site =   81 .. Mmps =   15 Ndav =   9 E =   -235.7262087402 Error = 1.36e-18 FLOPS = 8.08e+09 Tdav = 0.00 T = 0.06
 --> Site =   82 .. Mmps =   15 Ndav =  11 E =   -235.7262138110 Error = 2.93e-19 FLOPS = 7.82e+09 Tdav = 0.00 T = 0.05
 --> Site =   83 .. Mmps =   15 Ndav =  12 E =   -235.7262147590 Error = 6.06e-19 FLOPS = 7.58e+09 Tdav = 0.00 T = 0.06
 --> Site =   84 .. Mmps =   15 Ndav =  10 E =   -235.7262162406 Error = 3.89e-20 FLOPS = 7.88e+09 Tdav = 0.00 T = 0.06
 --> Site =   85 .. Mmps =   15 Ndav =  11 E =   -235.7262191739 Error = 9.96e-20 FLOPS = 7.86e+09 Tdav = 0.00 T = 0.06
 --> Site =   86 .. Mmps =   15 Ndav =  10 E =   -235.7262222863 Error = 2.07e-19 FLOPS = 8.05e+09 Tdav = 0.00 T = 0.05
 --> Site =   87 .. Mmps =   15 Ndav =   9 E =   -235.7262229756 Error = 2.21e-19 FLOPS = 8.14e+09 Tdav = 0.00 T = 0.06
 --> Site =   88 .. Mmps =   15 Ndav =   9 E =   -235.7262242310 Error = 3.82e-20 FLOPS = 8.00e+09 Tdav = 0.00 T = 0.07
 --> Site =   89 .. Mmps =   15 Ndav =   8 E =   -235.7262243988 Error = 3.74e-19 FLOPS = 8.17e+09 Tdav = 0.00 T = 0.06
 --> Site =   90 .. Mmps =   15 Ndav =   7 E =   -235.7262248358 Error = 2.08e-18 FLOPS = 8.09e+09 Tdav = 0.00 T = 0.07
 --> Site =   91 .. Mmps =   15 Ndav =   5 E =   -235.7262248462 Error = 3.92e-19 FLOPS = 7.80e+09 Tdav = 0.00 T = 0.07
 --> Site =   92 .. Mmps =   15 Ndav =   9 E =   -235.7262261300 Error = 4.63e-19 FLOPS = 8.04e+09 Tdav = 0.00 T = 0.06
 --> Site =   93 .. Mmps =   15 Ndav =   8 E =   -235.7262265657 Error = 6.61e-20 FLOPS = 7.94e+09 Tdav = 0.00 T = 0.06
 --> Site =   94 .. Mmps =   15 Ndav =  10 E =   -235.7262337407 Error = 7.15e-19 FLOPS = 7.84e+09 Tdav = 0.00 T = 0.05
 --> Site =   95 .. Mmps =   15 Ndav =   9 E =   -235.7262343890 Error = 9.85e-20 FLOPS = 7.62e+09 Tdav = 0.00 T = 0.06
 --> Site =   96 .. Mmps =   15 Ndav =  10 E =   -235.7262451895 Error = 4.99e-19 FLOPS = 7.86e+09 Tdav = 0.00 T = 0.06
 --> Site =   97 .. Mmps =   15 Ndav =   9 E =   -235.7262457109 Error = 3.42e-19 FLOPS = 8.00e+09 Tdav = 0.00 T = 0.06
 --> Site =   98 .. Mmps =   15 Ndav =  10 E =   -235.7262500218 Error = 4.47e-19 FLOPS = 7.63e+09 Tdav = 0.00 T = 0.05
 --> Site =   99 .. Mmps =   15 Ndav =   9 E =   -235.7262501662 Error = 7.81e-19 FLOPS = 7.68e+09 Tdav = 0.00 T = 0.06
 --> Site =  100 .. Mmps =   15 Ndav =   9 E =   -235.7262513865 Error = 1.35e-19 FLOPS = 7.96e+09 Tdav = 0.00 T = 0.05
 --> Site =  101 .. Mmps =   15 Ndav =   9 E =   -235.7262525357 Error = 6.62e-19 FLOPS = 8.01e+09 Tdav = 0.00 T = 0.05
 --> Site =  102 .. Mmps =   15 Ndav =   9 E =   -235.7262555033 Error = 2.58e-19 FLOPS = 8.06e+09 Tdav = 0.00 T = 0.06
 --> Site =  103 .. Mmps =   15 Ndav =   7 E =   -235.7262556196 Error = 9.38e-21 FLOPS = 7.58e+09 Tdav = 0.00 T = 0.06
 --> Site =  104 .. Mmps =   15 Ndav =   7 E =   -235.7262563813 Error = 1.26e-18 FLOPS = 7.92e+09 Tdav = 0.00 T = 0.05
 --> Site =  105 .. Mmps =   15 Ndav =   7 E =   -235.7262566710 Error = 4.16e-19 FLOPS = 8.01e+09 Tdav = 0.00 T = 0.05
 --> Site =  106 .. Mmps =   15 Ndav =   9 E =   -235.7262616311 Error = 1.97e-18 FLOPS = 8.00e+09 Tdav = 0.00 T = 0.05
 --> Site =  107 .. Mmps =   15 Ndav =  10 E =   -235.7262632823 Error = 8.47e-19 FLOPS = 7.82e+09 Tdav = 0.00 T = 0.05
 --> Site =  108 .. Mmps =   15 Ndav =  10 E =   -235.7262677676 Error = 1.25e-17 FLOPS = 7.78e+09 Tdav = 0.00 T = 0.06
 --> Site =  109 .. Mmps =   15 Ndav =  12 E =   -235.7262691311 Error = 2.68e-19 FLOPS = 7.53e+09 Tdav = 0.00 T = 0.06
 --> Site =  110 .. Mmps =   15 Ndav =  10 E =   -235.7262713924 Error = 9.83e-19 FLOPS = 7.57e+09 Tdav = 0.00 T = 0.06
 --> Site =  111 .. Mmps =   15 Ndav =  11 E =   -235.7262747917 Error = 1.16e-19 FLOPS = 7.23e+09 Tdav = 0.00 T = 0.05
 --> Site =  112 .. Mmps =   15 Ndav =  10 E =   -235.7262772459 Error = 3.21e-19 FLOPS = 7.64e+09 Tdav = 0.00 T = 0.05
 --> Site =  113 .. Mmps =   15 Ndav =  11 E =   -235.7262827249 Error = 3.67e-19 FLOPS = 7.66e+09 Tdav = 0.00 T = 0.05
 --> Site =  114 .. Mmps =   15 Ndav =   9 E =   -235.7262884028 Error = 2.90e-19 FLOPS = 7.84e+09 Tdav = 0.00 T = 0.05
 --> Site =  115 .. Mmps =   15 Ndav =   8 E =   -235.7262885410 Error = 1.76e-19 FLOPS = 8.02e+09 Tdav = 0.00 T = 0.05
 --> Site =  116 .. Mmps =   15 Ndav =   7 E =   -235.7262889128 Error = 1.81e-18 FLOPS = 7.68e+09 Tdav = 0.00 T = 0.05
 --> Site =  117 .. Mmps =   15 Ndav =   5 E =   -235.7262889423 Error = 2.49e-19 FLOPS = 7.25e+09 Tdav = 0.00 T = 0.05
 --> Site =  118 .. Mmps =   15 Ndav =  10 E =   -235.7262916134 Error = 4.04e-19 FLOPS = 7.41e+09 Tdav = 0.00 T = 0.05
 --> Site =  119 .. Mmps =   15 Ndav =   9 E =   -235.7262924586 Error = 1.13e-19 FLOPS = 7.53e+09 Tdav = 0.00 T = 0.05
 --> Site =  120 .. Mmps =   15 Ndav =  10 E =   -235.7262977892 Error = 5.78e-19 FLOPS = 7.55e+09 Tdav = 0.00 T = 0.05
 --> Site =  121 .. Mmps =   15 Ndav =   9 E =   -235.7262982202 Error = 7.20e-19 FLOPS = 7.37e+09 Tdav = 0.00 T = 0.05
 --> Site =  122 .. Mmps =   15 Ndav =  10 E =   -235.7263026439 Error = 2.81e-19 FLOPS = 7.39e+09 Tdav = 0.00 T = 0.05
 --> Site =  123 .. Mmps =   15 Ndav =  10 E =   -235.7263034986 Error = 2.39e-19 FLOPS = 7.30e+09 Tdav = 0.00 T = 0.05
 --> Site =  124 .. Mmps =   15 Ndav =  10 E =   -235.7263081435 Error = 5.20e-19 FLOPS = 7.20e+09 Tdav = 0.00 T = 0.05
 --> Site =  125 .. Mmps =   15 Ndav =   9 E =   -235.7263090152 Error = 5.24e-19 FLOPS = 7.53e+09 Tdav = 0.00 T = 0.04
 --> Site =  126 .. Mmps =   15 Ndav =   8 E =   -235.7263108973 Error = 4.19e-19 FLOPS = 7.30e+09 Tdav = 0.00 T = 0.04
 --> Site =  127 .. Mmps =   15 Ndav =  10 E =   -235.7263116076 Error = 2.72e-19 FLOPS = 7.47e+09 Tdav = 0.00 T = 0.05
 --> Site =  128 .. Mmps =   15 Ndav =   9 E =   -235.7263130655 Error = 4.00e-19 FLOPS = 7.07e+09 Tdav = 0.00 T = 0.04
 --> Site =  129 .. Mmps =   15 Ndav =   8 E =   -235.7263132357 Error = 2.09e-19 FLOPS = 7.28e+09 Tdav = 0.00 T = 0.05
 --> Site =  130 .. Mmps =   15 Ndav =   7 E =   -235.7263138743 Error = 5.59e-20 FLOPS = 7.28e+09 Tdav = 0.00 T = 0.05
 --> Site =  131 .. Mmps =   15 Ndav =   7 E =   -235.7263142686 Error = 4.52e-19 FLOPS = 7.04e+09 Tdav = 0.00 T = 0.05
 --> Site =  132 .. Mmps =   15 Ndav =   9 E =   -235.7263167059 Error = 6.18e-18 FLOPS = 7.14e+09 Tdav = 0.00 T = 0.05
 --> Site =  133 .. Mmps =   15 Ndav =  10 E =   -235.7263173957 Error = 7.88e-20 FLOPS = 6.73e+09 Tdav = 0.00 T = 0.04
 --> Site =  134 .. Mmps =   15 Ndav =  10 E =   -235.7263226757 Error = 8.37e-18 FLOPS = 6.33e+09 Tdav = 0.00 T = 0.04
 --> Site =  135 .. Mmps =   15 Ndav =  11 E =   -235.7263235890 Error = 6.27e-19 FLOPS = 6.46e+09 Tdav = 0.00 T = 0.04
 --> Site =  136 .. Mmps =   15 Ndav =   9 E =   -235.7263256123 Error = 8.14e-20 FLOPS = 6.56e+09 Tdav = 0.00 T = 0.04
 --> Site =  137 .. Mmps =   15 Ndav =  11 E =   -235.7263276843 Error = 4.65e-19 FLOPS = 6.06e+09 Tdav = 0.00 T = 0.04
 --> Site =  138 .. Mmps =   15 Ndav =  10 E =   -235.7263296917 Error = 5.48e-18 FLOPS = 6.64e+09 Tdav = 0.00 T = 0.04
 --> Site =  139 .. Mmps =   15 Ndav =  10 E =   -235.7263300695 Error = 5.43e-19 FLOPS = 6.35e+09 Tdav = 0.00 T = 0.04
 --> Site =  140 .. Mmps =   15 Ndav =   8 E =   -235.7263307646 Error = 6.50e-18 FLOPS = 6.44e+09 Tdav = 0.00 T = 0.04
 --> Site =  141 .. Mmps =   15 Ndav =   8 E =   -235.7263308899 Error = 3.48e-19 FLOPS = 6.34e+09 Tdav = 0.00 T = 0.04
 --> Site =  142 .. Mmps =   15 Ndav =   7 E =   -235.7263311954 Error = 6.63e-18 FLOPS = 5.85e+09 Tdav = 0.00 T = 0.04
 --> Site =  143 .. Mmps =   15 Ndav =   4 E =   -235.7263312035 Error = 7.66e-19 FLOPS = 4.13e+09 Tdav = 0.00 T = 0.04
 --> Site =  144 .. Mmps =   15 Ndav =   8 E =   -235.7263331848 Error = 6.37e-19 FLOPS = 6.16e+09 Tdav = 0.00 T = 0.04
 --> Site =  145 .. Mmps =   15 Ndav =   8 E =   -235.7263335822 Error = 7.38e-19 FLOPS = 5.34e+09 Tdav = 0.00 T = 0.04
 --> Site =  146 .. Mmps =   15 Ndav =   9 E =   -235.7263356397 Error = 1.64e-19 FLOPS = 5.89e+09 Tdav = 0.00 T = 0.04
 --> Site =  147 .. Mmps =   15 Ndav =   6 E =   -235.7263357152 Error = 7.61e-19 FLOPS = 5.70e+09 Tdav = 0.00 T = 0.04
 --> Site =  148 .. Mmps =   15 Ndav =   9 E =   -235.7263368903 Error = 2.13e-19 FLOPS = 5.76e+09 Tdav = 0.00 T = 0.03
 --> Site =  149 .. Mmps =   15 Ndav =   9 E =   -235.7263370206 Error = 2.95e-19 FLOPS = 5.53e+09 Tdav = 0.00 T = 0.03
 --> Site =  150 .. Mmps =   15 Ndav =   9 E =   -235.7263376908 Error = 2.79e-19 FLOPS = 5.53e+09 Tdav = 0.00 T = 0.03
 --> Site =  151 .. Mmps =   15 Ndav =   8 E =   -235.7263378003 Error = 9.15e-20 FLOPS = 5.22e+09 Tdav = 0.00 T = 0.03
 --> Site =  152 .. Mmps =   15 Ndav =   9 E =   -235.7263388768 Error = 6.22e-20 FLOPS = 4.93e+09 Tdav = 0.00 T = 0.03
 --> Site =  153 .. Mmps =   15 Ndav =   6 E =   -235.7263390194 Error = 1.03e-19 FLOPS = 4.79e+09 Tdav = 0.00 T = 0.04
 --> Site =  154 .. Mmps =   15 Ndav =   8 E =   -235.7263394530 Error = 3.36e-19 FLOPS = 4.80e+09 Tdav = 0.00 T = 0.03
 --> Site =  155 .. Mmps =   15 Ndav =   6 E =   -235.7263394713 Error = 8.77e-20 FLOPS = 4.46e+09 Tdav = 0.00 T = 0.03
 --> Site =  156 .. Mmps =   15 Ndav =   6 E =   -235.7263395693 Error = 9.53e-20 FLOPS = 4.34e+09 Tdav = 0.00 T = 0.03
 --> Site =  157 .. Mmps =   15 Ndav =   6 E =   -235.7263396354 Error = 1.77e-19 FLOPS = 4.15e+09 Tdav = 0.00 T = 0.03
 --> Site =  158 .. Mmps =   15 Ndav =   8 E =   -235.7263400753 Error = 3.56e-18 FLOPS = 3.95e+09 Tdav = 0.00 T = 0.04
 --> Site =  159 .. Mmps =   15 Ndav =   6 E =   -235.7263401600 Error = 6.86e-20 FLOPS = 3.46e+09 Tdav = 0.00 T = 0.03
 --> Site =  160 .. Mmps =   15 Ndav =   7 E =   -235.7263402694 Error = 1.29e-18 FLOPS = 3.48e+09 Tdav = 0.00 T = 0.03
 --> Site =  161 .. Mmps =   15 Ndav =   6 E =   -235.7263402979 Error = 2.96e-20 FLOPS = 3.17e+09 Tdav = 0.00 T = 0.03
 --> Site =  162 .. Mmps =   15 Ndav =   6 E =   -235.7263403082 Error = 4.83e-21 FLOPS = 2.95e+09 Tdav = 0.00 T = 0.03
 --> Site =  163 .. Mmps =   15 Ndav =   6 E =   -235.7263403210 Error = 8.75e-21 FLOPS = 2.47e+09 Tdav = 0.00 T = 0.03
 --> Site =  164 .. Mmps =   15 Ndav =   4 E =   -235.7263403223 Error = 2.46e-20 FLOPS = 2.12e+09 Tdav = 0.00 T = 0.03
 --> Site =  165 .. Mmps =   15 Ndav =   1 E =   -235.7263403223 Error = 7.80e-29 FLOPS = 5.71e+08 Tdav = 0.00 T = 0.03
 --> Site =  166 .. Mmps =   15 Ndav =   1 E =   -235.7263403223 Error = 2.03e-56 FLOPS = 2.63e+08 Tdav = 0.00 T = 0.03
 --> Site =  167 .. Mmps =   15 Ndav =   1 E =   -235.7263403223 Error = 2.16e-84 FLOPS = 1.06e+08 Tdav = 0.00 T = 0.03
 --> Site =  168 .. Mmps =   15 Ndav =   1 E =   -235.7263403223 Error = 0.00e+00 FLOPS = 3.06e+07 Tdav = 0.00 T = 0.03
Time elapsed =    157.796 | E =    -235.7263403223 | DE = -2.65e-04 | DW = 1.24963e-17
Time sweep =        8.021 | 1.05 GFLOP/SWP
 | Dmem = 104 KB (3%) | Imem = 232 B (79%) | Hmem = 494 KB | Wmem = 3.52 KB | Pmem = 3.52 KB
 | Tread = 0.225 | Twrite = 0.834 | Tfpread = 0.034 | Tfpwrite = 0.025 | Tmporead = 0.000 | Tasync = 0.000
 | data = 11.2 MB | cpsd = 8.70 MB
 | Trot = 0.030 | Tctr = 0.006 | Tint = 0.009 | Tmid = 0.000 | Tdctr = 0.134 | Tdiag = 0.023 | Tinfo = 0.245
 | Teff = 2.285 | Tprt = 0.148 | Teig = 0.158 | Tblk = 6.372 | Tmve = 1.638 | Tdm = 0.003 | Tsplt = 0.017 | Tsvd = 0.000 | Torth = 0.000

Sweep =    3 | Direction = backward | Bond dimension =   15 | Noise =  1.00e-04 | Dav threshold =  1.00e-10
 <-- Site =  168 .. Mmps =    2 Ndav =   1 E =   -235.7263403223 Error = 0.00e+00 FLOPS = 3.49e+07 Tdav = 0.00 T = 0.02
 <-- Site =  167 .. Mmps =    4 Ndav =   1 E =   -235.7263403223 Error = 0.00e+00 FLOPS = 1.15e+08 Tdav = 0.00 T = 0.03
 <-- Site =  166 .. Mmps =    8 Ndav =   1 E =   -235.7263403223 Error = 0.00e+00 FLOPS = 2.96e+08 Tdav = 0.00 T = 0.03
 <-- Site =  165 .. Mmps =   15 Ndav =   1 E =   -235.7263403223 Error = 0.00e+00 FLOPS = 6.60e+08 Tdav = 0.00 T = 0.03
 <-- Site =  164 .. Mmps =   15 Ndav =   1 E =   -235.7263403223 Error = 5.74e-21 FLOPS = 1.08e+09 Tdav = 0.00 T = 0.03
 <-- Site =  163 .. Mmps =   15 Ndav =   1 E =   -235.7263403223 Error = 6.21e-23 FLOPS = 1.24e+09 Tdav = 0.00 T = 0.03
 <-- Site =  162 .. Mmps =   15 Ndav =   1 E =   -235.7263403223 Error = 1.56e-22 FLOPS = 1.43e+09 Tdav = 0.00 T = 0.03
 <-- Site =  161 .. Mmps =   15 Ndav =   2 E =   -235.7263403223 Error = 1.36e-21 FLOPS = 2.17e+09 Tdav = 0.00 T = 0.03
 <-- Site =  160 .. Mmps =   15 Ndav =   2 E =   -235.7263403224 Error = 1.05e-19 FLOPS = 2.35e+09 Tdav = 0.00 T = 0.04
 <-- Site =  159 .. Mmps =   15 Ndav =   3 E =   -235.7263403225 Error = 5.74e-21 FLOPS = 2.98e+09 Tdav = 0.00 T = 0.04
 <-- Site =  158 .. Mmps =   15 Ndav =   3 E =   -235.7263403226 Error = 1.75e-20 FLOPS = 3.21e+09 Tdav = 0.00 T = 0.04
 <-- Site =  157 .. Mmps =   15 Ndav =   3 E =   -235.7263403232 Error = 1.08e-20 FLOPS = 3.44e+09 Tdav = 0.00 T = 0.04
 <-- Site =  156 .. Mmps =   15 Ndav =   5 E =   -235.7263403267 Error = 9.69e-18 FLOPS = 4.31e+09 Tdav = 0.00 T = 0.04
 <-- Site =  155 .. Mmps =   15 Ndav =   3 E =   -235.7263403275 Error = 4.18e-20 FLOPS = 3.63e+09 Tdav = 0.00 T = 0.03
 <-- Site =  154 .. Mmps =   15 Ndav =   6 E =   -235.7263404229 Error = 2.50e-18 FLOPS = 4.69e+09 Tdav = 0.00 T = 0.03
 <-- Site =  153 .. Mmps =   15 Ndav =   5 E =   -235.7263404457 Error = 2.22e-20 FLOPS = 4.74e+09 Tdav = 0.00 T = 0.03
 <-- Site =  152 .. Mmps =   15 Ndav =   8 E =   -235.7263408292 Error = 1.31e-18 FLOPS = 5.17e+09 Tdav = 0.00 T = 0.04
 <-- Site =  151 .. Mmps =   15 Ndav =   6 E =   -235.7263409677 Error = 1.31e-19 FLOPS = 4.88e+09 Tdav = 0.00 T = 0.06
 <-- Site =  150 .. Mmps =   15 Ndav =   7 E =   -235.7263412783 Error = 4.46e-19 FLOPS = 5.22e+09 Tdav = 0.00 T = 0.03
 <-- Site =  149 .. Mmps =   15 Ndav =   8 E =   -235.7263413945 Error = 7.96e-20 FLOPS = 5.60e+09 Tdav = 0.00 T = 0.03
 <-- Site =  148 .. Mmps =   15 Ndav =   8 E =   -235.7263415080 Error = 6.59e-19 FLOPS = 5.27e+09 Tdav = 0.00 T = 0.04
 <-- Site =  147 .. Mmps =   15 Ndav =   7 E =   -235.7263415369 Error = 8.68e-20 FLOPS = 5.70e+09 Tdav = 0.00 T = 0.04
 <-- Site =  146 .. Mmps =   15 Ndav =   7 E =   -235.7263416562 Error = 9.24e-20 FLOPS = 5.85e+09 Tdav = 0.00 T = 0.04
 <-- Site =  145 .. Mmps =   15 Ndav =   6 E =   -235.7263417237 Error = 2.86e-20 FLOPS = 5.93e+09 Tdav = 0.00 T = 0.04
 <-- Site =  144 .. Mmps =   15 Ndav =   8 E =   -235.7263422264 Error = 4.63e-19 FLOPS = 5.91e+09 Tdav = 0.00 T = 0.04
 <-- Site =  143 .. Mmps =   15 Ndav =   6 E =   -235.7263422892 Error = 1.19e-19 FLOPS = 5.78e+09 Tdav = 0.00 T = 0.04
 <-- Site =  142 .. Mmps =   15 Ndav =   7 E =   -235.7263426034 Error = 3.18e-17 FLOPS = 6.37e+09 Tdav = 0.00 T = 0.04
 <-- Site =  141 .. Mmps =   15 Ndav =   6 E =   -235.7263426806 Error = 1.83e-19 FLOPS = 5.74e+09 Tdav = 0.00 T = 0.05
 <-- Site =  140 .. Mmps =   15 Ndav =   9 E =   -235.7263440205 Error = 6.45e-19 FLOPS = 6.30e+09 Tdav = 0.00 T = 0.04
 <-- Site =  139 .. Mmps =   15 Ndav =   9 E =   -235.7263441343 Error = 6.31e-20 FLOPS = 5.87e+09 Tdav = 0.00 T = 0.04
 <-- Site =  138 .. Mmps =   15 Ndav =   8 E =   -235.7263444924 Error = 2.31e-17 FLOPS = 6.76e+09 Tdav = 0.00 T = 0.04
 <-- Site =  137 .. Mmps =   15 Ndav =   9 E =   -235.7263445491 Error = 1.95e-19 FLOPS = 6.71e+09 Tdav = 0.00 T = 0.05
 <-- Site =  136 .. Mmps =   15 Ndav =   9 E =   -235.7263459008 Error = 5.19e-18 FLOPS = 6.32e+09 Tdav = 0.00 T = 0.04
 <-- Site =  135 .. Mmps =   15 Ndav =  10 E =   -235.7263460580 Error = 2.04e-19 FLOPS = 6.85e+09 Tdav = 0.00 T = 0.05
 <-- Site =  134 .. Mmps =   15 Ndav =   8 E =   -235.7263463305 Error = 4.69e-17 FLOPS = 7.05e+09 Tdav = 0.00 T = 0.16
 <-- Site =  133 .. Mmps =   15 Ndav =  10 E =   -235.7263464358 Error = 1.11e-19 FLOPS = 6.89e+09 Tdav = 0.00 T = 0.05
 <-- Site =  132 .. Mmps =   15 Ndav =   9 E =   -235.7263467215 Error = 1.35e-18 FLOPS = 6.90e+09 Tdav = 0.00 T = 0.05
 <-- Site =  131 .. Mmps =   15 Ndav =   6 E =   -235.7263468235 Error = 2.82e-20 FLOPS = 6.66e+09 Tdav = 0.00 T = 0.06
 <-- Site =  130 .. Mmps =   15 Ndav =   7 E =   -235.7263473088 Error = 4.27e-18 FLOPS = 6.94e+09 Tdav = 0.00 T = 0.05
 <-- Site =  129 .. Mmps =   15 Ndav =   3 E =   -235.7263473167 Error = 2.02e-20 FLOPS = 6.05e+09 Tdav = 0.00 T = 0.05
 <-- Site =  128 .. Mmps =   15 Ndav =   8 E =   -235.7263482787 Error = 1.33e-18 FLOPS = 6.66e+09 Tdav = 0.00 T = 0.05
 <-- Site =  127 .. Mmps =   15 Ndav =   7 E =   -235.7263485979 Error = 4.05e-19 FLOPS = 7.33e+09 Tdav = 0.00 T = 0.05
 <-- Site =  126 .. Mmps =   15 Ndav =   8 E =   -235.7263507025 Error = 3.62e-18 FLOPS = 7.40e+09 Tdav = 0.00 T = 0.06
 <-- Site =  125 .. Mmps =   15 Ndav =   9 E =   -235.7263515941 Error = 7.03e-19 FLOPS = 7.05e+09 Tdav = 0.00 T = 0.05
 <-- Site =  124 .. Mmps =   15 Ndav =   9 E =   -235.7263538451 Error = 6.62e-19 FLOPS = 7.11e+09 Tdav = 0.00 T = 0.05
 <-- Site =  123 .. Mmps =   15 Ndav =   9 E =   -235.7263556881 Error = 1.32e-19 FLOPS = 7.32e+09 Tdav = 0.00 T = 0.05
 <-- Site =  122 .. Mmps =   15 Ndav =   9 E =   -235.7263567677 Error = 1.89e-19 FLOPS = 7.44e+09 Tdav = 0.00 T = 0.05
 <-- Site =  121 .. Mmps =   15 Ndav =   6 E =   -235.7263568467 Error = 9.37e-20 FLOPS = 7.30e+09 Tdav = 0.00 T = 0.05
 <-- Site =  120 .. Mmps =   15 Ndav =   8 E =   -235.7263570616 Error = 2.65e-19 FLOPS = 7.09e+09 Tdav = 0.00 T = 0.05
 <-- Site =  119 .. Mmps =   15 Ndav =   8 E =   -235.7263572123 Error = 2.68e-19 FLOPS = 7.59e+09 Tdav = 0.00 T = 0.05
 <-- Site =  118 .. Mmps =   15 Ndav =   9 E =   -235.7263580189 Error = 1.28e-18 FLOPS = 7.48e+09 Tdav = 0.00 T = 0.06
 <-- Site =  117 .. Mmps =   15 Ndav =   7 E =   -235.7263581132 Error = 1.49e-19 FLOPS = 7.62e+09 Tdav = 0.00 T = 0.06
 <-- Site =  116 .. Mmps =   15 Ndav =   8 E =   -235.7263584361 Error = 2.48e-16 FLOPS = 7.22e+09 Tdav = 0.00 T = 0.05
 <-- Site =  115 .. Mmps =   15 Ndav =   6 E =   -235.7263586095 Error = 1.82e-19 FLOPS = 7.18e+09 Tdav = 0.00 T = 0.06
 <-- Site =  114 .. Mmps =   15 Ndav =   9 E =   -235.7263603792 Error = 9.35e-17 FLOPS = 7.49e+09 Tdav = 0.00 T = 0.05
 <-- Site =  113 .. Mmps =   15 Ndav =  10 E =   -235.7263612568 Error = 1.60e-19 FLOPS = 7.25e+09 Tdav = 0.00 T = 0.06
 <-- Site =  112 .. Mmps =   15 Ndav =  10 E =   -235.7263666078 Error = 4.03e-17 FLOPS = 7.61e+09 Tdav = 0.00 T = 0.06
 <-- Site =  111 .. Mmps =   15 Ndav =  10 E =   -235.7263669092 Error = 8.12e-20 FLOPS = 7.65e+09 Tdav = 0.00 T = 0.06
 <-- Site =  110 .. Mmps =   15 Ndav =  10 E =   -235.7263703939 Error = 2.48e-18 FLOPS = 7.65e+09 Tdav = 0.00 T = 0.06
 <-- Site =  109 .. Mmps =   15 Ndav =  11 E =   -235.7263717888 Error = 5.98e-20 FLOPS = 7.25e+09 Tdav = 0.00 T = 0.06
 <-- Site =  108 .. Mmps =   15 Ndav =  10 E =   -235.7263741697 Error = 1.41e-17 FLOPS = 7.53e+09 Tdav = 0.00 T = 0.05
 <-- Site =  107 .. Mmps =   15 Ndav =  10 E =   -235.7263746705 Error = 1.29e-19 FLOPS = 7.44e+09 Tdav = 0.00 T = 0.06
 <-- Site =  106 .. Mmps =   15 Ndav =   9 E =   -235.7263757112 Error = 3.70e-18 FLOPS = 7.87e+09 Tdav = 0.00 T = 0.06
 <-- Site =  105 .. Mmps =   15 Ndav =   6 E =   -235.7263758479 Error = 3.11e-19 FLOPS = 7.50e+09 Tdav = 0.00 T = 0.06
 <-- Site =  104 .. Mmps =   15 Ndav =   7 E =   -235.7263764526 Error = 6.65e-17 FLOPS = 7.75e+09 Tdav = 0.00 T = 0.06
 <-- Site =  103 .. Mmps =   15 Ndav =   4 E =   -235.7263764594 Error = 2.13e-19 FLOPS = 7.39e+09 Tdav = 0.00 T = 0.06
 <-- Site =  102 .. Mmps =   15 Ndav =   9 E =   -235.7263782520 Error = 1.95e-19 FLOPS = 8.06e+09 Tdav = 0.00 T = 0.06
 <-- Site =  101 .. Mmps =   15 Ndav =   7 E =   -235.7263804101 Error = 7.74e-19 FLOPS = 7.93e+09 Tdav = 0.00 T = 0.05
 <-- Site =  100 .. Mmps =   15 Ndav =   9 E =   -235.7263871042 Error = 6.86e-19 FLOPS = 7.77e+09 Tdav = 0.00 T = 0.05
 <-- Site =   99 .. Mmps =   15 Ndav =   9 E =   -235.7263874655 Error = 4.58e-19 FLOPS = 8.00e+09 Tdav = 0.00 T = 0.05
 <-- Site =   98 .. Mmps =   15 Ndav =   9 E =   -235.7263890986 Error = 3.20e-19 FLOPS = 7.91e+09 Tdav = 0.00 T = 0.06
 <-- Site =   97 .. Mmps =   15 Ndav =   9 E =   -235.7263898380 Error = 1.56e-19 FLOPS = 7.67e+09 Tdav = 0.00 T = 0.06
 <-- Site =   96 .. Mmps =   15 Ndav =   8 E =   -235.7263911060 Error = 1.27e-19 FLOPS = 7.73e+09 Tdav = 0.00 T = 0.06
 <-- Site =   95 .. Mmps =   15 Ndav =   8 E =   -235.7263912659 Error = 6.28e-19 FLOPS = 7.20e+09 Tdav = 0.00 T = 0.06
 <-- Site =   94 .. Mmps =   15 Ndav =   8 E =   -235.7263914898 Error = 8.91e-19 FLOPS = 7.83e+09 Tdav = 0.00 T = 0.06
 <-- Site =   93 .. Mmps =   15 Ndav =   7 E =   -235.7263916106 Error = 2.62e-19 FLOPS = 7.72e+09 Tdav = 0.00 T = 0.06
 <-- Site =   92 .. Mmps =   15 Ndav =   8 E =   -235.7263923200 Error = 3.88e-19 FLOPS = 7.84e+09 Tdav = 0.00 T = 0.06
 <-- Site =   91 .. Mmps =   15 Ndav =   7 E =   -235.7263923914 Error = 2.46e-19 FLOPS = 7.45e+09 Tdav = 0.00 T = 0.06
 <-- Site =   90 .. Mmps =   15 Ndav =   7 E =   -235.7263926996 Error = 5.34e-17 FLOPS = 7.80e+09 Tdav = 0.00 T = 0.06
 <-- Site =   89 .. Mmps =   15 Ndav =   8 E =   -235.7263928944 Error = 1.55e-20 FLOPS = 7.79e+09 Tdav = 0.00 T = 0.06
 <-- Site =   88 .. Mmps =   15 Ndav =   9 E =   -235.7263948202 Error = 3.87e-19 FLOPS = 7.92e+09 Tdav = 0.00 T = 0.06
 <-- Site =   87 .. Mmps =   15 Ndav =   9 E =   -235.7263953671 Error = 3.44e-20 FLOPS = 7.78e+09 Tdav = 0.00 T = 0.07
 <-- Site =   86 .. Mmps =   15 Ndav =  10 E =   -235.7264026450 Error = 3.52e-18 FLOPS = 7.49e+09 Tdav = 0.00 T = 0.06
 <-- Site =   85 .. Mmps =   15 Ndav =  10 E =   -235.7264032356 Error = 3.47e-20 FLOPS = 7.71e+09 Tdav = 0.00 T = 0.06
 <-- Site =   84 .. Mmps =   15 Ndav =  11 E =   -235.7264103752 Error = 3.40e-18 FLOPS = 7.57e+09 Tdav = 0.00 T = 0.06
 <-- Site =   83 .. Mmps =   15 Ndav =  12 E =   -235.7264120485 Error = 7.60e-20 FLOPS = 7.48e+09 Tdav = 0.00 T = 0.07
 <-- Site =   82 .. Mmps =   15 Ndav =  10 E =   -235.7264140249 Error = 6.00e-19 FLOPS = 7.78e+09 Tdav = 0.00 T = 0.06
 <-- Site =   81 .. Mmps =   15 Ndav =  11 E =   -235.7264144693 Error = 2.21e-19 FLOPS = 7.76e+09 Tdav = 0.00 T = 0.06
 <-- Site =   80 .. Mmps =   15 Ndav =   9 E =   -235.7264150892 Error = 3.61e-18 FLOPS = 7.80e+09 Tdav = 0.00 T = 0.06
 <-- Site =   79 .. Mmps =   15 Ndav =   8 E =   -235.7264152423 Error = 4.63e-19 FLOPS = 7.23e+09 Tdav = 0.00 T = 0.06
 <-- Site =   78 .. Mmps =   15 Ndav =   7 E =   -235.7264156437 Error = 7.52e-19 FLOPS = 7.36e+09 Tdav = 0.00 T = 0.06
 <-- Site =   77 .. Mmps =   15 Ndav =   4 E =   -235.7264156569 Error = 8.14e-20 FLOPS = 6.79e+09 Tdav = 0.00 T = 0.06
 <-- Site =   76 .. Mmps =   15 Ndav =   9 E =   -235.7264184996 Error = 9.53e-19 FLOPS = 7.89e+09 Tdav = 0.00 T = 0.06
 <-- Site =   75 .. Mmps =   15 Ndav =  10 E =   -235.7264214892 Error = 5.68e-20 FLOPS = 7.96e+09 Tdav = 0.00 T = 0.06
 <-- Site =   74 .. Mmps =   15 Ndav =  10 E =   -235.7264308589 Error = 3.85e-18 FLOPS = 7.79e+09 Tdav = 0.00 T = 0.06
 <-- Site =   73 .. Mmps =   15 Ndav =   9 E =   -235.7264311045 Error = 7.75e-19 FLOPS = 7.90e+09 Tdav = 0.00 T = 0.07
 <-- Site =   72 .. Mmps =   15 Ndav =   9 E =   -235.7264326752 Error = 1.80e-18 FLOPS = 7.92e+09 Tdav = 0.00 T = 0.06
 <-- Site =   71 .. Mmps =   15 Ndav =   9 E =   -235.7264328995 Error = 2.82e-19 FLOPS = 7.89e+09 Tdav = 0.00 T = 0.06
 <-- Site =   70 .. Mmps =   15 Ndav =   9 E =   -235.7264336681 Error = 2.06e-19 FLOPS = 7.89e+09 Tdav = 0.00 T = 0.06
 <-- Site =   69 .. Mmps =   15 Ndav =   6 E =   -235.7264338013 Error = 5.08e-19 FLOPS = 7.76e+09 Tdav = 0.00 T = 0.06
 <-- Site =   68 .. Mmps =   15 Ndav =   8 E =   -235.7264341581 Error = 4.32e-18 FLOPS = 7.80e+09 Tdav = 0.00 T = 0.08
 <-- Site =   67 .. Mmps =   15 Ndav =   8 E =   -235.7264342874 Error = 7.91e-19 FLOPS = 7.77e+09 Tdav = 0.00 T = 0.06
 <-- Site =   66 .. Mmps =   15 Ndav =   9 E =   -235.7264349436 Error = 3.35e-19 FLOPS = 7.88e+09 Tdav = 0.00 T = 0.06
 <-- Site =   65 .. Mmps =   15 Ndav =   7 E =   -235.7264349851 Error = 8.39e-20 FLOPS = 7.96e+09 Tdav = 0.00 T = 0.06
 <-- Site =   64 .. Mmps =   15 Ndav =   7 E =   -235.7264351932 Error = 9.33e-18 FLOPS = 7.80e+09 Tdav = 0.00 T = 0.06
 <-- Site =   63 .. Mmps =   15 Ndav =   8 E =   -235.7264354180 Error = 1.93e-19 FLOPS = 7.90e+09 Tdav = 0.00 T = 0.05
 <-- Site =   62 .. Mmps =   15 Ndav =   9 E =   -235.7264365252 Error = 4.81e-18 FLOPS = 7.91e+09 Tdav = 0.00 T = 0.06
 <-- Site =   61 .. Mmps =   15 Ndav =  10 E =   -235.7264367665 Error = 2.14e-20 FLOPS = 7.98e+09 Tdav = 0.00 T = 0.06
 <-- Site =   60 .. Mmps =   15 Ndav =   9 E =   -235.7264399959 Error = 7.43e-18 FLOPS = 8.00e+09 Tdav = 0.00 T = 0.06
 <-- Site =   59 .. Mmps =   15 Ndav =  10 E =   -235.7264403505 Error = 1.26e-19 FLOPS = 7.90e+09 Tdav = 0.00 T = 0.06
 <-- Site =   58 .. Mmps =   15 Ndav =  10 E =   -235.7264419134 Error = 4.79e-19 FLOPS = 7.87e+09 Tdav = 0.00 T = 0.07
 <-- Site =   57 .. Mmps =   15 Ndav =  11 E =   -235.7264420677 Error = 9.55e-19 FLOPS = 7.69e+09 Tdav = 0.00 T = 0.07
 <-- Site =   56 .. Mmps =   15 Ndav =   9 E =   -235.7264427463 Error = 1.29e-18 FLOPS = 7.48e+09 Tdav = 0.00 T = 0.06
 <-- Site =   55 .. Mmps =   15 Ndav =  10 E =   -235.7264436136 Error = 7.46e-20 FLOPS = 7.30e+09 Tdav = 0.00 T = 0.07
 <-- Site =   54 .. Mmps =   15 Ndav =   9 E =   -235.7264468188 Error = 1.70e-18 FLOPS = 7.86e+09 Tdav = 0.00 T = 0.06
 <-- Site =   53 .. Mmps =   15 Ndav =   8 E =   -235.7264470530 Error = 5.63e-20 FLOPS = 7.49e+09 Tdav = 0.00 T = 0.07
 <-- Site =   52 .. Mmps =   15 Ndav =   7 E =   -235.7264476339 Error = 7.45e-17 FLOPS = 7.55e+09 Tdav = 0.00 T = 0.06
 <-- Site =   51 .. Mmps =   15 Ndav =   4 E =   -235.7264476716 Error = 7.26e-20 FLOPS = 7.01e+09 Tdav = 0.00 T = 0.06
 <-- Site =   50 .. Mmps =   15 Ndav =   8 E =   -235.7264534101 Error = 6.43e-19 FLOPS = 7.56e+09 Tdav = 0.00 T = 0.05
 <-- Site =   49 .. Mmps =   15 Ndav =   9 E =   -235.7264566875 Error = 7.70e-20 FLOPS = 7.49e+09 Tdav = 0.00 T = 0.06
 <-- Site =   48 .. Mmps =   15 Ndav =   9 E =   -235.7264642306 Error = 1.52e-18 FLOPS = 7.58e+09 Tdav = 0.00 T = 0.07
 <-- Site =   47 .. Mmps =   15 Ndav =  10 E =   -235.7264665754 Error = 3.95e-20 FLOPS = 7.57e+09 Tdav = 0.00 T = 0.05
 <-- Site =   46 .. Mmps =   15 Ndav =  11 E =   -235.7264765044 Error = 3.36e-18 FLOPS = 7.43e+09 Tdav = 0.00 T = 0.07
 <-- Site =   45 .. Mmps =   15 Ndav =   8 E =   -235.7264766675 Error = 8.35e-20 FLOPS = 7.60e+09 Tdav = 0.00 T = 0.05
 <-- Site =   44 .. Mmps =   15 Ndav =   9 E =   -235.7264773463 Error = 1.15e-18 FLOPS = 7.55e+09 Tdav = 0.00 T = 0.05
 <-- Site =   43 .. Mmps =   15 Ndav =   7 E =   -235.7264781197 Error = 5.46e-20 FLOPS = 7.42e+09 Tdav = 0.00 T = 0.05
 <-- Site =   42 .. Mmps =   15 Ndav =  10 E =   -235.7264840055 Error = 1.60e-18 FLOPS = 7.32e+09 Tdav = 0.00 T = 0.06
 <-- Site =   41 .. Mmps =   15 Ndav =   8 E =   -235.7264844461 Error = 1.65e-19 FLOPS = 7.34e+09 Tdav = 0.00 T = 0.06
 <-- Site =   40 .. Mmps =   15 Ndav =   8 E =   -235.7264853273 Error = 4.59e-18 FLOPS = 7.43e+09 Tdav = 0.00 T = 0.06
 <-- Site =   39 .. Mmps =   15 Ndav =   7 E =   -235.7264854047 Error = 1.47e-19 FLOPS = 7.14e+09 Tdav = 0.00 T = 0.05
 <-- Site =   38 .. Mmps =   15 Ndav =   7 E =   -235.7264856973 Error = 4.69e-18 FLOPS = 7.21e+09 Tdav = 0.00 T = 0.05
 <-- Site =   37 .. Mmps =   15 Ndav =   8 E =   -235.7264859061 Error = 1.41e-19 FLOPS = 7.21e+09 Tdav = 0.00 T = 0.05
 <-- Site =   36 .. Mmps =   15 Ndav =   9 E =   -235.7264896138 Error = 1.29e-17 FLOPS = 7.09e+09 Tdav = 0.00 T = 0.04
 <-- Site =   35 .. Mmps =   15 Ndav =  10 E =   -235.7264901137 Error = 2.41e-20 FLOPS = 6.57e+09 Tdav = 0.00 T = 0.05
 <-- Site =   34 .. Mmps =   15 Ndav =   9 E =   -235.7264949363 Error = 3.04e-18 FLOPS = 7.00e+09 Tdav = 0.00 T = 0.04
 <-- Site =   33 .. Mmps =   15 Ndav =  10 E =   -235.7264952320 Error = 3.83e-19 FLOPS = 6.73e+09 Tdav = 0.00 T = 0.05
 <-- Site =   32 .. Mmps =   15 Ndav =   9 E =   -235.7264961181 Error = 1.87e-18 FLOPS = 6.25e+09 Tdav = 0.00 T = 0.05
 <-- Site =   31 .. Mmps =   15 Ndav =  11 E =   -235.7264963947 Error = 6.34e-20 FLOPS = 6.47e+09 Tdav = 0.00 T = 0.04
 <-- Site =   30 .. Mmps =   15 Ndav =   9 E =   -235.7264969297 Error = 8.17e-18 FLOPS = 6.64e+09 Tdav = 0.00 T = 0.04
 <-- Site =   29 .. Mmps =   15 Ndav =   9 E =   -235.7264970829 Error = 4.25e-20 FLOPS = 6.66e+09 Tdav = 0.00 T = 0.04
 <-- Site =   28 .. Mmps =   15 Ndav =   9 E =   -235.7264986382 Error = 1.19e-19 FLOPS = 6.65e+09 Tdav = 0.00 T = 0.04
 <-- Site =   27 .. Mmps =   15 Ndav =   7 E =   -235.7264987188 Error = 2.26e-20 FLOPS = 6.40e+09 Tdav = 0.00 T = 0.04
 <-- Site =   26 .. Mmps =   15 Ndav =   7 E =   -235.7264995735 Error = 4.27e-17 FLOPS = 6.29e+09 Tdav = 0.00 T = 0.04
 <-- Site =   25 .. Mmps =   15 Ndav =   5 E =   -235.7264997170 Error = 2.11e-19 FLOPS = 5.58e+09 Tdav = 0.00 T = 0.04
 <-- Site =   24 .. Mmps =   15 Ndav =   8 E =   -235.7265014215 Error = 2.22e-19 FLOPS = 6.00e+09 Tdav = 0.00 T = 0.04
 <-- Site =   23 .. Mmps =   15 Ndav =   6 E =   -235.7265017611 Error = 4.63e-20 FLOPS = 6.09e+09 Tdav = 0.00 T = 0.04
 <-- Site =   22 .. Mmps =   15 Ndav =   8 E =   -235.7265028548 Error = 5.92e-18 FLOPS = 5.70e+09 Tdav = 0.00 T = 0.04
 <-- Site =   21 .. Mmps =   15 Ndav =   9 E =   -235.7265036863 Error = 2.57e-20 FLOPS = 5.76e+09 Tdav = 0.00 T = 0.04
 <-- Site =   20 .. Mmps =   15 Ndav =   9 E =   -235.7265066778 Error = 1.04e-18 FLOPS = 5.68e+09 Tdav = 0.00 T = 0.04
 <-- Site =   19 .. Mmps =   15 Ndav =   8 E =   -235.7265072113 Error = 7.59e-20 FLOPS = 5.77e+09 Tdav = 0.00 T = 0.04
 <-- Site =   18 .. Mmps =   15 Ndav =  10 E =   -235.7265091165 Error = 4.38e-19 FLOPS = 5.08e+09 Tdav = 0.00 T = 0.04
 <-- Site =   17 .. Mmps =   15 Ndav =   7 E =   -235.7265095799 Error = 6.70e-20 FLOPS = 5.43e+09 Tdav = 0.00 T = 0.04
 <-- Site =   16 .. Mmps =   15 Ndav =   9 E =   -235.7265119732 Error = 1.06e-17 FLOPS = 5.12e+09 Tdav = 0.00 T = 0.05
 <-- Site =   15 .. Mmps =   15 Ndav =   8 E =   -235.7265120287 Error = 2.24e-20 FLOPS = 5.01e+09 Tdav = 0.00 T = 0.05
 <-- Site =   14 .. Mmps =   15 Ndav =   6 E =   -235.7265121724 Error = 1.94e-19 FLOPS = 5.05e+09 Tdav = 0.00 T = 0.04
 <-- Site =   13 .. Mmps =   15 Ndav =   7 E =   -235.7265122003 Error = 3.81e-20 FLOPS = 4.84e+09 Tdav = 0.00 T = 0.05
 <-- Site =   12 .. Mmps =   15 Ndav =   7 E =   -235.7265123097 Error = 1.39e-17 FLOPS = 4.30e+09 Tdav = 0.00 T = 0.04
 <-- Site =   11 .. Mmps =   15 Ndav =  10 E =   -235.7265129452 Error = 3.07e-20 FLOPS = 4.39e+09 Tdav = 0.00 T = 0.05
 <-- Site =   10 .. Mmps =   15 Ndav =   9 E =   -235.7265133286 Error = 2.52e-19 FLOPS = 4.27e+09 Tdav = 0.00 T = 0.04
 <-- Site =    9 .. Mmps =   15 Ndav =   7 E =   -235.7265134081 Error = 4.01e-19 FLOPS = 3.96e+09 Tdav = 0.00 T = 0.03
 <-- Site =    8 .. Mmps =   15 Ndav =   7 E =   -235.7265134601 Error = 2.16e-18 FLOPS = 3.59e+09 Tdav = 0.00 T = 0.03
 <-- Site =    7 .. Mmps =   15 Ndav =   7 E =   -235.7265134734 Error = 1.85e-21 FLOPS = 3.59e+09 Tdav = 0.00 T = 0.03
 <-- Site =    6 .. Mmps =   15 Ndav =   6 E =   -235.7265134849 Error = 9.89e-21 FLOPS = 2.92e+09 Tdav = 0.00 T = 0.03
 <-- Site =    5 .. Mmps =   15 Ndav =   6 E =   -235.7265134904 Error = 6.41e-20 FLOPS = 3.12e+09 Tdav = 0.00 T = 0.03
 <-- Site =    4 .. Mmps =   15 Ndav =   4 E =   -235.7265134918 Error = 7.27e-19 FLOPS = 2.45e+09 Tdav = 0.00 T = 0.03
 <-- Site =    3 .. Mmps =   15 Ndav =   1 E =   -235.7265134918 Error = 6.21e-27 FLOPS = 6.12e+08 Tdav = 0.00 T = 0.03
 <-- Site =    2 .. Mmps =   15 Ndav =   1 E =   -235.7265134918 Error = 1.32e-48 FLOPS = 2.23e+08 Tdav = 0.00 T = 0.03
 <-- Site =    1 .. Mmps =   14 Ndav =   1 E =   -235.7265134918 Error = 0.00e+00 FLOPS = 8.94e+07 Tdav = 0.00 T = 0.03
 <-- Site =    0 .. Mmps =   14 Ndav =   1 E =   -235.7265134918 Error = 0.00e+00 FLOPS = 3.64e+07 Tdav = 0.00 T = 0.03
Time elapsed =    166.314 | E =    -235.7265134918 | DE = -1.73e-04 | DW = 2.48055e-16
Time sweep =        8.518 | 0.99 GFLOP/SWP
 | Dmem = 104 KB (3%) | Imem = 232 B (79%) | Hmem = 494 KB | Wmem = 3.52 KB | Pmem = 3.52 KB
 | Tread = 0.221 | Twrite = 0.980 | Tfpread = 0.031 | Tfpwrite = 0.024 | Tmporead = 0.000 | Tasync = 0.000
 | data = 11.2 MB | cpsd = 7.73 MB
 | Trot = 0.031 | Tctr = 0.490 | Tint = 0.009 | Tmid = 0.000 | Tdctr = 0.009 | Tdiag = 0.023 | Tinfo = 0.243
 | Teff = 2.142 | Tprt = 0.144 | Teig = 0.150 | Tblk = 6.160 | Tmve = 2.348 | Tdm = 0.003 | Tsplt = 0.021 | Tsvd = 0.000 | Torth = 0.000

Sweep =    4 | Direction =  forward | Bond dimension =   25 | Noise =  1.00e-05 | Dav threshold =  1.00e-10
 --> Site =    0 .. Mmps =    2 Ndav =   1 E =   -235.7265134918 Error = 0.00e+00 FLOPS = 3.13e+07 Tdav = 0.00 T = 0.02
 --> Site =    1 .. Mmps =    4 Ndav =   1 E =   -235.7265134918 Error = 0.00e+00 FLOPS = 6.51e+07 Tdav = 0.00 T = 0.03
 --> Site =    2 .. Mmps =    8 Ndav =   1 E =   -235.7265134918 Error = 0.00e+00 FLOPS = 1.84e+08 Tdav = 0.00 T = 0.03
 --> Site =    3 .. Mmps =   15 Ndav =   1 E =   -235.7265134918 Error = 0.00e+00 FLOPS = 4.33e+08 Tdav = 0.00 T = 0.03
 --> Site =    4 .. Mmps =   24 Ndav =   1 E =   -235.7265134918 Error = 0.00e+00 FLOPS = 1.09e+09 Tdav = 0.00 T = 0.03
 --> Site =    5 .. Mmps =   25 Ndav =   2 E =   -235.7265134918 Error = 2.70e-29 FLOPS = 3.31e+09 Tdav = 0.00 T = 0.03
 --> Site =    6 .. Mmps =   25 Ndav =   3 E =   -235.7265134922 Error = 5.39e-27 FLOPS = 4.49e+09 Tdav = 0.00 T = 0.03
 --> Site =    7 .. Mmps =   25 Ndav =   6 E =   -235.7265134933 Error = 2.08e-27 FLOPS = 6.14e+09 Tdav = 0.00 T = 0.03
 --> Site =    8 .. Mmps =   25 Ndav =   4 E =   -235.7265134964 Error = 3.42e-26 FLOPS = 5.17e+09 Tdav = 0.00 T = 0.03
 --> Site =    9 .. Mmps =   25 Ndav =   6 E =   -235.7265135132 Error = 5.21e-27 FLOPS = 6.55e+09 Tdav = 0.00 T = 0.04
 --> Site =   10 .. Mmps =   25 Ndav =   6 E =   -235.7265135957 Error = 9.30e-26 FLOPS = 7.15e+09 Tdav = 0.00 T = 0.04
 --> Site =   11 .. Mmps =   25 Ndav =   5 E =   -235.7265136172 Error = 1.84e-26 FLOPS = 7.20e+09 Tdav = 0.00 T = 0.04
 --> Site =   12 .. Mmps =   25 Ndav =   6 E =   -235.7265137388 Error = 5.32e-25 FLOPS = 7.47e+09 Tdav = 0.00 T = 0.04
 --> Site =   13 .. Mmps =   25 Ndav =   7 E =   -235.7265138893 Error = 4.76e-26 FLOPS = 8.18e+09 Tdav = 0.00 T = 0.03
 --> Site =   14 .. Mmps =   25 Ndav =   8 E =   -235.7265144714 Error = 3.89e-24 FLOPS = 8.10e+09 Tdav = 0.00 T = 0.04
 --> Site =   15 .. Mmps =   25 Ndav =   8 E =   -235.7265152904 Error = 6.52e-24 FLOPS = 8.53e+09 Tdav = 0.00 T = 0.03
 --> Site =   16 .. Mmps =   25 Ndav =   9 E =   -235.7265167106 Error = 8.13e-24 FLOPS = 8.40e+09 Tdav = 0.00 T = 0.03
 --> Site =   17 .. Mmps =   25 Ndav =   8 E =   -235.7265191737 Error = 6.07e-24 FLOPS = 8.96e+09 Tdav = 0.00 T = 0.04
 --> Site =   18 .. Mmps =   25 Ndav =   9 E =   -235.7265214056 Error = 1.87e-23 FLOPS = 8.99e+09 Tdav = 0.00 T = 0.04
 --> Site =   19 .. Mmps =   25 Ndav =   8 E =   -235.7265236773 Error = 6.83e-24 FLOPS = 8.88e+09 Tdav = 0.00 T = 0.04
 --> Site =   20 .. Mmps =   25 Ndav =   9 E =   -235.7265254224 Error = 1.42e-23 FLOPS = 9.18e+09 Tdav = 0.00 T = 0.04
 --> Site =   21 .. Mmps =   25 Ndav =   9 E =   -235.7265266095 Error = 4.62e-24 FLOPS = 9.41e+09 Tdav = 0.00 T = 0.04
 --> Site =   22 .. Mmps =   25 Ndav =   9 E =   -235.7265276660 Error = 1.48e-23 FLOPS = 9.41e+09 Tdav = 0.00 T = 0.04
 --> Site =   23 .. Mmps =   25 Ndav =  10 E =   -235.7265336163 Error = 2.97e-24 FLOPS = 9.65e+09 Tdav = 0.00 T = 0.05
 --> Site =   24 .. Mmps =   25 Ndav =   9 E =   -235.7265366555 Error = 9.83e-24 FLOPS = 9.97e+09 Tdav = 0.00 T = 0.04
 --> Site =   25 .. Mmps =   25 Ndav =   9 E =   -235.7265376521 Error = 6.83e-24 FLOPS = 1.01e+10 Tdav = 0.00 T = 0.05
 --> Site =   26 .. Mmps =   25 Ndav =   8 E =   -235.7265394222 Error = 1.01e-23 FLOPS = 1.03e+10 Tdav = 0.00 T = 0.05
 --> Site =   27 .. Mmps =   25 Ndav =  10 E =   -235.7265431147 Error = 9.93e-24 FLOPS = 1.02e+10 Tdav = 0.00 T = 0.04
 --> Site =   28 .. Mmps =   25 Ndav =   9 E =   -235.7265470033 Error = 5.26e-24 FLOPS = 1.02e+10 Tdav = 0.00 T = 0.05
 --> Site =   29 .. Mmps =   25 Ndav =  12 E =   -235.7265504929 Error = 4.22e-23 FLOPS = 1.01e+10 Tdav = 0.00 T = 0.05
 --> Site =   30 .. Mmps =   25 Ndav =  12 E =   -235.7265621419 Error = 5.17e-23 FLOPS = 1.01e+10 Tdav = 0.00 T = 0.05
 --> Site =   31 .. Mmps =   25 Ndav =  13 E =   -235.7265646274 Error = 3.18e-23 FLOPS = 9.93e+09 Tdav = 0.00 T = 0.05
 --> Site =   32 .. Mmps =   25 Ndav =  10 E =   -235.7265687320 Error = 8.42e-23 FLOPS = 1.04e+10 Tdav = 0.00 T = 0.05
 --> Site =   33 .. Mmps =   25 Ndav =  12 E =   -235.7265722679 Error = 2.79e-23 FLOPS = 1.00e+10 Tdav = 0.00 T = 0.06
 --> Site =   34 .. Mmps =   25 Ndav =   9 E =   -235.7265747963 Error = 2.31e-23 FLOPS = 1.10e+10 Tdav = 0.00 T = 0.05
 --> Site =   35 .. Mmps =   25 Ndav =  11 E =   -235.7265776029 Error = 2.98e-23 FLOPS = 1.08e+10 Tdav = 0.00 T = 0.06
 --> Site =   36 .. Mmps =   25 Ndav =   9 E =   -235.7265808473 Error = 6.36e-24 FLOPS = 1.07e+10 Tdav = 0.00 T = 0.07
 --> Site =   37 .. Mmps =   25 Ndav =   9 E =   -235.7265817851 Error = 6.75e-25 FLOPS = 1.12e+10 Tdav = 0.00 T = 0.06
 --> Site =   38 .. Mmps =   25 Ndav =   8 E =   -235.7265841360 Error = 3.65e-24 FLOPS = 1.12e+10 Tdav = 0.00 T = 0.06
 --> Site =   39 .. Mmps =   25 Ndav =   6 E =   -235.7265846347 Error = 5.06e-25 FLOPS = 1.10e+10 Tdav = 0.00 T = 0.07
 --> Site =   40 .. Mmps =   25 Ndav =   8 E =   -235.7265877608 Error = 1.89e-23 FLOPS = 1.14e+10 Tdav = 0.00 T = 0.07
 --> Site =   41 .. Mmps =   25 Ndav =  12 E =   -235.7265894206 Error = 6.74e-24 FLOPS = 1.12e+10 Tdav = 0.00 T = 0.07
 --> Site =   42 .. Mmps =   25 Ndav =  10 E =   -235.7265966640 Error = 2.19e-23 FLOPS = 1.16e+10 Tdav = 0.00 T = 0.07
 --> Site =   43 .. Mmps =   25 Ndav =   9 E =   -235.7266023658 Error = 5.09e-23 FLOPS = 1.17e+10 Tdav = 0.00 T = 0.07
 --> Site =   44 .. Mmps =   25 Ndav =  11 E =   -235.7266070070 Error = 7.02e-23 FLOPS = 1.13e+10 Tdav = 0.00 T = 0.07
 --> Site =   45 .. Mmps =   25 Ndav =  10 E =   -235.7266087575 Error = 1.08e-23 FLOPS = 1.10e+10 Tdav = 0.00 T = 0.07
 --> Site =   46 .. Mmps =   25 Ndav =   9 E =   -235.7266117223 Error = 1.86e-23 FLOPS = 1.12e+10 Tdav = 0.00 T = 0.07
 --> Site =   47 .. Mmps =   25 Ndav =  10 E =   -235.7266130992 Error = 1.19e-23 FLOPS = 1.13e+10 Tdav = 0.00 T = 0.08
 --> Site =   48 .. Mmps =   25 Ndav =  10 E =   -235.7266174293 Error = 2.46e-23 FLOPS = 1.14e+10 Tdav = 0.00 T = 0.08
 --> Site =   49 .. Mmps =   25 Ndav =  10 E =   -235.7266239020 Error = 1.76e-23 FLOPS = 1.12e+10 Tdav = 0.00 T = 0.08
 --> Site =   50 .. Mmps =   25 Ndav =  10 E =   -235.7266285557 Error = 6.21e-24 FLOPS = 1.12e+10 Tdav = 0.00 T = 0.08
 --> Site =   51 .. Mmps =   25 Ndav =   9 E =   -235.7266296561 Error = 2.72e-24 FLOPS = 1.18e+10 Tdav = 0.00 T = 0.08
 --> Site =   52 .. Mmps =   25 Ndav =   8 E =   -235.7266318409 Error = 9.21e-24 FLOPS = 1.17e+10 Tdav = 0.00 T = 0.08
 --> Site =   53 .. Mmps =   25 Ndav =  10 E =   -235.7266341856 Error = 3.02e-23 FLOPS = 1.15e+10 Tdav = 0.00 T = 0.09
 --> Site =   54 .. Mmps =   25 Ndav =   9 E =   -235.7266403927 Error = 7.13e-24 FLOPS = 1.12e+10 Tdav = 0.00 T = 0.08
 --> Site =   55 .. Mmps =   25 Ndav =  13 E =   -235.7266455251 Error = 1.22e-23 FLOPS = 1.13e+10 Tdav = 0.00 T = 0.08
 --> Site =   56 .. Mmps =   25 Ndav =  11 E =   -235.7266594986 Error = 2.16e-23 FLOPS = 1.16e+10 Tdav = 0.00 T = 0.08
 --> Site =   57 .. Mmps =   25 Ndav =  11 E =   -235.7266621103 Error = 3.13e-23 FLOPS = 1.11e+10 Tdav = 0.00 T = 0.08
 --> Site =   58 .. Mmps =   25 Ndav =  11 E =   -235.7266707837 Error = 1.82e-23 FLOPS = 1.11e+10 Tdav = 0.00 T = 0.09
 --> Site =   59 .. Mmps =   25 Ndav =  11 E =   -235.7266728626 Error = 8.77e-24 FLOPS = 1.14e+10 Tdav = 0.00 T = 0.08
 --> Site =   60 .. Mmps =   25 Ndav =  10 E =   -235.7266783319 Error = 3.81e-23 FLOPS = 1.16e+10 Tdav = 0.00 T = 0.08
 --> Site =   61 .. Mmps =   25 Ndav =  12 E =   -235.7266813641 Error = 6.50e-23 FLOPS = 1.16e+10 Tdav = 0.00 T = 0.08
 --> Site =   62 .. Mmps =   25 Ndav =   9 E =   -235.7266846271 Error = 9.31e-24 FLOPS = 1.15e+10 Tdav = 0.00 T = 0.09
 --> Site =   63 .. Mmps =   25 Ndav =   9 E =   -235.7266860075 Error = 6.27e-24 FLOPS = 1.14e+10 Tdav = 0.00 T = 0.08
 --> Site =   64 .. Mmps =   25 Ndav =   7 E =   -235.7266871236 Error = 3.74e-24 FLOPS = 1.17e+10 Tdav = 0.00 T = 0.08
 --> Site =   65 .. Mmps =   25 Ndav =   9 E =   -235.7266876212 Error = 1.45e-24 FLOPS = 1.21e+10 Tdav = 0.00 T = 0.09
 --> Site =   66 .. Mmps =   25 Ndav =   8 E =   -235.7266896411 Error = 3.28e-23 FLOPS = 1.13e+10 Tdav = 0.00 T = 0.09
 --> Site =   67 .. Mmps =   25 Ndav =   9 E =   -235.7266918508 Error = 8.70e-24 FLOPS = 1.18e+10 Tdav = 0.00 T = 0.11
 --> Site =   68 .. Mmps =   25 Ndav =   9 E =   -235.7266978945 Error = 2.28e-23 FLOPS = 1.18e+10 Tdav = 0.00 T = 0.09
 --> Site =   69 .. Mmps =   25 Ndav =   7 E =   -235.7266997887 Error = 1.61e-23 FLOPS = 1.15e+10 Tdav = 0.00 T = 0.09
 --> Site =   70 .. Mmps =   25 Ndav =  10 E =   -235.7267051098 Error = 9.85e-23 FLOPS = 1.20e+10 Tdav = 0.00 T = 0.09
 --> Site =   71 .. Mmps =   25 Ndav =  10 E =   -235.7267076142 Error = 2.06e-23 FLOPS = 1.16e+10 Tdav = 0.00 T = 0.09
 --> Site =   72 .. Mmps =   25 Ndav =  10 E =   -235.7267120447 Error = 4.39e-23 FLOPS = 1.13e+10 Tdav = 0.00 T = 0.10
 --> Site =   73 .. Mmps =   25 Ndav =   8 E =   -235.7267150728 Error = 3.14e-23 FLOPS = 1.19e+10 Tdav = 0.00 T = 0.09
 --> Site =   74 .. Mmps =   25 Ndav =   9 E =   -235.7267177425 Error = 1.98e-23 FLOPS = 1.09e+10 Tdav = 0.00 T = 0.10
 --> Site =   75 .. Mmps =   25 Ndav =  11 E =   -235.7267242730 Error = 5.80e-23 FLOPS = 1.19e+10 Tdav = 0.00 T = 0.09
 --> Site =   76 .. Mmps =   25 Ndav =  11 E =   -235.7267301876 Error = 4.56e-23 FLOPS = 1.20e+10 Tdav = 0.00 T = 0.10
 --> Site =   77 .. Mmps =   25 Ndav =   9 E =   -235.7267314444 Error = 1.69e-23 FLOPS = 1.17e+10 Tdav = 0.00 T = 0.09
 --> Site =   78 .. Mmps =   25 Ndav =   8 E =   -235.7267327912 Error = 9.79e-24 FLOPS = 1.21e+10 Tdav = 0.00 T = 0.09
 --> Site =   79 .. Mmps =   25 Ndav =  10 E =   -235.7267346898 Error = 1.65e-23 FLOPS = 1.20e+10 Tdav = 0.00 T = 0.09
 --> Site =   80 .. Mmps =   25 Ndav =   9 E =   -235.7267367957 Error = 5.41e-24 FLOPS = 1.19e+10 Tdav = 0.00 T = 0.09
 --> Site =   81 .. Mmps =   25 Ndav =  11 E =   -235.7267383004 Error = 1.42e-23 FLOPS = 1.19e+10 Tdav = 0.00 T = 0.09
 --> Site =   82 .. Mmps =   25 Ndav =  10 E =   -235.7267445676 Error = 1.34e-23 FLOPS = 1.22e+10 Tdav = 0.00 T = 0.09
 --> Site =   83 .. Mmps =   25 Ndav =  12 E =   -235.7267469902 Error = 1.72e-23 FLOPS = 1.19e+10 Tdav = 0.00 T = 0.09
 --> Site =   84 .. Mmps =   25 Ndav =  10 E =   -235.7267496761 Error = 1.61e-23 FLOPS = 1.19e+10 Tdav = 0.00 T = 0.08
 --> Site =   85 .. Mmps =   25 Ndav =  12 E =   -235.7267513606 Error = 9.65e-24 FLOPS = 1.16e+10 Tdav = 0.00 T = 0.09
 --> Site =   86 .. Mmps =   25 Ndav =   9 E =   -235.7267538482 Error = 8.15e-24 FLOPS = 1.16e+10 Tdav = 0.00 T = 0.09
 --> Site =   87 .. Mmps =   25 Ndav =   9 E =   -235.7267556757 Error = 1.69e-23 FLOPS = 1.19e+10 Tdav = 0.00 T = 0.09
 --> Site =   88 .. Mmps =   25 Ndav =  11 E =   -235.7267637614 Error = 4.40e-23 FLOPS = 1.16e+10 Tdav = 0.00 T = 0.09
 --> Site =   89 .. Mmps =   25 Ndav =  10 E =   -235.7267652548 Error = 1.08e-23 FLOPS = 1.21e+10 Tdav = 0.00 T = 0.09
 --> Site =   90 .. Mmps =   25 Ndav =   9 E =   -235.7267689428 Error = 7.46e-24 FLOPS = 1.21e+10 Tdav = 0.00 T = 0.09
 --> Site =   91 .. Mmps =   25 Ndav =   6 E =   -235.7267695497 Error = 5.21e-25 FLOPS = 1.17e+10 Tdav = 0.00 T = 0.09
 --> Site =   92 .. Mmps =   25 Ndav =   8 E =   -235.7267735402 Error = 4.43e-23 FLOPS = 1.20e+10 Tdav = 0.00 T = 0.09
 --> Site =   93 .. Mmps =   25 Ndav =  10 E =   -235.7267760232 Error = 2.50e-23 FLOPS = 1.18e+10 Tdav = 0.00 T = 0.09
 --> Site =   94 .. Mmps =   25 Ndav =  11 E =   -235.7267830086 Error = 3.55e-23 FLOPS = 1.22e+10 Tdav = 0.00 T = 0.08
 --> Site =   95 .. Mmps =   25 Ndav =  10 E =   -235.7267849674 Error = 2.06e-23 FLOPS = 1.19e+10 Tdav = 0.00 T = 0.09
 --> Site =   96 .. Mmps =   25 Ndav =  10 E =   -235.7267918012 Error = 4.73e-23 FLOPS = 1.13e+10 Tdav = 0.00 T = 0.09
 --> Site =   97 .. Mmps =   25 Ndav =  10 E =   -235.7267931008 Error = 1.92e-23 FLOPS = 1.20e+10 Tdav = 0.00 T = 0.09
 --> Site =   98 .. Mmps =   25 Ndav =  10 E =   -235.7267994001 Error = 2.30e-23 FLOPS = 1.18e+10 Tdav = 0.00 T = 0.08
 --> Site =   99 .. Mmps =   25 Ndav =   7 E =   -235.7268034676 Error = 2.26e-23 FLOPS = 1.22e+10 Tdav = 0.00 T = 0.08
 --> Site =  100 .. Mmps =   25 Ndav =   9 E =   -235.7268075532 Error = 1.80e-23 FLOPS = 1.18e+10 Tdav = 0.00 T = 0.09
 --> Site =  101 .. Mmps =   25 Ndav =  10 E =   -235.7268113274 Error = 2.88e-23 FLOPS = 1.21e+10 Tdav = 0.00 T = 0.09
 --> Site =  102 .. Mmps =   25 Ndav =  11 E =   -235.7268188295 Error = 5.61e-23 FLOPS = 1.18e+10 Tdav = 0.00 T = 0.09
 --> Site =  103 .. Mmps =   25 Ndav =   8 E =   -235.7268198974 Error = 1.20e-23 FLOPS = 1.23e+10 Tdav = 0.00 T = 0.09
 --> Site =  104 .. Mmps =   25 Ndav =   7 E =   -235.7268216674 Error = 5.60e-24 FLOPS = 1.21e+10 Tdav = 0.00 T = 0.08
 --> Site =  105 .. Mmps =   25 Ndav =  11 E =   -235.7268277034 Error = 5.72e-23 FLOPS = 1.18e+10 Tdav = 0.00 T = 0.09
 --> Site =  106 .. Mmps =   25 Ndav =  10 E =   -235.7268334708 Error = 1.94e-23 FLOPS = 1.21e+10 Tdav = 0.00 T = 0.09
 --> Site =  107 .. Mmps =   25 Ndav =  12 E =   -235.7268354744 Error = 1.32e-23 FLOPS = 1.19e+10 Tdav = 0.00 T = 0.08
 --> Site =  108 .. Mmps =   25 Ndav =  11 E =   -235.7268422548 Error = 1.60e-23 FLOPS = 1.16e+10 Tdav = 0.00 T = 0.08
 --> Site =  109 .. Mmps =   25 Ndav =  13 E =   -235.7268451301 Error = 1.80e-23 FLOPS = 1.11e+10 Tdav = 0.00 T = 0.08
 --> Site =  110 .. Mmps =   25 Ndav =   9 E =   -235.7268467199 Error = 9.07e-24 FLOPS = 1.18e+10 Tdav = 0.00 T = 0.08
 --> Site =  111 .. Mmps =   25 Ndav =  12 E =   -235.7268491623 Error = 3.81e-23 FLOPS = 1.13e+10 Tdav = 0.00 T = 0.08
 --> Site =  112 .. Mmps =   25 Ndav =  10 E =   -235.7268520515 Error = 1.71e-23 FLOPS = 1.15e+10 Tdav = 0.00 T = 0.09
 --> Site =  113 .. Mmps =   25 Ndav =  12 E =   -235.7268547905 Error = 2.64e-23 FLOPS = 1.14e+10 Tdav = 0.00 T = 0.08
 --> Site =  114 .. Mmps =   25 Ndav =   9 E =   -235.7268580625 Error = 7.87e-24 FLOPS = 1.16e+10 Tdav = 0.00 T = 0.08
 --> Site =  115 .. Mmps =   25 Ndav =   9 E =   -235.7268598067 Error = 6.44e-24 FLOPS = 1.14e+10 Tdav = 0.00 T = 0.09
 --> Site =  116 .. Mmps =   25 Ndav =   8 E =   -235.7268630055 Error = 2.86e-23 FLOPS = 1.17e+10 Tdav = 0.00 T = 0.08
 --> Site =  117 .. Mmps =   25 Ndav =   6 E =   -235.7268633762 Error = 1.18e-24 FLOPS = 1.13e+10 Tdav = 0.00 T = 0.08
 --> Site =  118 .. Mmps =   25 Ndav =   9 E =   -235.7268666838 Error = 3.06e-23 FLOPS = 1.15e+10 Tdav = 0.00 T = 0.08
 --> Site =  119 .. Mmps =   25 Ndav =   9 E =   -235.7268682322 Error = 1.90e-23 FLOPS = 1.11e+10 Tdav = 0.00 T = 0.08
 --> Site =  120 .. Mmps =   25 Ndav =   9 E =   -235.7268735382 Error = 3.73e-23 FLOPS = 1.13e+10 Tdav = 0.00 T = 0.08
 --> Site =  121 .. Mmps =   25 Ndav =   8 E =   -235.7268752506 Error = 3.56e-23 FLOPS = 1.12e+10 Tdav = 0.00 T = 0.07
 --> Site =  122 .. Mmps =   25 Ndav =   9 E =   -235.7268772146 Error = 2.54e-23 FLOPS = 1.14e+10 Tdav = 0.00 T = 0.07
 --> Site =  123 .. Mmps =   25 Ndav =  10 E =   -235.7268785992 Error = 2.34e-23 FLOPS = 1.12e+10 Tdav = 0.00 T = 0.07
 --> Site =  124 .. Mmps =   25 Ndav =  11 E =   -235.7268849324 Error = 1.60e-23 FLOPS = 1.13e+10 Tdav = 0.00 T = 0.07
 --> Site =  125 .. Mmps =   25 Ndav =  12 E =   -235.7268901934 Error = 9.12e-24 FLOPS = 1.10e+10 Tdav = 0.00 T = 0.07
 --> Site =  126 .. Mmps =   25 Ndav =   9 E =   -235.7268947855 Error = 4.55e-23 FLOPS = 1.12e+10 Tdav = 0.00 T = 0.07
 --> Site =  127 .. Mmps =   25 Ndav =  10 E =   -235.7268984224 Error = 6.49e-23 FLOPS = 1.10e+10 Tdav = 0.00 T = 0.09
 --> Site =  128 .. Mmps =   25 Ndav =  10 E =   -235.7269050797 Error = 1.98e-23 FLOPS = 1.10e+10 Tdav = 0.00 T = 0.07
 --> Site =  129 .. Mmps =   25 Ndav =   6 E =   -235.7269059631 Error = 2.31e-24 FLOPS = 1.09e+10 Tdav = 0.00 T = 0.07
 --> Site =  130 .. Mmps =   25 Ndav =   8 E =   -235.7269081630 Error = 1.23e-23 FLOPS = 1.12e+10 Tdav = 0.00 T = 0.06
 --> Site =  131 .. Mmps =   25 Ndav =  10 E =   -235.7269118954 Error = 1.10e-22 FLOPS = 1.09e+10 Tdav = 0.00 T = 0.06
 --> Site =  132 .. Mmps =   25 Ndav =  10 E =   -235.7269154419 Error = 3.06e-23 FLOPS = 1.08e+10 Tdav = 0.00 T = 0.06
 --> Site =  133 .. Mmps =   25 Ndav =  13 E =   -235.7269182607 Error = 8.89e-23 FLOPS = 3.62e+09 Tdav = 0.01 T = 0.06
 --> Site =  134 .. Mmps =   25 Ndav =  11 E =   -235.7269247263 Error = 1.20e-22 FLOPS = 1.01e+10 Tdav = 0.00 T = 0.06
 --> Site =  135 .. Mmps =   25 Ndav =  13 E =   -235.7269277663 Error = 4.83e-23 FLOPS = 9.83e+09 Tdav = 0.00 T = 0.05
 --> Site =  136 .. Mmps =   25 Ndav =  10 E =   -235.7269326132 Error = 4.29e-23 FLOPS = 1.03e+10 Tdav = 0.00 T = 0.05
 --> Site =  137 .. Mmps =   25 Ndav =  13 E =   -235.7269370021 Error = 6.63e-23 FLOPS = 9.74e+09 Tdav = 0.00 T = 0.06
 --> Site =  138 .. Mmps =   25 Ndav =   9 E =   -235.7269399934 Error = 2.65e-23 FLOPS = 1.06e+10 Tdav = 0.00 T = 0.05
 --> Site =  139 .. Mmps =   25 Ndav =  11 E =   -235.7269419733 Error = 1.58e-23 FLOPS = 1.01e+10 Tdav = 0.00 T = 0.05
 --> Site =  140 .. Mmps =   25 Ndav =   9 E =   -235.7269463625 Error = 2.73e-23 FLOPS = 1.04e+10 Tdav = 0.00 T = 0.05
 --> Site =  141 .. Mmps =   25 Ndav =  10 E =   -235.7269478011 Error = 4.70e-24 FLOPS = 9.99e+09 Tdav = 0.00 T = 0.05
 --> Site =  142 .. Mmps =   25 Ndav =   7 E =   -235.7269500296 Error = 4.70e-24 FLOPS = 1.01e+10 Tdav = 0.00 T = 0.05
 --> Site =  143 .. Mmps =   25 Ndav =   6 E =   -235.7269503486 Error = 2.81e-25 FLOPS = 9.82e+09 Tdav = 0.00 T = 0.04
 --> Site =  144 .. Mmps =   25 Ndav =  10 E =   -235.7269532115 Error = 9.91e-24 FLOPS = 9.62e+09 Tdav = 0.00 T = 0.04
 --> Site =  145 .. Mmps =   25 Ndav =   7 E =   -235.7269542524 Error = 1.60e-24 FLOPS = 9.94e+09 Tdav = 0.00 T = 0.04
 --> Site =  146 .. Mmps =   25 Ndav =   9 E =   -235.7269560854 Error = 1.04e-23 FLOPS = 9.57e+09 Tdav = 0.00 T = 0.04
 --> Site =  147 .. Mmps =   25 Ndav =   8 E =   -235.7269581125 Error = 1.03e-23 FLOPS = 9.52e+09 Tdav = 0.00 T = 0.04
 --> Site =  148 .. Mmps =   25 Ndav =   9 E =   -235.7269591836 Error = 5.15e-24 FLOPS = 9.24e+09 Tdav = 0.00 T = 0.04
 --> Site =  149 .. Mmps =   25 Ndav =   8 E =   -235.7269595026 Error = 1.34e-24 FLOPS = 9.32e+09 Tdav = 0.00 T = 0.04
 --> Site =  150 .. Mmps =   25 Ndav =   9 E =   -235.7269607356 Error = 6.93e-24 FLOPS = 9.01e+09 Tdav = 0.00 T = 0.04
 --> Site =  151 .. Mmps =   25 Ndav =   9 E =   -235.7269613651 Error = 3.33e-24 FLOPS = 8.61e+09 Tdav = 0.00 T = 0.04
 --> Site =  152 .. Mmps =   25 Ndav =   9 E =   -235.7269628776 Error = 5.39e-24 FLOPS = 8.53e+09 Tdav = 0.00 T = 0.04
 --> Site =  153 .. Mmps =   25 Ndav =   7 E =   -235.7269633970 Error = 2.84e-24 FLOPS = 8.61e+09 Tdav = 0.00 T = 0.03
 --> Site =  154 .. Mmps =   25 Ndav =   9 E =   -235.7269644078 Error = 4.42e-24 FLOPS = 7.71e+09 Tdav = 0.00 T = 0.03
 --> Site =  155 .. Mmps =   25 Ndav =   9 E =   -235.7269648183 Error = 2.52e-24 FLOPS = 7.86e+09 Tdav = 0.00 T = 0.03
 --> Site =  156 .. Mmps =   25 Ndav =   6 E =   -235.7269651618 Error = 1.08e-24 FLOPS = 7.67e+09 Tdav = 0.00 T = 0.03
 --> Site =  157 .. Mmps =   25 Ndav =   9 E =   -235.7269654300 Error = 2.90e-25 FLOPS = 6.93e+09 Tdav = 0.00 T = 0.03
 --> Site =  158 .. Mmps =   25 Ndav =   7 E =   -235.7269656093 Error = 4.38e-25 FLOPS = 6.52e+09 Tdav = 0.00 T = 0.04
 --> Site =  159 .. Mmps =   25 Ndav =   6 E =   -235.7269656669 Error = 4.13e-26 FLOPS = 6.58e+09 Tdav = 0.00 T = 0.03
 --> Site =  160 .. Mmps =   25 Ndav =   7 E =   -235.7269659134 Error = 1.40e-25 FLOPS = 6.52e+09 Tdav = 0.00 T = 0.03
 --> Site =  161 .. Mmps =   25 Ndav =   7 E =   -235.7269659443 Error = 6.74e-27 FLOPS = 5.82e+09 Tdav = 0.00 T = 0.03
 --> Site =  162 .. Mmps =   25 Ndav =   6 E =   -235.7269659636 Error = 3.59e-27 FLOPS = 5.20e+09 Tdav = 0.00 T = 0.03
 --> Site =  163 .. Mmps =   25 Ndav =   6 E =   -235.7269659861 Error = 1.63e-28 FLOPS = 4.84e+09 Tdav = 0.00 T = 0.03
 --> Site =  164 .. Mmps =   25 Ndav =   5 E =   -235.7269659931 Error = 5.51e-29 FLOPS = 4.18e+09 Tdav = 0.00 T = 0.03
 --> Site =  165 .. Mmps =   25 Ndav =   2 E =   -235.7269659931 Error = 1.34e-31 FLOPS = 1.62e+09 Tdav = 0.00 T = 0.03
 --> Site =  166 .. Mmps =   25 Ndav =   1 E =   -235.7269659931 Error = 2.41e-58 FLOPS = 4.08e+08 Tdav = 0.00 T = 0.03
 --> Site =  167 .. Mmps =   25 Ndav =   1 E =   -235.7269659931 Error = 0.00e+00 FLOPS = 2.61e+08 Tdav = 0.00 T = 0.03
 --> Site =  168 .. Mmps =   24 Ndav =   1 E =   -235.7269659931 Error = 0.00e+00 FLOPS = 7.79e+07 Tdav = 0.00 T = 0.03
Time elapsed =    177.077 | E =    -235.7269659931 | DE = -4.53e-04 | DW = 1.19531e-22
Time sweep =       10.763 | 2.73 GFLOP/SWP
 | Dmem = 284 KB (2%) | Imem = 232 B (79%) | Hmem = 1.17 MB | Wmem = 5.86 KB | Pmem = 5.86 KB
 | Tread = 0.240 | Twrite = 0.877 | Tfpread = 0.057 | Tfpwrite = 0.053 | Tmporead = 0.000 | Tasync = 0.000
 | data = 31.0 MB | cpsd = 23.8 MB
 | Trot = 0.068 | Tctr = 0.010 | Tint = 0.010 | Tmid = 0.000 | Tdctr = 0.159 | Tdiag = 0.028 | Tinfo = 0.228
 | Teff = 5.218 | Tprt = 0.149 | Teig = 0.272 | Tblk = 9.119 | Tmve = 1.633 | Tdm = 0.004 | Tsplt = 0.046 | Tsvd = 0.000 | Torth = 0.000

Sweep =    5 | Direction = backward | Bond dimension =   25 | Noise =  1.00e-05 | Dav threshold =  1.00e-10
 <-- Site =  168 .. Mmps =    2 Ndav =   1 E =   -235.7269659931 Error = 0.00e+00 FLOPS = 8.41e+07 Tdav = 0.00 T = 0.02
 <-- Site =  167 .. Mmps =    4 Ndav =   1 E =   -235.7269659931 Error = 0.00e+00 FLOPS = 3.00e+08 Tdav = 0.00 T = 0.03
 <-- Site =  166 .. Mmps =    8 Ndav =   1 E =   -235.7269659931 Error = 0.00e+00 FLOPS = 5.28e+08 Tdav = 0.00 T = 0.03
 <-- Site =  165 .. Mmps =   16 Ndav =   1 E =   -235.7269659931 Error = 0.00e+00 FLOPS = 1.13e+09 Tdav = 0.00 T = 0.03
 <-- Site =  164 .. Mmps =   25 Ndav =   1 E =   -235.7269659931 Error = 1.01e-25 FLOPS = 1.88e+09 Tdav = 0.00 T = 0.03
 <-- Site =  163 .. Mmps =   25 Ndav =   2 E =   -235.7269659931 Error = 2.53e-23 FLOPS = 4.08e+09 Tdav = 0.00 T = 0.03
 <-- Site =  162 .. Mmps =   25 Ndav =   3 E =   -235.7269659932 Error = 1.11e-19 FLOPS = 5.36e+09 Tdav = 0.00 T = 0.03
 <-- Site =  161 .. Mmps =   25 Ndav =   4 E =   -235.7269659936 Error = 3.34e-22 FLOPS = 6.31e+09 Tdav = 0.00 T = 0.03
 <-- Site =  160 .. Mmps =   25 Ndav =   5 E =   -235.7269659957 Error = 1.42e-20 FLOPS = 6.77e+09 Tdav = 0.00 T = 0.03
 <-- Site =  159 .. Mmps =   25 Ndav =   5 E =   -235.7269660054 Error = 7.06e-22 FLOPS = 7.67e+09 Tdav = 0.00 T = 0.04
 <-- Site =  158 .. Mmps =   25 Ndav =   6 E =   -235.7269660651 Error = 3.68e-19 FLOPS = 8.15e+09 Tdav = 0.00 T = 0.04
 <-- Site =  157 .. Mmps =   25 Ndav =   7 E =   -235.7269661122 Error = 5.47e-21 FLOPS = 7.54e+09 Tdav = 0.00 T = 0.04
 <-- Site =  156 .. Mmps =   25 Ndav =   8 E =   -235.7269665611 Error = 9.31e-20 FLOPS = 8.99e+09 Tdav = 0.00 T = 0.03
 <-- Site =  155 .. Mmps =   25 Ndav =   7 E =   -235.7269684279 Error = 2.23e-20 FLOPS = 9.29e+09 Tdav = 0.00 T = 0.03
 <-- Site =  154 .. Mmps =   25 Ndav =   9 E =   -235.7269697527 Error = 1.04e-19 FLOPS = 9.57e+09 Tdav = 0.00 T = 0.03
 <-- Site =  153 .. Mmps =   25 Ndav =   9 E =   -235.7269721038 Error = 4.38e-20 FLOPS = 9.46e+09 Tdav = 0.00 T = 0.04
 <-- Site =  152 .. Mmps =   25 Ndav =  10 E =   -235.7269765986 Error = 1.69e-18 FLOPS = 9.64e+09 Tdav = 0.00 T = 0.04
 <-- Site =  151 .. Mmps =   25 Ndav =  11 E =   -235.7269800020 Error = 1.29e-20 FLOPS = 9.66e+09 Tdav = 0.00 T = 0.04
 <-- Site =  150 .. Mmps =   25 Ndav =  11 E =   -235.7269827651 Error = 2.86e-19 FLOPS = 9.57e+09 Tdav = 0.00 T = 0.04
 <-- Site =  149 .. Mmps =   25 Ndav =   9 E =   -235.7269852894 Error = 1.12e-19 FLOPS = 1.06e+10 Tdav = 0.00 T = 0.04
 <-- Site =  148 .. Mmps =   25 Ndav =  10 E =   -235.7269932975 Error = 4.92e-20 FLOPS = 1.05e+10 Tdav = 0.00 T = 0.05
 <-- Site =  147 .. Mmps =   25 Ndav =  10 E =   -235.7270008967 Error = 4.08e-20 FLOPS = 1.08e+10 Tdav = 0.00 T = 0.05
 <-- Site =  146 .. Mmps =   25 Ndav =  10 E =   -235.7270035607 Error = 1.39e-19 FLOPS = 1.07e+10 Tdav = 0.00 T = 0.04
 <-- Site =  145 .. Mmps =   25 Ndav =  10 E =   -235.7270094393 Error = 9.54e-21 FLOPS = 1.08e+10 Tdav = 0.00 T = 0.05
 <-- Site =  144 .. Mmps =   25 Ndav =  12 E =   -235.7270198632 Error = 4.93e-20 FLOPS = 1.06e+10 Tdav = 0.00 T = 0.05
 <-- Site =  143 .. Mmps =   25 Ndav =  10 E =   -235.7270238716 Error = 7.55e-20 FLOPS = 1.11e+10 Tdav = 0.00 T = 0.05
 <-- Site =  142 .. Mmps =   25 Ndav =  10 E =   -235.7270397520 Error = 3.86e-17 FLOPS = 1.12e+10 Tdav = 0.00 T = 0.05
 <-- Site =  141 .. Mmps =   25 Ndav =  14 E =   -235.7270651385 Error = 6.84e-20 FLOPS = 1.03e+10 Tdav = 0.00 T = 0.05
 <-- Site =  140 .. Mmps =   25 Ndav =  10 E =   -235.7270764777 Error = 4.20e-19 FLOPS = 1.13e+10 Tdav = 0.00 T = 0.05
 <-- Site =  139 .. Mmps =   25 Ndav =  14 E =   -235.7270960291 Error = 2.47e-20 FLOPS = 1.06e+10 Tdav = 0.00 T = 0.06
 <-- Site =  138 .. Mmps =   25 Ndav =  11 E =   -235.7271031755 Error = 5.94e-18 FLOPS = 1.13e+10 Tdav = 0.00 T = 0.06
 <-- Site =  137 .. Mmps =   25 Ndav =  15 E =   -235.7271156513 Error = 2.31e-20 FLOPS = 1.04e+10 Tdav = 0.00 T = 0.06
 <-- Site =  136 .. Mmps =   25 Ndav =  11 E =   -235.7271268427 Error = 2.34e-18 FLOPS = 1.15e+10 Tdav = 0.00 T = 0.06
 <-- Site =  135 .. Mmps =   25 Ndav =  14 E =   -235.7271465902 Error = 2.30e-20 FLOPS = 1.09e+10 Tdav = 0.00 T = 0.06
 <-- Site =  134 .. Mmps =   25 Ndav =  11 E =   -235.7271572436 Error = 4.84e-20 FLOPS = 1.18e+10 Tdav = 0.00 T = 0.06
 <-- Site =  133 .. Mmps =   25 Ndav =  13 E =   -235.7271718695 Error = 4.97e-20 FLOPS = 1.13e+10 Tdav = 0.00 T = 0.07
 <-- Site =  132 .. Mmps =   25 Ndav =  11 E =   -235.7271789094 Error = 1.04e-19 FLOPS = 1.18e+10 Tdav = 0.00 T = 0.07
 <-- Site =  131 .. Mmps =   25 Ndav =  11 E =   -235.7271866257 Error = 2.92e-20 FLOPS = 1.18e+10 Tdav = 0.00 T = 0.07
 <-- Site =  130 .. Mmps =   25 Ndav =  11 E =   -235.7271961980 Error = 1.22e-18 FLOPS = 1.20e+10 Tdav = 0.00 T = 0.07
 <-- Site =  129 .. Mmps =   25 Ndav =   9 E =   -235.7272025987 Error = 1.74e-20 FLOPS = 1.24e+10 Tdav = 0.00 T = 0.07
 <-- Site =  128 .. Mmps =   25 Ndav =  11 E =   -235.7272152325 Error = 8.11e-19 FLOPS = 1.19e+10 Tdav = 0.00 T = 0.07
 <-- Site =  127 .. Mmps =   25 Ndav =  12 E =   -235.7272397633 Error = 2.37e-19 FLOPS = 1.20e+10 Tdav = 0.00 T = 0.07
 <-- Site =  126 .. Mmps =   25 Ndav =  11 E =   -235.7272520261 Error = 1.28e-18 FLOPS = 1.23e+10 Tdav = 0.00 T = 0.07
 <-- Site =  125 .. Mmps =   25 Ndav =  11 E =   -235.7272593705 Error = 6.73e-20 FLOPS = 1.24e+10 Tdav = 0.00 T = 0.08
 <-- Site =  124 .. Mmps =   25 Ndav =  11 E =   -235.7272675009 Error = 3.12e-18 FLOPS = 1.24e+10 Tdav = 0.00 T = 0.07
 <-- Site =  123 .. Mmps =   25 Ndav =  10 E =   -235.7272778394 Error = 2.62e-19 FLOPS = 1.25e+10 Tdav = 0.00 T = 0.08
 <-- Site =  122 .. Mmps =   25 Ndav =  11 E =   -235.7272849835 Error = 4.01e-20 FLOPS = 1.24e+10 Tdav = 0.00 T = 0.08
 <-- Site =  121 .. Mmps =   25 Ndav =  10 E =   -235.7272925363 Error = 1.19e-20 FLOPS = 1.25e+10 Tdav = 0.00 T = 0.08
 <-- Site =  120 .. Mmps =   25 Ndav =  11 E =   -235.7273127001 Error = 1.81e-19 FLOPS = 1.24e+10 Tdav = 0.00 T = 0.08
 <-- Site =  119 .. Mmps =   25 Ndav =  10 E =   -235.7273202554 Error = 1.57e-20 FLOPS = 1.20e+10 Tdav = 0.00 T = 0.09
 <-- Site =  118 .. Mmps =   25 Ndav =  12 E =   -235.7273332816 Error = 1.46e-19 FLOPS = 1.22e+10 Tdav = 0.00 T = 0.09
 <-- Site =  117 .. Mmps =   25 Ndav =  11 E =   -235.7273394083 Error = 2.04e-20 FLOPS = 1.23e+10 Tdav = 0.00 T = 0.09
 <-- Site =  116 .. Mmps =   25 Ndav =   9 E =   -235.7273507556 Error = 1.29e-18 FLOPS = 1.25e+10 Tdav = 0.00 T = 0.08
 <-- Site =  115 .. Mmps =   25 Ndav =  13 E =   -235.7273649570 Error = 6.38e-20 FLOPS = 1.22e+10 Tdav = 0.00 T = 0.09
 <-- Site =  114 .. Mmps =   25 Ndav =  11 E =   -235.7273791179 Error = 1.09e-17 FLOPS = 1.25e+10 Tdav = 0.00 T = 0.09
 <-- Site =  113 .. Mmps =   25 Ndav =  13 E =   -235.7273936692 Error = 1.67e-20 FLOPS = 1.23e+10 Tdav = 0.01 T = 0.09
 <-- Site =  112 .. Mmps =   25 Ndav =  10 E =   -235.7274021866 Error = 6.93e-19 FLOPS = 1.26e+10 Tdav = 0.00 T = 0.09
 <-- Site =  111 .. Mmps =   25 Ndav =  15 E =   -235.7274176420 Error = 7.49e-20 FLOPS = 1.19e+10 Tdav = 0.01 T = 0.09
 <-- Site =  110 .. Mmps =   25 Ndav =  11 E =   -235.7274240052 Error = 9.08e-18 FLOPS = 1.25e+10 Tdav = 0.00 T = 0.09
 <-- Site =  109 .. Mmps =   25 Ndav =  14 E =   -235.7274391513 Error = 2.49e-20 FLOPS = 1.20e+10 Tdav = 0.01 T = 0.10
 <-- Site =  108 .. Mmps =   25 Ndav =  12 E =   -235.7274470936 Error = 7.55e-19 FLOPS = 1.24e+10 Tdav = 0.00 T = 0.09
 <-- Site =  107 .. Mmps =   25 Ndav =  12 E =   -235.7274606838 Error = 5.33e-20 FLOPS = 1.23e+10 Tdav = 0.00 T = 0.09
 <-- Site =  106 .. Mmps =   25 Ndav =  11 E =   -235.7274716892 Error = 2.13e-19 FLOPS = 1.25e+10 Tdav = 0.00 T = 0.09
 <-- Site =  105 .. Mmps =   25 Ndav =  11 E =   -235.7274784880 Error = 1.65e-20 FLOPS = 1.25e+10 Tdav = 0.00 T = 0.10
 <-- Site =  104 .. Mmps =   25 Ndav =  10 E =   -235.7274825487 Error = 2.48e-18 FLOPS = 1.28e+10 Tdav = 0.00 T = 0.10
 <-- Site =  103 .. Mmps =   25 Ndav =   9 E =   -235.7274900052 Error = 1.15e-19 FLOPS = 1.28e+10 Tdav = 0.00 T = 0.10
 <-- Site =  102 .. Mmps =   25 Ndav =  11 E =   -235.7275030580 Error = 3.89e-19 FLOPS = 1.29e+10 Tdav = 0.00 T = 0.10
 <-- Site =  101 .. Mmps =   25 Ndav =  11 E =   -235.7275123473 Error = 2.04e-20 FLOPS = 1.30e+10 Tdav = 0.00 T = 0.09
 <-- Site =  100 .. Mmps =   25 Ndav =  11 E =   -235.7275249954 Error = 2.75e-19 FLOPS = 1.30e+10 Tdav = 0.00 T = 0.09
 <-- Site =   99 .. Mmps =   25 Ndav =  11 E =   -235.7275365105 Error = 1.03e-19 FLOPS = 1.28e+10 Tdav = 0.00 T = 0.09
 <-- Site =   98 .. Mmps =   25 Ndav =  10 E =   -235.7275440433 Error = 1.95e-18 FLOPS = 1.29e+10 Tdav = 0.00 T = 0.10
 <-- Site =   97 .. Mmps =   25 Ndav =  12 E =   -235.7275558559 Error = 7.08e-19 FLOPS = 1.28e+10 Tdav = 0.00 T = 0.10
 <-- Site =   96 .. Mmps =   25 Ndav =  12 E =   -235.7275710504 Error = 1.11e-19 FLOPS = 1.28e+10 Tdav = 0.00 T = 0.09
 <-- Site =   95 .. Mmps =   25 Ndav =  10 E =   -235.7275801180 Error = 2.62e-19 FLOPS = 1.30e+10 Tdav = 0.00 T = 0.09
 <-- Site =   94 .. Mmps =   25 Ndav =  13 E =   -235.7276033594 Error = 3.02e-19 FLOPS = 1.27e+10 Tdav = 0.01 T = 0.09
 <-- Site =   93 .. Mmps =   25 Ndav =  10 E =   -235.7276170172 Error = 5.58e-20 FLOPS = 1.30e+10 Tdav = 0.00 T = 0.09
 <-- Site =   92 .. Mmps =   25 Ndav =  11 E =   -235.7276278781 Error = 3.64e-19 FLOPS = 1.29e+10 Tdav = 0.00 T = 0.10
 <-- Site =   91 .. Mmps =   25 Ndav =  12 E =   -235.7276370456 Error = 3.75e-20 FLOPS = 1.29e+10 Tdav = 0.00 T = 0.10
 <-- Site =   90 .. Mmps =   25 Ndav =  10 E =   -235.7276468910 Error = 2.66e-18 FLOPS = 1.30e+10 Tdav = 0.00 T = 0.10
 <-- Site =   89 .. Mmps =   25 Ndav =  14 E =   -235.7276573748 Error = 1.92e-20 FLOPS = 1.25e+10 Tdav = 0.01 T = 0.10
 <-- Site =   88 .. Mmps =   25 Ndav =  12 E =   -235.7276740527 Error = 6.98e-20 FLOPS = 1.26e+10 Tdav = 0.00 T = 0.10
 <-- Site =   87 .. Mmps =   25 Ndav =  13 E =   -235.7276833132 Error = 1.37e-20 FLOPS = 1.25e+10 Tdav = 0.01 T = 0.10
 <-- Site =   86 .. Mmps =   25 Ndav =  10 E =   -235.7276930252 Error = 1.06e-17 FLOPS = 1.30e+10 Tdav = 0.00 T = 0.09
 <-- Site =   85 .. Mmps =   25 Ndav =  14 E =   -235.7277068437 Error = 1.15e-19 FLOPS = 1.24e+10 Tdav = 0.01 T = 0.09
 <-- Site =   84 .. Mmps =   25 Ndav =  11 E =   -235.7277168844 Error = 9.16e-19 FLOPS = 1.30e+10 Tdav = 0.00 T = 0.10
 <-- Site =   83 .. Mmps =   25 Ndav =  14 E =   -235.7277283174 Error = 6.89e-20 FLOPS = 1.24e+10 Tdav = 0.01 T = 0.10
 <-- Site =   82 .. Mmps =   25 Ndav =  11 E =   -235.7277394491 Error = 1.02e-19 FLOPS = 1.29e+10 Tdav = 0.00 T = 0.10
 <-- Site =   81 .. Mmps =   25 Ndav =  12 E =   -235.7277533206 Error = 3.53e-20 FLOPS = 1.26e+10 Tdav = 0.00 T = 0.10
 <-- Site =   80 .. Mmps =   25 Ndav =  11 E =   -235.7277617967 Error = 4.14e-18 FLOPS = 1.28e+10 Tdav = 0.00 T = 0.10
 <-- Site =   79 .. Mmps =   25 Ndav =  10 E =   -235.7277664055 Error = 1.74e-20 FLOPS = 1.28e+10 Tdav = 0.00 T = 0.10
 <-- Site =   78 .. Mmps =   25 Ndav =  10 E =   -235.7277793925 Error = 1.86e-17 FLOPS = 1.28e+10 Tdav = 0.00 T = 0.10
 <-- Site =   77 .. Mmps =   25 Ndav =  10 E =   -235.7277903735 Error = 2.52e-20 FLOPS = 1.31e+10 Tdav = 0.00 T = 0.11
 <-- Site =   76 .. Mmps =   25 Ndav =  12 E =   -235.7278016388 Error = 4.11e-19 FLOPS = 1.23e+10 Tdav = 0.01 T = 0.10
 <-- Site =   75 .. Mmps =   25 Ndav =  11 E =   -235.7278137811 Error = 4.10e-20 FLOPS = 1.30e+10 Tdav = 0.00 T = 0.10
 <-- Site =   74 .. Mmps =   25 Ndav =  11 E =   -235.7278175192 Error = 2.03e-20 FLOPS = 1.30e+10 Tdav = 0.00 T = 0.10
 <-- Site =   73 .. Mmps =   25 Ndav =  11 E =   -235.7278266160 Error = 3.43e-20 FLOPS = 1.30e+10 Tdav = 0.00 T = 0.09
 <-- Site =   72 .. Mmps =   25 Ndav =  11 E =   -235.7278373154 Error = 1.27e-19 FLOPS = 1.31e+10 Tdav = 0.00 T = 0.09
 <-- Site =   71 .. Mmps =   25 Ndav =  12 E =   -235.7278553381 Error = 3.19e-20 FLOPS = 1.24e+10 Tdav = 0.00 T = 0.10
 <-- Site =   70 .. Mmps =   25 Ndav =  11 E =   -235.7278632624 Error = 1.95e-18 FLOPS = 1.26e+10 Tdav = 0.00 T = 0.10
 <-- Site =   69 .. Mmps =   25 Ndav =  11 E =   -235.7278715070 Error = 2.10e-19 FLOPS = 1.25e+10 Tdav = 0.00 T = 0.10
 <-- Site =   68 .. Mmps =   25 Ndav =  11 E =   -235.7278911376 Error = 3.04e-19 FLOPS = 1.27e+10 Tdav = 0.00 T = 0.10
 <-- Site =   67 .. Mmps =   25 Ndav =  12 E =   -235.7279065029 Error = 2.54e-20 FLOPS = 1.23e+10 Tdav = 0.01 T = 0.10
 <-- Site =   66 .. Mmps =   25 Ndav =  11 E =   -235.7279159428 Error = 2.32e-19 FLOPS = 1.28e+10 Tdav = 0.00 T = 0.10
 <-- Site =   65 .. Mmps =   25 Ndav =  11 E =   -235.7279223124 Error = 5.84e-20 FLOPS = 1.29e+10 Tdav = 0.00 T = 0.11
 <-- Site =   64 .. Mmps =   25 Ndav =  10 E =   -235.7279352054 Error = 7.82e-19 FLOPS = 1.29e+10 Tdav = 0.00 T = 0.10
 <-- Site =   63 .. Mmps =   25 Ndav =  14 E =   -235.7279581685 Error = 3.25e-20 FLOPS = 1.23e+10 Tdav = 0.01 T = 0.09
 <-- Site =   62 .. Mmps =   25 Ndav =  11 E =   -235.7279702600 Error = 7.91e-20 FLOPS = 1.26e+10 Tdav = 0.00 T = 0.09
 <-- Site =   61 .. Mmps =   25 Ndav =  15 E =   -235.7279932154 Error = 2.85e-20 FLOPS = 1.20e+10 Tdav = 0.01 T = 0.10
 <-- Site =   60 .. Mmps =   25 Ndav =  11 E =   -235.7280011120 Error = 1.56e-18 FLOPS = 1.20e+10 Tdav = 0.00 T = 0.10
 <-- Site =   59 .. Mmps =   25 Ndav =  14 E =   -235.7280186553 Error = 1.01e-19 FLOPS = 1.21e+10 Tdav = 0.01 T = 0.11
 <-- Site =   58 .. Mmps =   25 Ndav =  12 E =   -235.7280370760 Error = 1.07e-18 FLOPS = 1.25e+10 Tdav = 0.00 T = 0.09
 <-- Site =   57 .. Mmps =   25 Ndav =  15 E =   -235.7280459742 Error = 4.07e-20 FLOPS = 1.18e+10 Tdav = 0.01 T = 0.09
 <-- Site =   56 .. Mmps =   25 Ndav =  12 E =   -235.7280659978 Error = 3.77e-18 FLOPS = 1.23e+10 Tdav = 0.00 T = 0.09
 <-- Site =   55 .. Mmps =   25 Ndav =  15 E =   -235.7280780202 Error = 6.29e-20 FLOPS = 1.18e+10 Tdav = 0.01 T = 0.09
 <-- Site =   54 .. Mmps =   25 Ndav =  12 E =   -235.7280936898 Error = 3.02e-19 FLOPS = 1.25e+10 Tdav = 0.00 T = 0.09
 <-- Site =   53 .. Mmps =   25 Ndav =  11 E =   -235.7280985599 Error = 2.01e-20 FLOPS = 1.26e+10 Tdav = 0.00 T = 0.08
 <-- Site =   52 .. Mmps =   25 Ndav =  11 E =   -235.7281115561 Error = 3.73e-17 FLOPS = 1.24e+10 Tdav = 0.00 T = 0.08
 <-- Site =   51 .. Mmps =   25 Ndav =   8 E =   -235.7281174957 Error = 2.52e-20 FLOPS = 1.27e+10 Tdav = 0.00 T = 0.08
 <-- Site =   50 .. Mmps =   25 Ndav =  11 E =   -235.7281253406 Error = 1.06e-18 FLOPS = 1.22e+10 Tdav = 0.00 T = 0.08
 <-- Site =   49 .. Mmps =   25 Ndav =  11 E =   -235.7281307798 Error = 5.54e-20 FLOPS = 1.21e+10 Tdav = 0.00 T = 0.08
 <-- Site =   48 .. Mmps =   25 Ndav =  12 E =   -235.7281444218 Error = 9.24e-19 FLOPS = 1.24e+10 Tdav = 0.00 T = 0.08
 <-- Site =   47 .. Mmps =   25 Ndav =  11 E =   -235.7281526856 Error = 2.15e-19 FLOPS = 1.23e+10 Tdav = 0.00 T = 0.08
 <-- Site =   46 .. Mmps =   25 Ndav =  11 E =   -235.7281623133 Error = 6.95e-19 FLOPS = 1.23e+10 Tdav = 0.00 T = 0.08
 <-- Site =   45 .. Mmps =   25 Ndav =  12 E =   -235.7281788559 Error = 5.38e-20 FLOPS = 1.20e+10 Tdav = 0.00 T = 0.08
 <-- Site =   44 .. Mmps =   25 Ndav =  11 E =   -235.7281874642 Error = 6.01e-19 FLOPS = 1.22e+10 Tdav = 0.00 T = 0.08
 <-- Site =   43 .. Mmps =   25 Ndav =  10 E =   -235.7281990281 Error = 2.07e-20 FLOPS = 1.23e+10 Tdav = 0.00 T = 0.08
 <-- Site =   42 .. Mmps =   25 Ndav =  11 E =   -235.7282164852 Error = 2.67e-19 FLOPS = 1.23e+10 Tdav = 0.00 T = 0.08
 <-- Site =   41 .. Mmps =   25 Ndav =  13 E =   -235.7282265766 Error = 2.34e-19 FLOPS = 1.19e+10 Tdav = 0.00 T = 0.08
 <-- Site =   40 .. Mmps =   25 Ndav =  12 E =   -235.7282402283 Error = 1.24e-19 FLOPS = 1.16e+10 Tdav = 0.00 T = 0.08
 <-- Site =   39 .. Mmps =   25 Ndav =  10 E =   -235.7282457908 Error = 4.01e-20 FLOPS = 1.20e+10 Tdav = 0.00 T = 0.07
 <-- Site =   38 .. Mmps =   25 Ndav =  10 E =   -235.7282592600 Error = 2.06e-17 FLOPS = 1.22e+10 Tdav = 0.00 T = 0.07
 <-- Site =   37 .. Mmps =   25 Ndav =  13 E =   -235.7282699556 Error = 8.98e-20 FLOPS = 1.15e+10 Tdav = 0.00 T = 0.07
 <-- Site =   36 .. Mmps =   25 Ndav =  11 E =   -235.7282840689 Error = 1.33e-17 FLOPS = 1.19e+10 Tdav = 0.00 T = 0.06
 <-- Site =   35 .. Mmps =   25 Ndav =  14 E =   -235.7283037356 Error = 6.61e-20 FLOPS = 1.11e+10 Tdav = 0.00 T = 0.06
 <-- Site =   34 .. Mmps =   25 Ndav =  11 E =   -235.7283119645 Error = 2.44e-18 FLOPS = 1.15e+10 Tdav = 0.00 T = 0.06
 <-- Site =   33 .. Mmps =   25 Ndav =  15 E =   -235.7283290036 Error = 3.14e-20 FLOPS = 1.10e+10 Tdav = 0.00 T = 0.06
 <-- Site =   32 .. Mmps =   25 Ndav =  11 E =   -235.7283451268 Error = 4.74e-18 FLOPS = 1.13e+10 Tdav = 0.00 T = 0.06
 <-- Site =   31 .. Mmps =   25 Ndav =  16 E =   -235.7283631434 Error = 1.17e-19 FLOPS = 1.04e+10 Tdav = 0.00 T = 0.07
 <-- Site =   30 .. Mmps =   25 Ndav =  12 E =   -235.7283742542 Error = 1.16e-20 FLOPS = 1.13e+10 Tdav = 0.00 T = 0.06
 <-- Site =   29 .. Mmps =   25 Ndav =  13 E =   -235.7283870132 Error = 9.11e-20 FLOPS = 1.10e+10 Tdav = 0.00 T = 0.05
 <-- Site =   28 .. Mmps =   25 Ndav =  12 E =   -235.7284030321 Error = 3.52e-20 FLOPS = 1.10e+10 Tdav = 0.00 T = 0.05
 <-- Site =   27 .. Mmps =   25 Ndav =  11 E =   -235.7284069318 Error = 3.11e-20 FLOPS = 1.13e+10 Tdav = 0.00 T = 0.05
 <-- Site =   26 .. Mmps =   25 Ndav =  10 E =   -235.7284180932 Error = 3.67e-18 FLOPS = 1.15e+10 Tdav = 0.00 T = 0.05
 <-- Site =   25 .. Mmps =   25 Ndav =   9 E =   -235.7284238956 Error = 1.17e-20 FLOPS = 1.13e+10 Tdav = 0.00 T = 0.05
 <-- Site =   24 .. Mmps =   25 Ndav =  11 E =   -235.7284399146 Error = 1.28e-19 FLOPS = 1.05e+10 Tdav = 0.00 T = 0.05
 <-- Site =   23 .. Mmps =   25 Ndav =  11 E =   -235.7284498393 Error = 3.18e-20 FLOPS = 1.09e+10 Tdav = 0.00 T = 0.05
 <-- Site =   22 .. Mmps =   25 Ndav =  11 E =   -235.7284538226 Error = 4.66e-20 FLOPS = 1.08e+10 Tdav = 0.00 T = 0.06
 <-- Site =   21 .. Mmps =   25 Ndav =  10 E =   -235.7284590985 Error = 1.05e-19 FLOPS = 1.04e+10 Tdav = 0.00 T = 0.05
 <-- Site =   20 .. Mmps =   25 Ndav =  10 E =   -235.7284653942 Error = 1.54e-19 FLOPS = 1.01e+10 Tdav = 0.00 T = 0.05
 <-- Site =   19 .. Mmps =   25 Ndav =   9 E =   -235.7284746597 Error = 1.39e-19 FLOPS = 1.06e+10 Tdav = 0.00 T = 0.04
 <-- Site =   18 .. Mmps =   25 Ndav =  10 E =   -235.7284783368 Error = 5.36e-18 FLOPS = 1.05e+10 Tdav = 0.00 T = 0.04
 <-- Site =   17 .. Mmps =   25 Ndav =  12 E =   -235.7284893049 Error = 7.51e-20 FLOPS = 9.78e+09 Tdav = 0.00 T = 0.04
 <-- Site =   16 .. Mmps =   25 Ndav =  10 E =   -235.7284957645 Error = 5.36e-19 FLOPS = 1.01e+10 Tdav = 0.00 T = 0.04
 <-- Site =   15 .. Mmps =   25 Ndav =   9 E =   -235.7284986949 Error = 2.44e-20 FLOPS = 1.00e+10 Tdav = 0.00 T = 0.04
 <-- Site =   14 .. Mmps =   25 Ndav =   9 E =   -235.7285051895 Error = 6.37e-19 FLOPS = 9.96e+09 Tdav = 0.00 T = 0.03
 <-- Site =   13 .. Mmps =   25 Ndav =  10 E =   -235.7285085097 Error = 4.87e-21 FLOPS = 9.55e+09 Tdav = 0.00 T = 0.03
 <-- Site =   12 .. Mmps =   25 Ndav =   9 E =   -235.7285127449 Error = 5.96e-20 FLOPS = 9.35e+09 Tdav = 0.00 T = 0.04
 <-- Site =   11 .. Mmps =   25 Ndav =  11 E =   -235.7285167282 Error = 1.24e-19 FLOPS = 8.68e+09 Tdav = 0.00 T = 0.04
 <-- Site =   10 .. Mmps =   25 Ndav =  10 E =   -235.7285187084 Error = 2.84e-20 FLOPS = 8.59e+09 Tdav = 0.00 T = 0.04
 <-- Site =    9 .. Mmps =   25 Ndav =   9 E =   -235.7285197916 Error = 1.86e-20 FLOPS = 8.52e+09 Tdav = 0.00 T = 0.03
 <-- Site =    8 .. Mmps =   25 Ndav =   7 E =   -235.7285198235 Error = 7.60e-18 FLOPS = 7.99e+09 Tdav = 0.00 T = 0.05
 <-- Site =    7 .. Mmps =   25 Ndav =   8 E =   -235.7285198878 Error = 4.37e-20 FLOPS = 7.69e+09 Tdav = 0.00 T = 0.04
 <-- Site =    6 .. Mmps =   25 Ndav =   7 E =   -235.7285199110 Error = 6.07e-18 FLOPS = 7.05e+09 Tdav = 0.00 T = 0.04
 <-- Site =    5 .. Mmps =   25 Ndav =   7 E =   -235.7285199239 Error = 5.70e-22 FLOPS = 6.62e+09 Tdav = 0.00 T = 0.04
 <-- Site =    4 .. Mmps =   25 Ndav =   5 E =   -235.7285199287 Error = 6.37e-29 FLOPS = 3.87e+09 Tdav = 0.00 T = 0.03
 <-- Site =    3 .. Mmps =   25 Ndav =   2 E =   -235.7285199287 Error = 1.00e-32 FLOPS = 1.28e+09 Tdav = 0.00 T = 0.03
 <-- Site =    2 .. Mmps =   22 Ndav =   1 E =   -235.7285199287 Error = 0.00e+00 FLOPS = 3.98e+08 Tdav = 0.00 T = 0.03
 <-- Site =    1 .. Mmps =   21 Ndav =   1 E =   -235.7285199287 Error = 0.00e+00 FLOPS = 1.79e+08 Tdav = 0.00 T = 0.04
 <-- Site =    0 .. Mmps =   21 Ndav =   1 E =   -235.7285199287 Error = 0.00e+00 FLOPS = 6.43e+07 Tdav = 0.00 T = 0.04
Time elapsed =    188.934 | E =    -235.7285199287 | DE = -1.55e-03 | DW = 3.86092e-17
Time sweep =       11.857 | 6.22 GFLOP/SWP
 | Dmem = 288 KB (3%) | Imem = 232 B (79%) | Hmem = 1.34 MB | Wmem = 9.77 KB | Pmem = 9.77 KB
 | Tread = 0.248 | Twrite = 0.865 | Tfpread = 0.080 | Tfpwrite = 0.050 | Tmporead = 0.000 | Tasync = 0.000
 | data = 31.0 MB | cpsd = 21.2 MB
 | Trot = 0.064 | Tctr = 0.625 | Tint = 0.021 | Tmid = 0.000 | Tdctr = 0.009 | Tdiag = 0.033 | Tinfo = 0.231
 | Teff = 5.118 | Tprt = 0.158 | Teig = 0.560 | Tblk = 9.438 | Tmve = 2.406 | Tdm = 0.004 | Tsplt = 0.047 | Tsvd = 0.000 | Torth = 0.000

Sweep =    6 | Direction =  forward | Bond dimension =  550 | Noise =  1.00e-05 | Dav threshold =  1.00e-10
 --> Site =    0 .. Mmps =    2 Ndav =   1 E =   -235.7285199287 Error = 0.00e+00 FLOPS = 6.61e+07 Tdav = 0.00 T = 0.02
 --> Site =    1 .. Mmps =    4 Ndav =   1 E =   -235.7285199287 Error = 0.00e+00 FLOPS = 1.27e+08 Tdav = 0.00 T = 0.03
 --> Site =    2 .. Mmps =    8 Ndav =   1 E =   -235.7285199287 Error = 0.00e+00 FLOPS = 3.55e+08 Tdav = 0.00 T = 0.03
 --> Site =    3 .. Mmps =   16 Ndav =   1 E =   -235.7285199287 Error = 0.00e+00 FLOPS = 7.03e+08 Tdav = 0.00 T = 0.03
 --> Site =    4 .. Mmps =   29 Ndav =   1 E =   -235.7285199287 Error = 0.00e+00 FLOPS = 1.66e+09 Tdav = 0.00 T = 0.06
 --> Site =    5 .. Mmps =   42 Ndav =   1 E =   -235.7285199287 Error = 0.00e+00 FLOPS = 3.32e+09 Tdav = 0.00 T = 0.03
 --> Site =    6 .. Mmps =   54 Ndav =   2 E =   -235.7285199287 Error = 0.00e+00 FLOPS = 6.64e+09 Tdav = 0.00 T = 0.04
 --> Site =    7 .. Mmps =   66 Ndav =   2 E =   -235.7285199288 Error = 0.00e+00 FLOPS = 8.54e+09 Tdav = 0.00 T = 0.06
 --> Site =    8 .. Mmps =   79 Ndav =   3 E =   -235.7285199289 Error = 0.00e+00 FLOPS = 1.16e+10 Tdav = 0.00 T = 0.05
 --> Site =    9 .. Mmps =   92 Ndav =   4 E =   -235.7285199294 Error = 0.00e+00 FLOPS = 1.36e+10 Tdav = 0.00 T = 0.06
 --> Site =   10 .. Mmps =  105 Ndav =   5 E =   -235.7285199410 Error = 0.00e+00 FLOPS = 1.47e+10 Tdav = 0.00 T = 0.08
 --> Site =   11 .. Mmps =  118 Ndav =   7 E =   -235.7285199777 Error = 0.00e+00 FLOPS = 1.57e+10 Tdav = 0.01 T = 0.10
 --> Site =   12 .. Mmps =  131 Ndav =   9 E =   -235.7285210662 Error = 0.00e+00 FLOPS = 1.53e+10 Tdav = 0.01 T = 0.14
 --> Site =   13 .. Mmps =  145 Ndav =   7 E =   -235.7285217691 Error = 0.00e+00 FLOPS = 1.71e+10 Tdav = 0.01 T = 0.18
 --> Site =   14 .. Mmps =  158 Ndav =  10 E =   -235.7285257111 Error = 0.00e+00 FLOPS = 1.28e+10 Tdav = 0.03 T = 0.23
 --> Site =   15 .. Mmps =  172 Ndav =  11 E =   -235.7285277137 Error = 0.00e+00 FLOPS = 1.37e+10 Tdav = 0.04 T = 0.33
 --> Site =   16 .. Mmps =  183 Ndav =   9 E =   -235.7285291354 Error = 0.00e+00 FLOPS = 1.55e+10 Tdav = 0.03 T = 0.41
 --> Site =   17 .. Mmps =  195 Ndav =  10 E =   -235.7285300868 Error = 0.00e+00 FLOPS = 1.51e+10 Tdav = 0.05 T = 0.49
 --> Site =   18 .. Mmps =  210 Ndav =   9 E =   -235.7285325499 Error = 0.00e+00 FLOPS = 1.43e+10 Tdav = 0.05 T = 0.58
 --> Site =   19 .. Mmps =  222 Ndav =   9 E =   -235.7285344594 Error = 0.00e+00 FLOPS = 1.42e+10 Tdav = 0.07 T = 0.73
 --> Site =   20 .. Mmps =  232 Ndav =  10 E =   -235.7285366029 Error = 0.00e+00 FLOPS = 1.41e+10 Tdav = 0.08 T = 0.90
 --> Site =   21 .. Mmps =  246 Ndav =  10 E =   -235.7285406658 Error = 0.00e+00 FLOPS = 1.52e+10 Tdav = 0.09 T = 1.05
 --> Site =   22 .. Mmps =  259 Ndav =  10 E =   -235.7285461789 Error = 0.00e+00 FLOPS = 1.56e+10 Tdav = 0.10 T = 1.27
 --> Site =   23 .. Mmps =  272 Ndav =  11 E =   -235.7285502293 Error = 0.00e+00 FLOPS = 1.61e+10 Tdav = 0.12 T = 1.47
 --> Site =   24 .. Mmps =  285 Ndav =  10 E =   -235.7285545336 Error = 0.00e+00 FLOPS = 1.58e+10 Tdav = 0.13 T = 1.78
 --> Site =   25 .. Mmps =  298 Ndav =  11 E =   -235.7285568026 Error = 0.00e+00 FLOPS = 1.52e+10 Tdav = 0.17 T = 2.12
 --> Site =   26 .. Mmps =  310 Ndav =  10 E =   -235.7285608438 Error = 0.00e+00 FLOPS = 1.72e+10 Tdav = 0.16 T = 2.47
 --> Site =   27 .. Mmps =  323 Ndav =  12 E =   -235.7285729644 Error = 0.00e+00 FLOPS = 1.53e+10 Tdav = 0.23 T = 2.90
 --> Site =   28 .. Mmps =  338 Ndav =  12 E =   -235.7285836960 Error = 0.00e+00 FLOPS = 1.61e+10 Tdav = 0.25 T = 3.31
 --> Site =   29 .. Mmps =  353 Ndav =  12 E =   -235.7285885942 Error = 0.00e+00 FLOPS = 1.68e+10 Tdav = 0.27 T = 3.84
 --> Site =   30 .. Mmps =  365 Ndav =  12 E =   -235.7285963065 Error = 0.00e+00 FLOPS = 1.70e+10 Tdav = 0.30 T = 4.33
 --> Site =   31 .. Mmps =  377 Ndav =  13 E =   -235.7285985378 Error = 0.00e+00 FLOPS = 1.54e+10 Tdav = 0.40 T = 4.96
 --> Site =   32 .. Mmps =  391 Ndav =  11 E =   -235.7286034219 Error = 0.00e+00 FLOPS = 1.65e+10 Tdav = 0.34 T = 5.59
 --> Site =   33 .. Mmps =  401 Ndav =  13 E =   -235.7286131805 Error = 0.00e+00 FLOPS = 1.69e+10 Tdav = 0.44 T = 6.50
 --> Site =   34 .. Mmps =  413 Ndav =  12 E =   -235.7286212796 Error = 0.00e+00 FLOPS = 1.54e+10 Tdav = 0.48 T = 7.30
 --> Site =   35 .. Mmps =  425 Ndav =  13 E =   -235.7286291538 Error = 0.00e+00 FLOPS = 1.53e+10 Tdav = 0.57 T = 8.08
 --> Site =   36 .. Mmps =  439 Ndav =  12 E =   -235.7286366549 Error = 0.00e+00 FLOPS = 1.67e+10 Tdav = 0.52 T = 8.79
 --> Site =   37 .. Mmps =  453 Ndav =  13 E =   -235.7286390688 Error = 0.00e+00 FLOPS = 1.52e+10 Tdav = 0.68 T = 9.99
 --> Site =   38 .. Mmps =  464 Ndav =  11 E =   -235.7286525959 Error = 0.00e+00 FLOPS = 1.59e+10 Tdav = 0.60 T = 10.96
 --> Site =   39 .. Mmps =  476 Ndav =   9 E =   -235.7286572881 Error = 0.00e+00 FLOPS = 1.72e+10 Tdav = 0.49 T = 11.73
 --> Site =   40 .. Mmps =  488 Ndav =  11 E =   -235.7286729119 Error = 0.00e+00 FLOPS = 1.62e+10 Tdav = 0.68 T = 13.07
 --> Site =   41 .. Mmps =  502 Ndav =  13 E =   -235.7286850772 Error = 0.00e+00 FLOPS = 1.73e+10 Tdav = 0.81 T = 14.45
 --> Site =   42 .. Mmps =  513 Ndav =  11 E =   -235.7286935005 Error = 0.00e+00 FLOPS = 1.55e+10 Tdav = 0.82 T = 15.87
 --> Site =   43 .. Mmps =  528 Ndav =  12 E =   -235.7286976147 Error = 0.00e+00 FLOPS = 1.59e+10 Tdav = 0.92 T = 17.01
 --> Site =   44 .. Mmps =  542 Ndav =  11 E =   -235.7287055778 Error = 0.00e+00 FLOPS = 1.71e+10 Tdav = 0.83 T = 17.80
 --> Site =   45 .. Mmps =  550 Ndav =  10 E =   -235.7287100340 Error = 8.03e-33 FLOPS = 1.76e+10 Tdav = 0.79 T = 19.19
 --> Site =   46 .. Mmps =  550 Ndav =  12 E =   -235.7287230129 Error = 3.56e-31 FLOPS = 1.63e+10 Tdav = 1.07 T = 20.81
 --> Site =   47 .. Mmps =  550 Ndav =  13 E =   -235.7287291825 Error = 2.99e-32 FLOPS = 1.75e+10 Tdav = 1.08 T = 21.26
 --> Site =   48 .. Mmps =  550 Ndav =  12 E =   -235.7287414486 Error = 1.58e-31 FLOPS = 1.61e+10 Tdav = 1.11 T = 21.74
 --> Site =   49 .. Mmps =  550 Ndav =  11 E =   -235.7287514258 Error = 4.36e-32 FLOPS = 1.75e+10 Tdav = 0.95 T = 22.26
 --> Site =   50 .. Mmps =  550 Ndav =  10 E =   -235.7287571789 Error = 4.19e-32 FLOPS = 1.75e+10 Tdav = 0.87 T = 22.62
 --> Site =   51 .. Mmps =  550 Ndav =   9 E =   -235.7287594727 Error = 9.62e-33 FLOPS = 1.73e+10 Tdav = 0.79 T = 22.58
 --> Site =   52 .. Mmps =  550 Ndav =  10 E =   -235.7287660373 Error = 1.27e-32 FLOPS = 1.74e+10 Tdav = 0.89 T = 23.03
 --> Site =   53 .. Mmps =  550 Ndav =  13 E =   -235.7287754780 Error = 1.15e-32 FLOPS = 1.74e+10 Tdav = 1.18 T = 24.21
 --> Site =   54 .. Mmps =  550 Ndav =  13 E =   -235.7287890478 Error = 7.55e-32 FLOPS = 1.62e+10 Tdav = 1.26 T = 24.73
 --> Site =   55 .. Mmps =  550 Ndav =  14 E =   -235.7287939689 Error = 1.88e-32 FLOPS = 1.64e+10 Tdav = 1.37 T = 25.26
 --> Site =   56 .. Mmps =  550 Ndav =  12 E =   -235.7287995897 Error = 1.25e-31 FLOPS = 1.53e+10 Tdav = 1.24 T = 25.24
 --> Site =   57 .. Mmps =  550 Ndav =  13 E =   -235.7288046025 Error = 2.68e-32 FLOPS = 1.58e+10 Tdav = 1.33 T = 25.28
 --> Site =   58 .. Mmps =  550 Ndav =  12 E =   -235.7288145760 Error = 1.53e-31 FLOPS = 1.72e+10 Tdav = 1.12 T = 25.51
 --> Site =   59 .. Mmps =  550 Ndav =  13 E =   -235.7288219177 Error = 2.22e-32 FLOPS = 1.58e+10 Tdav = 1.35 T = 26.20
 --> Site =   60 .. Mmps =  550 Ndav =  11 E =   -235.7288278107 Error = 9.05e-32 FLOPS = 1.55e+10 Tdav = 1.16 T = 26.70
 --> Site =   61 .. Mmps =  550 Ndav =  12 E =   -235.7288353631 Error = 3.32e-32 FLOPS = 1.61e+10 Tdav = 1.24 T = 27.14
 --> Site =   62 .. Mmps =  550 Ndav =  11 E =   -235.7288391349 Error = 3.28e-32 FLOPS = 1.64e+10 Tdav = 1.10 T = 27.10
 --> Site =   63 .. Mmps =  550 Ndav =  12 E =   -235.7288430060 Error = 2.31e-32 FLOPS = 1.61e+10 Tdav = 1.24 T = 27.19
 --> Site =   64 .. Mmps =  550 Ndav =  11 E =   -235.7288520544 Error = 5.08e-32 FLOPS = 1.59e+10 Tdav = 1.16 T = 27.65
 --> Site =   65 .. Mmps =  550 Ndav =   9 E =   -235.7288557750 Error = 2.97e-33 FLOPS = 1.67e+10 Tdav = 0.92 T = 27.76
 --> Site =   66 .. Mmps =  550 Ndav =  11 E =   -235.7288743543 Error = 1.46e-31 FLOPS = 1.62e+10 Tdav = 1.16 T = 28.44
 --> Site =   67 .. Mmps =  550 Ndav =  13 E =   -235.7288843665 Error = 3.01e-32 FLOPS = 1.59e+10 Tdav = 1.39 T = 28.75
 --> Site =   68 .. Mmps =  550 Ndav =  11 E =   -235.7288903189 Error = 1.85e-31 FLOPS = 1.64e+10 Tdav = 1.14 T = 28.43
 --> Site =   69 .. Mmps =  550 Ndav =  13 E =   -235.7288968040 Error = 2.62e-32 FLOPS = 1.58e+10 Tdav = 1.38 T = 28.24
 --> Site =   70 .. Mmps =  550 Ndav =  11 E =   -235.7289042132 Error = 1.19e-31 FLOPS = 1.61e+10 Tdav = 1.16 T = 27.96
 --> Site =   71 .. Mmps =  550 Ndav =  10 E =   -235.7289111972 Error = 2.20e-32 FLOPS = 1.70e+10 Tdav = 1.00 T = 28.31
 --> Site =   72 .. Mmps =  550 Ndav =  12 E =   -235.7289277672 Error = 1.57e-31 FLOPS = 1.57e+10 Tdav = 1.30 T = 28.63
 --> Site =   73 .. Mmps =  550 Ndav =  13 E =   -235.7289360043 Error = 1.36e-32 FLOPS = 1.63e+10 Tdav = 1.36 T = 28.65
 --> Site =   74 .. Mmps =  550 Ndav =  12 E =   -235.7289397827 Error = 6.16e-32 FLOPS = 1.73e+10 Tdav = 1.18 T = 28.43
 --> Site =   75 .. Mmps =  550 Ndav =  11 E =   -235.7289490864 Error = 1.67e-32 FLOPS = 1.61e+10 Tdav = 1.18 T = 29.01
 --> Site =   76 .. Mmps =  550 Ndav =  11 E =   -235.7289547208 Error = 2.10e-32 FLOPS = 1.63e+10 Tdav = 1.17 T = 29.47
 --> Site =   77 .. Mmps =  550 Ndav =  11 E =   -235.7289564252 Error = 4.65e-33 FLOPS = 1.60e+10 Tdav = 1.17 T = 28.96
 --> Site =   78 .. Mmps =  550 Ndav =  11 E =   -235.7289624331 Error = 1.97e-32 FLOPS = 1.70e+10 Tdav = 1.12 T = 28.85
 --> Site =   79 .. Mmps =  550 Ndav =  12 E =   -235.7289729678 Error = 1.05e-32 FLOPS = 1.63e+10 Tdav = 1.27 T = 29.50
 --> Site =   80 .. Mmps =  550 Ndav =  12 E =   -235.7289849943 Error = 7.58e-32 FLOPS = 1.59e+10 Tdav = 1.28 T = 29.06
 --> Site =   81 .. Mmps =  550 Ndav =  13 E =   -235.7289917542 Error = 1.72e-32 FLOPS = 1.64e+10 Tdav = 1.35 T = 28.68
 --> Site =   82 .. Mmps =  550 Ndav =  11 E =   -235.7289986663 Error = 8.61e-32 FLOPS = 1.61e+10 Tdav = 1.14 T = 28.05
 --> Site =   83 .. Mmps =  550 Ndav =  14 E =   -235.7290031963 Error = 2.13e-32 FLOPS = 1.58e+10 Tdav = 1.51 T = 28.34
 --> Site =   84 .. Mmps =  550 Ndav =  11 E =   -235.7290095828 Error = 1.05e-31 FLOPS = 1.66e+10 Tdav = 1.13 T = 28.46
 --> Site =   85 .. Mmps =  550 Ndav =  13 E =   -235.7290195925 Error = 1.99e-32 FLOPS = 1.64e+10 Tdav = 1.35 T = 28.63
 --> Site =   86 .. Mmps =  550 Ndav =  11 E =   -235.7290245205 Error = 3.70e-32 FLOPS = 1.65e+10 Tdav = 1.14 T = 28.60
 --> Site =   87 .. Mmps =  550 Ndav =  12 E =   -235.7290325374 Error = 4.01e-32 FLOPS = 1.58e+10 Tdav = 1.29 T = 28.56
 --> Site =   88 .. Mmps =  550 Ndav =  10 E =   -235.7290371377 Error = 6.19e-32 FLOPS = 1.63e+10 Tdav = 1.07 T = 28.93
 --> Site =   89 .. Mmps =  550 Ndav =  10 E =   -235.7290436115 Error = 1.23e-32 FLOPS = 1.66e+10 Tdav = 1.04 T = 29.24
 --> Site =   90 .. Mmps =  550 Ndav =  11 E =   -235.7290574469 Error = 7.02e-32 FLOPS = 1.59e+10 Tdav = 1.17 T = 28.92
 --> Site =   91 .. Mmps =  550 Ndav =   9 E =   -235.7290599856 Error = 3.03e-33 FLOPS = 1.63e+10 Tdav = 0.96 T = 28.73
 --> Site =   92 .. Mmps =  550 Ndav =  11 E =   -235.7290723628 Error = 4.13e-31 FLOPS = 1.61e+10 Tdav = 1.18 T = 29.50
 --> Site =   93 .. Mmps =  550 Ndav =  12 E =   -235.7290779819 Error = 5.38e-32 FLOPS = 1.59e+10 Tdav = 1.28 T = 29.05
 --> Site =   94 .. Mmps =  550 Ndav =  11 E =   -235.7290872267 Error = 2.56e-31 FLOPS = 1.66e+10 Tdav = 1.13 T = 28.33
 --> Site =   95 .. Mmps =  550 Ndav =  12 E =   -235.7290901551 Error = 4.81e-32 FLOPS = 1.67e+10 Tdav = 1.20 T = 28.09
 --> Site =   96 .. Mmps =  550 Ndav =  12 E =   -235.7290964318 Error = 2.79e-31 FLOPS = 1.58e+10 Tdav = 1.29 T = 28.20
 --> Site =   97 .. Mmps =  550 Ndav =  10 E =   -235.7291034673 Error = 6.30e-32 FLOPS = 1.73e+10 Tdav = 0.98 T = 28.28
 --> Site =   98 .. Mmps =  550 Ndav =  12 E =   -235.7291157592 Error = 1.28e-31 FLOPS = 1.66e+10 Tdav = 1.21 T = 28.07
 --> Site =   99 .. Mmps =  550 Ndav =  13 E =   -235.7291243136 Error = 1.33e-32 FLOPS = 1.61e+10 Tdav = 1.35 T = 27.72
 --> Site =  100 .. Mmps =  550 Ndav =  10 E =   -235.7291271862 Error = 5.61e-32 FLOPS = 1.71e+10 Tdav = 1.00 T = 27.88
 --> Site =  101 .. Mmps =  550 Ndav =  11 E =   -235.7291355613 Error = 2.60e-32 FLOPS = 1.62e+10 Tdav = 1.16 T = 28.42
 --> Site =  102 .. Mmps =  550 Ndav =  10 E =   -235.7291424468 Error = 2.40e-32 FLOPS = 1.68e+10 Tdav = 1.01 T = 28.37
 --> Site =  103 .. Mmps =  550 Ndav =  10 E =   -235.7291458537 Error = 6.82e-33 FLOPS = 1.57e+10 Tdav = 1.06 T = 28.00
 --> Site =  104 .. Mmps =  550 Ndav =  10 E =   -235.7291502064 Error = 2.34e-32 FLOPS = 1.62e+10 Tdav = 1.03 T = 27.35
 --> Site =  105 .. Mmps =  550 Ndav =  11 E =   -235.7291596280 Error = 1.19e-32 FLOPS = 1.65e+10 Tdav = 1.09 T = 27.01
 --> Site =  106 .. Mmps =  550 Ndav =  12 E =   -235.7291715226 Error = 1.34e-31 FLOPS = 1.61e+10 Tdav = 1.22 T = 26.70
 --> Site =  107 .. Mmps =  550 Ndav =  12 E =   -235.7291762598 Error = 2.22e-32 FLOPS = 1.58e+10 Tdav = 1.22 T = 26.30
 --> Site =  108 .. Mmps =  550 Ndav =  11 E =   -235.7291835902 Error = 8.43e-32 FLOPS = 1.67e+10 Tdav = 1.04 T = 25.25
 --> Site =  109 .. Mmps =  550 Ndav =  13 E =   -235.7291873668 Error = 2.17e-32 FLOPS = 1.64e+10 Tdav = 1.25 T = 24.97
 --> Site =  110 .. Mmps =  550 Ndav =  12 E =   -235.7291974155 Error = 1.25e-31 FLOPS = 1.67e+10 Tdav = 1.13 T = 24.80
 --> Site =  111 .. Mmps =  550 Ndav =  13 E =   -235.7292014930 Error = 2.05e-32 FLOPS = 1.64e+10 Tdav = 1.25 T = 24.95
 --> Site =  112 .. Mmps =  550 Ndav =  12 E =   -235.7292088114 Error = 5.75e-32 FLOPS = 1.57e+10 Tdav = 1.20 T = 24.99
 --> Site =  113 .. Mmps =  550 Ndav =  13 E =   -235.7292239828 Error = 3.77e-32 FLOPS = 1.70e+10 Tdav = 1.21 T = 24.86
 --> Site =  114 .. Mmps =  550 Ndav =  11 E =   -235.7292291139 Error = 8.91e-32 FLOPS = 1.61e+10 Tdav = 1.08 T = 24.80
 --> Site =  115 .. Mmps =  550 Ndav =  11 E =   -235.7292314995 Error = 3.31e-32 FLOPS = 1.66e+10 Tdav = 1.03 T = 24.23
 --> Site =  116 .. Mmps =  550 Ndav =  10 E =   -235.7292423826 Error = 8.64e-32 FLOPS = 1.66e+10 Tdav = 0.91 T = 23.40
 --> Site =  117 .. Mmps =  550 Ndav =   9 E =   -235.7292458231 Error = 6.18e-33 FLOPS = 1.69e+10 Tdav = 0.81 T = 22.86
 --> Site =  118 .. Mmps =  550 Ndav =  12 E =   -235.7292631441 Error = 2.61e-31 FLOPS = 1.57e+10 Tdav = 1.14 T = 22.75
 --> Site =  119 .. Mmps =  550 Ndav =  12 E =   -235.7292724413 Error = 4.31e-32 FLOPS = 1.71e+10 Tdav = 1.04 T = 22.31
 --> Site =  120 .. Mmps =  550 Ndav =  11 E =   -235.7292808828 Error = 1.91e-31 FLOPS = 1.61e+10 Tdav = 1.00 T = 21.74
 --> Site =  121 .. Mmps =  550 Ndav =  12 E =   -235.7292849848 Error = 3.66e-32 FLOPS = 1.64e+10 Tdav = 1.04 T = 21.05
 --> Site =  122 .. Mmps =  550 Ndav =  13 E =   -235.7292953870 Error = 3.58e-31 FLOPS = 1.68e+10 Tdav = 1.10 T = 20.71
 --> Site =  123 .. Mmps =  550 Ndav =  12 E =   -235.7293025022 Error = 3.47e-32 FLOPS = 1.74e+10 Tdav = 0.96 T = 20.13
 --> Site =  124 .. Mmps =  550 Ndav =  11 E =   -235.7293110749 Error = 1.13e-31 FLOPS = 1.58e+10 Tdav = 0.97 T = 19.78
 --> Site =  125 .. Mmps =  550 Ndav =  11 E =   -235.7293206195 Error = 2.48e-32 FLOPS = 1.61e+10 Tdav = 0.95 T = 19.67
 --> Site =  126 .. Mmps =  550 Ndav =  11 E =   -235.7293265507 Error = 6.34e-32 FLOPS = 1.59e+10 Tdav = 0.94 T = 19.42
 --> Site =  127 .. Mmps =  550 Ndav =  13 E =   -235.7293315754 Error = 1.20e-32 FLOPS = 1.58e+10 Tdav = 1.10 T = 18.73
 --> Site =  128 .. Mmps =  550 Ndav =  11 E =   -235.7293368592 Error = 2.14e-32 FLOPS = 1.59e+10 Tdav = 0.90 T = 17.90
 --> Site =  129 .. Mmps =  550 Ndav =  10 E =   -235.7293391768 Error = 8.53e-33 FLOPS = 1.68e+10 Tdav = 0.75 T = 16.95
 --> Site =  130 .. Mmps =  550 Ndav =  11 E =   -235.7293453624 Error = 3.07e-32 FLOPS = 1.58e+10 Tdav = 0.86 T = 16.35
 --> Site =  131 .. Mmps =  550 Ndav =  12 E =   -235.7293586603 Error = 1.10e-32 FLOPS = 1.63e+10 Tdav = 0.89 T = 15.74
 --> Site =  132 .. Mmps =  550 Ndav =  13 E =   -235.7293717868 Error = 8.94e-32 FLOPS = 1.62e+10 Tdav = 0.95 T = 15.17
 --> Site =  133 .. Mmps =  550 Ndav =  12 E =   -235.7293769269 Error = 3.30e-32 FLOPS = 1.57e+10 Tdav = 0.87 T = 14.43
 --> Site =  134 .. Mmps =  550 Ndav =  12 E =   -235.7293834200 Error = 1.00e-31 FLOPS = 1.60e+10 Tdav = 0.84 T = 13.72
 --> Site =  135 .. Mmps =  550 Ndav =  13 E =   -235.7293861437 Error = 2.41e-32 FLOPS = 1.57e+10 Tdav = 0.90 T = 13.05
 --> Site =  136 .. Mmps =  550 Ndav =  12 E =   -235.7293951028 Error = 1.61e-31 FLOPS = 1.65e+10 Tdav = 0.76 T = 12.44
 --> Site =  137 .. Mmps =  550 Ndav =  14 E =   -235.7294053549 Error = 2.74e-32 FLOPS = 1.56e+10 Tdav = 0.92 T = 11.96
 --> Site =  138 .. Mmps =  550 Ndav =  12 E =   -235.7294130000 Error = 8.67e-32 FLOPS = 1.75e+10 Tdav = 0.68 T = 11.11
 --> Site =  139 .. Mmps =  550 Ndav =  13 E =   -235.7294217119 Error = 2.86e-32 FLOPS = 1.58e+10 Tdav = 0.79 T = 10.73
 --> Site =  140 .. Mmps =  550 Ndav =  12 E =   -235.7294298420 Error = 8.27e-32 FLOPS = 1.57e+10 Tdav = 0.71 T = 10.09
 --> Site =  141 .. Mmps =  550 Ndav =  12 E =   -235.7294328164 Error = 3.85e-32 FLOPS = 1.63e+10 Tdav = 0.66 T = 9.59
 --> Site =  142 .. Mmps =  550 Ndav =  11 E =   -235.7294412234 Error = 8.09e-32 FLOPS = 1.58e+10 Tdav = 0.60 T = 8.90
 --> Site =  143 .. Mmps =  550 Ndav =  10 E =   -235.7294456573 Error = 5.83e-33 FLOPS = 1.69e+10 Tdav = 0.50 T = 8.25
 --> Site =  144 .. Mmps =  550 Ndav =  11 E =   -235.7294597287 Error = 1.63e-31 FLOPS = 1.59e+10 Tdav = 0.56 T = 7.93
 --> Site =  145 .. Mmps =  550 Ndav =  12 E =   -235.7294657581 Error = 3.36e-32 FLOPS = 1.59e+10 Tdav = 0.58 T = 7.58
 --> Site =  146 .. Mmps =  550 Ndav =  11 E =   -235.7294730819 Error = 1.64e-31 FLOPS = 1.63e+10 Tdav = 0.50 T = 6.85
 --> Site =  147 .. Mmps =  550 Ndav =  12 E =   -235.7294788600 Error = 1.60e-32 FLOPS = 1.56e+10 Tdav = 0.55 T = 6.49
 --> Site =  148 .. Mmps =  550 Ndav =  11 E =   -235.7294857679 Error = 8.14e-32 FLOPS = 1.53e+10 Tdav = 0.49 T = 6.03
 --> Site =  149 .. Mmps =  550 Ndav =  10 E =   -235.7294890054 Error = 8.84e-33 FLOPS = 1.60e+10 Tdav = 0.41 T = 5.57
 --> Site =  150 .. Mmps =  550 Ndav =  11 E =   -235.7294958580 Error = 3.33e-32 FLOPS = 1.57e+10 Tdav = 0.43 T = 5.26
 --> Site =  151 .. Mmps =  550 Ndav =  11 E =   -235.7295004464 Error = 6.03e-33 FLOPS = 1.53e+10 Tdav = 0.42 T = 4.84
 --> Site =  152 .. Mmps =  550 Ndav =  10 E =   -235.7295038050 Error = 1.80e-32 FLOPS = 1.70e+10 Tdav = 0.33 T = 4.36
 --> Site =  153 .. Mmps =  550 Ndav =  11 E =   -235.7295055625 Error = 4.95e-33 FLOPS = 1.59e+10 Tdav = 0.36 T = 4.06
 --> Site =  154 .. Mmps =  550 Ndav =   9 E =   -235.7295073947 Error = 6.01e-33 FLOPS = 1.73e+10 Tdav = 0.26 T = 3.63
 --> Site =  155 .. Mmps =  550 Ndav =  10 E =   -235.7295080422 Error = 1.48e-33 FLOPS = 1.56e+10 Tdav = 0.30 T = 3.35
 --> Site =  156 .. Mmps =  550 Ndav =  10 E =   -235.7295143069 Error = 8.94e-33 FLOPS = 1.58e+10 Tdav = 0.27 T = 3.09
 --> Site =  157 .. Mmps =  550 Ndav =  10 E =   -235.7295187023 Error = 2.80e-33 FLOPS = 1.50e+10 Tdav = 0.27 T = 2.81
 --> Site =  158 .. Mmps =  550 Ndav =  10 E =   -235.7295217700 Error = 3.76e-33 FLOPS = 1.54e+10 Tdav = 0.24 T = 2.55
 --> Site =  159 .. Mmps =  550 Ndav =   9 E =   -235.7295224604 Error = 6.33e-34 FLOPS = 1.47e+10 Tdav = 0.21 T = 2.26
 --> Site =  160 .. Mmps =  550 Ndav =   8 E =   -235.7295226026 Error = 2.88e-34 FLOPS = 1.48e+10 Tdav = 0.17 T = 2.03
 --> Site =  161 .. Mmps =  550 Ndav =   7 E =   -235.7295228365 Error = 1.59e-34 FLOPS = 1.51e+10 Tdav = 0.13 T = 1.75
 --> Site =  162 .. Mmps =  550 Ndav =   8 E =   -235.7295231250 Error = 1.75e-35 FLOPS = 1.47e+10 Tdav = 0.13 T = 1.60
 --> Site =  163 .. Mmps =  550 Ndav =   7 E =   -235.7295232063 Error = 3.24e-36 FLOPS = 1.47e+10 Tdav = 0.10 T = 1.39
 --> Site =  164 .. Mmps =  550 Ndav =   4 E =   -235.7295232071 Error = 9.84e-38 FLOPS = 1.47e+10 Tdav = 0.03 T = 1.20
 --> Site =  165 .. Mmps =  550 Ndav =   1 E =   -235.7295232071 Error = 2.21e-63 FLOPS = 6.74e+09 Tdav = 0.01 T = 1.05
 --> Site =  166 .. Mmps =  550 Ndav =   1 E =   -235.7295232071 Error = 4.51e-89 FLOPS = 3.80e+09 Tdav = 0.01 T = 0.87
 --> Site =  167 .. Mmps =  550 Ndav =   1 E =   -235.7295232071 Error = 4.76e-117 FLOPS = 2.04e+09 Tdav = 0.00 T = 0.73
 --> Site =  168 .. Mmps =  548 Ndav =   1 E =   -235.7295232071 Error = 0.00e+00 FLOPS = 1.88e+09 Tdav = 0.00 T = 0.59
Time elapsed =   2822.349 | E =    -235.7295232071 | DE = -1.00e-03 | DW = 4.12676e-31
Time sweep =     2633.415 | 1.84 TFLOP/SWP
 | Dmem = 132 MB (0%) | Imem = 232 B (79%) | Hmem = 517 MB | Wmem = 215 KB | Pmem = 215 KB
 | Tread = 66.073 | Twrite = 31.964 | Tfpread = 61.994 | Tfpwrite = 18.729 | Tmporead = 0.000 | Tasync = 0.000
 | data = 13.3 GB | cpsd = 9.62 GB
 | Trot = 185.737 | Tctr = 1.347 | Tint = 0.029 | Tmid = 0.000 | Tdctr = 64.272 | Tdiag = 0.746 | Tinfo = 2.094
 | Teff = 2224.205 | Tprt = 10.343 | Teig = 124.321 | Tblk = 2411.675 | Tmve = 221.727 | Tdm = 0.788 | Tsplt = 45.647 | Tsvd = 0.000 | Torth = 0.000

Sweep =    7 | Direction = backward | Bond dimension =  550 | Noise =  1.00e-05 | Dav threshold =  1.00e-10
 <-- Site =  168 .. Mmps =    2 Ndav =   1 E =   -235.7295232071 Error = 0.00e+00 FLOPS = 1.66e+09 Tdav = 0.00 T = 0.03
 <-- Site =  167 .. Mmps =    4 Ndav =   1 E =   -235.7295232071 Error = 0.00e+00 FLOPS = 1.89e+09 Tdav = 0.00 T = 0.13
 <-- Site =  166 .. Mmps =    8 Ndav =   1 E =   -235.7295232071 Error = 0.00e+00 FLOPS = 3.79e+09 Tdav = 0.01 T = 0.20
 <-- Site =  165 .. Mmps =   16 Ndav =   1 E =   -235.7295232071 Error = 0.00e+00 FLOPS = 7.13e+09 Tdav = 0.01 T = 0.29
 <-- Site =  164 .. Mmps =   32 Ndav =   1 E =   -235.7295232071 Error = 0.00e+00 FLOPS = 1.37e+10 Tdav = 0.01 T = 0.37
 <-- Site =  163 .. Mmps =   64 Ndav =   1 E =   -235.7295232071 Error = 0.00e+00 FLOPS = 1.63e+10 Tdav = 0.02 T = 0.49
 <-- Site =  162 .. Mmps =  128 Ndav =   3 E =   -235.7295232071 Error = 0.00e+00 FLOPS = 2.25e+10 Tdav = 0.09 T = 0.69
 <-- Site =  161 .. Mmps =  256 Ndav =   4 E =   -235.7295232073 Error = 0.00e+00 FLOPS = 2.63e+10 Tdav = 0.24 T = 1.02
 <-- Site =  160 .. Mmps =  503 Ndav =   5 E =   -235.7295232084 Error = 0.00e+00 FLOPS = 2.67e+10 Tdav = 0.71 T = 1.76
 <-- Site =  159 .. Mmps =  550 Ndav =   5 E =   -235.7295232096 Error = 1.08e-27 FLOPS = 2.70e+10 Tdav = 1.81 T = 3.51
 <-- Site =  158 .. Mmps =  550 Ndav =   7 E =   -235.7295232282 Error = 2.46e-25 FLOPS = 2.77e+10 Tdav = 3.03 T = 5.45
 <-- Site =  157 .. Mmps =  550 Ndav =   7 E =   -235.7295233338 Error = 2.03e-25 FLOPS = 2.77e+10 Tdav = 3.28 T = 6.17
 <-- Site =  156 .. Mmps =  550 Ndav =  10 E =   -235.7295241224 Error = 1.59e-22 FLOPS = 2.59e+10 Tdav = 5.39 T = 8.59
 <-- Site =  155 .. Mmps =  550 Ndav =  11 E =   -235.7295259512 Error = 6.77e-23 FLOPS = 2.58e+10 Tdav = 6.37 T = 9.87
 <-- Site =  154 .. Mmps =  550 Ndav =  12 E =   -235.7295283484 Error = 3.82e-22 FLOPS = 2.60e+10 Tdav = 7.37 T = 11.18
 <-- Site =  153 .. Mmps =  550 Ndav =  14 E =   -235.7295341056 Error = 1.53e-22 FLOPS = 2.45e+10 Tdav = 9.70 T = 13.91
 <-- Site =  152 .. Mmps =  550 Ndav =  14 E =   -235.7295395807 Error = 2.39e-22 FLOPS = 2.51e+10 Tdav = 10.02 T = 14.58
 <-- Site =  151 .. Mmps =  550 Ndav =  14 E =   -235.7295473738 Error = 5.85e-23 FLOPS = 2.55e+10 Tdav = 10.43 T = 15.41
 <-- Site =  150 .. Mmps =  550 Ndav =  13 E =   -235.7295514825 Error = 3.40e-22 FLOPS = 2.61e+10 Tdav = 9.95 T = 15.27
 <-- Site =  149 .. Mmps =  550 Ndav =  14 E =   -235.7295584989 Error = 3.84e-23 FLOPS = 2.63e+10 Tdav = 11.15 T = 16.84
 <-- Site =  148 .. Mmps =  550 Ndav =  14 E =   -235.7295654518 Error = 2.94e-22 FLOPS = 2.60e+10 Tdav = 11.83 T = 18.06
 <-- Site =  147 .. Mmps =  550 Ndav =  13 E =   -235.7295698370 Error = 8.64e-23 FLOPS = 2.71e+10 Tdav = 11.03 T = 17.77
 <-- Site =  146 .. Mmps =  550 Ndav =  13 E =   -235.7295755721 Error = 4.87e-22 FLOPS = 2.70e+10 Tdav = 11.54 T = 18.64
 <-- Site =  145 .. Mmps =  550 Ndav =  15 E =   -235.7295798561 Error = 7.39e-23 FLOPS = 2.65e+10 Tdav = 14.15 T = 21.77
 <-- Site =  144 .. Mmps =  550 Ndav =  12 E =   -235.7295843486 Error = 1.39e-21 FLOPS = 2.80e+10 Tdav = 11.12 T = 19.20
 <-- Site =  143 .. Mmps =  550 Ndav =  13 E =   -235.7295867356 Error = 9.22e-22 FLOPS = 2.76e+10 Tdav = 12.71 T = 21.34
 <-- Site =  142 .. Mmps =  550 Ndav =  13 E =   -235.7295931220 Error = 2.33e-21 FLOPS = 2.81e+10 Tdav = 12.95 T = 22.16
 <-- Site =  141 .. Mmps =  550 Ndav =  15 E =   -235.7296060476 Error = 3.61e-22 FLOPS = 2.71e+10 Tdav = 16.04 T = 25.76
 <-- Site =  140 .. Mmps =  550 Ndav =  15 E =   -235.7296193420 Error = 3.15e-21 FLOPS = 2.71e+10 Tdav = 16.59 T = 26.85
 <-- Site =  139 .. Mmps =  550 Ndav =  17 E =   -235.7296416190 Error = 6.06e-22 FLOPS = 2.65e+10 Tdav = 19.86 T = 30.74
 <-- Site =  138 .. Mmps =  550 Ndav =  15 E =   -235.7296614450 Error = 2.87e-21 FLOPS = 2.75e+10 Tdav = 17.44 T = 28.88
 <-- Site =  137 .. Mmps =  550 Ndav =  18 E =   -235.7296892474 Error = 3.98e-22 FLOPS = 2.62e+10 Tdav = 22.64 T = 34.75
 <-- Site =  136 .. Mmps =  550 Ndav =  16 E =   -235.7297031625 Error = 3.58e-21 FLOPS = 2.73e+10 Tdav = 19.93 T = 32.66
 <-- Site =  135 .. Mmps =  550 Ndav =  18 E =   -235.7297206530 Error = 7.68e-22 FLOPS = 2.66e+10 Tdav = 23.60 T = 37.05
 <-- Site =  134 .. Mmps =  550 Ndav =  15 E =   -235.7297359124 Error = 2.99e-21 FLOPS = 2.80e+10 Tdav = 19.27 T = 33.48
 <-- Site =  133 .. Mmps =  550 Ndav =  18 E =   -235.7297498373 Error = 9.15e-22 FLOPS = 2.69e+10 Tdav = 24.74 T = 39.58
 <-- Site =  132 .. Mmps =  550 Ndav =  15 E =   -235.7297624593 Error = 3.10e-21 FLOPS = 2.82e+10 Tdav = 20.20 T = 35.74
 <-- Site =  131 .. Mmps =  550 Ndav =  14 E =   -235.7297694954 Error = 1.72e-21 FLOPS = 2.86e+10 Tdav = 19.03 T = 35.23
 <-- Site =  130 .. Mmps =  550 Ndav =  15 E =   -235.7297838123 Error = 1.04e-20 FLOPS = 2.84e+10 Tdav = 21.11 T = 38.06
 <-- Site =  129 .. Mmps =  550 Ndav =  14 E =   -235.7297961213 Error = 1.13e-21 FLOPS = 2.89e+10 Tdav = 19.84 T = 37.52
 <-- Site =  128 .. Mmps =  550 Ndav =  15 E =   -235.7298127825 Error = 5.48e-21 FLOPS = 2.87e+10 Tdav = 21.88 T = 40.41
 <-- Site =  127 .. Mmps =  550 Ndav =  17 E =   -235.7298312674 Error = 1.51e-21 FLOPS = 2.81e+10 Tdav = 26.01 T = 45.47
 <-- Site =  126 .. Mmps =  550 Ndav =  16 E =   -235.7298593976 Error = 3.60e-21 FLOPS = 2.84e+10 Tdav = 24.71 T = 44.93
 <-- Site =  125 .. Mmps =  550 Ndav =  19 E =   -235.7298784858 Error = 9.25e-22 FLOPS = 2.74e+10 Tdav = 31.14 T = 51.69
 <-- Site =  124 .. Mmps =  550 Ndav =  16 E =   -235.7299033817 Error = 3.50e-21 FLOPS = 2.86e+10 Tdav = 25.12 T = 45.71
 <-- Site =  123 .. Mmps =  550 Ndav =  19 E =   -235.7299315955 Error = 7.16e-22 FLOPS = 2.74e+10 Tdav = 31.15 T = 52.22
 <-- Site =  122 .. Mmps =  550 Ndav =  16 E =   -235.7299604855 Error = 2.77e-21 FLOPS = 2.85e+10 Tdav = 25.78 T = 47.26
 <-- Site =  121 .. Mmps =  550 Ndav =  18 E =   -235.7299699751 Error = 7.66e-22 FLOPS = 2.79e+10 Tdav = 29.61 T = 51.47
 <-- Site =  120 .. Mmps =  550 Ndav =  16 E =   -235.7299814832 Error = 2.33e-21 FLOPS = 2.85e+10 Tdav = 26.36 T = 49.10
 <-- Site =  119 .. Mmps =  550 Ndav =  17 E =   -235.7299918277 Error = 5.38e-22 FLOPS = 2.84e+10 Tdav = 28.67 T = 51.89
 <-- Site =  118 .. Mmps =  550 Ndav =  14 E =   -235.7300043594 Error = 2.52e-21 FLOPS = 2.94e+10 Tdav = 22.86 T = 46.47
 <-- Site =  117 .. Mmps =  550 Ndav =  13 E =   -235.7300080822 Error = 2.01e-21 FLOPS = 2.99e+10 Tdav = 21.24 T = 45.26
 <-- Site =  116 .. Mmps =  550 Ndav =  13 E =   -235.7300138054 Error = 4.07e-21 FLOPS = 2.99e+10 Tdav = 21.30 T = 45.95
 <-- Site =  115 .. Mmps =  550 Ndav =  16 E =   -235.7300245970 Error = 6.77e-22 FLOPS = 2.88e+10 Tdav = 27.70 T = 53.10
 <-- Site =  114 .. Mmps =  550 Ndav =  16 E =   -235.7300465527 Error = 3.77e-21 FLOPS = 2.90e+10 Tdav = 28.10 T = 54.05
 <-- Site =  113 .. Mmps =  550 Ndav =  17 E =   -235.7300699114 Error = 1.22e-21 FLOPS = 2.87e+10 Tdav = 30.20 T = 56.17
 <-- Site =  112 .. Mmps =  550 Ndav =  17 E =   -235.7300935319 Error = 3.88e-21 FLOPS = 2.85e+10 Tdav = 30.32 T = 56.41
 <-- Site =  111 .. Mmps =  550 Ndav =  18 E =   -235.7301151381 Error = 7.71e-22 FLOPS = 2.83e+10 Tdav = 32.36 T = 58.41
 <-- Site =  110 .. Mmps =  550 Ndav =  16 E =   -235.7301405175 Error = 3.87e-21 FLOPS = 2.89e+10 Tdav = 28.15 T = 54.24
 <-- Site =  109 .. Mmps =  550 Ndav =  19 E =   -235.7301752238 Error = 8.24e-22 FLOPS = 2.80e+10 Tdav = 34.60 T = 60.62
 <-- Site =  108 .. Mmps =  550 Ndav =  16 E =   -235.7302023669 Error = 2.71e-21 FLOPS = 2.87e+10 Tdav = 28.34 T = 54.77
 <-- Site =  107 .. Mmps =  550 Ndav =  19 E =   -235.7302204130 Error = 7.24e-22 FLOPS = 2.80e+10 Tdav = 35.19 T = 62.54
 <-- Site =  106 .. Mmps =  550 Ndav =  14 E =   -235.7302300453 Error = 3.41e-21 FLOPS = 2.97e+10 Tdav = 24.95 T = 52.74
 <-- Site =  105 .. Mmps =  550 Ndav =  15 E =   -235.7302379323 Error = 1.74e-21 FLOPS = 2.93e+10 Tdav = 27.04 T = 55.37
 <-- Site =  104 .. Mmps =  550 Ndav =  15 E =   -235.7302552314 Error = 6.32e-21 FLOPS = 2.95e+10 Tdav = 27.45 T = 56.34
 <-- Site =  103 .. Mmps =  550 Ndav =  13 E =   -235.7302651400 Error = 1.00e-21 FLOPS = 2.99e+10 Tdav = 23.43 T = 52.68
 <-- Site =  102 .. Mmps =  550 Ndav =  15 E =   -235.7302777901 Error = 4.57e-21 FLOPS = 2.95e+10 Tdav = 27.91 T = 57.79
 <-- Site =  101 .. Mmps =  550 Ndav =  19 E =   -235.7302961787 Error = 1.39e-21 FLOPS = 2.82e+10 Tdav = 36.96 T = 66.88
 <-- Site =  100 .. Mmps =  550 Ndav =  16 E =   -235.7303223327 Error = 4.44e-21 FLOPS = 2.92e+10 Tdav = 30.09 T = 59.56
 <-- Site =   99 .. Mmps =  550 Ndav =  21 E =   -235.7303568215 Error = 1.11e-21 FLOPS = 2.74e+10 Tdav = 41.36 T = 70.26
 <-- Site =   98 .. Mmps =  550 Ndav =  16 E =   -235.7303775566 Error = 2.84e-21 FLOPS = 2.92e+10 Tdav = 29.54 T = 58.89
 <-- Site =   97 .. Mmps =  550 Ndav =  20 E =   -235.7303975907 Error = 1.14e-21 FLOPS = 2.79e+10 Tdav = 39.41 T = 69.38
 <-- Site =   96 .. Mmps =  550 Ndav =  17 E =   -235.7304309345 Error = 2.34e-21 FLOPS = 2.88e+10 Tdav = 32.45 T = 61.92
 <-- Site =   95 .. Mmps =  550 Ndav =  18 E =   -235.7304399702 Error = 8.28e-22 FLOPS = 2.85e+10 Tdav = 34.10 T = 63.45
 <-- Site =   94 .. Mmps =  550 Ndav =  17 E =   -235.7304605142 Error = 2.79e-21 FLOPS = 2.89e+10 Tdav = 32.30 T = 62.13
 <-- Site =   93 .. Mmps =  550 Ndav =  16 E =   -235.7304681779 Error = 8.37e-22 FLOPS = 2.92e+10 Tdav = 30.11 T = 60.39
 <-- Site =   92 .. Mmps =  550 Ndav =  14 E =   -235.7304748110 Error = 2.06e-21 FLOPS = 2.98e+10 Tdav = 26.26 T = 57.30
 <-- Site =   91 .. Mmps =  550 Ndav =  15 E =   -235.7304803033 Error = 1.36e-21 FLOPS = 2.94e+10 Tdav = 28.49 T = 59.09
 <-- Site =   90 .. Mmps =  550 Ndav =  14 E =   -235.7304856466 Error = 2.99e-21 FLOPS = 2.98e+10 Tdav = 25.83 T = 56.13
 <-- Site =   89 .. Mmps =  550 Ndav =  15 E =   -235.7304977193 Error = 4.77e-22 FLOPS = 2.95e+10 Tdav = 28.46 T = 59.42
 <-- Site =   88 .. Mmps =  550 Ndav =  15 E =   -235.7305119303 Error = 3.28e-21 FLOPS = 2.96e+10 Tdav = 28.35 T = 58.81
 <-- Site =   87 .. Mmps =  550 Ndav =  17 E =   -235.7305383065 Error = 1.16e-21 FLOPS = 2.88e+10 Tdav = 32.42 T = 62.48
 <-- Site =   86 .. Mmps =  550 Ndav =  16 E =   -235.7305633365 Error = 5.78e-21 FLOPS = 2.91e+10 Tdav = 30.19 T = 59.98
 <-- Site =   85 .. Mmps =  550 Ndav =  18 E =   -235.7305906440 Error = 1.12e-21 FLOPS = 2.85e+10 Tdav = 34.66 T = 64.47
 <-- Site =   84 .. Mmps =  550 Ndav =  16 E =   -235.7306216328 Error = 4.88e-21 FLOPS = 2.92e+10 Tdav = 30.07 T = 59.95
 <-- Site =   83 .. Mmps =  550 Ndav =  19 E =   -235.7306526138 Error = 6.57e-22 FLOPS = 2.82e+10 Tdav = 36.98 T = 66.50
 <-- Site =   82 .. Mmps =  550 Ndav =  16 E =   -235.7306799633 Error = 4.37e-21 FLOPS = 2.91e+10 Tdav = 29.61 T = 59.07
 <-- Site =   81 .. Mmps =  550 Ndav =  18 E =   -235.7306982308 Error = 6.19e-22 FLOPS = 2.85e+10 Tdav = 34.63 T = 64.61
 <-- Site =   80 .. Mmps =  550 Ndav =  14 E =   -235.7307112774 Error = 3.72e-21 FLOPS = 2.98e+10 Tdav = 25.77 T = 56.18
 <-- Site =   79 .. Mmps =  550 Ndav =  14 E =   -235.7307211731 Error = 1.54e-21 FLOPS = 2.98e+10 Tdav = 26.29 T = 57.26
 <-- Site =   78 .. Mmps =  550 Ndav =  15 E =   -235.7307307504 Error = 8.87e-21 FLOPS = 3.00e+10 Tdav = 27.92 T = 58.31
 <-- Site =   77 .. Mmps =  550 Ndav =  14 E =   -235.7307391716 Error = 9.52e-22 FLOPS = 3.04e+10 Tdav = 25.32 T = 55.44
 <-- Site =   76 .. Mmps =  550 Ndav =  15 E =   -235.7307520379 Error = 3.70e-21 FLOPS = 3.04e+10 Tdav = 27.60 T = 58.13
 <-- Site =   75 .. Mmps =  550 Ndav =  18 E =   -235.7307773477 Error = 1.09e-21 FLOPS = 2.95e+10 Tdav = 34.15 T = 64.22
 <-- Site =   74 .. Mmps =  550 Ndav =  16 E =   -235.7308026396 Error = 3.25e-21 FLOPS = 2.90e+10 Tdav = 30.25 T = 60.00
 <-- Site =   73 .. Mmps =  550 Ndav =  18 E =   -235.7308204255 Error = 8.89e-22 FLOPS = 2.84e+10 Tdav = 34.80 T = 64.69
 <-- Site =   72 .. Mmps =  550 Ndav =  17 E =   -235.7308527174 Error = 2.55e-21 FLOPS = 2.88e+10 Tdav = 32.39 T = 62.36
 <-- Site =   71 .. Mmps =  550 Ndav =  18 E =   -235.7308731691 Error = 9.20e-22 FLOPS = 2.85e+10 Tdav = 34.66 T = 64.71
 <-- Site =   70 .. Mmps =  550 Ndav =  16 E =   -235.7309094378 Error = 2.30e-21 FLOPS = 2.88e+10 Tdav = 30.46 T = 60.01
 <-- Site =   69 .. Mmps =  550 Ndav =  21 E =   -235.7309303072 Error = 8.96e-22 FLOPS = 2.74e+10 Tdav = 41.28 T = 70.73
 <-- Site =   68 .. Mmps =  550 Ndav =  16 E =   -235.7309415762 Error = 1.89e-21 FLOPS = 2.91e+10 Tdav = 30.15 T = 60.23
 <-- Site =   67 .. Mmps =  550 Ndav =  16 E =   -235.7309496707 Error = 5.32e-22 FLOPS = 2.90e+10 Tdav = 30.29 T = 60.37
 <-- Site =   66 .. Mmps =  550 Ndav =  15 E =   -235.7309643423 Error = 2.31e-21 FLOPS = 2.94e+10 Tdav = 28.02 T = 57.96
 <-- Site =   65 .. Mmps =  550 Ndav =  15 E =   -235.7309725317 Error = 1.52e-21 FLOPS = 2.95e+10 Tdav = 27.90 T = 57.38
 <-- Site =   64 .. Mmps =  550 Ndav =  14 E =   -235.7309774593 Error = 4.80e-21 FLOPS = 2.98e+10 Tdav = 25.32 T = 54.35
 <-- Site =   63 .. Mmps =  550 Ndav =  15 E =   -235.7309908283 Error = 7.83e-22 FLOPS = 2.95e+10 Tdav = 27.40 T = 55.91
 <-- Site =   62 .. Mmps =  550 Ndav =  16 E =   -235.7310175805 Error = 2.98e-21 FLOPS = 2.91e+10 Tdav = 29.09 T = 57.54
 <-- Site =   61 .. Mmps =  550 Ndav =  17 E =   -235.7310385092 Error = 1.56e-21 FLOPS = 2.89e+10 Tdav = 31.71 T = 60.05
 <-- Site =   60 .. Mmps =  550 Ndav =  16 E =   -235.7310683409 Error = 8.06e-21 FLOPS = 2.91e+10 Tdav = 29.11 T = 57.15
 <-- Site =   59 .. Mmps =  550 Ndav =  18 E =   -235.7310955134 Error = 9.13e-22 FLOPS = 2.85e+10 Tdav = 33.41 T = 61.04
 <-- Site =   58 .. Mmps =  550 Ndav =  16 E =   -235.7311174702 Error = 4.82e-21 FLOPS = 2.89e+10 Tdav = 28.69 T = 55.82
 <-- Site =   57 .. Mmps =  550 Ndav =  18 E =   -235.7311370774 Error = 1.13e-21 FLOPS = 2.84e+10 Tdav = 32.95 T = 59.41
 <-- Site =   56 .. Mmps =  550 Ndav =  16 E =   -235.7311574200 Error = 4.76e-21 FLOPS = 2.89e+10 Tdav = 28.15 T = 54.77
 <-- Site =   55 .. Mmps =  550 Ndav =  17 E =   -235.7311693700 Error = 1.27e-21 FLOPS = 2.87e+10 Tdav = 30.77 T = 57.49
 <-- Site =   54 .. Mmps =  550 Ndav =  15 E =   -235.7311866627 Error = 4.18e-21 FLOPS = 2.93e+10 Tdav = 26.06 T = 52.13
 <-- Site =   53 .. Mmps =  550 Ndav =  14 E =   -235.7311936856 Error = 2.23e-21 FLOPS = 2.94e+10 Tdav = 24.26 T = 49.88
 <-- Site =   52 .. Mmps =  550 Ndav =  15 E =   -235.7312074277 Error = 1.30e-20 FLOPS = 2.91e+10 Tdav = 25.73 T = 50.38
 <-- Site =   51 .. Mmps =  550 Ndav =  14 E =   -235.7312193633 Error = 1.53e-21 FLOPS = 2.96e+10 Tdav = 23.16 T = 47.31
 <-- Site =   50 .. Mmps =  550 Ndav =  15 E =   -235.7312365776 Error = 6.04e-21 FLOPS = 2.91e+10 Tdav = 25.19 T = 49.59
 <-- Site =   49 .. Mmps =  550 Ndav =  20 E =   -235.7312588434 Error = 2.18e-21 FLOPS = 2.73e+10 Tdav = 35.79 T = 59.53
 <-- Site =   48 .. Mmps =  550 Ndav =  16 E =   -235.7312891260 Error = 6.37e-21 FLOPS = 2.87e+10 Tdav = 26.69 T = 49.54
 <-- Site =   47 .. Mmps =  550 Ndav =  20 E =   -235.7313227356 Error = 1.74e-21 FLOPS = 2.72e+10 Tdav = 34.50 T = 57.01
 <-- Site =   46 .. Mmps =  550 Ndav =  15 E =   -235.7313434914 Error = 7.14e-21 FLOPS = 2.88e+10 Tdav = 24.41 T = 46.56
 <-- Site =   45 .. Mmps =  550 Ndav =  21 E =   -235.7313709264 Error = 3.23e-22 FLOPS = 2.67e+10 Tdav = 35.20 T = 55.95
 <-- Site =   44 .. Mmps =  550 Ndav =  16 E =   -235.7314034300 Error = 2.43e-23 FLOPS = 2.84e+10 Tdav = 23.62 T = 42.93
 <-- Site =   43 .. Mmps =  550 Ndav =  19 E =   -235.7314173654 Error = 1.17e-23 FLOPS = 2.71e+10 Tdav = 28.10 T = 46.67
 <-- Site =   42 .. Mmps =  550 Ndav =  15 E =   -235.7314267654 Error = 3.17e-24 FLOPS = 2.85e+10 Tdav = 20.35 T = 38.32
 <-- Site =   41 .. Mmps =  550 Ndav =  18 E =   -235.7314356327 Error = 4.35e-24 FLOPS = 2.70e+10 Tdav = 24.00 T = 40.30
 <-- Site =   40 .. Mmps =  550 Ndav =  15 E =   -235.7314504077 Error = 4.43e-24 FLOPS = 2.81e+10 Tdav = 18.04 T = 33.12
 <-- Site =   39 .. Mmps =  550 Ndav =  14 E =   -235.7314553995 Error = 1.45e-24 FLOPS = 2.80e+10 Tdav = 15.85 T = 29.82
 <-- Site =   38 .. Mmps =  550 Ndav =  14 E =   -235.7314613354 Error = 1.28e-24 FLOPS = 2.78e+10 Tdav = 14.95 T = 27.85
 <-- Site =   37 .. Mmps =  550 Ndav =  15 E =   -235.7314748514 Error = 5.56e-25 FLOPS = 2.72e+10 Tdav = 15.19 T = 27.07
 <-- Site =   36 .. Mmps =  550 Ndav =  15 E =   -235.7315037196 Error = 9.13e-25 FLOPS = 2.64e+10 Tdav = 14.51 T = 25.58
 <-- Site =   35 .. Mmps =  550 Ndav =  18 E =   -235.7315353817 Error = 8.31e-25 FLOPS = 2.53e+10 Tdav = 16.93 T = 27.02
 <-- Site =   34 .. Mmps =  550 Ndav =  15 E =   -235.7315541787 Error = 6.40e-25 FLOPS = 2.61e+10 Tdav = 12.67 T = 21.98
 <-- Site =   33 .. Mmps =  550 Ndav =  19 E =   -235.7315885634 Error = 8.33e-25 FLOPS = 2.40e+10 Tdav = 16.33 T = 24.86
 <-- Site =   32 .. Mmps =  550 Ndav =  17 E =   -235.7316148945 Error = 5.74e-25 FLOPS = 2.60e+10 Tdav = 12.36 T = 20.21
 <-- Site =   31 .. Mmps =  550 Ndav =  18 E =   -235.7316370770 Error = 5.33e-25 FLOPS = 2.48e+10 Tdav = 12.66 T = 19.93
 <-- Site =   30 .. Mmps =  550 Ndav =  16 E =   -235.7316554988 Error = 3.24e-25 FLOPS = 2.60e+10 Tdav = 9.92 T = 16.54
 <-- Site =   29 .. Mmps =  550 Ndav =  17 E =   -235.7316703478 Error = 2.73e-25 FLOPS = 2.49e+10 Tdav = 9.95 T = 15.89
 <-- Site =   28 .. Mmps =  550 Ndav =  14 E =   -235.7316822058 Error = 1.60e-25 FLOPS = 2.60e+10 Tdav = 7.09 T = 12.61
 <-- Site =   27 .. Mmps =  550 Ndav =  13 E =   -235.7316888130 Error = 5.17e-26 FLOPS = 2.65e+10 Tdav = 5.87 T = 11.02
 <-- Site =   26 .. Mmps =  550 Ndav =  14 E =   -235.7317043614 Error = 1.06e-25 FLOPS = 2.62e+10 Tdav = 5.83 T = 10.57
 <-- Site =   25 .. Mmps =  550 Ndav =  14 E =   -235.7317168891 Error = 5.35e-26 FLOPS = 2.52e+10 Tdav = 5.46 T = 9.71
 <-- Site =   24 .. Mmps =  550 Ndav =  15 E =   -235.7317351415 Error = 1.44e-25 FLOPS = 2.43e+10 Tdav = 5.46 T = 9.40
 <-- Site =   23 .. Mmps =  550 Ndav =  15 E =   -235.7317533970 Error = 2.43e-26 FLOPS = 2.40e+10 Tdav = 4.95 T = 8.59
 <-- Site =   22 .. Mmps =  550 Ndav =  15 E =   -235.7317705448 Error = 2.52e-26 FLOPS = 2.38e+10 Tdav = 4.45 T = 7.74
 <-- Site =   21 .. Mmps =  550 Ndav =  17 E =   -235.7317857003 Error = 1.64e-26 FLOPS = 2.24e+10 Tdav = 4.70 T = 7.66
 <-- Site =   20 .. Mmps =  550 Ndav =  14 E =   -235.7318047294 Error = 1.54e-26 FLOPS = 2.30e+10 Tdav = 3.40 T = 6.27
 <-- Site =   19 .. Mmps =  550 Ndav =  17 E =   -235.7318276573 Error = 4.15e-27 FLOPS = 2.03e+10 Tdav = 4.13 T = 6.68
 <-- Site =   18 .. Mmps =  550 Ndav =  15 E =   -235.7318470292 Error = 2.68e-27 FLOPS = 2.09e+10 Tdav = 3.04 T = 5.39
 <-- Site =   17 .. Mmps =  550 Ndav =  16 E =   -235.7318531577 Error = 2.02e-27 FLOPS = 2.08e+10 Tdav = 2.84 T = 5.01
 <-- Site =   16 .. Mmps =  550 Ndav =  12 E =   -235.7318603276 Error = 2.79e-27 FLOPS = 2.34e+10 Tdav = 1.65 T = 3.69
 <-- Site =   15 .. Mmps =  550 Ndav =  15 E =   -235.7318632802 Error = 3.15e-28 FLOPS = 2.11e+10 Tdav = 1.92 T = 3.79
 <-- Site =   14 .. Mmps =  550 Ndav =  11 E =   -235.7318649963 Error = 1.31e-28 FLOPS = 2.43e+10 Tdav = 1.03 T = 2.77
 <-- Site =   13 .. Mmps =  550 Ndav =  12 E =   -235.7318671355 Error = 5.60e-29 FLOPS = 2.13e+10 Tdav = 1.06 T = 2.67
 <-- Site =   12 .. Mmps =  550 Ndav =  10 E =   -235.7318706008 Error = 3.09e-29 FLOPS = 2.24e+10 Tdav = 0.68 T = 2.23
 <-- Site =   11 .. Mmps =  550 Ndav =  13 E =   -235.7318786904 Error = 5.63e-29 FLOPS = 1.86e+10 Tdav = 0.86 T = 2.27
 <-- Site =   10 .. Mmps =  550 Ndav =  11 E =   -235.7318849049 Error = 7.74e-30 FLOPS = 1.99e+10 Tdav = 0.53 T = 1.89
 <-- Site =    9 .. Mmps =  550 Ndav =  13 E =   -235.7318903013 Error = 5.44e-30 FLOPS = 1.82e+10 Tdav = 0.53 T = 1.75
 <-- Site =    8 .. Mmps =  550 Ndav =  12 E =   -235.7318925950 Error = 3.70e-31 FLOPS = 1.79e+10 Tdav = 0.37 T = 1.59
 <-- Site =    7 .. Mmps =  550 Ndav =  11 E =   -235.7318940425 Error = 8.89e-32 FLOPS = 1.77e+10 Tdav = 0.24 T = 1.35
 <-- Site =    6 .. Mmps =  550 Ndav =  10 E =   -235.7318944936 Error = 4.62e-33 FLOPS = 1.72e+10 Tdav = 0.15 T = 1.20
 <-- Site =    5 .. Mmps =  550 Ndav =   7 E =   -235.7318945257 Error = 1.32e-34 FLOPS = 1.71e+10 Tdav = 0.06 T = 1.00
 <-- Site =    4 .. Mmps =  550 Ndav =   4 E =   -235.7318945259 Error = 2.27e-36 FLOPS = 1.42e+10 Tdav = 0.02 T = 0.97
 <-- Site =    3 .. Mmps =  550 Ndav =   1 E =   -235.7318945259 Error = 3.88e-57 FLOPS = 8.20e+09 Tdav = 0.00 T = 0.83
 <-- Site =    2 .. Mmps =  550 Ndav =   1 E =   -235.7318945259 Error = 2.89e-68 FLOPS = 5.33e+09 Tdav = 0.00 T = 0.77
 <-- Site =    1 .. Mmps =  550 Ndav =   1 E =   -235.7318945259 Error = 1.11e-71 FLOPS = 3.08e+09 Tdav = 0.00 T = 0.69
 <-- Site =    0 .. Mmps =  550 Ndav =   1 E =   -235.7318945259 Error = 0.00e+00 FLOPS = 1.81e+09 Tdav = 0.00 T = 0.64
Time elapsed =   8875.340 | E =    -235.7318945259 | DE = -2.37e-03 | DW = 1.30432e-20
Time sweep =     6052.991 | 83.3 TFLOP/SWP
 | Dmem = 136 MB (3%) | Imem = 232 B (79%) | Hmem = 649 MB | Wmem = 4.62 MB | Pmem = 4.62 MB
 | Tread = 78.594 | Twrite = 33.742 | Tfpread = 77.415 | Tfpwrite = 19.873 | Tmporead = 0.000 | Tasync = 0.000
 | data = 14.6 GB | cpsd = 9.59 GB
 | Trot = 203.253 | Tctr = 200.886 | Tint = 0.031 | Tmid = 0.000 | Tdctr = 0.014 | Tdiag = 2.371 | Tinfo = 2.409
 | Teff = 2180.932 | Tprt = 63.225 | Teig = 3235.647 | Tblk = 5549.423 | Tmve = 503.551 | Tdm = 3.580 | Tsplt = 50.763 | Tsvd = 0.000 | Torth = 0.000

Sweep =    8 | Direction =  forward | Bond dimension =  550 | Noise =  0.00e+00 | Dav threshold =  1.00e-08
 --> Site =    0 .. Mmps =    2 Ndav =   1 E =   -235.7318945259 Error = 0.00e+00 FLOPS = 2.31e+09 Tdav = 0.00 T = 0.02
 --> Site =    1 .. Mmps =    4 Ndav =   1 E =   -235.7318945259 Error = 0.00e+00 FLOPS = 3.00e+09 Tdav = 0.00 T = 0.05
 --> Site =    2 .. Mmps =    8 Ndav =   1 E =   -235.7318945259 Error = 0.00e+00 FLOPS = 5.38e+09 Tdav = 0.00 T = 0.06
 --> Site =    3 .. Mmps =   16 Ndav =   1 E =   -235.7318945259 Error = 0.00e+00 FLOPS = 8.33e+09 Tdav = 0.00 T = 0.06
 --> Site =    4 .. Mmps =   32 Ndav =   1 E =   -235.7318945259 Error = 0.00e+00 FLOPS = 1.13e+10 Tdav = 0.01 T = 0.07
 --> Site =    5 .. Mmps =   64 Ndav =   1 E =   -235.7318945259 Error = 0.00e+00 FLOPS = 1.46e+10 Tdav = 0.01 T = 0.09
 --> Site =    6 .. Mmps =  128 Ndav =   1 E =   -235.7318945259 Error = 0.00e+00 FLOPS = 1.68e+10 Tdav = 0.03 T = 0.12
 --> Site =    7 .. Mmps =  256 Ndav =   1 E =   -235.7318945259 Error = 0.00e+00 FLOPS = 2.07e+10 Tdav = 0.05 T = 0.20
 --> Site =    8 .. Mmps =  512 Ndav =   1 E =   -235.7318945259 Error = 0.00e+00 FLOPS = 2.20e+10 Tdav = 0.15 T = 0.55
 --> Site =    9 .. Mmps =  550 Ndav =   2 E =   -235.7318945265 Error = 1.07e-26 FLOPS = 2.66e+10 Tdav = 0.80 T = 2.40
 --> Site =   10 .. Mmps =  550 Ndav =   2 E =   -235.7318945292 Error = 1.40e-26 FLOPS = 2.87e+10 Tdav = 0.90 T = 3.26
 --> Site =   11 .. Mmps =  550 Ndav =   3 E =   -235.7318945338 Error = 2.00e-25 FLOPS = 2.95e+10 Tdav = 1.42 T = 4.00
 --> Site =   12 .. Mmps =  550 Ndav =   4 E =   -235.7318945622 Error = 1.17e-24 FLOPS = 2.97e+10 Tdav = 2.02 T = 4.86
 --> Site =   13 .. Mmps =  550 Ndav =   5 E =   -235.7318946049 Error = 8.90e-23 FLOPS = 3.01e+10 Tdav = 2.65 T = 5.77
 --> Site =   14 .. Mmps =  550 Ndav =   5 E =   -235.7318946637 Error = 2.98e-22 FLOPS = 2.96e+10 Tdav = 2.87 T = 6.32
 --> Site =   15 .. Mmps =  550 Ndav =   5 E =   -235.7318947224 Error = 4.01e-22 FLOPS = 2.95e+10 Tdav = 3.05 T = 6.82
 --> Site =   16 .. Mmps =  550 Ndav =   5 E =   -235.7318948060 Error = 5.64e-23 FLOPS = 2.96e+10 Tdav = 3.20 T = 7.30
 --> Site =   17 .. Mmps =  550 Ndav =   6 E =   -235.7318948912 Error = 7.13e-22 FLOPS = 2.98e+10 Tdav = 4.02 T = 8.48
 --> Site =   18 .. Mmps =  550 Ndav =   6 E =   -235.7318949986 Error = 1.97e-22 FLOPS = 3.05e+10 Tdav = 4.13 T = 8.90
 --> Site =   19 .. Mmps =  550 Ndav =   6 E =   -235.7318950887 Error = 9.39e-23 FLOPS = 2.99e+10 Tdav = 4.41 T = 9.62
 --> Site =   20 .. Mmps =  550 Ndav =   6 E =   -235.7318951937 Error = 7.91e-22 FLOPS = 2.99e+10 Tdav = 4.61 T = 10.26
 --> Site =   21 .. Mmps =  550 Ndav =   6 E =   -235.7318952721 Error = 4.18e-22 FLOPS = 3.01e+10 Tdav = 4.77 T = 10.88
 --> Site =   22 .. Mmps =  550 Ndav =   6 E =   -235.7318953714 Error = 4.90e-22 FLOPS = 3.02e+10 Tdav = 4.97 T = 11.42
 --> Site =   23 .. Mmps =  550 Ndav =   6 E =   -235.7318954445 Error = 1.05e-21 FLOPS = 3.02e+10 Tdav = 5.15 T = 12.13
 --> Site =   24 .. Mmps =  550 Ndav =   5 E =   -235.7318955401 Error = 2.18e-22 FLOPS = 3.09e+10 Tdav = 4.37 T = 11.79
 --> Site =   25 .. Mmps =  550 Ndav =   6 E =   -235.7318956311 Error = 2.79e-21 FLOPS = 3.04e+10 Tdav = 5.52 T = 13.38
 --> Site =   26 .. Mmps =  550 Ndav =   6 E =   -235.7318957685 Error = 4.89e-22 FLOPS = 3.05e+10 Tdav = 5.69 T = 14.11
 --> Site =   27 .. Mmps =  550 Ndav =   6 E =   -235.7318959809 Error = 1.85e-21 FLOPS = 3.07e+10 Tdav = 5.85 T = 14.77
 --> Site =   28 .. Mmps =  550 Ndav =   7 E =   -235.7318963501 Error = 4.89e-22 FLOPS = 3.03e+10 Tdav = 7.15 T = 16.69
 --> Site =   29 .. Mmps =  550 Ndav =   7 E =   -235.7318966574 Error = 2.63e-21 FLOPS = 3.04e+10 Tdav = 7.36 T = 17.38
 --> Site =   30 .. Mmps =  550 Ndav =   8 E =   -235.7318971061 Error = 4.91e-22 FLOPS = 3.05e+10 Tdav = 8.63 T = 19.21
 --> Site =   31 .. Mmps =  550 Ndav =   8 E =   -235.7318974077 Error = 5.80e-21 FLOPS = 3.03e+10 Tdav = 8.96 T = 20.27
 --> Site =   32 .. Mmps =  550 Ndav =   8 E =   -235.7318978688 Error = 3.17e-21 FLOPS = 3.05e+10 Tdav = 9.15 T = 20.93
 --> Site =   33 .. Mmps =  550 Ndav =   8 E =   -235.7318981341 Error = 1.73e-20 FLOPS = 3.04e+10 Tdav = 9.46 T = 22.08
 --> Site =   34 .. Mmps =  550 Ndav =   8 E =   -235.7318985194 Error = 8.67e-21 FLOPS = 3.04e+10 Tdav = 9.72 T = 22.59
 --> Site =   35 .. Mmps =  550 Ndav =   7 E =   -235.7318986739 Error = 2.04e-21 FLOPS = 3.09e+10 Tdav = 8.58 T = 22.24
 --> Site =   36 .. Mmps =  550 Ndav =   7 E =   -235.7318988667 Error = 7.23e-21 FLOPS = 3.07e+10 Tdav = 8.89 T = 23.14
 --> Site =   37 .. Mmps =  550 Ndav =   5 E =   -235.7318989114 Error = 1.76e-20 FLOPS = 3.16e+10 Tdav = 6.32 T = 21.35
 --> Site =   38 .. Mmps =  550 Ndav =   5 E =   -235.7318989546 Error = 1.21e-20 FLOPS = 3.13e+10 Tdav = 6.54 T = 22.20
 --> Site =   39 .. Mmps =  550 Ndav =   5 E =   -235.7318989856 Error = 1.09e-21 FLOPS = 3.18e+10 Tdav = 6.59 T = 22.91
 --> Site =   40 .. Mmps =  550 Ndav =   6 E =   -235.7318990491 Error = 8.80e-21 FLOPS = 3.14e+10 Tdav = 8.21 T = 25.38
 --> Site =   41 .. Mmps =  550 Ndav =   6 E =   -235.7318991192 Error = 1.62e-20 FLOPS = 3.12e+10 Tdav = 8.46 T = 26.29
 --> Site =   42 .. Mmps =  550 Ndav =   6 E =   -235.7318992374 Error = 1.09e-21 FLOPS = 3.15e+10 Tdav = 8.55 T = 27.16
 --> Site =   43 .. Mmps =  550 Ndav =   7 E =   -235.7318993274 Error = 4.46e-21 FLOPS = 3.15e+10 Tdav = 9.99 T = 28.93
 --> Site =   44 .. Mmps =  550 Ndav =   7 E =   -235.7318994506 Error = 6.14e-21 FLOPS = 3.09e+10 Tdav = 10.17 T = 29.25
 --> Site =   45 .. Mmps =  550 Ndav =   8 E =   -235.7318995424 Error = 5.27e-21 FLOPS = 3.08e+10 Tdav = 11.92 T = 31.26
 --> Site =   46 .. Mmps =  550 Ndav =   7 E =   -235.7318996577 Error = 1.04e-21 FLOPS = 3.10e+10 Tdav = 10.58 T = 30.66
 --> Site =   47 .. Mmps =  550 Ndav =   8 E =   -235.7318997363 Error = 9.78e-21 FLOPS = 3.12e+10 Tdav = 12.05 T = 32.63
 --> Site =   48 .. Mmps =  550 Ndav =   6 E =   -235.7318998675 Error = 1.10e-21 FLOPS = 3.14e+10 Tdav = 9.16 T = 30.08
 --> Site =   49 .. Mmps =  550 Ndav =   7 E =   -235.7318999358 Error = 1.24e-20 FLOPS = 3.11e+10 Tdav = 11.02 T = 32.69
 --> Site =   50 .. Mmps =  550 Ndav =   6 E =   -235.7319000168 Error = 2.43e-21 FLOPS = 3.13e+10 Tdav = 9.37 T = 31.66
 --> Site =   51 .. Mmps =  550 Ndav =   6 E =   -235.7319000617 Error = 8.14e-21 FLOPS = 3.17e+10 Tdav = 9.24 T = 31.48
 --> Site =   52 .. Mmps =  550 Ndav =   5 E =   -235.7319001447 Error = 3.14e-22 FLOPS = 3.15e+10 Tdav = 7.91 T = 30.47
 --> Site =   53 .. Mmps =  550 Ndav =   6 E =   -235.7319002433 Error = 1.83e-20 FLOPS = 3.14e+10 Tdav = 9.74 T = 33.21
 --> Site =   54 .. Mmps =  550 Ndav =   8 E =   -235.7319004984 Error = 2.78e-22 FLOPS = 3.11e+10 Tdav = 13.11 T = 37.02
 --> Site =   55 .. Mmps =  550 Ndav =   6 E =   -235.7319006878 Error = 6.64e-21 FLOPS = 3.12e+10 Tdav = 9.97 T = 34.25
 --> Site =   56 .. Mmps =  550 Ndav =   8 E =   -235.7319011385 Error = 2.44e-20 FLOPS = 3.11e+10 Tdav = 13.11 T = 37.49
 --> Site =   57 .. Mmps =  550 Ndav =   7 E =   -235.7319013704 Error = 1.38e-20 FLOPS = 3.15e+10 Tdav = 11.55 T = 35.85
 --> Site =   58 .. Mmps =  550 Ndav =   9 E =   -235.7319019276 Error = 4.45e-20 FLOPS = 3.10e+10 Tdav = 15.07 T = 39.86
 --> Site =   59 .. Mmps =  550 Ndav =   7 E =   -235.7319021240 Error = 2.14e-20 FLOPS = 3.12e+10 Tdav = 11.85 T = 36.99
 --> Site =   60 .. Mmps =  550 Ndav =   8 E =   -235.7319024727 Error = 1.65e-21 FLOPS = 3.09e+10 Tdav = 13.69 T = 39.26
 --> Site =   61 .. Mmps =  550 Ndav =   7 E =   -235.7319025988 Error = 3.44e-21 FLOPS = 3.13e+10 Tdav = 12.06 T = 38.23
 --> Site =   62 .. Mmps =  550 Ndav =   7 E =   -235.7319027988 Error = 4.65e-22 FLOPS = 3.11e+10 Tdav = 11.90 T = 37.99
 --> Site =   63 .. Mmps =  550 Ndav =   5 E =   -235.7319028313 Error = 1.70e-20 FLOPS = 3.16e+10 Tdav = 8.54 T = 34.63
 --> Site =   64 .. Mmps =  550 Ndav =   5 E =   -235.7319028670 Error = 1.73e-20 FLOPS = 3.16e+10 Tdav = 8.53 T = 34.98
 --> Site =   65 .. Mmps =  550 Ndav =   4 E =   -235.7319028855 Error = 1.65e-21 FLOPS = 3.17e+10 Tdav = 6.93 T = 33.96
 --> Site =   66 .. Mmps =  550 Ndav =   6 E =   -235.7319029379 Error = 4.58e-21 FLOPS = 3.17e+10 Tdav = 10.39 T = 37.88
 --> Site =   67 .. Mmps =  550 Ndav =   6 E =   -235.7319029898 Error = 2.51e-20 FLOPS = 3.17e+10 Tdav = 10.40 T = 37.85
 --> Site =   68 .. Mmps =  550 Ndav =   6 E =   -235.7319030949 Error = 4.27e-21 FLOPS = 3.16e+10 Tdav = 10.42 T = 37.90
 --> Site =   69 .. Mmps =  550 Ndav =   7 E =   -235.7319031798 Error = 1.28e-20 FLOPS = 3.13e+10 Tdav = 12.04 T = 39.05
 --> Site =   70 .. Mmps =  550 Ndav =   7 E =   -235.7319033298 Error = 3.86e-21 FLOPS = 3.15e+10 Tdav = 12.20 T = 39.19
 --> Site =   71 .. Mmps =  550 Ndav =   8 E =   -235.7319034156 Error = 2.92e-21 FLOPS = 3.12e+10 Tdav = 14.06 T = 41.45
 --> Site =   72 .. Mmps =  550 Ndav =   7 E =   -235.7319035551 Error = 1.08e-21 FLOPS = 3.18e+10 Tdav = 12.10 T = 39.46
 --> Site =   73 .. Mmps =  550 Ndav =   7 E =   -235.7319036455 Error = 1.13e-20 FLOPS = 3.18e+10 Tdav = 12.09 T = 39.45
 --> Site =   74 .. Mmps =  550 Ndav =   7 E =   -235.7319037774 Error = 1.86e-21 FLOPS = 3.15e+10 Tdav = 12.20 T = 39.57
 --> Site =   75 .. Mmps =  550 Ndav =   7 E =   -235.7319038399 Error = 8.59e-21 FLOPS = 3.15e+10 Tdav = 12.43 T = 40.19
 --> Site =   76 .. Mmps =  550 Ndav =   6 E =   -235.7319039145 Error = 5.82e-21 FLOPS = 3.19e+10 Tdav = 10.51 T = 38.77
 --> Site =   77 .. Mmps =  550 Ndav =   6 E =   -235.7319039609 Error = 7.54e-21 FLOPS = 3.21e+10 Tdav = 10.28 T = 37.85
 --> Site =   78 .. Mmps =  550 Ndav =   5 E =   -235.7319040375 Error = 1.66e-22 FLOPS = 3.23e+10 Tdav = 8.66 T = 36.26
 --> Site =   79 .. Mmps =  550 Ndav =   5 E =   -235.7319041311 Error = 9.18e-21 FLOPS = 3.23e+10 Tdav = 8.66 T = 36.71
 --> Site =   80 .. Mmps =  550 Ndav =   8 E =   -235.7319044004 Error = 4.38e-22 FLOPS = 3.20e+10 Tdav = 13.74 T = 41.42
 --> Site =   81 .. Mmps =  550 Ndav =   7 E =   -235.7319045986 Error = 3.95e-21 FLOPS = 3.22e+10 Tdav = 11.92 T = 39.13
 --> Site =   82 .. Mmps =  550 Ndav =   9 E =   -235.7319050746 Error = 8.28e-21 FLOPS = 3.18e+10 Tdav = 15.27 T = 42.01
 --> Site =   83 .. Mmps =  550 Ndav =   7 E =   -235.7319053380 Error = 1.27e-20 FLOPS = 3.21e+10 Tdav = 11.97 T = 38.67
 --> Site =   84 .. Mmps =  550 Ndav =   9 E =   -235.7319060162 Error = 1.15e-21 FLOPS = 3.18e+10 Tdav = 15.52 T = 42.68
 --> Site =   85 .. Mmps =  550 Ndav =   8 E =   -235.7319062481 Error = 2.27e-20 FLOPS = 3.17e+10 Tdav = 13.85 T = 41.02
 --> Site =   86 .. Mmps =  550 Ndav =   8 E =   -235.7319066823 Error = 6.36e-21 FLOPS = 3.20e+10 Tdav = 13.74 T = 41.02
 --> Site =   87 .. Mmps =  550 Ndav =   7 E =   -235.7319068008 Error = 2.74e-21 FLOPS = 3.22e+10 Tdav = 11.94 T = 39.17
 --> Site =   88 .. Mmps =  550 Ndav =   7 E =   -235.7319070085 Error = 3.64e-22 FLOPS = 3.23e+10 Tdav = 12.11 T = 39.76
 --> Site =   89 .. Mmps =  550 Ndav =   5 E =   -235.7319070422 Error = 1.39e-20 FLOPS = 3.22e+10 Tdav = 8.68 T = 36.90
 --> Site =   90 .. Mmps =  550 Ndav =   5 E =   -235.7319070936 Error = 5.10e-22 FLOPS = 3.26e+10 Tdav = 8.41 T = 36.14
 --> Site =   91 .. Mmps =  550 Ndav =   4 E =   -235.7319071132 Error = 1.35e-21 FLOPS = 3.27e+10 Tdav = 6.84 T = 34.48
 --> Site =   92 .. Mmps =  550 Ndav =   6 E =   -235.7319071714 Error = 4.81e-22 FLOPS = 3.20e+10 Tdav = 10.49 T = 38.57
 --> Site =   93 .. Mmps =  550 Ndav =   5 E =   -235.7319072265 Error = 6.02e-21 FLOPS = 3.27e+10 Tdav = 8.40 T = 36.08
 --> Site =   94 .. Mmps =  550 Ndav =   6 E =   -235.7319073333 Error = 6.64e-21 FLOPS = 3.17e+10 Tdav = 10.38 T = 37.68
 --> Site =   95 .. Mmps =  550 Ndav =   7 E =   -235.7319074266 Error = 8.80e-21 FLOPS = 3.24e+10 Tdav = 11.66 T = 38.50
 --> Site =   96 .. Mmps =  550 Ndav =   7 E =   -235.7319075732 Error = 1.70e-21 FLOPS = 3.21e+10 Tdav = 11.96 T = 38.65
 --> Site =   97 .. Mmps =  550 Ndav =   8 E =   -235.7319076644 Error = 1.76e-21 FLOPS = 3.19e+10 Tdav = 13.76 T = 40.89
 --> Site =   98 .. Mmps =  550 Ndav =   7 E =   -235.7319077957 Error = 2.81e-21 FLOPS = 3.19e+10 Tdav = 11.82 T = 38.45
 --> Site =   99 .. Mmps =  550 Ndav =   8 E =   -235.7319078908 Error = 1.05e-20 FLOPS = 3.22e+10 Tdav = 13.41 T = 39.67
 --> Site =  100 .. Mmps =  550 Ndav =   7 E =   -235.7319080538 Error = 2.38e-21 FLOPS = 3.23e+10 Tdav = 11.91 T = 38.54
 --> Site =  101 .. Mmps =  550 Ndav =   8 E =   -235.7319081455 Error = 1.09e-20 FLOPS = 3.21e+10 Tdav = 13.67 T = 40.83
 --> Site =  102 .. Mmps =  550 Ndav =   7 E =   -235.7319082508 Error = 2.09e-21 FLOPS = 3.20e+10 Tdav = 11.99 T = 39.27
 --> Site =  103 .. Mmps =  550 Ndav =   6 E =   -235.7319082990 Error = 1.70e-20 FLOPS = 3.25e+10 Tdav = 9.96 T = 36.70
 --> Site =  104 .. Mmps =  550 Ndav =   6 E =   -235.7319083821 Error = 9.67e-21 FLOPS = 3.25e+10 Tdav = 9.94 T = 36.26
 --> Site =  105 .. Mmps =  550 Ndav =   5 E =   -235.7319084833 Error = 3.94e-21 FLOPS = 3.26e+10 Tdav = 8.13 T = 33.94
 --> Site =  106 .. Mmps =  550 Ndav =   8 E =   -235.7319087545 Error = 1.35e-20 FLOPS = 3.18e+10 Tdav = 13.33 T = 38.85
 --> Site =  107 .. Mmps =  550 Ndav =   6 E =   -235.7319089450 Error = 1.72e-20 FLOPS = 3.25e+10 Tdav = 9.58 T = 34.40
 --> Site =  108 .. Mmps =  550 Ndav =   9 E =   -235.7319094121 Error = 4.92e-22 FLOPS = 3.17e+10 Tdav = 14.47 T = 38.51
 --> Site =  109 .. Mmps =  550 Ndav =   7 E =   -235.7319096575 Error = 1.10e-20 FLOPS = 3.18e+10 Tdav = 11.22 T = 34.78
 --> Site =  110 .. Mmps =  550 Ndav =   9 E =   -235.7319102884 Error = 1.46e-20 FLOPS = 3.18e+10 Tdav = 14.41 T = 38.07
 --> Site =  111 .. Mmps =  550 Ndav =   8 E =   -235.7319105066 Error = 1.14e-20 FLOPS = 3.18e+10 Tdav = 12.82 T = 36.42
 --> Site =  112 .. Mmps =  550 Ndav =   9 E =   -235.7319109834 Error = 2.68e-20 FLOPS = 3.19e+10 Tdav = 14.35 T = 38.02
 --> Site =  113 .. Mmps =  550 Ndav =   7 E =   -235.7319111030 Error = 5.74e-21 FLOPS = 3.23e+10 Tdav = 11.04 T = 34.60
 --> Site =  114 .. Mmps =  550 Ndav =   7 E =   -235.7319112987 Error = 3.09e-22 FLOPS = 3.23e+10 Tdav = 11.04 T = 34.69
 --> Site =  115 .. Mmps =  550 Ndav =   5 E =   -235.7319113331 Error = 8.20e-21 FLOPS = 3.25e+10 Tdav = 7.67 T = 30.87
 --> Site =  116 .. Mmps =  550 Ndav =   5 E =   -235.7319113746 Error = 6.10e-22 FLOPS = 3.22e+10 Tdav = 7.58 T = 29.95
 --> Site =  117 .. Mmps =  550 Ndav =   5 E =   -235.7319113992 Error = 1.68e-21 FLOPS = 3.23e+10 Tdav = 7.58 T = 29.49
 --> Site =  118 .. Mmps =  550 Ndav =   6 E =   -235.7319114550 Error = 1.34e-21 FLOPS = 3.23e+10 Tdav = 8.90 T = 30.37
 --> Site =  119 .. Mmps =  550 Ndav =   6 E =   -235.7319115102 Error = 6.82e-21 FLOPS = 3.23e+10 Tdav = 8.89 T = 29.94
 --> Site =  120 .. Mmps =  550 Ndav =   6 E =   -235.7319116121 Error = 3.83e-21 FLOPS = 3.22e+10 Tdav = 8.74 T = 29.40
 --> Site =  121 .. Mmps =  550 Ndav =   7 E =   -235.7319116960 Error = 1.50e-20 FLOPS = 3.13e+10 Tdav = 10.28 T = 30.25
 --> Site =  122 .. Mmps =  550 Ndav =   7 E =   -235.7319118505 Error = 1.81e-21 FLOPS = 3.10e+10 Tdav = 10.38 T = 30.12
 --> Site =  123 .. Mmps =  550 Ndav =   7 E =   -235.7319119414 Error = 1.39e-21 FLOPS = 3.10e+10 Tdav = 10.14 T = 29.44
 --> Site =  124 .. Mmps =  550 Ndav =   7 E =   -235.7319120682 Error = 1.18e-21 FLOPS = 3.15e+10 Tdav = 9.99 T = 28.89
 --> Site =  125 .. Mmps =  550 Ndav =   8 E =   -235.7319121624 Error = 5.47e-21 FLOPS = 3.09e+10 Tdav = 11.64 T = 30.62
 --> Site =  126 .. Mmps =  550 Ndav =   6 E =   -235.7319122861 Error = 4.44e-21 FLOPS = 3.12e+10 Tdav = 8.45 T = 27.00
 --> Site =  127 .. Mmps =  550 Ndav =   7 E =   -235.7319123740 Error = 6.00e-21 FLOPS = 3.13e+10 Tdav = 9.59 T = 27.42
 --> Site =  128 .. Mmps =  550 Ndav =   6 E =   -235.7319124511 Error = 2.55e-21 FLOPS = 3.12e+10 Tdav = 8.07 T = 25.20
 --> Site =  129 .. Mmps =  550 Ndav =   6 E =   -235.7319124971 Error = 1.81e-20 FLOPS = 3.10e+10 Tdav = 7.93 T = 24.25
 --> Site =  130 .. Mmps =  550 Ndav =   5 E =   -235.7319125649 Error = 2.08e-20 FLOPS = 3.15e+10 Tdav = 6.34 T = 22.03
 --> Site =  131 .. Mmps =  550 Ndav =   5 E =   -235.7319126650 Error = 2.67e-20 FLOPS = 3.11e+10 Tdav = 6.25 T = 21.19
 --> Site =  132 .. Mmps =  550 Ndav =   7 E =   -235.7319128859 Error = 2.38e-20 FLOPS = 3.09e+10 Tdav = 8.59 T = 22.90
 --> Site =  133 .. Mmps =  550 Ndav =   6 E =   -235.7319130405 Error = 1.01e-20 FLOPS = 3.08e+10 Tdav = 7.19 T = 20.89
 --> Site =  134 .. Mmps =  550 Ndav =   8 E =   -235.7319134055 Error = 2.39e-20 FLOPS = 3.04e+10 Tdav = 9.45 T = 22.42
 --> Site =  135 .. Mmps =  550 Ndav =   7 E =   -235.7319136301 Error = 1.05e-20 FLOPS = 3.07e+10 Tdav = 7.96 T = 20.32
 --> Site =  136 .. Mmps =  550 Ndav =   9 E =   -235.7319141790 Error = 2.79e-20 FLOPS = 3.00e+10 Tdav = 10.19 T = 21.84
 --> Site =  137 .. Mmps =  550 Ndav =   7 E =   -235.7319143364 Error = 2.94e-20 FLOPS = 3.08e+10 Tdav = 7.49 T = 18.64
 --> Site =  138 .. Mmps =  550 Ndav =   8 E =   -235.7319147622 Error = 2.90e-22 FLOPS = 3.03e+10 Tdav = 8.43 T = 18.93
 --> Site =  139 .. Mmps =  550 Ndav =   6 E =   -235.7319148540 Error = 8.59e-21 FLOPS = 3.07e+10 Tdav = 6.04 T = 16.09
 --> Site =  140 .. Mmps =  550 Ndav =   6 E =   -235.7319149982 Error = 5.49e-21 FLOPS = 3.12e+10 Tdav = 5.76 T = 15.20
 --> Site =  141 .. Mmps =  550 Ndav =   4 E =   -235.7319150135 Error = 1.03e-20 FLOPS = 3.09e+10 Tdav = 3.75 T = 12.92
 --> Site =  142 .. Mmps =  550 Ndav =   4 E =   -235.7319150304 Error = 9.74e-22 FLOPS = 3.08e+10 Tdav = 3.63 T = 12.09
 --> Site =  143 .. Mmps =  550 Ndav =   4 E =   -235.7319150383 Error = 5.47e-21 FLOPS = 3.13e+10 Tdav = 3.45 T = 11.31
 --> Site =  144 .. Mmps =  550 Ndav =   4 E =   -235.7319150573 Error = 7.13e-21 FLOPS = 3.07e+10 Tdav = 3.38 T = 10.78
 --> Site =  145 .. Mmps =  550 Ndav =   4 E =   -235.7319150721 Error = 7.52e-21 FLOPS = 3.06e+10 Tdav = 3.26 T = 10.25
 --> Site =  146 .. Mmps =  550 Ndav =   5 E =   -235.7319151005 Error = 1.21e-21 FLOPS = 3.05e+10 Tdav = 3.93 T = 10.39
 --> Site =  147 .. Mmps =  550 Ndav =   4 E =   -235.7319151137 Error = 2.93e-21 FLOPS = 3.10e+10 Tdav = 2.96 T = 8.94
 --> Site =  148 .. Mmps =  550 Ndav =   5 E =   -235.7319151381 Error = 3.14e-21 FLOPS = 3.02e+10 Tdav = 3.63 T = 9.27
 --> Site =  149 .. Mmps =  550 Ndav =   4 E =   -235.7319151493 Error = 6.72e-22 FLOPS = 3.04e+10 Tdav = 2.75 T = 7.97
 --> Site =  150 .. Mmps =  550 Ndav =   5 E =   -235.7319151754 Error = 4.92e-21 FLOPS = 2.98e+10 Tdav = 3.35 T = 8.21
 --> Site =  151 .. Mmps =  550 Ndav =   3 E =   -235.7319151819 Error = 3.13e-21 FLOPS = 3.02e+10 Tdav = 1.88 T = 6.30
 --> Site =  152 .. Mmps =  550 Ndav =   5 E =   -235.7319152171 Error = 3.14e-22 FLOPS = 2.99e+10 Tdav = 3.01 T = 7.10
 --> Site =  153 .. Mmps =  550 Ndav =   3 E =   -235.7319152202 Error = 3.84e-21 FLOPS = 3.03e+10 Tdav = 1.68 T = 5.44
 --> Site =  154 .. Mmps =  550 Ndav =   3 E =   -235.7319152259 Error = 2.60e-21 FLOPS = 2.95e+10 Tdav = 1.62 T = 5.06
 --> Site =  155 .. Mmps =  550 Ndav =   2 E =   -235.7319152272 Error = 4.41e-21 FLOPS = 2.99e+10 Tdav = 1.00 T = 4.15
 --> Site =  156 .. Mmps =  550 Ndav =   3 E =   -235.7319152319 Error = 1.75e-18 FLOPS = 2.93e+10 Tdav = 1.43 T = 4.30
 --> Site =  157 .. Mmps =  550 Ndav =   2 E =   -235.7319152323 Error = 1.70e-20 FLOPS = 2.88e+10 Tdav = 0.90 T = 3.49
 --> Site =  158 .. Mmps =  550 Ndav =   3 E =   -235.7319152370 Error = 7.75e-21 FLOPS = 2.86e+10 Tdav = 1.26 T = 3.60
 --> Site =  159 .. Mmps =  550 Ndav =   1 E =   -235.7319152370 Error = 7.65e-28 FLOPS = 2.54e+10 Tdav = 0.38 T = 2.54
 --> Site =  160 .. Mmps =  550 Ndav =   2 E =   -235.7319152378 Error = 6.41e-29 FLOPS = 2.57e+10 Tdav = 0.30 T = 2.14
 --> Site =  161 .. Mmps =  550 Ndav =   1 E =   -235.7319152378 Error = 7.04e-54 FLOPS = 2.11e+10 Tdav = 0.07 T = 1.74
 --> Site =  162 .. Mmps =  550 Ndav =   1 E =   -235.7319152378 Error = 3.06e-79 FLOPS = 2.03e+10 Tdav = 0.03 T = 1.42
 --> Site =  163 .. Mmps =  550 Ndav =   1 E =   -235.7319152378 Error = 5.21e-104 FLOPS = 1.55e+10 Tdav = 0.02 T = 1.23
 --> Site =  164 .. Mmps =  550 Ndav =   1 E =   -235.7319152378 Error = 6.27e-127 FLOPS = 1.24e+10 Tdav = 0.01 T = 1.07
 --> Site =  165 .. Mmps =  550 Ndav =   1 E =   -235.7319152378 Error = 3.34e-149 FLOPS = 7.81e+09 Tdav = 0.01 T = 0.93
 --> Site =  166 .. Mmps =  540 Ndav =   1 E =   -235.7319152378 Error = 0.00e+00 FLOPS = 3.79e+09 Tdav = 0.01 T = 0.73
 --> Site =  167 .. Mmps =  550 Ndav =   1 E =   -235.7319152378 Error = 5.00e-198 FLOPS = 2.11e+09 Tdav = 0.00 T = 0.54
 --> Site =  168 .. Mmps =  547 Ndav =   1 E =   -235.7319152378 Error = 0.00e+00 FLOPS = 1.35e+09 Tdav = 0.00 T = 0.40
Time elapsed =  12840.049 | E =    -235.7319152378 | DE = -2.07e-05 | DW = 1.74840e-18
Time sweep =     3964.709 | 36.5 TFLOP/SWP
 | Dmem = 136 MB (3%) | Imem = 232 B (79%) | Hmem = 649 MB | Wmem = 4.62 MB | Pmem = 0 B
 | Tread = 91.841 | Twrite = 35.092 | Tfpread = 86.835 | Tfpwrite = 20.576 | Tmporead = 0.000 | Tasync = 0.000
 | data = 14.6 GB | cpsd = 11.0 GB
 | Trot = 205.332 | Tctr = 1.658 | Tint = 0.014 | Tmid = 0.000 | Tdctr = 72.224 | Tdiag = 1.804 | Tinfo = 2.539
 | Teff = 2373.625 | Tprt = 0.000 | Teig = 1278.192 | Tblk = 3718.873 | Tmve = 245.820 | Tdm = 3.120 | Tsplt = 46.899 | Tsvd = 0.000 | Torth = 0.000

Sweep =    9 | Direction = backward | Bond dimension =  550 | Noise =  0.00e+00 | Dav threshold =  1.00e-08
 <-- Site =  168 .. Mmps =    2 Ndav =   1 E =   -235.7319152378 Error = 0.00e+00 FLOPS = 1.87e+09 Tdav = 0.00 T = 0.02
 <-- Site =  167 .. Mmps =    4 Ndav =   1 E =   -235.7319152378 Error = 0.00e+00 FLOPS = 2.24e+09 Tdav = 0.00 T = 0.11
 <-- Site =  166 .. Mmps =    8 Ndav =   1 E =   -235.7319152378 Error = 0.00e+00 FLOPS = 3.79e+09 Tdav = 0.01 T = 0.19
 <-- Site =  165 .. Mmps =   16 Ndav =   1 E =   -235.7319152378 Error = 0.00e+00 FLOPS = 7.96e+09 Tdav = 0.01 T = 0.26
 <-- Site =  164 .. Mmps =   32 Ndav =   1 E =   -235.7319152378 Error = 0.00e+00 FLOPS = 1.18e+10 Tdav = 0.01 T = 0.37
 <-- Site =  163 .. Mmps =   64 Ndav =   1 E =   -235.7319152378 Error = 0.00e+00 FLOPS = 1.66e+10 Tdav = 0.02 T = 0.50
 <-- Site =  162 .. Mmps =  128 Ndav =   1 E =   -235.7319152378 Error = 0.00e+00 FLOPS = 1.95e+10 Tdav = 0.03 T = 0.65
 <-- Site =  161 .. Mmps =  256 Ndav =   1 E =   -235.7319152378 Error = 0.00e+00 FLOPS = 2.12e+10 Tdav = 0.07 T = 0.86
 <-- Site =  160 .. Mmps =  512 Ndav =   1 E =   -235.7319152378 Error = 0.00e+00 FLOPS = 2.41e+10 Tdav = 0.16 T = 1.20
 <-- Site =  159 .. Mmps =  550 Ndav =   1 E =   -235.7319152379 Error = 6.63e-27 FLOPS = 2.60e+10 Tdav = 0.38 T = 2.01
 <-- Site =  158 .. Mmps =  550 Ndav =   1 E =   -235.7319152379 Error = 1.05e-21 FLOPS = 2.75e+10 Tdav = 0.43 T = 2.78
 <-- Site =  157 .. Mmps =  550 Ndav =   1 E =   -235.7319152379 Error = 1.95e-26 FLOPS = 2.68e+10 Tdav = 0.48 T = 3.15
 <-- Site =  156 .. Mmps =  550 Ndav =   1 E =   -235.7319152379 Error = 4.12e-21 FLOPS = 2.82e+10 Tdav = 0.50 T = 3.48
 <-- Site =  155 .. Mmps =  550 Ndav =   1 E =   -235.7319152379 Error = 8.03e-24 FLOPS = 2.75e+10 Tdav = 0.54 T = 3.82
 <-- Site =  154 .. Mmps =  550 Ndav =   1 E =   -235.7319152379 Error = 3.75e-20 FLOPS = 2.79e+10 Tdav = 0.57 T = 4.13
 <-- Site =  153 .. Mmps =  550 Ndav =   1 E =   -235.7319152379 Error = 6.57e-23 FLOPS = 2.72e+10 Tdav = 0.62 T = 4.56
 <-- Site =  152 .. Mmps =  550 Ndav =   1 E =   -235.7319152379 Error = 1.07e-19 FLOPS = 2.73e+10 Tdav = 0.66 T = 5.00
 <-- Site =  151 .. Mmps =  550 Ndav =   1 E =   -235.7319152379 Error = 8.45e-23 FLOPS = 2.76e+10 Tdav = 0.69 T = 5.41
 <-- Site =  150 .. Mmps =  550 Ndav =   1 E =   -235.7319152379 Error = 7.04e-20 FLOPS = 2.81e+10 Tdav = 0.71 T = 5.75
 <-- Site =  149 .. Mmps =  550 Ndav =   1 E =   -235.7319152379 Error = 1.58e-22 FLOPS = 2.84e+10 Tdav = 0.74 T = 6.25
 <-- Site =  148 .. Mmps =  550 Ndav =   1 E =   -235.7319152379 Error = 9.49e-20 FLOPS = 2.88e+10 Tdav = 0.76 T = 6.60
 <-- Site =  147 .. Mmps =  550 Ndav =   1 E =   -235.7319152379 Error = 1.72e-22 FLOPS = 2.83e+10 Tdav = 0.81 T = 7.22
 <-- Site =  146 .. Mmps =  550 Ndav =   1 E =   -235.7319152379 Error = 1.63e-19 FLOPS = 2.87e+10 Tdav = 0.83 T = 7.67
 <-- Site =  145 .. Mmps =  550 Ndav =   1 E =   -235.7319152379 Error = 2.12e-22 FLOPS = 2.87e+10 Tdav = 0.87 T = 8.26
 <-- Site =  144 .. Mmps =  550 Ndav =   1 E =   -235.7319152379 Error = 9.58e-20 FLOPS = 2.92e+10 Tdav = 0.89 T = 8.72
 <-- Site =  143 .. Mmps =  550 Ndav =   1 E =   -235.7319152379 Error = 4.65e-22 FLOPS = 2.99e+10 Tdav = 0.90 T = 9.22
 <-- Site =  142 .. Mmps =  550 Ndav =   1 E =   -235.7319152379 Error = 2.90e-19 FLOPS = 2.91e+10 Tdav = 0.96 T = 9.81
 <-- Site =  141 .. Mmps =  550 Ndav =   1 E =   -235.7319152379 Error = 7.40e-22 FLOPS = 2.93e+10 Tdav = 0.99 T = 10.41
 <-- Site =  140 .. Mmps =  550 Ndav =   1 E =   -235.7319152379 Error = 1.06e-18 FLOPS = 2.97e+10 Tdav = 1.01 T = 11.01
 <-- Site =  139 .. Mmps =  550 Ndav =   1 E =   -235.7319152379 Error = 9.66e-22 FLOPS = 3.01e+10 Tdav = 1.03 T = 11.53
 <-- Site =  138 .. Mmps =  550 Ndav =   2 E =   -235.7319152383 Error = 9.56e-19 FLOPS = 3.06e+10 Tdav = 2.09 T = 13.33
 <-- Site =  137 .. Mmps =  550 Ndav =   1 E =   -235.7319152383 Error = 1.71e-21 FLOPS = 2.96e+10 Tdav = 1.11 T = 12.89
 <-- Site =  136 .. Mmps =  550 Ndav =   2 E =   -235.7319152388 Error = 7.25e-19 FLOPS = 3.16e+10 Tdav = 2.15 T = 14.53
 <-- Site =  135 .. Mmps =  550 Ndav =   1 E =   -235.7319152388 Error = 1.77e-21 FLOPS = 2.98e+10 Tdav = 1.17 T = 14.28
 <-- Site =  134 .. Mmps =  550 Ndav =   2 E =   -235.7319152394 Error = 1.26e-18 FLOPS = 3.12e+10 Tdav = 2.30 T = 16.02
 <-- Site =  133 .. Mmps =  550 Ndav =   2 E =   -235.7319152398 Error = 2.13e-21 FLOPS = 3.15e+10 Tdav = 2.35 T = 16.78
 <-- Site =  132 .. Mmps =  550 Ndav =   2 E =   -235.7319152402 Error = 6.33e-19 FLOPS = 3.06e+10 Tdav = 2.48 T = 17.65
 <-- Site =  131 .. Mmps =  550 Ndav =   2 E =   -235.7319152405 Error = 1.53e-21 FLOPS = 3.14e+10 Tdav = 2.48 T = 18.45
 <-- Site =  130 .. Mmps =  550 Ndav =   2 E =   -235.7319152409 Error = 1.29e-18 FLOPS = 3.08e+10 Tdav = 2.59 T = 19.22
 <-- Site =  129 .. Mmps =  550 Ndav =   2 E =   -235.7319152412 Error = 1.01e-21 FLOPS = 3.12e+10 Tdav = 2.63 T = 19.93
 <-- Site =  128 .. Mmps =  550 Ndav =   2 E =   -235.7319152418 Error = 2.37e-19 FLOPS = 3.12e+10 Tdav = 2.69 T = 20.71
 <-- Site =  127 .. Mmps =  550 Ndav =   2 E =   -235.7319152424 Error = 2.00e-21 FLOPS = 3.11e+10 Tdav = 2.76 T = 21.69
 <-- Site =  126 .. Mmps =  550 Ndav =   2 E =   -235.7319152434 Error = 5.60e-19 FLOPS = 3.10e+10 Tdav = 2.83 T = 22.62
 <-- Site =  125 .. Mmps =  550 Ndav =   2 E =   -235.7319152441 Error = 1.83e-21 FLOPS = 3.14e+10 Tdav = 2.86 T = 23.07
 <-- Site =  124 .. Mmps =  550 Ndav =   3 E =   -235.7319152458 Error = 1.51e-18 FLOPS = 3.14e+10 Tdav = 4.29 T = 24.32
 <-- Site =  123 .. Mmps =  550 Ndav =   2 E =   -235.7319152465 Error = 1.56e-21 FLOPS = 3.10e+10 Tdav = 2.90 T = 23.45
 <-- Site =  122 .. Mmps =  550 Ndav =   2 E =   -235.7319152472 Error = 6.28e-19 FLOPS = 3.13e+10 Tdav = 2.94 T = 23.98
 <-- Site =  121 .. Mmps =  550 Ndav =   2 E =   -235.7319152477 Error = 2.19e-21 FLOPS = 3.13e+10 Tdav = 2.93 T = 24.29
 <-- Site =  120 .. Mmps =  550 Ndav =   2 E =   -235.7319152483 Error = 3.40e-19 FLOPS = 3.15e+10 Tdav = 2.98 T = 25.25
 <-- Site =  119 .. Mmps =  550 Ndav =   2 E =   -235.7319152487 Error = 1.26e-21 FLOPS = 3.13e+10 Tdav = 3.07 T = 25.75
 <-- Site =  118 .. Mmps =  550 Ndav =   2 E =   -235.7319152491 Error = 3.47e-19 FLOPS = 3.12e+10 Tdav = 3.07 T = 26.16
 <-- Site =  117 .. Mmps =  550 Ndav =   1 E =   -235.7319152491 Error = 3.59e-21 FLOPS = 3.01e+10 Tdav = 1.62 T = 25.21
 <-- Site =  116 .. Mmps =  550 Ndav =   1 E =   -235.7319152491 Error = 1.90e-19 FLOPS = 3.07e+10 Tdav = 1.59 T = 25.74
 <-- Site =  115 .. Mmps =  550 Ndav =   2 E =   -235.7319152495 Error = 8.19e-22 FLOPS = 3.13e+10 Tdav = 3.19 T = 27.99
 <-- Site =  114 .. Mmps =  550 Ndav =   2 E =   -235.7319152501 Error = 1.42e-18 FLOPS = 3.14e+10 Tdav = 3.25 T = 28.62
 <-- Site =  113 .. Mmps =  550 Ndav =   2 E =   -235.7319152506 Error = 2.18e-21 FLOPS = 3.13e+10 Tdav = 3.25 T = 28.68
 <-- Site =  112 .. Mmps =  550 Ndav =   2 E =   -235.7319152517 Error = 7.86e-19 FLOPS = 3.18e+10 Tdav = 3.21 T = 28.67
 <-- Site =  111 .. Mmps =  550 Ndav =   2 E =   -235.7319152524 Error = 2.91e-21 FLOPS = 3.11e+10 Tdav = 3.27 T = 28.69
 <-- Site =  110 .. Mmps =  550 Ndav =   3 E =   -235.7319152540 Error = 1.35e-18 FLOPS = 3.15e+10 Tdav = 4.84 T = 30.22
 <-- Site =  109 .. Mmps =  550 Ndav =   2 E =   -235.7319152547 Error = 4.32e-21 FLOPS = 3.22e+10 Tdav = 3.16 T = 28.55
 <-- Site =  108 .. Mmps =  550 Ndav =   2 E =   -235.7319152556 Error = 2.91e-18 FLOPS = 3.14e+10 Tdav = 3.24 T = 29.27
 <-- Site =  107 .. Mmps =  550 Ndav =   2 E =   -235.7319152562 Error = 3.30e-21 FLOPS = 3.12e+10 Tdav = 3.33 T = 30.14
 <-- Site =  106 .. Mmps =  550 Ndav =   2 E =   -235.7319152569 Error = 9.84e-19 FLOPS = 3.14e+10 Tdav = 3.37 T = 30.67
 <-- Site =  105 .. Mmps =  550 Ndav =   2 E =   -235.7319152573 Error = 1.70e-21 FLOPS = 3.18e+10 Tdav = 3.33 T = 31.17
 <-- Site =  104 .. Mmps =  550 Ndav =   2 E =   -235.7319152577 Error = 4.22e-19 FLOPS = 3.15e+10 Tdav = 3.42 T = 31.57
 <-- Site =  103 .. Mmps =  550 Ndav =   2 E =   -235.7319152581 Error = 7.39e-22 FLOPS = 3.16e+10 Tdav = 3.42 T = 32.15
 <-- Site =  102 .. Mmps =  550 Ndav =   2 E =   -235.7319152588 Error = 2.98e-19 FLOPS = 3.13e+10 Tdav = 3.51 T = 32.74
 <-- Site =  101 .. Mmps =  550 Ndav =   2 E =   -235.7319152594 Error = 2.20e-21 FLOPS = 3.21e+10 Tdav = 3.42 T = 32.75
 <-- Site =  100 .. Mmps =  550 Ndav =   3 E =   -235.7319152610 Error = 9.23e-19 FLOPS = 3.22e+10 Tdav = 5.12 T = 34.16
 <-- Site =   99 .. Mmps =  550 Ndav =   2 E =   -235.7319152620 Error = 3.45e-21 FLOPS = 3.15e+10 Tdav = 3.42 T = 31.80
 <-- Site =   98 .. Mmps =  550 Ndav =   2 E =   -235.7319152634 Error = 3.76e-19 FLOPS = 3.15e+10 Tdav = 3.42 T = 32.21
 <-- Site =   97 .. Mmps =  550 Ndav =   2 E =   -235.7319152642 Error = 4.98e-21 FLOPS = 3.13e+10 Tdav = 3.51 T = 32.81
 <-- Site =   96 .. Mmps =  550 Ndav =   2 E =   -235.7319152651 Error = 1.16e-18 FLOPS = 3.14e+10 Tdav = 3.49 T = 32.34
 <-- Site =   95 .. Mmps =  550 Ndav =   2 E =   -235.7319152656 Error = 2.32e-21 FLOPS = 3.21e+10 Tdav = 3.36 T = 32.19
 <-- Site =   94 .. Mmps =  550 Ndav =   2 E =   -235.7319152663 Error = 6.57e-19 FLOPS = 3.17e+10 Tdav = 3.47 T = 32.81
 <-- Site =   93 .. Mmps =  550 Ndav =   2 E =   -235.7319152666 Error = 6.76e-22 FLOPS = 3.14e+10 Tdav = 3.50 T = 33.44
 <-- Site =   92 .. Mmps =  550 Ndav =   2 E =   -235.7319152671 Error = 2.79e-18 FLOPS = 3.15e+10 Tdav = 3.55 T = 33.97
 <-- Site =   91 .. Mmps =  550 Ndav =   1 E =   -235.7319152671 Error = 1.99e-21 FLOPS = 3.04e+10 Tdav = 1.84 T = 31.69
 <-- Site =   90 .. Mmps =  550 Ndav =   2 E =   -235.7319152675 Error = 2.31e-19 FLOPS = 3.13e+10 Tdav = 3.51 T = 33.21
 <-- Site =   89 .. Mmps =  550 Ndav =   1 E =   -235.7319152675 Error = 1.51e-21 FLOPS = 3.09e+10 Tdav = 1.81 T = 32.12
 <-- Site =   88 .. Mmps =  550 Ndav =   2 E =   -235.7319152683 Error = 1.15e-18 FLOPS = 3.15e+10 Tdav = 3.55 T = 33.41
 <-- Site =   87 .. Mmps =  550 Ndav =   2 E =   -235.7319152688 Error = 3.51e-21 FLOPS = 3.15e+10 Tdav = 3.49 T = 32.83
 <-- Site =   86 .. Mmps =  550 Ndav =   2 E =   -235.7319152699 Error = 7.75e-19 FLOPS = 3.15e+10 Tdav = 3.48 T = 32.97
 <-- Site =   85 .. Mmps =  550 Ndav =   2 E =   -235.7319152707 Error = 2.49e-21 FLOPS = 3.12e+10 Tdav = 3.51 T = 32.78
 <-- Site =   84 .. Mmps =  550 Ndav =   3 E =   -235.7319152724 Error = 1.94e-18 FLOPS = 3.20e+10 Tdav = 5.15 T = 34.47
 <-- Site =   83 .. Mmps =  550 Ndav =   2 E =   -235.7319152730 Error = 2.26e-21 FLOPS = 3.15e+10 Tdav = 3.48 T = 32.28
 <-- Site =   82 .. Mmps =  550 Ndav =   2 E =   -235.7319152739 Error = 7.52e-19 FLOPS = 3.15e+10 Tdav = 3.43 T = 32.22
 <-- Site =   81 .. Mmps =  550 Ndav =   2 E =   -235.7319152745 Error = 3.68e-21 FLOPS = 3.15e+10 Tdav = 3.48 T = 32.75
 <-- Site =   80 .. Mmps =  550 Ndav =   2 E =   -235.7319152751 Error = 5.78e-19 FLOPS = 3.12e+10 Tdav = 3.52 T = 33.30
 <-- Site =   79 .. Mmps =  550 Ndav =   2 E =   -235.7319152755 Error = 1.54e-21 FLOPS = 3.18e+10 Tdav = 3.51 T = 33.96
 <-- Site =   78 .. Mmps =  550 Ndav =   2 E =   -235.7319152760 Error = 3.10e-19 FLOPS = 3.14e+10 Tdav = 3.56 T = 33.25
 <-- Site =   77 .. Mmps =  550 Ndav =   2 E =   -235.7319152763 Error = 6.26e-22 FLOPS = 3.14e+10 Tdav = 3.50 T = 33.33
 <-- Site =   76 .. Mmps =  550 Ndav =   2 E =   -235.7319152770 Error = 5.47e-19 FLOPS = 3.14e+10 Tdav = 3.56 T = 33.88
 <-- Site =   75 .. Mmps =  550 Ndav =   2 E =   -235.7319152776 Error = 2.45e-21 FLOPS = 3.15e+10 Tdav = 3.55 T = 33.52
 <-- Site =   74 .. Mmps =  550 Ndav =   3 E =   -235.7319152793 Error = 1.34e-18 FLOPS = 3.17e+10 Tdav = 5.20 T = 34.50
 <-- Site =   73 .. Mmps =  550 Ndav =   2 E =   -235.7319152803 Error = 3.44e-21 FLOPS = 3.19e+10 Tdav = 3.44 T = 32.86
 <-- Site =   72 .. Mmps =  550 Ndav =   3 E =   -235.7319152821 Error = 6.56e-19 FLOPS = 3.18e+10 Tdav = 5.18 T = 34.36
 <-- Site =   71 .. Mmps =  550 Ndav =   2 E =   -235.7319152829 Error = 3.21e-21 FLOPS = 3.15e+10 Tdav = 3.49 T = 32.90
 <-- Site =   70 .. Mmps =  550 Ndav =   2 E =   -235.7319152837 Error = 6.67e-19 FLOPS = 3.12e+10 Tdav = 3.52 T = 32.42
 <-- Site =   69 .. Mmps =  550 Ndav =   2 E =   -235.7319152843 Error = 2.76e-21 FLOPS = 3.15e+10 Tdav = 3.43 T = 32.34
 <-- Site =   68 .. Mmps =  550 Ndav =   2 E =   -235.7319152850 Error = 4.20e-19 FLOPS = 3.15e+10 Tdav = 3.48 T = 32.85
 <-- Site =   67 .. Mmps =  550 Ndav =   2 E =   -235.7319152854 Error = 1.02e-21 FLOPS = 3.13e+10 Tdav = 3.51 T = 32.81
 <-- Site =   66 .. Mmps =  550 Ndav =   2 E =   -235.7319152858 Error = 8.22e-19 FLOPS = 3.18e+10 Tdav = 3.45 T = 32.95
 <-- Site =   65 .. Mmps =  550 Ndav =   1 E =   -235.7319152858 Error = 1.89e-21 FLOPS = 3.08e+10 Tdav = 1.78 T = 30.53
 <-- Site =   64 .. Mmps =  550 Ndav =   1 E =   -235.7319152858 Error = 3.31e-19 FLOPS = 3.02e+10 Tdav = 1.78 T = 30.20
 <-- Site =   63 .. Mmps =  550 Ndav =   2 E =   -235.7319152862 Error = 1.04e-21 FLOPS = 3.13e+10 Tdav = 3.44 T = 31.31
 <-- Site =   62 .. Mmps =  550 Ndav =   2 E =   -235.7319152868 Error = 1.44e-18 FLOPS = 3.20e+10 Tdav = 3.30 T = 31.27
 <-- Site =   61 .. Mmps =  550 Ndav =   2 E =   -235.7319152873 Error = 1.35e-21 FLOPS = 3.16e+10 Tdav = 3.42 T = 31.47
 <-- Site =   60 .. Mmps =  550 Ndav =   3 E =   -235.7319152886 Error = 6.22e-19 FLOPS = 3.15e+10 Tdav = 5.03 T = 32.45
 <-- Site =   59 .. Mmps =  550 Ndav =   2 E =   -235.7319152893 Error = 3.16e-21 FLOPS = 3.11e+10 Tdav = 3.40 T = 30.50
 <-- Site =   58 .. Mmps =  550 Ndav =   2 E =   -235.7319152903 Error = 1.33e-18 FLOPS = 3.15e+10 Tdav = 3.30 T = 29.70
 <-- Site =   57 .. Mmps =  550 Ndav =   2 E =   -235.7319152910 Error = 1.80e-21 FLOPS = 3.18e+10 Tdav = 3.26 T = 29.32
 <-- Site =   56 .. Mmps =  550 Ndav =   2 E =   -235.7319152918 Error = 1.26e-18 FLOPS = 3.13e+10 Tdav = 3.26 T = 29.12
 <-- Site =   55 .. Mmps =  550 Ndav =   2 E =   -235.7319152924 Error = 3.84e-21 FLOPS = 3.13e+10 Tdav = 3.32 T = 29.40
 <-- Site =   54 .. Mmps =  550 Ndav =   2 E =   -235.7319152930 Error = 1.22e-18 FLOPS = 3.18e+10 Tdav = 3.20 T = 28.92
 <-- Site =   53 .. Mmps =  550 Ndav =   2 E =   -235.7319152933 Error = 2.65e-21 FLOPS = 3.14e+10 Tdav = 3.25 T = 28.40
 <-- Site =   52 .. Mmps =  550 Ndav =   2 E =   -235.7319152937 Error = 6.75e-19 FLOPS = 3.13e+10 Tdav = 3.19 T = 27.32
 <-- Site =   51 .. Mmps =  550 Ndav =   2 E =   -235.7319152941 Error = 5.85e-22 FLOPS = 3.14e+10 Tdav = 3.11 T = 26.89
 <-- Site =   50 .. Mmps =  550 Ndav =   2 E =   -235.7319152947 Error = 3.13e-19 FLOPS = 3.15e+10 Tdav = 3.11 T = 26.90
 <-- Site =   49 .. Mmps =  550 Ndav =   2 E =   -235.7319152952 Error = 2.58e-21 FLOPS = 3.13e+10 Tdav = 3.13 T = 26.34
 <-- Site =   48 .. Mmps =  550 Ndav =   3 E =   -235.7319152969 Error = 1.58e-18 FLOPS = 3.15e+10 Tdav = 4.56 T = 26.96
 <-- Site =   47 .. Mmps =  550 Ndav =   2 E =   -235.7319152977 Error = 2.66e-21 FLOPS = 3.15e+10 Tdav = 2.98 T = 24.94
 <-- Site =   46 .. Mmps =  550 Ndav =   2 E =   -235.7319152990 Error = 6.96e-19 FLOPS = 3.09e+10 Tdav = 3.03 T = 24.21
 <-- Site =   45 .. Mmps =  550 Ndav =   2 E =   -235.7319152997 Error = 2.91e-21 FLOPS = 3.11e+10 Tdav = 2.95 T = 23.35
 <-- Site =   44 .. Mmps =  550 Ndav =   2 E =   -235.7319153005 Error = 7.68e-19 FLOPS = 3.10e+10 Tdav = 2.90 T = 23.08
 <-- Site =   43 .. Mmps =  550 Ndav =   2 E =   -235.7319153010 Error = 2.25e-21 FLOPS = 3.12e+10 Tdav = 2.88 T = 23.10
 <-- Site =   42 .. Mmps =  550 Ndav =   2 E =   -235.7319153016 Error = 3.44e-19 FLOPS = 3.19e+10 Tdav = 2.81 T = 22.69
 <-- Site =   41 .. Mmps =  550 Ndav =   2 E =   -235.7319153020 Error = 8.93e-22 FLOPS = 3.21e+10 Tdav = 2.74 T = 21.69
 <-- Site =   40 .. Mmps =  550 Ndav =   2 E =   -235.7319153023 Error = 6.03e-19 FLOPS = 3.13e+10 Tdav = 2.74 T = 21.11
 <-- Site =   39 .. Mmps =  550 Ndav =   1 E =   -235.7319153023 Error = 7.84e-21 FLOPS = 3.01e+10 Tdav = 1.39 T = 18.81
 <-- Site =   38 .. Mmps =  550 Ndav =   2 E =   -235.7319153027 Error = 3.75e-19 FLOPS = 3.12e+10 Tdav = 2.62 T = 19.49
 <-- Site =   37 .. Mmps =  550 Ndav =   2 E =   -235.7319153030 Error = 2.87e-21 FLOPS = 3.17e+10 Tdav = 2.52 T = 18.39
 <-- Site =   36 .. Mmps =  550 Ndav =   2 E =   -235.7319153037 Error = 1.09e-18 FLOPS = 3.17e+10 Tdav = 2.46 T = 17.53
 <-- Site =   35 .. Mmps =  550 Ndav =   2 E =   -235.7319153042 Error = 1.81e-21 FLOPS = 3.17e+10 Tdav = 2.40 T = 16.82
 <-- Site =   34 .. Mmps =  550 Ndav =   3 E =   -235.7319153057 Error = 6.12e-19 FLOPS = 3.20e+10 Tdav = 3.46 T = 17.19
 <-- Site =   33 .. Mmps =  550 Ndav =   2 E =   -235.7319153065 Error = 2.65e-21 FLOPS = 3.12e+10 Tdav = 2.30 T = 15.39
 <-- Site =   32 .. Mmps =  550 Ndav =   2 E =   -235.7319153075 Error = 2.18e-18 FLOPS = 3.14e+10 Tdav = 2.23 T = 14.78
 <-- Site =   31 .. Mmps =  550 Ndav =   2 E =   -235.7319153081 Error = 3.97e-21 FLOPS = 3.10e+10 Tdav = 2.19 T = 14.24
 <-- Site =   30 .. Mmps =  550 Ndav =   2 E =   -235.7319153089 Error = 1.11e-18 FLOPS = 3.07e+10 Tdav = 2.15 T = 13.52
 <-- Site =   29 .. Mmps =  550 Ndav =   2 E =   -235.7319153093 Error = 2.56e-21 FLOPS = 3.14e+10 Tdav = 2.03 T = 12.69
 <-- Site =   28 .. Mmps =  550 Ndav =   2 E =   -235.7319153099 Error = 1.09e-18 FLOPS = 3.04e+10 Tdav = 2.04 T = 12.25
 <-- Site =   27 .. Mmps =  550 Ndav =   2 E =   -235.7319153102 Error = 2.39e-21 FLOPS = 3.05e+10 Tdav = 1.96 T = 11.56
 <-- Site =   26 .. Mmps =  550 Ndav =   2 E =   -235.7319153105 Error = 6.86e-19 FLOPS = 3.07e+10 Tdav = 1.89 T = 10.92
 <-- Site =   25 .. Mmps =  550 Ndav =   2 E =   -235.7319153108 Error = 5.57e-22 FLOPS = 3.04e+10 Tdav = 1.84 T = 10.22
 <-- Site =   24 .. Mmps =  550 Ndav =   2 E =   -235.7319153115 Error = 2.39e-18 FLOPS = 3.03e+10 Tdav = 1.78 T = 9.75
 <-- Site =   23 .. Mmps =  550 Ndav =   2 E =   -235.7319153119 Error = 3.37e-21 FLOPS = 3.01e+10 Tdav = 1.72 T = 9.21
 <-- Site =   22 .. Mmps =  550 Ndav =   2 E =   -235.7319153126 Error = 1.68e-18 FLOPS = 3.01e+10 Tdav = 1.66 T = 8.65
 <-- Site =   21 .. Mmps =  550 Ndav =   2 E =   -235.7319153130 Error = 9.89e-22 FLOPS = 3.10e+10 Tdav = 1.54 T = 8.02
 <-- Site =   20 .. Mmps =  550 Ndav =   2 E =   -235.7319153137 Error = 8.97e-19 FLOPS = 2.97e+10 Tdav = 1.54 T = 7.60
 <-- Site =   19 .. Mmps =  550 Ndav =   2 E =   -235.7319153140 Error = 5.75e-22 FLOPS = 2.95e+10 Tdav = 1.49 T = 7.15
 <-- Site =   18 .. Mmps =  550 Ndav =   2 E =   -235.7319153143 Error = 4.30e-18 FLOPS = 3.02e+10 Tdav = 1.39 T = 6.63
 <-- Site =   17 .. Mmps =  550 Ndav =   1 E =   -235.7319153143 Error = 5.58e-22 FLOPS = 2.84e+10 Tdav = 0.70 T = 5.52
 <-- Site =   16 .. Mmps =  550 Ndav =   2 E =   -235.7319153147 Error = 3.47e-18 FLOPS = 2.98e+10 Tdav = 1.27 T = 5.66
 <-- Site =   15 .. Mmps =  550 Ndav =   1 E =   -235.7319153147 Error = 8.14e-22 FLOPS = 2.77e+10 Tdav = 0.65 T = 4.65
 <-- Site =   14 .. Mmps =  550 Ndav =   1 E =   -235.7319153147 Error = 1.77e-18 FLOPS = 2.76e+10 Tdav = 0.61 T = 4.33
 <-- Site =   13 .. Mmps =  550 Ndav =   1 E =   -235.7319153147 Error = 1.88e-21 FLOPS = 2.78e+10 Tdav = 0.57 T = 3.91
 <-- Site =   12 .. Mmps =  550 Ndav =   1 E =   -235.7319153147 Error = 5.13e-18 FLOPS = 2.75e+10 Tdav = 0.54 T = 3.69
 <-- Site =   11 .. Mmps =  550 Ndav =   1 E =   -235.7319153147 Error = 3.05e-20 FLOPS = 2.73e+10 Tdav = 0.51 T = 3.30
 <-- Site =   10 .. Mmps =  550 Ndav =   1 E =   -235.7319153147 Error = 5.52e-19 FLOPS = 2.69e+10 Tdav = 0.48 T = 3.00
 <-- Site =    9 .. Mmps =  550 Ndav =   1 E =   -235.7319153147 Error = 1.67e-26 FLOPS = 2.66e+10 Tdav = 0.40 T = 2.47
 <-- Site =    8 .. Mmps =  550 Ndav =   1 E =   -235.7319153147 Error = 1.55e-32 FLOPS = 2.26e+10 Tdav = 0.15 T = 1.45
 <-- Site =    7 .. Mmps =  550 Ndav =   1 E =   -235.7319153147 Error = 1.36e-55 FLOPS = 2.00e+10 Tdav = 0.06 T = 1.20
 <-- Site =    6 .. Mmps =  550 Ndav =   1 E =   -235.7319153147 Error = 2.02e-75 FLOPS = 1.73e+10 Tdav = 0.02 T = 0.98
 <-- Site =    5 .. Mmps =  550 Ndav =   1 E =   -235.7319153147 Error = 3.44e-92 FLOPS = 1.45e+10 Tdav = 0.01 T = 0.89
 <-- Site =    4 .. Mmps =  550 Ndav =   1 E =   -235.7319153147 Error = 6.16e-108 FLOPS = 1.17e+10 Tdav = 0.01 T = 0.88
 <-- Site =    3 .. Mmps =  550 Ndav =   1 E =   -235.7319153147 Error = 1.56e-109 FLOPS = 8.02e+09 Tdav = 0.00 T = 0.73
 <-- Site =    2 .. Mmps =  550 Ndav =   1 E =   -235.7319153147 Error = 1.16e-106 FLOPS = 5.33e+09 Tdav = 0.00 T = 0.68
 <-- Site =    1 .. Mmps =  550 Ndav =   1 E =   -235.7319153147 Error = 7.42e-109 FLOPS = 2.99e+09 Tdav = 0.00 T = 0.67
 <-- Site =    0 .. Mmps =  548 Ndav =   1 E =   -235.7319153147 Error = 0.00e+00 FLOPS = 1.93e+09 Tdav = 0.00 T = 0.64
Time elapsed =  16100.612 | E =    -235.7319153147 | DE = -7.68e-08 | DW = 5.13372e-18
Time sweep =     3260.563 | 10.9 TFLOP/SWP
 | Dmem = 136 MB (3%) | Imem = 232 B (79%) | Hmem = 649 MB | Wmem = 4.62 MB | Pmem = 0 B
 | Tread = 80.938 | Twrite = 33.537 | Tfpread = 79.724 | Tfpwrite = 19.823 | Tmporead = 0.000 | Tasync = 0.000
 | data = 14.6 GB | cpsd = 9.62 GB
 | Trot = 201.949 | Tctr = 199.527 | Tint = 0.008 | Tmid = 0.000 | Tdctr = 0.011 | Tdiag = 1.704 | Tinfo = 2.486
 | Teff = 2308.554 | Tprt = 0.000 | Teig = 382.738 | Tblk = 2759.040 | Tmve = 501.510 | Tdm = 3.197 | Tsplt = 46.394 | Tsvd = 0.000 | Torth = 0.000

DMRG energy = -235.73191531466918

Local densities:
0.9858751407823908
0.0007448816534909501
0.9811188572759835
0.0007632158713300499
0.9811477570366668
0.0007631679620634797
0.9811481561411268
0.000763167876612392
0.9811477575250884
0.0007632160956364566
0.9811188509508322
0.0007448815633744409
0.9858751491891866
0.0007448784808825293
0.1904670124757136
0.0006723962512642704
0.18524037107490302
0.0006749515038249043
0.1849432982254342
0.0006750515759005789
0.18494321780912534
0.0006749509819092378
0.18524036070127442
0.0006723987761580274
0.1904670069869314
0.0007448842265804421
0.9811188595725502
0.0006723974071138311
0.964502312618959
0.0007342016407127893
0.9645214242749414
0.0007345405448896048
0.9645375436125189
0.0007345435954629132
0.9645213518973134
0.0007342022820087407
0.9645023107191589
0.0006724007882737094
0.9811188679327887
0.0007632150907618025
0.18524041959660395
0.0007341972901966354
0.1841924814376342
0.0007344977136128549
0.1837908687007576
0.0007346375581242251
0.18379087682733283
0.0007344973013313331
0.18419245591567054
0.0007341990510631535
0.1852403711030666
0.0007632173248877115
0.98114774651939
0.0006749539221327689
0.9645213612744659
0.0007345003606681789
0.9643163446990042
0.0007357964489252371
0.9643303251008886
0.0007357973742765681
0.9643163544299576
0.0007344976476153328
0.9645213377498901
0.0006749523814789418
0.9811477680163457
0.0007631659987438915
0.18494331930348282
0.000734529003454286
0.18379078376650992
0.0007357930691310729
0.18345186679749165
0.0007358917704519613
0.18345167285779923
0.0007357990925691681
0.18379076090355687
0.0007345330300340947
0.18494323737843027
0.000763167749932909
0.9811481611972276
0.0006750540457931387
0.9645374827757813
0.0007346407444139295
0.9643303748374589
0.0007358936563869612
0.9643405373913232
0.0007358901011479972
0.964330329970151
0.0007346398335149467
0.9645374148038485
0.0006750482633418537
0.9811481488657806
0.0007631640913232266
0.1849432082391431
0.0007345299201496539
0.18379064997631286
0.0007357981517209222
0.18345157295938738
0.0007358911990840995
0.18345173144937077
0.0007357965420894873
0.18379076545603706
0.0007345315029711522
0.184943231495434
0.000763168726478999
0.9811477670364973
0.0006749532876640405
0.9645213454089635
0.0007345042645885569
0.9643163798889278
0.0007358017831708381
0.9643303876699529
0.000735795964923894
0.9643163813388332
0.00073450037775346
0.9645214400100462
0.0006749601182739036
0.9811477762565436
0.0007632118705661619
0.18524042193822868
0.0007341969370586801
0.18419248051403897
0.000734501527934872
0.18379076973115488
0.0007346405517425063
0.18379072490689685
0.0007344993863545372
0.184192333438885
0.000734202889201254
0.18524035242344722
0.0007632143422325587
0.9811188492024293
0.000672396665551238
0.9645023131138687
0.0007342061052934438
0.9645213455924374
0.0007345368697770747
0.9645374809033768
0.0007345343196366477
0.9645213820058429
0.0007342008787573517
0.9645022921122612
0.0006724003070003625
0.981118844924592
0.0007448871838866337
0.1904669761073772
0.0006724080846260324
0.18524037390144962
0.0006749612203080293
0.18494332128241145
0.0006750546569350746
0.18494316447312562
0.000674952720529449
0.18524032985256755
0.0006723970633309199
0.19046701581536765
0.0007448807433665518
0.9858751457492158
0.0007448821390846717
0.9811188479285003
0.0007632212134166289
0.9811477500521514
0.0007631636798227011
0.981148153663692
0.0007631608733642681
0.9811477576547222
0.0007632055783647317
0.9811188425762393
0.0007448774089050517
0.9858751026423536

corresponding 2D coords:
[(0, 0), (0, 1), (0, 2), (0, 3), (0, 4), (0, 5), (0, 6), (0, 7), (0, 8), (0, 9), (0, 10), (0, 11), (0, 12), (1, 12), (1, 11), (1, 10), (1, 9), (1, 8), (1, 7), (1, 6), (1, 5), (1, 4), (1, 3), (1, 2), (1, 1), (1, 0), (2, 0), (2, 1), (2, 2), (2, 3), (2, 4), (2, 5), (2, 6), (2, 7), (2, 8), (2, 9), (2, 10), (2, 11), (2, 12), (3, 12), (3, 11), (3, 10), (3, 9), (3, 8), (3, 7), (3, 6), (3, 5), (3, 4), (3, 3), (3, 2), (3, 1), (3, 0), (4, 0), (4, 1), (4, 2), (4, 3), (4, 4), (4, 5), (4, 6), (4, 7), (4, 8), (4, 9), (4, 10), (4, 11), (4, 12), (5, 12), (5, 11), (5, 10), (5, 9), (5, 8), (5, 7), (5, 6), (5, 5), (5, 4), (5, 3), (5, 2), (5, 1), (5, 0), (6, 0), (6, 1), (6, 2), (6, 3), (6, 4), (6, 5), (6, 6), (6, 7), (6, 8), (6, 9), (6, 10), (6, 11), (6, 12), (7, 12), (7, 11), (7, 10), (7, 9), (7, 8), (7, 7), (7, 6), (7, 5), (7, 4), (7, 3), (7, 2), (7, 1), (7, 0), (8, 0), (8, 1), (8, 2), (8, 3), (8, 4), (8, 5), (8, 6), (8, 7), (8, 8), (8, 9), (8, 10), (8, 11), (8, 12), (9, 12), (9, 11), (9, 10), (9, 9), (9, 8), (9, 7), (9, 6), (9, 5), (9, 4), (9, 3), (9, 2), (9, 1), (9, 0), (10, 0), (10, 1), (10, 2), (10, 3), (10, 4), (10, 5), (10, 6), (10, 7), (10, 8), (10, 9), (10, 10), (10, 11), (10, 12), (11, 12), (11, 11), (11, 10), (11, 9), (11, 8), (11, 7), (11, 6), (11, 5), (11, 4), (11, 3), (11, 2), (11, 1), (11, 0), (12, 0), (12, 1), (12, 2), (12, 3), (12, 4), (12, 5), (12, 6), (12, 7), (12, 8), (12, 9), (12, 10), (12, 11), (12, 12)]

Saved density data:
PKL → /users/ylokare/2D_DMRG_calculations/results/13_by_13_lattice/Local_densities/Uniform_Hamiltonian/Rb1.5/density_Lx13_Ly13_Dmax550_delta4.9_Rb1.5_uniform_hamiltonian.pkl
CSV → /users/ylokare/2D_DMRG_calculations/results/13_by_13_lattice/Local_densities/Uniform_Hamiltonian/Rb1.5/density_Lx13_Ly13_Dmax550_delta4.9_Rb1.5_uniform_hamiltonian.csv
