Lx=13, Ly=13, delta=4.6, Rb=1.5, alpha=0.05, n_edge=4, delta_boundary=2.0, USE_STAR_MODULATION=False
running Lx=13, Ly=13, delta=4.6, Rb=1.5, alpha=0.05, n_edge=4, delta_boundary=2.0
scratch id=333445
Copying previous MPS/MPO data from /users/ylokare/2D_DMRG_calculations/data/tmp1639289 to /oscar/scratch/ylokare/tmp333445

Build MPO | Nsites =   169 | Nterms =      14534 | Algorithm = FastSVD | Cutoff = 1.00e-16 | Max bond dimension =    -1
 Site =     0 /   169 .. Mmpo =     3 DW = 0.00e+00 Error = 2.48e-16 NNZ =        3 SPT = 0.0000 Tsvd = 0.058 T = 0.088
 Site =     1 /   169 .. Mmpo =     4 DW = 1.23e-34 Error = 7.57e-15 NNZ =       10 SPT = 0.1667 Tsvd = 0.002 T = 0.005
 Site =     2 /   169 .. Mmpo =     5 DW = 8.83e-31 Error = 1.34e-14 NNZ =       17 SPT = 0.1500 Tsvd = 0.000 T = 0.005
 Site =     3 /   169 .. Mmpo =     6 DW = 5.91e-31 Error = 2.12e-14 NNZ =       26 SPT = 0.1333 Tsvd = 0.015 T = 0.021
 Site =     4 /   169 .. Mmpo =     7 DW = 1.06e-30 Error = 2.45e-14 NNZ =       37 SPT = 0.1190 Tsvd = 0.000 T = 0.007
 Site =     5 /   169 .. Mmpo =     8 DW = 5.63e-31 Error = 3.63e-14 NNZ =       50 SPT = 0.1071 Tsvd = 0.000 T = 0.008
 Site =     6 /   169 .. Mmpo =     9 DW = 3.41e-30 Error = 3.21e-14 NNZ =       65 SPT = 0.0972 Tsvd = 0.000 T = 0.010
 Site =     7 /   169 .. Mmpo =    10 DW = 4.96e-30 Error = 5.38e-14 NNZ =       82 SPT = 0.0889 Tsvd = 0.000 T = 0.011
 Site =     8 /   169 .. Mmpo =    11 DW = 2.92e-30 Error = 4.68e-14 NNZ =      101 SPT = 0.0818 Tsvd = 0.000 T = 0.012
 Site =     9 /   169 .. Mmpo =    12 DW = 4.61e-30 Error = 1.77e-13 NNZ =      122 SPT = 0.0758 Tsvd = 0.000 T = 0.013
 Site =    10 /   169 .. Mmpo =    13 DW = 7.81e-30 Error = 1.02e-13 NNZ =      145 SPT = 0.0705 Tsvd = 0.000 T = 0.014
 Site =    11 /   169 .. Mmpo =    14 DW = 3.20e-30 Error = 1.52e-13 NNZ =      170 SPT = 0.0659 Tsvd = 0.000 T = 0.015
 Site =    12 /   169 .. Mmpo =    15 DW = 9.11e-31 Error = 7.47e-14 NNZ =      197 SPT = 0.0619 Tsvd = 0.000 T = 0.016
 Site =    13 /   169 .. Mmpo =    16 DW = 4.77e-30 Error = 2.23e-13 NNZ =      226 SPT = 0.0583 Tsvd = 0.000 T = 0.017
 Site =    14 /   169 .. Mmpo =    17 DW = 3.16e-30 Error = 2.00e-13 NNZ =      257 SPT = 0.0551 Tsvd = 0.000 T = 0.018
 Site =    15 /   169 .. Mmpo =    18 DW = 2.46e-29 Error = 2.97e-13 NNZ =      290 SPT = 0.0523 Tsvd = 0.006 T = 0.025
 Site =    16 /   169 .. Mmpo =    19 DW = 4.05e-29 Error = 4.39e-13 NNZ =      325 SPT = 0.0497 Tsvd = 0.000 T = 0.021
 Site =    17 /   169 .. Mmpo =    20 DW = 7.63e-29 Error = 1.24e-13 NNZ =      362 SPT = 0.0474 Tsvd = 0.000 T = 0.022
 Site =    18 /   169 .. Mmpo =    21 DW = 1.84e-28 Error = 4.14e-13 NNZ =      401 SPT = 0.0452 Tsvd = 0.000 T = 0.023
 Site =    19 /   169 .. Mmpo =    22 DW = 6.18e-29 Error = 1.36e-13 NNZ =      442 SPT = 0.0433 Tsvd = 0.001 T = 0.024
 Site =    20 /   169 .. Mmpo =    23 DW = 3.01e-29 Error = 9.96e-14 NNZ =      485 SPT = 0.0415 Tsvd = 0.001 T = 0.025
 Site =    21 /   169 .. Mmpo =    24 DW = 3.91e-29 Error = 2.32e-13 NNZ =      530 SPT = 0.0399 Tsvd = 0.001 T = 0.026
 Site =    22 /   169 .. Mmpo =    25 DW = 2.71e-29 Error = 1.28e-13 NNZ =      577 SPT = 0.0383 Tsvd = 0.006 T = 0.032
 Site =    23 /   169 .. Mmpo =    26 DW = 1.05e-28 Error = 9.14e-14 NNZ =      626 SPT = 0.0369 Tsvd = 0.001 T = 0.028
 Site =    24 /   169 .. Mmpo =    27 DW = 2.42e-29 Error = 3.56e-13 NNZ =      677 SPT = 0.0356 Tsvd = 0.001 T = 0.029
 Site =    25 /   169 .. Mmpo =    28 DW = 1.26e-29 Error = 8.04e-14 NNZ =      730 SPT = 0.0344 Tsvd = 0.001 T = 0.029
 Site =    26 /   169 .. Mmpo =    29 DW = 1.55e-29 Error = 1.44e-13 NNZ =      785 SPT = 0.0333 Tsvd = 0.002 T = 0.032
 Site =    27 /   169 .. Mmpo =    30 DW = 4.35e-30 Error = 1.29e-13 NNZ =      842 SPT = 0.0322 Tsvd = 0.001 T = 0.032
 Site =    28 /   169 .. Mmpo =    31 DW = 1.76e-30 Error = 1.21e-13 NNZ =      901 SPT = 0.0312 Tsvd = 0.001 T = 0.033
 Site =    29 /   169 .. Mmpo =    32 DW = 4.34e-30 Error = 1.13e-13 NNZ =      962 SPT = 0.0302 Tsvd = 0.001 T = 0.033
 Site =    30 /   169 .. Mmpo =    33 DW = 1.75e-30 Error = 7.71e-13 NNZ =     1025 SPT = 0.0294 Tsvd = 0.001 T = 0.035
 Site =    31 /   169 .. Mmpo =    34 DW = 1.23e-29 Error = 4.08e-13 NNZ =     1090 SPT = 0.0285 Tsvd = 0.009 T = 0.043
 Site =    32 /   169 .. Mmpo =    35 DW = 1.79e-29 Error = 3.38e-13 NNZ =     1157 SPT = 0.0277 Tsvd = 0.001 T = 0.036
 Site =    33 /   169 .. Mmpo =    36 DW = 3.29e-30 Error = 2.34e-13 NNZ =     1226 SPT = 0.0270 Tsvd = 0.001 T = 0.037
 Site =    34 /   169 .. Mmpo =    37 DW = 1.37e-29 Error = 1.66e-13 NNZ =     1297 SPT = 0.0263 Tsvd = 0.001 T = 0.038
 Site =    35 /   169 .. Mmpo =    38 DW = 3.50e-30 Error = 1.21e-13 NNZ =     1370 SPT = 0.0256 Tsvd = 0.002 T = 0.040
 Site =    36 /   169 .. Mmpo =    39 DW = 5.59e-29 Error = 9.83e-14 NNZ =     1445 SPT = 0.0250 Tsvd = 0.001 T = 0.040
 Site =    37 /   169 .. Mmpo =    40 DW = 1.84e-29 Error = 7.71e-13 NNZ =     1522 SPT = 0.0244 Tsvd = 0.001 T = 0.041
 Site =    38 /   169 .. Mmpo =    41 DW = 1.18e-29 Error = 8.44e-14 NNZ =     1601 SPT = 0.0238 Tsvd = 0.001 T = 0.041
 Site =    39 /   169 .. Mmpo =    42 DW = 1.38e-29 Error = 5.93e-13 NNZ =     1682 SPT = 0.0232 Tsvd = 0.001 T = 0.042
 Site =    40 /   169 .. Mmpo =    43 DW = 7.05e-29 Error = 7.14e-13 NNZ =     1765 SPT = 0.0227 Tsvd = 0.001 T = 0.043
 Site =    41 /   169 .. Mmpo =    44 DW = 1.50e-29 Error = 6.01e-13 NNZ =     1850 SPT = 0.0222 Tsvd = 0.001 T = 0.044
 Site =    42 /   169 .. Mmpo =    45 DW = 6.18e-29 Error = 5.49e-13 NNZ =     1937 SPT = 0.0217 Tsvd = 0.001 T = 0.044
 Site =    43 /   169 .. Mmpo =    45 DW = 1.99e-17 Error = 4.46e-09 NNZ =     1981 SPT = 0.0217 Tsvd = 0.001 T = 0.045
 Site =    44 /   169 .. Mmpo =    45 DW = 6.89e-17 Error = 8.30e-09 NNZ =     1981 SPT = 0.0217 Tsvd = 0.001 T = 0.045
 Site =    45 /   169 .. Mmpo =    46 DW = 1.25e-26 Error = 2.60e-13 NNZ =     2026 SPT = 0.0213 Tsvd = 0.001 T = 0.045
 Site =    46 /   169 .. Mmpo =    47 DW = 2.32e-27 Error = 2.18e-13 NNZ =     2117 SPT = 0.0208 Tsvd = 0.001 T = 0.046
 Site =    47 /   169 .. Mmpo =    47 DW = 4.85e-17 Error = 6.96e-09 NNZ =     2163 SPT = 0.0208 Tsvd = 0.001 T = 0.046
 Site =    48 /   169 .. Mmpo =    48 DW = 9.01e-27 Error = 1.72e-13 NNZ =     2210 SPT = 0.0204 Tsvd = 0.001 T = 0.046
 Site =    49 /   169 .. Mmpo =    49 DW = 7.66e-27 Error = 1.49e-13 NNZ =     2305 SPT = 0.0200 Tsvd = 0.001 T = 0.049
 Site =    50 /   169 .. Mmpo =    49 DW = 1.83e-17 Error = 4.27e-09 NNZ =     2353 SPT = 0.0200 Tsvd = 0.001 T = 0.047
 Site =    51 /   169 .. Mmpo =    49 DW = 8.53e-17 Error = 9.23e-09 NNZ =     2353 SPT = 0.0200 Tsvd = 0.001 T = 0.047
 Site =    52 /   169 .. Mmpo =    50 DW = 8.97e-26 Error = 3.10e-13 NNZ =     2402 SPT = 0.0196 Tsvd = 0.001 T = 0.047
 Site =    53 /   169 .. Mmpo =    51 DW = 7.76e-26 Error = 2.89e-13 NNZ =     2501 SPT = 0.0192 Tsvd = 0.002 T = 0.048
 Site =    54 /   169 .. Mmpo =    51 DW = 4.41e-17 Error = 6.64e-09 NNZ =     2551 SPT = 0.0192 Tsvd = 0.002 T = 0.049
 Site =    55 /   169 .. Mmpo =    52 DW = 1.25e-24 Error = 1.12e-12 NNZ =     2602 SPT = 0.0189 Tsvd = 0.001 T = 0.049
 Site =    56 /   169 .. Mmpo =    51 DW = 6.20e-17 Error = 7.88e-09 NNZ =     2600 SPT = 0.0196 Tsvd = 0.001 T = 0.049
 Site =    57 /   169 .. Mmpo =    52 DW = 5.82e-25 Error = 1.37e-12 NNZ =     2602 SPT = 0.0189 Tsvd = 0.002 T = 0.048
 Site =    58 /   169 .. Mmpo =    52 DW = 6.30e-17 Error = 7.94e-09 NNZ =     2653 SPT = 0.0189 Tsvd = 0.002 T = 0.048
 Site =    59 /   169 .. Mmpo =    53 DW = 2.97e-24 Error = 1.92e-12 NNZ =     2705 SPT = 0.0185 Tsvd = 0.001 T = 0.048
 Site =    60 /   169 .. Mmpo =    53 DW = 4.30e-17 Error = 6.56e-09 NNZ =     2757 SPT = 0.0185 Tsvd = 0.002 T = 0.049
 Site =    61 /   169 .. Mmpo =    54 DW = 6.87e-25 Error = 9.95e-13 NNZ =     2809 SPT = 0.0185 Tsvd = 0.002 T = 0.048
 Site =    62 /   169 .. Mmpo =    53 DW = 1.12e-16 Error = 1.06e-08 NNZ =     2809 SPT = 0.0185 Tsvd = 0.002 T = 0.049
 Site =    63 /   169 .. Mmpo =    54 DW = 1.42e-24 Error = 1.21e-12 NNZ =     2810 SPT = 0.0182 Tsvd = 0.002 T = 0.047
 Site =    64 /   169 .. Mmpo =    54 DW = 5.19e-17 Error = 7.21e-09 NNZ =     2862 SPT = 0.0185 Tsvd = 0.003 T = 0.049
 Site =    65 /   169 .. Mmpo =    55 DW = 3.36e-24 Error = 1.84e-12 NNZ =     2917 SPT = 0.0178 Tsvd = 0.002 T = 0.048
 Site =    66 /   169 .. Mmpo =    55 DW = 1.36e-17 Error = 3.68e-09 NNZ =     2971 SPT = 0.0179 Tsvd = 0.002 T = 0.048
 Site =    67 /   169 .. Mmpo =    55 DW = 4.98e-17 Error = 7.06e-09 NNZ =     2970 SPT = 0.0182 Tsvd = 0.002 T = 0.048
 Site =    68 /   169 .. Mmpo =    55 DW = 4.70e-17 Error = 6.85e-09 NNZ =     2971 SPT = 0.0179 Tsvd = 0.002 T = 0.048
 Site =    69 /   169 .. Mmpo =    54 DW = 7.61e-17 Error = 8.73e-09 NNZ =     2916 SPT = 0.0182 Tsvd = 0.002 T = 0.047
 Site =    70 /   169 .. Mmpo =    55 DW = 2.62e-24 Error = 1.63e-12 NNZ =     2917 SPT = 0.0178 Tsvd = 0.002 T = 0.045
 Site =    71 /   169 .. Mmpo =    55 DW = 3.99e-17 Error = 6.32e-09 NNZ =     2970 SPT = 0.0182 Tsvd = 0.002 T = 0.046
 Site =    72 /   169 .. Mmpo =    55 DW = 5.42e-17 Error = 7.36e-09 NNZ =     2971 SPT = 0.0179 Tsvd = 0.002 T = 0.046
 Site =    73 /   169 .. Mmpo =    55 DW = 6.67e-17 Error = 8.17e-09 NNZ =     2970 SPT = 0.0182 Tsvd = 0.002 T = 0.046
 Site =    74 /   169 .. Mmpo =    55 DW = 8.36e-17 Error = 9.14e-09 NNZ =     2969 SPT = 0.0185 Tsvd = 0.002 T = 0.045
 Site =    75 /   169 .. Mmpo =    56 DW = 9.02e-25 Error = 9.54e-13 NNZ =     3025 SPT = 0.0179 Tsvd = 0.002 T = 0.045
 Site =    76 /   169 .. Mmpo =    56 DW = 3.98e-17 Error = 6.31e-09 NNZ =     3081 SPT = 0.0175 Tsvd = 0.002 T = 0.045
 Site =    77 /   169 .. Mmpo =    55 DW = 1.17e-16 Error = 1.08e-08 NNZ =     3025 SPT = 0.0179 Tsvd = 0.002 T = 0.044
 Site =    78 /   169 .. Mmpo =    56 DW = 3.29e-26 Error = 2.06e-13 NNZ =     3026 SPT = 0.0175 Tsvd = 0.002 T = 0.043
 Site =    79 /   169 .. Mmpo =    56 DW = 2.13e-17 Error = 4.61e-09 NNZ =     3080 SPT = 0.0179 Tsvd = 0.002 T = 0.044
 Site =    80 /   169 .. Mmpo =    55 DW = 1.17e-16 Error = 1.08e-08 NNZ =     3025 SPT = 0.0179 Tsvd = 0.001 T = 0.043
 Site =    81 /   169 .. Mmpo =    55 DW = 3.96e-17 Error = 6.29e-09 NNZ =     2971 SPT = 0.0179 Tsvd = 0.001 T = 0.042
 Site =    82 /   169 .. Mmpo =    54 DW = 9.88e-17 Error = 9.94e-09 NNZ =     2916 SPT = 0.0182 Tsvd = 0.001 T = 0.041
 Site =    83 /   169 .. Mmpo =    55 DW = 6.74e-24 Error = 2.60e-12 NNZ =     2916 SPT = 0.0182 Tsvd = 0.001 T = 0.040
 Site =    84 /   169 .. Mmpo =    55 DW = 3.64e-17 Error = 6.03e-09 NNZ =     2967 SPT = 0.0192 Tsvd = 0.001 T = 0.041
 Site =    85 /   169 .. Mmpo =    55 DW = 4.59e-17 Error = 6.78e-09 NNZ =     2970 SPT = 0.0182 Tsvd = 0.001 T = 0.040
 Site =    86 /   169 .. Mmpo =    55 DW = 6.65e-17 Error = 8.15e-09 NNZ =     2969 SPT = 0.0185 Tsvd = 0.001 T = 0.041
 Site =    87 /   169 .. Mmpo =    55 DW = 7.50e-17 Error = 8.66e-09 NNZ =     2969 SPT = 0.0185 Tsvd = 0.001 T = 0.040
 Site =    88 /   169 .. Mmpo =    56 DW = 3.36e-24 Error = 2.29e-12 NNZ =     3025 SPT = 0.0179 Tsvd = 0.001 T = 0.040
 Site =    89 /   169 .. Mmpo =    56 DW = 3.82e-17 Error = 6.18e-09 NNZ =     3079 SPT = 0.0182 Tsvd = 0.001 T = 0.040
 Site =    90 /   169 .. Mmpo =    55 DW = 1.15e-16 Error = 1.07e-08 NNZ =     3024 SPT = 0.0182 Tsvd = 0.001 T = 0.038
 Site =    91 /   169 .. Mmpo =    56 DW = 4.45e-25 Error = 9.65e-13 NNZ =     3026 SPT = 0.0175 Tsvd = 0.001 T = 0.039
 Site =    92 /   169 .. Mmpo =    56 DW = 1.09e-17 Error = 3.30e-09 NNZ =     3080 SPT = 0.0179 Tsvd = 0.001 T = 0.039
 Site =    93 /   169 .. Mmpo =    55 DW = 8.29e-17 Error = 9.11e-09 NNZ =     3024 SPT = 0.0182 Tsvd = 0.001 T = 0.038
 Site =    94 /   169 .. Mmpo =    55 DW = 3.32e-17 Error = 5.76e-09 NNZ =     2971 SPT = 0.0179 Tsvd = 0.001 T = 0.037
 Site =    95 /   169 .. Mmpo =    54 DW = 1.05e-16 Error = 1.03e-08 NNZ =     2916 SPT = 0.0182 Tsvd = 0.001 T = 0.037
 Site =    96 /   169 .. Mmpo =    55 DW = 4.00e-24 Error = 2.26e-12 NNZ =     2916 SPT = 0.0182 Tsvd = 0.001 T = 0.036
 Site =    97 /   169 .. Mmpo =    55 DW = 2.95e-17 Error = 5.43e-09 NNZ =     2970 SPT = 0.0182 Tsvd = 0.001 T = 0.036
 Site =    98 /   169 .. Mmpo =    54 DW = 9.55e-17 Error = 9.77e-09 NNZ =     2915 SPT = 0.0185 Tsvd = 0.001 T = 0.036
 Site =    99 /   169 .. Mmpo =    54 DW = 8.83e-17 Error = 9.40e-09 NNZ =     2862 SPT = 0.0185 Tsvd = 0.001 T = 0.035
 Site =   100 /   169 .. Mmpo =    55 DW = 1.63e-24 Error = 1.44e-12 NNZ =     2916 SPT = 0.0182 Tsvd = 0.001 T = 0.035
 Site =   101 /   169 .. Mmpo =    55 DW = 2.73e-17 Error = 5.23e-09 NNZ =     2970 SPT = 0.0182 Tsvd = 0.003 T = 0.036
 Site =   102 /   169 .. Mmpo =    55 DW = 7.01e-18 Error = 2.65e-09 NNZ =     2971 SPT = 0.0179 Tsvd = 0.001 T = 0.035
 Site =   103 /   169 .. Mmpo =    54 DW = 3.95e-17 Error = 6.28e-09 NNZ =     2915 SPT = 0.0185 Tsvd = 0.001 T = 0.033
 Site =   104 /   169 .. Mmpo =    54 DW = 4.29e-18 Error = 2.07e-09 NNZ =     2863 SPT = 0.0182 Tsvd = 0.001 T = 0.033
 Site =   105 /   169 .. Mmpo =    53 DW = 8.82e-17 Error = 9.39e-09 NNZ =     2808 SPT = 0.0189 Tsvd = 0.001 T = 0.032
 Site =   106 /   169 .. Mmpo =    53 DW = 6.84e-17 Error = 8.27e-09 NNZ =     2757 SPT = 0.0185 Tsvd = 0.001 T = 0.031
 Site =   107 /   169 .. Mmpo =    52 DW = 5.53e-17 Error = 7.43e-09 NNZ =     2703 SPT = 0.0192 Tsvd = 0.001 T = 0.031
 Site =   108 /   169 .. Mmpo =    51 DW = 1.70e-16 Error = 1.30e-08 NNZ =     2601 SPT = 0.0192 Tsvd = 0.001 T = 0.029
 Site =   109 /   169 .. Mmpo =    51 DW = 7.53e-17 Error = 8.68e-09 NNZ =     2551 SPT = 0.0192 Tsvd = 0.001 T = 0.029
 Site =   110 /   169 .. Mmpo =    51 DW = 5.51e-17 Error = 7.42e-09 NNZ =     2551 SPT = 0.0192 Tsvd = 0.001 T = 0.028
 Site =   111 /   169 .. Mmpo =    51 DW = 4.20e-17 Error = 6.48e-09 NNZ =     2550 SPT = 0.0196 Tsvd = 0.001 T = 0.028
 Site =   112 /   169 .. Mmpo =    51 DW = 8.99e-17 Error = 9.48e-09 NNZ =     2551 SPT = 0.0192 Tsvd = 0.001 T = 0.027
 Site =   113 /   169 .. Mmpo =    51 DW = 1.53e-17 Error = 3.91e-09 NNZ =     2550 SPT = 0.0196 Tsvd = 0.001 T = 0.027
 Site =   114 /   169 .. Mmpo =    51 DW = 1.30e-17 Error = 3.61e-09 NNZ =     2551 SPT = 0.0192 Tsvd = 0.001 T = 0.027
 Site =   115 /   169 .. Mmpo =    50 DW = 5.27e-17 Error = 7.26e-09 NNZ =     2500 SPT = 0.0196 Tsvd = 0.001 T = 0.026
 Site =   116 /   169 .. Mmpo =    49 DW = 5.43e-18 Error = 2.33e-09 NNZ =     2400 SPT = 0.0204 Tsvd = 0.001 T = 0.025
 Site =   117 /   169 .. Mmpo =    49 DW = 1.20e-17 Error = 3.46e-09 NNZ =     2353 SPT = 0.0200 Tsvd = 0.001 T = 0.024
 Site =   118 /   169 .. Mmpo =    48 DW = 7.23e-17 Error = 8.50e-09 NNZ =     2302 SPT = 0.0213 Tsvd = 0.001 T = 0.024
 Site =   119 /   169 .. Mmpo =    48 DW = 1.04e-18 Error = 1.02e-09 NNZ =     2257 SPT = 0.0204 Tsvd = 0.001 T = 0.023
 Site =   120 /   169 .. Mmpo =    47 DW = 2.02e-17 Error = 4.50e-09 NNZ =     2208 SPT = 0.0213 Tsvd = 0.001 T = 0.023
 Site =   121 /   169 .. Mmpo =    46 DW = 7.43e-17 Error = 8.62e-09 NNZ =     2115 SPT = 0.0217 Tsvd = 0.001 T = 0.022
 Site =   122 /   169 .. Mmpo =    46 DW = 8.54e-18 Error = 2.92e-09 NNZ =     2070 SPT = 0.0217 Tsvd = 0.001 T = 0.021
 Site =   123 /   169 .. Mmpo =    45 DW = 5.49e-17 Error = 7.41e-09 NNZ =     2024 SPT = 0.0222 Tsvd = 0.001 T = 0.021
 Site =   124 /   169 .. Mmpo =    45 DW = 4.61e-18 Error = 2.15e-09 NNZ =     1980 SPT = 0.0222 Tsvd = 0.001 T = 0.020
 Site =   125 /   169 .. Mmpo =    45 DW = 3.16e-36 Error = 2.50e-13 NNZ =     1980 SPT = 0.0222 Tsvd = 0.001 T = 0.019
 Site =   126 /   169 .. Mmpo =    44 DW = 7.47e-37 Error = 1.26e-13 NNZ =     1934 SPT = 0.0232 Tsvd = 0.001 T = 0.019
 Site =   127 /   169 .. Mmpo =    43 DW = 2.44e-37 Error = 1.56e-13 NNZ =     1849 SPT = 0.0227 Tsvd = 0.001 T = 0.018
 Site =   128 /   169 .. Mmpo =    42 DW = 1.57e-37 Error = 2.07e-13 NNZ =     1763 SPT = 0.0238 Tsvd = 0.001 T = 0.017
 Site =   129 /   169 .. Mmpo =    41 DW = 2.62e-36 Error = 8.53e-13 NNZ =     1680 SPT = 0.0244 Tsvd = 0.001 T = 0.016
 Site =   130 /   169 .. Mmpo =    40 DW = 1.84e-37 Error = 1.17e-13 NNZ =     1600 SPT = 0.0244 Tsvd = 0.001 T = 0.016
 Site =   131 /   169 .. Mmpo =    39 DW = 6.86e-37 Error = 8.54e-14 NNZ =     1521 SPT = 0.0250 Tsvd = 0.001 T = 0.015
 Site =   132 /   169 .. Mmpo =    38 DW = 2.19e-37 Error = 1.42e-13 NNZ =     1444 SPT = 0.0256 Tsvd = 0.000 T = 0.014
 Site =   133 /   169 .. Mmpo =    37 DW = 9.88e-37 Error = 9.85e-14 NNZ =     1369 SPT = 0.0263 Tsvd = 0.000 T = 0.014
 Site =   134 /   169 .. Mmpo =    36 DW = 1.84e-36 Error = 1.41e-13 NNZ =     1296 SPT = 0.0270 Tsvd = 0.000 T = 0.013
 Site =   135 /   169 .. Mmpo =    35 DW = 4.27e-37 Error = 8.80e-14 NNZ =     1225 SPT = 0.0278 Tsvd = 0.000 T = 0.012
 Site =   136 /   169 .. Mmpo =    34 DW = 3.22e-38 Error = 1.09e-13 NNZ =     1156 SPT = 0.0286 Tsvd = 0.000 T = 0.012
 Site =   137 /   169 .. Mmpo =    33 DW = 8.91e-38 Error = 1.23e-13 NNZ =     1089 SPT = 0.0294 Tsvd = 0.000 T = 0.011
 Site =   138 /   169 .. Mmpo =    32 DW = 4.65e-37 Error = 1.04e-13 NNZ =     1024 SPT = 0.0303 Tsvd = 0.000 T = 0.010
 Site =   139 /   169 .. Mmpo =    31 DW = 1.22e-37 Error = 1.43e-13 NNZ =      961 SPT = 0.0312 Tsvd = 0.000 T = 0.010
 Site =   140 /   169 .. Mmpo =    30 DW = 4.26e-36 Error = 6.53e-14 NNZ =      900 SPT = 0.0323 Tsvd = 0.000 T = 0.009
 Site =   141 /   169 .. Mmpo =    29 DW = 9.19e-38 Error = 1.03e-13 NNZ =      841 SPT = 0.0333 Tsvd = 0.000 T = 0.009
 Site =   142 /   169 .. Mmpo =    28 DW = 5.16e-38 Error = 4.30e-13 NNZ =      784 SPT = 0.0345 Tsvd = 0.000 T = 0.008
 Site =   143 /   169 .. Mmpo =    27 DW = 4.97e-38 Error = 8.95e-14 NNZ =      729 SPT = 0.0357 Tsvd = 0.000 T = 0.007
 Site =   144 /   169 .. Mmpo =    26 DW = 5.59e-38 Error = 1.50e-13 NNZ =      676 SPT = 0.0370 Tsvd = 0.000 T = 0.007
 Site =   145 /   169 .. Mmpo =    25 DW = 3.95e-37 Error = 1.12e-13 NNZ =      625 SPT = 0.0385 Tsvd = 0.000 T = 0.007
 Site =   146 /   169 .. Mmpo =    24 DW = 7.57e-38 Error = 1.35e-13 NNZ =      576 SPT = 0.0400 Tsvd = 0.000 T = 0.006
 Site =   147 /   169 .. Mmpo =    23 DW = 1.80e-38 Error = 1.56e-13 NNZ =      529 SPT = 0.0417 Tsvd = 0.000 T = 0.006
 Site =   148 /   169 .. Mmpo =    22 DW = 1.38e-36 Error = 1.11e-13 NNZ =      484 SPT = 0.0435 Tsvd = 0.000 T = 0.005
 Site =   149 /   169 .. Mmpo =    21 DW = 6.03e-37 Error = 1.22e-13 NNZ =      441 SPT = 0.0455 Tsvd = 0.000 T = 0.005
 Site =   150 /   169 .. Mmpo =    20 DW = 1.37e-37 Error = 9.85e-14 NNZ =      400 SPT = 0.0476 Tsvd = 0.000 T = 0.004
 Site =   151 /   169 .. Mmpo =    19 DW = 2.64e-38 Error = 8.14e-14 NNZ =      361 SPT = 0.0500 Tsvd = 0.000 T = 0.004
 Site =   152 /   169 .. Mmpo =    18 DW = 8.50e-38 Error = 6.53e-14 NNZ =      324 SPT = 0.0526 Tsvd = 0.000 T = 0.004
 Site =   153 /   169 .. Mmpo =    17 DW = 3.84e-38 Error = 9.69e-14 NNZ =      289 SPT = 0.0556 Tsvd = 0.000 T = 0.003
 Site =   154 /   169 .. Mmpo =    16 DW = 1.26e-37 Error = 1.64e-12 NNZ =      256 SPT = 0.0588 Tsvd = 0.000 T = 0.003
 Site =   155 /   169 .. Mmpo =    15 DW = 4.73e-38 Error = 2.28e-13 NNZ =      225 SPT = 0.0625 Tsvd = 0.000 T = 0.002
 Site =   156 /   169 .. Mmpo =    14 DW = 8.05e-38 Error = 1.42e-13 NNZ =      196 SPT = 0.0667 Tsvd = 0.000 T = 0.002
 Site =   157 /   169 .. Mmpo =    13 DW = 1.91e-38 Error = 1.19e-13 NNZ =      169 SPT = 0.0714 Tsvd = 0.000 T = 0.002
 Site =   158 /   169 .. Mmpo =    12 DW = 7.64e-38 Error = 1.27e-13 NNZ =      144 SPT = 0.0769 Tsvd = 0.000 T = 0.002
 Site =   159 /   169 .. Mmpo =    11 DW = 3.85e-39 Error = 1.09e-13 NNZ =      121 SPT = 0.0833 Tsvd = 0.002 T = 0.004
 Site =   160 /   169 .. Mmpo =    10 DW = 4.61e-39 Error = 1.00e-13 NNZ =      100 SPT = 0.0909 Tsvd = 0.000 T = 0.001
 Site =   161 /   169 .. Mmpo =     9 DW = 1.69e-38 Error = 6.89e-14 NNZ =       81 SPT = 0.1000 Tsvd = 0.000 T = 0.001
 Site =   162 /   169 .. Mmpo =     8 DW = 3.75e-38 Error = 6.60e-14 NNZ =       64 SPT = 0.1111 Tsvd = 0.000 T = 0.001
 Site =   163 /   169 .. Mmpo =     7 DW = 5.35e-38 Error = 1.33e-13 NNZ =       49 SPT = 0.1250 Tsvd = 0.000 T = 0.001
 Site =   164 /   169 .. Mmpo =     6 DW = 4.43e-38 Error = 6.99e-14 NNZ =       36 SPT = 0.1429 Tsvd = 0.000 T = 0.001
 Site =   165 /   169 .. Mmpo =     5 DW = 1.44e-38 Error = 6.78e-14 NNZ =       25 SPT = 0.1667 Tsvd = 0.000 T = 0.000
 Site =   166 /   169 .. Mmpo =     4 DW = 5.68e-39 Error = 3.46e-14 NNZ =       16 SPT = 0.2000 Tsvd = 0.006 T = 0.006
 Site =   167 /   169 .. Mmpo =     3 DW = 0.00e+00 Error = 6.04e-14 NNZ =        9 SPT = 0.2500 Tsvd = 0.000 T = 0.000
 Site =   168 /   169 .. Mmpo =     1 DW = 0.00e+00 Error = 2.91e-14 NNZ =        3 SPT = 0.0000 Tsvd = 0.000 T = 0.000
Ttotal =      4.721 Tsvd-total = 0.250 MPO bond dimension =    56 MaxDW = 1.70e-16 Total error = 5.80e-08
NNZ =       282213 SIZE =       288451 SPT = 0.0216

Rank =     0 Ttotal =      4.753 MPO method = FastSVD bond dimension =      56 NNZ =       282213 SIZE =       288451 SPT = 0.0216
Environment initialization | Nsites =   169 | Center =   168
 INIT-L --> Site =    1 ..  Bmem =   128 B Rmem =   128 B T = 0.03
 INIT-L --> Site =    2 ..  Bmem =   640 B Rmem =   640 B T = 0.01
 INIT-L --> Site =    3 ..  Bmem = 3.00 KB Rmem = 3.00 KB T = 0.01
 INIT-L --> Site =    4 ..  Bmem = 14.0 KB Rmem = 14.0 KB T = 0.01
 INIT-L --> Site =    5 ..  Bmem = 64.0 KB Rmem = 64.0 KB T = 0.01
 INIT-L --> Site =    6 ..  Bmem =  288 KB Rmem =  288 KB T = 0.01
 INIT-L --> Site =    7 ..  Bmem = 1.25 MB Rmem = 1.25 MB T = 0.02
 INIT-L --> Site =    8 ..  Bmem = 5.50 MB Rmem = 5.50 MB T = 0.07
 INIT-L --> Site =    9 ..  Bmem = 24.0 MB Rmem = 24.0 MB T = 0.41
 INIT-L --> Site =   10 ..  Bmem =  104 MB Rmem = 30.0 MB T = 1.31
 INIT-L --> Site =   11 ..  Bmem =  129 MB Rmem = 32.3 MB T = 1.70
 INIT-L --> Site =   12 ..  Bmem =  138 MB Rmem = 34.6 MB T = 1.93
 INIT-L --> Site =   13 ..  Bmem =  148 MB Rmem = 36.9 MB T = 2.18
 INIT-L --> Site =   14 ..  Bmem =  157 MB Rmem = 39.2 MB T = 2.44
 INIT-L --> Site =   15 ..  Bmem =  166 MB Rmem = 41.5 MB T = 2.73
 INIT-L --> Site =   16 ..  Bmem =  175 MB Rmem = 43.8 MB T = 3.04
 INIT-L --> Site =   17 ..  Bmem =  185 MB Rmem = 46.2 MB T = 3.36
 INIT-L --> Site =   18 ..  Bmem =  194 MB Rmem = 48.5 MB T = 3.68
 INIT-L --> Site =   19 ..  Bmem =  203 MB Rmem = 50.8 MB T = 4.01
 INIT-L --> Site =   20 ..  Bmem =  212 MB Rmem = 53.1 MB T = 4.42
 INIT-L --> Site =   21 ..  Bmem =  222 MB Rmem = 55.4 MB T = 4.76
 INIT-L --> Site =   22 ..  Bmem =  231 MB Rmem = 57.7 MB T = 5.16
 INIT-L --> Site =   23 ..  Bmem =  240 MB Rmem = 60.0 MB T = 5.60
 INIT-L --> Site =   24 ..  Bmem =  249 MB Rmem = 62.3 MB T = 6.03
 INIT-L --> Site =   25 ..  Bmem =  258 MB Rmem = 64.6 MB T = 6.45
 INIT-L --> Site =   26 ..  Bmem =  268 MB Rmem = 66.9 MB T = 6.94
 INIT-L --> Site =   27 ..  Bmem =  277 MB Rmem = 69.2 MB T = 7.45
 INIT-L --> Site =   28 ..  Bmem =  286 MB Rmem = 71.5 MB T = 7.88
 INIT-L --> Site =   29 ..  Bmem =  295 MB Rmem = 73.9 MB T = 8.40
 INIT-L --> Site =   30 ..  Bmem =  305 MB Rmem = 76.2 MB T = 8.93
 INIT-L --> Site =   31 ..  Bmem =  314 MB Rmem = 78.5 MB T = 9.43
 INIT-L --> Site =   32 ..  Bmem =  323 MB Rmem = 80.8 MB T = 9.99
 INIT-L --> Site =   33 ..  Bmem =  332 MB Rmem = 83.1 MB T = 10.59
 INIT-L --> Site =   34 ..  Bmem =  342 MB Rmem = 85.4 MB T = 11.14
 INIT-L --> Site =   35 ..  Bmem =  351 MB Rmem = 87.7 MB T = 11.74
 INIT-L --> Site =   36 ..  Bmem =  360 MB Rmem = 90.0 MB T = 12.39
 INIT-L --> Site =   37 ..  Bmem =  369 MB Rmem = 92.3 MB T = 13.00
 INIT-L --> Site =   38 ..  Bmem =  378 MB Rmem = 94.6 MB T = 13.65
 INIT-L --> Site =   39 ..  Bmem =  388 MB Rmem = 96.9 MB T = 14.31
 INIT-L --> Site =   40 ..  Bmem =  397 MB Rmem = 99.2 MB T = 15.02
 INIT-L --> Site =   41 ..  Bmem =  406 MB Rmem =  102 MB T = 15.68
 INIT-L --> Site =   42 ..  Bmem =  415 MB Rmem =  104 MB T = 16.41
 INIT-L --> Site =   43 ..  Bmem =  425 MB Rmem =  106 MB T = 17.14
 INIT-L --> Site =   44 ..  Bmem =  425 MB Rmem =  106 MB T = 17.49
 INIT-L --> Site =   45 ..  Bmem =  425 MB Rmem =  106 MB T = 17.48
 INIT-L --> Site =   46 ..  Bmem =  434 MB Rmem =  108 MB T = 17.88
 INIT-L --> Site =   47 ..  Bmem =  443 MB Rmem =  111 MB T = 18.66
 INIT-L --> Site =   48 ..  Bmem =  443 MB Rmem =  111 MB T = 18.99
 INIT-L --> Site =   49 ..  Bmem =  452 MB Rmem =  113 MB T = 19.41
 INIT-L --> Site =   50 ..  Bmem =  462 MB Rmem =  115 MB T = 20.21
 INIT-L --> Site =   51 ..  Bmem =  462 MB Rmem =  115 MB T = 20.58
 INIT-L --> Site =   52 ..  Bmem =  462 MB Rmem =  115 MB T = 20.59
 INIT-L --> Site =   53 ..  Bmem =  471 MB Rmem =  118 MB T = 21.02
 INIT-L --> Site =   54 ..  Bmem =  480 MB Rmem =  120 MB T = 21.88
 INIT-L --> Site =   55 ..  Bmem =  480 MB Rmem =  120 MB T = 22.25
 INIT-L --> Site =   56 ..  Bmem =  489 MB Rmem =  122 MB T = 22.72
 INIT-L --> Site =   57 ..  Bmem =  480 MB Rmem =  120 MB T = 22.66
 INIT-L --> Site =   58 ..  Bmem =  489 MB Rmem =  122 MB T = 22.65
 INIT-L --> Site =   59 ..  Bmem =  489 MB Rmem =  122 MB T = 22.61
 INIT-L --> Site =   60 ..  Bmem =  499 MB Rmem =  125 MB T = 23.07
 INIT-L --> Site =   61 ..  Bmem =  499 MB Rmem =  125 MB T = 23.47
 INIT-L --> Site =   62 ..  Bmem =  508 MB Rmem =  127 MB T = 23.93
 INIT-L --> Site =   63 ..  Bmem =  499 MB Rmem =  125 MB T = 23.85
 INIT-L --> Site =   64 ..  Bmem =  508 MB Rmem =  127 MB T = 23.93
 INIT-L --> Site =   65 ..  Bmem =  508 MB Rmem =  127 MB T = 24.33
 INIT-L --> Site =   66 ..  Bmem =  517 MB Rmem =  129 MB T = 24.77
 INIT-L --> Site =   67 ..  Bmem =  517 MB Rmem =  129 MB T = 25.20
 INIT-L --> Site =   68 ..  Bmem =  517 MB Rmem =  129 MB T = 25.18
 INIT-L --> Site =   69 ..  Bmem =  517 MB Rmem =  129 MB T = 25.18
 INIT-L --> Site =   70 ..  Bmem =  508 MB Rmem =  127 MB T = 24.75
 INIT-L --> Site =   71 ..  Bmem =  517 MB Rmem =  129 MB T = 24.79
 INIT-L --> Site =   72 ..  Bmem =  517 MB Rmem =  129 MB T = 25.22
 INIT-L --> Site =   73 ..  Bmem =  517 MB Rmem =  129 MB T = 25.19
 INIT-L --> Site =   74 ..  Bmem =  517 MB Rmem =  129 MB T = 25.20
 INIT-L --> Site =   75 ..  Bmem =  517 MB Rmem =  129 MB T = 25.20
 INIT-L --> Site =   76 ..  Bmem =  526 MB Rmem =  132 MB T = 25.68
 INIT-L --> Site =   77 ..  Bmem =  526 MB Rmem =  132 MB T = 26.11
 INIT-L --> Site =   78 ..  Bmem =  517 MB Rmem =  129 MB T = 25.63
 INIT-L --> Site =   79 ..  Bmem =  526 MB Rmem =  132 MB T = 25.67
 INIT-L --> Site =   80 ..  Bmem =  526 MB Rmem =  132 MB T = 26.10
 INIT-L --> Site =   81 ..  Bmem =  517 MB Rmem =  129 MB T = 25.64
 INIT-L --> Site =   82 ..  Bmem =  517 MB Rmem =  129 MB T = 25.20
 INIT-L --> Site =   83 ..  Bmem =  508 MB Rmem =  127 MB T = 24.75
 INIT-L --> Site =   84 ..  Bmem =  517 MB Rmem =  129 MB T = 24.77
 INIT-L --> Site =   85 ..  Bmem =  517 MB Rmem =  129 MB T = 25.17
 INIT-L --> Site =   86 ..  Bmem =  517 MB Rmem =  129 MB T = 25.21
 INIT-L --> Site =   87 ..  Bmem =  517 MB Rmem =  129 MB T = 25.19
 INIT-L --> Site =   88 ..  Bmem =  517 MB Rmem =  129 MB T = 25.20
 INIT-L --> Site =   89 ..  Bmem =  526 MB Rmem =  132 MB T = 25.67
 INIT-L --> Site =   90 ..  Bmem =  526 MB Rmem =  132 MB T = 26.07
 INIT-L --> Site =   91 ..  Bmem =  517 MB Rmem =  129 MB T = 25.60
 INIT-L --> Site =   92 ..  Bmem =  526 MB Rmem =  132 MB T = 25.69
 INIT-L --> Site =   93 ..  Bmem =  526 MB Rmem =  132 MB T = 26.08
 INIT-L --> Site =   94 ..  Bmem =  517 MB Rmem =  129 MB T = 25.63
 INIT-L --> Site =   95 ..  Bmem =  517 MB Rmem =  129 MB T = 25.19
 INIT-L --> Site =   96 ..  Bmem =  508 MB Rmem =  127 MB T = 24.74
 INIT-L --> Site =   97 ..  Bmem =  517 MB Rmem =  129 MB T = 24.76
 INIT-L --> Site =   98 ..  Bmem =  517 MB Rmem =  129 MB T = 25.21
 INIT-L --> Site =   99 ..  Bmem =  508 MB Rmem =  127 MB T = 24.73
 INIT-L --> Site =  100 ..  Bmem =  508 MB Rmem =  127 MB T = 24.33
 INIT-L --> Site =  101 ..  Bmem =  517 MB Rmem =  129 MB T = 24.80
 INIT-L --> Site =  102 ..  Bmem =  517 MB Rmem =  129 MB T = 25.18
 INIT-L --> Site =  103 ..  Bmem =  517 MB Rmem =  129 MB T = 25.20
 INIT-L --> Site =  104 ..  Bmem =  508 MB Rmem =  127 MB T = 24.76
 INIT-L --> Site =  105 ..  Bmem =  508 MB Rmem =  127 MB T = 24.31
 INIT-L --> Site =  106 ..  Bmem =  499 MB Rmem =  125 MB T = 23.86
 INIT-L --> Site =  107 ..  Bmem =  499 MB Rmem =  125 MB T = 23.52
 INIT-L --> Site =  108 ..  Bmem =  489 MB Rmem =  122 MB T = 23.05
 INIT-L --> Site =  109 ..  Bmem =  480 MB Rmem =  120 MB T = 22.17
 INIT-L --> Site =  110 ..  Bmem =  480 MB Rmem =  120 MB T = 21.78
 INIT-L --> Site =  111 ..  Bmem =  480 MB Rmem =  120 MB T = 21.77
 INIT-L --> Site =  112 ..  Bmem =  480 MB Rmem =  120 MB T = 21.77
 INIT-L --> Site =  113 ..  Bmem =  480 MB Rmem =  120 MB T = 21.80
 INIT-L --> Site =  114 ..  Bmem =  480 MB Rmem =  120 MB T = 21.78
 INIT-L --> Site =  115 ..  Bmem =  480 MB Rmem =  120 MB T = 21.80
 INIT-L --> Site =  116 ..  Bmem =  471 MB Rmem =  118 MB T = 21.35
 INIT-L --> Site =  117 ..  Bmem =  462 MB Rmem =  115 MB T = 20.53
 INIT-L --> Site =  118 ..  Bmem =  462 MB Rmem =  115 MB T = 20.19
 INIT-L --> Site =  119 ..  Bmem =  452 MB Rmem =  113 MB T = 19.75
 INIT-L --> Site =  120 ..  Bmem =  452 MB Rmem =  113 MB T = 19.39
 INIT-L --> Site =  121 ..  Bmem =  443 MB Rmem =  111 MB T = 18.99
 INIT-L --> Site =  122 ..  Bmem =  434 MB Rmem =  108 MB T = 18.25
 INIT-L --> Site =  123 ..  Bmem =  434 MB Rmem =  108 MB T = 17.87
 INIT-L --> Site =  124 ..  Bmem =  425 MB Rmem =  106 MB T = 17.48
 INIT-L --> Site =  125 ..  Bmem =  425 MB Rmem =  106 MB T = 17.15
 INIT-L --> Site =  126 ..  Bmem =  425 MB Rmem =  106 MB T = 17.17
 INIT-L --> Site =  127 ..  Bmem =  415 MB Rmem =  104 MB T = 16.79
 INIT-L --> Site =  128 ..  Bmem =  406 MB Rmem =  102 MB T = 16.02
 INIT-L --> Site =  129 ..  Bmem =  397 MB Rmem = 99.2 MB T = 15.35
 INIT-L --> Site =  130 ..  Bmem =  388 MB Rmem = 96.9 MB T = 14.63
 INIT-L --> Site =  131 ..  Bmem =  378 MB Rmem = 94.6 MB T = 14.00
 INIT-L --> Site =  132 ..  Bmem =  369 MB Rmem = 92.3 MB T = 13.35
 INIT-L --> Site =  133 ..  Bmem =  360 MB Rmem = 90.0 MB T = 12.71
 INIT-L --> Site =  134 ..  Bmem =  351 MB Rmem = 87.7 MB T = 12.09
 INIT-L --> Site =  135 ..  Bmem =  342 MB Rmem = 85.4 MB T = 11.45
 INIT-L --> Site =  136 ..  Bmem =  332 MB Rmem = 83.1 MB T = 10.90
 INIT-L --> Site =  137 ..  Bmem =  323 MB Rmem = 80.8 MB T = 10.33
 INIT-L --> Site =  138 ..  Bmem =  314 MB Rmem = 78.5 MB T = 9.74
 INIT-L --> Site =  139 ..  Bmem =  305 MB Rmem = 76.2 MB T = 9.22
 INIT-L --> Site =  140 ..  Bmem =  295 MB Rmem = 73.9 MB T = 8.70
 INIT-L --> Site =  141 ..  Bmem =  286 MB Rmem = 71.5 MB T = 8.17
 INIT-L --> Site =  142 ..  Bmem =  277 MB Rmem = 69.2 MB T = 7.68
 INIT-L --> Site =  143 ..  Bmem =  268 MB Rmem = 66.9 MB T = 7.23
 INIT-L --> Site =  144 ..  Bmem =  258 MB Rmem = 64.6 MB T = 6.75
 INIT-L --> Site =  145 ..  Bmem =  249 MB Rmem = 62.3 MB T = 6.30
 INIT-L --> Site =  146 ..  Bmem =  240 MB Rmem = 60.0 MB T = 5.84
 INIT-L --> Site =  147 ..  Bmem =  231 MB Rmem = 57.7 MB T = 5.41
 INIT-L --> Site =  148 ..  Bmem =  222 MB Rmem = 55.4 MB T = 5.01
 INIT-L --> Site =  149 ..  Bmem =  212 MB Rmem = 53.1 MB T = 4.64
 INIT-L --> Site =  150 ..  Bmem =  203 MB Rmem = 50.8 MB T = 4.25
 INIT-L --> Site =  151 ..  Bmem =  194 MB Rmem = 48.5 MB T = 3.91
 INIT-L --> Site =  152 ..  Bmem =  185 MB Rmem = 46.2 MB T = 3.58
 INIT-L --> Site =  153 ..  Bmem =  175 MB Rmem = 43.8 MB T = 3.25
 INIT-L --> Site =  154 ..  Bmem =  166 MB Rmem = 41.5 MB T = 2.92
 INIT-L --> Site =  155 ..  Bmem =  157 MB Rmem = 39.2 MB T = 2.68
 INIT-L --> Site =  156 ..  Bmem =  148 MB Rmem = 36.9 MB T = 2.35
 INIT-L --> Site =  157 ..  Bmem =  138 MB Rmem = 34.6 MB T = 2.09
 INIT-L --> Site =  158 ..  Bmem =  129 MB Rmem = 32.3 MB T = 1.83
 INIT-L --> Site =  159 ..  Bmem =  120 MB Rmem = 30.0 MB T = 1.61
 INIT-L --> Site =  160 ..  Bmem =  111 MB Rmem = 27.7 MB T = 1.39
 INIT-L --> Site =  161 ..  Bmem =  102 MB Rmem = 25.4 MB T = 1.19
 INIT-L --> Site =  162 ..  Bmem = 92.3 MB Rmem = 23.1 MB T = 1.02
 INIT-L --> Site =  163 ..  Bmem = 83.1 MB Rmem = 20.8 MB T = 0.84
 INIT-L --> Site =  164 ..  Bmem = 73.9 MB Rmem = 18.5 MB T = 0.69
 INIT-L --> Site =  165 ..  Bmem = 64.6 MB Rmem = 16.2 MB T = 0.55
 INIT-L --> Site =  166 ..  Bmem = 55.4 MB Rmem = 13.8 MB T = 0.43
 INIT-L --> Site =  167 ..  Bmem = 46.2 MB Rmem = 11.5 MB T = 0.32
 INIT-L --> Site =  168 ..  Bmem = 36.9 MB Rmem = 9.10 MB T = 0.23
Time init sweep =     2446.948 | MaxBmem =  526 MB | MaxRmem =  132 MB
 | Tread = 0.000 | Twrite = 33.476 | Tfpread = 0.000 | Tfpwrite = 20.088 | data = 14.6 GB | cpsd = 10.9 GB | Tasync = 0.000


Sweep =    0 | Direction = backward | Bond dimension =   15 | Noise =  1.00e-04 | Dav threshold =  1.00e-10
 <-- Site =  168 .. Mmps =    2 Ndav =  13 E =   -141.2433235776 Error = 0.00e+00 FLOPS = 1.42e+09 Tdav = 0.02 T = 0.10
 <-- Site =  167 .. Mmps =    4 Ndav =  18 E =   -141.2780086985 Error = 0.00e+00 FLOPS = 3.10e+09 Tdav = 0.04 T = 0.17
 <-- Site =  166 .. Mmps =    8 Ndav =  16 E =   -141.3098276163 Error = 0.00e+00 FLOPS = 5.25e+09 Tdav = 0.06 T = 0.25
 <-- Site =  165 .. Mmps =   15 Ndav =  23 E =   -141.3358380696 Error = 8.47e-13 FLOPS = 7.69e+09 Tdav = 0.15 T = 0.43
 <-- Site =  164 .. Mmps =   15 Ndav =  22 E =   -141.3575578015 Error = 1.43e-08 FLOPS = 1.10e+10 Tdav = 0.22 T = 0.60
 <-- Site =  163 .. Mmps =   15 Ndav =  29 E =   -141.3885070136 Error = 6.80e-07 FLOPS = 9.48e+09 Tdav = 0.39 T = 0.90
 <-- Site =  162 .. Mmps =   15 Ndav =  24 E =   -141.4233042092 Error = 2.58e-06 FLOPS = 1.14e+10 Tdav = 0.31 T = 0.94
 <-- Site =  161 .. Mmps =   15 Ndav =  29 E =   -141.4502400073 Error = 8.67e-06 FLOPS = 1.06e+10 Tdav = 0.45 T = 1.25
 <-- Site =  160 .. Mmps =   15 Ndav =  28 E =   -141.4800017361 Error = 8.20e-06 FLOPS = 1.12e+10 Tdav = 0.46 T = 1.39
 <-- Site =  159 .. Mmps =   15 Ndav =  27 E =   -141.4932383077 Error = 1.46e-05 FLOPS = 1.19e+10 Tdav = 0.46 T = 1.56
 <-- Site =  158 .. Mmps =   15 Ndav =  24 E =   -141.5146698564 Error = 1.21e-05 FLOPS = 1.29e+10 Tdav = 0.41 T = 1.70
 <-- Site =  157 .. Mmps =   15 Ndav =  22 E =   -141.5238275953 Error = 1.24e-05 FLOPS = 1.36e+10 Tdav = 0.39 T = 1.89
 <-- Site =  156 .. Mmps =   15 Ndav =  23 E =   -141.5367638051 Error = 1.74e-05 FLOPS = 1.36e+10 Tdav = 0.44 T = 2.17
 <-- Site =  155 .. Mmps =   15 Ndav =  27 E =   -141.5516343620 Error = 2.93e-06 FLOPS = 1.30e+10 Tdav = 0.57 T = 2.55
 <-- Site =  154 .. Mmps =   15 Ndav =  24 E =   -141.6094327130 Error = 8.65e-06 FLOPS = 1.37e+10 Tdav = 0.51 T = 2.74
 <-- Site =  153 .. Mmps =   15 Ndav =  26 E =   -141.6343736699 Error = 1.40e-06 FLOPS = 1.35e+10 Tdav = 0.60 T = 3.10
 <-- Site =  152 .. Mmps =   15 Ndav =  24 E =   -141.7074823972 Error = 3.85e-06 FLOPS = 1.40e+10 Tdav = 0.57 T = 3.34
 <-- Site =  151 .. Mmps =   15 Ndav =  28 E =   -141.7359634369 Error = 1.38e-06 FLOPS = 1.34e+10 Tdav = 0.73 T = 3.80
 <-- Site =  150 .. Mmps =   15 Ndav =  25 E =   -141.7931803519 Error = 3.09e-06 FLOPS = 1.42e+10 Tdav = 0.65 T = 4.05
 <-- Site =  149 .. Mmps =   15 Ndav =  29 E =   -141.8181307605 Error = 1.35e-06 FLOPS = 1.36e+10 Tdav = 0.83 T = 4.55
 <-- Site =  148 .. Mmps =   15 Ndav =  26 E =   -141.8653373335 Error = 2.57e-06 FLOPS = 1.41e+10 Tdav = 0.74 T = 4.83
 <-- Site =  147 .. Mmps =   15 Ndav =  29 E =   -141.8825731615 Error = 1.49e-06 FLOPS = 1.38e+10 Tdav = 0.89 T = 5.32
 <-- Site =  146 .. Mmps =   15 Ndav =  24 E =   -141.9168062015 Error = 2.05e-06 FLOPS = 1.47e+10 Tdav = 0.72 T = 5.55
 <-- Site =  145 .. Mmps =   15 Ndav =  26 E =   -141.9248293435 Error = 6.76e-07 FLOPS = 1.45e+10 Tdav = 0.82 T = 6.07
 <-- Site =  144 .. Mmps =   15 Ndav =  24 E =   -141.9388985998 Error = 3.72e-06 FLOPS = 1.49e+10 Tdav = 0.77 T = 6.40
 <-- Site =  143 .. Mmps =   15 Ndav =  25 E =   -141.9440989596 Error = 1.14e-06 FLOPS = 1.48e+10 Tdav = 0.84 T = 6.89
 <-- Site =  142 .. Mmps =   15 Ndav =  20 E =   -141.9468733674 Error = 1.36e-05 FLOPS = 1.56e+10 Tdav = 0.66 T = 7.15
 <-- Site =  141 .. Mmps =   15 Ndav =  20 E =   -141.9487880841 Error = 2.46e-06 FLOPS = 1.56e+10 Tdav = 0.68 T = 7.64
 <-- Site =  140 .. Mmps =   15 Ndav =  23 E =   -141.9609026992 Error = 1.00e-05 FLOPS = 1.53e+10 Tdav = 0.83 T = 8.26
 <-- Site =  139 .. Mmps =   15 Ndav =  22 E =   -141.9664614591 Error = 1.35e-06 FLOPS = 1.55e+10 Tdav = 0.81 T = 8.70
 <-- Site =  138 .. Mmps =   15 Ndav =  23 E =   -141.9924060475 Error = 1.62e-05 FLOPS = 1.54e+10 Tdav = 0.88 T = 9.29
 <-- Site =  137 .. Mmps =   15 Ndav =  24 E =   -142.0033263983 Error = 2.41e-06 FLOPS = 1.54e+10 Tdav = 0.95 T = 9.86
 <-- Site =  136 .. Mmps =   15 Ndav =  25 E =   -142.0386556315 Error = 1.48e-05 FLOPS = 1.53e+10 Tdav = 1.02 T = 10.50
 <-- Site =  135 .. Mmps =   15 Ndav =  24 E =   -142.0532295610 Error = 2.43e-06 FLOPS = 1.55e+10 Tdav = 1.00 T = 11.02
 <-- Site =  134 .. Mmps =   15 Ndav =  24 E =   -142.1049195490 Error = 1.77e-05 FLOPS = 1.55e+10 Tdav = 1.02 T = 11.63
 <-- Site =  133 .. Mmps =   15 Ndav =  24 E =   -142.1216986260 Error = 2.02e-06 FLOPS = 1.55e+10 Tdav = 1.06 T = 12.21
 <-- Site =  132 .. Mmps =   15 Ndav =  23 E =   -142.1436029455 Error = 1.17e-05 FLOPS = 1.56e+10 Tdav = 1.03 T = 12.81
 <-- Site =  131 .. Mmps =   15 Ndav =  24 E =   -142.1516954769 Error = 3.88e-06 FLOPS = 1.56e+10 Tdav = 1.10 T = 13.45
 <-- Site =  130 .. Mmps =   15 Ndav =  24 E =   -142.1615722980 Error = 1.43e-05 FLOPS = 1.57e+10 Tdav = 1.12 T = 14.12
 <-- Site =  129 .. Mmps =   15 Ndav =  30 E =   -142.1740706363 Error = 6.15e-06 FLOPS = 1.51e+10 Tdav = 1.50 T = 15.15
 <-- Site =  128 .. Mmps =   15 Ndav =  24 E =   -142.1911929185 Error = 6.42e-06 FLOPS = 1.58e+10 Tdav = 1.18 T = 15.48
 <-- Site =  127 .. Mmps =   15 Ndav =  23 E =   -142.2026756740 Error = 3.60e-06 FLOPS = 1.59e+10 Tdav = 1.14 T = 16.13
 <-- Site =  126 .. Mmps =   15 Ndav =  27 E =   -142.2443269790 Error = 1.45e-05 FLOPS = 1.55e+10 Tdav = 1.41 T = 17.05
 <-- Site =  125 .. Mmps =   15 Ndav =  23 E =   -142.2523303985 Error = 2.49e-06 FLOPS = 1.59e+10 Tdav = 1.20 T = 17.20
 <-- Site =  124 .. Mmps =   15 Ndav =  24 E =   -142.2857972883 Error = 9.13e-06 FLOPS = 1.58e+10 Tdav = 1.26 T = 17.26
 <-- Site =  123 .. Mmps =   15 Ndav =  24 E =   -142.2961509260 Error = 1.77e-06 FLOPS = 1.59e+10 Tdav = 1.25 T = 17.64
 <-- Site =  122 .. Mmps =   15 Ndav =  26 E =   -142.3299723030 Error = 8.00e-06 FLOPS = 1.57e+10 Tdav = 1.40 T = 18.13
 <-- Site =  121 .. Mmps =   15 Ndav =  26 E =   -142.3474736655 Error = 1.72e-06 FLOPS = 1.57e+10 Tdav = 1.40 T = 18.48
 <-- Site =  120 .. Mmps =   15 Ndav =  26 E =   -142.3716100758 Error = 8.70e-06 FLOPS = 1.57e+10 Tdav = 1.43 T = 19.25
 <-- Site =  119 .. Mmps =   15 Ndav =  23 E =   -142.3780518280 Error = 4.68e-07 FLOPS = 1.60e+10 Tdav = 1.27 T = 19.54
 <-- Site =  118 .. Mmps =   15 Ndav =  25 E =   -142.3895379232 Error = 6.63e-06 FLOPS = 1.58e+10 Tdav = 1.39 T = 19.97
 <-- Site =  117 .. Mmps =   15 Ndav =  27 E =   -142.3936838300 Error = 1.34e-06 FLOPS = 1.57e+10 Tdav = 1.55 T = 20.52
 <-- Site =  116 .. Mmps =   15 Ndav =  22 E =   -142.3973158233 Error = 1.24e-05 FLOPS = 1.61e+10 Tdav = 1.23 T = 20.67
 <-- Site =  115 .. Mmps =   15 Ndav =  25 E =   -142.3999368296 Error = 4.36e-06 FLOPS = 1.59e+10 Tdav = 1.45 T = 21.65
 <-- Site =  114 .. Mmps =   15 Ndav =  23 E =   -142.4158891624 Error = 1.19e-05 FLOPS = 1.61e+10 Tdav = 1.34 T = 21.96
 <-- Site =  113 .. Mmps =   15 Ndav =  25 E =   -142.4233025149 Error = 1.85e-06 FLOPS = 1.59e+10 Tdav = 1.47 T = 22.00
 <-- Site =  112 .. Mmps =   15 Ndav =  24 E =   -142.4460611548 Error = 1.04e-05 FLOPS = 1.60e+10 Tdav = 1.41 T = 21.98
 <-- Site =  111 .. Mmps =   15 Ndav =  24 E =   -142.4560273272 Error = 1.74e-06 FLOPS = 1.60e+10 Tdav = 1.41 T = 21.96
 <-- Site =  110 .. Mmps =   15 Ndav =  23 E =   -142.4816693327 Error = 1.17e-05 FLOPS = 1.61e+10 Tdav = 1.34 T = 21.85
 <-- Site =  109 .. Mmps =   15 Ndav =  23 E =   -142.4978113220 Error = 1.78e-06 FLOPS = 1.61e+10 Tdav = 1.34 T = 21.84
 <-- Site =  108 .. Mmps =   15 Ndav =  23 E =   -142.5346521641 Error = 9.74e-06 FLOPS = 1.61e+10 Tdav = 1.34 T = 22.28
 <-- Site =  107 .. Mmps =   15 Ndav =  23 E =   -142.5495520487 Error = 3.14e-06 FLOPS = 1.60e+10 Tdav = 1.37 T = 23.12
 <-- Site =  106 .. Mmps =   15 Ndav =  23 E =   -142.5770273675 Error = 1.44e-05 FLOPS = 1.61e+10 Tdav = 1.39 T = 23.70
 <-- Site =  105 .. Mmps =   15 Ndav =  26 E =   -142.5877991597 Error = 1.78e-06 FLOPS = 1.59e+10 Tdav = 1.60 T = 24.21
 <-- Site =  104 .. Mmps =   15 Ndav =  24 E =   -142.6034259522 Error = 6.32e-06 FLOPS = 1.60e+10 Tdav = 1.49 T = 24.46
 <-- Site =  103 .. Mmps =   15 Ndav =  25 E =   -142.6168420558 Error = 6.52e-06 FLOPS = 1.60e+10 Tdav = 1.56 T = 24.94
 <-- Site =  102 .. Mmps =   15 Ndav =  24 E =   -142.6391574940 Error = 2.69e-06 FLOPS = 1.59e+10 Tdav = 1.53 T = 25.35
 <-- Site =  101 .. Mmps =   15 Ndav =  25 E =   -142.6550995137 Error = 1.53e-06 FLOPS = 1.60e+10 Tdav = 1.58 T = 25.44
 <-- Site =  100 .. Mmps =   15 Ndav =  27 E =   -142.6989033127 Error = 1.10e-05 FLOPS = 1.58e+10 Tdav = 1.73 T = 25.16
 <-- Site =   99 .. Mmps =   15 Ndav =  22 E =   -142.7110455576 Error = 1.40e-06 FLOPS = 1.62e+10 Tdav = 1.35 T = 24.51
 <-- Site =   98 .. Mmps =   15 Ndav =  25 E =   -142.7472879658 Error = 1.03e-05 FLOPS = 1.59e+10 Tdav = 1.56 T = 25.15
 <-- Site =   97 .. Mmps =   15 Ndav =  22 E =   -142.7601574557 Error = 1.32e-06 FLOPS = 1.62e+10 Tdav = 1.37 T = 25.20
 <-- Site =   96 .. Mmps =   15 Ndav =  25 E =   -142.7906747162 Error = 9.86e-06 FLOPS = 1.60e+10 Tdav = 1.58 T = 24.99
 <-- Site =   95 .. Mmps =   15 Ndav =  23 E =   -142.8004117069 Error = 1.23e-06 FLOPS = 1.61e+10 Tdav = 1.42 T = 24.85
 <-- Site =   94 .. Mmps =   15 Ndav =  25 E =   -142.8181882437 Error = 1.06e-05 FLOPS = 1.60e+10 Tdav = 1.58 T = 25.57
 <-- Site =   93 .. Mmps =   15 Ndav =  24 E =   -142.8259044367 Error = 5.46e-07 FLOPS = 1.60e+10 Tdav = 1.52 T = 25.89
 <-- Site =   92 .. Mmps =   15 Ndav =  25 E =   -142.8387855417 Error = 7.05e-06 FLOPS = 1.60e+10 Tdav = 1.61 T = 26.54
 <-- Site =   91 .. Mmps =   15 Ndav =  27 E =   -142.8425221907 Error = 1.31e-06 FLOPS = 1.59e+10 Tdav = 1.75 T = 26.21
 <-- Site =   90 .. Mmps =   15 Ndav =  21 E =   -142.8447966766 Error = 1.06e-05 FLOPS = 1.62e+10 Tdav = 1.31 T = 25.83
 <-- Site =   89 .. Mmps =   15 Ndav =  24 E =   -142.8468149984 Error = 4.23e-06 FLOPS = 1.61e+10 Tdav = 1.54 T = 26.27
 <-- Site =   88 .. Mmps =   15 Ndav =  23 E =   -142.8591775990 Error = 1.20e-05 FLOPS = 1.62e+10 Tdav = 1.46 T = 25.82
 <-- Site =   87 .. Mmps =   15 Ndav =  24 E =   -142.8639009700 Error = 1.79e-06 FLOPS = 1.61e+10 Tdav = 1.51 T = 25.45
 <-- Site =   86 .. Mmps =   15 Ndav =  23 E =   -142.8852248270 Error = 1.08e-05 FLOPS = 1.60e+10 Tdav = 1.45 T = 25.47
 <-- Site =   85 .. Mmps =   15 Ndav =  23 E =   -142.8958583168 Error = 1.53e-06 FLOPS = 1.61e+10 Tdav = 1.44 T = 25.31
 <-- Site =   84 .. Mmps =   15 Ndav =  22 E =   -142.9154534459 Error = 1.09e-05 FLOPS = 1.62e+10 Tdav = 1.37 T = 25.36
 <-- Site =   83 .. Mmps =   15 Ndav =  24 E =   -142.9348961225 Error = 1.86e-06 FLOPS = 1.61e+10 Tdav = 1.51 T = 25.12
 <-- Site =   82 .. Mmps =   15 Ndav =  23 E =   -142.9628496266 Error = 9.53e-06 FLOPS = 1.60e+10 Tdav = 1.43 T = 25.05
 <-- Site =   81 .. Mmps =   15 Ndav =  24 E =   -142.9819030588 Error = 2.70e-06 FLOPS = 1.60e+10 Tdav = 1.52 T = 25.64
 <-- Site =   80 .. Mmps =   15 Ndav =  24 E =   -143.0317640572 Error = 1.28e-05 FLOPS = 1.61e+10 Tdav = 1.51 T = 26.02
 <-- Site =   79 .. Mmps =   15 Ndav =  26 E =   -143.0424802959 Error = 1.57e-06 FLOPS = 1.59e+10 Tdav = 1.68 T = 26.50
 <-- Site =   78 .. Mmps =   15 Ndav =  23 E =   -143.0575913888 Error = 5.69e-06 FLOPS = 1.62e+10 Tdav = 1.46 T = 25.78
 <-- Site =   77 .. Mmps =   15 Ndav =  25 E =   -143.0722091748 Error = 6.23e-06 FLOPS = 1.60e+10 Tdav = 1.58 T = 26.01
 <-- Site =   76 .. Mmps =   15 Ndav =  23 E =   -143.0896185622 Error = 2.57e-06 FLOPS = 1.62e+10 Tdav = 1.47 T = 26.22
 <-- Site =   75 .. Mmps =   15 Ndav =  22 E =   -143.0992059806 Error = 1.51e-06 FLOPS = 1.62e+10 Tdav = 1.40 T = 25.93
 <-- Site =   74 .. Mmps =   15 Ndav =  24 E =   -143.1329222731 Error = 1.07e-05 FLOPS = 1.61e+10 Tdav = 1.51 T = 25.58
 <-- Site =   73 .. Mmps =   15 Ndav =  23 E =   -143.1392480952 Error = 1.44e-06 FLOPS = 1.61e+10 Tdav = 1.44 T = 25.43
 <-- Site =   72 .. Mmps =   15 Ndav =  26 E =   -143.1642587007 Error = 1.06e-05 FLOPS = 1.59e+10 Tdav = 1.66 T = 25.80
 <-- Site =   71 .. Mmps =   15 Ndav =  22 E =   -143.1753342302 Error = 1.30e-06 FLOPS = 1.61e+10 Tdav = 1.38 T = 25.41
 <-- Site =   70 .. Mmps =   15 Ndav =  24 E =   -143.2091015169 Error = 9.98e-06 FLOPS = 1.60e+10 Tdav = 1.52 T = 25.01
 <-- Site =   69 .. Mmps =   15 Ndav =  26 E =   -143.2280763000 Error = 1.19e-06 FLOPS = 1.59e+10 Tdav = 1.63 T = 25.29
 <-- Site =   68 .. Mmps =   15 Ndav =  25 E =   -143.2552790578 Error = 1.05e-05 FLOPS = 1.60e+10 Tdav = 1.58 T = 25.66
 <-- Site =   67 .. Mmps =   15 Ndav =  24 E =   -143.2635487307 Error = 5.37e-07 FLOPS = 1.61e+10 Tdav = 1.51 T = 25.57
 <-- Site =   66 .. Mmps =   15 Ndav =  24 E =   -143.2748734192 Error = 7.11e-06 FLOPS = 1.60e+10 Tdav = 1.51 T = 25.49
 <-- Site =   65 .. Mmps =   15 Ndav =  29 E =   -143.2786755508 Error = 1.63e-06 FLOPS = 1.56e+10 Tdav = 1.88 T = 25.51
 <-- Site =   64 .. Mmps =   15 Ndav =  23 E =   -143.2833214295 Error = 9.85e-06 FLOPS = 1.61e+10 Tdav = 1.42 T = 24.69
 <-- Site =   63 .. Mmps =   15 Ndav =  25 E =   -143.2858080397 Error = 4.21e-06 FLOPS = 1.59e+10 Tdav = 1.56 T = 24.37
 <-- Site =   62 .. Mmps =   15 Ndav =  23 E =   -143.2976115986 Error = 1.18e-05 FLOPS = 1.61e+10 Tdav = 1.39 T = 24.24
 <-- Site =   61 .. Mmps =   15 Ndav =  26 E =   -143.3029236809 Error = 1.51e-06 FLOPS = 1.59e+10 Tdav = 1.63 T = 24.49
 <-- Site =   60 .. Mmps =   15 Ndav =  23 E =   -143.3197243732 Error = 1.10e-05 FLOPS = 1.60e+10 Tdav = 1.40 T = 23.83
 <-- Site =   59 .. Mmps =   15 Ndav =  23 E =   -143.3276434348 Error = 2.15e-06 FLOPS = 1.61e+10 Tdav = 1.40 T = 23.39
 <-- Site =   58 .. Mmps =   15 Ndav =  24 E =   -143.3516078460 Error = 1.25e-05 FLOPS = 1.60e+10 Tdav = 1.44 T = 23.02
 <-- Site =   57 .. Mmps =   15 Ndav =  23 E =   -143.3650673373 Error = 2.62e-06 FLOPS = 1.61e+10 Tdav = 1.37 T = 22.44
 <-- Site =   56 .. Mmps =   15 Ndav =  24 E =   -143.3841826691 Error = 1.23e-05 FLOPS = 1.58e+10 Tdav = 1.42 T = 22.59
 <-- Site =   55 .. Mmps =   15 Ndav =  24 E =   -143.3973029110 Error = 4.23e-06 FLOPS = 1.59e+10 Tdav = 1.44 T = 22.46
 <-- Site =   54 .. Mmps =   15 Ndav =  23 E =   -143.4147136519 Error = 1.73e-05 FLOPS = 1.61e+10 Tdav = 1.34 T = 22.15
 <-- Site =   53 .. Mmps =   15 Ndav =  25 E =   -143.4230720878 Error = 2.27e-06 FLOPS = 1.59e+10 Tdav = 1.48 T = 21.90
 <-- Site =   52 .. Mmps =   15 Ndav =  23 E =   -143.4376861895 Error = 7.78e-06 FLOPS = 1.60e+10 Tdav = 1.32 T = 20.77
 <-- Site =   51 .. Mmps =   15 Ndav =  24 E =   -143.4465525725 Error = 7.13e-06 FLOPS = 1.59e+10 Tdav = 1.36 T = 20.59
 <-- Site =   50 .. Mmps =   15 Ndav =  22 E =   -143.4592320816 Error = 2.39e-06 FLOPS = 1.61e+10 Tdav = 1.23 T = 20.38
 <-- Site =   49 .. Mmps =   15 Ndav =  22 E =   -143.4672312038 Error = 1.70e-06 FLOPS = 1.61e+10 Tdav = 1.23 T = 20.05
 <-- Site =   48 .. Mmps =   15 Ndav =  23 E =   -143.4838600842 Error = 1.65e-05 FLOPS = 1.60e+10 Tdav = 1.27 T = 19.16
 <-- Site =   47 .. Mmps =   15 Ndav =  24 E =   -143.4894242393 Error = 1.86e-06 FLOPS = 1.59e+10 Tdav = 1.31 T = 18.99
 <-- Site =   46 .. Mmps =   15 Ndav =  24 E =   -143.5077442197 Error = 1.54e-05 FLOPS = 1.58e+10 Tdav = 1.31 T = 18.49
 <-- Site =   45 .. Mmps =   15 Ndav =  24 E =   -143.5163434916 Error = 3.00e-06 FLOPS = 1.58e+10 Tdav = 1.28 T = 17.90
 <-- Site =   44 .. Mmps =   15 Ndav =  24 E =   -143.5339395120 Error = 2.08e-05 FLOPS = 1.58e+10 Tdav = 1.26 T = 17.52
 <-- Site =   43 .. Mmps =   15 Ndav =  24 E =   -143.5434541186 Error = 3.86e-06 FLOPS = 1.58e+10 Tdav = 1.26 T = 17.53
 <-- Site =   42 .. Mmps =   15 Ndav =  25 E =   -143.5615743036 Error = 1.86e-05 FLOPS = 1.57e+10 Tdav = 1.32 T = 17.19
 <-- Site =   41 .. Mmps =   15 Ndav =  24 E =   -143.5701725350 Error = 7.99e-07 FLOPS = 1.58e+10 Tdav = 1.23 T = 16.44
 <-- Site =   40 .. Mmps =   15 Ndav =  23 E =   -143.5796467118 Error = 9.82e-06 FLOPS = 1.59e+10 Tdav = 1.15 T = 15.63
 <-- Site =   39 .. Mmps =   15 Ndav =  23 E =   -143.5839863826 Error = 1.70e-06 FLOPS = 1.58e+10 Tdav = 1.12 T = 14.98
 <-- Site =   38 .. Mmps =   15 Ndav =  20 E =   -143.5856011465 Error = 1.74e-05 FLOPS = 1.59e+10 Tdav = 0.95 T = 14.17
 <-- Site =   37 .. Mmps =   15 Ndav =  21 E =   -143.5863023381 Error = 3.78e-06 FLOPS = 1.59e+10 Tdav = 0.97 T = 13.37
 <-- Site =   36 .. Mmps =   15 Ndav =  21 E =   -143.5892241834 Error = 1.26e-05 FLOPS = 1.59e+10 Tdav = 0.95 T = 12.91
 <-- Site =   35 .. Mmps =   15 Ndav =  20 E =   -143.5898560454 Error = 2.84e-06 FLOPS = 1.60e+10 Tdav = 0.88 T = 12.41
 <-- Site =   34 .. Mmps =   15 Ndav =  22 E =   -143.5938783461 Error = 1.49e-05 FLOPS = 1.57e+10 Tdav = 0.95 T = 11.74
 <-- Site =   33 .. Mmps =   15 Ndav =  21 E =   -143.5949833315 Error = 2.94e-06 FLOPS = 1.58e+10 Tdav = 0.88 T = 10.95
 <-- Site =   32 .. Mmps =   15 Ndav =  23 E =   -143.6001085751 Error = 1.03e-05 FLOPS = 1.55e+10 Tdav = 0.95 T = 10.45
 <-- Site =   31 .. Mmps =   15 Ndav =  21 E =   -143.6019581982 Error = 2.08e-06 FLOPS = 1.57e+10 Tdav = 0.84 T = 9.79
 <-- Site =   30 .. Mmps =   15 Ndav =  23 E =   -143.6069477307 Error = 8.37e-06 FLOPS = 1.54e+10 Tdav = 0.90 T = 9.46
 <-- Site =   29 .. Mmps =   15 Ndav =  22 E =   -143.6096556223 Error = 3.55e-06 FLOPS = 1.55e+10 Tdav = 0.84 T = 8.88
 <-- Site =   28 .. Mmps =   15 Ndav =  22 E =   -143.6150840970 Error = 9.76e-06 FLOPS = 1.55e+10 Tdav = 0.81 T = 8.38
 <-- Site =   27 .. Mmps =   15 Ndav =  22 E =   -143.6170601228 Error = 1.51e-06 FLOPS = 1.54e+10 Tdav = 0.79 T = 7.79
 <-- Site =   26 .. Mmps =   15 Ndav =  24 E =   -143.6196109410 Error = 9.55e-06 FLOPS = 1.51e+10 Tdav = 0.85 T = 7.35
 <-- Site =   25 .. Mmps =   15 Ndav =  24 E =   -143.6212815500 Error = 2.37e-06 FLOPS = 1.50e+10 Tdav = 0.82 T = 6.89
 <-- Site =   24 .. Mmps =   15 Ndav =  24 E =   -143.6239067982 Error = 8.06e-06 FLOPS = 1.50e+10 Tdav = 0.80 T = 6.54
 <-- Site =   23 .. Mmps =   15 Ndav =  26 E =   -143.6255040178 Error = 9.11e-07 FLOPS = 1.46e+10 Tdav = 0.85 T = 6.19
 <-- Site =   22 .. Mmps =   15 Ndav =  25 E =   -143.6277859037 Error = 1.24e-05 FLOPS = 1.46e+10 Tdav = 0.79 T = 5.71
 <-- Site =   21 .. Mmps =   15 Ndav =  23 E =   -143.6295160013 Error = 1.16e-06 FLOPS = 1.48e+10 Tdav = 0.68 T = 5.25
 <-- Site =   20 .. Mmps =   15 Ndav =  25 E =   -143.6319047624 Error = 1.30e-05 FLOPS = 1.44e+10 Tdav = 0.73 T = 4.91
 <-- Site =   19 .. Mmps =   15 Ndav =  23 E =   -143.6336513956 Error = 1.26e-06 FLOPS = 1.47e+10 Tdav = 0.63 T = 4.46
 <-- Site =   18 .. Mmps =   15 Ndav =  24 E =   -143.6355053530 Error = 1.51e-05 FLOPS = 1.44e+10 Tdav = 0.64 T = 4.16
 <-- Site =   17 .. Mmps =   15 Ndav =  22 E =   -143.6371312119 Error = 1.37e-06 FLOPS = 1.46e+10 Tdav = 0.55 T = 3.73
 <-- Site =   16 .. Mmps =   15 Ndav =  21 E =   -143.6380145576 Error = 1.73e-05 FLOPS = 1.46e+10 Tdav = 0.50 T = 3.37
 <-- Site =   15 .. Mmps =   15 Ndav =  21 E =   -143.6391884969 Error = 1.10e-06 FLOPS = 1.45e+10 Tdav = 0.48 T = 3.06
 <-- Site =   14 .. Mmps =   15 Ndav =  18 E =   -143.6395786204 Error = 1.39e-05 FLOPS = 1.50e+10 Tdav = 0.38 T = 2.68
 <-- Site =   13 .. Mmps =   15 Ndav =  16 E =   -143.6395341323 Error = 9.96e-07 FLOPS = 1.51e+10 Tdav = 0.31 T = 2.38
 <-- Site =   12 .. Mmps =   15 Ndav =  15 E =   -143.6395447679 Error = 9.32e-06 FLOPS = 1.52e+10 Tdav = 0.27 T = 2.06
 <-- Site =   11 .. Mmps =   15 Ndav =  19 E =   -143.6395016996 Error = 5.48e-07 FLOPS = 1.44e+10 Tdav = 0.34 T = 1.90
 <-- Site =   10 .. Mmps =   15 Ndav =  12 E =   -143.6395008667 Error = 3.47e-06 FLOPS = 1.56e+10 Tdav = 0.18 T = 1.53
 <-- Site =    9 .. Mmps =   15 Ndav =  15 E =   -143.6394597895 Error = 1.31e-07 FLOPS = 1.42e+10 Tdav = 0.20 T = 1.16
 <-- Site =    8 .. Mmps =   15 Ndav =   9 E =   -143.6394573493 Error = 3.64e-07 FLOPS = 1.74e+10 Tdav = 0.02 T = 0.27
 <-- Site =    7 .. Mmps =   15 Ndav =  14 E =   -143.6394545762 Error = 9.58e-09 FLOPS = 1.49e+10 Tdav = 0.01 T = 0.08
 <-- Site =    6 .. Mmps =   15 Ndav =   6 E =   -143.6394544337 Error = 3.66e-09 FLOPS = 1.32e+10 Tdav = 0.00 T = 0.04
 <-- Site =    5 .. Mmps =   15 Ndav =   5 E =   -143.6394543831 Error = 1.53e-10 FLOPS = 8.24e+09 Tdav = 0.00 T = 0.04
 <-- Site =    4 .. Mmps =   15 Ndav =   3 E =   -143.6394543796 Error = 1.31e-13 FLOPS = 2.76e+09 Tdav = 0.00 T = 0.03
 <-- Site =    3 .. Mmps =   15 Ndav =   1 E =   -143.6394543796 Error = 1.47e-26 FLOPS = 7.58e+08 Tdav = 0.00 T = 0.03
 <-- Site =    2 .. Mmps =   15 Ndav =   1 E =   -143.6394543796 Error = 2.02e-53 FLOPS = 2.61e+08 Tdav = 0.00 T = 0.03
 <-- Site =    1 .. Mmps =   15 Ndav =   1 E =   -143.6394543796 Error = 1.04e-76 FLOPS = 1.11e+08 Tdav = 0.00 T = 0.03
 <-- Site =    0 .. Mmps =   15 Ndav =   1 E =   -143.6394543796 Error = 2.79e-101 FLOPS = 3.91e+07 Tdav = 0.00 T = 0.03
Time elapsed =   2468.322 | E =    -143.6395786204 | DW = 2.08023e-05
Time sweep =     2468.322 | 2.50 TFLOP/SWP
 | Dmem = 132 MB (0%) | Imem = 232 B (79%) | Hmem = 517 MB | Wmem = 129 KB | Pmem = 129 KB
 | Tread = 67.772 | Twrite = 1.451 | Tfpread = 66.611 | Tfpwrite = 0.018 | Tmporead = 0.000 | Tasync = 0.000
 | data = 11.2 MB | cpsd = 7.66 MB
 | Trot = 0.025 | Tctr = 0.443 | Tint = 0.023 | Tmid = 0.000 | Tdctr = 0.011 | Tdiag = 0.412 | Tinfo = 0.202
 | Teff = 2281.163 | Tprt = 1.105 | Teig = 175.866 | Tblk = 2464.718 | Tmve = 3.595 | Tdm = 0.011 | Tsplt = 0.028 | Tsvd = 0.000 | Torth = 0.000

Sweep =    1 | Direction =  forward | Bond dimension =   15 | Noise =  1.00e-04 | Dav threshold =  1.00e-10
 --> Site =    0 .. Mmps =    2 Ndav =   1 E =   -143.6394543796 Error = 0.00e+00 FLOPS = 4.79e+07 Tdav = 0.00 T = 0.02
 --> Site =    1 .. Mmps =    4 Ndav =   1 E =   -143.6394543796 Error = 0.00e+00 FLOPS = 8.77e+07 Tdav = 0.00 T = 0.03
 --> Site =    2 .. Mmps =    8 Ndav =   1 E =   -143.6394543796 Error = 0.00e+00 FLOPS = 2.38e+08 Tdav = 0.00 T = 0.02
 --> Site =    3 .. Mmps =   15 Ndav =   1 E =   -143.6394543796 Error = 0.00e+00 FLOPS = 6.02e+08 Tdav = 0.00 T = 0.03
 --> Site =    4 .. Mmps =   15 Ndav =   1 E =   -143.6394543796 Error = 3.93e-21 FLOPS = 1.22e+09 Tdav = 0.00 T = 0.03
 --> Site =    5 .. Mmps =   15 Ndav =   4 E =   -143.6394543802 Error = 5.15e-20 FLOPS = 2.87e+09 Tdav = 0.00 T = 0.03
 --> Site =    6 .. Mmps =   15 Ndav =   5 E =   -143.6394543829 Error = 3.63e-20 FLOPS = 3.38e+09 Tdav = 0.00 T = 0.03
 --> Site =    7 .. Mmps =   15 Ndav =   6 E =   -143.6394543920 Error = 1.10e-19 FLOPS = 3.69e+09 Tdav = 0.00 T = 0.04
 --> Site =    8 .. Mmps =   15 Ndav =   8 E =   -143.6394547299 Error = 5.26e-20 FLOPS = 4.04e+09 Tdav = 0.00 T = 0.03
 --> Site =    9 .. Mmps =   15 Ndav =   7 E =   -143.6394549186 Error = 2.69e-19 FLOPS = 4.31e+09 Tdav = 0.00 T = 0.03
 --> Site =   10 .. Mmps =   15 Ndav =   9 E =   -143.6394582348 Error = 7.84e-20 FLOPS = 4.48e+09 Tdav = 0.00 T = 0.03
 --> Site =   11 .. Mmps =   15 Ndav =  13 E =   -143.6394594245 Error = 6.17e-19 FLOPS = 3.98e+09 Tdav = 0.00 T = 0.03
 --> Site =   12 .. Mmps =   15 Ndav =  10 E =   -143.6394637738 Error = 9.06e-19 FLOPS = 4.71e+09 Tdav = 0.00 T = 0.03
 --> Site =   13 .. Mmps =   15 Ndav =   9 E =   -143.6394643768 Error = 1.11e-18 FLOPS = 5.02e+09 Tdav = 0.00 T = 0.03
 --> Site =   14 .. Mmps =   15 Ndav =  10 E =   -143.6394714502 Error = 1.31e-18 FLOPS = 5.04e+09 Tdav = 0.00 T = 0.03
 --> Site =   15 .. Mmps =   15 Ndav =  12 E =   -143.6394736672 Error = 7.47e-19 FLOPS = 4.94e+09 Tdav = 0.00 T = 0.03
 --> Site =   16 .. Mmps =   15 Ndav =  10 E =   -143.6394851274 Error = 1.18e-18 FLOPS = 5.37e+09 Tdav = 0.00 T = 0.03
 --> Site =   17 .. Mmps =   15 Ndav =  12 E =   -143.6394888893 Error = 3.56e-19 FLOPS = 5.21e+09 Tdav = 0.00 T = 0.03
 --> Site =   18 .. Mmps =   15 Ndav =  11 E =   -143.6395000563 Error = 2.51e-19 FLOPS = 5.42e+09 Tdav = 0.00 T = 0.04
 --> Site =   19 .. Mmps =   15 Ndav =  12 E =   -143.6395035341 Error = 6.30e-19 FLOPS = 5.48e+09 Tdav = 0.00 T = 0.03
 --> Site =   20 .. Mmps =   15 Ndav =  11 E =   -143.6395132885 Error = 1.41e-18 FLOPS = 5.80e+09 Tdav = 0.00 T = 0.03
 --> Site =   21 .. Mmps =   15 Ndav =  12 E =   -143.6395165752 Error = 3.90e-19 FLOPS = 5.67e+09 Tdav = 0.00 T = 0.03
 --> Site =   22 .. Mmps =   15 Ndav =  10 E =   -143.6395235055 Error = 1.68e-19 FLOPS = 6.15e+09 Tdav = 0.00 T = 0.03
 --> Site =   23 .. Mmps =   15 Ndav =  11 E =   -143.6395248591 Error = 2.35e-19 FLOPS = 6.16e+09 Tdav = 0.00 T = 0.04
 --> Site =   24 .. Mmps =   15 Ndav =  10 E =   -143.6395277094 Error = 1.86e-19 FLOPS = 6.41e+09 Tdav = 0.00 T = 0.03
 --> Site =   25 .. Mmps =   15 Ndav =  11 E =   -143.6395353009 Error = 5.03e-19 FLOPS = 6.41e+09 Tdav = 0.00 T = 0.03
 --> Site =   26 .. Mmps =   15 Ndav =   9 E =   -143.6395370371 Error = 2.70e-18 FLOPS = 6.52e+09 Tdav = 0.00 T = 0.03
 --> Site =   27 .. Mmps =   15 Ndav =  10 E =   -143.6395392315 Error = 2.39e-19 FLOPS = 6.68e+09 Tdav = 0.00 T = 0.03
 --> Site =   28 .. Mmps =   15 Ndav =  10 E =   -143.6395425180 Error = 2.35e-18 FLOPS = 6.82e+09 Tdav = 0.00 T = 0.04
 --> Site =   29 .. Mmps =   15 Ndav =  13 E =   -143.6395489057 Error = 2.95e-19 FLOPS = 6.32e+09 Tdav = 0.00 T = 0.03
 --> Site =   30 .. Mmps =   15 Ndav =  10 E =   -143.6395526645 Error = 2.38e-18 FLOPS = 6.96e+09 Tdav = 0.00 T = 0.04
 --> Site =   31 .. Mmps =   15 Ndav =  12 E =   -143.6395551958 Error = 6.91e-20 FLOPS = 6.62e+09 Tdav = 0.00 T = 0.04
 --> Site =   32 .. Mmps =   15 Ndav =  11 E =   -143.6395608281 Error = 2.64e-20 FLOPS = 7.02e+09 Tdav = 0.00 T = 0.04
 --> Site =   33 .. Mmps =   15 Ndav =  12 E =   -143.6395641810 Error = 6.54e-19 FLOPS = 6.85e+09 Tdav = 0.00 T = 0.04
 --> Site =   34 .. Mmps =   15 Ndav =  11 E =   -143.6395738628 Error = 4.74e-18 FLOPS = 7.06e+09 Tdav = 0.00 T = 0.04
 --> Site =   35 .. Mmps =   15 Ndav =  12 E =   -143.6395795289 Error = 2.60e-19 FLOPS = 6.99e+09 Tdav = 0.00 T = 0.04
 --> Site =   36 .. Mmps =   15 Ndav =   9 E =   -143.6395934788 Error = 1.69e-18 FLOPS = 7.43e+09 Tdav = 0.00 T = 0.04
 --> Site =   37 .. Mmps =   15 Ndav =  15 E =   -143.6396026912 Error = 7.87e-19 FLOPS = 6.55e+09 Tdav = 0.00 T = 0.04
 --> Site =   38 .. Mmps =   15 Ndav =  11 E =   -143.6396210837 Error = 5.87e-18 FLOPS = 7.40e+09 Tdav = 0.00 T = 0.04
 --> Site =   39 .. Mmps =   15 Ndav =  10 E =   -143.6396277130 Error = 1.48e-18 FLOPS = 7.60e+09 Tdav = 0.00 T = 0.04
 --> Site =   40 .. Mmps =   15 Ndav =  10 E =   -143.6396417419 Error = 3.48e-19 FLOPS = 7.65e+09 Tdav = 0.00 T = 0.04
 --> Site =   41 .. Mmps =   15 Ndav =  10 E =   -143.6396444447 Error = 1.11e-18 FLOPS = 7.65e+09 Tdav = 0.00 T = 0.06
 --> Site =   42 .. Mmps =   15 Ndav =  11 E =   -143.6396581512 Error = 9.63e-19 FLOPS = 7.59e+09 Tdav = 0.00 T = 0.06
 --> Site =   43 .. Mmps =   15 Ndav =  12 E =   -143.6396675791 Error = 4.63e-19 FLOPS = 7.42e+09 Tdav = 0.00 T = 0.05
 --> Site =   44 .. Mmps =   15 Ndav =  11 E =   -143.6396916028 Error = 8.54e-19 FLOPS = 7.62e+09 Tdav = 0.00 T = 0.04
 --> Site =   45 .. Mmps =   15 Ndav =  10 E =   -143.6396991540 Error = 5.54e-19 FLOPS = 7.81e+09 Tdav = 0.00 T = 0.05
 --> Site =   46 .. Mmps =   15 Ndav =  11 E =   -143.6397288608 Error = 6.95e-19 FLOPS = 7.67e+09 Tdav = 0.00 T = 0.05
 --> Site =   47 .. Mmps =   15 Ndav =  11 E =   -143.6397345736 Error = 8.14e-19 FLOPS = 7.65e+09 Tdav = 0.00 T = 0.05
 --> Site =   48 .. Mmps =   15 Ndav =  12 E =   -143.6397562997 Error = 8.53e-19 FLOPS = 7.59e+09 Tdav = 0.00 T = 0.05
 --> Site =   49 .. Mmps =   15 Ndav =  11 E =   -143.6397598599 Error = 6.99e-19 FLOPS = 7.84e+09 Tdav = 0.00 T = 0.05
 --> Site =   50 .. Mmps =   15 Ndav =  10 E =   -143.6397629667 Error = 3.81e-19 FLOPS = 7.89e+09 Tdav = 0.00 T = 0.05
 --> Site =   51 .. Mmps =   15 Ndav =  12 E =   -143.6397864658 Error = 4.73e-19 FLOPS = 7.70e+09 Tdav = 0.00 T = 0.06
 --> Site =   52 .. Mmps =   15 Ndav =  10 E =   -143.6397925197 Error = 7.24e-18 FLOPS = 8.06e+09 Tdav = 0.00 T = 0.06
 --> Site =   53 .. Mmps =   15 Ndav =  15 E =   -143.6398012759 Error = 8.69e-19 FLOPS = 7.22e+09 Tdav = 0.00 T = 0.05
 --> Site =   54 .. Mmps =   15 Ndav =  13 E =   -143.6398386046 Error = 4.43e-19 FLOPS = 7.53e+09 Tdav = 0.00 T = 0.05
 --> Site =   55 .. Mmps =   15 Ndav =  13 E =   -143.6398561243 Error = 5.09e-19 FLOPS = 7.66e+09 Tdav = 0.00 T = 0.06
 --> Site =   56 .. Mmps =   15 Ndav =  10 E =   -143.6398630781 Error = 3.39e-19 FLOPS = 7.96e+09 Tdav = 0.00 T = 0.05
 --> Site =   57 .. Mmps =   15 Ndav =  12 E =   -143.6398715348 Error = 1.28e-18 FLOPS = 7.80e+09 Tdav = 0.00 T = 0.05
 --> Site =   58 .. Mmps =   15 Ndav =  11 E =   -143.6398898913 Error = 5.24e-18 FLOPS = 7.94e+09 Tdav = 0.00 T = 0.05
 --> Site =   59 .. Mmps =   15 Ndav =  10 E =   -143.6398991501 Error = 3.37e-19 FLOPS = 8.17e+09 Tdav = 0.00 T = 0.06
 --> Site =   60 .. Mmps =   15 Ndav =  11 E =   -143.6399065511 Error = 4.04e-19 FLOPS = 7.98e+09 Tdav = 0.00 T = 0.05
 --> Site =   61 .. Mmps =   15 Ndav =  12 E =   -143.6399099435 Error = 5.75e-19 FLOPS = 7.90e+09 Tdav = 0.00 T = 0.05
 --> Site =   62 .. Mmps =   15 Ndav =  11 E =   -143.6399283736 Error = 5.95e-19 FLOPS = 7.99e+09 Tdav = 0.00 T = 0.05
 --> Site =   63 .. Mmps =   15 Ndav =  15 E =   -143.6399498692 Error = 2.90e-19 FLOPS = 7.35e+09 Tdav = 0.00 T = 0.05
 --> Site =   64 .. Mmps =   15 Ndav =  11 E =   -143.6399681991 Error = 9.21e-20 FLOPS = 8.02e+09 Tdav = 0.00 T = 0.05
 --> Site =   65 .. Mmps =   15 Ndav =  13 E =   -143.6399736718 Error = 6.93e-19 FLOPS = 7.82e+09 Tdav = 0.00 T = 0.05
 --> Site =   66 .. Mmps =   15 Ndav =  11 E =   -143.6399863179 Error = 7.34e-19 FLOPS = 8.16e+09 Tdav = 0.00 T = 0.06
 --> Site =   67 .. Mmps =   15 Ndav =  10 E =   -143.6399887421 Error = 7.62e-19 FLOPS = 8.12e+09 Tdav = 0.00 T = 0.05
 --> Site =   68 .. Mmps =   15 Ndav =  11 E =   -143.6400056020 Error = 3.32e-19 FLOPS = 8.12e+09 Tdav = 0.00 T = 0.05
 --> Site =   69 .. Mmps =   15 Ndav =  12 E =   -143.6400125809 Error = 6.88e-19 FLOPS = 7.90e+09 Tdav = 0.00 T = 0.05
 --> Site =   70 .. Mmps =   15 Ndav =  11 E =   -143.6400278350 Error = 7.22e-19 FLOPS = 8.11e+09 Tdav = 0.00 T = 0.06
 --> Site =   71 .. Mmps =   15 Ndav =   9 E =   -143.6400347657 Error = 1.11e-18 FLOPS = 8.28e+09 Tdav = 0.00 T = 0.05
 --> Site =   72 .. Mmps =   15 Ndav =  12 E =   -143.6400460711 Error = 2.03e-19 FLOPS = 8.02e+09 Tdav = 0.00 T = 0.05
 --> Site =   73 .. Mmps =   15 Ndav =  11 E =   -143.6400508526 Error = 8.73e-19 FLOPS = 8.11e+09 Tdav = 0.00 T = 0.05
 --> Site =   74 .. Mmps =   15 Ndav =  12 E =   -143.6400585635 Error = 2.32e-19 FLOPS = 7.94e+09 Tdav = 0.00 T = 0.05
 --> Site =   75 .. Mmps =   15 Ndav =  11 E =   -143.6400610159 Error = 9.90e-20 FLOPS = 8.22e+09 Tdav = 0.00 T = 0.05
 --> Site =   76 .. Mmps =   15 Ndav =  11 E =   -143.6400653562 Error = 4.33e-19 FLOPS = 8.14e+09 Tdav = 0.00 T = 0.05
 --> Site =   77 .. Mmps =   15 Ndav =  13 E =   -143.6400738998 Error = 3.34e-19 FLOPS = 7.78e+09 Tdav = 0.00 T = 0.06
 --> Site =   78 .. Mmps =   15 Ndav =  10 E =   -143.6400810406 Error = 2.32e-18 FLOPS = 8.33e+09 Tdav = 0.00 T = 0.05
 --> Site =   79 .. Mmps =   15 Ndav =  15 E =   -143.6400902199 Error = 1.08e-18 FLOPS = 7.51e+09 Tdav = 0.00 T = 0.05
 --> Site =   80 .. Mmps =   15 Ndav =  13 E =   -143.6401144756 Error = 2.78e-18 FLOPS = 7.89e+09 Tdav = 0.00 T = 0.05
 --> Site =   81 .. Mmps =   15 Ndav =  12 E =   -143.6401191468 Error = 2.83e-19 FLOPS = 7.98e+09 Tdav = 0.00 T = 0.06
 --> Site =   82 .. Mmps =   15 Ndav =  10 E =   -143.6401260488 Error = 1.68e-18 FLOPS = 8.28e+09 Tdav = 0.00 T = 0.05
 --> Site =   83 .. Mmps =   15 Ndav =  12 E =   -143.6401331523 Error = 2.42e-19 FLOPS = 8.00e+09 Tdav = 0.00 T = 0.05
 --> Site =   84 .. Mmps =   15 Ndav =  11 E =   -143.6401531736 Error = 1.28e-18 FLOPS = 8.20e+09 Tdav = 0.00 T = 0.05
 --> Site =   85 .. Mmps =   15 Ndav =   8 E =   -143.6401583974 Error = 4.98e-19 FLOPS = 8.47e+09 Tdav = 0.00 T = 0.05
 --> Site =   86 .. Mmps =   15 Ndav =  11 E =   -143.6401647711 Error = 2.11e-19 FLOPS = 8.10e+09 Tdav = 0.00 T = 0.05
 --> Site =   87 .. Mmps =   15 Ndav =  12 E =   -143.6401689897 Error = 1.30e-18 FLOPS = 8.00e+09 Tdav = 0.00 T = 0.05
 --> Site =   88 .. Mmps =   15 Ndav =  11 E =   -143.6401819280 Error = 1.07e-18 FLOPS = 8.20e+09 Tdav = 0.00 T = 0.05
 --> Site =   89 .. Mmps =   15 Ndav =  15 E =   -143.6401981258 Error = 4.14e-19 FLOPS = 7.52e+09 Tdav = 0.00 T = 0.06
 --> Site =   90 .. Mmps =   15 Ndav =  11 E =   -143.6402154279 Error = 1.05e-18 FLOPS = 8.13e+09 Tdav = 0.00 T = 0.05
 --> Site =   91 .. Mmps =   15 Ndav =  13 E =   -143.6402215325 Error = 5.04e-19 FLOPS = 7.89e+09 Tdav = 0.00 T = 0.05
 --> Site =   92 .. Mmps =   15 Ndav =  11 E =   -143.6402371455 Error = 2.09e-19 FLOPS = 8.23e+09 Tdav = 0.00 T = 0.05
 --> Site =   93 .. Mmps =   15 Ndav =  10 E =   -143.6402397918 Error = 1.51e-18 FLOPS = 8.28e+09 Tdav = 0.00 T = 0.05
 --> Site =   94 .. Mmps =   15 Ndav =  10 E =   -143.6402531488 Error = 3.99e-19 FLOPS = 8.12e+09 Tdav = 0.00 T = 0.05
 --> Site =   95 .. Mmps =   15 Ndav =  11 E =   -143.6402599269 Error = 2.00e-19 FLOPS = 8.11e+09 Tdav = 0.00 T = 0.05
 --> Site =   96 .. Mmps =   15 Ndav =  11 E =   -143.6402759000 Error = 1.49e-19 FLOPS = 8.17e+09 Tdav = 0.00 T = 0.06
 --> Site =   97 .. Mmps =   15 Ndav =  11 E =   -143.6402820197 Error = 6.86e-19 FLOPS = 8.08e+09 Tdav = 0.00 T = 0.06
 --> Site =   98 .. Mmps =   15 Ndav =  12 E =   -143.6402946530 Error = 1.24e-18 FLOPS = 7.98e+09 Tdav = 0.00 T = 0.05
 --> Site =   99 .. Mmps =   15 Ndav =  11 E =   -143.6402996986 Error = 6.11e-19 FLOPS = 8.12e+09 Tdav = 0.00 T = 0.06
 --> Site =  100 .. Mmps =   15 Ndav =  13 E =   -143.6403084894 Error = 7.75e-19 FLOPS = 7.81e+09 Tdav = 0.00 T = 0.05
 --> Site =  101 .. Mmps =   15 Ndav =  11 E =   -143.6403115168 Error = 6.16e-19 FLOPS = 8.16e+09 Tdav = 0.00 T = 0.05
 --> Site =  102 .. Mmps =   15 Ndav =  11 E =   -143.6403163291 Error = 2.40e-19 FLOPS = 8.12e+09 Tdav = 0.00 T = 0.05
 --> Site =  103 .. Mmps =   15 Ndav =  13 E =   -143.6403258192 Error = 1.10e-18 FLOPS = 7.73e+09 Tdav = 0.00 T = 0.05
 --> Site =  104 .. Mmps =   15 Ndav =  10 E =   -143.6403347122 Error = 9.28e-19 FLOPS = 8.20e+09 Tdav = 0.00 T = 0.05
 --> Site =  105 .. Mmps =   15 Ndav =  15 E =   -143.6403458358 Error = 5.11e-19 FLOPS = 7.44e+09 Tdav = 0.00 T = 0.05
 --> Site =  106 .. Mmps =   15 Ndav =  13 E =   -143.6403763945 Error = 2.58e-18 FLOPS = 7.70e+09 Tdav = 0.00 T = 0.05
 --> Site =  107 .. Mmps =   15 Ndav =  13 E =   -143.6403908229 Error = 5.21e-19 FLOPS = 7.71e+09 Tdav = 0.00 T = 0.05
 --> Site =  108 .. Mmps =   15 Ndav =  10 E =   -143.6403971972 Error = 9.80e-18 FLOPS = 8.08e+09 Tdav = 0.00 T = 0.05
 --> Site =  109 .. Mmps =   15 Ndav =  11 E =   -143.6404004396 Error = 4.50e-19 FLOPS = 7.88e+09 Tdav = 0.00 T = 0.05
 --> Site =  110 .. Mmps =   15 Ndav =  11 E =   -143.6404180395 Error = 2.48e-19 FLOPS = 7.97e+09 Tdav = 0.00 T = 0.05
 --> Site =  111 .. Mmps =   15 Ndav =  11 E =   -143.6404228270 Error = 6.99e-19 FLOPS = 8.00e+09 Tdav = 0.00 T = 0.05
 --> Site =  112 .. Mmps =   15 Ndav =  11 E =   -143.6404308327 Error = 5.30e-19 FLOPS = 8.00e+09 Tdav = 0.00 T = 0.05
 --> Site =  113 .. Mmps =   15 Ndav =  12 E =   -143.6404339153 Error = 8.02e-19 FLOPS = 7.79e+09 Tdav = 0.00 T = 0.05
 --> Site =  114 .. Mmps =   15 Ndav =  11 E =   -143.6404453355 Error = 1.25e-19 FLOPS = 7.99e+09 Tdav = 0.00 T = 0.05
 --> Site =  115 .. Mmps =   15 Ndav =  15 E =   -143.6404537325 Error = 3.56e-19 FLOPS = 7.25e+09 Tdav = 0.00 T = 0.05
 --> Site =  116 .. Mmps =   15 Ndav =  11 E =   -143.6404668223 Error = 1.58e-19 FLOPS = 7.80e+09 Tdav = 0.00 T = 0.05
 --> Site =  117 .. Mmps =   15 Ndav =  13 E =   -143.6404718423 Error = 1.39e-18 FLOPS = 7.55e+09 Tdav = 0.00 T = 0.05
 --> Site =  118 .. Mmps =   15 Ndav =  10 E =   -143.6404880421 Error = 3.94e-19 FLOPS = 7.99e+09 Tdav = 0.00 T = 0.05
 --> Site =  119 .. Mmps =   15 Ndav =  10 E =   -143.6404904623 Error = 1.64e-19 FLOPS = 7.84e+09 Tdav = 0.00 T = 0.05
 --> Site =  120 .. Mmps =   15 Ndav =  10 E =   -143.6404994843 Error = 6.37e-19 FLOPS = 7.81e+09 Tdav = 0.00 T = 0.05
 --> Site =  121 .. Mmps =   15 Ndav =  12 E =   -143.6405050690 Error = 9.62e-20 FLOPS = 7.55e+09 Tdav = 0.00 T = 0.04
 --> Site =  122 .. Mmps =   15 Ndav =  11 E =   -143.6405135856 Error = 1.77e-19 FLOPS = 7.69e+09 Tdav = 0.00 T = 0.04
 --> Site =  123 .. Mmps =   15 Ndav =   9 E =   -143.6405184887 Error = 2.71e-19 FLOPS = 7.91e+09 Tdav = 0.00 T = 0.04
 --> Site =  124 .. Mmps =   15 Ndav =  11 E =   -143.6405299509 Error = 4.22e-19 FLOPS = 7.62e+09 Tdav = 0.00 T = 0.04
 --> Site =  125 .. Mmps =   15 Ndav =  12 E =   -143.6405370857 Error = 7.07e-19 FLOPS = 7.48e+09 Tdav = 0.00 T = 0.05
 --> Site =  126 .. Mmps =   15 Ndav =  13 E =   -143.6405646018 Error = 2.23e-19 FLOPS = 7.29e+09 Tdav = 0.00 T = 0.05
 --> Site =  127 .. Mmps =   15 Ndav =  10 E =   -143.6405719785 Error = 6.36e-19 FLOPS = 7.67e+09 Tdav = 0.00 T = 0.04
 --> Site =  128 .. Mmps =   15 Ndav =  12 E =   -143.6405859249 Error = 6.85e-19 FLOPS = 7.30e+09 Tdav = 0.00 T = 0.04
 --> Site =  129 .. Mmps =   15 Ndav =  12 E =   -143.6405969865 Error = 2.52e-18 FLOPS = 7.34e+09 Tdav = 0.00 T = 0.04
 --> Site =  130 .. Mmps =   15 Ndav =  10 E =   -143.6406122592 Error = 5.02e-19 FLOPS = 7.51e+09 Tdav = 0.00 T = 0.04
 --> Site =  131 .. Mmps =   15 Ndav =  14 E =   -143.6406253115 Error = 3.43e-19 FLOPS = 6.80e+09 Tdav = 0.00 T = 0.04
 --> Site =  132 .. Mmps =   15 Ndav =  11 E =   -143.6406463283 Error = 5.40e-19 FLOPS = 7.28e+09 Tdav = 0.00 T = 0.04
 --> Site =  133 .. Mmps =   15 Ndav =  12 E =   -143.6406556965 Error = 1.21e-19 FLOPS = 7.04e+09 Tdav = 0.00 T = 0.04
 --> Site =  134 .. Mmps =   15 Ndav =  11 E =   -143.6406754770 Error = 7.93e-19 FLOPS = 7.10e+09 Tdav = 0.00 T = 0.04
 --> Site =  135 .. Mmps =   15 Ndav =  12 E =   -143.6406878211 Error = 2.99e-19 FLOPS = 6.79e+09 Tdav = 0.00 T = 0.04
 --> Site =  136 .. Mmps =   15 Ndav =  11 E =   -143.6407033743 Error = 1.39e-19 FLOPS = 6.84e+09 Tdav = 0.00 T = 0.04
 --> Site =  137 .. Mmps =   15 Ndav =  12 E =   -143.6407103839 Error = 6.38e-19 FLOPS = 6.71e+09 Tdav = 0.00 T = 0.04
 --> Site =  138 .. Mmps =   15 Ndav =  11 E =   -143.6407249308 Error = 4.15e-18 FLOPS = 6.66e+09 Tdav = 0.00 T = 0.04
 --> Site =  139 .. Mmps =   15 Ndav =  11 E =   -143.6407282217 Error = 3.67e-19 FLOPS = 6.58e+09 Tdav = 0.00 T = 0.03
 --> Site =  140 .. Mmps =   15 Ndav =  11 E =   -143.6407344601 Error = 4.67e-19 FLOPS = 6.62e+09 Tdav = 0.00 T = 0.03
 --> Site =  141 .. Mmps =   15 Ndav =  11 E =   -143.6407532189 Error = 1.47e-19 FLOPS = 6.45e+09 Tdav = 0.00 T = 0.04
 --> Site =  142 .. Mmps =   15 Ndav =  10 E =   -143.6407601352 Error = 4.81e-19 FLOPS = 6.57e+09 Tdav = 0.00 T = 0.03
 --> Site =  143 .. Mmps =   15 Ndav =  10 E =   -143.6407608021 Error = 2.39e-19 FLOPS = 6.47e+09 Tdav = 0.00 T = 0.03
 --> Site =  144 .. Mmps =   15 Ndav =  10 E =   -143.6407619162 Error = 1.03e-18 FLOPS = 6.36e+09 Tdav = 0.00 T = 0.03
 --> Site =  145 .. Mmps =   15 Ndav =  10 E =   -143.6407623318 Error = 4.79e-19 FLOPS = 6.25e+09 Tdav = 0.00 T = 0.03
 --> Site =  146 .. Mmps =   15 Ndav =  10 E =   -143.6407638185 Error = 1.11e-19 FLOPS = 6.06e+09 Tdav = 0.00 T = 0.03
 --> Site =  147 .. Mmps =   15 Ndav =  11 E =   -143.6407662597 Error = 3.95e-19 FLOPS = 5.87e+09 Tdav = 0.00 T = 0.03
 --> Site =  148 .. Mmps =   15 Ndav =  11 E =   -143.6407684664 Error = 4.66e-19 FLOPS = 5.66e+09 Tdav = 0.00 T = 0.03
 --> Site =  149 .. Mmps =   15 Ndav =  12 E =   -143.6407721077 Error = 7.54e-19 FLOPS = 5.41e+09 Tdav = 0.00 T = 0.03
 --> Site =  150 .. Mmps =   15 Ndav =  10 E =   -143.6407741402 Error = 1.27e-18 FLOPS = 5.49e+09 Tdav = 0.00 T = 0.03
 --> Site =  151 .. Mmps =   15 Ndav =  11 E =   -143.6407771501 Error = 5.74e-19 FLOPS = 5.30e+09 Tdav = 0.00 T = 0.03
 --> Site =  152 .. Mmps =   15 Ndav =   9 E =   -143.6407791967 Error = 3.96e-19 FLOPS = 5.42e+09 Tdav = 0.00 T = 0.03
 --> Site =  153 .. Mmps =   15 Ndav =  12 E =   -143.6407807967 Error = 3.35e-19 FLOPS = 4.72e+09 Tdav = 0.00 T = 0.03
 --> Site =  154 .. Mmps =   15 Ndav =  10 E =   -143.6407850482 Error = 7.65e-19 FLOPS = 4.92e+09 Tdav = 0.00 T = 0.03
 --> Site =  155 .. Mmps =   15 Ndav =  11 E =   -143.6407874266 Error = 4.61e-21 FLOPS = 4.58e+09 Tdav = 0.00 T = 0.03
 --> Site =  156 .. Mmps =   15 Ndav =   8 E =   -143.6407908601 Error = 7.58e-19 FLOPS = 4.69e+09 Tdav = 0.00 T = 0.04
 --> Site =  157 .. Mmps =   15 Ndav =  15 E =   -143.6408163625 Error = 5.02e-19 FLOPS = 3.48e+09 Tdav = 0.00 T = 0.04
 --> Site =  158 .. Mmps =   15 Ndav =   9 E =   -143.6408210725 Error = 2.79e-19 FLOPS = 4.26e+09 Tdav = 0.00 T = 0.03
 --> Site =  159 .. Mmps =   15 Ndav =  13 E =   -143.6408329774 Error = 1.49e-18 FLOPS = 3.44e+09 Tdav = 0.00 T = 0.03
 --> Site =  160 .. Mmps =   15 Ndav =   9 E =   -143.6408426749 Error = 4.93e-19 FLOPS = 3.72e+09 Tdav = 0.00 T = 0.03
 --> Site =  161 .. Mmps =   15 Ndav =  17 E =   -143.6408560138 Error = 5.33e-19 FLOPS = 2.41e+09 Tdav = 0.00 T = 0.03
 --> Site =  162 .. Mmps =   15 Ndav =  12 E =   -143.6408654459 Error = 3.18e-19 FLOPS = 2.80e+09 Tdav = 0.00 T = 0.03
 --> Site =  163 .. Mmps =   15 Ndav =  15 E =   -143.6408678503 Error = 1.52e-19 FLOPS = 2.16e+09 Tdav = 0.00 T = 0.03
 --> Site =  164 .. Mmps =   15 Ndav =   9 E =   -143.6408680792 Error = 4.09e-19 FLOPS = 2.59e+09 Tdav = 0.00 T = 0.03
 --> Site =  165 .. Mmps =   15 Ndav =   3 E =   -143.6408680793 Error = 7.47e-26 FLOPS = 1.10e+09 Tdav = 0.00 T = 0.03
 --> Site =  166 .. Mmps =   15 Ndav =   1 E =   -143.6408680793 Error = 4.05e-53 FLOPS = 3.32e+08 Tdav = 0.00 T = 0.03
 --> Site =  167 .. Mmps =   15 Ndav =   1 E =   -143.6408680793 Error = 2.64e-83 FLOPS = 1.40e+08 Tdav = 0.00 T = 0.03
 --> Site =  168 .. Mmps =   15 Ndav =   1 E =   -143.6408680793 Error = 1.67e-102 FLOPS = 3.91e+07 Tdav = 0.00 T = 0.03
Time elapsed =   2475.496 | E =    -143.6408680793 | DE = -1.29e-03 | DW = 9.80321e-18
Time sweep =        7.173 | 1.35 GFLOP/SWP
 | Dmem = 104 KB (3%) | Imem = 232 B (79%) | Hmem = 494 KB | Wmem = 3.52 KB | Pmem = 3.52 KB
 | Tread = 0.176 | Twrite = 0.825 | Tfpread = 0.030 | Tfpwrite = 0.018 | Tmporead = 0.000 | Tasync = 0.000
 | data = 11.2 MB | cpsd = 8.67 MB
 | Trot = 0.023 | Tctr = 0.005 | Tint = 0.024 | Tmid = 0.000 | Tdctr = 0.108 | Tdiag = 0.016 | Tinfo = 0.184
 | Teff = 2.165 | Tprt = 0.113 | Teig = 0.201 | Tblk = 5.578 | Tmve = 1.585 | Tdm = 0.002 | Tsplt = 0.015 | Tsvd = 0.000 | Torth = 0.000

Sweep =    2 | Direction = backward | Bond dimension =   15 | Noise =  1.00e-04 | Dav threshold =  1.00e-10
 <-- Site =  168 .. Mmps =    2 Ndav =   1 E =   -143.6408680793 Error = 0.00e+00 FLOPS = 4.65e+07 Tdav = 0.00 T = 0.02
 <-- Site =  167 .. Mmps =    4 Ndav =   1 E =   -143.6408680793 Error = 0.00e+00 FLOPS = 1.75e+08 Tdav = 0.00 T = 0.03
 <-- Site =  166 .. Mmps =    8 Ndav =   1 E =   -143.6408680793 Error = 0.00e+00 FLOPS = 3.98e+08 Tdav = 0.00 T = 0.03
 <-- Site =  165 .. Mmps =   15 Ndav =   1 E =   -143.6408680793 Error = 1.84e-23 FLOPS = 7.14e+08 Tdav = 0.00 T = 0.03
 <-- Site =  164 .. Mmps =   15 Ndav =   1 E =   -143.6408680793 Error = 4.82e-21 FLOPS = 1.19e+09 Tdav = 0.00 T = 0.03
 <-- Site =  163 .. Mmps =   15 Ndav =   6 E =   -143.6408680946 Error = 8.40e-20 FLOPS = 3.10e+09 Tdav = 0.00 T = 0.03
 <-- Site =  162 .. Mmps =   15 Ndav =   8 E =   -143.6408686390 Error = 8.49e-18 FLOPS = 3.48e+09 Tdav = 0.00 T = 0.03
 <-- Site =  161 .. Mmps =   15 Ndav =  12 E =   -143.6408691400 Error = 5.58e-20 FLOPS = 3.15e+09 Tdav = 0.00 T = 0.03
 <-- Site =  160 .. Mmps =   15 Ndav =  11 E =   -143.6408768077 Error = 9.07e-20 FLOPS = 3.53e+09 Tdav = 0.00 T = 0.03
 <-- Site =  159 .. Mmps =   15 Ndav =  14 E =   -143.6408797941 Error = 1.51e-19 FLOPS = 3.25e+09 Tdav = 0.00 T = 0.03
 <-- Site =  158 .. Mmps =   15 Ndav =   9 E =   -143.6408877494 Error = 6.96e-19 FLOPS = 4.34e+09 Tdav = 0.00 T = 0.03
 <-- Site =  157 .. Mmps =   15 Ndav =  11 E =   -143.6408880329 Error = 5.26e-19 FLOPS = 4.20e+09 Tdav = 0.00 T = 0.03
 <-- Site =  156 .. Mmps =   15 Ndav =   8 E =   -143.6408887427 Error = 1.31e-18 FLOPS = 4.84e+09 Tdav = 0.00 T = 0.03
 <-- Site =  155 .. Mmps =   15 Ndav =   5 E =   -143.6408888893 Error = 2.92e-19 FLOPS = 5.03e+09 Tdav = 0.00 T = 0.03
 <-- Site =  154 .. Mmps =   15 Ndav =   7 E =   -143.6408892280 Error = 5.87e-19 FLOPS = 5.30e+09 Tdav = 0.00 T = 0.03
 <-- Site =  153 .. Mmps =   15 Ndav =  11 E =   -143.6408893284 Error = 1.29e-18 FLOPS = 4.91e+09 Tdav = 0.00 T = 0.03
 <-- Site =  152 .. Mmps =   15 Ndav =   8 E =   -143.6408895191 Error = 7.18e-19 FLOPS = 5.58e+09 Tdav = 0.00 T = 0.03
 <-- Site =  151 .. Mmps =   15 Ndav =  11 E =   -143.6408896089 Error = 8.39e-19 FLOPS = 5.28e+09 Tdav = 0.00 T = 0.03
 <-- Site =  150 .. Mmps =   15 Ndav =   8 E =   -143.6408898380 Error = 3.77e-19 FLOPS = 5.79e+09 Tdav = 0.00 T = 0.03
 <-- Site =  149 .. Mmps =   15 Ndav =  10 E =   -143.6408899244 Error = 1.06e-18 FLOPS = 5.75e+09 Tdav = 0.00 T = 0.03
 <-- Site =  148 .. Mmps =   15 Ndav =   7 E =   -143.6408900083 Error = 3.04e-19 FLOPS = 6.16e+09 Tdav = 0.00 T = 0.03
 <-- Site =  147 .. Mmps =   15 Ndav =  11 E =   -143.6408901022 Error = 2.90e-19 FLOPS = 5.79e+09 Tdav = 0.00 T = 0.03
 <-- Site =  146 .. Mmps =   15 Ndav =   7 E =   -143.6408901490 Error = 2.31e-19 FLOPS = 6.35e+09 Tdav = 0.00 T = 0.03
 <-- Site =  145 .. Mmps =   15 Ndav =   9 E =   -143.6408901608 Error = 1.36e-19 FLOPS = 6.28e+09 Tdav = 0.00 T = 0.03
 <-- Site =  144 .. Mmps =   15 Ndav =   6 E =   -143.6408901694 Error = 8.81e-19 FLOPS = 6.60e+09 Tdav = 0.00 T = 0.03
 <-- Site =  143 .. Mmps =   15 Ndav =   6 E =   -143.6408901728 Error = 9.48e-20 FLOPS = 6.37e+09 Tdav = 0.00 T = 0.05
 <-- Site =  142 .. Mmps =   15 Ndav =   6 E =   -143.6408901918 Error = 3.95e-19 FLOPS = 6.67e+09 Tdav = 0.00 T = 0.03
 <-- Site =  141 .. Mmps =   15 Ndav =  11 E =   -143.6408948518 Error = 1.17e-20 FLOPS = 6.44e+09 Tdav = 0.00 T = 0.03
 <-- Site =  140 .. Mmps =   15 Ndav =  10 E =   -143.6408974303 Error = 2.15e-16 FLOPS = 6.70e+09 Tdav = 0.00 T = 0.04
 <-- Site =  139 .. Mmps =   15 Ndav =  11 E =   -143.6408982135 Error = 3.61e-19 FLOPS = 6.63e+09 Tdav = 0.00 T = 0.04
 <-- Site =  138 .. Mmps =   15 Ndav =   7 E =   -143.6408985053 Error = 1.05e-17 FLOPS = 7.21e+09 Tdav = 0.00 T = 0.04
 <-- Site =  137 .. Mmps =   15 Ndav =  12 E =   -143.6409014086 Error = 6.33e-20 FLOPS = 6.64e+09 Tdav = 0.00 T = 0.04
 <-- Site =  136 .. Mmps =   15 Ndav =   9 E =   -143.6409037957 Error = 9.45e-19 FLOPS = 7.16e+09 Tdav = 0.00 T = 0.04
 <-- Site =  135 .. Mmps =   15 Ndav =  13 E =   -143.6409096122 Error = 1.99e-19 FLOPS = 6.61e+09 Tdav = 0.00 T = 0.05
 <-- Site =  134 .. Mmps =   15 Ndav =  10 E =   -143.6409147898 Error = 4.87e-17 FLOPS = 7.14e+09 Tdav = 0.00 T = 0.05
 <-- Site =  133 .. Mmps =   15 Ndav =  12 E =   -143.6409180995 Error = 8.87e-20 FLOPS = 6.84e+09 Tdav = 0.00 T = 0.05
 <-- Site =  132 .. Mmps =   15 Ndav =  10 E =   -143.6409233214 Error = 1.25e-17 FLOPS = 7.31e+09 Tdav = 0.00 T = 0.04
 <-- Site =  131 .. Mmps =   15 Ndav =  12 E =   -143.6409274809 Error = 1.91e-19 FLOPS = 7.07e+09 Tdav = 0.00 T = 0.04
 <-- Site =  130 .. Mmps =   15 Ndav =   8 E =   -143.6409301650 Error = 6.08e-18 FLOPS = 7.62e+09 Tdav = 0.00 T = 0.04
 <-- Site =  129 .. Mmps =   15 Ndav =  11 E =   -143.6409321262 Error = 3.40e-19 FLOPS = 7.28e+09 Tdav = 0.00 T = 0.04
 <-- Site =  128 .. Mmps =   15 Ndav =  10 E =   -143.6409361904 Error = 2.42e-19 FLOPS = 7.57e+09 Tdav = 0.00 T = 0.05
 <-- Site =  127 .. Mmps =   15 Ndav =   9 E =   -143.6409365732 Error = 6.17e-19 FLOPS = 7.73e+09 Tdav = 0.00 T = 0.05
 <-- Site =  126 .. Mmps =   15 Ndav =   9 E =   -143.6409385056 Error = 4.95e-19 FLOPS = 7.76e+09 Tdav = 0.00 T = 0.05
 <-- Site =  125 .. Mmps =   15 Ndav =  11 E =   -143.6409442020 Error = 1.95e-19 FLOPS = 7.61e+09 Tdav = 0.00 T = 0.04
 <-- Site =  124 .. Mmps =   15 Ndav =  10 E =   -143.6409463896 Error = 1.62e-18 FLOPS = 7.70e+09 Tdav = 0.00 T = 0.05
 <-- Site =  123 .. Mmps =   15 Ndav =  10 E =   -143.6409495446 Error = 5.94e-19 FLOPS = 7.69e+09 Tdav = 0.00 T = 0.05
 <-- Site =  122 .. Mmps =   15 Ndav =  10 E =   -143.6409511995 Error = 7.67e-18 FLOPS = 7.68e+09 Tdav = 0.00 T = 0.05
 <-- Site =  121 .. Mmps =   15 Ndav =  10 E =   -143.6409515874 Error = 7.29e-20 FLOPS = 7.76e+09 Tdav = 0.00 T = 0.05
 <-- Site =  120 .. Mmps =   15 Ndav =   9 E =   -143.6409522461 Error = 5.99e-19 FLOPS = 7.92e+09 Tdav = 0.00 T = 0.05
 <-- Site =  119 .. Mmps =   15 Ndav =   9 E =   -143.6409523916 Error = 5.25e-20 FLOPS = 7.97e+09 Tdav = 0.00 T = 0.05
 <-- Site =  118 .. Mmps =   15 Ndav =   8 E =   -143.6409530679 Error = 3.48e-19 FLOPS = 8.01e+09 Tdav = 0.00 T = 0.05
 <-- Site =  117 .. Mmps =   15 Ndav =  10 E =   -143.6409533454 Error = 2.94e-20 FLOPS = 7.90e+09 Tdav = 0.00 T = 0.05
 <-- Site =  116 .. Mmps =   15 Ndav =   8 E =   -143.6409540067 Error = 4.76e-17 FLOPS = 8.06e+09 Tdav = 0.00 T = 0.05
 <-- Site =  115 .. Mmps =   15 Ndav =  12 E =   -143.6409551347 Error = 1.65e-19 FLOPS = 7.69e+09 Tdav = 0.00 T = 0.05
 <-- Site =  114 .. Mmps =   15 Ndav =  11 E =   -143.6409598879 Error = 2.50e-17 FLOPS = 7.87e+09 Tdav = 0.00 T = 0.05
 <-- Site =  113 .. Mmps =   15 Ndav =  13 E =   -143.6409646647 Error = 7.32e-20 FLOPS = 7.59e+09 Tdav = 0.00 T = 0.07
 <-- Site =  112 .. Mmps =   15 Ndav =  10 E =   -143.6409679759 Error = 8.89e-17 FLOPS = 8.04e+09 Tdav = 0.00 T = 0.05
 <-- Site =  111 .. Mmps =   15 Ndav =   8 E =   -143.6409692718 Error = 6.66e-19 FLOPS = 8.18e+09 Tdav = 0.00 T = 0.06
 <-- Site =  110 .. Mmps =   15 Ndav =   9 E =   -143.6409746034 Error = 3.32e-17 FLOPS = 8.17e+09 Tdav = 0.00 T = 0.05
 <-- Site =  109 .. Mmps =   15 Ndav =  12 E =   -143.6409797132 Error = 5.36e-20 FLOPS = 7.83e+09 Tdav = 0.00 T = 0.05
 <-- Site =  108 .. Mmps =   15 Ndav =  10 E =   -143.6409864873 Error = 7.36e-18 FLOPS = 7.99e+09 Tdav = 0.00 T = 0.05
 <-- Site =  107 .. Mmps =   15 Ndav =  12 E =   -143.6409887955 Error = 1.35e-19 FLOPS = 7.83e+09 Tdav = 0.00 T = 0.05
 <-- Site =  106 .. Mmps =   15 Ndav =   9 E =   -143.6409905285 Error = 1.02e-17 FLOPS = 8.18e+09 Tdav = 0.00 T = 0.05
 <-- Site =  105 .. Mmps =   15 Ndav =  14 E =   -143.6409937897 Error = 1.25e-19 FLOPS = 7.49e+09 Tdav = 0.00 T = 0.06
 <-- Site =  104 .. Mmps =   15 Ndav =   9 E =   -143.6409957931 Error = 2.43e-19 FLOPS = 8.29e+09 Tdav = 0.00 T = 0.05
 <-- Site =  103 .. Mmps =   15 Ndav =   9 E =   -143.6409963920 Error = 1.68e-19 FLOPS = 8.23e+09 Tdav = 0.00 T = 0.05
 <-- Site =  102 .. Mmps =   15 Ndav =   8 E =   -143.6409970412 Error = 2.00e-19 FLOPS = 8.26e+09 Tdav = 0.00 T = 0.06
 <-- Site =  101 .. Mmps =   15 Ndav =   9 E =   -143.6409974204 Error = 1.89e-19 FLOPS = 8.28e+09 Tdav = 0.00 T = 0.05
 <-- Site =  100 .. Mmps =   15 Ndav =   8 E =   -143.6409980808 Error = 4.19e-18 FLOPS = 8.25e+09 Tdav = 0.00 T = 0.05
 <-- Site =   99 .. Mmps =   15 Ndav =  10 E =   -143.6410008159 Error = 4.41e-20 FLOPS = 8.18e+09 Tdav = 0.00 T = 0.06
 <-- Site =   98 .. Mmps =   15 Ndav =   9 E =   -143.6410045093 Error = 1.32e-18 FLOPS = 8.22e+09 Tdav = 0.00 T = 0.05
 <-- Site =   97 .. Mmps =   15 Ndav =  10 E =   -143.6410055702 Error = 5.78e-20 FLOPS = 8.22e+09 Tdav = 0.00 T = 0.05
 <-- Site =   96 .. Mmps =   15 Ndav =  10 E =   -143.6410098346 Error = 5.49e-19 FLOPS = 8.22e+09 Tdav = 0.00 T = 0.05
 <-- Site =   95 .. Mmps =   15 Ndav =  11 E =   -143.6410110370 Error = 8.93e-19 FLOPS = 8.10e+09 Tdav = 0.00 T = 0.05
 <-- Site =   94 .. Mmps =   15 Ndav =  10 E =   -143.6410139594 Error = 9.25e-19 FLOPS = 8.14e+09 Tdav = 0.00 T = 0.05
 <-- Site =   93 .. Mmps =   15 Ndav =   8 E =   -143.6410142573 Error = 1.40e-19 FLOPS = 8.34e+09 Tdav = 0.00 T = 0.05
 <-- Site =   92 .. Mmps =   15 Ndav =   8 E =   -143.6410152301 Error = 5.35e-19 FLOPS = 8.36e+09 Tdav = 0.00 T = 0.06
 <-- Site =   91 .. Mmps =   15 Ndav =  11 E =   -143.6410163123 Error = 1.43e-19 FLOPS = 8.13e+09 Tdav = 0.00 T = 0.06
 <-- Site =   90 .. Mmps =   15 Ndav =   8 E =   -143.6410169496 Error = 3.32e-18 FLOPS = 8.30e+09 Tdav = 0.00 T = 0.05
 <-- Site =   89 .. Mmps =   15 Ndav =  13 E =   -143.6410190779 Error = 1.52e-19 FLOPS = 7.87e+09 Tdav = 0.00 T = 0.06
 <-- Site =   88 .. Mmps =   15 Ndav =  12 E =   -143.6410293287 Error = 4.00e-17 FLOPS = 8.04e+09 Tdav = 0.00 T = 0.06
 <-- Site =   87 .. Mmps =   15 Ndav =  12 E =   -143.6410333973 Error = 5.92e-20 FLOPS = 7.96e+09 Tdav = 0.00 T = 0.05
 <-- Site =   86 .. Mmps =   15 Ndav =  10 E =   -143.6410376687 Error = 5.91e-18 FLOPS = 8.30e+09 Tdav = 0.00 T = 0.05
 <-- Site =   85 .. Mmps =   15 Ndav =  12 E =   -143.6410402969 Error = 8.17e-20 FLOPS = 7.95e+09 Tdav = 0.00 T = 0.05
 <-- Site =   84 .. Mmps =   15 Ndav =  10 E =   -143.6410470365 Error = 5.80e-18 FLOPS = 8.23e+09 Tdav = 0.00 T = 0.05
 <-- Site =   83 .. Mmps =   15 Ndav =  13 E =   -143.6410527584 Error = 6.16e-20 FLOPS = 7.78e+09 Tdav = 0.00 T = 0.06
 <-- Site =   82 .. Mmps =   15 Ndav =  10 E =   -143.6410592223 Error = 6.30e-19 FLOPS = 8.17e+09 Tdav = 0.00 T = 0.05
 <-- Site =   81 .. Mmps =   15 Ndav =  11 E =   -143.6410610736 Error = 9.42e-20 FLOPS = 8.08e+09 Tdav = 0.00 T = 0.05
 <-- Site =   80 .. Mmps =   15 Ndav =  10 E =   -143.6410630247 Error = 3.89e-18 FLOPS = 8.22e+09 Tdav = 0.00 T = 0.05
 <-- Site =   79 .. Mmps =   15 Ndav =  14 E =   -143.6410652803 Error = 3.72e-19 FLOPS = 7.67e+09 Tdav = 0.00 T = 0.06
 <-- Site =   78 .. Mmps =   15 Ndav =   9 E =   -143.6410669059 Error = 3.50e-19 FLOPS = 8.34e+09 Tdav = 0.00 T = 0.05
 <-- Site =   77 .. Mmps =   15 Ndav =   8 E =   -143.6410673102 Error = 8.76e-19 FLOPS = 8.33e+09 Tdav = 0.00 T = 0.05
 <-- Site =   76 .. Mmps =   15 Ndav =   8 E =   -143.6410678972 Error = 6.78e-19 FLOPS = 8.34e+09 Tdav = 0.00 T = 0.05
 <-- Site =   75 .. Mmps =   15 Ndav =   9 E =   -143.6410682199 Error = 2.14e-19 FLOPS = 8.32e+09 Tdav = 0.00 T = 0.06
 <-- Site =   74 .. Mmps =   15 Ndav =   8 E =   -143.6410687946 Error = 5.41e-19 FLOPS = 8.30e+09 Tdav = 0.00 T = 0.06
 <-- Site =   73 .. Mmps =   15 Ndav =  10 E =   -143.6410701088 Error = 3.13e-19 FLOPS = 8.26e+09 Tdav = 0.00 T = 0.06
 <-- Site =   72 .. Mmps =   15 Ndav =  10 E =   -143.6410724608 Error = 3.83e-19 FLOPS = 8.24e+09 Tdav = 0.00 T = 0.06
 <-- Site =   71 .. Mmps =   15 Ndav =  10 E =   -143.6410734244 Error = 3.90e-19 FLOPS = 8.22e+09 Tdav = 0.00 T = 0.06
 <-- Site =   70 .. Mmps =   15 Ndav =  10 E =   -143.6410770251 Error = 6.54e-18 FLOPS = 8.24e+09 Tdav = 0.00 T = 0.06
 <-- Site =   69 .. Mmps =   15 Ndav =  11 E =   -143.6410784497 Error = 6.15e-20 FLOPS = 8.03e+09 Tdav = 0.00 T = 0.05
 <-- Site =   68 .. Mmps =   15 Ndav =  10 E =   -143.6410808077 Error = 3.17e-18 FLOPS = 8.14e+09 Tdav = 0.00 T = 0.05
 <-- Site =   67 .. Mmps =   15 Ndav =  10 E =   -143.6410810839 Error = 6.16e-20 FLOPS = 8.20e+09 Tdav = 0.00 T = 0.06
 <-- Site =   66 .. Mmps =   15 Ndav =   7 E =   -143.6410812183 Error = 5.92e-19 FLOPS = 8.43e+09 Tdav = 0.00 T = 0.06
 <-- Site =   65 .. Mmps =   15 Ndav =   9 E =   -143.6410836752 Error = 5.28e-19 FLOPS = 8.31e+09 Tdav = 0.00 T = 0.06
 <-- Site =   64 .. Mmps =   15 Ndav =   7 E =   -143.6410845103 Error = 2.50e-19 FLOPS = 8.34e+09 Tdav = 0.00 T = 0.06
 <-- Site =   63 .. Mmps =   15 Ndav =  13 E =   -143.6410855850 Error = 1.08e-19 FLOPS = 7.78e+09 Tdav = 0.00 T = 0.07
 <-- Site =   62 .. Mmps =   15 Ndav =  12 E =   -143.6410939957 Error = 2.29e-18 FLOPS = 7.88e+09 Tdav = 0.00 T = 0.06
 <-- Site =   61 .. Mmps =   15 Ndav =  12 E =   -143.6410966523 Error = 1.02e-19 FLOPS = 7.88e+09 Tdav = 0.00 T = 0.07
 <-- Site =   60 .. Mmps =   15 Ndav =  10 E =   -143.6410985884 Error = 1.91e-16 FLOPS = 8.17e+09 Tdav = 0.00 T = 0.06
 <-- Site =   59 .. Mmps =   15 Ndav =  12 E =   -143.6411044513 Error = 9.14e-20 FLOPS = 7.84e+09 Tdav = 0.00 T = 0.06
 <-- Site =   58 .. Mmps =   15 Ndav =  10 E =   -143.6411105649 Error = 1.57e-18 FLOPS = 8.16e+09 Tdav = 0.00 T = 0.05
 <-- Site =   57 .. Mmps =   15 Ndav =  12 E =   -143.6411176240 Error = 4.33e-19 FLOPS = 7.83e+09 Tdav = 0.00 T = 0.05
 <-- Site =   56 .. Mmps =   15 Ndav =  11 E =   -143.6411285655 Error = 5.02e-18 FLOPS = 7.97e+09 Tdav = 0.00 T = 0.06
 <-- Site =   55 .. Mmps =   15 Ndav =  12 E =   -143.6411326190 Error = 4.75e-20 FLOPS = 7.80e+09 Tdav = 0.00 T = 0.05
 <-- Site =   54 .. Mmps =   15 Ndav =  10 E =   -143.6411369791 Error = 2.22e-18 FLOPS = 8.06e+09 Tdav = 0.00 T = 0.05
 <-- Site =   53 .. Mmps =   15 Ndav =  14 E =   -143.6411419513 Error = 3.01e-19 FLOPS = 7.48e+09 Tdav = 0.00 T = 0.05
 <-- Site =   52 .. Mmps =   15 Ndav =  10 E =   -143.6411442440 Error = 1.08e-18 FLOPS = 8.09e+09 Tdav = 0.00 T = 0.05
 <-- Site =   51 .. Mmps =   15 Ndav =   8 E =   -143.6411445566 Error = 2.08e-19 FLOPS = 8.17e+09 Tdav = 0.00 T = 0.06
 <-- Site =   50 .. Mmps =   15 Ndav =   8 E =   -143.6411481034 Error = 8.44e-19 FLOPS = 8.17e+09 Tdav = 0.00 T = 0.05
 <-- Site =   49 .. Mmps =   15 Ndav =  10 E =   -143.6411488248 Error = 2.36e-19 FLOPS = 7.98e+09 Tdav = 0.00 T = 0.05
 <-- Site =   48 .. Mmps =   15 Ndav =   9 E =   -143.6411510102 Error = 4.60e-19 FLOPS = 8.13e+09 Tdav = 0.00 T = 0.05
 <-- Site =   47 .. Mmps =   15 Ndav =  11 E =   -143.6411540508 Error = 4.81e-19 FLOPS = 7.68e+09 Tdav = 0.00 T = 0.05
 <-- Site =   46 .. Mmps =   15 Ndav =   9 E =   -143.6411563050 Error = 3.26e-18 FLOPS = 8.03e+09 Tdav = 0.00 T = 0.05
 <-- Site =   45 .. Mmps =   15 Ndav =  11 E =   -143.6411596184 Error = 8.65e-20 FLOPS = 7.77e+09 Tdav = 0.00 T = 0.05
 <-- Site =   44 .. Mmps =   15 Ndav =  10 E =   -143.6411623151 Error = 1.04e-18 FLOPS = 7.85e+09 Tdav = 0.00 T = 0.05
 <-- Site =   43 .. Mmps =   15 Ndav =  11 E =   -143.6411639304 Error = 3.85e-19 FLOPS = 7.66e+09 Tdav = 0.00 T = 0.04
 <-- Site =   42 .. Mmps =   15 Ndav =  10 E =   -143.6411684508 Error = 1.10e-18 FLOPS = 7.79e+09 Tdav = 0.00 T = 0.04
 <-- Site =   41 .. Mmps =   15 Ndav =  10 E =   -143.6411688246 Error = 1.59e-19 FLOPS = 7.73e+09 Tdav = 0.00 T = 0.05
 <-- Site =   40 .. Mmps =   15 Ndav =   8 E =   -143.6411695411 Error = 4.74e-19 FLOPS = 7.76e+09 Tdav = 0.00 T = 0.05
 <-- Site =   39 .. Mmps =   15 Ndav =   8 E =   -143.6411713909 Error = 1.22e-18 FLOPS = 7.77e+09 Tdav = 0.00 T = 0.04
 <-- Site =   38 .. Mmps =   15 Ndav =   7 E =   -143.6411743027 Error = 3.03e-18 FLOPS = 7.73e+09 Tdav = 0.00 T = 0.04
 <-- Site =   37 .. Mmps =   15 Ndav =  13 E =   -143.6411764497 Error = 2.54e-19 FLOPS = 6.99e+09 Tdav = 0.00 T = 0.05
 <-- Site =   36 .. Mmps =   15 Ndav =  10 E =   -143.6411835878 Error = 2.73e-18 FLOPS = 7.42e+09 Tdav = 0.00 T = 0.04
 <-- Site =   35 .. Mmps =   15 Ndav =  10 E =   -143.6411844660 Error = 5.68e-20 FLOPS = 7.20e+09 Tdav = 0.00 T = 0.04
 <-- Site =   34 .. Mmps =   15 Ndav =   9 E =   -143.6411874160 Error = 4.68e-19 FLOPS = 7.41e+09 Tdav = 0.00 T = 0.04
 <-- Site =   33 .. Mmps =   15 Ndav =  11 E =   -143.6411889664 Error = 7.30e-19 FLOPS = 7.07e+09 Tdav = 0.00 T = 0.04
 <-- Site =   32 .. Mmps =   15 Ndav =  10 E =   -143.6411951793 Error = 1.64e-17 FLOPS = 7.11e+09 Tdav = 0.00 T = 0.04
 <-- Site =   31 .. Mmps =   15 Ndav =  11 E =   -143.6411963980 Error = 5.52e-19 FLOPS = 6.88e+09 Tdav = 0.00 T = 0.04
 <-- Site =   30 .. Mmps =   15 Ndav =  10 E =   -143.6412002156 Error = 3.31e-18 FLOPS = 6.95e+09 Tdav = 0.00 T = 0.04
 <-- Site =   29 .. Mmps =   15 Ndav =  11 E =   -143.6412013522 Error = 4.21e-19 FLOPS = 6.69e+09 Tdav = 0.00 T = 0.04
 <-- Site =   28 .. Mmps =   15 Ndav =  10 E =   -143.6412027512 Error = 3.10e-18 FLOPS = 6.68e+09 Tdav = 0.00 T = 0.04
 <-- Site =   27 .. Mmps =   15 Ndav =  10 E =   -143.6412031738 Error = 3.10e-20 FLOPS = 6.70e+09 Tdav = 0.00 T = 0.04
 <-- Site =   26 .. Mmps =   15 Ndav =   8 E =   -143.6412035480 Error = 1.46e-16 FLOPS = 6.92e+09 Tdav = 0.00 T = 0.04
 <-- Site =   25 .. Mmps =   15 Ndav =   7 E =   -143.6412035710 Error = 1.36e-19 FLOPS = 6.69e+09 Tdav = 0.00 T = 0.04
 <-- Site =   24 .. Mmps =   15 Ndav =   7 E =   -143.6412037466 Error = 3.07e-19 FLOPS = 6.71e+09 Tdav = 0.00 T = 0.03
 <-- Site =   23 .. Mmps =   15 Ndav =   7 E =   -143.6412046861 Error = 1.18e-19 FLOPS = 6.56e+09 Tdav = 0.00 T = 0.03
 <-- Site =   22 .. Mmps =   15 Ndav =   8 E =   -143.6412084962 Error = 4.21e-19 FLOPS = 6.42e+09 Tdav = 0.00 T = 0.03
 <-- Site =   21 .. Mmps =   15 Ndav =   6 E =   -143.6412086694 Error = 1.74e-19 FLOPS = 6.42e+09 Tdav = 0.00 T = 0.03
 <-- Site =   20 .. Mmps =   15 Ndav =   7 E =   -143.6412090184 Error = 9.41e-20 FLOPS = 6.27e+09 Tdav = 0.00 T = 0.03
 <-- Site =   19 .. Mmps =   15 Ndav =   7 E =   -143.6412093903 Error = 1.50e-19 FLOPS = 6.23e+09 Tdav = 0.00 T = 0.03
 <-- Site =   18 .. Mmps =   15 Ndav =   7 E =   -143.6412099309 Error = 4.84e-19 FLOPS = 6.09e+09 Tdav = 0.00 T = 0.03
 <-- Site =   17 .. Mmps =   15 Ndav =   9 E =   -143.6412106242 Error = 7.52e-20 FLOPS = 5.78e+09 Tdav = 0.00 T = 0.03
 <-- Site =   16 .. Mmps =   15 Ndav =   7 E =   -143.6412112745 Error = 1.18e-19 FLOPS = 5.88e+09 Tdav = 0.00 T = 0.03
 <-- Site =   15 .. Mmps =   15 Ndav =   8 E =   -143.6412118503 Error = 7.47e-20 FLOPS = 5.56e+09 Tdav = 0.00 T = 0.03
 <-- Site =   14 .. Mmps =   15 Ndav =   7 E =   -143.6412120979 Error = 3.70e-19 FLOPS = 5.50e+09 Tdav = 0.00 T = 0.03
 <-- Site =   13 .. Mmps =   15 Ndav =   8 E =   -143.6412121296 Error = 3.90e-20 FLOPS = 5.25e+09 Tdav = 0.00 T = 0.03
 <-- Site =   12 .. Mmps =   15 Ndav =   6 E =   -143.6412121953 Error = 6.74e-17 FLOPS = 5.21e+09 Tdav = 0.00 T = 0.03
 <-- Site =   11 .. Mmps =   15 Ndav =  11 E =   -143.6412126667 Error = 5.98e-19 FLOPS = 4.49e+09 Tdav = 0.00 T = 0.03
 <-- Site =   10 .. Mmps =   15 Ndav =   7 E =   -143.6412133455 Error = 1.39e-17 FLOPS = 4.82e+09 Tdav = 0.00 T = 0.03
 <-- Site =    9 .. Mmps =   15 Ndav =  10 E =   -143.6412136082 Error = 4.66e-19 FLOPS = 4.29e+09 Tdav = 0.00 T = 0.04
 <-- Site =    8 .. Mmps =   15 Ndav =   8 E =   -143.6412138295 Error = 4.76e-18 FLOPS = 4.23e+09 Tdav = 0.00 T = 0.03
 <-- Site =    7 .. Mmps =   15 Ndav =   8 E =   -143.6412139987 Error = 6.03e-19 FLOPS = 3.91e+09 Tdav = 0.00 T = 0.03
 <-- Site =    6 .. Mmps =   15 Ndav =   8 E =   -143.6412141562 Error = 2.73e-18 FLOPS = 3.72e+09 Tdav = 0.00 T = 0.03
 <-- Site =    5 .. Mmps =   15 Ndav =   9 E =   -143.6412142378 Error = 3.44e-19 FLOPS = 3.35e+09 Tdav = 0.00 T = 0.03
 <-- Site =    4 .. Mmps =   15 Ndav =   6 E =   -143.6412142502 Error = 4.50e-19 FLOPS = 3.26e+09 Tdav = 0.00 T = 0.03
 <-- Site =    3 .. Mmps =   15 Ndav =   2 E =   -143.6412142502 Error = 1.95e-24 FLOPS = 9.29e+08 Tdav = 0.00 T = 0.02
 <-- Site =    2 .. Mmps =   15 Ndav =   1 E =   -143.6412142502 Error = 0.00e+00 FLOPS = 2.66e+08 Tdav = 0.00 T = 0.03
 <-- Site =    1 .. Mmps =   15 Ndav =   1 E =   -143.6412142502 Error = 2.91e-80 FLOPS = 1.15e+08 Tdav = 0.00 T = 0.03
 <-- Site =    0 .. Mmps =   15 Ndav =   1 E =   -143.6412142502 Error = 0.00e+00 FLOPS = 4.25e+07 Tdav = 0.00 T = 0.03
Time elapsed =   2482.965 | E =    -143.6412142502 | DE = -3.46e-04 | DW = 2.15399e-16
Time sweep =        7.470 | 1.17 GFLOP/SWP
 | Dmem = 104 KB (3%) | Imem = 232 B (79%) | Hmem = 494 KB | Wmem = 3.52 KB | Pmem = 3.52 KB
 | Tread = 0.160 | Twrite = 0.829 | Tfpread = 0.028 | Tfpwrite = 0.017 | Tmporead = 0.000 | Tasync = 0.000
 | data = 11.2 MB | cpsd = 7.68 MB
 | Trot = 0.024 | Tctr = 0.419 | Tint = 0.020 | Tmid = 0.000 | Tdctr = 0.005 | Tdiag = 0.016 | Tinfo = 0.189
 | Teff = 2.038 | Tprt = 0.119 | Teig = 0.170 | Tblk = 5.399 | Tmve = 2.063 | Tdm = 0.002 | Tsplt = 0.018 | Tsvd = 0.000 | Torth = 0.000

Sweep =    3 | Direction =  forward | Bond dimension =   15 | Noise =  1.00e-04 | Dav threshold =  1.00e-10
 --> Site =    0 .. Mmps =    2 Ndav =   1 E =   -143.6412142502 Error = 0.00e+00 FLOPS = 5.26e+07 Tdav = 0.00 T = 0.02
 --> Site =    1 .. Mmps =    4 Ndav =   1 E =   -143.6412142502 Error = 0.00e+00 FLOPS = 1.11e+08 Tdav = 0.00 T = 0.03
 --> Site =    2 .. Mmps =    8 Ndav =   1 E =   -143.6412142502 Error = 0.00e+00 FLOPS = 2.15e+08 Tdav = 0.00 T = 0.03
 --> Site =    3 .. Mmps =   15 Ndav =   1 E =   -143.6412142502 Error = 4.14e-24 FLOPS = 6.02e+08 Tdav = 0.00 T = 0.03
 --> Site =    4 .. Mmps =   15 Ndav =   1 E =   -143.6412142502 Error = 3.69e-21 FLOPS = 1.24e+09 Tdav = 0.00 T = 0.02
 --> Site =    5 .. Mmps =   15 Ndav =   2 E =   -143.6412142502 Error = 1.04e-19 FLOPS = 2.35e+09 Tdav = 0.00 T = 0.03
 --> Site =    6 .. Mmps =   15 Ndav =   3 E =   -143.6412142506 Error = 1.54e-20 FLOPS = 3.00e+09 Tdav = 0.00 T = 0.02
 --> Site =    7 .. Mmps =   15 Ndav =   4 E =   -143.6412142536 Error = 2.33e-19 FLOPS = 3.62e+09 Tdav = 0.00 T = 0.03
 --> Site =    8 .. Mmps =   15 Ndav =   8 E =   -143.6412142893 Error = 4.04e-20 FLOPS = 4.19e+09 Tdav = 0.00 T = 0.03
 --> Site =    9 .. Mmps =   15 Ndav =   5 E =   -143.6412142966 Error = 1.18e-18 FLOPS = 4.20e+09 Tdav = 0.00 T = 0.03
 --> Site =   10 .. Mmps =   15 Ndav =   6 E =   -143.6412143462 Error = 1.58e-19 FLOPS = 4.63e+09 Tdav = 0.00 T = 0.03
 --> Site =   11 .. Mmps =   15 Ndav =   9 E =   -143.6412143778 Error = 1.71e-19 FLOPS = 4.69e+09 Tdav = 0.00 T = 0.03
 --> Site =   12 .. Mmps =   15 Ndav =   6 E =   -143.6412144448 Error = 8.85e-19 FLOPS = 5.04e+09 Tdav = 0.00 T = 0.03
 --> Site =   13 .. Mmps =   15 Ndav =   3 E =   -143.6412144461 Error = 8.21e-19 FLOPS = 4.21e+09 Tdav = 0.00 T = 0.03
 --> Site =   14 .. Mmps =   15 Ndav =   6 E =   -143.6412145933 Error = 1.41e-18 FLOPS = 5.05e+09 Tdav = 0.00 T = 0.03
 --> Site =   15 .. Mmps =   15 Ndav =   6 E =   -143.6412146442 Error = 1.14e-18 FLOPS = 5.44e+09 Tdav = 0.00 T = 0.03
 --> Site =   16 .. Mmps =   15 Ndav =   8 E =   -143.6412155611 Error = 5.27e-19 FLOPS = 5.56e+09 Tdav = 0.00 T = 0.03
 --> Site =   17 .. Mmps =   15 Ndav =   5 E =   -143.6412156143 Error = 4.89e-19 FLOPS = 5.53e+09 Tdav = 0.00 T = 0.03
 --> Site =   18 .. Mmps =   15 Ndav =   7 E =   -143.6412158067 Error = 8.71e-19 FLOPS = 5.71e+09 Tdav = 0.00 T = 0.04
 --> Site =   19 .. Mmps =   15 Ndav =   5 E =   -143.6412158557 Error = 1.40e-18 FLOPS = 5.85e+09 Tdav = 0.00 T = 0.05
 --> Site =   20 .. Mmps =   15 Ndav =   8 E =   -143.6412160499 Error = 9.01e-19 FLOPS = 6.03e+09 Tdav = 0.00 T = 0.04
 --> Site =   21 .. Mmps =   15 Ndav =   5 E =   -143.6412160849 Error = 2.96e-19 FLOPS = 6.12e+09 Tdav = 0.00 T = 0.03
 --> Site =   22 .. Mmps =   15 Ndav =   6 E =   -143.6412161594 Error = 4.30e-19 FLOPS = 6.38e+09 Tdav = 0.00 T = 0.03
 --> Site =   23 .. Mmps =   15 Ndav =   9 E =   -143.6412168622 Error = 1.99e-19 FLOPS = 6.43e+09 Tdav = 0.00 T = 0.03
 --> Site =   24 .. Mmps =   15 Ndav =  10 E =   -143.6412209333 Error = 1.29e-18 FLOPS = 6.38e+09 Tdav = 0.00 T = 0.03
 --> Site =   25 .. Mmps =   15 Ndav =   4 E =   -143.6412209371 Error = 3.22e-19 FLOPS = 6.18e+09 Tdav = 0.00 T = 0.03
 --> Site =   26 .. Mmps =   15 Ndav =   5 E =   -143.6412209812 Error = 8.16e-19 FLOPS = 6.75e+09 Tdav = 0.00 T = 0.03
 --> Site =   27 .. Mmps =   15 Ndav =   8 E =   -143.6412210678 Error = 1.65e-18 FLOPS = 6.80e+09 Tdav = 0.00 T = 0.03
 --> Site =   28 .. Mmps =   15 Ndav =   8 E =   -143.6412216047 Error = 4.60e-19 FLOPS = 6.93e+09 Tdav = 0.00 T = 0.04
 --> Site =   29 .. Mmps =   15 Ndav =  12 E =   -143.6412223020 Error = 3.65e-19 FLOPS = 6.53e+09 Tdav = 0.00 T = 0.04
 --> Site =   30 .. Mmps =   15 Ndav =   6 E =   -143.6412225248 Error = 5.47e-19 FLOPS = 7.05e+09 Tdav = 0.00 T = 0.03
 --> Site =   31 .. Mmps =   15 Ndav =  11 E =   -143.6412232077 Error = 2.65e-19 FLOPS = 6.90e+09 Tdav = 0.00 T = 0.04
 --> Site =   32 .. Mmps =   15 Ndav =   7 E =   -143.6412236263 Error = 8.14e-18 FLOPS = 7.35e+09 Tdav = 0.00 T = 0.04
 --> Site =   33 .. Mmps =   15 Ndav =  11 E =   -143.6412241972 Error = 3.77e-19 FLOPS = 7.00e+09 Tdav = 0.00 T = 0.05
 --> Site =   34 .. Mmps =   15 Ndav =   8 E =   -143.6412266015 Error = 2.89e-18 FLOPS = 7.46e+09 Tdav = 0.00 T = 0.05
 --> Site =   35 .. Mmps =   15 Ndav =   9 E =   -143.6412268785 Error = 3.93e-19 FLOPS = 7.43e+09 Tdav = 0.00 T = 0.04
 --> Site =   36 .. Mmps =   15 Ndav =   8 E =   -143.6412277915 Error = 5.07e-19 FLOPS = 7.58e+09 Tdav = 0.00 T = 0.05
 --> Site =   37 .. Mmps =   15 Ndav =  15 E =   -143.6412319919 Error = 2.39e-19 FLOPS = 6.57e+09 Tdav = 0.00 T = 0.05
 --> Site =   38 .. Mmps =   15 Ndav =   8 E =   -143.6412330145 Error = 8.13e-18 FLOPS = 7.67e+09 Tdav = 0.00 T = 0.04
 --> Site =   39 .. Mmps =   15 Ndav =   6 E =   -143.6412331594 Error = 1.87e-18 FLOPS = 7.69e+09 Tdav = 0.00 T = 0.04
 --> Site =   40 .. Mmps =   15 Ndav =   7 E =   -143.6412345458 Error = 8.30e-19 FLOPS = 7.75e+09 Tdav = 0.00 T = 0.05
 --> Site =   41 .. Mmps =   15 Ndav =   9 E =   -143.6412347234 Error = 7.68e-19 FLOPS = 7.85e+09 Tdav = 0.00 T = 0.05
 --> Site =   42 .. Mmps =   15 Ndav =   8 E =   -143.6412360854 Error = 4.43e-19 FLOPS = 7.88e+09 Tdav = 0.00 T = 0.04
 --> Site =   43 .. Mmps =   15 Ndav =   8 E =   -143.6412367065 Error = 1.95e-18 FLOPS = 7.97e+09 Tdav = 0.00 T = 0.04
 --> Site =   44 .. Mmps =   15 Ndav =  10 E =   -143.6412397887 Error = 1.05e-18 FLOPS = 7.81e+09 Tdav = 0.00 T = 0.04
 --> Site =   45 .. Mmps =   15 Ndav =   8 E =   -143.6412416511 Error = 1.08e-18 FLOPS = 7.96e+09 Tdav = 0.00 T = 0.04
 --> Site =   46 .. Mmps =   15 Ndav =   9 E =   -143.6412455388 Error = 6.01e-19 FLOPS = 7.94e+09 Tdav = 0.00 T = 0.08
 --> Site =   47 .. Mmps =   15 Ndav =  10 E =   -143.6412461304 Error = 8.36e-19 FLOPS = 7.80e+09 Tdav = 0.00 T = 0.05
 --> Site =   48 .. Mmps =   15 Ndav =   9 E =   -143.6412487128 Error = 8.61e-19 FLOPS = 7.98e+09 Tdav = 0.00 T = 0.05
 --> Site =   49 .. Mmps =   15 Ndav =  10 E =   -143.6412491622 Error = 1.34e-18 FLOPS = 8.00e+09 Tdav = 0.00 T = 0.06
 --> Site =   50 .. Mmps =   15 Ndav =   7 E =   -143.6412496264 Error = 5.27e-19 FLOPS = 8.09e+09 Tdav = 0.00 T = 0.05
 --> Site =   51 .. Mmps =   15 Ndav =   8 E =   -143.6412497716 Error = 2.05e-19 FLOPS = 8.12e+09 Tdav = 0.00 T = 0.05
 --> Site =   52 .. Mmps =   15 Ndav =   7 E =   -143.6412499761 Error = 1.92e-19 FLOPS = 8.29e+09 Tdav = 0.00 T = 0.05
 --> Site =   53 .. Mmps =   15 Ndav =   8 E =   -143.6412502175 Error = 5.79e-19 FLOPS = 8.22e+09 Tdav = 0.00 T = 0.04
 --> Site =   54 .. Mmps =   15 Ndav =  10 E =   -143.6412518434 Error = 1.45e-18 FLOPS = 8.10e+09 Tdav = 0.00 T = 0.05
 --> Site =   55 .. Mmps =   15 Ndav =  11 E =   -143.6412522291 Error = 8.52e-19 FLOPS = 7.98e+09 Tdav = 0.00 T = 0.05
 --> Site =   56 .. Mmps =   15 Ndav =   9 E =   -143.6412540046 Error = 9.31e-18 FLOPS = 8.10e+09 Tdav = 0.00 T = 0.05
 --> Site =   57 .. Mmps =   15 Ndav =   8 E =   -143.6412549679 Error = 9.48e-19 FLOPS = 8.30e+09 Tdav = 0.00 T = 0.05
 --> Site =   58 .. Mmps =   15 Ndav =   9 E =   -143.6412602672 Error = 1.39e-17 FLOPS = 8.17e+09 Tdav = 0.00 T = 0.06
 --> Site =   59 .. Mmps =   15 Ndav =  11 E =   -143.6412605034 Error = 3.23e-19 FLOPS = 8.02e+09 Tdav = 0.00 T = 0.05
 --> Site =   60 .. Mmps =   15 Ndav =   9 E =   -143.6412635575 Error = 3.19e-19 FLOPS = 8.23e+09 Tdav = 0.00 T = 0.05
 --> Site =   61 .. Mmps =   15 Ndav =   6 E =   -143.6412638900 Error = 3.70e-19 FLOPS = 8.20e+09 Tdav = 0.00 T = 0.06
 --> Site =   62 .. Mmps =   15 Ndav =   8 E =   -143.6412648750 Error = 9.98e-19 FLOPS = 8.21e+09 Tdav = 0.00 T = 0.05
 --> Site =   63 .. Mmps =   15 Ndav =  12 E =   -143.6412654981 Error = 5.73e-19 FLOPS = 7.80e+09 Tdav = 0.00 T = 0.05
 --> Site =   64 .. Mmps =   15 Ndav =   9 E =   -143.6412668292 Error = 3.25e-19 FLOPS = 8.34e+09 Tdav = 0.00 T = 0.05
 --> Site =   65 .. Mmps =   15 Ndav =   8 E =   -143.6412673084 Error = 4.64e-19 FLOPS = 8.39e+09 Tdav = 0.00 T = 0.05
 --> Site =   66 .. Mmps =   15 Ndav =   8 E =   -143.6412678688 Error = 1.02e-18 FLOPS = 8.41e+09 Tdav = 0.00 T = 0.05
 --> Site =   67 .. Mmps =   15 Ndav =   9 E =   -143.6412679136 Error = 2.63e-19 FLOPS = 8.19e+09 Tdav = 0.00 T = 0.05
 --> Site =   68 .. Mmps =   15 Ndav =   8 E =   -143.6412688007 Error = 1.62e-18 FLOPS = 8.38e+09 Tdav = 0.00 T = 0.05
 --> Site =   69 .. Mmps =   15 Ndav =  10 E =   -143.6412695123 Error = 7.81e-19 FLOPS = 8.22e+09 Tdav = 0.00 T = 0.06
 --> Site =   70 .. Mmps =   15 Ndav =   8 E =   -143.6412698295 Error = 4.11e-19 FLOPS = 8.34e+09 Tdav = 0.00 T = 0.05
 --> Site =   71 .. Mmps =   15 Ndav =   7 E =   -143.6412701994 Error = 9.27e-19 FLOPS = 8.42e+09 Tdav = 0.00 T = 0.05
 --> Site =   72 .. Mmps =   15 Ndav =   8 E =   -143.6412708678 Error = 8.41e-19 FLOPS = 8.43e+09 Tdav = 0.00 T = 0.05
 --> Site =   73 .. Mmps =   15 Ndav =   9 E =   -143.6412719685 Error = 2.46e-19 FLOPS = 8.39e+09 Tdav = 0.00 T = 0.05
 --> Site =   74 .. Mmps =   15 Ndav =  10 E =   -143.6412766172 Error = 3.88e-19 FLOPS = 8.16e+09 Tdav = 0.00 T = 0.05
 --> Site =   75 .. Mmps =   15 Ndav =   9 E =   -143.6412766743 Error = 1.12e-18 FLOPS = 8.31e+09 Tdav = 0.00 T = 0.05
 --> Site =   76 .. Mmps =   15 Ndav =   7 E =   -143.6412768660 Error = 4.11e-19 FLOPS = 8.51e+09 Tdav = 0.00 T = 0.05
 --> Site =   77 .. Mmps =   15 Ndav =  10 E =   -143.6412770386 Error = 5.20e-19 FLOPS = 8.29e+09 Tdav = 0.00 T = 0.05
 --> Site =   78 .. Mmps =   15 Ndav =   7 E =   -143.6412772513 Error = 1.27e-19 FLOPS = 8.52e+09 Tdav = 0.00 T = 0.05
 --> Site =   79 .. Mmps =   15 Ndav =   9 E =   -143.6412782945 Error = 1.57e-19 FLOPS = 8.31e+09 Tdav = 0.00 T = 0.05
 --> Site =   80 .. Mmps =   15 Ndav =   9 E =   -143.6412788842 Error = 4.52e-19 FLOPS = 8.26e+09 Tdav = 0.00 T = 0.05
 --> Site =   81 .. Mmps =   15 Ndav =  10 E =   -143.6412790940 Error = 5.91e-19 FLOPS = 8.18e+09 Tdav = 0.00 T = 0.06
 --> Site =   82 .. Mmps =   15 Ndav =   8 E =   -143.6412798333 Error = 2.18e-18 FLOPS = 8.32e+09 Tdav = 0.00 T = 0.05
 --> Site =   83 .. Mmps =   15 Ndav =   9 E =   -143.6412800672 Error = 9.76e-19 FLOPS = 8.31e+09 Tdav = 0.00 T = 0.05
 --> Site =   84 .. Mmps =   15 Ndav =   8 E =   -143.6412806311 Error = 3.20e-19 FLOPS = 8.42e+09 Tdav = 0.00 T = 0.05
 --> Site =   85 .. Mmps =   15 Ndav =  12 E =   -143.6412816175 Error = 6.16e-19 FLOPS = 7.95e+09 Tdav = 0.00 T = 0.05
 --> Site =   86 .. Mmps =   15 Ndav =   9 E =   -143.6412872654 Error = 4.06e-19 FLOPS = 8.31e+09 Tdav = 0.00 T = 0.05
 --> Site =   87 .. Mmps =   15 Ndav =   8 E =   -143.6412874722 Error = 3.92e-19 FLOPS = 8.37e+09 Tdav = 0.00 T = 0.06
 --> Site =   88 .. Mmps =   15 Ndav =   9 E =   -143.6412926353 Error = 3.31e-19 FLOPS = 8.37e+09 Tdav = 0.00 T = 0.05
 --> Site =   89 .. Mmps =   15 Ndav =  14 E =   -143.6412959340 Error = 4.06e-19 FLOPS = 7.67e+09 Tdav = 0.00 T = 0.05
 --> Site =   90 .. Mmps =   15 Ndav =   9 E =   -143.6412979957 Error = 1.57e-18 FLOPS = 8.40e+09 Tdav = 0.00 T = 0.05
 --> Site =   91 .. Mmps =   15 Ndav =   8 E =   -143.6412983065 Error = 3.66e-20 FLOPS = 8.42e+09 Tdav = 0.00 T = 0.06
 --> Site =   92 .. Mmps =   15 Ndav =   7 E =   -143.6412988162 Error = 6.93e-19 FLOPS = 8.47e+09 Tdav = 0.00 T = 0.05
 --> Site =   93 .. Mmps =   15 Ndav =   9 E =   -143.6412994024 Error = 1.93e-19 FLOPS = 8.40e+09 Tdav = 0.00 T = 0.05
 --> Site =   94 .. Mmps =   15 Ndav =   9 E =   -143.6413004349 Error = 4.44e-19 FLOPS = 8.24e+09 Tdav = 0.00 T = 0.05
 --> Site =   95 .. Mmps =   15 Ndav =  10 E =   -143.6413008268 Error = 5.95e-19 FLOPS = 8.26e+09 Tdav = 0.00 T = 0.05
 --> Site =   96 .. Mmps =   15 Ndav =   8 E =   -143.6413010876 Error = 9.39e-19 FLOPS = 8.40e+09 Tdav = 0.00 T = 0.05
 --> Site =   97 .. Mmps =   15 Ndav =   7 E =   -143.6413015804 Error = 7.42e-19 FLOPS = 8.31e+09 Tdav = 0.00 T = 0.05
 --> Site =   98 .. Mmps =   15 Ndav =   9 E =   -143.6413022637 Error = 8.26e-19 FLOPS = 8.39e+09 Tdav = 0.00 T = 0.05
 --> Site =   99 .. Mmps =   15 Ndav =   7 E =   -143.6413036122 Error = 3.31e-19 FLOPS = 8.36e+09 Tdav = 0.00 T = 0.05
 --> Site =  100 .. Mmps =   15 Ndav =  11 E =   -143.6413119045 Error = 1.11e-18 FLOPS = 8.16e+09 Tdav = 0.00 T = 0.05
 --> Site =  101 .. Mmps =   15 Ndav =   9 E =   -143.6413120203 Error = 2.20e-19 FLOPS = 8.35e+09 Tdav = 0.00 T = 0.05
 --> Site =  102 .. Mmps =   15 Ndav =   7 E =   -143.6413127848 Error = 1.26e-18 FLOPS = 8.37e+09 Tdav = 0.00 T = 0.05
 --> Site =  103 .. Mmps =   15 Ndav =  11 E =   -143.6413138840 Error = 8.51e-19 FLOPS = 8.07e+09 Tdav = 0.00 T = 0.05
 --> Site =  104 .. Mmps =   15 Ndav =   7 E =   -143.6413141702 Error = 4.06e-19 FLOPS = 8.44e+09 Tdav = 0.00 T = 0.05
 --> Site =  105 .. Mmps =   15 Ndav =   8 E =   -143.6413150000 Error = 4.65e-19 FLOPS = 8.36e+09 Tdav = 0.00 T = 0.05
 --> Site =  106 .. Mmps =   15 Ndav =   9 E =   -143.6413157280 Error = 1.94e-18 FLOPS = 8.17e+09 Tdav = 0.00 T = 0.06
 --> Site =  107 .. Mmps =   15 Ndav =  11 E =   -143.6413162267 Error = 4.79e-20 FLOPS = 8.06e+09 Tdav = 0.00 T = 0.05
 --> Site =  108 .. Mmps =   15 Ndav =   8 E =   -143.6413173621 Error = 8.34e-18 FLOPS = 8.19e+09 Tdav = 0.00 T = 0.05
 --> Site =  109 .. Mmps =   15 Ndav =  11 E =   -143.6413201607 Error = 3.66e-19 FLOPS = 8.01e+09 Tdav = 0.00 T = 0.06
 --> Site =  110 .. Mmps =   15 Ndav =   9 E =   -143.6413234960 Error = 5.03e-19 FLOPS = 8.13e+09 Tdav = 0.00 T = 0.07
 --> Site =  111 .. Mmps =   15 Ndav =  12 E =   -143.6413267057 Error = 9.42e-19 FLOPS = 7.79e+09 Tdav = 0.00 T = 0.06
 --> Site =  112 .. Mmps =   15 Ndav =   9 E =   -143.6413313935 Error = 5.89e-19 FLOPS = 8.16e+09 Tdav = 0.00 T = 0.06
 --> Site =  113 .. Mmps =   15 Ndav =   9 E =   -143.6413323696 Error = 1.16e-18 FLOPS = 8.17e+09 Tdav = 0.00 T = 0.05
 --> Site =  114 .. Mmps =   15 Ndav =   9 E =   -143.6413366384 Error = 3.23e-19 FLOPS = 8.15e+09 Tdav = 0.00 T = 0.06
 --> Site =  115 .. Mmps =   15 Ndav =  14 E =   -143.6413428486 Error = 2.69e-19 FLOPS = 7.35e+09 Tdav = 0.00 T = 0.05
 --> Site =  116 .. Mmps =   15 Ndav =   8 E =   -143.6413438083 Error = 1.90e-18 FLOPS = 8.18e+09 Tdav = 0.00 T = 0.05
 --> Site =  117 .. Mmps =   15 Ndav =   8 E =   -143.6413439182 Error = 9.80e-19 FLOPS = 8.17e+09 Tdav = 0.00 T = 0.05
 --> Site =  118 .. Mmps =   15 Ndav =   7 E =   -143.6413441408 Error = 5.01e-19 FLOPS = 7.94e+09 Tdav = 0.00 T = 0.06
 --> Site =  119 .. Mmps =   15 Ndav =   9 E =   -143.6413443978 Error = 5.64e-19 FLOPS = 8.02e+09 Tdav = 0.00 T = 0.06
 --> Site =  120 .. Mmps =   15 Ndav =   8 E =   -143.6413452102 Error = 1.26e-18 FLOPS = 8.06e+09 Tdav = 0.00 T = 0.06
 --> Site =  121 .. Mmps =   15 Ndav =   9 E =   -143.6413453943 Error = 9.63e-19 FLOPS = 7.95e+09 Tdav = 0.00 T = 0.05
 --> Site =  122 .. Mmps =   15 Ndav =   8 E =   -143.6413455729 Error = 8.58e-20 FLOPS = 8.08e+09 Tdav = 0.00 T = 0.05
 --> Site =  123 .. Mmps =   15 Ndav =   8 E =   -143.6413456965 Error = 1.17e-18 FLOPS = 7.90e+09 Tdav = 0.00 T = 0.05
 --> Site =  124 .. Mmps =   15 Ndav =  10 E =   -143.6413478687 Error = 5.16e-19 FLOPS = 7.80e+09 Tdav = 0.00 T = 0.05
 --> Site =  125 .. Mmps =   15 Ndav =   8 E =   -143.6413481298 Error = 8.23e-19 FLOPS = 7.93e+09 Tdav = 0.00 T = 0.05
 --> Site =  126 .. Mmps =   15 Ndav =   9 E =   -143.6413485010 Error = 6.30e-19 FLOPS = 7.84e+09 Tdav = 0.00 T = 0.05
 --> Site =  127 .. Mmps =   15 Ndav =   7 E =   -143.6413485958 Error = 7.58e-19 FLOPS = 7.81e+09 Tdav = 0.00 T = 0.07
 --> Site =  128 .. Mmps =   15 Ndav =   7 E =   -143.6413488442 Error = 5.10e-19 FLOPS = 7.78e+09 Tdav = 0.00 T = 0.05
 --> Site =  129 .. Mmps =   15 Ndav =  10 E =   -143.6413513210 Error = 1.82e-18 FLOPS = 7.51e+09 Tdav = 0.00 T = 0.05
 --> Site =  130 .. Mmps =   15 Ndav =   9 E =   -143.6413537535 Error = 1.83e-18 FLOPS = 7.51e+09 Tdav = 0.00 T = 0.07
 --> Site =  131 .. Mmps =   15 Ndav =   8 E =   -143.6413546878 Error = 6.30e-19 FLOPS = 7.56e+09 Tdav = 0.00 T = 0.05
 --> Site =  132 .. Mmps =   15 Ndav =  10 E =   -143.6413584967 Error = 2.61e-19 FLOPS = 7.36e+09 Tdav = 0.00 T = 0.04
 --> Site =  133 .. Mmps =   15 Ndav =  11 E =   -143.6413592784 Error = 4.37e-19 FLOPS = 7.11e+09 Tdav = 0.00 T = 0.07
 --> Site =  134 .. Mmps =   15 Ndav =  10 E =   -143.6413645599 Error = 2.54e-18 FLOPS = 7.18e+09 Tdav = 0.00 T = 0.05
 --> Site =  135 .. Mmps =   15 Ndav =  11 E =   -143.6413649781 Error = 4.52e-19 FLOPS = 6.94e+09 Tdav = 0.00 T = 0.04
 --> Site =  136 .. Mmps =   15 Ndav =  12 E =   -143.6413806434 Error = 9.19e-18 FLOPS = 6.54e+09 Tdav = 0.00 T = 0.04
 --> Site =  137 .. Mmps =   15 Ndav =  10 E =   -143.6413812116 Error = 5.54e-19 FLOPS = 6.92e+09 Tdav = 0.00 T = 0.06
 --> Site =  138 .. Mmps =   15 Ndav =  10 E =   -143.6413845543 Error = 5.80e-18 FLOPS = 6.76e+09 Tdav = 0.00 T = 0.04
 --> Site =  139 .. Mmps =   15 Ndav =   7 E =   -143.6413847431 Error = 5.66e-19 FLOPS = 6.96e+09 Tdav = 0.00 T = 0.04
 --> Site =  140 .. Mmps =   15 Ndav =   9 E =   -143.6413862404 Error = 2.93e-19 FLOPS = 6.83e+09 Tdav = 0.00 T = 0.05
 --> Site =  141 .. Mmps =   15 Ndav =   8 E =   -143.6413865835 Error = 1.77e-19 FLOPS = 6.71e+09 Tdav = 0.00 T = 0.04
 --> Site =  142 .. Mmps =   15 Ndav =  11 E =   -143.6413968079 Error = 9.51e-19 FLOPS = 6.30e+09 Tdav = 0.00 T = 0.04
 --> Site =  143 .. Mmps =   15 Ndav =   4 E =   -143.6413968122 Error = 3.06e-19 FLOPS = 6.28e+09 Tdav = 0.00 T = 0.03
 --> Site =  144 .. Mmps =   15 Ndav =   7 E =   -143.6413968490 Error = 1.41e-18 FLOPS = 6.54e+09 Tdav = 0.00 T = 0.04
 --> Site =  145 .. Mmps =   15 Ndav =   8 E =   -143.6413968666 Error = 8.29e-19 FLOPS = 6.38e+09 Tdav = 0.00 T = 0.06
 --> Site =  146 .. Mmps =   15 Ndav =   4 E =   -143.6413968697 Error = 3.67e-19 FLOPS = 5.86e+09 Tdav = 0.00 T = 0.04
 --> Site =  147 .. Mmps =   15 Ndav =   7 E =   -143.6413968864 Error = 2.46e-19 FLOPS = 6.26e+09 Tdav = 0.00 T = 0.04
 --> Site =  148 .. Mmps =   15 Ndav =   7 E =   -143.6413969220 Error = 2.26e-19 FLOPS = 6.09e+09 Tdav = 0.00 T = 0.06
 --> Site =  149 .. Mmps =   15 Ndav =   8 E =   -143.6413969428 Error = 5.04e-19 FLOPS = 5.76e+09 Tdav = 0.00 T = 0.04
 --> Site =  150 .. Mmps =   15 Ndav =   7 E =   -143.6413969627 Error = 8.38e-19 FLOPS = 5.71e+09 Tdav = 0.00 T = 0.03
 --> Site =  151 .. Mmps =   15 Ndav =   9 E =   -143.6413970100 Error = 1.93e-19 FLOPS = 5.62e+09 Tdav = 0.00 T = 0.03
 --> Site =  152 .. Mmps =   15 Ndav =   6 E =   -143.6413970366 Error = 7.50e-19 FLOPS = 5.44e+09 Tdav = 0.00 T = 0.06
 --> Site =  153 .. Mmps =   15 Ndav =   9 E =   -143.6413970519 Error = 7.25e-19 FLOPS = 5.10e+09 Tdav = 0.00 T = 0.04
 --> Site =  154 .. Mmps =   15 Ndav =   6 E =   -143.6413970740 Error = 6.32e-19 FLOPS = 5.12e+09 Tdav = 0.00 T = 0.04
 --> Site =  155 .. Mmps =   15 Ndav =   7 E =   -143.6413970966 Error = 1.05e-18 FLOPS = 5.00e+09 Tdav = 0.00 T = 0.03
 --> Site =  156 .. Mmps =   15 Ndav =   5 E =   -143.6413972054 Error = 4.32e-18 FLOPS = 4.70e+09 Tdav = 0.00 T = 0.03
 --> Site =  157 .. Mmps =   15 Ndav =   9 E =   -143.6413973568 Error = 3.12e-19 FLOPS = 4.44e+09 Tdav = 0.00 T = 0.03
 --> Site =  158 .. Mmps =   15 Ndav =   6 E =   -143.6413974655 Error = 2.68e-19 FLOPS = 4.42e+09 Tdav = 0.00 T = 0.03
 --> Site =  159 .. Mmps =   15 Ndav =  11 E =   -143.6413982062 Error = 1.57e-19 FLOPS = 3.78e+09 Tdav = 0.00 T = 0.04
 --> Site =  160 .. Mmps =   15 Ndav =   9 E =   -143.6413984087 Error = 6.35e-18 FLOPS = 3.58e+09 Tdav = 0.00 T = 0.04
 --> Site =  161 .. Mmps =   15 Ndav =  15 E =   -143.6414005971 Error = 1.23e-19 FLOPS = 2.62e+09 Tdav = 0.00 T = 0.05
 --> Site =  162 .. Mmps =   15 Ndav =   9 E =   -143.6414007450 Error = 2.49e-20 FLOPS = 3.14e+09 Tdav = 0.00 T = 0.05
 --> Site =  163 .. Mmps =   15 Ndav =   9 E =   -143.6414007862 Error = 1.27e-19 FLOPS = 2.90e+09 Tdav = 0.00 T = 0.03
 --> Site =  164 .. Mmps =   15 Ndav =   6 E =   -143.6414007991 Error = 2.20e-18 FLOPS = 2.77e+09 Tdav = 0.00 T = 0.03
 --> Site =  165 .. Mmps =   15 Ndav =   1 E =   -143.6414007991 Error = 1.02e-25 FLOPS = 7.14e+08 Tdav = 0.00 T = 0.04
 --> Site =  166 .. Mmps =   15 Ndav =   1 E =   -143.6414007991 Error = 1.79e-53 FLOPS = 2.76e+08 Tdav = 0.00 T = 0.03
 --> Site =  167 .. Mmps =   15 Ndav =   1 E =   -143.6414007991 Error = 5.27e-82 FLOPS = 1.28e+08 Tdav = 0.00 T = 0.03
 --> Site =  168 .. Mmps =   15 Ndav =   1 E =   -143.6414007991 Error = 0.00e+00 FLOPS = 3.65e+07 Tdav = 0.00 T = 0.03
Time elapsed =   2490.587 | E =    -143.6414007991 | DE = -1.87e-04 | DW = 1.38652e-17
Time sweep =        7.622 | 1.03 GFLOP/SWP
 | Dmem = 104 KB (3%) | Imem = 232 B (79%) | Hmem = 494 KB | Wmem = 3.52 KB | Pmem = 3.52 KB
 | Tread = 0.206 | Twrite = 0.954 | Tfpread = 0.030 | Tfpwrite = 0.018 | Tmporead = 0.000 | Tasync = 0.000
 | data = 11.2 MB | cpsd = 8.67 MB
 | Trot = 0.025 | Tctr = 0.005 | Tint = 0.007 | Tmid = 0.000 | Tdctr = 0.136 | Tdiag = 0.016 | Tinfo = 0.226
 | Teff = 2.182 | Tprt = 0.144 | Teig = 0.148 | Tblk = 5.845 | Tmve = 1.770 | Tdm = 0.002 | Tsplt = 0.016 | Tsvd = 0.000 | Torth = 0.000

Sweep =    4 | Direction = backward | Bond dimension =   25 | Noise =  1.00e-05 | Dav threshold =  1.00e-10
 <-- Site =  168 .. Mmps =    2 Ndav =   1 E =   -143.6414007991 Error = 0.00e+00 FLOPS = 4.65e+07 Tdav = 0.00 T = 0.02
 <-- Site =  167 .. Mmps =    4 Ndav =   1 E =   -143.6414007991 Error = 0.00e+00 FLOPS = 1.65e+08 Tdav = 0.00 T = 0.03
 <-- Site =  166 .. Mmps =    8 Ndav =   1 E =   -143.6414007991 Error = 0.00e+00 FLOPS = 3.55e+08 Tdav = 0.00 T = 0.04
 <-- Site =  165 .. Mmps =   16 Ndav =   1 E =   -143.6414007991 Error = 0.00e+00 FLOPS = 7.01e+08 Tdav = 0.00 T = 0.03
 <-- Site =  164 .. Mmps =   23 Ndav =   2 E =   -143.6414007991 Error = 0.00e+00 FLOPS = 1.96e+09 Tdav = 0.00 T = 0.03
 <-- Site =  163 .. Mmps =   25 Ndav =   5 E =   -143.6414008002 Error = 4.18e-25 FLOPS = 4.08e+09 Tdav = 0.00 T = 0.08
 <-- Site =  162 .. Mmps =   25 Ndav =   7 E =   -143.6414008362 Error = 9.05e-25 FLOPS = 4.78e+09 Tdav = 0.00 T = 0.04
 <-- Site =  161 .. Mmps =   25 Ndav =   9 E =   -143.6414009288 Error = 5.04e-25 FLOPS = 5.03e+09 Tdav = 0.00 T = 0.03
 <-- Site =  160 .. Mmps =   25 Ndav =  11 E =   -143.6414061436 Error = 3.79e-24 FLOPS = 5.03e+09 Tdav = 0.00 T = 0.03
 <-- Site =  159 .. Mmps =   25 Ndav =  12 E =   -143.6414071830 Error = 5.51e-25 FLOPS = 5.09e+09 Tdav = 0.00 T = 0.03
 <-- Site =  158 .. Mmps =   25 Ndav =  10 E =   -143.6414119793 Error = 6.19e-23 FLOPS = 5.78e+09 Tdav = 0.00 T = 0.03
 <-- Site =  157 .. Mmps =   25 Ndav =  15 E =   -143.6414154733 Error = 2.45e-23 FLOPS = 4.95e+09 Tdav = 0.00 T = 0.03
 <-- Site =  156 .. Mmps =   25 Ndav =   9 E =   -143.6414299436 Error = 1.89e-23 FLOPS = 6.52e+09 Tdav = 0.00 T = 0.03
 <-- Site =  155 .. Mmps =   25 Ndav =  11 E =   -143.6414376801 Error = 8.02e-24 FLOPS = 6.35e+09 Tdav = 0.00 T = 0.03
 <-- Site =  154 .. Mmps =   25 Ndav =   9 E =   -143.6414435111 Error = 1.95e-22 FLOPS = 7.00e+09 Tdav = 0.00 T = 0.03
 <-- Site =  153 .. Mmps =   25 Ndav =  11 E =   -143.6414459076 Error = 2.68e-23 FLOPS = 6.80e+09 Tdav = 0.00 T = 0.04
 <-- Site =  152 .. Mmps =   25 Ndav =  10 E =   -143.6414516282 Error = 1.10e-22 FLOPS = 7.21e+09 Tdav = 0.00 T = 0.03
 <-- Site =  151 .. Mmps =   25 Ndav =  11 E =   -143.6414533885 Error = 9.17e-23 FLOPS = 7.18e+09 Tdav = 0.00 T = 0.03
 <-- Site =  150 .. Mmps =   25 Ndav =  10 E =   -143.6414602063 Error = 1.11e-21 FLOPS = 7.59e+09 Tdav = 0.00 T = 0.03
 <-- Site =  149 .. Mmps =   25 Ndav =   9 E =   -143.6414612870 Error = 2.52e-23 FLOPS = 7.88e+09 Tdav = 0.00 T = 0.04
 <-- Site =  148 .. Mmps =   25 Ndav =  11 E =   -143.6414701796 Error = 7.86e-23 FLOPS = 7.58e+09 Tdav = 0.00 T = 0.04
 <-- Site =  147 .. Mmps =   25 Ndav =  10 E =   -143.6414709588 Error = 1.28e-23 FLOPS = 8.04e+09 Tdav = 0.00 T = 0.04
 <-- Site =  146 .. Mmps =   25 Ndav =  10 E =   -143.6414789152 Error = 4.23e-23 FLOPS = 8.13e+09 Tdav = 0.00 T = 0.04
 <-- Site =  145 .. Mmps =   25 Ndav =  11 E =   -143.6414796161 Error = 2.38e-23 FLOPS = 8.12e+09 Tdav = 0.00 T = 0.04
 <-- Site =  144 .. Mmps =   25 Ndav =   8 E =   -143.6414806269 Error = 3.89e-23 FLOPS = 8.71e+09 Tdav = 0.00 T = 0.05
 <-- Site =  143 .. Mmps =   25 Ndav =  10 E =   -143.6414847264 Error = 2.41e-23 FLOPS = 8.55e+09 Tdav = 0.00 T = 0.04
 <-- Site =  142 .. Mmps =   25 Ndav =   9 E =   -143.6414920693 Error = 3.79e-22 FLOPS = 8.83e+09 Tdav = 0.00 T = 0.04
 <-- Site =  141 .. Mmps =   25 Ndav =  14 E =   -143.6415065331 Error = 1.18e-21 FLOPS = 7.82e+09 Tdav = 0.00 T = 0.04
 <-- Site =  140 .. Mmps =   25 Ndav =  11 E =   -143.6415142295 Error = 9.18e-23 FLOPS = 8.66e+09 Tdav = 0.00 T = 0.04
 <-- Site =  139 .. Mmps =   25 Ndav =  16 E =   -143.6415310004 Error = 9.70e-22 FLOPS = 7.55e+09 Tdav = 0.00 T = 0.04
 <-- Site =  138 .. Mmps =   25 Ndav =   9 E =   -143.6415352817 Error = 4.92e-23 FLOPS = 9.12e+09 Tdav = 0.00 T = 0.04
 <-- Site =  137 .. Mmps =   25 Ndav =  14 E =   -143.6415435526 Error = 1.22e-22 FLOPS = 8.19e+09 Tdav = 0.00 T = 0.04
 <-- Site =  136 .. Mmps =   25 Ndav =  10 E =   -143.6415517122 Error = 5.17e-23 FLOPS = 9.20e+09 Tdav = 0.00 T = 0.04
 <-- Site =  135 .. Mmps =   25 Ndav =  15 E =   -143.6415643855 Error = 3.11e-22 FLOPS = 8.13e+09 Tdav = 0.00 T = 0.05
 <-- Site =  134 .. Mmps =   25 Ndav =   9 E =   -143.6415672615 Error = 2.68e-23 FLOPS = 9.41e+09 Tdav = 0.00 T = 0.04
 <-- Site =  133 .. Mmps =   25 Ndav =  13 E =   -143.6415802551 Error = 3.26e-22 FLOPS = 8.74e+09 Tdav = 0.00 T = 0.04
 <-- Site =  132 .. Mmps =   25 Ndav =   9 E =   -143.6415846884 Error = 4.71e-23 FLOPS = 9.54e+09 Tdav = 0.00 T = 0.04
 <-- Site =  131 .. Mmps =   25 Ndav =  15 E =   -143.6415943682 Error = 8.61e-23 FLOPS = 8.47e+09 Tdav = 0.00 T = 0.04
 <-- Site =  130 .. Mmps =   25 Ndav =   9 E =   -143.6416019138 Error = 3.25e-23 FLOPS = 9.63e+09 Tdav = 0.00 T = 0.05
 <-- Site =  129 .. Mmps =   25 Ndav =  14 E =   -143.6416088111 Error = 2.13e-23 FLOPS = 8.84e+09 Tdav = 0.00 T = 0.05
 <-- Site =  128 .. Mmps =   25 Ndav =  11 E =   -143.6416309699 Error = 4.61e-22 FLOPS = 9.47e+09 Tdav = 0.00 T = 0.05
 <-- Site =  127 .. Mmps =   25 Ndav =   9 E =   -143.6416328635 Error = 3.24e-23 FLOPS = 9.84e+09 Tdav = 0.00 T = 0.05
 <-- Site =  126 .. Mmps =   25 Ndav =  11 E =   -143.6416395832 Error = 3.40e-23 FLOPS = 9.59e+09 Tdav = 0.00 T = 0.05
 <-- Site =  125 .. Mmps =   25 Ndav =  11 E =   -143.6416414918 Error = 6.19e-23 FLOPS = 9.68e+09 Tdav = 0.00 T = 0.05
 <-- Site =  124 .. Mmps =   25 Ndav =  10 E =   -143.6416465467 Error = 1.01e-22 FLOPS = 9.80e+09 Tdav = 0.00 T = 0.05
 <-- Site =  123 .. Mmps =   25 Ndav =   9 E =   -143.6416506345 Error = 3.58e-23 FLOPS = 9.97e+09 Tdav = 0.00 T = 0.05
 <-- Site =  122 .. Mmps =   25 Ndav =   9 E =   -143.6416531916 Error = 6.34e-23 FLOPS = 9.91e+09 Tdav = 0.00 T = 0.05
 <-- Site =  121 .. Mmps =   25 Ndav =  11 E =   -143.6416545505 Error = 3.33e-23 FLOPS = 9.67e+09 Tdav = 0.00 T = 0.05
 <-- Site =  120 .. Mmps =   25 Ndav =  10 E =   -143.6416576362 Error = 1.33e-23 FLOPS = 9.88e+09 Tdav = 0.00 T = 0.05
 <-- Site =  119 .. Mmps =   25 Ndav =  11 E =   -143.6416624168 Error = 2.42e-23 FLOPS = 9.71e+09 Tdav = 0.00 T = 0.05
 <-- Site =  118 .. Mmps =   25 Ndav =   9 E =   -143.6416655109 Error = 1.41e-22 FLOPS = 9.95e+09 Tdav = 0.00 T = 0.05
 <-- Site =  117 .. Mmps =   25 Ndav =  12 E =   -143.6416682150 Error = 1.27e-23 FLOPS = 9.60e+09 Tdav = 0.00 T = 0.05
 <-- Site =  116 .. Mmps =   25 Ndav =  10 E =   -143.6416785685 Error = 1.06e-22 FLOPS = 1.00e+10 Tdav = 0.00 T = 0.05
 <-- Site =  115 .. Mmps =   25 Ndav =  15 E =   -143.6416877223 Error = 5.27e-22 FLOPS = 8.98e+09 Tdav = 0.00 T = 0.05
 <-- Site =  114 .. Mmps =   25 Ndav =  12 E =   -143.6417015244 Error = 1.45e-22 FLOPS = 9.68e+09 Tdav = 0.00 T = 0.05
 <-- Site =  113 .. Mmps =   25 Ndav =  14 E =   -143.6417084575 Error = 6.17e-22 FLOPS = 9.26e+09 Tdav = 0.00 T = 0.06
 <-- Site =  112 .. Mmps =   25 Ndav =   9 E =   -143.6417123369 Error = 1.89e-23 FLOPS = 1.01e+10 Tdav = 0.00 T = 0.06
 <-- Site =  111 .. Mmps =   25 Ndav =  13 E =   -143.6417182250 Error = 2.66e-22 FLOPS = 9.47e+09 Tdav = 0.00 T = 0.06
 <-- Site =  110 .. Mmps =   25 Ndav =   9 E =   -143.6417217999 Error = 1.14e-23 FLOPS = 1.01e+10 Tdav = 0.00 T = 0.06
 <-- Site =  109 .. Mmps =   25 Ndav =  12 E =   -143.6417235007 Error = 1.98e-23 FLOPS = 9.73e+09 Tdav = 0.00 T = 0.06
 <-- Site =  108 .. Mmps =   25 Ndav =   9 E =   -143.6417270133 Error = 2.04e-23 FLOPS = 1.01e+10 Tdav = 0.00 T = 0.06
 <-- Site =  107 .. Mmps =   25 Ndav =  13 E =   -143.6417301319 Error = 1.53e-22 FLOPS = 9.56e+09 Tdav = 0.00 T = 0.06
 <-- Site =  106 .. Mmps =   25 Ndav =  10 E =   -143.6417337053 Error = 3.39e-23 FLOPS = 9.99e+09 Tdav = 0.00 T = 0.06
 <-- Site =  105 .. Mmps =   25 Ndav =  16 E =   -143.6417418825 Error = 6.18e-22 FLOPS = 8.94e+09 Tdav = 0.00 T = 0.06
 <-- Site =  104 .. Mmps =   25 Ndav =  10 E =   -143.6417464460 Error = 2.87e-23 FLOPS = 1.01e+10 Tdav = 0.00 T = 0.06
 <-- Site =  103 .. Mmps =   25 Ndav =  14 E =   -143.6417518853 Error = 8.94e-24 FLOPS = 9.32e+09 Tdav = 0.00 T = 0.07
 <-- Site =  102 .. Mmps =   25 Ndav =  10 E =   -143.6417640927 Error = 2.12e-22 FLOPS = 1.01e+10 Tdav = 0.00 T = 0.06
 <-- Site =  101 .. Mmps =   25 Ndav =   9 E =   -143.6417656854 Error = 9.77e-23 FLOPS = 1.03e+10 Tdav = 0.00 T = 0.06
 <-- Site =  100 .. Mmps =   25 Ndav =  11 E =   -143.6417714577 Error = 4.21e-22 FLOPS = 9.97e+09 Tdav = 0.00 T = 0.06
 <-- Site =   99 .. Mmps =   25 Ndav =  11 E =   -143.6417761435 Error = 4.45e-23 FLOPS = 1.00e+10 Tdav = 0.00 T = 0.06
 <-- Site =   98 .. Mmps =   25 Ndav =  10 E =   -143.6417834726 Error = 2.75e-23 FLOPS = 1.01e+10 Tdav = 0.00 T = 0.07
 <-- Site =   97 .. Mmps =   25 Ndav =  11 E =   -143.6417891192 Error = 5.93e-23 FLOPS = 1.00e+10 Tdav = 0.00 T = 0.06
 <-- Site =   96 .. Mmps =   25 Ndav =  10 E =   -143.6417919716 Error = 5.21e-23 FLOPS = 1.01e+10 Tdav = 0.00 T = 0.06
 <-- Site =   95 .. Mmps =   25 Ndav =  12 E =   -143.6417980909 Error = 8.14e-23 FLOPS = 9.74e+09 Tdav = 0.00 T = 0.06
 <-- Site =   94 .. Mmps =   25 Ndav =  10 E =   -143.6418005189 Error = 2.61e-23 FLOPS = 1.02e+10 Tdav = 0.00 T = 0.06
 <-- Site =   93 .. Mmps =   25 Ndav =  12 E =   -143.6418048777 Error = 2.36e-23 FLOPS = 9.71e+09 Tdav = 0.00 T = 0.06
 <-- Site =   92 .. Mmps =   25 Ndav =   9 E =   -143.6418059014 Error = 3.45e-23 FLOPS = 1.02e+10 Tdav = 0.00 T = 0.06
 <-- Site =   91 .. Mmps =   25 Ndav =  13 E =   -143.6418090169 Error = 2.57e-23 FLOPS = 9.68e+09 Tdav = 0.00 T = 0.06
 <-- Site =   90 .. Mmps =   25 Ndav =   9 E =   -143.6418151059 Error = 1.51e-23 FLOPS = 1.03e+10 Tdav = 0.00 T = 0.06
 <-- Site =   89 .. Mmps =   25 Ndav =  13 E =   -143.6418198473 Error = 1.26e-23 FLOPS = 9.62e+09 Tdav = 0.00 T = 0.06
 <-- Site =   88 .. Mmps =   25 Ndav =  11 E =   -143.6418264018 Error = 2.34e-23 FLOPS = 9.98e+09 Tdav = 0.00 T = 0.06
 <-- Site =   87 .. Mmps =   25 Ndav =  13 E =   -143.6418334868 Error = 3.02e-22 FLOPS = 9.64e+09 Tdav = 0.00 T = 0.06
 <-- Site =   86 .. Mmps =   25 Ndav =  10 E =   -143.6418378501 Error = 2.76e-23 FLOPS = 1.02e+10 Tdav = 0.00 T = 0.06
 <-- Site =   85 .. Mmps =   25 Ndav =  12 E =   -143.6418410583 Error = 4.16e-23 FLOPS = 9.73e+09 Tdav = 0.00 T = 0.06
 <-- Site =   84 .. Mmps =   25 Ndav =   9 E =   -143.6418431745 Error = 5.67e-24 FLOPS = 1.02e+10 Tdav = 0.00 T = 0.06
 <-- Site =   83 .. Mmps =   25 Ndav =  12 E =   -143.6418451138 Error = 2.69e-23 FLOPS = 9.75e+09 Tdav = 0.00 T = 0.06
 <-- Site =   82 .. Mmps =   25 Ndav =  10 E =   -143.6418473740 Error = 5.28e-24 FLOPS = 1.00e+10 Tdav = 0.00 T = 0.06
 <-- Site =   81 .. Mmps =   25 Ndav =  13 E =   -143.6418504345 Error = 3.90e-22 FLOPS = 9.62e+09 Tdav = 0.00 T = 0.06
 <-- Site =   80 .. Mmps =   25 Ndav =  10 E =   -143.6418526639 Error = 2.11e-23 FLOPS = 1.00e+10 Tdav = 0.00 T = 0.06
 <-- Site =   79 .. Mmps =   25 Ndav =  16 E =   -143.6418625713 Error = 3.05e-22 FLOPS = 9.09e+09 Tdav = 0.00 T = 0.06
 <-- Site =   78 .. Mmps =   25 Ndav =   9 E =   -143.6418677142 Error = 3.37e-23 FLOPS = 1.03e+10 Tdav = 0.00 T = 0.06
 <-- Site =   77 .. Mmps =   25 Ndav =  14 E =   -143.6418755369 Error = 3.68e-24 FLOPS = 9.41e+09 Tdav = 0.00 T = 0.06
 <-- Site =   76 .. Mmps =   25 Ndav =   8 E =   -143.6418785413 Error = 1.90e-22 FLOPS = 1.03e+10 Tdav = 0.00 T = 0.06
 <-- Site =   75 .. Mmps =   25 Ndav =   7 E =   -143.6418797484 Error = 8.87e-23 FLOPS = 1.03e+10 Tdav = 0.00 T = 0.07
 <-- Site =   74 .. Mmps =   25 Ndav =  11 E =   -143.6418843964 Error = 6.51e-22 FLOPS = 9.93e+09 Tdav = 0.00 T = 0.06
 <-- Site =   73 .. Mmps =   25 Ndav =  12 E =   -143.6418935559 Error = 8.61e-23 FLOPS = 9.82e+09 Tdav = 0.00 T = 0.06
 <-- Site =   72 .. Mmps =   25 Ndav =  11 E =   -143.6419002635 Error = 1.02e-22 FLOPS = 9.95e+09 Tdav = 0.00 T = 0.07
 <-- Site =   71 .. Mmps =   25 Ndav =  12 E =   -143.6419064543 Error = 6.26e-23 FLOPS = 9.79e+09 Tdav = 0.00 T = 0.07
 <-- Site =   70 .. Mmps =   25 Ndav =   9 E =   -143.6419082901 Error = 2.96e-23 FLOPS = 1.03e+10 Tdav = 0.00 T = 0.06
 <-- Site =   69 .. Mmps =   25 Ndav =  11 E =   -143.6419134770 Error = 6.78e-23 FLOPS = 9.97e+09 Tdav = 0.00 T = 0.06
 <-- Site =   68 .. Mmps =   25 Ndav =  10 E =   -143.6419158014 Error = 1.36e-23 FLOPS = 1.02e+10 Tdav = 0.00 T = 0.07
 <-- Site =   67 .. Mmps =   25 Ndav =  11 E =   -143.6419174320 Error = 6.49e-24 FLOPS = 1.01e+10 Tdav = 0.00 T = 0.06
 <-- Site =   66 .. Mmps =   25 Ndav =   8 E =   -143.6419184213 Error = 1.27e-23 FLOPS = 1.03e+10 Tdav = 0.00 T = 0.06
 <-- Site =   65 .. Mmps =   25 Ndav =  13 E =   -143.6419256477 Error = 1.67e-23 FLOPS = 9.69e+09 Tdav = 0.00 T = 0.07
 <-- Site =   64 .. Mmps =   25 Ndav =  11 E =   -143.6419302611 Error = 2.02e-23 FLOPS = 9.94e+09 Tdav = 0.00 T = 0.06
 <-- Site =   63 .. Mmps =   25 Ndav =  15 E =   -143.6419416040 Error = 2.11e-22 FLOPS = 9.29e+09 Tdav = 0.00 T = 0.06
 <-- Site =   62 .. Mmps =   25 Ndav =  12 E =   -143.6419509680 Error = 1.53e-22 FLOPS = 9.74e+09 Tdav = 0.00 T = 0.06
 <-- Site =   61 .. Mmps =   25 Ndav =  13 E =   -143.6419566505 Error = 1.95e-22 FLOPS = 9.63e+09 Tdav = 0.00 T = 0.06
 <-- Site =   60 .. Mmps =   25 Ndav =   9 E =   -143.6419591616 Error = 1.62e-23 FLOPS = 1.01e+10 Tdav = 0.00 T = 0.06
 <-- Site =   59 .. Mmps =   25 Ndav =  12 E =   -143.6419616913 Error = 1.27e-22 FLOPS = 9.72e+09 Tdav = 0.00 T = 0.06
 <-- Site =   58 .. Mmps =   25 Ndav =   9 E =   -143.6419635308 Error = 3.97e-23 FLOPS = 1.02e+10 Tdav = 0.00 T = 0.06
 <-- Site =   57 .. Mmps =   25 Ndav =  12 E =   -143.6419667306 Error = 5.58e-23 FLOPS = 9.74e+09 Tdav = 0.00 T = 0.06
 <-- Site =   56 .. Mmps =   25 Ndav =  10 E =   -143.6419689680 Error = 1.92e-23 FLOPS = 1.00e+10 Tdav = 0.00 T = 0.06
 <-- Site =   55 .. Mmps =   25 Ndav =  14 E =   -143.6419719553 Error = 3.08e-22 FLOPS = 9.36e+09 Tdav = 0.00 T = 0.06
 <-- Site =   54 .. Mmps =   25 Ndav =  10 E =   -143.6419760826 Error = 1.06e-22 FLOPS = 9.98e+09 Tdav = 0.00 T = 0.05
 <-- Site =   53 .. Mmps =   25 Ndav =  15 E =   -143.6419841712 Error = 1.40e-22 FLOPS = 9.11e+09 Tdav = 0.00 T = 0.05
 <-- Site =   52 .. Mmps =   25 Ndav =  10 E =   -143.6419902829 Error = 2.54e-23 FLOPS = 9.95e+09 Tdav = 0.00 T = 0.05
 <-- Site =   51 .. Mmps =   25 Ndav =  16 E =   -143.6420001090 Error = 9.51e-23 FLOPS = 8.82e+09 Tdav = 0.00 T = 0.07
 <-- Site =   50 .. Mmps =   25 Ndav =  11 E =   -143.6420103184 Error = 9.25e-22 FLOPS = 9.81e+09 Tdav = 0.00 T = 0.07
 <-- Site =   49 .. Mmps =   25 Ndav =  11 E =   -143.6420120577 Error = 3.24e-23 FLOPS = 9.79e+09 Tdav = 0.00 T = 0.05
 <-- Site =   48 .. Mmps =   25 Ndav =   9 E =   -143.6420139809 Error = 4.98e-23 FLOPS = 1.01e+10 Tdav = 0.00 T = 0.05
 <-- Site =   47 .. Mmps =   25 Ndav =  10 E =   -143.6420155048 Error = 2.62e-23 FLOPS = 9.93e+09 Tdav = 0.00 T = 0.05
 <-- Site =   46 .. Mmps =   25 Ndav =  10 E =   -143.6420201220 Error = 1.59e-22 FLOPS = 9.88e+09 Tdav = 0.00 T = 0.05
 <-- Site =   45 .. Mmps =   25 Ndav =  11 E =   -143.6420235051 Error = 8.12e-23 FLOPS = 9.60e+09 Tdav = 0.00 T = 0.06
 <-- Site =   44 .. Mmps =   25 Ndav =  11 E =   -143.6420320340 Error = 1.09e-22 FLOPS = 9.62e+09 Tdav = 0.00 T = 0.05
 <-- Site =   43 .. Mmps =   25 Ndav =  12 E =   -143.6420362439 Error = 1.09e-22 FLOPS = 9.47e+09 Tdav = 0.00 T = 0.05
 <-- Site =   42 .. Mmps =   25 Ndav =  10 E =   -143.6420412509 Error = 1.36e-23 FLOPS = 9.89e+09 Tdav = 0.00 T = 0.05
 <-- Site =   41 .. Mmps =   25 Ndav =  11 E =   -143.6420436968 Error = 1.67e-23 FLOPS = 9.58e+09 Tdav = 0.00 T = 0.05
 <-- Site =   40 .. Mmps =   25 Ndav =   8 E =   -143.6420448945 Error = 6.14e-24 FLOPS = 9.85e+09 Tdav = 0.00 T = 0.05
 <-- Site =   39 .. Mmps =   25 Ndav =  11 E =   -143.6420479304 Error = 2.63e-23 FLOPS = 9.53e+09 Tdav = 0.00 T = 0.04
 <-- Site =   38 .. Mmps =   25 Ndav =   9 E =   -143.6420553349 Error = 1.54e-23 FLOPS = 9.71e+09 Tdav = 0.00 T = 0.05
 <-- Site =   37 .. Mmps =   25 Ndav =  12 E =   -143.6420619011 Error = 1.00e-22 FLOPS = 9.19e+09 Tdav = 0.00 T = 0.05
 <-- Site =   36 .. Mmps =   25 Ndav =  11 E =   -143.6420744418 Error = 6.53e-23 FLOPS = 9.28e+09 Tdav = 0.00 T = 0.04
 <-- Site =   35 .. Mmps =   25 Ndav =  13 E =   -143.6420784717 Error = 5.03e-23 FLOPS = 8.81e+09 Tdav = 0.00 T = 0.04
 <-- Site =   34 .. Mmps =   25 Ndav =  11 E =   -143.6420914977 Error = 6.99e-23 FLOPS = 9.25e+09 Tdav = 0.00 T = 0.04
 <-- Site =   33 .. Mmps =   25 Ndav =  13 E =   -143.6420973141 Error = 1.08e-22 FLOPS = 8.81e+09 Tdav = 0.00 T = 0.04
 <-- Site =   32 .. Mmps =   25 Ndav =  13 E =   -143.6421171447 Error = 3.04e-23 FLOPS = 8.69e+09 Tdav = 0.00 T = 0.04
 <-- Site =   31 .. Mmps =   25 Ndav =  11 E =   -143.6421201641 Error = 1.46e-22 FLOPS = 9.05e+09 Tdav = 0.00 T = 0.04
 <-- Site =   30 .. Mmps =   25 Ndav =  12 E =   -143.6421374742 Error = 1.63e-23 FLOPS = 8.70e+09 Tdav = 0.00 T = 0.04
 <-- Site =   29 .. Mmps =   25 Ndav =  10 E =   -143.6421387699 Error = 2.27e-22 FLOPS = 9.04e+09 Tdav = 0.00 T = 0.04
 <-- Site =   28 .. Mmps =   25 Ndav =  13 E =   -143.6421514146 Error = 3.96e-23 FLOPS = 8.32e+09 Tdav = 0.00 T = 0.04
 <-- Site =   27 .. Mmps =   25 Ndav =  14 E =   -143.6421668665 Error = 1.87e-22 FLOPS = 7.97e+09 Tdav = 0.00 T = 0.04
 <-- Site =   26 .. Mmps =   25 Ndav =  11 E =   -143.6421800057 Error = 7.71e-23 FLOPS = 8.52e+09 Tdav = 0.00 T = 0.04
 <-- Site =   25 .. Mmps =   25 Ndav =  10 E =   -143.6421834332 Error = 8.49e-24 FLOPS = 8.66e+09 Tdav = 0.00 T = 0.04
 <-- Site =   24 .. Mmps =   25 Ndav =  11 E =   -143.6421893296 Error = 3.96e-23 FLOPS = 8.32e+09 Tdav = 0.00 T = 0.03
 <-- Site =   23 .. Mmps =   25 Ndav =  11 E =   -143.6421932314 Error = 2.98e-23 FLOPS = 8.29e+09 Tdav = 0.00 T = 0.03
 <-- Site =   22 .. Mmps =   25 Ndav =   9 E =   -143.6421946060 Error = 1.07e-21 FLOPS = 8.57e+09 Tdav = 0.00 T = 0.04
 <-- Site =   21 .. Mmps =   25 Ndav =  11 E =   -143.6421992348 Error = 2.14e-23 FLOPS = 8.04e+09 Tdav = 0.00 T = 0.03
 <-- Site =   20 .. Mmps =   25 Ndav =   9 E =   -143.6422011974 Error = 3.81e-22 FLOPS = 8.27e+09 Tdav = 0.00 T = 0.03
 <-- Site =   19 .. Mmps =   25 Ndav =  12 E =   -143.6422052802 Error = 5.09e-23 FLOPS = 7.54e+09 Tdav = 0.00 T = 0.03
 <-- Site =   18 .. Mmps =   25 Ndav =   9 E =   -143.6422073381 Error = 1.16e-22 FLOPS = 7.99e+09 Tdav = 0.00 T = 0.03
 <-- Site =   17 .. Mmps =   25 Ndav =  12 E =   -143.6422114773 Error = 1.26e-23 FLOPS = 7.13e+09 Tdav = 0.00 T = 0.03
 <-- Site =   16 .. Mmps =   25 Ndav =   9 E =   -143.6422133946 Error = 1.35e-22 FLOPS = 7.66e+09 Tdav = 0.00 T = 0.03
 <-- Site =   15 .. Mmps =   25 Ndav =  11 E =   -143.6422165260 Error = 6.01e-23 FLOPS = 7.09e+09 Tdav = 0.00 T = 0.03
 <-- Site =   14 .. Mmps =   25 Ndav =  10 E =   -143.6422203004 Error = 3.61e-23 FLOPS = 7.07e+09 Tdav = 0.00 T = 0.03
 <-- Site =   13 .. Mmps =   25 Ndav =  12 E =   -143.6422278864 Error = 6.13e-23 FLOPS = 6.40e+09 Tdav = 0.00 T = 0.03
 <-- Site =   12 .. Mmps =   25 Ndav =  10 E =   -143.6422386941 Error = 9.33e-23 FLOPS = 6.67e+09 Tdav = 0.00 T = 0.03
 <-- Site =   11 .. Mmps =   25 Ndav =  15 E =   -143.6422683344 Error = 2.10e-22 FLOPS = 5.21e+09 Tdav = 0.00 T = 0.03
 <-- Site =   10 .. Mmps =   25 Ndav =   9 E =   -143.6422736212 Error = 4.87e-23 FLOPS = 6.40e+09 Tdav = 0.00 T = 0.03
 <-- Site =    9 .. Mmps =   25 Ndav =  13 E =   -143.6422843255 Error = 7.54e-23 FLOPS = 5.10e+09 Tdav = 0.00 T = 0.03
 <-- Site =    8 .. Mmps =   25 Ndav =  11 E =   -143.6422873157 Error = 9.18e-23 FLOPS = 5.40e+09 Tdav = 0.00 T = 0.03
 <-- Site =    7 .. Mmps =   25 Ndav =  13 E =   -143.6422885564 Error = 8.19e-24 FLOPS = 4.63e+09 Tdav = 0.00 T = 0.05
 <-- Site =    6 .. Mmps =   25 Ndav =   8 E =   -143.6422886578 Error = 4.28e-24 FLOPS = 5.20e+09 Tdav = 0.00 T = 0.02
 <-- Site =    5 .. Mmps =   25 Ndav =   9 E =   -143.6422886930 Error = 7.02e-25 FLOPS = 4.71e+09 Tdav = 0.00 T = 0.03
 <-- Site =    4 .. Mmps =   25 Ndav =   6 E =   -143.6422887021 Error = 1.67e-25 FLOPS = 4.56e+09 Tdav = 0.00 T = 0.03
 <-- Site =    3 .. Mmps =   25 Ndav =   2 E =   -143.6422887021 Error = 1.23e-30 FLOPS = 1.55e+09 Tdav = 0.00 T = 0.03
 <-- Site =    2 .. Mmps =   25 Ndav =   1 E =   -143.6422887021 Error = 1.38e-52 FLOPS = 5.60e+08 Tdav = 0.00 T = 0.02
 <-- Site =    1 .. Mmps =   25 Ndav =   1 E =   -143.6422887021 Error = 8.06e-56 FLOPS = 2.70e+08 Tdav = 0.00 T = 0.03
 <-- Site =    0 .. Mmps =   25 Ndav =   1 E =   -143.6422887021 Error = 5.24e-71 FLOPS = 1.04e+08 Tdav = 0.00 T = 0.03
Time elapsed =   2498.627 | E =    -143.6422887021 | DE = -8.88e-04 | DW = 1.17547e-21
Time sweep =        8.040 | 2.69 GFLOP/SWP
 | Dmem = 284 KB (2%) | Imem = 232 B (79%) | Hmem = 672 KB | Wmem = 5.86 KB | Pmem = 5.86 KB
 | Tread = 0.183 | Twrite = 0.941 | Tfpread = 0.050 | Tfpwrite = 0.042 | Tmporead = 0.000 | Tasync = 0.000
 | data = 31.0 MB | cpsd = 21.0 MB
 | Trot = 0.052 | Tctr = 0.560 | Tint = 0.007 | Tmid = 0.000 | Tdctr = 0.006 | Tdiag = 0.019 | Tinfo = 0.185
 | Teff = 2.040 | Tprt = 0.117 | Teig = 0.316 | Tblk = 5.657 | Tmve = 2.375 | Tdm = 0.003 | Tsplt = 0.044 | Tsvd = 0.000 | Torth = 0.000

Sweep =    5 | Direction =  forward | Bond dimension =   25 | Noise =  1.00e-05 | Dav threshold =  1.00e-10
 --> Site =    0 .. Mmps =    2 Ndav =   1 E =   -143.6422887021 Error = 0.00e+00 FLOPS = 1.19e+08 Tdav = 0.00 T = 0.02
 --> Site =    1 .. Mmps =    4 Ndav =   1 E =   -143.6422887021 Error = 0.00e+00 FLOPS = 2.12e+08 Tdav = 0.00 T = 0.02
 --> Site =    2 .. Mmps =    8 Ndav =   1 E =   -143.6422887021 Error = 0.00e+00 FLOPS = 4.71e+08 Tdav = 0.00 T = 0.03
 --> Site =    3 .. Mmps =   16 Ndav =   1 E =   -143.6422887021 Error = 0.00e+00 FLOPS = 8.42e+08 Tdav = 0.00 T = 0.02
 --> Site =    4 .. Mmps =   25 Ndav =   2 E =   -143.6422887021 Error = 3.95e-24 FLOPS = 3.14e+09 Tdav = 0.00 T = 0.02
 --> Site =    5 .. Mmps =   25 Ndav =   6 E =   -143.6422887044 Error = 4.22e-22 FLOPS = 7.22e+09 Tdav = 0.00 T = 0.03
 --> Site =    6 .. Mmps =   25 Ndav =   6 E =   -143.6422887193 Error = 5.22e-21 FLOPS = 7.73e+09 Tdav = 0.00 T = 0.03
 --> Site =    7 .. Mmps =   25 Ndav =   8 E =   -143.6422887993 Error = 4.73e-20 FLOPS = 8.03e+09 Tdav = 0.00 T = 0.03
 --> Site =    8 .. Mmps =   25 Ndav =  10 E =   -143.6422895840 Error = 7.76e-20 FLOPS = 8.27e+09 Tdav = 0.00 T = 0.03
 --> Site =    9 .. Mmps =   25 Ndav =  15 E =   -143.6422922497 Error = 1.40e-19 FLOPS = 6.96e+09 Tdav = 0.00 T = 0.03
 --> Site =   10 .. Mmps =   25 Ndav =  12 E =   -143.6423073471 Error = 3.63e-20 FLOPS = 8.34e+09 Tdav = 0.00 T = 0.03
 --> Site =   11 .. Mmps =   25 Ndav =  20 E =   -143.6423177784 Error = 2.74e-19 FLOPS = 6.07e+09 Tdav = 0.00 T = 0.03
 --> Site =   12 .. Mmps =   25 Ndav =  11 E =   -143.6423376136 Error = 2.96e-19 FLOPS = 9.31e+09 Tdav = 0.00 T = 0.03
 --> Site =   13 .. Mmps =   25 Ndav =  13 E =   -143.6423630372 Error = 6.45e-19 FLOPS = 8.86e+09 Tdav = 0.00 T = 0.03
 --> Site =   14 .. Mmps =   25 Ndav =  11 E =   -143.6423797472 Error = 1.10e-19 FLOPS = 9.70e+09 Tdav = 0.00 T = 0.03
 --> Site =   15 .. Mmps =   25 Ndav =  11 E =   -143.6423882265 Error = 9.09e-19 FLOPS = 9.85e+09 Tdav = 0.00 T = 0.03
 --> Site =   16 .. Mmps =   25 Ndav =  12 E =   -143.6424099324 Error = 4.22e-19 FLOPS = 9.79e+09 Tdav = 0.00 T = 0.03
 --> Site =   17 .. Mmps =   25 Ndav =   9 E =   -143.6424180363 Error = 5.32e-20 FLOPS = 1.09e+10 Tdav = 0.00 T = 0.03
 --> Site =   18 .. Mmps =   25 Ndav =  11 E =   -143.6424270413 Error = 7.25e-19 FLOPS = 1.04e+10 Tdav = 0.00 T = 0.04
 --> Site =   19 .. Mmps =   25 Ndav =  12 E =   -143.6424314061 Error = 1.84e-19 FLOPS = 1.04e+10 Tdav = 0.00 T = 0.04
 --> Site =   20 .. Mmps =   25 Ndav =  12 E =   -143.6424427904 Error = 2.76e-19 FLOPS = 1.04e+10 Tdav = 0.00 T = 0.04
 --> Site =   21 .. Mmps =   25 Ndav =   8 E =   -143.6424463081 Error = 1.82e-19 FLOPS = 1.17e+10 Tdav = 0.00 T = 0.04
 --> Site =   22 .. Mmps =   25 Ndav =  11 E =   -143.6424568042 Error = 2.01e-19 FLOPS = 1.10e+10 Tdav = 0.00 T = 0.04
 --> Site =   23 .. Mmps =   25 Ndav =   9 E =   -143.6424593714 Error = 3.88e-19 FLOPS = 1.17e+10 Tdav = 0.00 T = 0.05
 --> Site =   24 .. Mmps =   25 Ndav =  11 E =   -143.6424637030 Error = 4.02e-20 FLOPS = 1.13e+10 Tdav = 0.00 T = 0.04
 --> Site =   25 .. Mmps =   25 Ndav =  13 E =   -143.6424769526 Error = 8.80e-20 FLOPS = 1.09e+10 Tdav = 0.00 T = 0.04
 --> Site =   26 .. Mmps =   25 Ndav =  11 E =   -143.6424857533 Error = 1.33e-20 FLOPS = 1.16e+10 Tdav = 0.00 T = 0.04
 --> Site =   27 .. Mmps =   25 Ndav =  12 E =   -143.6424935082 Error = 3.15e-19 FLOPS = 1.14e+10 Tdav = 0.00 T = 0.05
 --> Site =   28 .. Mmps =   25 Ndav =  12 E =   -143.6425073382 Error = 3.76e-20 FLOPS = 1.15e+10 Tdav = 0.00 T = 0.05
 --> Site =   29 .. Mmps =   25 Ndav =  15 E =   -143.6425126903 Error = 2.24e-19 FLOPS = 1.07e+10 Tdav = 0.00 T = 0.05
 --> Site =   30 .. Mmps =   25 Ndav =  11 E =   -143.6425229445 Error = 1.70e-19 FLOPS = 1.19e+10 Tdav = 0.00 T = 0.05
 --> Site =   31 .. Mmps =   25 Ndav =  13 E =   -143.6425318100 Error = 4.81e-19 FLOPS = 1.14e+10 Tdav = 0.00 T = 0.05
 --> Site =   32 .. Mmps =   25 Ndav =  12 E =   -143.6425408925 Error = 2.89e-18 FLOPS = 1.17e+10 Tdav = 0.00 T = 0.05
 --> Site =   33 .. Mmps =   25 Ndav =  14 E =   -143.6425515155 Error = 6.57e-19 FLOPS = 1.12e+10 Tdav = 0.00 T = 0.06
 --> Site =   34 .. Mmps =   25 Ndav =  11 E =   -143.6425608504 Error = 1.12e-18 FLOPS = 1.21e+10 Tdav = 0.00 T = 0.05
 --> Site =   35 .. Mmps =   25 Ndav =  14 E =   -143.6425737542 Error = 7.31e-20 FLOPS = 1.15e+10 Tdav = 0.00 T = 0.06
 --> Site =   36 .. Mmps =   25 Ndav =  11 E =   -143.6425874731 Error = 2.51e-18 FLOPS = 1.22e+10 Tdav = 0.00 T = 0.06
 --> Site =   37 .. Mmps =   25 Ndav =  17 E =   -143.6426089177 Error = 3.90e-19 FLOPS = 1.08e+10 Tdav = 0.01 T = 0.06
 --> Site =   38 .. Mmps =   25 Ndav =  11 E =   -143.6426262296 Error = 8.74e-19 FLOPS = 1.23e+10 Tdav = 0.00 T = 0.06
 --> Site =   39 .. Mmps =   25 Ndav =  13 E =   -143.6426433122 Error = 7.92e-19 FLOPS = 1.19e+10 Tdav = 0.00 T = 0.06
 --> Site =   40 .. Mmps =   25 Ndav =  14 E =   -143.6426681164 Error = 1.17e-19 FLOPS = 1.18e+10 Tdav = 0.00 T = 0.07
 --> Site =   41 .. Mmps =   25 Ndav =  11 E =   -143.6426748025 Error = 2.76e-19 FLOPS = 1.25e+10 Tdav = 0.00 T = 0.06
 --> Site =   42 .. Mmps =   25 Ndav =  13 E =   -143.6426929445 Error = 2.67e-19 FLOPS = 1.22e+10 Tdav = 0.00 T = 0.07
 --> Site =   43 .. Mmps =   25 Ndav =  10 E =   -143.6427148911 Error = 3.22e-19 FLOPS = 1.27e+10 Tdav = 0.00 T = 0.08
 --> Site =   44 .. Mmps =   25 Ndav =  12 E =   -143.6427352112 Error = 2.50e-19 FLOPS = 1.24e+10 Tdav = 0.00 T = 0.07
 --> Site =   45 .. Mmps =   25 Ndav =  10 E =   -143.6427439518 Error = 6.08e-19 FLOPS = 1.27e+10 Tdav = 0.00 T = 0.07
 --> Site =   46 .. Mmps =   25 Ndav =  12 E =   -143.6427589480 Error = 6.90e-19 FLOPS = 1.24e+10 Tdav = 0.00 T = 0.08
 --> Site =   47 .. Mmps =   25 Ndav =  13 E =   -143.6427719463 Error = 5.63e-19 FLOPS = 1.22e+10 Tdav = 0.00 T = 0.07
 --> Site =   48 .. Mmps =   25 Ndav =  11 E =   -143.6427835426 Error = 7.01e-19 FLOPS = 1.26e+10 Tdav = 0.00 T = 0.08
 --> Site =   49 .. Mmps =   25 Ndav =  13 E =   -143.6427943799 Error = 6.88e-19 FLOPS = 1.23e+10 Tdav = 0.00 T = 0.09
 --> Site =   50 .. Mmps =   25 Ndav =  13 E =   -143.6428015046 Error = 5.49e-20 FLOPS = 1.24e+10 Tdav = 0.00 T = 0.07
 --> Site =   51 .. Mmps =   25 Ndav =  16 E =   -143.6428175744 Error = 3.65e-19 FLOPS = 1.17e+10 Tdav = 0.01 T = 0.08
 --> Site =   52 .. Mmps =   25 Ndav =  12 E =   -143.6428374391 Error = 1.23e-18 FLOPS = 1.25e+10 Tdav = 0.00 T = 0.08
 --> Site =   53 .. Mmps =   25 Ndav =  16 E =   -143.6428654253 Error = 4.21e-19 FLOPS = 1.19e+10 Tdav = 0.01 T = 0.08
 --> Site =   54 .. Mmps =   25 Ndav =  13 E =   -143.6428858800 Error = 9.80e-19 FLOPS = 1.25e+10 Tdav = 0.00 T = 0.08
 --> Site =   55 .. Mmps =   25 Ndav =  14 E =   -143.6428938755 Error = 7.64e-19 FLOPS = 1.24e+10 Tdav = 0.01 T = 0.08
 --> Site =   56 .. Mmps =   25 Ndav =  11 E =   -143.6429063648 Error = 1.76e-18 FLOPS = 1.29e+10 Tdav = 0.00 T = 0.08
 --> Site =   57 .. Mmps =   25 Ndav =  13 E =   -143.6429158520 Error = 3.21e-19 FLOPS = 1.26e+10 Tdav = 0.01 T = 0.08
 --> Site =   58 .. Mmps =   25 Ndav =  11 E =   -143.6429213039 Error = 3.71e-20 FLOPS = 1.29e+10 Tdav = 0.00 T = 0.08
 --> Site =   59 .. Mmps =   25 Ndav =  13 E =   -143.6429264478 Error = 3.06e-19 FLOPS = 1.27e+10 Tdav = 0.01 T = 0.08
 --> Site =   60 .. Mmps =   25 Ndav =  11 E =   -143.6429382508 Error = 1.67e-18 FLOPS = 1.30e+10 Tdav = 0.00 T = 0.08
 --> Site =   61 .. Mmps =   25 Ndav =  13 E =   -143.6429475242 Error = 1.19e-19 FLOPS = 1.27e+10 Tdav = 0.01 T = 0.08
 --> Site =   62 .. Mmps =   25 Ndav =  13 E =   -143.6429635460 Error = 1.00e-20 FLOPS = 1.26e+10 Tdav = 0.01 T = 0.08
 --> Site =   63 .. Mmps =   25 Ndav =  18 E =   -143.6429871418 Error = 6.98e-20 FLOPS = 1.16e+10 Tdav = 0.01 T = 0.09
 --> Site =   64 .. Mmps =   25 Ndav =  11 E =   -143.6429990664 Error = 1.88e-19 FLOPS = 1.29e+10 Tdav = 0.00 T = 0.09
 --> Site =   65 .. Mmps =   25 Ndav =  14 E =   -143.6430215376 Error = 6.40e-19 FLOPS = 1.25e+10 Tdav = 0.01 T = 0.08
 --> Site =   66 .. Mmps =   25 Ndav =  11 E =   -143.6430389862 Error = 2.89e-19 FLOPS = 1.31e+10 Tdav = 0.00 T = 0.08
 --> Site =   67 .. Mmps =   25 Ndav =  12 E =   -143.6430477731 Error = 2.42e-19 FLOPS = 1.29e+10 Tdav = 0.00 T = 0.08
 --> Site =   68 .. Mmps =   25 Ndav =  14 E =   -143.6430621322 Error = 1.92e-19 FLOPS = 1.26e+10 Tdav = 0.01 T = 0.09
 --> Site =   69 .. Mmps =   25 Ndav =   9 E =   -143.6430699999 Error = 4.89e-19 FLOPS = 1.33e+10 Tdav = 0.00 T = 0.08
 --> Site =   70 .. Mmps =   25 Ndav =  12 E =   -143.6430848242 Error = 1.07e-19 FLOPS = 1.29e+10 Tdav = 0.00 T = 0.09
 --> Site =   71 .. Mmps =   25 Ndav =  13 E =   -143.6430959252 Error = 7.65e-19 FLOPS = 1.28e+10 Tdav = 0.01 T = 0.09
 --> Site =   72 .. Mmps =   25 Ndav =  12 E =   -143.6431092939 Error = 7.83e-20 FLOPS = 1.29e+10 Tdav = 0.00 T = 0.08
 --> Site =   73 .. Mmps =   25 Ndav =  10 E =   -143.6431247826 Error = 5.60e-20 FLOPS = 1.32e+10 Tdav = 0.00 T = 0.08
 --> Site =   74 .. Mmps =   25 Ndav =  12 E =   -143.6431350677 Error = 3.19e-19 FLOPS = 1.29e+10 Tdav = 0.00 T = 0.09
 --> Site =   75 .. Mmps =   25 Ndav =  11 E =   -143.6431443913 Error = 4.46e-19 FLOPS = 1.32e+10 Tdav = 0.00 T = 0.08
 --> Site =   76 .. Mmps =   25 Ndav =  11 E =   -143.6431535154 Error = 2.37e-19 FLOPS = 1.31e+10 Tdav = 0.00 T = 0.09
 --> Site =   77 .. Mmps =   25 Ndav =  15 E =   -143.6431790982 Error = 6.42e-19 FLOPS = 1.23e+10 Tdav = 0.01 T = 0.09
 --> Site =   78 .. Mmps =   25 Ndav =  11 E =   -143.6431972288 Error = 2.27e-19 FLOPS = 1.30e+10 Tdav = 0.00 T = 0.09
 --> Site =   79 .. Mmps =   25 Ndav =  17 E =   -143.6432166056 Error = 4.50e-19 FLOPS = 1.19e+10 Tdav = 0.01 T = 0.09
 --> Site =   80 .. Mmps =   25 Ndav =  13 E =   -143.6432346244 Error = 3.09e-20 FLOPS = 1.28e+10 Tdav = 0.01 T = 0.09
 --> Site =   81 .. Mmps =   25 Ndav =  14 E =   -143.6432464193 Error = 1.03e-19 FLOPS = 1.26e+10 Tdav = 0.01 T = 0.09
 --> Site =   82 .. Mmps =   25 Ndav =  11 E =   -143.6432593207 Error = 4.21e-20 FLOPS = 1.30e+10 Tdav = 0.00 T = 0.09
 --> Site =   83 .. Mmps =   25 Ndav =  13 E =   -143.6432684088 Error = 1.25e-20 FLOPS = 1.27e+10 Tdav = 0.01 T = 0.09
 --> Site =   84 .. Mmps =   25 Ndav =  11 E =   -143.6432715229 Error = 2.26e-18 FLOPS = 1.30e+10 Tdav = 0.00 T = 0.09
 --> Site =   85 .. Mmps =   25 Ndav =  13 E =   -143.6432772774 Error = 1.07e-18 FLOPS = 1.27e+10 Tdav = 0.01 T = 0.09
 --> Site =   86 .. Mmps =   25 Ndav =  11 E =   -143.6432834415 Error = 9.96e-19 FLOPS = 1.31e+10 Tdav = 0.00 T = 0.09
 --> Site =   87 .. Mmps =   25 Ndav =  13 E =   -143.6432895186 Error = 9.99e-20 FLOPS = 1.28e+10 Tdav = 0.01 T = 0.09
 --> Site =   88 .. Mmps =   25 Ndav =  12 E =   -143.6433009307 Error = 4.32e-19 FLOPS = 1.30e+10 Tdav = 0.00 T = 0.09
 --> Site =   89 .. Mmps =   25 Ndav =  17 E =   -143.6433186704 Error = 1.09e-19 FLOPS = 1.20e+10 Tdav = 0.01 T = 0.09
 --> Site =   90 .. Mmps =   25 Ndav =  13 E =   -143.6433397963 Error = 5.41e-19 FLOPS = 1.27e+10 Tdav = 0.01 T = 0.09
 --> Site =   91 .. Mmps =   25 Ndav =  14 E =   -143.6433511029 Error = 5.36e-20 FLOPS = 1.26e+10 Tdav = 0.01 T = 0.09
 --> Site =   92 .. Mmps =   25 Ndav =  11 E =   -143.6433739464 Error = 1.30e-19 FLOPS = 1.32e+10 Tdav = 0.00 T = 0.09
 --> Site =   93 .. Mmps =   25 Ndav =  11 E =   -143.6433831339 Error = 6.81e-19 FLOPS = 1.31e+10 Tdav = 0.00 T = 0.11
 --> Site =   94 .. Mmps =   25 Ndav =  12 E =   -143.6433945122 Error = 5.09e-19 FLOPS = 1.29e+10 Tdav = 0.00 T = 0.08
 --> Site =   95 .. Mmps =   25 Ndav =  12 E =   -143.6434033051 Error = 1.08e-19 FLOPS = 1.29e+10 Tdav = 0.00 T = 0.08
 --> Site =   96 .. Mmps =   25 Ndav =  12 E =   -143.6434158910 Error = 3.94e-20 FLOPS = 1.29e+10 Tdav = 0.00 T = 0.08
 --> Site =   97 .. Mmps =   25 Ndav =  14 E =   -143.6434278520 Error = 8.24e-20 FLOPS = 1.25e+10 Tdav = 0.01 T = 0.09
 --> Site =   98 .. Mmps =   25 Ndav =  11 E =   -143.6434376963 Error = 1.15e-19 FLOPS = 1.31e+10 Tdav = 0.00 T = 0.08
 --> Site =   99 .. Mmps =   25 Ndav =  10 E =   -143.6434460994 Error = 4.98e-19 FLOPS = 1.32e+10 Tdav = 0.00 T = 0.08
 --> Site =  100 .. Mmps =   25 Ndav =  12 E =   -143.6434593092 Error = 6.61e-19 FLOPS = 1.29e+10 Tdav = 0.00 T = 0.09
 --> Site =  101 .. Mmps =   25 Ndav =  13 E =   -143.6434685138 Error = 3.87e-19 FLOPS = 1.28e+10 Tdav = 0.01 T = 0.09
 --> Site =  102 .. Mmps =   25 Ndav =  12 E =   -143.6434730444 Error = 2.49e-19 FLOPS = 1.29e+10 Tdav = 0.00 T = 0.09
 --> Site =  103 .. Mmps =   25 Ndav =  15 E =   -143.6434974437 Error = 2.95e-19 FLOPS = 1.23e+10 Tdav = 0.01 T = 0.09
 --> Site =  104 .. Mmps =   25 Ndav =  12 E =   -143.6435136371 Error = 3.99e-20 FLOPS = 1.28e+10 Tdav = 0.00 T = 0.10
 --> Site =  105 .. Mmps =   25 Ndav =  16 E =   -143.6435280098 Error = 1.36e-19 FLOPS = 1.20e+10 Tdav = 0.01 T = 0.08
 --> Site =  106 .. Mmps =   25 Ndav =  12 E =   -143.6435422288 Error = 4.32e-20 FLOPS = 1.28e+10 Tdav = 0.00 T = 0.09
 --> Site =  107 .. Mmps =   25 Ndav =  14 E =   -143.6435524675 Error = 1.88e-19 FLOPS = 1.23e+10 Tdav = 0.01 T = 0.10
 --> Site =  108 .. Mmps =   25 Ndav =  10 E =   -143.6435619360 Error = 1.44e-20 FLOPS = 1.30e+10 Tdav = 0.00 T = 0.08
 --> Site =  109 .. Mmps =   25 Ndav =  14 E =   -143.6435703813 Error = 5.95e-19 FLOPS = 1.23e+10 Tdav = 0.01 T = 0.08
 --> Site =  110 .. Mmps =   25 Ndav =  11 E =   -143.6435741542 Error = 2.52e-18 FLOPS = 1.28e+10 Tdav = 0.00 T = 0.08
 --> Site =  111 .. Mmps =   25 Ndav =  13 E =   -143.6435783444 Error = 4.21e-19 FLOPS = 1.25e+10 Tdav = 0.00 T = 0.08
 --> Site =  112 .. Mmps =   25 Ndav =  10 E =   -143.6435872200 Error = 2.26e-20 FLOPS = 1.31e+10 Tdav = 0.00 T = 0.08
 --> Site =  113 .. Mmps =   25 Ndav =  14 E =   -143.6435987005 Error = 2.10e-19 FLOPS = 1.23e+10 Tdav = 0.01 T = 0.08
 --> Site =  114 .. Mmps =   25 Ndav =  12 E =   -143.6436118792 Error = 1.67e-20 FLOPS = 1.28e+10 Tdav = 0.00 T = 0.08
 --> Site =  115 .. Mmps =   25 Ndav =  18 E =   -143.6436404862 Error = 4.63e-19 FLOPS = 1.13e+10 Tdav = 0.01 T = 0.08
 --> Site =  116 .. Mmps =   25 Ndav =  12 E =   -143.6436570677 Error = 2.72e-20 FLOPS = 1.26e+10 Tdav = 0.00 T = 0.08
 --> Site =  117 .. Mmps =   25 Ndav =  14 E =   -143.6436687124 Error = 1.40e-18 FLOPS = 1.21e+10 Tdav = 0.01 T = 0.07
 --> Site =  118 .. Mmps =   25 Ndav =  11 E =   -143.6436940297 Error = 1.10e-19 FLOPS = 1.27e+10 Tdav = 0.00 T = 0.09
 --> Site =  119 .. Mmps =   25 Ndav =  12 E =   -143.6437064313 Error = 7.80e-19 FLOPS = 1.25e+10 Tdav = 0.00 T = 0.07
 --> Site =  120 .. Mmps =   25 Ndav =  12 E =   -143.6437168742 Error = 6.98e-20 FLOPS = 1.24e+10 Tdav = 0.00 T = 0.07
 --> Site =  121 .. Mmps =   25 Ndav =  13 E =   -143.6437206527 Error = 5.35e-19 FLOPS = 1.22e+10 Tdav = 0.00 T = 0.08
 --> Site =  122 .. Mmps =   25 Ndav =  12 E =   -143.6437332688 Error = 6.52e-20 FLOPS = 1.24e+10 Tdav = 0.00 T = 0.07
 --> Site =  123 .. Mmps =   25 Ndav =  13 E =   -143.6437458509 Error = 4.06e-19 FLOPS = 1.21e+10 Tdav = 0.00 T = 0.07
 --> Site =  124 .. Mmps =   25 Ndav =  11 E =   -143.6437565746 Error = 3.65e-19 FLOPS = 1.26e+10 Tdav = 0.00 T = 0.07
 --> Site =  125 .. Mmps =   25 Ndav =  12 E =   -143.6437702139 Error = 4.84e-19 FLOPS = 1.24e+10 Tdav = 0.00 T = 0.07
 --> Site =  126 .. Mmps =   25 Ndav =  12 E =   -143.6438005001 Error = 1.55e-19 FLOPS = 1.23e+10 Tdav = 0.00 T = 0.07
 --> Site =  127 .. Mmps =   25 Ndav =   9 E =   -143.6438077662 Error = 1.72e-18 FLOPS = 1.27e+10 Tdav = 0.00 T = 0.06
 --> Site =  128 .. Mmps =   25 Ndav =  12 E =   -143.6438189279 Error = 2.93e-19 FLOPS = 1.21e+10 Tdav = 0.00 T = 0.06
 --> Site =  129 .. Mmps =   25 Ndav =  15 E =   -143.6438528690 Error = 1.89e-19 FLOPS = 1.14e+10 Tdav = 0.01 T = 0.06
 --> Site =  130 .. Mmps =   25 Ndav =  11 E =   -143.6438723197 Error = 2.33e-19 FLOPS = 1.23e+10 Tdav = 0.00 T = 0.06
 --> Site =  131 .. Mmps =   25 Ndav =  16 E =   -143.6438883646 Error = 6.03e-19 FLOPS = 1.10e+10 Tdav = 0.01 T = 0.06
 --> Site =  132 .. Mmps =   25 Ndav =  12 E =   -143.6439071069 Error = 6.01e-19 FLOPS = 1.20e+10 Tdav = 0.00 T = 0.06
 --> Site =  133 .. Mmps =   25 Ndav =  14 E =   -143.6439224466 Error = 1.23e-19 FLOPS = 1.14e+10 Tdav = 0.00 T = 0.06
 --> Site =  134 .. Mmps =   25 Ndav =  11 E =   -143.6439362594 Error = 3.83e-19 FLOPS = 1.20e+10 Tdav = 0.00 T = 0.12
 --> Site =  135 .. Mmps =   25 Ndav =  14 E =   -143.6439462044 Error = 3.48e-19 FLOPS = 1.12e+10 Tdav = 0.00 T = 0.06
 --> Site =  136 .. Mmps =   25 Ndav =  13 E =   -143.6439577019 Error = 1.01e-19 FLOPS = 1.14e+10 Tdav = 0.00 T = 0.05
 --> Site =  137 .. Mmps =   25 Ndav =  15 E =   -143.6439814813 Error = 3.63e-19 FLOPS = 1.08e+10 Tdav = 0.00 T = 0.05
 --> Site =  138 .. Mmps =   25 Ndav =  12 E =   -143.6439986437 Error = 1.52e-18 FLOPS = 1.16e+10 Tdav = 0.00 T = 0.05
 --> Site =  139 .. Mmps =   25 Ndav =  14 E =   -143.6440039964 Error = 7.24e-20 FLOPS = 1.09e+10 Tdav = 0.00 T = 0.05
 --> Site =  140 .. Mmps =   25 Ndav =  13 E =   -143.6440181081 Error = 4.53e-20 FLOPS = 1.11e+10 Tdav = 0.00 T = 0.05
 --> Site =  141 .. Mmps =   25 Ndav =  15 E =   -143.6440423653 Error = 7.95e-20 FLOPS = 1.04e+10 Tdav = 0.00 T = 0.05
 --> Site =  142 .. Mmps =   25 Ndav =  12 E =   -143.6440547328 Error = 5.08e-21 FLOPS = 1.12e+10 Tdav = 0.00 T = 0.04
 --> Site =  143 .. Mmps =   25 Ndav =  13 E =   -143.6440704936 Error = 5.61e-19 FLOPS = 1.08e+10 Tdav = 0.00 T = 0.04
 --> Site =  144 .. Mmps =   25 Ndav =  12 E =   -143.6440794308 Error = 2.01e-19 FLOPS = 1.09e+10 Tdav = 0.00 T = 0.04
 --> Site =  145 .. Mmps =   25 Ndav =  11 E =   -143.6440828263 Error = 3.63e-19 FLOPS = 1.12e+10 Tdav = 0.00 T = 0.04
 --> Site =  146 .. Mmps =   25 Ndav =  11 E =   -143.6440864821 Error = 1.44e-19 FLOPS = 1.10e+10 Tdav = 0.00 T = 0.04
 --> Site =  147 .. Mmps =   25 Ndav =  10 E =   -143.6440941081 Error = 1.23e-19 FLOPS = 1.11e+10 Tdav = 0.00 T = 0.04
 --> Site =  148 .. Mmps =   25 Ndav =  12 E =   -143.6440998512 Error = 3.36e-19 FLOPS = 1.04e+10 Tdav = 0.00 T = 0.04
 --> Site =  149 .. Mmps =   25 Ndav =   8 E =   -143.6441045353 Error = 2.12e-19 FLOPS = 1.12e+10 Tdav = 0.00 T = 0.03
 --> Site =  150 .. Mmps =   25 Ndav =  10 E =   -143.6441098117 Error = 7.62e-20 FLOPS = 1.05e+10 Tdav = 0.00 T = 0.03
 --> Site =  151 .. Mmps =   25 Ndav =  12 E =   -143.6441168325 Error = 2.86e-19 FLOPS = 9.87e+09 Tdav = 0.00 T = 0.03
 --> Site =  152 .. Mmps =   25 Ndav =  10 E =   -143.6441210564 Error = 2.38e-19 FLOPS = 1.03e+10 Tdav = 0.00 T = 0.03
 --> Site =  153 .. Mmps =   25 Ndav =  13 E =   -143.6441304355 Error = 2.89e-19 FLOPS = 9.08e+09 Tdav = 0.00 T = 0.03
 --> Site =  154 .. Mmps =   25 Ndav =  10 E =   -143.6441412121 Error = 3.45e-19 FLOPS = 9.87e+09 Tdav = 0.00 T = 0.03
 --> Site =  155 .. Mmps =   25 Ndav =  14 E =   -143.6441603211 Error = 6.64e-19 FLOPS = 8.30e+09 Tdav = 0.00 T = 0.03
 --> Site =  156 .. Mmps =   25 Ndav =  10 E =   -143.6441864030 Error = 2.66e-19 FLOPS = 9.33e+09 Tdav = 0.00 T = 0.03
 --> Site =  157 .. Mmps =   25 Ndav =  19 E =   -143.6442293566 Error = 5.09e-19 FLOPS = 6.15e+09 Tdav = 0.00 T = 0.03
 --> Site =  158 .. Mmps =   25 Ndav =  11 E =   -143.6442349887 Error = 3.51e-19 FLOPS = 8.34e+09 Tdav = 0.00 T = 0.03
 --> Site =  159 .. Mmps =   25 Ndav =  16 E =   -143.6442570982 Error = 6.33e-20 FLOPS = 6.35e+09 Tdav = 0.00 T = 0.04
 --> Site =  160 .. Mmps =   25 Ndav =  12 E =   -143.6442608102 Error = 3.36e-19 FLOPS = 7.20e+09 Tdav = 0.00 T = 0.03
 --> Site =  161 .. Mmps =   25 Ndav =  18 E =   -143.6442668374 Error = 2.03e-19 FLOPS = 5.02e+09 Tdav = 0.00 T = 0.03
 --> Site =  162 .. Mmps =   25 Ndav =   9 E =   -143.6442673645 Error = 3.18e-20 FLOPS = 7.08e+09 Tdav = 0.00 T = 0.03
 --> Site =  163 .. Mmps =   25 Ndav =  10 E =   -143.6442673951 Error = 2.98e-21 FLOPS = 6.49e+09 Tdav = 0.00 T = 0.03
 --> Site =  164 .. Mmps =   25 Ndav =   6 E =   -143.6442674024 Error = 3.60e-25 FLOPS = 5.43e+09 Tdav = 0.00 T = 0.03
 --> Site =  165 .. Mmps =   25 Ndav =   1 E =   -143.6442674024 Error = 2.88e-50 FLOPS = 1.40e+09 Tdav = 0.00 T = 0.03
 --> Site =  166 .. Mmps =   25 Ndav =   1 E =   -143.6442674024 Error = 2.59e-76 FLOPS = 7.31e+08 Tdav = 0.00 T = 0.03
 --> Site =  167 .. Mmps =   25 Ndav =   1 E =   -143.6442674024 Error = 1.29e-98 FLOPS = 3.46e+08 Tdav = 0.00 T = 0.03
 --> Site =  168 .. Mmps =   25 Ndav =   1 E =   -143.6442674024 Error = 3.30e-124 FLOPS = 9.88e+07 Tdav = 0.00 T = 0.02
Time elapsed =   2509.197 | E =    -143.6442674024 | DE = -1.98e-03 | DW = 2.89136e-18
Time sweep =       10.570 | 6.87 GFLOP/SWP
 | Dmem = 288 KB (3%) | Imem = 232 B (79%) | Hmem = 1.34 MB | Wmem = 9.77 KB | Pmem = 9.77 KB
 | Tread = 0.216 | Twrite = 0.895 | Tfpread = 0.080 | Tfpwrite = 0.044 | Tmporead = 0.000 | Tasync = 0.000
 | data = 31.0 MB | cpsd = 23.8 MB
 | Trot = 0.056 | Tctr = 0.009 | Tint = 0.007 | Tmid = 0.000 | Tdctr = 0.129 | Tdiag = 0.024 | Tinfo = 0.176
 | Teff = 5.098 | Tprt = 0.120 | Teig = 0.621 | Tblk = 8.926 | Tmve = 1.636 | Tdm = 0.003 | Tsplt = 0.040 | Tsvd = 0.000 | Torth = 0.000

Sweep =    6 | Direction = backward | Bond dimension =  550 | Noise =  1.00e-05 | Dav threshold =  1.00e-10
 <-- Site =  168 .. Mmps =    2 Ndav =   1 E =   -143.6442674024 Error = 0.00e+00 FLOPS = 1.19e+08 Tdav = 0.00 T = 0.02
 <-- Site =  167 .. Mmps =    4 Ndav =   1 E =   -143.6442674024 Error = 0.00e+00 FLOPS = 3.89e+08 Tdav = 0.00 T = 0.03
 <-- Site =  166 .. Mmps =    8 Ndav =   1 E =   -143.6442674024 Error = 0.00e+00 FLOPS = 7.46e+08 Tdav = 0.00 T = 0.03
 <-- Site =  165 .. Mmps =   16 Ndav =   1 E =   -143.6442674024 Error = 0.00e+00 FLOPS = 1.49e+09 Tdav = 0.00 T = 0.02
 <-- Site =  164 .. Mmps =   29 Ndav =   1 E =   -143.6442674024 Error = 0.00e+00 FLOPS = 2.45e+09 Tdav = 0.00 T = 0.02
 <-- Site =  163 .. Mmps =   42 Ndav =   4 E =   -143.6442674026 Error = 0.00e+00 FLOPS = 6.79e+09 Tdav = 0.00 T = 0.03
 <-- Site =  162 .. Mmps =   56 Ndav =   4 E =   -143.6442674034 Error = 0.00e+00 FLOPS = 9.24e+09 Tdav = 0.00 T = 0.03
 <-- Site =  161 .. Mmps =   69 Ndav =   7 E =   -143.6442674266 Error = 0.00e+00 FLOPS = 1.13e+10 Tdav = 0.00 T = 0.03
 <-- Site =  160 .. Mmps =   82 Ndav =  10 E =   -143.6442676247 Error = 0.00e+00 FLOPS = 1.11e+10 Tdav = 0.00 T = 0.04
 <-- Site =  159 .. Mmps =   95 Ndav =  13 E =   -143.6442678972 Error = 0.00e+00 FLOPS = 1.08e+10 Tdav = 0.01 T = 0.04
 <-- Site =  158 .. Mmps =  107 Ndav =  10 E =   -143.6442688528 Error = 0.00e+00 FLOPS = 1.32e+10 Tdav = 0.01 T = 0.04
 <-- Site =  157 .. Mmps =  118 Ndav =  16 E =   -143.6442704601 Error = 0.00e+00 FLOPS = 1.12e+10 Tdav = 0.02 T = 0.06
 <-- Site =  156 .. Mmps =  132 Ndav =  12 E =   -143.6442875158 Error = 0.00e+00 FLOPS = 1.47e+10 Tdav = 0.01 T = 0.06
 <-- Site =  155 .. Mmps =  144 Ndav =  14 E =   -143.6443035216 Error = 0.00e+00 FLOPS = 1.48e+10 Tdav = 0.02 T = 0.08
 <-- Site =  154 .. Mmps =  156 Ndav =  12 E =   -143.6443199494 Error = 0.00e+00 FLOPS = 1.71e+10 Tdav = 0.02 T = 0.08
 <-- Site =  153 .. Mmps =  169 Ndav =  13 E =   -143.6443299738 Error = 0.00e+00 FLOPS = 1.68e+10 Tdav = 0.02 T = 0.11
 <-- Site =  152 .. Mmps =  182 Ndav =  12 E =   -143.6443417368 Error = 0.00e+00 FLOPS = 1.79e+10 Tdav = 0.02 T = 0.12
 <-- Site =  151 .. Mmps =  195 Ndav =  10 E =   -143.6443489879 Error = 0.00e+00 FLOPS = 1.88e+10 Tdav = 0.02 T = 0.14
 <-- Site =  150 .. Mmps =  207 Ndav =  10 E =   -143.6443521222 Error = 0.00e+00 FLOPS = 1.93e+10 Tdav = 0.02 T = 0.17
 <-- Site =  149 .. Mmps =  219 Ndav =  12 E =   -143.6443555179 Error = 0.00e+00 FLOPS = 1.83e+10 Tdav = 0.04 T = 0.21
 <-- Site =  148 .. Mmps =  232 Ndav =  10 E =   -143.6443575952 Error = 0.00e+00 FLOPS = 2.00e+10 Tdav = 0.03 T = 0.23
 <-- Site =  147 .. Mmps =  246 Ndav =  12 E =   -143.6443606530 Error = 0.00e+00 FLOPS = 2.01e+10 Tdav = 0.04 T = 0.28
 <-- Site =  146 .. Mmps =  258 Ndav =   9 E =   -143.6443644862 Error = 0.00e+00 FLOPS = 2.08e+10 Tdav = 0.04 T = 0.30
 <-- Site =  145 .. Mmps =  272 Ndav =  12 E =   -143.6443676785 Error = 0.00e+00 FLOPS = 1.97e+10 Tdav = 0.06 T = 0.37
 <-- Site =  144 .. Mmps =  283 Ndav =  11 E =   -143.6443691430 Error = 0.00e+00 FLOPS = 1.96e+10 Tdav = 0.06 T = 0.42
 <-- Site =  143 .. Mmps =  297 Ndav =  12 E =   -143.6443721265 Error = 0.00e+00 FLOPS = 1.89e+10 Tdav = 0.08 T = 0.50
 <-- Site =  142 .. Mmps =  308 Ndav =  11 E =   -143.6443781152 Error = 0.00e+00 FLOPS = 1.94e+10 Tdav = 0.08 T = 0.54
 <-- Site =  141 .. Mmps =  321 Ndav =  13 E =   -143.6443839106 Error = 0.00e+00 FLOPS = 1.90e+10 Tdav = 0.11 T = 0.64
 <-- Site =  140 .. Mmps =  331 Ndav =  11 E =   -143.6443871990 Error = 0.00e+00 FLOPS = 1.99e+10 Tdav = 0.10 T = 0.70
 <-- Site =  139 .. Mmps =  344 Ndav =  14 E =   -143.6443906480 Error = 0.00e+00 FLOPS = 1.90e+10 Tdav = 0.14 T = 0.84
 <-- Site =  138 .. Mmps =  355 Ndav =  11 E =   -143.6443939052 Error = 0.00e+00 FLOPS = 2.07e+10 Tdav = 0.12 T = 0.87
 <-- Site =  137 .. Mmps =  368 Ndav =  14 E =   -143.6443984006 Error = 0.00e+00 FLOPS = 1.96e+10 Tdav = 0.17 T = 1.07
 <-- Site =  136 .. Mmps =  383 Ndav =  11 E =   -143.6444025619 Error = 0.00e+00 FLOPS = 2.13e+10 Tdav = 0.13 T = 1.10
 <-- Site =  135 .. Mmps =  395 Ndav =  13 E =   -143.6444060947 Error = 0.00e+00 FLOPS = 2.03e+10 Tdav = 0.19 T = 1.33
 <-- Site =  134 .. Mmps =  407 Ndav =  12 E =   -143.6444108703 Error = 0.00e+00 FLOPS = 1.98e+10 Tdav = 0.19 T = 1.48
 <-- Site =  133 .. Mmps =  420 Ndav =  14 E =   -143.6444160929 Error = 0.00e+00 FLOPS = 1.92e+10 Tdav = 0.25 T = 1.63
 <-- Site =  132 .. Mmps =  432 Ndav =  11 E =   -143.6444202276 Error = 0.00e+00 FLOPS = 2.06e+10 Tdav = 0.20 T = 1.71
 <-- Site =  131 .. Mmps =  446 Ndav =  16 E =   -143.6444394983 Error = 0.00e+00 FLOPS = 1.98e+10 Tdav = 0.33 T = 1.97
 <-- Site =  130 .. Mmps =  459 Ndav =  10 E =   -143.6444472724 Error = 0.00e+00 FLOPS = 2.04e+10 Tdav = 0.22 T = 2.06
 <-- Site =  129 .. Mmps =  472 Ndav =  13 E =   -143.6444532643 Error = 0.00e+00 FLOPS = 1.99e+10 Tdav = 0.31 T = 2.34
 <-- Site =  128 .. Mmps =  484 Ndav =  12 E =   -143.6444760032 Error = 0.00e+00 FLOPS = 2.07e+10 Tdav = 0.30 T = 2.52
 <-- Site =  127 .. Mmps =  497 Ndav =  12 E =   -143.6444839514 Error = 0.00e+00 FLOPS = 2.08e+10 Tdav = 0.32 T = 2.74
 <-- Site =  126 .. Mmps =  512 Ndav =  11 E =   -143.6444923514 Error = 0.00e+00 FLOPS = 2.08e+10 Tdav = 0.32 T = 2.93
 <-- Site =  125 .. Mmps =  523 Ndav =  12 E =   -143.6444970901 Error = 0.00e+00 FLOPS = 2.03e+10 Tdav = 0.38 T = 3.32
 <-- Site =  124 .. Mmps =  536 Ndav =  13 E =   -143.6445255668 Error = 0.00e+00 FLOPS = 1.99e+10 Tdav = 0.44 T = 3.56
 <-- Site =  123 .. Mmps =  550 Ndav =  13 E =   -143.6445352833 Error = 2.93e-33 FLOPS = 2.03e+10 Tdav = 0.45 T = 3.76
 <-- Site =  122 .. Mmps =  550 Ndav =  12 E =   -143.6445473757 Error = 2.53e-31 FLOPS = 2.04e+10 Tdav = 0.45 T = 4.06
 <-- Site =  121 .. Mmps =  550 Ndav =  13 E =   -143.6445528757 Error = 6.01e-32 FLOPS = 2.02e+10 Tdav = 0.49 T = 4.20
 <-- Site =  120 .. Mmps =  550 Ndav =  11 E =   -143.6445559987 Error = 1.23e-31 FLOPS = 2.06e+10 Tdav = 0.41 T = 4.19
 <-- Site =  119 .. Mmps =  550 Ndav =  12 E =   -143.6445586139 Error = 5.37e-32 FLOPS = 2.05e+10 Tdav = 0.46 T = 4.34
 <-- Site =  118 .. Mmps =  550 Ndav =  11 E =   -143.6445627738 Error = 8.81e-32 FLOPS = 2.06e+10 Tdav = 0.42 T = 4.36
 <-- Site =  117 .. Mmps =  550 Ndav =  17 E =   -143.6445783443 Error = 4.69e-32 FLOPS = 1.97e+10 Tdav = 0.70 T = 4.65
 <-- Site =  116 .. Mmps =  550 Ndav =  11 E =   -143.6445903257 Error = 3.30e-32 FLOPS = 2.06e+10 Tdav = 0.43 T = 4.42
 <-- Site =  115 .. Mmps =  550 Ndav =  17 E =   -143.6446102714 Error = 4.04e-32 FLOPS = 1.97e+10 Tdav = 0.71 T = 4.78
 <-- Site =  114 .. Mmps =  550 Ndav =  12 E =   -143.6446247635 Error = 5.42e-32 FLOPS = 2.05e+10 Tdav = 0.49 T = 4.65
 <-- Site =  113 .. Mmps =  550 Ndav =  15 E =   -143.6446359617 Error = 9.00e-32 FLOPS = 2.01e+10 Tdav = 0.63 T = 4.81
 <-- Site =  112 .. Mmps =  550 Ndav =  11 E =   -143.6446454752 Error = 8.37e-32 FLOPS = 2.07e+10 Tdav = 0.45 T = 4.63
 <-- Site =  111 .. Mmps =  550 Ndav =  14 E =   -143.6446537596 Error = 5.97e-32 FLOPS = 2.03e+10 Tdav = 0.58 T = 4.77
 <-- Site =  110 .. Mmps =  550 Ndav =  11 E =   -143.6446602133 Error = 7.14e-32 FLOPS = 2.07e+10 Tdav = 0.45 T = 4.64
 <-- Site =  109 .. Mmps =  550 Ndav =  12 E =   -143.6446652800 Error = 4.06e-32 FLOPS = 2.06e+10 Tdav = 0.49 T = 4.70
 <-- Site =  108 .. Mmps =  550 Ndav =  11 E =   -143.6446689268 Error = 4.22e-32 FLOPS = 2.07e+10 Tdav = 0.45 T = 4.64
 <-- Site =  107 .. Mmps =  550 Ndav =  13 E =   -143.6446753645 Error = 2.88e-32 FLOPS = 2.04e+10 Tdav = 0.55 T = 4.94
 <-- Site =  106 .. Mmps =  550 Ndav =  12 E =   -143.6446790423 Error = 3.36e-32 FLOPS = 2.06e+10 Tdav = 0.51 T = 4.93
 <-- Site =  105 .. Mmps =  550 Ndav =  17 E =   -143.6446952034 Error = 4.94e-32 FLOPS = 1.98e+10 Tdav = 0.75 T = 5.16
 <-- Site =  104 .. Mmps =  550 Ndav =  12 E =   -143.6447020812 Error = 2.61e-32 FLOPS = 2.06e+10 Tdav = 0.52 T = 4.99
 <-- Site =  103 .. Mmps =  550 Ndav =  13 E =   -143.6447078186 Error = 7.72e-33 FLOPS = 2.05e+10 Tdav = 0.57 T = 5.11
 <-- Site =  102 .. Mmps =  550 Ndav =  13 E =   -143.6447330605 Error = 1.05e-31 FLOPS = 2.05e+10 Tdav = 0.57 T = 5.11
 <-- Site =  101 .. Mmps =  550 Ndav =  12 E =   -143.6447483228 Error = 7.19e-32 FLOPS = 2.06e+10 Tdav = 0.53 T = 5.12
 <-- Site =  100 .. Mmps =  550 Ndav =  11 E =   -143.6447573650 Error = 2.38e-31 FLOPS = 2.08e+10 Tdav = 0.48 T = 5.09
 <-- Site =   99 .. Mmps =  550 Ndav =  13 E =   -143.6447607433 Error = 6.92e-32 FLOPS = 2.05e+10 Tdav = 0.57 T = 5.08
 <-- Site =   98 .. Mmps =  550 Ndav =  12 E =   -143.6447670290 Error = 1.46e-31 FLOPS = 2.06e+10 Tdav = 0.52 T = 5.02
 <-- Site =   97 .. Mmps =  550 Ndav =  12 E =   -143.6447708304 Error = 7.51e-32 FLOPS = 2.07e+10 Tdav = 0.53 T = 5.09
 <-- Site =   96 .. Mmps =  550 Ndav =  11 E =   -143.6447795315 Error = 2.31e-31 FLOPS = 2.08e+10 Tdav = 0.48 T = 5.07
 <-- Site =   95 .. Mmps =  550 Ndav =  13 E =   -143.6447887184 Error = 5.24e-32 FLOPS = 2.05e+10 Tdav = 0.57 T = 5.12
 <-- Site =   94 .. Mmps =  550 Ndav =  11 E =   -143.6447935056 Error = 6.40e-32 FLOPS = 2.08e+10 Tdav = 0.48 T = 5.04
 <-- Site =   93 .. Mmps =  550 Ndav =  12 E =   -143.6447982395 Error = 3.67e-32 FLOPS = 2.06e+10 Tdav = 0.53 T = 5.11
 <-- Site =   92 .. Mmps =  550 Ndav =  11 E =   -143.6448028703 Error = 5.35e-32 FLOPS = 2.08e+10 Tdav = 0.49 T = 5.13
 <-- Site =   91 .. Mmps =  550 Ndav =  17 E =   -143.6448227632 Error = 7.27e-32 FLOPS = 1.99e+10 Tdav = 0.79 T = 5.49
 <-- Site =   90 .. Mmps =  550 Ndav =  13 E =   -143.6448396266 Error = 5.46e-32 FLOPS = 2.05e+10 Tdav = 0.57 T = 5.22
 <-- Site =   89 .. Mmps =  550 Ndav =  17 E =   -143.6448593808 Error = 6.70e-32 FLOPS = 1.99e+10 Tdav = 0.79 T = 5.55
 <-- Site =   88 .. Mmps =  550 Ndav =  13 E =   -143.6448759551 Error = 9.55e-32 FLOPS = 2.05e+10 Tdav = 0.58 T = 5.30
 <-- Site =   87 .. Mmps =  550 Ndav =  15 E =   -143.6448888316 Error = 5.94e-32 FLOPS = 2.02e+10 Tdav = 0.67 T = 5.33
 <-- Site =   86 .. Mmps =  550 Ndav =  11 E =   -143.6448964766 Error = 5.10e-32 FLOPS = 2.08e+10 Tdav = 0.48 T = 5.09
 <-- Site =   85 .. Mmps =  550 Ndav =  14 E =   -143.6449077446 Error = 5.13e-32 FLOPS = 2.04e+10 Tdav = 0.62 T = 5.34
 <-- Site =   84 .. Mmps =  550 Ndav =  11 E =   -143.6449116089 Error = 3.18e-32 FLOPS = 2.08e+10 Tdav = 0.48 T = 5.14
 <-- Site =   83 .. Mmps =  550 Ndav =  13 E =   -143.6449190132 Error = 5.37e-32 FLOPS = 2.05e+10 Tdav = 0.58 T = 5.24
 <-- Site =   82 .. Mmps =  550 Ndav =  11 E =   -143.6449228394 Error = 3.36e-32 FLOPS = 2.07e+10 Tdav = 0.47 T = 5.17
 <-- Site =   81 .. Mmps =  550 Ndav =  15 E =   -143.6449322708 Error = 5.46e-32 FLOPS = 2.02e+10 Tdav = 0.67 T = 5.33
 <-- Site =   80 .. Mmps =  550 Ndav =  11 E =   -143.6449364010 Error = 1.63e-31 FLOPS = 2.07e+10 Tdav = 0.48 T = 5.18
 <-- Site =   79 .. Mmps =  550 Ndav =  17 E =   -143.6449467116 Error = 3.43e-32 FLOPS = 1.99e+10 Tdav = 0.79 T = 5.54
 <-- Site =   78 .. Mmps =  550 Ndav =  12 E =   -143.6449529312 Error = 7.75e-33 FLOPS = 2.07e+10 Tdav = 0.54 T = 5.31
 <-- Site =   77 .. Mmps =  550 Ndav =  12 E =   -143.6449559469 Error = 5.14e-33 FLOPS = 2.06e+10 Tdav = 0.53 T = 5.23
 <-- Site =   76 .. Mmps =  550 Ndav =  12 E =   -143.6449764240 Error = 1.11e-31 FLOPS = 2.07e+10 Tdav = 0.54 T = 5.27
 <-- Site =   75 .. Mmps =  550 Ndav =  12 E =   -143.6449829568 Error = 5.29e-32 FLOPS = 2.07e+10 Tdav = 0.54 T = 5.29
 <-- Site =   74 .. Mmps =  550 Ndav =  13 E =   -143.6450040587 Error = 3.86e-31 FLOPS = 2.05e+10 Tdav = 0.57 T = 5.25
 <-- Site =   73 .. Mmps =  550 Ndav =  12 E =   -143.6450070169 Error = 8.41e-32 FLOPS = 2.06e+10 Tdav = 0.53 T = 5.15
 <-- Site =   72 .. Mmps =  550 Ndav =  11 E =   -143.6450109556 Error = 2.58e-31 FLOPS = 2.08e+10 Tdav = 0.48 T = 5.23
 <-- Site =   71 .. Mmps =  550 Ndav =  12 E =   -143.6450151628 Error = 1.01e-31 FLOPS = 2.07e+10 Tdav = 0.53 T = 5.11
 <-- Site =   70 .. Mmps =  550 Ndav =  12 E =   -143.6450262543 Error = 2.05e-31 FLOPS = 2.06e+10 Tdav = 0.53 T = 5.16
 <-- Site =   69 .. Mmps =  550 Ndav =  13 E =   -143.6450364739 Error = 4.22e-32 FLOPS = 2.05e+10 Tdav = 0.57 T = 5.10
 <-- Site =   68 .. Mmps =  550 Ndav =  12 E =   -143.6450415049 Error = 4.08e-32 FLOPS = 2.06e+10 Tdav = 0.53 T = 5.09
 <-- Site =   67 .. Mmps =  550 Ndav =  13 E =   -143.6450476070 Error = 3.28e-32 FLOPS = 2.05e+10 Tdav = 0.57 T = 5.27
 <-- Site =   66 .. Mmps =  550 Ndav =  11 E =   -143.6450520199 Error = 5.66e-32 FLOPS = 2.08e+10 Tdav = 0.48 T = 5.08
 <-- Site =   65 .. Mmps =  550 Ndav =  17 E =   -143.6450682100 Error = 3.30e-32 FLOPS = 1.99e+10 Tdav = 0.78 T = 5.38
 <-- Site =   64 .. Mmps =  550 Ndav =  12 E =   -143.6450839483 Error = 2.75e-32 FLOPS = 2.06e+10 Tdav = 0.52 T = 5.06
 <-- Site =   63 .. Mmps =  550 Ndav =  16 E =   -143.6451005923 Error = 4.02e-32 FLOPS = 2.00e+10 Tdav = 0.71 T = 5.30
 <-- Site =   62 .. Mmps =  550 Ndav =  13 E =   -143.6451160446 Error = 3.46e-32 FLOPS = 2.05e+10 Tdav = 0.56 T = 4.99
 <-- Site =   61 .. Mmps =  550 Ndav =  14 E =   -143.6451248447 Error = 2.72e-32 FLOPS = 2.03e+10 Tdav = 0.61 T = 5.09
 <-- Site =   60 .. Mmps =  550 Ndav =  12 E =   -143.6451338893 Error = 4.31e-32 FLOPS = 2.06e+10 Tdav = 0.51 T = 4.96
 <-- Site =   59 .. Mmps =  550 Ndav =  13 E =   -143.6451416843 Error = 3.38e-32 FLOPS = 2.05e+10 Tdav = 0.56 T = 5.00
 <-- Site =   58 .. Mmps =  550 Ndav =  11 E =   -143.6451459087 Error = 1.88e-32 FLOPS = 2.07e+10 Tdav = 0.46 T = 4.89
 <-- Site =   57 .. Mmps =  550 Ndav =  12 E =   -143.6451488283 Error = 3.43e-32 FLOPS = 2.06e+10 Tdav = 0.50 T = 4.77
 <-- Site =   56 .. Mmps =  550 Ndav =  11 E =   -143.6451537733 Error = 3.23e-32 FLOPS = 2.07e+10 Tdav = 0.45 T = 4.65
 <-- Site =   55 .. Mmps =  550 Ndav =  15 E =   -143.6451574562 Error = 3.32e-32 FLOPS = 2.01e+10 Tdav = 0.64 T = 4.89
 <-- Site =   54 .. Mmps =  550 Ndav =  12 E =   -143.6451701415 Error = 1.06e-31 FLOPS = 2.06e+10 Tdav = 0.49 T = 4.74
 <-- Site =   53 .. Mmps =  550 Ndav =  17 E =   -143.6451815190 Error = 6.44e-32 FLOPS = 1.97e+10 Tdav = 0.73 T = 4.89
 <-- Site =   52 .. Mmps =  550 Ndav =  12 E =   -143.6451926066 Error = 2.09e-32 FLOPS = 2.05e+10 Tdav = 0.48 T = 4.60
 <-- Site =   51 .. Mmps =  550 Ndav =  13 E =   -143.6451986730 Error = 7.57e-33 FLOPS = 2.03e+10 Tdav = 0.52 T = 4.61
 <-- Site =   50 .. Mmps =  550 Ndav =  12 E =   -143.6452180299 Error = 5.08e-32 FLOPS = 2.05e+10 Tdav = 0.47 T = 4.48
 <-- Site =   49 .. Mmps =  550 Ndav =  13 E =   -143.6452285305 Error = 6.62e-32 FLOPS = 2.03e+10 Tdav = 0.52 T = 4.52
 <-- Site =   48 .. Mmps =  550 Ndav =  12 E =   -143.6452456671 Error = 6.18e-31 FLOPS = 2.05e+10 Tdav = 0.46 T = 4.39
 <-- Site =   47 .. Mmps =  550 Ndav =  12 E =   -143.6452482312 Error = 2.07e-31 FLOPS = 2.04e+10 Tdav = 0.46 T = 4.31
 <-- Site =   46 .. Mmps =  550 Ndav =  11 E =   -143.6452544217 Error = 3.19e-31 FLOPS = 2.06e+10 Tdav = 0.41 T = 4.20
 <-- Site =   45 .. Mmps =  550 Ndav =  13 E =   -143.6452591218 Error = 9.99e-32 FLOPS = 2.02e+10 Tdav = 0.49 T = 4.24
 <-- Site =   44 .. Mmps =  550 Ndav =  12 E =   -143.6452671453 Error = 2.51e-31 FLOPS = 2.03e+10 Tdav = 0.44 T = 4.06
 <-- Site =   43 .. Mmps =  550 Ndav =  14 E =   -143.6452697372 Error = 5.73e-32 FLOPS = 2.00e+10 Tdav = 0.52 T = 4.15
 <-- Site =   42 .. Mmps =  550 Ndav =  12 E =   -143.6452819217 Error = 1.38e-31 FLOPS = 2.04e+10 Tdav = 0.44 T = 4.09
 <-- Site =   41 .. Mmps =  550 Ndav =  12 E =   -143.6452867157 Error = 3.43e-32 FLOPS = 2.02e+10 Tdav = 0.43 T = 3.98
 <-- Site =   40 .. Mmps =  550 Ndav =  12 E =   -143.6452956970 Error = 8.59e-32 FLOPS = 2.03e+10 Tdav = 0.42 T = 3.88
 <-- Site =   39 .. Mmps =  550 Ndav =  17 E =   -143.6453195664 Error = 7.46e-32 FLOPS = 1.93e+10 Tdav = 0.61 T = 3.98
 <-- Site =   38 .. Mmps =  550 Ndav =  12 E =   -143.6453385674 Error = 7.08e-32 FLOPS = 2.01e+10 Tdav = 0.40 T = 3.71
 <-- Site =   37 .. Mmps =  550 Ndav =  17 E =   -143.6453627989 Error = 4.35e-32 FLOPS = 1.91e+10 Tdav = 0.59 T = 3.78
 <-- Site =   36 .. Mmps =  550 Ndav =  13 E =   -143.6453862502 Error = 6.84e-32 FLOPS = 1.98e+10 Tdav = 0.42 T = 3.52
 <-- Site =   35 .. Mmps =  550 Ndav =  15 E =   -143.6453986470 Error = 5.88e-32 FLOPS = 1.95e+10 Tdav = 0.48 T = 3.47
 <-- Site =   34 .. Mmps =  550 Ndav =  12 E =   -143.6454098211 Error = 8.93e-32 FLOPS = 2.00e+10 Tdav = 0.37 T = 3.33
 <-- Site =   33 .. Mmps =  550 Ndav =  14 E =   -143.6454186580 Error = 4.25e-32 FLOPS = 1.95e+10 Tdav = 0.43 T = 3.42
 <-- Site =   32 .. Mmps =  550 Ndav =  11 E =   -143.6454269187 Error = 6.03e-32 FLOPS = 2.00e+10 Tdav = 0.32 T = 3.11
 <-- Site =   31 .. Mmps =  550 Ndav =  13 E =   -143.6454330819 Error = 4.37e-32 FLOPS = 1.97e+10 Tdav = 0.37 T = 3.08
 <-- Site =   30 .. Mmps =  550 Ndav =  12 E =   -143.6454373244 Error = 3.38e-32 FLOPS = 1.98e+10 Tdav = 0.33 T = 2.88
 <-- Site =   29 .. Mmps =  550 Ndav =  14 E =   -143.6454406854 Error = 2.70e-32 FLOPS = 1.93e+10 Tdav = 0.38 T = 2.90
 <-- Site =   28 .. Mmps =  550 Ndav =  10 E =   -143.6454430751 Error = 3.32e-32 FLOPS = 2.01e+10 Tdav = 0.25 T = 2.69
 <-- Site =   27 .. Mmps =  550 Ndav =  14 E =   -143.6454487305 Error = 4.15e-32 FLOPS = 1.92e+10 Tdav = 0.36 T = 2.69
 <-- Site =   26 .. Mmps =  550 Ndav =  11 E =   -143.6454551361 Error = 4.37e-32 FLOPS = 1.98e+10 Tdav = 0.27 T = 2.51
 <-- Site =   25 .. Mmps =  550 Ndav =  13 E =   -143.6454589705 Error = 1.84e-32 FLOPS = 1.93e+10 Tdav = 0.31 T = 2.51
 <-- Site =   24 .. Mmps =  550 Ndav =  12 E =   -143.6454643444 Error = 1.40e-31 FLOPS = 1.94e+10 Tdav = 0.28 T = 2.38
 <-- Site =   23 .. Mmps =  550 Ndav =  12 E =   -143.6454670858 Error = 5.55e-32 FLOPS = 1.93e+10 Tdav = 0.27 T = 2.29
 <-- Site =   22 .. Mmps =  550 Ndav =  11 E =   -143.6454693669 Error = 2.31e-31 FLOPS = 1.95e+10 Tdav = 0.23 T = 2.17
 <-- Site =   21 .. Mmps =  550 Ndav =  12 E =   -143.6454716846 Error = 6.74e-32 FLOPS = 1.91e+10 Tdav = 0.25 T = 2.11
 <-- Site =   20 .. Mmps =  550 Ndav =  11 E =   -143.6454758121 Error = 2.05e-31 FLOPS = 1.93e+10 Tdav = 0.22 T = 2.03
 <-- Site =   19 .. Mmps =  550 Ndav =  12 E =   -143.6454786052 Error = 8.26e-32 FLOPS = 1.89e+10 Tdav = 0.23 T = 2.00
 <-- Site =   18 .. Mmps =  550 Ndav =  11 E =   -143.6454830522 Error = 1.78e-31 FLOPS = 1.91e+10 Tdav = 0.20 T = 1.88
 <-- Site =   17 .. Mmps =  550 Ndav =  11 E =   -143.6454859004 Error = 6.98e-32 FLOPS = 1.89e+10 Tdav = 0.19 T = 1.81
 <-- Site =   16 .. Mmps =  550 Ndav =  11 E =   -143.6454912034 Error = 1.24e-31 FLOPS = 1.88e+10 Tdav = 0.18 T = 1.73
 <-- Site =   15 .. Mmps =  550 Ndav =  13 E =   -143.6454964467 Error = 7.57e-32 FLOPS = 1.81e+10 Tdav = 0.21 T = 1.68
 <-- Site =   14 .. Mmps =  550 Ndav =  12 E =   -143.6455040913 Error = 7.20e-32 FLOPS = 1.83e+10 Tdav = 0.18 T = 1.58
 <-- Site =   13 .. Mmps =  550 Ndav =  14 E =   -143.6455146337 Error = 4.42e-32 FLOPS = 1.73e+10 Tdav = 0.21 T = 1.54
 <-- Site =   12 .. Mmps =  550 Ndav =  11 E =   -143.6455284833 Error = 7.06e-32 FLOPS = 1.83e+10 Tdav = 0.15 T = 1.40
 <-- Site =   11 .. Mmps =  550 Ndav =  18 E =   -143.6455576245 Error = 5.17e-32 FLOPS = 1.53e+10 Tdav = 0.27 T = 1.47
 <-- Site =   10 .. Mmps =  550 Ndav =  12 E =   -143.6455637045 Error = 1.28e-31 FLOPS = 1.75e+10 Tdav = 0.15 T = 1.27
 <-- Site =    9 .. Mmps =  550 Ndav =  17 E =   -143.6455678688 Error = 9.62e-32 FLOPS = 1.51e+10 Tdav = 0.22 T = 1.29
 <-- Site =    8 .. Mmps =  550 Ndav =  11 E =   -143.6455683559 Error = 6.87e-32 FLOPS = 1.75e+10 Tdav = 0.11 T = 1.16
 <-- Site =    7 .. Mmps =  550 Ndav =  13 E =   -143.6455684887 Error = 1.48e-32 FLOPS = 1.62e+10 Tdav = 0.13 T = 1.09
 <-- Site =    6 .. Mmps =  550 Ndav =   9 E =   -143.6455685312 Error = 6.40e-33 FLOPS = 1.77e+10 Tdav = 0.08 T = 0.97
 <-- Site =    5 .. Mmps =  550 Ndav =   9 E =   -143.6455685383 Error = 6.32e-34 FLOPS = 1.75e+10 Tdav = 0.07 T = 0.91
 <-- Site =    4 .. Mmps =  550 Ndav =   3 E =   -143.6455685383 Error = 5.42e-36 FLOPS = 1.59e+10 Tdav = 0.01 T = 0.83
 <-- Site =    3 .. Mmps =  550 Ndav =   1 E =   -143.6455685383 Error = 4.64e-57 FLOPS = 8.60e+09 Tdav = 0.00 T = 0.72
 <-- Site =    2 .. Mmps =  550 Ndav =   1 E =   -143.6455685383 Error = 5.24e-69 FLOPS = 5.65e+09 Tdav = 0.00 T = 0.68
 <-- Site =    1 .. Mmps =  550 Ndav =   1 E =   -143.6455685383 Error = 1.41e-71 FLOPS = 3.34e+09 Tdav = 0.00 T = 0.61
 <-- Site =    0 .. Mmps =  550 Ndav =   1 E =   -143.6455685383 Error = 2.35e-70 FLOPS = 2.31e+09 Tdav = 0.00 T = 0.56
Time elapsed =   3039.047 | E =    -143.6455685383 | DE = -1.30e-03 | DW = 6.18250e-31
Time sweep =      529.850 | 1.09 TFLOP/SWP
 | Dmem = 132 MB (0%) | Imem = 232 B (79%) | Hmem = 133 MB | Wmem = 215 KB | Pmem = 215 KB
 | Tread = 45.354 | Twrite = 26.405 | Tfpread = 44.646 | Tfpwrite = 17.181 | Tmporead = 0.000 | Tasync = 0.000
 | data = 13.2 GB | cpsd = 8.20 GB
 | Trot = 167.854 | Tctr = 166.969 | Tint = 0.020 | Tmid = 0.000 | Tdctr = 0.007 | Tdiag = 0.095 | Tinfo = 1.779
 | Teff = 10.553 | Tprt = 4.178 | Teig = 59.734 | Tblk = 120.983 | Tmve = 408.859 | Tdm = 0.677 | Tsplt = 40.996 | Tsvd = 0.000 | Torth = 0.000

Sweep =    7 | Direction =  forward | Bond dimension =  550 | Noise =  1.00e-05 | Dav threshold =  1.00e-10
 --> Site =    0 .. Mmps =    2 Ndav =   1 E =   -143.6455685383 Error = 0.00e+00 FLOPS = 2.36e+09 Tdav = 0.00 T = 0.02
 --> Site =    1 .. Mmps =    4 Ndav =   1 E =   -143.6455685383 Error = 0.00e+00 FLOPS = 3.30e+09 Tdav = 0.00 T = 0.05
 --> Site =    2 .. Mmps =    8 Ndav =   1 E =   -143.6455685383 Error = 0.00e+00 FLOPS = 5.59e+09 Tdav = 0.00 T = 0.05
 --> Site =    3 .. Mmps =   16 Ndav =   1 E =   -143.6455685383 Error = 0.00e+00 FLOPS = 8.63e+09 Tdav = 0.00 T = 0.06
 --> Site =    4 .. Mmps =   32 Ndav =   1 E =   -143.6455685383 Error = 0.00e+00 FLOPS = 1.18e+10 Tdav = 0.01 T = 0.06
 --> Site =    5 .. Mmps =   64 Ndav =   2 E =   -143.6455685383 Error = 0.00e+00 FLOPS = 1.82e+10 Tdav = 0.02 T = 0.09
 --> Site =    6 .. Mmps =  128 Ndav =   5 E =   -143.6455685387 Error = 0.00e+00 FLOPS = 2.32e+10 Tdav = 0.09 T = 0.18
 --> Site =    7 .. Mmps =  256 Ndav =   7 E =   -143.6455685411 Error = 0.00e+00 FLOPS = 2.46e+10 Tdav = 0.32 T = 0.48
 --> Site =    8 .. Mmps =  512 Ndav =   9 E =   -143.6455685614 Error = 0.00e+00 FLOPS = 2.59e+10 Tdav = 1.14 T = 1.57
 --> Site =    9 .. Mmps =  550 Ndav =  11 E =   -143.6455686576 Error = 3.48e-26 FLOPS = 2.66e+10 Tdav = 4.40 T = 6.16
 --> Site =   10 .. Mmps =  550 Ndav =  12 E =   -143.6455690889 Error = 7.03e-25 FLOPS = 2.67e+10 Tdav = 5.83 T = 8.24
 --> Site =   11 .. Mmps =  550 Ndav =  17 E =   -143.6455700523 Error = 5.63e-23 FLOPS = 2.36e+10 Tdav = 10.09 T = 12.82
 --> Site =   12 .. Mmps =  550 Ndav =  17 E =   -143.6455862765 Error = 1.41e-22 FLOPS = 2.41e+10 Tdav = 10.58 T = 13.59
 --> Site =   13 .. Mmps =  550 Ndav =  17 E =   -143.6456067413 Error = 2.32e-21 FLOPS = 2.46e+10 Tdav = 11.06 T = 14.36
 --> Site =   14 .. Mmps =  550 Ndav =  19 E =   -143.6456490002 Error = 5.04e-21 FLOPS = 2.37e+10 Tdav = 13.60 T = 17.21
 --> Site =   15 .. Mmps =  550 Ndav =  18 E =   -143.6456879413 Error = 3.88e-21 FLOPS = 2.48e+10 Tdav = 13.05 T = 16.99
 --> Site =   16 .. Mmps =  550 Ndav =  19 E =   -143.6457362000 Error = 3.85e-21 FLOPS = 2.45e+10 Tdav = 14.71 T = 18.98
 --> Site =   17 .. Mmps =  550 Ndav =  19 E =   -143.6457747547 Error = 3.53e-21 FLOPS = 2.49e+10 Tdav = 15.25 T = 19.87
 --> Site =   18 .. Mmps =  550 Ndav =  19 E =   -143.6458322084 Error = 2.88e-21 FLOPS = 2.52e+10 Tdav = 15.80 T = 20.81
 --> Site =   19 .. Mmps =  550 Ndav =  19 E =   -143.6458743793 Error = 1.85e-21 FLOPS = 2.56e+10 Tdav = 16.33 T = 21.71
 --> Site =   20 .. Mmps =  550 Ndav =  18 E =   -143.6459088163 Error = 2.73e-21 FLOPS = 2.65e+10 Tdav = 15.62 T = 21.43
 --> Site =   21 .. Mmps =  550 Ndav =  19 E =   -143.6459365918 Error = 1.44e-21 FLOPS = 2.62e+10 Tdav = 17.40 T = 23.62
 --> Site =   22 .. Mmps =  550 Ndav =  16 E =   -143.6459540896 Error = 1.51e-21 FLOPS = 2.81e+10 Tdav = 14.21 T = 20.84
 --> Site =   23 .. Mmps =  550 Ndav =  18 E =   -143.6459690677 Error = 1.13e-21 FLOPS = 2.72e+10 Tdav = 17.18 T = 24.29
 --> Site =   24 .. Mmps =  550 Ndav =  17 E =   -143.6459974675 Error = 2.85e-21 FLOPS = 2.79e+10 Tdav = 16.40 T = 23.98
 --> Site =   25 .. Mmps =  550 Ndav =  19 E =   -143.6460179080 Error = 3.52e-21 FLOPS = 2.71e+10 Tdav = 19.60 T = 27.75
 --> Site =   26 .. Mmps =  550 Ndav =  15 E =   -143.6460324725 Error = 1.57e-21 FLOPS = 2.93e+10 Tdav = 14.81 T = 23.44
 --> Site =   27 .. Mmps =  550 Ndav =  18 E =   -143.6460490770 Error = 2.09e-21 FLOPS = 2.80e+10 Tdav = 19.24 T = 28.38
 --> Site =   28 .. Mmps =  550 Ndav =  16 E =   -143.6460651097 Error = 1.62e-21 FLOPS = 2.92e+10 Tdav = 16.98 T = 26.61
 --> Site =   29 .. Mmps =  550 Ndav =  18 E =   -143.6460921078 Error = 1.40e-21 FLOPS = 2.84e+10 Tdav = 20.27 T = 30.48
 --> Site =   30 .. Mmps =  550 Ndav =  16 E =   -143.6461153635 Error = 1.71e-21 FLOPS = 2.95e+10 Tdav = 17.88 T = 28.63
 --> Site =   31 .. Mmps =  550 Ndav =  17 E =   -143.6461399868 Error = 1.17e-21 FLOPS = 2.91e+10 Tdav = 19.80 T = 31.11
 --> Site =   32 .. Mmps =  550 Ndav =  16 E =   -143.6461609259 Error = 1.51e-21 FLOPS = 2.97e+10 Tdav = 18.81 T = 30.70
 --> Site =   33 .. Mmps =  550 Ndav =  18 E =   -143.6461912755 Error = 2.25e-21 FLOPS = 2.90e+10 Tdav = 22.34 T = 34.84
 --> Site =   34 .. Mmps =  550 Ndav =  16 E =   -143.6462191206 Error = 1.68e-21 FLOPS = 3.00e+10 Tdav = 19.72 T = 32.86
 --> Site =   35 .. Mmps =  550 Ndav =  18 E =   -143.6462494287 Error = 1.49e-21 FLOPS = 2.93e+10 Tdav = 23.34 T = 37.12
 --> Site =   36 .. Mmps =  550 Ndav =  17 E =   -143.6462793218 Error = 1.30e-21 FLOPS = 2.98e+10 Tdav = 22.18 T = 36.60
 --> Site =   37 .. Mmps =  550 Ndav =  20 E =   -143.6463308844 Error = 5.83e-21 FLOPS = 2.86e+10 Tdav = 27.89 T = 42.97
 --> Site =   38 .. Mmps =  550 Ndav =  17 E =   -143.6463524445 Error = 4.54e-21 FLOPS = 3.00e+10 Tdav = 23.20 T = 39.27
 --> Site =   39 .. Mmps =  550 Ndav =  17 E =   -143.6463731481 Error = 1.44e-21 FLOPS = 3.01e+10 Tdav = 23.68 T = 40.18
 --> Site =   40 .. Mmps =  550 Ndav =  18 E =   -143.6464212864 Error = 2.42e-21 FLOPS = 2.96e+10 Tdav = 26.14 T = 43.34
 --> Site =   41 .. Mmps =  550 Ndav =  18 E =   -143.6464638523 Error = 2.59e-21 FLOPS = 2.99e+10 Tdav = 26.44 T = 44.35
 --> Site =   42 .. Mmps =  550 Ndav =  18 E =   -143.6465178043 Error = 4.12e-21 FLOPS = 3.00e+10 Tdav = 26.96 T = 45.63
 --> Site =   43 .. Mmps =  550 Ndav =  21 E =   -143.6465800169 Error = 2.71e-21 FLOPS = 2.88e+10 Tdav = 32.76 T = 51.77
 --> Site =   44 .. Mmps =  550 Ndav =  18 E =   -143.6466562939 Error = 3.12e-21 FLOPS = 3.00e+10 Tdav = 26.96 T = 46.10
 --> Site =   45 .. Mmps =  550 Ndav =  21 E =   -143.6466929668 Error = 2.59e-21 FLOPS = 2.89e+10 Tdav = 33.33 T = 52.76
 --> Site =   46 .. Mmps =  550 Ndav =  17 E =   -143.6467300624 Error = 3.32e-21 FLOPS = 3.06e+10 Tdav = 26.09 T = 46.32
 --> Site =   47 .. Mmps =  550 Ndav =  18 E =   -143.6467499135 Error = 1.57e-21 FLOPS = 3.02e+10 Tdav = 27.98 T = 48.60
 --> Site =   48 .. Mmps =  550 Ndav =  17 E =   -143.6467725435 Error = 1.73e-21 FLOPS = 3.06e+10 Tdav = 26.60 T = 47.57
 --> Site =   49 .. Mmps =  550 Ndav =  18 E =   -143.6467910253 Error = 1.15e-21 FLOPS = 3.03e+10 Tdav = 29.03 T = 50.82
 --> Site =   50 .. Mmps =  550 Ndav =  17 E =   -143.6468184554 Error = 1.65e-21 FLOPS = 3.07e+10 Tdav = 27.08 T = 49.32
 --> Site =   51 .. Mmps =  550 Ndav =  23 E =   -143.6468609508 Error = 4.09e-21 FLOPS = 2.85e+10 Tdav = 39.54 T = 62.06
 --> Site =   52 .. Mmps =  550 Ndav =  15 E =   -143.6468785817 Error = 3.29e-21 FLOPS = 3.15e+10 Tdav = 23.80 T = 46.47
 --> Site =   53 .. Mmps =  550 Ndav =  20 E =   -143.6469100459 Error = 3.03e-21 FLOPS = 2.98e+10 Tdav = 34.18 T = 57.67
 --> Site =   54 .. Mmps =  550 Ndav =  17 E =   -143.6469485511 Error = 2.58e-21 FLOPS = 3.09e+10 Tdav = 27.98 T = 51.88
 --> Site =   55 .. Mmps =  550 Ndav =  20 E =   -143.6470009764 Error = 2.23e-21 FLOPS = 2.99e+10 Tdav = 34.76 T = 59.06
 --> Site =   56 .. Mmps =  550 Ndav =  16 E =   -143.6470390426 Error = 1.43e-21 FLOPS = 3.12e+10 Tdav = 26.12 T = 50.47
 --> Site =   57 .. Mmps =  550 Ndav =  19 E =   -143.6470919296 Error = 1.36e-21 FLOPS = 3.02e+10 Tdav = 32.62 T = 57.10
 --> Site =   58 .. Mmps =  550 Ndav =  16 E =   -143.6471376650 Error = 1.43e-21 FLOPS = 3.12e+10 Tdav = 26.60 T = 51.37
 --> Site =   59 .. Mmps =  550 Ndav =  19 E =   -143.6471915543 Error = 1.33e-21 FLOPS = 3.03e+10 Tdav = 33.18 T = 58.33
 --> Site =   60 .. Mmps =  550 Ndav =  16 E =   -143.6472211830 Error = 1.05e-21 FLOPS = 3.13e+10 Tdav = 27.03 T = 52.63
 --> Site =   61 .. Mmps =  550 Ndav =  21 E =   -143.6472588443 Error = 2.08e-21 FLOPS = 2.97e+10 Tdav = 38.16 T = 64.20
 --> Site =   62 .. Mmps =  550 Ndav =  17 E =   -143.6473020000 Error = 1.42e-21 FLOPS = 3.10e+10 Tdav = 29.03 T = 55.22
 --> Site =   63 .. Mmps =  550 Ndav =  21 E =   -143.6473416144 Error = 3.85e-21 FLOPS = 2.97e+10 Tdav = 38.16 T = 64.23
 --> Site =   64 .. Mmps =  550 Ndav =  16 E =   -143.6473570364 Error = 5.60e-21 FLOPS = 3.14e+10 Tdav = 27.48 T = 54.00
 --> Site =   65 .. Mmps =  550 Ndav =  17 E =   -143.6473732367 Error = 1.85e-21 FLOPS = 3.11e+10 Tdav = 30.01 T = 56.98
 --> Site =   66 .. Mmps =  550 Ndav =  16 E =   -143.6473995929 Error = 2.43e-21 FLOPS = 3.14e+10 Tdav = 27.95 T = 55.36
 --> Site =   67 .. Mmps =  550 Ndav =  19 E =   -143.6474251517 Error = 2.43e-21 FLOPS = 3.04e+10 Tdav = 34.26 T = 61.68
 --> Site =   68 .. Mmps =  550 Ndav =  18 E =   -143.6474795609 Error = 3.84e-21 FLOPS = 3.08e+10 Tdav = 32.10 T = 59.54
 --> Site =   69 .. Mmps =  550 Ndav =  19 E =   -143.6475156060 Error = 1.58e-21 FLOPS = 3.04e+10 Tdav = 33.73 T = 60.76
 --> Site =   70 .. Mmps =  550 Ndav =  17 E =   -143.6475610422 Error = 2.58e-21 FLOPS = 3.11e+10 Tdav = 29.99 T = 57.05
 --> Site =   71 .. Mmps =  550 Ndav =  20 E =   -143.6476177601 Error = 1.69e-21 FLOPS = 3.01e+10 Tdav = 36.48 T = 63.90
 --> Site =   72 .. Mmps =  550 Ndav =  18 E =   -143.6476619419 Error = 2.44e-21 FLOPS = 3.08e+10 Tdav = 32.10 T = 59.56
 --> Site =   73 .. Mmps =  550 Ndav =  19 E =   -143.6476945130 Error = 1.14e-21 FLOPS = 3.04e+10 Tdav = 34.27 T = 61.70
 --> Site =   74 .. Mmps =  550 Ndav =  17 E =   -143.6477187363 Error = 1.17e-21 FLOPS = 3.11e+10 Tdav = 30.00 T = 57.42
 --> Site =   75 .. Mmps =  550 Ndav =  19 E =   -143.6477296202 Error = 1.95e-21 FLOPS = 3.05e+10 Tdav = 34.80 T = 62.70
 --> Site =   76 .. Mmps =  550 Ndav =  15 E =   -143.6477474098 Error = 2.15e-21 FLOPS = 3.18e+10 Tdav = 26.38 T = 54.76
 --> Site =   77 .. Mmps =  550 Ndav =  21 E =   -143.6477732923 Error = 4.30e-21 FLOPS = 2.98e+10 Tdav = 38.74 T = 66.64
 --> Site =   78 .. Mmps =  550 Ndav =  15 E =   -143.6477964050 Error = 2.17e-21 FLOPS = 3.18e+10 Tdav = 26.37 T = 54.27
 --> Site =   79 .. Mmps =  550 Ndav =  21 E =   -143.6478341742 Error = 5.46e-21 FLOPS = 2.98e+10 Tdav = 39.33 T = 67.71
 --> Site =   80 .. Mmps =  550 Ndav =  16 E =   -143.6478559042 Error = 2.26e-21 FLOPS = 3.14e+10 Tdav = 27.96 T = 55.86
 --> Site =   81 .. Mmps =  550 Ndav =  19 E =   -143.6479078405 Error = 2.48e-21 FLOPS = 3.04e+10 Tdav = 34.27 T = 61.78
 --> Site =   82 .. Mmps =  550 Ndav =  16 E =   -143.6479494476 Error = 2.26e-21 FLOPS = 3.14e+10 Tdav = 27.49 T = 54.53
 --> Site =   83 .. Mmps =  550 Ndav =  18 E =   -143.6479934068 Error = 1.27e-21 FLOPS = 3.08e+10 Tdav = 32.11 T = 59.10
 --> Site =   84 .. Mmps =  550 Ndav =  16 E =   -143.6480316569 Error = 1.45e-21 FLOPS = 3.14e+10 Tdav = 27.95 T = 55.34
 --> Site =   85 .. Mmps =  550 Ndav =  19 E =   -143.6480816580 Error = 1.51e-21 FLOPS = 3.05e+10 Tdav = 34.25 T = 61.68
 --> Site =   86 .. Mmps =  550 Ndav =  16 E =   -143.6481222065 Error = 1.91e-21 FLOPS = 3.14e+10 Tdav = 27.96 T = 55.38
 --> Site =   87 .. Mmps =  550 Ndav =  21 E =   -143.6481558066 Error = 2.58e-21 FLOPS = 2.98e+10 Tdav = 38.74 T = 66.20
 --> Site =   88 .. Mmps =  550 Ndav =  17 E =   -143.6481915464 Error = 3.66e-21 FLOPS = 3.12e+10 Tdav = 30.49 T = 58.35
 --> Site =   89 .. Mmps =  550 Ndav =  21 E =   -143.6482376591 Error = 4.14e-21 FLOPS = 2.98e+10 Tdav = 39.35 T = 67.68
 --> Site =   90 .. Mmps =  550 Ndav =  17 E =   -143.6482588665 Error = 6.70e-21 FLOPS = 3.11e+10 Tdav = 29.99 T = 57.85
 --> Site =   91 .. Mmps =  550 Ndav =  19 E =   -143.6482810196 Error = 2.85e-21 FLOPS = 3.05e+10 Tdav = 34.79 T = 62.73
 --> Site =   92 .. Mmps =  550 Ndav =  16 E =   -143.6483019979 Error = 2.79e-21 FLOPS = 3.15e+10 Tdav = 28.41 T = 56.80
 --> Site =   93 .. Mmps =  550 Ndav =  19 E =   -143.6483351126 Error = 2.69e-21 FLOPS = 3.05e+10 Tdav = 34.26 T = 62.14
 --> Site =   94 .. Mmps =  550 Ndav =  17 E =   -143.6483626546 Error = 4.19e-21 FLOPS = 3.11e+10 Tdav = 30.00 T = 57.46
 --> Site =   95 .. Mmps =  550 Ndav =  19 E =   -143.6484075029 Error = 2.12e-21 FLOPS = 3.04e+10 Tdav = 33.70 T = 60.79
 --> Site =   96 .. Mmps =  550 Ndav =  17 E =   -143.6484517063 Error = 2.93e-21 FLOPS = 3.11e+10 Tdav = 30.00 T = 56.96
 --> Site =   97 .. Mmps =  550 Ndav =  19 E =   -143.6485093732 Error = 1.36e-21 FLOPS = 3.05e+10 Tdav = 34.25 T = 61.70
 --> Site =   98 .. Mmps =  550 Ndav =  17 E =   -143.6485502330 Error = 2.84e-21 FLOPS = 3.10e+10 Tdav = 29.51 T = 56.49
 --> Site =   99 .. Mmps =  550 Ndav =  20 E =   -143.6485808488 Error = 1.44e-21 FLOPS = 3.00e+10 Tdav = 35.89 T = 62.43
 --> Site =  100 .. Mmps =  550 Ndav =  18 E =   -143.6486015292 Error = 9.24e-22 FLOPS = 3.08e+10 Tdav = 32.11 T = 59.10
 --> Site =  101 .. Mmps =  550 Ndav =  19 E =   -143.6486184438 Error = 2.91e-21 FLOPS = 3.04e+10 Tdav = 34.26 T = 61.96
 --> Site =  102 .. Mmps =  550 Ndav =  16 E =   -143.6486419683 Error = 2.86e-21 FLOPS = 3.14e+10 Tdav = 27.96 T = 55.43
 --> Site =  103 .. Mmps =  550 Ndav =  22 E =   -143.6486667493 Error = 3.78e-21 FLOPS = 2.93e+10 Tdav = 40.44 T = 67.44
 --> Site =  104 .. Mmps =  550 Ndav =  15 E =   -143.6486849202 Error = 1.78e-21 FLOPS = 3.17e+10 Tdav = 25.52 T = 52.02
 --> Site =  105 .. Mmps =  550 Ndav =  20 E =   -143.6487181786 Error = 2.30e-21 FLOPS = 3.00e+10 Tdav = 35.32 T = 61.40
 --> Site =  106 .. Mmps =  550 Ndav =  16 E =   -143.6487677331 Error = 2.72e-21 FLOPS = 3.13e+10 Tdav = 27.04 T = 52.69
 --> Site =  107 .. Mmps =  550 Ndav =  20 E =   -143.6488172565 Error = 2.29e-21 FLOPS = 2.99e+10 Tdav = 34.76 T = 60.05
 --> Site =  108 .. Mmps =  550 Ndav =  16 E =   -143.6488642881 Error = 2.01e-21 FLOPS = 3.12e+10 Tdav = 26.14 T = 50.62
 --> Site =  109 .. Mmps =  550 Ndav =  19 E =   -143.6489076775 Error = 1.84e-21 FLOPS = 3.02e+10 Tdav = 32.08 T = 56.03
 --> Site =  110 .. Mmps =  550 Ndav =  17 E =   -143.6489492950 Error = 2.10e-21 FLOPS = 3.08e+10 Tdav = 28.09 T = 51.96
 --> Site =  111 .. Mmps =  550 Ndav =  19 E =   -143.6489907147 Error = 2.10e-21 FLOPS = 3.02e+10 Tdav = 32.08 T = 56.00
 --> Site =  112 .. Mmps =  550 Ndav =  16 E =   -143.6490352920 Error = 1.77e-21 FLOPS = 3.12e+10 Tdav = 26.12 T = 50.01
 --> Site =  113 .. Mmps =  550 Ndav =  20 E =   -143.6490784329 Error = 3.39e-21 FLOPS = 2.98e+10 Tdav = 34.17 T = 58.09
 --> Site =  114 .. Mmps =  550 Ndav =  17 E =   -143.6491300098 Error = 3.19e-21 FLOPS = 3.09e+10 Tdav = 28.05 T = 52.17
 --> Site =  115 .. Mmps =  550 Ndav =  20 E =   -143.6491558918 Error = 5.12e-21 FLOPS = 2.97e+10 Tdav = 33.60 T = 57.17
 --> Site =  116 .. Mmps =  550 Ndav =  16 E =   -143.6491751005 Error = 1.02e-20 FLOPS = 3.11e+10 Tdav = 25.20 T = 47.81
 --> Site =  117 .. Mmps =  550 Ndav =  16 E =   -143.6491952080 Error = 4.12e-21 FLOPS = 3.10e+10 Tdav = 25.22 T = 47.44
 --> Site =  118 .. Mmps =  550 Ndav =  16 E =   -143.6492213990 Error = 4.90e-21 FLOPS = 3.10e+10 Tdav = 24.75 T = 46.51
 --> Site =  119 .. Mmps =  550 Ndav =  18 E =   -143.6492629874 Error = 3.72e-21 FLOPS = 3.02e+10 Tdav = 28.52 T = 49.95
 --> Site =  120 .. Mmps =  550 Ndav =  16 E =   -143.6492999900 Error = 4.59e-21 FLOPS = 3.10e+10 Tdav = 24.23 T = 45.21
 --> Site =  121 .. Mmps =  550 Ndav =  20 E =   -143.6493402536 Error = 3.94e-21 FLOPS = 2.94e+10 Tdav = 31.24 T = 51.35
 --> Site =  122 .. Mmps =  550 Ndav =  17 E =   -143.6493924881 Error = 3.21e-21 FLOPS = 3.06e+10 Tdav = 25.55 T = 45.33
 --> Site =  123 .. Mmps =  550 Ndav =  20 E =   -143.6494375234 Error = 2.74e-23 FLOPS = 2.98e+10 Tdav = 29.17 T = 48.48
 --> Site =  124 .. Mmps =  550 Ndav =  18 E =   -143.6494730263 Error = 1.44e-22 FLOPS = 2.95e+10 Tdav = 25.62 T = 44.57
 --> Site =  125 .. Mmps =  550 Ndav =  19 E =   -143.6495146438 Error = 4.27e-24 FLOPS = 2.90e+10 Tdav = 26.78 T = 45.72
 --> Site =  126 .. Mmps =  550 Ndav =  18 E =   -143.6495497808 Error = 2.64e-23 FLOPS = 2.98e+10 Tdav = 23.19 T = 41.68
 --> Site =  127 .. Mmps =  550 Ndav =  18 E =   -143.6495748426 Error = 1.54e-23 FLOPS = 3.01e+10 Tdav = 21.72 T = 39.51
 --> Site =  128 .. Mmps =  550 Ndav =  18 E =   -143.6495967084 Error = 2.38e-23 FLOPS = 3.03e+10 Tdav = 20.36 T = 37.32
 --> Site =  129 .. Mmps =  550 Ndav =  21 E =   -143.6496381033 Error = 1.43e-23 FLOPS = 2.78e+10 Tdav = 24.40 T = 40.67
 --> Site =  130 .. Mmps =  550 Ndav =  15 E =   -143.6496574716 Error = 1.99e-24 FLOPS = 2.99e+10 Tdav = 15.20 T = 30.76
 --> Site =  131 .. Mmps =  550 Ndav =  19 E =   -143.6496977408 Error = 3.39e-24 FLOPS = 2.91e+10 Tdav = 18.53 T = 33.34
 --> Site =  132 .. Mmps =  550 Ndav =  17 E =   -143.6497400566 Error = 3.53e-24 FLOPS = 2.91e+10 Tdav = 15.59 T = 29.75
 --> Site =  133 .. Mmps =  550 Ndav =  20 E =   -143.6498236023 Error = 3.30e-24 FLOPS = 2.67e+10 Tdav = 18.73 T = 32.21
 --> Site =  134 .. Mmps =  550 Ndav =  16 E =   -143.6498614955 Error = 1.22e-24 FLOPS = 2.85e+10 Tdav = 13.11 T = 25.93
 --> Site =  135 .. Mmps =  550 Ndav =  19 E =   -143.6499187516 Error = 1.35e-24 FLOPS = 2.67e+10 Tdav = 15.53 T = 27.75
 --> Site =  136 .. Mmps =  550 Ndav =  16 E =   -143.6499689049 Error = 9.18e-25 FLOPS = 2.94e+10 Tdav = 11.00 T = 22.54
 --> Site =  137 .. Mmps =  550 Ndav =  19 E =   -143.6500259637 Error = 1.39e-24 FLOPS = 2.67e+10 Tdav = 13.34 T = 24.31
 --> Site =  138 .. Mmps =  550 Ndav =  17 E =   -143.6500726630 Error = 4.79e-25 FLOPS = 2.84e+10 Tdav = 10.47 T = 20.82
 --> Site =  139 .. Mmps =  550 Ndav =  20 E =   -143.6501101252 Error = 5.85e-25 FLOPS = 2.56e+10 Tdav = 12.60 T = 22.44
 --> Site =  140 .. Mmps =  550 Ndav =  15 E =   -143.6501285409 Error = 3.30e-25 FLOPS = 2.81e+10 Tdav = 8.02 T = 17.27
 --> Site =  141 .. Mmps =  550 Ndav =  19 E =   -143.6501786745 Error = 5.01e-25 FLOPS = 2.62e+10 Tdav = 10.03 T = 18.75
 --> Site =  142 .. Mmps =  550 Ndav =  16 E =   -143.6501939894 Error = 2.56e-25 FLOPS = 2.71e+10 Tdav = 7.55 T = 15.75
 --> Site =  143 .. Mmps =  550 Ndav =  14 E =   -143.6502001490 Error = 5.99e-26 FLOPS = 2.71e+10 Tdav = 5.99 T = 13.76
 --> Site =  144 .. Mmps =  550 Ndav =  16 E =   -143.6502108970 Error = 1.08e-25 FLOPS = 2.73e+10 Tdav = 6.26 T = 13.46
 --> Site =  145 .. Mmps =  550 Ndav =  18 E =   -143.6502243105 Error = 4.01e-26 FLOPS = 2.54e+10 Tdav = 6.84 T = 14.26
 --> Site =  146 .. Mmps =  550 Ndav =  16 E =   -143.6502418144 Error = 2.48e-25 FLOPS = 2.56e+10 Tdav = 5.47 T = 11.87
 --> Site =  147 .. Mmps =  550 Ndav =  19 E =   -143.6502579913 Error = 1.34e-26 FLOPS = 2.46e+10 Tdav = 6.03 T = 11.88
 --> Site =  148 .. Mmps =  550 Ndav =  16 E =   -143.6502758528 Error = 1.05e-25 FLOPS = 2.45e+10 Tdav = 4.57 T = 10.01
 --> Site =  149 .. Mmps =  550 Ndav =  18 E =   -143.6502959348 Error = 5.71e-27 FLOPS = 2.19e+10 Tdav = 5.13 T = 10.17
 --> Site =  150 .. Mmps =  550 Ndav =  15 E =   -143.6503105730 Error = 1.92e-26 FLOPS = 2.40e+10 Tdav = 3.47 T = 8.09
 --> Site =  151 .. Mmps =  550 Ndav =  20 E =   -143.6503282825 Error = 3.60e-27 FLOPS = 2.28e+10 Tdav = 4.27 T = 8.55
 --> Site =  152 .. Mmps =  550 Ndav =  15 E =   -143.6503508132 Error = 1.86e-26 FLOPS = 2.42e+10 Tdav = 2.64 T = 6.56
 --> Site =  153 .. Mmps =  550 Ndav =  18 E =   -143.6503804322 Error = 2.56e-27 FLOPS = 2.23e+10 Tdav = 2.96 T = 6.53
 --> Site =  154 .. Mmps =  550 Ndav =  16 E =   -143.6504229187 Error = 7.94e-27 FLOPS = 2.44e+10 Tdav = 2.07 T = 5.33
 --> Site =  155 .. Mmps =  550 Ndav =  19 E =   -143.6504628272 Error = 2.52e-27 FLOPS = 2.09e+10 Tdav = 2.44 T = 5.43
 --> Site =  156 .. Mmps =  550 Ndav =  15 E =   -143.6504987791 Error = 3.50e-27 FLOPS = 2.41e+10 Tdav = 1.38 T = 4.11
 --> Site =  157 .. Mmps =  550 Ndav =  21 E =   -143.6505604681 Error = 1.87e-27 FLOPS = 1.85e+10 Tdav = 2.10 T = 4.53
 --> Site =  158 .. Mmps =  550 Ndav =  15 E =   -143.6506040839 Error = 1.13e-27 FLOPS = 2.26e+10 Tdav = 0.99 T = 3.18
 --> Site =  159 .. Mmps =  550 Ndav =  20 E =   -143.6506736686 Error = 2.36e-28 FLOPS = 1.78e+10 Tdav = 1.32 T = 3.24
 --> Site =  160 .. Mmps =  550 Ndav =  17 E =   -143.6507149554 Error = 8.66e-29 FLOPS = 1.98e+10 Tdav = 0.76 T = 2.49
 --> Site =  161 .. Mmps =  550 Ndav =  20 E =   -143.6507521201 Error = 1.16e-29 FLOPS = 1.71e+10 Tdav = 0.75 T = 2.28
 --> Site =  162 .. Mmps =  550 Ndav =  16 E =   -143.6507681508 Error = 2.07e-30 FLOPS = 1.85e+10 Tdav = 0.37 T = 1.72
 --> Site =  163 .. Mmps =  550 Ndav =  15 E =   -143.6507711762 Error = 9.60e-32 FLOPS = 1.58e+10 Tdav = 0.24 T = 1.42
 --> Site =  164 .. Mmps =  550 Ndav =   5 E =   -143.6507711821 Error = 5.00e-35 FLOPS = 1.67e+10 Tdav = 0.04 T = 1.07
 --> Site =  165 .. Mmps =  550 Ndav =   1 E =   -143.6507711821 Error = 6.29e-61 FLOPS = 8.10e+09 Tdav = 0.01 T = 0.89
 --> Site =  166 .. Mmps =  550 Ndav =   1 E =   -143.6507711821 Error = 3.05e-87 FLOPS = 4.42e+09 Tdav = 0.00 T = 0.77
 --> Site =  167 .. Mmps =  550 Ndav =   1 E =   -143.6507711821 Error = 3.06e-114 FLOPS = 2.33e+09 Tdav = 0.00 T = 0.67
 --> Site =  168 .. Mmps =  548 Ndav =   1 E =   -143.6507711821 Error = 0.00e+00 FLOPS = 2.03e+09 Tdav = 0.00 T = 0.52
Time elapsed =   9228.105 | E =    -143.6507711821 | DE = -5.20e-03 | DW = 1.01975e-20
Time sweep =     6189.057 | 94.5 TFLOP/SWP
 | Dmem = 136 MB (3%) | Imem = 232 B (79%) | Hmem = 649 MB | Wmem = 4.62 MB | Pmem = 4.62 MB
 | Tread = 76.478 | Twrite = 33.206 | Tfpread = 74.785 | Tfpwrite = 19.821 | Tmporead = 0.000 | Tasync = 0.000
 | data = 14.6 GB | cpsd = 11.0 GB
 | Trot = 191.911 | Tctr = 1.605 | Tint = 0.022 | Tmid = 0.000 | Tdctr = 60.551 | Tdiag = 1.611 | Tinfo = 2.001
 | Teff = 2296.259 | Tprt = 113.954 | Teig = 3488.205 | Tblk = 5959.270 | Tmve = 229.773 | Tdm = 3.234 | Tsplt = 46.541 | Tsvd = 0.000 | Torth = 0.000

Sweep =    8 | Direction = backward | Bond dimension =  550 | Noise =  0.00e+00 | Dav threshold =  1.00e-08
 <-- Site =  168 .. Mmps =    2 Ndav =   1 E =   -143.6507711821 Error = 0.00e+00 FLOPS = 2.00e+09 Tdav = 0.00 T = 0.02
 <-- Site =  167 .. Mmps =    4 Ndav =   1 E =   -143.6507711821 Error = 0.00e+00 FLOPS = 2.52e+09 Tdav = 0.00 T = 0.12
 <-- Site =  166 .. Mmps =    8 Ndav =   1 E =   -143.6507711821 Error = 0.00e+00 FLOPS = 4.62e+09 Tdav = 0.00 T = 0.18
 <-- Site =  165 .. Mmps =   16 Ndav =   1 E =   -143.6507711821 Error = 0.00e+00 FLOPS = 8.13e+09 Tdav = 0.01 T = 0.29
 <-- Site =  164 .. Mmps =   32 Ndav =   1 E =   -143.6507711821 Error = 0.00e+00 FLOPS = 1.38e+10 Tdav = 0.01 T = 0.37
 <-- Site =  163 .. Mmps =   64 Ndav =   1 E =   -143.6507711821 Error = 0.00e+00 FLOPS = 1.70e+10 Tdav = 0.02 T = 0.47
 <-- Site =  162 .. Mmps =  128 Ndav =   2 E =   -143.6507711837 Error = 0.00e+00 FLOPS = 2.59e+10 Tdav = 0.05 T = 0.64
 <-- Site =  161 .. Mmps =  256 Ndav =   3 E =   -143.6507711954 Error = 0.00e+00 FLOPS = 2.69e+10 Tdav = 0.17 T = 0.92
 <-- Site =  160 .. Mmps =  512 Ndav =   5 E =   -143.6507712581 Error = 0.00e+00 FLOPS = 2.89e+10 Tdav = 0.66 T = 1.67
 <-- Site =  159 .. Mmps =  550 Ndav =   5 E =   -143.6507713318 Error = 2.72e-25 FLOPS = 2.98e+10 Tdav = 1.68 T = 3.24
 <-- Site =  158 .. Mmps =  550 Ndav =   6 E =   -143.6507717971 Error = 2.16e-21 FLOPS = 3.01e+10 Tdav = 2.39 T = 4.59
 <-- Site =  157 .. Mmps =  550 Ndav =   8 E =   -143.6507721049 Error = 8.21e-23 FLOPS = 2.94e+10 Tdav = 3.53 T = 6.06
 <-- Site =  156 .. Mmps =  550 Ndav =   8 E =   -143.6507737890 Error = 2.93e-20 FLOPS = 2.97e+10 Tdav = 3.76 T = 6.57
 <-- Site =  155 .. Mmps =  550 Ndav =  10 E =   -143.6507757679 Error = 5.13e-21 FLOPS = 2.89e+10 Tdav = 5.18 T = 8.24
 <-- Site =  154 .. Mmps =  550 Ndav =  10 E =   -143.6507793645 Error = 8.20e-20 FLOPS = 2.91e+10 Tdav = 5.49 T = 8.84
 <-- Site =  153 .. Mmps =  550 Ndav =  12 E =   -143.6507838805 Error = 5.86e-21 FLOPS = 2.84e+10 Tdav = 7.16 T = 10.87
 <-- Site =  152 .. Mmps =  550 Ndav =  11 E =   -143.6507893646 Error = 3.32e-19 FLOPS = 2.92e+10 Tdav = 6.76 T = 10.80
 <-- Site =  151 .. Mmps =  550 Ndav =  13 E =   -143.6507954958 Error = 6.17e-21 FLOPS = 2.83e+10 Tdav = 8.70 T = 13.14
 <-- Site =  150 .. Mmps =  550 Ndav =  10 E =   -143.6508001476 Error = 6.67e-20 FLOPS = 3.03e+10 Tdav = 6.60 T = 11.36
 <-- Site =  149 .. Mmps =  550 Ndav =  14 E =   -143.6508054330 Error = 4.60e-21 FLOPS = 2.83e+10 Tdav = 10.36 T = 15.58
 <-- Site =  148 .. Mmps =  550 Ndav =  10 E =   -143.6508088993 Error = 7.87e-20 FLOPS = 3.06e+10 Tdav = 7.17 T = 12.75
 <-- Site =  147 .. Mmps =  550 Ndav =  12 E =   -143.6508124813 Error = 5.46e-21 FLOPS = 2.99e+10 Tdav = 9.21 T = 15.19
 <-- Site =  146 .. Mmps =  550 Ndav =   9 E =   -143.6508143956 Error = 6.86e-20 FLOPS = 3.14e+10 Tdav = 6.87 T = 13.31
 <-- Site =  145 .. Mmps =  550 Ndav =  11 E =   -143.6508160253 Error = 1.95e-21 FLOPS = 3.05e+10 Tdav = 9.01 T = 15.89
 <-- Site =  144 .. Mmps =  550 Ndav =   9 E =   -143.6508169465 Error = 1.03e-19 FLOPS = 3.15e+10 Tdav = 7.42 T = 14.82
 <-- Site =  143 .. Mmps =  550 Ndav =  11 E =   -143.6508180538 Error = 1.09e-20 FLOPS = 3.10e+10 Tdav = 9.57 T = 17.41
 <-- Site =  142 .. Mmps =  550 Ndav =   7 E =   -143.6508184295 Error = 3.63e-18 FLOPS = 3.24e+10 Tdav = 6.03 T = 14.38
 <-- Site =  141 .. Mmps =  550 Ndav =   8 E =   -143.6508188861 Error = 2.73e-21 FLOPS = 3.20e+10 Tdav = 7.23 T = 16.12
 <-- Site =  140 .. Mmps =  550 Ndav =   8 E =   -143.6508196289 Error = 3.07e-18 FLOPS = 3.24e+10 Tdav = 7.39 T = 16.82
 <-- Site =  139 .. Mmps =  550 Ndav =   8 E =   -143.6508202818 Error = 5.64e-21 FLOPS = 3.24e+10 Tdav = 7.65 T = 17.71
 <-- Site =  138 .. Mmps =  550 Ndav =   9 E =   -143.6508213094 Error = 1.40e-18 FLOPS = 3.22e+10 Tdav = 8.93 T = 19.57
 <-- Site =  137 .. Mmps =  550 Ndav =   9 E =   -143.6508221443 Error = 7.45e-21 FLOPS = 3.22e+10 Tdav = 9.20 T = 20.38
 <-- Site =  136 .. Mmps =  550 Ndav =  10 E =   -143.6508232086 Error = 6.23e-18 FLOPS = 3.19e+10 Tdav = 10.65 T = 22.41
 <-- Site =  135 .. Mmps =  550 Ndav =   9 E =   -143.6508240096 Error = 5.90e-21 FLOPS = 3.23e+10 Tdav = 9.74 T = 22.15
 <-- Site =  134 .. Mmps =  550 Ndav =  10 E =   -143.6508250695 Error = 1.19e-18 FLOPS = 3.21e+10 Tdav = 11.20 T = 24.21
 <-- Site =  133 .. Mmps =  550 Ndav =  10 E =   -143.6508256843 Error = 6.55e-21 FLOPS = 3.21e+10 Tdav = 11.50 T = 25.22
 <-- Site =  132 .. Mmps =  550 Ndav =  12 E =   -143.6508266918 Error = 1.38e-18 FLOPS = 3.15e+10 Tdav = 14.43 T = 28.82
 <-- Site =  131 .. Mmps =  550 Ndav =  11 E =   -143.6508273685 Error = 6.22e-21 FLOPS = 3.19e+10 Tdav = 13.44 T = 28.56
 <-- Site =  130 .. Mmps =  550 Ndav =   8 E =   -143.6508277525 Error = 1.61e-18 FLOPS = 3.28e+10 Tdav = 9.74 T = 25.52
 <-- Site =  129 .. Mmps =  550 Ndav =   7 E =   -143.6508279636 Error = 5.40e-21 FLOPS = 3.31e+10 Tdav = 8.66 T = 25.16
 <-- Site =  128 .. Mmps =  550 Ndav =   7 E =   -143.6508283377 Error = 2.67e-20 FLOPS = 3.32e+10 Tdav = 8.84 T = 26.04
 <-- Site =  127 .. Mmps =  550 Ndav =   9 E =   -143.6508288090 Error = 9.84e-21 FLOPS = 3.28e+10 Tdav = 11.78 T = 29.78
 <-- Site =  126 .. Mmps =  550 Ndav =   9 E =   -143.6508296601 Error = 2.41e-19 FLOPS = 3.28e+10 Tdav = 12.04 T = 30.83
 <-- Site =  125 .. Mmps =  550 Ndav =  11 E =   -143.6508304901 Error = 7.36e-21 FLOPS = 3.23e+10 Tdav = 15.30 T = 34.52
 <-- Site =  124 .. Mmps =  550 Ndav =   9 E =   -143.6508314808 Error = 8.50e-19 FLOPS = 3.29e+10 Tdav = 12.27 T = 31.52
 <-- Site =  123 .. Mmps =  550 Ndav =  11 E =   -143.6508322764 Error = 1.27e-20 FLOPS = 3.24e+10 Tdav = 15.24 T = 34.85
 <-- Site =  122 .. Mmps =  550 Ndav =   9 E =   -143.6508332159 Error = 1.83e-19 FLOPS = 3.29e+10 Tdav = 12.54 T = 32.54
 <-- Site =  121 .. Mmps =  550 Ndav =  10 E =   -143.6508337944 Error = 4.94e-21 FLOPS = 3.28e+10 Tdav = 14.01 T = 34.40
 <-- Site =  120 .. Mmps =  550 Ndav =   9 E =   -143.6508343549 Error = 4.01e-19 FLOPS = 3.31e+10 Tdav = 12.77 T = 33.93
 <-- Site =  119 .. Mmps =  550 Ndav =  10 E =   -143.6508352186 Error = 3.83e-21 FLOPS = 3.29e+10 Tdav = 14.57 T = 36.23
 <-- Site =  118 .. Mmps =  550 Ndav =   8 E =   -143.6508356041 Error = 2.74e-19 FLOPS = 3.33e+10 Tdav = 11.50 T = 33.53
 <-- Site =  117 .. Mmps =  550 Ndav =  12 E =   -143.6508367385 Error = 1.22e-20 FLOPS = 3.24e+10 Tdav = 18.11 T = 40.60
 <-- Site =  116 .. Mmps =  550 Ndav =   7 E =   -143.6508369982 Error = 1.87e-18 FLOPS = 3.35e+10 Tdav = 10.21 T = 33.10
 <-- Site =  115 .. Mmps =  550 Ndav =   8 E =   -143.6508372605 Error = 5.66e-21 FLOPS = 3.35e+10 Tdav = 11.93 T = 35.68
 <-- Site =  114 .. Mmps =  550 Ndav =   9 E =   -143.6508378092 Error = 8.54e-19 FLOPS = 3.33e+10 Tdav = 13.78 T = 38.04
 <-- Site =  113 .. Mmps =  550 Ndav =   8 E =   -143.6508382863 Error = 1.87e-20 FLOPS = 3.34e+10 Tdav = 12.18 T = 36.72
 <-- Site =  112 .. Mmps =  550 Ndav =   9 E =   -143.6508392388 Error = 8.35e-19 FLOPS = 3.32e+10 Tdav = 13.79 T = 38.06
 <-- Site =  111 .. Mmps =  550 Ndav =   9 E =   -143.6508400181 Error = 7.18e-21 FLOPS = 3.32e+10 Tdav = 13.81 T = 38.09
 <-- Site =  110 .. Mmps =  550 Ndav =  10 E =   -143.6508412666 Error = 6.65e-19 FLOPS = 3.30e+10 Tdav = 15.42 T = 39.70
 <-- Site =  109 .. Mmps =  550 Ndav =  10 E =   -143.6508420699 Error = 7.85e-21 FLOPS = 3.30e+10 Tdav = 15.42 T = 39.74
 <-- Site =  108 .. Mmps =  550 Ndav =  10 E =   -143.6508429989 Error = 8.11e-19 FLOPS = 3.30e+10 Tdav = 15.42 T = 40.10
 <-- Site =  107 .. Mmps =  550 Ndav =   9 E =   -143.6508434810 Error = 6.42e-21 FLOPS = 3.32e+10 Tdav = 14.06 T = 39.62
 <-- Site =  106 .. Mmps =  550 Ndav =  11 E =   -143.6508441247 Error = 8.14e-19 FLOPS = 3.28e+10 Tdav = 17.72 T = 43.76
 <-- Site =  105 .. Mmps =  550 Ndav =   9 E =   -143.6508444563 Error = 1.32e-20 FLOPS = 3.33e+10 Tdav = 14.32 T = 40.79
 <-- Site =  104 .. Mmps =  550 Ndav =   8 E =   -143.6508448646 Error = 2.16e-18 FLOPS = 3.35e+10 Tdav = 12.87 T = 39.91
 <-- Site =  103 .. Mmps =  550 Ndav =   9 E =   -143.6508449968 Error = 1.25e-20 FLOPS = 3.31e+10 Tdav = 14.67 T = 42.12
 <-- Site =  102 .. Mmps =  550 Ndav =   7 E =   -143.6508452033 Error = 2.36e-20 FLOPS = 3.37e+10 Tdav = 11.39 T = 39.33
 <-- Site =  101 .. Mmps =  550 Ndav =   8 E =   -143.6508454675 Error = 1.07e-20 FLOPS = 3.36e+10 Tdav = 13.09 T = 41.05
 <-- Site =  100 .. Mmps =  550 Ndav =   8 E =   -143.6508459255 Error = 5.12e-19 FLOPS = 3.35e+10 Tdav = 13.10 T = 40.67
 <-- Site =   99 .. Mmps =  550 Ndav =  10 E =   -143.6508463980 Error = 6.64e-21 FLOPS = 3.31e+10 Tdav = 16.28 T = 43.35
 <-- Site =   98 .. Mmps =  550 Ndav =   8 E =   -143.6508470109 Error = 8.96e-19 FLOPS = 3.35e+10 Tdav = 12.85 T = 40.27
 <-- Site =   97 .. Mmps =  550 Ndav =  10 E =   -143.6508476326 Error = 7.82e-21 FLOPS = 3.32e+10 Tdav = 16.54 T = 44.50
 <-- Site =   96 .. Mmps =  550 Ndav =   9 E =   -143.6508483413 Error = 4.96e-19 FLOPS = 3.34e+10 Tdav = 14.80 T = 42.31
 <-- Site =   95 .. Mmps =  550 Ndav =  10 E =   -143.6508488665 Error = 6.12e-21 FLOPS = 3.29e+10 Tdav = 16.38 T = 43.89
 <-- Site =   94 .. Mmps =  550 Ndav =   9 E =   -143.6508494977 Error = 1.01e-18 FLOPS = 3.34e+10 Tdav = 14.80 T = 42.75
 <-- Site =   93 .. Mmps =  550 Ndav =  12 E =   -143.6508508239 Error = 8.13e-21 FLOPS = 3.27e+10 Tdav = 20.15 T = 48.61
 <-- Site =   92 .. Mmps =  550 Ndav =   9 E =   -143.6508512953 Error = 1.44e-20 FLOPS = 3.32e+10 Tdav = 15.17 T = 44.06
 <-- Site =   91 .. Mmps =  550 Ndav =  13 E =   -143.6508523480 Error = 1.26e-20 FLOPS = 3.25e+10 Tdav = 22.39 T = 50.98
 <-- Site =   90 .. Mmps =  550 Ndav =   7 E =   -143.6508526089 Error = 3.05e-18 FLOPS = 3.37e+10 Tdav = 11.40 T = 39.95
 <-- Site =   89 .. Mmps =  550 Ndav =   8 E =   -143.6508528688 Error = 6.95e-21 FLOPS = 3.36e+10 Tdav = 13.32 T = 42.32
 <-- Site =   88 .. Mmps =  550 Ndav =   8 E =   -143.6508533595 Error = 8.73e-19 FLOPS = 3.36e+10 Tdav = 13.32 T = 41.80
 <-- Site =   87 .. Mmps =  550 Ndav =   8 E =   -143.6508537721 Error = 4.82e-21 FLOPS = 3.33e+10 Tdav = 13.21 T = 41.19
 <-- Site =   86 .. Mmps =  550 Ndav =   9 E =   -143.6508545595 Error = 5.15e-19 FLOPS = 3.34e+10 Tdav = 14.81 T = 42.91
 <-- Site =   85 .. Mmps =  550 Ndav =   9 E =   -143.6508551902 Error = 1.04e-20 FLOPS = 3.33e+10 Tdav = 14.86 T = 42.85
 <-- Site =   84 .. Mmps =  550 Ndav =  10 E =   -143.6508561668 Error = 1.94e-18 FLOPS = 3.32e+10 Tdav = 16.55 T = 44.50
 <-- Site =   83 .. Mmps =  550 Ndav =   9 E =   -143.6508568128 Error = 6.50e-21 FLOPS = 3.32e+10 Tdav = 14.87 T = 42.43
 <-- Site =   82 .. Mmps =  550 Ndav =  10 E =   -143.6508578022 Error = 4.30e-19 FLOPS = 3.30e+10 Tdav = 16.31 T = 43.79
 <-- Site =   81 .. Mmps =  550 Ndav =   9 E =   -143.6508583129 Error = 6.32e-21 FLOPS = 3.34e+10 Tdav = 14.80 T = 42.73
 <-- Site =   80 .. Mmps =  550 Ndav =  12 E =   -143.6508589394 Error = 4.94e-18 FLOPS = 3.27e+10 Tdav = 20.14 T = 48.52
 <-- Site =   79 .. Mmps =  550 Ndav =  10 E =   -143.6508592973 Error = 1.71e-20 FLOPS = 3.32e+10 Tdav = 16.83 T = 45.74
 <-- Site =   78 .. Mmps =  550 Ndav =   9 E =   -143.6508596321 Error = 1.89e-18 FLOPS = 3.34e+10 Tdav = 15.07 T = 43.57
 <-- Site =   77 .. Mmps =  550 Ndav =   9 E =   -143.6508597662 Error = 1.10e-20 FLOPS = 3.33e+10 Tdav = 14.83 T = 43.28
 <-- Site =   76 .. Mmps =  550 Ndav =   7 E =   -143.6508599883 Error = 2.60e-20 FLOPS = 3.36e+10 Tdav = 11.63 T = 40.52
 <-- Site =   75 .. Mmps =  550 Ndav =   9 E =   -143.6508602989 Error = 1.05e-20 FLOPS = 3.33e+10 Tdav = 15.09 T = 43.68
 <-- Site =   74 .. Mmps =  550 Ndav =   8 E =   -143.6508607464 Error = 8.04e-19 FLOPS = 3.36e+10 Tdav = 13.08 T = 41.10
 <-- Site =   73 .. Mmps =  550 Ndav =   9 E =   -143.6508611216 Error = 5.50e-21 FLOPS = 3.34e+10 Tdav = 14.82 T = 42.80
 <-- Site =   72 .. Mmps =  550 Ndav =   8 E =   -143.6508617063 Error = 6.83e-19 FLOPS = 3.35e+10 Tdav = 13.13 T = 41.21
 <-- Site =   71 .. Mmps =  550 Ndav =  10 E =   -143.6508623187 Error = 9.82e-21 FLOPS = 3.30e+10 Tdav = 16.64 T = 44.64
 <-- Site =   70 .. Mmps =  550 Ndav =   9 E =   -143.6508630457 Error = 3.90e-19 FLOPS = 3.32e+10 Tdav = 14.90 T = 42.50
 <-- Site =   69 .. Mmps =  550 Ndav =  10 E =   -143.6508635681 Error = 3.22e-21 FLOPS = 3.31e+10 Tdav = 16.28 T = 43.78
 <-- Site =   68 .. Mmps =  550 Ndav =   9 E =   -143.6508642342 Error = 3.79e-19 FLOPS = 3.34e+10 Tdav = 14.80 T = 42.75
 <-- Site =   67 .. Mmps =  550 Ndav =  12 E =   -143.6508655060 Error = 4.21e-21 FLOPS = 3.27e+10 Tdav = 20.17 T = 48.14
 <-- Site =   66 .. Mmps =  550 Ndav =   8 E =   -143.6508659887 Error = 5.18e-19 FLOPS = 3.35e+10 Tdav = 13.10 T = 41.08
 <-- Site =   65 .. Mmps =  550 Ndav =  12 E =   -143.6508671178 Error = 1.68e-20 FLOPS = 3.25e+10 Tdav = 20.27 T = 47.85
 <-- Site =   64 .. Mmps =  550 Ndav =   7 E =   -143.6508673809 Error = 1.30e-18 FLOPS = 3.37e+10 Tdav = 11.20 T = 38.32
 <-- Site =   63 .. Mmps =  550 Ndav =   8 E =   -143.6508676446 Error = 4.91e-21 FLOPS = 3.34e+10 Tdav = 12.91 T = 39.64
 <-- Site =   62 .. Mmps =  550 Ndav =   8 E =   -143.6508681641 Error = 5.52e-19 FLOPS = 3.35e+10 Tdav = 12.64 T = 39.28
 <-- Site =   61 .. Mmps =  550 Ndav =   8 E =   -143.6508685679 Error = 1.53e-20 FLOPS = 3.35e+10 Tdav = 12.86 T = 39.46
 <-- Site =   60 .. Mmps =  550 Ndav =   9 E =   -143.6508693408 Error = 3.63e-19 FLOPS = 3.32e+10 Tdav = 14.36 T = 40.55
 <-- Site =   59 .. Mmps =  550 Ndav =   9 E =   -143.6508699333 Error = 1.07e-20 FLOPS = 3.33e+10 Tdav = 14.30 T = 40.06
 <-- Site =   58 .. Mmps =  550 Ndav =  10 E =   -143.6508710593 Error = 6.88e-19 FLOPS = 3.30e+10 Tdav = 15.73 T = 40.98
 <-- Site =   57 .. Mmps =  550 Ndav =  10 E =   -143.6508717378 Error = 9.74e-21 FLOPS = 3.30e+10 Tdav = 15.71 T = 40.52
 <-- Site =   56 .. Mmps =  550 Ndav =  10 E =   -143.6508727743 Error = 9.27e-19 FLOPS = 3.31e+10 Tdav = 15.40 T = 40.28
 <-- Site =   55 .. Mmps =  550 Ndav =   9 E =   -143.6508733314 Error = 5.20e-21 FLOPS = 3.33e+10 Tdav = 14.05 T = 38.86
 <-- Site =   54 .. Mmps =  550 Ndav =  12 E =   -143.6508740286 Error = 1.41e-18 FLOPS = 3.26e+10 Tdav = 18.75 T = 43.15
 <-- Site =   53 .. Mmps =  550 Ndav =   9 E =   -143.6508743390 Error = 1.84e-20 FLOPS = 3.33e+10 Tdav = 13.76 T = 37.66
 <-- Site =   52 .. Mmps =  550 Ndav =   8 E =   -143.6508746422 Error = 1.18e-18 FLOPS = 3.35e+10 Tdav = 11.93 T = 35.05
 <-- Site =   51 .. Mmps =  550 Ndav =   8 E =   -143.6508747727 Error = 1.62e-20 FLOPS = 3.31e+10 Tdav = 11.81 T = 34.39
 <-- Site =   50 .. Mmps =  550 Ndav =   7 E =   -143.6508749748 Error = 1.09e-20 FLOPS = 3.36e+10 Tdav = 10.20 T = 32.78
 <-- Site =   49 .. Mmps =  550 Ndav =   8 E =   -143.6508752551 Error = 1.27e-20 FLOPS = 3.34e+10 Tdav = 11.71 T = 33.86
 <-- Site =   48 .. Mmps =  550 Ndav =   8 E =   -143.6508757588 Error = 7.18e-19 FLOPS = 3.33e+10 Tdav = 11.50 T = 32.88
 <-- Site =   47 .. Mmps =  550 Ndav =  10 E =   -143.6508762625 Error = 7.24e-21 FLOPS = 3.29e+10 Tdav = 14.25 T = 35.12
 <-- Site =   46 .. Mmps =  550 Ndav =   8 E =   -143.6508769666 Error = 1.82e-18 FLOPS = 3.34e+10 Tdav = 11.25 T = 31.72
 <-- Site =   45 .. Mmps =  550 Ndav =  11 E =   -143.6508777396 Error = 7.70e-21 FLOPS = 3.25e+10 Tdav = 15.56 T = 35.24
 <-- Site =   44 .. Mmps =  550 Ndav =  10 E =   -143.6508787394 Error = 5.13e-19 FLOPS = 3.26e+10 Tdav = 13.78 T = 33.06
 <-- Site =   43 .. Mmps =  550 Ndav =  11 E =   -143.6508794232 Error = 5.24e-21 FLOPS = 3.25e+10 Tdav = 15.22 T = 34.49
 <-- Site =   42 .. Mmps =  550 Ndav =   9 E =   -143.6508800182 Error = 1.41e-18 FLOPS = 3.29e+10 Tdav = 12.28 T = 31.26
 <-- Site =   41 .. Mmps =  550 Ndav =  11 E =   -143.6508809680 Error = 5.66e-21 FLOPS = 3.24e+10 Tdav = 14.91 T = 33.04
 <-- Site =   40 .. Mmps =  550 Ndav =   8 E =   -143.6508814984 Error = 2.35e-19 FLOPS = 3.32e+10 Tdav = 10.35 T = 27.75
 <-- Site =   39 .. Mmps =  550 Ndav =  12 E =   -143.6508823946 Error = 1.50e-20 FLOPS = 3.21e+10 Tdav = 15.69 T = 32.36
 <-- Site =   38 .. Mmps =  550 Ndav =   7 E =   -143.6508826555 Error = 3.09e-18 FLOPS = 3.31e+10 Tdav = 8.64 T = 24.60
 <-- Site =   37 .. Mmps =  550 Ndav =   8 E =   -143.6508829058 Error = 5.71e-21 FLOPS = 3.31e+10 Tdav = 9.65 T = 24.89
 <-- Site =   36 .. Mmps =  550 Ndav =   8 E =   -143.6508833781 Error = 2.52e-18 FLOPS = 3.30e+10 Tdav = 9.43 T = 24.07
 <-- Site =   35 .. Mmps =  550 Ndav =   8 E =   -143.6508838171 Error = 6.16e-21 FLOPS = 3.29e+10 Tdav = 9.23 T = 23.15
 <-- Site =   34 .. Mmps =  550 Ndav =   9 E =   -143.6508845239 Error = 1.24e-18 FLOPS = 3.25e+10 Tdav = 10.22 T = 23.46
 <-- Site =   33 .. Mmps =  550 Ndav =   9 E =   -143.6508850903 Error = 4.51e-21 FLOPS = 3.26e+10 Tdav = 9.92 T = 22.51
 <-- Site =   32 .. Mmps =  550 Ndav =  10 E =   -143.6508859522 Error = 2.03e-18 FLOPS = 3.22e+10 Tdav = 10.85 T = 22.77
 <-- Site =   31 .. Mmps =  550 Ndav =   9 E =   -143.6508864753 Error = 6.22e-21 FLOPS = 3.24e+10 Tdav = 9.44 T = 20.79
 <-- Site =   30 .. Mmps =  550 Ndav =   9 E =   -143.6508870691 Error = 1.74e-18 FLOPS = 3.23e+10 Tdav = 9.18 T = 19.94
 <-- Site =   29 .. Mmps =  550 Ndav =   9 E =   -143.6508874320 Error = 6.56e-21 FLOPS = 3.23e+10 Tdav = 8.91 T = 19.08
 <-- Site =   28 .. Mmps =  550 Ndav =   8 E =   -143.6508879200 Error = 6.49e-19 FLOPS = 3.25e+10 Tdav = 7.61 T = 17.21
 <-- Site =   27 .. Mmps =  550 Ndav =  10 E =   -143.6508882886 Error = 1.13e-20 FLOPS = 3.17e+10 Tdav = 9.44 T = 18.53
 <-- Site =   26 .. Mmps =  550 Ndav =   8 E =   -143.6508888387 Error = 4.49e-18 FLOPS = 3.23e+10 Tdav = 7.17 T = 15.71
 <-- Site =   25 .. Mmps =  550 Ndav =   7 E =   -143.6508890930 Error = 4.81e-21 FLOPS = 3.26e+10 Tdav = 6.00 T = 14.02
 <-- Site =   24 .. Mmps =  550 Ndav =   8 E =   -143.6508895366 Error = 7.43e-20 FLOPS = 3.22e+10 Tdav = 6.70 T = 14.28
 <-- Site =   23 .. Mmps =  550 Ndav =   9 E =   -143.6508901210 Error = 5.70e-21 FLOPS = 3.16e+10 Tdav = 7.40 T = 14.44
 <-- Site =   22 .. Mmps =  550 Ndav =   9 E =   -143.6508908775 Error = 1.52e-19 FLOPS = 3.14e+10 Tdav = 7.15 T = 13.71
 <-- Site =   21 .. Mmps =  550 Ndav =  13 E =   -143.6508925561 Error = 6.41e-21 FLOPS = 2.96e+10 Tdav = 10.52 T = 16.69
 <-- Site =   20 .. Mmps =  550 Ndav =   9 E =   -143.6508934271 Error = 7.93e-20 FLOPS = 3.13e+10 Tdav = 6.59 T = 12.28
 <-- Site =   19 .. Mmps =  550 Ndav =  13 E =   -143.6508950515 Error = 7.43e-21 FLOPS = 2.92e+10 Tdav = 9.77 T = 15.07
 <-- Site =   18 .. Mmps =  550 Ndav =   8 E =   -143.6508960019 Error = 4.80e-19 FLOPS = 3.14e+10 Tdav = 5.34 T = 10.31
 <-- Site =   17 .. Mmps =  550 Ndav =  13 E =   -143.6508979474 Error = 1.02e-20 FLOPS = 2.87e+10 Tdav = 9.04 T = 13.58
 <-- Site =   16 .. Mmps =  550 Ndav =   8 E =   -143.6508985140 Error = 1.20e-19 FLOPS = 3.10e+10 Tdav = 4.89 T = 9.03
 <-- Site =   15 .. Mmps =  550 Ndav =  12 E =   -143.6508997888 Error = 8.03e-21 FLOPS = 2.87e+10 Tdav = 7.51 T = 11.39
 <-- Site =   14 .. Mmps =  550 Ndav =   8 E =   -143.6509001923 Error = 4.06e-20 FLOPS = 3.07e+10 Tdav = 4.43 T = 8.00
 <-- Site =   13 .. Mmps =  550 Ndav =   9 E =   -143.6509006294 Error = 1.40e-19 FLOPS = 2.97e+10 Tdav = 4.84 T = 8.05
 <-- Site =   12 .. Mmps =  550 Ndav =   6 E =   -143.6509007663 Error = 1.08e-17 FLOPS = 3.10e+10 Tdav = 2.90 T = 5.82
 <-- Site =   11 .. Mmps =  550 Ndav =   7 E =   -143.6509008460 Error = 1.07e-19 FLOPS = 3.04e+10 Tdav = 3.22 T = 5.79
 <-- Site =   10 .. Mmps =  550 Ndav =   6 E =   -143.6509008703 Error = 5.23e-18 FLOPS = 3.04e+10 Tdav = 2.56 T = 4.93
 <-- Site =    9 .. Mmps =  550 Ndav =   2 E =   -143.6509008711 Error = 9.13e-25 FLOPS = 2.92e+10 Tdav = 0.73 T = 2.83
 <-- Site =    8 .. Mmps =  550 Ndav =   1 E =   -143.6509008711 Error = 3.52e-32 FLOPS = 2.51e+10 Tdav = 0.13 T = 1.34
 <-- Site =    7 .. Mmps =  550 Ndav =   1 E =   -143.6509008711 Error = 1.25e-55 FLOPS = 2.17e+10 Tdav = 0.05 T = 1.07
 <-- Site =    6 .. Mmps =  550 Ndav =   1 E =   -143.6509008711 Error = 3.85e-74 FLOPS = 1.82e+10 Tdav = 0.02 T = 0.90
 <-- Site =    5 .. Mmps =  550 Ndav =   1 E =   -143.6509008711 Error = 4.06e-93 FLOPS = 1.50e+10 Tdav = 0.01 T = 0.86
 <-- Site =    4 .. Mmps =  550 Ndav =   1 E =   -143.6509008711 Error = 7.57e-107 FLOPS = 1.18e+10 Tdav = 0.01 T = 0.77
 <-- Site =    3 .. Mmps =  550 Ndav =   1 E =   -143.6509008711 Error = 8.22e-111 FLOPS = 8.68e+09 Tdav = 0.00 T = 0.74
 <-- Site =    2 .. Mmps =  550 Ndav =   1 E =   -143.6509008711 Error = 8.55e-108 FLOPS = 5.67e+09 Tdav = 0.00 T = 0.66
 <-- Site =    1 .. Mmps =  550 Ndav =   1 E =   -143.6509008711 Error = 2.51e-108 FLOPS = 3.33e+09 Tdav = 0.00 T = 0.63
 <-- Site =    0 .. Mmps =  550 Ndav =   1 E =   -143.6509008711 Error = 1.54e-104 FLOPS = 2.31e+09 Tdav = 0.00 T = 0.56
Time elapsed =  13726.313 | E =    -143.6509008711 | DE = -1.30e-04 | DW = 1.08255e-17
Time sweep =     4498.209 | 52.1 TFLOP/SWP
 | Dmem = 136 MB (3%) | Imem = 232 B (79%) | Hmem = 649 MB | Wmem = 4.62 MB | Pmem = 0 B
 | Tread = 70.360 | Twrite = 30.802 | Tfpread = 69.449 | Tfpwrite = 19.001 | Tmporead = 0.000 | Tasync = 0.000
 | data = 14.6 GB | cpsd = 9.62 GB
 | Trot = 188.080 | Tctr = 175.089 | Tint = 0.009 | Tmid = 0.000 | Tdctr = 0.010 | Tdiag = 1.685 | Tinfo = 2.114
 | Teff = 2233.353 | Tprt = 0.000 | Teig = 1754.941 | Tblk = 4047.737 | Tmve = 450.459 | Tdm = 2.941 | Tsplt = 42.550 | Tsvd = 0.000 | Torth = 0.000

Sweep =    9 | Direction =  forward | Bond dimension =  550 | Noise =  0.00e+00 | Dav threshold =  1.00e-08
 --> Site =    0 .. Mmps =    2 Ndav =   1 E =   -143.6509008711 Error = 0.00e+00 FLOPS = 2.35e+09 Tdav = 0.00 T = 0.02
 --> Site =    1 .. Mmps =    4 Ndav =   1 E =   -143.6509008711 Error = 0.00e+00 FLOPS = 3.42e+09 Tdav = 0.00 T = 0.04
 --> Site =    2 .. Mmps =    8 Ndav =   1 E =   -143.6509008711 Error = 0.00e+00 FLOPS = 5.64e+09 Tdav = 0.00 T = 0.05
 --> Site =    3 .. Mmps =   16 Ndav =   1 E =   -143.6509008711 Error = 0.00e+00 FLOPS = 8.62e+09 Tdav = 0.00 T = 0.06
 --> Site =    4 .. Mmps =   32 Ndav =   1 E =   -143.6509008711 Error = 0.00e+00 FLOPS = 1.18e+10 Tdav = 0.01 T = 0.07
 --> Site =    5 .. Mmps =   64 Ndav =   1 E =   -143.6509008711 Error = 0.00e+00 FLOPS = 1.50e+10 Tdav = 0.01 T = 0.08
 --> Site =    6 .. Mmps =  128 Ndav =   1 E =   -143.6509008711 Error = 0.00e+00 FLOPS = 1.82e+10 Tdav = 0.02 T = 0.11
 --> Site =    7 .. Mmps =  256 Ndav =   1 E =   -143.6509008711 Error = 0.00e+00 FLOPS = 2.15e+10 Tdav = 0.05 T = 0.21
 --> Site =    8 .. Mmps =  512 Ndav =   1 E =   -143.6509008711 Error = 0.00e+00 FLOPS = 2.51e+10 Tdav = 0.13 T = 0.52
 --> Site =    9 .. Mmps =  550 Ndav =   1 E =   -143.6509008711 Error = 1.43e-25 FLOPS = 2.60e+10 Tdav = 0.41 T = 1.90
 --> Site =   10 .. Mmps =  550 Ndav =   1 E =   -143.6509008711 Error = 9.23e-26 FLOPS = 2.69e+10 Tdav = 0.48 T = 2.63
 --> Site =   11 .. Mmps =  550 Ndav =   1 E =   -143.6509008711 Error = 9.29e-24 FLOPS = 2.74e+10 Tdav = 0.51 T = 2.95
 --> Site =   12 .. Mmps =  550 Ndav =   1 E =   -143.6509008711 Error = 3.14e-23 FLOPS = 2.78e+10 Tdav = 0.54 T = 3.21
 --> Site =   13 .. Mmps =  550 Ndav =   1 E =   -143.6509008711 Error = 1.82e-21 FLOPS = 2.80e+10 Tdav = 0.57 T = 3.52
 --> Site =   14 .. Mmps =  550 Ndav =   2 E =   -143.6509008722 Error = 3.96e-21 FLOPS = 3.09e+10 Tdav = 1.10 T = 4.32
 --> Site =   15 .. Mmps =  550 Ndav =   2 E =   -143.6509008732 Error = 3.02e-21 FLOPS = 3.11e+10 Tdav = 1.16 T = 4.68
 --> Site =   16 .. Mmps =  550 Ndav =   2 E =   -143.6509008748 Error = 2.66e-21 FLOPS = 3.14e+10 Tdav = 1.21 T = 5.11
 --> Site =   17 .. Mmps =  550 Ndav =   2 E =   -143.6509008764 Error = 1.55e-20 FLOPS = 3.15e+10 Tdav = 1.27 T = 5.51
 --> Site =   18 .. Mmps =  550 Ndav =   3 E =   -143.6509008796 Error = 3.26e-21 FLOPS = 3.22e+10 Tdav = 1.95 T = 6.51
 --> Site =   19 .. Mmps =  550 Ndav =   2 E =   -143.6509008818 Error = 6.60e-21 FLOPS = 3.19e+10 Tdav = 1.38 T = 6.28
 --> Site =   20 .. Mmps =  550 Ndav =   3 E =   -143.6509008852 Error = 2.55e-21 FLOPS = 3.26e+10 Tdav = 2.11 T = 7.40
 --> Site =   21 .. Mmps =  550 Ndav =   3 E =   -143.6509008879 Error = 5.28e-21 FLOPS = 3.26e+10 Tdav = 2.20 T = 7.89
 --> Site =   22 .. Mmps =  550 Ndav =   3 E =   -143.6509008919 Error = 1.90e-21 FLOPS = 3.25e+10 Tdav = 2.31 T = 8.42
 --> Site =   23 .. Mmps =  550 Ndav =   3 E =   -143.6509008949 Error = 6.46e-21 FLOPS = 3.27e+10 Tdav = 2.38 T = 8.89
 --> Site =   24 .. Mmps =  550 Ndav =   3 E =   -143.6509008989 Error = 1.11e-21 FLOPS = 3.29e+10 Tdav = 2.46 T = 9.48
 --> Site =   25 .. Mmps =  550 Ndav =   3 E =   -143.6509009035 Error = 5.03e-21 FLOPS = 3.29e+10 Tdav = 2.55 T = 10.06
 --> Site =   26 .. Mmps =  550 Ndav =   3 E =   -143.6509009072 Error = 7.63e-21 FLOPS = 3.31e+10 Tdav = 2.63 T = 10.54
 --> Site =   27 .. Mmps =  550 Ndav =   3 E =   -143.6509009121 Error = 1.34e-20 FLOPS = 3.31e+10 Tdav = 2.72 T = 11.11
 --> Site =   28 .. Mmps =  550 Ndav =   4 E =   -143.6509009231 Error = 6.27e-21 FLOPS = 3.32e+10 Tdav = 3.72 T = 12.69
 --> Site =   29 .. Mmps =  550 Ndav =   3 E =   -143.6509009307 Error = 1.49e-20 FLOPS = 3.31e+10 Tdav = 2.90 T = 12.36
 --> Site =   30 .. Mmps =  550 Ndav =   4 E =   -143.6509009473 Error = 3.14e-21 FLOPS = 3.34e+10 Tdav = 3.95 T = 14.03
 --> Site =   31 .. Mmps =  550 Ndav =   4 E =   -143.6509009571 Error = 9.84e-21 FLOPS = 3.34e+10 Tdav = 4.07 T = 14.63
 --> Site =   32 .. Mmps =  550 Ndav =   4 E =   -143.6509009733 Error = 2.51e-20 FLOPS = 3.35e+10 Tdav = 4.17 T = 15.28
 --> Site =   33 .. Mmps =  550 Ndav =   3 E =   -143.6509009794 Error = 2.41e-20 FLOPS = 3.34e+10 Tdav = 3.23 T = 14.95
 --> Site =   34 .. Mmps =  550 Ndav =   4 E =   -143.6509009891 Error = 6.97e-21 FLOPS = 3.36e+10 Tdav = 4.40 T = 16.68
 --> Site =   35 .. Mmps =  550 Ndav =   3 E =   -143.6509009928 Error = 1.37e-20 FLOPS = 3.35e+10 Tdav = 3.39 T = 16.33
 --> Site =   36 .. Mmps =  550 Ndav =   4 E =   -143.6509009986 Error = 1.84e-21 FLOPS = 3.36e+10 Tdav = 4.63 T = 18.19
 --> Site =   37 .. Mmps =  550 Ndav =   3 E =   -143.6509010012 Error = 3.15e-20 FLOPS = 3.36e+10 Tdav = 3.56 T = 17.76
 --> Site =   38 .. Mmps =  550 Ndav =   3 E =   -143.6509010044 Error = 8.75e-21 FLOPS = 3.36e+10 Tdav = 3.65 T = 18.52
 --> Site =   39 .. Mmps =  550 Ndav =   3 E =   -143.6509010063 Error = 1.31e-20 FLOPS = 3.37e+10 Tdav = 3.73 T = 19.29
 --> Site =   40 .. Mmps =  550 Ndav =   3 E =   -143.6509010100 Error = 2.02e-21 FLOPS = 3.37e+10 Tdav = 3.82 T = 20.12
 --> Site =   41 .. Mmps =  550 Ndav =   3 E =   -143.6509010139 Error = 4.24e-20 FLOPS = 3.37e+10 Tdav = 3.91 T = 20.85
 --> Site =   42 .. Mmps =  550 Ndav =   4 E =   -143.6509010225 Error = 4.32e-21 FLOPS = 3.38e+10 Tdav = 5.32 T = 22.97
 --> Site =   43 .. Mmps =  550 Ndav =   3 E =   -143.6509010271 Error = 5.66e-20 FLOPS = 3.37e+10 Tdav = 4.00 T = 22.06
 --> Site =   44 .. Mmps =  550 Ndav =   4 E =   -143.6509010373 Error = 5.22e-21 FLOPS = 3.38e+10 Tdav = 5.32 T = 23.63
 --> Site =   45 .. Mmps =  550 Ndav =   3 E =   -143.6509010420 Error = 5.84e-20 FLOPS = 3.38e+10 Tdav = 4.08 T = 22.59
 --> Site =   46 .. Mmps =  550 Ndav =   4 E =   -143.6509010499 Error = 1.04e-20 FLOPS = 3.38e+10 Tdav = 5.55 T = 24.72
 --> Site =   47 .. Mmps =  550 Ndav =   3 E =   -143.6509010537 Error = 2.50e-20 FLOPS = 3.38e+10 Tdav = 4.17 T = 23.73
 --> Site =   48 .. Mmps =  550 Ndav =   4 E =   -143.6509010611 Error = 3.89e-21 FLOPS = 3.39e+10 Tdav = 5.66 T = 25.65
 --> Site =   49 .. Mmps =  550 Ndav =   3 E =   -143.6509010641 Error = 2.97e-20 FLOPS = 3.39e+10 Tdav = 4.33 T = 25.08
 --> Site =   50 .. Mmps =  550 Ndav =   3 E =   -143.6509010678 Error = 4.91e-21 FLOPS = 3.39e+10 Tdav = 4.33 T = 25.46
 --> Site =   51 .. Mmps =  550 Ndav =   4 E =   -143.6509010723 Error = 3.23e-20 FLOPS = 3.39e+10 Tdav = 5.77 T = 26.92
 --> Site =   52 .. Mmps =  550 Ndav =   3 E =   -143.6509010751 Error = 1.57e-20 FLOPS = 3.38e+10 Tdav = 4.43 T = 26.04
 --> Site =   53 .. Mmps =  550 Ndav =   3 E =   -143.6509010783 Error = 1.85e-20 FLOPS = 3.38e+10 Tdav = 4.51 T = 26.93
 --> Site =   54 .. Mmps =  550 Ndav =   3 E =   -143.6509010840 Error = 2.55e-21 FLOPS = 3.38e+10 Tdav = 4.52 T = 27.39
 --> Site =   55 .. Mmps =  550 Ndav =   3 E =   -143.6509010887 Error = 4.91e-20 FLOPS = 3.38e+10 Tdav = 4.60 T = 27.80
 --> Site =   56 .. Mmps =  550 Ndav =   4 E =   -143.6509011031 Error = 2.73e-21 FLOPS = 3.40e+10 Tdav = 6.00 T = 29.26
 --> Site =   57 .. Mmps =  550 Ndav =   4 E =   -143.6509011110 Error = 4.33e-20 FLOPS = 3.40e+10 Tdav = 6.11 T = 29.30
 --> Site =   58 .. Mmps =  550 Ndav =   5 E =   -143.6509011278 Error = 2.84e-20 FLOPS = 3.39e+10 Tdav = 7.65 T = 31.32
 --> Site =   59 .. Mmps =  550 Ndav =   3 E =   -143.6509011343 Error = 6.05e-20 FLOPS = 3.39e+10 Tdav = 4.68 T = 28.77
 --> Site =   60 .. Mmps =  550 Ndav =   4 E =   -143.6509011439 Error = 1.39e-20 FLOPS = 3.40e+10 Tdav = 6.22 T = 30.73
 --> Site =   61 .. Mmps =  550 Ndav =   3 E =   -143.6509011476 Error = 1.03e-20 FLOPS = 3.40e+10 Tdav = 4.76 T = 29.80
 --> Site =   62 .. Mmps =  550 Ndav =   3 E =   -143.6509011524 Error = 7.82e-21 FLOPS = 3.39e+10 Tdav = 4.68 T = 29.68
 --> Site =   63 .. Mmps =  550 Ndav =   3 E =   -143.6509011557 Error = 9.28e-21 FLOPS = 3.40e+10 Tdav = 4.76 T = 29.73
 --> Site =   64 .. Mmps =  550 Ndav =   3 E =   -143.6509011601 Error = 2.14e-19 FLOPS = 3.40e+10 Tdav = 4.76 T = 30.11
 --> Site =   65 .. Mmps =  550 Ndav =   3 E =   -143.6509011624 Error = 3.05e-20 FLOPS = 3.40e+10 Tdav = 4.84 T = 30.67
 --> Site =   66 .. Mmps =  550 Ndav =   3 E =   -143.6509011666 Error = 3.45e-21 FLOPS = 3.40e+10 Tdav = 4.85 T = 31.15
 --> Site =   67 .. Mmps =  550 Ndav =   3 E =   -143.6509011714 Error = 2.49e-20 FLOPS = 3.40e+10 Tdav = 4.84 T = 31.39
 --> Site =   68 .. Mmps =  550 Ndav =   4 E =   -143.6509011817 Error = 1.97e-20 FLOPS = 3.40e+10 Tdav = 6.45 T = 32.72
 --> Site =   69 .. Mmps =  550 Ndav =   4 E =   -143.6509011886 Error = 1.22e-20 FLOPS = 3.40e+10 Tdav = 6.35 T = 32.26
 --> Site =   70 .. Mmps =  550 Ndav =   4 E =   -143.6509012028 Error = 6.75e-21 FLOPS = 3.41e+10 Tdav = 6.45 T = 32.27
 --> Site =   71 .. Mmps =  550 Ndav =   4 E =   -143.6509012094 Error = 1.94e-20 FLOPS = 3.41e+10 Tdav = 6.45 T = 32.82
 --> Site =   72 .. Mmps =  550 Ndav =   4 E =   -143.6509012195 Error = 1.12e-20 FLOPS = 3.40e+10 Tdav = 6.46 T = 32.86
 --> Site =   73 .. Mmps =  550 Ndav =   4 E =   -143.6509012241 Error = 2.66e-20 FLOPS = 3.41e+10 Tdav = 6.45 T = 32.81
 --> Site =   74 .. Mmps =  550 Ndav =   4 E =   -143.6509012305 Error = 1.87e-21 FLOPS = 3.40e+10 Tdav = 6.45 T = 32.75
 --> Site =   75 .. Mmps =  550 Ndav =   3 E =   -143.6509012338 Error = 1.28e-20 FLOPS = 3.40e+10 Tdav = 4.93 T = 31.73
 --> Site =   76 .. Mmps =  550 Ndav =   3 E =   -143.6509012373 Error = 9.47e-21 FLOPS = 3.40e+10 Tdav = 4.93 T = 32.14
 --> Site =   77 .. Mmps =  550 Ndav =   3 E =   -143.6509012407 Error = 6.13e-21 FLOPS = 3.40e+10 Tdav = 4.85 T = 31.59
 --> Site =   78 .. Mmps =  550 Ndav =   3 E =   -143.6509012434 Error = 3.01e-21 FLOPS = 3.40e+10 Tdav = 4.93 T = 31.62
 --> Site =   79 .. Mmps =  550 Ndav =   3 E =   -143.6509012465 Error = 2.27e-20 FLOPS = 3.40e+10 Tdav = 4.93 T = 32.12
 --> Site =   80 .. Mmps =  550 Ndav =   3 E =   -143.6509012521 Error = 4.84e-21 FLOPS = 3.40e+10 Tdav = 4.85 T = 31.64
 --> Site =   81 .. Mmps =  550 Ndav =   3 E =   -143.6509012569 Error = 4.34e-20 FLOPS = 3.40e+10 Tdav = 4.85 T = 31.14
 --> Site =   82 .. Mmps =  550 Ndav =   4 E =   -143.6509012701 Error = 5.51e-20 FLOPS = 3.40e+10 Tdav = 6.34 T = 32.19
 --> Site =   83 .. Mmps =  550 Ndav =   3 E =   -143.6509012778 Error = 2.76e-20 FLOPS = 3.40e+10 Tdav = 4.84 T = 30.69
 --> Site =   84 .. Mmps =  550 Ndav =   5 E =   -143.6509012979 Error = 3.27e-21 FLOPS = 3.40e+10 Tdav = 8.07 T = 34.73
 --> Site =   85 .. Mmps =  550 Ndav =   4 E =   -143.6509013052 Error = 6.25e-20 FLOPS = 3.41e+10 Tdav = 6.45 T = 32.94
 --> Site =   86 .. Mmps =  550 Ndav =   5 E =   -143.6509013188 Error = 1.71e-21 FLOPS = 3.40e+10 Tdav = 8.07 T = 34.48
 --> Site =   87 .. Mmps =  550 Ndav =   3 E =   -143.6509013240 Error = 1.99e-20 FLOPS = 3.40e+10 Tdav = 4.85 T = 31.09
 --> Site =   88 .. Mmps =  550 Ndav =   4 E =   -143.6509013319 Error = 1.52e-21 FLOPS = 3.40e+10 Tdav = 6.57 T = 33.44
 --> Site =   89 .. Mmps =  550 Ndav =   3 E =   -143.6509013361 Error = 2.64e-20 FLOPS = 3.40e+10 Tdav = 4.93 T = 32.24
 --> Site =   90 .. Mmps =  550 Ndav =   4 E =   -143.6509013416 Error = 2.70e-21 FLOPS = 3.40e+10 Tdav = 6.45 T = 33.38
 --> Site =   91 .. Mmps =  550 Ndav =   3 E =   -143.6509013438 Error = 5.24e-20 FLOPS = 3.40e+10 Tdav = 4.93 T = 31.67
 --> Site =   92 .. Mmps =  550 Ndav =   3 E =   -143.6509013479 Error = 5.13e-21 FLOPS = 3.40e+10 Tdav = 4.93 T = 32.19
 --> Site =   93 .. Mmps =  550 Ndav =   3 E =   -143.6509013521 Error = 3.66e-20 FLOPS = 3.40e+10 Tdav = 4.84 T = 31.62
 --> Site =   94 .. Mmps =  550 Ndav =   4 E =   -143.6509013617 Error = 1.62e-20 FLOPS = 3.41e+10 Tdav = 6.44 T = 32.75
 --> Site =   95 .. Mmps =  550 Ndav =   3 E =   -143.6509013677 Error = 3.80e-20 FLOPS = 3.40e+10 Tdav = 4.75 T = 30.65
 --> Site =   96 .. Mmps =  550 Ndav =   5 E =   -143.6509013841 Error = 8.17e-21 FLOPS = 3.41e+10 Tdav = 8.05 T = 33.94
 --> Site =   97 .. Mmps =  550 Ndav =   3 E =   -143.6509013905 Error = 3.18e-20 FLOPS = 3.40e+10 Tdav = 4.84 T = 31.12
 --> Site =   98 .. Mmps =  550 Ndav =   4 E =   -143.6509014012 Error = 1.27e-20 FLOPS = 3.41e+10 Tdav = 6.32 T = 32.17
 --> Site =   99 .. Mmps =  550 Ndav =   4 E =   -143.6509014062 Error = 1.53e-20 FLOPS = 3.41e+10 Tdav = 6.33 T = 31.75
 --> Site =  100 .. Mmps =  550 Ndav =   4 E =   -143.6509014128 Error = 7.37e-21 FLOPS = 3.41e+10 Tdav = 6.44 T = 32.31
 --> Site =  101 .. Mmps =  550 Ndav =   3 E =   -143.6509014162 Error = 3.30e-20 FLOPS = 3.41e+10 Tdav = 4.83 T = 31.17
 --> Site =  102 .. Mmps =  550 Ndav =   3 E =   -143.6509014198 Error = 6.66e-21 FLOPS = 3.40e+10 Tdav = 4.84 T = 31.18
 --> Site =  103 .. Mmps =  550 Ndav =   3 E =   -143.6509014234 Error = 1.21e-20 FLOPS = 3.40e+10 Tdav = 4.75 T = 30.64
 --> Site =  104 .. Mmps =  550 Ndav =   3 E =   -143.6509014265 Error = 8.87e-21 FLOPS = 3.40e+10 Tdav = 4.75 T = 30.18
 --> Site =  105 .. Mmps =  550 Ndav =   3 E =   -143.6509014298 Error = 1.28e-20 FLOPS = 3.40e+10 Tdav = 4.67 T = 29.66
 --> Site =  106 .. Mmps =  550 Ndav =   3 E =   -143.6509014359 Error = 1.57e-20 FLOPS = 3.40e+10 Tdav = 4.67 T = 29.20
 --> Site =  107 .. Mmps =  550 Ndav =   3 E =   -143.6509014405 Error = 4.36e-20 FLOPS = 3.40e+10 Tdav = 4.58 T = 28.70
 --> Site =  108 .. Mmps =  550 Ndav =   4 E =   -143.6509014536 Error = 4.05e-20 FLOPS = 3.40e+10 Tdav = 5.99 T = 29.29
 --> Site =  109 .. Mmps =  550 Ndav =   4 E =   -143.6509014610 Error = 2.77e-20 FLOPS = 3.40e+10 Tdav = 5.98 T = 28.86
 --> Site =  110 .. Mmps =  550 Ndav =   5 E =   -143.6509014803 Error = 1.00e-20 FLOPS = 3.40e+10 Tdav = 7.49 T = 30.34
 --> Site =  111 .. Mmps =  550 Ndav =   4 E =   -143.6509014869 Error = 2.27e-20 FLOPS = 3.40e+10 Tdav = 5.99 T = 28.76
 --> Site =  112 .. Mmps =  550 Ndav =   5 E =   -143.6509015008 Error = 1.37e-21 FLOPS = 3.40e+10 Tdav = 7.49 T = 30.29
 --> Site =  113 .. Mmps =  550 Ndav =   3 E =   -143.6509015067 Error = 1.17e-20 FLOPS = 3.40e+10 Tdav = 4.50 T = 27.35
 --> Site =  114 .. Mmps =  550 Ndav =   4 E =   -143.6509015156 Error = 4.24e-20 FLOPS = 3.40e+10 Tdav = 5.99 T = 28.78
 --> Site =  115 .. Mmps =  550 Ndav =   3 E =   -143.6509015198 Error = 2.09e-20 FLOPS = 3.40e+10 Tdav = 4.41 T = 26.84
 --> Site =  116 .. Mmps =  550 Ndav =   3 E =   -143.6509015248 Error = 2.44e-21 FLOPS = 3.39e+10 Tdav = 4.33 T = 25.92
 --> Site =  117 .. Mmps =  550 Ndav =   3 E =   -143.6509015270 Error = 2.63e-20 FLOPS = 3.39e+10 Tdav = 4.33 T = 25.55
 --> Site =  118 .. Mmps =  550 Ndav =   3 E =   -143.6509015314 Error = 7.99e-21 FLOPS = 3.39e+10 Tdav = 4.24 T = 25.04
 --> Site =  119 .. Mmps =  550 Ndav =   3 E =   -143.6509015352 Error = 2.59e-20 FLOPS = 3.39e+10 Tdav = 4.24 T = 24.63
 --> Site =  120 .. Mmps =  550 Ndav =   4 E =   -143.6509015442 Error = 1.15e-20 FLOPS = 3.39e+10 Tdav = 5.53 T = 25.58
 --> Site =  121 .. Mmps =  550 Ndav =   3 E =   -143.6509015505 Error = 3.09e-20 FLOPS = 3.38e+10 Tdav = 4.07 T = 23.30
 --> Site =  122 .. Mmps =  550 Ndav =   4 E =   -143.6509015644 Error = 7.40e-21 FLOPS = 3.39e+10 Tdav = 5.42 T = 24.50
 --> Site =  123 .. Mmps =  550 Ndav =   4 E =   -143.6509015713 Error = 6.67e-20 FLOPS = 3.39e+10 Tdav = 5.30 T = 23.83
 --> Site =  124 .. Mmps =  550 Ndav =   4 E =   -143.6509015804 Error = 7.60e-21 FLOPS = 3.39e+10 Tdav = 5.31 T = 23.42
 --> Site =  125 .. Mmps =  550 Ndav =   3 E =   -143.6509015845 Error = 2.15e-20 FLOPS = 3.38e+10 Tdav = 3.99 T = 22.15
 --> Site =  126 .. Mmps =  550 Ndav =   4 E =   -143.6509015921 Error = 5.56e-21 FLOPS = 3.38e+10 Tdav = 5.19 T = 22.99
 --> Site =  127 .. Mmps =  550 Ndav =   3 E =   -143.6509015957 Error = 2.14e-20 FLOPS = 3.38e+10 Tdav = 3.81 T = 20.83
 --> Site =  128 .. Mmps =  550 Ndav =   4 E =   -143.6509016004 Error = 2.52e-21 FLOPS = 3.38e+10 Tdav = 4.96 T = 21.35
 --> Site =  129 .. Mmps =  550 Ndav =   3 E =   -143.6509016046 Error = 8.33e-21 FLOPS = 3.37e+10 Tdav = 3.65 T = 19.31
 --> Site =  130 .. Mmps =  550 Ndav =   3 E =   -143.6509016081 Error = 2.70e-21 FLOPS = 3.36e+10 Tdav = 3.56 T = 18.48
 --> Site =  131 .. Mmps =  550 Ndav =   3 E =   -143.6509016120 Error = 1.06e-20 FLOPS = 3.36e+10 Tdav = 3.48 T = 17.75
 --> Site =  132 .. Mmps =  550 Ndav =   3 E =   -143.6509016195 Error = 3.48e-21 FLOPS = 3.36e+10 Tdav = 3.39 T = 17.09
 --> Site =  133 .. Mmps =  550 Ndav =   4 E =   -143.6509016278 Error = 9.44e-21 FLOPS = 3.36e+10 Tdav = 4.39 T = 17.37
 --> Site =  134 .. Mmps =  550 Ndav =   4 E =   -143.6509016431 Error = 9.72e-21 FLOPS = 3.36e+10 Tdav = 4.28 T = 16.64
 --> Site =  135 .. Mmps =  550 Ndav =   4 E =   -143.6509016526 Error = 2.60e-20 FLOPS = 3.35e+10 Tdav = 4.17 T = 16.01
 --> Site =  136 .. Mmps =  550 Ndav =   5 E =   -143.6509016681 Error = 1.70e-20 FLOPS = 3.34e+10 Tdav = 5.08 T = 16.27
 --> Site =  137 .. Mmps =  550 Ndav =   3 E =   -143.6509016750 Error = 1.06e-20 FLOPS = 3.33e+10 Tdav = 2.97 T = 13.57
 --> Site =  138 .. Mmps =  550 Ndav =   4 E =   -143.6509016859 Error = 8.01e-22 FLOPS = 3.31e+10 Tdav = 3.86 T = 13.96
 --> Site =  139 .. Mmps =  550 Ndav =   3 E =   -143.6509016916 Error = 1.87e-20 FLOPS = 3.32e+10 Tdav = 2.80 T = 12.44
 --> Site =  140 .. Mmps =  550 Ndav =   3 E =   -143.6509017003 Error = 2.62e-20 FLOPS = 3.31e+10 Tdav = 2.72 T = 11.82
 --> Site =  141 .. Mmps =  550 Ndav =   3 E =   -143.6509017065 Error = 2.44e-20 FLOPS = 3.31e+10 Tdav = 2.62 T = 11.08
 --> Site =  142 .. Mmps =  550 Ndav =   4 E =   -143.6509017159 Error = 1.27e-20 FLOPS = 3.30e+10 Tdav = 3.39 T = 11.36
 --> Site =  143 .. Mmps =  550 Ndav =   3 E =   -143.6509017201 Error = 8.86e-21 FLOPS = 3.30e+10 Tdav = 2.45 T = 10.00
 --> Site =  144 .. Mmps =  550 Ndav =   4 E =   -143.6509017300 Error = 5.34e-21 FLOPS = 3.28e+10 Tdav = 3.16 T = 10.18
 --> Site =  145 .. Mmps =  550 Ndav =   3 E =   -143.6509017413 Error = 3.72e-20 FLOPS = 3.24e+10 Tdav = 2.31 T = 8.90
 --> Site =  146 .. Mmps =  550 Ndav =   4 E =   -143.6509017597 Error = 5.24e-21 FLOPS = 3.28e+10 Tdav = 2.92 T = 9.06
 --> Site =  147 .. Mmps =  550 Ndav =   5 E =   -143.6509017805 Error = 1.92e-20 FLOPS = 3.27e+10 Tdav = 3.51 T = 9.29
 --> Site =  148 .. Mmps =  550 Ndav =   4 E =   -143.6509018023 Error = 2.41e-21 FLOPS = 3.27e+10 Tdav = 2.69 T = 7.99
 --> Site =  149 .. Mmps =  550 Ndav =   5 E =   -143.6509018242 Error = 2.96e-20 FLOPS = 3.23e+10 Tdav = 3.24 T = 8.24
 --> Site =  150 .. Mmps =  550 Ndav =   5 E =   -143.6509018440 Error = 2.35e-21 FLOPS = 3.21e+10 Tdav = 3.11 T = 7.78
 --> Site =  151 .. Mmps =  550 Ndav =   5 E =   -143.6509018652 Error = 4.14e-20 FLOPS = 3.21e+10 Tdav = 2.96 T = 7.23
 --> Site =  152 .. Mmps =  550 Ndav =   4 E =   -143.6509018825 Error = 4.55e-21 FLOPS = 3.18e+10 Tdav = 2.26 T = 6.13
 --> Site =  153 .. Mmps =  550 Ndav =   5 E =   -143.6509019028 Error = 2.59e-20 FLOPS = 3.18e+10 Tdav = 2.67 T = 6.23
 --> Site =  154 .. Mmps =  550 Ndav =   4 E =   -143.6509019218 Error = 2.03e-20 FLOPS = 3.14e+10 Tdav = 2.04 T = 5.42
 --> Site =  155 .. Mmps =  550 Ndav =   5 E =   -143.6509019489 Error = 8.66e-20 FLOPS = 3.13e+10 Tdav = 2.39 T = 5.35
 --> Site =  156 .. Mmps =  550 Ndav =   4 E =   -143.6509019703 Error = 1.27e-19 FLOPS = 3.13e+10 Tdav = 1.79 T = 4.51
 --> Site =  157 .. Mmps =  550 Ndav =   4 E =   -143.6509019808 Error = 4.56e-19 FLOPS = 3.09e+10 Tdav = 1.68 T = 4.15
 --> Site =  158 .. Mmps =  550 Ndav =   2 E =   -143.6509019823 Error = 2.98e-20 FLOPS = 2.95e+10 Tdav = 0.81 T = 2.99
 --> Site =  159 .. Mmps =  550 Ndav =   1 E =   -143.6509019823 Error = 8.51e-25 FLOPS = 2.51e+10 Tdav = 0.40 T = 2.36
 --> Site =  160 .. Mmps =  550 Ndav =   1 E =   -143.6509019823 Error = 5.84e-32 FLOPS = 2.57e+10 Tdav = 0.15 T = 1.89
 --> Site =  161 .. Mmps =  550 Ndav =   1 E =   -143.6509019823 Error = 1.11e-56 FLOPS = 2.32e+10 Tdav = 0.07 T = 1.66
 --> Site =  162 .. Mmps =  550 Ndav =   1 E =   -143.6509019823 Error = 4.67e-83 FLOPS = 2.26e+10 Tdav = 0.03 T = 1.37
 --> Site =  163 .. Mmps =  550 Ndav =   1 E =   -143.6509019823 Error = 9.68e-109 FLOPS = 1.71e+10 Tdav = 0.02 T = 1.21
 --> Site =  164 .. Mmps =  550 Ndav =   1 E =   -143.6509019823 Error = 2.68e-132 FLOPS = 1.38e+10 Tdav = 0.01 T = 1.03
 --> Site =  165 .. Mmps =  548 Ndav =   1 E =   -143.6509019823 Error = 0.00e+00 FLOPS = 8.15e+09 Tdav = 0.01 T = 0.89
 --> Site =  166 .. Mmps =  548 Ndav =   1 E =   -143.6509019823 Error = 0.00e+00 FLOPS = 4.42e+09 Tdav = 0.00 T = 0.64
 --> Site =  167 .. Mmps =  550 Ndav =   1 E =   -143.6509019823 Error = 3.23e-206 FLOPS = 2.33e+09 Tdav = 0.00 T = 0.52
 --> Site =  168 .. Mmps =  550 Ndav =   1 E =   -143.6509019823 Error = 8.64e-233 FLOPS = 2.04e+09 Tdav = 0.00 T = 0.38
Time elapsed =  16947.190 | E =    -143.6509019823 | DE = -1.11e-06 | DW = 4.56025e-19
Time sweep =     3220.876 | 19.6 TFLOP/SWP
 | Dmem = 136 MB (3%) | Imem = 232 B (79%) | Hmem = 649 MB | Wmem = 4.62 MB | Pmem = 0 B
 | Tread = 80.144 | Twrite = 33.362 | Tfpread = 77.815 | Tfpwrite = 19.880 | Tmporead = 0.000 | Tasync = 0.000
 | data = 14.6 GB | cpsd = 11.0 GB
 | Trot = 190.242 | Tctr = 1.553 | Tint = 0.007 | Tmid = 0.000 | Tdctr = 62.113 | Tdiag = 1.573 | Tinfo = 2.035
 | Teff = 2294.378 | Tprt = 0.000 | Teig = 640.452 | Tblk = 2992.432 | Tmve = 228.434 | Tdm = 2.965 | Tsplt = 42.265 | Tsvd = 0.000 | Torth = 0.000

Sweep =   10 | Direction = backward | Bond dimension =  550 | Noise =  0.00e+00 | Dav threshold =  1.00e-08
 <-- Site =  168 .. Mmps =    2 Ndav =   1 E =   -143.6509019823 Error = 0.00e+00 FLOPS = 2.01e+09 Tdav = 0.00 T = 0.02
 <-- Site =  167 .. Mmps =    4 Ndav =   1 E =   -143.6509019823 Error = 0.00e+00 FLOPS = 2.52e+09 Tdav = 0.00 T = 0.11
 <-- Site =  166 .. Mmps =    8 Ndav =   1 E =   -143.6509019823 Error = 0.00e+00 FLOPS = 4.64e+09 Tdav = 0.00 T = 0.18
 <-- Site =  165 .. Mmps =   16 Ndav =   1 E =   -143.6509019823 Error = 0.00e+00 FLOPS = 8.22e+09 Tdav = 0.01 T = 0.25
 <-- Site =  164 .. Mmps =   32 Ndav =   1 E =   -143.6509019823 Error = 0.00e+00 FLOPS = 1.40e+10 Tdav = 0.01 T = 0.36
 <-- Site =  163 .. Mmps =   64 Ndav =   1 E =   -143.6509019823 Error = 0.00e+00 FLOPS = 1.70e+10 Tdav = 0.02 T = 0.48
 <-- Site =  162 .. Mmps =  128 Ndav =   1 E =   -143.6509019823 Error = 0.00e+00 FLOPS = 2.24e+10 Tdav = 0.03 T = 0.64
 <-- Site =  161 .. Mmps =  256 Ndav =   1 E =   -143.6509019823 Error = 0.00e+00 FLOPS = 2.33e+10 Tdav = 0.07 T = 0.81
 <-- Site =  160 .. Mmps =  512 Ndav =   1 E =   -143.6509019823 Error = 0.00e+00 FLOPS = 2.58e+10 Tdav = 0.15 T = 1.13
 <-- Site =  159 .. Mmps =  550 Ndav =   1 E =   -143.6509019823 Error = 2.83e-25 FLOPS = 2.56e+10 Tdav = 0.39 T = 1.98
 <-- Site =  158 .. Mmps =  550 Ndav =   1 E =   -143.6509019823 Error = 7.86e-22 FLOPS = 2.63e+10 Tdav = 0.45 T = 2.64
 <-- Site =  157 .. Mmps =  550 Ndav =   1 E =   -143.6509019823 Error = 7.55e-24 FLOPS = 2.69e+10 Tdav = 0.48 T = 3.01
 <-- Site =  156 .. Mmps =  550 Ndav =   1 E =   -143.6509019823 Error = 1.86e-20 FLOPS = 2.75e+10 Tdav = 0.51 T = 3.26
 <-- Site =  155 .. Mmps =  550 Ndav =   1 E =   -143.6509019823 Error = 7.57e-22 FLOPS = 2.78e+10 Tdav = 0.54 T = 3.62
 <-- Site =  154 .. Mmps =  550 Ndav =   2 E =   -143.6509019828 Error = 1.96e-20 FLOPS = 3.05e+10 Tdav = 1.05 T = 4.48
 <-- Site =  153 .. Mmps =  550 Ndav =   1 E =   -143.6509019828 Error = 2.47e-21 FLOPS = 2.86e+10 Tdav = 0.59 T = 4.29
 <-- Site =  152 .. Mmps =  550 Ndav =   2 E =   -143.6509019834 Error = 1.57e-20 FLOPS = 3.10e+10 Tdav = 1.16 T = 5.24
 <-- Site =  151 .. Mmps =  550 Ndav =   2 E =   -143.6509019839 Error = 3.95e-21 FLOPS = 3.14e+10 Tdav = 1.21 T = 5.76
 <-- Site =  150 .. Mmps =  550 Ndav =   2 E =   -143.6509019844 Error = 2.24e-20 FLOPS = 3.15e+10 Tdav = 1.27 T = 6.06
 <-- Site =  149 .. Mmps =  550 Ndav =   2 E =   -143.6509019849 Error = 2.47e-21 FLOPS = 3.16e+10 Tdav = 1.33 T = 6.49
 <-- Site =  148 .. Mmps =  550 Ndav =   2 E =   -143.6509019855 Error = 2.32e-20 FLOPS = 3.19e+10 Tdav = 1.38 T = 7.09
 <-- Site =  147 .. Mmps =  550 Ndav =   2 E =   -143.6509019860 Error = 1.62e-21 FLOPS = 3.21e+10 Tdav = 1.43 T = 7.47
 <-- Site =  146 .. Mmps =  550 Ndav =   2 E =   -143.6509019866 Error = 1.07e-20 FLOPS = 3.21e+10 Tdav = 1.49 T = 8.09
 <-- Site =  145 .. Mmps =  550 Ndav =   2 E =   -143.6509019870 Error = 1.40e-21 FLOPS = 3.19e+10 Tdav = 1.56 T = 8.87
 <-- Site =  144 .. Mmps =  550 Ndav =   2 E =   -143.6509019875 Error = 3.06e-20 FLOPS = 3.21e+10 Tdav = 1.62 T = 9.57
 <-- Site =  143 .. Mmps =  550 Ndav =   2 E =   -143.6509019880 Error = 7.55e-21 FLOPS = 3.25e+10 Tdav = 1.66 T = 9.58
 <-- Site =  142 .. Mmps =  550 Ndav =   2 E =   -143.6509019885 Error = 2.50e-18 FLOPS = 3.24e+10 Tdav = 1.72 T = 10.29
 <-- Site =  141 .. Mmps =  550 Ndav =   2 E =   -143.6509019893 Error = 5.82e-21 FLOPS = 3.25e+10 Tdav = 1.78 T = 10.74
 <-- Site =  140 .. Mmps =  550 Ndav =   3 E =   -143.6509019913 Error = 2.20e-18 FLOPS = 3.30e+10 Tdav = 2.73 T = 12.33
 <-- Site =  139 .. Mmps =  550 Ndav =   2 E =   -143.6509019926 Error = 5.01e-21 FLOPS = 3.27e+10 Tdav = 1.89 T = 12.02
 <-- Site =  138 .. Mmps =  550 Ndav =   3 E =   -143.6509019959 Error = 1.31e-18 FLOPS = 3.30e+10 Tdav = 2.91 T = 13.58
 <-- Site =  137 .. Mmps =  550 Ndav =   2 E =   -143.6509019973 Error = 9.91e-21 FLOPS = 3.28e+10 Tdav = 2.01 T = 13.61
 <-- Site =  136 .. Mmps =  550 Ndav =   3 E =   -143.6509019999 Error = 3.25e-18 FLOPS = 3.31e+10 Tdav = 3.08 T = 15.02
 <-- Site =  135 .. Mmps =  550 Ndav =   2 E =   -143.6509020010 Error = 5.53e-21 FLOPS = 3.28e+10 Tdav = 2.13 T = 14.62
 <-- Site =  134 .. Mmps =  550 Ndav =   3 E =   -143.6509020029 Error = 2.11e-18 FLOPS = 3.32e+10 Tdav = 3.25 T = 16.45
 <-- Site =  133 .. Mmps =  550 Ndav =   2 E =   -143.6509020034 Error = 7.80e-21 FLOPS = 3.29e+10 Tdav = 2.25 T = 16.59
 <-- Site =  132 .. Mmps =  550 Ndav =   2 E =   -143.6509020042 Error = 3.20e-18 FLOPS = 3.32e+10 Tdav = 2.29 T = 17.17
 <-- Site =  131 .. Mmps =  550 Ndav =   2 E =   -143.6509020047 Error = 5.67e-21 FLOPS = 3.30e+10 Tdav = 2.36 T = 17.55
 <-- Site =  130 .. Mmps =  550 Ndav =   2 E =   -143.6509020053 Error = 1.80e-18 FLOPS = 3.32e+10 Tdav = 2.41 T = 18.26
 <-- Site =  129 .. Mmps =  550 Ndav =   2 E =   -143.6509020057 Error = 5.48e-21 FLOPS = 3.32e+10 Tdav = 2.46 T = 19.01
 <-- Site =  128 .. Mmps =  550 Ndav =   2 E =   -143.6509020064 Error = 1.36e-20 FLOPS = 3.32e+10 Tdav = 2.52 T = 19.91
 <-- Site =  127 .. Mmps =  550 Ndav =   3 E =   -143.6509020076 Error = 1.08e-20 FLOPS = 3.36e+10 Tdav = 3.83 T = 22.04
 <-- Site =  126 .. Mmps =  550 Ndav =   2 E =   -143.6509020091 Error = 8.41e-19 FLOPS = 3.33e+10 Tdav = 2.64 T = 21.45
 <-- Site =  125 .. Mmps =  550 Ndav =   2 E =   -143.6509020101 Error = 8.03e-21 FLOPS = 3.33e+10 Tdav = 2.69 T = 22.06
 <-- Site =  124 .. Mmps =  550 Ndav =   3 E =   -143.6509020122 Error = 4.59e-19 FLOPS = 3.37e+10 Tdav = 4.00 T = 23.43
 <-- Site =  123 .. Mmps =  550 Ndav =   2 E =   -143.6509020130 Error = 1.03e-20 FLOPS = 3.33e+10 Tdav = 2.69 T = 22.47
 <-- Site =  122 .. Mmps =  550 Ndav =   3 E =   -143.6509020151 Error = 3.30e-19 FLOPS = 3.38e+10 Tdav = 4.08 T = 24.45
 <-- Site =  121 .. Mmps =  550 Ndav =   2 E =   -143.6509020159 Error = 4.98e-21 FLOPS = 3.35e+10 Tdav = 2.74 T = 23.22
 <-- Site =  120 .. Mmps =  550 Ndav =   3 E =   -143.6509020172 Error = 3.88e-19 FLOPS = 3.37e+10 Tdav = 4.17 T = 25.35
 <-- Site =  119 .. Mmps =  550 Ndav =   2 E =   -143.6509020177 Error = 4.07e-21 FLOPS = 3.35e+10 Tdav = 2.86 T = 24.57
 <-- Site =  118 .. Mmps =  550 Ndav =   2 E =   -143.6509020181 Error = 7.87e-20 FLOPS = 3.34e+10 Tdav = 2.87 T = 25.22
 <-- Site =  117 .. Mmps =  550 Ndav =   2 E =   -143.6509020185 Error = 5.59e-21 FLOPS = 3.35e+10 Tdav = 2.92 T = 25.80
 <-- Site =  116 .. Mmps =  550 Ndav =   2 E =   -143.6509020189 Error = 2.15e-18 FLOPS = 3.35e+10 Tdav = 2.92 T = 25.92
 <-- Site =  115 .. Mmps =  550 Ndav =   2 E =   -143.6509020194 Error = 5.09e-21 FLOPS = 3.36e+10 Tdav = 2.97 T = 26.78
 <-- Site =  114 .. Mmps =  550 Ndav =   2 E =   -143.6509020200 Error = 1.32e-18 FLOPS = 3.36e+10 Tdav = 3.03 T = 27.33
 <-- Site =  113 .. Mmps =  550 Ndav =   2 E =   -143.6509020206 Error = 1.44e-20 FLOPS = 3.36e+10 Tdav = 3.03 T = 27.47
 <-- Site =  112 .. Mmps =  550 Ndav =   3 E =   -143.6509020222 Error = 1.12e-18 FLOPS = 3.36e+10 Tdav = 4.54 T = 28.96
 <-- Site =  111 .. Mmps =  550 Ndav =   2 E =   -143.6509020230 Error = 1.02e-20 FLOPS = 3.35e+10 Tdav = 3.04 T = 27.44
 <-- Site =  110 .. Mmps =  550 Ndav =   3 E =   -143.6509020248 Error = 9.08e-19 FLOPS = 3.38e+10 Tdav = 4.52 T = 28.83
 <-- Site =  109 .. Mmps =  550 Ndav =   2 E =   -143.6509020255 Error = 6.69e-21 FLOPS = 3.35e+10 Tdav = 3.04 T = 27.39
 <-- Site =  108 .. Mmps =  550 Ndav =   2 E =   -143.6509020264 Error = 1.92e-18 FLOPS = 3.36e+10 Tdav = 3.03 T = 27.79
 <-- Site =  107 .. Mmps =  550 Ndav =   2 E =   -143.6509020271 Error = 5.25e-21 FLOPS = 3.36e+10 Tdav = 3.09 T = 28.74
 <-- Site =  106 .. Mmps =  550 Ndav =   2 E =   -143.6509020278 Error = 3.81e-18 FLOPS = 3.36e+10 Tdav = 3.15 T = 29.27
 <-- Site =  105 .. Mmps =  550 Ndav =   2 E =   -143.6509020283 Error = 6.37e-21 FLOPS = 3.36e+10 Tdav = 3.15 T = 29.76
 <-- Site =  104 .. Mmps =  550 Ndav =   2 E =   -143.6509020289 Error = 3.15e-18 FLOPS = 3.35e+10 Tdav = 3.22 T = 30.30
 <-- Site =  103 .. Mmps =  550 Ndav =   2 E =   -143.6509020292 Error = 7.22e-21 FLOPS = 3.33e+10 Tdav = 3.23 T = 30.70
 <-- Site =  102 .. Mmps =  550 Ndav =   2 E =   -143.6509020299 Error = 1.11e-20 FLOPS = 3.37e+10 Tdav = 3.26 T = 31.24
 <-- Site =  101 .. Mmps =  550 Ndav =   3 E =   -143.6509020310 Error = 8.00e-21 FLOPS = 3.39e+10 Tdav = 4.86 T = 32.90
 <-- Site =  100 .. Mmps =  550 Ndav =   2 E =   -143.6509020326 Error = 2.29e-19 FLOPS = 3.35e+10 Tdav = 3.28 T = 31.03
 <-- Site =   99 .. Mmps =  550 Ndav =   2 E =   -143.6509020337 Error = 3.86e-21 FLOPS = 3.37e+10 Tdav = 3.20 T = 30.39
 <-- Site =   98 .. Mmps =  550 Ndav =   3 E =   -143.6509020360 Error = 1.10e-18 FLOPS = 3.37e+10 Tdav = 4.79 T = 32.36
 <-- Site =   97 .. Mmps =  550 Ndav =   3 E =   -143.6509020375 Error = 4.69e-21 FLOPS = 3.40e+10 Tdav = 4.85 T = 32.92
 <-- Site =   96 .. Mmps =  550 Ndav =   3 E =   -143.6509020395 Error = 7.50e-19 FLOPS = 3.39e+10 Tdav = 4.86 T = 32.66
 <-- Site =   95 .. Mmps =  550 Ndav =   2 E =   -143.6509020403 Error = 4.17e-21 FLOPS = 3.36e+10 Tdav = 3.21 T = 30.84
 <-- Site =   94 .. Mmps =  550 Ndav =   3 E =   -143.6509020416 Error = 8.51e-19 FLOPS = 3.40e+10 Tdav = 4.85 T = 33.30
 <-- Site =   93 .. Mmps =  550 Ndav =   2 E =   -143.6509020423 Error = 5.12e-21 FLOPS = 3.37e+10 Tdav = 3.26 T = 31.83
 <-- Site =   92 .. Mmps =  550 Ndav =   2 E =   -143.6509020427 Error = 1.33e-20 FLOPS = 3.37e+10 Tdav = 3.32 T = 32.49
 <-- Site =   91 .. Mmps =  550 Ndav =   2 E =   -143.6509020431 Error = 1.39e-20 FLOPS = 3.37e+10 Tdav = 3.32 T = 31.98
 <-- Site =   90 .. Mmps =  550 Ndav =   2 E =   -143.6509020434 Error = 2.33e-18 FLOPS = 3.35e+10 Tdav = 3.28 T = 32.01
 <-- Site =   89 .. Mmps =  550 Ndav =   2 E =   -143.6509020438 Error = 2.40e-21 FLOPS = 3.37e+10 Tdav = 3.32 T = 32.33
 <-- Site =   88 .. Mmps =  550 Ndav =   2 E =   -143.6509020444 Error = 6.41e-19 FLOPS = 3.37e+10 Tdav = 3.32 T = 31.88
 <-- Site =   87 .. Mmps =  550 Ndav =   2 E =   -143.6509020449 Error = 5.05e-21 FLOPS = 3.38e+10 Tdav = 3.25 T = 31.35
 <-- Site =   86 .. Mmps =  550 Ndav =   3 E =   -143.6509020462 Error = 3.30e-19 FLOPS = 3.39e+10 Tdav = 4.86 T = 32.99
 <-- Site =   85 .. Mmps =  550 Ndav =   2 E =   -143.6509020469 Error = 1.36e-20 FLOPS = 3.34e+10 Tdav = 3.29 T = 31.75
 <-- Site =   84 .. Mmps =  550 Ndav =   2 E =   -143.6509020480 Error = 1.25e-18 FLOPS = 3.38e+10 Tdav = 3.25 T = 31.45
 <-- Site =   83 .. Mmps =  550 Ndav =   2 E =   -143.6509020487 Error = 7.54e-21 FLOPS = 3.36e+10 Tdav = 3.27 T = 30.96
 <-- Site =   82 .. Mmps =  550 Ndav =   3 E =   -143.6509020501 Error = 8.16e-19 FLOPS = 3.39e+10 Tdav = 4.77 T = 32.39
 <-- Site =   81 .. Mmps =  550 Ndav =   2 E =   -143.6509020506 Error = 6.15e-21 FLOPS = 3.37e+10 Tdav = 3.26 T = 31.33
 <-- Site =   80 .. Mmps =  550 Ndav =   2 E =   -143.6509020514 Error = 1.27e-18 FLOPS = 3.37e+10 Tdav = 3.26 T = 31.89
 <-- Site =   79 .. Mmps =  550 Ndav =   2 E =   -143.6509020520 Error = 1.00e-20 FLOPS = 3.36e+10 Tdav = 3.32 T = 32.34
 <-- Site =   78 .. Mmps =  550 Ndav =   2 E =   -143.6509020526 Error = 3.94e-18 FLOPS = 3.37e+10 Tdav = 3.32 T = 31.96
 <-- Site =   77 .. Mmps =  550 Ndav =   2 E =   -143.6509020530 Error = 8.60e-21 FLOPS = 3.35e+10 Tdav = 3.28 T = 31.81
 <-- Site =   76 .. Mmps =  550 Ndav =   2 E =   -143.6509020536 Error = 7.98e-21 FLOPS = 3.36e+10 Tdav = 3.33 T = 32.31
 <-- Site =   75 .. Mmps =  550 Ndav =   3 E =   -143.6509020547 Error = 5.88e-21 FLOPS = 3.39e+10 Tdav = 4.94 T = 33.53
 <-- Site =   74 .. Mmps =  550 Ndav =   2 E =   -143.6509020563 Error = 2.75e-19 FLOPS = 3.37e+10 Tdav = 3.26 T = 31.43
 <-- Site =   73 .. Mmps =  550 Ndav =   2 E =   -143.6509020573 Error = 3.97e-21 FLOPS = 3.34e+10 Tdav = 3.28 T = 31.34
 <-- Site =   72 .. Mmps =  550 Ndav =   3 E =   -143.6509020596 Error = 7.52e-19 FLOPS = 3.37e+10 Tdav = 4.89 T = 33.07
 <-- Site =   71 .. Mmps =  550 Ndav =   2 E =   -143.6509020608 Error = 5.37e-21 FLOPS = 3.37e+10 Tdav = 3.26 T = 31.47
 <-- Site =   70 .. Mmps =  550 Ndav =   3 E =   -143.6509020635 Error = 1.55e-18 FLOPS = 3.39e+10 Tdav = 4.86 T = 32.51
 <-- Site =   69 .. Mmps =  550 Ndav =   2 E =   -143.6509020644 Error = 3.01e-21 FLOPS = 3.37e+10 Tdav = 3.20 T = 30.81
 <-- Site =   68 .. Mmps =  550 Ndav =   3 E =   -143.6509020663 Error = 6.14e-19 FLOPS = 3.40e+10 Tdav = 4.85 T = 33.04
 <-- Site =   67 .. Mmps =  550 Ndav =   2 E =   -143.6509020673 Error = 6.12e-21 FLOPS = 3.37e+10 Tdav = 3.26 T = 31.44
 <-- Site =   66 .. Mmps =  550 Ndav =   2 E =   -143.6509020677 Error = 2.69e-19 FLOPS = 3.35e+10 Tdav = 3.28 T = 31.43
 <-- Site =   65 .. Mmps =  550 Ndav =   2 E =   -143.6509020682 Error = 1.39e-20 FLOPS = 3.36e+10 Tdav = 3.27 T = 31.26
 <-- Site =   64 .. Mmps =  550 Ndav =   2 E =   -143.6509020687 Error = 2.12e-18 FLOPS = 3.37e+10 Tdav = 3.20 T = 30.48
 <-- Site =   63 .. Mmps =  550 Ndav =   2 E =   -143.6509020691 Error = 5.55e-21 FLOPS = 3.35e+10 Tdav = 3.22 T = 30.09
 <-- Site =   62 .. Mmps =  550 Ndav =   2 E =   -143.6509020697 Error = 3.78e-19 FLOPS = 3.35e+10 Tdav = 3.16 T = 29.86
 <-- Site =   61 .. Mmps =  550 Ndav =   2 E =   -143.6509020702 Error = 6.84e-21 FLOPS = 3.35e+10 Tdav = 3.22 T = 29.88
 <-- Site =   60 .. Mmps =  550 Ndav =   2 E =   -143.6509020712 Error = 3.95e-19 FLOPS = 3.35e+10 Tdav = 3.16 T = 29.41
 <-- Site =   59 .. Mmps =  550 Ndav =   2 E =   -143.6509020718 Error = 8.49e-21 FLOPS = 3.36e+10 Tdav = 3.15 T = 28.94
 <-- Site =   58 .. Mmps =  550 Ndav =   3 E =   -143.6509020734 Error = 6.42e-19 FLOPS = 3.38e+10 Tdav = 4.60 T = 29.99
 <-- Site =   57 .. Mmps =  550 Ndav =   2 E =   -143.6509020740 Error = 6.79e-21 FLOPS = 3.35e+10 Tdav = 3.10 T = 27.99
 <-- Site =   56 .. Mmps =  550 Ndav =   2 E =   -143.6509020749 Error = 8.09e-19 FLOPS = 3.36e+10 Tdav = 3.03 T = 27.93
 <-- Site =   55 .. Mmps =  550 Ndav =   2 E =   -143.6509020756 Error = 1.35e-20 FLOPS = 3.36e+10 Tdav = 3.09 T = 27.93
 <-- Site =   54 .. Mmps =  550 Ndav =   2 E =   -143.6509020763 Error = 1.46e-18 FLOPS = 3.35e+10 Tdav = 3.04 T = 27.67
 <-- Site =   53 .. Mmps =  550 Ndav =   2 E =   -143.6509020768 Error = 1.34e-20 FLOPS = 3.36e+10 Tdav = 3.03 T = 26.98
 <-- Site =   52 .. Mmps =  550 Ndav =   2 E =   -143.6509020775 Error = 3.79e-18 FLOPS = 3.36e+10 Tdav = 2.97 T = 26.14
 <-- Site =   51 .. Mmps =  550 Ndav =   2 E =   -143.6509020778 Error = 6.97e-21 FLOPS = 3.35e+10 Tdav = 2.92 T = 25.66
 <-- Site =   50 .. Mmps =  550 Ndav =   2 E =   -143.6509020784 Error = 1.86e-20 FLOPS = 3.35e+10 Tdav = 2.92 T = 25.74
 <-- Site =   49 .. Mmps =  550 Ndav =   2 E =   -143.6509020790 Error = 1.66e-20 FLOPS = 3.35e+10 Tdav = 2.92 T = 25.30
 <-- Site =   48 .. Mmps =  550 Ndav =   3 E =   -143.6509020809 Error = 4.22e-18 FLOPS = 3.38e+10 Tdav = 4.26 T = 25.66
 <-- Site =   47 .. Mmps =  550 Ndav =   2 E =   -143.6509020818 Error = 8.90e-21 FLOPS = 3.34e+10 Tdav = 2.81 T = 23.73
 <-- Site =   46 .. Mmps =  550 Ndav =   3 E =   -143.6509020837 Error = 5.06e-19 FLOPS = 3.37e+10 Tdav = 4.18 T = 24.81
 <-- Site =   45 .. Mmps =  550 Ndav =   2 E =   -143.6509020845 Error = 5.31e-21 FLOPS = 3.35e+10 Tdav = 2.74 T = 22.52
 <-- Site =   44 .. Mmps =  550 Ndav =   3 E =   -143.6509020865 Error = 6.76e-19 FLOPS = 3.35e+10 Tdav = 4.02 T = 23.37
 <-- Site =   43 .. Mmps =  550 Ndav =   2 E =   -143.6509020872 Error = 7.40e-21 FLOPS = 3.33e+10 Tdav = 2.70 T = 22.11
 <-- Site =   42 .. Mmps =  550 Ndav =   2 E =   -143.6509020881 Error = 2.20e-18 FLOPS = 3.33e+10 Tdav = 2.70 T = 21.67
 <-- Site =   41 .. Mmps =  550 Ndav =   2 E =   -143.6509020889 Error = 4.94e-21 FLOPS = 3.33e+10 Tdav = 2.64 T = 20.85
 <-- Site =   40 .. Mmps =  550 Ndav =   2 E =   -143.6509020893 Error = 2.35e-20 FLOPS = 3.34e+10 Tdav = 2.57 T = 20.05
 <-- Site =   39 .. Mmps =  550 Ndav =   2 E =   -143.6509020897 Error = 6.29e-21 FLOPS = 3.31e+10 Tdav = 2.53 T = 19.29
 <-- Site =   38 .. Mmps =  550 Ndav =   2 E =   -143.6509020901 Error = 4.92e-18 FLOPS = 3.33e+10 Tdav = 2.46 T = 18.50
 <-- Site =   37 .. Mmps =  550 Ndav =   2 E =   -143.6509020904 Error = 6.17e-21 FLOPS = 3.33e+10 Tdav = 2.39 T = 17.67
 <-- Site =   36 .. Mmps =  550 Ndav =   2 E =   -143.6509020909 Error = 4.44e-18 FLOPS = 3.33e+10 Tdav = 2.34 T = 16.90
 <-- Site =   35 .. Mmps =  550 Ndav =   2 E =   -143.6509020913 Error = 5.77e-21 FLOPS = 3.32e+10 Tdav = 2.29 T = 16.27
 <-- Site =   34 .. Mmps =  550 Ndav =   2 E =   -143.6509020922 Error = 1.31e-18 FLOPS = 3.29e+10 Tdav = 2.25 T = 15.43
 <-- Site =   33 .. Mmps =  550 Ndav =   2 E =   -143.6509020928 Error = 9.52e-21 FLOPS = 3.31e+10 Tdav = 2.17 T = 14.79
 <-- Site =   32 .. Mmps =  550 Ndav =   2 E =   -143.6509020938 Error = 9.29e-19 FLOPS = 3.31e+10 Tdav = 2.11 T = 14.02
 <-- Site =   31 .. Mmps =  550 Ndav =   2 E =   -143.6509020946 Error = 6.17e-21 FLOPS = 3.30e+10 Tdav = 2.06 T = 13.52
 <-- Site =   30 .. Mmps =  550 Ndav =   2 E =   -143.6509020954 Error = 6.47e-19 FLOPS = 3.26e+10 Tdav = 2.02 T = 12.85
 <-- Site =   29 .. Mmps =  550 Ndav =   2 E =   -143.6509020959 Error = 3.83e-21 FLOPS = 3.29e+10 Tdav = 1.94 T = 12.21
 <-- Site =   28 .. Mmps =  550 Ndav =   2 E =   -143.6509020964 Error = 5.09e-19 FLOPS = 3.28e+10 Tdav = 1.89 T = 11.67
 <-- Site =   27 .. Mmps =  550 Ndav =   2 E =   -143.6509020968 Error = 6.37e-21 FLOPS = 3.27e+10 Tdav = 1.83 T = 10.91
 <-- Site =   26 .. Mmps =  550 Ndav =   2 E =   -143.6509020974 Error = 1.81e-18 FLOPS = 3.25e+10 Tdav = 1.78 T = 10.35
 <-- Site =   25 .. Mmps =  550 Ndav =   2 E =   -143.6509020977 Error = 6.48e-21 FLOPS = 3.25e+10 Tdav = 1.72 T = 9.72
 <-- Site =   24 .. Mmps =  550 Ndav =   2 E =   -143.6509020985 Error = 7.51e-20 FLOPS = 3.24e+10 Tdav = 1.66 T = 9.21
 <-- Site =   23 .. Mmps =  550 Ndav =   2 E =   -143.6509020993 Error = 1.29e-20 FLOPS = 3.21e+10 Tdav = 1.62 T = 8.69
 <-- Site =   22 .. Mmps =  550 Ndav =   3 E =   -143.6509021010 Error = 5.12e-19 FLOPS = 3.24e+10 Tdav = 2.31 T = 8.88
 <-- Site =   21 .. Mmps =  550 Ndav =   2 E =   -143.6509021025 Error = 8.79e-21 FLOPS = 3.21e+10 Tdav = 1.49 T = 7.64
 <-- Site =   20 .. Mmps =  550 Ndav =   2 E =   -143.6509021039 Error = 1.95e-19 FLOPS = 3.20e+10 Tdav = 1.43 T = 7.14
 <-- Site =   19 .. Mmps =  550 Ndav =   3 E =   -143.6509021058 Error = 1.31e-20 FLOPS = 3.25e+10 Tdav = 2.03 T = 7.39
 <-- Site =   18 .. Mmps =  550 Ndav =   2 E =   -143.6509021070 Error = 2.18e-19 FLOPS = 3.17e+10 Tdav = 1.32 T = 6.36
 <-- Site =   17 .. Mmps =  550 Ndav =   3 E =   -143.6509021083 Error = 1.50e-20 FLOPS = 3.21e+10 Tdav = 1.86 T = 6.47
 <-- Site =   16 .. Mmps =  550 Ndav =   2 E =   -143.6509021089 Error = 7.51e-20 FLOPS = 3.14e+10 Tdav = 1.21 T = 5.49
 <-- Site =   15 .. Mmps =  550 Ndav =   2 E =   -143.6509021093 Error = 1.23e-20 FLOPS = 3.11e+10 Tdav = 1.16 T = 4.96
 <-- Site =   14 .. Mmps =  550 Ndav =   2 E =   -143.6509021097 Error = 3.39e-20 FLOPS = 3.10e+10 Tdav = 1.09 T = 4.59
 <-- Site =   13 .. Mmps =  550 Ndav =   2 E =   -143.6509021101 Error = 3.71e-19 FLOPS = 3.04e+10 Tdav = 1.05 T = 4.31
 <-- Site =   12 .. Mmps =  550 Ndav =   1 E =   -143.6509021101 Error = 1.33e-17 FLOPS = 2.78e+10 Tdav = 0.54 T = 3.47
 <-- Site =   11 .. Mmps =  550 Ndav =   1 E =   -143.6509021101 Error = 2.66e-20 FLOPS = 2.74e+10 Tdav = 0.51 T = 3.18
 <-- Site =   10 .. Mmps =  550 Ndav =   1 E =   -143.6509021101 Error = 9.55e-19 FLOPS = 2.69e+10 Tdav = 0.48 T = 2.84
 <-- Site =    9 .. Mmps =  550 Ndav =   1 E =   -143.6509021101 Error = 1.02e-24 FLOPS = 2.60e+10 Tdav = 0.41 T = 2.40
 <-- Site =    8 .. Mmps =  550 Ndav =   1 E =   -143.6509021101 Error = 4.85e-32 FLOPS = 2.51e+10 Tdav = 0.13 T = 1.36
 <-- Site =    7 .. Mmps =  550 Ndav =   1 E =   -143.6509021101 Error = 1.05e-55 FLOPS = 2.15e+10 Tdav = 0.05 T = 1.07
 <-- Site =    6 .. Mmps =  550 Ndav =   1 E =   -143.6509021101 Error = 1.83e-74 FLOPS = 1.82e+10 Tdav = 0.02 T = 0.95
 <-- Site =    5 .. Mmps =  550 Ndav =   1 E =   -143.6509021101 Error = 1.83e-93 FLOPS = 1.50e+10 Tdav = 0.01 T = 0.87
 <-- Site =    4 .. Mmps =  550 Ndav =   1 E =   -143.6509021101 Error = 1.05e-109 FLOPS = 1.18e+10 Tdav = 0.01 T = 0.75
 <-- Site =    3 .. Mmps =  550 Ndav =   1 E =   -143.6509021101 Error = 1.61e-110 FLOPS = 8.67e+09 Tdav = 0.00 T = 0.71
 <-- Site =    2 .. Mmps =  549 Ndav =   1 E =   -143.6509021101 Error = 0.00e+00 FLOPS = 5.62e+09 Tdav = 0.00 T = 0.71
 <-- Site =    1 .. Mmps =  546 Ndav =   1 E =   -143.6509021101 Error = 0.00e+00 FLOPS = 3.30e+09 Tdav = 0.00 T = 0.65
 <-- Site =    0 .. Mmps =  544 Ndav =   1 E =   -143.6509021101 Error = 0.00e+00 FLOPS = 2.29e+09 Tdav = 0.00 T = 0.58
Time elapsed =  20116.080 | E =    -143.6509021101 | DE = -1.28e-07 | DW = 1.33238e-17
Time sweep =     3168.890 | 12.4 TFLOP/SWP
 | Dmem = 136 MB (3%) | Imem = 232 B (79%) | Hmem = 649 MB | Wmem = 4.62 MB | Pmem = 0 B
 | Tread = 77.025 | Twrite = 35.176 | Tfpread = 76.062 | Tfpwrite = 19.049 | Tmporead = 0.000 | Tasync = 0.000
 | data = 14.6 GB | cpsd = 9.62 GB
 | Trot = 188.189 | Tctr = 175.021 | Tint = 0.007 | Tmid = 0.000 | Tdctr = 0.009 | Tdiag = 1.602 | Tinfo = 2.462
 | Teff = 2235.160 | Tprt = 0.000 | Teig = 408.974 | Tblk = 2706.640 | Tmve = 462.231 | Tdm = 2.943 | Tsplt = 42.362 | Tsvd = 0.000 | Torth = 0.000

Sweep =   11 | Direction =  forward | Bond dimension =  550 | Noise =  0.00e+00 | Dav threshold =  1.00e-08
 --> Site =    0 .. Mmps =    2 Ndav =   1 E =   -143.6509021101 Error = 0.00e+00 FLOPS = 2.29e+09 Tdav = 0.00 T = 0.02
 --> Site =    1 .. Mmps =    4 Ndav =   1 E =   -143.6509021101 Error = 0.00e+00 FLOPS = 3.38e+09 Tdav = 0.00 T = 0.05
 --> Site =    2 .. Mmps =    8 Ndav =   1 E =   -143.6509021101 Error = 0.00e+00 FLOPS = 5.56e+09 Tdav = 0.00 T = 0.07
 --> Site =    3 .. Mmps =   16 Ndav =   1 E =   -143.6509021101 Error = 0.00e+00 FLOPS = 8.67e+09 Tdav = 0.00 T = 0.06
 --> Site =    4 .. Mmps =   32 Ndav =   1 E =   -143.6509021101 Error = 0.00e+00 FLOPS = 1.18e+10 Tdav = 0.01 T = 0.08
 --> Site =    5 .. Mmps =   64 Ndav =   1 E =   -143.6509021101 Error = 0.00e+00 FLOPS = 1.50e+10 Tdav = 0.01 T = 0.09
 --> Site =    6 .. Mmps =  128 Ndav =   1 E =   -143.6509021101 Error = 0.00e+00 FLOPS = 1.82e+10 Tdav = 0.02 T = 0.11
 --> Site =    7 .. Mmps =  256 Ndav =   1 E =   -143.6509021101 Error = 0.00e+00 FLOPS = 2.15e+10 Tdav = 0.05 T = 0.23
 --> Site =    8 .. Mmps =  512 Ndav =   1 E =   -143.6509021101 Error = 0.00e+00 FLOPS = 2.50e+10 Tdav = 0.13 T = 0.55
 --> Site =    9 .. Mmps =  550 Ndav =   1 E =   -143.6509021101 Error = 1.00e-25 FLOPS = 2.60e+10 Tdav = 0.41 T = 1.95
 --> Site =   10 .. Mmps =  550 Ndav =   1 E =   -143.6509021101 Error = 1.01e-25 FLOPS = 2.69e+10 Tdav = 0.48 T = 2.70
 --> Site =   11 .. Mmps =  550 Ndav =   1 E =   -143.6509021101 Error = 9.75e-24 FLOPS = 2.75e+10 Tdav = 0.51 T = 3.08
 --> Site =   12 .. Mmps =  550 Ndav =   1 E =   -143.6509021101 Error = 3.05e-23 FLOPS = 2.78e+10 Tdav = 0.54 T = 3.27
 --> Site =   13 .. Mmps =  550 Ndav =   1 E =   -143.6509021101 Error = 1.07e-21 FLOPS = 2.79e+10 Tdav = 0.57 T = 3.54
 --> Site =   14 .. Mmps =  550 Ndav =   1 E =   -143.6509021101 Error = 2.54e-21 FLOPS = 2.86e+10 Tdav = 0.59 T = 3.85
 --> Site =   15 .. Mmps =  550 Ndav =   1 E =   -143.6509021101 Error = 1.55e-20 FLOPS = 2.87e+10 Tdav = 0.63 T = 4.29
 --> Site =   16 .. Mmps =  550 Ndav =   1 E =   -143.6509021101 Error = 2.91e-21 FLOPS = 2.91e+10 Tdav = 0.65 T = 4.54
 --> Site =   17 .. Mmps =  550 Ndav =   1 E =   -143.6509021101 Error = 4.24e-21 FLOPS = 2.92e+10 Tdav = 0.68 T = 4.90
 --> Site =   18 .. Mmps =  550 Ndav =   2 E =   -143.6509021104 Error = 3.06e-21 FLOPS = 3.17e+10 Tdav = 1.32 T = 5.92
 --> Site =   19 .. Mmps =  550 Ndav =   1 E =   -143.6509021104 Error = 7.38e-21 FLOPS = 2.98e+10 Tdav = 0.74 T = 5.68
 --> Site =   20 .. Mmps =  550 Ndav =   1 E =   -143.6509021104 Error = 3.38e-21 FLOPS = 3.01e+10 Tdav = 0.76 T = 6.10
 --> Site =   21 .. Mmps =  550 Ndav =   1 E =   -143.6509021104 Error = 5.66e-21 FLOPS = 3.02e+10 Tdav = 0.79 T = 6.57
 --> Site =   22 .. Mmps =  550 Ndav =   1 E =   -143.6509021104 Error = 3.37e-21 FLOPS = 3.01e+10 Tdav = 0.83 T = 6.96
 --> Site =   23 .. Mmps =  550 Ndav =   1 E =   -143.6509021104 Error = 7.68e-21 FLOPS = 3.05e+10 Tdav = 0.85 T = 7.41
 --> Site =   24 .. Mmps =  550 Ndav =   1 E =   -143.6509021104 Error = 5.84e-21 FLOPS = 3.08e+10 Tdav = 0.88 T = 7.85
 --> Site =   25 .. Mmps =  550 Ndav =   1 E =   -143.6509021104 Error = 1.66e-20 FLOPS = 3.07e+10 Tdav = 0.91 T = 8.36
 --> Site =   26 .. Mmps =  550 Ndav =   1 E =   -143.6509021104 Error = 4.96e-21 FLOPS = 3.10e+10 Tdav = 0.93 T = 8.92
 --> Site =   27 .. Mmps =  550 Ndav =   1 E =   -143.6509021104 Error = 7.42e-21 FLOPS = 3.10e+10 Tdav = 0.97 T = 9.51
 --> Site =   28 .. Mmps =  550 Ndav =   2 E =   -143.6509021110 Error = 3.21e-20 FLOPS = 3.27e+10 Tdav = 1.89 T = 10.85
 --> Site =   29 .. Mmps =  550 Ndav =   2 E =   -143.6509021113 Error = 1.99e-20 FLOPS = 3.26e+10 Tdav = 1.96 T = 11.42
 --> Site =   30 .. Mmps =  550 Ndav =   2 E =   -143.6509021119 Error = 1.57e-20 FLOPS = 3.29e+10 Tdav = 2.00 T = 12.02
 --> Site =   31 .. Mmps =  550 Ndav =   2 E =   -143.6509021123 Error = 1.06e-20 FLOPS = 3.30e+10 Tdav = 2.05 T = 12.64
 --> Site =   32 .. Mmps =  550 Ndav =   2 E =   -143.6509021128 Error = 8.46e-20 FLOPS = 3.31e+10 Tdav = 2.11 T = 13.25
 --> Site =   33 .. Mmps =  550 Ndav =   1 E =   -143.6509021128 Error = 2.05e-20 FLOPS = 3.17e+10 Tdav = 1.13 T = 12.91
 --> Site =   34 .. Mmps =  550 Ndav =   1 E =   -143.6509021128 Error = 1.93e-21 FLOPS = 3.18e+10 Tdav = 1.16 T = 13.55
 --> Site =   35 .. Mmps =  550 Ndav =   1 E =   -143.6509021128 Error = 1.19e-20 FLOPS = 3.19e+10 Tdav = 1.19 T = 14.14
 --> Site =   36 .. Mmps =  550 Ndav =   1 E =   -143.6509021128 Error = 4.86e-21 FLOPS = 3.19e+10 Tdav = 1.22 T = 15.01
 --> Site =   37 .. Mmps =  550 Ndav =   1 E =   -143.6509021128 Error = 7.03e-21 FLOPS = 3.21e+10 Tdav = 1.24 T = 15.47
 --> Site =   38 .. Mmps =  550 Ndav =   1 E =   -143.6509021128 Error = 2.13e-20 FLOPS = 3.21e+10 Tdav = 1.28 T = 16.24
 --> Site =   39 .. Mmps =  550 Ndav =   1 E =   -143.6509021128 Error = 3.45e-20 FLOPS = 3.22e+10 Tdav = 1.30 T = 16.96
 --> Site =   40 .. Mmps =  550 Ndav =   1 E =   -143.6509021128 Error = 3.78e-21 FLOPS = 3.23e+10 Tdav = 1.33 T = 17.69
 --> Site =   41 .. Mmps =  550 Ndav =   1 E =   -143.6509021128 Error = 4.24e-20 FLOPS = 3.23e+10 Tdav = 1.36 T = 18.42
 --> Site =   42 .. Mmps =  550 Ndav =   2 E =   -143.6509021133 Error = 9.58e-21 FLOPS = 3.35e+10 Tdav = 2.68 T = 20.47
 --> Site =   43 .. Mmps =  550 Ndav =   1 E =   -143.6509021133 Error = 4.10e-20 FLOPS = 3.24e+10 Tdav = 1.39 T = 19.59
 --> Site =   44 .. Mmps =  550 Ndav =   2 E =   -143.6509021136 Error = 5.21e-21 FLOPS = 3.35e+10 Tdav = 2.68 T = 20.92
 --> Site =   45 .. Mmps =  550 Ndav =   1 E =   -143.6509021136 Error = 3.02e-20 FLOPS = 3.24e+10 Tdav = 1.42 T = 20.02
 --> Site =   46 .. Mmps =  550 Ndav =   2 E =   -143.6509021139 Error = 8.68e-21 FLOPS = 3.36e+10 Tdav = 2.80 T = 22.02
 --> Site =   47 .. Mmps =  550 Ndav =   1 E =   -143.6509021139 Error = 4.94e-20 FLOPS = 3.25e+10 Tdav = 1.45 T = 21.01
 --> Site =   48 .. Mmps =  550 Ndav =   1 E =   -143.6509021139 Error = 9.14e-21 FLOPS = 3.25e+10 Tdav = 1.47 T = 21.47
 --> Site =   49 .. Mmps =  550 Ndav =   1 E =   -143.6509021139 Error = 2.25e-20 FLOPS = 3.26e+10 Tdav = 1.50 T = 22.40
 --> Site =   50 .. Mmps =  550 Ndav =   1 E =   -143.6509021139 Error = 2.95e-21 FLOPS = 3.26e+10 Tdav = 1.50 T = 22.83
 --> Site =   51 .. Mmps =  550 Ndav =   1 E =   -143.6509021139 Error = 4.91e-21 FLOPS = 3.26e+10 Tdav = 1.50 T = 22.77
 --> Site =   52 .. Mmps =  550 Ndav =   2 E =   -143.6509021143 Error = 1.66e-21 FLOPS = 3.37e+10 Tdav = 2.97 T = 24.68
 --> Site =   53 .. Mmps =  550 Ndav =   1 E =   -143.6509021143 Error = 5.58e-21 FLOPS = 3.27e+10 Tdav = 1.56 T = 24.02
 --> Site =   54 .. Mmps =  550 Ndav =   2 E =   -143.6509021148 Error = 1.73e-21 FLOPS = 3.37e+10 Tdav = 3.02 T = 25.81
 --> Site =   55 .. Mmps =  550 Ndav =   2 E =   -143.6509021150 Error = 3.92e-20 FLOPS = 3.37e+10 Tdav = 3.08 T = 26.35
 --> Site =   56 .. Mmps =  550 Ndav =   2 E =   -143.6509021156 Error = 1.74e-20 FLOPS = 3.37e+10 Tdav = 3.02 T = 26.33
 --> Site =   57 .. Mmps =  550 Ndav =   2 E =   -143.6509021159 Error = 5.87e-20 FLOPS = 3.37e+10 Tdav = 3.08 T = 26.43
 --> Site =   58 .. Mmps =  550 Ndav =   2 E =   -143.6509021164 Error = 3.22e-21 FLOPS = 3.37e+10 Tdav = 3.08 T = 26.82
 --> Site =   59 .. Mmps =  550 Ndav =   2 E =   -143.6509021166 Error = 6.92e-20 FLOPS = 3.38e+10 Tdav = 3.13 T = 27.30
 --> Site =   60 .. Mmps =  550 Ndav =   2 E =   -143.6509021170 Error = 7.03e-21 FLOPS = 3.38e+10 Tdav = 3.13 T = 27.84
 --> Site =   61 .. Mmps =  550 Ndav =   1 E =   -143.6509021170 Error = 1.25e-20 FLOPS = 3.28e+10 Tdav = 1.64 T = 26.62
 --> Site =   62 .. Mmps =  550 Ndav =   1 E =   -143.6509021170 Error = 1.19e-20 FLOPS = 3.28e+10 Tdav = 1.61 T = 26.72
 --> Site =   63 .. Mmps =  550 Ndav =   1 E =   -143.6509021170 Error = 1.78e-20 FLOPS = 3.28e+10 Tdav = 1.64 T = 26.68
 --> Site =   64 .. Mmps =  550 Ndav =   1 E =   -143.6509021170 Error = 1.80e-21 FLOPS = 3.28e+10 Tdav = 1.64 T = 27.22
 --> Site =   65 .. Mmps =  550 Ndav =   1 E =   -143.6509021170 Error = 1.43e-20 FLOPS = 3.28e+10 Tdav = 1.67 T = 27.62
 --> Site =   66 .. Mmps =  550 Ndav =   1 E =   -143.6509021170 Error = 3.05e-21 FLOPS = 3.28e+10 Tdav = 1.67 T = 28.17
 --> Site =   67 .. Mmps =  550 Ndav =   1 E =   -143.6509021170 Error = 5.81e-20 FLOPS = 3.29e+10 Tdav = 1.67 T = 28.11
 --> Site =   68 .. Mmps =  550 Ndav =   2 E =   -143.6509021175 Error = 1.01e-20 FLOPS = 3.38e+10 Tdav = 3.25 T = 29.69
 --> Site =   69 .. Mmps =  550 Ndav =   1 E =   -143.6509021175 Error = 2.57e-20 FLOPS = 3.28e+10 Tdav = 1.65 T = 27.61
 --> Site =   70 .. Mmps =  550 Ndav =   2 E =   -143.6509021178 Error = 1.08e-20 FLOPS = 3.38e+10 Tdav = 3.25 T = 29.40
 --> Site =   71 .. Mmps =  550 Ndav =   1 E =   -143.6509021178 Error = 2.94e-20 FLOPS = 3.29e+10 Tdav = 1.67 T = 28.08
 --> Site =   72 .. Mmps =  550 Ndav =   2 E =   -143.6509021181 Error = 4.15e-21 FLOPS = 3.38e+10 Tdav = 3.24 T = 29.83
 --> Site =   73 .. Mmps =  550 Ndav =   1 E =   -143.6509021181 Error = 2.38e-20 FLOPS = 3.29e+10 Tdav = 1.67 T = 28.07
 --> Site =   74 .. Mmps =  550 Ndav =   2 E =   -143.6509021185 Error = 2.00e-21 FLOPS = 3.38e+10 Tdav = 3.25 T = 29.59
 --> Site =   75 .. Mmps =  550 Ndav =   1 E =   -143.6509021185 Error = 3.76e-20 FLOPS = 3.29e+10 Tdav = 1.70 T = 28.43
 --> Site =   76 .. Mmps =  550 Ndav =   1 E =   -143.6509021185 Error = 3.05e-21 FLOPS = 3.29e+10 Tdav = 1.70 T = 28.96
 --> Site =   77 .. Mmps =  550 Ndav =   1 E =   -143.6509021185 Error = 4.33e-21 FLOPS = 3.29e+10 Tdav = 1.67 T = 28.54
 --> Site =   78 .. Mmps =  550 Ndav =   1 E =   -143.6509021185 Error = 1.10e-20 FLOPS = 3.29e+10 Tdav = 1.70 T = 28.49
 --> Site =   79 .. Mmps =  550 Ndav =   1 E =   -143.6509021185 Error = 3.17e-21 FLOPS = 3.29e+10 Tdav = 1.70 T = 29.03
 --> Site =   80 .. Mmps =  550 Ndav =   2 E =   -143.6509021190 Error = 5.31e-20 FLOPS = 3.38e+10 Tdav = 3.25 T = 30.17
 --> Site =   81 .. Mmps =  550 Ndav =   1 E =   -143.6509021190 Error = 5.30e-20 FLOPS = 3.28e+10 Tdav = 1.67 T = 28.12
 --> Site =   82 .. Mmps =  550 Ndav =   2 E =   -143.6509021195 Error = 3.39e-21 FLOPS = 3.38e+10 Tdav = 3.19 T = 29.24
 --> Site =   83 .. Mmps =  550 Ndav =   1 E =   -143.6509021195 Error = 3.66e-20 FLOPS = 3.29e+10 Tdav = 1.67 T = 27.51
 --> Site =   84 .. Mmps =  550 Ndav =   2 E =   -143.6509021202 Error = 4.78e-20 FLOPS = 3.38e+10 Tdav = 3.24 T = 29.57
 --> Site =   85 .. Mmps =  550 Ndav =   1 E =   -143.6509021202 Error = 5.34e-20 FLOPS = 3.29e+10 Tdav = 1.67 T = 28.14
 --> Site =   86 .. Mmps =  550 Ndav =   2 E =   -143.6509021206 Error = 1.72e-21 FLOPS = 3.38e+10 Tdav = 3.25 T = 29.65
 --> Site =   87 .. Mmps =  550 Ndav =   1 E =   -143.6509021206 Error = 2.52e-20 FLOPS = 3.28e+10 Tdav = 1.67 T = 27.97
 --> Site =   88 .. Mmps =  550 Ndav =   2 E =   -143.6509021209 Error = 2.36e-21 FLOPS = 3.38e+10 Tdav = 3.30 T = 30.10
 --> Site =   89 .. Mmps =  550 Ndav =   1 E =   -143.6509021209 Error = 1.66e-20 FLOPS = 3.29e+10 Tdav = 1.70 T = 28.92
 --> Site =   90 .. Mmps =  550 Ndav =   1 E =   -143.6509021209 Error = 4.32e-20 FLOPS = 3.29e+10 Tdav = 1.67 T = 28.47
 --> Site =   91 .. Mmps =  550 Ndav =   1 E =   -143.6509021209 Error = 3.33e-20 FLOPS = 3.29e+10 Tdav = 1.70 T = 28.47
 --> Site =   92 .. Mmps =  550 Ndav =   1 E =   -143.6509021209 Error = 2.44e-21 FLOPS = 3.29e+10 Tdav = 1.70 T = 28.94
 --> Site =   93 .. Mmps =  550 Ndav =   1 E =   -143.6509021209 Error = 3.01e-20 FLOPS = 3.29e+10 Tdav = 1.67 T = 28.50
 --> Site =   94 .. Mmps =  550 Ndav =   2 E =   -143.6509021213 Error = 1.09e-20 FLOPS = 3.38e+10 Tdav = 3.25 T = 29.65
 --> Site =   95 .. Mmps =  550 Ndav =   1 E =   -143.6509021213 Error = 2.82e-20 FLOPS = 3.28e+10 Tdav = 1.64 T = 27.49
 --> Site =   96 .. Mmps =  550 Ndav =   2 E =   -143.6509021217 Error = 9.05e-21 FLOPS = 3.38e+10 Tdav = 3.25 T = 29.22
 --> Site =   97 .. Mmps =  550 Ndav =   1 E =   -143.6509021217 Error = 1.64e-20 FLOPS = 3.29e+10 Tdav = 1.67 T = 28.14
 --> Site =   98 .. Mmps =  550 Ndav =   1 E =   -143.6509021217 Error = 2.28e-21 FLOPS = 3.28e+10 Tdav = 1.64 T = 27.64
 --> Site =   99 .. Mmps =  550 Ndav =   1 E =   -143.6509021217 Error = 2.59e-20 FLOPS = 3.28e+10 Tdav = 1.64 T = 27.07
 --> Site =  100 .. Mmps =  550 Ndav =   2 E =   -143.6509021221 Error = 7.20e-21 FLOPS = 3.38e+10 Tdav = 3.25 T = 29.20
 --> Site =  101 .. Mmps =  550 Ndav =   1 E =   -143.6509021221 Error = 2.30e-20 FLOPS = 3.29e+10 Tdav = 1.67 T = 28.04
 --> Site =  102 .. Mmps =  550 Ndav =   1 E =   -143.6509021221 Error = 6.24e-21 FLOPS = 3.29e+10 Tdav = 1.67 T = 28.12
 --> Site =  103 .. Mmps =  550 Ndav =   1 E =   -143.6509021221 Error = 3.18e-20 FLOPS = 3.28e+10 Tdav = 1.64 T = 27.60
 --> Site =  104 .. Mmps =  550 Ndav =   1 E =   -143.6509021221 Error = 1.47e-20 FLOPS = 3.28e+10 Tdav = 1.64 T = 27.13
 --> Site =  105 .. Mmps =  550 Ndav =   1 E =   -143.6509021221 Error = 2.46e-20 FLOPS = 3.28e+10 Tdav = 1.62 T = 26.63
 --> Site =  106 .. Mmps =  550 Ndav =   2 E =   -143.6509021226 Error = 7.79e-21 FLOPS = 3.38e+10 Tdav = 3.13 T = 27.74
 --> Site =  107 .. Mmps =  550 Ndav =   1 E =   -143.6509021226 Error = 2.29e-20 FLOPS = 3.27e+10 Tdav = 1.59 T = 25.94
 --> Site =  108 .. Mmps =  550 Ndav =   2 E =   -143.6509021231 Error = 2.17e-20 FLOPS = 3.37e+10 Tdav = 3.02 T = 26.34
 --> Site =  109 .. Mmps =  550 Ndav =   1 E =   -143.6509021231 Error = 2.56e-20 FLOPS = 3.26e+10 Tdav = 1.56 T = 24.53
 --> Site =  110 .. Mmps =  550 Ndav =   2 E =   -143.6509021237 Error = 3.10e-20 FLOPS = 3.37e+10 Tdav = 3.02 T = 25.87
 --> Site =  111 .. Mmps =  550 Ndav =   1 E =   -143.6509021237 Error = 3.03e-20 FLOPS = 3.27e+10 Tdav = 1.56 T = 24.46
 --> Site =  112 .. Mmps =  550 Ndav =   2 E =   -143.6509021241 Error = 7.07e-21 FLOPS = 3.37e+10 Tdav = 3.02 T = 25.96
 --> Site =  113 .. Mmps =  550 Ndav =   1 E =   -143.6509021241 Error = 2.25e-20 FLOPS = 3.27e+10 Tdav = 1.56 T = 24.56
 --> Site =  114 .. Mmps =  550 Ndav =   2 E =   -143.6509021245 Error = 9.38e-22 FLOPS = 3.37e+10 Tdav = 3.02 T = 25.94
 --> Site =  115 .. Mmps =  550 Ndav =   1 E =   -143.6509021245 Error = 1.82e-20 FLOPS = 3.27e+10 Tdav = 1.53 T = 23.93
 --> Site =  116 .. Mmps =  550 Ndav =   1 E =   -143.6509021245 Error = 5.97e-20 FLOPS = 3.26e+10 Tdav = 1.50 T = 23.15
 --> Site =  117 .. Mmps =  550 Ndav =   1 E =   -143.6509021245 Error = 4.69e-20 FLOPS = 3.26e+10 Tdav = 1.50 T = 22.69
 --> Site =  118 .. Mmps =  550 Ndav =   1 E =   -143.6509021245 Error = 2.73e-21 FLOPS = 3.25e+10 Tdav = 1.47 T = 22.28
 --> Site =  119 .. Mmps =  550 Ndav =   2 E =   -143.6509021248 Error = 5.12e-20 FLOPS = 3.36e+10 Tdav = 2.85 T = 23.21
 --> Site =  120 .. Mmps =  550 Ndav =   2 E =   -143.6509021252 Error = 1.25e-20 FLOPS = 3.36e+10 Tdav = 2.79 T = 22.85
 --> Site =  121 .. Mmps =  550 Ndav =   1 E =   -143.6509021252 Error = 2.63e-20 FLOPS = 3.24e+10 Tdav = 1.42 T = 20.74
 --> Site =  122 .. Mmps =  550 Ndav =   2 E =   -143.6509021256 Error = 4.49e-21 FLOPS = 3.35e+10 Tdav = 2.74 T = 21.62
 --> Site =  123 .. Mmps =  550 Ndav =   2 E =   -143.6509021259 Error = 3.60e-20 FLOPS = 3.35e+10 Tdav = 2.68 T = 21.18
 --> Site =  124 .. Mmps =  550 Ndav =   2 E =   -143.6509021263 Error = 4.05e-21 FLOPS = 3.35e+10 Tdav = 2.68 T = 20.82
 --> Site =  125 .. Mmps =  550 Ndav =   1 E =   -143.6509021263 Error = 1.76e-20 FLOPS = 3.24e+10 Tdav = 1.39 T = 19.59
 --> Site =  126 .. Mmps =  550 Ndav =   2 E =   -143.6509021267 Error = 2.65e-21 FLOPS = 3.35e+10 Tdav = 2.63 T = 20.33
 --> Site =  127 .. Mmps =  550 Ndav =   1 E =   -143.6509021267 Error = 6.25e-20 FLOPS = 3.23e+10 Tdav = 1.33 T = 18.38
 --> Site =  128 .. Mmps =  550 Ndav =   1 E =   -143.6509021267 Error = 1.20e-20 FLOPS = 3.22e+10 Tdav = 1.30 T = 17.71
 --> Site =  129 .. Mmps =  550 Ndav =   1 E =   -143.6509021267 Error = 1.40e-20 FLOPS = 3.21e+10 Tdav = 1.28 T = 17.16
 --> Site =  130 .. Mmps =  550 Ndav =   1 E =   -143.6509021267 Error = 3.49e-20 FLOPS = 3.20e+10 Tdav = 1.25 T = 16.26
 --> Site =  131 .. Mmps =  550 Ndav =   2 E =   -143.6509021271 Error = 1.20e-20 FLOPS = 3.32e+10 Tdav = 2.34 T = 16.86
 --> Site =  132 .. Mmps =  550 Ndav =   2 E =   -143.6509021275 Error = 2.55e-20 FLOPS = 3.32e+10 Tdav = 2.28 T = 15.97
 --> Site =  133 .. Mmps =  550 Ndav =   2 E =   -143.6509021278 Error = 2.03e-20 FLOPS = 3.32e+10 Tdav = 2.23 T = 15.31
 --> Site =  134 .. Mmps =  550 Ndav =   2 E =   -143.6509021284 Error = 7.62e-21 FLOPS = 3.31e+10 Tdav = 2.17 T = 14.64
 --> Site =  135 .. Mmps =  550 Ndav =   2 E =   -143.6509021288 Error = 3.07e-20 FLOPS = 3.30e+10 Tdav = 2.12 T = 13.95
 --> Site =  136 .. Mmps =  550 Ndav =   2 E =   -143.6509021295 Error = 2.58e-21 FLOPS = 3.30e+10 Tdav = 2.06 T = 13.26
 --> Site =  137 .. Mmps =  550 Ndav =   2 E =   -143.6509021300 Error = 7.60e-21 FLOPS = 3.30e+10 Tdav = 2.00 T = 12.64
 --> Site =  138 .. Mmps =  550 Ndav =   2 E =   -143.6509021305 Error = 6.63e-21 FLOPS = 3.27e+10 Tdav = 1.96 T = 12.01
 --> Site =  139 .. Mmps =  550 Ndav =   2 E =   -143.6509021309 Error = 1.16e-20 FLOPS = 3.27e+10 Tdav = 1.89 T = 11.43
 --> Site =  140 .. Mmps =  550 Ndav =   1 E =   -143.6509021309 Error = 3.03e-20 FLOPS = 3.11e+10 Tdav = 0.96 T = 9.95
 --> Site =  141 .. Mmps =  550 Ndav =   1 E =   -143.6509021309 Error = 1.87e-20 FLOPS = 3.10e+10 Tdav = 0.93 T = 9.39
 --> Site =  142 .. Mmps =  550 Ndav =   2 E =   -143.6509021315 Error = 1.43e-20 FLOPS = 3.24e+10 Tdav = 1.72 T = 9.72
 --> Site =  143 .. Mmps =  550 Ndav =   1 E =   -143.6509021315 Error = 1.53e-20 FLOPS = 3.08e+10 Tdav = 0.88 T = 8.40
 --> Site =  144 .. Mmps =  550 Ndav =   2 E =   -143.6509021320 Error = 2.23e-21 FLOPS = 3.23e+10 Tdav = 1.61 T = 8.61
 --> Site =  145 .. Mmps =  550 Ndav =   2 E =   -143.6509021324 Error = 3.70e-20 FLOPS = 3.19e+10 Tdav = 1.56 T = 8.16
 --> Site =  146 .. Mmps =  550 Ndav =   2 E =   -143.6509021329 Error = 5.46e-21 FLOPS = 3.21e+10 Tdav = 1.49 T = 7.66
 --> Site =  147 .. Mmps =  550 Ndav =   2 E =   -143.6509021334 Error = 1.63e-20 FLOPS = 3.21e+10 Tdav = 1.43 T = 7.14
 --> Site =  148 .. Mmps =  550 Ndav =   2 E =   -143.6509021340 Error = 4.29e-21 FLOPS = 3.19e+10 Tdav = 1.38 T = 6.72
 --> Site =  149 .. Mmps =  550 Ndav =   2 E =   -143.6509021344 Error = 3.91e-20 FLOPS = 3.17e+10 Tdav = 1.32 T = 6.26
 --> Site =  150 .. Mmps =  550 Ndav =   2 E =   -143.6509021349 Error = 4.70e-21 FLOPS = 3.15e+10 Tdav = 1.27 T = 5.84
 --> Site =  151 .. Mmps =  550 Ndav =   2 E =   -143.6509021352 Error = 4.04e-20 FLOPS = 3.13e+10 Tdav = 1.21 T = 5.43
 --> Site =  152 .. Mmps =  550 Ndav =   1 E =   -143.6509021352 Error = 6.27e-21 FLOPS = 2.87e+10 Tdav = 0.63 T = 4.58
 --> Site =  153 .. Mmps =  550 Ndav =   2 E =   -143.6509021356 Error = 5.58e-20 FLOPS = 3.11e+10 Tdav = 1.09 T = 4.69
 --> Site =  154 .. Mmps =  550 Ndav =   1 E =   -143.6509021356 Error = 1.24e-20 FLOPS = 2.79e+10 Tdav = 0.57 T = 3.82
 --> Site =  155 .. Mmps =  550 Ndav =   1 E =   -143.6509021356 Error = 8.68e-19 FLOPS = 2.79e+10 Tdav = 0.54 T = 3.50
 --> Site =  156 .. Mmps =  550 Ndav =   1 E =   -143.6509021356 Error = 2.04e-19 FLOPS = 2.75e+10 Tdav = 0.51 T = 3.28
 --> Site =  157 .. Mmps =  550 Ndav =   1 E =   -143.6509021356 Error = 2.54e-19 FLOPS = 2.69e+10 Tdav = 0.48 T = 2.93
 --> Site =  158 .. Mmps =  550 Ndav =   1 E =   -143.6509021356 Error = 6.08e-20 FLOPS = 2.64e+10 Tdav = 0.45 T = 2.65
 --> Site =  159 .. Mmps =  550 Ndav =   1 E =   -143.6509021356 Error = 8.78e-25 FLOPS = 2.51e+10 Tdav = 0.40 T = 2.47
 --> Site =  160 .. Mmps =  550 Ndav =   1 E =   -143.6509021356 Error = 4.97e-32 FLOPS = 2.59e+10 Tdav = 0.15 T = 1.91
 --> Site =  161 .. Mmps =  550 Ndav =   1 E =   -143.6509021356 Error = 4.51e-57 FLOPS = 2.33e+10 Tdav = 0.07 T = 1.62
 --> Site =  162 .. Mmps =  550 Ndav =   1 E =   -143.6509021356 Error = 1.41e-82 FLOPS = 2.25e+10 Tdav = 0.03 T = 1.36
 --> Site =  163 .. Mmps =  550 Ndav =   1 E =   -143.6509021356 Error = 2.46e-107 FLOPS = 1.71e+10 Tdav = 0.02 T = 1.17
 --> Site =  164 .. Mmps =  550 Ndav =   1 E =   -143.6509021356 Error = 7.39e-131 FLOPS = 1.39e+10 Tdav = 0.01 T = 1.09
 --> Site =  165 .. Mmps =  550 Ndav =   1 E =   -143.6509021356 Error = 1.22e-154 FLOPS = 8.09e+09 Tdav = 0.01 T = 0.89
 --> Site =  166 .. Mmps =  539 Ndav =   1 E =   -143.6509021356 Error = 0.00e+00 FLOPS = 4.45e+09 Tdav = 0.00 T = 0.78
 --> Site =  167 .. Mmps =  532 Ndav =   1 E =   -143.6509021356 Error = 0.00e+00 FLOPS = 2.36e+09 Tdav = 0.00 T = 0.53
 --> Site =  168 .. Mmps =  520 Ndav =   1 E =   -143.6509021356 Error = 0.00e+00 FLOPS = 2.00e+09 Tdav = 0.00 T = 0.35
Time elapsed =  22969.231 | E =    -143.6509021356 | DE = -2.55e-08 | DW = 8.68129e-19
Time sweep =     2853.151 | 7.92 TFLOP/SWP
 | Dmem = 136 MB (3%) | Imem = 232 B (79%) | Hmem = 649 MB | Wmem = 4.62 MB | Pmem = 0 B
 | Tread = 81.845 | Twrite = 35.260 | Tfpread = 79.995 | Tfpwrite = 19.889 | Tmporead = 0.000 | Tasync = 0.000
 | data = 14.6 GB | cpsd = 11.0 GB
 | Trot = 190.165 | Tctr = 1.552 | Tint = 0.007 | Tmid = 0.000 | Tdctr = 64.194 | Tdiag = 1.572 | Tinfo = 2.275
 | Teff = 2297.294 | Tprt = 0.000 | Teig = 265.508 | Tblk = 2622.409 | Tmve = 230.732 | Tdm = 2.964 | Tsplt = 42.337 | Tsvd = 0.000 | Torth = 0.000

DMRG energy = -143.65090213557332

Local densities:
0.9132218752774857
0.0024439228170729335
0.880063168901279
0.004059688750597597
0.877825814041847
0.004245268119842313
0.877470841717096
0.004245255856849849
0.8778258778598321
0.004059687094548957
0.8800632108310641
0.00244391627587879
0.9132219185096088
0.0024438873299447313
0.04501926577045611
0.0014775050669085957
0.04071095655110125
0.0018536906111999239
0.04121709592080677
0.0018302766117718992
0.04121712395582815
0.0018537003047928617
0.040710972690873745
0.0014775176826630739
0.0450192704266982
0.002443907997178486
0.880063230097398
0.0014775208512276773
0.9569040027354296
0.0008901705634717496
0.9487466881816288
0.000974133201756224
0.949173435005641
0.0009741315616628079
0.9487467366334521
0.0008901707863521145
0.9569040128274343
0.0014775166083379728
0.8800632913878877
0.004059613094255277
0.04071096264006517
0.0008901654619559192
0.1467087738563831
0.000845780108434636
0.13978554275101912
0.0008477334002822168
0.1397855509973416
0.0008457824168094989
0.1467088036747793
0.0008901671728912528
0.04071096500702532
0.0040596463829923705
0.8778259012515388
0.0018537045646905396
0.9487467018541474
0.0008457841328214347
0.9655332197336433
0.0007741208802174239
0.9661866882035377
0.0007741213065822762
0.9655332457663912
0.0008457784682535033
0.9487467070516323
0.0018536956665701236
0.8778259711897421
0.004245173166283494
0.04121711043093258
0.0009741260606808729
0.13978556502660505
0.000774118499662697
0.13322791721105415
0.0007739418344716417
0.1332279159916051
0.0007741204761682341
0.13978555360672695
0.0009741289043959443
0.041217115441381534
0.004245206296858706
0.8774709233447378
0.001830285811622105
0.9491734257310036
0.0008477336995271178
0.9661866693858424
0.0007739429129642174
0.9668023594381459
0.0007739424685508751
0.9661866910703886
0.0008477347669217084
0.9491734377950287
0.001830281815302002
0.8774709655237863
0.004245173097400686
0.041217108513345806
0.0009741265717939159
0.13978555623929814
0.0007741188251110273
0.13322790553801106
0.0007739412143130512
0.13322791932387215
0.0007741195503817868
0.13978557900070862
0.0009741305366278054
0.04121710638660313
0.004245204403462219
0.8778258854100617
0.0018537033936265167
0.9487467092797638
0.0008457820318792451
0.9655332172901177
0.000774120345899402
0.9661866962385494
0.0007741211467984336
0.9655332261006576
0.0008457827923014791
0.9487467096507688
0.0018537016946955976
0.8778259408501311
0.004059624789089724
0.04071096903341277
0.0008901652155755974
0.14670880719798066
0.0008457816744415583
0.13978555065858134
0.0008477332231369482
0.1397855906409777
0.0008457806294355188
0.14670876121245713
0.0008901678502659243
0.04071096851385909
0.004059642515517477
0.8800632498596547
0.001477521868630765
0.9569040244792262
0.0008901654066867615
0.9487467017624276
0.0009741344584856392
0.9491734277321654
0.0009741355879975797
0.9487466955551127
0.0008901713401354688
0.9569039975055814
0.0014775189051603418
0.8800632389385814
0.0024439017352912524
0.045019268744002514
0.0014775162847800243
0.04071097047045716
0.0018536987228488931
0.041217118686753144
0.0018302773248842614
0.04121711594003881
0.00185368913791799
0.04071097167404532
0.0014775069502160898
0.045019269676145245
0.0024438937470670392
0.9132219049896215
0.0024439143371554383
0.8800632019812685
0.004059686069631915
0.8778258656760519
0.004245254982864984
0.8774708551866199
0.004245252372842421
0.877825844585144
0.004059682554158653
0.8800631794153827
0.0024439200835142502
0.913221879086713

corresponding 2D coords:
[(0, 0), (0, 1), (0, 2), (0, 3), (0, 4), (0, 5), (0, 6), (0, 7), (0, 8), (0, 9), (0, 10), (0, 11), (0, 12), (1, 12), (1, 11), (1, 10), (1, 9), (1, 8), (1, 7), (1, 6), (1, 5), (1, 4), (1, 3), (1, 2), (1, 1), (1, 0), (2, 0), (2, 1), (2, 2), (2, 3), (2, 4), (2, 5), (2, 6), (2, 7), (2, 8), (2, 9), (2, 10), (2, 11), (2, 12), (3, 12), (3, 11), (3, 10), (3, 9), (3, 8), (3, 7), (3, 6), (3, 5), (3, 4), (3, 3), (3, 2), (3, 1), (3, 0), (4, 0), (4, 1), (4, 2), (4, 3), (4, 4), (4, 5), (4, 6), (4, 7), (4, 8), (4, 9), (4, 10), (4, 11), (4, 12), (5, 12), (5, 11), (5, 10), (5, 9), (5, 8), (5, 7), (5, 6), (5, 5), (5, 4), (5, 3), (5, 2), (5, 1), (5, 0), (6, 0), (6, 1), (6, 2), (6, 3), (6, 4), (6, 5), (6, 6), (6, 7), (6, 8), (6, 9), (6, 10), (6, 11), (6, 12), (7, 12), (7, 11), (7, 10), (7, 9), (7, 8), (7, 7), (7, 6), (7, 5), (7, 4), (7, 3), (7, 2), (7, 1), (7, 0), (8, 0), (8, 1), (8, 2), (8, 3), (8, 4), (8, 5), (8, 6), (8, 7), (8, 8), (8, 9), (8, 10), (8, 11), (8, 12), (9, 12), (9, 11), (9, 10), (9, 9), (9, 8), (9, 7), (9, 6), (9, 5), (9, 4), (9, 3), (9, 2), (9, 1), (9, 0), (10, 0), (10, 1), (10, 2), (10, 3), (10, 4), (10, 5), (10, 6), (10, 7), (10, 8), (10, 9), (10, 10), (10, 11), (10, 12), (11, 12), (11, 11), (11, 10), (11, 9), (11, 8), (11, 7), (11, 6), (11, 5), (11, 4), (11, 3), (11, 2), (11, 1), (11, 0), (12, 0), (12, 1), (12, 2), (12, 3), (12, 4), (12, 5), (12, 6), (12, 7), (12, 8), (12, 9), (12, 10), (12, 11), (12, 12)]

Saved density data:
PKL → /users/ylokare/2D_DMRG_calculations/results/13_by_13_lattice/Local_densities/Parameter_sweep/Rb1.5/density_Lx13_Ly13_Dmax550_delta4.6_Rb1.5_alpha0.05_nedge4_dbound2.0_no_modulated_boundary.pkl
CSV → /users/ylokare/2D_DMRG_calculations/results/13_by_13_lattice/Local_densities/Parameter_sweep/Rb1.5/density_Lx13_Ly13_Dmax550_delta4.6_Rb1.5_alpha0.05_nedge4_dbound2.0_no_modulated_boundary.csv
