Lx=13, Ly=13, delta=4.6, Rb=1.4, alpha=0.05, n_edge=4, delta_boundary=2.0, USE_STAR_MODULATION=False, USE_UNIFORM_OMEGA=True
running Lx=13, Ly=13, delta=4.6, Rb=1.4, alpha=0.05, n_edge=4, delta_boundary=2.0
scratch id=1534953
Copying previous MPS/MPO data from /users/ylokare/2D_DMRG_calculations/data/tmp748855 to /oscar/scratch/ylokare/tmp1534953

Build MPO | Nsites =   169 | Nterms =      14534 | Algorithm = FastSVD | Cutoff = 1.00e-16 | Max bond dimension =    -1
 Site =     0 /   169 .. Mmpo =     3 DW = 0.00e+00 Error = 1.34e-15 NNZ =        3 SPT = 0.0000 Tsvd = 0.058 T = 0.088
 Site =     1 /   169 .. Mmpo =     4 DW = 2.09e-36 Error = 1.03e-14 NNZ =       10 SPT = 0.1667 Tsvd = 0.002 T = 0.006
 Site =     2 /   169 .. Mmpo =     5 DW = 1.83e-31 Error = 4.48e-14 NNZ =       17 SPT = 0.1500 Tsvd = 0.000 T = 0.006
 Site =     3 /   169 .. Mmpo =     6 DW = 1.79e-30 Error = 1.08e-14 NNZ =       26 SPT = 0.1333 Tsvd = 0.016 T = 0.023
 Site =     4 /   169 .. Mmpo =     7 DW = 3.58e-31 Error = 1.31e-14 NNZ =       37 SPT = 0.1190 Tsvd = 0.000 T = 0.008
 Site =     5 /   169 .. Mmpo =     8 DW = 4.66e-31 Error = 1.95e-14 NNZ =       50 SPT = 0.1071 Tsvd = 0.000 T = 0.010
 Site =     6 /   169 .. Mmpo =     9 DW = 1.16e-30 Error = 2.64e-14 NNZ =       65 SPT = 0.0972 Tsvd = 0.000 T = 0.011
 Site =     7 /   169 .. Mmpo =    10 DW = 6.36e-31 Error = 6.08e-14 NNZ =       82 SPT = 0.0889 Tsvd = 0.000 T = 0.012
 Site =     8 /   169 .. Mmpo =    11 DW = 1.42e-30 Error = 1.93e-13 NNZ =      101 SPT = 0.0818 Tsvd = 0.000 T = 0.014
 Site =     9 /   169 .. Mmpo =    12 DW = 2.41e-30 Error = 6.08e-14 NNZ =      122 SPT = 0.0758 Tsvd = 0.000 T = 0.015
 Site =    10 /   169 .. Mmpo =    13 DW = 1.79e-30 Error = 1.07e-13 NNZ =      145 SPT = 0.0705 Tsvd = 0.000 T = 0.016
 Site =    11 /   169 .. Mmpo =    14 DW = 2.26e-30 Error = 6.05e-14 NNZ =      170 SPT = 0.0659 Tsvd = 0.000 T = 0.018
 Site =    12 /   169 .. Mmpo =    15 DW = 8.61e-31 Error = 2.84e-14 NNZ =      197 SPT = 0.0619 Tsvd = 0.000 T = 0.019
 Site =    13 /   169 .. Mmpo =    16 DW = 1.36e-30 Error = 8.43e-14 NNZ =      226 SPT = 0.0583 Tsvd = 0.000 T = 0.020
 Site =    14 /   169 .. Mmpo =    17 DW = 3.35e-30 Error = 8.56e-14 NNZ =      257 SPT = 0.0551 Tsvd = 0.000 T = 0.021
 Site =    15 /   169 .. Mmpo =    18 DW = 1.64e-29 Error = 1.29e-13 NNZ =      290 SPT = 0.0523 Tsvd = 0.006 T = 0.028
 Site =    16 /   169 .. Mmpo =    19 DW = 3.91e-29 Error = 2.03e-13 NNZ =      325 SPT = 0.0497 Tsvd = 0.000 T = 0.024
 Site =    17 /   169 .. Mmpo =    20 DW = 2.60e-29 Error = 6.56e-14 NNZ =      362 SPT = 0.0474 Tsvd = 0.000 T = 0.025
 Site =    18 /   169 .. Mmpo =    21 DW = 3.59e-29 Error = 2.03e-13 NNZ =      401 SPT = 0.0452 Tsvd = 0.000 T = 0.026
 Site =    19 /   169 .. Mmpo =    22 DW = 3.04e-29 Error = 1.44e-13 NNZ =      442 SPT = 0.0433 Tsvd = 0.001 T = 0.028
 Site =    20 /   169 .. Mmpo =    23 DW = 2.01e-29 Error = 3.93e-13 NNZ =      485 SPT = 0.0415 Tsvd = 0.001 T = 0.029
 Site =    21 /   169 .. Mmpo =    24 DW = 4.29e-29 Error = 1.34e-13 NNZ =      530 SPT = 0.0399 Tsvd = 0.001 T = 0.030
 Site =    22 /   169 .. Mmpo =    25 DW = 3.53e-29 Error = 9.43e-14 NNZ =      577 SPT = 0.0383 Tsvd = 0.007 T = 0.037
 Site =    23 /   169 .. Mmpo =    26 DW = 1.04e-29 Error = 4.62e-13 NNZ =      626 SPT = 0.0369 Tsvd = 0.001 T = 0.032
 Site =    24 /   169 .. Mmpo =    27 DW = 1.51e-29 Error = 2.03e-13 NNZ =      677 SPT = 0.0356 Tsvd = 0.001 T = 0.033
 Site =    25 /   169 .. Mmpo =    28 DW = 2.64e-29 Error = 8.01e-14 NNZ =      730 SPT = 0.0344 Tsvd = 0.001 T = 0.035
 Site =    26 /   169 .. Mmpo =    29 DW = 4.28e-30 Error = 9.34e-14 NNZ =      785 SPT = 0.0333 Tsvd = 0.003 T = 0.037
 Site =    27 /   169 .. Mmpo =    30 DW = 8.16e-30 Error = 8.61e-14 NNZ =      842 SPT = 0.0322 Tsvd = 0.001 T = 0.037
 Site =    28 /   169 .. Mmpo =    31 DW = 1.06e-30 Error = 7.40e-14 NNZ =      901 SPT = 0.0312 Tsvd = 0.001 T = 0.038
 Site =    29 /   169 .. Mmpo =    32 DW = 4.49e-30 Error = 5.36e-13 NNZ =      962 SPT = 0.0302 Tsvd = 0.001 T = 0.039
 Site =    30 /   169 .. Mmpo =    33 DW = 9.37e-31 Error = 4.49e-13 NNZ =     1025 SPT = 0.0294 Tsvd = 0.001 T = 0.040
 Site =    31 /   169 .. Mmpo =    34 DW = 8.08e-30 Error = 2.40e-13 NNZ =     1090 SPT = 0.0285 Tsvd = 0.009 T = 0.049
 Site =    32 /   169 .. Mmpo =    35 DW = 1.02e-29 Error = 2.01e-13 NNZ =     1157 SPT = 0.0277 Tsvd = 0.001 T = 0.042
 Site =    33 /   169 .. Mmpo =    36 DW = 5.91e-30 Error = 1.31e-13 NNZ =     1226 SPT = 0.0270 Tsvd = 0.001 T = 0.043
 Site =    34 /   169 .. Mmpo =    37 DW = 3.86e-30 Error = 9.90e-14 NNZ =     1297 SPT = 0.0263 Tsvd = 0.001 T = 0.044
 Site =    35 /   169 .. Mmpo =    38 DW = 9.03e-30 Error = 7.03e-14 NNZ =     1370 SPT = 0.0256 Tsvd = 0.002 T = 0.045
 Site =    36 /   169 .. Mmpo =    39 DW = 2.64e-29 Error = 7.56e-14 NNZ =     1445 SPT = 0.0250 Tsvd = 0.001 T = 0.046
 Site =    37 /   169 .. Mmpo =    40 DW = 1.32e-29 Error = 4.74e-13 NNZ =     1522 SPT = 0.0244 Tsvd = 0.001 T = 0.047
 Site =    38 /   169 .. Mmpo =    41 DW = 4.75e-30 Error = 5.04e-14 NNZ =     1601 SPT = 0.0238 Tsvd = 0.001 T = 0.047
 Site =    39 /   169 .. Mmpo =    42 DW = 4.67e-30 Error = 3.80e-13 NNZ =     1682 SPT = 0.0232 Tsvd = 0.001 T = 0.048
 Site =    40 /   169 .. Mmpo =    43 DW = 3.47e-29 Error = 4.51e-13 NNZ =     1765 SPT = 0.0227 Tsvd = 0.001 T = 0.049
 Site =    41 /   169 .. Mmpo =    44 DW = 4.96e-30 Error = 3.75e-13 NNZ =     1850 SPT = 0.0222 Tsvd = 0.001 T = 0.050
 Site =    42 /   169 .. Mmpo =    45 DW = 6.47e-30 Error = 3.25e-13 NNZ =     1937 SPT = 0.0217 Tsvd = 0.001 T = 0.051
 Site =    43 /   169 .. Mmpo =    44 DW = 9.12e-17 Error = 9.55e-09 NNZ =     1936 SPT = 0.0222 Tsvd = 0.001 T = 0.053
 Site =    44 /   169 .. Mmpo =    45 DW = 4.60e-26 Error = 2.86e-13 NNZ =     1937 SPT = 0.0217 Tsvd = 0.001 T = 0.051
 Site =    45 /   169 .. Mmpo =    46 DW = 1.84e-26 Error = 2.13e-13 NNZ =     2026 SPT = 0.0213 Tsvd = 0.001 T = 0.052
 Site =    46 /   169 .. Mmpo =    46 DW = 5.05e-17 Error = 7.10e-09 NNZ =     2071 SPT = 0.0213 Tsvd = 0.001 T = 0.053
 Site =    47 /   169 .. Mmpo =    47 DW = 1.71e-26 Error = 1.70e-13 NNZ =     2117 SPT = 0.0208 Tsvd = 0.001 T = 0.052
 Site =    48 /   169 .. Mmpo =    48 DW = 7.63e-27 Error = 1.24e-13 NNZ =     2210 SPT = 0.0204 Tsvd = 0.001 T = 0.053
 Site =    49 /   169 .. Mmpo =    48 DW = 5.07e-17 Error = 7.12e-09 NNZ =     2257 SPT = 0.0204 Tsvd = 0.001 T = 0.054
 Site =    50 /   169 .. Mmpo =    49 DW = 3.09e-26 Error = 1.90e-13 NNZ =     2305 SPT = 0.0200 Tsvd = 0.001 T = 0.054
 Site =    51 /   169 .. Mmpo =    49 DW = 2.46e-17 Error = 4.96e-09 NNZ =     2353 SPT = 0.0200 Tsvd = 0.002 T = 0.054
 Site =    52 /   169 .. Mmpo =    50 DW = 8.41e-26 Error = 8.45e-13 NNZ =     2402 SPT = 0.0196 Tsvd = 0.001 T = 0.055
 Site =    53 /   169 .. Mmpo =    51 DW = 7.69e-26 Error = 8.06e-13 NNZ =     2501 SPT = 0.0192 Tsvd = 0.002 T = 0.055
 Site =    54 /   169 .. Mmpo =    51 DW = 1.84e-17 Error = 4.29e-09 NNZ =     2551 SPT = 0.0192 Tsvd = 0.002 T = 0.056
 Site =    55 /   169 .. Mmpo =    51 DW = 4.96e-17 Error = 7.04e-09 NNZ =     2551 SPT = 0.0192 Tsvd = 0.001 T = 0.055
 Site =    56 /   169 .. Mmpo =    51 DW = 1.74e-17 Error = 4.18e-09 NNZ =     2550 SPT = 0.0196 Tsvd = 0.001 T = 0.055
 Site =    57 /   169 .. Mmpo =    51 DW = 9.34e-17 Error = 9.66e-09 NNZ =     2551 SPT = 0.0192 Tsvd = 0.001 T = 0.055
 Site =    58 /   169 .. Mmpo =    51 DW = 2.53e-17 Error = 5.03e-09 NNZ =     2551 SPT = 0.0192 Tsvd = 0.001 T = 0.054
 Site =    59 /   169 .. Mmpo =    51 DW = 7.19e-17 Error = 8.48e-09 NNZ =     2551 SPT = 0.0192 Tsvd = 0.001 T = 0.054
 Site =    60 /   169 .. Mmpo =    52 DW = 5.73e-24 Error = 2.43e-12 NNZ =     2602 SPT = 0.0189 Tsvd = 0.002 T = 0.054
 Site =    61 /   169 .. Mmpo =    53 DW = 4.89e-24 Error = 2.24e-12 NNZ =     2705 SPT = 0.0185 Tsvd = 0.002 T = 0.054
 Site =    62 /   169 .. Mmpo =    53 DW = 2.57e-17 Error = 5.07e-09 NNZ =     2757 SPT = 0.0185 Tsvd = 0.002 T = 0.055
 Site =    63 /   169 .. Mmpo =    54 DW = 3.34e-24 Error = 1.83e-12 NNZ =     2810 SPT = 0.0182 Tsvd = 0.002 T = 0.054
 Site =    64 /   169 .. Mmpo =    54 DW = 1.83e-17 Error = 4.28e-09 NNZ =     2862 SPT = 0.0185 Tsvd = 0.004 T = 0.057
 Site =    65 /   169 .. Mmpo =    54 DW = 7.46e-17 Error = 8.64e-09 NNZ =     2863 SPT = 0.0182 Tsvd = 0.002 T = 0.054
 Site =    66 /   169 .. Mmpo =    54 DW = 7.43e-17 Error = 8.62e-09 NNZ =     2863 SPT = 0.0182 Tsvd = 0.002 T = 0.054
 Site =    67 /   169 .. Mmpo =    54 DW = 2.60e-17 Error = 5.10e-09 NNZ =     2863 SPT = 0.0182 Tsvd = 0.002 T = 0.054
 Site =    68 /   169 .. Mmpo =    54 DW = 4.06e-17 Error = 6.37e-09 NNZ =     2863 SPT = 0.0182 Tsvd = 0.002 T = 0.054
 Site =    69 /   169 .. Mmpo =    54 DW = 1.82e-17 Error = 4.27e-09 NNZ =     2863 SPT = 0.0182 Tsvd = 0.002 T = 0.053
 Site =    70 /   169 .. Mmpo =    54 DW = 6.94e-17 Error = 8.33e-09 NNZ =     2863 SPT = 0.0182 Tsvd = 0.002 T = 0.053
 Site =    71 /   169 .. Mmpo =    54 DW = 1.74e-17 Error = 4.17e-09 NNZ =     2863 SPT = 0.0182 Tsvd = 0.002 T = 0.052
 Site =    72 /   169 .. Mmpo =    54 DW = 4.53e-17 Error = 6.73e-09 NNZ =     2863 SPT = 0.0182 Tsvd = 0.002 T = 0.052
 Site =    73 /   169 .. Mmpo =    54 DW = 6.63e-17 Error = 8.14e-09 NNZ =     2863 SPT = 0.0182 Tsvd = 0.002 T = 0.051
 Site =    74 /   169 .. Mmpo =    55 DW = 5.68e-24 Error = 2.39e-12 NNZ =     2916 SPT = 0.0182 Tsvd = 0.002 T = 0.051
 Site =    75 /   169 .. Mmpo =    55 DW = 6.25e-17 Error = 7.91e-09 NNZ =     2970 SPT = 0.0182 Tsvd = 0.002 T = 0.051
 Site =    76 /   169 .. Mmpo =    54 DW = 1.66e-16 Error = 1.29e-08 NNZ =     2916 SPT = 0.0182 Tsvd = 0.002 T = 0.050
 Site =    77 /   169 .. Mmpo =    55 DW = 8.68e-24 Error = 2.95e-12 NNZ =     2917 SPT = 0.0178 Tsvd = 0.002 T = 0.049
 Site =    78 /   169 .. Mmpo =    54 DW = 9.51e-17 Error = 9.75e-09 NNZ =     2916 SPT = 0.0182 Tsvd = 0.002 T = 0.049
 Site =    79 /   169 .. Mmpo =    55 DW = 1.37e-23 Error = 3.70e-12 NNZ =     2917 SPT = 0.0178 Tsvd = 0.002 T = 0.049
 Site =    80 /   169 .. Mmpo =    55 DW = 2.49e-17 Error = 4.99e-09 NNZ =     2970 SPT = 0.0182 Tsvd = 0.002 T = 0.049
 Site =    81 /   169 .. Mmpo =    54 DW = 6.08e-17 Error = 7.80e-09 NNZ =     2916 SPT = 0.0182 Tsvd = 0.002 T = 0.048
 Site =    82 /   169 .. Mmpo =    54 DW = 2.06e-17 Error = 4.54e-09 NNZ =     2863 SPT = 0.0182 Tsvd = 0.001 T = 0.047
 Site =    83 /   169 .. Mmpo =    54 DW = 7.94e-17 Error = 8.91e-09 NNZ =     2862 SPT = 0.0185 Tsvd = 0.001 T = 0.047
 Site =    84 /   169 .. Mmpo =    54 DW = 1.58e-17 Error = 3.98e-09 NNZ =     2860 SPT = 0.0192 Tsvd = 0.001 T = 0.046
 Site =    85 /   169 .. Mmpo =    54 DW = 4.52e-17 Error = 6.72e-09 NNZ =     2862 SPT = 0.0185 Tsvd = 0.001 T = 0.046
 Site =    86 /   169 .. Mmpo =    54 DW = 7.02e-17 Error = 8.38e-09 NNZ =     2863 SPT = 0.0182 Tsvd = 0.001 T = 0.045
 Site =    87 /   169 .. Mmpo =    55 DW = 2.73e-24 Error = 1.65e-12 NNZ =     2916 SPT = 0.0182 Tsvd = 0.001 T = 0.045
 Site =    88 /   169 .. Mmpo =    55 DW = 6.57e-17 Error = 8.10e-09 NNZ =     2970 SPT = 0.0182 Tsvd = 0.001 T = 0.045
 Site =    89 /   169 .. Mmpo =    55 DW = 6.88e-17 Error = 8.29e-09 NNZ =     2970 SPT = 0.0182 Tsvd = 0.001 T = 0.045
 Site =    90 /   169 .. Mmpo =    55 DW = 2.43e-17 Error = 4.93e-09 NNZ =     2970 SPT = 0.0182 Tsvd = 0.001 T = 0.043
 Site =    91 /   169 .. Mmpo =    54 DW = 1.37e-16 Error = 1.17e-08 NNZ =     2916 SPT = 0.0182 Tsvd = 0.001 T = 0.044
 Site =    92 /   169 .. Mmpo =    55 DW = 3.10e-23 Error = 5.59e-12 NNZ =     2917 SPT = 0.0178 Tsvd = 0.001 T = 0.043
 Site =    93 /   169 .. Mmpo =    55 DW = 1.93e-17 Error = 4.39e-09 NNZ =     2971 SPT = 0.0179 Tsvd = 0.001 T = 0.043
 Site =    94 /   169 .. Mmpo =    54 DW = 4.22e-17 Error = 6.49e-09 NNZ =     2916 SPT = 0.0182 Tsvd = 0.001 T = 0.043
 Site =    95 /   169 .. Mmpo =    54 DW = 1.24e-17 Error = 3.52e-09 NNZ =     2862 SPT = 0.0185 Tsvd = 0.001 T = 0.041
 Site =    96 /   169 .. Mmpo =    54 DW = 6.74e-17 Error = 8.21e-09 NNZ =     2862 SPT = 0.0185 Tsvd = 0.001 T = 0.041
 Site =    97 /   169 .. Mmpo =    54 DW = 1.22e-17 Error = 3.49e-09 NNZ =     2863 SPT = 0.0182 Tsvd = 0.001 T = 0.040
 Site =    98 /   169 .. Mmpo =    54 DW = 2.84e-17 Error = 5.33e-09 NNZ =     2862 SPT = 0.0185 Tsvd = 0.001 T = 0.040
 Site =    99 /   169 .. Mmpo =    54 DW = 2.99e-17 Error = 5.47e-09 NNZ =     2863 SPT = 0.0182 Tsvd = 0.001 T = 0.039
 Site =   100 /   169 .. Mmpo =    54 DW = 8.21e-17 Error = 9.06e-09 NNZ =     2862 SPT = 0.0185 Tsvd = 0.001 T = 0.039
 Site =   101 /   169 .. Mmpo =    54 DW = 1.22e-17 Error = 3.50e-09 NNZ =     2863 SPT = 0.0182 Tsvd = 0.001 T = 0.038
 Site =   102 /   169 .. Mmpo =    54 DW = 6.19e-17 Error = 7.87e-09 NNZ =     2863 SPT = 0.0182 Tsvd = 0.003 T = 0.039
 Site =   103 /   169 .. Mmpo =    53 DW = 6.81e-17 Error = 8.25e-09 NNZ =     2808 SPT = 0.0189 Tsvd = 0.001 T = 0.036
 Site =   104 /   169 .. Mmpo =    53 DW = 5.71e-17 Error = 7.56e-09 NNZ =     2757 SPT = 0.0185 Tsvd = 0.001 T = 0.036
 Site =   105 /   169 .. Mmpo =    53 DW = 9.00e-18 Error = 3.00e-09 NNZ =     2756 SPT = 0.0189 Tsvd = 0.001 T = 0.038
 Site =   106 /   169 .. Mmpo =    52 DW = 1.26e-16 Error = 1.12e-08 NNZ =     2704 SPT = 0.0189 Tsvd = 0.001 T = 0.035
 Site =   107 /   169 .. Mmpo =    51 DW = 7.90e-17 Error = 8.89e-09 NNZ =     2601 SPT = 0.0192 Tsvd = 0.001 T = 0.035
 Site =   108 /   169 .. Mmpo =    51 DW = 3.24e-17 Error = 5.69e-09 NNZ =     2551 SPT = 0.0192 Tsvd = 0.001 T = 0.033
 Site =   109 /   169 .. Mmpo =    51 DW = 3.86e-17 Error = 6.21e-09 NNZ =     2551 SPT = 0.0192 Tsvd = 0.001 T = 0.033
 Site =   110 /   169 .. Mmpo =    51 DW = 1.89e-17 Error = 4.35e-09 NNZ =     2551 SPT = 0.0192 Tsvd = 0.001 T = 0.032
 Site =   111 /   169 .. Mmpo =    51 DW = 1.79e-17 Error = 4.23e-09 NNZ =     2551 SPT = 0.0192 Tsvd = 0.001 T = 0.032
 Site =   112 /   169 .. Mmpo =    51 DW = 4.00e-17 Error = 6.33e-09 NNZ =     2551 SPT = 0.0192 Tsvd = 0.001 T = 0.031
 Site =   113 /   169 .. Mmpo =    51 DW = 5.52e-18 Error = 2.35e-09 NNZ =     2550 SPT = 0.0196 Tsvd = 0.001 T = 0.031
 Site =   114 /   169 .. Mmpo =    51 DW = 5.84e-18 Error = 2.42e-09 NNZ =     2551 SPT = 0.0192 Tsvd = 0.001 T = 0.030
 Site =   115 /   169 .. Mmpo =    50 DW = 2.50e-17 Error = 5.00e-09 NNZ =     2500 SPT = 0.0196 Tsvd = 0.001 T = 0.030
 Site =   116 /   169 .. Mmpo =    49 DW = 2.37e-18 Error = 1.54e-09 NNZ =     2400 SPT = 0.0204 Tsvd = 0.001 T = 0.028
 Site =   117 /   169 .. Mmpo =    49 DW = 5.37e-18 Error = 2.32e-09 NNZ =     2353 SPT = 0.0200 Tsvd = 0.001 T = 0.028
 Site =   118 /   169 .. Mmpo =    48 DW = 3.26e-17 Error = 5.71e-09 NNZ =     2302 SPT = 0.0213 Tsvd = 0.001 T = 0.028
 Site =   119 /   169 .. Mmpo =    47 DW = 7.87e-17 Error = 8.87e-09 NNZ =     2209 SPT = 0.0208 Tsvd = 0.001 T = 0.026
 Site =   120 /   169 .. Mmpo =    47 DW = 7.37e-18 Error = 2.72e-09 NNZ =     2163 SPT = 0.0208 Tsvd = 0.001 T = 0.025
 Site =   121 /   169 .. Mmpo =    46 DW = 3.37e-17 Error = 5.80e-09 NNZ =     2115 SPT = 0.0217 Tsvd = 0.001 T = 0.025
 Site =   122 /   169 .. Mmpo =    46 DW = 2.66e-18 Error = 1.63e-09 NNZ =     2071 SPT = 0.0213 Tsvd = 0.001 T = 0.024
 Site =   123 /   169 .. Mmpo =    45 DW = 2.23e-17 Error = 4.72e-09 NNZ =     2024 SPT = 0.0222 Tsvd = 0.001 T = 0.023
 Site =   124 /   169 .. Mmpo =    44 DW = 5.49e-17 Error = 7.41e-09 NNZ =     1935 SPT = 0.0227 Tsvd = 0.001 T = 0.022
 Site =   125 /   169 .. Mmpo =    44 DW = 8.19e-17 Error = 9.05e-09 NNZ =     1893 SPT = 0.0222 Tsvd = 0.001 T = 0.022
 Site =   126 /   169 .. Mmpo =    44 DW = 3.22e-36 Error = 1.06e-13 NNZ =     1892 SPT = 0.0227 Tsvd = 0.001 T = 0.021
 Site =   127 /   169 .. Mmpo =    43 DW = 2.25e-36 Error = 1.01e-13 NNZ =     1849 SPT = 0.0227 Tsvd = 0.001 T = 0.021
 Site =   128 /   169 .. Mmpo =    42 DW = 3.71e-37 Error = 9.07e-14 NNZ =     1763 SPT = 0.0238 Tsvd = 0.001 T = 0.020
 Site =   129 /   169 .. Mmpo =    41 DW = 6.34e-36 Error = 5.63e-13 NNZ =     1680 SPT = 0.0244 Tsvd = 0.001 T = 0.018
 Site =   130 /   169 .. Mmpo =    40 DW = 4.82e-40 Error = 6.68e-14 NNZ =     1600 SPT = 0.0244 Tsvd = 0.000 T = 0.018
 Site =   131 /   169 .. Mmpo =    39 DW = 3.86e-37 Error = 6.25e-14 NNZ =     1521 SPT = 0.0250 Tsvd = 0.000 T = 0.017
 Site =   132 /   169 .. Mmpo =    38 DW = 5.27e-39 Error = 1.34e-13 NNZ =     1444 SPT = 0.0256 Tsvd = 0.000 T = 0.016
 Site =   133 /   169 .. Mmpo =    37 DW = 2.63e-36 Error = 6.53e-14 NNZ =     1369 SPT = 0.0263 Tsvd = 0.000 T = 0.015
 Site =   134 /   169 .. Mmpo =    36 DW = 3.18e-38 Error = 6.82e-14 NNZ =     1296 SPT = 0.0270 Tsvd = 0.000 T = 0.015
 Site =   135 /   169 .. Mmpo =    35 DW = 1.17e-39 Error = 6.56e-14 NNZ =     1225 SPT = 0.0278 Tsvd = 0.000 T = 0.014
 Site =   136 /   169 .. Mmpo =    34 DW = 6.66e-38 Error = 5.60e-14 NNZ =     1156 SPT = 0.0286 Tsvd = 0.000 T = 0.013
 Site =   137 /   169 .. Mmpo =    33 DW = 6.30e-41 Error = 7.01e-14 NNZ =     1089 SPT = 0.0294 Tsvd = 0.000 T = 0.012
 Site =   138 /   169 .. Mmpo =    32 DW = 5.95e-37 Error = 5.97e-14 NNZ =     1024 SPT = 0.0303 Tsvd = 0.000 T = 0.012
 Site =   139 /   169 .. Mmpo =    31 DW = 3.13e-39 Error = 7.38e-14 NNZ =      961 SPT = 0.0312 Tsvd = 0.000 T = 0.011
 Site =   140 /   169 .. Mmpo =    30 DW = 6.59e-38 Error = 5.65e-14 NNZ =      900 SPT = 0.0323 Tsvd = 0.000 T = 0.010
 Site =   141 /   169 .. Mmpo =    29 DW = 4.02e-39 Error = 6.63e-14 NNZ =      841 SPT = 0.0333 Tsvd = 0.000 T = 0.010
 Site =   142 /   169 .. Mmpo =    28 DW = 1.56e-36 Error = 2.87e-13 NNZ =      784 SPT = 0.0345 Tsvd = 0.000 T = 0.009
 Site =   143 /   169 .. Mmpo =    27 DW = 2.27e-36 Error = 7.51e-14 NNZ =      729 SPT = 0.0357 Tsvd = 0.000 T = 0.008
 Site =   144 /   169 .. Mmpo =    26 DW = 3.95e-40 Error = 6.81e-14 NNZ =      676 SPT = 0.0370 Tsvd = 0.000 T = 0.008
 Site =   145 /   169 .. Mmpo =    25 DW = 1.71e-36 Error = 8.67e-14 NNZ =      625 SPT = 0.0385 Tsvd = 0.000 T = 0.007
 Site =   146 /   169 .. Mmpo =    24 DW = 2.52e-37 Error = 1.42e-13 NNZ =      576 SPT = 0.0400 Tsvd = 0.000 T = 0.007
 Site =   147 /   169 .. Mmpo =    23 DW = 1.31e-37 Error = 6.34e-14 NNZ =      529 SPT = 0.0417 Tsvd = 0.000 T = 0.006
 Site =   148 /   169 .. Mmpo =    22 DW = 1.03e-36 Error = 6.43e-14 NNZ =      484 SPT = 0.0435 Tsvd = 0.000 T = 0.006
 Site =   149 /   169 .. Mmpo =    21 DW = 5.19e-38 Error = 7.98e-14 NNZ =      441 SPT = 0.0455 Tsvd = 0.000 T = 0.005
 Site =   150 /   169 .. Mmpo =    20 DW = 2.43e-37 Error = 6.30e-14 NNZ =      400 SPT = 0.0476 Tsvd = 0.000 T = 0.005
 Site =   151 /   169 .. Mmpo =    19 DW = 1.31e-39 Error = 9.65e-14 NNZ =      361 SPT = 0.0500 Tsvd = 0.000 T = 0.004
 Site =   152 /   169 .. Mmpo =    18 DW = 2.80e-37 Error = 3.82e-14 NNZ =      324 SPT = 0.0526 Tsvd = 0.000 T = 0.004
 Site =   153 /   169 .. Mmpo =    17 DW = 1.08e-37 Error = 6.09e-14 NNZ =      289 SPT = 0.0556 Tsvd = 0.000 T = 0.003
 Site =   154 /   169 .. Mmpo =    16 DW = 9.49e-39 Error = 1.13e-12 NNZ =      256 SPT = 0.0588 Tsvd = 0.000 T = 0.003
 Site =   155 /   169 .. Mmpo =    15 DW = 1.42e-38 Error = 3.09e-13 NNZ =      225 SPT = 0.0625 Tsvd = 0.000 T = 0.003
 Site =   156 /   169 .. Mmpo =    14 DW = 8.13e-37 Error = 1.19e-13 NNZ =      196 SPT = 0.0667 Tsvd = 0.000 T = 0.002
 Site =   157 /   169 .. Mmpo =    13 DW = 8.44e-38 Error = 7.43e-14 NNZ =      169 SPT = 0.0714 Tsvd = 0.000 T = 0.002
 Site =   158 /   169 .. Mmpo =    12 DW = 2.02e-37 Error = 1.26e-13 NNZ =      144 SPT = 0.0769 Tsvd = 0.000 T = 0.002
 Site =   159 /   169 .. Mmpo =    11 DW = 1.62e-37 Error = 7.64e-14 NNZ =      121 SPT = 0.0833 Tsvd = 0.002 T = 0.004
 Site =   160 /   169 .. Mmpo =    10 DW = 4.89e-39 Error = 5.32e-14 NNZ =      100 SPT = 0.0909 Tsvd = 0.000 T = 0.001
 Site =   161 /   169 .. Mmpo =     9 DW = 9.95e-39 Error = 5.60e-14 NNZ =       81 SPT = 0.1000 Tsvd = 0.000 T = 0.001
 Site =   162 /   169 .. Mmpo =     8 DW = 1.66e-37 Error = 6.36e-14 NNZ =       64 SPT = 0.1111 Tsvd = 0.000 T = 0.001
 Site =   163 /   169 .. Mmpo =     7 DW = 3.82e-40 Error = 9.37e-14 NNZ =       49 SPT = 0.1250 Tsvd = 0.000 T = 0.001
 Site =   164 /   169 .. Mmpo =     6 DW = 1.24e-39 Error = 3.96e-14 NNZ =       36 SPT = 0.1429 Tsvd = 0.000 T = 0.001
 Site =   165 /   169 .. Mmpo =     5 DW = 2.24e-39 Error = 2.56e-14 NNZ =       25 SPT = 0.1667 Tsvd = 0.000 T = 0.000
 Site =   166 /   169 .. Mmpo =     4 DW = 6.07e-39 Error = 8.74e-14 NNZ =       16 SPT = 0.2000 Tsvd = 0.006 T = 0.006
 Site =   167 /   169 .. Mmpo =     3 DW = 0.00e+00 Error = 2.06e-14 NNZ =        9 SPT = 0.2500 Tsvd = 0.000 T = 0.000
 Site =   168 /   169 .. Mmpo =     1 DW = 0.00e+00 Error = 2.09e-14 NNZ =        3 SPT = 0.0000 Tsvd = 0.000 T = 0.000
Ttotal =      5.354 Tsvd-total = 0.255 MPO bond dimension =    55 MaxDW = 1.66e-16 Total error = 5.58e-08
NNZ =       277296 SIZE =       283467 SPT = 0.0218

Rank =     0 Ttotal =      5.393 MPO method = FastSVD bond dimension =      55 NNZ =       277296 SIZE =       283467 SPT = 0.0218
Environment initialization | Nsites =   169 | Center =     0
 INIT-R <-- Site =  167 ..  Bmem =   128 B Rmem =   128 B T = 0.03
 INIT-R <-- Site =  166 ..  Bmem =   640 B Rmem =   640 B T = 0.01
 INIT-R <-- Site =  165 ..  Bmem = 3.00 KB Rmem = 3.00 KB T = 0.01
 INIT-R <-- Site =  164 ..  Bmem = 14.0 KB Rmem = 14.0 KB T = 0.01
 INIT-R <-- Site =  163 ..  Bmem = 64.0 KB Rmem = 64.0 KB T = 0.01
 INIT-R <-- Site =  162 ..  Bmem =  288 KB Rmem =  288 KB T = 0.01
 INIT-R <-- Site =  161 ..  Bmem = 1.25 MB Rmem = 1.25 MB T = 0.01
 INIT-R <-- Site =  160 ..  Bmem = 5.50 MB Rmem = 5.50 MB T = 0.05
 INIT-R <-- Site =  159 ..  Bmem = 24.0 MB Rmem = 22.9 MB T = 0.26
 INIT-R <-- Site =  158 ..  Bmem = 99.2 MB Rmem = 24.8 MB T = 0.44
 INIT-R <-- Site =  157 ..  Bmem =  107 MB Rmem = 26.7 MB T = 0.47
 INIT-R <-- Site =  156 ..  Bmem =  114 MB Rmem = 28.6 MB T = 0.50
 INIT-R <-- Site =  155 ..  Bmem =  122 MB Rmem = 30.5 MB T = 0.55
 INIT-R <-- Site =  154 ..  Bmem =  130 MB Rmem = 32.4 MB T = 0.59
 INIT-R <-- Site =  153 ..  Bmem =  137 MB Rmem = 34.3 MB T = 0.63
 INIT-R <-- Site =  152 ..  Bmem =  145 MB Rmem = 36.2 MB T = 0.67
 INIT-R <-- Site =  151 ..  Bmem =  153 MB Rmem = 38.1 MB T = 0.72
 INIT-R <-- Site =  150 ..  Bmem =  160 MB Rmem = 40.1 MB T = 0.77
 INIT-R <-- Site =  149 ..  Bmem =  168 MB Rmem = 42.0 MB T = 0.84
 INIT-R <-- Site =  148 ..  Bmem =  175 MB Rmem = 43.9 MB T = 0.90
 INIT-R <-- Site =  147 ..  Bmem =  183 MB Rmem = 45.8 MB T = 0.90
 INIT-R <-- Site =  146 ..  Bmem =  191 MB Rmem = 47.7 MB T = 0.96
 INIT-R <-- Site =  145 ..  Bmem =  198 MB Rmem = 49.6 MB T = 1.02
 INIT-R <-- Site =  144 ..  Bmem =  206 MB Rmem = 51.5 MB T = 1.05
 INIT-R <-- Site =  143 ..  Bmem =  214 MB Rmem = 53.4 MB T = 1.11
 INIT-R <-- Site =  142 ..  Bmem =  221 MB Rmem = 55.3 MB T = 1.16
 INIT-R <-- Site =  141 ..  Bmem =  229 MB Rmem = 57.2 MB T = 1.21
 INIT-R <-- Site =  140 ..  Bmem =  237 MB Rmem = 59.1 MB T = 1.27
 INIT-R <-- Site =  139 ..  Bmem =  244 MB Rmem = 61.0 MB T = 1.33
 INIT-R <-- Site =  138 ..  Bmem =  252 MB Rmem = 62.9 MB T = 1.40
 INIT-R <-- Site =  137 ..  Bmem =  259 MB Rmem = 64.8 MB T = 1.47
 INIT-R <-- Site =  136 ..  Bmem =  267 MB Rmem = 66.8 MB T = 1.50
 INIT-R <-- Site =  135 ..  Bmem =  275 MB Rmem = 68.7 MB T = 1.53
 INIT-R <-- Site =  134 ..  Bmem =  282 MB Rmem = 70.6 MB T = 1.62
 INIT-R <-- Site =  133 ..  Bmem =  290 MB Rmem = 72.5 MB T = 1.66
 INIT-R <-- Site =  132 ..  Bmem =  298 MB Rmem = 74.4 MB T = 1.72
 INIT-R <-- Site =  131 ..  Bmem =  305 MB Rmem = 76.3 MB T = 1.82
 INIT-R <-- Site =  130 ..  Bmem =  313 MB Rmem = 78.2 MB T = 1.84
 INIT-R <-- Site =  129 ..  Bmem =  320 MB Rmem = 80.1 MB T = 1.92
 INIT-R <-- Site =  128 ..  Bmem =  328 MB Rmem = 82.0 MB T = 1.97
 INIT-R <-- Site =  127 ..  Bmem =  336 MB Rmem = 83.9 MB T = 2.06
 INIT-R <-- Site =  126 ..  Bmem =  343 MB Rmem = 85.8 MB T = 2.11
 INIT-R <-- Site =  125 ..  Bmem =  343 MB Rmem = 85.8 MB T = 2.11
 INIT-R <-- Site =  124 ..  Bmem =  343 MB Rmem = 85.8 MB T = 2.14
 INIT-R <-- Site =  123 ..  Bmem =  351 MB Rmem = 87.7 MB T = 2.22
 INIT-R <-- Site =  122 ..  Bmem =  359 MB Rmem = 89.6 MB T = 2.23
 INIT-R <-- Site =  121 ..  Bmem =  359 MB Rmem = 89.6 MB T = 2.25
 INIT-R <-- Site =  120 ..  Bmem =  366 MB Rmem = 91.6 MB T = 2.30
 INIT-R <-- Site =  119 ..  Bmem =  366 MB Rmem = 91.6 MB T = 2.37
 INIT-R <-- Site =  118 ..  Bmem =  374 MB Rmem = 93.5 MB T = 2.36
 INIT-R <-- Site =  117 ..  Bmem =  381 MB Rmem = 95.4 MB T = 2.47
 INIT-R <-- Site =  116 ..  Bmem =  381 MB Rmem = 95.4 MB T = 2.49
 INIT-R <-- Site =  115 ..  Bmem =  389 MB Rmem = 97.3 MB T = 2.50
 INIT-R <-- Site =  114 ..  Bmem =  397 MB Rmem = 99.2 MB T = 2.61
 INIT-R <-- Site =  113 ..  Bmem =  397 MB Rmem = 99.2 MB T = 2.61
 INIT-R <-- Site =  112 ..  Bmem =  397 MB Rmem = 99.2 MB T = 2.63
 INIT-R <-- Site =  111 ..  Bmem =  397 MB Rmem = 99.2 MB T = 2.61
 INIT-R <-- Site =  110 ..  Bmem =  397 MB Rmem = 99.2 MB T = 2.61
 INIT-R <-- Site =  109 ..  Bmem =  397 MB Rmem = 99.2 MB T = 2.61
 INIT-R <-- Site =  108 ..  Bmem =  397 MB Rmem = 99.2 MB T = 2.60
 INIT-R <-- Site =  107 ..  Bmem =  397 MB Rmem = 99.2 MB T = 2.66
 INIT-R <-- Site =  106 ..  Bmem =  404 MB Rmem =  101 MB T = 2.64
 INIT-R <-- Site =  105 ..  Bmem =  412 MB Rmem =  103 MB T = 2.77
 INIT-R <-- Site =  104 ..  Bmem =  412 MB Rmem =  103 MB T = 2.75
 INIT-R <-- Site =  103 ..  Bmem =  412 MB Rmem =  103 MB T = 2.76
 INIT-R <-- Site =  102 ..  Bmem =  420 MB Rmem =  105 MB T = 2.89
 INIT-R <-- Site =  101 ..  Bmem =  420 MB Rmem =  105 MB T = 2.87
 INIT-R <-- Site =  100 ..  Bmem =  420 MB Rmem =  105 MB T = 2.89
 INIT-R <-- Site =   99 ..  Bmem =  420 MB Rmem =  105 MB T = 2.87
 INIT-R <-- Site =   98 ..  Bmem =  420 MB Rmem =  105 MB T = 2.84
 INIT-R <-- Site =   97 ..  Bmem =  420 MB Rmem =  105 MB T = 2.85
 INIT-R <-- Site =   96 ..  Bmem =  420 MB Rmem =  105 MB T = 2.84
 INIT-R <-- Site =   95 ..  Bmem =  420 MB Rmem =  105 MB T = 2.84
 INIT-R <-- Site =   94 ..  Bmem =  420 MB Rmem =  105 MB T = 2.86
 INIT-R <-- Site =   93 ..  Bmem =  427 MB Rmem =  107 MB T = 2.93
 INIT-R <-- Site =   92 ..  Bmem =  427 MB Rmem =  107 MB T = 2.91
 INIT-R <-- Site =   91 ..  Bmem =  420 MB Rmem =  105 MB T = 2.96
 INIT-R <-- Site =   90 ..  Bmem =  427 MB Rmem =  107 MB T = 2.89
 INIT-R <-- Site =   89 ..  Bmem =  427 MB Rmem =  107 MB T = 2.91
 INIT-R <-- Site =   88 ..  Bmem =  427 MB Rmem =  107 MB T = 2.91
 INIT-R <-- Site =   87 ..  Bmem =  427 MB Rmem =  107 MB T = 2.96
 INIT-R <-- Site =   86 ..  Bmem =  420 MB Rmem =  105 MB T = 2.87
 INIT-R <-- Site =   85 ..  Bmem =  420 MB Rmem =  105 MB T = 2.84
 INIT-R <-- Site =   84 ..  Bmem =  420 MB Rmem =  105 MB T = 2.87
 INIT-R <-- Site =   83 ..  Bmem =  420 MB Rmem =  105 MB T = 2.83
 INIT-R <-- Site =   82 ..  Bmem =  420 MB Rmem =  105 MB T = 2.87
 INIT-R <-- Site =   81 ..  Bmem =  420 MB Rmem =  105 MB T = 2.83
 INIT-R <-- Site =   80 ..  Bmem =  427 MB Rmem =  107 MB T = 2.90
 INIT-R <-- Site =   79 ..  Bmem =  427 MB Rmem =  107 MB T = 2.89
 INIT-R <-- Site =   78 ..  Bmem =  420 MB Rmem =  105 MB T = 2.84
 INIT-R <-- Site =   77 ..  Bmem =  427 MB Rmem =  107 MB T = 2.87
 INIT-R <-- Site =   76 ..  Bmem =  420 MB Rmem =  105 MB T = 2.85
 INIT-R <-- Site =   75 ..  Bmem =  427 MB Rmem =  107 MB T = 2.89
 INIT-R <-- Site =   74 ..  Bmem =  427 MB Rmem =  107 MB T = 2.91
 INIT-R <-- Site =   73 ..  Bmem =  420 MB Rmem =  105 MB T = 2.87
 INIT-R <-- Site =   72 ..  Bmem =  420 MB Rmem =  105 MB T = 2.83
 INIT-R <-- Site =   71 ..  Bmem =  420 MB Rmem =  105 MB T = 2.83
 INIT-R <-- Site =   70 ..  Bmem =  420 MB Rmem =  105 MB T = 2.82
 INIT-R <-- Site =   69 ..  Bmem =  420 MB Rmem =  105 MB T = 2.84
 INIT-R <-- Site =   68 ..  Bmem =  420 MB Rmem =  105 MB T = 2.87
 INIT-R <-- Site =   67 ..  Bmem =  420 MB Rmem =  105 MB T = 2.85
 INIT-R <-- Site =   66 ..  Bmem =  420 MB Rmem =  105 MB T = 2.84
 INIT-R <-- Site =   65 ..  Bmem =  420 MB Rmem =  105 MB T = 2.82
 INIT-R <-- Site =   64 ..  Bmem =  420 MB Rmem =  105 MB T = 2.85
 INIT-R <-- Site =   63 ..  Bmem =  420 MB Rmem =  105 MB T = 2.82
 INIT-R <-- Site =   62 ..  Bmem =  412 MB Rmem =  103 MB T = 2.80
 INIT-R <-- Site =   61 ..  Bmem =  412 MB Rmem =  103 MB T = 2.74
 INIT-R <-- Site =   60 ..  Bmem =  404 MB Rmem =  101 MB T = 2.69
 INIT-R <-- Site =   59 ..  Bmem =  397 MB Rmem = 99.2 MB T = 2.63
 INIT-R <-- Site =   58 ..  Bmem =  397 MB Rmem = 99.2 MB T = 2.63
 INIT-R <-- Site =   57 ..  Bmem =  397 MB Rmem = 99.2 MB T = 2.61
 INIT-R <-- Site =   56 ..  Bmem =  397 MB Rmem = 99.2 MB T = 2.63
 INIT-R <-- Site =   55 ..  Bmem =  397 MB Rmem = 99.2 MB T = 2.62
 INIT-R <-- Site =   54 ..  Bmem =  397 MB Rmem = 99.2 MB T = 2.68
 INIT-R <-- Site =   53 ..  Bmem =  397 MB Rmem = 99.2 MB T = 2.62
 INIT-R <-- Site =   52 ..  Bmem =  389 MB Rmem = 97.3 MB T = 2.56
 INIT-R <-- Site =   51 ..  Bmem =  381 MB Rmem = 95.4 MB T = 2.51
 INIT-R <-- Site =   50 ..  Bmem =  381 MB Rmem = 95.4 MB T = 2.50
 INIT-R <-- Site =   49 ..  Bmem =  374 MB Rmem = 93.5 MB T = 2.49
 INIT-R <-- Site =   48 ..  Bmem =  374 MB Rmem = 93.5 MB T = 2.40
 INIT-R <-- Site =   47 ..  Bmem =  366 MB Rmem = 91.6 MB T = 2.35
 INIT-R <-- Site =   46 ..  Bmem =  359 MB Rmem = 89.6 MB T = 2.28
 INIT-R <-- Site =   45 ..  Bmem =  359 MB Rmem = 89.6 MB T = 2.29
 INIT-R <-- Site =   44 ..  Bmem =  351 MB Rmem = 87.7 MB T = 2.23
 INIT-R <-- Site =   43 ..  Bmem =  343 MB Rmem = 85.8 MB T = 2.16
 INIT-R <-- Site =   42 ..  Bmem =  351 MB Rmem = 87.7 MB T = 2.18
 INIT-R <-- Site =   41 ..  Bmem =  343 MB Rmem = 85.8 MB T = 2.15
 INIT-R <-- Site =   40 ..  Bmem =  336 MB Rmem = 83.9 MB T = 2.08
 INIT-R <-- Site =   39 ..  Bmem =  328 MB Rmem = 82.0 MB T = 2.01
 INIT-R <-- Site =   38 ..  Bmem =  320 MB Rmem = 80.1 MB T = 1.95
 INIT-R <-- Site =   37 ..  Bmem =  313 MB Rmem = 78.2 MB T = 1.90
 INIT-R <-- Site =   36 ..  Bmem =  305 MB Rmem = 76.3 MB T = 1.82
 INIT-R <-- Site =   35 ..  Bmem =  298 MB Rmem = 74.4 MB T = 1.76
 INIT-R <-- Site =   34 ..  Bmem =  290 MB Rmem = 72.5 MB T = 1.68
 INIT-R <-- Site =   33 ..  Bmem =  282 MB Rmem = 70.6 MB T = 1.63
 INIT-R <-- Site =   32 ..  Bmem =  275 MB Rmem = 68.7 MB T = 1.57
 INIT-R <-- Site =   31 ..  Bmem =  267 MB Rmem = 66.8 MB T = 1.52
 INIT-R <-- Site =   30 ..  Bmem =  259 MB Rmem = 64.8 MB T = 1.52
 INIT-R <-- Site =   29 ..  Bmem =  252 MB Rmem = 62.9 MB T = 1.40
 INIT-R <-- Site =   28 ..  Bmem =  244 MB Rmem = 61.0 MB T = 1.37
 INIT-R <-- Site =   27 ..  Bmem =  237 MB Rmem = 59.1 MB T = 1.29
 INIT-R <-- Site =   26 ..  Bmem =  229 MB Rmem = 57.2 MB T = 1.27
 INIT-R <-- Site =   25 ..  Bmem =  221 MB Rmem = 55.3 MB T = 1.24
 INIT-R <-- Site =   24 ..  Bmem =  214 MB Rmem = 53.4 MB T = 1.14
 INIT-R <-- Site =   23 ..  Bmem =  206 MB Rmem = 51.5 MB T = 1.09
 INIT-R <-- Site =   22 ..  Bmem =  198 MB Rmem = 49.6 MB T = 1.03
 INIT-R <-- Site =   21 ..  Bmem =  191 MB Rmem = 47.7 MB T = 0.96
 INIT-R <-- Site =   20 ..  Bmem =  183 MB Rmem = 45.8 MB T = 0.92
 INIT-R <-- Site =   19 ..  Bmem =  175 MB Rmem = 43.9 MB T = 0.88
 INIT-R <-- Site =   18 ..  Bmem =  168 MB Rmem = 42.0 MB T = 0.83
 INIT-R <-- Site =   17 ..  Bmem =  160 MB Rmem = 40.1 MB T = 0.79
 INIT-R <-- Site =   16 ..  Bmem =  153 MB Rmem = 38.1 MB T = 0.78
 INIT-R <-- Site =   15 ..  Bmem =  145 MB Rmem = 36.2 MB T = 0.68
 INIT-R <-- Site =   14 ..  Bmem =  137 MB Rmem = 34.3 MB T = 0.67
 INIT-R <-- Site =   13 ..  Bmem =  130 MB Rmem = 32.4 MB T = 0.59
 INIT-R <-- Site =   12 ..  Bmem =  122 MB Rmem = 30.5 MB T = 0.56
 INIT-R <-- Site =   11 ..  Bmem =  114 MB Rmem = 28.6 MB T = 0.51
 INIT-R <-- Site =   10 ..  Bmem =  107 MB Rmem = 26.7 MB T = 0.48
 INIT-R <-- Site =    9 ..  Bmem = 99.2 MB Rmem = 24.8 MB T = 0.44
 INIT-R <-- Site =    8 ..  Bmem = 91.6 MB Rmem = 22.9 MB T = 0.41
 INIT-R <-- Site =    7 ..  Bmem = 83.9 MB Rmem = 5.50 MB T = 0.19
 INIT-R <-- Site =    6 ..  Bmem = 20.0 MB Rmem = 1.25 MB T = 0.04
 INIT-R <-- Site =    5 ..  Bmem = 4.50 MB Rmem =  288 KB T = 0.01
 INIT-R <-- Site =    4 ..  Bmem = 1.00 MB Rmem = 64.0 KB T = 0.01
 INIT-R <-- Site =    3 ..  Bmem =  224 KB Rmem = 14.0 KB T = 0.01
 INIT-R <-- Site =    2 ..  Bmem = 48.0 KB Rmem = 3.00 KB T = 0.00
 INIT-R <-- Site =    1 ..  Bmem = 10.0 KB Rmem =   640 B T = 0.01
 INIT-R <-- Site =    0 ..  Bmem = 2.00 KB Rmem =   128 B T = 0.00
Time init sweep =      305.950 | MaxBmem =  427 MB | MaxRmem =  107 MB
 | Tread = 0.000 | Twrite = 28.429 | Tfpread = 0.000 | Tfpwrite = 18.608 | data = 11.9 GB | cpsd = 7.71 GB | Tasync = 0.000


Sweep =    0 | Direction =  forward | Bond dimension =   15 | Noise =  1.00e-04 | Dav threshold =  1.00e-10
 --> Site =    0 .. Mmps =    2 Ndav =   4 E =   -144.8293754430 Error = 0.00e+00 FLOPS = 2.03e+04 Tdav = 0.01 T = 0.05
 --> Site =    1 .. Mmps =    4 Ndav =  11 E =   -144.9208105684 Error = 0.00e+00 FLOPS = 2.11e+07 Tdav = 0.00 T = 0.03
 --> Site =    2 .. Mmps =    8 Ndav =  15 E =   -145.0762877071 Error = 0.00e+00 FLOPS = 1.39e+08 Tdav = 0.00 T = 0.03
 --> Site =    3 .. Mmps =   15 Ndav =  21 E =   -145.1934103648 Error = 8.20e-14 FLOPS = 7.02e+08 Tdav = 0.00 T = 0.03
 --> Site =    4 .. Mmps =   15 Ndav =  20 E =   -145.3587244106 Error = 1.97e-08 FLOPS = 2.87e+09 Tdav = 0.00 T = 0.04
 --> Site =    5 .. Mmps =   15 Ndav =  25 E =   -145.4624606818 Error = 6.92e-07 FLOPS = 3.96e+09 Tdav = 0.01 T = 0.04
 --> Site =    6 .. Mmps =   15 Ndav =  22 E =   -145.6078890892 Error = 1.96e-06 FLOPS = 6.56e+09 Tdav = 0.02 T = 0.06
 --> Site =    7 .. Mmps =   15 Ndav =  24 E =   -145.7159103149 Error = 1.17e-05 FLOPS = 8.56e+09 Tdav = 0.06 T = 0.12
 --> Site =    8 .. Mmps =   15 Ndav =  23 E =   -145.8844861599 Error = 2.07e-05 FLOPS = 1.11e+10 Tdav = 0.18 T = 0.32
 --> Site =    9 .. Mmps =   15 Ndav =  25 E =   -145.9850202097 Error = 2.97e-05 FLOPS = 1.07e+10 Tdav = 0.22 T = 0.38
 --> Site =   10 .. Mmps =   15 Ndav =  22 E =   -146.0909815699 Error = 4.21e-05 FLOPS = 1.22e+10 Tdav = 0.19 T = 0.34
 --> Site =   11 .. Mmps =   15 Ndav =  24 E =   -146.1736425573 Error = 2.35e-05 FLOPS = 1.17e+10 Tdav = 0.23 T = 0.39
 --> Site =   12 .. Mmps =   15 Ndav =  22 E =   -146.2422271284 Error = 4.72e-05 FLOPS = 1.26e+10 Tdav = 0.21 T = 0.40
 --> Site =   13 .. Mmps =   15 Ndav =  21 E =   -146.2987560485 Error = 8.87e-06 FLOPS = 1.32e+10 Tdav = 0.20 T = 0.40
 --> Site =   14 .. Mmps =   15 Ndav =  24 E =   -146.4334956269 Error = 4.11e-05 FLOPS = 1.24e+10 Tdav = 0.26 T = 0.46
 --> Site =   15 .. Mmps =   15 Ndav =  21 E =   -146.5308605020 Error = 5.83e-06 FLOPS = 1.36e+10 Tdav = 0.22 T = 0.44
 --> Site =   16 .. Mmps =   15 Ndav =  25 E =   -146.8111180870 Error = 1.19e-05 FLOPS = 1.25e+10 Tdav = 0.30 T = 0.52
 --> Site =   17 .. Mmps =   15 Ndav =  22 E =   -146.9279460438 Error = 2.60e-06 FLOPS = 1.36e+10 Tdav = 0.26 T = 0.47
 --> Site =   18 .. Mmps =   15 Ndav =  26 E =   -147.1649062668 Error = 6.78e-06 FLOPS = 1.26e+10 Tdav = 0.34 T = 0.56
 --> Site =   19 .. Mmps =   15 Ndav =  22 E =   -147.2664358080 Error = 1.55e-06 FLOPS = 1.39e+10 Tdav = 0.28 T = 0.51
 --> Site =   20 .. Mmps =   15 Ndav =  27 E =   -147.4721362215 Error = 3.91e-06 FLOPS = 1.27e+10 Tdav = 0.39 T = 0.64
 --> Site =   21 .. Mmps =   15 Ndav =  22 E =   -147.5616817174 Error = 1.45e-06 FLOPS = 1.41e+10 Tdav = 0.30 T = 0.55
 --> Site =   22 .. Mmps =   15 Ndav =  27 E =   -147.7585328097 Error = 2.50e-06 FLOPS = 1.30e+10 Tdav = 0.41 T = 0.68
 --> Site =   23 .. Mmps =   15 Ndav =  22 E =   -147.7991122137 Error = 4.49e-07 FLOPS = 1.44e+10 Tdav = 0.32 T = 0.62
 --> Site =   24 .. Mmps =   15 Ndav =  24 E =   -147.9479429133 Error = 3.89e-06 FLOPS = 1.40e+10 Tdav = 0.37 T = 0.63
 --> Site =   25 .. Mmps =   15 Ndav =  20 E =   -147.9658395515 Error = 3.73e-07 FLOPS = 1.51e+10 Tdav = 0.30 T = 0.62
 --> Site =   26 .. Mmps =   15 Ndav =  23 E =   -148.0019057290 Error = 5.30e-06 FLOPS = 1.45e+10 Tdav = 0.37 T = 0.65
 --> Site =   27 .. Mmps =   15 Ndav =  21 E =   -148.0292810978 Error = 1.01e-06 FLOPS = 1.51e+10 Tdav = 0.33 T = 0.63
 --> Site =   28 .. Mmps =   15 Ndav =  25 E =   -148.1133073230 Error = 7.23e-06 FLOPS = 1.42e+10 Tdav = 0.43 T = 0.73
 --> Site =   29 .. Mmps =   15 Ndav =  23 E =   -148.1970263143 Error = 1.45e-06 FLOPS = 1.48e+10 Tdav = 0.40 T = 0.70
 --> Site =   30 .. Mmps =   15 Ndav =  28 E =   -148.4446642688 Error = 1.43e-05 FLOPS = 1.38e+10 Tdav = 0.53 T = 0.85
 --> Site =   31 .. Mmps =   15 Ndav =  26 E =   -148.5461105610 Error = 2.70e-06 FLOPS = 1.43e+10 Tdav = 0.49 T = 0.81
 --> Site =   32 .. Mmps =   15 Ndav =  30 E =   -148.8012954497 Error = 1.65e-05 FLOPS = 1.35e+10 Tdav = 0.62 T = 0.94
 --> Site =   33 .. Mmps =   15 Ndav =  27 E =   -149.0043296206 Error = 2.76e-06 FLOPS = 1.43e+10 Tdav = 0.54 T = 0.88
 --> Site =   34 .. Mmps =   15 Ndav =  29 E =   -149.1566789746 Error = 1.40e-05 FLOPS = 1.39e+10 Tdav = 0.61 T = 1.03
 --> Site =   35 .. Mmps =   15 Ndav =  28 E =   -149.2814823910 Error = 3.63e-06 FLOPS = 1.42e+10 Tdav = 0.59 T = 0.94
 --> Site =   36 .. Mmps =   15 Ndav =  27 E =   -149.3955712625 Error = 1.06e-05 FLOPS = 1.45e+10 Tdav = 0.58 T = 0.93
 --> Site =   37 .. Mmps =   15 Ndav =  26 E =   -149.4290451110 Error = 4.57e-06 FLOPS = 1.48e+10 Tdav = 0.56 T = 0.96
 --> Site =   38 .. Mmps =   15 Ndav =  27 E =   -149.5010224204 Error = 9.80e-06 FLOPS = 1.47e+10 Tdav = 0.60 T = 0.96
 --> Site =   39 .. Mmps =   15 Ndav =  24 E =   -149.5368558990 Error = 3.61e-06 FLOPS = 1.54e+10 Tdav = 0.52 T = 0.88
 --> Site =   40 .. Mmps =   15 Ndav =  30 E =   -149.6541897156 Error = 8.85e-06 FLOPS = 1.43e+10 Tdav = 0.72 T = 1.11
 --> Site =   41 .. Mmps =   15 Ndav =  27 E =   -149.8224428408 Error = 2.27e-06 FLOPS = 1.49e+10 Tdav = 0.63 T = 1.02
 --> Site =   42 .. Mmps =   15 Ndav =  31 E =   -150.3609585106 Error = 5.24e-06 FLOPS = 1.42e+10 Tdav = 0.78 T = 1.17
 --> Site =   43 .. Mmps =   15 Ndav =  24 E =   -150.4413112870 Error = 6.89e-07 FLOPS = 1.55e+10 Tdav = 0.54 T = 0.95
 --> Site =   44 .. Mmps =   15 Ndav =  28 E =   -150.9392218776 Error = 4.42e-06 FLOPS = 1.48e+10 Tdav = 0.68 T = 1.07
 --> Site =   45 .. Mmps =   15 Ndav =  22 E =   -151.0148990310 Error = 5.17e-07 FLOPS = 1.60e+10 Tdav = 0.50 T = 0.90
 --> Site =   46 .. Mmps =   15 Ndav =  26 E =   -151.5566855500 Error = 2.69e-06 FLOPS = 1.52e+10 Tdav = 0.62 T = 1.08
 --> Site =   47 .. Mmps =   15 Ndav =  21 E =   -151.6292854625 Error = 4.00e-07 FLOPS = 1.62e+10 Tdav = 0.49 T = 0.94
 --> Site =   48 .. Mmps =   15 Ndav =  27 E =   -152.3327828477 Error = 1.29e-06 FLOPS = 1.52e+10 Tdav = 0.68 T = 1.11
 --> Site =   49 .. Mmps =   15 Ndav =  21 E =   -152.3598763637 Error = 1.03e-07 FLOPS = 1.62e+10 Tdav = 0.49 T = 0.91
 --> Site =   50 .. Mmps =   15 Ndav =  24 E =   -152.4902416264 Error = 1.94e-06 FLOPS = 1.57e+10 Tdav = 0.59 T = 1.01
 --> Site =   51 .. Mmps =   15 Ndav =  20 E =   -152.5040091839 Error = 3.88e-07 FLOPS = 1.64e+10 Tdav = 0.48 T = 0.95
 --> Site =   52 .. Mmps =   15 Ndav =  23 E =   -152.5344869213 Error = 2.66e-06 FLOPS = 1.60e+10 Tdav = 0.57 T = 1.11
 --> Site =   53 .. Mmps =   15 Ndav =  22 E =   -152.5531764679 Error = 1.41e-06 FLOPS = 1.62e+10 Tdav = 0.55 T = 1.00
 --> Site =   54 .. Mmps =   15 Ndav =  26 E =   -152.6159250374 Error = 4.21e-06 FLOPS = 1.55e+10 Tdav = 0.68 T = 1.15
 --> Site =   55 .. Mmps =   15 Ndav =  23 E =   -152.6669747030 Error = 7.93e-07 FLOPS = 1.60e+10 Tdav = 0.58 T = 1.02
 --> Site =   56 .. Mmps =   15 Ndav =  28 E =   -152.8269856728 Error = 1.16e-05 FLOPS = 1.51e+10 Tdav = 0.75 T = 1.36
 --> Site =   57 .. Mmps =   15 Ndav =  26 E =   -152.9496944460 Error = 1.98e-06 FLOPS = 1.55e+10 Tdav = 0.68 T = 1.17
 --> Site =   58 .. Mmps =   15 Ndav =  30 E =   -153.1515648172 Error = 1.27e-05 FLOPS = 1.47e+10 Tdav = 0.83 T = 1.32
 --> Site =   59 .. Mmps =   15 Ndav =  26 E =   -153.3406105064 Error = 1.38e-06 FLOPS = 1.54e+10 Tdav = 0.68 T = 1.16
 --> Site =   60 .. Mmps =   15 Ndav =  31 E =   -153.5371886307 Error = 1.70e-05 FLOPS = 1.47e+10 Tdav = 0.87 T = 1.42
 --> Site =   61 .. Mmps =   15 Ndav =  27 E =   -153.6707764437 Error = 1.56e-06 FLOPS = 1.54e+10 Tdav = 0.74 T = 1.19
 --> Site =   62 .. Mmps =   15 Ndav =  27 E =   -153.7906604670 Error = 2.04e-05 FLOPS = 1.54e+10 Tdav = 0.74 T = 1.21
 --> Site =   63 .. Mmps =   15 Ndav =  26 E =   -153.8299343278 Error = 7.54e-06 FLOPS = 1.56e+10 Tdav = 0.71 T = 1.17
 --> Site =   64 .. Mmps =   15 Ndav =  26 E =   -153.8958317448 Error = 1.34e-05 FLOPS = 1.57e+10 Tdav = 0.71 T = 1.17
 --> Site =   65 .. Mmps =   15 Ndav =  24 E =   -153.9267402249 Error = 4.85e-06 FLOPS = 1.60e+10 Tdav = 0.64 T = 1.13
 --> Site =   66 .. Mmps =   15 Ndav =  28 E =   -154.0710441652 Error = 1.34e-05 FLOPS = 1.53e+10 Tdav = 0.78 T = 1.32
 --> Site =   67 .. Mmps =   15 Ndav =  27 E =   -154.2112038442 Error = 2.70e-06 FLOPS = 1.55e+10 Tdav = 0.75 T = 1.27
 --> Site =   68 .. Mmps =   15 Ndav =  31 E =   -154.7438956913 Error = 7.22e-06 FLOPS = 1.48e+10 Tdav = 0.90 T = 1.35
 --> Site =   69 .. Mmps =   15 Ndav =  25 E =   -154.8164659401 Error = 9.36e-07 FLOPS = 1.58e+10 Tdav = 0.68 T = 1.17
 --> Site =   70 .. Mmps =   15 Ndav =  28 E =   -155.3244874220 Error = 4.61e-06 FLOPS = 1.53e+10 Tdav = 0.78 T = 1.23
 --> Site =   71 .. Mmps =   15 Ndav =  23 E =   -155.3765481724 Error = 6.33e-07 FLOPS = 1.61e+10 Tdav = 0.61 T = 1.07
 --> Site =   72 .. Mmps =   15 Ndav =  26 E =   -155.9044890590 Error = 3.49e-06 FLOPS = 1.57e+10 Tdav = 0.71 T = 1.28
 --> Site =   73 .. Mmps =   15 Ndav =  22 E =   -155.9800683856 Error = 3.87e-07 FLOPS = 1.63e+10 Tdav = 0.58 T = 1.18
 --> Site =   74 .. Mmps =   15 Ndav =  28 E =   -156.6460325963 Error = 1.52e-06 FLOPS = 1.53e+10 Tdav = 0.80 T = 1.45
 --> Site =   75 .. Mmps =   15 Ndav =  22 E =   -156.6660326569 Error = 2.39e-07 FLOPS = 1.63e+10 Tdav = 0.59 T = 1.21
 --> Site =   76 .. Mmps =   15 Ndav =  24 E =   -156.7965366497 Error = 2.21e-06 FLOPS = 1.60e+10 Tdav = 0.64 T = 1.10
 --> Site =   77 .. Mmps =   15 Ndav =  20 E =   -156.8091156778 Error = 4.06e-07 FLOPS = 1.66e+10 Tdav = 0.53 T = 0.98
 --> Site =   78 .. Mmps =   15 Ndav =  23 E =   -156.8400020296 Error = 3.07e-06 FLOPS = 1.61e+10 Tdav = 0.61 T = 1.10
 --> Site =   79 .. Mmps =   15 Ndav =  23 E =   -156.8563573873 Error = 1.64e-06 FLOPS = 1.61e+10 Tdav = 0.62 T = 1.07
 --> Site =   80 .. Mmps =   15 Ndav =  26 E =   -156.9222607653 Error = 4.86e-06 FLOPS = 1.56e+10 Tdav = 0.73 T = 1.20
 --> Site =   81 .. Mmps =   15 Ndav =  23 E =   -156.9764096004 Error = 9.91e-07 FLOPS = 1.61e+10 Tdav = 0.61 T = 1.07
 --> Site =   82 .. Mmps =   15 Ndav =  28 E =   -157.1621998551 Error = 1.29e-05 FLOPS = 1.53e+10 Tdav = 0.79 T = 1.38
 --> Site =   83 .. Mmps =   15 Ndav =  26 E =   -157.3085470627 Error = 2.23e-06 FLOPS = 1.56e+10 Tdav = 0.71 T = 1.25
 --> Site =   84 .. Mmps =   15 Ndav =  30 E =   -157.5185220229 Error = 1.29e-05 FLOPS = 1.50e+10 Tdav = 0.86 T = 1.31
 --> Site =   85 .. Mmps =   15 Ndav =  28 E =   -157.7051274371 Error = 1.51e-06 FLOPS = 1.53e+10 Tdav = 0.79 T = 1.23
 --> Site =   86 .. Mmps =   15 Ndav =  31 E =   -157.9160071558 Error = 1.70e-05 FLOPS = 1.48e+10 Tdav = 0.90 T = 1.38
 --> Site =   87 .. Mmps =   15 Ndav =  27 E =   -158.0391984295 Error = 1.52e-06 FLOPS = 1.54e+10 Tdav = 0.77 T = 1.23
 --> Site =   88 .. Mmps =   15 Ndav =  29 E =   -158.1663362913 Error = 1.96e-05 FLOPS = 1.51e+10 Tdav = 0.84 T = 1.32
 --> Site =   89 .. Mmps =   15 Ndav =  26 E =   -158.2040592198 Error = 7.36e-06 FLOPS = 1.56e+10 Tdav = 0.73 T = 1.20
 --> Site =   90 .. Mmps =   15 Ndav =  26 E =   -158.2729307934 Error = 1.34e-05 FLOPS = 1.56e+10 Tdav = 0.73 T = 1.19
 --> Site =   91 .. Mmps =   15 Ndav =  24 E =   -158.2999248092 Error = 4.97e-06 FLOPS = 1.60e+10 Tdav = 0.65 T = 1.11
 --> Site =   92 .. Mmps =   15 Ndav =  28 E =   -158.4321518481 Error = 1.19e-05 FLOPS = 1.53e+10 Tdav = 0.80 T = 1.27
 --> Site =   93 .. Mmps =   15 Ndav =  27 E =   -158.5641149748 Error = 3.04e-06 FLOPS = 1.54e+10 Tdav = 0.77 T = 1.22
 --> Site =   94 .. Mmps =   15 Ndav =  31 E =   -159.1023307421 Error = 7.18e-06 FLOPS = 1.48e+10 Tdav = 0.90 T = 1.35
 --> Site =   95 .. Mmps =   15 Ndav =  24 E =   -159.1548905198 Error = 9.81e-07 FLOPS = 1.60e+10 Tdav = 0.65 T = 1.10
 --> Site =   96 .. Mmps =   15 Ndav =  27 E =   -159.6042324339 Error = 5.40e-06 FLOPS = 1.55e+10 Tdav = 0.75 T = 1.22
 --> Site =   97 .. Mmps =   15 Ndav =  24 E =   -159.6706343862 Error = 6.46e-07 FLOPS = 1.59e+10 Tdav = 0.65 T = 1.11
 --> Site =   98 .. Mmps =   15 Ndav =  27 E =   -160.1811641222 Error = 3.85e-06 FLOPS = 1.54e+10 Tdav = 0.75 T = 1.24
 --> Site =   99 .. Mmps =   15 Ndav =  21 E =   -160.2529151866 Error = 4.19e-07 FLOPS = 1.63e+10 Tdav = 0.55 T = 1.01
 --> Site =  100 .. Mmps =   15 Ndav =  29 E =   -160.9747265581 Error = 1.62e-06 FLOPS = 1.51e+10 Tdav = 0.83 T = 1.30
 --> Site =  101 .. Mmps =   15 Ndav =  22 E =   -160.9966573288 Error = 2.37e-07 FLOPS = 1.61e+10 Tdav = 0.58 T = 1.09
 --> Site =  102 .. Mmps =   15 Ndav =  26 E =   -161.1294225520 Error = 2.22e-06 FLOPS = 1.55e+10 Tdav = 0.72 T = 1.25
 --> Site =  103 .. Mmps =   15 Ndav =  21 E =   -161.1429722244 Error = 4.71e-07 FLOPS = 1.64e+10 Tdav = 0.54 T = 0.99
 --> Site =  104 .. Mmps =   15 Ndav =  24 E =   -161.1772313686 Error = 3.37e-06 FLOPS = 1.59e+10 Tdav = 0.64 T = 1.09
 --> Site =  105 .. Mmps =   15 Ndav =  23 E =   -161.1936532761 Error = 1.75e-06 FLOPS = 1.61e+10 Tdav = 0.60 T = 1.06
 --> Site =  106 .. Mmps =   15 Ndav =  27 E =   -161.2538957825 Error = 5.30e-06 FLOPS = 1.54e+10 Tdav = 0.73 T = 1.20
 --> Site =  107 .. Mmps =   15 Ndav =  24 E =   -161.2897556223 Error = 9.60e-07 FLOPS = 1.58e+10 Tdav = 0.61 T = 1.05
 --> Site =  108 .. Mmps =   15 Ndav =  30 E =   -161.5614339817 Error = 1.63e-05 FLOPS = 1.48e+10 Tdav = 0.82 T = 1.31
 --> Site =  109 .. Mmps =   15 Ndav =  26 E =   -161.6598537199 Error = 2.76e-06 FLOPS = 1.55e+10 Tdav = 0.68 T = 1.11
 --> Site =  110 .. Mmps =   15 Ndav =  31 E =   -161.8940605950 Error = 2.09e-05 FLOPS = 1.46e+10 Tdav = 0.86 T = 1.30
 --> Site =  111 .. Mmps =   15 Ndav =  27 E =   -162.1379754804 Error = 1.77e-06 FLOPS = 1.53e+10 Tdav = 0.71 T = 1.17
 --> Site =  112 .. Mmps =   15 Ndav =  31 E =   -162.3184028751 Error = 2.14e-05 FLOPS = 1.46e+10 Tdav = 0.86 T = 1.28
 --> Site =  113 .. Mmps =   15 Ndav =  28 E =   -162.4576435227 Error = 2.79e-06 FLOPS = 1.52e+10 Tdav = 0.75 T = 1.18
 --> Site =  114 .. Mmps =   15 Ndav =  29 E =   -162.5874962422 Error = 2.30e-05 FLOPS = 1.50e+10 Tdav = 0.78 T = 1.21
 --> Site =  115 .. Mmps =   15 Ndav =  26 E =   -162.6189686260 Error = 7.72e-06 FLOPS = 1.55e+10 Tdav = 0.67 T = 1.20
 --> Site =  116 .. Mmps =   15 Ndav =  27 E =   -162.6803303113 Error = 1.62e-05 FLOPS = 1.52e+10 Tdav = 0.69 T = 1.11
 --> Site =  117 .. Mmps =   15 Ndav =  25 E =   -162.7105864076 Error = 6.12e-06 FLOPS = 1.56e+10 Tdav = 0.62 T = 1.20
 --> Site =  118 .. Mmps =   15 Ndav =  31 E =   -162.8260005920 Error = 1.67e-05 FLOPS = 1.44e+10 Tdav = 0.82 T = 1.24
 --> Site =  119 .. Mmps =   15 Ndav =  29 E =   -162.9958968627 Error = 3.05e-06 FLOPS = 1.47e+10 Tdav = 0.74 T = 1.16
 --> Site =  120 .. Mmps =   15 Ndav =  31 E =   -163.5008072641 Error = 9.93e-06 FLOPS = 1.44e+10 Tdav = 0.81 T = 1.28
 --> Site =  121 .. Mmps =   15 Ndav =  25 E =   -163.5707856594 Error = 8.22e-07 FLOPS = 1.55e+10 Tdav = 0.59 T = 0.99
 --> Site =  122 .. Mmps =   15 Ndav =  26 E =   -163.8480458786 Error = 9.16e-06 FLOPS = 1.53e+10 Tdav = 0.62 T = 1.02
 --> Site =  123 .. Mmps =   15 Ndav =  23 E =   -163.8991364685 Error = 1.43e-06 FLOPS = 1.57e+10 Tdav = 0.52 T = 0.91
 --> Site =  124 .. Mmps =   15 Ndav =  25 E =   -164.1331937672 Error = 1.24e-05 FLOPS = 1.53e+10 Tdav = 0.57 T = 0.95
 --> Site =  125 .. Mmps =   15 Ndav =  22 E =   -164.1770741310 Error = 1.83e-06 FLOPS = 1.59e+10 Tdav = 0.49 T = 0.88
 --> Site =  126 .. Mmps =   15 Ndav =  25 E =   -164.6305037482 Error = 4.82e-06 FLOPS = 1.53e+10 Tdav = 0.57 T = 0.96
 --> Site =  127 .. Mmps =   15 Ndav =  20 E =   -164.6565307949 Error = 4.15e-07 FLOPS = 1.61e+10 Tdav = 0.42 T = 0.82
 --> Site =  128 .. Mmps =   15 Ndav =  23 E =   -164.7793266374 Error = 5.59e-06 FLOPS = 1.56e+10 Tdav = 0.49 T = 0.87
 --> Site =  129 .. Mmps =   15 Ndav =  22 E =   -164.8003805190 Error = 9.88e-07 FLOPS = 1.57e+10 Tdav = 0.46 T = 0.82
 --> Site =  130 .. Mmps =   15 Ndav =  22 E =   -164.8211854740 Error = 8.44e-06 FLOPS = 1.56e+10 Tdav = 0.45 T = 0.80
 --> Site =  131 .. Mmps =   15 Ndav =  20 E =   -164.8369751282 Error = 3.44e-06 FLOPS = 1.59e+10 Tdav = 0.39 T = 0.74
 --> Site =  132 .. Mmps =   15 Ndav =  24 E =   -164.8728278439 Error = 1.15e-05 FLOPS = 1.50e+10 Tdav = 0.48 T = 0.83
 --> Site =  133 .. Mmps =   15 Ndav =  20 E =   -164.8938821461 Error = 1.63e-06 FLOPS = 1.58e+10 Tdav = 0.37 T = 0.71
 --> Site =  134 .. Mmps =   15 Ndav =  24 E =   -164.9393202997 Error = 2.61e-05 FLOPS = 1.49e+10 Tdav = 0.46 T = 0.79
 --> Site =  135 .. Mmps =   15 Ndav =  21 E =   -164.9656969380 Error = 3.58e-06 FLOPS = 1.54e+10 Tdav = 0.38 T = 0.70
 --> Site =  136 .. Mmps =   15 Ndav =  25 E =   -165.0385937665 Error = 4.11e-05 FLOPS = 1.45e+10 Tdav = 0.47 T = 0.86
 --> Site =  137 .. Mmps =   15 Ndav =  22 E =   -165.0656576747 Error = 5.19e-06 FLOPS = 1.51e+10 Tdav = 0.38 T = 0.70
 --> Site =  138 .. Mmps =   15 Ndav =  24 E =   -165.1284655255 Error = 6.19e-05 FLOPS = 1.46e+10 Tdav = 0.42 T = 0.73
 --> Site =  139 .. Mmps =   15 Ndav =  22 E =   -165.1789400774 Error = 8.88e-06 FLOPS = 1.49e+10 Tdav = 0.36 T = 0.66
 --> Site =  140 .. Mmps =   15 Ndav =  25 E =   -165.2706014035 Error = 5.78e-05 FLOPS = 1.41e+10 Tdav = 0.42 T = 0.71
 --> Site =  141 .. Mmps =   15 Ndav =  22 E =   -165.3115786615 Error = 1.22e-05 FLOPS = 1.47e+10 Tdav = 0.34 T = 0.63
 --> Site =  142 .. Mmps =   15 Ndav =  23 E =   -165.3490469440 Error = 5.34e-05 FLOPS = 1.43e+10 Tdav = 0.36 T = 0.73
 --> Site =  143 .. Mmps =   15 Ndav =  22 E =   -165.3643688739 Error = 9.62e-06 FLOPS = 1.44e+10 Tdav = 0.33 T = 0.85
 --> Site =  144 .. Mmps =   15 Ndav =  25 E =   -165.4029878034 Error = 6.78e-05 FLOPS = 1.36e+10 Tdav = 0.38 T = 0.66
 --> Site =  145 .. Mmps =   15 Ndav =  24 E =   -165.4224361069 Error = 8.57e-06 FLOPS = 1.37e+10 Tdav = 0.35 T = 0.60
 --> Site =  146 .. Mmps =   15 Ndav =  25 E =   -165.4613526770 Error = 9.05e-05 FLOPS = 1.33e+10 Tdav = 0.36 T = 0.61
 --> Site =  147 .. Mmps =   15 Ndav =  26 E =   -165.4792685332 Error = 1.74e-05 FLOPS = 1.29e+10 Tdav = 0.37 T = 0.61
 --> Site =  148 .. Mmps =   15 Ndav =  25 E =   -165.5152519973 Error = 1.01e-04 FLOPS = 1.30e+10 Tdav = 0.34 T = 0.58
 --> Site =  149 .. Mmps =   15 Ndav =  26 E =   -165.5265946756 Error = 2.12e-05 FLOPS = 1.26e+10 Tdav = 0.34 T = 0.62
 --> Site =  150 .. Mmps =   15 Ndav =  25 E =   -165.5519121899 Error = 1.22e-04 FLOPS = 1.27e+10 Tdav = 0.31 T = 0.55
 --> Site =  151 .. Mmps =   15 Ndav =  26 E =   -165.5587233770 Error = 2.95e-05 FLOPS = 1.22e+10 Tdav = 0.32 T = 0.53
 --> Site =  152 .. Mmps =   15 Ndav =  25 E =   -165.5722517528 Error = 1.88e-04 FLOPS = 1.23e+10 Tdav = 0.29 T = 0.49
 --> Site =  153 .. Mmps =   15 Ndav =  20 E =   -165.5756839948 Error = 3.33e-05 FLOPS = 1.37e+10 Tdav = 0.20 T = 0.39
 --> Site =  154 .. Mmps =   15 Ndav =  22 E =   -165.5805824142 Error = 1.70e-04 FLOPS = 1.28e+10 Tdav = 0.22 T = 0.50
 --> Site =  155 .. Mmps =   15 Ndav =  17 E =   -165.5799705355 Error = 5.01e-06 FLOPS = 1.43e+10 Tdav = 0.14 T = 0.35
 --> Site =  156 .. Mmps =   15 Ndav =  19 E =   -165.5804696241 Error = 1.89e-05 FLOPS = 1.34e+10 Tdav = 0.16 T = 0.33
 --> Site =  157 .. Mmps =   15 Ndav =  18 E =   -165.5805524786 Error = 2.08e-06 FLOPS = 1.34e+10 Tdav = 0.14 T = 0.33
 --> Site =  158 .. Mmps =   15 Ndav =  18 E =   -165.5806174111 Error = 9.23e-06 FLOPS = 1.32e+10 Tdav = 0.13 T = 0.27
 --> Site =  159 .. Mmps =   15 Ndav =  16 E =   -165.5805384014 Error = 5.61e-07 FLOPS = 1.39e+10 Tdav = 0.10 T = 0.24
 --> Site =  160 .. Mmps =   15 Ndav =  13 E =   -165.5805654889 Error = 1.27e-06 FLOPS = 1.40e+10 Tdav = 0.02 T = 0.08
 --> Site =  161 .. Mmps =   15 Ndav =  12 E =   -165.5805541977 Error = 4.04e-08 FLOPS = 1.09e+10 Tdav = 0.01 T = 0.04
 --> Site =  162 .. Mmps =   15 Ndav =   6 E =   -165.5805537114 Error = 8.68e-09 FLOPS = 9.80e+09 Tdav = 0.00 T = 0.03
 --> Site =  163 .. Mmps =   15 Ndav =   5 E =   -165.5805535931 Error = 8.87e-10 FLOPS = 5.23e+09 Tdav = 0.00 T = 0.03
 --> Site =  164 .. Mmps =   15 Ndav =   3 E =   -165.5805535788 Error = 7.66e-14 FLOPS = 2.47e+09 Tdav = 0.00 T = 0.03
 --> Site =  165 .. Mmps =   15 Ndav =   1 E =   -165.5805535788 Error = 1.71e-26 FLOPS = 8.17e+08 Tdav = 0.00 T = 0.03
 --> Site =  166 .. Mmps =   15 Ndav =   1 E =   -165.5805535788 Error = 1.68e-54 FLOPS = 3.89e+08 Tdav = 0.00 T = 0.03
 --> Site =  167 .. Mmps =   15 Ndav =   1 E =   -165.5805535788 Error = 2.85e-81 FLOPS = 1.60e+08 Tdav = 0.00 T = 0.03
 --> Site =  168 .. Mmps =   15 Ndav =   1 E =   -165.5805535788 Error = 2.25e-114 FLOPS = 4.52e+07 Tdav = 0.00 T = 0.03
Time elapsed =    142.603 | E =    -165.5806174111 | DW = 1.88356e-04
Time sweep =      142.603 | 1.14 TFLOP/SWP
 | Dmem = 107 MB (0%) | Imem = 232 B (79%) | Hmem = 107 MB | Wmem = 117 KB | Pmem = 117 KB
 | Tread = 45.977 | Twrite = 0.993 | Tfpread = 44.943 | Tfpwrite = 0.021 | Tmporead = 0.000 | Tasync = 0.000
 | data = 11.1 MB | cpsd = 8.63 MB
 | Trot = 0.026 | Tctr = 0.006 | Tint = 0.007 | Tmid = 0.000 | Tdctr = 0.145 | Tdiag = 0.090 | Tinfo = 0.331
 | Teff = 52.337 | Tprt = 0.259 | Teig = 83.290 | Tblk = 140.150 | Tmve = 2.441 | Tdm = 0.011 | Tsplt = 0.026 | Tsvd = 0.000 | Torth = 0.000

Sweep =    1 | Direction = backward | Bond dimension =   15 | Noise =  1.00e-04 | Dav threshold =  1.00e-10
 <-- Site =  168 .. Mmps =    2 Ndav =   1 E =   -165.5805535788 Error = 0.00e+00 FLOPS = 4.37e+07 Tdav = 0.00 T = 0.02
 <-- Site =  167 .. Mmps =    4 Ndav =   1 E =   -165.5805535788 Error = 0.00e+00 FLOPS = 1.48e+08 Tdav = 0.00 T = 0.04
 <-- Site =  166 .. Mmps =    8 Ndav =   1 E =   -165.5805535788 Error = 0.00e+00 FLOPS = 3.62e+08 Tdav = 0.00 T = 0.04
 <-- Site =  165 .. Mmps =   15 Ndav =   1 E =   -165.5805535788 Error = 0.00e+00 FLOPS = 7.59e+08 Tdav = 0.00 T = 0.03
 <-- Site =  164 .. Mmps =   15 Ndav =   1 E =   -165.5805535788 Error = 1.48e-20 FLOPS = 1.20e+09 Tdav = 0.00 T = 0.03
 <-- Site =  163 .. Mmps =   15 Ndav =   4 E =   -165.5805535801 Error = 6.31e-20 FLOPS = 2.70e+09 Tdav = 0.00 T = 0.03
 <-- Site =  162 .. Mmps =   15 Ndav =   4 E =   -165.5805535832 Error = 8.97e-20 FLOPS = 2.95e+09 Tdav = 0.00 T = 0.03
 <-- Site =  161 .. Mmps =   15 Ndav =   6 E =   -165.5805536041 Error = 3.46e-19 FLOPS = 3.54e+09 Tdav = 0.00 T = 0.03
 <-- Site =  160 .. Mmps =   15 Ndav =   7 E =   -165.5805543450 Error = 7.05e-19 FLOPS = 3.87e+09 Tdav = 0.00 T = 0.03
 <-- Site =  159 .. Mmps =   15 Ndav =  10 E =   -165.5805547349 Error = 3.82e-19 FLOPS = 3.77e+09 Tdav = 0.00 T = 0.03
 <-- Site =  158 .. Mmps =   15 Ndav =   9 E =   -165.5805600873 Error = 3.37e-18 FLOPS = 4.16e+09 Tdav = 0.00 T = 0.03
 <-- Site =  157 .. Mmps =   15 Ndav =  10 E =   -165.5805612087 Error = 9.40e-19 FLOPS = 4.20e+09 Tdav = 0.00 T = 0.03
 <-- Site =  156 .. Mmps =   15 Ndav =   8 E =   -165.5805652090 Error = 2.42e-18 FLOPS = 4.59e+09 Tdav = 0.00 T = 0.03
 <-- Site =  155 .. Mmps =   15 Ndav =   9 E =   -165.5805670667 Error = 8.15e-19 FLOPS = 4.56e+09 Tdav = 0.00 T = 0.03
 <-- Site =  154 .. Mmps =   15 Ndav =  11 E =   -165.5805920830 Error = 2.18e-18 FLOPS = 4.46e+09 Tdav = 0.00 T = 0.03
 <-- Site =  153 .. Mmps =   15 Ndav =  11 E =   -165.5806002556 Error = 5.94e-19 FLOPS = 4.57e+09 Tdav = 0.00 T = 0.03
 <-- Site =  152 .. Mmps =   15 Ndav =  12 E =   -165.5806975673 Error = 4.96e-18 FLOPS = 4.59e+09 Tdav = 0.00 T = 0.03
 <-- Site =  151 .. Mmps =   15 Ndav =  13 E =   -165.5807881699 Error = 6.28e-19 FLOPS = 4.57e+09 Tdav = 0.00 T = 0.03
 <-- Site =  150 .. Mmps =   15 Ndav =  13 E =   -165.5809050750 Error = 4.82e-18 FLOPS = 4.66e+09 Tdav = 0.00 T = 0.03
 <-- Site =  149 .. Mmps =   15 Ndav =  13 E =   -165.5809643451 Error = 9.52e-19 FLOPS = 4.82e+09 Tdav = 0.00 T = 0.04
 <-- Site =  148 .. Mmps =   15 Ndav =  13 E =   -165.5811281045 Error = 2.50e-18 FLOPS = 4.98e+09 Tdav = 0.00 T = 0.04
 <-- Site =  147 .. Mmps =   15 Ndav =  12 E =   -165.5811708133 Error = 1.54e-18 FLOPS = 5.24e+09 Tdav = 0.00 T = 0.03
 <-- Site =  146 .. Mmps =   15 Ndav =  12 E =   -165.5812934078 Error = 1.88e-18 FLOPS = 5.35e+09 Tdav = 0.00 T = 0.03
 <-- Site =  145 .. Mmps =   15 Ndav =  11 E =   -165.5813182055 Error = 2.89e-19 FLOPS = 5.60e+09 Tdav = 0.00 T = 0.03
 <-- Site =  144 .. Mmps =   15 Ndav =  12 E =   -165.5815561484 Error = 7.70e-19 FLOPS = 5.53e+09 Tdav = 0.00 T = 0.04
 <-- Site =  143 .. Mmps =   15 Ndav =  11 E =   -165.5815862674 Error = 3.80e-19 FLOPS = 5.74e+09 Tdav = 0.00 T = 0.04
 <-- Site =  142 .. Mmps =   15 Ndav =  11 E =   -165.5817784157 Error = 8.71e-17 FLOPS = 5.78e+09 Tdav = 0.00 T = 0.06
 <-- Site =  141 .. Mmps =   15 Ndav =  11 E =   -165.5818341471 Error = 4.52e-19 FLOPS = 5.81e+09 Tdav = 0.00 T = 0.06
 <-- Site =  140 .. Mmps =   15 Ndav =  11 E =   -165.5821367529 Error = 2.46e-18 FLOPS = 5.90e+09 Tdav = 0.00 T = 0.04
 <-- Site =  139 .. Mmps =   15 Ndav =  10 E =   -165.5822464318 Error = 1.23e-19 FLOPS = 6.11e+09 Tdav = 0.00 T = 0.09
 <-- Site =  138 .. Mmps =   15 Ndav =  12 E =   -165.5825579433 Error = 1.13e-18 FLOPS = 5.96e+09 Tdav = 0.00 T = 0.07
 <-- Site =  137 .. Mmps =   15 Ndav =  12 E =   -165.5826087586 Error = 5.03e-19 FLOPS = 5.99e+09 Tdav = 0.00 T = 0.06
 <-- Site =  136 .. Mmps =   15 Ndav =  12 E =   -165.5828923126 Error = 2.29e-18 FLOPS = 6.06e+09 Tdav = 0.00 T = 0.05
 <-- Site =  135 .. Mmps =   15 Ndav =  12 E =   -165.5829347599 Error = 1.34e-19 FLOPS = 6.11e+09 Tdav = 0.00 T = 0.09
 <-- Site =  134 .. Mmps =   15 Ndav =  12 E =   -165.5830707372 Error = 1.86e-18 FLOPS = 6.28e+09 Tdav = 0.00 T = 0.05
 <-- Site =  133 .. Mmps =   15 Ndav =  11 E =   -165.5830927915 Error = 8.51e-20 FLOPS = 6.46e+09 Tdav = 0.00 T = 0.05
 <-- Site =  132 .. Mmps =   15 Ndav =  13 E =   -165.5832053858 Error = 3.84e-18 FLOPS = 6.27e+09 Tdav = 0.00 T = 0.10
 <-- Site =  131 .. Mmps =   15 Ndav =  13 E =   -165.5832382818 Error = 4.72e-19 FLOPS = 6.26e+09 Tdav = 0.00 T = 0.05
 <-- Site =  130 .. Mmps =   15 Ndav =  12 E =   -165.5832991386 Error = 4.17e-19 FLOPS = 6.50e+09 Tdav = 0.00 T = 0.05
 <-- Site =  129 .. Mmps =   15 Ndav =  12 E =   -165.5833409070 Error = 6.93e-19 FLOPS = 6.55e+09 Tdav = 0.00 T = 0.09
 <-- Site =  128 .. Mmps =   15 Ndav =  11 E =   -165.5834002129 Error = 1.30e-18 FLOPS = 6.76e+09 Tdav = 0.00 T = 0.05
 <-- Site =  127 .. Mmps =   15 Ndav =  12 E =   -165.5834521070 Error = 8.26e-19 FLOPS = 6.70e+09 Tdav = 0.00 T = 0.06
 <-- Site =  126 .. Mmps =   15 Ndav =  13 E =   -165.5835654392 Error = 1.64e-17 FLOPS = 6.57e+09 Tdav = 0.00 T = 0.09
 <-- Site =  125 .. Mmps =   15 Ndav =  11 E =   -165.5835785811 Error = 1.06e-19 FLOPS = 6.88e+09 Tdav = 0.00 T = 0.06
 <-- Site =  124 .. Mmps =   15 Ndav =  11 E =   -165.5836574826 Error = 4.31e-18 FLOPS = 6.84e+09 Tdav = 0.00 T = 0.05
 <-- Site =  123 .. Mmps =   15 Ndav =  11 E =   -165.5836671730 Error = 1.51e-18 FLOPS = 6.91e+09 Tdav = 0.00 T = 0.06
 <-- Site =  122 .. Mmps =   15 Ndav =  10 E =   -165.5837854254 Error = 3.28e-18 FLOPS = 7.08e+09 Tdav = 0.00 T = 0.05
 <-- Site =  121 .. Mmps =   15 Ndav =  11 E =   -165.5838069549 Error = 1.41e-19 FLOPS = 6.98e+09 Tdav = 0.00 T = 0.06
 <-- Site =  120 .. Mmps =   15 Ndav =  11 E =   -165.5840444571 Error = 4.55e-18 FLOPS = 7.03e+09 Tdav = 0.00 T = 0.06
 <-- Site =  119 .. Mmps =   15 Ndav =  12 E =   -165.5842163748 Error = 2.36e-19 FLOPS = 6.80e+09 Tdav = 0.00 T = 0.06
 <-- Site =  118 .. Mmps =   15 Ndav =  13 E =   -165.5862221897 Error = 5.56e-19 FLOPS = 6.79e+09 Tdav = 0.00 T = 0.06
 <-- Site =  117 .. Mmps =   15 Ndav =  14 E =   -165.5866432927 Error = 2.05e-19 FLOPS = 6.64e+09 Tdav = 0.00 T = 0.06
 <-- Site =  116 .. Mmps =   15 Ndav =  13 E =   -165.5882859084 Error = 1.66e-16 FLOPS = 6.81e+09 Tdav = 0.00 T = 0.05
 <-- Site =  115 .. Mmps =   15 Ndav =  16 E =   -165.5888190891 Error = 8.33e-19 FLOPS = 6.44e+09 Tdav = 0.00 T = 0.06
 <-- Site =  114 .. Mmps =   15 Ndav =  15 E =   -165.5920089795 Error = 6.75e-18 FLOPS = 6.64e+09 Tdav = 0.00 T = 0.07
 <-- Site =  113 .. Mmps =   15 Ndav =  13 E =   -165.5922885941 Error = 2.64e-19 FLOPS = 6.95e+09 Tdav = 0.00 T = 0.06
 <-- Site =  112 .. Mmps =   15 Ndav =  15 E =   -165.5967165188 Error = 6.82e-17 FLOPS = 6.62e+09 Tdav = 0.00 T = 0.06
 <-- Site =  111 .. Mmps =   15 Ndav =  13 E =   -165.5968624496 Error = 6.15e-20 FLOPS = 6.83e+09 Tdav = 0.00 T = 0.07
 <-- Site =  110 .. Mmps =   15 Ndav =  13 E =   -165.5988047232 Error = 1.83e-18 FLOPS = 6.93e+09 Tdav = 0.00 T = 0.05
 <-- Site =  109 .. Mmps =   15 Ndav =  12 E =   -165.5990031265 Error = 9.35e-20 FLOPS = 7.08e+09 Tdav = 0.00 T = 0.07
 <-- Site =  108 .. Mmps =   15 Ndav =  13 E =   -165.5998641537 Error = 2.38e-18 FLOPS = 6.92e+09 Tdav = 0.00 T = 0.05
 <-- Site =  107 .. Mmps =   15 Ndav =  12 E =   -165.5999526441 Error = 1.29e-19 FLOPS = 7.00e+09 Tdav = 0.00 T = 0.06
 <-- Site =  106 .. Mmps =   15 Ndav =  14 E =   -165.6004473231 Error = 1.85e-18 FLOPS = 6.83e+09 Tdav = 0.00 T = 0.06
 <-- Site =  105 .. Mmps =   15 Ndav =  15 E =   -165.6005815002 Error = 4.18e-18 FLOPS = 6.70e+09 Tdav = 0.00 T = 0.06
 <-- Site =  104 .. Mmps =   15 Ndav =  14 E =   -165.6009542593 Error = 2.16e-17 FLOPS = 6.88e+09 Tdav = 0.00 T = 0.06
 <-- Site =  103 .. Mmps =   15 Ndav =  13 E =   -165.6011215633 Error = 2.45e-18 FLOPS = 6.97e+09 Tdav = 0.00 T = 0.07
 <-- Site =  102 .. Mmps =   15 Ndav =  13 E =   -165.6013643724 Error = 9.75e-19 FLOPS = 7.04e+09 Tdav = 0.00 T = 0.06
 <-- Site =  101 .. Mmps =   15 Ndav =  13 E =   -165.6015230087 Error = 1.67e-19 FLOPS = 7.01e+09 Tdav = 0.00 T = 0.07
 <-- Site =  100 .. Mmps =   15 Ndav =  13 E =   -165.6018215761 Error = 7.13e-18 FLOPS = 7.06e+09 Tdav = 0.00 T = 0.07
 <-- Site =   99 .. Mmps =   15 Ndav =  12 E =   -165.6018545177 Error = 7.47e-19 FLOPS = 7.18e+09 Tdav = 0.00 T = 0.07
 <-- Site =   98 .. Mmps =   15 Ndav =  12 E =   -165.6020985908 Error = 4.70e-18 FLOPS = 7.16e+09 Tdav = 0.00 T = 0.06
 <-- Site =   97 .. Mmps =   15 Ndav =  12 E =   -165.6021147314 Error = 9.68e-20 FLOPS = 7.11e+09 Tdav = 0.00 T = 0.06
 <-- Site =   96 .. Mmps =   15 Ndav =  12 E =   -165.6022979261 Error = 1.75e-18 FLOPS = 7.10e+09 Tdav = 0.00 T = 0.07
 <-- Site =   95 .. Mmps =   15 Ndav =  12 E =   -165.6023573067 Error = 1.42e-19 FLOPS = 7.10e+09 Tdav = 0.00 T = 0.06
 <-- Site =   94 .. Mmps =   15 Ndav =  12 E =   -165.6028169740 Error = 7.41e-17 FLOPS = 7.21e+09 Tdav = 0.00 T = 0.06
 <-- Site =   93 .. Mmps =   15 Ndav =  13 E =   -165.6029901128 Error = 6.75e-19 FLOPS = 7.04e+09 Tdav = 0.00 T = 0.06
 <-- Site =   92 .. Mmps =   15 Ndav =  14 E =   -165.6055380585 Error = 6.69e-18 FLOPS = 6.89e+09 Tdav = 0.00 T = 0.06
 <-- Site =   91 .. Mmps =   15 Ndav =  14 E =   -165.6060051960 Error = 2.25e-18 FLOPS = 6.84e+09 Tdav = 0.00 T = 0.06
 <-- Site =   90 .. Mmps =   15 Ndav =  14 E =   -165.6081217689 Error = 1.98e-17 FLOPS = 6.90e+09 Tdav = 0.00 T = 0.14
 <-- Site =   89 .. Mmps =   15 Ndav =  16 E =   -165.6088781499 Error = 4.24e-19 FLOPS = 6.61e+09 Tdav = 0.00 T = 0.09
 <-- Site =   88 .. Mmps =   15 Ndav =  16 E =   -165.6126872749 Error = 8.87e-18 FLOPS = 6.63e+09 Tdav = 0.00 T = 0.06
 <-- Site =   87 .. Mmps =   15 Ndav =  13 E =   -165.6130292078 Error = 9.19e-19 FLOPS = 7.02e+09 Tdav = 0.00 T = 0.07
 <-- Site =   86 .. Mmps =   15 Ndav =  15 E =   -165.6182767853 Error = 4.29e-17 FLOPS = 6.71e+09 Tdav = 0.00 T = 0.07
 <-- Site =   85 .. Mmps =   15 Ndav =  13 E =   -165.6185663619 Error = 7.09e-20 FLOPS = 7.03e+09 Tdav = 0.00 T = 0.06
 <-- Site =   84 .. Mmps =   15 Ndav =  14 E =   -165.6211678582 Error = 1.82e-17 FLOPS = 6.89e+09 Tdav = 0.00 T = 0.06
 <-- Site =   83 .. Mmps =   15 Ndav =  13 E =   -165.6213095986 Error = 1.23e-19 FLOPS = 7.02e+09 Tdav = 0.00 T = 0.06
 <-- Site =   82 .. Mmps =   15 Ndav =  13 E =   -165.6226583139 Error = 1.47e-17 FLOPS = 7.03e+09 Tdav = 0.00 T = 0.06
 <-- Site =   81 .. Mmps =   15 Ndav =  12 E =   -165.6227838774 Error = 1.79e-19 FLOPS = 7.20e+09 Tdav = 0.00 T = 0.06
 <-- Site =   80 .. Mmps =   15 Ndav =  14 E =   -165.6234713083 Error = 3.46e-18 FLOPS = 6.96e+09 Tdav = 0.00 T = 0.06
 <-- Site =   79 .. Mmps =   15 Ndav =  16 E =   -165.6236510311 Error = 9.12e-19 FLOPS = 6.64e+09 Tdav = 0.00 T = 0.06
 <-- Site =   78 .. Mmps =   15 Ndav =  14 E =   -165.6240678545 Error = 4.84e-17 FLOPS = 6.95e+09 Tdav = 0.00 T = 0.06
 <-- Site =   77 .. Mmps =   15 Ndav =  14 E =   -165.6242424867 Error = 2.26e-18 FLOPS = 6.95e+09 Tdav = 0.00 T = 0.06
 <-- Site =   76 .. Mmps =   15 Ndav =  12 E =   -165.6244965514 Error = 3.85e-17 FLOPS = 7.20e+09 Tdav = 0.00 T = 0.07
 <-- Site =   75 .. Mmps =   15 Ndav =  13 E =   -165.6246474452 Error = 3.02e-19 FLOPS = 7.08e+09 Tdav = 0.00 T = 0.06
 <-- Site =   74 .. Mmps =   15 Ndav =  12 E =   -165.6248750459 Error = 1.16e-17 FLOPS = 7.24e+09 Tdav = 0.00 T = 0.05
 <-- Site =   73 .. Mmps =   15 Ndav =  12 E =   -165.6249066678 Error = 7.94e-20 FLOPS = 7.22e+09 Tdav = 0.00 T = 0.06
 <-- Site =   72 .. Mmps =   15 Ndav =  12 E =   -165.6251508293 Error = 1.44e-18 FLOPS = 7.17e+09 Tdav = 0.00 T = 0.06
 <-- Site =   71 .. Mmps =   15 Ndav =  12 E =   -165.6251711629 Error = 5.77e-20 FLOPS = 7.17e+09 Tdav = 0.00 T = 0.06
 <-- Site =   70 .. Mmps =   15 Ndav =  12 E =   -165.6253425703 Error = 1.56e-17 FLOPS = 7.15e+09 Tdav = 0.00 T = 0.06
 <-- Site =   69 .. Mmps =   15 Ndav =  12 E =   -165.6254019965 Error = 1.43e-18 FLOPS = 7.16e+09 Tdav = 0.00 T = 0.06
 <-- Site =   68 .. Mmps =   15 Ndav =  12 E =   -165.6258812656 Error = 9.19e-18 FLOPS = 7.09e+09 Tdav = 0.00 T = 0.06
 <-- Site =   67 .. Mmps =   15 Ndav =  13 E =   -165.6260576221 Error = 1.88e-19 FLOPS = 6.98e+09 Tdav = 0.00 T = 0.06
 <-- Site =   66 .. Mmps =   15 Ndav =  14 E =   -165.6291353661 Error = 5.77e-18 FLOPS = 6.89e+09 Tdav = 0.00 T = 0.06
 <-- Site =   65 .. Mmps =   15 Ndav =  14 E =   -165.6297068585 Error = 1.41e-18 FLOPS = 6.86e+09 Tdav = 0.00 T = 0.06
 <-- Site =   64 .. Mmps =   15 Ndav =  14 E =   -165.6318754574 Error = 2.61e-18 FLOPS = 6.92e+09 Tdav = 0.00 T = 0.06
 <-- Site =   63 .. Mmps =   15 Ndav =  16 E =   -165.6325700731 Error = 8.24e-19 FLOPS = 6.61e+09 Tdav = 0.00 T = 0.06
 <-- Site =   62 .. Mmps =   15 Ndav =  15 E =   -165.6368254504 Error = 2.94e-17 FLOPS = 6.76e+09 Tdav = 0.00 T = 0.06
 <-- Site =   61 .. Mmps =   15 Ndav =  12 E =   -165.6371149572 Error = 9.49e-20 FLOPS = 7.18e+09 Tdav = 0.00 T = 0.06
 <-- Site =   60 .. Mmps =   15 Ndav =  15 E =   -165.6419702575 Error = 1.19e-17 FLOPS = 6.70e+09 Tdav = 0.00 T = 0.05
 <-- Site =   59 .. Mmps =   15 Ndav =  14 E =   -165.6422625381 Error = 5.73e-19 FLOPS = 6.84e+09 Tdav = 0.00 T = 0.05
 <-- Site =   58 .. Mmps =   15 Ndav =  14 E =   -165.6450183347 Error = 7.78e-17 FLOPS = 6.84e+09 Tdav = 0.00 T = 0.05
 <-- Site =   57 .. Mmps =   15 Ndav =  13 E =   -165.6451732224 Error = 8.18e-20 FLOPS = 6.95e+09 Tdav = 0.00 T = 0.05
 <-- Site =   56 .. Mmps =   15 Ndav =  13 E =   -165.6463957863 Error = 5.10e-19 FLOPS = 6.96e+09 Tdav = 0.00 T = 0.07
 <-- Site =   55 .. Mmps =   15 Ndav =  12 E =   -165.6465472175 Error = 1.11e-19 FLOPS = 7.06e+09 Tdav = 0.00 T = 0.06
 <-- Site =   54 .. Mmps =   15 Ndav =  14 E =   -165.6472723373 Error = 3.86e-17 FLOPS = 6.80e+09 Tdav = 0.00 T = 0.06
 <-- Site =   53 .. Mmps =   15 Ndav =  16 E =   -165.6474287221 Error = 1.10e-18 FLOPS = 6.48e+09 Tdav = 0.00 T = 0.08
 <-- Site =   52 .. Mmps =   15 Ndav =  14 E =   -165.6478558131 Error = 3.91e-17 FLOPS = 6.78e+09 Tdav = 0.00 T = 0.05
 <-- Site =   51 .. Mmps =   15 Ndav =  14 E =   -165.6480497481 Error = 2.34e-18 FLOPS = 6.72e+09 Tdav = 0.00 T = 0.06
 <-- Site =   50 .. Mmps =   15 Ndav =  13 E =   -165.6482657437 Error = 1.00e-17 FLOPS = 6.83e+09 Tdav = 0.00 T = 0.05
 <-- Site =   49 .. Mmps =   15 Ndav =  13 E =   -165.6483266128 Error = 9.11e-20 FLOPS = 6.78e+09 Tdav = 0.00 T = 0.05
 <-- Site =   48 .. Mmps =   15 Ndav =  13 E =   -165.6484963004 Error = 2.84e-18 FLOPS = 6.78e+09 Tdav = 0.00 T = 0.06
 <-- Site =   47 .. Mmps =   15 Ndav =  12 E =   -165.6485210178 Error = 4.16e-19 FLOPS = 6.85e+09 Tdav = 0.00 T = 0.05
 <-- Site =   46 .. Mmps =   15 Ndav =  11 E =   -165.6487257871 Error = 1.43e-16 FLOPS = 6.96e+09 Tdav = 0.00 T = 0.06
 <-- Site =   45 .. Mmps =   15 Ndav =  12 E =   -165.6487390783 Error = 1.24e-19 FLOPS = 6.78e+09 Tdav = 0.00 T = 0.05
 <-- Site =   44 .. Mmps =   15 Ndav =  13 E =   -165.6488970472 Error = 1.77e-17 FLOPS = 6.67e+09 Tdav = 0.00 T = 0.05
 <-- Site =   43 .. Mmps =   15 Ndav =  12 E =   -165.6489398175 Error = 2.55e-20 FLOPS = 6.73e+09 Tdav = 0.00 T = 0.05
 <-- Site =   42 .. Mmps =   15 Ndav =  13 E =   -165.6493466726 Error = 8.40e-17 FLOPS = 6.68e+09 Tdav = 0.00 T = 0.05
 <-- Site =   41 .. Mmps =   15 Ndav =  13 E =   -165.6494895792 Error = 6.91e-19 FLOPS = 6.64e+09 Tdav = 0.00 T = 0.05
 <-- Site =   40 .. Mmps =   15 Ndav =  13 E =   -165.6508894525 Error = 2.01e-17 FLOPS = 6.60e+09 Tdav = 0.00 T = 0.04
 <-- Site =   39 .. Mmps =   15 Ndav =  15 E =   -165.6512562324 Error = 6.05e-19 FLOPS = 6.17e+09 Tdav = 0.00 T = 0.04
 <-- Site =   38 .. Mmps =   15 Ndav =  14 E =   -165.6526406049 Error = 2.19e-19 FLOPS = 6.28e+09 Tdav = 0.00 T = 0.05
 <-- Site =   37 .. Mmps =   15 Ndav =  15 E =   -165.6529216324 Error = 3.95e-19 FLOPS = 6.10e+09 Tdav = 0.00 T = 0.05
 <-- Site =   36 .. Mmps =   15 Ndav =  14 E =   -165.6548267414 Error = 9.96e-17 FLOPS = 6.23e+09 Tdav = 0.00 T = 0.04
 <-- Site =   35 .. Mmps =   15 Ndav =  14 E =   -165.6552856869 Error = 6.40e-19 FLOPS = 6.13e+09 Tdav = 0.00 T = 0.05
 <-- Site =   34 .. Mmps =   15 Ndav =  15 E =   -165.6580000091 Error = 8.41e-18 FLOPS = 5.95e+09 Tdav = 0.00 T = 0.05
 <-- Site =   33 .. Mmps =   15 Ndav =  15 E =   -165.6583581554 Error = 2.53e-19 FLOPS = 5.85e+09 Tdav = 0.00 T = 0.04
 <-- Site =   32 .. Mmps =   15 Ndav =  15 E =   -165.6603814607 Error = 1.33e-18 FLOPS = 5.79e+09 Tdav = 0.00 T = 0.04
 <-- Site =   31 .. Mmps =   15 Ndav =  15 E =   -165.6606661006 Error = 9.61e-19 FLOPS = 5.71e+09 Tdav = 0.00 T = 0.04
 <-- Site =   30 .. Mmps =   15 Ndav =  15 E =   -165.6622431694 Error = 2.16e-17 FLOPS = 5.66e+09 Tdav = 0.00 T = 0.04
 <-- Site =   29 .. Mmps =   15 Ndav =  13 E =   -165.6623567327 Error = 2.51e-19 FLOPS = 5.95e+09 Tdav = 0.00 T = 0.04
 <-- Site =   28 .. Mmps =   15 Ndav =  13 E =   -165.6630301215 Error = 7.60e-17 FLOPS = 5.84e+09 Tdav = 0.00 T = 0.04
 <-- Site =   27 .. Mmps =   15 Ndav =  14 E =   -165.6631124632 Error = 3.44e-19 FLOPS = 5.57e+09 Tdav = 0.00 T = 0.04
 <-- Site =   26 .. Mmps =   15 Ndav =  12 E =   -165.6635388524 Error = 6.88e-18 FLOPS = 5.69e+09 Tdav = 0.00 T = 0.04
 <-- Site =   25 .. Mmps =   15 Ndav =  11 E =   -165.6636106839 Error = 1.87e-18 FLOPS = 5.89e+09 Tdav = 0.00 T = 0.04
 <-- Site =   24 .. Mmps =   15 Ndav =  12 E =   -165.6638472351 Error = 1.52e-17 FLOPS = 5.59e+09 Tdav = 0.00 T = 0.03
 <-- Site =   23 .. Mmps =   15 Ndav =  13 E =   -165.6640560529 Error = 2.49e-19 FLOPS = 5.41e+09 Tdav = 0.00 T = 0.03
 <-- Site =   22 .. Mmps =   15 Ndav =  13 E =   -165.6644558818 Error = 8.56e-19 FLOPS = 5.30e+09 Tdav = 0.00 T = 0.03
 <-- Site =   21 .. Mmps =   15 Ndav =  14 E =   -165.6649410235 Error = 7.09e-19 FLOPS = 5.02e+09 Tdav = 0.00 T = 0.03
 <-- Site =   20 .. Mmps =   15 Ndav =  14 E =   -165.6654037066 Error = 1.22e-18 FLOPS = 4.97e+09 Tdav = 0.00 T = 0.03
 <-- Site =   19 .. Mmps =   15 Ndav =  14 E =   -165.6656924831 Error = 2.95e-18 FLOPS = 4.78e+09 Tdav = 0.00 T = 0.03
 <-- Site =   18 .. Mmps =   15 Ndav =  14 E =   -165.6665048250 Error = 4.31e-18 FLOPS = 4.67e+09 Tdav = 0.00 T = 0.04
 <-- Site =   17 .. Mmps =   15 Ndav =  14 E =   -165.6667562254 Error = 5.10e-19 FLOPS = 4.55e+09 Tdav = 0.00 T = 0.03
 <-- Site =   16 .. Mmps =   15 Ndav =  14 E =   -165.6671915282 Error = 2.22e-18 FLOPS = 4.46e+09 Tdav = 0.00 T = 0.03
 <-- Site =   15 .. Mmps =   15 Ndav =  13 E =   -165.6672490113 Error = 1.02e-18 FLOPS = 4.46e+09 Tdav = 0.00 T = 0.05
 <-- Site =   14 .. Mmps =   15 Ndav =  12 E =   -165.6674900838 Error = 2.85e-18 FLOPS = 4.55e+09 Tdav = 0.00 T = 0.03
 <-- Site =   13 .. Mmps =   15 Ndav =  12 E =   -165.6675503377 Error = 3.07e-19 FLOPS = 4.38e+09 Tdav = 0.00 T = 0.03
 <-- Site =   12 .. Mmps =   15 Ndav =  12 E =   -165.6679680053 Error = 1.60e-16 FLOPS = 4.27e+09 Tdav = 0.00 T = 0.03
 <-- Site =   11 .. Mmps =   15 Ndav =  14 E =   -165.6683991865 Error = 2.61e-18 FLOPS = 3.75e+09 Tdav = 0.00 T = 0.03
 <-- Site =   10 .. Mmps =   15 Ndav =  12 E =   -165.6689964856 Error = 6.38e-17 FLOPS = 3.91e+09 Tdav = 0.00 T = 0.03
 <-- Site =    9 .. Mmps =   15 Ndav =  15 E =   -165.6692717732 Error = 3.09e-19 FLOPS = 3.22e+09 Tdav = 0.00 T = 0.03
 <-- Site =    8 .. Mmps =   15 Ndav =  12 E =   -165.6695406906 Error = 1.91e-17 FLOPS = 3.50e+09 Tdav = 0.00 T = 0.03
 <-- Site =    7 .. Mmps =   15 Ndav =  15 E =   -165.6697330110 Error = 5.37e-19 FLOPS = 2.83e+09 Tdav = 0.00 T = 0.03
 <-- Site =    6 .. Mmps =   15 Ndav =  12 E =   -165.6698049920 Error = 3.07e-17 FLOPS = 2.99e+09 Tdav = 0.00 T = 0.03
 <-- Site =    5 .. Mmps =   15 Ndav =  14 E =   -165.6698291721 Error = 3.04e-19 FLOPS = 2.53e+09 Tdav = 0.00 T = 0.03
 <-- Site =    4 .. Mmps =   15 Ndav =  10 E =   -165.6698346894 Error = 3.15e-17 FLOPS = 2.77e+09 Tdav = 0.00 T = 0.03
 <-- Site =    3 .. Mmps =   15 Ndav =   5 E =   -165.6698347022 Error = 7.34e-26 FLOPS = 1.31e+09 Tdav = 0.00 T = 0.02
 <-- Site =    2 .. Mmps =   15 Ndav =   1 E =   -165.6698347022 Error = 5.18e-54 FLOPS = 2.06e+08 Tdav = 0.00 T = 0.02
 <-- Site =    1 .. Mmps =   15 Ndav =   1 E =   -165.6698347022 Error = 1.23e-57 FLOPS = 1.20e+08 Tdav = 0.00 T = 0.03
 <-- Site =    0 .. Mmps =   13 Ndav =   1 E =   -165.6698347022 Error = 0.00e+00 FLOPS = 5.44e+07 Tdav = 0.00 T = 0.02
Time elapsed =    151.100 | E =    -165.6698347022 | DE = -8.92e-02 | DW = 1.66046e-16
Time sweep =        8.497 | 1.54 GFLOP/SWP
 | Dmem = 102 KB (3%) | Imem = 232 B (79%) | Hmem = 485 KB | Wmem = 3.52 KB | Pmem = 3.52 KB
 | Tread = 0.169 | Twrite = 0.882 | Tfpread = 0.032 | Tfpwrite = 0.020 | Tmporead = 0.000 | Tasync = 0.000
 | data = 11.1 MB | cpsd = 7.64 MB
 | Trot = 0.028 | Tctr = 0.417 | Tint = 0.007 | Tmid = 0.000 | Tdctr = 0.006 | Tdiag = 0.019 | Tinfo = 0.328
 | Teff = 2.076 | Tprt = 0.140 | Teig = 0.259 | Tblk = 6.180 | Tmve = 2.306 | Tdm = 0.002 | Tsplt = 0.018 | Tsvd = 0.000 | Torth = 0.000

Sweep =    2 | Direction =  forward | Bond dimension =   15 | Noise =  1.00e-04 | Dav threshold =  1.00e-10
 --> Site =    0 .. Mmps =    2 Ndav =   1 E =   -165.6698347022 Error = 0.00e+00 FLOPS = 4.49e+07 Tdav = 0.00 T = 0.02
 --> Site =    1 .. Mmps =    4 Ndav =   1 E =   -165.6698347022 Error = 0.00e+00 FLOPS = 9.52e+07 Tdav = 0.00 T = 0.03
 --> Site =    2 .. Mmps =    8 Ndav =   1 E =   -165.6698347022 Error = 0.00e+00 FLOPS = 2.38e+08 Tdav = 0.00 T = 0.02
 --> Site =    3 .. Mmps =   15 Ndav =   1 E =   -165.6698347022 Error = 1.19e-23 FLOPS = 5.44e+08 Tdav = 0.00 T = 0.03
 --> Site =    4 .. Mmps =   15 Ndav =   2 E =   -165.6698347023 Error = 7.16e-21 FLOPS = 1.81e+09 Tdav = 0.00 T = 0.02
 --> Site =    5 .. Mmps =   15 Ndav =   5 E =   -165.6698347124 Error = 1.18e-19 FLOPS = 2.87e+09 Tdav = 0.00 T = 0.02
 --> Site =    6 .. Mmps =   15 Ndav =   7 E =   -165.6698350624 Error = 1.29e-20 FLOPS = 3.31e+09 Tdav = 0.00 T = 0.02
 --> Site =    7 .. Mmps =   15 Ndav =  11 E =   -165.6698362073 Error = 8.99e-20 FLOPS = 3.20e+09 Tdav = 0.00 T = 0.03
 --> Site =    8 .. Mmps =   15 Ndav =  10 E =   -165.6698488173 Error = 6.59e-19 FLOPS = 3.61e+09 Tdav = 0.00 T = 0.03
 --> Site =    9 .. Mmps =   15 Ndav =  12 E =   -165.6698520107 Error = 1.81e-18 FLOPS = 3.54e+09 Tdav = 0.00 T = 0.03
 --> Site =   10 .. Mmps =   15 Ndav =  11 E =   -165.6699072843 Error = 1.36e-18 FLOPS = 3.85e+09 Tdav = 0.00 T = 0.03
 --> Site =   11 .. Mmps =   15 Ndav =  12 E =   -165.6699117998 Error = 1.54e-18 FLOPS = 3.87e+09 Tdav = 0.00 T = 0.03
 --> Site =   12 .. Mmps =   15 Ndav =   8 E =   -165.6699172217 Error = 1.62e-18 FLOPS = 4.42e+09 Tdav = 0.00 T = 0.03
 --> Site =   13 .. Mmps =   15 Ndav =   9 E =   -165.6699179026 Error = 4.14e-18 FLOPS = 4.56e+09 Tdav = 0.00 T = 0.03
 --> Site =   14 .. Mmps =   15 Ndav =  12 E =   -165.6699465482 Error = 4.84e-18 FLOPS = 4.30e+09 Tdav = 0.00 T = 0.03
 --> Site =   15 .. Mmps =   15 Ndav =  11 E =   -165.6699493490 Error = 1.39e-18 FLOPS = 4.58e+09 Tdav = 0.00 T = 0.03
 --> Site =   16 .. Mmps =   15 Ndav =  12 E =   -165.6700345221 Error = 1.47e-18 FLOPS = 4.65e+09 Tdav = 0.00 T = 0.03
 --> Site =   17 .. Mmps =   15 Ndav =  12 E =   -165.6700444509 Error = 2.53e-18 FLOPS = 4.76e+09 Tdav = 0.00 T = 0.03
 --> Site =   18 .. Mmps =   15 Ndav =  13 E =   -165.6701089640 Error = 2.35e-18 FLOPS = 4.75e+09 Tdav = 0.00 T = 0.03
 --> Site =   19 .. Mmps =   15 Ndav =  12 E =   -165.6701286375 Error = 1.73e-18 FLOPS = 5.00e+09 Tdav = 0.00 T = 0.03
 --> Site =   20 .. Mmps =   15 Ndav =  12 E =   -165.6701960939 Error = 2.10e-18 FLOPS = 5.12e+09 Tdav = 0.00 T = 0.03
 --> Site =   21 .. Mmps =   15 Ndav =  11 E =   -165.6702032942 Error = 3.82e-19 FLOPS = 5.32e+09 Tdav = 0.00 T = 0.03
 --> Site =   22 .. Mmps =   15 Ndav =  12 E =   -165.6702616386 Error = 2.54e-18 FLOPS = 5.30e+09 Tdav = 0.00 T = 0.03
 --> Site =   23 .. Mmps =   15 Ndav =  11 E =   -165.6702892177 Error = 1.83e-18 FLOPS = 5.51e+09 Tdav = 0.00 T = 0.03
 --> Site =   24 .. Mmps =   15 Ndav =  11 E =   -165.6703456059 Error = 2.41e-18 FLOPS = 5.61e+09 Tdav = 0.00 T = 0.03
 --> Site =   25 .. Mmps =   15 Ndav =  11 E =   -165.6703498520 Error = 5.24e-19 FLOPS = 5.70e+09 Tdav = 0.00 T = 0.03
 --> Site =   26 .. Mmps =   15 Ndav =   9 E =   -165.6703704515 Error = 4.34e-18 FLOPS = 6.06e+09 Tdav = 0.00 T = 0.03
 --> Site =   27 .. Mmps =   15 Ndav =  12 E =   -165.6703817315 Error = 1.89e-18 FLOPS = 5.83e+09 Tdav = 0.00 T = 0.03
 --> Site =   28 .. Mmps =   15 Ndav =  11 E =   -165.6704215825 Error = 7.99e-18 FLOPS = 6.05e+09 Tdav = 0.00 T = 0.03
 --> Site =   29 .. Mmps =   15 Ndav =  10 E =   -165.6704253482 Error = 2.05e-18 FLOPS = 6.25e+09 Tdav = 0.00 T = 0.03
 --> Site =   30 .. Mmps =   15 Ndav =  12 E =   -165.6705678616 Error = 6.22e-18 FLOPS = 6.05e+09 Tdav = 0.00 T = 0.03
 --> Site =   31 .. Mmps =   15 Ndav =  10 E =   -165.6705719217 Error = 2.29e-18 FLOPS = 6.39e+09 Tdav = 0.00 T = 0.03
 --> Site =   32 .. Mmps =   15 Ndav =  12 E =   -165.6706399949 Error = 3.45e-18 FLOPS = 6.16e+09 Tdav = 0.00 T = 0.04
 --> Site =   33 .. Mmps =   15 Ndav =  12 E =   -165.6706528145 Error = 2.28e-18 FLOPS = 6.20e+09 Tdav = 0.00 T = 0.04
 --> Site =   34 .. Mmps =   15 Ndav =  11 E =   -165.6707380689 Error = 1.41e-18 FLOPS = 6.41e+09 Tdav = 0.00 T = 0.04
 --> Site =   35 .. Mmps =   15 Ndav =  10 E =   -165.6707415523 Error = 1.60e-18 FLOPS = 6.61e+09 Tdav = 0.00 T = 0.04
 --> Site =   36 .. Mmps =   15 Ndav =  11 E =   -165.6707712059 Error = 9.44e-19 FLOPS = 6.52e+09 Tdav = 0.00 T = 0.04
 --> Site =   37 .. Mmps =   15 Ndav =  12 E =   -165.6707837765 Error = 1.83e-18 FLOPS = 6.49e+09 Tdav = 0.00 T = 0.04
 --> Site =   38 .. Mmps =   15 Ndav =  11 E =   -165.6708295577 Error = 1.26e-17 FLOPS = 6.66e+09 Tdav = 0.00 T = 0.04
 --> Site =   39 .. Mmps =   15 Ndav =  12 E =   -165.6708389947 Error = 1.78e-18 FLOPS = 6.58e+09 Tdav = 0.00 T = 0.04
 --> Site =   40 .. Mmps =   15 Ndav =  11 E =   -165.6709338741 Error = 1.15e-18 FLOPS = 6.76e+09 Tdav = 0.00 T = 0.04
 --> Site =   41 .. Mmps =   15 Ndav =  10 E =   -165.6709380008 Error = 7.71e-20 FLOPS = 6.97e+09 Tdav = 0.00 T = 0.04
 --> Site =   42 .. Mmps =   15 Ndav =  11 E =   -165.6710138663 Error = 1.14e-18 FLOPS = 6.87e+09 Tdav = 0.00 T = 0.05
 --> Site =   43 .. Mmps =   15 Ndav =  11 E =   -165.6710164164 Error = 8.81e-19 FLOPS = 6.82e+09 Tdav = 0.00 T = 0.04
 --> Site =   44 .. Mmps =   15 Ndav =  12 E =   -165.6711044604 Error = 4.56e-18 FLOPS = 6.71e+09 Tdav = 0.00 T = 0.04
 --> Site =   45 .. Mmps =   15 Ndav =   9 E =   -165.6711060641 Error = 8.94e-19 FLOPS = 7.06e+09 Tdav = 0.00 T = 0.04
 --> Site =   46 .. Mmps =   15 Ndav =  11 E =   -165.6711390417 Error = 1.82e-18 FLOPS = 6.91e+09 Tdav = 0.00 T = 0.05
 --> Site =   47 .. Mmps =   15 Ndav =  10 E =   -165.6711406919 Error = 7.58e-20 FLOPS = 6.96e+09 Tdav = 0.00 T = 0.04
 --> Site =   48 .. Mmps =   15 Ndav =  12 E =   -165.6711634904 Error = 8.90e-19 FLOPS = 6.81e+09 Tdav = 0.00 T = 0.05
 --> Site =   49 .. Mmps =   15 Ndav =  11 E =   -165.6711726047 Error = 1.84e-18 FLOPS = 6.95e+09 Tdav = 0.00 T = 0.05
 --> Site =   50 .. Mmps =   15 Ndav =  11 E =   -165.6711821065 Error = 8.60e-19 FLOPS = 6.98e+09 Tdav = 0.00 T = 0.05
 --> Site =   51 .. Mmps =   15 Ndav =  14 E =   -165.6711978127 Error = 1.63e-18 FLOPS = 6.60e+09 Tdav = 0.00 T = 0.05
 --> Site =   52 .. Mmps =   15 Ndav =  10 E =   -165.6712392340 Error = 4.32e-19 FLOPS = 7.07e+09 Tdav = 0.00 T = 0.05
 --> Site =   53 .. Mmps =   15 Ndav =  16 E =   -165.6712486255 Error = 1.21e-18 FLOPS = 6.39e+09 Tdav = 0.00 T = 0.05
 --> Site =   54 .. Mmps =   15 Ndav =  11 E =   -165.6713570133 Error = 2.52e-19 FLOPS = 7.07e+09 Tdav = 0.00 T = 0.05
 --> Site =   55 .. Mmps =   15 Ndav =  10 E =   -165.6713664192 Error = 1.28e-18 FLOPS = 7.17e+09 Tdav = 0.00 T = 0.05
 --> Site =   56 .. Mmps =   15 Ndav =  10 E =   -165.6713952197 Error = 5.52e-19 FLOPS = 7.15e+09 Tdav = 0.00 T = 0.09
 --> Site =   57 .. Mmps =   15 Ndav =  10 E =   -165.6714053750 Error = 4.98e-19 FLOPS = 7.13e+09 Tdav = 0.00 T = 0.06
 --> Site =   58 .. Mmps =   15 Ndav =  11 E =   -165.6714491989 Error = 1.51e-18 FLOPS = 7.06e+09 Tdav = 0.00 T = 0.05
 --> Site =   59 .. Mmps =   15 Ndav =  10 E =   -165.6714524897 Error = 7.31e-19 FLOPS = 7.15e+09 Tdav = 0.00 T = 0.05
 --> Site =   60 .. Mmps =   15 Ndav =  11 E =   -165.6715087946 Error = 5.74e-19 FLOPS = 7.11e+09 Tdav = 0.00 T = 0.05
 --> Site =   61 .. Mmps =   15 Ndav =  10 E =   -165.6715220879 Error = 1.48e-18 FLOPS = 7.26e+09 Tdav = 0.00 T = 0.05
 --> Site =   62 .. Mmps =   15 Ndav =  12 E =   -165.6715934876 Error = 1.36e-18 FLOPS = 7.08e+09 Tdav = 0.00 T = 0.12
 --> Site =   63 .. Mmps =   15 Ndav =  14 E =   -165.6716272072 Error = 2.35e-18 FLOPS = 6.77e+09 Tdav = 0.00 T = 0.05
 --> Site =   64 .. Mmps =   15 Ndav =  11 E =   -165.6717397453 Error = 6.83e-19 FLOPS = 7.24e+09 Tdav = 0.00 T = 0.05
 --> Site =   65 .. Mmps =   15 Ndav =  12 E =   -165.6717583832 Error = 1.16e-18 FLOPS = 7.12e+09 Tdav = 0.00 T = 0.05
 --> Site =   66 .. Mmps =   15 Ndav =  12 E =   -165.6719210716 Error = 4.47e-18 FLOPS = 7.09e+09 Tdav = 0.00 T = 0.05
 --> Site =   67 .. Mmps =   15 Ndav =  11 E =   -165.6719283897 Error = 2.56e-18 FLOPS = 7.23e+09 Tdav = 0.00 T = 0.05
 --> Site =   68 .. Mmps =   15 Ndav =  12 E =   -165.6720515369 Error = 3.14e-18 FLOPS = 7.09e+09 Tdav = 0.00 T = 0.05
 --> Site =   69 .. Mmps =   15 Ndav =  10 E =   -165.6720553006 Error = 3.28e-18 FLOPS = 7.27e+09 Tdav = 0.00 T = 0.05
 --> Site =   70 .. Mmps =   15 Ndav =  11 E =   -165.6722020677 Error = 3.08e-19 FLOPS = 7.22e+09 Tdav = 0.00 T = 0.05
 --> Site =   71 .. Mmps =   15 Ndav =  10 E =   -165.6722060796 Error = 8.09e-19 FLOPS = 7.31e+09 Tdav = 0.00 T = 0.05
 --> Site =   72 .. Mmps =   15 Ndav =  11 E =   -165.6722804619 Error = 1.26e-18 FLOPS = 7.22e+09 Tdav = 0.00 T = 0.11
 --> Site =   73 .. Mmps =   15 Ndav =   9 E =   -165.6722831320 Error = 4.54e-19 FLOPS = 7.37e+09 Tdav = 0.00 T = 0.05
 --> Site =   74 .. Mmps =   15 Ndav =  11 E =   -165.6723474210 Error = 1.35e-18 FLOPS = 7.25e+09 Tdav = 0.00 T = 0.05
 --> Site =   75 .. Mmps =   15 Ndav =  12 E =   -165.6723902682 Error = 1.28e-18 FLOPS = 7.12e+09 Tdav = 0.00 T = 0.06
 --> Site =   76 .. Mmps =   15 Ndav =  11 E =   -165.6724291618 Error = 6.10e-19 FLOPS = 7.17e+09 Tdav = 0.00 T = 0.06
 --> Site =   77 .. Mmps =   15 Ndav =  14 E =   -165.6724488588 Error = 1.10e-18 FLOPS = 6.86e+09 Tdav = 0.00 T = 0.05
 --> Site =   78 .. Mmps =   15 Ndav =  10 E =   -165.6724907850 Error = 4.07e-18 FLOPS = 7.27e+09 Tdav = 0.00 T = 0.05
 --> Site =   79 .. Mmps =   15 Ndav =  16 E =   -165.6725042240 Error = 1.46e-18 FLOPS = 6.57e+09 Tdav = 0.00 T = 0.05
 --> Site =   80 .. Mmps =   15 Ndav =  11 E =   -165.6726254481 Error = 8.92e-19 FLOPS = 7.25e+09 Tdav = 0.00 T = 0.06
 --> Site =   81 .. Mmps =   15 Ndav =  10 E =   -165.6726348931 Error = 8.26e-19 FLOPS = 7.27e+09 Tdav = 0.00 T = 0.05
 --> Site =   82 .. Mmps =   15 Ndav =  10 E =   -165.6726593619 Error = 1.94e-18 FLOPS = 7.26e+09 Tdav = 0.00 T = 0.06
 --> Site =   83 .. Mmps =   15 Ndav =  10 E =   -165.6726663574 Error = 2.52e-18 FLOPS = 7.30e+09 Tdav = 0.00 T = 0.05
 --> Site =   84 .. Mmps =   15 Ndav =  10 E =   -165.6727096907 Error = 1.13e-18 FLOPS = 7.26e+09 Tdav = 0.00 T = 0.08
 --> Site =   85 .. Mmps =   15 Ndav =  10 E =   -165.6727128427 Error = 4.04e-19 FLOPS = 7.23e+09 Tdav = 0.00 T = 0.09
 --> Site =   86 .. Mmps =   15 Ndav =  11 E =   -165.6727816811 Error = 3.32e-18 FLOPS = 7.15e+09 Tdav = 0.00 T = 0.05
 --> Site =   87 .. Mmps =   15 Ndav =   9 E =   -165.6727917455 Error = 1.85e-18 FLOPS = 7.44e+09 Tdav = 0.00 T = 0.05
 --> Site =   88 .. Mmps =   15 Ndav =  12 E =   -165.6728687914 Error = 2.67e-18 FLOPS = 7.14e+09 Tdav = 0.00 T = 0.05
 --> Site =   89 .. Mmps =   15 Ndav =  14 E =   -165.6729104934 Error = 1.02e-18 FLOPS = 6.89e+09 Tdav = 0.00 T = 0.05
 --> Site =   90 .. Mmps =   15 Ndav =  12 E =   -165.6730351925 Error = 1.12e-18 FLOPS = 7.18e+09 Tdav = 0.00 T = 0.06
 --> Site =   91 .. Mmps =   15 Ndav =  12 E =   -165.6730556368 Error = 2.34e-18 FLOPS = 7.08e+09 Tdav = 0.00 T = 0.06
 --> Site =   92 .. Mmps =   15 Ndav =  12 E =   -165.6732209208 Error = 7.89e-19 FLOPS = 7.16e+09 Tdav = 0.00 T = 0.05
 --> Site =   93 .. Mmps =   15 Ndav =  11 E =   -165.6732282600 Error = 4.38e-19 FLOPS = 7.31e+09 Tdav = 0.00 T = 0.05
 --> Site =   94 .. Mmps =   15 Ndav =  12 E =   -165.6733592098 Error = 5.09e-18 FLOPS = 7.12e+09 Tdav = 0.00 T = 0.06
 --> Site =   95 .. Mmps =   15 Ndav =  10 E =   -165.6733626862 Error = 6.13e-19 FLOPS = 7.30e+09 Tdav = 0.00 T = 0.13
 --> Site =   96 .. Mmps =   15 Ndav =  12 E =   -165.6735051706 Error = 1.89e-18 FLOPS = 7.13e+09 Tdav = 0.00 T = 0.05
 --> Site =   97 .. Mmps =   15 Ndav =  10 E =   -165.6735089278 Error = 5.64e-19 FLOPS = 7.31e+09 Tdav = 0.00 T = 0.05
 --> Site =   98 .. Mmps =   15 Ndav =  12 E =   -165.6735787087 Error = 3.75e-18 FLOPS = 7.04e+09 Tdav = 0.00 T = 0.10
 --> Site =   99 .. Mmps =   15 Ndav =   8 E =   -165.6735829518 Error = 5.50e-19 FLOPS = 7.27e+09 Tdav = 0.00 T = 0.06
 --> Site =  100 .. Mmps =   15 Ndav =  11 E =   -165.6736510739 Error = 4.39e-18 FLOPS = 7.16e+09 Tdav = 0.00 T = 0.05
 --> Site =  101 .. Mmps =   15 Ndav =  12 E =   -165.6736928642 Error = 1.12e-18 FLOPS = 7.12e+09 Tdav = 0.00 T = 0.05
 --> Site =  102 .. Mmps =   15 Ndav =  12 E =   -165.6737412414 Error = 2.86e-18 FLOPS = 7.06e+09 Tdav = 0.00 T = 0.06
 --> Site =  103 .. Mmps =   15 Ndav =  14 E =   -165.6737612866 Error = 1.76e-18 FLOPS = 6.76e+09 Tdav = 0.00 T = 0.07
 --> Site =  104 .. Mmps =   15 Ndav =  10 E =   -165.6737974184 Error = 1.33e-18 FLOPS = 7.23e+09 Tdav = 0.00 T = 0.06
 --> Site =  105 .. Mmps =   15 Ndav =  16 E =   -165.6738166822 Error = 7.29e-19 FLOPS = 6.48e+09 Tdav = 0.00 T = 0.06
 --> Site =  106 .. Mmps =   15 Ndav =  11 E =   -165.6739079193 Error = 2.11e-18 FLOPS = 7.03e+09 Tdav = 0.00 T = 0.06
 --> Site =  107 .. Mmps =   15 Ndav =  10 E =   -165.6739147683 Error = 1.00e-18 FLOPS = 7.12e+09 Tdav = 0.00 T = 0.06
 --> Site =  108 .. Mmps =   15 Ndav =  10 E =   -165.6739426020 Error = 4.27e-19 FLOPS = 7.09e+09 Tdav = 0.00 T = 0.05
 --> Site =  109 .. Mmps =   15 Ndav =  11 E =   -165.6739562563 Error = 8.03e-19 FLOPS = 6.98e+09 Tdav = 0.00 T = 0.05
 --> Site =  110 .. Mmps =   15 Ndav =  10 E =   -165.6739924803 Error = 3.02e-18 FLOPS = 7.05e+09 Tdav = 0.00 T = 0.05
 --> Site =  111 .. Mmps =   15 Ndav =  10 E =   -165.6739961772 Error = 4.45e-20 FLOPS = 7.16e+09 Tdav = 0.00 T = 0.09
 --> Site =  112 .. Mmps =   15 Ndav =  11 E =   -165.6740445989 Error = 3.77e-19 FLOPS = 7.03e+09 Tdav = 0.00 T = 0.05
 --> Site =  113 .. Mmps =   15 Ndav =  11 E =   -165.6740603139 Error = 2.17e-18 FLOPS = 6.97e+09 Tdav = 0.00 T = 0.07
 --> Site =  114 .. Mmps =   15 Ndav =  12 E =   -165.6741258308 Error = 9.68e-19 FLOPS = 6.92e+09 Tdav = 0.00 T = 0.05
 --> Site =  115 .. Mmps =   15 Ndav =  14 E =   -165.6741619473 Error = 7.39e-19 FLOPS = 6.61e+09 Tdav = 0.00 T = 0.05
 --> Site =  116 .. Mmps =   15 Ndav =  11 E =   -165.6742750384 Error = 1.26e-17 FLOPS = 6.93e+09 Tdav = 0.00 T = 0.06
 --> Site =  117 .. Mmps =   15 Ndav =  12 E =   -165.6742940842 Error = 1.75e-18 FLOPS = 6.82e+09 Tdav = 0.00 T = 0.05
 --> Site =  118 .. Mmps =   15 Ndav =  12 E =   -165.6744523959 Error = 1.46e-18 FLOPS = 6.80e+09 Tdav = 0.00 T = 0.05
 --> Site =  119 .. Mmps =   15 Ndav =  10 E =   -165.6744582444 Error = 1.27e-18 FLOPS = 7.04e+09 Tdav = 0.00 T = 0.05
 --> Site =  120 .. Mmps =   15 Ndav =  12 E =   -165.6745646188 Error = 2.21e-18 FLOPS = 6.77e+09 Tdav = 0.00 T = 0.04
 --> Site =  121 .. Mmps =   15 Ndav =  10 E =   -165.6745671498 Error = 2.48e-18 FLOPS = 6.97e+09 Tdav = 0.00 T = 0.05
 --> Site =  122 .. Mmps =   15 Ndav =  11 E =   -165.6746453603 Error = 1.57e-18 FLOPS = 6.88e+09 Tdav = 0.00 T = 0.05
 --> Site =  123 .. Mmps =   15 Ndav =   8 E =   -165.6746496594 Error = 1.06e-18 FLOPS = 7.06e+09 Tdav = 0.00 T = 0.05
 --> Site =  124 .. Mmps =   15 Ndav =  11 E =   -165.6746953213 Error = 4.08e-18 FLOPS = 6.83e+09 Tdav = 0.00 T = 0.05
 --> Site =  125 .. Mmps =   15 Ndav =  10 E =   -165.6746965979 Error = 9.58e-19 FLOPS = 6.92e+09 Tdav = 0.00 T = 0.06
 --> Site =  126 .. Mmps =   15 Ndav =  11 E =   -165.6747577822 Error = 5.69e-19 FLOPS = 6.80e+09 Tdav = 0.00 T = 0.05
 --> Site =  127 .. Mmps =   15 Ndav =  11 E =   -165.6747715199 Error = 1.61e-18 FLOPS = 6.80e+09 Tdav = 0.00 T = 0.04
 --> Site =  128 .. Mmps =   15 Ndav =  11 E =   -165.6747934433 Error = 1.34e-18 FLOPS = 6.67e+09 Tdav = 0.00 T = 0.04
 --> Site =  129 .. Mmps =   15 Ndav =  12 E =   -165.6748015609 Error = 1.14e-18 FLOPS = 6.56e+09 Tdav = 0.00 T = 0.04
 --> Site =  130 .. Mmps =   15 Ndav =   9 E =   -165.6748035202 Error = 2.57e-19 FLOPS = 6.78e+09 Tdav = 0.00 T = 0.05
 --> Site =  131 .. Mmps =   15 Ndav =  11 E =   -165.6748076879 Error = 2.26e-19 FLOPS = 6.57e+09 Tdav = 0.00 T = 0.06
 --> Site =  132 .. Mmps =   15 Ndav =  11 E =   -165.6748269713 Error = 2.68e-18 FLOPS = 6.47e+09 Tdav = 0.00 T = 0.06
 --> Site =  133 .. Mmps =   15 Ndav =  12 E =   -165.6748339934 Error = 1.61e-18 FLOPS = 6.31e+09 Tdav = 0.00 T = 0.04
 --> Site =  134 .. Mmps =   15 Ndav =  10 E =   -165.6748568716 Error = 1.08e-18 FLOPS = 6.47e+09 Tdav = 0.00 T = 0.04
 --> Site =  135 .. Mmps =   15 Ndav =  11 E =   -165.6748695453 Error = 6.31e-19 FLOPS = 6.30e+09 Tdav = 0.00 T = 0.04
 --> Site =  136 .. Mmps =   15 Ndav =  11 E =   -165.6748934031 Error = 2.89e-18 FLOPS = 6.25e+09 Tdav = 0.00 T = 0.04
 --> Site =  137 .. Mmps =   15 Ndav =  11 E =   -165.6749197336 Error = 1.70e-18 FLOPS = 6.17e+09 Tdav = 0.00 T = 0.04
 --> Site =  138 .. Mmps =   15 Ndav =  11 E =   -165.6749784396 Error = 4.73e-18 FLOPS = 6.10e+09 Tdav = 0.00 T = 0.03
 --> Site =  139 .. Mmps =   15 Ndav =  10 E =   -165.6750088462 Error = 1.87e-18 FLOPS = 6.12e+09 Tdav = 0.00 T = 0.03
 --> Site =  140 .. Mmps =   15 Ndav =  11 E =   -165.6750626705 Error = 3.85e-19 FLOPS = 5.92e+09 Tdav = 0.00 T = 0.04
 --> Site =  141 .. Mmps =   15 Ndav =  11 E =   -165.6750795022 Error = 1.69e-18 FLOPS = 5.85e+09 Tdav = 0.00 T = 0.05
 --> Site =  142 .. Mmps =   15 Ndav =  10 E =   -165.6751266633 Error = 5.19e-19 FLOPS = 5.84e+09 Tdav = 0.00 T = 0.07
 --> Site =  143 .. Mmps =   15 Ndav =  10 E =   -165.6751310724 Error = 1.38e-18 FLOPS = 5.72e+09 Tdav = 0.00 T = 0.06
 --> Site =  144 .. Mmps =   15 Ndav =  11 E =   -165.6751942305 Error = 4.86e-18 FLOPS = 5.50e+09 Tdav = 0.00 T = 0.03
 --> Site =  145 .. Mmps =   15 Ndav =  10 E =   -165.6751981412 Error = 1.15e-18 FLOPS = 5.57e+09 Tdav = 0.00 T = 0.03
 --> Site =  146 .. Mmps =   15 Ndav =  12 E =   -165.6752305972 Error = 7.73e-19 FLOPS = 5.19e+09 Tdav = 0.00 T = 0.03
 --> Site =  147 .. Mmps =   15 Ndav =  11 E =   -165.6752382572 Error = 2.51e-18 FLOPS = 5.16e+09 Tdav = 0.00 T = 0.04
 --> Site =  148 .. Mmps =   15 Ndav =  12 E =   -165.6753471022 Error = 3.99e-18 FLOPS = 4.93e+09 Tdav = 0.00 T = 0.07
 --> Site =  149 .. Mmps =   15 Ndav =  12 E =   -165.6753638223 Error = 7.14e-19 FLOPS = 4.81e+09 Tdav = 0.00 T = 0.04
 --> Site =  150 .. Mmps =   15 Ndav =  12 E =   -165.6753993908 Error = 2.67e-19 FLOPS = 4.71e+09 Tdav = 0.00 T = 0.04
 --> Site =  151 .. Mmps =   15 Ndav =  12 E =   -165.6754119580 Error = 1.17e-18 FLOPS = 4.62e+09 Tdav = 0.00 T = 0.04
 --> Site =  152 .. Mmps =   15 Ndav =  11 E =   -165.6754403507 Error = 3.82e-18 FLOPS = 4.63e+09 Tdav = 0.00 T = 0.03
 --> Site =  153 .. Mmps =   15 Ndav =  10 E =   -165.6754486018 Error = 4.25e-18 FLOPS = 4.61e+09 Tdav = 0.00 T = 0.04
 --> Site =  154 .. Mmps =   15 Ndav =  10 E =   -165.6754618917 Error = 2.10e-18 FLOPS = 4.52e+09 Tdav = 0.00 T = 0.03
 --> Site =  155 .. Mmps =   15 Ndav =   9 E =   -165.6754628533 Error = 7.80e-19 FLOPS = 4.44e+09 Tdav = 0.00 T = 0.03
 --> Site =  156 .. Mmps =   15 Ndav =   8 E =   -165.6754659734 Error = 4.89e-18 FLOPS = 4.48e+09 Tdav = 0.00 T = 0.09
 --> Site =  157 .. Mmps =   15 Ndav =   9 E =   -165.6754707739 Error = 3.43e-18 FLOPS = 4.10e+09 Tdav = 0.00 T = 0.03
 --> Site =  158 .. Mmps =   15 Ndav =  10 E =   -165.6754768937 Error = 3.07e-17 FLOPS = 3.80e+09 Tdav = 0.00 T = 0.03
 --> Site =  159 .. Mmps =   15 Ndav =  10 E =   -165.6754864076 Error = 3.25e-18 FLOPS = 3.62e+09 Tdav = 0.00 T = 0.03
 --> Site =  160 .. Mmps =   15 Ndav =  10 E =   -165.6754920566 Error = 1.09e-18 FLOPS = 3.36e+09 Tdav = 0.00 T = 0.03
 --> Site =  161 .. Mmps =   15 Ndav =  11 E =   -165.6755036078 Error = 1.60e-18 FLOPS = 3.05e+09 Tdav = 0.00 T = 0.03
 --> Site =  162 .. Mmps =   15 Ndav =  10 E =   -165.6755050843 Error = 4.36e-18 FLOPS = 2.97e+09 Tdav = 0.00 T = 0.03
 --> Site =  163 .. Mmps =   15 Ndav =  10 E =   -165.6755071395 Error = 1.04e-18 FLOPS = 2.66e+09 Tdav = 0.00 T = 0.03
 --> Site =  164 .. Mmps =   15 Ndav =   7 E =   -165.6755074173 Error = 7.66e-19 FLOPS = 2.45e+09 Tdav = 0.00 T = 0.03
 --> Site =  165 .. Mmps =   15 Ndav =   2 E =   -165.6755074173 Error = 1.81e-27 FLOPS = 9.22e+08 Tdav = 0.00 T = 0.03
 --> Site =  166 .. Mmps =   15 Ndav =   1 E =   -165.6755074173 Error = 5.80e-55 FLOPS = 3.72e+08 Tdav = 0.00 T = 0.03
 --> Site =  167 .. Mmps =   15 Ndav =   1 E =   -165.6755074173 Error = 2.63e-81 FLOPS = 1.48e+08 Tdav = 0.00 T = 0.03
 --> Site =  168 .. Mmps =   15 Ndav =   1 E =   -165.6755074173 Error = 0.00e+00 FLOPS = 4.65e+07 Tdav = 0.00 T = 0.03
Time elapsed =    158.844 | E =    -165.6755074173 | DE = -5.67e-03 | DW = 3.07438e-17
Time sweep =        7.744 | 1.31 GFLOP/SWP
 | Dmem = 102 KB (3%) | Imem = 232 B (79%) | Hmem = 485 KB | Wmem = 3.52 KB | Pmem = 3.52 KB
 | Tread = 0.178 | Twrite = 0.797 | Tfpread = 0.033 | Tfpwrite = 0.022 | Tmporead = 0.000 | Tasync = 0.000
 | data = 11.1 MB | cpsd = 8.67 MB
 | Trot = 0.026 | Tctr = 0.005 | Tint = 0.007 | Tmid = 0.000 | Tdctr = 0.118 | Tdiag = 0.019 | Tinfo = 0.289
 | Teff = 2.181 | Tprt = 0.108 | Teig = 0.218 | Tblk = 6.102 | Tmve = 1.631 | Tdm = 0.002 | Tsplt = 0.016 | Tsvd = 0.000 | Torth = 0.000

Sweep =    3 | Direction = backward | Bond dimension =   15 | Noise =  1.00e-04 | Dav threshold =  1.00e-10
 <-- Site =  168 .. Mmps =    2 Ndav =   1 E =   -165.6755074173 Error = 0.00e+00 FLOPS = 4.25e+07 Tdav = 0.00 T = 0.02
 <-- Site =  167 .. Mmps =    4 Ndav =   1 E =   -165.6755074173 Error = 0.00e+00 FLOPS = 1.69e+08 Tdav = 0.00 T = 0.02
 <-- Site =  166 .. Mmps =    8 Ndav =   1 E =   -165.6755074173 Error = 0.00e+00 FLOPS = 3.62e+08 Tdav = 0.00 T = 0.02
 <-- Site =  165 .. Mmps =   15 Ndav =   1 E =   -165.6755074173 Error = 1.35e-23 FLOPS = 7.14e+08 Tdav = 0.00 T = 0.03
 <-- Site =  164 .. Mmps =   15 Ndav =   1 E =   -165.6755074173 Error = 4.96e-21 FLOPS = 1.17e+09 Tdav = 0.00 T = 0.03
 <-- Site =  163 .. Mmps =   15 Ndav =   4 E =   -165.6755074186 Error = 2.22e-19 FLOPS = 2.43e+09 Tdav = 0.00 T = 0.07
 <-- Site =  162 .. Mmps =   15 Ndav =   5 E =   -165.6755074408 Error = 4.38e-19 FLOPS = 2.75e+09 Tdav = 0.00 T = 0.03
 <-- Site =  161 .. Mmps =   15 Ndav =   5 E =   -165.6755074443 Error = 7.79e-20 FLOPS = 3.10e+09 Tdav = 0.00 T = 0.03
 <-- Site =  160 .. Mmps =   15 Ndav =   7 E =   -165.6755078162 Error = 4.57e-19 FLOPS = 3.55e+09 Tdav = 0.00 T = 0.04
 <-- Site =  159 .. Mmps =   15 Ndav =   7 E =   -165.6755079716 Error = 4.66e-18 FLOPS = 3.75e+09 Tdav = 0.00 T = 0.07
 <-- Site =  158 .. Mmps =   15 Ndav =   8 E =   -165.6755082775 Error = 5.24e-18 FLOPS = 3.88e+09 Tdav = 0.00 T = 0.06
 <-- Site =  157 .. Mmps =   15 Ndav =   7 E =   -165.6755083494 Error = 3.25e-18 FLOPS = 4.02e+09 Tdav = 0.00 T = 0.08
 <-- Site =  156 .. Mmps =   15 Ndav =   6 E =   -165.6755089358 Error = 1.03e-16 FLOPS = 4.31e+09 Tdav = 0.00 T = 0.04
 <-- Site =  155 .. Mmps =   15 Ndav =   5 E =   -165.6755090066 Error = 1.53e-18 FLOPS = 4.56e+09 Tdav = 0.00 T = 0.03
 <-- Site =  154 .. Mmps =   15 Ndav =   8 E =   -165.6755105310 Error = 3.44e-17 FLOPS = 4.60e+09 Tdav = 0.00 T = 0.03
 <-- Site =  153 .. Mmps =   15 Ndav =   9 E =   -165.6755110173 Error = 3.05e-18 FLOPS = 5.00e+09 Tdav = 0.00 T = 0.04
 <-- Site =  152 .. Mmps =   15 Ndav =  10 E =   -165.6755184069 Error = 1.35e-18 FLOPS = 4.99e+09 Tdav = 0.00 T = 0.04
 <-- Site =  151 .. Mmps =   15 Ndav =  11 E =   -165.6755202059 Error = 1.06e-18 FLOPS = 4.92e+09 Tdav = 0.00 T = 0.03
 <-- Site =  150 .. Mmps =   15 Ndav =  11 E =   -165.6755298685 Error = 1.46e-18 FLOPS = 5.14e+09 Tdav = 0.00 T = 0.03
 <-- Site =  149 .. Mmps =   15 Ndav =  10 E =   -165.6755308785 Error = 8.74e-19 FLOPS = 5.32e+09 Tdav = 0.00 T = 0.03
 <-- Site =  148 .. Mmps =   15 Ndav =  11 E =   -165.6755383864 Error = 1.75e-18 FLOPS = 5.33e+09 Tdav = 0.00 T = 0.03
 <-- Site =  147 .. Mmps =   15 Ndav =  11 E =   -165.6755455080 Error = 1.73e-18 FLOPS = 5.50e+09 Tdav = 0.00 T = 0.03
 <-- Site =  146 .. Mmps =   15 Ndav =  12 E =   -165.6755859508 Error = 3.00e-18 FLOPS = 5.41e+09 Tdav = 0.00 T = 0.03
 <-- Site =  145 .. Mmps =   15 Ndav =   9 E =   -165.6755872837 Error = 8.43e-19 FLOPS = 5.91e+09 Tdav = 0.00 T = 0.03
 <-- Site =  144 .. Mmps =   15 Ndav =   8 E =   -165.6755907344 Error = 8.77e-19 FLOPS = 6.01e+09 Tdav = 0.00 T = 0.05
 <-- Site =  143 .. Mmps =   15 Ndav =   9 E =   -165.6755920839 Error = 1.11e-18 FLOPS = 6.01e+09 Tdav = 0.00 T = 0.04
 <-- Site =  142 .. Mmps =   15 Ndav =   8 E =   -165.6756088734 Error = 2.97e-18 FLOPS = 6.21e+09 Tdav = 0.00 T = 0.05
 <-- Site =  141 .. Mmps =   15 Ndav =  12 E =   -165.6756222680 Error = 7.10e-19 FLOPS = 5.87e+09 Tdav = 0.00 T = 0.03
 <-- Site =  140 .. Mmps =   15 Ndav =  10 E =   -165.6756554673 Error = 2.58e-18 FLOPS = 6.22e+09 Tdav = 0.00 T = 0.04
 <-- Site =  139 .. Mmps =   15 Ndav =  10 E =   -165.6756687126 Error = 1.16e-18 FLOPS = 6.35e+09 Tdav = 0.00 T = 0.05
 <-- Site =  138 .. Mmps =   15 Ndav =  11 E =   -165.6757461162 Error = 4.04e-18 FLOPS = 6.27e+09 Tdav = 0.00 T = 0.04
 <-- Site =  137 .. Mmps =   15 Ndav =  11 E =   -165.6757725880 Error = 1.51e-19 FLOPS = 6.30e+09 Tdav = 0.00 T = 0.04
 <-- Site =  136 .. Mmps =   15 Ndav =  11 E =   -165.6758235471 Error = 1.43e-17 FLOPS = 6.34e+09 Tdav = 0.00 T = 0.04
 <-- Site =  135 .. Mmps =   15 Ndav =  11 E =   -165.6758279046 Error = 5.24e-19 FLOPS = 6.40e+09 Tdav = 0.00 T = 0.05
 <-- Site =  134 .. Mmps =   15 Ndav =   9 E =   -165.6758367399 Error = 9.06e-17 FLOPS = 6.63e+09 Tdav = 0.00 T = 0.04
 <-- Site =  133 .. Mmps =   15 Ndav =   9 E =   -165.6758410208 Error = 2.46e-19 FLOPS = 6.72e+09 Tdav = 0.00 T = 0.04
 <-- Site =  132 .. Mmps =   15 Ndav =   9 E =   -165.6758518689 Error = 1.19e-17 FLOPS = 6.73e+09 Tdav = 0.00 T = 0.08
 <-- Site =  131 .. Mmps =   15 Ndav =  10 E =   -165.6758527808 Error = 3.62e-19 FLOPS = 6.67e+09 Tdav = 0.00 T = 0.04
 <-- Site =  130 .. Mmps =   15 Ndav =   8 E =   -165.6758584982 Error = 3.24e-18 FLOPS = 6.85e+09 Tdav = 0.00 T = 0.06
 <-- Site =  129 .. Mmps =   15 Ndav =   6 E =   -165.6758586602 Error = 1.44e-18 FLOPS = 6.86e+09 Tdav = 0.00 T = 0.04
 <-- Site =  128 .. Mmps =   15 Ndav =   8 E =   -165.6758643457 Error = 1.75e-17 FLOPS = 6.98e+09 Tdav = 0.00 T = 0.04
 <-- Site =  127 .. Mmps =   15 Ndav =  10 E =   -165.6758694532 Error = 1.91e-19 FLOPS = 6.90e+09 Tdav = 0.00 T = 0.05
 <-- Site =  126 .. Mmps =   15 Ndav =   9 E =   -165.6758885330 Error = 2.59e-16 FLOPS = 6.99e+09 Tdav = 0.00 T = 0.05
 <-- Site =  125 .. Mmps =   15 Ndav =  10 E =   -165.6758904243 Error = 2.75e-19 FLOPS = 6.95e+09 Tdav = 0.00 T = 0.05
 <-- Site =  124 .. Mmps =   15 Ndav =   8 E =   -165.6758953448 Error = 1.07e-17 FLOPS = 7.04e+09 Tdav = 0.00 T = 0.05
 <-- Site =  123 .. Mmps =   15 Ndav =   9 E =   -165.6758961247 Error = 1.40e-19 FLOPS = 7.12e+09 Tdav = 0.00 T = 0.12
 <-- Site =  122 .. Mmps =   15 Ndav =   9 E =   -165.6759034944 Error = 1.35e-18 FLOPS = 7.15e+09 Tdav = 0.00 T = 0.05
 <-- Site =  121 .. Mmps =   15 Ndav =   8 E =   -165.6759038814 Error = 1.41e-19 FLOPS = 7.23e+09 Tdav = 0.00 T = 0.05
 <-- Site =  120 .. Mmps =   15 Ndav =   9 E =   -165.6759096662 Error = 4.82e-19 FLOPS = 7.10e+09 Tdav = 0.00 T = 0.05
 <-- Site =  119 .. Mmps =   15 Ndav =   8 E =   -165.6759111290 Error = 6.32e-19 FLOPS = 7.20e+09 Tdav = 0.00 T = 0.06
 <-- Site =  118 .. Mmps =   15 Ndav =   9 E =   -165.6759255623 Error = 2.96e-18 FLOPS = 7.19e+09 Tdav = 0.00 T = 0.06
 <-- Site =  117 .. Mmps =   15 Ndav =  13 E =   -165.6759303816 Error = 6.86e-19 FLOPS = 6.85e+09 Tdav = 0.00 T = 0.05
 <-- Site =  116 .. Mmps =   15 Ndav =   9 E =   -165.6759580116 Error = 2.14e-17 FLOPS = 7.25e+09 Tdav = 0.00 T = 0.05
 <-- Site =  115 .. Mmps =   15 Ndav =  13 E =   -165.6759658104 Error = 6.94e-19 FLOPS = 6.87e+09 Tdav = 0.00 T = 0.06
 <-- Site =  114 .. Mmps =   15 Ndav =  11 E =   -165.6760184797 Error = 4.64e-18 FLOPS = 7.20e+09 Tdav = 0.00 T = 0.05
 <-- Site =  113 .. Mmps =   15 Ndav =   8 E =   -165.6760194292 Error = 1.46e-18 FLOPS = 7.37e+09 Tdav = 0.00 T = 0.06
 <-- Site =  112 .. Mmps =   15 Ndav =   9 E =   -165.6760314427 Error = 7.13e-18 FLOPS = 7.30e+09 Tdav = 0.00 T = 0.11
 <-- Site =  111 .. Mmps =   15 Ndav =   9 E =   -165.6760325682 Error = 8.73e-19 FLOPS = 7.35e+09 Tdav = 0.00 T = 0.07
 <-- Site =  110 .. Mmps =   15 Ndav =   9 E =   -165.6760429667 Error = 1.51e-17 FLOPS = 7.37e+09 Tdav = 0.00 T = 0.05
 <-- Site =  109 .. Mmps =   15 Ndav =   9 E =   -165.6760445089 Error = 7.91e-19 FLOPS = 7.38e+09 Tdav = 0.00 T = 0.07
 <-- Site =  108 .. Mmps =   15 Ndav =  10 E =   -165.6760576913 Error = 2.03e-18 FLOPS = 7.28e+09 Tdav = 0.00 T = 0.06
 <-- Site =  107 .. Mmps =   15 Ndav =   9 E =   -165.6760594752 Error = 2.10e-19 FLOPS = 7.25e+09 Tdav = 0.00 T = 0.06
 <-- Site =  106 .. Mmps =   15 Ndav =  11 E =   -165.6760774229 Error = 7.45e-19 FLOPS = 7.25e+09 Tdav = 0.00 T = 0.05
 <-- Site =  105 .. Mmps =   15 Ndav =  15 E =   -165.6760949385 Error = 4.09e-19 FLOPS = 6.71e+09 Tdav = 0.00 T = 0.06
 <-- Site =  104 .. Mmps =   15 Ndav =  10 E =   -165.6761258048 Error = 2.74e-17 FLOPS = 7.28e+09 Tdav = 0.00 T = 0.09
 <-- Site =  103 .. Mmps =   15 Ndav =  11 E =   -165.6761349175 Error = 1.17e-18 FLOPS = 7.25e+09 Tdav = 0.00 T = 0.06
 <-- Site =  102 .. Mmps =   15 Ndav =  10 E =   -165.6761667687 Error = 4.65e-17 FLOPS = 7.38e+09 Tdav = 0.00 T = 0.06
 <-- Site =  101 .. Mmps =   15 Ndav =   9 E =   -165.6761675871 Error = 3.28e-19 FLOPS = 7.47e+09 Tdav = 0.00 T = 0.06
 <-- Site =  100 .. Mmps =   15 Ndav =  10 E =   -165.6761915930 Error = 2.11e-17 FLOPS = 7.42e+09 Tdav = 0.00 T = 0.07
 <-- Site =   99 .. Mmps =   15 Ndav =   9 E =   -165.6761969897 Error = 9.01e-19 FLOPS = 7.44e+09 Tdav = 0.00 T = 0.06
 <-- Site =   98 .. Mmps =   15 Ndav =  10 E =   -165.6762247948 Error = 3.37e-18 FLOPS = 7.39e+09 Tdav = 0.00 T = 0.07
 <-- Site =   97 .. Mmps =   15 Ndav =   9 E =   -165.6762257524 Error = 1.33e-19 FLOPS = 7.49e+09 Tdav = 0.00 T = 0.05
 <-- Site =   96 .. Mmps =   15 Ndav =   9 E =   -165.6762427462 Error = 5.11e-18 FLOPS = 7.48e+09 Tdav = 0.00 T = 0.05
 <-- Site =   95 .. Mmps =   15 Ndav =   9 E =   -165.6762436184 Error = 5.19e-19 FLOPS = 7.42e+09 Tdav = 0.00 T = 0.06
 <-- Site =   94 .. Mmps =   15 Ndav =   8 E =   -165.6762505552 Error = 3.50e-18 FLOPS = 7.43e+09 Tdav = 0.00 T = 0.05
 <-- Site =   93 .. Mmps =   15 Ndav =   9 E =   -165.6762532973 Error = 2.82e-19 FLOPS = 7.50e+09 Tdav = 0.00 T = 0.06
 <-- Site =   92 .. Mmps =   15 Ndav =  10 E =   -165.6762652598 Error = 2.43e-18 FLOPS = 7.46e+09 Tdav = 0.00 T = 0.06
 <-- Site =   91 .. Mmps =   15 Ndav =  13 E =   -165.6762698527 Error = 6.34e-19 FLOPS = 7.09e+09 Tdav = 0.00 T = 0.05
 <-- Site =   90 .. Mmps =   15 Ndav =  10 E =   -165.6762981313 Error = 7.29e-18 FLOPS = 7.41e+09 Tdav = 0.00 T = 0.06
 <-- Site =   89 .. Mmps =   15 Ndav =  13 E =   -165.6763050237 Error = 5.81e-19 FLOPS = 7.04e+09 Tdav = 0.00 T = 0.07
 <-- Site =   88 .. Mmps =   15 Ndav =  11 E =   -165.6763542881 Error = 5.33e-17 FLOPS = 7.31e+09 Tdav = 0.00 T = 0.06
 <-- Site =   87 .. Mmps =   15 Ndav =   8 E =   -165.6763550191 Error = 2.10e-19 FLOPS = 7.51e+09 Tdav = 0.00 T = 0.10
 <-- Site =   86 .. Mmps =   15 Ndav =   9 E =   -165.6763713718 Error = 4.16e-17 FLOPS = 7.43e+09 Tdav = 0.00 T = 0.06
 <-- Site =   85 .. Mmps =   15 Ndav =  10 E =   -165.6763751094 Error = 2.88e-19 FLOPS = 7.33e+09 Tdav = 0.00 T = 0.05
 <-- Site =   84 .. Mmps =   15 Ndav =  10 E =   -165.6763885776 Error = 5.80e-18 FLOPS = 7.39e+09 Tdav = 0.00 T = 0.05
 <-- Site =   83 .. Mmps =   15 Ndav =  10 E =   -165.6763908575 Error = 8.09e-20 FLOPS = 7.37e+09 Tdav = 0.00 T = 0.06
 <-- Site =   82 .. Mmps =   15 Ndav =  10 E =   -165.6764102152 Error = 5.79e-18 FLOPS = 7.28e+09 Tdav = 0.00 T = 0.06
 <-- Site =   81 .. Mmps =   15 Ndav =  10 E =   -165.6764117154 Error = 8.69e-20 FLOPS = 7.30e+09 Tdav = 0.00 T = 0.07
 <-- Site =   80 .. Mmps =   15 Ndav =  11 E =   -165.6764310322 Error = 1.99e-17 FLOPS = 7.27e+09 Tdav = 0.00 T = 0.06
 <-- Site =   79 .. Mmps =   15 Ndav =  14 E =   -165.6764492120 Error = 2.36e-18 FLOPS = 6.95e+09 Tdav = 0.00 T = 0.06
 <-- Site =   78 .. Mmps =   15 Ndav =  11 E =   -165.6765055353 Error = 1.40e-18 FLOPS = 7.25e+09 Tdav = 0.00 T = 0.05
 <-- Site =   77 .. Mmps =   15 Ndav =  12 E =   -165.6765163231 Error = 8.50e-19 FLOPS = 7.17e+09 Tdav = 0.00 T = 0.09
 <-- Site =   76 .. Mmps =   15 Ndav =  10 E =   -165.6765470547 Error = 1.17e-18 FLOPS = 7.34e+09 Tdav = 0.00 T = 0.08
 <-- Site =   75 .. Mmps =   15 Ndav =   9 E =   -165.6765480494 Error = 2.04e-18 FLOPS = 7.35e+09 Tdav = 0.00 T = 0.09
 <-- Site =   74 .. Mmps =   15 Ndav =  10 E =   -165.6765754330 Error = 3.61e-18 FLOPS = 7.37e+09 Tdav = 0.00 T = 0.07
 <-- Site =   73 .. Mmps =   15 Ndav =   9 E =   -165.6765791667 Error = 1.92e-19 FLOPS = 7.33e+09 Tdav = 0.00 T = 0.05
 <-- Site =   72 .. Mmps =   15 Ndav =   9 E =   -165.6766040049 Error = 5.94e-17 FLOPS = 7.34e+09 Tdav = 0.00 T = 0.07
 <-- Site =   71 .. Mmps =   15 Ndav =   9 E =   -165.6766047572 Error = 2.19e-19 FLOPS = 7.37e+09 Tdav = 0.00 T = 0.06
 <-- Site =   70 .. Mmps =   15 Ndav =   9 E =   -165.6766225185 Error = 1.74e-17 FLOPS = 7.36e+09 Tdav = 0.00 T = 0.12
 <-- Site =   69 .. Mmps =   15 Ndav =   9 E =   -165.6766235302 Error = 7.00e-19 FLOPS = 7.44e+09 Tdav = 0.00 T = 0.06
 <-- Site =   68 .. Mmps =   15 Ndav =   9 E =   -165.6766327992 Error = 4.59e-18 FLOPS = 7.32e+09 Tdav = 0.00 T = 0.07
 <-- Site =   67 .. Mmps =   15 Ndav =   8 E =   -165.6766355280 Error = 2.22e-19 FLOPS = 7.47e+09 Tdav = 0.00 T = 0.08
 <-- Site =   66 .. Mmps =   15 Ndav =  10 E =   -165.6766507585 Error = 4.60e-18 FLOPS = 7.33e+09 Tdav = 0.00 T = 0.06
 <-- Site =   65 .. Mmps =   15 Ndav =  13 E =   -165.6766555446 Error = 4.52e-19 FLOPS = 7.01e+09 Tdav = 0.00 T = 0.08
 <-- Site =   64 .. Mmps =   15 Ndav =  10 E =   -165.6766846435 Error = 3.40e-17 FLOPS = 7.37e+09 Tdav = 0.00 T = 0.06
 <-- Site =   63 .. Mmps =   15 Ndav =  13 E =   -165.6766909414 Error = 7.17e-19 FLOPS = 7.02e+09 Tdav = 0.00 T = 0.10
 <-- Site =   62 .. Mmps =   15 Ndav =  11 E =   -165.6767235603 Error = 1.22e-18 FLOPS = 7.19e+09 Tdav = 0.00 T = 0.05
 <-- Site =   61 .. Mmps =   15 Ndav =   8 E =   -165.6767243893 Error = 1.12e-18 FLOPS = 7.39e+09 Tdav = 0.00 T = 0.10
 <-- Site =   60 .. Mmps =   15 Ndav =   9 E =   -165.6767397144 Error = 1.51e-18 FLOPS = 7.39e+09 Tdav = 0.00 T = 0.05
 <-- Site =   59 .. Mmps =   15 Ndav =   9 E =   -165.6767421953 Error = 9.17e-19 FLOPS = 7.39e+09 Tdav = 0.00 T = 0.07
 <-- Site =   58 .. Mmps =   15 Ndav =  10 E =   -165.6767555372 Error = 4.11e-18 FLOPS = 7.29e+09 Tdav = 0.00 T = 0.07
 <-- Site =   57 .. Mmps =   15 Ndav =   9 E =   -165.6767581345 Error = 1.57e-19 FLOPS = 7.37e+09 Tdav = 0.00 T = 0.06
 <-- Site =   56 .. Mmps =   15 Ndav =  10 E =   -165.6767790644 Error = 9.77e-19 FLOPS = 7.24e+09 Tdav = 0.00 T = 0.09
 <-- Site =   55 .. Mmps =   15 Ndav =   9 E =   -165.6767803094 Error = 1.50e-19 FLOPS = 7.51e+09 Tdav = 0.00 T = 0.05
 <-- Site =   54 .. Mmps =   15 Ndav =  11 E =   -165.6767996982 Error = 1.65e-18 FLOPS = 7.33e+09 Tdav = 0.00 T = 0.05
 <-- Site =   53 .. Mmps =   15 Ndav =  13 E =   -165.6768165409 Error = 4.86e-19 FLOPS = 6.98e+09 Tdav = 0.00 T = 0.06
 <-- Site =   52 .. Mmps =   15 Ndav =  11 E =   -165.6768676994 Error = 9.89e-18 FLOPS = 7.30e+09 Tdav = 0.00 T = 0.06
 <-- Site =   51 .. Mmps =   15 Ndav =  12 E =   -165.6768763787 Error = 1.56e-18 FLOPS = 7.05e+09 Tdav = 0.00 T = 0.06
 <-- Site =   50 .. Mmps =   15 Ndav =  10 E =   -165.6769195988 Error = 2.05e-18 FLOPS = 7.28e+09 Tdav = 0.00 T = 0.05
 <-- Site =   49 .. Mmps =   15 Ndav =   8 E =   -165.6769243004 Error = 2.27e-19 FLOPS = 7.46e+09 Tdav = 0.00 T = 0.05
 <-- Site =   48 .. Mmps =   15 Ndav =   9 E =   -165.6769393717 Error = 8.97e-18 FLOPS = 7.38e+09 Tdav = 0.00 T = 0.08
 <-- Site =   47 .. Mmps =   15 Ndav =   9 E =   -165.6769399224 Error = 1.22e-19 FLOPS = 7.41e+09 Tdav = 0.00 T = 0.07
 <-- Site =   46 .. Mmps =   15 Ndav =   8 E =   -165.6769455849 Error = 2.17e-18 FLOPS = 7.26e+09 Tdav = 0.00 T = 0.08
 <-- Site =   45 .. Mmps =   15 Ndav =   9 E =   -165.6769460810 Error = 1.34e-18 FLOPS = 7.25e+09 Tdav = 0.00 T = 0.05
 <-- Site =   44 .. Mmps =   15 Ndav =   8 E =   -165.6769483258 Error = 1.67e-18 FLOPS = 7.31e+09 Tdav = 0.00 T = 0.04
 <-- Site =   43 .. Mmps =   15 Ndav =  10 E =   -165.6769497016 Error = 4.55e-20 FLOPS = 7.13e+09 Tdav = 0.00 T = 0.05
 <-- Site =   42 .. Mmps =   15 Ndav =   9 E =   -165.6769575780 Error = 4.53e-17 FLOPS = 7.26e+09 Tdav = 0.00 T = 0.05
 <-- Site =   41 .. Mmps =   15 Ndav =   8 E =   -165.6769585492 Error = 2.11e-19 FLOPS = 7.27e+09 Tdav = 0.00 T = 0.05
 <-- Site =   40 .. Mmps =   15 Ndav =  10 E =   -165.6769704008 Error = 1.49e-18 FLOPS = 7.05e+09 Tdav = 0.00 T = 0.05
 <-- Site =   39 .. Mmps =   15 Ndav =  11 E =   -165.6769726406 Error = 1.44e-19 FLOPS = 6.85e+09 Tdav = 0.00 T = 0.10
 <-- Site =   38 .. Mmps =   15 Ndav =   9 E =   -165.6769976508 Error = 3.50e-18 FLOPS = 7.00e+09 Tdav = 0.00 T = 0.07
 <-- Site =   37 .. Mmps =   15 Ndav =  12 E =   -165.6770010380 Error = 3.27e-19 FLOPS = 6.62e+09 Tdav = 0.00 T = 0.06
 <-- Site =   36 .. Mmps =   15 Ndav =  10 E =   -165.6770302244 Error = 1.56e-17 FLOPS = 6.78e+09 Tdav = 0.00 T = 0.05
 <-- Site =   35 .. Mmps =   15 Ndav =   8 E =   -165.6770354994 Error = 1.26e-19 FLOPS = 6.94e+09 Tdav = 0.00 T = 0.05
 <-- Site =   34 .. Mmps =   15 Ndav =  10 E =   -165.6770587466 Error = 1.70e-17 FLOPS = 6.78e+09 Tdav = 0.00 T = 0.04
 <-- Site =   33 .. Mmps =   15 Ndav =  11 E =   -165.6770720410 Error = 3.29e-19 FLOPS = 6.64e+09 Tdav = 0.00 T = 0.06
 <-- Site =   32 .. Mmps =   15 Ndav =  10 E =   -165.6771052302 Error = 7.87e-17 FLOPS = 6.66e+09 Tdav = 0.00 T = 0.05
 <-- Site =   31 .. Mmps =   15 Ndav =   7 E =   -165.6771063511 Error = 1.16e-18 FLOPS = 6.93e+09 Tdav = 0.00 T = 0.04
 <-- Site =   30 .. Mmps =   15 Ndav =   9 E =   -165.6771112926 Error = 2.17e-18 FLOPS = 6.71e+09 Tdav = 0.00 T = 0.04
 <-- Site =   29 .. Mmps =   15 Ndav =  11 E =   -165.6771317731 Error = 2.26e-19 FLOPS = 6.32e+09 Tdav = 0.00 T = 0.09
 <-- Site =   28 .. Mmps =   15 Ndav =  10 E =   -165.6771435480 Error = 1.02e-17 FLOPS = 6.38e+09 Tdav = 0.00 T = 0.05
 <-- Site =   27 .. Mmps =   15 Ndav =  11 E =   -165.6771468618 Error = 1.15e-18 FLOPS = 6.17e+09 Tdav = 0.00 T = 0.05
 <-- Site =   26 .. Mmps =   15 Ndav =   9 E =   -165.6771645908 Error = 8.05e-18 FLOPS = 6.36e+09 Tdav = 0.00 T = 0.09
 <-- Site =   25 .. Mmps =   15 Ndav =   9 E =   -165.6771664721 Error = 1.19e-18 FLOPS = 6.31e+09 Tdav = 0.00 T = 0.05
 <-- Site =   24 .. Mmps =   15 Ndav =  10 E =   -165.6771878674 Error = 6.05e-18 FLOPS = 6.14e+09 Tdav = 0.00 T = 0.06
 <-- Site =   23 .. Mmps =   15 Ndav =   8 E =   -165.6771970977 Error = 3.90e-19 FLOPS = 6.16e+09 Tdav = 0.00 T = 0.03
 <-- Site =   22 .. Mmps =   15 Ndav =  11 E =   -165.6772754125 Error = 1.70e-18 FLOPS = 5.78e+09 Tdav = 0.00 T = 0.03
 <-- Site =   21 .. Mmps =   15 Ndav =  12 E =   -165.6772869204 Error = 2.77e-18 FLOPS = 5.52e+09 Tdav = 0.00 T = 0.03
 <-- Site =   20 .. Mmps =   15 Ndav =  12 E =   -165.6773714042 Error = 1.81e-17 FLOPS = 5.40e+09 Tdav = 0.00 T = 0.06
 <-- Site =   19 .. Mmps =   15 Ndav =  13 E =   -165.6773875855 Error = 7.58e-19 FLOPS = 5.11e+09 Tdav = 0.00 T = 0.05
 <-- Site =   18 .. Mmps =   15 Ndav =  11 E =   -165.6774258875 Error = 2.63e-18 FLOPS = 5.30e+09 Tdav = 0.00 T = 0.04
 <-- Site =   17 .. Mmps =   15 Ndav =   9 E =   -165.6774328940 Error = 3.08e-18 FLOPS = 5.48e+09 Tdav = 0.00 T = 0.05
 <-- Site =   16 .. Mmps =   15 Ndav =  11 E =   -165.6774460488 Error = 5.74e-18 FLOPS = 5.07e+09 Tdav = 0.00 T = 0.04
 <-- Site =   15 .. Mmps =   15 Ndav =  10 E =   -165.6774481939 Error = 4.40e-19 FLOPS = 5.08e+09 Tdav = 0.00 T = 0.09
 <-- Site =   14 .. Mmps =   15 Ndav =   9 E =   -165.6774529781 Error = 9.85e-19 FLOPS = 5.08e+09 Tdav = 0.00 T = 0.04
 <-- Site =   13 .. Mmps =   15 Ndav =   9 E =   -165.6774534738 Error = 8.05e-19 FLOPS = 5.01e+09 Tdav = 0.00 T = 0.03
 <-- Site =   12 .. Mmps =   15 Ndav =   8 E =   -165.6774568884 Error = 1.04e-16 FLOPS = 4.99e+09 Tdav = 0.00 T = 0.03
 <-- Site =   11 .. Mmps =   15 Ndav =  13 E =   -165.6774873997 Error = 1.87e-18 FLOPS = 3.98e+09 Tdav = 0.00 T = 0.04
 <-- Site =   10 .. Mmps =   15 Ndav =  10 E =   -165.6775055736 Error = 1.46e-17 FLOPS = 4.40e+09 Tdav = 0.00 T = 0.04
 <-- Site =    9 .. Mmps =   15 Ndav =  14 E =   -165.6775820478 Error = 1.40e-19 FLOPS = 3.45e+09 Tdav = 0.00 T = 0.03
 <-- Site =    8 .. Mmps =   15 Ndav =  10 E =   -165.6775952141 Error = 5.35e-19 FLOPS = 4.00e+09 Tdav = 0.00 T = 0.03
 <-- Site =    7 .. Mmps =   15 Ndav =  12 E =   -165.6776026623 Error = 8.65e-19 FLOPS = 3.37e+09 Tdav = 0.00 T = 0.03
 <-- Site =    6 .. Mmps =   15 Ndav =   8 E =   -165.6776041610 Error = 1.11e-19 FLOPS = 3.75e+09 Tdav = 0.00 T = 0.03
 <-- Site =    5 .. Mmps =   15 Ndav =  10 E =   -165.6776050124 Error = 6.65e-19 FLOPS = 3.25e+09 Tdav = 0.00 T = 0.03
 <-- Site =    4 .. Mmps =   15 Ndav =   7 E =   -165.6776050833 Error = 3.24e-20 FLOPS = 3.38e+09 Tdav = 0.00 T = 0.03
 <-- Site =    3 .. Mmps =   15 Ndav =   2 E =   -165.6776050833 Error = 8.26e-24 FLOPS = 1.10e+09 Tdav = 0.00 T = 0.03
 <-- Site =    2 .. Mmps =   15 Ndav =   1 E =   -165.6776050833 Error = 0.00e+00 FLOPS = 3.13e+08 Tdav = 0.00 T = 0.03
 <-- Site =    1 .. Mmps =   15 Ndav =   1 E =   -165.6776050833 Error = 9.49e-69 FLOPS = 1.39e+08 Tdav = 0.00 T = 0.03
 <-- Site =    0 .. Mmps =   15 Ndav =   1 E =   -165.6776050833 Error = 4.60e-98 FLOPS = 6.17e+07 Tdav = 0.00 T = 0.02
Time elapsed =    167.941 | E =    -165.6776050833 | DE = -2.10e-03 | DW = 2.58688e-16
Time sweep =        9.097 | 1.16 GFLOP/SWP
 | Dmem = 102 KB (3%) | Imem = 232 B (79%) | Hmem = 485 KB | Wmem = 3.52 KB | Pmem = 3.52 KB
 | Tread = 0.164 | Twrite = 1.062 | Tfpread = 0.031 | Tfpwrite = 0.020 | Tmporead = 0.000 | Tasync = 0.000
 | data = 11.1 MB | cpsd = 7.63 MB
 | Trot = 0.027 | Tctr = 0.407 | Tint = 0.007 | Tmid = 0.000 | Tdctr = 0.006 | Tdiag = 0.018 | Tinfo = 0.329
 | Teff = 2.082 | Tprt = 0.108 | Teig = 0.185 | Tblk = 6.461 | Tmve = 2.625 | Tdm = 0.002 | Tsplt = 0.018 | Tsvd = 0.000 | Torth = 0.000

Sweep =    4 | Direction =  forward | Bond dimension =   25 | Noise =  1.00e-05 | Dav threshold =  1.00e-10
 --> Site =    0 .. Mmps =    2 Ndav =   1 E =   -165.6776050833 Error = 0.00e+00 FLOPS = 5.68e+07 Tdav = 0.00 T = 0.02
 --> Site =    1 .. Mmps =    4 Ndav =   1 E =   -165.6776050833 Error = 0.00e+00 FLOPS = 1.20e+08 Tdav = 0.00 T = 0.03
 --> Site =    2 .. Mmps =    8 Ndav =   1 E =   -165.6776050833 Error = 0.00e+00 FLOPS = 3.06e+08 Tdav = 0.00 T = 0.03
 --> Site =    3 .. Mmps =   16 Ndav =   1 E =   -165.6776050833 Error = 0.00e+00 FLOPS = 8.25e+08 Tdav = 0.00 T = 0.04
 --> Site =    4 .. Mmps =   23 Ndav =   2 E =   -165.6776050833 Error = 0.00e+00 FLOPS = 2.24e+09 Tdav = 0.00 T = 0.03
 --> Site =    5 .. Mmps =   25 Ndav =   5 E =   -165.6776050896 Error = 7.27e-26 FLOPS = 5.18e+09 Tdav = 0.00 T = 0.04
 --> Site =    6 .. Mmps =   25 Ndav =   6 E =   -165.6776053220 Error = 1.72e-24 FLOPS = 6.04e+09 Tdav = 0.00 T = 0.03
 --> Site =    7 .. Mmps =   25 Ndav =  10 E =   -165.6776057473 Error = 2.23e-24 FLOPS = 6.37e+09 Tdav = 0.00 T = 0.03
 --> Site =    8 .. Mmps =   25 Ndav =   9 E =   -165.6776141209 Error = 2.63e-22 FLOPS = 6.88e+09 Tdav = 0.00 T = 0.03
 --> Site =    9 .. Mmps =   25 Ndav =  14 E =   -165.6776222609 Error = 7.31e-23 FLOPS = 5.86e+09 Tdav = 0.00 T = 0.03
 --> Site =   10 .. Mmps =   25 Ndav =  12 E =   -165.6776824879 Error = 6.97e-22 FLOPS = 6.84e+09 Tdav = 0.00 T = 0.04
 --> Site =   11 .. Mmps =   25 Ndav =  12 E =   -165.6776932237 Error = 9.12e-23 FLOPS = 7.15e+09 Tdav = 0.00 T = 0.03
 --> Site =   12 .. Mmps =   25 Ndav =  11 E =   -165.6777642926 Error = 4.40e-22 FLOPS = 7.79e+09 Tdav = 0.00 T = 0.05
 --> Site =   13 .. Mmps =   25 Ndav =  13 E =   -165.6777920568 Error = 3.18e-22 FLOPS = 7.33e+09 Tdav = 0.00 T = 0.05
 --> Site =   14 .. Mmps =   25 Ndav =  12 E =   -165.6778707916 Error = 2.70e-22 FLOPS = 7.84e+09 Tdav = 0.00 T = 0.03
 --> Site =   15 .. Mmps =   25 Ndav =  11 E =   -165.6779039664 Error = 1.51e-22 FLOPS = 8.29e+09 Tdav = 0.00 T = 0.04
 --> Site =   16 .. Mmps =   25 Ndav =  13 E =   -165.6780155457 Error = 5.66e-22 FLOPS = 7.94e+09 Tdav = 0.00 T = 0.04
 --> Site =   17 .. Mmps =   25 Ndav =  12 E =   -165.6780476764 Error = 1.76e-22 FLOPS = 8.47e+09 Tdav = 0.00 T = 0.03
 --> Site =   18 .. Mmps =   25 Ndav =  11 E =   -165.6781098485 Error = 1.90e-22 FLOPS = 8.87e+09 Tdav = 0.00 T = 0.04
 --> Site =   19 .. Mmps =   25 Ndav =  13 E =   -165.6781366434 Error = 1.67e-22 FLOPS = 8.58e+09 Tdav = 0.00 T = 0.04
 --> Site =   20 .. Mmps =   25 Ndav =  12 E =   -165.6782114915 Error = 9.12e-23 FLOPS = 9.00e+09 Tdav = 0.00 T = 0.04
 --> Site =   21 .. Mmps =   25 Ndav =  12 E =   -165.6782306172 Error = 5.77e-23 FLOPS = 9.16e+09 Tdav = 0.00 T = 0.04
 --> Site =   22 .. Mmps =   25 Ndav =  11 E =   -165.6783119117 Error = 3.92e-22 FLOPS = 9.53e+09 Tdav = 0.00 T = 0.06
 --> Site =   23 .. Mmps =   25 Ndav =  11 E =   -165.6783414682 Error = 2.01e-22 FLOPS = 9.74e+09 Tdav = 0.00 T = 0.04
 --> Site =   24 .. Mmps =   25 Ndav =  11 E =   -165.6783633738 Error = 1.95e-22 FLOPS = 9.82e+09 Tdav = 0.00 T = 0.04
 --> Site =   25 .. Mmps =   25 Ndav =  11 E =   -165.6784022981 Error = 1.42e-22 FLOPS = 9.97e+09 Tdav = 0.00 T = 0.04
 --> Site =   26 .. Mmps =   25 Ndav =  10 E =   -165.6785213118 Error = 1.26e-21 FLOPS = 1.02e+10 Tdav = 0.00 T = 0.04
 --> Site =   27 .. Mmps =   25 Ndav =  13 E =   -165.6785638784 Error = 1.79e-21 FLOPS = 9.60e+09 Tdav = 0.00 T = 0.06
 --> Site =   28 .. Mmps =   25 Ndav =  12 E =   -165.6786320150 Error = 1.60e-21 FLOPS = 1.00e+10 Tdav = 0.00 T = 0.05
 --> Site =   29 .. Mmps =   25 Ndav =  11 E =   -165.6786450739 Error = 3.00e-22 FLOPS = 1.04e+10 Tdav = 0.00 T = 0.06
 --> Site =   30 .. Mmps =   25 Ndav =  12 E =   -165.6787341515 Error = 1.37e-22 FLOPS = 1.02e+10 Tdav = 0.00 T = 0.05
 --> Site =   31 .. Mmps =   25 Ndav =  13 E =   -165.6787433296 Error = 2.17e-22 FLOPS = 9.98e+09 Tdav = 0.00 T = 0.06
 --> Site =   32 .. Mmps =   25 Ndav =  11 E =   -165.6788010978 Error = 1.83e-22 FLOPS = 1.06e+10 Tdav = 0.00 T = 0.05
 --> Site =   33 .. Mmps =   25 Ndav =  13 E =   -165.6788220970 Error = 2.02e-22 FLOPS = 1.02e+10 Tdav = 0.00 T = 0.06
 --> Site =   34 .. Mmps =   25 Ndav =  10 E =   -165.6788490404 Error = 1.51e-22 FLOPS = 1.11e+10 Tdav = 0.00 T = 0.06
 --> Site =   35 .. Mmps =   25 Ndav =  12 E =   -165.6788581958 Error = 1.62e-22 FLOPS = 1.07e+10 Tdav = 0.00 T = 0.06
 --> Site =   36 .. Mmps =   25 Ndav =  10 E =   -165.6788813095 Error = 5.29e-23 FLOPS = 1.13e+10 Tdav = 0.00 T = 0.06
 --> Site =   37 .. Mmps =   25 Ndav =  13 E =   -165.6789008296 Error = 2.58e-22 FLOPS = 1.04e+10 Tdav = 0.00 T = 0.06
 --> Site =   38 .. Mmps =   25 Ndav =   9 E =   -165.6789214258 Error = 5.22e-23 FLOPS = 1.13e+10 Tdav = 0.00 T = 0.06
 --> Site =   39 .. Mmps =   25 Ndav =  12 E =   -165.6789401636 Error = 1.59e-23 FLOPS = 1.08e+10 Tdav = 0.00 T = 0.06
 --> Site =   40 .. Mmps =   25 Ndav =  10 E =   -165.6789863720 Error = 3.45e-22 FLOPS = 1.14e+10 Tdav = 0.00 T = 0.06
 --> Site =   41 .. Mmps =   25 Ndav =  10 E =   -165.6789929330 Error = 2.54e-22 FLOPS = 1.13e+10 Tdav = 0.00 T = 0.07
 --> Site =   42 .. Mmps =   25 Ndav =  11 E =   -165.6790176024 Error = 3.45e-22 FLOPS = 1.11e+10 Tdav = 0.00 T = 0.07
 --> Site =   43 .. Mmps =   25 Ndav =  11 E =   -165.6790333886 Error = 3.61e-22 FLOPS = 1.10e+10 Tdav = 0.00 T = 0.07
 --> Site =   44 .. Mmps =   25 Ndav =  11 E =   -165.6790735511 Error = 2.41e-22 FLOPS = 1.11e+10 Tdav = 0.00 T = 0.06
 --> Site =   45 .. Mmps =   25 Ndav =  11 E =   -165.6790823405 Error = 7.22e-22 FLOPS = 1.13e+10 Tdav = 0.00 T = 0.06
 --> Site =   46 .. Mmps =   25 Ndav =  10 E =   -165.6790954864 Error = 2.24e-22 FLOPS = 1.14e+10 Tdav = 0.00 T = 0.07
 --> Site =   47 .. Mmps =   25 Ndav =  10 E =   -165.6791042142 Error = 7.02e-23 FLOPS = 1.15e+10 Tdav = 0.00 T = 0.07
 --> Site =   48 .. Mmps =   25 Ndav =   9 E =   -165.6791158266 Error = 1.21e-22 FLOPS = 1.16e+10 Tdav = 0.00 T = 0.07
 --> Site =   49 .. Mmps =   25 Ndav =  11 E =   -165.6791316974 Error = 2.79e-22 FLOPS = 1.13e+10 Tdav = 0.00 T = 0.08
 --> Site =   50 .. Mmps =   25 Ndav =  10 E =   -165.6791421434 Error = 7.67e-23 FLOPS = 1.15e+10 Tdav = 0.00 T = 0.11
 --> Site =   51 .. Mmps =   25 Ndav =  15 E =   -165.6791780587 Error = 8.71e-23 FLOPS = 1.05e+10 Tdav = 0.00 T = 0.07
 --> Site =   52 .. Mmps =   25 Ndav =  10 E =   -165.6792115753 Error = 2.77e-22 FLOPS = 1.15e+10 Tdav = 0.00 T = 0.07
 --> Site =   53 .. Mmps =   25 Ndav =  15 E =   -165.6792482438 Error = 2.71e-22 FLOPS = 1.06e+10 Tdav = 0.00 T = 0.08
 --> Site =   54 .. Mmps =   25 Ndav =  12 E =   -165.6793625559 Error = 5.92e-22 FLOPS = 1.14e+10 Tdav = 0.00 T = 0.08
 --> Site =   55 .. Mmps =   25 Ndav =  11 E =   -165.6793708056 Error = 2.45e-22 FLOPS = 1.14e+10 Tdav = 0.00 T = 0.08
 --> Site =   56 .. Mmps =   25 Ndav =   9 E =   -165.6793848992 Error = 6.41e-23 FLOPS = 1.18e+10 Tdav = 0.00 T = 0.08
 --> Site =   57 .. Mmps =   25 Ndav =  10 E =   -165.6793922433 Error = 1.38e-22 FLOPS = 1.17e+10 Tdav = 0.00 T = 0.08
 --> Site =   58 .. Mmps =   25 Ndav =  10 E =   -165.6794287659 Error = 5.54e-22 FLOPS = 1.17e+10 Tdav = 0.00 T = 0.08
 --> Site =   59 .. Mmps =   25 Ndav =  10 E =   -165.6794416810 Error = 2.10e-22 FLOPS = 1.16e+10 Tdav = 0.00 T = 0.08
 --> Site =   60 .. Mmps =   25 Ndav =   9 E =   -165.6794634734 Error = 1.69e-22 FLOPS = 1.17e+10 Tdav = 0.00 T = 0.08
 --> Site =   61 .. Mmps =   25 Ndav =   8 E =   -165.6794784211 Error = 7.08e-23 FLOPS = 1.20e+10 Tdav = 0.00 T = 0.08
 --> Site =   62 .. Mmps =   25 Ndav =  10 E =   -165.6795063399 Error = 1.34e-22 FLOPS = 1.17e+10 Tdav = 0.00 T = 0.08
 --> Site =   63 .. Mmps =   25 Ndav =  17 E =   -165.6795723923 Error = 7.68e-22 FLOPS = 1.03e+10 Tdav = 0.00 T = 0.08
 --> Site =   64 .. Mmps =   25 Ndav =  11 E =   -165.6796708205 Error = 2.17e-21 FLOPS = 1.16e+10 Tdav = 0.00 T = 0.08
 --> Site =   65 .. Mmps =   25 Ndav =  14 E =   -165.6796968787 Error = 1.33e-22 FLOPS = 1.10e+10 Tdav = 0.00 T = 0.08
 --> Site =   66 .. Mmps =   25 Ndav =  10 E =   -165.6797501702 Error = 2.27e-22 FLOPS = 1.17e+10 Tdav = 0.00 T = 0.08
 --> Site =   67 .. Mmps =   25 Ndav =  11 E =   -165.6797638469 Error = 1.43e-22 FLOPS = 1.16e+10 Tdav = 0.00 T = 0.08
 --> Site =   68 .. Mmps =   25 Ndav =  11 E =   -165.6797971611 Error = 3.31e-22 FLOPS = 1.16e+10 Tdav = 0.00 T = 0.08
 --> Site =   69 .. Mmps =   25 Ndav =  11 E =   -165.6798130634 Error = 4.65e-22 FLOPS = 1.16e+10 Tdav = 0.00 T = 0.08
 --> Site =   70 .. Mmps =   25 Ndav =  10 E =   -165.6798454768 Error = 7.38e-23 FLOPS = 1.18e+10 Tdav = 0.00 T = 0.08
 --> Site =   71 .. Mmps =   25 Ndav =  10 E =   -165.6798515572 Error = 3.67e-23 FLOPS = 1.18e+10 Tdav = 0.00 T = 0.08
 --> Site =   72 .. Mmps =   25 Ndav =   9 E =   -165.6798641891 Error = 3.37e-22 FLOPS = 1.18e+10 Tdav = 0.00 T = 0.09
 --> Site =   73 .. Mmps =   25 Ndav =   8 E =   -165.6798709364 Error = 2.53e-22 FLOPS = 1.19e+10 Tdav = 0.00 T = 0.08
 --> Site =   74 .. Mmps =   25 Ndav =  11 E =   -165.6799107370 Error = 2.22e-22 FLOPS = 1.17e+10 Tdav = 0.00 T = 0.08
 --> Site =   75 .. Mmps =   25 Ndav =  12 E =   -165.6799329995 Error = 1.95e-22 FLOPS = 1.16e+10 Tdav = 0.00 T = 0.08
 --> Site =   76 .. Mmps =   25 Ndav =  11 E =   -165.6799768678 Error = 5.97e-22 FLOPS = 1.18e+10 Tdav = 0.00 T = 0.08
 --> Site =   77 .. Mmps =   25 Ndav =  14 E =   -165.6800055605 Error = 2.16e-22 FLOPS = 1.11e+10 Tdav = 0.00 T = 0.09
 --> Site =   78 .. Mmps =   25 Ndav =  10 E =   -165.6800394604 Error = 2.35e-22 FLOPS = 1.19e+10 Tdav = 0.00 T = 0.10
 --> Site =   79 .. Mmps =   25 Ndav =  14 E =   -165.6800648132 Error = 5.45e-22 FLOPS = 1.11e+10 Tdav = 0.00 T = 0.08
 --> Site =   80 .. Mmps =   25 Ndav =  12 E =   -165.6801674615 Error = 2.71e-22 FLOPS = 1.16e+10 Tdav = 0.00 T = 0.08
 --> Site =   81 .. Mmps =   25 Ndav =  10 E =   -165.6801753285 Error = 3.64e-22 FLOPS = 1.19e+10 Tdav = 0.00 T = 0.09
 --> Site =   82 .. Mmps =   25 Ndav =   9 E =   -165.6801872498 Error = 5.26e-23 FLOPS = 1.20e+10 Tdav = 0.00 T = 0.08
 --> Site =   83 .. Mmps =   25 Ndav =  10 E =   -165.6801973246 Error = 6.04e-23 FLOPS = 1.19e+10 Tdav = 0.00 T = 0.08
 --> Site =   84 .. Mmps =   25 Ndav =   9 E =   -165.6802180438 Error = 2.90e-22 FLOPS = 1.21e+10 Tdav = 0.00 T = 0.08
 --> Site =   85 .. Mmps =   25 Ndav =  10 E =   -165.6802291910 Error = 1.26e-22 FLOPS = 1.18e+10 Tdav = 0.00 T = 0.08
 --> Site =   86 .. Mmps =   25 Ndav =   9 E =   -165.6802557974 Error = 5.65e-23 FLOPS = 1.18e+10 Tdav = 0.00 T = 0.08
 --> Site =   87 .. Mmps =   25 Ndav =   9 E =   -165.6802776301 Error = 3.31e-23 FLOPS = 1.19e+10 Tdav = 0.00 T = 0.10
 --> Site =   88 .. Mmps =   25 Ndav =  10 E =   -165.6803039067 Error = 3.56e-22 FLOPS = 1.17e+10 Tdav = 0.00 T = 0.08
 --> Site =   89 .. Mmps =   25 Ndav =  18 E =   -165.6803876734 Error = 6.92e-22 FLOPS = 1.01e+10 Tdav = 0.00 T = 0.09
 --> Site =   90 .. Mmps =   25 Ndav =  11 E =   -165.6804584741 Error = 8.67e-22 FLOPS = 1.15e+10 Tdav = 0.00 T = 0.08
 --> Site =   91 .. Mmps =   25 Ndav =  13 E =   -165.6804841139 Error = 3.18e-23 FLOPS = 1.10e+10 Tdav = 0.00 T = 0.09
 --> Site =   92 .. Mmps =   25 Ndav =  11 E =   -165.6805502557 Error = 2.14e-22 FLOPS = 1.16e+10 Tdav = 0.00 T = 0.08
 --> Site =   93 .. Mmps =   25 Ndav =   9 E =   -165.6805610755 Error = 3.28e-23 FLOPS = 1.21e+10 Tdav = 0.00 T = 0.08
 --> Site =   94 .. Mmps =   25 Ndav =  10 E =   -165.6805919930 Error = 8.59e-23 FLOPS = 1.18e+10 Tdav = 0.00 T = 0.08
 --> Site =   95 .. Mmps =   25 Ndav =  10 E =   -165.6806061921 Error = 9.48e-23 FLOPS = 1.19e+10 Tdav = 0.00 T = 0.08
 --> Site =   96 .. Mmps =   25 Ndav =   9 E =   -165.6806332288 Error = 1.67e-21 FLOPS = 1.19e+10 Tdav = 0.00 T = 0.08
 --> Site =   97 .. Mmps =   25 Ndav =  11 E =   -165.6806474340 Error = 2.31e-22 FLOPS = 1.17e+10 Tdav = 0.00 T = 0.08
 --> Site =   98 .. Mmps =   25 Ndav =  10 E =   -165.6806734630 Error = 7.46e-22 FLOPS = 1.18e+10 Tdav = 0.00 T = 0.08
 --> Site =   99 .. Mmps =   25 Ndav =   9 E =   -165.6806795524 Error = 3.47e-22 FLOPS = 1.17e+10 Tdav = 0.00 T = 0.15
 --> Site =  100 .. Mmps =   25 Ndav =  10 E =   -165.6807128614 Error = 2.35e-22 FLOPS = 1.16e+10 Tdav = 0.00 T = 0.08
 --> Site =  101 .. Mmps =   25 Ndav =  12 E =   -165.6807250359 Error = 4.98e-23 FLOPS = 1.14e+10 Tdav = 0.00 T = 0.09
 --> Site =  102 .. Mmps =   25 Ndav =  10 E =   -165.6807474335 Error = 4.65e-23 FLOPS = 1.17e+10 Tdav = 0.00 T = 0.09
 --> Site =  103 .. Mmps =   25 Ndav =  13 E =   -165.6807637515 Error = 1.81e-22 FLOPS = 1.12e+10 Tdav = 0.00 T = 0.08
 --> Site =  104 .. Mmps =   25 Ndav =  11 E =   -165.6808059179 Error = 1.29e-22 FLOPS = 1.15e+10 Tdav = 0.00 T = 0.08
 --> Site =  105 .. Mmps =   25 Ndav =  15 E =   -165.6808350432 Error = 6.13e-23 FLOPS = 1.07e+10 Tdav = 0.00 T = 0.08
 --> Site =  106 .. Mmps =   25 Ndav =  11 E =   -165.6809036123 Error = 8.68e-23 FLOPS = 1.16e+10 Tdav = 0.00 T = 0.08
 --> Site =  107 .. Mmps =   25 Ndav =  10 E =   -165.6809100526 Error = 2.55e-23 FLOPS = 1.17e+10 Tdav = 0.00 T = 0.08
 --> Site =  108 .. Mmps =   25 Ndav =   9 E =   -165.6809195520 Error = 4.05e-23 FLOPS = 1.18e+10 Tdav = 0.00 T = 0.08
 --> Site =  109 .. Mmps =   25 Ndav =  10 E =   -165.6809260199 Error = 6.44e-23 FLOPS = 1.16e+10 Tdav = 0.00 T = 0.08
 --> Site =  110 .. Mmps =   25 Ndav =  11 E =   -165.6809508442 Error = 8.86e-22 FLOPS = 1.15e+10 Tdav = 0.00 T = 0.08
 --> Site =  111 .. Mmps =   25 Ndav =  11 E =   -165.6809685668 Error = 1.78e-22 FLOPS = 1.15e+10 Tdav = 0.00 T = 0.08
 --> Site =  112 .. Mmps =   25 Ndav =   9 E =   -165.6809824620 Error = 1.12e-22 FLOPS = 1.19e+10 Tdav = 0.00 T = 0.08
 --> Site =  113 .. Mmps =   25 Ndav =  11 E =   -165.6809909671 Error = 3.99e-23 FLOPS = 1.15e+10 Tdav = 0.00 T = 0.08
 --> Site =  114 .. Mmps =   25 Ndav =  10 E =   -165.6810108033 Error = 1.52e-22 FLOPS = 1.17e+10 Tdav = 0.00 T = 0.08
 --> Site =  115 .. Mmps =   25 Ndav =  16 E =   -165.6810693195 Error = 2.70e-22 FLOPS = 1.03e+10 Tdav = 0.00 T = 0.08
 --> Site =  116 .. Mmps =   25 Ndav =  11 E =   -165.6811402570 Error = 6.53e-22 FLOPS = 1.14e+10 Tdav = 0.00 T = 0.08
 --> Site =  117 .. Mmps =   25 Ndav =  14 E =   -165.6811631364 Error = 2.51e-23 FLOPS = 1.08e+10 Tdav = 0.00 T = 0.08
 --> Site =  118 .. Mmps =   25 Ndav =  11 E =   -165.6812386023 Error = 4.17e-22 FLOPS = 1.14e+10 Tdav = 0.00 T = 0.08
 --> Site =  119 .. Mmps =   25 Ndav =   9 E =   -165.6812471198 Error = 7.02e-23 FLOPS = 1.17e+10 Tdav = 0.00 T = 0.07
 --> Site =  120 .. Mmps =   25 Ndav =  11 E =   -165.6812755204 Error = 3.64e-22 FLOPS = 1.13e+10 Tdav = 0.00 T = 0.09
 --> Site =  121 .. Mmps =   25 Ndav =  11 E =   -165.6812875061 Error = 1.48e-22 FLOPS = 1.12e+10 Tdav = 0.00 T = 0.07
 --> Site =  122 .. Mmps =   25 Ndav =  10 E =   -165.6813179211 Error = 2.92e-22 FLOPS = 1.15e+10 Tdav = 0.00 T = 0.07
 --> Site =  123 .. Mmps =   25 Ndav =   9 E =   -165.6813247794 Error = 4.76e-23 FLOPS = 1.16e+10 Tdav = 0.00 T = 0.07
 --> Site =  124 .. Mmps =   25 Ndav =  10 E =   -165.6813389030 Error = 6.07e-23 FLOPS = 1.15e+10 Tdav = 0.00 T = 0.07
 --> Site =  125 .. Mmps =   25 Ndav =   8 E =   -165.6813434887 Error = 1.48e-22 FLOPS = 1.18e+10 Tdav = 0.00 T = 0.07
 --> Site =  126 .. Mmps =   25 Ndav =   9 E =   -165.6813512951 Error = 1.00e-22 FLOPS = 1.16e+10 Tdav = 0.00 T = 0.07
 --> Site =  127 .. Mmps =   25 Ndav =  11 E =   -165.6813650752 Error = 2.02e-22 FLOPS = 1.11e+10 Tdav = 0.00 T = 0.06
 --> Site =  128 .. Mmps =   25 Ndav =  10 E =   -165.6813969366 Error = 6.14e-23 FLOPS = 1.13e+10 Tdav = 0.00 T = 0.06
 --> Site =  129 .. Mmps =   25 Ndav =  12 E =   -165.6814145633 Error = 5.72e-23 FLOPS = 1.09e+10 Tdav = 0.00 T = 0.07
 --> Site =  130 .. Mmps =   25 Ndav =   9 E =   -165.6814286666 Error = 1.21e-22 FLOPS = 1.13e+10 Tdav = 0.00 T = 0.06
 --> Site =  131 .. Mmps =   25 Ndav =  13 E =   -165.6814543067 Error = 4.29e-22 FLOPS = 1.05e+10 Tdav = 0.00 T = 0.06
 --> Site =  132 .. Mmps =   25 Ndav =  10 E =   -165.6814771211 Error = 4.61e-22 FLOPS = 1.12e+10 Tdav = 0.00 T = 0.07
 --> Site =  133 .. Mmps =   25 Ndav =  11 E =   -165.6814872017 Error = 4.30e-23 FLOPS = 1.08e+10 Tdav = 0.00 T = 0.06
 --> Site =  134 .. Mmps =   25 Ndav =   9 E =   -165.6814939530 Error = 1.22e-23 FLOPS = 1.12e+10 Tdav = 0.00 T = 0.05
 --> Site =  135 .. Mmps =   25 Ndav =  10 E =   -165.6815011342 Error = 2.71e-23 FLOPS = 1.09e+10 Tdav = 0.00 T = 0.05
 --> Site =  136 .. Mmps =   25 Ndav =   9 E =   -165.6815116406 Error = 5.04e-23 FLOPS = 1.11e+10 Tdav = 0.00 T = 0.05
 --> Site =  137 .. Mmps =   25 Ndav =  12 E =   -165.6815306802 Error = 2.47e-22 FLOPS = 1.03e+10 Tdav = 0.00 T = 0.05
 --> Site =  138 .. Mmps =   25 Ndav =   9 E =   -165.6815458900 Error = 8.73e-23 FLOPS = 1.09e+10 Tdav = 0.00 T = 0.05
 --> Site =  139 .. Mmps =   25 Ndav =  11 E =   -165.6815853848 Error = 1.30e-22 FLOPS = 1.03e+10 Tdav = 0.00 T = 0.05
 --> Site =  140 .. Mmps =   25 Ndav =  10 E =   -165.6816122649 Error = 3.97e-22 FLOPS = 1.05e+10 Tdav = 0.00 T = 0.05
 --> Site =  141 .. Mmps =   25 Ndav =  14 E =   -165.6816431288 Error = 1.08e-21 FLOPS = 9.33e+09 Tdav = 0.00 T = 0.05
 --> Site =  142 .. Mmps =   25 Ndav =  10 E =   -165.6817399606 Error = 4.19e-22 FLOPS = 1.04e+10 Tdav = 0.00 T = 0.04
 --> Site =  143 .. Mmps =   25 Ndav =  11 E =   -165.6817635145 Error = 3.16e-23 FLOPS = 1.00e+10 Tdav = 0.00 T = 0.04
 --> Site =  144 .. Mmps =   25 Ndav =  11 E =   -165.6818133215 Error = 8.17e-22 FLOPS = 9.88e+09 Tdav = 0.00 T = 0.04
 --> Site =  145 .. Mmps =   25 Ndav =  10 E =   -165.6818224823 Error = 2.69e-22 FLOPS = 9.93e+09 Tdav = 0.00 T = 0.04
 --> Site =  146 .. Mmps =   25 Ndav =  11 E =   -165.6818511075 Error = 4.52e-22 FLOPS = 9.52e+09 Tdav = 0.00 T = 0.04
 --> Site =  147 .. Mmps =   25 Ndav =  13 E =   -165.6819450584 Error = 5.69e-22 FLOPS = 8.78e+09 Tdav = 0.00 T = 0.04
 --> Site =  148 .. Mmps =   25 Ndav =  13 E =   -165.6819924671 Error = 4.67e-22 FLOPS = 8.61e+09 Tdav = 0.00 T = 0.04
 --> Site =  149 .. Mmps =   25 Ndav =  13 E =   -165.6820057402 Error = 1.39e-22 FLOPS = 8.41e+09 Tdav = 0.00 T = 0.04
 --> Site =  150 .. Mmps =   25 Ndav =  11 E =   -165.6820393811 Error = 1.76e-22 FLOPS = 8.91e+09 Tdav = 0.00 T = 0.04
 --> Site =  151 .. Mmps =   25 Ndav =  12 E =   -165.6820708155 Error = 1.00e-22 FLOPS = 8.34e+09 Tdav = 0.00 T = 0.03
 --> Site =  152 .. Mmps =   25 Ndav =  11 E =   -165.6821106171 Error = 2.49e-22 FLOPS = 8.45e+09 Tdav = 0.00 T = 0.03
 --> Site =  153 .. Mmps =   25 Ndav =  11 E =   -165.6821266850 Error = 7.15e-22 FLOPS = 8.20e+09 Tdav = 0.00 T = 0.03
 --> Site =  154 .. Mmps =   25 Ndav =  12 E =   -165.6821776235 Error = 5.31e-22 FLOPS = 7.70e+09 Tdav = 0.00 T = 0.03
 --> Site =  155 .. Mmps =   25 Ndav =  12 E =   -165.6822066794 Error = 3.75e-22 FLOPS = 7.40e+09 Tdav = 0.00 T = 0.04
 --> Site =  156 .. Mmps =   25 Ndav =   9 E =   -165.6822614451 Error = 8.60e-22 FLOPS = 8.05e+09 Tdav = 0.00 T = 0.03
 --> Site =  157 .. Mmps =   25 Ndav =  14 E =   -165.6823259227 Error = 1.29e-22 FLOPS = 6.03e+09 Tdav = 0.00 T = 0.04
 --> Site =  158 .. Mmps =   25 Ndav =  10 E =   -165.6823412999 Error = 2.69e-22 FLOPS = 6.85e+09 Tdav = 0.00 T = 0.03
 --> Site =  159 .. Mmps =   25 Ndav =  15 E =   -165.6823757767 Error = 4.42e-22 FLOPS = 5.23e+09 Tdav = 0.00 T = 0.03
 --> Site =  160 .. Mmps =   25 Ndav =  10 E =   -165.6823828815 Error = 9.73e-23 FLOPS = 6.41e+09 Tdav = 0.00 T = 0.03
 --> Site =  161 .. Mmps =   25 Ndav =  13 E =   -165.6823950261 Error = 2.76e-23 FLOPS = 5.22e+09 Tdav = 0.00 T = 0.03
 --> Site =  162 .. Mmps =   25 Ndav =  10 E =   -165.6823965467 Error = 7.97e-24 FLOPS = 5.70e+09 Tdav = 0.00 T = 0.03
 --> Site =  163 .. Mmps =   25 Ndav =  11 E =   -165.6823987124 Error = 7.34e-26 FLOPS = 4.90e+09 Tdav = 0.00 T = 0.03
 --> Site =  164 .. Mmps =   25 Ndav =   7 E =   -165.6823988255 Error = 4.32e-26 FLOPS = 5.24e+09 Tdav = 0.00 T = 0.03
 --> Site =  165 .. Mmps =   25 Ndav =   2 E =   -165.6823988255 Error = 4.99e-31 FLOPS = 2.27e+09 Tdav = 0.00 T = 0.03
 --> Site =  166 .. Mmps =   25 Ndav =   1 E =   -165.6823988255 Error = 4.91e-59 FLOPS = 9.79e+08 Tdav = 0.00 T = 0.03
 --> Site =  167 .. Mmps =   25 Ndav =   1 E =   -165.6823988255 Error = 4.02e-84 FLOPS = 4.71e+08 Tdav = 0.00 T = 0.03
 --> Site =  168 .. Mmps =   24 Ndav =   1 E =   -165.6823988255 Error = 0.00e+00 FLOPS = 1.45e+08 Tdav = 0.00 T = 0.02
Time elapsed =    178.463 | E =    -165.6823988255 | DE = -4.79e-03 | DW = 2.17275e-21
Time sweep =       10.522 | 3.11 GFLOP/SWP
 | Dmem = 279 KB (2%) | Imem = 232 B (79%) | Hmem = 1.15 MB | Wmem = 5.86 KB | Pmem = 5.86 KB
 | Tread = 0.195 | Twrite = 0.881 | Tfpread = 0.058 | Tfpwrite = 0.052 | Tmporead = 0.000 | Tasync = 0.000
 | data = 30.8 MB | cpsd = 23.7 MB
 | Trot = 0.053 | Tctr = 0.008 | Tint = 0.006 | Tmid = 0.000 | Tdctr = 0.136 | Tdiag = 0.021 | Tinfo = 0.283
 | Teff = 5.135 | Tprt = 0.110 | Teig = 0.312 | Tblk = 8.811 | Tmve = 1.702 | Tdm = 0.003 | Tsplt = 0.040 | Tsvd = 0.000 | Torth = 0.000

Sweep =    5 | Direction = backward | Bond dimension =   25 | Noise =  1.00e-05 | Dav threshold =  1.00e-10
 <-- Site =  168 .. Mmps =    2 Ndav =   1 E =   -165.6823988255 Error = 0.00e+00 FLOPS = 1.31e+08 Tdav = 0.00 T = 0.02
 <-- Site =  167 .. Mmps =    4 Ndav =   1 E =   -165.6823988255 Error = 0.00e+00 FLOPS = 4.12e+08 Tdav = 0.00 T = 0.03
 <-- Site =  166 .. Mmps =    8 Ndav =   1 E =   -165.6823988255 Error = 0.00e+00 FLOPS = 9.01e+08 Tdav = 0.00 T = 0.03
 <-- Site =  165 .. Mmps =   16 Ndav =   1 E =   -165.6823988255 Error = 0.00e+00 FLOPS = 1.57e+09 Tdav = 0.00 T = 0.03
 <-- Site =  164 .. Mmps =   25 Ndav =   1 E =   -165.6823988255 Error = 1.09e-21 FLOPS = 2.22e+09 Tdav = 0.00 T = 0.03
 <-- Site =  163 .. Mmps =   25 Ndav =   7 E =   -165.6823988402 Error = 3.27e-20 FLOPS = 6.52e+09 Tdav = 0.00 T = 0.03
 <-- Site =  162 .. Mmps =   25 Ndav =   7 E =   -165.6823989368 Error = 3.40e-20 FLOPS = 7.40e+09 Tdav = 0.00 T = 0.03
 <-- Site =  161 .. Mmps =   25 Ndav =  10 E =   -165.6823995237 Error = 3.59e-19 FLOPS = 7.15e+09 Tdav = 0.00 T = 0.03
 <-- Site =  160 .. Mmps =   25 Ndav =   9 E =   -165.6824033810 Error = 4.95e-20 FLOPS = 7.80e+09 Tdav = 0.00 T = 0.03
 <-- Site =  159 .. Mmps =   25 Ndav =  15 E =   -165.6824127917 Error = 1.45e-19 FLOPS = 6.39e+09 Tdav = 0.00 T = 0.03
 <-- Site =  158 .. Mmps =   25 Ndav =  11 E =   -165.6824512691 Error = 1.27e-18 FLOPS = 7.97e+09 Tdav = 0.00 T = 0.03
 <-- Site =  157 .. Mmps =   25 Ndav =  14 E =   -165.6824820618 Error = 3.14e-19 FLOPS = 7.28e+09 Tdav = 0.00 T = 0.03
 <-- Site =  156 .. Mmps =   25 Ndav =  11 E =   -165.6825593772 Error = 7.51e-19 FLOPS = 8.48e+09 Tdav = 0.00 T = 0.03
 <-- Site =  155 .. Mmps =   25 Ndav =  13 E =   -165.6827106220 Error = 4.89e-19 FLOPS = 8.14e+09 Tdav = 0.00 T = 0.03
 <-- Site =  154 .. Mmps =   25 Ndav =  12 E =   -165.6829657496 Error = 6.37e-19 FLOPS = 8.63e+09 Tdav = 0.00 T = 0.03
 <-- Site =  153 .. Mmps =   25 Ndav =  14 E =   -165.6831511805 Error = 3.03e-19 FLOPS = 8.23e+09 Tdav = 0.00 T = 0.04
 <-- Site =  152 .. Mmps =   25 Ndav =  13 E =   -165.6833216211 Error = 9.18e-19 FLOPS = 8.76e+09 Tdav = 0.00 T = 0.04
 <-- Site =  151 .. Mmps =   25 Ndav =  15 E =   -165.6834230127 Error = 6.28e-19 FLOPS = 8.32e+09 Tdav = 0.00 T = 0.04
 <-- Site =  150 .. Mmps =   25 Ndav =  13 E =   -165.6835911297 Error = 1.42e-18 FLOPS = 9.12e+09 Tdav = 0.00 T = 0.04
 <-- Site =  149 .. Mmps =   25 Ndav =  15 E =   -165.6836938652 Error = 2.59e-18 FLOPS = 8.69e+09 Tdav = 0.00 T = 0.04
 <-- Site =  148 .. Mmps =   25 Ndav =  14 E =   -165.6838550253 Error = 5.56e-19 FLOPS = 9.15e+09 Tdav = 0.00 T = 0.04
 <-- Site =  147 .. Mmps =   25 Ndav =  15 E =   -165.6839780333 Error = 5.65e-19 FLOPS = 8.95e+09 Tdav = 0.00 T = 0.04
 <-- Site =  146 .. Mmps =   25 Ndav =  12 E =   -165.6840748591 Error = 1.32e-18 FLOPS = 9.95e+09 Tdav = 0.00 T = 0.04
 <-- Site =  145 .. Mmps =   25 Ndav =  12 E =   -165.6841228775 Error = 3.26e-19 FLOPS = 1.01e+10 Tdav = 0.00 T = 0.04
 <-- Site =  144 .. Mmps =   25 Ndav =  12 E =   -165.6842053933 Error = 1.03e-18 FLOPS = 1.00e+10 Tdav = 0.00 T = 0.04
 <-- Site =  143 .. Mmps =   25 Ndav =  13 E =   -165.6843710414 Error = 1.14e-19 FLOPS = 9.89e+09 Tdav = 0.00 T = 0.05
 <-- Site =  142 .. Mmps =   25 Ndav =  11 E =   -165.6844553569 Error = 1.98e-17 FLOPS = 1.05e+10 Tdav = 0.00 T = 0.05
 <-- Site =  141 .. Mmps =   25 Ndav =  15 E =   -165.6845776330 Error = 4.85e-19 FLOPS = 9.61e+09 Tdav = 0.00 T = 0.05
 <-- Site =  140 .. Mmps =   25 Ndav =  12 E =   -165.6847399862 Error = 2.28e-18 FLOPS = 1.04e+10 Tdav = 0.00 T = 0.05
 <-- Site =  139 .. Mmps =   25 Ndav =  13 E =   -165.6848306068 Error = 1.41e-18 FLOPS = 1.03e+10 Tdav = 0.00 T = 0.05
 <-- Site =  138 .. Mmps =   25 Ndav =  12 E =   -165.6849079935 Error = 1.50e-17 FLOPS = 1.06e+10 Tdav = 0.00 T = 0.05
 <-- Site =  137 .. Mmps =   25 Ndav =  14 E =   -165.6849928485 Error = 1.79e-19 FLOPS = 1.02e+10 Tdav = 0.00 T = 0.06
 <-- Site =  136 .. Mmps =   25 Ndav =  12 E =   -165.6850860680 Error = 3.07e-18 FLOPS = 1.07e+10 Tdav = 0.00 T = 0.06
 <-- Site =  135 .. Mmps =   25 Ndav =  13 E =   -165.6851550717 Error = 1.48e-19 FLOPS = 1.05e+10 Tdav = 0.00 T = 0.06
 <-- Site =  134 .. Mmps =   25 Ndav =  12 E =   -165.6852674599 Error = 2.01e-19 FLOPS = 1.08e+10 Tdav = 0.00 T = 0.06
 <-- Site =  133 .. Mmps =   25 Ndav =  10 E =   -165.6852922523 Error = 8.22e-20 FLOPS = 1.12e+10 Tdav = 0.00 T = 0.06
 <-- Site =  132 .. Mmps =   25 Ndav =  11 E =   -165.6853292425 Error = 9.08e-18 FLOPS = 1.11e+10 Tdav = 0.00 T = 0.06
 <-- Site =  131 .. Mmps =   25 Ndav =  14 E =   -165.6853826729 Error = 2.28e-19 FLOPS = 1.05e+10 Tdav = 0.00 T = 0.06
 <-- Site =  130 .. Mmps =   25 Ndav =  12 E =   -165.6854692970 Error = 2.58e-18 FLOPS = 1.10e+10 Tdav = 0.00 T = 0.06
 <-- Site =  129 .. Mmps =   25 Ndav =  13 E =   -165.6855014954 Error = 5.80e-19 FLOPS = 1.08e+10 Tdav = 0.00 T = 0.07
 <-- Site =  128 .. Mmps =   25 Ndav =  13 E =   -165.6855861070 Error = 2.67e-19 FLOPS = 1.08e+10 Tdav = 0.00 T = 0.07
 <-- Site =  127 .. Mmps =   25 Ndav =  12 E =   -165.6856207504 Error = 4.58e-19 FLOPS = 1.11e+10 Tdav = 0.00 T = 0.07
 <-- Site =  126 .. Mmps =   25 Ndav =  11 E =   -165.6856555447 Error = 9.44e-19 FLOPS = 1.13e+10 Tdav = 0.00 T = 0.07
 <-- Site =  125 .. Mmps =   25 Ndav =  12 E =   -165.6856869942 Error = 1.57e-18 FLOPS = 1.12e+10 Tdav = 0.00 T = 0.07
 <-- Site =  124 .. Mmps =   25 Ndav =  11 E =   -165.6857230256 Error = 8.81e-18 FLOPS = 1.13e+10 Tdav = 0.00 T = 0.07
 <-- Site =  123 .. Mmps =   25 Ndav =  12 E =   -165.6857712242 Error = 7.14e-20 FLOPS = 1.12e+10 Tdav = 0.00 T = 0.08
 <-- Site =  122 .. Mmps =   25 Ndav =  11 E =   -165.6858263469 Error = 1.32e-19 FLOPS = 1.14e+10 Tdav = 0.00 T = 0.07
 <-- Site =  121 .. Mmps =   25 Ndav =  11 E =   -165.6858734891 Error = 1.24e-19 FLOPS = 1.13e+10 Tdav = 0.00 T = 0.07
 <-- Site =  120 .. Mmps =   25 Ndav =  10 E =   -165.6859287440 Error = 1.49e-18 FLOPS = 1.16e+10 Tdav = 0.00 T = 0.08
 <-- Site =  119 .. Mmps =   25 Ndav =  12 E =   -165.6859879998 Error = 1.63e-19 FLOPS = 1.13e+10 Tdav = 0.00 T = 0.08
 <-- Site =  118 .. Mmps =   25 Ndav =  12 E =   -165.6860361096 Error = 2.39e-18 FLOPS = 1.13e+10 Tdav = 0.00 T = 0.10
 <-- Site =  117 .. Mmps =   25 Ndav =  17 E =   -165.6861237326 Error = 2.88e-19 FLOPS = 1.05e+10 Tdav = 0.01 T = 0.08
 <-- Site =  116 .. Mmps =   25 Ndav =  11 E =   -165.6862609290 Error = 1.99e-19 FLOPS = 1.15e+10 Tdav = 0.00 T = 0.08
 <-- Site =  115 .. Mmps =   25 Ndav =  17 E =   -165.6863817991 Error = 6.10e-19 FLOPS = 1.06e+10 Tdav = 0.01 T = 0.09
 <-- Site =  114 .. Mmps =   25 Ndav =  13 E =   -165.6865435683 Error = 1.73e-18 FLOPS = 1.13e+10 Tdav = 0.01 T = 0.09
 <-- Site =  113 .. Mmps =   25 Ndav =  12 E =   -165.6865921833 Error = 1.47e-19 FLOPS = 1.14e+10 Tdav = 0.01 T = 0.10
 <-- Site =  112 .. Mmps =   25 Ndav =  11 E =   -165.6867247442 Error = 1.63e-18 FLOPS = 1.16e+10 Tdav = 0.00 T = 0.09
 <-- Site =  111 .. Mmps =   25 Ndav =  12 E =   -165.6868264220 Error = 5.47e-19 FLOPS = 1.14e+10 Tdav = 0.01 T = 0.08
 <-- Site =  110 .. Mmps =   25 Ndav =  11 E =   -165.6868528077 Error = 1.16e-17 FLOPS = 1.16e+10 Tdav = 0.00 T = 0.08
 <-- Site =  109 .. Mmps =   25 Ndav =  12 E =   -165.6868912927 Error = 7.28e-19 FLOPS = 1.14e+10 Tdav = 0.01 T = 0.11
 <-- Site =  108 .. Mmps =   25 Ndav =  11 E =   -165.6869592937 Error = 3.88e-18 FLOPS = 1.16e+10 Tdav = 0.00 T = 0.09
 <-- Site =  107 .. Mmps =   25 Ndav =  11 E =   -165.6869763923 Error = 1.07e-19 FLOPS = 1.16e+10 Tdav = 0.00 T = 0.09
 <-- Site =  106 .. Mmps =   25 Ndav =  11 E =   -165.6870224012 Error = 3.34e-18 FLOPS = 1.17e+10 Tdav = 0.00 T = 0.09
 <-- Site =  105 .. Mmps =   25 Ndav =  17 E =   -165.6871278445 Error = 7.34e-19 FLOPS = 1.07e+10 Tdav = 0.01 T = 0.09
 <-- Site =  104 .. Mmps =   25 Ndav =  13 E =   -165.6873091969 Error = 7.91e-19 FLOPS = 1.14e+10 Tdav = 0.01 T = 0.09
 <-- Site =  103 .. Mmps =   25 Ndav =  13 E =   -165.6873895693 Error = 2.56e-19 FLOPS = 1.14e+10 Tdav = 0.01 T = 0.09
 <-- Site =  102 .. Mmps =   25 Ndav =  12 E =   -165.6874849200 Error = 5.59e-18 FLOPS = 1.16e+10 Tdav = 0.01 T = 0.09
 <-- Site =  101 .. Mmps =   25 Ndav =  13 E =   -165.6875432175 Error = 1.56e-19 FLOPS = 1.14e+10 Tdav = 0.01 T = 0.09
 <-- Site =  100 .. Mmps =   25 Ndav =  11 E =   -165.6876556417 Error = 6.32e-19 FLOPS = 1.17e+10 Tdav = 0.00 T = 0.09
 <-- Site =   99 .. Mmps =   25 Ndav =  11 E =   -165.6876863966 Error = 1.11e-19 FLOPS = 1.18e+10 Tdav = 0.00 T = 0.09
 <-- Site =   98 .. Mmps =   25 Ndav =  11 E =   -165.6877284472 Error = 9.10e-19 FLOPS = 1.17e+10 Tdav = 0.00 T = 0.10
 <-- Site =   97 .. Mmps =   25 Ndav =  12 E =   -165.6878033227 Error = 1.31e-19 FLOPS = 1.16e+10 Tdav = 0.01 T = 0.10
 <-- Site =   96 .. Mmps =   25 Ndav =  10 E =   -165.6878142749 Error = 1.82e-18 FLOPS = 1.18e+10 Tdav = 0.00 T = 0.09
 <-- Site =   95 .. Mmps =   25 Ndav =  11 E =   -165.6878909735 Error = 1.35e-19 FLOPS = 1.17e+10 Tdav = 0.00 T = 0.09
 <-- Site =   94 .. Mmps =   25 Ndav =  11 E =   -165.6879786466 Error = 3.71e-19 FLOPS = 1.18e+10 Tdav = 0.00 T = 0.09
 <-- Site =   93 .. Mmps =   25 Ndav =  13 E =   -165.6881627446 Error = 3.43e-19 FLOPS = 1.14e+10 Tdav = 0.01 T = 0.09
 <-- Site =   92 .. Mmps =   25 Ndav =  13 E =   -165.6883158150 Error = 5.78e-18 FLOPS = 1.15e+10 Tdav = 0.01 T = 0.09
 <-- Site =   91 .. Mmps =   25 Ndav =  16 E =   -165.6884408086 Error = 9.02e-19 FLOPS = 1.09e+10 Tdav = 0.01 T = 0.10
 <-- Site =   90 .. Mmps =   25 Ndav =  12 E =   -165.6885834993 Error = 3.01e-18 FLOPS = 1.16e+10 Tdav = 0.01 T = 0.10
 <-- Site =   89 .. Mmps =   25 Ndav =  18 E =   -165.6887620247 Error = 3.35e-19 FLOPS = 1.06e+10 Tdav = 0.01 T = 0.10
 <-- Site =   88 .. Mmps =   25 Ndav =  12 E =   -165.6889252191 Error = 7.91e-18 FLOPS = 1.17e+10 Tdav = 0.01 T = 0.09
 <-- Site =   87 .. Mmps =   25 Ndav =  11 E =   -165.6890195822 Error = 2.21e-19 FLOPS = 1.17e+10 Tdav = 0.00 T = 0.09
 <-- Site =   86 .. Mmps =   25 Ndav =  10 E =   -165.6890623366 Error = 2.93e-19 FLOPS = 1.18e+10 Tdav = 0.00 T = 0.09
 <-- Site =   85 .. Mmps =   25 Ndav =  11 E =   -165.6891048325 Error = 3.03e-19 FLOPS = 1.17e+10 Tdav = 0.00 T = 0.09
 <-- Site =   84 .. Mmps =   25 Ndav =  11 E =   -165.6892196487 Error = 2.08e-18 FLOPS = 1.17e+10 Tdav = 0.00 T = 0.09
 <-- Site =   83 .. Mmps =   25 Ndav =  12 E =   -165.6892807679 Error = 8.00e-19 FLOPS = 1.15e+10 Tdav = 0.01 T = 0.09
 <-- Site =   82 .. Mmps =   25 Ndav =  11 E =   -165.6893689052 Error = 2.48e-18 FLOPS = 1.16e+10 Tdav = 0.00 T = 0.09
 <-- Site =   81 .. Mmps =   25 Ndav =  12 E =   -165.6893933961 Error = 9.44e-20 FLOPS = 1.16e+10 Tdav = 0.01 T = 0.09
 <-- Site =   80 .. Mmps =   25 Ndav =  12 E =   -165.6894466618 Error = 2.59e-18 FLOPS = 1.16e+10 Tdav = 0.01 T = 0.09
 <-- Site =   79 .. Mmps =   25 Ndav =  16 E =   -165.6895704499 Error = 3.35e-19 FLOPS = 1.10e+10 Tdav = 0.01 T = 0.11
 <-- Site =   78 .. Mmps =   25 Ndav =  12 E =   -165.6897686482 Error = 1.30e-19 FLOPS = 1.16e+10 Tdav = 0.01 T = 0.09
 <-- Site =   77 .. Mmps =   25 Ndav =  14 E =   -165.6898585591 Error = 4.78e-19 FLOPS = 1.13e+10 Tdav = 0.01 T = 0.09
 <-- Site =   76 .. Mmps =   25 Ndav =  13 E =   -165.6899584872 Error = 2.22e-17 FLOPS = 1.14e+10 Tdav = 0.01 T = 0.09
 <-- Site =   75 .. Mmps =   25 Ndav =  12 E =   -165.6900157426 Error = 8.51e-19 FLOPS = 1.16e+10 Tdav = 0.01 T = 0.09
 <-- Site =   74 .. Mmps =   25 Ndav =  12 E =   -165.6900982429 Error = 4.94e-18 FLOPS = 1.16e+10 Tdav = 0.01 T = 0.10
 <-- Site =   73 .. Mmps =   25 Ndav =  11 E =   -165.6901194941 Error = 6.49e-19 FLOPS = 1.17e+10 Tdav = 0.00 T = 0.10
 <-- Site =   72 .. Mmps =   25 Ndav =  11 E =   -165.6901691036 Error = 1.08e-17 FLOPS = 1.17e+10 Tdav = 0.00 T = 0.09
 <-- Site =   71 .. Mmps =   25 Ndav =  11 E =   -165.6902007013 Error = 3.06e-19 FLOPS = 1.16e+10 Tdav = 0.00 T = 0.09
 <-- Site =   70 .. Mmps =   25 Ndav =  11 E =   -165.6903056119 Error = 7.70e-18 FLOPS = 1.17e+10 Tdav = 0.00 T = 0.09
 <-- Site =   69 .. Mmps =   25 Ndav =  12 E =   -165.6904095139 Error = 3.90e-19 FLOPS = 1.16e+10 Tdav = 0.01 T = 0.09
 <-- Site =   68 .. Mmps =   25 Ndav =  13 E =   -165.6905328672 Error = 2.18e-17 FLOPS = 1.14e+10 Tdav = 0.01 T = 0.09
 <-- Site =   67 .. Mmps =   25 Ndav =  14 E =   -165.6907502259 Error = 1.64e-19 FLOPS = 1.13e+10 Tdav = 0.01 T = 0.09
 <-- Site =   66 .. Mmps =   25 Ndav =  13 E =   -165.6908559113 Error = 7.08e-19 FLOPS = 1.14e+10 Tdav = 0.01 T = 0.10
 <-- Site =   65 .. Mmps =   25 Ndav =  17 E =   -165.6910081984 Error = 1.09e-18 FLOPS = 1.07e+10 Tdav = 0.01 T = 0.10
 <-- Site =   64 .. Mmps =   25 Ndav =  12 E =   -165.6911125695 Error = 4.30e-19 FLOPS = 1.15e+10 Tdav = 0.01 T = 0.09
 <-- Site =   63 .. Mmps =   25 Ndav =  17 E =   -165.6912738823 Error = 1.28e-18 FLOPS = 1.07e+10 Tdav = 0.01 T = 0.09
 <-- Site =   62 .. Mmps =   25 Ndav =  12 E =   -165.6913980470 Error = 3.84e-17 FLOPS = 1.15e+10 Tdav = 0.01 T = 0.09
 <-- Site =   61 .. Mmps =   25 Ndav =  11 E =   -165.6914323572 Error = 1.00e-19 FLOPS = 1.16e+10 Tdav = 0.00 T = 0.09
 <-- Site =   60 .. Mmps =   25 Ndav =  11 E =   -165.6915343084 Error = 1.55e-18 FLOPS = 1.16e+10 Tdav = 0.00 T = 0.08
 <-- Site =   59 .. Mmps =   25 Ndav =  11 E =   -165.6916023009 Error = 1.06e-18 FLOPS = 1.15e+10 Tdav = 0.00 T = 0.08
 <-- Site =   58 .. Mmps =   25 Ndav =  12 E =   -165.6916666411 Error = 2.63e-18 FLOPS = 1.14e+10 Tdav = 0.01 T = 0.09
 <-- Site =   57 .. Mmps =   25 Ndav =  12 E =   -165.6917147539 Error = 8.69e-20 FLOPS = 1.14e+10 Tdav = 0.01 T = 0.09
 <-- Site =   56 .. Mmps =   25 Ndav =  11 E =   -165.6917896418 Error = 3.91e-19 FLOPS = 1.16e+10 Tdav = 0.00 T = 0.09
 <-- Site =   55 .. Mmps =   25 Ndav =  12 E =   -165.6918423922 Error = 9.95e-20 FLOPS = 1.14e+10 Tdav = 0.01 T = 0.09
 <-- Site =   54 .. Mmps =   25 Ndav =  13 E =   -165.6918926067 Error = 7.34e-18 FLOPS = 1.12e+10 Tdav = 0.01 T = 0.09
 <-- Site =   53 .. Mmps =   25 Ndav =  17 E =   -165.6920636363 Error = 1.27e-18 FLOPS = 1.05e+10 Tdav = 0.01 T = 0.09
 <-- Site =   52 .. Mmps =   25 Ndav =  12 E =   -165.6921905487 Error = 9.17e-18 FLOPS = 1.13e+10 Tdav = 0.00 T = 0.08
 <-- Site =   51 .. Mmps =   25 Ndav =  14 E =   -165.6922670503 Error = 1.51e-18 FLOPS = 1.09e+10 Tdav = 0.01 T = 0.08
 <-- Site =   50 .. Mmps =   25 Ndav =  12 E =   -165.6923385146 Error = 6.77e-19 FLOPS = 1.13e+10 Tdav = 0.00 T = 0.08
 <-- Site =   49 .. Mmps =   25 Ndav =  14 E =   -165.6923738473 Error = 9.69e-20 FLOPS = 1.09e+10 Tdav = 0.01 T = 0.08
 <-- Site =   48 .. Mmps =   25 Ndav =  11 E =   -165.6924123407 Error = 5.50e-18 FLOPS = 1.14e+10 Tdav = 0.00 T = 0.09
 <-- Site =   47 .. Mmps =   25 Ndav =  12 E =   -165.6924678345 Error = 3.82e-19 FLOPS = 1.12e+10 Tdav = 0.00 T = 0.08
 <-- Site =   46 .. Mmps =   25 Ndav =  12 E =   -165.6925229717 Error = 1.59e-18 FLOPS = 1.11e+10 Tdav = 0.00 T = 0.07
 <-- Site =   45 .. Mmps =   25 Ndav =  11 E =   -165.6925724444 Error = 5.18e-19 FLOPS = 1.12e+10 Tdav = 0.00 T = 0.08
 <-- Site =   44 .. Mmps =   25 Ndav =  11 E =   -165.6925919361 Error = 2.72e-19 FLOPS = 1.12e+10 Tdav = 0.00 T = 0.07
 <-- Site =   43 .. Mmps =   25 Ndav =  12 E =   -165.6926736954 Error = 9.97e-19 FLOPS = 1.10e+10 Tdav = 0.00 T = 0.07
 <-- Site =   42 .. Mmps =   25 Ndav =  11 E =   -165.6927336637 Error = 7.35e-18 FLOPS = 1.12e+10 Tdav = 0.00 T = 0.07
 <-- Site =   41 .. Mmps =   25 Ndav =  13 E =   -165.6928260570 Error = 1.65e-19 FLOPS = 1.09e+10 Tdav = 0.00 T = 0.07
 <-- Site =   40 .. Mmps =   25 Ndav =  12 E =   -165.6929840195 Error = 1.90e-18 FLOPS = 1.11e+10 Tdav = 0.00 T = 0.09
 <-- Site =   39 .. Mmps =   25 Ndav =  14 E =   -165.6931026011 Error = 2.64e-19 FLOPS = 1.06e+10 Tdav = 0.01 T = 0.07
 <-- Site =   38 .. Mmps =   25 Ndav =  11 E =   -165.6931890706 Error = 5.89e-19 FLOPS = 1.11e+10 Tdav = 0.00 T = 0.07
 <-- Site =   37 .. Mmps =   25 Ndav =  15 E =   -165.6932464935 Error = 1.85e-19 FLOPS = 1.03e+10 Tdav = 0.01 T = 0.06
 <-- Site =   36 .. Mmps =   25 Ndav =  12 E =   -165.6933333925 Error = 9.19e-18 FLOPS = 1.08e+10 Tdav = 0.00 T = 0.07
 <-- Site =   35 .. Mmps =   25 Ndav =  12 E =   -165.6933738600 Error = 7.79e-20 FLOPS = 1.07e+10 Tdav = 0.00 T = 0.06
 <-- Site =   34 .. Mmps =   25 Ndav =  10 E =   -165.6933985400 Error = 1.94e-18 FLOPS = 1.11e+10 Tdav = 0.00 T = 0.06
 <-- Site =   33 .. Mmps =   25 Ndav =  12 E =   -165.6934345720 Error = 5.25e-19 FLOPS = 1.07e+10 Tdav = 0.00 T = 0.06
 <-- Site =   32 .. Mmps =   25 Ndav =  10 E =   -165.6934930595 Error = 2.36e-18 FLOPS = 1.10e+10 Tdav = 0.00 T = 0.05
 <-- Site =   31 .. Mmps =   25 Ndav =  12 E =   -165.6935452746 Error = 1.43e-19 FLOPS = 1.06e+10 Tdav = 0.00 T = 0.05
 <-- Site =   30 .. Mmps =   25 Ndav =  12 E =   -165.6936431540 Error = 3.51e-19 FLOPS = 1.04e+10 Tdav = 0.00 T = 0.05
 <-- Site =   29 .. Mmps =   25 Ndav =  12 E =   -165.6937440939 Error = 3.49e-19 FLOPS = 1.04e+10 Tdav = 0.00 T = 0.06
 <-- Site =   28 .. Mmps =   25 Ndav =  12 E =   -165.6937877482 Error = 2.06e-18 FLOPS = 1.03e+10 Tdav = 0.00 T = 0.05
 <-- Site =   27 .. Mmps =   25 Ndav =  17 E =   -165.6940346912 Error = 3.98e-19 FLOPS = 9.06e+09 Tdav = 0.01 T = 0.06
 <-- Site =   26 .. Mmps =   25 Ndav =  11 E =   -165.6941764645 Error = 5.68e-18 FLOPS = 1.04e+10 Tdav = 0.00 T = 0.11
 <-- Site =   25 .. Mmps =   25 Ndav =  12 E =   -165.6944999302 Error = 6.49e-19 FLOPS = 1.01e+10 Tdav = 0.00 T = 0.04
 <-- Site =   24 .. Mmps =   25 Ndav =  12 E =   -165.6945850603 Error = 2.16e-19 FLOPS = 1.01e+10 Tdav = 0.00 T = 0.04
 <-- Site =   23 .. Mmps =   25 Ndav =  12 E =   -165.6946346365 Error = 1.96e-19 FLOPS = 9.92e+09 Tdav = 0.00 T = 0.04
 <-- Site =   22 .. Mmps =   25 Ndav =  12 E =   -165.6946942625 Error = 1.23e-18 FLOPS = 9.83e+09 Tdav = 0.00 T = 0.04
 <-- Site =   21 .. Mmps =   25 Ndav =  15 E =   -165.6948891736 Error = 2.78e-19 FLOPS = 8.93e+09 Tdav = 0.00 T = 0.04
 <-- Site =   20 .. Mmps =   25 Ndav =  14 E =   -165.6950958033 Error = 7.12e-18 FLOPS = 9.08e+09 Tdav = 0.00 T = 0.05
 <-- Site =   19 .. Mmps =   25 Ndav =  15 E =   -165.6952948438 Error = 8.94e-19 FLOPS = 8.69e+09 Tdav = 0.00 T = 0.04
 <-- Site =   18 .. Mmps =   25 Ndav =  14 E =   -165.6955464971 Error = 1.31e-18 FLOPS = 8.82e+09 Tdav = 0.00 T = 0.04
 <-- Site =   17 .. Mmps =   25 Ndav =  14 E =   -165.6956399481 Error = 4.63e-19 FLOPS = 8.68e+09 Tdav = 0.00 T = 0.04
 <-- Site =   16 .. Mmps =   25 Ndav =  14 E =   -165.6960421515 Error = 1.48e-18 FLOPS = 8.53e+09 Tdav = 0.00 T = 0.04
 <-- Site =   15 .. Mmps =   25 Ndav =  11 E =   -165.6962324242 Error = 3.14e-19 FLOPS = 9.07e+09 Tdav = 0.00 T = 0.04
 <-- Site =   14 .. Mmps =   25 Ndav =  13 E =   -165.6964909834 Error = 4.76e-19 FLOPS = 8.36e+09 Tdav = 0.00 T = 0.03
 <-- Site =   13 .. Mmps =   25 Ndav =  16 E =   -165.6967021822 Error = 7.02e-20 FLOPS = 7.29e+09 Tdav = 0.00 T = 0.04
 <-- Site =   12 .. Mmps =   25 Ndav =  12 E =   -165.6969874206 Error = 5.22e-17 FLOPS = 8.10e+09 Tdav = 0.00 T = 0.03
 <-- Site =   11 .. Mmps =   25 Ndav =  17 E =   -165.6972062732 Error = 2.06e-19 FLOPS = 6.54e+09 Tdav = 0.00 T = 0.03
 <-- Site =   10 .. Mmps =   25 Ndav =  12 E =   -165.6973034184 Error = 4.80e-19 FLOPS = 7.57e+09 Tdav = 0.00 T = 0.06
 <-- Site =    9 .. Mmps =   25 Ndav =  16 E =   -165.6973844660 Error = 2.18e-18 FLOPS = 6.25e+09 Tdav = 0.00 T = 0.04
 <-- Site =    8 .. Mmps =   25 Ndav =  11 E =   -165.6974035147 Error = 3.50e-18 FLOPS = 7.28e+09 Tdav = 0.00 T = 0.03
 <-- Site =    7 .. Mmps =   25 Ndav =  15 E =   -165.6974324860 Error = 3.59e-19 FLOPS = 5.96e+09 Tdav = 0.00 T = 0.03
 <-- Site =    6 .. Mmps =   25 Ndav =  10 E =   -165.6974357194 Error = 2.01e-19 FLOPS = 6.73e+09 Tdav = 0.00 T = 0.03
 <-- Site =    5 .. Mmps =   25 Ndav =  11 E =   -165.6974365923 Error = 8.65e-21 FLOPS = 5.66e+09 Tdav = 0.00 T = 0.03
 <-- Site =    4 .. Mmps =   25 Ndav =   7 E =   -165.6974366629 Error = 1.27e-24 FLOPS = 4.27e+09 Tdav = 0.00 T = 0.03
 <-- Site =    3 .. Mmps =   25 Ndav =   1 E =   -165.6974366629 Error = 7.19e-45 FLOPS = 9.64e+08 Tdav = 0.00 T = 0.03
 <-- Site =    2 .. Mmps =   25 Ndav =   1 E =   -165.6974366629 Error = 2.97e-58 FLOPS = 5.70e+08 Tdav = 0.00 T = 0.02
 <-- Site =    1 .. Mmps =   25 Ndav =   1 E =   -165.6974366629 Error = 8.26e-64 FLOPS = 2.69e+08 Tdav = 0.00 T = 0.03
 <-- Site =    0 .. Mmps =   23 Ndav =   1 E =   -165.6974366629 Error = 0.00e+00 FLOPS = 1.12e+08 Tdav = 0.00 T = 0.02
Time elapsed =    189.816 | E =    -165.6974366629 | DE = -1.50e-02 | DW = 5.22221e-17
Time sweep =       11.353 | 6.79 GFLOP/SWP
 | Dmem = 283 KB (3%) | Imem = 232 B (79%) | Hmem = 1.32 MB | Wmem = 9.77 KB | Pmem = 9.77 KB
 | Tread = 0.221 | Twrite = 0.908 | Tfpread = 0.083 | Tfpwrite = 0.050 | Tmporead = 0.000 | Tasync = 0.000
 | data = 30.8 MB | cpsd = 20.9 MB
 | Trot = 0.064 | Tctr = 0.546 | Tint = 0.006 | Tmid = 0.000 | Tdctr = 0.007 | Tdiag = 0.030 | Tinfo = 0.292
 | Teff = 5.067 | Tprt = 0.131 | Teig = 0.679 | Tblk = 8.916 | Tmve = 2.425 | Tdm = 0.004 | Tsplt = 0.042 | Tsvd = 0.000 | Torth = 0.000

Sweep =    6 | Direction =  forward | Bond dimension =  550 | Noise =  1.00e-05 | Dav threshold =  1.00e-10
 --> Site =    0 .. Mmps =    2 Ndav =   1 E =   -165.6974366629 Error = 0.00e+00 FLOPS = 1.12e+08 Tdav = 0.00 T = 0.02
 --> Site =    1 .. Mmps =    4 Ndav =   1 E =   -165.6974366629 Error = 0.00e+00 FLOPS = 2.37e+08 Tdav = 0.00 T = 0.02
 --> Site =    2 .. Mmps =    8 Ndav =   1 E =   -165.6974366629 Error = 0.00e+00 FLOPS = 5.43e+08 Tdav = 0.00 T = 0.02
 --> Site =    3 .. Mmps =   16 Ndav =   1 E =   -165.6974366629 Error = 0.00e+00 FLOPS = 9.47e+08 Tdav = 0.00 T = 0.02
 --> Site =    4 .. Mmps =   26 Ndav =   1 E =   -165.6974366629 Error = 0.00e+00 FLOPS = 1.91e+09 Tdav = 0.00 T = 0.02
 --> Site =    5 .. Mmps =   40 Ndav =   5 E =   -165.6974366655 Error = 0.00e+00 FLOPS = 6.59e+09 Tdav = 0.00 T = 0.03
 --> Site =    6 .. Mmps =   52 Ndav =   5 E =   -165.6974366728 Error = 0.00e+00 FLOPS = 9.67e+09 Tdav = 0.00 T = 0.03
 --> Site =    7 .. Mmps =   64 Ndav =   9 E =   -165.6974368759 Error = 0.00e+00 FLOPS = 1.07e+10 Tdav = 0.00 T = 0.04
 --> Site =    8 .. Mmps =   76 Ndav =   8 E =   -165.6974373568 Error = 0.00e+00 FLOPS = 1.32e+10 Tdav = 0.00 T = 0.04
 --> Site =    9 .. Mmps =   89 Ndav =  12 E =   -165.6974383230 Error = 0.00e+00 FLOPS = 1.30e+10 Tdav = 0.01 T = 0.06
 --> Site =   10 .. Mmps =  102 Ndav =   9 E =   -165.6974410426 Error = 0.00e+00 FLOPS = 1.50e+10 Tdav = 0.01 T = 0.08
 --> Site =   11 .. Mmps =  115 Ndav =  15 E =   -165.6974486482 Error = 0.00e+00 FLOPS = 1.39e+10 Tdav = 0.02 T = 0.11
 --> Site =   12 .. Mmps =  125 Ndav =  12 E =   -165.6975553043 Error = 0.00e+00 FLOPS = 1.58e+10 Tdav = 0.02 T = 0.14
 --> Site =   13 .. Mmps =  138 Ndav =  15 E =   -165.6976555989 Error = 0.00e+00 FLOPS = 1.54e+10 Tdav = 0.03 T = 0.17
 --> Site =   14 .. Mmps =  152 Ndav =  13 E =   -165.6979735475 Error = 0.00e+00 FLOPS = 1.60e+10 Tdav = 0.03 T = 0.22
 --> Site =   15 .. Mmps =  166 Ndav =  15 E =   -165.6980748273 Error = 0.00e+00 FLOPS = 1.60e+10 Tdav = 0.04 T = 0.29
 --> Site =   16 .. Mmps =  176 Ndav =  13 E =   -165.6981481229 Error = 0.00e+00 FLOPS = 1.61e+10 Tdav = 0.05 T = 0.37
 --> Site =   17 .. Mmps =  187 Ndav =  15 E =   -165.6982241486 Error = 0.00e+00 FLOPS = 1.60e+10 Tdav = 0.06 T = 0.46
 --> Site =   18 .. Mmps =  199 Ndav =  13 E =   -165.6983349033 Error = 0.00e+00 FLOPS = 1.66e+10 Tdav = 0.06 T = 0.55
 --> Site =   19 .. Mmps =  212 Ndav =  15 E =   -165.6984313967 Error = 0.00e+00 FLOPS = 1.57e+10 Tdav = 0.09 T = 0.74
 --> Site =   20 .. Mmps =  224 Ndav =  14 E =   -165.6985602304 Error = 0.00e+00 FLOPS = 1.59e+10 Tdav = 0.10 T = 0.84
 --> Site =   21 .. Mmps =  239 Ndav =  16 E =   -165.6986358664 Error = 0.00e+00 FLOPS = 1.58e+10 Tdav = 0.13 T = 1.02
 --> Site =   22 .. Mmps =  252 Ndav =  13 E =   -165.6987503680 Error = 0.00e+00 FLOPS = 1.67e+10 Tdav = 0.12 T = 1.21
 --> Site =   23 .. Mmps =  265 Ndav =  12 E =   -165.6988158565 Error = 0.00e+00 FLOPS = 1.68e+10 Tdav = 0.12 T = 1.42
 --> Site =   24 .. Mmps =  278 Ndav =  12 E =   -165.6989003884 Error = 0.00e+00 FLOPS = 1.69e+10 Tdav = 0.14 T = 1.70
 --> Site =   25 .. Mmps =  290 Ndav =  13 E =   -165.6989265832 Error = 0.00e+00 FLOPS = 1.71e+10 Tdav = 0.17 T = 1.99
 --> Site =   26 .. Mmps =  303 Ndav =  11 E =   -165.6989856609 Error = 0.00e+00 FLOPS = 1.78e+10 Tdav = 0.16 T = 2.29
 --> Site =   27 .. Mmps =  316 Ndav =  15 E =   -165.6990923734 Error = 0.00e+00 FLOPS = 1.70e+10 Tdav = 0.25 T = 2.72
 --> Site =   28 .. Mmps =  330 Ndav =  12 E =   -165.6992147686 Error = 0.00e+00 FLOPS = 1.78e+10 Tdav = 0.22 T = 3.05
 --> Site =   29 .. Mmps =  343 Ndav =  13 E =   -165.6992767706 Error = 0.00e+00 FLOPS = 1.77e+10 Tdav = 0.27 T = 3.56
 --> Site =   30 .. Mmps =  355 Ndav =  13 E =   -165.6993599706 Error = 0.00e+00 FLOPS = 1.78e+10 Tdav = 0.29 T = 4.09
 --> Site =   31 .. Mmps =  369 Ndav =  15 E =   -165.6994414779 Error = 0.00e+00 FLOPS = 1.77e+10 Tdav = 0.38 T = 4.66
 --> Site =   32 .. Mmps =  380 Ndav =  12 E =   -165.6995130258 Error = 0.00e+00 FLOPS = 1.82e+10 Tdav = 0.33 T = 5.22
 --> Site =   33 .. Mmps =  393 Ndav =  13 E =   -165.6995718958 Error = 0.00e+00 FLOPS = 1.84e+10 Tdav = 0.38 T = 5.92
 --> Site =   34 .. Mmps =  403 Ndav =  12 E =   -165.6996220828 Error = 0.00e+00 FLOPS = 1.78e+10 Tdav = 0.40 T = 6.58
 --> Site =   35 .. Mmps =  415 Ndav =  12 E =   -165.6996419458 Error = 0.00e+00 FLOPS = 1.77e+10 Tdav = 0.43 T = 7.28
 --> Site =   36 .. Mmps =  426 Ndav =  12 E =   -165.6996628604 Error = 0.00e+00 FLOPS = 1.78e+10 Tdav = 0.47 T = 8.13
 --> Site =   37 .. Mmps =  440 Ndav =  15 E =   -165.6996915288 Error = 0.00e+00 FLOPS = 1.76e+10 Tdav = 0.64 T = 9.11
 --> Site =   38 .. Mmps =  453 Ndav =  12 E =   -165.6997459884 Error = 0.00e+00 FLOPS = 1.81e+10 Tdav = 0.54 T = 10.10
 --> Site =   39 .. Mmps =  464 Ndav =  14 E =   -165.6997757873 Error = 0.00e+00 FLOPS = 1.80e+10 Tdav = 0.69 T = 11.28
 --> Site =   40 .. Mmps =  476 Ndav =  12 E =   -165.6998247180 Error = 0.00e+00 FLOPS = 1.85e+10 Tdav = 0.62 T = 12.17
 --> Site =   41 .. Mmps =  489 Ndav =  12 E =   -165.6998367734 Error = 0.00e+00 FLOPS = 1.83e+10 Tdav = 0.67 T = 13.53
 --> Site =   42 .. Mmps =  501 Ndav =  12 E =   -165.6998692884 Error = 0.00e+00 FLOPS = 1.84e+10 Tdav = 0.72 T = 14.82
 --> Site =   43 .. Mmps =  514 Ndav =  13 E =   -165.6998999492 Error = 0.00e+00 FLOPS = 1.81e+10 Tdav = 0.81 T = 15.72
 --> Site =   44 .. Mmps =  527 Ndav =  11 E =   -165.6999239304 Error = 0.00e+00 FLOPS = 1.77e+10 Tdav = 0.76 T = 16.47
 --> Site =   45 .. Mmps =  543 Ndav =  11 E =   -165.6999479411 Error = 0.00e+00 FLOPS = 1.85e+10 Tdav = 0.78 T = 18.18
 --> Site =   46 .. Mmps =  550 Ndav =  12 E =   -165.6999928731 Error = 3.86e-31 FLOPS = 1.88e+10 Tdav = 0.89 T = 19.64
 --> Site =   47 .. Mmps =  550 Ndav =  10 E =   -165.7000480248 Error = 4.01e-31 FLOPS = 1.86e+10 Tdav = 0.78 T = 20.68
 --> Site =   48 .. Mmps =  550 Ndav =  12 E =   -165.7001179278 Error = 9.34e-31 FLOPS = 1.87e+10 Tdav = 0.95 T = 21.49
 --> Site =   49 .. Mmps =  550 Ndav =  13 E =   -165.7001330137 Error = 2.44e-31 FLOPS = 1.87e+10 Tdav = 1.03 T = 21.88
 --> Site =   50 .. Mmps =  550 Ndav =  12 E =   -165.7001545531 Error = 4.19e-31 FLOPS = 1.86e+10 Tdav = 0.98 T = 22.27
 --> Site =   51 .. Mmps =  550 Ndav =  17 E =   -165.7002218312 Error = 7.56e-31 FLOPS = 1.83e+10 Tdav = 1.41 T = 23.36
 --> Site =   52 .. Mmps =  550 Ndav =  12 E =   -165.7002569902 Error = 1.10e-30 FLOPS = 1.84e+10 Tdav = 1.01 T = 23.26
 --> Site =   53 .. Mmps =  550 Ndav =  17 E =   -165.7003117536 Error = 7.15e-31 FLOPS = 1.84e+10 Tdav = 1.45 T = 24.47
 --> Site =   54 .. Mmps =  550 Ndav =  13 E =   -165.7004412303 Error = 2.70e-30 FLOPS = 1.86e+10 Tdav = 1.10 T = 24.43
 --> Site =   55 .. Mmps =  550 Ndav =  11 E =   -165.7004548595 Error = 5.52e-31 FLOPS = 1.88e+10 Tdav = 0.92 T = 24.33
 --> Site =   56 .. Mmps =  550 Ndav =  11 E =   -165.7004904856 Error = 2.23e-30 FLOPS = 1.88e+10 Tdav = 0.92 T = 24.30
 --> Site =   57 .. Mmps =  550 Ndav =  13 E =   -165.7005300807 Error = 6.40e-31 FLOPS = 1.86e+10 Tdav = 1.10 T = 24.48
 --> Site =   58 .. Mmps =  550 Ndav =  12 E =   -165.7005675059 Error = 8.35e-31 FLOPS = 1.87e+10 Tdav = 1.01 T = 24.38
 --> Site =   59 .. Mmps =  550 Ndav =  12 E =   -165.7005938791 Error = 3.86e-31 FLOPS = 1.84e+10 Tdav = 1.03 T = 24.45
 --> Site =   60 .. Mmps =  550 Ndav =  11 E =   -165.7006475997 Error = 6.80e-31 FLOPS = 1.88e+10 Tdav = 0.94 T = 24.80
 --> Site =   61 .. Mmps =  550 Ndav =  11 E =   -165.7006922038 Error = 2.36e-31 FLOPS = 1.88e+10 Tdav = 0.96 T = 25.58
 --> Site =   62 .. Mmps =  550 Ndav =  12 E =   -165.7007757960 Error = 5.14e-31 FLOPS = 1.89e+10 Tdav = 1.04 T = 26.19
 --> Site =   63 .. Mmps =  550 Ndav =  17 E =   -165.7008790256 Error = 6.27e-31 FLOPS = 1.84e+10 Tdav = 1.54 T = 27.16
 --> Site =   64 .. Mmps =  550 Ndav =  12 E =   -165.7009768667 Error = 1.19e-30 FLOPS = 1.88e+10 Tdav = 1.07 T = 27.04
 --> Site =   65 .. Mmps =  550 Ndav =  15 E =   -165.7010191728 Error = 2.02e-31 FLOPS = 1.85e+10 Tdav = 1.35 T = 27.35
 --> Site =   66 .. Mmps =  550 Ndav =  13 E =   -165.7011241850 Error = 1.91e-30 FLOPS = 1.88e+10 Tdav = 1.15 T = 27.20
 --> Site =   67 .. Mmps =  550 Ndav =  13 E =   -165.7011461880 Error = 4.16e-31 FLOPS = 1.86e+10 Tdav = 1.17 T = 27.10
 --> Site =   68 .. Mmps =  550 Ndav =  13 E =   -165.7011942717 Error = 2.47e-30 FLOPS = 1.88e+10 Tdav = 1.16 T = 27.23
 --> Site =   69 .. Mmps =  550 Ndav =  11 E =   -165.7012069189 Error = 4.33e-31 FLOPS = 1.87e+10 Tdav = 0.98 T = 26.96
 --> Site =   70 .. Mmps =  550 Ndav =  11 E =   -165.7012728004 Error = 2.11e-30 FLOPS = 1.88e+10 Tdav = 0.98 T = 26.97
 --> Site =   71 .. Mmps =  550 Ndav =   9 E =   -165.7013039554 Error = 2.34e-31 FLOPS = 1.90e+10 Tdav = 0.79 T = 26.94
 --> Site =   72 .. Mmps =  550 Ndav =  12 E =   -165.7013604563 Error = 1.36e-30 FLOPS = 1.87e+10 Tdav = 1.07 T = 27.02
 --> Site =   73 .. Mmps =  550 Ndav =  12 E =   -165.7014515354 Error = 3.32e-31 FLOPS = 1.88e+10 Tdav = 1.06 T = 27.08
 --> Site =   74 .. Mmps =  550 Ndav =  11 E =   -165.7014965312 Error = 6.12e-31 FLOPS = 1.90e+10 Tdav = 0.99 T = 27.41
 --> Site =   75 .. Mmps =  550 Ndav =  14 E =   -165.7015268482 Error = 1.95e-31 FLOPS = 1.86e+10 Tdav = 1.28 T = 28.26
 --> Site =   76 .. Mmps =  550 Ndav =  13 E =   -165.7015710845 Error = 4.03e-31 FLOPS = 1.88e+10 Tdav = 1.15 T = 27.79
 --> Site =   77 .. Mmps =  550 Ndav =  16 E =   -165.7016014278 Error = 2.96e-31 FLOPS = 1.84e+10 Tdav = 1.48 T = 27.91
 --> Site =   78 .. Mmps =  550 Ndav =  12 E =   -165.7016417610 Error = 1.08e-30 FLOPS = 1.88e+10 Tdav = 1.07 T = 27.58
 --> Site =   79 .. Mmps =  550 Ndav =  18 E =   -165.7017226131 Error = 5.59e-31 FLOPS = 1.84e+10 Tdav = 1.66 T = 28.16
 --> Site =   80 .. Mmps =  550 Ndav =  12 E =   -165.7018101740 Error = 2.32e-30 FLOPS = 1.87e+10 Tdav = 1.09 T = 28.17
 --> Site =   81 .. Mmps =  550 Ndav =  10 E =   -165.7018277784 Error = 4.50e-31 FLOPS = 1.89e+10 Tdav = 0.88 T = 27.54
 --> Site =   82 .. Mmps =  550 Ndav =  12 E =   -165.7018691047 Error = 1.17e-30 FLOPS = 1.86e+10 Tdav = 1.08 T = 27.05
 --> Site =   83 .. Mmps =  550 Ndav =  12 E =   -165.7018819676 Error = 3.52e-31 FLOPS = 1.88e+10 Tdav = 1.07 T = 27.16
 --> Site =   84 .. Mmps =  550 Ndav =  12 E =   -165.7019381611 Error = 1.96e-30 FLOPS = 1.87e+10 Tdav = 1.07 T = 27.02
 --> Site =   85 .. Mmps =  550 Ndav =  12 E =   -165.7019754308 Error = 2.44e-31 FLOPS = 1.87e+10 Tdav = 1.07 T = 27.12
 --> Site =   86 .. Mmps =  550 Ndav =  12 E =   -165.7020632475 Error = 1.47e-30 FLOPS = 1.88e+10 Tdav = 1.07 T = 27.09
 --> Site =   87 .. Mmps =  550 Ndav =  11 E =   -165.7021058324 Error = 2.03e-31 FLOPS = 1.89e+10 Tdav = 0.99 T = 27.40
 --> Site =   88 .. Mmps =  550 Ndav =  12 E =   -165.7021572437 Error = 7.37e-31 FLOPS = 1.88e+10 Tdav = 1.09 T = 28.15
 --> Site =   89 .. Mmps =  550 Ndav =  18 E =   -165.7022593404 Error = 6.25e-31 FLOPS = 1.83e+10 Tdav = 1.67 T = 28.56
 --> Site =   90 .. Mmps =  550 Ndav =  12 E =   -165.7023367525 Error = 1.39e-30 FLOPS = 1.87e+10 Tdav = 1.09 T = 28.07
 --> Site =   91 .. Mmps =  550 Ndav =  14 E =   -165.7023815261 Error = 1.17e-31 FLOPS = 1.87e+10 Tdav = 1.25 T = 27.79
 --> Site =   92 .. Mmps =  550 Ndav =  13 E =   -165.7024687955 Error = 1.34e-30 FLOPS = 1.87e+10 Tdav = 1.19 T = 27.60
 --> Site =   93 .. Mmps =  550 Ndav =  14 E =   -165.7025053414 Error = 4.39e-31 FLOPS = 1.86e+10 Tdav = 1.28 T = 28.19
 --> Site =   94 .. Mmps =  550 Ndav =  13 E =   -165.7025496291 Error = 1.28e-30 FLOPS = 1.86e+10 Tdav = 1.17 T = 27.68
 --> Site =   95 .. Mmps =  550 Ndav =  11 E =   -165.7025730042 Error = 3.64e-31 FLOPS = 1.86e+10 Tdav = 0.99 T = 27.11
 --> Site =   96 .. Mmps =  550 Ndav =  12 E =   -165.7026312186 Error = 1.32e-30 FLOPS = 1.86e+10 Tdav = 1.08 T = 27.14
 --> Site =   97 .. Mmps =  550 Ndav =  10 E =   -165.7027097841 Error = 3.12e-31 FLOPS = 1.89e+10 Tdav = 0.88 T = 26.96
 --> Site =   98 .. Mmps =  550 Ndav =  11 E =   -165.7027555595 Error = 9.32e-31 FLOPS = 1.88e+10 Tdav = 0.98 T = 26.97
 --> Site =   99 .. Mmps =  550 Ndav =  11 E =   -165.7028332769 Error = 2.44e-31 FLOPS = 1.88e+10 Tdav = 0.98 T = 27.08
 --> Site =  100 .. Mmps =  550 Ndav =  11 E =   -165.7028898448 Error = 6.43e-31 FLOPS = 1.89e+10 Tdav = 0.97 T = 27.14
 --> Site =  101 .. Mmps =  550 Ndav =  13 E =   -165.7029242208 Error = 2.00e-31 FLOPS = 1.86e+10 Tdav = 1.17 T = 27.23
 --> Site =  102 .. Mmps =  550 Ndav =  13 E =   -165.7029691733 Error = 4.12e-31 FLOPS = 1.88e+10 Tdav = 1.15 T = 27.23
 --> Site =  103 .. Mmps =  550 Ndav =  16 E =   -165.7030172814 Error = 4.22e-31 FLOPS = 1.85e+10 Tdav = 1.42 T = 27.07
 --> Site =  104 .. Mmps =  550 Ndav =  12 E =   -165.7030506589 Error = 6.63e-31 FLOPS = 1.88e+10 Tdav = 1.05 T = 26.16
 --> Site =  105 .. Mmps =  550 Ndav =  18 E =   -165.7031317780 Error = 5.33e-31 FLOPS = 1.83e+10 Tdav = 1.61 T = 26.61
 --> Site =  106 .. Mmps =  550 Ndav =  12 E =   -165.7032659988 Error = 2.91e-30 FLOPS = 1.87e+10 Tdav = 1.03 T = 25.74
 --> Site =  107 .. Mmps =  550 Ndav =  11 E =   -165.7032818899 Error = 3.99e-31 FLOPS = 1.88e+10 Tdav = 0.92 T = 24.72
 --> Site =  108 .. Mmps =  550 Ndav =  11 E =   -165.7033181545 Error = 1.60e-30 FLOPS = 1.88e+10 Tdav = 0.92 T = 24.29
 --> Site =  109 .. Mmps =  550 Ndav =  12 E =   -165.7033483227 Error = 3.77e-31 FLOPS = 1.87e+10 Tdav = 1.01 T = 24.47
 --> Site =  110 .. Mmps =  550 Ndav =  12 E =   -165.7033822493 Error = 7.63e-31 FLOPS = 1.87e+10 Tdav = 1.01 T = 24.39
 --> Site =  111 .. Mmps =  550 Ndav =  11 E =   -165.7034023222 Error = 2.34e-31 FLOPS = 1.87e+10 Tdav = 0.93 T = 24.40
 --> Site =  112 .. Mmps =  550 Ndav =  12 E =   -165.7034623335 Error = 8.59e-31 FLOPS = 1.86e+10 Tdav = 1.02 T = 24.65
 --> Site =  113 .. Mmps =  550 Ndav =  12 E =   -165.7034980514 Error = 3.48e-31 FLOPS = 1.89e+10 Tdav = 1.00 T = 24.41
 --> Site =  114 .. Mmps =  550 Ndav =  12 E =   -165.7035518243 Error = 8.51e-31 FLOPS = 1.87e+10 Tdav = 1.01 T = 24.38
 --> Site =  115 .. Mmps =  550 Ndav =  19 E =   -165.7036489158 Error = 1.05e-30 FLOPS = 1.83e+10 Tdav = 1.61 T = 24.74
 --> Site =  116 .. Mmps =  550 Ndav =  12 E =   -165.7037395411 Error = 9.85e-31 FLOPS = 1.87e+10 Tdav = 0.97 T = 23.07
 --> Site =  117 .. Mmps =  550 Ndav =  16 E =   -165.7037771022 Error = 1.43e-31 FLOPS = 1.85e+10 Tdav = 1.31 T = 23.07
 --> Site =  118 .. Mmps =  550 Ndav =  13 E =   -165.7038449484 Error = 1.26e-30 FLOPS = 1.89e+10 Tdav = 1.02 T = 22.35
 --> Site =  119 .. Mmps =  550 Ndav =  12 E =   -165.7038690599 Error = 3.24e-31 FLOPS = 1.88e+10 Tdav = 0.93 T = 21.42
 --> Site =  120 .. Mmps =  550 Ndav =  11 E =   -165.7038916931 Error = 9.47e-31 FLOPS = 1.90e+10 Tdav = 0.84 T = 20.90
 --> Site =  121 .. Mmps =  550 Ndav =  11 E =   -165.7039092816 Error = 2.71e-31 FLOPS = 1.89e+10 Tdav = 0.83 T = 20.50
 --> Site =  122 .. Mmps =  550 Ndav =  11 E =   -165.7039491571 Error = 3.50e-31 FLOPS = 1.89e+10 Tdav = 0.83 T = 20.10
 --> Site =  123 .. Mmps =  550 Ndav =  11 E =   -165.7039613060 Error = 1.47e-31 FLOPS = 1.89e+10 Tdav = 0.81 T = 19.70
 --> Site =  124 .. Mmps =  550 Ndav =  12 E =   -165.7040054274 Error = 6.67e-31 FLOPS = 1.89e+10 Tdav = 0.86 T = 18.96
 --> Site =  125 .. Mmps =  550 Ndav =  10 E =   -165.7040434455 Error = 2.76e-31 FLOPS = 1.89e+10 Tdav = 0.72 T = 18.54
 --> Site =  126 .. Mmps =  550 Ndav =  11 E =   -165.7040830860 Error = 7.78e-31 FLOPS = 1.89e+10 Tdav = 0.79 T = 18.57
 --> Site =  127 .. Mmps =  550 Ndav =  13 E =   -165.7041112762 Error = 2.24e-31 FLOPS = 1.88e+10 Tdav = 0.92 T = 18.20
 --> Site =  128 .. Mmps =  550 Ndav =  13 E =   -165.7041609433 Error = 6.22e-31 FLOPS = 1.86e+10 Tdav = 0.91 T = 17.52
 --> Site =  129 .. Mmps =  550 Ndav =  16 E =   -165.7042061077 Error = 5.21e-31 FLOPS = 1.85e+10 Tdav = 1.10 T = 17.02
 --> Site =  130 .. Mmps =  550 Ndav =  11 E =   -165.7042254704 Error = 6.92e-31 FLOPS = 1.87e+10 Tdav = 0.73 T = 16.00
 --> Site =  131 .. Mmps =  550 Ndav =  15 E =   -165.7042607120 Error = 2.72e-31 FLOPS = 1.85e+10 Tdav = 0.98 T = 15.56
 --> Site =  132 .. Mmps =  550 Ndav =  11 E =   -165.7043140740 Error = 1.38e-30 FLOPS = 1.89e+10 Tdav = 0.68 T = 14.52
 --> Site =  133 .. Mmps =  550 Ndav =  12 E =   -165.7043384154 Error = 3.76e-31 FLOPS = 1.87e+10 Tdav = 0.73 T = 13.92
 --> Site =  134 .. Mmps =  550 Ndav =  11 E =   -165.7043645194 Error = 9.94e-31 FLOPS = 1.87e+10 Tdav = 0.66 T = 13.29
 --> Site =  135 .. Mmps =  550 Ndav =  12 E =   -165.7043768206 Error = 3.29e-31 FLOPS = 1.86e+10 Tdav = 0.70 T = 12.66
 --> Site =  136 .. Mmps =  550 Ndav =  12 E =   -165.7044124186 Error = 1.00e-30 FLOPS = 1.86e+10 Tdav = 0.68 T = 12.07
 --> Site =  137 .. Mmps =  550 Ndav =  13 E =   -165.7044272623 Error = 3.01e-31 FLOPS = 1.84e+10 Tdav = 0.72 T = 11.55
 --> Site =  138 .. Mmps =  550 Ndav =  11 E =   -165.7044632912 Error = 1.20e-30 FLOPS = 1.87e+10 Tdav = 0.58 T = 10.84
 --> Site =  139 .. Mmps =  550 Ndav =  12 E =   -165.7044831858 Error = 2.60e-31 FLOPS = 1.87e+10 Tdav = 0.62 T = 10.27
 --> Site =  140 .. Mmps =  550 Ndav =  11 E =   -165.7045225425 Error = 9.20e-31 FLOPS = 1.86e+10 Tdav = 0.55 T = 9.59
 --> Site =  141 .. Mmps =  550 Ndav =  17 E =   -165.7046947179 Error = 1.07e-30 FLOPS = 1.78e+10 Tdav = 0.86 T = 9.48
 --> Site =  142 .. Mmps =  550 Ndav =  12 E =   -165.7048605001 Error = 2.66e-30 FLOPS = 1.84e+10 Tdav = 0.57 T = 8.71
 --> Site =  143 .. Mmps =  550 Ndav =  13 E =   -165.7048788342 Error = 1.23e-31 FLOPS = 1.83e+10 Tdav = 0.59 T = 8.25
 --> Site =  144 .. Mmps =  550 Ndav =  12 E =   -165.7049816425 Error = 2.23e-30 FLOPS = 1.84e+10 Tdav = 0.53 T = 7.63
 --> Site =  145 .. Mmps =  550 Ndav =  13 E =   -165.7050133987 Error = 7.27e-31 FLOPS = 1.81e+10 Tdav = 0.55 T = 7.28
 --> Site =  146 .. Mmps =  550 Ndav =  13 E =   -165.7050748475 Error = 2.13e-30 FLOPS = 1.81e+10 Tdav = 0.53 T = 6.79
 --> Site =  147 .. Mmps =  550 Ndav =  14 E =   -165.7050961873 Error = 7.24e-31 FLOPS = 1.80e+10 Tdav = 0.55 T = 6.47
 --> Site =  148 .. Mmps =  550 Ndav =  12 E =   -165.7051353330 Error = 2.70e-30 FLOPS = 1.82e+10 Tdav = 0.45 T = 5.86
 --> Site =  149 .. Mmps =  550 Ndav =  15 E =   -165.7051773457 Error = 7.07e-31 FLOPS = 1.78e+10 Tdav = 0.55 T = 5.59
 --> Site =  150 .. Mmps =  550 Ndav =  13 E =   -165.7052584416 Error = 3.80e-30 FLOPS = 1.80e+10 Tdav = 0.45 T = 5.10
 --> Site =  151 .. Mmps =  550 Ndav =  15 E =   -165.7053006856 Error = 1.06e-30 FLOPS = 1.75e+10 Tdav = 0.50 T = 4.78
 --> Site =  152 .. Mmps =  550 Ndav =  13 E =   -165.7054161618 Error = 3.85e-30 FLOPS = 1.78e+10 Tdav = 0.41 T = 4.33
 --> Site =  153 .. Mmps =  550 Ndav =  13 E =   -165.7054974062 Error = 1.01e-30 FLOPS = 1.76e+10 Tdav = 0.39 T = 4.04
 --> Site =  154 .. Mmps =  550 Ndav =  13 E =   -165.7056554049 Error = 2.45e-30 FLOPS = 1.74e+10 Tdav = 0.37 T = 3.68
 --> Site =  155 .. Mmps =  550 Ndav =  15 E =   -165.7057534727 Error = 7.43e-31 FLOPS = 1.70e+10 Tdav = 0.41 T = 3.44
 --> Site =  156 .. Mmps =  550 Ndav =  13 E =   -165.7059425127 Error = 2.30e-30 FLOPS = 1.73e+10 Tdav = 0.33 T = 3.04
 --> Site =  157 .. Mmps =  550 Ndav =  17 E =   -165.7062586652 Error = 1.45e-30 FLOPS = 1.62e+10 Tdav = 0.42 T = 2.90
 --> Site =  158 .. Mmps =  550 Ndav =  13 E =   -165.7063294193 Error = 4.39e-30 FLOPS = 1.70e+10 Tdav = 0.28 T = 2.52
 --> Site =  159 .. Mmps =  550 Ndav =  18 E =   -165.7063716751 Error = 1.32e-30 FLOPS = 1.55e+10 Tdav = 0.40 T = 2.35
 --> Site =  160 .. Mmps =  550 Ndav =  12 E =   -165.7063783562 Error = 7.45e-31 FLOPS = 1.68e+10 Tdav = 0.22 T = 1.96
 --> Site =  161 .. Mmps =  550 Ndav =  13 E =   -165.7063810000 Error = 1.68e-31 FLOPS = 1.63e+10 Tdav = 0.22 T = 1.76
 --> Site =  162 .. Mmps =  550 Ndav =  10 E =   -165.7063817366 Error = 7.66e-32 FLOPS = 1.66e+10 Tdav = 0.15 T = 1.54
 --> Site =  163 .. Mmps =  550 Ndav =  10 E =   -165.7063822441 Error = 6.03e-33 FLOPS = 1.63e+10 Tdav = 0.13 T = 1.33
 --> Site =  164 .. Mmps =  550 Ndav =   4 E =   -165.7063822459 Error = 2.19e-35 FLOPS = 1.71e+10 Tdav = 0.03 T = 1.08
 --> Site =  165 .. Mmps =  550 Ndav =   1 E =   -165.7063822459 Error = 1.70e-61 FLOPS = 8.26e+09 Tdav = 0.01 T = 0.90
 --> Site =  166 .. Mmps =  550 Ndav =   1 E =   -165.7063822459 Error = 3.13e-87 FLOPS = 4.55e+09 Tdav = 0.00 T = 0.79
 --> Site =  167 .. Mmps =  548 Ndav =   1 E =   -165.7063822459 Error = 0.00e+00 FLOPS = 2.34e+09 Tdav = 0.00 T = 0.68
 --> Site =  168 .. Mmps =  547 Ndav =   1 E =   -165.7063822459 Error = 0.00e+00 FLOPS = 2.77e+09 Tdav = 0.00 T = 0.49
Time elapsed =   2731.894 | E =    -165.7063822459 | DE = -8.95e-03 | DW = 4.38500e-30
Time sweep =     2542.078 | 2.00 TFLOP/SWP
 | Dmem = 129 MB (0%) | Imem = 232 B (79%) | Hmem = 508 MB | Wmem = 215 KB | Pmem = 215 KB
 | Tread = 55.217 | Twrite = 30.307 | Tfpread = 54.130 | Tfpwrite = 21.219 | Tmporead = 0.000 | Tasync = 0.000
 | data = 13.1 GB | cpsd = 9.50 GB
 | Trot = 167.912 | Tctr = 1.282 | Tint = 0.023 | Tmid = 0.000 | Tdctr = 55.053 | Tdiag = 0.580 | Tinfo = 2.013
 | Teff = 2164.809 | Tprt = 8.979 | Teig = 118.637 | Tblk = 2339.961 | Tmve = 202.105 | Tdm = 0.665 | Tsplt = 40.739 | Tsvd = 0.000 | Torth = 0.000

Sweep =    7 | Direction = backward | Bond dimension =  550 | Noise =  1.00e-05 | Dav threshold =  1.00e-10
 <-- Site =  168 .. Mmps =    2 Ndav =   1 E =   -165.7063822459 Error = 0.00e+00 FLOPS = 2.19e+09 Tdav = 0.00 T = 0.04
 <-- Site =  167 .. Mmps =    4 Ndav =   1 E =   -165.7063822459 Error = 0.00e+00 FLOPS = 2.53e+09 Tdav = 0.00 T = 0.13
 <-- Site =  166 .. Mmps =    8 Ndav =   1 E =   -165.7063822459 Error = 0.00e+00 FLOPS = 4.73e+09 Tdav = 0.00 T = 0.20
 <-- Site =  165 .. Mmps =   16 Ndav =   1 E =   -165.7063822459 Error = 0.00e+00 FLOPS = 8.49e+09 Tdav = 0.01 T = 0.27
 <-- Site =  164 .. Mmps =   32 Ndav =   1 E =   -165.7063822459 Error = 0.00e+00 FLOPS = 1.44e+10 Tdav = 0.01 T = 0.36
 <-- Site =  163 .. Mmps =   64 Ndav =   3 E =   -165.7063822460 Error = 0.00e+00 FLOPS = 2.04e+10 Tdav = 0.04 T = 0.52
 <-- Site =  162 .. Mmps =  128 Ndav =   6 E =   -165.7063822506 Error = 0.00e+00 FLOPS = 2.51e+10 Tdav = 0.16 T = 0.77
 <-- Site =  161 .. Mmps =  256 Ndav =   8 E =   -165.7063822947 Error = 0.00e+00 FLOPS = 2.55e+10 Tdav = 0.49 T = 1.26
 <-- Site =  160 .. Mmps =  509 Ndav =   8 E =   -165.7063824324 Error = 0.00e+00 FLOPS = 2.77e+10 Tdav = 1.10 T = 2.16
 <-- Site =  159 .. Mmps =  550 Ndav =  13 E =   -165.7063830870 Error = 6.42e-25 FLOPS = 2.49e+10 Tdav = 5.18 T = 6.88
 <-- Site =  158 .. Mmps =  550 Ndav =  13 E =   -165.7063942683 Error = 4.30e-22 FLOPS = 2.58e+10 Tdav = 6.04 T = 8.36
 <-- Site =  157 .. Mmps =  550 Ndav =  15 E =   -165.7064027002 Error = 1.40e-22 FLOPS = 2.50e+10 Tdav = 7.79 T = 10.47
 <-- Site =  156 .. Mmps =  550 Ndav =  17 E =   -165.7065732666 Error = 1.43e-19 FLOPS = 2.42e+10 Tdav = 9.82 T = 12.85
 <-- Site =  155 .. Mmps =  550 Ndav =  17 E =   -165.7068481034 Error = 2.15e-20 FLOPS = 2.45e+10 Tdav = 10.37 T = 13.63
 <-- Site =  154 .. Mmps =  550 Ndav =  18 E =   -165.7071232954 Error = 2.19e-19 FLOPS = 2.42e+10 Tdav = 11.88 T = 15.52
 <-- Site =  153 .. Mmps =  550 Ndav =  20 E =   -165.7074365688 Error = 3.23e-20 FLOPS = 2.32e+10 Tdav = 14.62 T = 18.55
 <-- Site =  152 .. Mmps =  550 Ndav =  20 E =   -165.7079124893 Error = 2.51e-19 FLOPS = 2.41e+10 Tdav = 14.91 T = 19.24
 <-- Site =  151 .. Mmps =  550 Ndav =  24 E =   -165.7083376706 Error = 2.37e-20 FLOPS = 2.20e+10 Tdav = 20.66 T = 25.38
 <-- Site =  150 .. Mmps =  550 Ndav =  21 E =   -165.7088230737 Error = 1.72e-19 FLOPS = 2.43e+10 Tdav = 17.24 T = 22.33
 <-- Site =  149 .. Mmps =  550 Ndav =  24 E =   -165.7091312880 Error = 3.04e-20 FLOPS = 2.27e+10 Tdav = 22.15 T = 27.64
 <-- Site =  148 .. Mmps =  550 Ndav =  20 E =   -165.7095157876 Error = 1.31e-19 FLOPS = 2.55e+10 Tdav = 17.21 T = 23.15
 <-- Site =  147 .. Mmps =  550 Ndav =  23 E =   -165.7097921843 Error = 2.05e-20 FLOPS = 2.40e+10 Tdav = 21.99 T = 28.40
 <-- Site =  146 .. Mmps =  550 Ndav =  20 E =   -165.7101193190 Error = 1.12e-19 FLOPS = 2.60e+10 Tdav = 18.42 T = 25.30
 <-- Site =  145 .. Mmps =  550 Ndav =  20 E =   -165.7102477215 Error = 2.54e-20 FLOPS = 2.63e+10 Tdav = 18.95 T = 26.27
 <-- Site =  144 .. Mmps =  550 Ndav =  18 E =   -165.7104297508 Error = 2.02e-19 FLOPS = 2.75e+10 Tdav = 16.97 T = 24.84
 <-- Site =  143 .. Mmps =  550 Ndav =  20 E =   -165.7105762283 Error = 1.41e-19 FLOPS = 2.67e+10 Tdav = 20.18 T = 28.40
 <-- Site =  142 .. Mmps =  550 Ndav =  16 E =   -165.7106804446 Error = 3.29e-19 FLOPS = 2.90e+10 Tdav = 15.42 T = 24.21
 <-- Site =  141 .. Mmps =  550 Ndav =  19 E =   -165.7109291097 Error = 5.36e-20 FLOPS = 2.76e+10 Tdav = 19.93 T = 29.31
 <-- Site =  140 .. Mmps =  550 Ndav =  17 E =   -165.7111916901 Error = 1.93e-19 FLOPS = 2.87e+10 Tdav = 17.75 T = 27.67
 <-- Site =  139 .. Mmps =  550 Ndav =  17 E =   -165.7115754014 Error = 1.85e-20 FLOPS = 2.91e+10 Tdav = 18.06 T = 28.51
 <-- Site =  138 .. Mmps =  550 Ndav =  18 E =   -165.7118680165 Error = 1.19e-19 FLOPS = 2.88e+10 Tdav = 19.97 T = 31.04
 <-- Site =  137 .. Mmps =  550 Ndav =  19 E =   -165.7123366829 Error = 8.43e-21 FLOPS = 2.85e+10 Tdav = 21.94 T = 33.70
 <-- Site =  136 .. Mmps =  550 Ndav =  18 E =   -165.7126236222 Error = 7.83e-20 FLOPS = 2.91e+10 Tdav = 20.99 T = 33.33
 <-- Site =  135 .. Mmps =  550 Ndav =  18 E =   -165.7128767739 Error = 4.62e-21 FLOPS = 2.92e+10 Tdav = 21.54 T = 34.51
 <-- Site =  134 .. Mmps =  550 Ndav =  17 E =   -165.7130462202 Error = 6.59e-20 FLOPS = 2.97e+10 Tdav = 20.56 T = 34.19
 <-- Site =  133 .. Mmps =  550 Ndav =  17 E =   -165.7132085107 Error = 1.02e-20 FLOPS = 2.99e+10 Tdav = 21.00 T = 35.44
 <-- Site =  132 .. Mmps =  550 Ndav =  17 E =   -165.7133330572 Error = 1.21e-19 FLOPS = 3.01e+10 Tdav = 21.42 T = 36.36
 <-- Site =  131 .. Mmps =  550 Ndav =  20 E =   -165.7134543193 Error = 1.72e-20 FLOPS = 2.89e+10 Tdav = 26.96 T = 42.75
 <-- Site =  130 .. Mmps =  550 Ndav =  15 E =   -165.7135249012 Error = 1.63e-19 FLOPS = 3.12e+10 Tdav = 19.22 T = 35.81
 <-- Site =  129 .. Mmps =  550 Ndav =  18 E =   -165.7135762247 Error = 2.83e-20 FLOPS = 2.99e+10 Tdav = 24.61 T = 41.80
 <-- Site =  128 .. Mmps =  550 Ndav =  16 E =   -165.7136345787 Error = 6.75e-20 FLOPS = 3.08e+10 Tdav = 21.75 T = 39.77
 <-- Site =  127 .. Mmps =  550 Ndav =  16 E =   -165.7136920839 Error = 1.21e-20 FLOPS = 3.09e+10 Tdav = 22.23 T = 40.97
 <-- Site =  126 .. Mmps =  550 Ndav =  16 E =   -165.7137781176 Error = 6.47e-20 FLOPS = 3.12e+10 Tdav = 22.55 T = 41.84
 <-- Site =  125 .. Mmps =  550 Ndav =  17 E =   -165.7139332306 Error = 7.41e-21 FLOPS = 3.06e+10 Tdav = 24.39 T = 43.66
 <-- Site =  124 .. Mmps =  550 Ndav =  16 E =   -165.7140346961 Error = 5.44e-20 FLOPS = 3.12e+10 Tdav = 22.56 T = 42.16
 <-- Site =  123 .. Mmps =  550 Ndav =  17 E =   -165.7141467620 Error = 7.68e-21 FLOPS = 3.07e+10 Tdav = 24.90 T = 45.37
 <-- Site =  122 .. Mmps =  550 Ndav =  17 E =   -165.7143052469 Error = 3.48e-20 FLOPS = 3.09e+10 Tdav = 25.28 T = 46.30
 <-- Site =  121 .. Mmps =  550 Ndav =  17 E =   -165.7144605795 Error = 1.91e-21 FLOPS = 3.07e+10 Tdav = 25.40 T = 46.66
 <-- Site =  120 .. Mmps =  550 Ndav =  16 E =   -165.7145813804 Error = 4.76e-20 FLOPS = 3.13e+10 Tdav = 23.98 T = 45.71
 <-- Site =  119 .. Mmps =  550 Ndav =  19 E =   -165.7146785152 Error = 4.74e-21 FLOPS = 3.02e+10 Tdav = 29.55 T = 51.66
 <-- Site =  118 .. Mmps =  550 Ndav =  19 E =   -165.7148379088 Error = 8.38e-20 FLOPS = 3.03e+10 Tdav = 30.00 T = 53.03
 <-- Site =  117 .. Mmps =  550 Ndav =  21 E =   -165.7149878172 Error = 4.42e-20 FLOPS = 2.96e+10 Tdav = 34.70 T = 58.18
 <-- Site =  116 .. Mmps =  550 Ndav =  16 E =   -165.7150400885 Error = 1.46e-19 FLOPS = 3.14e+10 Tdav = 24.94 T = 48.93
 <-- Site =  115 .. Mmps =  550 Ndav =  21 E =   -165.7151285650 Error = 1.97e-20 FLOPS = 2.98e+10 Tdav = 35.22 T = 60.02
 <-- Site =  114 .. Mmps =  550 Ndav =  17 E =   -165.7152805584 Error = 6.87e-20 FLOPS = 3.10e+10 Tdav = 27.92 T = 53.26
 <-- Site =  113 .. Mmps =  550 Ndav =  16 E =   -165.7153585156 Error = 6.37e-21 FLOPS = 3.12e+10 Tdav = 26.10 T = 51.61
 <-- Site =  112 .. Mmps =  550 Ndav =  16 E =   -165.7154659462 Error = 3.67e-20 FLOPS = 3.13e+10 Tdav = 26.01 T = 51.62
 <-- Site =  111 .. Mmps =  550 Ndav =  17 E =   -165.7156038888 Error = 6.30e-21 FLOPS = 3.11e+10 Tdav = 27.87 T = 53.25
 <-- Site =  110 .. Mmps =  550 Ndav =  17 E =   -165.7157229798 Error = 3.19e-20 FLOPS = 3.12e+10 Tdav = 27.74 T = 52.92
 <-- Site =  109 .. Mmps =  550 Ndav =  17 E =   -165.7158451219 Error = 1.64e-21 FLOPS = 3.12e+10 Tdav = 27.72 T = 53.05
 <-- Site =  108 .. Mmps =  550 Ndav =  17 E =   -165.7159818704 Error = 6.63e-20 FLOPS = 3.11e+10 Tdav = 27.86 T = 53.17
 <-- Site =  107 .. Mmps =  550 Ndav =  18 E =   -165.7161242255 Error = 4.00e-21 FLOPS = 3.09e+10 Tdav = 29.68 T = 55.41
 <-- Site =  106 .. Mmps =  550 Ndav =  17 E =   -165.7162475086 Error = 1.59e-19 FLOPS = 3.12e+10 Tdav = 28.31 T = 55.00
 <-- Site =  105 .. Mmps =  550 Ndav =  23 E =   -165.7163582564 Error = 2.26e-20 FLOPS = 2.93e+10 Tdav = 41.60 T = 68.82
 <-- Site =  104 .. Mmps =  550 Ndav =  18 E =   -165.7164893665 Error = 1.82e-19 FLOPS = 3.11e+10 Tdav = 30.64 T = 57.78
 <-- Site =  103 .. Mmps =  550 Ndav =  18 E =   -165.7165567255 Error = 3.08e-20 FLOPS = 3.11e+10 Tdav = 30.61 T = 58.46
 <-- Site =  102 .. Mmps =  550 Ndav =  17 E =   -165.7166352136 Error = 7.23e-20 FLOPS = 3.15e+10 Tdav = 29.11 T = 57.27
 <-- Site =  101 .. Mmps =  550 Ndav =  18 E =   -165.7167376146 Error = 1.50e-20 FLOPS = 3.11e+10 Tdav = 31.23 T = 59.36
 <-- Site =  100 .. Mmps =  550 Ndav =  17 E =   -165.7168774941 Error = 5.14e-20 FLOPS = 3.13e+10 Tdav = 29.27 T = 57.41
 <-- Site =   99 .. Mmps =  550 Ndav =  17 E =   -165.7170287483 Error = 6.46e-21 FLOPS = 3.15e+10 Tdav = 29.12 T = 57.25
 <-- Site =   98 .. Mmps =  550 Ndav =  17 E =   -165.7172186928 Error = 4.55e-20 FLOPS = 3.13e+10 Tdav = 29.23 T = 57.46
 <-- Site =   97 .. Mmps =  550 Ndav =  17 E =   -165.7173861318 Error = 3.77e-21 FLOPS = 3.14e+10 Tdav = 29.21 T = 57.31
 <-- Site =   96 .. Mmps =  550 Ndav =  17 E =   -165.7175563644 Error = 5.75e-20 FLOPS = 3.14e+10 Tdav = 29.19 T = 57.28
 <-- Site =   95 .. Mmps =  550 Ndav =  17 E =   -165.7176818888 Error = 3.48e-21 FLOPS = 3.15e+10 Tdav = 29.12 T = 57.36
 <-- Site =   94 .. Mmps =  550 Ndav =  17 E =   -165.7178132671 Error = 8.62e-20 FLOPS = 3.14e+10 Tdav = 29.18 T = 57.84
 <-- Site =   93 .. Mmps =  550 Ndav =  19 E =   -165.7179609518 Error = 7.97e-21 FLOPS = 3.06e+10 Tdav = 34.09 T = 63.18
 <-- Site =   92 .. Mmps =  550 Ndav =  18 E =   -165.7180971802 Error = 1.29e-19 FLOPS = 3.11e+10 Tdav = 31.79 T = 60.41
 <-- Site =   91 .. Mmps =  550 Ndav =  21 E =   -165.7182127896 Error = 7.30e-20 FLOPS = 3.01e+10 Tdav = 37.58 T = 66.21
 <-- Site =   90 .. Mmps =  550 Ndav =  17 E =   -165.7182887322 Error = 1.61e-19 FLOPS = 3.14e+10 Tdav = 29.70 T = 58.85
 <-- Site =   89 .. Mmps =  550 Ndav =  22 E =   -165.7183868420 Error = 3.02e-20 FLOPS = 2.96e+10 Tdav = 40.74 T = 69.93
 <-- Site =   88 .. Mmps =  550 Ndav =  16 E =   -165.7185175667 Error = 5.38e-20 FLOPS = 3.17e+10 Tdav = 27.74 T = 56.88
 <-- Site =   87 .. Mmps =  550 Ndav =  16 E =   -165.7186273663 Error = 8.55e-21 FLOPS = 3.17e+10 Tdav = 27.72 T = 56.44
 <-- Site =   86 .. Mmps =  550 Ndav =  16 E =   -165.7187329972 Error = 4.27e-20 FLOPS = 3.17e+10 Tdav = 27.25 T = 55.63
 <-- Site =   85 .. Mmps =  550 Ndav =  17 E =   -165.7188286766 Error = 3.96e-21 FLOPS = 3.14e+10 Tdav = 29.14 T = 57.27
 <-- Site =   84 .. Mmps =  550 Ndav =  17 E =   -165.7189721725 Error = 5.20e-20 FLOPS = 3.14e+10 Tdav = 29.19 T = 57.36
 <-- Site =   83 .. Mmps =  550 Ndav =  17 E =   -165.7190838714 Error = 3.81e-21 FLOPS = 3.14e+10 Tdav = 29.23 T = 57.29
 <-- Site =   82 .. Mmps =  550 Ndav =  17 E =   -165.7191940403 Error = 5.54e-20 FLOPS = 3.13e+10 Tdav = 29.25 T = 57.46
 <-- Site =   81 .. Mmps =  550 Ndav =  19 E =   -165.7193013273 Error = 2.49e-21 FLOPS = 3.08e+10 Tdav = 33.29 T = 61.86
 <-- Site =   80 .. Mmps =  550 Ndav =  18 E =   -165.7194520221 Error = 1.30e-19 FLOPS = 3.09e+10 Tdav = 32.02 T = 61.12
 <-- Site =   79 .. Mmps =  550 Ndav =  23 E =   -165.7195588579 Error = 5.08e-20 FLOPS = 2.93e+10 Tdav = 43.17 T = 71.97
 <-- Site =   78 .. Mmps =  550 Ndav =  19 E =   -165.7196871279 Error = 2.10e-19 FLOPS = 3.09e+10 Tdav = 33.20 T = 61.83
 <-- Site =   77 .. Mmps =  550 Ndav =  20 E =   -165.7197617615 Error = 3.45e-20 FLOPS = 3.03e+10 Tdav = 36.21 T = 65.01
 <-- Site =   76 .. Mmps =  550 Ndav =  16 E =   -165.7198244733 Error = 7.69e-20 FLOPS = 3.16e+10 Tdav = 27.26 T = 56.05
 <-- Site =   75 .. Mmps =  550 Ndav =  17 E =   -165.7199405157 Error = 6.18e-21 FLOPS = 3.13e+10 Tdav = 29.85 T = 58.96
 <-- Site =   74 .. Mmps =  550 Ndav =  16 E =   -165.7200658797 Error = 8.39e-20 FLOPS = 3.17e+10 Tdav = 27.67 T = 56.31
 <-- Site =   73 .. Mmps =  550 Ndav =  18 E =   -165.7203098998 Error = 4.15e-21 FLOPS = 3.10e+10 Tdav = 31.34 T = 59.54
 <-- Site =   72 .. Mmps =  550 Ndav =  16 E =   -165.7204310640 Error = 6.40e-20 FLOPS = 3.18e+10 Tdav = 27.13 T = 55.25
 <-- Site =   71 .. Mmps =  550 Ndav =  18 E =   -165.7206184179 Error = 7.61e-21 FLOPS = 3.11e+10 Tdav = 31.21 T = 59.39
 <-- Site =   70 .. Mmps =  550 Ndav =  17 E =   -165.7207461063 Error = 6.64e-20 FLOPS = 3.13e+10 Tdav = 29.28 T = 57.41
 <-- Site =   69 .. Mmps =  550 Ndav =  17 E =   -165.7209070528 Error = 8.80e-21 FLOPS = 3.14e+10 Tdav = 29.20 T = 57.26
 <-- Site =   68 .. Mmps =  550 Ndav =  17 E =   -165.7210562083 Error = 1.08e-19 FLOPS = 3.15e+10 Tdav = 29.08 T = 57.35
 <-- Site =   67 .. Mmps =  550 Ndav =  19 E =   -165.7211420683 Error = 5.30e-21 FLOPS = 3.07e+10 Tdav = 33.37 T = 61.53
 <-- Site =   66 .. Mmps =  550 Ndav =  19 E =   -165.7213161152 Error = 1.24e-19 FLOPS = 3.07e+10 Tdav = 33.37 T = 61.45
 <-- Site =   65 .. Mmps =  550 Ndav =  21 E =   -165.7214103194 Error = 7.90e-20 FLOPS = 3.01e+10 Tdav = 37.58 T = 65.87
 <-- Site =   64 .. Mmps =  550 Ndav =  16 E =   -165.7214804807 Error = 2.14e-19 FLOPS = 3.18e+10 Tdav = 27.14 T = 55.36
 <-- Site =   63 .. Mmps =  550 Ndav =  21 E =   -165.7215777510 Error = 3.42e-20 FLOPS = 3.01e+10 Tdav = 37.65 T = 65.34
 <-- Site =   62 .. Mmps =  550 Ndav =  17 E =   -165.7217350689 Error = 9.00e-20 FLOPS = 3.10e+10 Tdav = 29.01 T = 56.27
 <-- Site =   61 .. Mmps =  550 Ndav =  16 E =   -165.7218633484 Error = 1.29e-20 FLOPS = 3.16e+10 Tdav = 26.81 T = 53.61
 <-- Site =   60 .. Mmps =  550 Ndav =  16 E =   -165.7219702998 Error = 5.39e-20 FLOPS = 3.17e+10 Tdav = 26.19 T = 52.22
 <-- Site =   59 .. Mmps =  550 Ndav =  16 E =   -165.7220743891 Error = 3.47e-21 FLOPS = 3.15e+10 Tdav = 25.89 T = 51.29
 <-- Site =   58 .. Mmps =  550 Ndav =  16 E =   -165.7221799503 Error = 8.19e-20 FLOPS = 3.14e+10 Tdav = 25.96 T = 51.35
 <-- Site =   57 .. Mmps =  550 Ndav =  17 E =   -165.7222483373 Error = 4.39e-21 FLOPS = 3.12e+10 Tdav = 27.77 T = 53.12
 <-- Site =   56 .. Mmps =  550 Ndav =  17 E =   -165.7223791320 Error = 1.06e-19 FLOPS = 3.12e+10 Tdav = 27.78 T = 53.11
 <-- Site =   55 .. Mmps =  550 Ndav =  18 E =   -165.7225267754 Error = 1.11e-20 FLOPS = 3.08e+10 Tdav = 29.71 T = 54.93
 <-- Site =   54 .. Mmps =  550 Ndav =  18 E =   -165.7226693557 Error = 2.16e-19 FLOPS = 3.09e+10 Tdav = 29.70 T = 55.04
 <-- Site =   53 .. Mmps =  550 Ndav =  23 E =   -165.7227795712 Error = 3.60e-20 FLOPS = 2.90e+10 Tdav = 40.34 T = 65.16
 <-- Site =   52 .. Mmps =  550 Ndav =  19 E =   -165.7228626450 Error = 3.88e-19 FLOPS = 3.05e+10 Tdav = 31.11 T = 55.20
 <-- Site =   51 .. Mmps =  550 Ndav =  18 E =   -165.7229317344 Error = 5.18e-20 FLOPS = 3.07e+10 Tdav = 28.69 T = 52.24
 <-- Site =   50 .. Mmps =  550 Ndav =  17 E =   -165.7230595718 Error = 1.25e-19 FLOPS = 3.11e+10 Tdav = 26.77 T = 49.90
 <-- Site =   49 .. Mmps =  550 Ndav =  18 E =   -165.7231713386 Error = 7.44e-21 FLOPS = 3.06e+10 Tdav = 28.21 T = 50.93
 <-- Site =   48 .. Mmps =  550 Ndav =  16 E =   -165.7232751080 Error = 8.80e-20 FLOPS = 3.12e+10 Tdav = 24.57 T = 46.91
 <-- Site =   47 .. Mmps =  550 Ndav =  17 E =   -165.7234261485 Error = 5.06e-21 FLOPS = 3.09e+10 Tdav = 25.83 T = 47.23
 <-- Site =   46 .. Mmps =  550 Ndav =  17 E =   -165.7235767035 Error = 3.70e-20 FLOPS = 3.08e+10 Tdav = 24.78 T = 45.31
 <-- Site =   45 .. Mmps =  550 Ndav =  15 E =   -165.7236622126 Error = 2.47e-23 FLOPS = 3.15e+10 Tdav = 20.39 T = 39.56
 <-- Site =   44 .. Mmps =  550 Ndav =  16 E =   -165.7237746103 Error = 6.00e-23 FLOPS = 3.10e+10 Tdav = 20.75 T = 38.49
 <-- Site =   43 .. Mmps =  550 Ndav =  17 E =   -165.7239275635 Error = 5.29e-23 FLOPS = 3.03e+10 Tdav = 21.14 T = 37.96
 <-- Site =   42 .. Mmps =  550 Ndav =  17 E =   -165.7240392070 Error = 2.23e-23 FLOPS = 3.03e+10 Tdav = 20.76 T = 37.05
 <-- Site =   41 .. Mmps =  550 Ndav =  18 E =   -165.7241315364 Error = 2.98e-23 FLOPS = 3.01e+10 Tdav = 20.71 T = 35.76
 <-- Site =   40 .. Mmps =  550 Ndav =  18 E =   -165.7242396369 Error = 4.29e-23 FLOPS = 2.97e+10 Tdav = 19.63 T = 33.55
 <-- Site =   39 .. Mmps =  550 Ndav =  22 E =   -165.7243650477 Error = 8.73e-23 FLOPS = 2.78e+10 Tdav = 24.14 T = 37.03
 <-- Site =   38 .. Mmps =  550 Ndav =  15 E =   -165.7244084016 Error = 9.15e-24 FLOPS = 3.03e+10 Tdav = 14.03 T = 25.81
 <-- Site =   37 .. Mmps =  550 Ndav =  18 E =   -165.7244594068 Error = 9.13e-24 FLOPS = 2.89e+10 Tdav = 16.34 T = 27.13
 <-- Site =   36 .. Mmps =  550 Ndav =  16 E =   -165.7245392856 Error = 9.38e-24 FLOPS = 2.95e+10 Tdav = 13.33 T = 23.38
 <-- Site =   35 .. Mmps =  550 Ndav =  17 E =   -165.7246738837 Error = 2.81e-23 FLOPS = 2.89e+10 Tdav = 13.43 T = 22.61
 <-- Site =   34 .. Mmps =  550 Ndav =  16 E =   -165.7247688593 Error = 2.62e-24 FLOPS = 2.89e+10 Tdav = 11.83 T = 20.33
 <-- Site =   33 .. Mmps =  550 Ndav =  18 E =   -165.7248576285 Error = 6.08e-24 FLOPS = 2.82e+10 Tdav = 12.58 T = 20.39
 <-- Site =   32 .. Mmps =  550 Ndav =  16 E =   -165.7249564610 Error = 1.57e-24 FLOPS = 2.92e+10 Tdav = 10.04 T = 17.22
 <-- Site =   31 .. Mmps =  550 Ndav =  17 E =   -165.7250767308 Error = 4.17e-24 FLOPS = 2.82e+10 Tdav = 10.08 T = 16.64
 <-- Site =   30 .. Mmps =  550 Ndav =  16 E =   -165.7251665661 Error = 1.41e-24 FLOPS = 2.87e+10 Tdav = 8.57 T = 14.62
 <-- Site =   29 .. Mmps =  550 Ndav =  17 E =   -165.7253433938 Error = 2.46e-24 FLOPS = 2.78e+10 Tdav = 8.59 T = 14.00
 <-- Site =   28 .. Mmps =  550 Ndav =  16 E =   -165.7254960806 Error = 1.34e-24 FLOPS = 2.82e+10 Tdav = 7.23 T = 12.24
 <-- Site =   27 .. Mmps =  550 Ndav =  21 E =   -165.7257897309 Error = 6.40e-24 FLOPS = 2.46e+10 Tdav = 9.85 T = 14.41
 <-- Site =   26 .. Mmps =  550 Ndav =  18 E =   -165.7260389073 Error = 3.44e-24 FLOPS = 2.62e+10 Tdav = 7.19 T = 11.35
 <-- Site =   25 .. Mmps =  550 Ndav =  17 E =   -165.7261500975 Error = 1.63e-24 FLOPS = 2.67e+10 Tdav = 6.04 T = 9.81
 <-- Site =   24 .. Mmps =  550 Ndav =  16 E =   -165.7262984885 Error = 1.42e-24 FLOPS = 2.71e+10 Tdav = 5.02 T = 8.53
 <-- Site =   23 .. Mmps =  550 Ndav =  20 E =   -165.7265375098 Error = 1.96e-24 FLOPS = 2.41e+10 Tdav = 6.31 T = 9.48
 <-- Site =   22 .. Mmps =  550 Ndav =  16 E =   -165.7267694416 Error = 1.51e-24 FLOPS = 2.61e+10 Tdav = 4.15 T = 7.08
 <-- Site =   21 .. Mmps =  550 Ndav =  21 E =   -165.7270711686 Error = 4.07e-25 FLOPS = 2.22e+10 Tdav = 5.58 T = 8.26
 <-- Site =   20 .. Mmps =  550 Ndav =  16 E =   -165.7273275281 Error = 4.83e-25 FLOPS = 2.51e+10 Tdav = 3.33 T = 5.84
 <-- Site =   19 .. Mmps =  550 Ndav =  21 E =   -165.7275397988 Error = 1.36e-25 FLOPS = 2.08e+10 Tdav = 4.61 T = 7.00
 <-- Site =   18 .. Mmps =  550 Ndav =  17 E =   -165.7277745767 Error = 1.52e-25 FLOPS = 2.35e+10 Tdav = 2.89 T = 5.04
 <-- Site =   17 .. Mmps =  550 Ndav =  21 E =   -165.7279911132 Error = 1.26e-25 FLOPS = 2.01e+10 Tdav = 3.65 T = 5.65
 <-- Site =   16 .. Mmps =  550 Ndav =  17 E =   -165.7283295820 Error = 1.41e-25 FLOPS = 2.25e+10 Tdav = 2.31 T = 4.15
 <-- Site =   15 .. Mmps =  550 Ndav =  19 E =   -165.7285686341 Error = 7.89e-26 FLOPS = 2.03e+10 Tdav = 2.40 T = 4.07
 <-- Site =   14 .. Mmps =  550 Ndav =  16 E =   -165.7289465122 Error = 8.07e-26 FLOPS = 2.19e+10 Tdav = 1.56 T = 3.12
 <-- Site =   13 .. Mmps =  550 Ndav =  20 E =   -165.7291935777 Error = 3.89e-26 FLOPS = 1.80e+10 Tdav = 1.95 T = 3.41
 <-- Site =   12 .. Mmps =  550 Ndav =  15 E =   -165.7294912272 Error = 3.11e-26 FLOPS = 2.09e+10 Tdav = 1.06 T = 2.42
 <-- Site =   11 .. Mmps =  550 Ndav =  20 E =   -165.7301232031 Error = 3.40e-26 FLOPS = 1.62e+10 Tdav = 1.46 T = 2.74
 <-- Site =   10 .. Mmps =  550 Ndav =  17 E =   -165.7308068319 Error = 2.25e-26 FLOPS = 1.76e+10 Tdav = 0.90 T = 2.11
 <-- Site =    9 .. Mmps =  550 Ndav =  21 E =   -165.7313688077 Error = 4.00e-27 FLOPS = 1.43e+10 Tdav = 1.03 T = 2.17
 <-- Site =    8 .. Mmps =  550 Ndav =  16 E =   -165.7316362546 Error = 7.53e-28 FLOPS = 1.79e+10 Tdav = 0.47 T = 1.53
 <-- Site =    7 .. Mmps =  550 Ndav =  21 E =   -165.7318932519 Error = 1.25e-28 FLOPS = 1.44e+10 Tdav = 0.55 T = 1.53
 <-- Site =    6 .. Mmps =  550 Ndav =  15 E =   -165.7319501969 Error = 2.10e-29 FLOPS = 1.69e+10 Tdav = 0.22 T = 1.13
 <-- Site =    5 .. Mmps =  550 Ndav =  16 E =   -165.7319628125 Error = 6.00e-31 FLOPS = 1.44e+10 Tdav = 0.15 T = 1.00
 <-- Site =    4 .. Mmps =  550 Ndav =   7 E =   -165.7319629595 Error = 1.78e-33 FLOPS = 1.69e+10 Tdav = 0.03 T = 0.83
 <-- Site =    3 .. Mmps =  550 Ndav =   1 E =   -165.7319629595 Error = 3.68e-56 FLOPS = 9.05e+09 Tdav = 0.00 T = 0.78
 <-- Site =    2 .. Mmps =  550 Ndav =   1 E =   -165.7319629595 Error = 3.17e-70 FLOPS = 5.99e+09 Tdav = 0.00 T = 0.72
 <-- Site =    1 .. Mmps =  550 Ndav =   1 E =   -165.7319629595 Error = 3.21e-71 FLOPS = 3.87e+09 Tdav = 0.00 T = 0.62
 <-- Site =    0 .. Mmps =  550 Ndav =   1 E =   -165.7319629595 Error = 0.00e+00 FLOPS = 2.70e+09 Tdav = 0.00 T = 0.60
Time elapsed =   8749.354 | E =    -165.7319629595 | DE = -2.56e-02 | DW = 3.87506e-19
Time sweep =     6017.460 | 91.1 TFLOP/SWP
 | Dmem = 134 MB (3%) | Imem = 232 B (79%) | Hmem = 637 MB | Wmem = 4.62 MB | Pmem = 4.62 MB
 | Tread = 72.134 | Twrite = 33.226 | Tfpread = 71.044 | Tfpwrite = 22.473 | Tmporead = 0.000 | Tasync = 0.000
 | data = 14.5 GB | cpsd = 9.43 GB
 | Trot = 184.870 | Tctr = 161.403 | Tint = 0.010 | Tmid = 0.000 | Tdctr = 0.011 | Tdiag = 1.441 | Tinfo = 2.177
 | Teff = 2128.236 | Tprt = 54.243 | Teig = 3337.590 | Tblk = 5580.008 | Tmve = 437.436 | Tdm = 3.203 | Tsplt = 45.300 | Tsvd = 0.000 | Torth = 0.000

Sweep =    8 | Direction =  forward | Bond dimension =  550 | Noise =  0.00e+00 | Dav threshold =  1.00e-07
 --> Site =    0 .. Mmps =    2 Ndav =   1 E =   -165.7319629595 Error = 0.00e+00 FLOPS = 2.36e+09 Tdav = 0.00 T = 0.02
 --> Site =    1 .. Mmps =    4 Ndav =   1 E =   -165.7319629595 Error = 0.00e+00 FLOPS = 3.58e+09 Tdav = 0.00 T = 0.06
 --> Site =    2 .. Mmps =    8 Ndav =   1 E =   -165.7319629595 Error = 0.00e+00 FLOPS = 5.98e+09 Tdav = 0.00 T = 0.06
 --> Site =    3 .. Mmps =   16 Ndav =   1 E =   -165.7319629595 Error = 0.00e+00 FLOPS = 9.17e+09 Tdav = 0.00 T = 0.07
 --> Site =    4 .. Mmps =   32 Ndav =   1 E =   -165.7319629595 Error = 0.00e+00 FLOPS = 1.21e+10 Tdav = 0.01 T = 0.07
 --> Site =    5 .. Mmps =   64 Ndav =   1 E =   -165.7319629595 Error = 0.00e+00 FLOPS = 1.53e+10 Tdav = 0.01 T = 0.09
 --> Site =    6 .. Mmps =  128 Ndav =   2 E =   -165.7319629762 Error = 0.00e+00 FLOPS = 2.21e+10 Tdav = 0.04 T = 0.14
 --> Site =    7 .. Mmps =  256 Ndav =   3 E =   -165.7319630516 Error = 0.00e+00 FLOPS = 2.64e+10 Tdav = 0.13 T = 0.28
 --> Site =    8 .. Mmps =  512 Ndav =   4 E =   -165.7319637220 Error = 0.00e+00 FLOPS = 2.95e+10 Tdav = 0.45 T = 0.83
 --> Site =    9 .. Mmps =  550 Ndav =   6 E =   -165.7319645470 Error = 2.04e-24 FLOPS = 3.03e+10 Tdav = 2.11 T = 3.63
 --> Site =   10 .. Mmps =  550 Ndav =   6 E =   -165.7319699142 Error = 9.27e-24 FLOPS = 3.08e+10 Tdav = 2.52 T = 4.72
 --> Site =   11 .. Mmps =  550 Ndav =   6 E =   -165.7319736362 Error = 7.77e-22 FLOPS = 3.14e+10 Tdav = 2.67 T = 5.11
 --> Site =   12 .. Mmps =  550 Ndav =   8 E =   -165.7319958584 Error = 4.97e-22 FLOPS = 3.07e+10 Tdav = 3.90 T = 6.60
 --> Site =   13 .. Mmps =  550 Ndav =   9 E =   -165.7320231524 Error = 6.39e-20 FLOPS = 3.05e+10 Tdav = 4.72 T = 7.72
 --> Site =   14 .. Mmps =  550 Ndav =  10 E =   -165.7320720239 Error = 4.08e-20 FLOPS = 3.00e+10 Tdav = 5.65 T = 8.93
 --> Site =   15 .. Mmps =  550 Ndav =  10 E =   -165.7321170750 Error = 1.15e-19 FLOPS = 3.01e+10 Tdav = 5.98 T = 9.58
 --> Site =   16 .. Mmps =  550 Ndav =  10 E =   -165.7321747987 Error = 1.10e-19 FLOPS = 3.03e+10 Tdav = 6.26 T = 10.23
 --> Site =   17 .. Mmps =  550 Ndav =  12 E =   -165.7322223261 Error = 1.33e-19 FLOPS = 2.93e+10 Tdav = 8.17 T = 12.49
 --> Site =   18 .. Mmps =  550 Ndav =  11 E =   -165.7322816051 Error = 3.71e-20 FLOPS = 3.05e+10 Tdav = 7.56 T = 12.24
 --> Site =   19 .. Mmps =  550 Ndav =  13 E =   -165.7323262333 Error = 2.28e-19 FLOPS = 2.95e+10 Tdav = 9.68 T = 14.70
 --> Site =   20 .. Mmps =  550 Ndav =   9 E =   -165.7323560659 Error = 2.67e-20 FLOPS = 3.16e+10 Tdav = 6.53 T = 12.00
 --> Site =   21 .. Mmps =  550 Ndav =  11 E =   -165.7323755403 Error = 9.92e-20 FLOPS = 3.07e+10 Tdav = 8.57 T = 14.50
 --> Site =   22 .. Mmps =  550 Ndav =   8 E =   -165.7323883425 Error = 5.33e-20 FLOPS = 3.21e+10 Tdav = 6.22 T = 12.62
 --> Site =   23 .. Mmps =  550 Ndav =  10 E =   -165.7323984641 Error = 1.02e-19 FLOPS = 3.12e+10 Tdav = 8.32 T = 15.05
 --> Site =   24 .. Mmps =  550 Ndav =   7 E =   -165.7324062759 Error = 1.57e-20 FLOPS = 3.27e+10 Tdav = 5.76 T = 12.91
 --> Site =   25 .. Mmps =  550 Ndav =   9 E =   -165.7324132481 Error = 1.93e-19 FLOPS = 3.24e+10 Tdav = 7.77 T = 15.45
 --> Site =   26 .. Mmps =  550 Ndav =   7 E =   -165.7324167435 Error = 9.66e-21 FLOPS = 3.31e+10 Tdav = 6.13 T = 14.29
 --> Site =   27 .. Mmps =  550 Ndav =   7 E =   -165.7324217501 Error = 1.62e-19 FLOPS = 3.29e+10 Tdav = 6.37 T = 15.06
 --> Site =   28 .. Mmps =  550 Ndav =   7 E =   -165.7324296799 Error = 1.16e-20 FLOPS = 3.27e+10 Tdav = 6.62 T = 15.84
 --> Site =   29 .. Mmps =  550 Ndav =   7 E =   -165.7324349679 Error = 1.60e-19 FLOPS = 3.31e+10 Tdav = 6.76 T = 16.54
 --> Site =   30 .. Mmps =  550 Ndav =   8 E =   -165.7324433897 Error = 1.94e-20 FLOPS = 3.30e+10 Tdav = 7.99 T = 18.27
 --> Site =   31 .. Mmps =  550 Ndav =   7 E =   -165.7324482912 Error = 6.96e-20 FLOPS = 3.31e+10 Tdav = 7.18 T = 18.01
 --> Site =   32 .. Mmps =  550 Ndav =   8 E =   -165.7324552446 Error = 8.00e-20 FLOPS = 3.31e+10 Tdav = 8.45 T = 19.99
 --> Site =   33 .. Mmps =  550 Ndav =   7 E =   -165.7324593890 Error = 7.82e-20 FLOPS = 3.34e+10 Tdav = 7.53 T = 19.63
 --> Site =   34 .. Mmps =  550 Ndav =   8 E =   -165.7324641396 Error = 2.99e-20 FLOPS = 3.31e+10 Tdav = 8.92 T = 21.63
 --> Site =   35 .. Mmps =  550 Ndav =   7 E =   -165.7324663190 Error = 5.15e-20 FLOPS = 3.34e+10 Tdav = 7.96 T = 21.18
 --> Site =   36 .. Mmps =  550 Ndav =   7 E =   -165.7324693746 Error = 3.01e-21 FLOPS = 3.31e+10 Tdav = 8.23 T = 22.21
 --> Site =   37 .. Mmps =  550 Ndav =   7 E =   -165.7324709876 Error = 7.66e-20 FLOPS = 3.33e+10 Tdav = 8.38 T = 23.08
 --> Site =   38 .. Mmps =  550 Ndav =   6 E =   -165.7324720307 Error = 7.59e-21 FLOPS = 3.38e+10 Tdav = 7.26 T = 22.76
 --> Site =   39 .. Mmps =  550 Ndav =   5 E =   -165.7324724950 Error = 1.47e-20 FLOPS = 3.36e+10 Tdav = 6.23 T = 22.33
 --> Site =   40 .. Mmps =  550 Ndav =   5 E =   -165.7324733428 Error = 1.60e-20 FLOPS = 3.39e+10 Tdav = 6.33 T = 23.09
 --> Site =   41 .. Mmps =  550 Ndav =   5 E =   -165.7324740310 Error = 8.90e-20 FLOPS = 3.38e+10 Tdav = 6.50 T = 24.00
 --> Site =   42 .. Mmps =  550 Ndav =   5 E =   -165.7324751280 Error = 3.41e-21 FLOPS = 3.40e+10 Tdav = 6.61 T = 24.80
 --> Site =   43 .. Mmps =  550 Ndav =   5 E =   -165.7324759114 Error = 1.96e-19 FLOPS = 3.39e+10 Tdav = 6.47 T = 24.95
 --> Site =   44 .. Mmps =  550 Ndav =   6 E =   -165.7324770884 Error = 2.79e-20 FLOPS = 3.37e+10 Tdav = 8.01 T = 26.20
 --> Site =   45 .. Mmps =  550 Ndav =   5 E =   -165.7324777037 Error = 6.49e-20 FLOPS = 3.39e+10 Tdav = 6.77 T = 25.72
 --> Site =   46 .. Mmps =  550 Ndav =   6 E =   -165.7324788187 Error = 3.37e-21 FLOPS = 3.37e+10 Tdav = 8.17 T = 27.59
 --> Site =   47 .. Mmps =  550 Ndav =   5 E =   -165.7324793995 Error = 9.60e-20 FLOPS = 3.37e+10 Tdav = 6.95 T = 26.80
 --> Site =   48 .. Mmps =  550 Ndav =   6 E =   -165.7324807483 Error = 6.65e-21 FLOPS = 3.39e+10 Tdav = 8.47 T = 29.04
 --> Site =   49 .. Mmps =  550 Ndav =   8 E =   -165.7324818091 Error = 7.10e-20 FLOPS = 3.35e+10 Tdav = 11.44 T = 32.43
 --> Site =   50 .. Mmps =  550 Ndav =   6 E =   -165.7324828370 Error = 3.53e-20 FLOPS = 3.39e+10 Tdav = 8.65 T = 30.13
 --> Site =   51 .. Mmps =  550 Ndav =   8 E =   -165.7324847016 Error = 9.56e-20 FLOPS = 3.35e+10 Tdav = 11.67 T = 33.45
 --> Site =   52 .. Mmps =  550 Ndav =   5 E =   -165.7324852836 Error = 6.28e-21 FLOPS = 3.39e+10 Tdav = 7.35 T = 29.48
 --> Site =   53 .. Mmps =  550 Ndav =   6 E =   -165.7324859261 Error = 7.72e-20 FLOPS = 3.40e+10 Tdav = 8.98 T = 32.07
 --> Site =   54 .. Mmps =  550 Ndav =   5 E =   -165.7324868688 Error = 3.08e-20 FLOPS = 3.42e+10 Tdav = 7.44 T = 30.93
 --> Site =   55 .. Mmps =  550 Ndav =   4 E =   -165.7324873116 Error = 1.47e-19 FLOPS = 3.42e+10 Tdav = 5.96 T = 29.68
 --> Site =   56 .. Mmps =  550 Ndav =   5 E =   -165.7324883412 Error = 3.24e-21 FLOPS = 3.38e+10 Tdav = 7.53 T = 31.04
 --> Site =   57 .. Mmps =  550 Ndav =   5 E =   -165.7324889915 Error = 1.25e-19 FLOPS = 3.40e+10 Tdav = 7.49 T = 30.97
 --> Site =   58 .. Mmps =  550 Ndav =   6 E =   -165.7324904172 Error = 4.86e-21 FLOPS = 3.40e+10 Tdav = 8.99 T = 32.36
 --> Site =   59 .. Mmps =  550 Ndav =   5 E =   -165.7324911634 Error = 1.36e-19 FLOPS = 3.40e+10 Tdav = 7.48 T = 31.03
 --> Site =   60 .. Mmps =  550 Ndav =   7 E =   -165.7324928865 Error = 4.26e-21 FLOPS = 3.38e+10 Tdav = 10.75 T = 34.67
 --> Site =   61 .. Mmps =  550 Ndav =   6 E =   -165.7324939808 Error = 2.99e-20 FLOPS = 3.40e+10 Tdav = 9.33 T = 34.36
 --> Site =   62 .. Mmps =  550 Ndav =   7 E =   -165.7324962853 Error = 7.50e-21 FLOPS = 3.39e+10 Tdav = 10.93 T = 36.16
 --> Site =   63 .. Mmps =  550 Ndav =   8 E =   -165.7324979238 Error = 8.70e-20 FLOPS = 3.35e+10 Tdav = 12.88 T = 38.61
 --> Site =   64 .. Mmps =  550 Ndav =   7 E =   -165.7324996845 Error = 7.57e-20 FLOPS = 3.39e+10 Tdav = 11.14 T = 37.33
 --> Site =   65 .. Mmps =  550 Ndav =   5 E =   -165.7325000997 Error = 5.73e-20 FLOPS = 3.38e+10 Tdav = 7.97 T = 34.02
 --> Site =   66 .. Mmps =  550 Ndav =   5 E =   -165.7325009040 Error = 1.25e-20 FLOPS = 3.40e+10 Tdav = 7.93 T = 34.21
 --> Site =   67 .. Mmps =  550 Ndav =   5 E =   -165.7325015096 Error = 7.07e-20 FLOPS = 3.42e+10 Tdav = 7.89 T = 34.04
 --> Site =   68 .. Mmps =  550 Ndav =   5 E =   -165.7325025557 Error = 9.27e-21 FLOPS = 3.41e+10 Tdav = 7.90 T = 34.08
 --> Site =   69 .. Mmps =  550 Ndav =   5 E =   -165.7325031573 Error = 1.95e-19 FLOPS = 3.40e+10 Tdav = 7.94 T = 34.11
 --> Site =   70 .. Mmps =  550 Ndav =   6 E =   -165.7325044518 Error = 1.46e-20 FLOPS = 3.42e+10 Tdav = 9.47 T = 35.66
 --> Site =   71 .. Mmps =  550 Ndav =   5 E =   -165.7325051335 Error = 6.36e-20 FLOPS = 3.40e+10 Tdav = 7.93 T = 34.06
 --> Site =   72 .. Mmps =  550 Ndav =   6 E =   -165.7325067294 Error = 5.35e-21 FLOPS = 3.39e+10 Tdav = 9.53 T = 35.70
 --> Site =   73 .. Mmps =  550 Ndav =   6 E =   -165.7325076420 Error = 3.01e-19 FLOPS = 3.38e+10 Tdav = 9.57 T = 35.78
 --> Site =   74 .. Mmps =  550 Ndav =   7 E =   -165.7325096216 Error = 6.76e-21 FLOPS = 3.36e+10 Tdav = 11.43 T = 38.16
 --> Site =   75 .. Mmps =  550 Ndav =   9 E =   -165.7325116271 Error = 4.51e-20 FLOPS = 3.33e+10 Tdav = 14.84 T = 42.42
 --> Site =   76 .. Mmps =  550 Ndav =   6 E =   -165.7325129884 Error = 1.41e-20 FLOPS = 3.37e+10 Tdav = 9.59 T = 36.45
 --> Site =   77 .. Mmps =  550 Ndav =   9 E =   -165.7325149002 Error = 1.67e-19 FLOPS = 3.37e+10 Tdav = 14.68 T = 41.26
 --> Site =   78 .. Mmps =  550 Ndav =   6 E =   -165.7325155768 Error = 1.64e-20 FLOPS = 3.42e+10 Tdav = 9.47 T = 36.07
 --> Site =   79 .. Mmps =  550 Ndav =   6 E =   -165.7325163437 Error = 6.82e-20 FLOPS = 3.39e+10 Tdav = 9.71 T = 36.17
 --> Site =   80 .. Mmps =  550 Ndav =   6 E =   -165.7325174805 Error = 1.37e-20 FLOPS = 3.43e+10 Tdav = 9.59 T = 36.76
 --> Site =   81 .. Mmps =  550 Ndav =   4 E =   -165.7325180246 Error = 1.71e-19 FLOPS = 3.40e+10 Tdav = 6.35 T = 32.89
 --> Site =   82 .. Mmps =  550 Ndav =   6 E =   -165.7325194282 Error = 1.33e-20 FLOPS = 3.37e+10 Tdav = 9.60 T = 35.77
 --> Site =   83 .. Mmps =  550 Ndav =   5 E =   -165.7325201730 Error = 1.09e-19 FLOPS = 3.39e+10 Tdav = 7.94 T = 34.20
 --> Site =   84 .. Mmps =  550 Ndav =   6 E =   -165.7325219424 Error = 7.70e-21 FLOPS = 3.40e+10 Tdav = 9.52 T = 35.66
 --> Site =   85 .. Mmps =  550 Ndav =   6 E =   -165.7325230113 Error = 9.75e-20 FLOPS = 3.40e+10 Tdav = 9.51 T = 35.69
 --> Site =   86 .. Mmps =  550 Ndav =   7 E =   -165.7325251244 Error = 2.92e-20 FLOPS = 3.40e+10 Tdav = 11.10 T = 37.22
 --> Site =   87 .. Mmps =  550 Ndav =   7 E =   -165.7325262111 Error = 1.71e-19 FLOPS = 3.37e+10 Tdav = 11.39 T = 37.90
 --> Site =   88 .. Mmps =  550 Ndav =   8 E =   -165.7325285858 Error = 3.50e-20 FLOPS = 3.36e+10 Tdav = 13.06 T = 40.05
 --> Site =   89 .. Mmps =  550 Ndav =   8 E =   -165.7325300058 Error = 9.37e-20 FLOPS = 3.39e+10 Tdav = 12.97 T = 40.38
 --> Site =   90 .. Mmps =  550 Ndav =   7 E =   -165.7325313684 Error = 8.27e-21 FLOPS = 3.37e+10 Tdav = 11.39 T = 38.40
 --> Site =   91 .. Mmps =  550 Ndav =   5 E =   -165.7325317641 Error = 5.87e-20 FLOPS = 3.42e+10 Tdav = 7.89 T = 34.52
 --> Site =   92 .. Mmps =  550 Ndav =   5 E =   -165.7325325025 Error = 9.16e-21 FLOPS = 3.42e+10 Tdav = 8.03 T = 34.59
 --> Site =   93 .. Mmps =  550 Ndav =   5 E =   -165.7325330405 Error = 7.40e-20 FLOPS = 3.41e+10 Tdav = 8.06 T = 35.15
 --> Site =   94 .. Mmps =  550 Ndav =   5 E =   -165.7325340304 Error = 8.74e-21 FLOPS = 3.40e+10 Tdav = 7.93 T = 34.46
 --> Site =   95 .. Mmps =  550 Ndav =   5 E =   -165.7325346383 Error = 1.36e-19 FLOPS = 3.41e+10 Tdav = 7.90 T = 34.10
 --> Site =   96 .. Mmps =  550 Ndav =   6 E =   -165.7325359136 Error = 9.51e-21 FLOPS = 3.40e+10 Tdav = 9.52 T = 35.53
 --> Site =   97 .. Mmps =  550 Ndav =   5 E =   -165.7325366156 Error = 1.73e-19 FLOPS = 3.38e+10 Tdav = 7.97 T = 34.05
 --> Site =   98 .. Mmps =  550 Ndav =   6 E =   -165.7325382141 Error = 5.36e-21 FLOPS = 3.40e+10 Tdav = 9.52 T = 35.72
 --> Site =   99 .. Mmps =  550 Ndav =   6 E =   -165.7325393150 Error = 1.65e-19 FLOPS = 3.40e+10 Tdav = 9.50 T = 35.63
 --> Site =  100 .. Mmps =  550 Ndav =   7 E =   -165.7325416424 Error = 6.87e-21 FLOPS = 3.40e+10 Tdav = 11.10 T = 37.26
 --> Site =  101 .. Mmps =  550 Ndav =   9 E =   -165.7325437287 Error = 2.63e-20 FLOPS = 3.34e+10 Tdav = 14.52 T = 40.74
 --> Site =  102 .. Mmps =  550 Ndav =   6 E =   -165.7325452922 Error = 8.58e-20 FLOPS = 3.38e+10 Tdav = 9.56 T = 35.72
 --> Site =  103 .. Mmps =  550 Ndav =   9 E =   -165.7325472192 Error = 3.47e-19 FLOPS = 3.35e+10 Tdav = 14.21 T = 39.81
 --> Site =  104 .. Mmps =  550 Ndav =   5 E =   -165.7325478672 Error = 1.79e-20 FLOPS = 3.41e+10 Tdav = 7.76 T = 33.04
 --> Site =  105 .. Mmps =  550 Ndav =   5 E =   -165.7325484809 Error = 4.29e-20 FLOPS = 3.40e+10 Tdav = 7.79 T = 32.93
 --> Site =  106 .. Mmps =  550 Ndav =   6 E =   -165.7325495087 Error = 1.66e-20 FLOPS = 3.36e+10 Tdav = 9.26 T = 34.09
 --> Site =  107 .. Mmps =  550 Ndav =   4 E =   -165.7325500181 Error = 2.53e-19 FLOPS = 3.42e+10 Tdav = 5.95 T = 29.98
 --> Site =  108 .. Mmps =  550 Ndav =   5 E =   -165.7325510782 Error = 5.91e-21 FLOPS = 3.41e+10 Tdav = 7.47 T = 30.87
 --> Site =  109 .. Mmps =  550 Ndav =   5 E =   -165.7325517325 Error = 2.62e-19 FLOPS = 3.40e+10 Tdav = 7.49 T = 31.05
 --> Site =  110 .. Mmps =  550 Ndav =   6 E =   -165.7325533270 Error = 4.26e-21 FLOPS = 3.41e+10 Tdav = 8.95 T = 32.39
 --> Site =  111 .. Mmps =  550 Ndav =   5 E =   -165.7325542001 Error = 1.37e-19 FLOPS = 3.40e+10 Tdav = 7.48 T = 30.92
 --> Site =  112 .. Mmps =  550 Ndav =   7 E =   -165.7325562146 Error = 4.49e-21 FLOPS = 3.38e+10 Tdav = 10.55 T = 34.08
 --> Site =  113 .. Mmps =  550 Ndav =   6 E =   -165.7325573016 Error = 2.21e-19 FLOPS = 3.39e+10 Tdav = 9.02 T = 32.34
 --> Site =  114 .. Mmps =  550 Ndav =   7 E =   -165.7325596768 Error = 4.31e-20 FLOPS = 3.36e+10 Tdav = 10.61 T = 34.04
 --> Site =  115 .. Mmps =  550 Ndav =   8 E =   -165.7325612302 Error = 4.11e-20 FLOPS = 3.35e+10 Tdav = 11.92 T = 35.00
 --> Site =  116 .. Mmps =  550 Ndav =   7 E =   -165.7325627203 Error = 1.16e-20 FLOPS = 3.35e+10 Tdav = 10.23 T = 32.47
 --> Site =  117 .. Mmps =  550 Ndav =   5 E =   -165.7325630579 Error = 6.00e-20 FLOPS = 3.40e+10 Tdav = 7.18 T = 28.95
 --> Site =  118 .. Mmps =  550 Ndav =   5 E =   -165.7325636285 Error = 2.41e-20 FLOPS = 3.39e+10 Tdav = 7.07 T = 28.40
 --> Site =  119 .. Mmps =  550 Ndav =   4 E =   -165.7325640060 Error = 2.81e-20 FLOPS = 3.39e+10 Tdav = 5.54 T = 26.13
 --> Site =  120 .. Mmps =  550 Ndav =   5 E =   -165.7325647633 Error = 4.56e-21 FLOPS = 3.37e+10 Tdav = 6.96 T = 27.18
 --> Site =  121 .. Mmps =  550 Ndav =   4 E =   -165.7325651885 Error = 1.79e-19 FLOPS = 3.41e+10 Tdav = 5.38 T = 25.16
 --> Site =  122 .. Mmps =  550 Ndav =   5 E =   -165.7325661106 Error = 1.45e-20 FLOPS = 3.39e+10 Tdav = 6.77 T = 26.11
 --> Site =  123 .. Mmps =  550 Ndav =   5 E =   -165.7325667031 Error = 5.27e-20 FLOPS = 3.39e+10 Tdav = 6.63 T = 25.64
 --> Site =  124 .. Mmps =  550 Ndav =   5 E =   -165.7325679273 Error = 2.32e-20 FLOPS = 3.37e+10 Tdav = 6.52 T = 24.74
 --> Site =  125 .. Mmps =  550 Ndav =   6 E =   -165.7325686602 Error = 5.45e-20 FLOPS = 3.38e+10 Tdav = 7.80 T = 25.62
 --> Site =  126 .. Mmps =  550 Ndav =   6 E =   -165.7325702780 Error = 6.71e-21 FLOPS = 3.38e+10 Tdav = 7.80 T = 25.63
 --> Site =  127 .. Mmps =  550 Ndav =   8 E =   -165.7325715134 Error = 8.23e-20 FLOPS = 3.31e+10 Tdav = 10.38 T = 27.84
 --> Site =  128 .. Mmps =  550 Ndav =   6 E =   -165.7325727291 Error = 1.08e-20 FLOPS = 3.36e+10 Tdav = 7.49 T = 24.28
 --> Site =  129 .. Mmps =  550 Ndav =   7 E =   -165.7325743166 Error = 1.07e-19 FLOPS = 3.36e+10 Tdav = 8.53 T = 24.59
 --> Site =  130 .. Mmps =  550 Ndav =   5 E =   -165.7325749472 Error = 1.10e-20 FLOPS = 3.35e+10 Tdav = 5.97 T = 21.30
 --> Site =  131 .. Mmps =  550 Ndav =   5 E =   -165.7325753846 Error = 3.71e-20 FLOPS = 3.37e+10 Tdav = 5.78 T = 20.62
 --> Site =  132 .. Mmps =  550 Ndav =   5 E =   -165.7325761979 Error = 2.46e-20 FLOPS = 3.34e+10 Tdav = 5.68 T = 19.67
 --> Site =  133 .. Mmps =  550 Ndav =   5 E =   -165.7325767317 Error = 4.21e-20 FLOPS = 3.34e+10 Tdav = 5.53 T = 18.88
 --> Site =  134 .. Mmps =  550 Ndav =   6 E =   -165.7325779398 Error = 5.16e-21 FLOPS = 3.34e+10 Tdav = 6.46 T = 19.20
 --> Site =  135 .. Mmps =  550 Ndav =   6 E =   -165.7325789558 Error = 5.61e-20 FLOPS = 3.34e+10 Tdav = 6.28 T = 18.34
 --> Site =  136 .. Mmps =  550 Ndav =   6 E =   -165.7325809106 Error = 3.65e-21 FLOPS = 3.34e+10 Tdav = 6.11 T = 17.62
 --> Site =  137 .. Mmps =  550 Ndav =   6 E =   -165.7325822664 Error = 7.74e-20 FLOPS = 3.35e+10 Tdav = 5.90 T = 16.82
 --> Site =  138 .. Mmps =  550 Ndav =   7 E =   -165.7325849243 Error = 9.45e-21 FLOPS = 3.31e+10 Tdav = 6.75 T = 17.04
 --> Site =  139 .. Mmps =  550 Ndav =   7 E =   -165.7325867273 Error = 1.83e-19 FLOPS = 3.29e+10 Tdav = 6.58 T = 16.38
 --> Site =  140 .. Mmps =  550 Ndav =   7 E =   -165.7325896960 Error = 2.83e-20 FLOPS = 3.27e+10 Tdav = 6.42 T = 15.66
 --> Site =  141 .. Mmps =  550 Ndav =   7 E =   -165.7325920420 Error = 2.05e-19 FLOPS = 3.26e+10 Tdav = 6.21 T = 14.92
 --> Site =  142 .. Mmps =  550 Ndav =   6 E =   -165.7325951985 Error = 8.45e-20 FLOPS = 3.32e+10 Tdav = 5.05 T = 13.23
 --> Site =  143 .. Mmps =  550 Ndav =   5 E =   -165.7325962259 Error = 3.75e-20 FLOPS = 3.33e+10 Tdav = 4.05 T = 11.72
 --> Site =  144 .. Mmps =  550 Ndav =   6 E =   -165.7325993217 Error = 2.27e-20 FLOPS = 3.28e+10 Tdav = 4.75 T = 11.94
 --> Site =  145 .. Mmps =  550 Ndav =   8 E =   -165.7326023599 Error = 7.33e-20 FLOPS = 3.22e+10 Tdav = 6.21 T = 12.99
 --> Site =  146 .. Mmps =  550 Ndav =   7 E =   -165.7326071367 Error = 1.69e-20 FLOPS = 3.22e+10 Tdav = 5.21 T = 11.56
 --> Site =  147 .. Mmps =  550 Ndav =   9 E =   -165.7326132310 Error = 1.71e-19 FLOPS = 3.14e+10 Tdav = 6.58 T = 12.53
 --> Site =  148 .. Mmps =  550 Ndav =   8 E =   -165.7326216213 Error = 1.99e-20 FLOPS = 3.15e+10 Tdav = 5.59 T = 11.08
 --> Site =  149 .. Mmps =  550 Ndav =   9 E =   -165.7326285400 Error = 1.48e-19 FLOPS = 3.13e+10 Tdav = 6.04 T = 11.12
 --> Site =  150 .. Mmps =  550 Ndav =   8 E =   -165.7326350688 Error = 4.79e-20 FLOPS = 3.15e+10 Tdav = 5.07 T = 9.75
 --> Site =  151 .. Mmps =  550 Ndav =   9 E =   -165.7326425771 Error = 3.00e-19 FLOPS = 3.09e+10 Tdav = 5.52 T = 9.82
 --> Site =  152 .. Mmps =  550 Ndav =   8 E =   -165.7326483202 Error = 3.90e-20 FLOPS = 3.11e+10 Tdav = 4.61 T = 8.59
 --> Site =  153 .. Mmps =  550 Ndav =   9 E =   -165.7326541138 Error = 5.91e-19 FLOPS = 3.02e+10 Tdav = 5.05 T = 8.72
 --> Site =  154 .. Mmps =  550 Ndav =   8 E =   -165.7326596287 Error = 3.14e-20 FLOPS = 3.06e+10 Tdav = 4.18 T = 7.54
 --> Site =  155 .. Mmps =  550 Ndav =   9 E =   -165.7326656275 Error = 9.17e-19 FLOPS = 2.99e+10 Tdav = 4.50 T = 7.53
 --> Site =  156 .. Mmps =  550 Ndav =   8 E =   -165.7326703970 Error = 3.04e-19 FLOPS = 3.01e+10 Tdav = 3.71 T = 6.49
 --> Site =  157 .. Mmps =  550 Ndav =   8 E =   -165.7326732545 Error = 4.93e-19 FLOPS = 2.97e+10 Tdav = 3.49 T = 6.02
 --> Site =  158 .. Mmps =  550 Ndav =   7 E =   -165.7326741745 Error = 1.04e-19 FLOPS = 3.02e+10 Tdav = 2.77 T = 5.01
 --> Site =  159 .. Mmps =  550 Ndav =   3 E =   -165.7326742212 Error = 1.59e-23 FLOPS = 3.05e+10 Tdav = 0.97 T = 3.00
 --> Site =  160 .. Mmps =  550 Ndav =   1 E =   -165.7326742212 Error = 3.21e-30 FLOPS = 2.58e+10 Tdav = 0.15 T = 1.91
 --> Site =  161 .. Mmps =  550 Ndav =   1 E =   -165.7326742212 Error = 4.50e-56 FLOPS = 2.50e+10 Tdav = 0.06 T = 1.56
 --> Site =  162 .. Mmps =  550 Ndav =   1 E =   -165.7326742212 Error = 9.65e-83 FLOPS = 2.30e+10 Tdav = 0.03 T = 1.37
 --> Site =  163 .. Mmps =  550 Ndav =   1 E =   -165.7326742212 Error = 4.48e-109 FLOPS = 1.74e+10 Tdav = 0.02 T = 1.15
 --> Site =  164 .. Mmps =  550 Ndav =   1 E =   -165.7326742212 Error = 1.40e-133 FLOPS = 1.36e+10 Tdav = 0.01 T = 1.00
 --> Site =  165 .. Mmps =  550 Ndav =   1 E =   -165.7326742212 Error = 7.76e-157 FLOPS = 8.34e+09 Tdav = 0.01 T = 0.90
 --> Site =  166 .. Mmps =  550 Ndav =   1 E =   -165.7326742212 Error = 1.55e-180 FLOPS = 4.58e+09 Tdav = 0.00 T = 0.66
 --> Site =  167 .. Mmps =  545 Ndav =   1 E =   -165.7326742212 Error = 0.00e+00 FLOPS = 2.41e+09 Tdav = 0.00 T = 0.53
 --> Site =  168 .. Mmps =  550 Ndav =   1 E =   -165.7326742212 Error = 1.04e-239 FLOPS = 2.67e+09 Tdav = 0.00 T = 0.36
Time elapsed =  12529.583 | E =    -165.7326742212 | DE = -7.11e-04 | DW = 9.17111e-19
Time sweep =     3780.228 | 35.4 TFLOP/SWP
 | Dmem = 134 MB (3%) | Imem = 232 B (79%) | Hmem = 637 MB | Wmem = 4.62 MB | Pmem = 0 B
 | Tread = 80.332 | Twrite = 34.097 | Tfpread = 79.006 | Tfpwrite = 23.566 | Tmporead = 0.000 | Tasync = 0.000
 | data = 14.5 GB | cpsd = 10.9 GB
 | Trot = 188.372 | Tctr = 1.604 | Tint = 0.009 | Tmid = 0.000 | Tdctr = 61.612 | Tdiag = 1.545 | Tinfo = 2.086
 | Teff = 2327.438 | Tprt = 0.000 | Teig = 1169.163 | Tblk = 3552.830 | Tmve = 227.383 | Tdm = 2.949 | Tsplt = 41.623 | Tsvd = 0.000 | Torth = 0.000

Sweep =    9 | Direction = backward | Bond dimension =  550 | Noise =  0.00e+00 | Dav threshold =  1.00e-07
 <-- Site =  168 .. Mmps =    2 Ndav =   1 E =   -165.7326742212 Error = 0.00e+00 FLOPS = 2.11e+09 Tdav = 0.00 T = 0.04
 <-- Site =  167 .. Mmps =    4 Ndav =   1 E =   -165.7326742212 Error = 0.00e+00 FLOPS = 2.52e+09 Tdav = 0.00 T = 0.14
 <-- Site =  166 .. Mmps =    8 Ndav =   1 E =   -165.7326742212 Error = 0.00e+00 FLOPS = 4.81e+09 Tdav = 0.00 T = 0.19
 <-- Site =  165 .. Mmps =   16 Ndav =   1 E =   -165.7326742212 Error = 0.00e+00 FLOPS = 8.44e+09 Tdav = 0.01 T = 0.26
 <-- Site =  164 .. Mmps =   32 Ndav =   1 E =   -165.7326742212 Error = 0.00e+00 FLOPS = 1.46e+10 Tdav = 0.01 T = 0.38
 <-- Site =  163 .. Mmps =   64 Ndav =   1 E =   -165.7326742212 Error = 0.00e+00 FLOPS = 1.74e+10 Tdav = 0.02 T = 0.50
 <-- Site =  162 .. Mmps =  128 Ndav =   1 E =   -165.7326742212 Error = 0.00e+00 FLOPS = 2.13e+10 Tdav = 0.03 T = 0.65
 <-- Site =  161 .. Mmps =  256 Ndav =   1 E =   -165.7326742212 Error = 0.00e+00 FLOPS = 2.50e+10 Tdav = 0.06 T = 0.84
 <-- Site =  160 .. Mmps =  511 Ndav =   1 E =   -165.7326742212 Error = 0.00e+00 FLOPS = 2.60e+10 Tdav = 0.15 T = 1.17
 <-- Site =  159 .. Mmps =  550 Ndav =   1 E =   -165.7326742212 Error = 1.52e-24 FLOPS = 2.71e+10 Tdav = 0.37 T = 1.93
 <-- Site =  158 .. Mmps =  550 Ndav =   1 E =   -165.7326742212 Error = 3.67e-22 FLOPS = 2.85e+10 Tdav = 0.42 T = 2.74
 <-- Site =  157 .. Mmps =  550 Ndav =   1 E =   -165.7326742212 Error = 6.89e-23 FLOPS = 2.90e+10 Tdav = 0.45 T = 2.99
 <-- Site =  156 .. Mmps =  550 Ndav =   2 E =   -165.7326742264 Error = 2.80e-20 FLOPS = 3.16e+10 Tdav = 0.89 T = 3.73
 <-- Site =  155 .. Mmps =  550 Ndav =   2 E =   -165.7326742361 Error = 1.19e-20 FLOPS = 3.17e+10 Tdav = 0.95 T = 4.06
 <-- Site =  154 .. Mmps =  550 Ndav =   3 E =   -165.7326742857 Error = 6.71e-19 FLOPS = 3.22e+10 Tdav = 1.49 T = 4.96
 <-- Site =  153 .. Mmps =  550 Ndav =   2 E =   -165.7326743167 Error = 4.72e-20 FLOPS = 3.16e+10 Tdav = 1.07 T = 4.83
 <-- Site =  152 .. Mmps =  550 Ndav =   3 E =   -165.7326743839 Error = 1.50e-18 FLOPS = 3.21e+10 Tdav = 1.68 T = 5.85
 <-- Site =  151 .. Mmps =  550 Ndav =   3 E =   -165.7326744262 Error = 1.31e-19 FLOPS = 3.22e+10 Tdav = 1.77 T = 6.32
 <-- Site =  150 .. Mmps =  550 Ndav =   3 E =   -165.7326744908 Error = 1.84e-18 FLOPS = 3.25e+10 Tdav = 1.84 T = 6.92
 <-- Site =  149 .. Mmps =  550 Ndav =   2 E =   -165.7326745236 Error = 4.70e-20 FLOPS = 3.17e+10 Tdav = 1.32 T = 6.63
 <-- Site =  148 .. Mmps =  550 Ndav =   3 E =   -165.7326745804 Error = 1.52e-18 FLOPS = 3.25e+10 Tdav = 2.03 T = 7.87
 <-- Site =  147 .. Mmps =  550 Ndav =   2 E =   -165.7326746091 Error = 4.69e-20 FLOPS = 3.22e+10 Tdav = 1.43 T = 7.62
 <-- Site =  146 .. Mmps =  550 Ndav =   3 E =   -165.7326746610 Error = 1.13e-18 FLOPS = 3.28e+10 Tdav = 2.19 T = 8.83
 <-- Site =  145 .. Mmps =  550 Ndav =   2 E =   -165.7326746801 Error = 3.33e-20 FLOPS = 3.26e+10 Tdav = 1.53 T = 8.58
 <-- Site =  144 .. Mmps =  550 Ndav =   3 E =   -165.7326747168 Error = 8.81e-19 FLOPS = 3.29e+10 Tdav = 2.37 T = 9.90
 <-- Site =  143 .. Mmps =  550 Ndav =   2 E =   -165.7326747390 Error = 3.88e-20 FLOPS = 3.26e+10 Tdav = 1.65 T = 9.70
 <-- Site =  142 .. Mmps =  550 Ndav =   2 E =   -165.7326747619 Error = 3.37e-18 FLOPS = 3.27e+10 Tdav = 1.71 T = 10.29
 <-- Site =  141 .. Mmps =  550 Ndav =   3 E =   -165.7326747944 Error = 6.62e-20 FLOPS = 3.31e+10 Tdav = 2.62 T = 11.74
 <-- Site =  140 .. Mmps =  550 Ndav =   3 E =   -165.7326748512 Error = 2.05e-18 FLOPS = 3.32e+10 Tdav = 2.70 T = 12.43
 <-- Site =  139 .. Mmps =  550 Ndav =   2 E =   -165.7326748807 Error = 5.33e-20 FLOPS = 3.30e+10 Tdav = 1.88 T = 12.10
 <-- Site =  138 .. Mmps =  550 Ndav =   3 E =   -165.7326749738 Error = 3.91e-18 FLOPS = 3.34e+10 Tdav = 2.87 T = 13.76
 <-- Site =  137 .. Mmps =  550 Ndav =   3 E =   -165.7326750113 Error = 2.37e-20 FLOPS = 3.33e+10 Tdav = 2.97 T = 14.52
 <-- Site =  136 .. Mmps =  550 Ndav =   3 E =   -165.7326750791 Error = 2.27e-18 FLOPS = 3.36e+10 Tdav = 3.03 T = 15.06
 <-- Site =  135 .. Mmps =  550 Ndav =   2 E =   -165.7326750998 Error = 2.31e-20 FLOPS = 3.29e+10 Tdav = 2.13 T = 14.92
 <-- Site =  134 .. Mmps =  550 Ndav =   3 E =   -165.7326751349 Error = 2.37e-18 FLOPS = 3.36e+10 Tdav = 3.21 T = 16.68
 <-- Site =  133 .. Mmps =  550 Ndav =   2 E =   -165.7326751461 Error = 1.39e-20 FLOPS = 3.33e+10 Tdav = 2.22 T = 16.27
 <-- Site =  132 .. Mmps =  550 Ndav =   2 E =   -165.7326751597 Error = 1.58e-18 FLOPS = 3.33e+10 Tdav = 2.28 T = 16.96
 <-- Site =  131 .. Mmps =  550 Ndav =   2 E =   -165.7326751673 Error = 2.63e-20 FLOPS = 3.34e+10 Tdav = 2.33 T = 17.75
 <-- Site =  130 .. Mmps =  550 Ndav =   2 E =   -165.7326751754 Error = 1.08e-18 FLOPS = 3.33e+10 Tdav = 2.40 T = 18.61
 <-- Site =  129 .. Mmps =  550 Ndav =   2 E =   -165.7326751804 Error = 1.90e-20 FLOPS = 3.33e+10 Tdav = 2.46 T = 19.29
 <-- Site =  128 .. Mmps =  550 Ndav =   2 E =   -165.7326751897 Error = 1.06e-18 FLOPS = 3.33e+10 Tdav = 2.52 T = 20.10
 <-- Site =  127 .. Mmps =  550 Ndav =   2 E =   -165.7326751969 Error = 1.20e-20 FLOPS = 3.34e+10 Tdav = 2.57 T = 20.94
 <-- Site =  126 .. Mmps =  550 Ndav =   2 E =   -165.7326752101 Error = 2.23e-18 FLOPS = 3.35e+10 Tdav = 2.62 T = 21.46
 <-- Site =  125 .. Mmps =  550 Ndav =   2 E =   -165.7326752188 Error = 1.51e-20 FLOPS = 3.35e+10 Tdav = 2.62 T = 21.57
 <-- Site =  124 .. Mmps =  550 Ndav =   2 E =   -165.7326752353 Error = 2.23e-18 FLOPS = 3.35e+10 Tdav = 2.62 T = 21.83
 <-- Site =  123 .. Mmps =  550 Ndav =   2 E =   -165.7326752462 Error = 2.01e-20 FLOPS = 3.32e+10 Tdav = 2.70 T = 22.62
 <-- Site =  122 .. Mmps =  550 Ndav =   2 E =   -165.7326752622 Error = 2.35e-18 FLOPS = 3.35e+10 Tdav = 2.74 T = 23.19
 <-- Site =  121 .. Mmps =  550 Ndav =   2 E =   -165.7326752701 Error = 1.29e-20 FLOPS = 3.35e+10 Tdav = 2.74 T = 23.59
 <-- Site =  120 .. Mmps =  550 Ndav =   2 E =   -165.7326752819 Error = 2.34e-18 FLOPS = 3.34e+10 Tdav = 2.81 T = 24.27
 <-- Site =  119 .. Mmps =  550 Ndav =   2 E =   -165.7326752894 Error = 1.51e-20 FLOPS = 3.36e+10 Tdav = 2.79 T = 24.57
 <-- Site =  118 .. Mmps =  550 Ndav =   2 E =   -165.7326752992 Error = 1.01e-18 FLOPS = 3.35e+10 Tdav = 2.86 T = 25.45
 <-- Site =  117 .. Mmps =  550 Ndav =   2 E =   -165.7326753060 Error = 3.27e-20 FLOPS = 3.36e+10 Tdav = 2.91 T = 25.90
 <-- Site =  116 .. Mmps =  550 Ndav =   2 E =   -165.7326753120 Error = 1.16e-18 FLOPS = 3.33e+10 Tdav = 2.94 T = 26.48
 <-- Site =  115 .. Mmps =  550 Ndav =   2 E =   -165.7326753171 Error = 2.80e-20 FLOPS = 3.35e+10 Tdav = 2.98 T = 27.34
 <-- Site =  114 .. Mmps =  550 Ndav =   2 E =   -165.7326753256 Error = 7.80e-19 FLOPS = 3.35e+10 Tdav = 3.04 T = 27.99
 <-- Site =  113 .. Mmps =  550 Ndav =   2 E =   -165.7326753305 Error = 1.54e-20 FLOPS = 3.39e+10 Tdav = 3.01 T = 27.95
 <-- Site =  112 .. Mmps =  550 Ndav =   2 E =   -165.7326753398 Error = 2.43e-18 FLOPS = 3.38e+10 Tdav = 3.02 T = 27.82
 <-- Site =  111 .. Mmps =  550 Ndav =   2 E =   -165.7326753456 Error = 1.71e-20 FLOPS = 3.38e+10 Tdav = 3.02 T = 27.88
 <-- Site =  110 .. Mmps =  550 Ndav =   2 E =   -165.7326753559 Error = 3.72e-18 FLOPS = 3.36e+10 Tdav = 3.03 T = 28.11
 <-- Site =  109 .. Mmps =  550 Ndav =   2 E =   -165.7326753624 Error = 1.40e-20 FLOPS = 3.37e+10 Tdav = 3.02 T = 27.94
 <-- Site =  108 .. Mmps =  550 Ndav =   2 E =   -165.7326753731 Error = 1.70e-18 FLOPS = 3.37e+10 Tdav = 3.02 T = 28.01
 <-- Site =  107 .. Mmps =  550 Ndav =   2 E =   -165.7326753800 Error = 1.32e-20 FLOPS = 3.38e+10 Tdav = 3.01 T = 28.34
 <-- Site =  106 .. Mmps =  550 Ndav =   2 E =   -165.7326753894 Error = 3.13e-18 FLOPS = 3.37e+10 Tdav = 3.08 T = 29.22
 <-- Site =  105 .. Mmps =  550 Ndav =   2 E =   -165.7326753962 Error = 2.27e-20 FLOPS = 3.37e+10 Tdav = 3.14 T = 29.93
 <-- Site =  104 .. Mmps =  550 Ndav =   2 E =   -165.7326754047 Error = 1.59e-18 FLOPS = 3.39e+10 Tdav = 3.13 T = 29.86
 <-- Site =  103 .. Mmps =  550 Ndav =   2 E =   -165.7326754086 Error = 3.29e-20 FLOPS = 3.39e+10 Tdav = 3.12 T = 30.27
 <-- Site =  102 .. Mmps =  550 Ndav =   2 E =   -165.7326754170 Error = 1.28e-18 FLOPS = 3.37e+10 Tdav = 3.20 T = 30.92
 <-- Site =  101 .. Mmps =  550 Ndav =   2 E =   -165.7326754223 Error = 2.23e-20 FLOPS = 3.38e+10 Tdav = 3.19 T = 30.97
 <-- Site =  100 .. Mmps =  550 Ndav =   2 E =   -165.7326754328 Error = 1.16e-18 FLOPS = 3.37e+10 Tdav = 3.20 T = 30.99
 <-- Site =   99 .. Mmps =  550 Ndav =   2 E =   -165.7326754387 Error = 1.98e-20 FLOPS = 3.37e+10 Tdav = 3.20 T = 30.92
 <-- Site =   98 .. Mmps =  550 Ndav =   2 E =   -165.7326754506 Error = 3.16e-18 FLOPS = 3.39e+10 Tdav = 3.18 T = 30.73
 <-- Site =   97 .. Mmps =  550 Ndav =   2 E =   -165.7326754582 Error = 1.61e-20 FLOPS = 3.36e+10 Tdav = 3.21 T = 30.90
 <-- Site =   96 .. Mmps =  550 Ndav =   2 E =   -165.7326754732 Error = 1.16e-18 FLOPS = 3.39e+10 Tdav = 3.18 T = 30.85
 <-- Site =   95 .. Mmps =  550 Ndav =   2 E =   -165.7326754812 Error = 9.95e-21 FLOPS = 3.39e+10 Tdav = 3.18 T = 30.88
 <-- Site =   94 .. Mmps =  550 Ndav =   2 E =   -165.7326754970 Error = 1.59e-18 FLOPS = 3.37e+10 Tdav = 3.20 T = 31.50
 <-- Site =   93 .. Mmps =  550 Ndav =   2 E =   -165.7326755103 Error = 1.81e-20 FLOPS = 3.37e+10 Tdav = 3.26 T = 31.84
 <-- Site =   92 .. Mmps =  550 Ndav =   2 E =   -165.7326755247 Error = 8.73e-19 FLOPS = 3.36e+10 Tdav = 3.27 T = 31.51
 <-- Site =   91 .. Mmps =  550 Ndav =   2 E =   -165.7326755341 Error = 6.08e-20 FLOPS = 3.38e+10 Tdav = 3.19 T = 31.37
 <-- Site =   90 .. Mmps =  550 Ndav =   2 E =   -165.7326755412 Error = 3.65e-18 FLOPS = 3.37e+10 Tdav = 3.26 T = 31.89
 <-- Site =   89 .. Mmps =  550 Ndav =   2 E =   -165.7326755476 Error = 1.06e-19 FLOPS = 3.36e+10 Tdav = 3.27 T = 31.92
 <-- Site =   88 .. Mmps =  550 Ndav =   2 E =   -165.7326755583 Error = 1.67e-18 FLOPS = 3.37e+10 Tdav = 3.25 T = 31.97
 <-- Site =   87 .. Mmps =  550 Ndav =   2 E =   -165.7326755642 Error = 2.11e-20 FLOPS = 3.38e+10 Tdav = 3.25 T = 31.54
 <-- Site =   86 .. Mmps =  550 Ndav =   2 E =   -165.7326755765 Error = 1.67e-18 FLOPS = 3.38e+10 Tdav = 3.19 T = 30.94
 <-- Site =   85 .. Mmps =  550 Ndav =   2 E =   -165.7326755847 Error = 2.29e-20 FLOPS = 3.38e+10 Tdav = 3.19 T = 31.20
 <-- Site =   84 .. Mmps =  550 Ndav =   2 E =   -165.7326755988 Error = 2.43e-18 FLOPS = 3.38e+10 Tdav = 3.19 T = 31.04
 <-- Site =   83 .. Mmps =  550 Ndav =   2 E =   -165.7326756062 Error = 2.27e-20 FLOPS = 3.39e+10 Tdav = 3.18 T = 30.99
 <-- Site =   82 .. Mmps =  550 Ndav =   2 E =   -165.7326756191 Error = 2.50e-18 FLOPS = 3.37e+10 Tdav = 3.20 T = 30.94
 <-- Site =   81 .. Mmps =  550 Ndav =   2 E =   -165.7326756279 Error = 1.45e-20 FLOPS = 3.38e+10 Tdav = 3.19 T = 31.32
 <-- Site =   80 .. Mmps =  550 Ndav =   2 E =   -165.7326756380 Error = 4.28e-18 FLOPS = 3.37e+10 Tdav = 3.26 T = 31.85
 <-- Site =   79 .. Mmps =  550 Ndav =   2 E =   -165.7326756449 Error = 4.64e-20 FLOPS = 3.38e+10 Tdav = 3.25 T = 31.56
 <-- Site =   78 .. Mmps =  550 Ndav =   2 E =   -165.7326756537 Error = 2.22e-18 FLOPS = 3.37e+10 Tdav = 3.20 T = 31.39
 <-- Site =   77 .. Mmps =  550 Ndav =   2 E =   -165.7326756580 Error = 2.64e-20 FLOPS = 3.40e+10 Tdav = 3.23 T = 31.49
 <-- Site =   76 .. Mmps =  550 Ndav =   2 E =   -165.7326756665 Error = 5.54e-19 FLOPS = 3.37e+10 Tdav = 3.20 T = 31.32
 <-- Site =   75 .. Mmps =  550 Ndav =   2 E =   -165.7326756724 Error = 3.42e-20 FLOPS = 3.36e+10 Tdav = 3.26 T = 31.87
 <-- Site =   74 .. Mmps =  550 Ndav =   2 E =   -165.7326756833 Error = 1.06e-18 FLOPS = 3.37e+10 Tdav = 3.26 T = 31.57
 <-- Site =   73 .. Mmps =  550 Ndav =   2 E =   -165.7326756895 Error = 1.54e-20 FLOPS = 3.38e+10 Tdav = 3.19 T = 30.83
 <-- Site =   72 .. Mmps =  550 Ndav =   2 E =   -165.7326757028 Error = 1.12e-18 FLOPS = 3.39e+10 Tdav = 3.18 T = 30.91
 <-- Site =   71 .. Mmps =  550 Ndav =   2 E =   -165.7326757118 Error = 1.69e-20 FLOPS = 3.38e+10 Tdav = 3.19 T = 30.80
 <-- Site =   70 .. Mmps =  550 Ndav =   2 E =   -165.7326757285 Error = 2.58e-18 FLOPS = 3.40e+10 Tdav = 3.17 T = 30.87
 <-- Site =   69 .. Mmps =  550 Ndav =   2 E =   -165.7326757374 Error = 1.15e-20 FLOPS = 3.37e+10 Tdav = 3.20 T = 30.88
 <-- Site =   68 .. Mmps =  550 Ndav =   2 E =   -165.7326757542 Error = 3.06e-18 FLOPS = 3.38e+10 Tdav = 3.19 T = 30.83
 <-- Site =   67 .. Mmps =  550 Ndav =   2 E =   -165.7326757668 Error = 1.56e-20 FLOPS = 3.38e+10 Tdav = 3.19 T = 30.98
 <-- Site =   66 .. Mmps =  550 Ndav =   2 E =   -165.7326757809 Error = 4.73e-19 FLOPS = 3.38e+10 Tdav = 3.19 T = 30.85
 <-- Site =   65 .. Mmps =  550 Ndav =   2 E =   -165.7326757897 Error = 5.06e-20 FLOPS = 3.39e+10 Tdav = 3.18 T = 30.84
 <-- Site =   64 .. Mmps =  550 Ndav =   2 E =   -165.7326757969 Error = 1.44e-18 FLOPS = 3.37e+10 Tdav = 3.20 T = 30.99
 <-- Site =   63 .. Mmps =  550 Ndav =   2 E =   -165.7326758031 Error = 3.44e-20 FLOPS = 3.39e+10 Tdav = 3.18 T = 30.58
 <-- Site =   62 .. Mmps =  550 Ndav =   2 E =   -165.7326758132 Error = 1.25e-18 FLOPS = 3.35e+10 Tdav = 3.16 T = 30.01
 <-- Site =   61 .. Mmps =  550 Ndav =   2 E =   -165.7326758200 Error = 1.90e-20 FLOPS = 3.38e+10 Tdav = 3.13 T = 29.45
 <-- Site =   60 .. Mmps =  550 Ndav =   2 E =   -165.7326758310 Error = 1.22e-18 FLOPS = 3.37e+10 Tdav = 3.08 T = 28.64
 <-- Site =   59 .. Mmps =  550 Ndav =   2 E =   -165.7326758383 Error = 1.64e-20 FLOPS = 3.38e+10 Tdav = 3.01 T = 27.94
 <-- Site =   58 .. Mmps =  550 Ndav =   2 E =   -165.7326758512 Error = 2.19e-18 FLOPS = 3.35e+10 Tdav = 3.04 T = 28.01
 <-- Site =   57 .. Mmps =  550 Ndav =   2 E =   -165.7326758580 Error = 1.41e-20 FLOPS = 3.38e+10 Tdav = 3.02 T = 28.12
 <-- Site =   56 .. Mmps =  550 Ndav =   2 E =   -165.7326758707 Error = 2.13e-18 FLOPS = 3.37e+10 Tdav = 3.02 T = 27.90
 <-- Site =   55 .. Mmps =  550 Ndav =   2 E =   -165.7326758784 Error = 1.07e-20 FLOPS = 3.37e+10 Tdav = 3.02 T = 27.88
 <-- Site =   54 .. Mmps =  550 Ndav =   2 E =   -165.7326758883 Error = 3.30e-18 FLOPS = 3.40e+10 Tdav = 3.00 T = 27.89
 <-- Site =   53 .. Mmps =  550 Ndav =   2 E =   -165.7326758944 Error = 5.18e-20 FLOPS = 3.38e+10 Tdav = 3.01 T = 27.44
 <-- Site =   52 .. Mmps =  550 Ndav =   2 E =   -165.7326759018 Error = 9.44e-19 FLOPS = 3.36e+10 Tdav = 2.98 T = 26.57
 <-- Site =   51 .. Mmps =  550 Ndav =   1 E =   -165.7326759018 Error = 3.54e-20 FLOPS = 3.24e+10 Tdav = 1.51 T = 24.59
 <-- Site =   50 .. Mmps =  550 Ndav =   2 E =   -165.7326759093 Error = 1.01e-18 FLOPS = 3.36e+10 Tdav = 2.91 T = 25.57
 <-- Site =   49 .. Mmps =  550 Ndav =   2 E =   -165.7326759133 Error = 1.66e-20 FLOPS = 3.35e+10 Tdav = 2.86 T = 25.16
 <-- Site =   48 .. Mmps =  550 Ndav =   2 E =   -165.7326759207 Error = 1.03e-18 FLOPS = 3.36e+10 Tdav = 2.85 T = 24.62
 <-- Site =   47 .. Mmps =  550 Ndav =   2 E =   -165.7326759254 Error = 9.54e-21 FLOPS = 3.37e+10 Tdav = 2.78 T = 23.82
 <-- Site =   46 .. Mmps =  550 Ndav =   2 E =   -165.7326759345 Error = 1.57e-18 FLOPS = 3.35e+10 Tdav = 2.74 T = 23.19
 <-- Site =   45 .. Mmps =  550 Ndav =   2 E =   -165.7326759402 Error = 1.13e-20 FLOPS = 3.35e+10 Tdav = 2.75 T = 22.95
 <-- Site =   44 .. Mmps =  550 Ndav =   2 E =   -165.7326759513 Error = 3.13e-18 FLOPS = 3.37e+10 Tdav = 2.67 T = 22.06
 <-- Site =   43 .. Mmps =  550 Ndav =   2 E =   -165.7326759580 Error = 7.87e-21 FLOPS = 3.36e+10 Tdav = 2.62 T = 21.89
 <-- Site =   42 .. Mmps =  550 Ndav =   2 E =   -165.7326759719 Error = 2.22e-18 FLOPS = 3.34e+10 Tdav = 2.69 T = 22.13
 <-- Site =   41 .. Mmps =  550 Ndav =   2 E =   -165.7326759817 Error = 1.43e-20 FLOPS = 3.36e+10 Tdav = 2.62 T = 21.19
 <-- Site =   40 .. Mmps =  550 Ndav =   2 E =   -165.7326759939 Error = 7.40e-19 FLOPS = 3.33e+10 Tdav = 2.58 T = 20.45
 <-- Site =   39 .. Mmps =  550 Ndav =   2 E =   -165.7326760013 Error = 6.47e-20 FLOPS = 3.35e+10 Tdav = 2.51 T = 19.63
 <-- Site =   38 .. Mmps =  550 Ndav =   2 E =   -165.7326760075 Error = 2.05e-18 FLOPS = 3.32e+10 Tdav = 2.47 T = 18.71
 <-- Site =   37 .. Mmps =  550 Ndav =   2 E =   -165.7326760125 Error = 2.11e-20 FLOPS = 3.35e+10 Tdav = 2.38 T = 17.96
 <-- Site =   36 .. Mmps =  550 Ndav =   2 E =   -165.7326760232 Error = 1.63e-18 FLOPS = 3.34e+10 Tdav = 2.33 T = 17.18
 <-- Site =   35 .. Mmps =  550 Ndav =   2 E =   -165.7326760322 Error = 9.53e-21 FLOPS = 3.32e+10 Tdav = 2.29 T = 16.52
 <-- Site =   34 .. Mmps =  550 Ndav =   2 E =   -165.7326760496 Error = 3.19e-18 FLOPS = 3.31e+10 Tdav = 2.23 T = 15.79
 <-- Site =   33 .. Mmps =  550 Ndav =   2 E =   -165.7326760622 Error = 1.82e-20 FLOPS = 3.31e+10 Tdav = 2.17 T = 15.02
 <-- Site =   32 .. Mmps =  550 Ndav =   2 E =   -165.7326760859 Error = 3.35e-18 FLOPS = 3.33e+10 Tdav = 2.10 T = 14.28
 <-- Site =   31 .. Mmps =  550 Ndav =   2 E =   -165.7326761031 Error = 3.42e-20 FLOPS = 3.32e+10 Tdav = 2.04 T = 13.72
 <-- Site =   30 .. Mmps =  550 Ndav =   3 E =   -165.7326761389 Error = 3.00e-18 FLOPS = 3.35e+10 Tdav = 2.95 T = 13.87
 <-- Site =   29 .. Mmps =  550 Ndav =   2 E =   -165.7326761617 Error = 2.27e-20 FLOPS = 3.31e+10 Tdav = 1.93 T = 12.32
 <-- Site =   28 .. Mmps =  550 Ndav =   3 E =   -165.7326762075 Error = 1.09e-18 FLOPS = 3.33e+10 Tdav = 2.79 T = 12.59
 <-- Site =   27 .. Mmps =  550 Ndav =   2 E =   -165.7326762443 Error = 4.15e-20 FLOPS = 3.30e+10 Tdav = 1.82 T = 11.10
 <-- Site =   26 .. Mmps =  550 Ndav =   3 E =   -165.7326763055 Error = 1.49e-18 FLOPS = 3.34e+10 Tdav = 2.60 T = 11.27
 <-- Site =   25 .. Mmps =  550 Ndav =   2 E =   -165.7326763302 Error = 4.18e-20 FLOPS = 3.28e+10 Tdav = 1.71 T = 9.89
 <-- Site =   24 .. Mmps =  550 Ndav =   3 E =   -165.7326764130 Error = 1.74e-18 FLOPS = 3.34e+10 Tdav = 2.42 T = 10.18
 <-- Site =   23 .. Mmps =  550 Ndav =   3 E =   -165.7326764777 Error = 3.81e-20 FLOPS = 3.31e+10 Tdav = 2.35 T = 9.55
 <-- Site =   22 .. Mmps =  550 Ndav =   3 E =   -165.7326766150 Error = 2.00e-18 FLOPS = 3.31e+10 Tdav = 2.26 T = 8.95
 <-- Site =   21 .. Mmps =  550 Ndav =   4 E =   -165.7326767232 Error = 4.72e-20 FLOPS = 3.30e+10 Tdav = 2.90 T = 9.14
 <-- Site =   20 .. Mmps =  550 Ndav =   4 E =   -165.7326769018 Error = 1.50e-18 FLOPS = 3.27e+10 Tdav = 2.81 T = 8.60
 <-- Site =   19 .. Mmps =  550 Ndav =   3 E =   -165.7326770289 Error = 6.97e-20 FLOPS = 3.26e+10 Tdav = 2.02 T = 7.42
 <-- Site =   18 .. Mmps =  550 Ndav =   4 E =   -165.7326772547 Error = 3.46e-18 FLOPS = 3.26e+10 Tdav = 2.57 T = 7.55
 <-- Site =   17 .. Mmps =  550 Ndav =   4 E =   -165.7326774580 Error = 7.83e-20 FLOPS = 3.24e+10 Tdav = 2.47 T = 7.06
 <-- Site =   16 .. Mmps =  550 Ndav =   4 E =   -165.7326778323 Error = 1.75e-18 FLOPS = 3.23e+10 Tdav = 2.35 T = 6.66
 <-- Site =   15 .. Mmps =  550 Ndav =   4 E =   -165.7326781936 Error = 6.75e-20 FLOPS = 3.20e+10 Tdav = 2.25 T = 6.16
 <-- Site =   14 .. Mmps =  550 Ndav =   5 E =   -165.7326788049 Error = 1.51e-18 FLOPS = 3.21e+10 Tdav = 2.65 T = 6.17
 <-- Site =   13 .. Mmps =  550 Ndav =   5 E =   -165.7326794689 Error = 3.54e-19 FLOPS = 3.20e+10 Tdav = 2.49 T = 5.72
 <-- Site =   12 .. Mmps =  550 Ndav =   5 E =   -165.7326803273 Error = 3.12e-17 FLOPS = 3.17e+10 Tdav = 2.36 T = 5.28
 <-- Site =   11 .. Mmps =  550 Ndav =   6 E =   -165.7326808280 Error = 3.94e-19 FLOPS = 3.10e+10 Tdav = 2.71 T = 5.50
 <-- Site =   10 .. Mmps =  550 Ndav =   3 E =   -165.7326809242 Error = 1.40e-17 FLOPS = 3.16e+10 Tdav = 1.23 T = 3.61
 <-- Site =    9 .. Mmps =  550 Ndav =   2 E =   -165.7326809302 Error = 4.63e-23 FLOPS = 3.06e+10 Tdav = 0.70 T = 2.72
 <-- Site =    8 .. Mmps =  550 Ndav =   1 E =   -165.7326809302 Error = 1.78e-30 FLOPS = 2.51e+10 Tdav = 0.13 T = 1.32
 <-- Site =    7 .. Mmps =  550 Ndav =   1 E =   -165.7326809302 Error = 1.03e-54 FLOPS = 2.17e+10 Tdav = 0.05 T = 1.03
 <-- Site =    6 .. Mmps =  550 Ndav =   1 E =   -165.7326809302 Error = 2.35e-75 FLOPS = 1.84e+10 Tdav = 0.02 T = 0.94
 <-- Site =    5 .. Mmps =  550 Ndav =   1 E =   -165.7326809302 Error = 3.70e-95 FLOPS = 1.53e+10 Tdav = 0.01 T = 0.79
 <-- Site =    4 .. Mmps =  550 Ndav =   1 E =   -165.7326809302 Error = 9.06e-109 FLOPS = 1.21e+10 Tdav = 0.01 T = 0.79
 <-- Site =    3 .. Mmps =  550 Ndav =   1 E =   -165.7326809302 Error = 1.23e-112 FLOPS = 9.21e+09 Tdav = 0.00 T = 0.71
 <-- Site =    2 .. Mmps =  547 Ndav =   1 E =   -165.7326809302 Error = 0.00e+00 FLOPS = 6.08e+09 Tdav = 0.00 T = 0.66
 <-- Site =    1 .. Mmps =  544 Ndav =   1 E =   -165.7326809302 Error = 0.00e+00 FLOPS = 3.78e+09 Tdav = 0.00 T = 0.60
 <-- Site =    0 .. Mmps =  542 Ndav =   1 E =   -165.7326809302 Error = 0.00e+00 FLOPS = 2.97e+09 Tdav = 0.00 T = 0.53
Time elapsed =  15692.751 | E =    -165.7326809302 | DE = -6.71e-06 | DW = 3.11658e-17
Time sweep =     3163.168 | 12.1 TFLOP/SWP
 | Dmem = 134 MB (3%) | Imem = 232 B (79%) | Hmem = 637 MB | Wmem = 4.62 MB | Pmem = 0 B
 | Tread = 75.372 | Twrite = 32.668 | Tfpread = 74.262 | Tfpwrite = 22.597 | Tmporead = 0.000 | Tasync = 0.000
 | data = 14.5 GB | cpsd = 9.45 GB
 | Trot = 185.664 | Tctr = 161.440 | Tint = 0.010 | Tmid = 0.000 | Tdctr = 0.011 | Tdiag = 1.547 | Tinfo = 2.150
 | Teff = 2268.794 | Tprt = 0.000 | Teig = 398.047 | Tblk = 2724.027 | Tmve = 439.127 | Tdm = 2.943 | Tsplt = 42.069 | Tsvd = 0.000 | Torth = 0.000

Sweep =   10 | Direction =  forward | Bond dimension =  550 | Noise =  0.00e+00 | Dav threshold =  1.00e-07
 --> Site =    0 .. Mmps =    2 Ndav =   1 E =   -165.7326809302 Error = 0.00e+00 FLOPS = 2.36e+09 Tdav = 0.00 T = 0.02
 --> Site =    1 .. Mmps =    4 Ndav =   1 E =   -165.7326809302 Error = 0.00e+00 FLOPS = 3.89e+09 Tdav = 0.00 T = 0.05
 --> Site =    2 .. Mmps =    8 Ndav =   1 E =   -165.7326809302 Error = 0.00e+00 FLOPS = 6.03e+09 Tdav = 0.00 T = 0.05
 --> Site =    3 .. Mmps =   16 Ndav =   1 E =   -165.7326809302 Error = 0.00e+00 FLOPS = 9.11e+09 Tdav = 0.00 T = 0.06
 --> Site =    4 .. Mmps =   32 Ndav =   1 E =   -165.7326809302 Error = 0.00e+00 FLOPS = 1.22e+10 Tdav = 0.01 T = 0.07
 --> Site =    5 .. Mmps =   64 Ndav =   1 E =   -165.7326809302 Error = 0.00e+00 FLOPS = 1.53e+10 Tdav = 0.01 T = 0.08
 --> Site =    6 .. Mmps =  128 Ndav =   1 E =   -165.7326809302 Error = 0.00e+00 FLOPS = 1.85e+10 Tdav = 0.02 T = 0.12
 --> Site =    7 .. Mmps =  256 Ndav =   1 E =   -165.7326809302 Error = 0.00e+00 FLOPS = 2.17e+10 Tdav = 0.05 T = 0.20
 --> Site =    8 .. Mmps =  512 Ndav =   1 E =   -165.7326809302 Error = 0.00e+00 FLOPS = 2.52e+10 Tdav = 0.13 T = 0.53
 --> Site =    9 .. Mmps =  550 Ndav =   1 E =   -165.7326809302 Error = 1.27e-24 FLOPS = 2.82e+10 Tdav = 0.38 T = 1.90
 --> Site =   10 .. Mmps =  550 Ndav =   1 E =   -165.7326809302 Error = 1.31e-24 FLOPS = 2.90e+10 Tdav = 0.45 T = 2.62
 --> Site =   11 .. Mmps =  550 Ndav =   1 E =   -165.7326809302 Error = 6.09e-23 FLOPS = 2.94e+10 Tdav = 0.48 T = 2.94
 --> Site =   12 .. Mmps =  550 Ndav =   1 E =   -165.7326809302 Error = 1.32e-22 FLOPS = 2.97e+10 Tdav = 0.50 T = 3.26
 --> Site =   13 .. Mmps =  550 Ndav =   2 E =   -165.7326809353 Error = 2.20e-20 FLOPS = 3.17e+10 Tdav = 1.01 T = 4.01
 --> Site =   14 .. Mmps =  550 Ndav =   2 E =   -165.7326809508 Error = 3.00e-20 FLOPS = 3.15e+10 Tdav = 1.08 T = 4.45
 --> Site =   15 .. Mmps =  550 Ndav =   2 E =   -165.7326809617 Error = 1.30e-19 FLOPS = 3.19e+10 Tdav = 1.13 T = 4.78
 --> Site =   16 .. Mmps =  550 Ndav =   2 E =   -165.7326809825 Error = 2.95e-20 FLOPS = 3.20e+10 Tdav = 1.19 T = 5.13
 --> Site =   17 .. Mmps =  550 Ndav =   2 E =   -165.7326809947 Error = 1.52e-19 FLOPS = 3.18e+10 Tdav = 1.26 T = 5.55
 --> Site =   18 .. Mmps =  550 Ndav =   2 E =   -165.7326810139 Error = 7.42e-20 FLOPS = 3.22e+10 Tdav = 1.30 T = 6.01
 --> Site =   19 .. Mmps =  550 Ndav =   2 E =   -165.7326810251 Error = 8.63e-20 FLOPS = 3.25e+10 Tdav = 1.35 T = 6.35
 --> Site =   20 .. Mmps =  550 Ndav =   2 E =   -165.7326810395 Error = 2.61e-20 FLOPS = 3.26e+10 Tdav = 1.41 T = 6.82
 --> Site =   21 .. Mmps =  550 Ndav =   2 E =   -165.7326810483 Error = 1.24e-19 FLOPS = 3.25e+10 Tdav = 1.47 T = 7.31
 --> Site =   22 .. Mmps =  550 Ndav =   2 E =   -165.7326810600 Error = 3.15e-20 FLOPS = 3.26e+10 Tdav = 1.53 T = 7.81
 --> Site =   23 .. Mmps =  550 Ndav =   2 E =   -165.7326810662 Error = 1.57e-19 FLOPS = 3.26e+10 Tdav = 1.59 T = 8.33
 --> Site =   24 .. Mmps =  550 Ndav =   2 E =   -165.7326810741 Error = 1.63e-20 FLOPS = 3.27e+10 Tdav = 1.65 T = 8.83
 --> Site =   25 .. Mmps =  550 Ndav =   2 E =   -165.7326810801 Error = 8.56e-20 FLOPS = 3.27e+10 Tdav = 1.71 T = 9.38
 --> Site =   26 .. Mmps =  550 Ndav =   2 E =   -165.7326810868 Error = 4.98e-20 FLOPS = 3.29e+10 Tdav = 1.76 T = 10.05
 --> Site =   27 .. Mmps =  550 Ndav =   2 E =   -165.7326810945 Error = 5.94e-20 FLOPS = 3.28e+10 Tdav = 1.82 T = 10.54
 --> Site =   28 .. Mmps =  550 Ndav =   2 E =   -165.7326811079 Error = 1.27e-20 FLOPS = 3.32e+10 Tdav = 1.86 T = 11.01
 --> Site =   29 .. Mmps =  550 Ndav =   2 E =   -165.7326811159 Error = 6.32e-20 FLOPS = 3.32e+10 Tdav = 1.92 T = 11.58
 --> Site =   30 .. Mmps =  550 Ndav =   2 E =   -165.7326811332 Error = 1.77e-20 FLOPS = 3.32e+10 Tdav = 1.98 T = 12.26
 --> Site =   31 .. Mmps =  550 Ndav =   2 E =   -165.7326811408 Error = 7.90e-20 FLOPS = 3.33e+10 Tdav = 2.04 T = 12.93
 --> Site =   32 .. Mmps =  550 Ndav =   2 E =   -165.7326811526 Error = 1.77e-20 FLOPS = 3.33e+10 Tdav = 2.10 T = 13.56
 --> Site =   33 .. Mmps =  550 Ndav =   2 E =   -165.7326811578 Error = 1.08e-19 FLOPS = 3.29e+10 Tdav = 2.18 T = 14.26
 --> Site =   34 .. Mmps =  550 Ndav =   2 E =   -165.7326811630 Error = 7.83e-21 FLOPS = 3.34e+10 Tdav = 2.21 T = 14.92
 --> Site =   35 .. Mmps =  550 Ndav =   1 E =   -165.7326811630 Error = 1.51e-20 FLOPS = 3.19e+10 Tdav = 1.19 T = 14.48
 --> Site =   36 .. Mmps =  550 Ndav =   1 E =   -165.7326811630 Error = 6.97e-21 FLOPS = 3.19e+10 Tdav = 1.22 T = 15.16
 --> Site =   37 .. Mmps =  550 Ndav =   1 E =   -165.7326811630 Error = 4.89e-20 FLOPS = 3.20e+10 Tdav = 1.25 T = 15.89
 --> Site =   38 .. Mmps =  550 Ndav =   1 E =   -165.7326811630 Error = 2.91e-20 FLOPS = 3.18e+10 Tdav = 1.29 T = 16.59
 --> Site =   39 .. Mmps =  550 Ndav =   1 E =   -165.7326811630 Error = 2.01e-20 FLOPS = 3.20e+10 Tdav = 1.31 T = 17.46
 --> Site =   40 .. Mmps =  550 Ndav =   2 E =   -165.7326811679 Error = 6.65e-21 FLOPS = 3.35e+10 Tdav = 2.56 T = 19.27
 --> Site =   41 .. Mmps =  550 Ndav =   1 E =   -165.7326811679 Error = 1.18e-19 FLOPS = 3.23e+10 Tdav = 1.36 T = 18.83
 --> Site =   42 .. Mmps =  550 Ndav =   2 E =   -165.7326811730 Error = 1.68e-20 FLOPS = 3.34e+10 Tdav = 2.69 T = 20.95
 --> Site =   43 .. Mmps =  550 Ndav =   1 E =   -165.7326811730 Error = 8.24e-20 FLOPS = 3.22e+10 Tdav = 1.36 T = 19.67
 --> Site =   44 .. Mmps =  550 Ndav =   2 E =   -165.7326811778 Error = 4.90e-20 FLOPS = 3.37e+10 Tdav = 2.67 T = 20.91
 --> Site =   45 .. Mmps =  550 Ndav =   1 E =   -165.7326811778 Error = 8.53e-20 FLOPS = 3.24e+10 Tdav = 1.42 T = 20.37
 --> Site =   46 .. Mmps =  550 Ndav =   1 E =   -165.7326811778 Error = 5.01e-21 FLOPS = 3.24e+10 Tdav = 1.42 T = 20.79
 --> Site =   47 .. Mmps =  550 Ndav =   1 E =   -165.7326811778 Error = 1.50e-19 FLOPS = 3.25e+10 Tdav = 1.45 T = 21.18
 --> Site =   48 .. Mmps =  550 Ndav =   1 E =   -165.7326811778 Error = 1.97e-20 FLOPS = 3.26e+10 Tdav = 1.47 T = 22.09
 --> Site =   49 .. Mmps =  550 Ndav =   1 E =   -165.7326811778 Error = 4.04e-20 FLOPS = 3.24e+10 Tdav = 1.48 T = 22.46
 --> Site =   50 .. Mmps =  550 Ndav =   1 E =   -165.7326811778 Error = 1.22e-20 FLOPS = 3.25e+10 Tdav = 1.51 T = 22.93
 --> Site =   51 .. Mmps =  550 Ndav =   1 E =   -165.7326811778 Error = 7.16e-20 FLOPS = 3.26e+10 Tdav = 1.50 T = 23.28
 --> Site =   52 .. Mmps =  550 Ndav =   1 E =   -165.7326811778 Error = 3.44e-20 FLOPS = 3.26e+10 Tdav = 1.53 T = 23.73
 --> Site =   53 .. Mmps =  550 Ndav =   1 E =   -165.7326811778 Error = 2.77e-20 FLOPS = 3.27e+10 Tdav = 1.56 T = 24.69
 --> Site =   54 .. Mmps =  550 Ndav =   1 E =   -165.7326811778 Error = 8.60e-21 FLOPS = 3.25e+10 Tdav = 1.56 T = 25.00
 --> Site =   55 .. Mmps =  550 Ndav =   1 E =   -165.7326811778 Error = 1.47e-19 FLOPS = 3.27e+10 Tdav = 1.56 T = 25.19
 --> Site =   56 .. Mmps =  550 Ndav =   2 E =   -165.7326811824 Error = 1.03e-20 FLOPS = 3.34e+10 Tdav = 3.05 T = 26.57
 --> Site =   57 .. Mmps =  550 Ndav =   1 E =   -165.7326811824 Error = 2.19e-20 FLOPS = 3.25e+10 Tdav = 1.57 T = 25.13
 --> Site =   58 .. Mmps =  550 Ndav =   1 E =   -165.7326811824 Error = 2.35e-20 FLOPS = 3.27e+10 Tdav = 1.56 T = 25.20
 --> Site =   59 .. Mmps =  550 Ndav =   1 E =   -165.7326811824 Error = 5.92e-20 FLOPS = 3.27e+10 Tdav = 1.56 T = 25.14
 --> Site =   60 .. Mmps =  550 Ndav =   1 E =   -165.7326811824 Error = 4.26e-21 FLOPS = 3.28e+10 Tdav = 1.58 T = 25.52
 --> Site =   61 .. Mmps =  550 Ndav =   1 E =   -165.7326811824 Error = 6.87e-20 FLOPS = 3.28e+10 Tdav = 1.61 T = 26.33
 --> Site =   62 .. Mmps =  550 Ndav =   1 E =   -165.7326811824 Error = 1.98e-20 FLOPS = 3.27e+10 Tdav = 1.62 T = 26.85
 --> Site =   63 .. Mmps =  550 Ndav =   1 E =   -165.7326811824 Error = 1.01e-19 FLOPS = 3.26e+10 Tdav = 1.65 T = 27.36
 --> Site =   64 .. Mmps =  550 Ndav =   1 E =   -165.7326811824 Error = 9.86e-20 FLOPS = 3.28e+10 Tdav = 1.64 T = 27.78
 --> Site =   65 .. Mmps =  550 Ndav =   1 E =   -165.7326811824 Error = 5.88e-20 FLOPS = 3.28e+10 Tdav = 1.64 T = 27.73
 --> Site =   66 .. Mmps =  550 Ndav =   1 E =   -165.7326811824 Error = 8.91e-21 FLOPS = 3.26e+10 Tdav = 1.65 T = 27.85
 --> Site =   67 .. Mmps =  550 Ndav =   1 E =   -165.7326811824 Error = 7.51e-20 FLOPS = 3.31e+10 Tdav = 1.63 T = 27.83
 --> Site =   68 .. Mmps =  550 Ndav =   2 E =   -165.7326811882 Error = 7.00e-21 FLOPS = 3.37e+10 Tdav = 3.20 T = 29.25
 --> Site =   69 .. Mmps =  550 Ndav =   1 E =   -165.7326811882 Error = 1.95e-19 FLOPS = 3.29e+10 Tdav = 1.64 T = 27.78
 --> Site =   70 .. Mmps =  550 Ndav =   1 E =   -165.7326811882 Error = 3.83e-21 FLOPS = 3.27e+10 Tdav = 1.65 T = 27.81
 --> Site =   71 .. Mmps =  550 Ndav =   1 E =   -165.7326811882 Error = 1.49e-19 FLOPS = 3.28e+10 Tdav = 1.64 T = 27.74
 --> Site =   72 .. Mmps =  550 Ndav =   2 E =   -165.7326811932 Error = 1.87e-20 FLOPS = 3.38e+10 Tdav = 3.19 T = 29.23
 --> Site =   73 .. Mmps =  550 Ndav =   1 E =   -165.7326811932 Error = 1.59e-19 FLOPS = 3.27e+10 Tdav = 1.65 T = 27.76
 --> Site =   74 .. Mmps =  550 Ndav =   1 E =   -165.7326811932 Error = 2.00e-20 FLOPS = 3.26e+10 Tdav = 1.69 T = 28.40
 --> Site =   75 .. Mmps =  550 Ndav =   1 E =   -165.7326811932 Error = 1.96e-20 FLOPS = 3.28e+10 Tdav = 1.67 T = 28.77
 --> Site =   76 .. Mmps =  550 Ndav =   1 E =   -165.7326811932 Error = 1.84e-20 FLOPS = 3.29e+10 Tdav = 1.64 T = 28.27
 --> Site =   77 .. Mmps =  550 Ndav =   1 E =   -165.7326811932 Error = 2.39e-19 FLOPS = 3.29e+10 Tdav = 1.67 T = 28.19
 --> Site =   78 .. Mmps =  550 Ndav =   1 E =   -165.7326811932 Error = 6.62e-21 FLOPS = 3.27e+10 Tdav = 1.65 T = 28.34
 --> Site =   79 .. Mmps =  550 Ndav =   1 E =   -165.7326811932 Error = 3.76e-20 FLOPS = 3.28e+10 Tdav = 1.67 T = 28.19
 --> Site =   80 .. Mmps =  550 Ndav =   1 E =   -165.7326811932 Error = 7.81e-21 FLOPS = 3.29e+10 Tdav = 1.67 T = 28.70
 --> Site =   81 .. Mmps =  550 Ndav =   1 E =   -165.7326811932 Error = 5.24e-20 FLOPS = 3.28e+10 Tdav = 1.64 T = 28.29
 --> Site =   82 .. Mmps =  550 Ndav =   2 E =   -165.7326811985 Error = 9.75e-21 FLOPS = 3.37e+10 Tdav = 3.20 T = 29.51
 --> Site =   83 .. Mmps =  550 Ndav =   1 E =   -165.7326811985 Error = 5.66e-20 FLOPS = 3.30e+10 Tdav = 1.63 T = 27.69
 --> Site =   84 .. Mmps =  550 Ndav =   1 E =   -165.7326811985 Error = 1.22e-20 FLOPS = 3.29e+10 Tdav = 1.64 T = 28.01
 --> Site =   85 .. Mmps =  550 Ndav =   1 E =   -165.7326811985 Error = 5.12e-20 FLOPS = 3.28e+10 Tdav = 1.64 T = 27.82
 --> Site =   86 .. Mmps =  550 Ndav =   2 E =   -165.7326812030 Error = 8.24e-21 FLOPS = 3.37e+10 Tdav = 3.20 T = 29.32
 --> Site =   87 .. Mmps =  550 Ndav =   1 E =   -165.7326812030 Error = 8.44e-20 FLOPS = 3.28e+10 Tdav = 1.68 T = 28.30
 --> Site =   88 .. Mmps =  550 Ndav =   1 E =   -165.7326812030 Error = 6.11e-20 FLOPS = 3.30e+10 Tdav = 1.66 T = 28.78
 --> Site =   89 .. Mmps =  550 Ndav =   1 E =   -165.7326812030 Error = 4.65e-20 FLOPS = 3.28e+10 Tdav = 1.67 T = 28.79
 --> Site =   90 .. Mmps =  550 Ndav =   1 E =   -165.7326812030 Error = 2.08e-20 FLOPS = 3.29e+10 Tdav = 1.67 T = 28.88
 --> Site =   91 .. Mmps =  550 Ndav =   1 E =   -165.7326812030 Error = 4.45e-20 FLOPS = 3.29e+10 Tdav = 1.64 T = 28.22
 --> Site =   92 .. Mmps =  550 Ndav =   1 E =   -165.7326812030 Error = 8.13e-21 FLOPS = 3.29e+10 Tdav = 1.67 T = 28.49
 --> Site =   93 .. Mmps =  550 Ndav =   1 E =   -165.7326812030 Error = 2.39e-20 FLOPS = 3.26e+10 Tdav = 1.69 T = 28.72
 --> Site =   94 .. Mmps =  550 Ndav =   2 E =   -165.7326812087 Error = 3.80e-20 FLOPS = 3.39e+10 Tdav = 3.18 T = 30.12
 --> Site =   95 .. Mmps =  550 Ndav =   1 E =   -165.7326812087 Error = 1.29e-19 FLOPS = 3.28e+10 Tdav = 1.64 T = 27.75
 --> Site =   96 .. Mmps =  550 Ndav =   1 E =   -165.7326812087 Error = 4.99e-21 FLOPS = 3.29e+10 Tdav = 1.64 T = 27.78
 --> Site =   97 .. Mmps =  550 Ndav =   1 E =   -165.7326812087 Error = 2.48e-19 FLOPS = 3.28e+10 Tdav = 1.64 T = 27.68
 --> Site =   98 .. Mmps =  550 Ndav =   2 E =   -165.7326812137 Error = 7.65e-21 FLOPS = 3.38e+10 Tdav = 3.19 T = 29.29
 --> Site =   99 .. Mmps =  550 Ndav =   1 E =   -165.7326812137 Error = 7.16e-20 FLOPS = 3.26e+10 Tdav = 1.65 T = 27.86
 --> Site =  100 .. Mmps =  550 Ndav =   1 E =   -165.7326812137 Error = 1.02e-20 FLOPS = 3.29e+10 Tdav = 1.64 T = 27.90
 --> Site =  101 .. Mmps =  550 Ndav =   1 E =   -165.7326812137 Error = 7.17e-20 FLOPS = 3.27e+10 Tdav = 1.65 T = 27.80
 --> Site =  102 .. Mmps =  550 Ndav =   1 E =   -165.7326812137 Error = 1.42e-20 FLOPS = 3.30e+10 Tdav = 1.63 T = 27.78
 --> Site =  103 .. Mmps =  550 Ndav =   1 E =   -165.7326812137 Error = 5.82e-20 FLOPS = 3.28e+10 Tdav = 1.61 T = 27.26
 --> Site =  104 .. Mmps =  550 Ndav =   1 E =   -165.7326812137 Error = 3.38e-20 FLOPS = 3.24e+10 Tdav = 1.63 T = 26.79
 --> Site =  105 .. Mmps =  550 Ndav =   1 E =   -165.7326812137 Error = 1.10e-19 FLOPS = 3.29e+10 Tdav = 1.61 T = 26.89
 --> Site =  106 .. Mmps =  550 Ndav =   1 E =   -165.7326812137 Error = 4.59e-20 FLOPS = 3.26e+10 Tdav = 1.59 T = 26.43
 --> Site =  107 .. Mmps =  550 Ndav =   1 E =   -165.7326812137 Error = 1.84e-19 FLOPS = 3.24e+10 Tdav = 1.57 T = 25.61
 --> Site =  108 .. Mmps =  550 Ndav =   2 E =   -165.7326812182 Error = 4.36e-20 FLOPS = 3.38e+10 Tdav = 3.01 T = 26.48
 --> Site =  109 .. Mmps =  550 Ndav =   1 E =   -165.7326812182 Error = 8.44e-20 FLOPS = 3.26e+10 Tdav = 1.56 T = 25.02
 --> Site =  110 .. Mmps =  550 Ndav =   1 E =   -165.7326812182 Error = 4.81e-21 FLOPS = 3.25e+10 Tdav = 1.57 T = 25.09
 --> Site =  111 .. Mmps =  550 Ndav =   1 E =   -165.7326812182 Error = 5.78e-20 FLOPS = 3.27e+10 Tdav = 1.56 T = 24.99
 --> Site =  112 .. Mmps =  550 Ndav =   1 E =   -165.7326812182 Error = 1.03e-20 FLOPS = 3.27e+10 Tdav = 1.55 T = 25.04
 --> Site =  113 .. Mmps =  550 Ndav =   1 E =   -165.7326812182 Error = 1.20e-19 FLOPS = 3.26e+10 Tdav = 1.56 T = 25.05
 --> Site =  114 .. Mmps =  550 Ndav =   1 E =   -165.7326812182 Error = 3.57e-21 FLOPS = 3.25e+10 Tdav = 1.56 T = 25.11
 --> Site =  115 .. Mmps =  550 Ndav =   1 E =   -165.7326812182 Error = 6.37e-20 FLOPS = 3.25e+10 Tdav = 1.53 T = 24.59
 --> Site =  116 .. Mmps =  550 Ndav =   1 E =   -165.7326812182 Error = 1.25e-19 FLOPS = 3.26e+10 Tdav = 1.50 T = 23.74
 --> Site =  117 .. Mmps =  550 Ndav =   1 E =   -165.7326812182 Error = 3.96e-20 FLOPS = 3.26e+10 Tdav = 1.50 T = 23.55
 --> Site =  118 .. Mmps =  550 Ndav =   1 E =   -165.7326812182 Error = 2.84e-20 FLOPS = 3.26e+10 Tdav = 1.47 T = 22.77
 --> Site =  119 .. Mmps =  550 Ndav =   1 E =   -165.7326812182 Error = 2.92e-20 FLOPS = 3.24e+10 Tdav = 1.45 T = 21.99
 --> Site =  120 .. Mmps =  550 Ndav =   1 E =   -165.7326812182 Error = 1.95e-20 FLOPS = 3.23e+10 Tdav = 1.45 T = 21.69
 --> Site =  121 .. Mmps =  550 Ndav =   1 E =   -165.7326812182 Error = 8.10e-20 FLOPS = 3.24e+10 Tdav = 1.42 T = 21.21
 --> Site =  122 .. Mmps =  550 Ndav =   1 E =   -165.7326812182 Error = 1.75e-21 FLOPS = 3.25e+10 Tdav = 1.41 T = 20.87
 --> Site =  123 .. Mmps =  550 Ndav =   1 E =   -165.7326812182 Error = 9.97e-20 FLOPS = 3.26e+10 Tdav = 1.38 T = 20.35
 --> Site =  124 .. Mmps =  550 Ndav =   2 E =   -165.7326812230 Error = 3.52e-20 FLOPS = 3.37e+10 Tdav = 2.61 T = 20.83
 --> Site =  125 .. Mmps =  550 Ndav =   1 E =   -165.7326812230 Error = 5.33e-20 FLOPS = 3.22e+10 Tdav = 1.36 T = 19.22
 --> Site =  126 .. Mmps =  550 Ndav =   1 E =   -165.7326812230 Error = 1.98e-21 FLOPS = 3.21e+10 Tdav = 1.37 T = 19.26
 --> Site =  127 .. Mmps =  550 Ndav =   1 E =   -165.7326812230 Error = 3.83e-20 FLOPS = 3.24e+10 Tdav = 1.33 T = 18.78
 --> Site =  128 .. Mmps =  550 Ndav =   2 E =   -165.7326812270 Error = 1.67e-20 FLOPS = 3.34e+10 Tdav = 2.51 T = 19.25
 --> Site =  129 .. Mmps =  550 Ndav =   1 E =   -165.7326812270 Error = 1.33e-19 FLOPS = 3.21e+10 Tdav = 1.27 T = 17.27
 --> Site =  130 .. Mmps =  550 Ndav =   1 E =   -165.7326812270 Error = 6.96e-21 FLOPS = 3.21e+10 Tdav = 1.24 T = 16.56
 --> Site =  131 .. Mmps =  550 Ndav =   1 E =   -165.7326812270 Error = 8.54e-20 FLOPS = 3.20e+10 Tdav = 1.22 T = 15.91
 --> Site =  132 .. Mmps =  550 Ndav =   1 E =   -165.7326812270 Error = 5.71e-21 FLOPS = 3.20e+10 Tdav = 1.18 T = 15.15
 --> Site =  133 .. Mmps =  550 Ndav =   1 E =   -165.7326812270 Error = 4.31e-20 FLOPS = 3.19e+10 Tdav = 1.16 T = 14.52
 --> Site =  134 .. Mmps =  550 Ndav =   2 E =   -165.7326812318 Error = 7.63e-21 FLOPS = 3.31e+10 Tdav = 2.17 T = 14.86
 --> Site =  135 .. Mmps =  550 Ndav =   1 E =   -165.7326812318 Error = 6.87e-20 FLOPS = 3.20e+10 Tdav = 1.09 T = 13.14
 --> Site =  136 .. Mmps =  550 Ndav =   1 E =   -165.7326812318 Error = 3.98e-21 FLOPS = 3.20e+10 Tdav = 1.06 T = 12.60
 --> Site =  137 .. Mmps =  550 Ndav =   1 E =   -165.7326812318 Error = 1.30e-19 FLOPS = 3.19e+10 Tdav = 1.03 T = 12.00
 --> Site =  138 .. Mmps =  550 Ndav =   2 E =   -165.7326812382 Error = 2.27e-20 FLOPS = 3.30e+10 Tdav = 1.94 T = 12.31
 --> Site =  139 .. Mmps =  550 Ndav =   1 E =   -165.7326812382 Error = 2.43e-19 FLOPS = 3.22e+10 Tdav = 0.96 T = 10.78
 --> Site =  140 .. Mmps =  550 Ndav =   1 E =   -165.7326812382 Error = 3.22e-20 FLOPS = 3.17e+10 Tdav = 0.94 T = 10.15
 --> Site =  141 .. Mmps =  550 Ndav =   1 E =   -165.7326812382 Error = 3.31e-19 FLOPS = 3.16e+10 Tdav = 0.92 T = 9.61
 --> Site =  142 .. Mmps =  550 Ndav =   2 E =   -165.7326812462 Error = 4.60e-20 FLOPS = 3.30e+10 Tdav = 1.69 T = 9.97
 --> Site =  143 .. Mmps =  550 Ndav =   1 E =   -165.7326812462 Error = 1.11e-19 FLOPS = 3.13e+10 Tdav = 0.86 T = 8.58
 --> Site =  144 .. Mmps =  550 Ndav =   2 E =   -165.7326812522 Error = 5.26e-20 FLOPS = 3.27e+10 Tdav = 1.59 T = 8.83
 --> Site =  145 .. Mmps =  550 Ndav =   2 E =   -165.7326812566 Error = 1.45e-19 FLOPS = 3.25e+10 Tdav = 1.54 T = 8.30
 --> Site =  146 .. Mmps =  550 Ndav =   2 E =   -165.7326812642 Error = 3.73e-20 FLOPS = 3.25e+10 Tdav = 1.47 T = 7.79
 --> Site =  147 .. Mmps =  550 Ndav =   2 E =   -165.7326812710 Error = 8.37e-20 FLOPS = 3.22e+10 Tdav = 1.43 T = 7.32
 --> Site =  148 .. Mmps =  550 Ndav =   2 E =   -165.7326812816 Error = 3.60e-20 FLOPS = 3.22e+10 Tdav = 1.36 T = 6.88
 --> Site =  149 .. Mmps =  550 Ndav =   2 E =   -165.7326812904 Error = 2.64e-19 FLOPS = 3.23e+10 Tdav = 1.30 T = 6.37
 --> Site =  150 .. Mmps =  550 Ndav =   2 E =   -165.7326813021 Error = 1.29e-20 FLOPS = 3.22e+10 Tdav = 1.24 T = 5.94
 --> Site =  151 .. Mmps =  550 Ndav =   2 E =   -165.7326813105 Error = 3.03e-19 FLOPS = 3.19e+10 Tdav = 1.19 T = 5.51
 --> Site =  152 .. Mmps =  550 Ndav =   2 E =   -165.7326813219 Error = 4.62e-20 FLOPS = 3.18e+10 Tdav = 1.13 T = 5.11
 --> Site =  153 .. Mmps =  550 Ndav =   2 E =   -165.7326813319 Error = 2.95e-19 FLOPS = 3.16e+10 Tdav = 1.08 T = 4.73
 --> Site =  154 .. Mmps =  550 Ndav =   2 E =   -165.7326813411 Error = 3.39e-20 FLOPS = 3.18e+10 Tdav = 1.00 T = 4.39
 --> Site =  155 .. Mmps =  550 Ndav =   2 E =   -165.7326813484 Error = 1.73e-18 FLOPS = 3.15e+10 Tdav = 0.95 T = 3.98
 --> Site =  156 .. Mmps =  550 Ndav =   2 E =   -165.7326813540 Error = 6.94e-19 FLOPS = 3.13e+10 Tdav = 0.89 T = 3.68
 --> Site =  157 .. Mmps =  550 Ndav =   2 E =   -165.7326813580 Error = 1.37e-18 FLOPS = 3.12e+10 Tdav = 0.83 T = 3.31
 --> Site =  158 .. Mmps =  550 Ndav =   1 E =   -165.7326813580 Error = 1.70e-19 FLOPS = 2.86e+10 Tdav = 0.42 T = 2.66
 --> Site =  159 .. Mmps =  550 Ndav =   1 E =   -165.7326813580 Error = 1.59e-23 FLOPS = 2.71e+10 Tdav = 0.37 T = 2.40
 --> Site =  160 .. Mmps =  550 Ndav =   1 E =   -165.7326813580 Error = 3.04e-30 FLOPS = 2.59e+10 Tdav = 0.15 T = 1.90
 --> Site =  161 .. Mmps =  550 Ndav =   1 E =   -165.7326813580 Error = 4.43e-56 FLOPS = 2.34e+10 Tdav = 0.07 T = 1.52
 --> Site =  162 .. Mmps =  550 Ndav =   1 E =   -165.7326813580 Error = 1.31e-82 FLOPS = 2.29e+10 Tdav = 0.03 T = 1.32
 --> Site =  163 .. Mmps =  550 Ndav =   1 E =   -165.7326813580 Error = 7.83e-109 FLOPS = 1.85e+10 Tdav = 0.02 T = 1.17
 --> Site =  164 .. Mmps =  550 Ndav =   1 E =   -165.7326813580 Error = 4.22e-133 FLOPS = 1.44e+10 Tdav = 0.01 T = 0.98
 --> Site =  165 .. Mmps =  550 Ndav =   1 E =   -165.7326813580 Error = 2.30e-157 FLOPS = 8.36e+09 Tdav = 0.01 T = 0.86
 --> Site =  166 .. Mmps =  550 Ndav =   1 E =   -165.7326813580 Error = 4.62e-180 FLOPS = 4.60e+09 Tdav = 0.00 T = 0.63
 --> Site =  167 .. Mmps =  536 Ndav =   1 E =   -165.7326813580 Error = 0.00e+00 FLOPS = 2.41e+09 Tdav = 0.00 T = 0.52
 --> Site =  168 .. Mmps =  535 Ndav =   1 E =   -165.7326813580 Error = 0.00e+00 FLOPS = 2.75e+09 Tdav = 0.00 T = 0.35
Time elapsed =  18541.655 | E =    -165.7326813580 | DE = -4.28e-07 | DW = 1.73165e-18
Time sweep =     2848.904 | 7.08 TFLOP/SWP
 | Dmem = 134 MB (3%) | Imem = 232 B (79%) | Hmem = 637 MB | Wmem = 4.62 MB | Pmem = 0 B
 | Tread = 80.882 | Twrite = 34.145 | Tfpread = 79.534 | Tfpwrite = 23.594 | Tmporead = 0.000 | Tasync = 0.000
 | data = 14.5 GB | cpsd = 10.9 GB
 | Trot = 188.002 | Tctr = 1.635 | Tint = 0.009 | Tmid = 0.000 | Tdctr = 62.025 | Tdiag = 1.539 | Tinfo = 2.109
 | Teff = 2327.248 | Tprt = 0.000 | Teig = 238.326 | Tblk = 2621.788 | Tmve = 227.103 | Tdm = 2.950 | Tsplt = 41.951 | Tsvd = 0.000 | Torth = 0.000

DMRG energy = -165.73268135801453

Local densities:
0.9031266369271216
0.0037336802660714874
0.8359578948240655
0.007383725914680731
0.8270316662795645
0.007540170585446193
0.8225108590665074
0.007540220626592655
0.8270313629028047
0.007383866596706035
0.8359579725928195
0.003733789842185584
0.903126510107042
0.003733631982647422
0.2673620110229134
0.002780526427605388
0.25462894368774563
0.0047636042583398515
0.2776719377530673
0.004655841654437019
0.2776721683423258
0.004763592016545845
0.254628823954207
0.002780534158279142
0.26736228782085664
0.0037336775258633528
0.8359576004931095
0.0027806444314498364
0.9052762540517326
0.0011866894700081339
0.8330864652383388
0.0014135571762380003
0.8290786526773566
0.0014135392788135613
0.8330862574796108
0.0011866087913751466
0.9052760658542647
0.002780601282745673
0.8359579082313553
0.007383739890135032
0.2546290782996289
0.0011866825680744775
0.8261005030131587
0.0007976672810508044
0.8230286717487969
0.0008058758078683741
0.8230285563588098
0.0007976229282570523
0.8261008318641219
0.0011866597550031863
0.25462873852356754
0.007383926064554755
0.8270310693266831
0.004763713913096262
0.8330863374811578
0.0007976466131246882
0.8226013357799136
0.0008142039923087036
0.8219891105447041
0.000814172446707471
0.8226016878706681
0.0007976033576355045
0.8330860991502695
0.004763703214313927
0.8270312336329207
0.0075402972121413146
0.277672428445354
0.001413544450015234
0.8230284403086141
0.0008142035827444289
0.8207062396662241
0.0008178814342499282
0.8207066600663692
0.0008141928433932432
0.8230285734788684
0.0014135538139860757
0.2776721175072385
0.007540351274982832
0.8225104780334853
0.0046559614355988444
0.8290786630468264
0.0008058447741144072
0.8219888048292285
0.0008178368148547127
0.8209085060254728
0.000817807010898411
0.8219884451920488
0.0008057898990877589
0.8290786852025285
0.004655957018272955
0.8225103726152396
0.007540268665305522
0.27767203323438866
0.0014135575767520083
0.8230284271249659
0.000814187187346372
0.8207066684481168
0.0008178785635615408
0.8207066881132876
0.0008142030578864655
0.8230285032284481
0.0014135542787649489
0.2776723445085864
0.007540490037326429
0.8270311398021387
0.004763730655228419
0.8330859659476365
0.0007976308125008178
0.8226015842669693
0.0008142191887084096
0.8219890895035049
0.0008143010476563762
0.8226017598487788
0.0007977477931685573
0.833086355978805
0.004763735685481633
0.8270311188865642
0.007383805089263061
0.25462899854353893
0.0011866720973247018
0.8261007525495176
0.0007976423007843836
0.8230285684251717
0.0008058352542187401
0.8230281954241834
0.00079763795594413
0.8261007904574239
0.0011866848080571344
0.25462858257791626
0.007383980426885078
0.8359579447722219
0.002780565518133235
0.9052767037710869
0.0011865958869081217
0.8330865297533757
0.0014135545119816643
0.8290785303930134
0.0014135731019728128
0.8330862637490603
0.0011866718079814624
0.9052763870512366
0.002780623995054841
0.835957615983763
0.0037337841583924927
0.2673619430030975
0.002780608446810322
0.254628816942546
0.00476366313842116
0.2776720460543648
0.004655863505555021
0.27767191616284537
0.0047635663477279995
0.25462874443830497
0.0027804585011496213
0.2673621350124753
0.003733607644362994
0.9031266727425061
0.0037337823993955355
0.835957770083702
0.007383979687618637
0.8270310162618979
0.007540324043206192
0.8225103060148189
0.007540437947718602
0.8270310126237684
0.007383959606787973
0.8359577228147346
0.003733789058005694
0.9031264346673936

corresponding 2D coords:
[(0, 0), (0, 1), (0, 2), (0, 3), (0, 4), (0, 5), (0, 6), (0, 7), (0, 8), (0, 9), (0, 10), (0, 11), (0, 12), (1, 12), (1, 11), (1, 10), (1, 9), (1, 8), (1, 7), (1, 6), (1, 5), (1, 4), (1, 3), (1, 2), (1, 1), (1, 0), (2, 0), (2, 1), (2, 2), (2, 3), (2, 4), (2, 5), (2, 6), (2, 7), (2, 8), (2, 9), (2, 10), (2, 11), (2, 12), (3, 12), (3, 11), (3, 10), (3, 9), (3, 8), (3, 7), (3, 6), (3, 5), (3, 4), (3, 3), (3, 2), (3, 1), (3, 0), (4, 0), (4, 1), (4, 2), (4, 3), (4, 4), (4, 5), (4, 6), (4, 7), (4, 8), (4, 9), (4, 10), (4, 11), (4, 12), (5, 12), (5, 11), (5, 10), (5, 9), (5, 8), (5, 7), (5, 6), (5, 5), (5, 4), (5, 3), (5, 2), (5, 1), (5, 0), (6, 0), (6, 1), (6, 2), (6, 3), (6, 4), (6, 5), (6, 6), (6, 7), (6, 8), (6, 9), (6, 10), (6, 11), (6, 12), (7, 12), (7, 11), (7, 10), (7, 9), (7, 8), (7, 7), (7, 6), (7, 5), (7, 4), (7, 3), (7, 2), (7, 1), (7, 0), (8, 0), (8, 1), (8, 2), (8, 3), (8, 4), (8, 5), (8, 6), (8, 7), (8, 8), (8, 9), (8, 10), (8, 11), (8, 12), (9, 12), (9, 11), (9, 10), (9, 9), (9, 8), (9, 7), (9, 6), (9, 5), (9, 4), (9, 3), (9, 2), (9, 1), (9, 0), (10, 0), (10, 1), (10, 2), (10, 3), (10, 4), (10, 5), (10, 6), (10, 7), (10, 8), (10, 9), (10, 10), (10, 11), (10, 12), (11, 12), (11, 11), (11, 10), (11, 9), (11, 8), (11, 7), (11, 6), (11, 5), (11, 4), (11, 3), (11, 2), (11, 1), (11, 0), (12, 0), (12, 1), (12, 2), (12, 3), (12, 4), (12, 5), (12, 6), (12, 7), (12, 8), (12, 9), (12, 10), (12, 11), (12, 12)]

Saved density data:
PKL → /users/ylokare/2D_DMRG_calculations/results/13_by_13_lattice/Local_densities/Parameter_sweep/Rb1.4/density_Lx13_Ly13_Dmax550_delta4.6_Rb1.4_alpha0.05_nedge4_dbound2.0_no_modulated_boundary.pkl
CSV → /users/ylokare/2D_DMRG_calculations/results/13_by_13_lattice/Local_densities/Parameter_sweep/Rb1.4/density_Lx13_Ly13_Dmax550_delta4.6_Rb1.4_alpha0.05_nedge4_dbound2.0_no_modulated_boundary.csv
