Lx=13, Ly=13, delta=4.9, Rb=1.4, alpha=0.05, n_edge=4, delta_boundary=2.0, USE_STAR_MODULATION=False, USE_UNIFORM_OMEGA=True
running Lx=13, Ly=13, delta=4.9, Rb=1.4, alpha=0.05, n_edge=4, delta_boundary=2.0
scratch id=1248183
Copying previous MPS/MPO data from /users/ylokare/2D_DMRG_calculations/data/tmp748855 to /oscar/scratch/ylokare/tmp1248183

Build MPO | Nsites =   169 | Nterms =      14534 | Algorithm = FastSVD | Cutoff = 1.00e-16 | Max bond dimension =    -1
 Site =     0 /   169 .. Mmpo =     3 DW = 0.00e+00 Error = 1.34e-15 NNZ =        3 SPT = 0.0000 Tsvd = 0.001 T = 0.003
 Site =     1 /   169 .. Mmpo =     4 DW = 2.09e-36 Error = 1.03e-14 NNZ =       10 SPT = 0.1667 Tsvd = 0.000 T = 0.004
 Site =     2 /   169 .. Mmpo =     5 DW = 1.83e-31 Error = 4.48e-14 NNZ =       17 SPT = 0.1500 Tsvd = 0.000 T = 0.006
 Site =     3 /   169 .. Mmpo =     6 DW = 1.79e-30 Error = 1.08e-14 NNZ =       26 SPT = 0.1333 Tsvd = 0.000 T = 0.007
 Site =     4 /   169 .. Mmpo =     7 DW = 3.58e-31 Error = 1.31e-14 NNZ =       37 SPT = 0.1190 Tsvd = 0.000 T = 0.008
 Site =     5 /   169 .. Mmpo =     8 DW = 4.66e-31 Error = 1.95e-14 NNZ =       50 SPT = 0.1071 Tsvd = 0.000 T = 0.010
 Site =     6 /   169 .. Mmpo =     9 DW = 1.16e-30 Error = 2.64e-14 NNZ =       65 SPT = 0.0972 Tsvd = 0.000 T = 0.011
 Site =     7 /   169 .. Mmpo =    10 DW = 6.36e-31 Error = 6.08e-14 NNZ =       82 SPT = 0.0889 Tsvd = 0.000 T = 0.013
 Site =     8 /   169 .. Mmpo =    11 DW = 1.42e-30 Error = 1.93e-13 NNZ =      101 SPT = 0.0818 Tsvd = 0.000 T = 0.014
 Site =     9 /   169 .. Mmpo =    12 DW = 2.41e-30 Error = 6.08e-14 NNZ =      122 SPT = 0.0758 Tsvd = 0.000 T = 0.015
 Site =    10 /   169 .. Mmpo =    13 DW = 1.79e-30 Error = 1.07e-13 NNZ =      145 SPT = 0.0705 Tsvd = 0.000 T = 0.016
 Site =    11 /   169 .. Mmpo =    14 DW = 2.26e-30 Error = 6.05e-14 NNZ =      170 SPT = 0.0659 Tsvd = 0.000 T = 0.018
 Site =    12 /   169 .. Mmpo =    15 DW = 8.61e-31 Error = 2.84e-14 NNZ =      197 SPT = 0.0619 Tsvd = 0.000 T = 0.019
 Site =    13 /   169 .. Mmpo =    16 DW = 1.36e-30 Error = 8.43e-14 NNZ =      226 SPT = 0.0583 Tsvd = 0.000 T = 0.020
 Site =    14 /   169 .. Mmpo =    17 DW = 3.41e-30 Error = 8.93e-14 NNZ =      257 SPT = 0.0551 Tsvd = 0.000 T = 0.021
 Site =    15 /   169 .. Mmpo =    18 DW = 5.93e-30 Error = 1.24e-13 NNZ =      290 SPT = 0.0523 Tsvd = 0.000 T = 0.023
 Site =    16 /   169 .. Mmpo =    19 DW = 1.79e-29 Error = 1.94e-13 NNZ =      325 SPT = 0.0497 Tsvd = 0.000 T = 0.024
 Site =    17 /   169 .. Mmpo =    20 DW = 4.94e-29 Error = 7.32e-14 NNZ =      362 SPT = 0.0474 Tsvd = 0.000 T = 0.025
 Site =    18 /   169 .. Mmpo =    21 DW = 2.66e-29 Error = 2.04e-13 NNZ =      401 SPT = 0.0452 Tsvd = 0.000 T = 0.026
 Site =    19 /   169 .. Mmpo =    22 DW = 1.94e-29 Error = 1.39e-13 NNZ =      442 SPT = 0.0433 Tsvd = 0.001 T = 0.028
 Site =    20 /   169 .. Mmpo =    23 DW = 4.65e-29 Error = 3.82e-13 NNZ =      485 SPT = 0.0415 Tsvd = 0.001 T = 0.029
 Site =    21 /   169 .. Mmpo =    24 DW = 2.65e-29 Error = 1.38e-13 NNZ =      530 SPT = 0.0399 Tsvd = 0.001 T = 0.030
 Site =    22 /   169 .. Mmpo =    25 DW = 1.35e-29 Error = 1.23e-13 NNZ =      577 SPT = 0.0383 Tsvd = 0.001 T = 0.031
 Site =    23 /   169 .. Mmpo =    26 DW = 1.89e-29 Error = 4.67e-13 NNZ =      626 SPT = 0.0369 Tsvd = 0.001 T = 0.032
 Site =    24 /   169 .. Mmpo =    27 DW = 8.28e-30 Error = 2.01e-13 NNZ =      677 SPT = 0.0356 Tsvd = 0.001 T = 0.033
 Site =    25 /   169 .. Mmpo =    28 DW = 3.34e-30 Error = 7.96e-14 NNZ =      730 SPT = 0.0344 Tsvd = 0.001 T = 0.034
 Site =    26 /   169 .. Mmpo =    29 DW = 9.07e-30 Error = 8.84e-14 NNZ =      785 SPT = 0.0333 Tsvd = 0.001 T = 0.035
 Site =    27 /   169 .. Mmpo =    30 DW = 2.72e-29 Error = 8.88e-14 NNZ =      842 SPT = 0.0322 Tsvd = 0.001 T = 0.037
 Site =    28 /   169 .. Mmpo =    31 DW = 9.42e-30 Error = 7.45e-14 NNZ =      901 SPT = 0.0312 Tsvd = 0.001 T = 0.038
 Site =    29 /   169 .. Mmpo =    32 DW = 4.09e-30 Error = 5.28e-13 NNZ =      962 SPT = 0.0302 Tsvd = 0.001 T = 0.039
 Site =    30 /   169 .. Mmpo =    33 DW = 1.44e-30 Error = 4.45e-13 NNZ =     1025 SPT = 0.0294 Tsvd = 0.001 T = 0.040
 Site =    31 /   169 .. Mmpo =    34 DW = 1.63e-30 Error = 2.33e-13 NNZ =     1090 SPT = 0.0285 Tsvd = 0.001 T = 0.041
 Site =    32 /   169 .. Mmpo =    35 DW = 1.79e-29 Error = 1.92e-13 NNZ =     1157 SPT = 0.0277 Tsvd = 0.001 T = 0.042
 Site =    33 /   169 .. Mmpo =    36 DW = 5.88e-30 Error = 1.33e-13 NNZ =     1226 SPT = 0.0270 Tsvd = 0.001 T = 0.044
 Site =    34 /   169 .. Mmpo =    37 DW = 4.32e-30 Error = 1.24e-13 NNZ =     1297 SPT = 0.0263 Tsvd = 0.001 T = 0.044
 Site =    35 /   169 .. Mmpo =    38 DW = 2.71e-30 Error = 8.64e-14 NNZ =     1370 SPT = 0.0256 Tsvd = 0.002 T = 0.046
 Site =    36 /   169 .. Mmpo =    39 DW = 5.29e-30 Error = 5.48e-14 NNZ =     1445 SPT = 0.0250 Tsvd = 0.001 T = 0.046
 Site =    37 /   169 .. Mmpo =    40 DW = 4.13e-29 Error = 4.61e-13 NNZ =     1522 SPT = 0.0244 Tsvd = 0.001 T = 0.047
 Site =    38 /   169 .. Mmpo =    41 DW = 1.13e-29 Error = 4.70e-14 NNZ =     1601 SPT = 0.0238 Tsvd = 0.001 T = 0.048
 Site =    39 /   169 .. Mmpo =    42 DW = 2.71e-30 Error = 3.70e-13 NNZ =     1682 SPT = 0.0232 Tsvd = 0.001 T = 0.048
 Site =    40 /   169 .. Mmpo =    43 DW = 1.24e-29 Error = 3.47e-13 NNZ =     1765 SPT = 0.0227 Tsvd = 0.001 T = 0.049
 Site =    41 /   169 .. Mmpo =    44 DW = 1.47e-29 Error = 3.74e-13 NNZ =     1850 SPT = 0.0222 Tsvd = 0.001 T = 0.050
 Site =    42 /   169 .. Mmpo =    45 DW = 1.96e-29 Error = 3.06e-13 NNZ =     1937 SPT = 0.0217 Tsvd = 0.001 T = 0.051
 Site =    43 /   169 .. Mmpo =    44 DW = 9.12e-17 Error = 9.55e-09 NNZ =     1936 SPT = 0.0222 Tsvd = 0.001 T = 0.052
 Site =    44 /   169 .. Mmpo =    45 DW = 5.73e-26 Error = 3.16e-13 NNZ =     1937 SPT = 0.0217 Tsvd = 0.001 T = 0.051
 Site =    45 /   169 .. Mmpo =    46 DW = 2.29e-26 Error = 2.02e-13 NNZ =     2026 SPT = 0.0213 Tsvd = 0.001 T = 0.052
 Site =    46 /   169 .. Mmpo =    46 DW = 5.05e-17 Error = 7.10e-09 NNZ =     2071 SPT = 0.0213 Tsvd = 0.001 T = 0.052
 Site =    47 /   169 .. Mmpo =    47 DW = 2.15e-26 Error = 1.82e-13 NNZ =     2117 SPT = 0.0208 Tsvd = 0.001 T = 0.052
 Site =    48 /   169 .. Mmpo =    48 DW = 9.57e-27 Error = 1.24e-13 NNZ =     2210 SPT = 0.0204 Tsvd = 0.001 T = 0.053
 Site =    49 /   169 .. Mmpo =    48 DW = 5.07e-17 Error = 7.12e-09 NNZ =     2257 SPT = 0.0204 Tsvd = 0.001 T = 0.054
 Site =    50 /   169 .. Mmpo =    49 DW = 3.87e-26 Error = 2.11e-13 NNZ =     2305 SPT = 0.0200 Tsvd = 0.001 T = 0.054
 Site =    51 /   169 .. Mmpo =    49 DW = 2.46e-17 Error = 4.96e-09 NNZ =     2353 SPT = 0.0200 Tsvd = 0.001 T = 0.054
 Site =    52 /   169 .. Mmpo =    50 DW = 1.06e-25 Error = 6.77e-13 NNZ =     2402 SPT = 0.0196 Tsvd = 0.001 T = 0.054
 Site =    53 /   169 .. Mmpo =    51 DW = 9.65e-26 Error = 8.09e-13 NNZ =     2501 SPT = 0.0192 Tsvd = 0.001 T = 0.055
 Site =    54 /   169 .. Mmpo =    51 DW = 1.84e-17 Error = 4.29e-09 NNZ =     2551 SPT = 0.0192 Tsvd = 0.001 T = 0.056
 Site =    55 /   169 .. Mmpo =    51 DW = 4.96e-17 Error = 7.04e-09 NNZ =     2551 SPT = 0.0192 Tsvd = 0.001 T = 0.055
 Site =    56 /   169 .. Mmpo =    51 DW = 1.74e-17 Error = 4.18e-09 NNZ =     2550 SPT = 0.0196 Tsvd = 0.001 T = 0.055
 Site =    57 /   169 .. Mmpo =    51 DW = 9.34e-17 Error = 9.66e-09 NNZ =     2551 SPT = 0.0192 Tsvd = 0.001 T = 0.054
 Site =    58 /   169 .. Mmpo =    51 DW = 2.53e-17 Error = 5.03e-09 NNZ =     2551 SPT = 0.0192 Tsvd = 0.001 T = 0.054
 Site =    59 /   169 .. Mmpo =    51 DW = 7.19e-17 Error = 8.48e-09 NNZ =     2551 SPT = 0.0192 Tsvd = 0.001 T = 0.053
 Site =    60 /   169 .. Mmpo =    52 DW = 7.08e-24 Error = 2.69e-12 NNZ =     2602 SPT = 0.0189 Tsvd = 0.001 T = 0.054
 Site =    61 /   169 .. Mmpo =    53 DW = 6.05e-24 Error = 2.48e-12 NNZ =     2705 SPT = 0.0185 Tsvd = 0.002 T = 0.054
 Site =    62 /   169 .. Mmpo =    53 DW = 2.57e-17 Error = 5.07e-09 NNZ =     2757 SPT = 0.0185 Tsvd = 0.002 T = 0.055
 Site =    63 /   169 .. Mmpo =    54 DW = 4.13e-24 Error = 2.04e-12 NNZ =     2810 SPT = 0.0182 Tsvd = 0.001 T = 0.054
 Site =    64 /   169 .. Mmpo =    54 DW = 1.83e-17 Error = 4.28e-09 NNZ =     2862 SPT = 0.0185 Tsvd = 0.002 T = 0.054
 Site =    65 /   169 .. Mmpo =    54 DW = 7.46e-17 Error = 8.64e-09 NNZ =     2863 SPT = 0.0182 Tsvd = 0.002 T = 0.054
 Site =    66 /   169 .. Mmpo =    54 DW = 7.43e-17 Error = 8.62e-09 NNZ =     2863 SPT = 0.0182 Tsvd = 0.002 T = 0.054
 Site =    67 /   169 .. Mmpo =    54 DW = 2.60e-17 Error = 5.10e-09 NNZ =     2863 SPT = 0.0182 Tsvd = 0.002 T = 0.054
 Site =    68 /   169 .. Mmpo =    54 DW = 4.06e-17 Error = 6.37e-09 NNZ =     2863 SPT = 0.0182 Tsvd = 0.002 T = 0.053
 Site =    69 /   169 .. Mmpo =    54 DW = 1.82e-17 Error = 4.27e-09 NNZ =     2863 SPT = 0.0182 Tsvd = 0.002 T = 0.053
 Site =    70 /   169 .. Mmpo =    54 DW = 6.94e-17 Error = 8.33e-09 NNZ =     2863 SPT = 0.0182 Tsvd = 0.002 T = 0.053
 Site =    71 /   169 .. Mmpo =    54 DW = 1.74e-17 Error = 4.17e-09 NNZ =     2863 SPT = 0.0182 Tsvd = 0.002 T = 0.052
 Site =    72 /   169 .. Mmpo =    54 DW = 4.53e-17 Error = 6.73e-09 NNZ =     2863 SPT = 0.0182 Tsvd = 0.002 T = 0.051
 Site =    73 /   169 .. Mmpo =    54 DW = 6.63e-17 Error = 8.14e-09 NNZ =     2863 SPT = 0.0182 Tsvd = 0.002 T = 0.051
 Site =    74 /   169 .. Mmpo =    55 DW = 7.58e-24 Error = 2.76e-12 NNZ =     2916 SPT = 0.0182 Tsvd = 0.002 T = 0.051
 Site =    75 /   169 .. Mmpo =    55 DW = 6.25e-17 Error = 7.91e-09 NNZ =     2971 SPT = 0.0179 Tsvd = 0.002 T = 0.051
 Site =    76 /   169 .. Mmpo =    54 DW = 1.66e-16 Error = 1.29e-08 NNZ =     2916 SPT = 0.0182 Tsvd = 0.002 T = 0.050
 Site =    77 /   169 .. Mmpo =    55 DW = 1.26e-23 Error = 3.55e-12 NNZ =     2917 SPT = 0.0178 Tsvd = 0.001 T = 0.048
 Site =    78 /   169 .. Mmpo =    54 DW = 9.51e-17 Error = 9.75e-09 NNZ =     2916 SPT = 0.0182 Tsvd = 0.002 T = 0.049
 Site =    79 /   169 .. Mmpo =    55 DW = 2.00e-23 Error = 4.48e-12 NNZ =     2917 SPT = 0.0178 Tsvd = 0.002 T = 0.049
 Site =    80 /   169 .. Mmpo =    55 DW = 2.49e-17 Error = 4.99e-09 NNZ =     2970 SPT = 0.0182 Tsvd = 0.002 T = 0.048
 Site =    81 /   169 .. Mmpo =    54 DW = 6.08e-17 Error = 7.80e-09 NNZ =     2916 SPT = 0.0182 Tsvd = 0.001 T = 0.048
 Site =    82 /   169 .. Mmpo =    54 DW = 2.06e-17 Error = 4.54e-09 NNZ =     2863 SPT = 0.0182 Tsvd = 0.001 T = 0.047
 Site =    83 /   169 .. Mmpo =    54 DW = 7.94e-17 Error = 8.91e-09 NNZ =     2862 SPT = 0.0185 Tsvd = 0.001 T = 0.047
 Site =    84 /   169 .. Mmpo =    54 DW = 1.58e-17 Error = 3.98e-09 NNZ =     2860 SPT = 0.0192 Tsvd = 0.001 T = 0.046
 Site =    85 /   169 .. Mmpo =    54 DW = 4.52e-17 Error = 6.72e-09 NNZ =     2862 SPT = 0.0185 Tsvd = 0.001 T = 0.046
 Site =    86 /   169 .. Mmpo =    54 DW = 7.02e-17 Error = 8.38e-09 NNZ =     2863 SPT = 0.0182 Tsvd = 0.001 T = 0.045
 Site =    87 /   169 .. Mmpo =    55 DW = 2.61e-24 Error = 1.62e-12 NNZ =     2916 SPT = 0.0182 Tsvd = 0.001 T = 0.045
 Site =    88 /   169 .. Mmpo =    55 DW = 6.57e-17 Error = 8.10e-09 NNZ =     2970 SPT = 0.0182 Tsvd = 0.001 T = 0.045
 Site =    89 /   169 .. Mmpo =    55 DW = 6.88e-17 Error = 8.29e-09 NNZ =     2971 SPT = 0.0179 Tsvd = 0.001 T = 0.045
 Site =    90 /   169 .. Mmpo =    55 DW = 2.43e-17 Error = 4.93e-09 NNZ =     2970 SPT = 0.0182 Tsvd = 0.001 T = 0.043
 Site =    91 /   169 .. Mmpo =    54 DW = 1.37e-16 Error = 1.17e-08 NNZ =     2916 SPT = 0.0182 Tsvd = 0.001 T = 0.044
 Site =    92 /   169 .. Mmpo =    55 DW = 4.70e-23 Error = 6.87e-12 NNZ =     2917 SPT = 0.0178 Tsvd = 0.001 T = 0.043
 Site =    93 /   169 .. Mmpo =    55 DW = 1.93e-17 Error = 4.39e-09 NNZ =     2971 SPT = 0.0179 Tsvd = 0.001 T = 0.043
 Site =    94 /   169 .. Mmpo =    54 DW = 4.22e-17 Error = 6.49e-09 NNZ =     2916 SPT = 0.0182 Tsvd = 0.001 T = 0.042
 Site =    95 /   169 .. Mmpo =    54 DW = 1.24e-17 Error = 3.52e-09 NNZ =     2862 SPT = 0.0185 Tsvd = 0.001 T = 0.041
 Site =    96 /   169 .. Mmpo =    54 DW = 6.74e-17 Error = 8.21e-09 NNZ =     2862 SPT = 0.0185 Tsvd = 0.001 T = 0.041
 Site =    97 /   169 .. Mmpo =    54 DW = 1.22e-17 Error = 3.49e-09 NNZ =     2863 SPT = 0.0182 Tsvd = 0.001 T = 0.040
 Site =    98 /   169 .. Mmpo =    54 DW = 2.84e-17 Error = 5.33e-09 NNZ =     2862 SPT = 0.0185 Tsvd = 0.001 T = 0.040
 Site =    99 /   169 .. Mmpo =    54 DW = 2.99e-17 Error = 5.47e-09 NNZ =     2863 SPT = 0.0182 Tsvd = 0.001 T = 0.039
 Site =   100 /   169 .. Mmpo =    54 DW = 8.21e-17 Error = 9.06e-09 NNZ =     2862 SPT = 0.0185 Tsvd = 0.001 T = 0.039
 Site =   101 /   169 .. Mmpo =    54 DW = 1.22e-17 Error = 3.50e-09 NNZ =     2863 SPT = 0.0182 Tsvd = 0.001 T = 0.038
 Site =   102 /   169 .. Mmpo =    54 DW = 6.19e-17 Error = 7.87e-09 NNZ =     2863 SPT = 0.0182 Tsvd = 0.001 T = 0.038
 Site =   103 /   169 .. Mmpo =    53 DW = 6.81e-17 Error = 8.25e-09 NNZ =     2808 SPT = 0.0189 Tsvd = 0.001 T = 0.036
 Site =   104 /   169 .. Mmpo =    53 DW = 5.71e-17 Error = 7.56e-09 NNZ =     2757 SPT = 0.0185 Tsvd = 0.001 T = 0.036
 Site =   105 /   169 .. Mmpo =    53 DW = 9.00e-18 Error = 3.00e-09 NNZ =     2756 SPT = 0.0189 Tsvd = 0.001 T = 0.036
 Site =   106 /   169 .. Mmpo =    52 DW = 1.26e-16 Error = 1.12e-08 NNZ =     2704 SPT = 0.0189 Tsvd = 0.001 T = 0.035
 Site =   107 /   169 .. Mmpo =    51 DW = 7.90e-17 Error = 8.89e-09 NNZ =     2601 SPT = 0.0192 Tsvd = 0.001 T = 0.034
 Site =   108 /   169 .. Mmpo =    51 DW = 3.24e-17 Error = 5.69e-09 NNZ =     2551 SPT = 0.0192 Tsvd = 0.001 T = 0.033
 Site =   109 /   169 .. Mmpo =    51 DW = 3.86e-17 Error = 6.21e-09 NNZ =     2551 SPT = 0.0192 Tsvd = 0.001 T = 0.033
 Site =   110 /   169 .. Mmpo =    51 DW = 1.89e-17 Error = 4.35e-09 NNZ =     2551 SPT = 0.0192 Tsvd = 0.001 T = 0.032
 Site =   111 /   169 .. Mmpo =    51 DW = 1.79e-17 Error = 4.23e-09 NNZ =     2551 SPT = 0.0192 Tsvd = 0.001 T = 0.031
 Site =   112 /   169 .. Mmpo =    51 DW = 4.00e-17 Error = 6.33e-09 NNZ =     2549 SPT = 0.0200 Tsvd = 0.001 T = 0.031
 Site =   113 /   169 .. Mmpo =    51 DW = 5.52e-18 Error = 2.35e-09 NNZ =     2551 SPT = 0.0192 Tsvd = 0.001 T = 0.031
 Site =   114 /   169 .. Mmpo =    51 DW = 5.84e-18 Error = 2.42e-09 NNZ =     2551 SPT = 0.0192 Tsvd = 0.001 T = 0.030
 Site =   115 /   169 .. Mmpo =    50 DW = 2.50e-17 Error = 5.00e-09 NNZ =     2500 SPT = 0.0196 Tsvd = 0.001 T = 0.029
 Site =   116 /   169 .. Mmpo =    49 DW = 2.36e-18 Error = 1.54e-09 NNZ =     2400 SPT = 0.0204 Tsvd = 0.001 T = 0.028
 Site =   117 /   169 .. Mmpo =    49 DW = 5.37e-18 Error = 2.32e-09 NNZ =     2353 SPT = 0.0200 Tsvd = 0.001 T = 0.027
 Site =   118 /   169 .. Mmpo =    48 DW = 3.26e-17 Error = 5.71e-09 NNZ =     2303 SPT = 0.0208 Tsvd = 0.001 T = 0.027
 Site =   119 /   169 .. Mmpo =    47 DW = 7.87e-17 Error = 8.87e-09 NNZ =     2209 SPT = 0.0208 Tsvd = 0.001 T = 0.026
 Site =   120 /   169 .. Mmpo =    47 DW = 7.37e-18 Error = 2.71e-09 NNZ =     2163 SPT = 0.0208 Tsvd = 0.001 T = 0.025
 Site =   121 /   169 .. Mmpo =    46 DW = 3.37e-17 Error = 5.80e-09 NNZ =     2115 SPT = 0.0217 Tsvd = 0.001 T = 0.025
 Site =   122 /   169 .. Mmpo =    46 DW = 2.66e-18 Error = 1.63e-09 NNZ =     2071 SPT = 0.0213 Tsvd = 0.001 T = 0.024
 Site =   123 /   169 .. Mmpo =    45 DW = 2.23e-17 Error = 4.72e-09 NNZ =     2024 SPT = 0.0222 Tsvd = 0.001 T = 0.023
 Site =   124 /   169 .. Mmpo =    44 DW = 5.49e-17 Error = 7.41e-09 NNZ =     1936 SPT = 0.0222 Tsvd = 0.001 T = 0.022
 Site =   125 /   169 .. Mmpo =    44 DW = 8.19e-17 Error = 9.05e-09 NNZ =     1893 SPT = 0.0222 Tsvd = 0.001 T = 0.021
 Site =   126 /   169 .. Mmpo =    44 DW = 1.58e-35 Error = 8.55e-14 NNZ =     1892 SPT = 0.0227 Tsvd = 0.001 T = 0.021
 Site =   127 /   169 .. Mmpo =    43 DW = 1.76e-36 Error = 8.81e-14 NNZ =     1849 SPT = 0.0227 Tsvd = 0.001 T = 0.021
 Site =   128 /   169 .. Mmpo =    42 DW = 1.24e-37 Error = 5.95e-14 NNZ =     1763 SPT = 0.0238 Tsvd = 0.001 T = 0.020
 Site =   129 /   169 .. Mmpo =    41 DW = 7.69e-37 Error = 5.44e-13 NNZ =     1680 SPT = 0.0244 Tsvd = 0.000 T = 0.018
 Site =   130 /   169 .. Mmpo =    40 DW = 6.01e-37 Error = 7.51e-14 NNZ =     1600 SPT = 0.0244 Tsvd = 0.000 T = 0.018
 Site =   131 /   169 .. Mmpo =    39 DW = 1.74e-37 Error = 9.88e-14 NNZ =     1521 SPT = 0.0250 Tsvd = 0.000 T = 0.017
 Site =   132 /   169 .. Mmpo =    38 DW = 4.03e-37 Error = 7.68e-14 NNZ =     1444 SPT = 0.0256 Tsvd = 0.000 T = 0.016
 Site =   133 /   169 .. Mmpo =    37 DW = 1.98e-36 Error = 7.02e-14 NNZ =     1369 SPT = 0.0263 Tsvd = 0.000 T = 0.015
 Site =   134 /   169 .. Mmpo =    36 DW = 1.17e-37 Error = 7.34e-14 NNZ =     1296 SPT = 0.0270 Tsvd = 0.000 T = 0.015
 Site =   135 /   169 .. Mmpo =    35 DW = 1.12e-37 Error = 6.19e-14 NNZ =     1225 SPT = 0.0278 Tsvd = 0.000 T = 0.014
 Site =   136 /   169 .. Mmpo =    34 DW = 4.06e-36 Error = 8.47e-14 NNZ =     1156 SPT = 0.0286 Tsvd = 0.000 T = 0.013
 Site =   137 /   169 .. Mmpo =    33 DW = 7.22e-40 Error = 8.96e-14 NNZ =     1089 SPT = 0.0294 Tsvd = 0.000 T = 0.012
 Site =   138 /   169 .. Mmpo =    32 DW = 2.29e-37 Error = 1.01e-13 NNZ =     1024 SPT = 0.0303 Tsvd = 0.000 T = 0.012
 Site =   139 /   169 .. Mmpo =    31 DW = 3.92e-37 Error = 6.74e-14 NNZ =      961 SPT = 0.0312 Tsvd = 0.000 T = 0.011
 Site =   140 /   169 .. Mmpo =    30 DW = 1.06e-36 Error = 4.87e-14 NNZ =      900 SPT = 0.0323 Tsvd = 0.000 T = 0.010
 Site =   141 /   169 .. Mmpo =    29 DW = 8.03e-37 Error = 8.41e-14 NNZ =      841 SPT = 0.0333 Tsvd = 0.000 T = 0.010
 Site =   142 /   169 .. Mmpo =    28 DW = 4.82e-37 Error = 2.78e-13 NNZ =      784 SPT = 0.0345 Tsvd = 0.000 T = 0.008
 Site =   143 /   169 .. Mmpo =    27 DW = 2.45e-36 Error = 7.21e-14 NNZ =      729 SPT = 0.0357 Tsvd = 0.000 T = 0.008
 Site =   144 /   169 .. Mmpo =    26 DW = 5.40e-37 Error = 6.09e-14 NNZ =      676 SPT = 0.0370 Tsvd = 0.000 T = 0.008
 Site =   145 /   169 .. Mmpo =    25 DW = 1.98e-37 Error = 8.86e-14 NNZ =      625 SPT = 0.0385 Tsvd = 0.000 T = 0.007
 Site =   146 /   169 .. Mmpo =    24 DW = 1.32e-36 Error = 7.69e-14 NNZ =      576 SPT = 0.0400 Tsvd = 0.000 T = 0.007
 Site =   147 /   169 .. Mmpo =    23 DW = 1.92e-36 Error = 6.17e-14 NNZ =      529 SPT = 0.0417 Tsvd = 0.000 T = 0.006
 Site =   148 /   169 .. Mmpo =    22 DW = 7.19e-37 Error = 6.76e-14 NNZ =      484 SPT = 0.0435 Tsvd = 0.000 T = 0.006
 Site =   149 /   169 .. Mmpo =    21 DW = 2.37e-37 Error = 7.14e-14 NNZ =      441 SPT = 0.0455 Tsvd = 0.000 T = 0.005
 Site =   150 /   169 .. Mmpo =    20 DW = 1.05e-37 Error = 5.51e-14 NNZ =      400 SPT = 0.0476 Tsvd = 0.000 T = 0.005
 Site =   151 /   169 .. Mmpo =    19 DW = 4.11e-37 Error = 5.24e-14 NNZ =      361 SPT = 0.0500 Tsvd = 0.000 T = 0.004
 Site =   152 /   169 .. Mmpo =    18 DW = 1.26e-36 Error = 1.08e-13 NNZ =      324 SPT = 0.0526 Tsvd = 0.000 T = 0.004
 Site =   153 /   169 .. Mmpo =    17 DW = 1.98e-37 Error = 5.15e-14 NNZ =      289 SPT = 0.0556 Tsvd = 0.000 T = 0.004
 Site =   154 /   169 .. Mmpo =    16 DW = 4.41e-38 Error = 1.38e-12 NNZ =      256 SPT = 0.0588 Tsvd = 0.000 T = 0.003
 Site =   155 /   169 .. Mmpo =    15 DW = 3.42e-41 Error = 4.24e-13 NNZ =      225 SPT = 0.0625 Tsvd = 0.000 T = 0.003
 Site =   156 /   169 .. Mmpo =    14 DW = 4.19e-37 Error = 6.48e-14 NNZ =      196 SPT = 0.0667 Tsvd = 0.000 T = 0.002
 Site =   157 /   169 .. Mmpo =    13 DW = 4.12e-38 Error = 9.23e-14 NNZ =      169 SPT = 0.0714 Tsvd = 0.000 T = 0.002
 Site =   158 /   169 .. Mmpo =    12 DW = 1.32e-38 Error = 1.02e-13 NNZ =      144 SPT = 0.0769 Tsvd = 0.000 T = 0.002
 Site =   159 /   169 .. Mmpo =    11 DW = 3.10e-39 Error = 8.71e-14 NNZ =      121 SPT = 0.0833 Tsvd = 0.000 T = 0.002
 Site =   160 /   169 .. Mmpo =    10 DW = 7.92e-38 Error = 1.08e-13 NNZ =      100 SPT = 0.0909 Tsvd = 0.000 T = 0.001
 Site =   161 /   169 .. Mmpo =     9 DW = 1.18e-37 Error = 5.70e-14 NNZ =       81 SPT = 0.1000 Tsvd = 0.000 T = 0.001
 Site =   162 /   169 .. Mmpo =     8 DW = 4.70e-37 Error = 7.40e-14 NNZ =       64 SPT = 0.1111 Tsvd = 0.000 T = 0.001
 Site =   163 /   169 .. Mmpo =     7 DW = 1.14e-37 Error = 4.83e-14 NNZ =       49 SPT = 0.1250 Tsvd = 0.000 T = 0.001
 Site =   164 /   169 .. Mmpo =     6 DW = 1.33e-38 Error = 2.45e-14 NNZ =       36 SPT = 0.1429 Tsvd = 0.000 T = 0.001
 Site =   165 /   169 .. Mmpo =     5 DW = 1.77e-37 Error = 3.72e-14 NNZ =       25 SPT = 0.1667 Tsvd = 0.000 T = 0.000
 Site =   166 /   169 .. Mmpo =     4 DW = 2.38e-38 Error = 3.28e-14 NNZ =       16 SPT = 0.2000 Tsvd = 0.000 T = 0.000
 Site =   167 /   169 .. Mmpo =     3 DW = 0.00e+00 Error = 3.32e-14 NNZ =        9 SPT = 0.2500 Tsvd = 0.000 T = 0.000
 Site =   168 /   169 .. Mmpo =     1 DW = 0.00e+00 Error = 1.89e-14 NNZ =        3 SPT = 0.0000 Tsvd = 0.000 T = 0.000
Ttotal =      5.205 Tsvd-total = 0.140 MPO bond dimension =    55 MaxDW = 1.66e-16 Total error = 5.58e-08
NNZ =       277299 SIZE =       283467 SPT = 0.0218

Rank =     0 Ttotal =      5.211 MPO method = FastSVD bond dimension =      55 NNZ =       277299 SIZE =       283467 SPT = 0.0218
Environment initialization | Nsites =   169 | Center =     0
 INIT-R <-- Site =  167 ..  Bmem =   128 B Rmem =   128 B T = 0.01
 INIT-R <-- Site =  166 ..  Bmem =   640 B Rmem =   640 B T = 0.01
 INIT-R <-- Site =  165 ..  Bmem = 3.00 KB Rmem = 3.00 KB T = 0.01
 INIT-R <-- Site =  164 ..  Bmem = 14.0 KB Rmem = 14.0 KB T = 0.01
 INIT-R <-- Site =  163 ..  Bmem = 64.0 KB Rmem = 64.0 KB T = 0.01
 INIT-R <-- Site =  162 ..  Bmem =  288 KB Rmem =  288 KB T = 0.01
 INIT-R <-- Site =  161 ..  Bmem = 1.25 MB Rmem = 1.25 MB T = 0.01
 INIT-R <-- Site =  160 ..  Bmem = 5.50 MB Rmem = 5.50 MB T = 0.05
 INIT-R <-- Site =  159 ..  Bmem = 24.0 MB Rmem = 22.9 MB T = 0.19
 INIT-R <-- Site =  158 ..  Bmem = 99.2 MB Rmem = 24.8 MB T = 0.49
 INIT-R <-- Site =  157 ..  Bmem =  107 MB Rmem = 26.7 MB T = 0.51
 INIT-R <-- Site =  156 ..  Bmem =  114 MB Rmem = 28.6 MB T = 0.55
 INIT-R <-- Site =  155 ..  Bmem =  122 MB Rmem = 30.5 MB T = 0.59
 INIT-R <-- Site =  154 ..  Bmem =  130 MB Rmem = 32.4 MB T = 0.66
 INIT-R <-- Site =  153 ..  Bmem =  137 MB Rmem = 34.3 MB T = 0.69
 INIT-R <-- Site =  152 ..  Bmem =  145 MB Rmem = 36.2 MB T = 0.67
 INIT-R <-- Site =  151 ..  Bmem =  153 MB Rmem = 38.1 MB T = 0.74
 INIT-R <-- Site =  150 ..  Bmem =  160 MB Rmem = 40.1 MB T = 0.76
 INIT-R <-- Site =  149 ..  Bmem =  168 MB Rmem = 42.0 MB T = 0.81
 INIT-R <-- Site =  148 ..  Bmem =  175 MB Rmem = 43.9 MB T = 0.86
 INIT-R <-- Site =  147 ..  Bmem =  183 MB Rmem = 45.8 MB T = 0.95
 INIT-R <-- Site =  146 ..  Bmem =  191 MB Rmem = 47.7 MB T = 0.98
 INIT-R <-- Site =  145 ..  Bmem =  198 MB Rmem = 49.6 MB T = 1.04
 INIT-R <-- Site =  144 ..  Bmem =  206 MB Rmem = 51.5 MB T = 1.08
 INIT-R <-- Site =  143 ..  Bmem =  214 MB Rmem = 53.4 MB T = 1.18
 INIT-R <-- Site =  142 ..  Bmem =  221 MB Rmem = 55.3 MB T = 1.24
 INIT-R <-- Site =  141 ..  Bmem =  229 MB Rmem = 57.2 MB T = 1.22
 INIT-R <-- Site =  140 ..  Bmem =  237 MB Rmem = 59.1 MB T = 1.29
 INIT-R <-- Site =  139 ..  Bmem =  244 MB Rmem = 61.0 MB T = 1.32
 INIT-R <-- Site =  138 ..  Bmem =  252 MB Rmem = 62.9 MB T = 1.40
 INIT-R <-- Site =  137 ..  Bmem =  259 MB Rmem = 64.8 MB T = 1.45
 INIT-R <-- Site =  136 ..  Bmem =  267 MB Rmem = 66.8 MB T = 1.52
 INIT-R <-- Site =  135 ..  Bmem =  275 MB Rmem = 68.7 MB T = 1.55
 INIT-R <-- Site =  134 ..  Bmem =  282 MB Rmem = 70.6 MB T = 1.61
 INIT-R <-- Site =  133 ..  Bmem =  290 MB Rmem = 72.5 MB T = 1.69
 INIT-R <-- Site =  132 ..  Bmem =  298 MB Rmem = 74.4 MB T = 1.74
 INIT-R <-- Site =  131 ..  Bmem =  305 MB Rmem = 76.3 MB T = 1.81
 INIT-R <-- Site =  130 ..  Bmem =  313 MB Rmem = 78.2 MB T = 1.86
 INIT-R <-- Site =  129 ..  Bmem =  320 MB Rmem = 80.1 MB T = 1.93
 INIT-R <-- Site =  128 ..  Bmem =  328 MB Rmem = 82.0 MB T = 2.02
 INIT-R <-- Site =  127 ..  Bmem =  336 MB Rmem = 83.9 MB T = 2.08
 INIT-R <-- Site =  126 ..  Bmem =  343 MB Rmem = 85.8 MB T = 2.14
 INIT-R <-- Site =  125 ..  Bmem =  343 MB Rmem = 85.8 MB T = 2.18
 INIT-R <-- Site =  124 ..  Bmem =  343 MB Rmem = 85.8 MB T = 2.13
 INIT-R <-- Site =  123 ..  Bmem =  351 MB Rmem = 87.7 MB T = 2.19
 INIT-R <-- Site =  122 ..  Bmem =  359 MB Rmem = 89.6 MB T = 2.26
 INIT-R <-- Site =  121 ..  Bmem =  359 MB Rmem = 89.6 MB T = 2.50
 INIT-R <-- Site =  120 ..  Bmem =  366 MB Rmem = 91.6 MB T = 2.38
 INIT-R <-- Site =  119 ..  Bmem =  366 MB Rmem = 91.6 MB T = 2.37
 INIT-R <-- Site =  118 ..  Bmem =  374 MB Rmem = 93.5 MB T = 2.50
 INIT-R <-- Site =  117 ..  Bmem =  381 MB Rmem = 95.4 MB T = 2.49
 INIT-R <-- Site =  116 ..  Bmem =  381 MB Rmem = 95.4 MB T = 2.50
 INIT-R <-- Site =  115 ..  Bmem =  389 MB Rmem = 97.3 MB T = 2.55
 INIT-R <-- Site =  114 ..  Bmem =  397 MB Rmem = 99.2 MB T = 2.62
 INIT-R <-- Site =  113 ..  Bmem =  397 MB Rmem = 99.2 MB T = 2.65
 INIT-R <-- Site =  112 ..  Bmem =  397 MB Rmem = 99.2 MB T = 2.64
 INIT-R <-- Site =  111 ..  Bmem =  397 MB Rmem = 99.2 MB T = 2.67
 INIT-R <-- Site =  110 ..  Bmem =  397 MB Rmem = 99.2 MB T = 2.67
 INIT-R <-- Site =  109 ..  Bmem =  397 MB Rmem = 99.2 MB T = 2.72
 INIT-R <-- Site =  108 ..  Bmem =  397 MB Rmem = 99.2 MB T = 2.65
 INIT-R <-- Site =  107 ..  Bmem =  397 MB Rmem = 99.2 MB T = 2.65
 INIT-R <-- Site =  106 ..  Bmem =  404 MB Rmem =  101 MB T = 2.70
 INIT-R <-- Site =  105 ..  Bmem =  412 MB Rmem =  103 MB T = 2.74
 INIT-R <-- Site =  104 ..  Bmem =  412 MB Rmem =  103 MB T = 2.76
 INIT-R <-- Site =  103 ..  Bmem =  412 MB Rmem =  103 MB T = 2.80
 INIT-R <-- Site =  102 ..  Bmem =  420 MB Rmem =  105 MB T = 3.08
 INIT-R <-- Site =  101 ..  Bmem =  420 MB Rmem =  105 MB T = 2.88
 INIT-R <-- Site =  100 ..  Bmem =  420 MB Rmem =  105 MB T = 2.91
 INIT-R <-- Site =   99 ..  Bmem =  420 MB Rmem =  105 MB T = 2.88
 INIT-R <-- Site =   98 ..  Bmem =  420 MB Rmem =  105 MB T = 2.87
 INIT-R <-- Site =   97 ..  Bmem =  420 MB Rmem =  105 MB T = 2.86
 INIT-R <-- Site =   96 ..  Bmem =  420 MB Rmem =  105 MB T = 2.93
 INIT-R <-- Site =   95 ..  Bmem =  420 MB Rmem =  105 MB T = 2.87
 INIT-R <-- Site =   94 ..  Bmem =  420 MB Rmem =  105 MB T = 2.88
 INIT-R <-- Site =   93 ..  Bmem =  427 MB Rmem =  107 MB T = 2.91
 INIT-R <-- Site =   92 ..  Bmem =  427 MB Rmem =  107 MB T = 2.94
 INIT-R <-- Site =   91 ..  Bmem =  420 MB Rmem =  105 MB T = 2.93
 INIT-R <-- Site =   90 ..  Bmem =  427 MB Rmem =  107 MB T = 2.98
 INIT-R <-- Site =   89 ..  Bmem =  427 MB Rmem =  107 MB T = 2.94
 INIT-R <-- Site =   88 ..  Bmem =  427 MB Rmem =  107 MB T = 3.06
 INIT-R <-- Site =   87 ..  Bmem =  427 MB Rmem =  107 MB T = 3.05
 INIT-R <-- Site =   86 ..  Bmem =  420 MB Rmem =  105 MB T = 2.93
 INIT-R <-- Site =   85 ..  Bmem =  420 MB Rmem =  105 MB T = 2.95
 INIT-R <-- Site =   84 ..  Bmem =  420 MB Rmem =  105 MB T = 2.97
 INIT-R <-- Site =   83 ..  Bmem =  420 MB Rmem =  105 MB T = 2.87
 INIT-R <-- Site =   82 ..  Bmem =  420 MB Rmem =  105 MB T = 2.89
 INIT-R <-- Site =   81 ..  Bmem =  420 MB Rmem =  105 MB T = 2.88
 INIT-R <-- Site =   80 ..  Bmem =  427 MB Rmem =  107 MB T = 2.93
 INIT-R <-- Site =   79 ..  Bmem =  427 MB Rmem =  107 MB T = 2.95
 INIT-R <-- Site =   78 ..  Bmem =  420 MB Rmem =  105 MB T = 2.91
 INIT-R <-- Site =   77 ..  Bmem =  427 MB Rmem =  107 MB T = 2.92
 INIT-R <-- Site =   76 ..  Bmem =  420 MB Rmem =  105 MB T = 2.93
 INIT-R <-- Site =   75 ..  Bmem =  427 MB Rmem =  107 MB T = 2.91
 INIT-R <-- Site =   74 ..  Bmem =  427 MB Rmem =  107 MB T = 2.92
 INIT-R <-- Site =   73 ..  Bmem =  420 MB Rmem =  105 MB T = 2.88
 INIT-R <-- Site =   72 ..  Bmem =  420 MB Rmem =  105 MB T = 3.07
 INIT-R <-- Site =   71 ..  Bmem =  420 MB Rmem =  105 MB T = 2.93
 INIT-R <-- Site =   70 ..  Bmem =  420 MB Rmem =  105 MB T = 2.88
 INIT-R <-- Site =   69 ..  Bmem =  420 MB Rmem =  105 MB T = 2.91
 INIT-R <-- Site =   68 ..  Bmem =  420 MB Rmem =  105 MB T = 2.88
 INIT-R <-- Site =   67 ..  Bmem =  420 MB Rmem =  105 MB T = 2.94
 INIT-R <-- Site =   66 ..  Bmem =  420 MB Rmem =  105 MB T = 2.87
 INIT-R <-- Site =   65 ..  Bmem =  420 MB Rmem =  105 MB T = 2.87
 INIT-R <-- Site =   64 ..  Bmem =  420 MB Rmem =  105 MB T = 2.90
 INIT-R <-- Site =   63 ..  Bmem =  420 MB Rmem =  105 MB T = 2.87
 INIT-R <-- Site =   62 ..  Bmem =  412 MB Rmem =  103 MB T = 2.81
 INIT-R <-- Site =   61 ..  Bmem =  412 MB Rmem =  103 MB T = 2.79
 INIT-R <-- Site =   60 ..  Bmem =  404 MB Rmem =  101 MB T = 2.75
 INIT-R <-- Site =   59 ..  Bmem =  397 MB Rmem = 99.2 MB T = 2.66
 INIT-R <-- Site =   58 ..  Bmem =  397 MB Rmem = 99.2 MB T = 2.64
 INIT-R <-- Site =   57 ..  Bmem =  397 MB Rmem = 99.2 MB T = 2.62
 INIT-R <-- Site =   56 ..  Bmem =  397 MB Rmem = 99.2 MB T = 2.68
 INIT-R <-- Site =   55 ..  Bmem =  397 MB Rmem = 99.2 MB T = 2.63
 INIT-R <-- Site =   54 ..  Bmem =  397 MB Rmem = 99.2 MB T = 2.67
 INIT-R <-- Site =   53 ..  Bmem =  397 MB Rmem = 99.2 MB T = 2.68
 INIT-R <-- Site =   52 ..  Bmem =  389 MB Rmem = 97.3 MB T = 2.60
 INIT-R <-- Site =   51 ..  Bmem =  381 MB Rmem = 95.4 MB T = 2.51
 INIT-R <-- Site =   50 ..  Bmem =  381 MB Rmem = 95.4 MB T = 2.49
 INIT-R <-- Site =   49 ..  Bmem =  374 MB Rmem = 93.5 MB T = 2.43
 INIT-R <-- Site =   48 ..  Bmem =  374 MB Rmem = 93.5 MB T = 2.48
 INIT-R <-- Site =   47 ..  Bmem =  366 MB Rmem = 91.6 MB T = 2.55
 INIT-R <-- Site =   46 ..  Bmem =  359 MB Rmem = 89.6 MB T = 2.31
 INIT-R <-- Site =   45 ..  Bmem =  359 MB Rmem = 89.6 MB T = 2.28
 INIT-R <-- Site =   44 ..  Bmem =  351 MB Rmem = 87.7 MB T = 2.29
 INIT-R <-- Site =   43 ..  Bmem =  343 MB Rmem = 85.8 MB T = 2.18
 INIT-R <-- Site =   42 ..  Bmem =  351 MB Rmem = 87.7 MB T = 2.21
 INIT-R <-- Site =   41 ..  Bmem =  343 MB Rmem = 85.8 MB T = 2.17
 INIT-R <-- Site =   40 ..  Bmem =  336 MB Rmem = 83.9 MB T = 2.09
 INIT-R <-- Site =   39 ..  Bmem =  328 MB Rmem = 82.0 MB T = 2.05
 INIT-R <-- Site =   38 ..  Bmem =  320 MB Rmem = 80.1 MB T = 1.96
 INIT-R <-- Site =   37 ..  Bmem =  313 MB Rmem = 78.2 MB T = 1.91
 INIT-R <-- Site =   36 ..  Bmem =  305 MB Rmem = 76.3 MB T = 1.83
 INIT-R <-- Site =   35 ..  Bmem =  298 MB Rmem = 74.4 MB T = 1.80
 INIT-R <-- Site =   34 ..  Bmem =  290 MB Rmem = 72.5 MB T = 1.72
 INIT-R <-- Site =   33 ..  Bmem =  282 MB Rmem = 70.6 MB T = 1.72
 INIT-R <-- Site =   32 ..  Bmem =  275 MB Rmem = 68.7 MB T = 1.59
 INIT-R <-- Site =   31 ..  Bmem =  267 MB Rmem = 66.8 MB T = 1.56
 INIT-R <-- Site =   30 ..  Bmem =  259 MB Rmem = 64.8 MB T = 1.46
 INIT-R <-- Site =   29 ..  Bmem =  252 MB Rmem = 62.9 MB T = 1.42
 INIT-R <-- Site =   28 ..  Bmem =  244 MB Rmem = 61.0 MB T = 1.38
 INIT-R <-- Site =   27 ..  Bmem =  237 MB Rmem = 59.1 MB T = 1.31
 INIT-R <-- Site =   26 ..  Bmem =  229 MB Rmem = 57.2 MB T = 1.24
 INIT-R <-- Site =   25 ..  Bmem =  221 MB Rmem = 55.3 MB T = 1.17
 INIT-R <-- Site =   24 ..  Bmem =  214 MB Rmem = 53.4 MB T = 1.13
 INIT-R <-- Site =   23 ..  Bmem =  206 MB Rmem = 51.5 MB T = 1.10
 INIT-R <-- Site =   22 ..  Bmem =  198 MB Rmem = 49.6 MB T = 1.07
 INIT-R <-- Site =   21 ..  Bmem =  191 MB Rmem = 47.7 MB T = 1.09
 INIT-R <-- Site =   20 ..  Bmem =  183 MB Rmem = 45.8 MB T = 1.01
 INIT-R <-- Site =   19 ..  Bmem =  175 MB Rmem = 43.9 MB T = 0.93
 INIT-R <-- Site =   18 ..  Bmem =  168 MB Rmem = 42.0 MB T = 0.83
 INIT-R <-- Site =   17 ..  Bmem =  160 MB Rmem = 40.1 MB T = 0.82
 INIT-R <-- Site =   16 ..  Bmem =  153 MB Rmem = 38.1 MB T = 0.73
 INIT-R <-- Site =   15 ..  Bmem =  145 MB Rmem = 36.2 MB T = 0.73
 INIT-R <-- Site =   14 ..  Bmem =  137 MB Rmem = 34.3 MB T = 0.65
 INIT-R <-- Site =   13 ..  Bmem =  130 MB Rmem = 32.4 MB T = 0.60
 INIT-R <-- Site =   12 ..  Bmem =  122 MB Rmem = 30.5 MB T = 0.59
 INIT-R <-- Site =   11 ..  Bmem =  114 MB Rmem = 28.6 MB T = 0.54
 INIT-R <-- Site =   10 ..  Bmem =  107 MB Rmem = 26.7 MB T = 0.48
 INIT-R <-- Site =    9 ..  Bmem = 99.2 MB Rmem = 24.8 MB T = 0.46
 INIT-R <-- Site =    8 ..  Bmem = 91.6 MB Rmem = 22.9 MB T = 0.40
 INIT-R <-- Site =    7 ..  Bmem = 83.9 MB Rmem = 5.50 MB T = 0.19
 INIT-R <-- Site =    6 ..  Bmem = 20.0 MB Rmem = 1.25 MB T = 0.04
 INIT-R <-- Site =    5 ..  Bmem = 4.50 MB Rmem =  288 KB T = 0.01
 INIT-R <-- Site =    4 ..  Bmem = 1.00 MB Rmem = 64.0 KB T = 0.01
 INIT-R <-- Site =    3 ..  Bmem =  224 KB Rmem = 14.0 KB T = 0.01
 INIT-R <-- Site =    2 ..  Bmem = 48.0 KB Rmem = 3.00 KB T = 0.01
 INIT-R <-- Site =    1 ..  Bmem = 10.0 KB Rmem =   640 B T = 0.01
 INIT-R <-- Site =    0 ..  Bmem = 2.00 KB Rmem =   128 B T = 0.01
Time init sweep =      311.038 | MaxBmem =  427 MB | MaxRmem =  107 MB
 | Tread = 0.000 | Twrite = 28.021 | Tfpread = 0.000 | Tfpwrite = 18.616 | data = 11.9 GB | cpsd = 7.71 GB | Tasync = 0.000


Sweep =    0 | Direction =  forward | Bond dimension =   15 | Noise =  1.00e-04 | Dav threshold =  1.00e-10
 --> Site =    0 .. Mmps =    2 Ndav =   4 E =   -150.4965705343 Error = 0.00e+00 FLOPS = 1.04e+06 Tdav = 0.00 T = 0.02
 --> Site =    1 .. Mmps =    4 Ndav =  11 E =   -150.5928195000 Error = 0.00e+00 FLOPS = 2.26e+07 Tdav = 0.00 T = 0.04
 --> Site =    2 .. Mmps =    8 Ndav =  15 E =   -150.7652065688 Error = 0.00e+00 FLOPS = 1.43e+08 Tdav = 0.00 T = 0.03
 --> Site =    3 .. Mmps =   15 Ndav =  21 E =   -150.8877248373 Error = 8.34e-14 FLOPS = 7.37e+08 Tdav = 0.00 T = 0.03
 --> Site =    4 .. Mmps =   15 Ndav =  21 E =   -151.0725028865 Error = 2.10e-08 FLOPS = 2.83e+09 Tdav = 0.00 T = 0.04
 --> Site =    5 .. Mmps =   15 Ndav =  25 E =   -151.1805928047 Error = 7.10e-07 FLOPS = 4.14e+09 Tdav = 0.01 T = 0.04
 --> Site =    6 .. Mmps =   15 Ndav =  22 E =   -151.3414899593 Error = 1.98e-06 FLOPS = 6.67e+09 Tdav = 0.02 T = 0.05
 --> Site =    7 .. Mmps =   15 Ndav =  25 E =   -151.4536798501 Error = 1.29e-05 FLOPS = 8.03e+09 Tdav = 0.07 T = 0.14
 --> Site =    8 .. Mmps =   15 Ndav =  23 E =   -151.6361043057 Error = 2.23e-05 FLOPS = 1.07e+10 Tdav = 0.19 T = 0.33
 --> Site =    9 .. Mmps =   15 Ndav =  25 E =   -151.7416780346 Error = 3.28e-05 FLOPS = 1.12e+10 Tdav = 0.21 T = 0.38
 --> Site =   10 .. Mmps =   15 Ndav =  23 E =   -151.8533891649 Error = 4.70e-05 FLOPS = 1.15e+10 Tdav = 0.21 T = 0.39
 --> Site =   11 .. Mmps =   15 Ndav =  24 E =   -151.9419017576 Error = 2.59e-05 FLOPS = 1.23e+10 Tdav = 0.22 T = 0.40
 --> Site =   12 .. Mmps =   15 Ndav =  23 E =   -152.0182265418 Error = 5.19e-05 FLOPS = 1.24e+10 Tdav = 0.22 T = 0.40
 --> Site =   13 .. Mmps =   15 Ndav =  21 E =   -152.0772492749 Error = 1.40e-05 FLOPS = 1.39e+10 Tdav = 0.19 T = 0.38
 --> Site =   14 .. Mmps =   15 Ndav =  25 E =   -152.2244733791 Error = 4.88e-05 FLOPS = 1.26e+10 Tdav = 0.27 T = 0.49
 --> Site =   15 .. Mmps =   15 Ndav =  22 E =   -152.3299862944 Error = 7.56e-06 FLOPS = 1.30e+10 Tdav = 0.24 T = 0.50
 --> Site =   16 .. Mmps =   15 Ndav =  26 E =   -152.6553909903 Error = 1.18e-05 FLOPS = 1.29e+10 Tdav = 0.31 T = 0.51
 --> Site =   17 .. Mmps =   15 Ndav =  22 E =   -152.7872931618 Error = 2.70e-06 FLOPS = 1.44e+10 Tdav = 0.24 T = 0.47
 --> Site =   18 .. Mmps =   15 Ndav =  27 E =   -153.0604611199 Error = 6.46e-06 FLOPS = 1.25e+10 Tdav = 0.36 T = 0.64
 --> Site =   19 .. Mmps =   15 Ndav =  23 E =   -153.1723130163 Error = 1.41e-06 FLOPS = 1.37e+10 Tdav = 0.29 T = 0.52
 --> Site =   20 .. Mmps =   15 Ndav =  28 E =   -153.4090285472 Error = 3.63e-06 FLOPS = 1.25e+10 Tdav = 0.41 T = 0.79
 --> Site =   21 .. Mmps =   15 Ndav =  23 E =   -153.5045383429 Error = 1.25e-06 FLOPS = 1.39e+10 Tdav = 0.32 T = 0.61
 --> Site =   22 .. Mmps =   15 Ndav =  28 E =   -153.7287160549 Error = 2.20e-06 FLOPS = 1.29e+10 Tdav = 0.43 T = 0.75
 --> Site =   23 .. Mmps =   15 Ndav =  22 E =   -153.7712694921 Error = 4.16e-07 FLOPS = 1.44e+10 Tdav = 0.32 T = 0.64
 --> Site =   24 .. Mmps =   15 Ndav =  25 E =   -153.9439939799 Error = 3.60e-06 FLOPS = 1.38e+10 Tdav = 0.39 T = 0.67
 --> Site =   25 .. Mmps =   15 Ndav =  19 E =   -153.9615937576 Error = 3.23e-07 FLOPS = 1.53e+10 Tdav = 0.28 T = 0.62
 --> Site =   26 .. Mmps =   15 Ndav =  24 E =   -154.0022790689 Error = 4.68e-06 FLOPS = 1.44e+10 Tdav = 0.39 T = 0.71
 --> Site =   27 .. Mmps =   15 Ndav =  22 E =   -154.0318618405 Error = 9.76e-07 FLOPS = 1.49e+10 Tdav = 0.35 T = 0.67
 --> Site =   28 .. Mmps =   15 Ndav =  27 E =   -154.1350299198 Error = 6.56e-06 FLOPS = 1.38e+10 Tdav = 0.48 T = 0.80
 --> Site =   29 .. Mmps =   15 Ndav =  24 E =   -154.2358665273 Error = 1.19e-06 FLOPS = 1.46e+10 Tdav = 0.42 T = 0.74
 --> Site =   30 .. Mmps =   15 Ndav =  29 E =   -154.5627122298 Error = 1.29e-05 FLOPS = 1.36e+10 Tdav = 0.56 T = 0.90
 --> Site =   31 .. Mmps =   15 Ndav =  27 E =   -154.7013448511 Error = 2.25e-06 FLOPS = 1.43e+10 Tdav = 0.51 T = 0.85
 --> Site =   32 .. Mmps =   15 Ndav =  30 E =   -155.0015017643 Error = 1.36e-05 FLOPS = 1.36e+10 Tdav = 0.62 T = 0.97
 --> Site =   33 .. Mmps =   15 Ndav =  28 E =   -155.2674766213 Error = 1.73e-06 FLOPS = 1.41e+10 Tdav = 0.57 T = 0.91
 --> Site =   34 .. Mmps =   15 Ndav =  29 E =   -155.4307248170 Error = 9.83e-06 FLOPS = 1.40e+10 Tdav = 0.61 T = 0.96
 --> Site =   35 .. Mmps =   15 Ndav =  29 E =   -155.5655168976 Error = 2.71e-06 FLOPS = 1.40e+10 Tdav = 0.63 T = 1.03
 --> Site =   36 .. Mmps =   15 Ndav =  28 E =   -155.6943599322 Error = 7.36e-06 FLOPS = 1.43e+10 Tdav = 0.61 T = 0.97
 --> Site =   37 .. Mmps =   15 Ndav =  27 E =   -155.7287621377 Error = 3.53e-06 FLOPS = 1.46e+10 Tdav = 0.59 T = 0.96
 --> Site =   38 .. Mmps =   15 Ndav =  28 E =   -155.8080687505 Error = 7.41e-06 FLOPS = 1.45e+10 Tdav = 0.63 T = 1.00
 --> Site =   39 .. Mmps =   15 Ndav =  26 E =   -155.8453767244 Error = 2.81e-06 FLOPS = 1.49e+10 Tdav = 0.58 T = 0.98
 --> Site =   40 .. Mmps =   15 Ndav =  32 E =   -155.9880193874 Error = 6.63e-06 FLOPS = 1.38e+10 Tdav = 0.79 T = 1.18
 --> Site =   41 .. Mmps =   15 Ndav =  28 E =   -156.1987609308 Error = 1.22e-06 FLOPS = 1.47e+10 Tdav = 0.67 T = 1.09
 --> Site =   42 .. Mmps =   15 Ndav =  32 E =   -156.9136211260 Error = 2.62e-06 FLOPS = 1.40e+10 Tdav = 0.82 T = 1.22
 --> Site =   43 .. Mmps =   15 Ndav =  25 E =   -157.0038808683 Error = 3.91e-07 FLOPS = 1.53e+10 Tdav = 0.57 T = 0.97
 --> Site =   44 .. Mmps =   15 Ndav =  28 E =   -157.6325578689 Error = 2.40e-06 FLOPS = 1.47e+10 Tdav = 0.68 T = 1.10
 --> Site =   45 .. Mmps =   15 Ndav =  23 E =   -157.7150724138 Error = 4.44e-07 FLOPS = 1.57e+10 Tdav = 0.53 T = 0.96
 --> Site =   46 .. Mmps =   15 Ndav =  27 E =   -158.3360224119 Error = 1.57e-06 FLOPS = 1.49e+10 Tdav = 0.66 T = 1.08
 --> Site =   47 .. Mmps =   15 Ndav =  23 E =   -158.4163717739 Error = 3.62e-07 FLOPS = 1.57e+10 Tdav = 0.55 T = 0.97
 --> Site =   48 .. Mmps =   15 Ndav =  28 E =   -159.2900430302 Error = 7.23e-07 FLOPS = 1.49e+10 Tdav = 0.72 T = 1.14
 --> Site =   49 .. Mmps =   15 Ndav =  21 E =   -159.3187233944 Error = 8.17e-08 FLOPS = 1.61e+10 Tdav = 0.50 T = 0.92
 --> Site =   50 .. Mmps =   15 Ndav =  24 E =   -159.4673279636 Error = 1.60e-06 FLOPS = 1.56e+10 Tdav = 0.60 T = 1.02
 --> Site =   51 .. Mmps =   15 Ndav =  20 E =   -159.4816145672 Error = 3.13e-07 FLOPS = 1.63e+10 Tdav = 0.48 T = 0.92
 --> Site =   52 .. Mmps =   15 Ndav =  23 E =   -159.5145238889 Error = 1.79e-06 FLOPS = 1.58e+10 Tdav = 0.58 T = 1.05
 --> Site =   53 .. Mmps =   15 Ndav =  22 E =   -159.5327181354 Error = 1.11e-06 FLOPS = 1.60e+10 Tdav = 0.56 T = 1.02
 --> Site =   54 .. Mmps =   15 Ndav =  26 E =   -159.6071273296 Error = 2.93e-06 FLOPS = 1.53e+10 Tdav = 0.69 T = 1.15
 --> Site =   55 .. Mmps =   15 Ndav =  24 E =   -159.6676095338 Error = 4.59e-07 FLOPS = 1.57e+10 Tdav = 0.62 T = 1.09
 --> Site =   56 .. Mmps =   15 Ndav =  29 E =   -159.8792444866 Error = 8.51e-06 FLOPS = 1.47e+10 Tdav = 0.80 T = 1.34
 --> Site =   57 .. Mmps =   15 Ndav =  26 E =   -160.0568472485 Error = 1.48e-06 FLOPS = 1.54e+10 Tdav = 0.68 T = 1.14
 --> Site =   58 .. Mmps =   15 Ndav =  30 E =   -160.2897255746 Error = 8.38e-06 FLOPS = 1.47e+10 Tdav = 0.83 T = 1.28
 --> Site =   59 .. Mmps =   15 Ndav =  27 E =   -160.5299557734 Error = 7.69e-07 FLOPS = 1.52e+10 Tdav = 0.72 T = 1.24
 --> Site =   60 .. Mmps =   15 Ndav =  31 E =   -160.7563368726 Error = 1.09e-05 FLOPS = 1.45e+10 Tdav = 0.88 T = 1.34
 --> Site =   61 .. Mmps =   15 Ndav =  28 E =   -160.9021768338 Error = 3.71e-06 FLOPS = 1.51e+10 Tdav = 0.78 T = 1.25
 --> Site =   62 .. Mmps =   15 Ndav =  28 E =   -161.0371958172 Error = 1.50e-05 FLOPS = 1.49e+10 Tdav = 0.79 T = 1.25
 --> Site =   63 .. Mmps =   15 Ndav =  27 E =   -161.0786334409 Error = 5.21e-06 FLOPS = 1.47e+10 Tdav = 0.79 T = 1.30
 --> Site =   64 .. Mmps =   15 Ndav =  27 E =   -161.1500852669 Error = 8.30e-06 FLOPS = 1.50e+10 Tdav = 0.77 T = 1.24
 --> Site =   65 .. Mmps =   15 Ndav =  26 E =   -161.1819408534 Error = 3.48e-06 FLOPS = 1.55e+10 Tdav = 0.72 T = 1.22
 --> Site =   66 .. Mmps =   15 Ndav =  29 E =   -161.3552941112 Error = 7.52e-06 FLOPS = 1.49e+10 Tdav = 0.84 T = 1.42
 --> Site =   67 .. Mmps =   15 Ndav =  28 E =   -161.5289603902 Error = 1.91e-06 FLOPS = 1.51e+10 Tdav = 0.80 T = 1.26
 --> Site =   68 .. Mmps =   15 Ndav =  32 E =   -162.2306735919 Error = 3.61e-06 FLOPS = 1.43e+10 Tdav = 0.96 T = 1.44
 --> Site =   69 .. Mmps =   15 Ndav =  25 E =   -162.3122998836 Error = 6.73e-07 FLOPS = 1.56e+10 Tdav = 0.69 T = 1.18
 --> Site =   70 .. Mmps =   15 Ndav =  28 E =   -162.9428885447 Error = 2.65e-06 FLOPS = 1.50e+10 Tdav = 0.80 T = 1.27
 --> Site =   71 .. Mmps =   15 Ndav =  23 E =   -162.9991468565 Error = 4.62e-07 FLOPS = 1.59e+10 Tdav = 0.62 T = 1.08
 --> Site =   72 .. Mmps =   15 Ndav =  27 E =   -163.6064936487 Error = 2.25e-06 FLOPS = 1.53e+10 Tdav = 0.76 T = 1.23
 --> Site =   73 .. Mmps =   15 Ndav =  22 E =   -163.6900850047 Error = 2.95e-07 FLOPS = 1.61e+10 Tdav = 0.59 T = 1.05
 --> Site =   74 .. Mmps =   15 Ndav =  28 E =   -164.5161637963 Error = 9.81e-07 FLOPS = 1.51e+10 Tdav = 0.81 T = 1.28
 --> Site =   75 .. Mmps =   15 Ndav =  22 E =   -164.5370324387 Error = 1.93e-07 FLOPS = 1.60e+10 Tdav = 0.60 T = 1.11
 --> Site =   76 .. Mmps =   15 Ndav =  26 E =   -164.6863644790 Error = 1.51e-06 FLOPS = 1.54e+10 Tdav = 0.72 T = 1.21
 --> Site =   77 .. Mmps =   15 Ndav =  21 E =   -164.6993223909 Error = 3.20e-07 FLOPS = 1.62e+10 Tdav = 0.57 T = 1.05
 --> Site =   78 .. Mmps =   15 Ndav =  23 E =   -164.7331809780 Error = 1.92e-06 FLOPS = 1.59e+10 Tdav = 0.62 T = 1.12
 --> Site =   79 .. Mmps =   15 Ndav =  23 E =   -164.7501935441 Error = 1.26e-06 FLOPS = 1.59e+10 Tdav = 0.63 T = 1.14
 --> Site =   80 .. Mmps =   15 Ndav =  27 E =   -164.8289483831 Error = 3.43e-06 FLOPS = 1.53e+10 Tdav = 0.77 T = 1.24
 --> Site =   81 .. Mmps =   15 Ndav =  24 E =   -164.8941113504 Error = 5.65e-07 FLOPS = 1.58e+10 Tdav = 0.65 T = 1.11
 --> Site =   82 .. Mmps =   15 Ndav =  29 E =   -165.1400026223 Error = 9.58e-06 FLOPS = 1.49e+10 Tdav = 0.83 T = 1.34
 --> Site =   83 .. Mmps =   15 Ndav =  26 E =   -165.3435433677 Error = 1.31e-06 FLOPS = 1.54e+10 Tdav = 0.72 T = 1.20
 --> Site =   84 .. Mmps =   15 Ndav =  31 E =   -165.5819353522 Error = 8.50e-06 FLOPS = 1.46e+10 Tdav = 0.91 T = 1.38
 --> Site =   85 .. Mmps =   15 Ndav =  28 E =   -165.8196125880 Error = 8.18e-07 FLOPS = 1.51e+10 Tdav = 0.80 T = 1.30
 --> Site =   86 .. Mmps =   15 Ndav =  30 E =   -166.0639806860 Error = 1.05e-05 FLOPS = 1.48e+10 Tdav = 0.87 T = 1.34
 --> Site =   87 .. Mmps =   15 Ndav =  28 E =   -166.1951389945 Error = 3.01e-06 FLOPS = 1.51e+10 Tdav = 0.81 T = 1.30
 --> Site =   88 .. Mmps =   15 Ndav =  30 E =   -166.3369089398 Error = 1.44e-05 FLOPS = 1.47e+10 Tdav = 0.89 T = 1.36
 --> Site =   89 .. Mmps =   15 Ndav =  27 E =   -166.3763031276 Error = 5.73e-06 FLOPS = 1.52e+10 Tdav = 0.77 T = 1.26
 --> Site =   90 .. Mmps =   15 Ndav =  27 E =   -166.4508406831 Error = 9.29e-06 FLOPS = 1.52e+10 Tdav = 0.78 T = 1.40
 --> Site =   91 .. Mmps =   15 Ndav =  25 E =   -166.4787409774 Error = 3.74e-06 FLOPS = 1.56e+10 Tdav = 0.69 T = 1.27
 --> Site =   92 .. Mmps =   15 Ndav =  28 E =   -166.6376358167 Error = 7.55e-06 FLOPS = 1.51e+10 Tdav = 0.81 T = 1.30
 --> Site =   93 .. Mmps =   15 Ndav =  28 E =   -166.8035456484 Error = 2.12e-06 FLOPS = 1.51e+10 Tdav = 0.81 T = 1.39
 --> Site =   94 .. Mmps =   15 Ndav =  32 E =   -167.5143792525 Error = 3.40e-06 FLOPS = 1.44e+10 Tdav = 0.95 T = 1.42
 --> Site =   95 .. Mmps =   15 Ndav =  25 E =   -167.5740329932 Error = 5.28e-07 FLOPS = 1.56e+10 Tdav = 0.69 T = 1.16
 --> Site =   96 .. Mmps =   15 Ndav =  27 E =   -168.1434191948 Error = 2.81e-06 FLOPS = 1.53e+10 Tdav = 0.76 T = 1.23
 --> Site =   97 .. Mmps =   15 Ndav =  24 E =   -168.2183891484 Error = 5.69e-07 FLOPS = 1.55e+10 Tdav = 0.67 T = 1.13
 --> Site =   98 .. Mmps =   15 Ndav =  28 E =   -168.7874281952 Error = 2.56e-06 FLOPS = 1.46e+10 Tdav = 0.82 T = 1.28
 --> Site =   99 .. Mmps =   15 Ndav =  23 E =   -168.8665017676 Error = 3.13e-07 FLOPS = 1.56e+10 Tdav = 0.63 T = 1.11
 --> Site =  100 .. Mmps =   15 Ndav =  30 E =   -169.7616689632 Error = 9.92e-07 FLOPS = 1.48e+10 Tdav = 0.87 T = 1.33
 --> Site =  101 .. Mmps =   15 Ndav =  23 E =   -169.7845430630 Error = 1.90e-07 FLOPS = 1.59e+10 Tdav = 0.62 T = 1.29
 --> Site =  102 .. Mmps =   15 Ndav =  27 E =   -169.9362338030 Error = 1.53e-06 FLOPS = 1.53e+10 Tdav = 0.76 T = 1.21
 --> Site =  103 .. Mmps =   15 Ndav =  23 E =   -169.9500385591 Error = 3.80e-07 FLOPS = 1.59e+10 Tdav = 0.61 T = 1.06
 --> Site =  104 .. Mmps =   15 Ndav =  26 E =   -169.9867506064 Error = 2.12e-06 FLOPS = 1.53e+10 Tdav = 0.72 T = 1.18
 --> Site =  105 .. Mmps =   15 Ndav =  24 E =   -170.0026063755 Error = 1.32e-06 FLOPS = 1.55e+10 Tdav = 0.65 T = 1.10
 --> Site =  106 .. Mmps =   15 Ndav =  28 E =   -170.0758508210 Error = 3.82e-06 FLOPS = 1.50e+10 Tdav = 0.77 T = 1.22
 --> Site =  107 .. Mmps =   15 Ndav =  25 E =   -170.1199662361 Error = 5.63e-07 FLOPS = 1.55e+10 Tdav = 0.65 T = 1.20
 --> Site =  108 .. Mmps =   15 Ndav =  30 E =   -170.5026198105 Error = 1.06e-05 FLOPS = 1.47e+10 Tdav = 0.83 T = 1.27
 --> Site =  109 .. Mmps =   15 Ndav =  26 E =   -170.6326142057 Error = 2.11e-06 FLOPS = 1.54e+10 Tdav = 0.69 T = 1.12
 --> Site =  110 .. Mmps =   15 Ndav =  31 E =   -170.8892785620 Error = 1.36e-05 FLOPS = 1.45e+10 Tdav = 0.87 T = 1.31
 --> Site =  111 .. Mmps =   15 Ndav =  28 E =   -171.2062700447 Error = 1.01e-06 FLOPS = 1.51e+10 Tdav = 0.75 T = 1.21
 --> Site =  112 .. Mmps =   15 Ndav =  31 E =   -171.4102233039 Error = 1.35e-05 FLOPS = 1.45e+10 Tdav = 0.86 T = 1.38
 --> Site =  113 .. Mmps =   15 Ndav =  28 E =   -171.5544152842 Error = 4.44e-06 FLOPS = 1.51e+10 Tdav = 0.75 T = 1.20
 --> Site =  114 .. Mmps =   15 Ndav =  30 E =   -171.7013061115 Error = 1.63e-05 FLOPS = 1.47e+10 Tdav = 0.83 T = 1.30
 --> Site =  115 .. Mmps =   15 Ndav =  27 E =   -171.7332878350 Error = 5.68e-06 FLOPS = 1.52e+10 Tdav = 0.71 T = 1.13
 --> Site =  116 .. Mmps =   15 Ndav =  28 E =   -171.8005692329 Error = 1.13e-05 FLOPS = 1.50e+10 Tdav = 0.73 T = 1.15
 --> Site =  117 .. Mmps =   15 Ndav =  27 E =   -171.8328648011 Error = 4.09e-06 FLOPS = 1.51e+10 Tdav = 0.70 T = 1.13
 --> Site =  118 .. Mmps =   15 Ndav =  32 E =   -171.9755452768 Error = 9.98e-06 FLOPS = 1.42e+10 Tdav = 0.86 T = 1.28
 --> Site =  119 .. Mmps =   15 Ndav =  29 E =   -172.1853508943 Error = 1.98e-06 FLOPS = 1.46e+10 Tdav = 0.74 T = 1.23
 --> Site =  120 .. Mmps =   15 Ndav =  31 E =   -172.8709837632 Error = 4.63e-06 FLOPS = 1.42e+10 Tdav = 0.82 T = 1.24
 --> Site =  121 .. Mmps =   15 Ndav =  25 E =   -172.9549874452 Error = 4.35e-07 FLOPS = 1.53e+10 Tdav = 0.60 T = 1.00
 --> Site =  122 .. Mmps =   15 Ndav =  27 E =   -173.3149243942 Error = 4.49e-06 FLOPS = 1.50e+10 Tdav = 0.66 T = 1.08
 --> Site =  123 .. Mmps =   15 Ndav =  24 E =   -173.3762263591 Error = 5.45e-07 FLOPS = 1.55e+10 Tdav = 0.55 T = 0.98
 --> Site =  124 .. Mmps =   15 Ndav =  25 E =   -173.6153109789 Error = 7.81e-06 FLOPS = 1.52e+10 Tdav = 0.58 T = 0.98
 --> Site =  125 .. Mmps =   15 Ndav =  23 E =   -173.6628953866 Error = 1.21e-06 FLOPS = 1.56e+10 Tdav = 0.52 T = 0.93
 --> Site =  126 .. Mmps =   15 Ndav =  25 E =   -174.1793023018 Error = 2.81e-06 FLOPS = 1.53e+10 Tdav = 0.57 T = 0.97
 --> Site =  127 .. Mmps =   15 Ndav =  20 E =   -174.2068505050 Error = 3.15e-07 FLOPS = 1.61e+10 Tdav = 0.43 T = 0.83
 --> Site =  128 .. Mmps =   15 Ndav =  23 E =   -174.3448571222 Error = 3.82e-06 FLOPS = 1.55e+10 Tdav = 0.50 T = 0.90
 --> Site =  129 .. Mmps =   15 Ndav =  22 E =   -174.3663908389 Error = 8.45e-07 FLOPS = 1.58e+10 Tdav = 0.45 T = 0.83
 --> Site =  130 .. Mmps =   15 Ndav =  22 E =   -174.3883639993 Error = 5.55e-06 FLOPS = 1.56e+10 Tdav = 0.45 T = 0.81
 --> Site =  131 .. Mmps =   15 Ndav =  21 E =   -174.4045291165 Error = 2.65e-06 FLOPS = 1.57e+10 Tdav = 0.41 T = 0.78
 --> Site =  132 .. Mmps =   15 Ndav =  25 E =   -174.4425621974 Error = 7.60e-06 FLOPS = 1.48e+10 Tdav = 0.51 T = 0.87
 --> Site =  133 .. Mmps =   15 Ndav =  21 E =   -174.4644569966 Error = 1.16e-06 FLOPS = 1.57e+10 Tdav = 0.39 T = 0.77
 --> Site =  134 .. Mmps =   15 Ndav =  24 E =   -174.5125504541 Error = 2.16e-05 FLOPS = 1.51e+10 Tdav = 0.45 T = 0.81
 --> Site =  135 .. Mmps =   15 Ndav =  21 E =   -174.5402883894 Error = 3.12e-06 FLOPS = 1.57e+10 Tdav = 0.37 T = 0.71
 --> Site =  136 .. Mmps =   15 Ndav =  25 E =   -174.6184757861 Error = 3.94e-05 FLOPS = 1.47e+10 Tdav = 0.46 T = 0.79
 --> Site =  137 .. Mmps =   15 Ndav =  22 E =   -174.6477392143 Error = 3.08e-06 FLOPS = 1.52e+10 Tdav = 0.38 T = 0.70
 --> Site =  138 .. Mmps =   15 Ndav =  25 E =   -174.7152940185 Error = 5.39e-05 FLOPS = 1.44e+10 Tdav = 0.44 T = 0.76
 --> Site =  139 .. Mmps =   15 Ndav =  22 E =   -174.7708243951 Error = 7.12e-06 FLOPS = 1.53e+10 Tdav = 0.35 T = 0.67
 --> Site =  140 .. Mmps =   15 Ndav =  25 E =   -174.8720524548 Error = 5.16e-05 FLOPS = 1.45e+10 Tdav = 0.41 T = 0.71
 --> Site =  141 .. Mmps =   15 Ndav =  23 E =   -174.9188590980 Error = 1.17e-05 FLOPS = 1.50e+10 Tdav = 0.35 T = 0.64
 --> Site =  142 .. Mmps =   15 Ndav =  23 E =   -174.9621525496 Error = 5.12e-05 FLOPS = 1.49e+10 Tdav = 0.34 T = 0.69
 --> Site =  143 .. Mmps =   15 Ndav =  22 E =   -174.9794762741 Error = 1.03e-05 FLOPS = 1.51e+10 Tdav = 0.31 T = 0.59
 --> Site =  144 .. Mmps =   15 Ndav =  25 E =   -175.0249892356 Error = 5.44e-05 FLOPS = 1.42e+10 Tdav = 0.36 T = 0.65
 --> Site =  145 .. Mmps =   15 Ndav =  24 E =   -175.0473160785 Error = 8.62e-06 FLOPS = 1.44e+10 Tdav = 0.33 T = 0.63
 --> Site =  146 .. Mmps =   15 Ndav =  25 E =   -175.0914964399 Error = 9.26e-05 FLOPS = 1.41e+10 Tdav = 0.34 T = 0.62
 --> Site =  147 .. Mmps =   15 Ndav =  26 E =   -175.1124055243 Error = 1.97e-05 FLOPS = 1.36e+10 Tdav = 0.35 T = 0.62
 --> Site =  148 .. Mmps =   15 Ndav =  26 E =   -175.1534863768 Error = 1.09e-04 FLOPS = 1.35e+10 Tdav = 0.34 T = 0.62
 --> Site =  149 .. Mmps =   15 Ndav =  25 E =   -175.1665012149 Error = 2.50e-05 FLOPS = 1.37e+10 Tdav = 0.30 T = 0.54
 --> Site =  150 .. Mmps =   15 Ndav =  26 E =   -175.1953881269 Error = 1.29e-04 FLOPS = 1.32e+10 Tdav = 0.31 T = 0.57
 --> Site =  151 .. Mmps =   15 Ndav =  25 E =   -175.2031349807 Error = 3.00e-05 FLOPS = 1.20e+10 Tdav = 0.31 T = 0.56
 --> Site =  152 .. Mmps =   15 Ndav =  25 E =   -175.2187857240 Error = 2.24e-04 FLOPS = 1.15e+10 Tdav = 0.31 T = 0.52
 --> Site =  153 .. Mmps =   15 Ndav =  20 E =   -175.2226006710 Error = 4.60e-05 FLOPS = 1.27e+10 Tdav = 0.21 T = 0.41
 --> Site =  154 .. Mmps =   15 Ndav =  23 E =   -175.2284266687 Error = 2.02e-04 FLOPS = 1.15e+10 Tdav = 0.25 T = 0.46
 --> Site =  155 .. Mmps =   15 Ndav =  17 E =   -175.2276656217 Error = 5.90e-06 FLOPS = 1.33e+10 Tdav = 0.15 T = 0.34
 --> Site =  156 .. Mmps =   15 Ndav =  20 E =   -175.2282751231 Error = 2.81e-05 FLOPS = 1.22e+10 Tdav = 0.18 T = 0.37
 --> Site =  157 .. Mmps =   15 Ndav =  18 E =   -175.2283752373 Error = 2.16e-06 FLOPS = 1.25e+10 Tdav = 0.15 T = 0.33
 --> Site =  158 .. Mmps =   15 Ndav =  18 E =   -175.2284633955 Error = 9.86e-06 FLOPS = 1.21e+10 Tdav = 0.14 T = 0.32
 --> Site =  159 .. Mmps =   15 Ndav =  16 E =   -175.2283821976 Error = 6.19e-07 FLOPS = 1.25e+10 Tdav = 0.11 T = 0.27
 --> Site =  160 .. Mmps =   15 Ndav =  14 E =   -175.2284223152 Error = 1.58e-06 FLOPS = 1.31e+10 Tdav = 0.02 T = 0.12
 --> Site =  161 .. Mmps =   15 Ndav =  12 E =   -175.2284084697 Error = 5.22e-08 FLOPS = 1.06e+10 Tdav = 0.01 T = 0.05
 --> Site =  162 .. Mmps =   15 Ndav =   6 E =   -175.2284078447 Error = 1.43e-08 FLOPS = 8.90e+09 Tdav = 0.00 T = 0.06
 --> Site =  163 .. Mmps =   15 Ndav =   6 E =   -175.2284076597 Error = 8.96e-10 FLOPS = 4.91e+09 Tdav = 0.00 T = 0.07
 --> Site =  164 .. Mmps =   15 Ndav =   3 E =   -175.2284076454 Error = 7.72e-14 FLOPS = 1.59e+09 Tdav = 0.00 T = 0.04
 --> Site =  165 .. Mmps =   15 Ndav =   1 E =   -175.2284076454 Error = 1.73e-25 FLOPS = 5.37e+08 Tdav = 0.00 T = 0.04
 --> Site =  166 .. Mmps =   15 Ndav =   1 E =   -175.2284076454 Error = 2.33e-52 FLOPS = 3.08e+08 Tdav = 0.00 T = 0.04
 --> Site =  167 .. Mmps =   15 Ndav =   1 E =   -175.2284076454 Error = 0.00e+00 FLOPS = 1.25e+08 Tdav = 0.00 T = 0.03
 --> Site =  168 .. Mmps =   15 Ndav =   1 E =   -175.2284076454 Error = 1.44e-108 FLOPS = 3.63e+07 Tdav = 0.00 T = 0.03
Time elapsed =    146.840 | E =    -175.2284633955 | DW = 2.23771e-04
Time sweep =      146.840 | 1.17 TFLOP/SWP
 | Dmem = 107 MB (0%) | Imem = 232 B (79%) | Hmem = 107 MB | Wmem = 117 KB | Pmem = 117 KB
 | Tread = 46.560 | Twrite = 1.064 | Tfpread = 45.521 | Tfpwrite = 0.021 | Tmporead = 0.000 | Tasync = 0.000
 | data = 11.1 MB | cpsd = 8.63 MB
 | Trot = 0.026 | Tctr = 0.006 | Tint = 0.007 | Tmid = 0.000 | Tdctr = 0.130 | Tdiag = 0.080 | Tinfo = 0.318
 | Teff = 52.862 | Tprt = 0.240 | Teig = 86.629 | Tblk = 144.161 | Tmve = 2.668 | Tdm = 0.011 | Tsplt = 0.021 | Tsvd = 0.000 | Torth = 0.000

Sweep =    1 | Direction = backward | Bond dimension =   15 | Noise =  1.00e-04 | Dav threshold =  1.00e-10
 <-- Site =  168 .. Mmps =    2 Ndav =   1 E =   -175.2284076454 Error = 0.00e+00 FLOPS = 3.33e+07 Tdav = 0.00 T = 0.02
 <-- Site =  167 .. Mmps =    4 Ndav =   1 E =   -175.2284076454 Error = 0.00e+00 FLOPS = 1.18e+08 Tdav = 0.00 T = 0.03
 <-- Site =  166 .. Mmps =    8 Ndav =   1 E =   -175.2284076454 Error = 0.00e+00 FLOPS = 3.14e+08 Tdav = 0.00 T = 0.03
 <-- Site =  165 .. Mmps =   15 Ndav =   1 E =   -175.2284076454 Error = 0.00e+00 FLOPS = 6.42e+08 Tdav = 0.00 T = 0.03
 <-- Site =  164 .. Mmps =   15 Ndav =   1 E =   -175.2284076454 Error = 7.76e-21 FLOPS = 1.07e+09 Tdav = 0.00 T = 0.03
 <-- Site =  163 .. Mmps =   15 Ndav =   4 E =   -175.2284076465 Error = 1.64e-19 FLOPS = 2.45e+09 Tdav = 0.00 T = 0.05
 <-- Site =  162 .. Mmps =   15 Ndav =   5 E =   -175.2284076539 Error = 8.54e-20 FLOPS = 2.83e+09 Tdav = 0.00 T = 0.03
 <-- Site =  161 .. Mmps =   15 Ndav =   7 E =   -175.2284076831 Error = 4.13e-19 FLOPS = 3.20e+09 Tdav = 0.00 T = 0.03
 <-- Site =  160 .. Mmps =   15 Ndav =   7 E =   -175.2284083428 Error = 1.91e-19 FLOPS = 3.41e+09 Tdav = 0.00 T = 0.03
 <-- Site =  159 .. Mmps =   15 Ndav =  10 E =   -175.2284087316 Error = 1.53e-18 FLOPS = 3.54e+09 Tdav = 0.00 T = 0.03
 <-- Site =  158 .. Mmps =   15 Ndav =   9 E =   -175.2284126861 Error = 2.22e-18 FLOPS = 3.81e+09 Tdav = 0.00 T = 0.03
 <-- Site =  157 .. Mmps =   15 Ndav =  10 E =   -175.2284138573 Error = 4.25e-18 FLOPS = 3.96e+09 Tdav = 0.00 T = 0.03
 <-- Site =  156 .. Mmps =   15 Ndav =   8 E =   -175.2284188197 Error = 4.60e-18 FLOPS = 4.34e+09 Tdav = 0.00 T = 0.03
 <-- Site =  155 .. Mmps =   15 Ndav =   7 E =   -175.2284208599 Error = 2.11e-18 FLOPS = 4.80e+09 Tdav = 0.00 T = 0.03
 <-- Site =  154 .. Mmps =   15 Ndav =  11 E =   -175.2284487339 Error = 1.52e-17 FLOPS = 4.63e+09 Tdav = 0.00 T = 0.03
 <-- Site =  153 .. Mmps =   15 Ndav =  11 E =   -175.2284714978 Error = 1.45e-18 FLOPS = 4.83e+09 Tdav = 0.00 T = 0.03
 <-- Site =  152 .. Mmps =   15 Ndav =  11 E =   -175.2285612011 Error = 2.22e-18 FLOPS = 5.01e+09 Tdav = 0.00 T = 0.03
 <-- Site =  151 .. Mmps =   15 Ndav =  12 E =   -175.2286495010 Error = 1.88e-18 FLOPS = 4.95e+09 Tdav = 0.00 T = 0.06
 <-- Site =  150 .. Mmps =   15 Ndav =  12 E =   -175.2287555530 Error = 1.26e-17 FLOPS = 5.07e+09 Tdav = 0.00 T = 0.03
 <-- Site =  149 .. Mmps =   15 Ndav =  12 E =   -175.2287882780 Error = 1.49e-18 FLOPS = 5.21e+09 Tdav = 0.00 T = 0.03
 <-- Site =  148 .. Mmps =   15 Ndav =  12 E =   -175.2289813152 Error = 7.27e-18 FLOPS = 5.32e+09 Tdav = 0.00 T = 0.03
 <-- Site =  147 .. Mmps =   15 Ndav =  12 E =   -175.2290426288 Error = 4.25e-19 FLOPS = 5.45e+09 Tdav = 0.00 T = 0.03
 <-- Site =  146 .. Mmps =   15 Ndav =  12 E =   -175.2292506798 Error = 6.71e-18 FLOPS = 5.55e+09 Tdav = 0.00 T = 0.03
 <-- Site =  145 .. Mmps =   15 Ndav =  11 E =   -175.2292818587 Error = 2.63e-19 FLOPS = 5.89e+09 Tdav = 0.00 T = 0.04
 <-- Site =  144 .. Mmps =   15 Ndav =  11 E =   -175.2295455137 Error = 9.94e-19 FLOPS = 5.97e+09 Tdav = 0.00 T = 0.04
 <-- Site =  143 .. Mmps =   15 Ndav =  12 E =   -175.2295876967 Error = 3.49e-19 FLOPS = 5.85e+09 Tdav = 0.00 T = 0.04
 <-- Site =  142 .. Mmps =   15 Ndav =  11 E =   -175.2300153346 Error = 3.14e-17 FLOPS = 5.91e+09 Tdav = 0.00 T = 0.05
 <-- Site =  141 .. Mmps =   15 Ndav =  12 E =   -175.2300898336 Error = 2.80e-19 FLOPS = 5.63e+09 Tdav = 0.00 T = 0.04
 <-- Site =  140 .. Mmps =   15 Ndav =  10 E =   -175.2304302912 Error = 2.32e-17 FLOPS = 5.89e+09 Tdav = 0.00 T = 0.04
 <-- Site =  139 .. Mmps =   15 Ndav =  10 E =   -175.2305271366 Error = 8.81e-20 FLOPS = 5.97e+09 Tdav = 0.00 T = 0.04
 <-- Site =  138 .. Mmps =   15 Ndav =  13 E =   -175.2311375002 Error = 3.77e-18 FLOPS = 5.71e+09 Tdav = 0.00 T = 0.04
 <-- Site =  137 .. Mmps =   15 Ndav =  11 E =   -175.2311774051 Error = 5.57e-19 FLOPS = 6.03e+09 Tdav = 0.00 T = 0.09
 <-- Site =  136 .. Mmps =   15 Ndav =  12 E =   -175.2314482950 Error = 4.25e-18 FLOPS = 5.96e+09 Tdav = 0.00 T = 0.04
 <-- Site =  135 .. Mmps =   15 Ndav =  11 E =   -175.2314838485 Error = 5.52e-19 FLOPS = 6.18e+09 Tdav = 0.00 T = 0.04
 <-- Site =  134 .. Mmps =   15 Ndav =  12 E =   -175.2316650514 Error = 3.70e-17 FLOPS = 6.07e+09 Tdav = 0.00 T = 0.04
 <-- Site =  133 .. Mmps =   15 Ndav =  11 E =   -175.2316814587 Error = 2.23e-19 FLOPS = 6.28e+09 Tdav = 0.00 T = 0.04
 <-- Site =  132 .. Mmps =   15 Ndav =  12 E =   -175.2317551516 Error = 2.91e-17 FLOPS = 6.31e+09 Tdav = 0.00 T = 0.05
 <-- Site =  131 .. Mmps =   15 Ndav =  12 E =   -175.2317866632 Error = 1.90e-19 FLOPS = 6.71e+09 Tdav = 0.00 T = 0.04
 <-- Site =  130 .. Mmps =   15 Ndav =  12 E =   -175.2318381428 Error = 8.83e-19 FLOPS = 6.78e+09 Tdav = 0.00 T = 0.04
 <-- Site =  129 .. Mmps =   15 Ndav =  12 E =   -175.2318869802 Error = 8.55e-20 FLOPS = 6.82e+09 Tdav = 0.00 T = 0.04
 <-- Site =  128 .. Mmps =   15 Ndav =  11 E =   -175.2319418006 Error = 1.42e-19 FLOPS = 7.06e+09 Tdav = 0.00 T = 0.04
 <-- Site =  127 .. Mmps =   15 Ndav =  12 E =   -175.2320002442 Error = 7.53e-20 FLOPS = 6.64e+09 Tdav = 0.00 T = 0.05
 <-- Site =  126 .. Mmps =   15 Ndav =  13 E =   -175.2321160330 Error = 3.41e-19 FLOPS = 6.43e+09 Tdav = 0.00 T = 0.06
 <-- Site =  125 .. Mmps =   15 Ndav =   9 E =   -175.2321234738 Error = 6.16e-20 FLOPS = 7.34e+09 Tdav = 0.00 T = 0.05
 <-- Site =  124 .. Mmps =   15 Ndav =  10 E =   -175.2321704008 Error = 1.32e-16 FLOPS = 7.29e+09 Tdav = 0.00 T = 0.05
 <-- Site =  123 .. Mmps =   15 Ndav =  10 E =   -175.2321764274 Error = 1.36e-19 FLOPS = 7.35e+09 Tdav = 0.00 T = 0.05
 <-- Site =  122 .. Mmps =   15 Ndav =  11 E =   -175.2322773770 Error = 2.12e-17 FLOPS = 7.23e+09 Tdav = 0.00 T = 0.05
 <-- Site =  121 .. Mmps =   15 Ndav =  11 E =   -175.2322977293 Error = 2.33e-19 FLOPS = 7.22e+09 Tdav = 0.00 T = 0.06
 <-- Site =  120 .. Mmps =   15 Ndav =  11 E =   -175.2324489343 Error = 3.32e-18 FLOPS = 7.23e+09 Tdav = 0.00 T = 0.07
 <-- Site =  119 .. Mmps =   15 Ndav =  12 E =   -175.2325726730 Error = 9.59e-20 FLOPS = 7.06e+09 Tdav = 0.00 T = 0.07
 <-- Site =  118 .. Mmps =   15 Ndav =  13 E =   -175.2341192536 Error = 3.04e-18 FLOPS = 7.00e+09 Tdav = 0.00 T = 0.05
 <-- Site =  117 .. Mmps =   15 Ndav =  15 E =   -175.2346966309 Error = 3.08e-19 FLOPS = 6.68e+09 Tdav = 0.00 T = 0.06
 <-- Site =  116 .. Mmps =   15 Ndav =  14 E =   -175.2366177705 Error = 2.18e-18 FLOPS = 6.86e+09 Tdav = 0.00 T = 0.06
 <-- Site =  115 .. Mmps =   15 Ndav =  16 E =   -175.2372483850 Error = 1.39e-19 FLOPS = 6.55e+09 Tdav = 0.00 T = 0.08
 <-- Site =  114 .. Mmps =   15 Ndav =  14 E =   -175.2405411955 Error = 1.48e-16 FLOPS = 6.94e+09 Tdav = 0.00 T = 0.08
 <-- Site =  113 .. Mmps =   15 Ndav =  12 E =   -175.2409820628 Error = 7.85e-20 FLOPS = 7.31e+09 Tdav = 0.00 T = 0.07
 <-- Site =  112 .. Mmps =   15 Ndav =  15 E =   -175.2445415542 Error = 1.72e-17 FLOPS = 6.76e+09 Tdav = 0.00 T = 0.06
 <-- Site =  111 .. Mmps =   15 Ndav =  12 E =   -175.2446620345 Error = 7.65e-19 FLOPS = 7.24e+09 Tdav = 0.00 T = 0.06
 <-- Site =  110 .. Mmps =   15 Ndav =  13 E =   -175.2460833128 Error = 9.11e-17 FLOPS = 7.12e+09 Tdav = 0.00 T = 0.06
 <-- Site =  109 .. Mmps =   15 Ndav =  11 E =   -175.2461892552 Error = 9.23e-20 FLOPS = 7.46e+09 Tdav = 0.00 T = 0.09
 <-- Site =  108 .. Mmps =   15 Ndav =  13 E =   -175.2466168228 Error = 2.00e-17 FLOPS = 7.13e+09 Tdav = 0.00 T = 0.09
 <-- Site =  107 .. Mmps =   15 Ndav =  12 E =   -175.2466854405 Error = 4.13e-20 FLOPS = 7.28e+09 Tdav = 0.00 T = 0.07
 <-- Site =  106 .. Mmps =   15 Ndav =  14 E =   -175.2471644140 Error = 6.85e-19 FLOPS = 6.98e+09 Tdav = 0.00 T = 0.05
 <-- Site =  105 .. Mmps =   15 Ndav =  16 E =   -175.2473128379 Error = 9.51e-19 FLOPS = 6.68e+09 Tdav = 0.00 T = 0.06
 <-- Site =  104 .. Mmps =   15 Ndav =  14 E =   -175.2475950609 Error = 2.35e-18 FLOPS = 7.02e+09 Tdav = 0.00 T = 0.07
 <-- Site =  103 .. Mmps =   15 Ndav =  14 E =   -175.2478056519 Error = 1.51e-18 FLOPS = 7.02e+09 Tdav = 0.00 T = 0.08
 <-- Site =  102 .. Mmps =   15 Ndav =  12 E =   -175.2479829167 Error = 1.51e-17 FLOPS = 7.39e+09 Tdav = 0.00 T = 0.10
 <-- Site =  101 .. Mmps =   15 Ndav =  13 E =   -175.2481285294 Error = 1.10e-18 FLOPS = 7.21e+09 Tdav = 0.00 T = 0.06
 <-- Site =  100 .. Mmps =   15 Ndav =  13 E =   -175.2483927633 Error = 1.85e-17 FLOPS = 7.22e+09 Tdav = 0.00 T = 0.06
 <-- Site =   99 .. Mmps =   15 Ndav =  12 E =   -175.2484116403 Error = 5.02e-20 FLOPS = 6.98e+09 Tdav = 0.00 T = 0.06
 <-- Site =   98 .. Mmps =   15 Ndav =  11 E =   -175.2485748614 Error = 1.19e-18 FLOPS = 7.09e+09 Tdav = 0.00 T = 0.07
 <-- Site =   97 .. Mmps =   15 Ndav =  11 E =   -175.2485931709 Error = 2.80e-19 FLOPS = 7.18e+09 Tdav = 0.00 T = 0.08
 <-- Site =   96 .. Mmps =   15 Ndav =  12 E =   -175.2487087451 Error = 1.12e-17 FLOPS = 7.10e+09 Tdav = 0.00 T = 0.06
 <-- Site =   95 .. Mmps =   15 Ndav =  11 E =   -175.2487467086 Error = 1.22e-19 FLOPS = 7.23e+09 Tdav = 0.00 T = 0.06
 <-- Site =   94 .. Mmps =   15 Ndav =  12 E =   -175.2490070760 Error = 4.88e-18 FLOPS = 7.21e+09 Tdav = 0.00 T = 0.06
 <-- Site =   93 .. Mmps =   15 Ndav =  13 E =   -175.2491640092 Error = 2.72e-19 FLOPS = 7.16e+09 Tdav = 0.00 T = 0.06
 <-- Site =   92 .. Mmps =   15 Ndav =  13 E =   -175.2513466786 Error = 2.64e-17 FLOPS = 6.75e+09 Tdav = 0.00 T = 0.06
 <-- Site =   91 .. Mmps =   15 Ndav =  15 E =   -175.2518412995 Error = 2.54e-19 FLOPS = 6.51e+09 Tdav = 0.00 T = 0.07
 <-- Site =   90 .. Mmps =   15 Ndav =  14 E =   -175.2539866866 Error = 6.79e-17 FLOPS = 7.00e+09 Tdav = 0.00 T = 0.07
 <-- Site =   89 .. Mmps =   15 Ndav =  16 E =   -175.2548007602 Error = 4.02e-19 FLOPS = 6.77e+09 Tdav = 0.00 T = 0.07
 <-- Site =   88 .. Mmps =   15 Ndav =  16 E =   -175.2577822567 Error = 9.52e-18 FLOPS = 6.75e+09 Tdav = 0.00 T = 0.12
 <-- Site =   87 .. Mmps =   15 Ndav =  13 E =   -175.2591226951 Error = 6.45e-20 FLOPS = 7.24e+09 Tdav = 0.00 T = 0.06
 <-- Site =   86 .. Mmps =   15 Ndav =  14 E =   -175.2632331177 Error = 8.75e-18 FLOPS = 6.57e+09 Tdav = 0.00 T = 0.07
 <-- Site =   85 .. Mmps =   15 Ndav =  12 E =   -175.2634583700 Error = 9.58e-20 FLOPS = 6.96e+09 Tdav = 0.00 T = 0.06
 <-- Site =   84 .. Mmps =   15 Ndav =  13 E =   -175.2653672758 Error = 7.19e-17 FLOPS = 6.64e+09 Tdav = 0.00 T = 0.06
 <-- Site =   83 .. Mmps =   15 Ndav =  12 E =   -175.2654196542 Error = 3.93e-19 FLOPS = 6.87e+09 Tdav = 0.00 T = 0.07
 <-- Site =   82 .. Mmps =   15 Ndav =  13 E =   -175.2662306892 Error = 3.42e-17 FLOPS = 6.83e+09 Tdav = 0.00 T = 0.07
 <-- Site =   81 .. Mmps =   15 Ndav =  11 E =   -175.2663108061 Error = 6.24e-20 FLOPS = 6.90e+09 Tdav = 0.00 T = 0.06
 <-- Site =   80 .. Mmps =   15 Ndav =  14 E =   -175.2669155663 Error = 1.32e-17 FLOPS = 6.74e+09 Tdav = 0.00 T = 0.11
 <-- Site =   79 .. Mmps =   15 Ndav =  15 E =   -175.2671124287 Error = 7.14e-19 FLOPS = 6.56e+09 Tdav = 0.00 T = 0.06
 <-- Site =   78 .. Mmps =   15 Ndav =  14 E =   -175.2674268475 Error = 4.31e-18 FLOPS = 6.69e+09 Tdav = 0.00 T = 0.07
 <-- Site =   77 .. Mmps =   15 Ndav =  15 E =   -175.2676447512 Error = 8.39e-19 FLOPS = 6.58e+09 Tdav = 0.00 T = 0.06
 <-- Site =   76 .. Mmps =   15 Ndav =  12 E =   -175.2678210771 Error = 2.83e-17 FLOPS = 6.83e+09 Tdav = 0.00 T = 0.06
 <-- Site =   75 .. Mmps =   15 Ndav =  13 E =   -175.2679488177 Error = 1.87e-19 FLOPS = 6.82e+09 Tdav = 0.00 T = 0.06
 <-- Site =   74 .. Mmps =   15 Ndav =  12 E =   -175.2680797989 Error = 3.86e-18 FLOPS = 6.99e+09 Tdav = 0.00 T = 0.07
 <-- Site =   73 .. Mmps =   15 Ndav =  12 E =   -175.2680965528 Error = 8.10e-20 FLOPS = 6.94e+09 Tdav = 0.00 T = 0.06
 <-- Site =   72 .. Mmps =   15 Ndav =  12 E =   -175.2682578399 Error = 1.56e-16 FLOPS = 6.90e+09 Tdav = 0.00 T = 0.06
 <-- Site =   71 .. Mmps =   15 Ndav =  11 E =   -175.2682746607 Error = 4.02e-19 FLOPS = 7.07e+09 Tdav = 0.00 T = 0.06
 <-- Site =   70 .. Mmps =   15 Ndav =  12 E =   -175.2684210048 Error = 6.50e-19 FLOPS = 7.05e+09 Tdav = 0.00 T = 0.06
 <-- Site =   69 .. Mmps =   15 Ndav =  11 E =   -175.2684667036 Error = 7.58e-20 FLOPS = 7.18e+09 Tdav = 0.00 T = 0.06
 <-- Site =   68 .. Mmps =   15 Ndav =  12 E =   -175.2687421612 Error = 7.96e-17 FLOPS = 7.09e+09 Tdav = 0.00 T = 0.06
 <-- Site =   67 .. Mmps =   15 Ndav =  13 E =   -175.2688825009 Error = 1.16e-19 FLOPS = 6.89e+09 Tdav = 0.00 T = 0.06
 <-- Site =   66 .. Mmps =   15 Ndav =  13 E =   -175.2710734308 Error = 1.69e-18 FLOPS = 6.93e+09 Tdav = 0.00 T = 0.06
 <-- Site =   65 .. Mmps =   15 Ndav =  15 E =   -175.2715371905 Error = 8.54e-19 FLOPS = 6.67e+09 Tdav = 0.00 T = 0.06
 <-- Site =   64 .. Mmps =   15 Ndav =  14 E =   -175.2738054414 Error = 2.65e-18 FLOPS = 6.76e+09 Tdav = 0.00 T = 0.06
 <-- Site =   63 .. Mmps =   15 Ndav =  16 E =   -175.2747424232 Error = 3.08e-19 FLOPS = 6.57e+09 Tdav = 0.00 T = 0.06
 <-- Site =   62 .. Mmps =   15 Ndav =  15 E =   -175.2787578242 Error = 8.50e-17 FLOPS = 6.78e+09 Tdav = 0.00 T = 0.06
 <-- Site =   61 .. Mmps =   15 Ndav =  12 E =   -175.2798597102 Error = 7.48e-20 FLOPS = 7.32e+09 Tdav = 0.00 T = 0.05
 <-- Site =   60 .. Mmps =   15 Ndav =  14 E =   -175.2837474705 Error = 3.48e-18 FLOPS = 6.99e+09 Tdav = 0.00 T = 0.05
 <-- Site =   59 .. Mmps =   15 Ndav =  13 E =   -175.2839529078 Error = 1.30e-19 FLOPS = 7.13e+09 Tdav = 0.00 T = 0.05
 <-- Site =   58 .. Mmps =   15 Ndav =  13 E =   -175.2859988954 Error = 6.14e-18 FLOPS = 6.98e+09 Tdav = 0.00 T = 0.05
 <-- Site =   57 .. Mmps =   15 Ndav =  12 E =   -175.2860793105 Error = 7.45e-20 FLOPS = 6.74e+09 Tdav = 0.00 T = 0.05
 <-- Site =   56 .. Mmps =   15 Ndav =  13 E =   -175.2867634973 Error = 1.96e-18 FLOPS = 6.65e+09 Tdav = 0.00 T = 0.05
 <-- Site =   55 .. Mmps =   15 Ndav =  12 E =   -175.2868589605 Error = 7.35e-20 FLOPS = 6.77e+09 Tdav = 0.00 T = 0.05
 <-- Site =   54 .. Mmps =   15 Ndav =  15 E =   -175.2874838876 Error = 1.21e-17 FLOPS = 6.43e+09 Tdav = 0.00 T = 0.06
 <-- Site =   53 .. Mmps =   15 Ndav =  16 E =   -175.2876469849 Error = 2.23e-18 FLOPS = 6.25e+09 Tdav = 0.00 T = 0.06
 <-- Site =   52 .. Mmps =   15 Ndav =  14 E =   -175.2879685795 Error = 3.37e-18 FLOPS = 6.68e+09 Tdav = 0.00 T = 0.05
 <-- Site =   51 .. Mmps =   15 Ndav =  15 E =   -175.2882101251 Error = 3.28e-18 FLOPS = 6.67e+09 Tdav = 0.00 T = 0.05
 <-- Site =   50 .. Mmps =   15 Ndav =  12 E =   -175.2884320362 Error = 4.76e-17 FLOPS = 7.21e+09 Tdav = 0.00 T = 0.05
 <-- Site =   49 .. Mmps =   15 Ndav =  13 E =   -175.2884968241 Error = 4.46e-19 FLOPS = 6.97e+09 Tdav = 0.00 T = 0.05
 <-- Site =   48 .. Mmps =   15 Ndav =  13 E =   -175.2886801070 Error = 7.01e-18 FLOPS = 7.00e+09 Tdav = 0.00 T = 0.06
 <-- Site =   47 .. Mmps =   15 Ndav =  11 E =   -175.2887009986 Error = 2.35e-19 FLOPS = 7.31e+09 Tdav = 0.00 T = 0.05
 <-- Site =   46 .. Mmps =   15 Ndav =  11 E =   -175.2888313037 Error = 4.48e-17 FLOPS = 7.28e+09 Tdav = 0.00 T = 0.05
 <-- Site =   45 .. Mmps =   15 Ndav =  11 E =   -175.2888467842 Error = 2.43e-19 FLOPS = 7.30e+09 Tdav = 0.00 T = 0.05
 <-- Site =   44 .. Mmps =   15 Ndav =  12 E =   -175.2889465491 Error = 2.15e-18 FLOPS = 7.06e+09 Tdav = 0.00 T = 0.05
 <-- Site =   43 .. Mmps =   15 Ndav =  12 E =   -175.2889804545 Error = 9.61e-20 FLOPS = 7.02e+09 Tdav = 0.00 T = 0.05
 <-- Site =   42 .. Mmps =   15 Ndav =  12 E =   -175.2892291298 Error = 1.10e-16 FLOPS = 6.74e+09 Tdav = 0.00 T = 0.05
 <-- Site =   41 .. Mmps =   15 Ndav =  12 E =   -175.2893811594 Error = 5.85e-20 FLOPS = 6.72e+09 Tdav = 0.00 T = 0.05
 <-- Site =   40 .. Mmps =   15 Ndav =  13 E =   -175.2908233473 Error = 8.97e-18 FLOPS = 6.56e+09 Tdav = 0.00 T = 0.05
 <-- Site =   39 .. Mmps =   15 Ndav =  14 E =   -175.2913533154 Error = 5.69e-20 FLOPS = 6.42e+09 Tdav = 0.00 T = 0.05
 <-- Site =   38 .. Mmps =   15 Ndav =  14 E =   -175.2930622023 Error = 2.21e-17 FLOPS = 6.35e+09 Tdav = 0.00 T = 0.05
 <-- Site =   37 .. Mmps =   15 Ndav =  15 E =   -175.2934175244 Error = 7.39e-19 FLOPS = 6.21e+09 Tdav = 0.00 T = 0.04
 <-- Site =   36 .. Mmps =   15 Ndav =  14 E =   -175.2950160953 Error = 3.49e-17 FLOPS = 6.39e+09 Tdav = 0.00 T = 0.05
 <-- Site =   35 .. Mmps =   15 Ndav =  14 E =   -175.2955839781 Error = 9.18e-20 FLOPS = 6.34e+09 Tdav = 0.00 T = 0.04
 <-- Site =   34 .. Mmps =   15 Ndav =  15 E =   -175.2981270988 Error = 1.68e-16 FLOPS = 6.09e+09 Tdav = 0.00 T = 0.04
 <-- Site =   33 .. Mmps =   15 Ndav =  14 E =   -175.2983938910 Error = 8.74e-20 FLOPS = 6.21e+09 Tdav = 0.00 T = 0.04
 <-- Site =   32 .. Mmps =   15 Ndav =  15 E =   -175.2999608147 Error = 3.37e-18 FLOPS = 5.82e+09 Tdav = 0.00 T = 0.04
 <-- Site =   31 .. Mmps =   15 Ndav =  14 E =   -175.3001423818 Error = 9.76e-19 FLOPS = 6.04e+09 Tdav = 0.00 T = 0.04
 <-- Site =   30 .. Mmps =   15 Ndav =  14 E =   -175.3014964660 Error = 2.01e-17 FLOPS = 5.96e+09 Tdav = 0.00 T = 0.04
 <-- Site =   29 .. Mmps =   15 Ndav =  13 E =   -175.3015829545 Error = 3.27e-19 FLOPS = 6.07e+09 Tdav = 0.00 T = 0.04
 <-- Site =   28 .. Mmps =   15 Ndav =  13 E =   -175.3022014168 Error = 2.56e-17 FLOPS = 6.07e+09 Tdav = 0.00 T = 0.04
 <-- Site =   27 .. Mmps =   15 Ndav =  14 E =   -175.3023085689 Error = 5.92e-19 FLOPS = 5.76e+09 Tdav = 0.00 T = 0.04
 <-- Site =   26 .. Mmps =   15 Ndav =  12 E =   -175.3027732363 Error = 2.75e-17 FLOPS = 6.08e+09 Tdav = 0.00 T = 0.04
 <-- Site =   25 .. Mmps =   15 Ndav =  11 E =   -175.3028507457 Error = 5.64e-18 FLOPS = 5.80e+09 Tdav = 0.00 T = 0.04
 <-- Site =   24 .. Mmps =   15 Ndav =  12 E =   -175.3030902839 Error = 3.95e-18 FLOPS = 5.63e+09 Tdav = 0.00 T = 0.04
 <-- Site =   23 .. Mmps =   15 Ndav =  14 E =   -175.3033391894 Error = 2.55e-19 FLOPS = 5.21e+09 Tdav = 0.00 T = 0.09
 <-- Site =   22 .. Mmps =   15 Ndav =  13 E =   -175.3037653016 Error = 1.88e-17 FLOPS = 5.29e+09 Tdav = 0.00 T = 0.06
 <-- Site =   21 .. Mmps =   15 Ndav =  14 E =   -175.3042478861 Error = 1.05e-18 FLOPS = 5.01e+09 Tdav = 0.00 T = 0.03
 <-- Site =   20 .. Mmps =   15 Ndav =  14 E =   -175.3046414897 Error = 1.47e-17 FLOPS = 5.07e+09 Tdav = 0.00 T = 0.04
 <-- Site =   19 .. Mmps =   15 Ndav =  14 E =   -175.3049143996 Error = 2.00e-18 FLOPS = 4.96e+09 Tdav = 0.00 T = 0.04
 <-- Site =   18 .. Mmps =   15 Ndav =  14 E =   -175.3057444401 Error = 6.54e-18 FLOPS = 4.86e+09 Tdav = 0.00 T = 0.04
 <-- Site =   17 .. Mmps =   15 Ndav =  13 E =   -175.3059887873 Error = 2.45e-18 FLOPS = 4.92e+09 Tdav = 0.00 T = 0.04
 <-- Site =   16 .. Mmps =   15 Ndav =  14 E =   -175.3064793166 Error = 1.69e-17 FLOPS = 4.61e+09 Tdav = 0.00 T = 0.03
 <-- Site =   15 .. Mmps =   15 Ndav =  12 E =   -175.3065464618 Error = 1.85e-19 FLOPS = 4.88e+09 Tdav = 0.00 T = 0.04
 <-- Site =   14 .. Mmps =   15 Ndav =  12 E =   -175.3069172788 Error = 1.44e-18 FLOPS = 4.71e+09 Tdav = 0.00 T = 0.05
 <-- Site =   13 .. Mmps =   15 Ndav =  13 E =   -175.3070464583 Error = 1.48e-18 FLOPS = 4.38e+09 Tdav = 0.00 T = 0.03
 <-- Site =   12 .. Mmps =   15 Ndav =  12 E =   -175.3075525164 Error = 9.57e-17 FLOPS = 4.41e+09 Tdav = 0.00 T = 0.04
 <-- Site =   11 .. Mmps =   15 Ndav =  14 E =   -175.3082015635 Error = 1.65e-18 FLOPS = 3.87e+09 Tdav = 0.00 T = 0.03
 <-- Site =   10 .. Mmps =   15 Ndav =  13 E =   -175.3091809698 Error = 9.67e-17 FLOPS = 3.85e+09 Tdav = 0.00 T = 0.03
 <-- Site =    9 .. Mmps =   15 Ndav =  15 E =   -175.3095534045 Error = 5.16e-19 FLOPS = 3.31e+09 Tdav = 0.00 T = 0.03
 <-- Site =    8 .. Mmps =   15 Ndav =  12 E =   -175.3099266074 Error = 4.18e-18 FLOPS = 3.69e+09 Tdav = 0.00 T = 0.03
 <-- Site =    7 .. Mmps =   15 Ndav =  16 E =   -175.3101697371 Error = 2.05e-18 FLOPS = 2.66e+09 Tdav = 0.00 T = 0.04
 <-- Site =    6 .. Mmps =   15 Ndav =  12 E =   -175.3102568371 Error = 4.30e-19 FLOPS = 2.98e+09 Tdav = 0.00 T = 0.03
 <-- Site =    5 .. Mmps =   15 Ndav =  14 E =   -175.3102848126 Error = 4.55e-19 FLOPS = 2.48e+09 Tdav = 0.00 T = 0.03
 <-- Site =    4 .. Mmps =   15 Ndav =  11 E =   -175.3102939262 Error = 3.28e-17 FLOPS = 2.72e+09 Tdav = 0.00 T = 0.03
 <-- Site =    3 .. Mmps =   15 Ndav =   5 E =   -175.3102939427 Error = 3.48e-25 FLOPS = 1.27e+09 Tdav = 0.00 T = 0.03
 <-- Site =    2 .. Mmps =   15 Ndav =   1 E =   -175.3102939427 Error = 2.27e-56 FLOPS = 2.15e+08 Tdav = 0.00 T = 0.03
 <-- Site =    1 .. Mmps =   15 Ndav =   1 E =   -175.3102939427 Error = 1.15e-77 FLOPS = 1.15e+08 Tdav = 0.00 T = 0.03
 <-- Site =    0 .. Mmps =   15 Ndav =   1 E =   -175.3102939427 Error = 1.81e-101 FLOPS = 4.94e+07 Tdav = 0.00 T = 0.03
Time elapsed =    155.400 | E =    -175.3102939427 | DE = -8.18e-02 | DW = 1.67939e-16
Time sweep =        8.560 | 1.51 GFLOP/SWP
 | Dmem = 102 KB (3%) | Imem = 232 B (79%) | Hmem = 485 KB | Wmem = 3.52 KB | Pmem = 3.52 KB
 | Tread = 0.177 | Twrite = 0.890 | Tfpread = 0.031 | Tfpwrite = 0.020 | Tmporead = 0.000 | Tasync = 0.000
 | data = 11.1 MB | cpsd = 7.63 MB
 | Trot = 0.027 | Tctr = 0.408 | Tint = 0.007 | Tmid = 0.000 | Tdctr = 0.006 | Tdiag = 0.018 | Tinfo = 0.320
 | Teff = 2.083 | Tprt = 0.146 | Teig = 0.252 | Tblk = 6.250 | Tmve = 2.301 | Tdm = 0.002 | Tsplt = 0.017 | Tsvd = 0.000 | Torth = 0.000

Sweep =    2 | Direction =  forward | Bond dimension =   15 | Noise =  1.00e-04 | Dav threshold =  1.00e-10
 --> Site =    0 .. Mmps =    2 Ndav =   1 E =   -175.3102939427 Error = 0.00e+00 FLOPS = 5.89e+07 Tdav = 0.00 T = 0.02
 --> Site =    1 .. Mmps =    4 Ndav =   1 E =   -175.3102939427 Error = 0.00e+00 FLOPS = 1.34e+08 Tdav = 0.00 T = 0.03
 --> Site =    2 .. Mmps =    8 Ndav =   1 E =   -175.3102939427 Error = 0.00e+00 FLOPS = 3.47e+08 Tdav = 0.00 T = 0.03
 --> Site =    3 .. Mmps =   15 Ndav =   1 E =   -175.3102939427 Error = 0.00e+00 FLOPS = 8.75e+08 Tdav = 0.00 T = 0.03
 --> Site =    4 .. Mmps =   15 Ndav =   2 E =   -175.3102939428 Error = 1.01e-20 FLOPS = 2.53e+09 Tdav = 0.00 T = 0.03
 --> Site =    5 .. Mmps =   15 Ndav =   6 E =   -175.3102939545 Error = 4.97e-19 FLOPS = 3.78e+09 Tdav = 0.00 T = 0.03
 --> Site =    6 .. Mmps =   15 Ndav =   7 E =   -175.3102942205 Error = 1.68e-19 FLOPS = 3.93e+09 Tdav = 0.00 T = 0.03
 --> Site =    7 .. Mmps =   15 Ndav =  11 E =   -175.3102952944 Error = 5.69e-19 FLOPS = 3.64e+09 Tdav = 0.00 T = 0.03
 --> Site =    8 .. Mmps =   15 Ndav =  10 E =   -175.3103086766 Error = 3.94e-19 FLOPS = 4.01e+09 Tdav = 0.00 T = 0.04
 --> Site =    9 .. Mmps =   15 Ndav =  12 E =   -175.3103126627 Error = 3.04e-19 FLOPS = 3.88e+09 Tdav = 0.00 T = 0.03
 --> Site =   10 .. Mmps =   15 Ndav =  11 E =   -175.3103805151 Error = 7.90e-19 FLOPS = 4.24e+09 Tdav = 0.00 T = 0.03
 --> Site =   11 .. Mmps =   15 Ndav =  12 E =   -175.3103866389 Error = 1.82e-19 FLOPS = 4.25e+09 Tdav = 0.00 T = 0.03
 --> Site =   12 .. Mmps =   15 Ndav =   8 E =   -175.3103918352 Error = 3.37e-18 FLOPS = 5.06e+09 Tdav = 0.00 T = 0.03
 --> Site =   13 .. Mmps =   15 Ndav =  10 E =   -175.3103932121 Error = 6.23e-18 FLOPS = 4.92e+09 Tdav = 0.00 T = 0.03
 --> Site =   14 .. Mmps =   15 Ndav =  12 E =   -175.3104434533 Error = 1.99e-18 FLOPS = 4.75e+09 Tdav = 0.00 T = 0.03
 --> Site =   15 .. Mmps =   15 Ndav =  11 E =   -175.3104486580 Error = 1.33e-18 FLOPS = 5.08e+09 Tdav = 0.00 T = 0.03
 --> Site =   16 .. Mmps =   15 Ndav =  12 E =   -175.3105629658 Error = 1.70e-18 FLOPS = 4.98e+09 Tdav = 0.00 T = 0.03
 --> Site =   17 .. Mmps =   15 Ndav =  12 E =   -175.3105759383 Error = 1.38e-18 FLOPS = 5.12e+09 Tdav = 0.00 T = 0.03
 --> Site =   18 .. Mmps =   15 Ndav =  12 E =   -175.3106515891 Error = 4.45e-18 FLOPS = 4.93e+09 Tdav = 0.00 T = 0.03
 --> Site =   19 .. Mmps =   15 Ndav =  12 E =   -175.3106718720 Error = 3.43e-18 FLOPS = 5.11e+09 Tdav = 0.00 T = 0.03
 --> Site =   20 .. Mmps =   15 Ndav =  12 E =   -175.3107483172 Error = 1.17e-18 FLOPS = 5.16e+09 Tdav = 0.00 T = 0.03
 --> Site =   21 .. Mmps =   15 Ndav =  11 E =   -175.3107581897 Error = 2.35e-18 FLOPS = 5.46e+09 Tdav = 0.00 T = 0.04
 --> Site =   22 .. Mmps =   15 Ndav =  12 E =   -175.3108340888 Error = 3.20e-18 FLOPS = 5.37e+09 Tdav = 0.00 T = 0.06
 --> Site =   23 .. Mmps =   15 Ndav =  11 E =   -175.3108569847 Error = 2.32e-18 FLOPS = 5.71e+09 Tdav = 0.00 T = 0.05
 --> Site =   24 .. Mmps =   15 Ndav =  11 E =   -175.3109346667 Error = 1.51e-18 FLOPS = 6.01e+09 Tdav = 0.00 T = 0.03
 --> Site =   25 .. Mmps =   15 Ndav =  10 E =   -175.3109393598 Error = 7.02e-19 FLOPS = 6.31e+09 Tdav = 0.00 T = 0.04
 --> Site =   26 .. Mmps =   15 Ndav =   9 E =   -175.3109684844 Error = 1.54e-18 FLOPS = 6.57e+09 Tdav = 0.00 T = 0.04
 --> Site =   27 .. Mmps =   15 Ndav =  12 E =   -175.3109842541 Error = 1.63e-18 FLOPS = 6.11e+09 Tdav = 0.00 T = 0.05
 --> Site =   28 .. Mmps =   15 Ndav =  11 E =   -175.3110179044 Error = 1.71e-18 FLOPS = 6.27e+09 Tdav = 0.00 T = 0.04
 --> Site =   29 .. Mmps =   15 Ndav =   9 E =   -175.3110212020 Error = 5.29e-19 FLOPS = 6.84e+09 Tdav = 0.00 T = 0.06
 --> Site =   30 .. Mmps =   15 Ndav =  12 E =   -175.3111430885 Error = 6.62e-18 FLOPS = 6.33e+09 Tdav = 0.00 T = 0.05
 --> Site =   31 .. Mmps =   15 Ndav =  11 E =   -175.3111462369 Error = 9.37e-19 FLOPS = 6.59e+09 Tdav = 0.00 T = 0.05
 --> Site =   32 .. Mmps =   15 Ndav =  12 E =   -175.3112050507 Error = 9.66e-19 FLOPS = 6.46e+09 Tdav = 0.00 T = 0.05
 --> Site =   33 .. Mmps =   15 Ndav =  11 E =   -175.3112149779 Error = 1.43e-18 FLOPS = 6.73e+09 Tdav = 0.00 T = 0.05
 --> Site =   34 .. Mmps =   15 Ndav =  10 E =   -175.3112705825 Error = 1.58e-18 FLOPS = 6.98e+09 Tdav = 0.00 T = 0.05
 --> Site =   35 .. Mmps =   15 Ndav =  10 E =   -175.3112744347 Error = 1.57e-18 FLOPS = 6.65e+09 Tdav = 0.00 T = 0.05
 --> Site =   36 .. Mmps =   15 Ndav =  11 E =   -175.3112988913 Error = 3.18e-18 FLOPS = 6.60e+09 Tdav = 0.00 T = 0.04
 --> Site =   37 .. Mmps =   15 Ndav =  12 E =   -175.3113103152 Error = 1.39e-18 FLOPS = 6.51e+09 Tdav = 0.00 T = 0.04
 --> Site =   38 .. Mmps =   15 Ndav =  11 E =   -175.3113452698 Error = 2.00e-18 FLOPS = 6.72e+09 Tdav = 0.00 T = 0.04
 --> Site =   39 .. Mmps =   15 Ndav =  11 E =   -175.3113535086 Error = 2.73e-18 FLOPS = 6.76e+09 Tdav = 0.00 T = 0.04
 --> Site =   40 .. Mmps =   15 Ndav =  12 E =   -175.3114267804 Error = 4.74e-18 FLOPS = 6.71e+09 Tdav = 0.00 T = 0.04
 --> Site =   41 .. Mmps =   15 Ndav =  10 E =   -175.3114305574 Error = 3.31e-19 FLOPS = 7.25e+09 Tdav = 0.00 T = 0.04
 --> Site =   42 .. Mmps =   15 Ndav =  11 E =   -175.3114733342 Error = 1.93e-18 FLOPS = 7.16e+09 Tdav = 0.00 T = 0.08
 --> Site =   43 .. Mmps =   15 Ndav =  10 E =   -175.3114744684 Error = 1.28e-18 FLOPS = 7.06e+09 Tdav = 0.00 T = 0.04
 --> Site =   44 .. Mmps =   15 Ndav =  11 E =   -175.3115305308 Error = 4.78e-18 FLOPS = 7.19e+09 Tdav = 0.00 T = 0.05
 --> Site =   45 .. Mmps =   15 Ndav =   9 E =   -175.3115317827 Error = 1.14e-18 FLOPS = 7.48e+09 Tdav = 0.00 T = 0.05
 --> Site =   46 .. Mmps =   15 Ndav =  11 E =   -175.3115565300 Error = 1.17e-18 FLOPS = 7.26e+09 Tdav = 0.00 T = 0.05
 --> Site =   47 .. Mmps =   15 Ndav =   8 E =   -175.3115574263 Error = 1.78e-18 FLOPS = 7.62e+09 Tdav = 0.00 T = 0.05
 --> Site =   48 .. Mmps =   15 Ndav =  11 E =   -175.3115806925 Error = 2.38e-18 FLOPS = 7.37e+09 Tdav = 0.00 T = 0.05
 --> Site =   49 .. Mmps =   15 Ndav =  12 E =   -175.3115908435 Error = 1.41e-18 FLOPS = 7.19e+09 Tdav = 0.00 T = 0.04
 --> Site =   50 .. Mmps =   15 Ndav =  11 E =   -175.3116073785 Error = 2.01e-18 FLOPS = 7.07e+09 Tdav = 0.00 T = 0.05
 --> Site =   51 .. Mmps =   15 Ndav =  14 E =   -175.3116183166 Error = 2.15e-18 FLOPS = 6.66e+09 Tdav = 0.00 T = 0.05
 --> Site =   52 .. Mmps =   15 Ndav =  10 E =   -175.3116306525 Error = 1.71e-18 FLOPS = 7.22e+09 Tdav = 0.00 T = 0.05
 --> Site =   53 .. Mmps =   15 Ndav =  16 E =   -175.3116363998 Error = 1.12e-18 FLOPS = 6.40e+09 Tdav = 0.00 T = 0.05
 --> Site =   54 .. Mmps =   15 Ndav =  10 E =   -175.3116812938 Error = 9.26e-18 FLOPS = 7.24e+09 Tdav = 0.00 T = 0.05
 --> Site =   55 .. Mmps =   15 Ndav =  10 E =   -175.3116961560 Error = 1.34e-18 FLOPS = 7.37e+09 Tdav = 0.00 T = 0.05
 --> Site =   56 .. Mmps =   15 Ndav =   9 E =   -175.3117130141 Error = 4.76e-19 FLOPS = 7.67e+09 Tdav = 0.00 T = 0.05
 --> Site =   57 .. Mmps =   15 Ndav =  10 E =   -175.3117162855 Error = 2.47e-18 FLOPS = 7.55e+09 Tdav = 0.00 T = 0.05
 --> Site =   58 .. Mmps =   15 Ndav =  10 E =   -175.3117326455 Error = 1.06e-18 FLOPS = 7.60e+09 Tdav = 0.00 T = 0.05
 --> Site =   59 .. Mmps =   15 Ndav =   9 E =   -175.3117343893 Error = 1.00e-18 FLOPS = 7.64e+09 Tdav = 0.00 T = 0.05
 --> Site =   60 .. Mmps =   15 Ndav =  10 E =   -175.3117560813 Error = 2.69e-18 FLOPS = 7.64e+09 Tdav = 0.00 T = 0.05
 --> Site =   61 .. Mmps =   15 Ndav =  11 E =   -175.3117729124 Error = 1.18e-18 FLOPS = 7.52e+09 Tdav = 0.00 T = 0.05
 --> Site =   62 .. Mmps =   15 Ndav =  12 E =   -175.3118208429 Error = 5.01e-19 FLOPS = 7.36e+09 Tdav = 0.00 T = 0.05
 --> Site =   63 .. Mmps =   15 Ndav =  15 E =   -175.3118828068 Error = 8.04e-19 FLOPS = 6.89e+09 Tdav = 0.00 T = 0.05
 --> Site =   64 .. Mmps =   15 Ndav =  12 E =   -175.3119624742 Error = 1.27e-17 FLOPS = 7.41e+09 Tdav = 0.00 T = 0.05
 --> Site =   65 .. Mmps =   15 Ndav =  12 E =   -175.3119821110 Error = 1.16e-18 FLOPS = 7.33e+09 Tdav = 0.00 T = 0.05
 --> Site =   66 .. Mmps =   15 Ndav =  12 E =   -175.3121485970 Error = 2.98e-18 FLOPS = 7.10e+09 Tdav = 0.00 T = 0.06
 --> Site =   67 .. Mmps =   15 Ndav =  11 E =   -175.3121545709 Error = 9.46e-19 FLOPS = 7.25e+09 Tdav = 0.00 T = 0.05
 --> Site =   68 .. Mmps =   15 Ndav =  11 E =   -175.3122331363 Error = 1.62e-18 FLOPS = 7.25e+09 Tdav = 0.00 T = 0.06
 --> Site =   69 .. Mmps =   15 Ndav =   8 E =   -175.3122347502 Error = 9.86e-19 FLOPS = 7.42e+09 Tdav = 0.00 T = 0.05
 --> Site =   70 .. Mmps =   15 Ndav =  11 E =   -175.3123064117 Error = 2.87e-19 FLOPS = 7.50e+09 Tdav = 0.00 T = 0.05
 --> Site =   71 .. Mmps =   15 Ndav =   9 E =   -175.3123105527 Error = 3.01e-19 FLOPS = 7.79e+09 Tdav = 0.00 T = 0.05
 --> Site =   72 .. Mmps =   15 Ndav =  11 E =   -175.3123597683 Error = 1.25e-18 FLOPS = 7.52e+09 Tdav = 0.00 T = 0.05
 --> Site =   73 .. Mmps =   15 Ndav =   8 E =   -175.3123611343 Error = 1.48e-18 FLOPS = 7.84e+09 Tdav = 0.00 T = 0.08
 --> Site =   74 .. Mmps =   15 Ndav =  11 E =   -175.3124100390 Error = 2.97e-19 FLOPS = 7.59e+09 Tdav = 0.00 T = 0.05
 --> Site =   75 .. Mmps =   15 Ndav =  10 E =   -175.3124125047 Error = 1.84e-18 FLOPS = 7.70e+09 Tdav = 0.00 T = 0.05
 --> Site =   76 .. Mmps =   15 Ndav =  12 E =   -175.3124563577 Error = 1.85e-18 FLOPS = 7.40e+09 Tdav = 0.00 T = 0.05
 --> Site =   77 .. Mmps =   15 Ndav =  14 E =   -175.3124731313 Error = 2.20e-18 FLOPS = 7.03e+09 Tdav = 0.00 T = 0.05
 --> Site =   78 .. Mmps =   15 Ndav =  10 E =   -175.3124925094 Error = 6.49e-19 FLOPS = 7.63e+09 Tdav = 0.00 T = 0.05
 --> Site =   79 .. Mmps =   15 Ndav =  16 E =   -175.3125004047 Error = 3.18e-19 FLOPS = 6.54e+09 Tdav = 0.00 T = 0.05
 --> Site =   80 .. Mmps =   15 Ndav =  11 E =   -175.3125467381 Error = 2.01e-18 FLOPS = 7.23e+09 Tdav = 0.00 T = 0.05
 --> Site =   81 .. Mmps =   15 Ndav =   9 E =   -175.3125595459 Error = 6.23e-21 FLOPS = 7.40e+09 Tdav = 0.00 T = 0.05
 --> Site =   82 .. Mmps =   15 Ndav =  10 E =   -175.3125840341 Error = 8.89e-19 FLOPS = 7.36e+09 Tdav = 0.00 T = 0.05
 --> Site =   83 .. Mmps =   15 Ndav =  10 E =   -175.3125886706 Error = 8.52e-19 FLOPS = 7.43e+09 Tdav = 0.00 T = 0.05
 --> Site =   84 .. Mmps =   15 Ndav =  10 E =   -175.3126063958 Error = 1.57e-18 FLOPS = 7.60e+09 Tdav = 0.00 T = 0.05
 --> Site =   85 .. Mmps =   15 Ndav =  11 E =   -175.3126092782 Error = 7.88e-19 FLOPS = 7.55e+09 Tdav = 0.00 T = 0.06
 --> Site =   86 .. Mmps =   15 Ndav =  11 E =   -175.3126425947 Error = 5.48e-19 FLOPS = 7.58e+09 Tdav = 0.00 T = 0.05
 --> Site =   87 .. Mmps =   15 Ndav =  10 E =   -175.3126478121 Error = 1.24e-19 FLOPS = 7.69e+09 Tdav = 0.00 T = 0.05
 --> Site =   88 .. Mmps =   15 Ndav =  12 E =   -175.3126969017 Error = 4.08e-19 FLOPS = 7.40e+09 Tdav = 0.00 T = 0.05
 --> Site =   89 .. Mmps =   15 Ndav =  14 E =   -175.3127544284 Error = 1.22e-18 FLOPS = 7.11e+09 Tdav = 0.00 T = 0.06
 --> Site =   90 .. Mmps =   15 Ndav =  12 E =   -175.3128479750 Error = 4.49e-18 FLOPS = 7.48e+09 Tdav = 0.00 T = 0.05
 --> Site =   91 .. Mmps =   15 Ndav =  12 E =   -175.3128684650 Error = 1.83e-18 FLOPS = 7.42e+09 Tdav = 0.00 T = 0.05
 --> Site =   92 .. Mmps =   15 Ndav =  12 E =   -175.3130381020 Error = 2.14e-18 FLOPS = 7.16e+09 Tdav = 0.00 T = 0.05
 --> Site =   93 .. Mmps =   15 Ndav =  11 E =   -175.3130438620 Error = 1.79e-18 FLOPS = 7.22e+09 Tdav = 0.00 T = 0.06
 --> Site =   94 .. Mmps =   15 Ndav =  12 E =   -175.3131244228 Error = 2.58e-18 FLOPS = 7.12e+09 Tdav = 0.00 T = 0.07
 --> Site =   95 .. Mmps =   15 Ndav =   8 E =   -175.3131259600 Error = 1.20e-18 FLOPS = 7.41e+09 Tdav = 0.00 T = 0.05
 --> Site =   96 .. Mmps =   15 Ndav =  11 E =   -175.3131980668 Error = 1.30e-18 FLOPS = 7.28e+09 Tdav = 0.00 T = 0.05
 --> Site =   97 .. Mmps =   15 Ndav =   9 E =   -175.3132029674 Error = 1.09e-18 FLOPS = 7.74e+09 Tdav = 0.00 T = 0.05
 --> Site =   98 .. Mmps =   15 Ndav =  11 E =   -175.3132467927 Error = 4.95e-19 FLOPS = 7.53e+09 Tdav = 0.00 T = 0.07
 --> Site =   99 .. Mmps =   15 Ndav =   9 E =   -175.3132485192 Error = 1.17e-18 FLOPS = 7.79e+09 Tdav = 0.00 T = 0.07
 --> Site =  100 .. Mmps =   15 Ndav =  11 E =   -175.3132900907 Error = 1.02e-18 FLOPS = 7.59e+09 Tdav = 0.00 T = 0.05
 --> Site =  101 .. Mmps =   15 Ndav =  12 E =   -175.3133095870 Error = 1.21e-18 FLOPS = 7.40e+09 Tdav = 0.00 T = 0.05
 --> Site =  102 .. Mmps =   15 Ndav =  12 E =   -175.3133522315 Error = 1.88e-18 FLOPS = 7.41e+09 Tdav = 0.00 T = 0.05
 --> Site =  103 .. Mmps =   15 Ndav =  15 E =   -175.3133692716 Error = 3.72e-18 FLOPS = 6.82e+09 Tdav = 0.00 T = 0.05
 --> Site =  104 .. Mmps =   15 Ndav =  10 E =   -175.3133813756 Error = 1.05e-18 FLOPS = 7.27e+09 Tdav = 0.00 T = 0.07
 --> Site =  105 .. Mmps =   15 Ndav =  16 E =   -175.3133915436 Error = 1.80e-18 FLOPS = 6.50e+09 Tdav = 0.00 T = 0.06
 --> Site =  106 .. Mmps =   15 Ndav =  10 E =   -175.3134330219 Error = 5.35e-19 FLOPS = 7.29e+09 Tdav = 0.00 T = 0.05
 --> Site =  107 .. Mmps =   15 Ndav =   8 E =   -175.3134443718 Error = 1.64e-18 FLOPS = 7.37e+09 Tdav = 0.00 T = 0.05
 --> Site =  108 .. Mmps =   15 Ndav =  10 E =   -175.3134602210 Error = 1.85e-19 FLOPS = 7.41e+09 Tdav = 0.00 T = 0.05
 --> Site =  109 .. Mmps =   15 Ndav =  10 E =   -175.3134679708 Error = 3.30e-19 FLOPS = 7.55e+09 Tdav = 0.00 T = 0.05
 --> Site =  110 .. Mmps =   15 Ndav =  10 E =   -175.3134865865 Error = 1.68e-18 FLOPS = 7.60e+09 Tdav = 0.00 T = 0.06
 --> Site =  111 .. Mmps =   15 Ndav =  10 E =   -175.3134905865 Error = 7.94e-19 FLOPS = 7.57e+09 Tdav = 0.00 T = 0.05
 --> Site =  112 .. Mmps =   15 Ndav =  10 E =   -175.3135139266 Error = 9.57e-19 FLOPS = 7.55e+09 Tdav = 0.00 T = 0.05
 --> Site =  113 .. Mmps =   15 Ndav =  10 E =   -175.3135247608 Error = 1.56e-18 FLOPS = 7.60e+09 Tdav = 0.00 T = 0.05
 --> Site =  114 .. Mmps =   15 Ndav =  12 E =   -175.3135903362 Error = 2.86e-18 FLOPS = 7.33e+09 Tdav = 0.00 T = 0.05
 --> Site =  115 .. Mmps =   15 Ndav =  13 E =   -175.3136276902 Error = 3.61e-19 FLOPS = 7.08e+09 Tdav = 0.00 T = 0.05
 --> Site =  116 .. Mmps =   15 Ndav =  11 E =   -175.3137138210 Error = 1.24e-17 FLOPS = 7.36e+09 Tdav = 0.00 T = 0.05
 --> Site =  117 .. Mmps =   15 Ndav =  12 E =   -175.3137334536 Error = 1.06e-18 FLOPS = 6.92e+09 Tdav = 0.00 T = 0.07
 --> Site =  118 .. Mmps =   15 Ndav =  12 E =   -175.3138943490 Error = 1.07e-18 FLOPS = 6.92e+09 Tdav = 0.00 T = 0.05
 --> Site =  119 .. Mmps =   15 Ndav =  10 E =   -175.3138977831 Error = 5.93e-19 FLOPS = 7.12e+09 Tdav = 0.00 T = 0.05
 --> Site =  120 .. Mmps =   15 Ndav =  11 E =   -175.3139581147 Error = 1.66e-18 FLOPS = 6.99e+09 Tdav = 0.00 T = 0.05
 --> Site =  121 .. Mmps =   15 Ndav =   9 E =   -175.3139597223 Error = 2.41e-18 FLOPS = 7.32e+09 Tdav = 0.00 T = 0.05
 --> Site =  122 .. Mmps =   15 Ndav =  11 E =   -175.3140102694 Error = 9.78e-19 FLOPS = 7.25e+09 Tdav = 0.00 T = 0.04
 --> Site =  123 .. Mmps =   15 Ndav =   9 E =   -175.3140115387 Error = 1.33e-18 FLOPS = 7.49e+09 Tdav = 0.00 T = 0.05
 --> Site =  124 .. Mmps =   15 Ndav =  11 E =   -175.3140401116 Error = 2.59e-18 FLOPS = 7.15e+09 Tdav = 0.00 T = 0.04
 --> Site =  125 .. Mmps =   15 Ndav =   9 E =   -175.3140416675 Error = 6.26e-21 FLOPS = 7.45e+09 Tdav = 0.00 T = 0.05
 --> Site =  126 .. Mmps =   15 Ndav =  11 E =   -175.3140820874 Error = 3.13e-18 FLOPS = 7.20e+09 Tdav = 0.00 T = 0.04
 --> Site =  127 .. Mmps =   15 Ndav =  11 E =   -175.3141044567 Error = 1.11e-18 FLOPS = 7.10e+09 Tdav = 0.00 T = 0.04
 --> Site =  128 .. Mmps =   15 Ndav =  12 E =   -175.3141206854 Error = 1.36e-19 FLOPS = 6.87e+09 Tdav = 0.00 T = 0.05
 --> Site =  129 .. Mmps =   15 Ndav =  12 E =   -175.3141286358 Error = 5.10e-19 FLOPS = 6.87e+09 Tdav = 0.00 T = 0.04
 --> Site =  130 .. Mmps =   15 Ndav =   9 E =   -175.3141307784 Error = 2.49e-19 FLOPS = 7.23e+09 Tdav = 0.00 T = 0.04
 --> Site =  131 .. Mmps =   15 Ndav =  11 E =   -175.3141343659 Error = 9.54e-19 FLOPS = 6.56e+09 Tdav = 0.00 T = 0.04
 --> Site =  132 .. Mmps =   15 Ndav =   9 E =   -175.3141413139 Error = 6.81e-19 FLOPS = 6.78e+09 Tdav = 0.00 T = 0.04
 --> Site =  133 .. Mmps =   15 Ndav =  10 E =   -175.3141446459 Error = 8.25e-19 FLOPS = 6.64e+09 Tdav = 0.00 T = 0.04
 --> Site =  134 .. Mmps =   15 Ndav =  10 E =   -175.3141530530 Error = 7.61e-19 FLOPS = 6.50e+09 Tdav = 0.00 T = 0.04
 --> Site =  135 .. Mmps =   15 Ndav =  11 E =   -175.3141696789 Error = 1.06e-18 FLOPS = 6.39e+09 Tdav = 0.00 T = 0.06
 --> Site =  136 .. Mmps =   15 Ndav =  11 E =   -175.3142226315 Error = 3.37e-19 FLOPS = 6.35e+09 Tdav = 0.00 T = 0.05
 --> Site =  137 .. Mmps =   15 Ndav =  10 E =   -175.3142331402 Error = 2.56e-19 FLOPS = 6.60e+09 Tdav = 0.00 T = 0.04
 --> Site =  138 .. Mmps =   15 Ndav =  11 E =   -175.3142607977 Error = 3.49e-18 FLOPS = 6.49e+09 Tdav = 0.00 T = 0.04
 --> Site =  139 .. Mmps =   15 Ndav =  11 E =   -175.3143230167 Error = 1.28e-18 FLOPS = 6.39e+09 Tdav = 0.00 T = 0.04
 --> Site =  140 .. Mmps =   15 Ndav =  11 E =   -175.3143665352 Error = 2.60e-18 FLOPS = 6.23e+09 Tdav = 0.00 T = 0.03
 --> Site =  141 .. Mmps =   15 Ndav =  11 E =   -175.3143798399 Error = 4.89e-18 FLOPS = 6.20e+09 Tdav = 0.00 T = 0.04
 --> Site =  142 .. Mmps =   15 Ndav =  10 E =   -175.3144359246 Error = 9.65e-18 FLOPS = 6.34e+09 Tdav = 0.00 T = 0.04
 --> Site =  143 .. Mmps =   15 Ndav =   9 E =   -175.3144388002 Error = 6.33e-19 FLOPS = 6.37e+09 Tdav = 0.00 T = 0.06
 --> Site =  144 .. Mmps =   15 Ndav =  10 E =   -175.3144641612 Error = 1.16e-18 FLOPS = 6.14e+09 Tdav = 0.00 T = 0.04
 --> Site =  145 .. Mmps =   15 Ndav =  10 E =   -175.3144691068 Error = 8.93e-19 FLOPS = 6.05e+09 Tdav = 0.00 T = 0.04
 --> Site =  146 .. Mmps =   15 Ndav =  12 E =   -175.3145083125 Error = 1.88e-18 FLOPS = 5.57e+09 Tdav = 0.00 T = 0.03
 --> Site =  147 .. Mmps =   15 Ndav =  11 E =   -175.3145181805 Error = 4.46e-18 FLOPS = 5.61e+09 Tdav = 0.00 T = 0.03
 --> Site =  148 .. Mmps =   15 Ndav =  12 E =   -175.3146079683 Error = 4.10e-18 FLOPS = 5.07e+09 Tdav = 0.00 T = 0.03
 --> Site =  149 .. Mmps =   15 Ndav =  12 E =   -175.3146218499 Error = 2.20e-18 FLOPS = 4.99e+09 Tdav = 0.00 T = 0.03
 --> Site =  150 .. Mmps =   15 Ndav =  13 E =   -175.3146790930 Error = 1.03e-18 FLOPS = 4.70e+09 Tdav = 0.00 T = 0.04
 --> Site =  151 .. Mmps =   15 Ndav =   9 E =   -175.3146901298 Error = 3.08e-18 FLOPS = 5.14e+09 Tdav = 0.00 T = 0.03
 --> Site =  152 .. Mmps =   15 Ndav =  10 E =   -175.3147154085 Error = 1.85e-18 FLOPS = 5.01e+09 Tdav = 0.00 T = 0.03
 --> Site =  153 .. Mmps =   15 Ndav =  10 E =   -175.3147202399 Error = 1.02e-18 FLOPS = 4.85e+09 Tdav = 0.00 T = 0.03
 --> Site =  154 .. Mmps =   15 Ndav =  11 E =   -175.3147447154 Error = 2.84e-18 FLOPS = 4.48e+09 Tdav = 0.00 T = 0.03
 --> Site =  155 .. Mmps =   15 Ndav =  10 E =   -175.3147470786 Error = 2.06e-18 FLOPS = 4.61e+09 Tdav = 0.00 T = 0.04
 --> Site =  156 .. Mmps =   15 Ndav =   9 E =   -175.3147509790 Error = 2.12e-17 FLOPS = 4.78e+09 Tdav = 0.00 T = 0.03
 --> Site =  157 .. Mmps =   15 Ndav =   9 E =   -175.3147531422 Error = 4.28e-18 FLOPS = 4.63e+09 Tdav = 0.00 T = 0.03
 --> Site =  158 .. Mmps =   15 Ndav =  10 E =   -175.3147604561 Error = 1.96e-18 FLOPS = 4.23e+09 Tdav = 0.00 T = 0.03
 --> Site =  159 .. Mmps =   15 Ndav =  10 E =   -175.3147716058 Error = 1.69e-18 FLOPS = 4.06e+09 Tdav = 0.00 T = 0.03
 --> Site =  160 .. Mmps =   15 Ndav =  11 E =   -175.3147818524 Error = 2.33e-19 FLOPS = 3.61e+09 Tdav = 0.00 T = 0.03
 --> Site =  161 .. Mmps =   15 Ndav =  11 E =   -175.3147950666 Error = 1.28e-18 FLOPS = 3.42e+09 Tdav = 0.00 T = 0.03
 --> Site =  162 .. Mmps =   15 Ndav =  11 E =   -175.3147978798 Error = 1.52e-19 FLOPS = 3.16e+09 Tdav = 0.00 T = 0.03
 --> Site =  163 .. Mmps =   15 Ndav =  10 E =   -175.3148023503 Error = 5.20e-19 FLOPS = 3.02e+09 Tdav = 0.00 T = 0.03
 --> Site =  164 .. Mmps =   15 Ndav =   8 E =   -175.3148030274 Error = 3.77e-19 FLOPS = 2.97e+09 Tdav = 0.00 T = 0.03
 --> Site =  165 .. Mmps =   15 Ndav =   2 E =   -175.3148030274 Error = 1.53e-25 FLOPS = 1.25e+09 Tdav = 0.00 T = 0.03
 --> Site =  166 .. Mmps =   15 Ndav =   1 E =   -175.3148030274 Error = 6.65e-55 FLOPS = 5.11e+08 Tdav = 0.00 T = 0.03
 --> Site =  167 .. Mmps =   15 Ndav =   1 E =   -175.3148030274 Error = 6.45e-85 FLOPS = 2.22e+08 Tdav = 0.00 T = 0.03
 --> Site =  168 .. Mmps =   15 Ndav =   1 E =   -175.3148030274 Error = 0.00e+00 FLOPS = 6.11e+07 Tdav = 0.00 T = 0.03
Time elapsed =    162.930 | E =    -175.3148030274 | DE = -4.51e-03 | DW = 2.12047e-17
Time sweep =        7.530 | 1.29 GFLOP/SWP
 | Dmem = 102 KB (3%) | Imem = 232 B (79%) | Hmem = 485 KB | Wmem = 3.52 KB | Pmem = 3.52 KB
 | Tread = 0.179 | Twrite = 0.786 | Tfpread = 0.031 | Tfpwrite = 0.020 | Tmporead = 0.000 | Tasync = 0.000
 | data = 11.1 MB | cpsd = 8.65 MB
 | Trot = 0.023 | Tctr = 0.004 | Tint = 0.007 | Tmid = 0.000 | Tdctr = 0.113 | Tdiag = 0.016 | Tinfo = 0.284
 | Teff = 2.156 | Tprt = 0.135 | Teig = 0.204 | Tblk = 5.908 | Tmve = 1.615 | Tdm = 0.002 | Tsplt = 0.015 | Tsvd = 0.000 | Torth = 0.000

Sweep =    3 | Direction = backward | Bond dimension =   15 | Noise =  1.00e-04 | Dav threshold =  1.00e-10
 <-- Site =  168 .. Mmps =    2 Ndav =   1 E =   -175.3148030274 Error = 0.00e+00 FLOPS = 6.11e+07 Tdav = 0.00 T = 0.02
 <-- Site =  167 .. Mmps =    4 Ndav =   1 E =   -175.3148030274 Error = 0.00e+00 FLOPS = 1.92e+08 Tdav = 0.00 T = 0.03
 <-- Site =  166 .. Mmps =    8 Ndav =   1 E =   -175.3148030274 Error = 0.00e+00 FLOPS = 3.62e+08 Tdav = 0.00 T = 0.03
 <-- Site =  165 .. Mmps =   15 Ndav =   1 E =   -175.3148030274 Error = 4.61e-25 FLOPS = 7.36e+08 Tdav = 0.00 T = 0.03
 <-- Site =  164 .. Mmps =   15 Ndav =   1 E =   -175.3148030274 Error = 1.14e-19 FLOPS = 1.17e+09 Tdav = 0.00 T = 0.03
 <-- Site =  163 .. Mmps =   15 Ndav =   5 E =   -175.3148030298 Error = 1.76e-19 FLOPS = 2.87e+09 Tdav = 0.00 T = 0.03
 <-- Site =  162 .. Mmps =   15 Ndav =   5 E =   -175.3148030941 Error = 2.89e-19 FLOPS = 3.21e+09 Tdav = 0.00 T = 0.03
 <-- Site =  161 .. Mmps =   15 Ndav =   5 E =   -175.3148030978 Error = 2.86e-19 FLOPS = 3.52e+09 Tdav = 0.00 T = 0.03
 <-- Site =  160 .. Mmps =   15 Ndav =   7 E =   -175.3148035096 Error = 8.06e-19 FLOPS = 3.82e+09 Tdav = 0.00 T = 0.03
 <-- Site =  159 .. Mmps =   15 Ndav =   8 E =   -175.3148036927 Error = 3.68e-19 FLOPS = 4.05e+09 Tdav = 0.00 T = 0.03
 <-- Site =  158 .. Mmps =   15 Ndav =   7 E =   -175.3148039392 Error = 7.09e-18 FLOPS = 4.65e+09 Tdav = 0.00 T = 0.03
 <-- Site =  157 .. Mmps =   15 Ndav =   6 E =   -175.3148039745 Error = 5.87e-19 FLOPS = 4.95e+09 Tdav = 0.00 T = 0.03
 <-- Site =  156 .. Mmps =   15 Ndav =   5 E =   -175.3148041344 Error = 2.46e-17 FLOPS = 5.16e+09 Tdav = 0.00 T = 0.03
 <-- Site =  155 .. Mmps =   15 Ndav =   6 E =   -175.3148041877 Error = 6.64e-18 FLOPS = 5.24e+09 Tdav = 0.00 T = 0.03
 <-- Site =  154 .. Mmps =   15 Ndav =   9 E =   -175.3148062942 Error = 4.02e-18 FLOPS = 5.08e+09 Tdav = 0.00 T = 0.04
 <-- Site =  153 .. Mmps =   15 Ndav =   9 E =   -175.3148092592 Error = 2.42e-18 FLOPS = 5.28e+09 Tdav = 0.00 T = 0.04
 <-- Site =  152 .. Mmps =   15 Ndav =   9 E =   -175.3148166982 Error = 1.83e-18 FLOPS = 5.39e+09 Tdav = 0.00 T = 0.03
 <-- Site =  151 .. Mmps =   15 Ndav =   8 E =   -175.3148183776 Error = 4.60e-19 FLOPS = 5.75e+09 Tdav = 0.00 T = 0.03
 <-- Site =  150 .. Mmps =   15 Ndav =  10 E =   -175.3148291197 Error = 7.19e-18 FLOPS = 5.50e+09 Tdav = 0.00 T = 0.03
 <-- Site =  149 .. Mmps =   15 Ndav =   8 E =   -175.3148354897 Error = 7.65e-19 FLOPS = 5.80e+09 Tdav = 0.00 T = 0.03
 <-- Site =  148 .. Mmps =   15 Ndav =  11 E =   -175.3148468821 Error = 1.55e-18 FLOPS = 5.54e+09 Tdav = 0.00 T = 0.03
 <-- Site =  147 .. Mmps =   15 Ndav =  11 E =   -175.3148518077 Error = 4.31e-19 FLOPS = 5.65e+09 Tdav = 0.00 T = 0.03
 <-- Site =  146 .. Mmps =   15 Ndav =  11 E =   -175.3148638559 Error = 9.33e-18 FLOPS = 5.75e+09 Tdav = 0.00 T = 0.06
 <-- Site =  145 .. Mmps =   15 Ndav =   9 E =   -175.3148648986 Error = 2.72e-19 FLOPS = 5.72e+09 Tdav = 0.00 T = 0.04
 <-- Site =  144 .. Mmps =   15 Ndav =   8 E =   -175.3148670119 Error = 4.29e-18 FLOPS = 6.07e+09 Tdav = 0.00 T = 0.04
 <-- Site =  143 .. Mmps =   15 Ndav =   9 E =   -175.3148677834 Error = 1.59e-18 FLOPS = 5.89e+09 Tdav = 0.00 T = 0.04
 <-- Site =  142 .. Mmps =   15 Ndav =   7 E =   -175.3148712917 Error = 3.98e-18 FLOPS = 6.15e+09 Tdav = 0.00 T = 0.04
 <-- Site =  141 .. Mmps =   15 Ndav =  10 E =   -175.3148747920 Error = 1.54e-18 FLOPS = 6.06e+09 Tdav = 0.00 T = 0.04
 <-- Site =  140 .. Mmps =   15 Ndav =  10 E =   -175.3148875054 Error = 7.14e-17 FLOPS = 6.25e+09 Tdav = 0.00 T = 0.04
 <-- Site =  139 .. Mmps =   15 Ndav =   9 E =   -175.3148908441 Error = 5.49e-19 FLOPS = 6.56e+09 Tdav = 0.00 T = 0.04
 <-- Site =  138 .. Mmps =   15 Ndav =  11 E =   -175.3149411320 Error = 5.11e-17 FLOPS = 6.42e+09 Tdav = 0.00 T = 0.04
 <-- Site =  137 .. Mmps =   15 Ndav =  11 E =   -175.3149485433 Error = 2.42e-19 FLOPS = 6.50e+09 Tdav = 0.00 T = 0.04
 <-- Site =  136 .. Mmps =   15 Ndav =  10 E =   -175.3149685675 Error = 4.51e-17 FLOPS = 6.62e+09 Tdav = 0.00 T = 0.04
 <-- Site =  135 .. Mmps =   15 Ndav =  11 E =   -175.3149778120 Error = 1.44e-18 FLOPS = 6.63e+09 Tdav = 0.00 T = 0.04
 <-- Site =  134 .. Mmps =   15 Ndav =  10 E =   -175.3150240123 Error = 1.49e-17 FLOPS = 6.88e+09 Tdav = 0.00 T = 0.04
 <-- Site =  133 .. Mmps =   15 Ndav =   8 E =   -175.3150258238 Error = 8.20e-20 FLOPS = 7.17e+09 Tdav = 0.00 T = 0.04
 <-- Site =  132 .. Mmps =   15 Ndav =   9 E =   -175.3150353718 Error = 3.50e-17 FLOPS = 7.14e+09 Tdav = 0.00 T = 0.05
 <-- Site =  131 .. Mmps =   15 Ndav =   7 E =   -175.3150386359 Error = 4.55e-19 FLOPS = 7.30e+09 Tdav = 0.00 T = 0.05
 <-- Site =  130 .. Mmps =   15 Ndav =   9 E =   -175.3150447893 Error = 2.30e-18 FLOPS = 6.96e+09 Tdav = 0.00 T = 0.05
 <-- Site =  129 .. Mmps =   15 Ndav =   7 E =   -175.3150452276 Error = 2.29e-19 FLOPS = 6.81e+09 Tdav = 0.00 T = 0.05
 <-- Site =  128 .. Mmps =   15 Ndav =   8 E =   -175.3150467006 Error = 8.57e-18 FLOPS = 6.94e+09 Tdav = 0.00 T = 0.05
 <-- Site =  127 .. Mmps =   15 Ndav =   6 E =   -175.3150470743 Error = 6.38e-19 FLOPS = 6.91e+09 Tdav = 0.00 T = 0.05
 <-- Site =  126 .. Mmps =   15 Ndav =   9 E =   -175.3150525193 Error = 1.04e-16 FLOPS = 7.00e+09 Tdav = 0.00 T = 0.05
 <-- Site =  125 .. Mmps =   15 Ndav =   9 E =   -175.3150542817 Error = 5.38e-19 FLOPS = 7.08e+09 Tdav = 0.00 T = 0.05
 <-- Site =  124 .. Mmps =   15 Ndav =   9 E =   -175.3150604515 Error = 1.94e-18 FLOPS = 7.35e+09 Tdav = 0.00 T = 0.05
 <-- Site =  123 .. Mmps =   15 Ndav =   9 E =   -175.3150615356 Error = 9.67e-20 FLOPS = 7.43e+09 Tdav = 0.00 T = 0.05
 <-- Site =  122 .. Mmps =   15 Ndav =   9 E =   -175.3150675454 Error = 1.26e-18 FLOPS = 7.47e+09 Tdav = 0.00 T = 0.05
 <-- Site =  121 .. Mmps =   15 Ndav =   6 E =   -175.3150682482 Error = 9.53e-20 FLOPS = 7.65e+09 Tdav = 0.00 T = 0.05
 <-- Site =  120 .. Mmps =   15 Ndav =   8 E =   -175.3150751418 Error = 2.81e-17 FLOPS = 7.61e+09 Tdav = 0.00 T = 0.05
 <-- Site =  119 .. Mmps =   15 Ndav =   8 E =   -175.3150773723 Error = 1.07e-19 FLOPS = 7.60e+09 Tdav = 0.00 T = 0.05
 <-- Site =  118 .. Mmps =   15 Ndav =  10 E =   -175.3150974285 Error = 2.81e-18 FLOPS = 7.47e+09 Tdav = 0.00 T = 0.05
 <-- Site =  117 .. Mmps =   15 Ndav =  13 E =   -175.3151020975 Error = 2.85e-18 FLOPS = 7.06e+09 Tdav = 0.00 T = 0.05
 <-- Site =  116 .. Mmps =   15 Ndav =  10 E =   -175.3151386536 Error = 2.15e-18 FLOPS = 6.87e+09 Tdav = 0.00 T = 0.06
 <-- Site =  115 .. Mmps =   15 Ndav =  12 E =   -175.3151471768 Error = 4.28e-19 FLOPS = 6.87e+09 Tdav = 0.00 T = 0.05
 <-- Site =  114 .. Mmps =   15 Ndav =  11 E =   -175.3152018444 Error = 9.98e-18 FLOPS = 7.05e+09 Tdav = 0.00 T = 0.05
 <-- Site =  113 .. Mmps =   15 Ndav =   8 E =   -175.3152036725 Error = 7.17e-19 FLOPS = 7.25e+09 Tdav = 0.00 T = 0.07
 <-- Site =  112 .. Mmps =   15 Ndav =   9 E =   -175.3152219425 Error = 5.62e-18 FLOPS = 7.25e+09 Tdav = 0.00 T = 0.05
 <-- Site =  111 .. Mmps =   15 Ndav =   9 E =   -175.3152237711 Error = 7.56e-20 FLOPS = 7.50e+09 Tdav = 0.00 T = 0.05
 <-- Site =  110 .. Mmps =   15 Ndav =   9 E =   -175.3152317971 Error = 3.76e-17 FLOPS = 7.61e+09 Tdav = 0.00 T = 0.05
 <-- Site =  109 .. Mmps =   15 Ndav =   9 E =   -175.3152330768 Error = 5.52e-20 FLOPS = 7.67e+09 Tdav = 0.00 T = 0.06
 <-- Site =  108 .. Mmps =   15 Ndav =  10 E =   -175.3152504926 Error = 4.76e-17 FLOPS = 7.56e+09 Tdav = 0.00 T = 0.05
 <-- Site =  107 .. Mmps =   15 Ndav =   8 E =   -175.3152516565 Error = 3.63e-19 FLOPS = 7.70e+09 Tdav = 0.00 T = 0.05
 <-- Site =  106 .. Mmps =   15 Ndav =  10 E =   -175.3152585934 Error = 4.72e-18 FLOPS = 7.54e+09 Tdav = 0.00 T = 0.06
 <-- Site =  105 .. Mmps =   15 Ndav =  14 E =   -175.3152681833 Error = 4.40e-19 FLOPS = 6.98e+09 Tdav = 0.00 T = 0.06
 <-- Site =  104 .. Mmps =   15 Ndav =  10 E =   -175.3152970303 Error = 7.78e-19 FLOPS = 7.26e+09 Tdav = 0.00 T = 0.06
 <-- Site =  103 .. Mmps =   15 Ndav =  12 E =   -175.3153020517 Error = 5.12e-19 FLOPS = 7.02e+09 Tdav = 0.00 T = 0.06
 <-- Site =  102 .. Mmps =   15 Ndav =  10 E =   -175.3153273946 Error = 1.95e-17 FLOPS = 7.23e+09 Tdav = 0.00 T = 0.06
 <-- Site =  101 .. Mmps =   15 Ndav =   9 E =   -175.3153282959 Error = 7.69e-19 FLOPS = 7.38e+09 Tdav = 0.00 T = 0.06
 <-- Site =  100 .. Mmps =   15 Ndav =   9 E =   -175.3153410814 Error = 1.66e-18 FLOPS = 7.33e+09 Tdav = 0.00 T = 0.06
 <-- Site =   99 .. Mmps =   15 Ndav =   9 E =   -175.3153417962 Error = 8.53e-20 FLOPS = 7.67e+09 Tdav = 0.00 T = 0.06
 <-- Site =   98 .. Mmps =   15 Ndav =   9 E =   -175.3153450835 Error = 8.85e-19 FLOPS = 7.71e+09 Tdav = 0.00 T = 0.06
 <-- Site =   97 .. Mmps =   15 Ndav =   7 E =   -175.3153456105 Error = 7.35e-20 FLOPS = 7.85e+09 Tdav = 0.00 T = 0.06
 <-- Site =   96 .. Mmps =   15 Ndav =   9 E =   -175.3153533883 Error = 6.30e-18 FLOPS = 7.70e+09 Tdav = 0.00 T = 0.06
 <-- Site =   95 .. Mmps =   15 Ndav =   8 E =   -175.3153538642 Error = 1.66e-19 FLOPS = 7.85e+09 Tdav = 0.00 T = 0.05
 <-- Site =   94 .. Mmps =   15 Ndav =   8 E =   -175.3153570956 Error = 1.09e-18 FLOPS = 7.86e+09 Tdav = 0.00 T = 0.06
 <-- Site =   93 .. Mmps =   15 Ndav =   9 E =   -175.3153604976 Error = 2.53e-19 FLOPS = 7.75e+09 Tdav = 0.00 T = 0.06
 <-- Site =   92 .. Mmps =   15 Ndav =  10 E =   -175.3153710842 Error = 6.55e-18 FLOPS = 7.28e+09 Tdav = 0.00 T = 0.06
 <-- Site =   91 .. Mmps =   15 Ndav =  13 E =   -175.3153761250 Error = 2.13e-18 FLOPS = 6.96e+09 Tdav = 0.00 T = 0.06
 <-- Site =   90 .. Mmps =   15 Ndav =  10 E =   -175.3154163430 Error = 5.56e-19 FLOPS = 7.31e+09 Tdav = 0.00 T = 0.06
 <-- Site =   89 .. Mmps =   15 Ndav =  12 E =   -175.3154231900 Error = 2.42e-19 FLOPS = 7.09e+09 Tdav = 0.00 T = 0.06
 <-- Site =   88 .. Mmps =   15 Ndav =  12 E =   -175.3154939028 Error = 7.63e-18 FLOPS = 7.12e+09 Tdav = 0.00 T = 0.06
 <-- Site =   87 .. Mmps =   15 Ndav =   8 E =   -175.3154945228 Error = 8.26e-20 FLOPS = 7.79e+09 Tdav = 0.00 T = 0.05
 <-- Site =   86 .. Mmps =   15 Ndav =  10 E =   -175.3155051503 Error = 6.61e-17 FLOPS = 7.62e+09 Tdav = 0.00 T = 0.06
 <-- Site =   85 .. Mmps =   15 Ndav =   9 E =   -175.3155063942 Error = 7.53e-20 FLOPS = 7.78e+09 Tdav = 0.00 T = 0.05
 <-- Site =   84 .. Mmps =   15 Ndav =   9 E =   -175.3155172459 Error = 4.94e-17 FLOPS = 7.77e+09 Tdav = 0.00 T = 0.05
 <-- Site =   83 .. Mmps =   15 Ndav =  10 E =   -175.3155189837 Error = 5.37e-19 FLOPS = 7.61e+09 Tdav = 0.00 T = 0.06
 <-- Site =   82 .. Mmps =   15 Ndav =   9 E =   -175.3155254664 Error = 3.68e-18 FLOPS = 7.75e+09 Tdav = 0.00 T = 0.06
 <-- Site =   81 .. Mmps =   15 Ndav =   8 E =   -175.3155264790 Error = 1.26e-19 FLOPS = 7.85e+09 Tdav = 0.00 T = 0.06
 <-- Site =   80 .. Mmps =   15 Ndav =  11 E =   -175.3155363776 Error = 3.06e-17 FLOPS = 7.13e+09 Tdav = 0.00 T = 0.06
 <-- Site =   79 .. Mmps =   15 Ndav =  13 E =   -175.3155448611 Error = 1.11e-18 FLOPS = 6.84e+09 Tdav = 0.00 T = 0.06
 <-- Site =   78 .. Mmps =   15 Ndav =  10 E =   -175.3155733812 Error = 2.20e-17 FLOPS = 7.29e+09 Tdav = 0.00 T = 0.06
 <-- Site =   77 .. Mmps =   15 Ndav =  12 E =   -175.3155783722 Error = 2.40e-18 FLOPS = 7.10e+09 Tdav = 0.00 T = 0.06
 <-- Site =   76 .. Mmps =   15 Ndav =  10 E =   -175.3156278333 Error = 5.08e-17 FLOPS = 7.41e+09 Tdav = 0.00 T = 0.06
 <-- Site =   75 .. Mmps =   15 Ndav =   9 E =   -175.3156284895 Error = 4.14e-19 FLOPS = 7.68e+09 Tdav = 0.00 T = 0.09
 <-- Site =   74 .. Mmps =   15 Ndav =   9 E =   -175.3156456012 Error = 1.45e-17 FLOPS = 7.74e+09 Tdav = 0.00 T = 0.05
 <-- Site =   73 .. Mmps =   15 Ndav =   8 E =   -175.3156464345 Error = 1.10e-18 FLOPS = 7.83e+09 Tdav = 0.00 T = 0.05
 <-- Site =   72 .. Mmps =   15 Ndav =   9 E =   -175.3156522417 Error = 1.79e-18 FLOPS = 7.75e+09 Tdav = 0.00 T = 0.06
 <-- Site =   71 .. Mmps =   15 Ndav =   7 E =   -175.3156531855 Error = 7.14e-20 FLOPS = 7.92e+09 Tdav = 0.00 T = 0.05
 <-- Site =   70 .. Mmps =   15 Ndav =   9 E =   -175.3156652385 Error = 1.30e-18 FLOPS = 7.75e+09 Tdav = 0.00 T = 0.07
 <-- Site =   69 .. Mmps =   15 Ndav =   7 E =   -175.3156658147 Error = 7.40e-20 FLOPS = 7.24e+09 Tdav = 0.00 T = 0.06
 <-- Site =   68 .. Mmps =   15 Ndav =   8 E =   -175.3156687078 Error = 3.83e-17 FLOPS = 7.38e+09 Tdav = 0.00 T = 0.06
 <-- Site =   67 .. Mmps =   15 Ndav =   9 E =   -175.3156713964 Error = 1.63e-19 FLOPS = 7.37e+09 Tdav = 0.00 T = 0.06
 <-- Site =   66 .. Mmps =   15 Ndav =  10 E =   -175.3156786497 Error = 4.99e-19 FLOPS = 7.32e+09 Tdav = 0.00 T = 0.06
 <-- Site =   65 .. Mmps =   15 Ndav =  13 E =   -175.3156839199 Error = 1.38e-18 FLOPS = 7.05e+09 Tdav = 0.00 T = 0.05
 <-- Site =   64 .. Mmps =   15 Ndav =  10 E =   -175.3157224777 Error = 6.84e-17 FLOPS = 7.63e+09 Tdav = 0.00 T = 0.06
 <-- Site =   63 .. Mmps =   15 Ndav =  13 E =   -175.3157284831 Error = 6.47e-19 FLOPS = 7.25e+09 Tdav = 0.00 T = 0.07
 <-- Site =   62 .. Mmps =   15 Ndav =  11 E =   -175.3157889998 Error = 7.34e-19 FLOPS = 7.48e+09 Tdav = 0.00 T = 0.06
 <-- Site =   61 .. Mmps =   15 Ndav =   8 E =   -175.3157897561 Error = 9.06e-20 FLOPS = 7.85e+09 Tdav = 0.00 T = 0.05
 <-- Site =   60 .. Mmps =   15 Ndav =  10 E =   -175.3158085812 Error = 2.41e-17 FLOPS = 7.62e+09 Tdav = 0.00 T = 0.05
 <-- Site =   59 .. Mmps =   15 Ndav =   9 E =   -175.3158103864 Error = 7.74e-20 FLOPS = 7.69e+09 Tdav = 0.00 T = 0.09
 <-- Site =   58 .. Mmps =   15 Ndav =   9 E =   -175.3158200454 Error = 1.51e-18 FLOPS = 7.22e+09 Tdav = 0.00 T = 0.05
 <-- Site =   57 .. Mmps =   15 Ndav =  10 E =   -175.3158217864 Error = 8.79e-20 FLOPS = 7.20e+09 Tdav = 0.00 T = 0.05
 <-- Site =   56 .. Mmps =   15 Ndav =   9 E =   -175.3158286224 Error = 2.40e-17 FLOPS = 7.27e+09 Tdav = 0.00 T = 0.05
 <-- Site =   55 .. Mmps =   15 Ndav =   8 E =   -175.3158295577 Error = 2.39e-19 FLOPS = 7.32e+09 Tdav = 0.00 T = 0.05
 <-- Site =   54 .. Mmps =   15 Ndav =  11 E =   -175.3158370689 Error = 1.72e-17 FLOPS = 7.17e+09 Tdav = 0.00 T = 0.07
 <-- Site =   53 .. Mmps =   15 Ndav =  13 E =   -175.3158499147 Error = 8.80e-19 FLOPS = 7.06e+09 Tdav = 0.00 T = 0.09
 <-- Site =   52 .. Mmps =   15 Ndav =  10 E =   -175.3158827571 Error = 2.88e-18 FLOPS = 7.52e+09 Tdav = 0.00 T = 0.05
 <-- Site =   51 .. Mmps =   15 Ndav =  12 E =   -175.3158915603 Error = 1.13e-18 FLOPS = 7.25e+09 Tdav = 0.00 T = 0.06
 <-- Site =   50 .. Mmps =   15 Ndav =  10 E =   -175.3159476831 Error = 3.38e-18 FLOPS = 7.48e+09 Tdav = 0.00 T = 0.05
 <-- Site =   49 .. Mmps =   15 Ndav =   8 E =   -175.3159509359 Error = 1.20e-19 FLOPS = 7.72e+09 Tdav = 0.00 T = 0.05
 <-- Site =   48 .. Mmps =   15 Ndav =   9 E =   -175.3159672400 Error = 2.00e-17 FLOPS = 7.38e+09 Tdav = 0.00 T = 0.06
 <-- Site =   47 .. Mmps =   15 Ndav =   9 E =   -175.3159679811 Error = 1.61e-19 FLOPS = 7.56e+09 Tdav = 0.00 T = 0.05
 <-- Site =   46 .. Mmps =   15 Ndav =   9 E =   -175.3159775614 Error = 1.08e-16 FLOPS = 7.11e+09 Tdav = 0.00 T = 0.05
 <-- Site =   45 .. Mmps =   15 Ndav =   9 E =   -175.3159778588 Error = 6.39e-20 FLOPS = 7.13e+09 Tdav = 0.00 T = 0.05
 <-- Site =   44 .. Mmps =   15 Ndav =   8 E =   -175.3159803248 Error = 8.80e-17 FLOPS = 7.15e+09 Tdav = 0.00 T = 0.05
 <-- Site =   43 .. Mmps =   15 Ndav =   8 E =   -175.3159806213 Error = 7.27e-20 FLOPS = 7.00e+09 Tdav = 0.00 T = 0.10
 <-- Site =   42 .. Mmps =   15 Ndav =   8 E =   -175.3159820490 Error = 6.58e-18 FLOPS = 7.34e+09 Tdav = 0.00 T = 0.05
 <-- Site =   41 .. Mmps =   15 Ndav =   8 E =   -175.3159827538 Error = 7.50e-20 FLOPS = 7.51e+09 Tdav = 0.00 T = 0.05
 <-- Site =   40 .. Mmps =   15 Ndav =  10 E =   -175.3159886558 Error = 4.22e-17 FLOPS = 7.23e+09 Tdav = 0.00 T = 0.05
 <-- Site =   39 .. Mmps =   15 Ndav =  11 E =   -175.3159916507 Error = 1.36e-18 FLOPS = 7.05e+09 Tdav = 0.00 T = 0.06
 <-- Site =   38 .. Mmps =   15 Ndav =   9 E =   -175.3160183007 Error = 8.63e-19 FLOPS = 7.32e+09 Tdav = 0.00 T = 0.05
 <-- Site =   37 .. Mmps =   15 Ndav =  11 E =   -175.3160210937 Error = 3.13e-19 FLOPS = 6.96e+09 Tdav = 0.00 T = 0.04
 <-- Site =   36 .. Mmps =   15 Ndav =   9 E =   -175.3160374793 Error = 1.91e-17 FLOPS = 7.21e+09 Tdav = 0.00 T = 0.04
 <-- Site =   35 .. Mmps =   15 Ndav =   9 E =   -175.3160416430 Error = 1.08e-19 FLOPS = 7.18e+09 Tdav = 0.00 T = 0.04
 <-- Site =   34 .. Mmps =   15 Ndav =   9 E =   -175.3160569193 Error = 1.62e-18 FLOPS = 7.10e+09 Tdav = 0.00 T = 0.04
 <-- Site =   33 .. Mmps =   15 Ndav =  10 E =   -175.3160625467 Error = 5.53e-20 FLOPS = 6.63e+09 Tdav = 0.00 T = 0.04
 <-- Site =   32 .. Mmps =   15 Ndav =  10 E =   -175.3160796631 Error = 3.74e-18 FLOPS = 6.37e+09 Tdav = 0.00 T = 0.04
 <-- Site =   31 .. Mmps =   15 Ndav =   7 E =   -175.3160806582 Error = 2.34e-19 FLOPS = 6.41e+09 Tdav = 0.00 T = 0.04
 <-- Site =   30 .. Mmps =   15 Ndav =   9 E =   -175.3160841166 Error = 3.38e-18 FLOPS = 6.35e+09 Tdav = 0.00 T = 0.04
 <-- Site =   29 .. Mmps =   15 Ndav =  11 E =   -175.3161106905 Error = 9.29e-19 FLOPS = 6.19e+09 Tdav = 0.00 T = 0.04
 <-- Site =   28 .. Mmps =   15 Ndav =  10 E =   -175.3161255074 Error = 1.53e-16 FLOPS = 6.23e+09 Tdav = 0.00 T = 0.04
 <-- Site =   27 .. Mmps =   15 Ndav =  11 E =   -175.3161289602 Error = 1.04e-18 FLOPS = 6.09e+09 Tdav = 0.00 T = 0.04
 <-- Site =   26 .. Mmps =   15 Ndav =   9 E =   -175.3161539146 Error = 3.25e-17 FLOPS = 6.49e+09 Tdav = 0.00 T = 0.04
 <-- Site =   25 .. Mmps =   15 Ndav =   9 E =   -175.3161562003 Error = 8.11e-19 FLOPS = 6.48e+09 Tdav = 0.00 T = 0.03
 <-- Site =   24 .. Mmps =   15 Ndav =  10 E =   -175.3161856436 Error = 9.53e-18 FLOPS = 6.26e+09 Tdav = 0.00 T = 0.04
 <-- Site =   23 .. Mmps =   15 Ndav =   8 E =   -175.3162010925 Error = 4.12e-19 FLOPS = 6.44e+09 Tdav = 0.00 T = 0.03
 <-- Site =   22 .. Mmps =   15 Ndav =  11 E =   -175.3162828427 Error = 1.45e-18 FLOPS = 5.86e+09 Tdav = 0.00 T = 0.04
 <-- Site =   21 .. Mmps =   15 Ndav =  12 E =   -175.3162971115 Error = 7.39e-19 FLOPS = 5.62e+09 Tdav = 0.00 T = 0.04
 <-- Site =   20 .. Mmps =   15 Ndav =  12 E =   -175.3163852660 Error = 2.48e-17 FLOPS = 5.50e+09 Tdav = 0.00 T = 0.03
 <-- Site =   19 .. Mmps =   15 Ndav =  12 E =   -175.3164039362 Error = 1.44e-18 FLOPS = 5.40e+09 Tdav = 0.00 T = 0.04
 <-- Site =   18 .. Mmps =   15 Ndav =  11 E =   -175.3164490840 Error = 3.01e-17 FLOPS = 5.45e+09 Tdav = 0.00 T = 0.03
 <-- Site =   17 .. Mmps =   15 Ndav =  11 E =   -175.3164525724 Error = 1.24e-18 FLOPS = 5.33e+09 Tdav = 0.00 T = 0.04
 <-- Site =   16 .. Mmps =   15 Ndav =  10 E =   -175.3164653692 Error = 2.05e-18 FLOPS = 5.42e+09 Tdav = 0.00 T = 0.05
 <-- Site =   15 .. Mmps =   15 Ndav =  10 E =   -175.3164680711 Error = 1.43e-18 FLOPS = 4.91e+09 Tdav = 0.00 T = 0.04
 <-- Site =   14 .. Mmps =   15 Ndav =   9 E =   -175.3164746922 Error = 3.03e-18 FLOPS = 4.86e+09 Tdav = 0.00 T = 0.04
 <-- Site =   13 .. Mmps =   15 Ndav =  10 E =   -175.3164755768 Error = 2.36e-19 FLOPS = 4.63e+09 Tdav = 0.00 T = 0.03
 <-- Site =   12 .. Mmps =   15 Ndav =   9 E =   -175.3164827147 Error = 2.36e-17 FLOPS = 4.73e+09 Tdav = 0.00 T = 0.03
 <-- Site =   11 .. Mmps =   15 Ndav =  13 E =   -175.3165181577 Error = 2.61e-18 FLOPS = 3.92e+09 Tdav = 0.00 T = 0.03
 <-- Site =   10 .. Mmps =   15 Ndav =  11 E =   -175.3165408424 Error = 9.12e-18 FLOPS = 4.07e+09 Tdav = 0.00 T = 0.03
 <-- Site =    9 .. Mmps =   15 Ndav =  14 E =   -175.3166118377 Error = 1.20e-18 FLOPS = 3.40e+09 Tdav = 0.00 T = 0.04
 <-- Site =    8 .. Mmps =   15 Ndav =  10 E =   -175.3166225203 Error = 9.44e-18 FLOPS = 3.92e+09 Tdav = 0.00 T = 0.05
 <-- Site =    7 .. Mmps =   15 Ndav =  12 E =   -175.3166318017 Error = 2.08e-18 FLOPS = 3.44e+09 Tdav = 0.00 T = 0.03
 <-- Site =    6 .. Mmps =   15 Ndav =   8 E =   -175.3166335281 Error = 8.55e-18 FLOPS = 3.80e+09 Tdav = 0.00 T = 0.05
 <-- Site =    5 .. Mmps =   15 Ndav =  11 E =   -175.3166344627 Error = 6.80e-19 FLOPS = 3.15e+09 Tdav = 0.00 T = 0.04
 <-- Site =    4 .. Mmps =   15 Ndav =   8 E =   -175.3166346193 Error = 1.51e-17 FLOPS = 3.32e+09 Tdav = 0.00 T = 0.05
 <-- Site =    3 .. Mmps =   15 Ndav =   2 E =   -175.3166346193 Error = 1.03e-25 FLOPS = 1.10e+09 Tdav = 0.00 T = 0.04
 <-- Site =    2 .. Mmps =   15 Ndav =   1 E =   -175.3166346193 Error = 0.00e+00 FLOPS = 3.47e+08 Tdav = 0.00 T = 0.03
 <-- Site =    1 .. Mmps =   15 Ndav =   1 E =   -175.3166346193 Error = 0.00e+00 FLOPS = 1.47e+08 Tdav = 0.00 T = 0.03
 <-- Site =    0 .. Mmps =   15 Ndav =   1 E =   -175.3166346193 Error = 2.60e-111 FLOPS = 6.62e+07 Tdav = 0.00 T = 0.03
Time elapsed =    170.964 | E =    -175.3166346193 | DE = -1.83e-03 | DW = 1.53156e-16
Time sweep =        8.034 | 1.13 GFLOP/SWP
 | Dmem = 102 KB (3%) | Imem = 232 B (79%) | Hmem = 485 KB | Wmem = 3.52 KB | Pmem = 3.52 KB
 | Tread = 0.169 | Twrite = 0.822 | Tfpread = 0.031 | Tfpwrite = 0.019 | Tmporead = 0.000 | Tasync = 0.000
 | data = 11.1 MB | cpsd = 7.63 MB
 | Trot = 0.027 | Tctr = 0.390 | Tint = 0.016 | Tmid = 0.000 | Tdctr = 0.006 | Tdiag = 0.017 | Tinfo = 0.326
 | Teff = 2.127 | Tprt = 0.113 | Teig = 0.176 | Tblk = 5.874 | Tmve = 2.152 | Tdm = 0.002 | Tsplt = 0.017 | Tsvd = 0.000 | Torth = 0.000

Sweep =    4 | Direction =  forward | Bond dimension =   25 | Noise =  1.00e-05 | Dav threshold =  1.00e-10
 --> Site =    0 .. Mmps =    2 Ndav =   1 E =   -175.3166346193 Error = 0.00e+00 FLOPS = 6.68e+07 Tdav = 0.00 T = 0.02
 --> Site =    1 .. Mmps =    4 Ndav =   1 E =   -175.3166346193 Error = 0.00e+00 FLOPS = 1.47e+08 Tdav = 0.00 T = 0.04
 --> Site =    2 .. Mmps =    8 Ndav =   1 E =   -175.3166346193 Error = 0.00e+00 FLOPS = 3.37e+08 Tdav = 0.00 T = 0.03
 --> Site =    3 .. Mmps =   15 Ndav =   1 E =   -175.3166346193 Error = 0.00e+00 FLOPS = 5.94e+08 Tdav = 0.00 T = 0.03
 --> Site =    4 .. Mmps =   22 Ndav =   1 E =   -175.3166346193 Error = 0.00e+00 FLOPS = 1.42e+09 Tdav = 0.00 T = 0.04
 --> Site =    5 .. Mmps =   25 Ndav =   6 E =   -175.3166346442 Error = 9.94e-26 FLOPS = 4.87e+09 Tdav = 0.00 T = 0.03
 --> Site =    6 .. Mmps =   25 Ndav =   7 E =   -175.3166351964 Error = 5.97e-24 FLOPS = 5.91e+09 Tdav = 0.00 T = 0.03
 --> Site =    7 .. Mmps =   25 Ndav =  10 E =   -175.3166362656 Error = 5.61e-24 FLOPS = 6.10e+09 Tdav = 0.00 T = 0.03
 --> Site =    8 .. Mmps =   25 Ndav =   8 E =   -175.3166416807 Error = 7.73e-23 FLOPS = 6.85e+09 Tdav = 0.00 T = 0.03
 --> Site =    9 .. Mmps =   25 Ndav =  13 E =   -175.3166506260 Error = 3.58e-23 FLOPS = 6.05e+09 Tdav = 0.00 T = 0.03
 --> Site =   10 .. Mmps =   25 Ndav =  11 E =   -175.3166919085 Error = 2.37e-22 FLOPS = 7.21e+09 Tdav = 0.00 T = 0.03
 --> Site =   11 .. Mmps =   25 Ndav =  10 E =   -175.3166951668 Error = 2.90e-23 FLOPS = 8.00e+09 Tdav = 0.00 T = 0.03
 --> Site =   12 .. Mmps =   25 Ndav =  10 E =   -175.3167503894 Error = 1.94e-22 FLOPS = 8.32e+09 Tdav = 0.00 T = 0.03
 --> Site =   13 .. Mmps =   25 Ndav =  13 E =   -175.3167733442 Error = 8.88e-23 FLOPS = 7.57e+09 Tdav = 0.00 T = 0.04
 --> Site =   14 .. Mmps =   25 Ndav =  12 E =   -175.3169193555 Error = 5.47e-22 FLOPS = 8.18e+09 Tdav = 0.00 T = 0.04
 --> Site =   15 .. Mmps =   25 Ndav =  13 E =   -175.3169678785 Error = 4.32e-22 FLOPS = 7.98e+09 Tdav = 0.00 T = 0.04
 --> Site =   16 .. Mmps =   25 Ndav =  11 E =   -175.3170561151 Error = 3.99e-22 FLOPS = 8.91e+09 Tdav = 0.00 T = 0.04
 --> Site =   17 .. Mmps =   25 Ndav =  13 E =   -175.3171087543 Error = 5.07e-22 FLOPS = 8.43e+09 Tdav = 0.00 T = 0.04
 --> Site =   18 .. Mmps =   25 Ndav =  14 E =   -175.3171926644 Error = 2.26e-21 FLOPS = 8.33e+09 Tdav = 0.00 T = 0.04
 --> Site =   19 .. Mmps =   25 Ndav =  13 E =   -175.3172439114 Error = 3.53e-22 FLOPS = 8.80e+09 Tdav = 0.00 T = 0.04
 --> Site =   20 .. Mmps =   25 Ndav =  12 E =   -175.3173467341 Error = 5.10e-22 FLOPS = 9.36e+09 Tdav = 0.00 T = 0.04
 --> Site =   21 .. Mmps =   25 Ndav =  13 E =   -175.3173663046 Error = 1.02e-22 FLOPS = 9.09e+09 Tdav = 0.00 T = 0.04
 --> Site =   22 .. Mmps =   25 Ndav =  11 E =   -175.3174130311 Error = 3.58e-22 FLOPS = 9.31e+09 Tdav = 0.00 T = 0.04
 --> Site =   23 .. Mmps =   25 Ndav =  12 E =   -175.3174432460 Error = 2.15e-22 FLOPS = 9.26e+09 Tdav = 0.00 T = 0.05
 --> Site =   24 .. Mmps =   25 Ndav =  10 E =   -175.3174680598 Error = 8.84e-23 FLOPS = 9.92e+09 Tdav = 0.00 T = 0.07
 --> Site =   25 .. Mmps =   25 Ndav =  11 E =   -175.3174993421 Error = 1.04e-22 FLOPS = 9.81e+09 Tdav = 0.00 T = 0.05
 --> Site =   26 .. Mmps =   25 Ndav =  10 E =   -175.3175970250 Error = 3.68e-22 FLOPS = 1.03e+10 Tdav = 0.00 T = 0.05
 --> Site =   27 .. Mmps =   25 Ndav =  13 E =   -175.3176344180 Error = 9.40e-22 FLOPS = 9.83e+09 Tdav = 0.00 T = 0.05
 --> Site =   28 .. Mmps =   25 Ndav =  11 E =   -175.3177116684 Error = 1.39e-21 FLOPS = 1.06e+10 Tdav = 0.00 T = 0.05
 --> Site =   29 .. Mmps =   25 Ndav =  10 E =   -175.3177251828 Error = 2.38e-22 FLOPS = 1.10e+10 Tdav = 0.00 T = 0.05
 --> Site =   30 .. Mmps =   25 Ndav =  11 E =   -175.3178062934 Error = 1.62e-22 FLOPS = 1.09e+10 Tdav = 0.00 T = 0.07
 --> Site =   31 .. Mmps =   25 Ndav =  12 E =   -175.3178156810 Error = 7.22e-22 FLOPS = 1.06e+10 Tdav = 0.00 T = 0.05
 --> Site =   32 .. Mmps =   25 Ndav =  11 E =   -175.3178775129 Error = 9.67e-23 FLOPS = 1.07e+10 Tdav = 0.00 T = 0.05
 --> Site =   33 .. Mmps =   25 Ndav =  12 E =   -175.3178872867 Error = 3.16e-22 FLOPS = 1.07e+10 Tdav = 0.00 T = 0.06
 --> Site =   34 .. Mmps =   25 Ndav =  10 E =   -175.3179061198 Error = 2.84e-23 FLOPS = 1.14e+10 Tdav = 0.00 T = 0.05
 --> Site =   35 .. Mmps =   25 Ndav =  10 E =   -175.3179101201 Error = 8.23e-24 FLOPS = 1.08e+10 Tdav = 0.00 T = 0.07
 --> Site =   36 .. Mmps =   25 Ndav =  10 E =   -175.3179196466 Error = 3.31e-23 FLOPS = 1.09e+10 Tdav = 0.00 T = 0.06
 --> Site =   37 .. Mmps =   25 Ndav =  13 E =   -175.3179366550 Error = 1.63e-22 FLOPS = 1.04e+10 Tdav = 0.00 T = 0.06
 --> Site =   38 .. Mmps =   25 Ndav =  11 E =   -175.3179692629 Error = 4.80e-22 FLOPS = 1.10e+10 Tdav = 0.00 T = 0.06
 --> Site =   39 .. Mmps =   25 Ndav =  13 E =   -175.3179896649 Error = 3.59e-23 FLOPS = 1.08e+10 Tdav = 0.00 T = 0.06
 --> Site =   40 .. Mmps =   25 Ndav =  11 E =   -175.3180673019 Error = 3.01e-22 FLOPS = 1.14e+10 Tdav = 0.00 T = 0.06
 --> Site =   41 .. Mmps =   25 Ndav =  10 E =   -175.3180749718 Error = 1.18e-22 FLOPS = 1.17e+10 Tdav = 0.00 T = 0.07
 --> Site =   42 .. Mmps =   25 Ndav =  11 E =   -175.3180955550 Error = 3.91e-22 FLOPS = 1.13e+10 Tdav = 0.00 T = 0.06
 --> Site =   43 .. Mmps =   25 Ndav =  10 E =   -175.3181031340 Error = 1.69e-22 FLOPS = 1.17e+10 Tdav = 0.00 T = 0.10
 --> Site =   44 .. Mmps =   25 Ndav =  10 E =   -175.3181224401 Error = 1.86e-22 FLOPS = 1.18e+10 Tdav = 0.00 T = 0.07
 --> Site =   45 .. Mmps =   25 Ndav =   9 E =   -175.3181265573 Error = 1.09e-22 FLOPS = 1.12e+10 Tdav = 0.00 T = 0.08
 --> Site =   46 .. Mmps =   25 Ndav =   9 E =   -175.3181341693 Error = 8.96e-23 FLOPS = 1.12e+10 Tdav = 0.00 T = 0.07
 --> Site =   47 .. Mmps =   25 Ndav =   9 E =   -175.3181368005 Error = 1.61e-23 FLOPS = 1.14e+10 Tdav = 0.00 T = 0.07
 --> Site =   48 .. Mmps =   25 Ndav =   9 E =   -175.3181471006 Error = 3.40e-23 FLOPS = 1.15e+10 Tdav = 0.00 T = 0.07
 --> Site =   49 .. Mmps =   25 Ndav =  11 E =   -175.3181607928 Error = 5.36e-23 FLOPS = 1.16e+10 Tdav = 0.00 T = 0.08
 --> Site =   50 .. Mmps =   25 Ndav =  10 E =   -175.3181749193 Error = 2.60e-22 FLOPS = 1.19e+10 Tdav = 0.00 T = 0.08
 --> Site =   51 .. Mmps =   25 Ndav =  15 E =   -175.3182185695 Error = 6.06e-22 FLOPS = 1.06e+10 Tdav = 0.00 T = 0.08
 --> Site =   52 .. Mmps =   25 Ndav =  10 E =   -175.3182573909 Error = 1.14e-22 FLOPS = 1.19e+10 Tdav = 0.00 T = 0.07
 --> Site =   53 .. Mmps =   25 Ndav =  13 E =   -175.3182746532 Error = 8.52e-23 FLOPS = 1.13e+10 Tdav = 0.00 T = 0.08
 --> Site =   54 .. Mmps =   25 Ndav =  12 E =   -175.3184062250 Error = 1.34e-21 FLOPS = 1.10e+10 Tdav = 0.00 T = 0.08
 --> Site =   55 .. Mmps =   25 Ndav =  10 E =   -175.3184129013 Error = 3.51e-23 FLOPS = 1.14e+10 Tdav = 0.00 T = 0.08
 --> Site =   56 .. Mmps =   25 Ndav =   9 E =   -175.3184254621 Error = 5.70e-23 FLOPS = 1.15e+10 Tdav = 0.00 T = 0.09
 --> Site =   57 .. Mmps =   25 Ndav =   8 E =   -175.3184307602 Error = 5.69e-23 FLOPS = 1.20e+10 Tdav = 0.00 T = 0.08
 --> Site =   58 .. Mmps =   25 Ndav =   9 E =   -175.3184465531 Error = 2.50e-22 FLOPS = 1.21e+10 Tdav = 0.00 T = 0.08
 --> Site =   59 .. Mmps =   25 Ndav =  10 E =   -175.3184520423 Error = 3.16e-23 FLOPS = 1.20e+10 Tdav = 0.00 T = 0.08
 --> Site =   60 .. Mmps =   25 Ndav =   9 E =   -175.3184655780 Error = 1.18e-22 FLOPS = 1.22e+10 Tdav = 0.00 T = 0.08
 --> Site =   61 .. Mmps =   25 Ndav =  10 E =   -175.3184789049 Error = 3.15e-23 FLOPS = 1.20e+10 Tdav = 0.00 T = 0.08
 --> Site =   62 .. Mmps =   25 Ndav =  11 E =   -175.3185148535 Error = 1.33e-22 FLOPS = 1.12e+10 Tdav = 0.00 T = 0.11
 --> Site =   63 .. Mmps =   25 Ndav =  17 E =   -175.3185868295 Error = 1.54e-22 FLOPS = 1.02e+10 Tdav = 0.00 T = 0.09
 --> Site =   64 .. Mmps =   25 Ndav =  11 E =   -175.3186502466 Error = 1.90e-21 FLOPS = 1.14e+10 Tdav = 0.00 T = 0.08
 --> Site =   65 .. Mmps =   25 Ndav =  13 E =   -175.3186715520 Error = 1.13e-22 FLOPS = 1.13e+10 Tdav = 0.00 T = 0.08
 --> Site =   66 .. Mmps =   25 Ndav =  12 E =   -175.3187534512 Error = 8.92e-22 FLOPS = 1.17e+10 Tdav = 0.00 T = 0.08
 --> Site =   67 .. Mmps =   25 Ndav =  10 E =   -175.3187626509 Error = 1.22e-22 FLOPS = 1.21e+10 Tdav = 0.00 T = 0.08
 --> Site =   68 .. Mmps =   25 Ndav =  10 E =   -175.3187952761 Error = 3.67e-22 FLOPS = 1.21e+10 Tdav = 0.00 T = 0.08
 --> Site =   69 .. Mmps =   25 Ndav =   9 E =   -175.3188029611 Error = 9.29e-23 FLOPS = 1.23e+10 Tdav = 0.00 T = 0.09
 --> Site =   70 .. Mmps =   25 Ndav =  11 E =   -175.3188268058 Error = 4.59e-22 FLOPS = 1.13e+10 Tdav = 0.00 T = 0.09
 --> Site =   71 .. Mmps =   25 Ndav =   9 E =   -175.3188318253 Error = 6.10e-23 FLOPS = 1.16e+10 Tdav = 0.00 T = 0.08
 --> Site =   72 .. Mmps =   25 Ndav =   9 E =   -175.3188429988 Error = 4.79e-23 FLOPS = 1.16e+10 Tdav = 0.00 T = 0.08
 --> Site =   73 .. Mmps =   25 Ndav =   9 E =   -175.3188490837 Error = 1.54e-23 FLOPS = 1.21e+10 Tdav = 0.00 T = 0.08
 --> Site =   74 .. Mmps =   25 Ndav =  10 E =   -175.3188597647 Error = 6.80e-23 FLOPS = 1.21e+10 Tdav = 0.00 T = 0.13
 --> Site =   75 .. Mmps =   25 Ndav =   9 E =   -175.3188709869 Error = 1.99e-23 FLOPS = 1.23e+10 Tdav = 0.00 T = 0.09
 --> Site =   76 .. Mmps =   25 Ndav =  10 E =   -175.3188863733 Error = 1.45e-22 FLOPS = 1.20e+10 Tdav = 0.00 T = 0.10
 --> Site =   77 .. Mmps =   25 Ndav =  15 E =   -175.3189313251 Error = 3.88e-22 FLOPS = 1.06e+10 Tdav = 0.00 T = 0.08
 --> Site =   78 .. Mmps =   25 Ndav =  11 E =   -175.3189674288 Error = 9.65e-23 FLOPS = 1.14e+10 Tdav = 0.00 T = 0.09
 --> Site =   79 .. Mmps =   25 Ndav =  14 E =   -175.3189875889 Error = 1.05e-22 FLOPS = 1.09e+10 Tdav = 0.00 T = 0.09
 --> Site =   80 .. Mmps =   25 Ndav =  11 E =   -175.3190888829 Error = 9.63e-22 FLOPS = 1.18e+10 Tdav = 0.00 T = 0.09
 --> Site =   81 .. Mmps =   25 Ndav =  10 E =   -175.3190950600 Error = 8.43e-23 FLOPS = 1.20e+10 Tdav = 0.00 T = 0.08
 --> Site =   82 .. Mmps =   25 Ndav =   9 E =   -175.3191072266 Error = 2.67e-23 FLOPS = 1.22e+10 Tdav = 0.00 T = 0.08
 --> Site =   83 .. Mmps =   25 Ndav =  10 E =   -175.3191102988 Error = 1.28e-23 FLOPS = 1.21e+10 Tdav = 0.00 T = 0.09
 --> Site =   84 .. Mmps =   25 Ndav =   9 E =   -175.3191234183 Error = 1.37e-22 FLOPS = 1.24e+10 Tdav = 0.00 T = 0.08
 --> Site =   85 .. Mmps =   25 Ndav =   8 E =   -175.3191301952 Error = 1.76e-23 FLOPS = 1.17e+10 Tdav = 0.00 T = 0.09
 --> Site =   86 .. Mmps =   25 Ndav =   9 E =   -175.3191375262 Error = 1.47e-22 FLOPS = 1.17e+10 Tdav = 0.00 T = 0.09
 --> Site =   87 .. Mmps =   25 Ndav =   8 E =   -175.3191506183 Error = 3.94e-23 FLOPS = 1.19e+10 Tdav = 0.00 T = 0.08
 --> Site =   88 .. Mmps =   25 Ndav =  11 E =   -175.3191762218 Error = 1.88e-22 FLOPS = 1.20e+10 Tdav = 0.00 T = 0.08
 --> Site =   89 .. Mmps =   25 Ndav =  16 E =   -175.3192318233 Error = 9.09e-22 FLOPS = 1.07e+10 Tdav = 0.00 T = 0.09
 --> Site =   90 .. Mmps =   25 Ndav =  11 E =   -175.3192999385 Error = 8.09e-22 FLOPS = 1.21e+10 Tdav = 0.00 T = 0.08
 --> Site =   91 .. Mmps =   25 Ndav =  14 E =   -175.3193311822 Error = 1.11e-22 FLOPS = 1.13e+10 Tdav = 0.00 T = 0.08
 --> Site =   92 .. Mmps =   25 Ndav =  11 E =   -175.3194049135 Error = 4.23e-22 FLOPS = 1.21e+10 Tdav = 0.00 T = 0.09
 --> Site =   93 .. Mmps =   25 Ndav =  10 E =   -175.3194127785 Error = 2.30e-22 FLOPS = 1.16e+10 Tdav = 0.00 T = 0.09
 --> Site =   94 .. Mmps =   25 Ndav =  11 E =   -175.3194595832 Error = 4.37e-22 FLOPS = 1.14e+10 Tdav = 0.00 T = 0.09
 --> Site =   95 .. Mmps =   25 Ndav =   9 E =   -175.3194660242 Error = 1.19e-22 FLOPS = 1.18e+10 Tdav = 0.00 T = 0.14
 --> Site =   96 .. Mmps =   25 Ndav =  10 E =   -175.3194837657 Error = 1.20e-22 FLOPS = 1.21e+10 Tdav = 0.00 T = 0.08
 --> Site =   97 .. Mmps =   25 Ndav =   9 E =   -175.3194891602 Error = 3.77e-23 FLOPS = 1.24e+10 Tdav = 0.00 T = 0.08
 --> Site =   98 .. Mmps =   25 Ndav =   9 E =   -175.3194991364 Error = 8.36e-23 FLOPS = 1.23e+10 Tdav = 0.00 T = 0.10
 --> Site =   99 .. Mmps =   25 Ndav =   9 E =   -175.3195025726 Error = 4.37e-23 FLOPS = 1.24e+10 Tdav = 0.00 T = 0.09
 --> Site =  100 .. Mmps =   25 Ndav =   8 E =   -175.3195122735 Error = 9.92e-24 FLOPS = 1.18e+10 Tdav = 0.00 T = 0.08
 --> Site =  101 .. Mmps =   25 Ndav =   9 E =   -175.3195291467 Error = 4.58e-23 FLOPS = 1.17e+10 Tdav = 0.00 T = 0.08
 --> Site =  102 .. Mmps =   25 Ndav =  10 E =   -175.3195548464 Error = 6.53e-23 FLOPS = 1.16e+10 Tdav = 0.00 T = 0.09
 --> Site =  103 .. Mmps =   25 Ndav =  15 E =   -175.3195911191 Error = 2.87e-22 FLOPS = 1.09e+10 Tdav = 0.00 T = 0.09
 --> Site =  104 .. Mmps =   25 Ndav =  10 E =   -175.3196322593 Error = 1.85e-22 FLOPS = 1.21e+10 Tdav = 0.00 T = 0.08
 --> Site =  105 .. Mmps =   25 Ndav =  15 E =   -175.3196487238 Error = 1.02e-22 FLOPS = 1.10e+10 Tdav = 0.00 T = 0.08
 --> Site =  106 .. Mmps =   25 Ndav =  11 E =   -175.3197479832 Error = 3.61e-22 FLOPS = 1.19e+10 Tdav = 0.00 T = 0.10
 --> Site =  107 .. Mmps =   25 Ndav =  10 E =   -175.3197539889 Error = 5.87e-23 FLOPS = 1.21e+10 Tdav = 0.00 T = 0.08
 --> Site =  108 .. Mmps =   25 Ndav =   9 E =   -175.3197645058 Error = 9.41e-23 FLOPS = 1.15e+10 Tdav = 0.00 T = 0.08
 --> Site =  109 .. Mmps =   25 Ndav =  10 E =   -175.3197702806 Error = 8.28e-23 FLOPS = 1.15e+10 Tdav = 0.00 T = 0.08
 --> Site =  110 .. Mmps =   25 Ndav =  10 E =   -175.3197923171 Error = 1.72e-22 FLOPS = 1.14e+10 Tdav = 0.00 T = 0.08
 --> Site =  111 .. Mmps =   25 Ndav =  10 E =   -175.3197964886 Error = 9.33e-23 FLOPS = 1.18e+10 Tdav = 0.00 T = 0.08
 --> Site =  112 .. Mmps =   25 Ndav =  10 E =   -175.3198086943 Error = 1.38e-22 FLOPS = 1.20e+10 Tdav = 0.00 T = 0.08
 --> Site =  113 .. Mmps =   25 Ndav =   9 E =   -175.3198151470 Error = 2.03e-23 FLOPS = 1.22e+10 Tdav = 0.00 T = 0.08
 --> Site =  114 .. Mmps =   25 Ndav =  10 E =   -175.3198399939 Error = 1.60e-22 FLOPS = 1.21e+10 Tdav = 0.00 T = 0.08
 --> Site =  115 .. Mmps =   25 Ndav =  16 E =   -175.3199296792 Error = 6.08e-22 FLOPS = 1.05e+10 Tdav = 0.00 T = 0.09
 --> Site =  116 .. Mmps =   25 Ndav =  11 E =   -175.3200211250 Error = 1.34e-21 FLOPS = 1.12e+10 Tdav = 0.00 T = 0.07
 --> Site =  117 .. Mmps =   25 Ndav =  14 E =   -175.3200432125 Error = 1.50e-22 FLOPS = 1.06e+10 Tdav = 0.00 T = 0.08
 --> Site =  118 .. Mmps =   25 Ndav =  11 E =   -175.3201010618 Error = 6.09e-22 FLOPS = 1.13e+10 Tdav = 0.00 T = 0.08
 --> Site =  119 .. Mmps =   25 Ndav =   9 E =   -175.3201093052 Error = 5.98e-23 FLOPS = 1.16e+10 Tdav = 0.00 T = 0.08
 --> Site =  120 .. Mmps =   25 Ndav =  11 E =   -175.3201539688 Error = 1.88e-22 FLOPS = 1.16e+10 Tdav = 0.00 T = 0.08
 --> Site =  121 .. Mmps =   25 Ndav =  10 E =   -175.3201577280 Error = 1.41e-22 FLOPS = 1.10e+10 Tdav = 0.00 T = 0.07
 --> Site =  122 .. Mmps =   25 Ndav =   9 E =   -175.3201876827 Error = 1.77e-22 FLOPS = 1.13e+10 Tdav = 0.00 T = 0.08
 --> Site =  123 .. Mmps =   25 Ndav =  10 E =   -175.3201893489 Error = 5.99e-23 FLOPS = 1.17e+10 Tdav = 0.00 T = 0.07
 --> Site =  124 .. Mmps =   25 Ndav =   9 E =   -175.3202023257 Error = 1.37e-22 FLOPS = 1.20e+10 Tdav = 0.00 T = 0.07
 --> Site =  125 .. Mmps =   25 Ndav =   9 E =   -175.3202059892 Error = 2.38e-23 FLOPS = 1.20e+10 Tdav = 0.00 T = 0.07
 --> Site =  126 .. Mmps =   25 Ndav =  10 E =   -175.3202439985 Error = 6.08e-23 FLOPS = 1.18e+10 Tdav = 0.00 T = 0.07
 --> Site =  127 .. Mmps =   25 Ndav =  11 E =   -175.3202540252 Error = 7.41e-23 FLOPS = 1.15e+10 Tdav = 0.00 T = 0.07
 --> Site =  128 .. Mmps =   25 Ndav =  10 E =   -175.3202659974 Error = 4.29e-23 FLOPS = 1.17e+10 Tdav = 0.00 T = 0.07
 --> Site =  129 .. Mmps =   25 Ndav =  13 E =   -175.3203027764 Error = 5.24e-23 FLOPS = 1.08e+10 Tdav = 0.00 T = 0.06
 --> Site =  130 .. Mmps =   25 Ndav =   8 E =   -175.3203095153 Error = 4.14e-23 FLOPS = 1.21e+10 Tdav = 0.00 T = 0.06
 --> Site =  131 .. Mmps =   25 Ndav =  13 E =   -175.3203320812 Error = 9.40e-23 FLOPS = 1.07e+10 Tdav = 0.00 T = 0.06
 --> Site =  132 .. Mmps =   25 Ndav =  10 E =   -175.3203599765 Error = 3.35e-22 FLOPS = 1.15e+10 Tdav = 0.00 T = 0.06
 --> Site =  133 .. Mmps =   25 Ndav =  11 E =   -175.3203686017 Error = 1.96e-22 FLOPS = 1.11e+10 Tdav = 0.00 T = 0.06
 --> Site =  134 .. Mmps =   25 Ndav =   9 E =   -175.3203766567 Error = 4.38e-23 FLOPS = 1.16e+10 Tdav = 0.00 T = 0.07
 --> Site =  135 .. Mmps =   25 Ndav =  10 E =   -175.3203876492 Error = 5.33e-23 FLOPS = 1.13e+10 Tdav = 0.00 T = 0.06
 --> Site =  136 .. Mmps =   25 Ndav =   9 E =   -175.3204005309 Error = 8.07e-23 FLOPS = 1.15e+10 Tdav = 0.00 T = 0.07
 --> Site =  137 .. Mmps =   25 Ndav =  11 E =   -175.3204156988 Error = 2.39e-22 FLOPS = 1.08e+10 Tdav = 0.00 T = 0.06
 --> Site =  138 .. Mmps =   25 Ndav =  10 E =   -175.3204367544 Error = 7.65e-23 FLOPS = 1.11e+10 Tdav = 0.00 T = 0.05
 --> Site =  139 .. Mmps =   25 Ndav =  10 E =   -175.3204504546 Error = 3.11e-23 FLOPS = 1.10e+10 Tdav = 0.00 T = 0.05
 --> Site =  140 .. Mmps =   25 Ndav =   9 E =   -175.3204611344 Error = 4.85e-23 FLOPS = 1.12e+10 Tdav = 0.00 T = 0.04
 --> Site =  141 .. Mmps =   25 Ndav =  13 E =   -175.3205020193 Error = 4.44e-22 FLOPS = 9.85e+09 Tdav = 0.00 T = 0.05
 --> Site =  142 .. Mmps =   25 Ndav =   9 E =   -175.3205647854 Error = 4.22e-22 FLOPS = 1.10e+10 Tdav = 0.00 T = 0.04
 --> Site =  143 .. Mmps =   25 Ndav =  11 E =   -175.3205804166 Error = 1.68e-22 FLOPS = 1.03e+10 Tdav = 0.00 T = 0.04
 --> Site =  144 .. Mmps =   25 Ndav =  11 E =   -175.3206049147 Error = 1.55e-22 FLOPS = 1.01e+10 Tdav = 0.00 T = 0.05
 --> Site =  145 .. Mmps =   25 Ndav =  10 E =   -175.3206149257 Error = 3.02e-23 FLOPS = 1.03e+10 Tdav = 0.00 T = 0.04
 --> Site =  146 .. Mmps =   25 Ndav =  11 E =   -175.3206372565 Error = 2.38e-22 FLOPS = 9.82e+09 Tdav = 0.00 T = 0.04
 --> Site =  147 .. Mmps =   25 Ndav =  12 E =   -175.3206653387 Error = 1.54e-22 FLOPS = 9.39e+09 Tdav = 0.00 T = 0.04
 --> Site =  148 .. Mmps =   25 Ndav =  11 E =   -175.3206983022 Error = 4.86e-22 FLOPS = 9.49e+09 Tdav = 0.00 T = 0.05
 --> Site =  149 .. Mmps =   25 Ndav =  13 E =   -175.3207202792 Error = 4.01e-22 FLOPS = 8.57e+09 Tdav = 0.00 T = 0.04
 --> Site =  150 .. Mmps =   25 Ndav =  12 E =   -175.3207639011 Error = 3.87e-22 FLOPS = 8.72e+09 Tdav = 0.00 T = 0.04
 --> Site =  151 .. Mmps =   25 Ndav =  13 E =   -175.3208061186 Error = 1.37e-22 FLOPS = 8.28e+09 Tdav = 0.00 T = 0.04
 --> Site =  152 .. Mmps =   25 Ndav =  12 E =   -175.3208647720 Error = 1.13e-21 FLOPS = 8.25e+09 Tdav = 0.00 T = 0.04
 --> Site =  153 .. Mmps =   25 Ndav =  12 E =   -175.3209069790 Error = 4.99e-22 FLOPS = 8.19e+09 Tdav = 0.00 T = 0.03
 --> Site =  154 .. Mmps =   25 Ndav =  11 E =   -175.3209704503 Error = 6.60e-22 FLOPS = 8.28e+09 Tdav = 0.00 T = 0.03
 --> Site =  155 .. Mmps =   25 Ndav =  12 E =   -175.3210459060 Error = 3.76e-22 FLOPS = 7.60e+09 Tdav = 0.00 T = 0.03
 --> Site =  156 .. Mmps =   25 Ndav =  10 E =   -175.3211195385 Error = 1.56e-21 FLOPS = 8.01e+09 Tdav = 0.00 T = 0.04
 --> Site =  157 .. Mmps =   25 Ndav =  14 E =   -175.3211916570 Error = 3.71e-22 FLOPS = 6.43e+09 Tdav = 0.00 T = 0.03
 --> Site =  158 .. Mmps =   25 Ndav =  11 E =   -175.3212167581 Error = 1.34e-22 FLOPS = 7.20e+09 Tdav = 0.00 T = 0.03
 --> Site =  159 .. Mmps =   25 Ndav =  15 E =   -175.3212555426 Error = 3.16e-22 FLOPS = 5.53e+09 Tdav = 0.00 T = 0.03
 --> Site =  160 .. Mmps =   25 Ndav =  10 E =   -175.3212623200 Error = 6.32e-23 FLOPS = 6.71e+09 Tdav = 0.00 T = 0.03
 --> Site =  161 .. Mmps =   25 Ndav =  11 E =   -175.3212690522 Error = 3.11e-23 FLOPS = 5.98e+09 Tdav = 0.00 T = 0.03
 --> Site =  162 .. Mmps =   25 Ndav =   8 E =   -175.3212698720 Error = 1.93e-23 FLOPS = 6.35e+09 Tdav = 0.00 T = 0.03
 --> Site =  163 .. Mmps =   25 Ndav =   9 E =   -175.3212702848 Error = 7.23e-25 FLOPS = 5.59e+09 Tdav = 0.00 T = 0.03
 --> Site =  164 .. Mmps =   25 Ndav =   7 E =   -175.3212703948 Error = 4.13e-25 FLOPS = 5.47e+09 Tdav = 0.00 T = 0.03
 --> Site =  165 .. Mmps =   25 Ndav =   2 E =   -175.3212703948 Error = 2.48e-30 FLOPS = 2.64e+09 Tdav = 0.00 T = 0.03
 --> Site =  166 .. Mmps =   25 Ndav =   1 E =   -175.3212703948 Error = 1.05e-58 FLOPS = 1.10e+09 Tdav = 0.00 T = 0.04
 --> Site =  167 .. Mmps =   25 Ndav =   1 E =   -175.3212703948 Error = 4.00e-84 FLOPS = 4.88e+08 Tdav = 0.00 T = 0.03
 --> Site =  168 .. Mmps =   25 Ndav =   1 E =   -175.3212703948 Error = 0.00e+00 FLOPS = 1.56e+08 Tdav = 0.00 T = 0.03
Time elapsed =    181.768 | E =    -175.3212703948 | DE = -4.64e-03 | DW = 2.26106e-21
Time sweep =       10.804 | 3.04 GFLOP/SWP
 | Dmem = 279 KB (2%) | Imem = 232 B (79%) | Hmem = 1.15 MB | Wmem = 5.86 KB | Pmem = 5.86 KB
 | Tread = 0.198 | Twrite = 0.958 | Tfpread = 0.057 | Tfpwrite = 0.051 | Tmporead = 0.000 | Tasync = 0.000
 | data = 30.8 MB | cpsd = 23.7 MB
 | Trot = 0.052 | Tctr = 0.007 | Tint = 0.011 | Tmid = 0.000 | Tdctr = 0.136 | Tdiag = 0.021 | Tinfo = 0.296
 | Teff = 5.146 | Tprt = 0.123 | Teig = 0.300 | Tblk = 8.994 | Tmve = 1.801 | Tdm = 0.002 | Tsplt = 0.039 | Tsvd = 0.000 | Torth = 0.000

Sweep =    5 | Direction = backward | Bond dimension =   25 | Noise =  1.00e-05 | Dav threshold =  1.00e-10
 <-- Site =  168 .. Mmps =    2 Ndav =   1 E =   -175.3212703948 Error = 0.00e+00 FLOPS = 1.50e+08 Tdav = 0.00 T = 0.03
 <-- Site =  167 .. Mmps =    4 Ndav =   1 E =   -175.3212703948 Error = 0.00e+00 FLOPS = 5.03e+08 Tdav = 0.00 T = 0.03
 <-- Site =  166 .. Mmps =    8 Ndav =   1 E =   -175.3212703948 Error = 0.00e+00 FLOPS = 1.14e+09 Tdav = 0.00 T = 0.04
 <-- Site =  165 .. Mmps =   16 Ndav =   1 E =   -175.3212703948 Error = 0.00e+00 FLOPS = 1.90e+09 Tdav = 0.00 T = 0.03
 <-- Site =  164 .. Mmps =   25 Ndav =   1 E =   -175.3212703948 Error = 3.42e-21 FLOPS = 3.41e+09 Tdav = 0.00 T = 0.03
 <-- Site =  163 .. Mmps =   25 Ndav =   6 E =   -175.3212704151 Error = 1.04e-20 FLOPS = 6.97e+09 Tdav = 0.00 T = 0.03
 <-- Site =  162 .. Mmps =   25 Ndav =   7 E =   -175.3212705080 Error = 1.38e-19 FLOPS = 7.78e+09 Tdav = 0.00 T = 0.03
 <-- Site =  161 .. Mmps =   25 Ndav =   8 E =   -175.3212710554 Error = 1.49e-19 FLOPS = 8.01e+09 Tdav = 0.00 T = 0.04
 <-- Site =  160 .. Mmps =   25 Ndav =  10 E =   -175.3212797454 Error = 1.04e-18 FLOPS = 7.77e+09 Tdav = 0.00 T = 0.03
 <-- Site =  159 .. Mmps =   25 Ndav =  14 E =   -175.3212850356 Error = 1.68e-19 FLOPS = 6.85e+09 Tdav = 0.00 T = 0.03
 <-- Site =  158 .. Mmps =   25 Ndav =  12 E =   -175.3213274813 Error = 1.65e-19 FLOPS = 7.89e+09 Tdav = 0.00 T = 0.03
 <-- Site =  157 .. Mmps =   25 Ndav =  13 E =   -175.3213437678 Error = 1.88e-18 FLOPS = 7.81e+09 Tdav = 0.00 T = 0.03
 <-- Site =  156 .. Mmps =   25 Ndav =  11 E =   -175.3214440078 Error = 5.28e-19 FLOPS = 8.75e+09 Tdav = 0.00 T = 0.03
 <-- Site =  155 .. Mmps =   25 Ndav =  15 E =   -175.3218129965 Error = 1.97e-18 FLOPS = 7.66e+09 Tdav = 0.00 T = 0.03
 <-- Site =  154 .. Mmps =   25 Ndav =  13 E =   -175.3220775587 Error = 9.24e-19 FLOPS = 8.56e+09 Tdav = 0.00 T = 0.09
 <-- Site =  153 .. Mmps =   25 Ndav =  15 E =   -175.3223208566 Error = 5.26e-19 FLOPS = 8.14e+09 Tdav = 0.00 T = 0.04
 <-- Site =  152 .. Mmps =   25 Ndav =  14 E =   -175.3224566898 Error = 3.92e-19 FLOPS = 8.66e+09 Tdav = 0.00 T = 0.04
 <-- Site =  151 .. Mmps =   25 Ndav =  15 E =   -175.3225707564 Error = 2.22e-18 FLOPS = 8.52e+09 Tdav = 0.00 T = 0.07
 <-- Site =  150 .. Mmps =   25 Ndav =  13 E =   -175.3227446304 Error = 2.68e-19 FLOPS = 9.36e+09 Tdav = 0.00 T = 0.04
 <-- Site =  149 .. Mmps =   25 Ndav =  15 E =   -175.3228807924 Error = 4.73e-19 FLOPS = 8.87e+09 Tdav = 0.00 T = 0.06
 <-- Site =  148 .. Mmps =   25 Ndav =  13 E =   -175.3230033535 Error = 2.51e-17 FLOPS = 9.66e+09 Tdav = 0.00 T = 0.04
 <-- Site =  147 .. Mmps =   25 Ndav =  15 E =   -175.3231508182 Error = 1.91e-18 FLOPS = 9.14e+09 Tdav = 0.00 T = 0.05
 <-- Site =  146 .. Mmps =   25 Ndav =  13 E =   -175.3233013042 Error = 1.27e-17 FLOPS = 9.91e+09 Tdav = 0.00 T = 0.04
 <-- Site =  145 .. Mmps =   25 Ndav =  12 E =   -175.3233431939 Error = 7.31e-19 FLOPS = 1.03e+10 Tdav = 0.00 T = 0.04
 <-- Site =  144 .. Mmps =   25 Ndav =  12 E =   -175.3233894663 Error = 5.51e-19 FLOPS = 1.04e+10 Tdav = 0.00 T = 0.05
 <-- Site =  143 .. Mmps =   25 Ndav =  13 E =   -175.3235102656 Error = 4.85e-19 FLOPS = 1.02e+10 Tdav = 0.00 T = 0.05
 <-- Site =  142 .. Mmps =   25 Ndav =  10 E =   -175.3236203216 Error = 3.96e-18 FLOPS = 1.11e+10 Tdav = 0.00 T = 0.05
 <-- Site =  141 .. Mmps =   25 Ndav =  15 E =   -175.3237873260 Error = 9.19e-19 FLOPS = 9.80e+09 Tdav = 0.00 T = 0.05
 <-- Site =  140 .. Mmps =   25 Ndav =  12 E =   -175.3239426909 Error = 2.28e-17 FLOPS = 1.08e+10 Tdav = 0.00 T = 0.07
 <-- Site =  139 .. Mmps =   25 Ndav =  12 E =   -175.3240063128 Error = 8.54e-20 FLOPS = 1.08e+10 Tdav = 0.00 T = 0.05
 <-- Site =  138 .. Mmps =   25 Ndav =  12 E =   -175.3240643195 Error = 3.23e-18 FLOPS = 1.08e+10 Tdav = 0.00 T = 0.05
 <-- Site =  137 .. Mmps =   25 Ndav =  13 E =   -175.3241181112 Error = 3.60e-19 FLOPS = 1.07e+10 Tdav = 0.00 T = 0.05
 <-- Site =  136 .. Mmps =   25 Ndav =  11 E =   -175.3242314689 Error = 2.71e-17 FLOPS = 1.13e+10 Tdav = 0.00 T = 0.05
 <-- Site =  135 .. Mmps =   25 Ndav =  12 E =   -175.3242839344 Error = 2.79e-19 FLOPS = 1.10e+10 Tdav = 0.00 T = 0.06
 <-- Site =  134 .. Mmps =   25 Ndav =  11 E =   -175.3243113398 Error = 1.73e-17 FLOPS = 1.14e+10 Tdav = 0.00 T = 0.06
 <-- Site =  133 .. Mmps =   25 Ndav =  10 E =   -175.3243230589 Error = 8.30e-20 FLOPS = 1.16e+10 Tdav = 0.00 T = 0.06
 <-- Site =  132 .. Mmps =   25 Ndav =  11 E =   -175.3243570872 Error = 2.16e-19 FLOPS = 1.15e+10 Tdav = 0.00 T = 0.06
 <-- Site =  131 .. Mmps =   25 Ndav =  14 E =   -175.3244193723 Error = 1.35e-19 FLOPS = 1.08e+10 Tdav = 0.00 T = 0.06
 <-- Site =  130 .. Mmps =   25 Ndav =  11 E =   -175.3244624376 Error = 3.09e-18 FLOPS = 1.15e+10 Tdav = 0.00 T = 0.07
 <-- Site =  129 .. Mmps =   25 Ndav =  13 E =   -175.3244857455 Error = 1.49e-19 FLOPS = 1.11e+10 Tdav = 0.00 T = 0.07
 <-- Site =  128 .. Mmps =   25 Ndav =  12 E =   -175.3245412872 Error = 2.79e-18 FLOPS = 1.14e+10 Tdav = 0.00 T = 0.07
 <-- Site =  127 .. Mmps =   25 Ndav =  11 E =   -175.3245648541 Error = 2.67e-19 FLOPS = 1.16e+10 Tdav = 0.00 T = 0.07
 <-- Site =  126 .. Mmps =   25 Ndav =  10 E =   -175.3245887534 Error = 6.50e-19 FLOPS = 1.19e+10 Tdav = 0.00 T = 0.07
 <-- Site =  125 .. Mmps =   25 Ndav =  12 E =   -175.3246069481 Error = 5.17e-19 FLOPS = 1.15e+10 Tdav = 0.00 T = 0.07
 <-- Site =  124 .. Mmps =   25 Ndav =  10 E =   -175.3246307758 Error = 1.36e-19 FLOPS = 1.18e+10 Tdav = 0.00 T = 0.07
 <-- Site =  123 .. Mmps =   25 Ndav =  10 E =   -175.3246516072 Error = 2.23e-19 FLOPS = 1.19e+10 Tdav = 0.00 T = 0.07
 <-- Site =  122 .. Mmps =   25 Ndav =   9 E =   -175.3246815338 Error = 1.48e-19 FLOPS = 1.21e+10 Tdav = 0.00 T = 0.08
 <-- Site =  121 .. Mmps =   25 Ndav =   9 E =   -175.3247085485 Error = 5.34e-20 FLOPS = 1.21e+10 Tdav = 0.00 T = 0.08
 <-- Site =  120 .. Mmps =   25 Ndav =  11 E =   -175.3247491392 Error = 1.34e-18 FLOPS = 1.18e+10 Tdav = 0.00 T = 0.08
 <-- Site =  119 .. Mmps =   25 Ndav =  13 E =   -175.3248607843 Error = 2.24e-19 FLOPS = 1.14e+10 Tdav = 0.01 T = 0.08
 <-- Site =  118 .. Mmps =   25 Ndav =  12 E =   -175.3249046517 Error = 2.78e-19 FLOPS = 1.17e+10 Tdav = 0.00 T = 0.08
 <-- Site =  117 .. Mmps =   25 Ndav =  16 E =   -175.3249930682 Error = 9.43e-20 FLOPS = 1.09e+10 Tdav = 0.01 T = 0.08
 <-- Site =  116 .. Mmps =   25 Ndav =  12 E =   -175.3251056499 Error = 1.22e-19 FLOPS = 1.17e+10 Tdav = 0.00 T = 0.08
 <-- Site =  115 .. Mmps =   25 Ndav =  18 E =   -175.3252265426 Error = 4.60e-19 FLOPS = 1.05e+10 Tdav = 0.01 T = 0.09
 <-- Site =  114 .. Mmps =   25 Ndav =  12 E =   -175.3253202024 Error = 3.21e-19 FLOPS = 1.18e+10 Tdav = 0.00 T = 0.09
 <-- Site =  113 .. Mmps =   25 Ndav =   9 E =   -175.3253435159 Error = 9.07e-20 FLOPS = 1.23e+10 Tdav = 0.00 T = 0.09
 <-- Site =  112 .. Mmps =   25 Ndav =  10 E =   -175.3253837988 Error = 3.70e-18 FLOPS = 1.20e+10 Tdav = 0.00 T = 0.08
 <-- Site =  111 .. Mmps =   25 Ndav =  11 E =   -175.3254086236 Error = 1.27e-19 FLOPS = 1.20e+10 Tdav = 0.00 T = 0.09
 <-- Site =  110 .. Mmps =   25 Ndav =  11 E =   -175.3254717875 Error = 6.10e-18 FLOPS = 1.20e+10 Tdav = 0.00 T = 0.09
 <-- Site =  109 .. Mmps =   25 Ndav =  12 E =   -175.3255076486 Error = 1.07e-18 FLOPS = 1.18e+10 Tdav = 0.00 T = 0.09
 <-- Site =  108 .. Mmps =   25 Ndav =  11 E =   -175.3255397087 Error = 1.28e-17 FLOPS = 1.20e+10 Tdav = 0.00 T = 0.09
 <-- Site =  107 .. Mmps =   25 Ndav =  11 E =   -175.3255656929 Error = 1.57e-18 FLOPS = 1.20e+10 Tdav = 0.00 T = 0.09
 <-- Site =  106 .. Mmps =   25 Ndav =  11 E =   -175.3255980939 Error = 5.44e-19 FLOPS = 1.20e+10 Tdav = 0.00 T = 0.09
 <-- Site =  105 .. Mmps =   25 Ndav =  17 E =   -175.3256943731 Error = 7.27e-19 FLOPS = 1.09e+10 Tdav = 0.01 T = 0.09
 <-- Site =  104 .. Mmps =   25 Ndav =  12 E =   -175.3258663658 Error = 1.68e-19 FLOPS = 1.19e+10 Tdav = 0.01 T = 0.09
 <-- Site =  103 .. Mmps =   25 Ndav =  16 E =   -175.3259589771 Error = 8.84e-19 FLOPS = 1.11e+10 Tdav = 0.01 T = 0.10
 <-- Site =  102 .. Mmps =   25 Ndav =  12 E =   -175.3260524385 Error = 7.92e-18 FLOPS = 1.19e+10 Tdav = 0.01 T = 0.09
 <-- Site =  101 .. Mmps =   25 Ndav =  12 E =   -175.3260954746 Error = 8.79e-20 FLOPS = 1.19e+10 Tdav = 0.01 T = 0.09
 <-- Site =  100 .. Mmps =   25 Ndav =  11 E =   -175.3261839871 Error = 7.72e-19 FLOPS = 1.21e+10 Tdav = 0.00 T = 0.09
 <-- Site =   99 .. Mmps =   25 Ndav =  10 E =   -175.3262024033 Error = 4.40e-20 FLOPS = 1.23e+10 Tdav = 0.00 T = 0.09
 <-- Site =   98 .. Mmps =   25 Ndav =  11 E =   -175.3262529500 Error = 1.19e-17 FLOPS = 1.21e+10 Tdav = 0.00 T = 0.09
 <-- Site =   97 .. Mmps =   25 Ndav =  11 E =   -175.3262852586 Error = 4.46e-20 FLOPS = 1.21e+10 Tdav = 0.00 T = 0.09
 <-- Site =   96 .. Mmps =   25 Ndav =  11 E =   -175.3263133309 Error = 1.90e-19 FLOPS = 1.21e+10 Tdav = 0.00 T = 0.09
 <-- Site =   95 .. Mmps =   25 Ndav =  11 E =   -175.3263464842 Error = 1.09e-19 FLOPS = 1.21e+10 Tdav = 0.00 T = 0.09
 <-- Site =   94 .. Mmps =   25 Ndav =  11 E =   -175.3263986479 Error = 3.42e-19 FLOPS = 1.21e+10 Tdav = 0.00 T = 0.09
 <-- Site =   93 .. Mmps =   25 Ndav =  13 E =   -175.3264814365 Error = 3.78e-19 FLOPS = 1.18e+10 Tdav = 0.01 T = 0.13
 <-- Site =   92 .. Mmps =   25 Ndav =  12 E =   -175.3266709370 Error = 1.01e-18 FLOPS = 1.20e+10 Tdav = 0.01 T = 0.10
 <-- Site =   91 .. Mmps =   25 Ndav =  17 E =   -175.3267922065 Error = 6.36e-19 FLOPS = 1.10e+10 Tdav = 0.01 T = 0.10
 <-- Site =   90 .. Mmps =   25 Ndav =  12 E =   -175.3268850893 Error = 1.55e-18 FLOPS = 1.20e+10 Tdav = 0.01 T = 0.09
 <-- Site =   89 .. Mmps =   25 Ndav =  17 E =   -175.3270257167 Error = 3.20e-19 FLOPS = 1.09e+10 Tdav = 0.01 T = 0.10
 <-- Site =   88 .. Mmps =   25 Ndav =  12 E =   -175.3271331617 Error = 6.67e-18 FLOPS = 1.14e+10 Tdav = 0.01 T = 0.10
 <-- Site =   87 .. Mmps =   25 Ndav =   9 E =   -175.3271608151 Error = 1.70e-19 FLOPS = 1.16e+10 Tdav = 0.00 T = 0.12
 <-- Site =   86 .. Mmps =   25 Ndav =  11 E =   -175.3272087470 Error = 3.02e-18 FLOPS = 1.14e+10 Tdav = 0.00 T = 0.12
 <-- Site =   85 .. Mmps =   25 Ndav =  12 E =   -175.3272755783 Error = 1.17e-19 FLOPS = 1.13e+10 Tdav = 0.01 T = 0.10
 <-- Site =   84 .. Mmps =   25 Ndav =  10 E =   -175.3272980027 Error = 1.48e-18 FLOPS = 1.14e+10 Tdav = 0.00 T = 0.10
 <-- Site =   83 .. Mmps =   25 Ndav =  11 E =   -175.3273143895 Error = 8.55e-19 FLOPS = 1.14e+10 Tdav = 0.00 T = 0.10
 <-- Site =   82 .. Mmps =   25 Ndav =  10 E =   -175.3273698010 Error = 4.53e-18 FLOPS = 1.14e+10 Tdav = 0.00 T = 0.13
 <-- Site =   81 .. Mmps =   25 Ndav =  11 E =   -175.3274001877 Error = 7.62e-20 FLOPS = 1.13e+10 Tdav = 0.00 T = 0.10
 <-- Site =   80 .. Mmps =   25 Ndav =  11 E =   -175.3274454390 Error = 3.78e-19 FLOPS = 1.14e+10 Tdav = 0.00 T = 0.11
 <-- Site =   79 .. Mmps =   25 Ndav =  17 E =   -175.3276021077 Error = 4.01e-19 FLOPS = 1.06e+10 Tdav = 0.01 T = 0.10
 <-- Site =   78 .. Mmps =   25 Ndav =  12 E =   -175.3277525353 Error = 8.17e-18 FLOPS = 1.11e+10 Tdav = 0.01 T = 0.10
 <-- Site =   77 .. Mmps =   25 Ndav =  15 E =   -175.3278400281 Error = 3.28e-19 FLOPS = 1.09e+10 Tdav = 0.01 T = 0.11
 <-- Site =   76 .. Mmps =   25 Ndav =  12 E =   -175.3279109275 Error = 3.73e-19 FLOPS = 1.11e+10 Tdav = 0.01 T = 0.10
 <-- Site =   75 .. Mmps =   25 Ndav =  13 E =   -175.3279798969 Error = 1.37e-19 FLOPS = 1.12e+10 Tdav = 0.01 T = 0.10
 <-- Site =   74 .. Mmps =   25 Ndav =  11 E =   -175.3280122851 Error = 3.07e-18 FLOPS = 1.14e+10 Tdav = 0.00 T = 0.10
 <-- Site =   73 .. Mmps =   25 Ndav =  11 E =   -175.3280446647 Error = 3.45e-19 FLOPS = 1.14e+10 Tdav = 0.00 T = 0.10
 <-- Site =   72 .. Mmps =   25 Ndav =  11 E =   -175.3280747888 Error = 1.68e-19 FLOPS = 1.14e+10 Tdav = 0.00 T = 0.10
 <-- Site =   71 .. Mmps =   25 Ndav =  10 E =   -175.3280882601 Error = 1.65e-19 FLOPS = 1.15e+10 Tdav = 0.00 T = 0.10
 <-- Site =   70 .. Mmps =   25 Ndav =  11 E =   -175.3281330148 Error = 1.65e-19 FLOPS = 1.14e+10 Tdav = 0.00 T = 0.10
 <-- Site =   69 .. Mmps =   25 Ndav =  10 E =   -175.3281693691 Error = 5.71e-20 FLOPS = 1.15e+10 Tdav = 0.00 T = 0.09
 <-- Site =   68 .. Mmps =   25 Ndav =  11 E =   -175.3282115031 Error = 1.78e-18 FLOPS = 1.14e+10 Tdav = 0.00 T = 0.10
 <-- Site =   67 .. Mmps =   25 Ndav =  14 E =   -175.3283580628 Error = 1.50e-19 FLOPS = 1.10e+10 Tdav = 0.01 T = 0.10
 <-- Site =   66 .. Mmps =   25 Ndav =  13 E =   -175.3285060760 Error = 5.08e-18 FLOPS = 1.12e+10 Tdav = 0.01 T = 0.10
 <-- Site =   65 .. Mmps =   25 Ndav =  17 E =   -175.3285999640 Error = 8.18e-19 FLOPS = 1.06e+10 Tdav = 0.01 T = 0.10
 <-- Site =   64 .. Mmps =   25 Ndav =  12 E =   -175.3287185203 Error = 4.00e-19 FLOPS = 1.13e+10 Tdav = 0.01 T = 0.10
 <-- Site =   63 .. Mmps =   25 Ndav =  18 E =   -175.3288763696 Error = 4.71e-19 FLOPS = 1.04e+10 Tdav = 0.01 T = 0.10
 <-- Site =   62 .. Mmps =   25 Ndav =  12 E =   -175.3289794747 Error = 1.28e-17 FLOPS = 1.13e+10 Tdav = 0.01 T = 0.10
 <-- Site =   61 .. Mmps =   25 Ndav =   9 E =   -175.3290273967 Error = 1.31e-19 FLOPS = 1.16e+10 Tdav = 0.00 T = 0.09
 <-- Site =   60 .. Mmps =   25 Ndav =  10 E =   -175.3290544252 Error = 3.13e-18 FLOPS = 1.15e+10 Tdav = 0.00 T = 0.09
 <-- Site =   59 .. Mmps =   25 Ndav =   9 E =   -175.3290911779 Error = 4.59e-20 FLOPS = 1.15e+10 Tdav = 0.00 T = 0.09
 <-- Site =   58 .. Mmps =   25 Ndav =  10 E =   -175.3291260180 Error = 1.53e-18 FLOPS = 1.15e+10 Tdav = 0.00 T = 0.09
 <-- Site =   57 .. Mmps =   25 Ndav =  12 E =   -175.3291637549 Error = 5.87e-19 FLOPS = 1.12e+10 Tdav = 0.01 T = 0.09
 <-- Site =   56 .. Mmps =   25 Ndav =  11 E =   -175.3292101641 Error = 3.18e-19 FLOPS = 1.14e+10 Tdav = 0.00 T = 0.09
 <-- Site =   55 .. Mmps =   25 Ndav =  11 E =   -175.3292520016 Error = 8.07e-20 FLOPS = 1.14e+10 Tdav = 0.00 T = 0.09
 <-- Site =   54 .. Mmps =   25 Ndav =  12 E =   -175.3293021041 Error = 3.04e-18 FLOPS = 1.11e+10 Tdav = 0.01 T = 0.09
 <-- Site =   53 .. Mmps =   25 Ndav =  17 E =   -175.3294283291 Error = 6.28e-19 FLOPS = 1.04e+10 Tdav = 0.01 T = 0.09
 <-- Site =   52 .. Mmps =   25 Ndav =  12 E =   -175.3295377232 Error = 1.63e-17 FLOPS = 1.13e+10 Tdav = 0.00 T = 0.09
 <-- Site =   51 .. Mmps =   25 Ndav =  15 E =   -175.3296366438 Error = 1.79e-18 FLOPS = 1.08e+10 Tdav = 0.01 T = 0.09
 <-- Site =   50 .. Mmps =   25 Ndav =  12 E =   -175.3296967806 Error = 7.00e-18 FLOPS = 1.14e+10 Tdav = 0.00 T = 0.09
 <-- Site =   49 .. Mmps =   25 Ndav =  10 E =   -175.3297123027 Error = 7.78e-20 FLOPS = 1.14e+10 Tdav = 0.00 T = 0.09
 <-- Site =   48 .. Mmps =   25 Ndav =  10 E =   -175.3297477475 Error = 4.75e-18 FLOPS = 1.16e+10 Tdav = 0.00 T = 0.08
 <-- Site =   47 .. Mmps =   25 Ndav =  11 E =   -175.3297697225 Error = 1.53e-19 FLOPS = 1.16e+10 Tdav = 0.00 T = 0.09
 <-- Site =   46 .. Mmps =   25 Ndav =  10 E =   -175.3298046591 Error = 1.00e-19 FLOPS = 1.18e+10 Tdav = 0.00 T = 0.08
 <-- Site =   45 .. Mmps =   25 Ndav =  11 E =   -175.3298413246 Error = 1.73e-19 FLOPS = 1.16e+10 Tdav = 0.00 T = 0.08
 <-- Site =   44 .. Mmps =   25 Ndav =  11 E =   -175.3298611813 Error = 1.51e-18 FLOPS = 1.17e+10 Tdav = 0.00 T = 0.07
 <-- Site =   43 .. Mmps =   25 Ndav =  11 E =   -175.3298981101 Error = 5.90e-20 FLOPS = 1.17e+10 Tdav = 0.00 T = 0.07
 <-- Site =   42 .. Mmps =   25 Ndav =  12 E =   -175.3299473952 Error = 7.69e-19 FLOPS = 1.15e+10 Tdav = 0.00 T = 0.07
 <-- Site =   41 .. Mmps =   25 Ndav =  12 E =   -175.3300379600 Error = 1.07e-19 FLOPS = 1.15e+10 Tdav = 0.00 T = 0.09
 <-- Site =   40 .. Mmps =   25 Ndav =  11 E =   -175.3301608435 Error = 6.00e-19 FLOPS = 1.17e+10 Tdav = 0.00 T = 0.08
 <-- Site =   39 .. Mmps =   25 Ndav =  15 E =   -175.3302587827 Error = 2.35e-19 FLOPS = 1.03e+10 Tdav = 0.01 T = 0.07
 <-- Site =   38 .. Mmps =   25 Ndav =  12 E =   -175.3303790058 Error = 2.40e-19 FLOPS = 1.07e+10 Tdav = 0.00 T = 0.08
 <-- Site =   37 .. Mmps =   25 Ndav =  14 E =   -175.3304258001 Error = 3.93e-19 FLOPS = 1.04e+10 Tdav = 0.01 T = 0.08
 <-- Site =   36 .. Mmps =   25 Ndav =  11 E =   -175.3304817626 Error = 2.30e-17 FLOPS = 1.08e+10 Tdav = 0.00 T = 0.09
 <-- Site =   35 .. Mmps =   25 Ndav =  11 E =   -175.3305041507 Error = 2.52e-19 FLOPS = 1.08e+10 Tdav = 0.00 T = 0.06
 <-- Site =   34 .. Mmps =   25 Ndav =  11 E =   -175.3305258860 Error = 1.20e-17 FLOPS = 1.08e+10 Tdav = 0.00 T = 0.07
 <-- Site =   33 .. Mmps =   25 Ndav =  11 E =   -175.3305628049 Error = 1.12e-19 FLOPS = 1.12e+10 Tdav = 0.00 T = 0.06
 <-- Site =   32 .. Mmps =   25 Ndav =  11 E =   -175.3306101201 Error = 1.91e-18 FLOPS = 1.13e+10 Tdav = 0.00 T = 0.08
 <-- Site =   31 .. Mmps =   25 Ndav =  12 E =   -175.3306648950 Error = 2.08e-19 FLOPS = 1.10e+10 Tdav = 0.00 T = 0.05
 <-- Site =   30 .. Mmps =   25 Ndav =  11 E =   -175.3306987208 Error = 1.51e-18 FLOPS = 1.06e+10 Tdav = 0.00 T = 0.08
 <-- Site =   29 .. Mmps =   25 Ndav =  11 E =   -175.3307456376 Error = 2.21e-19 FLOPS = 1.07e+10 Tdav = 0.00 T = 0.05
 <-- Site =   28 .. Mmps =   25 Ndav =  11 E =   -175.3308069723 Error = 1.40e-19 FLOPS = 1.11e+10 Tdav = 0.00 T = 0.05
 <-- Site =   27 .. Mmps =   25 Ndav =  16 E =   -175.3310245458 Error = 4.63e-19 FLOPS = 9.63e+09 Tdav = 0.00 T = 0.06
 <-- Site =   26 .. Mmps =   25 Ndav =  11 E =   -175.3312263850 Error = 9.95e-18 FLOPS = 1.09e+10 Tdav = 0.00 T = 0.05
 <-- Site =   25 .. Mmps =   25 Ndav =  13 E =   -175.3314089032 Error = 5.56e-18 FLOPS = 1.03e+10 Tdav = 0.00 T = 0.05
 <-- Site =   24 .. Mmps =   25 Ndav =  12 E =   -175.3317002468 Error = 3.90e-18 FLOPS = 1.06e+10 Tdav = 0.00 T = 0.06
 <-- Site =   23 .. Mmps =   25 Ndav =  12 E =   -175.3317488498 Error = 1.22e-19 FLOPS = 1.04e+10 Tdav = 0.00 T = 0.05
 <-- Site =   22 .. Mmps =   25 Ndav =  11 E =   -175.3317990267 Error = 7.07e-19 FLOPS = 1.06e+10 Tdav = 0.00 T = 0.05
 <-- Site =   21 .. Mmps =   25 Ndav =  15 E =   -175.3319888564 Error = 3.87e-19 FLOPS = 9.28e+09 Tdav = 0.00 T = 0.05
 <-- Site =   20 .. Mmps =   25 Ndav =  14 E =   -175.3322414153 Error = 1.00e-17 FLOPS = 9.49e+09 Tdav = 0.00 T = 0.04
 <-- Site =   19 .. Mmps =   25 Ndav =  15 E =   -175.3324890583 Error = 1.41e-18 FLOPS = 9.06e+09 Tdav = 0.00 T = 0.04
 <-- Site =   18 .. Mmps =   25 Ndav =  13 E =   -175.3326318887 Error = 8.13e-18 FLOPS = 9.48e+09 Tdav = 0.00 T = 0.04
 <-- Site =   17 .. Mmps =   25 Ndav =  15 E =   -175.3327090837 Error = 4.12e-19 FLOPS = 8.71e+09 Tdav = 0.00 T = 0.04
 <-- Site =   16 .. Mmps =   25 Ndav =  13 E =   -175.3330784262 Error = 7.42e-19 FLOPS = 9.18e+09 Tdav = 0.00 T = 0.04
 <-- Site =   15 .. Mmps =   25 Ndav =  13 E =   -175.3333289805 Error = 4.47e-19 FLOPS = 9.02e+09 Tdav = 0.00 T = 0.04
 <-- Site =   14 .. Mmps =   25 Ndav =  13 E =   -175.3335671883 Error = 1.64e-18 FLOPS = 8.82e+09 Tdav = 0.00 T = 0.04
 <-- Site =   13 .. Mmps =   25 Ndav =  16 E =   -175.3337950960 Error = 4.99e-19 FLOPS = 7.59e+09 Tdav = 0.00 T = 0.04
 <-- Site =   12 .. Mmps =   25 Ndav =  12 E =   -175.3341234162 Error = 1.42e-18 FLOPS = 8.69e+09 Tdav = 0.00 T = 0.04
 <-- Site =   11 .. Mmps =   25 Ndav =  16 E =   -175.3343219874 Error = 1.48e-18 FLOPS = 7.12e+09 Tdav = 0.00 T = 0.04
 <-- Site =   10 .. Mmps =   25 Ndav =  12 E =   -175.3344508158 Error = 1.37e-17 FLOPS = 8.16e+09 Tdav = 0.00 T = 0.04
 <-- Site =    9 .. Mmps =   25 Ndav =  18 E =   -175.3345941005 Error = 1.10e-18 FLOPS = 5.96e+09 Tdav = 0.00 T = 0.04
 <-- Site =    8 .. Mmps =   25 Ndav =  11 E =   -175.3346133706 Error = 5.55e-18 FLOPS = 7.92e+09 Tdav = 0.00 T = 0.04
 <-- Site =    7 .. Mmps =   25 Ndav =  16 E =   -175.3346451852 Error = 1.32e-18 FLOPS = 5.89e+09 Tdav = 0.00 T = 0.04
 <-- Site =    6 .. Mmps =   25 Ndav =  11 E =   -175.3346477305 Error = 5.13e-19 FLOPS = 7.05e+09 Tdav = 0.00 T = 0.04
 <-- Site =    5 .. Mmps =   25 Ndav =  11 E =   -175.3346491971 Error = 1.68e-21 FLOPS = 6.00e+09 Tdav = 0.00 T = 0.03
 <-- Site =    4 .. Mmps =   25 Ndav =   6 E =   -175.3346492448 Error = 1.54e-25 FLOPS = 4.76e+09 Tdav = 0.00 T = 0.05
 <-- Site =    3 .. Mmps =   25 Ndav =   2 E =   -175.3346492448 Error = 1.35e-30 FLOPS = 2.01e+09 Tdav = 0.00 T = 0.03
 <-- Site =    2 .. Mmps =   25 Ndav =   1 E =   -175.3346492448 Error = 0.00e+00 FLOPS = 7.86e+08 Tdav = 0.00 T = 0.04
 <-- Site =    1 .. Mmps =   25 Ndav =   1 E =   -175.3346492448 Error = 0.00e+00 FLOPS = 3.53e+08 Tdav = 0.00 T = 0.03
 <-- Site =    0 .. Mmps =   25 Ndav =   1 E =   -175.3346492448 Error = 6.88e-65 FLOPS = 1.68e+08 Tdav = 0.00 T = 0.03
Time elapsed =    193.750 | E =    -175.3346492448 | DE = -1.34e-02 | DW = 2.71472e-17
Time sweep =       11.982 | 6.59 GFLOP/SWP
 | Dmem = 283 KB (3%) | Imem = 232 B (79%) | Hmem = 1.32 MB | Wmem = 9.77 KB | Pmem = 9.77 KB
 | Tread = 0.217 | Twrite = 0.928 | Tfpread = 0.083 | Tfpwrite = 0.050 | Tmporead = 0.000 | Tasync = 0.000
 | data = 30.8 MB | cpsd = 20.9 MB
 | Trot = 0.066 | Tctr = 0.549 | Tint = 0.016 | Tmid = 0.000 | Tdctr = 0.007 | Tdiag = 0.029 | Tinfo = 0.302
 | Teff = 5.080 | Tprt = 0.134 | Teig = 0.650 | Tblk = 9.479 | Tmve = 2.495 | Tdm = 0.003 | Tsplt = 0.040 | Tsvd = 0.000 | Torth = 0.000

Sweep =    6 | Direction =  forward | Bond dimension =  550 | Noise =  1.00e-05 | Dav threshold =  1.00e-10
 --> Site =    0 .. Mmps =    2 Ndav =   1 E =   -175.3346492448 Error = 0.00e+00 FLOPS = 1.68e+08 Tdav = 0.00 T = 0.02
 --> Site =    1 .. Mmps =    4 Ndav =   1 E =   -175.3346492448 Error = 0.00e+00 FLOPS = 3.53e+08 Tdav = 0.00 T = 0.03
 --> Site =    2 .. Mmps =    8 Ndav =   1 E =   -175.3346492448 Error = 0.00e+00 FLOPS = 8.05e+08 Tdav = 0.00 T = 0.03
 --> Site =    3 .. Mmps =   16 Ndav =   1 E =   -175.3346492448 Error = 0.00e+00 FLOPS = 1.43e+09 Tdav = 0.00 T = 0.03
 --> Site =    4 .. Mmps =   28 Ndav =   2 E =   -175.3346492448 Error = 0.00e+00 FLOPS = 3.94e+09 Tdav = 0.00 T = 0.03
 --> Site =    5 .. Mmps =   41 Ndav =   5 E =   -175.3346492496 Error = 0.00e+00 FLOPS = 8.62e+09 Tdav = 0.00 T = 0.03
 --> Site =    6 .. Mmps =   54 Ndav =   7 E =   -175.3346493477 Error = 0.00e+00 FLOPS = 1.09e+10 Tdav = 0.00 T = 0.03
 --> Site =    7 .. Mmps =   67 Ndav =   9 E =   -175.3346496371 Error = 0.00e+00 FLOPS = 1.14e+10 Tdav = 0.00 T = 0.04
 --> Site =    8 .. Mmps =   79 Ndav =   8 E =   -175.3346502589 Error = 0.00e+00 FLOPS = 1.39e+10 Tdav = 0.00 T = 0.06
 --> Site =    9 .. Mmps =   93 Ndav =  14 E =   -175.3346526421 Error = 0.00e+00 FLOPS = 1.25e+10 Tdav = 0.01 T = 0.07
 --> Site =   10 .. Mmps =  103 Ndav =  11 E =   -175.3346638365 Error = 0.00e+00 FLOPS = 1.53e+10 Tdav = 0.01 T = 0.08
 --> Site =   11 .. Mmps =  117 Ndav =  15 E =   -175.3346799526 Error = 0.00e+00 FLOPS = 1.41e+10 Tdav = 0.02 T = 0.11
 --> Site =   12 .. Mmps =  129 Ndav =  13 E =   -175.3348658748 Error = 0.00e+00 FLOPS = 1.61e+10 Tdav = 0.02 T = 0.14
 --> Site =   13 .. Mmps =  140 Ndav =  17 E =   -175.3350552002 Error = 0.00e+00 FLOPS = 1.46e+10 Tdav = 0.03 T = 0.19
 --> Site =   14 .. Mmps =  152 Ndav =  13 E =   -175.3354001898 Error = 0.00e+00 FLOPS = 1.70e+10 Tdav = 0.03 T = 0.24
 --> Site =   15 .. Mmps =  165 Ndav =  14 E =   -175.3354773786 Error = 0.00e+00 FLOPS = 1.73e+10 Tdav = 0.04 T = 0.29
 --> Site =   16 .. Mmps =  178 Ndav =  14 E =   -175.3357519749 Error = 0.00e+00 FLOPS = 1.39e+10 Tdav = 0.06 T = 0.37
 --> Site =   17 .. Mmps =  190 Ndav =  15 E =   -175.3358491024 Error = 0.00e+00 FLOPS = 1.35e+10 Tdav = 0.08 T = 0.50
 --> Site =   18 .. Mmps =  203 Ndav =  13 E =   -175.3360400224 Error = 0.00e+00 FLOPS = 1.67e+10 Tdav = 0.06 T = 0.58
 --> Site =   19 .. Mmps =  215 Ndav =  16 E =   -175.3361981888 Error = 0.00e+00 FLOPS = 1.35e+10 Tdav = 0.11 T = 0.75
 --> Site =   20 .. Mmps =  227 Ndav =  13 E =   -175.3362904724 Error = 0.00e+00 FLOPS = 1.56e+10 Tdav = 0.09 T = 0.85
 --> Site =   21 .. Mmps =  240 Ndav =  15 E =   -175.3363925387 Error = 0.00e+00 FLOPS = 1.60e+10 Tdav = 0.12 T = 1.04
 --> Site =   22 .. Mmps =  251 Ndav =  13 E =   -175.3365474382 Error = 0.00e+00 FLOPS = 1.66e+10 Tdav = 0.12 T = 1.22
 --> Site =   23 .. Mmps =  264 Ndav =  13 E =   -175.3366452243 Error = 0.00e+00 FLOPS = 1.61e+10 Tdav = 0.14 T = 1.40
 --> Site =   24 .. Mmps =  277 Ndav =  12 E =   -175.3367800855 Error = 0.00e+00 FLOPS = 1.74e+10 Tdav = 0.14 T = 1.68
 --> Site =   25 .. Mmps =  289 Ndav =  13 E =   -175.3368407598 Error = 0.00e+00 FLOPS = 1.70e+10 Tdav = 0.17 T = 1.99
 --> Site =   26 .. Mmps =  303 Ndav =  11 E =   -175.3368874699 Error = 0.00e+00 FLOPS = 1.77e+10 Tdav = 0.16 T = 2.32
 --> Site =   27 .. Mmps =  316 Ndav =  15 E =   -175.3370001453 Error = 0.00e+00 FLOPS = 1.69e+10 Tdav = 0.25 T = 2.77
 --> Site =   28 .. Mmps =  328 Ndav =  12 E =   -175.3370737100 Error = 0.00e+00 FLOPS = 1.76e+10 Tdav = 0.22 T = 3.09
 --> Site =   29 .. Mmps =  341 Ndav =  12 E =   -175.3371268114 Error = 0.00e+00 FLOPS = 1.77e+10 Tdav = 0.24 T = 3.50
 --> Site =   30 .. Mmps =  353 Ndav =  13 E =   -175.3371861104 Error = 0.00e+00 FLOPS = 1.75e+10 Tdav = 0.30 T = 4.04
 --> Site =   31 .. Mmps =  367 Ndav =  14 E =   -175.3372782827 Error = 0.00e+00 FLOPS = 1.76e+10 Tdav = 0.35 T = 4.61
 --> Site =   32 .. Mmps =  381 Ndav =  12 E =   -175.3373289889 Error = 0.00e+00 FLOPS = 1.79e+10 Tdav = 0.33 T = 5.22
 --> Site =   33 .. Mmps =  394 Ndav =  13 E =   -175.3374183332 Error = 0.00e+00 FLOPS = 1.80e+10 Tdav = 0.39 T = 5.90
 --> Site =   34 .. Mmps =  405 Ndav =  12 E =   -175.3374470951 Error = 0.00e+00 FLOPS = 1.76e+10 Tdav = 0.40 T = 6.80
 --> Site =   35 .. Mmps =  417 Ndav =  12 E =   -175.3374621941 Error = 0.00e+00 FLOPS = 1.72e+10 Tdav = 0.45 T = 7.43
 --> Site =   36 .. Mmps =  428 Ndav =  12 E =   -175.3374767063 Error = 0.00e+00 FLOPS = 1.74e+10 Tdav = 0.48 T = 8.21
 --> Site =   37 .. Mmps =  440 Ndav =  14 E =   -175.3375111219 Error = 0.00e+00 FLOPS = 1.74e+10 Tdav = 0.61 T = 9.15
 --> Site =   38 .. Mmps =  452 Ndav =  11 E =   -175.3375489306 Error = 0.00e+00 FLOPS = 1.77e+10 Tdav = 0.51 T = 9.98
 --> Site =   39 .. Mmps =  465 Ndav =  14 E =   -175.3375735642 Error = 0.00e+00 FLOPS = 1.76e+10 Tdav = 0.70 T = 11.32
 --> Site =   40 .. Mmps =  478 Ndav =  12 E =   -175.3376129627 Error = 0.00e+00 FLOPS = 1.75e+10 Tdav = 0.65 T = 12.60
 --> Site =   41 .. Mmps =  491 Ndav =  12 E =   -175.3376217923 Error = 0.00e+00 FLOPS = 1.78e+10 Tdav = 0.69 T = 13.74
 --> Site =   42 .. Mmps =  504 Ndav =  11 E =   -175.3376409750 Error = 0.00e+00 FLOPS = 1.81e+10 Tdav = 0.68 T = 15.24
 --> Site =   43 .. Mmps =  517 Ndav =  12 E =   -175.3376552015 Error = 0.00e+00 FLOPS = 1.79e+10 Tdav = 0.77 T = 16.04
 --> Site =   44 .. Mmps =  527 Ndav =  11 E =   -175.3376715750 Error = 0.00e+00 FLOPS = 1.76e+10 Tdav = 0.77 T = 16.90
 --> Site =   45 .. Mmps =  538 Ndav =  12 E =   -175.3377160471 Error = 0.00e+00 FLOPS = 1.77e+10 Tdav = 0.89 T = 18.44
 --> Site =   46 .. Mmps =  550 Ndav =  10 E =   -175.3377355528 Error = 2.66e-33 FLOPS = 1.81e+10 Tdav = 0.75 T = 19.44
 --> Site =   47 .. Mmps =  550 Ndav =  10 E =   -175.3377680284 Error = 1.57e-31 FLOPS = 1.84e+10 Tdav = 0.79 T = 20.65
 --> Site =   48 .. Mmps =  550 Ndav =  11 E =   -175.3378163989 Error = 3.62e-31 FLOPS = 1.81e+10 Tdav = 0.90 T = 21.71
 --> Site =   49 .. Mmps =  550 Ndav =  12 E =   -175.3378355823 Error = 1.81e-31 FLOPS = 1.80e+10 Tdav = 0.99 T = 22.15
 --> Site =   50 .. Mmps =  550 Ndav =  13 E =   -175.3378978942 Error = 4.27e-31 FLOPS = 1.78e+10 Tdav = 1.11 T = 22.69
 --> Site =   51 .. Mmps =  550 Ndav =  16 E =   -175.3379455757 Error = 3.61e-31 FLOPS = 1.76e+10 Tdav = 1.38 T = 23.48
 --> Site =   52 .. Mmps =  550 Ndav =  12 E =   -175.3379716142 Error = 5.62e-31 FLOPS = 1.81e+10 Tdav = 1.03 T = 23.43
 --> Site =   53 .. Mmps =  550 Ndav =  17 E =   -175.3380302933 Error = 3.51e-31 FLOPS = 1.78e+10 Tdav = 1.51 T = 24.69
 --> Site =   54 .. Mmps =  550 Ndav =  11 E =   -175.3380822948 Error = 3.55e-30 FLOPS = 1.81e+10 Tdav = 0.96 T = 24.65
 --> Site =   55 .. Mmps =  550 Ndav =  10 E =   -175.3380918769 Error = 1.91e-31 FLOPS = 1.83e+10 Tdav = 0.86 T = 24.42
 --> Site =   56 .. Mmps =  550 Ndav =  10 E =   -175.3381195265 Error = 9.86e-31 FLOPS = 1.83e+10 Tdav = 0.86 T = 24.45
 --> Site =   57 .. Mmps =  550 Ndav =  12 E =   -175.3381452128 Error = 3.46e-31 FLOPS = 1.83e+10 Tdav = 1.04 T = 24.67
 --> Site =   58 .. Mmps =  550 Ndav =  10 E =   -175.3381686309 Error = 9.13e-31 FLOPS = 1.83e+10 Tdav = 0.86 T = 24.47
 --> Site =   59 .. Mmps =  550 Ndav =  11 E =   -175.3381955462 Error = 2.38e-31 FLOPS = 1.83e+10 Tdav = 0.95 T = 24.49
 --> Site =   60 .. Mmps =  550 Ndav =  12 E =   -175.3382236365 Error = 9.38e-31 FLOPS = 1.82e+10 Tdav = 1.06 T = 25.03
 --> Site =   61 .. Mmps =  550 Ndav =  10 E =   -175.3382573668 Error = 2.42e-31 FLOPS = 1.85e+10 Tdav = 0.89 T = 25.63
 --> Site =   62 .. Mmps =  550 Ndav =  12 E =   -175.3382918779 Error = 6.73e-31 FLOPS = 1.83e+10 Tdav = 1.07 T = 26.09
 --> Site =   63 .. Mmps =  550 Ndav =  17 E =   -175.3383516888 Error = 6.08e-31 FLOPS = 1.81e+10 Tdav = 1.57 T = 27.12
 --> Site =   64 .. Mmps =  550 Ndav =  12 E =   -175.3384200378 Error = 1.77e-30 FLOPS = 1.81e+10 Tdav = 1.11 T = 27.43
 --> Site =   65 .. Mmps =  550 Ndav =  16 E =   -175.3384655625 Error = 1.04e-31 FLOPS = 1.76e+10 Tdav = 1.51 T = 27.68
 --> Site =   66 .. Mmps =  550 Ndav =  12 E =   -175.3384994884 Error = 7.80e-31 FLOPS = 1.84e+10 Tdav = 1.09 T = 27.27
 --> Site =   67 .. Mmps =  550 Ndav =  13 E =   -175.3385153595 Error = 2.50e-31 FLOPS = 1.80e+10 Tdav = 1.21 T = 27.51
 --> Site =   68 .. Mmps =  550 Ndav =  12 E =   -175.3385470410 Error = 1.62e-30 FLOPS = 1.85e+10 Tdav = 1.09 T = 27.26
 --> Site =   69 .. Mmps =  550 Ndav =  11 E =   -175.3385677489 Error = 4.40e-31 FLOPS = 1.82e+10 Tdav = 1.01 T = 27.40
 --> Site =   70 .. Mmps =  550 Ndav =  11 E =   -175.3385949214 Error = 8.03e-31 FLOPS = 1.81e+10 Tdav = 1.02 T = 27.28
 --> Site =   71 .. Mmps =  550 Ndav =  10 E =   -175.3386207613 Error = 4.54e-31 FLOPS = 1.69e+10 Tdav = 0.99 T = 27.36
 --> Site =   72 .. Mmps =  550 Ndav =  11 E =   -175.3386378775 Error = 5.33e-31 FLOPS = 1.81e+10 Tdav = 1.01 T = 27.28
 --> Site =   73 .. Mmps =  550 Ndav =  11 E =   -175.3387317593 Error = 1.82e-31 FLOPS = 1.81e+10 Tdav = 1.02 T = 27.28
 --> Site =   74 .. Mmps =  550 Ndav =  12 E =   -175.3387904811 Error = 3.97e-31 FLOPS = 1.80e+10 Tdav = 1.13 T = 27.81
 --> Site =   75 .. Mmps =  550 Ndav =  13 E =   -175.3388199787 Error = 2.14e-31 FLOPS = 1.83e+10 Tdav = 1.21 T = 28.17
 --> Site =   76 .. Mmps =  550 Ndav =  13 E =   -175.3388690153 Error = 5.44e-31 FLOPS = 1.83e+10 Tdav = 1.19 T = 27.70
 --> Site =   77 .. Mmps =  550 Ndav =  15 E =   -175.3388913825 Error = 3.59e-31 FLOPS = 1.81e+10 Tdav = 1.41 T = 28.03
 --> Site =   78 .. Mmps =  550 Ndav =  12 E =   -175.3389198612 Error = 4.57e-31 FLOPS = 1.83e+10 Tdav = 1.10 T = 27.67
 --> Site =   79 .. Mmps =  550 Ndav =  18 E =   -175.3389919258 Error = 2.03e-31 FLOPS = 1.70e+10 Tdav = 1.80 T = 28.28
 --> Site =   80 .. Mmps =  550 Ndav =  12 E =   -175.3390821078 Error = 1.22e-30 FLOPS = 1.82e+10 Tdav = 1.12 T = 28.20
 --> Site =   81 .. Mmps =  550 Ndav =   9 E =   -175.3390980640 Error = 2.63e-31 FLOPS = 1.82e+10 Tdav = 0.83 T = 27.37
 --> Site =   82 .. Mmps =  550 Ndav =  11 E =   -175.3391185666 Error = 6.40e-31 FLOPS = 1.84e+10 Tdav = 1.00 T = 27.21
 --> Site =   83 .. Mmps =  550 Ndav =  12 E =   -175.3391550759 Error = 1.64e-31 FLOPS = 1.83e+10 Tdav = 1.10 T = 27.13
 --> Site =   84 .. Mmps =  550 Ndav =  11 E =   -175.3391909646 Error = 6.14e-31 FLOPS = 1.81e+10 Tdav = 1.02 T = 27.22
 --> Site =   85 .. Mmps =  550 Ndav =  10 E =   -175.3392394000 Error = 1.08e-31 FLOPS = 1.84e+10 Tdav = 0.91 T = 26.96
 --> Site =   86 .. Mmps =  550 Ndav =  11 E =   -175.3392927820 Error = 3.68e-31 FLOPS = 1.82e+10 Tdav = 1.01 T = 27.14
 --> Site =   87 .. Mmps =  550 Ndav =  11 E =   -175.3393342838 Error = 1.36e-31 FLOPS = 1.84e+10 Tdav = 1.02 T = 27.47
 --> Site =   88 .. Mmps =  550 Ndav =  12 E =   -175.3393596105 Error = 2.28e-31 FLOPS = 1.75e+10 Tdav = 1.16 T = 28.06
 --> Site =   89 .. Mmps =  550 Ndav =  18 E =   -175.3394574077 Error = 5.45e-31 FLOPS = 1.79e+10 Tdav = 1.71 T = 28.65
 --> Site =   90 .. Mmps =  550 Ndav =  12 E =   -175.3395274847 Error = 9.22e-31 FLOPS = 1.81e+10 Tdav = 1.13 T = 28.29
 --> Site =   91 .. Mmps =  550 Ndav =  16 E =   -175.3395507019 Error = 8.02e-32 FLOPS = 1.82e+10 Tdav = 1.47 T = 27.98
 --> Site =   92 .. Mmps =  550 Ndav =  13 E =   -175.3396159279 Error = 7.23e-31 FLOPS = 1.82e+10 Tdav = 1.21 T = 27.78
 --> Site =   93 .. Mmps =  550 Ndav =  13 E =   -175.3396326039 Error = 2.52e-31 FLOPS = 1.83e+10 Tdav = 1.21 T = 28.45
 --> Site =   94 .. Mmps =  550 Ndav =  12 E =   -175.3396845859 Error = 1.18e-30 FLOPS = 1.82e+10 Tdav = 1.10 T = 27.75
 --> Site =   95 .. Mmps =  550 Ndav =  12 E =   -175.3397104092 Error = 2.84e-31 FLOPS = 1.84e+10 Tdav = 1.09 T = 27.11
 --> Site =   96 .. Mmps =  550 Ndav =  12 E =   -175.3397643261 Error = 7.99e-31 FLOPS = 1.81e+10 Tdav = 1.11 T = 27.43
 --> Site =   97 .. Mmps =  550 Ndav =  10 E =   -175.3397898993 Error = 1.53e-31 FLOPS = 1.82e+10 Tdav = 0.92 T = 27.07
 --> Site =   98 .. Mmps =  550 Ndav =  11 E =   -175.3398519146 Error = 9.22e-31 FLOPS = 1.83e+10 Tdav = 1.00 T = 27.04
 --> Site =   99 .. Mmps =  550 Ndav =  11 E =   -175.3399062395 Error = 2.17e-31 FLOPS = 1.82e+10 Tdav = 1.01 T = 27.17
 --> Site =  100 .. Mmps =  550 Ndav =  12 E =   -175.3399421612 Error = 1.76e-30 FLOPS = 1.83e+10 Tdav = 1.10 T = 27.22
 --> Site =  101 .. Mmps =  550 Ndav =  13 E =   -175.3399846933 Error = 2.32e-31 FLOPS = 1.80e+10 Tdav = 1.21 T = 27.72
 --> Site =  102 .. Mmps =  550 Ndav =  13 E =   -175.3400350850 Error = 5.66e-31 FLOPS = 1.80e+10 Tdav = 1.21 T = 27.45
 --> Site =  103 .. Mmps =  550 Ndav =  16 E =   -175.3400747448 Error = 7.20e-31 FLOPS = 1.80e+10 Tdav = 1.46 T = 27.39
 --> Site =  104 .. Mmps =  550 Ndav =  12 E =   -175.3400932776 Error = 9.95e-31 FLOPS = 1.83e+10 Tdav = 1.08 T = 26.42
 --> Site =  105 .. Mmps =  550 Ndav =  17 E =   -175.3401437733 Error = 4.36e-31 FLOPS = 1.79e+10 Tdav = 1.55 T = 26.83
 --> Site =  106 .. Mmps =  550 Ndav =  13 E =   -175.3402780356 Error = 2.43e-30 FLOPS = 1.82e+10 Tdav = 1.15 T = 25.87
 --> Site =  107 .. Mmps =  550 Ndav =  11 E =   -175.3402935370 Error = 3.99e-31 FLOPS = 1.84e+10 Tdav = 0.94 T = 25.18
 --> Site =  108 .. Mmps =  550 Ndav =  11 E =   -175.3403260250 Error = 9.77e-31 FLOPS = 1.84e+10 Tdav = 0.95 T = 24.50
 --> Site =  109 .. Mmps =  550 Ndav =  12 E =   -175.3403557242 Error = 1.78e-31 FLOPS = 1.82e+10 Tdav = 1.04 T = 24.36
 --> Site =  110 .. Mmps =  550 Ndav =  11 E =   -175.3403855046 Error = 8.73e-31 FLOPS = 1.83e+10 Tdav = 0.95 T = 24.62
 --> Site =  111 .. Mmps =  550 Ndav =  12 E =   -175.3403961915 Error = 1.42e-31 FLOPS = 1.83e+10 Tdav = 1.03 T = 24.39
 --> Site =  112 .. Mmps =  550 Ndav =  11 E =   -175.3404403457 Error = 5.78e-31 FLOPS = 1.82e+10 Tdav = 0.95 T = 24.38
 --> Site =  113 .. Mmps =  550 Ndav =  11 E =   -175.3404911683 Error = 2.12e-31 FLOPS = 1.84e+10 Tdav = 0.95 T = 24.33
 --> Site =  114 .. Mmps =  550 Ndav =  12 E =   -175.3405167875 Error = 3.91e-31 FLOPS = 1.81e+10 Tdav = 1.05 T = 24.92
 --> Site =  115 .. Mmps =  550 Ndav =  17 E =   -175.3406000550 Error = 6.41e-31 FLOPS = 1.79e+10 Tdav = 1.47 T = 24.46
 --> Site =  116 .. Mmps =  550 Ndav =  11 E =   -175.3406417622 Error = 7.70e-31 FLOPS = 1.83e+10 Tdav = 0.91 T = 23.20
 --> Site =  117 .. Mmps =  550 Ndav =  16 E =   -175.3406964368 Error = 8.20e-32 FLOPS = 1.80e+10 Tdav = 1.35 T = 23.10
 --> Site =  118 .. Mmps =  550 Ndav =  12 E =   -175.3407616567 Error = 8.92e-31 FLOPS = 1.84e+10 Tdav = 0.97 T = 22.26
 --> Site =  119 .. Mmps =  550 Ndav =  12 E =   -175.3407735650 Error = 1.98e-31 FLOPS = 1.80e+10 Tdav = 0.97 T = 21.56
 --> Site =  120 .. Mmps =  550 Ndav =  11 E =   -175.3407860510 Error = 7.42e-31 FLOPS = 1.82e+10 Tdav = 0.88 T = 20.95
 --> Site =  121 .. Mmps =  550 Ndav =  11 E =   -175.3407986152 Error = 1.46e-31 FLOPS = 1.83e+10 Tdav = 0.86 T = 20.54
 --> Site =  122 .. Mmps =  550 Ndav =  11 E =   -175.3408266726 Error = 6.49e-31 FLOPS = 1.83e+10 Tdav = 0.85 T = 20.22
 --> Site =  123 .. Mmps =  550 Ndav =  10 E =   -175.3408649584 Error = 2.31e-31 FLOPS = 1.83e+10 Tdav = 0.76 T = 19.68
 --> Site =  124 .. Mmps =  550 Ndav =  10 E =   -175.3408858767 Error = 6.17e-31 FLOPS = 1.82e+10 Tdav = 0.75 T = 18.98
 --> Site =  125 .. Mmps =  550 Ndav =   9 E =   -175.3409033945 Error = 1.23e-31 FLOPS = 1.84e+10 Tdav = 0.67 T = 18.55
 --> Site =  126 .. Mmps =  550 Ndav =  11 E =   -175.3409224002 Error = 2.35e-31 FLOPS = 1.82e+10 Tdav = 0.82 T = 18.64
 --> Site =  127 .. Mmps =  550 Ndav =  13 E =   -175.3409716922 Error = 1.88e-31 FLOPS = 1.81e+10 Tdav = 0.96 T = 18.38
 --> Site =  128 .. Mmps =  550 Ndav =  12 E =   -175.3410114161 Error = 2.36e-31 FLOPS = 1.82e+10 Tdav = 0.86 T = 17.49
 --> Site =  129 .. Mmps =  550 Ndav =  15 E =   -175.3410407459 Error = 2.83e-31 FLOPS = 1.79e+10 Tdav = 1.06 T = 17.16
 --> Site =  130 .. Mmps =  550 Ndav =  11 E =   -175.3410569746 Error = 2.47e-31 FLOPS = 1.82e+10 Tdav = 0.75 T = 16.07
 --> Site =  131 .. Mmps =  550 Ndav =  13 E =   -175.3410721995 Error = 1.12e-31 FLOPS = 1.81e+10 Tdav = 0.87 T = 15.45
 --> Site =  132 .. Mmps =  550 Ndav =  11 E =   -175.3411010510 Error = 6.62e-31 FLOPS = 1.82e+10 Tdav = 0.71 T = 14.65
 --> Site =  133 .. Mmps =  550 Ndav =  10 E =   -175.3411106653 Error = 1.47e-31 FLOPS = 1.81e+10 Tdav = 0.63 T = 13.93
 --> Site =  134 .. Mmps =  550 Ndav =  11 E =   -175.3411286248 Error = 6.92e-31 FLOPS = 1.81e+10 Tdav = 0.68 T = 13.36
 --> Site =  135 .. Mmps =  550 Ndav =  11 E =   -175.3411361645 Error = 2.10e-31 FLOPS = 1.82e+10 Tdav = 0.66 T = 12.66
 --> Site =  136 .. Mmps =  550 Ndav =  11 E =   -175.3411495481 Error = 5.80e-31 FLOPS = 1.81e+10 Tdav = 0.64 T = 12.09
 --> Site =  137 .. Mmps =  550 Ndav =  12 E =   -175.3411669831 Error = 2.87e-31 FLOPS = 1.81e+10 Tdav = 0.68 T = 11.50
 --> Site =  138 .. Mmps =  550 Ndav =  13 E =   -175.3412114449 Error = 1.38e-30 FLOPS = 1.77e+10 Tdav = 0.73 T = 11.13
 --> Site =  139 .. Mmps =  550 Ndav =  11 E =   -175.3412274998 Error = 1.72e-31 FLOPS = 1.81e+10 Tdav = 0.58 T = 10.28
 --> Site =  140 .. Mmps =  550 Ndav =  12 E =   -175.3412673086 Error = 1.20e-30 FLOPS = 1.80e+10 Tdav = 0.62 T = 9.85
 --> Site =  141 .. Mmps =  550 Ndav =  17 E =   -175.3413626742 Error = 6.48e-31 FLOPS = 1.73e+10 Tdav = 0.88 T = 9.47
 --> Site =  142 .. Mmps =  550 Ndav =  11 E =   -175.3414991702 Error = 2.52e-30 FLOPS = 1.81e+10 Tdav = 0.53 T = 8.68
 --> Site =  143 .. Mmps =  550 Ndav =  12 E =   -175.3415112581 Error = 1.74e-31 FLOPS = 1.78e+10 Tdav = 0.56 T = 8.21
 --> Site =  144 .. Mmps =  550 Ndav =  12 E =   -175.3416169900 Error = 1.82e-30 FLOPS = 1.77e+10 Tdav = 0.54 T = 7.70
 --> Site =  145 .. Mmps =  550 Ndav =  14 E =   -175.3416572025 Error = 1.14e-30 FLOPS = 1.75e+10 Tdav = 0.62 T = 7.32
 --> Site =  146 .. Mmps =  550 Ndav =  12 E =   -175.3417531224 Error = 2.46e-30 FLOPS = 1.77e+10 Tdav = 0.50 T = 6.74
 --> Site =  147 .. Mmps =  550 Ndav =  14 E =   -175.3417818824 Error = 5.72e-31 FLOPS = 1.75e+10 Tdav = 0.57 T = 6.43
 --> Site =  148 .. Mmps =  550 Ndav =  12 E =   -175.3418267537 Error = 2.96e-30 FLOPS = 1.76e+10 Tdav = 0.46 T = 5.90
 --> Site =  149 .. Mmps =  550 Ndav =  14 E =   -175.3418977113 Error = 5.31e-31 FLOPS = 1.73e+10 Tdav = 0.53 T = 5.59
 --> Site =  150 .. Mmps =  550 Ndav =  13 E =   -175.3420180005 Error = 1.92e-30 FLOPS = 1.73e+10 Tdav = 0.46 T = 5.09
 --> Site =  151 .. Mmps =  550 Ndav =  14 E =   -175.3420778267 Error = 7.22e-31 FLOPS = 1.71e+10 Tdav = 0.48 T = 4.78
 --> Site =  152 .. Mmps =  550 Ndav =  12 E =   -175.3422565764 Error = 2.53e-30 FLOPS = 1.62e+10 Tdav = 0.41 T = 4.38
 --> Site =  153 .. Mmps =  550 Ndav =  13 E =   -175.3423608922 Error = 1.08e-30 FLOPS = 1.69e+10 Tdav = 0.40 T = 4.09
 --> Site =  154 .. Mmps =  550 Ndav =  13 E =   -175.3425526917 Error = 2.98e-30 FLOPS = 1.65e+10 Tdav = 0.39 T = 3.72
 --> Site =  155 .. Mmps =  550 Ndav =  16 E =   -175.3426475625 Error = 9.40e-31 FLOPS = 1.62e+10 Tdav = 0.46 T = 3.47
 --> Site =  156 .. Mmps =  550 Ndav =  12 E =   -175.3428204600 Error = 1.74e-30 FLOPS = 1.69e+10 Tdav = 0.31 T = 3.02
 --> Site =  157 .. Mmps =  550 Ndav =  17 E =   -175.3432051066 Error = 2.66e-30 FLOPS = 1.57e+10 Tdav = 0.44 T = 2.87
 --> Site =  158 .. Mmps =  550 Ndav =  13 E =   -175.3432825901 Error = 3.62e-30 FLOPS = 1.64e+10 Tdav = 0.29 T = 2.48
 --> Site =  159 .. Mmps =  550 Ndav =  17 E =   -175.3433464374 Error = 1.95e-30 FLOPS = 1.53e+10 Tdav = 0.38 T = 2.34
 --> Site =  160 .. Mmps =  550 Ndav =  12 E =   -175.3433580664 Error = 1.27e-30 FLOPS = 1.63e+10 Tdav = 0.23 T = 1.98
 --> Site =  161 .. Mmps =  550 Ndav =  14 E =   -175.3433635567 Error = 2.86e-31 FLOPS = 1.56e+10 Tdav = 0.25 T = 1.79
 --> Site =  162 .. Mmps =  550 Ndav =  11 E =   -175.3433643747 Error = 6.70e-32 FLOPS = 1.62e+10 Tdav = 0.17 T = 1.54
 --> Site =  163 .. Mmps =  550 Ndav =   9 E =   -175.3433645383 Error = 4.27e-33 FLOPS = 1.65e+10 Tdav = 0.12 T = 1.31
 --> Site =  164 .. Mmps =  550 Ndav =   4 E =   -175.3433645395 Error = 1.96e-35 FLOPS = 1.75e+10 Tdav = 0.03 T = 1.06
 --> Site =  165 .. Mmps =  550 Ndav =   1 E =   -175.3433645395 Error = 1.64e-61 FLOPS = 8.24e+09 Tdav = 0.01 T = 0.93
 --> Site =  166 .. Mmps =  550 Ndav =   1 E =   -175.3433645395 Error = 3.32e-87 FLOPS = 4.50e+09 Tdav = 0.00 T = 0.76
 --> Site =  167 .. Mmps =  550 Ndav =   1 E =   -175.3433645395 Error = 0.00e+00 FLOPS = 2.57e+09 Tdav = 0.00 T = 0.65
 --> Site =  168 .. Mmps =  549 Ndav =   1 E =   -175.3433645395 Error = 0.00e+00 FLOPS = 2.56e+09 Tdav = 0.00 T = 0.55
Time elapsed =   2749.446 | E =    -175.3433645395 | DE = -8.72e-03 | DW = 3.61534e-30
Time sweep =     2555.697 | 1.94 TFLOP/SWP
 | Dmem = 129 MB (0%) | Imem = 232 B (79%) | Hmem = 508 MB | Wmem = 215 KB | Pmem = 215 KB
 | Tread = 58.037 | Twrite = 31.294 | Tfpread = 56.880 | Tfpwrite = 21.332 | Tmporead = 0.000 | Tasync = 0.000
 | data = 13.1 GB | cpsd = 9.50 GB
 | Trot = 170.133 | Tctr = 1.279 | Tint = 0.028 | Tmid = 0.000 | Tdctr = 57.900 | Tdiag = 0.611 | Tinfo = 2.066
 | Teff = 2173.615 | Tprt = 9.239 | Teig = 118.969 | Tblk = 2350.235 | Tmve = 205.450 | Tdm = 0.663 | Tsplt = 41.520 | Tsvd = 0.000 | Torth = 0.000

Sweep =    7 | Direction = backward | Bond dimension =  550 | Noise =  1.00e-05 | Dav threshold =  1.00e-10
 <-- Site =  168 .. Mmps =    2 Ndav =   1 E =   -175.3433645395 Error = 0.00e+00 FLOPS = 2.04e+09 Tdav = 0.00 T = 0.03
 <-- Site =  167 .. Mmps =    4 Ndav =   1 E =   -175.3433645395 Error = 0.00e+00 FLOPS = 2.39e+09 Tdav = 0.00 T = 0.13
 <-- Site =  166 .. Mmps =    8 Ndav =   1 E =   -175.3433645395 Error = 0.00e+00 FLOPS = 4.42e+09 Tdav = 0.00 T = 0.19
 <-- Site =  165 .. Mmps =   16 Ndav =   1 E =   -175.3433645395 Error = 0.00e+00 FLOPS = 8.14e+09 Tdav = 0.01 T = 0.27
 <-- Site =  164 .. Mmps =   32 Ndav =   1 E =   -175.3433645395 Error = 0.00e+00 FLOPS = 1.42e+10 Tdav = 0.01 T = 0.37
 <-- Site =  163 .. Mmps =   64 Ndav =   2 E =   -175.3433645395 Error = 0.00e+00 FLOPS = 1.95e+10 Tdav = 0.03 T = 0.50
 <-- Site =  162 .. Mmps =  128 Ndav =   5 E =   -175.3433645448 Error = 0.00e+00 FLOPS = 2.51e+10 Tdav = 0.13 T = 0.74
 <-- Site =  161 .. Mmps =  256 Ndav =   7 E =   -175.3433645938 Error = 0.00e+00 FLOPS = 2.78e+10 Tdav = 0.39 T = 1.17
 <-- Site =  160 .. Mmps =  509 Ndav =   9 E =   -175.3433648580 Error = 0.00e+00 FLOPS = 2.67e+10 Tdav = 1.29 T = 2.32
 <-- Site =  159 .. Mmps =  550 Ndav =  12 E =   -175.3433656816 Error = 7.76e-25 FLOPS = 2.54e+10 Tdav = 4.69 T = 6.36
 <-- Site =  158 .. Mmps =  550 Ndav =  13 E =   -175.3433762099 Error = 7.97e-22 FLOPS = 2.58e+10 Tdav = 6.05 T = 8.38
 <-- Site =  157 .. Mmps =  550 Ndav =  15 E =   -175.3433905444 Error = 1.76e-22 FLOPS = 2.47e+10 Tdav = 7.87 T = 10.58
 <-- Site =  156 .. Mmps =  550 Ndav =  17 E =   -175.3435310169 Error = 1.96e-19 FLOPS = 2.41e+10 Tdav = 9.87 T = 12.87
 <-- Site =  155 .. Mmps =  550 Ndav =  19 E =   -175.3437517772 Error = 6.46e-20 FLOPS = 2.25e+10 Tdav = 12.62 T = 15.99
 <-- Site =  154 .. Mmps =  550 Ndav =  19 E =   -175.3440727091 Error = 3.15e-19 FLOPS = 2.34e+10 Tdav = 12.95 T = 16.57
 <-- Site =  153 .. Mmps =  550 Ndav =  19 E =   -175.3445428708 Error = 2.24e-20 FLOPS = 2.40e+10 Tdav = 13.42 T = 17.40
 <-- Site =  152 .. Mmps =  550 Ndav =  21 E =   -175.3450645447 Error = 2.35e-19 FLOPS = 2.31e+10 Tdav = 16.32 T = 20.67
 <-- Site =  151 .. Mmps =  550 Ndav =  24 E =   -175.3455966354 Error = 2.33e-20 FLOPS = 2.17e+10 Tdav = 20.99 T = 25.73
 <-- Site =  150 .. Mmps =  550 Ndav =  21 E =   -175.3459877852 Error = 1.63e-19 FLOPS = 2.38e+10 Tdav = 17.60 T = 22.78
 <-- Site =  149 .. Mmps =  550 Ndav =  23 E =   -175.3463002738 Error = 3.11e-20 FLOPS = 2.31e+10 Tdav = 20.90 T = 26.42
 <-- Site =  148 .. Mmps =  550 Ndav =  20 E =   -175.3467932584 Error = 1.45e-19 FLOPS = 2.51e+10 Tdav = 17.47 T = 23.42
 <-- Site =  147 .. Mmps =  550 Ndav =  23 E =   -175.3470597772 Error = 2.30e-20 FLOPS = 2.37e+10 Tdav = 22.24 T = 28.67
 <-- Site =  146 .. Mmps =  550 Ndav =  19 E =   -175.3473443628 Error = 9.98e-20 FLOPS = 2.63e+10 Tdav = 17.31 T = 24.31
 <-- Site =  145 .. Mmps =  550 Ndav =  20 E =   -175.3475256201 Error = 1.96e-20 FLOPS = 2.61e+10 Tdav = 19.16 T = 26.50
 <-- Site =  144 .. Mmps =  550 Ndav =  18 E =   -175.3476825604 Error = 1.97e-19 FLOPS = 2.74e+10 Tdav = 17.06 T = 24.97
 <-- Site =  143 .. Mmps =  550 Ndav =  20 E =   -175.3477993691 Error = 7.74e-20 FLOPS = 2.65e+10 Tdav = 20.38 T = 28.86
 <-- Site =  142 .. Mmps =  550 Ndav =  15 E =   -175.3478895806 Error = 3.64e-19 FLOPS = 2.93e+10 Tdav = 14.31 T = 23.21
 <-- Site =  141 .. Mmps =  550 Ndav =  19 E =   -175.3480632740 Error = 4.02e-20 FLOPS = 2.75e+10 Tdav = 20.01 T = 29.58
 <-- Site =  140 .. Mmps =  550 Ndav =  17 E =   -175.3483053772 Error = 1.87e-19 FLOPS = 2.86e+10 Tdav = 17.77 T = 27.78
 <-- Site =  139 .. Mmps =  550 Ndav =  17 E =   -175.3487085427 Error = 8.34e-21 FLOPS = 2.88e+10 Tdav = 18.24 T = 28.81
 <-- Site =  138 .. Mmps =  550 Ndav =  18 E =   -175.3490430906 Error = 9.42e-20 FLOPS = 2.84e+10 Tdav = 20.25 T = 31.49
 <-- Site =  137 .. Mmps =  550 Ndav =  18 E =   -175.3493580809 Error = 7.97e-21 FLOPS = 2.86e+10 Tdav = 20.76 T = 32.59
 <-- Site =  136 .. Mmps =  550 Ndav =  18 E =   -175.3496192119 Error = 6.01e-20 FLOPS = 2.87e+10 Tdav = 21.30 T = 33.81
 <-- Site =  135 .. Mmps =  550 Ndav =  17 E =   -175.3499732534 Error = 7.08e-21 FLOPS = 2.93e+10 Tdav = 20.30 T = 33.40
 <-- Site =  134 .. Mmps =  550 Ndav =  16 E =   -175.3501109455 Error = 2.64e-20 FLOPS = 2.97e+10 Tdav = 19.36 T = 33.21
 <-- Site =  133 .. Mmps =  550 Ndav =  17 E =   -175.3502524740 Error = 2.75e-21 FLOPS = 2.94e+10 Tdav = 21.38 T = 35.93
 <-- Site =  132 .. Mmps =  550 Ndav =  16 E =   -175.3503266160 Error = 5.54e-20 FLOPS = 3.00e+10 Tdav = 20.24 T = 35.51
 <-- Site =  131 .. Mmps =  550 Ndav =  19 E =   -175.3503886544 Error = 1.73e-20 FLOPS = 2.89e+10 Tdav = 25.62 T = 41.67
 <-- Site =  130 .. Mmps =  550 Ndav =  16 E =   -175.3504746939 Error = 1.02e-19 FLOPS = 3.02e+10 Tdav = 21.14 T = 37.80
 <-- Site =  129 .. Mmps =  550 Ndav =  16 E =   -175.3505126599 Error = 2.29e-20 FLOPS = 3.05e+10 Tdav = 21.50 T = 38.86
 <-- Site =  128 .. Mmps =  550 Ndav =  15 E =   -175.3505486780 Error = 3.35e-20 FLOPS = 3.08e+10 Tdav = 20.42 T = 38.58
 <-- Site =  127 .. Mmps =  550 Ndav =  16 E =   -175.3506008256 Error = 5.80e-21 FLOPS = 3.06e+10 Tdav = 22.43 T = 41.45
 <-- Site =  126 .. Mmps =  550 Ndav =  16 E =   -175.3506800180 Error = 3.52e-20 FLOPS = 3.08e+10 Tdav = 22.85 T = 42.24
 <-- Site =  125 .. Mmps =  550 Ndav =  17 E =   -175.3508026239 Error = 3.71e-21 FLOPS = 3.01e+10 Tdav = 24.77 T = 44.23
 <-- Site =  124 .. Mmps =  550 Ndav =  16 E =   -175.3509032561 Error = 2.88e-20 FLOPS = 3.08e+10 Tdav = 22.84 T = 42.59
 <-- Site =  123 .. Mmps =  550 Ndav =  16 E =   -175.3510042052 Error = 3.16e-21 FLOPS = 3.06e+10 Tdav = 23.52 T = 44.04
 <-- Site =  122 .. Mmps =  550 Ndav =  15 E =   -175.3510754752 Error = 2.11e-20 FLOPS = 3.13e+10 Tdav = 22.00 T = 42.98
 <-- Site =  121 .. Mmps =  550 Ndav =  15 E =   -175.3511546764 Error = 3.84e-21 FLOPS = 3.12e+10 Tdav = 22.05 T = 43.53
 <-- Site =  120 .. Mmps =  550 Ndav =  17 E =   -175.3512528094 Error = 3.70e-20 FLOPS = 3.03e+10 Tdav = 26.30 T = 48.18
 <-- Site =  119 .. Mmps =  550 Ndav =  18 E =   -175.3513042410 Error = 6.18e-21 FLOPS = 3.01e+10 Tdav = 28.02 T = 50.55
 <-- Site =  118 .. Mmps =  550 Ndav =  19 E =   -175.3513851903 Error = 5.69e-20 FLOPS = 2.99e+10 Tdav = 30.43 T = 53.71
 <-- Site =  117 .. Mmps =  550 Ndav =  21 E =   -175.3514465554 Error = 2.72e-20 FLOPS = 2.92e+10 Tdav = 35.19 T = 58.77
 <-- Site =  116 .. Mmps =  550 Ndav =  14 E =   -175.3514825207 Error = 7.33e-20 FLOPS = 3.18e+10 Tdav = 21.57 T = 45.65
 <-- Site =  115 .. Mmps =  550 Ndav =  20 E =   -175.3515484366 Error = 1.89e-20 FLOPS = 2.97e+10 Tdav = 33.60 T = 58.94
 <-- Site =  114 .. Mmps =  550 Ndav =  17 E =   -175.3516477349 Error = 4.88e-20 FLOPS = 3.09e+10 Tdav = 28.03 T = 53.50
 <-- Site =  113 .. Mmps =  550 Ndav =  15 E =   -175.3516926072 Error = 7.07e-21 FLOPS = 3.14e+10 Tdav = 24.31 T = 49.85
 <-- Site =  112 .. Mmps =  550 Ndav =  15 E =   -175.3517493743 Error = 3.06e-20 FLOPS = 3.16e+10 Tdav = 24.18 T = 49.72
 <-- Site =  111 .. Mmps =  550 Ndav =  16 E =   -175.3518360016 Error = 1.51e-21 FLOPS = 3.12e+10 Tdav = 26.13 T = 51.75
 <-- Site =  110 .. Mmps =  550 Ndav =  15 E =   -175.3518784178 Error = 2.09e-20 FLOPS = 3.13e+10 Tdav = 24.42 T = 49.91
 <-- Site =  109 .. Mmps =  550 Ndav =  16 E =   -175.3519361211 Error = 4.14e-21 FLOPS = 3.12e+10 Tdav = 26.09 T = 51.56
 <-- Site =  108 .. Mmps =  550 Ndav =  17 E =   -175.3520314796 Error = 3.45e-20 FLOPS = 3.09e+10 Tdav = 28.04 T = 53.65
 <-- Site =  107 .. Mmps =  550 Ndav =  17 E =   -175.3521381893 Error = 1.38e-21 FLOPS = 3.11e+10 Tdav = 27.79 T = 53.80
 <-- Site =  106 .. Mmps =  550 Ndav =  18 E =   -175.3522299048 Error = 1.32e-19 FLOPS = 3.09e+10 Tdav = 30.20 T = 56.94
 <-- Site =  105 .. Mmps =  550 Ndav =  21 E =   -175.3523055334 Error = 3.18e-20 FLOPS = 2.99e+10 Tdav = 37.11 T = 64.23
 <-- Site =  104 .. Mmps =  550 Ndav =  19 E =   -175.3524131855 Error = 1.89e-19 FLOPS = 3.07e+10 Tdav = 32.72 T = 59.84
 <-- Site =  103 .. Mmps =  550 Ndav =  18 E =   -175.3524611548 Error = 2.09e-20 FLOPS = 3.11e+10 Tdav = 30.65 T = 58.22
 <-- Site =  102 .. Mmps =  550 Ndav =  17 E =   -175.3525247259 Error = 5.67e-20 FLOPS = 3.14e+10 Tdav = 29.20 T = 57.29
 <-- Site =  101 .. Mmps =  550 Ndav =  17 E =   -175.3525737530 Error = 1.34e-20 FLOPS = 3.14e+10 Tdav = 29.16 T = 57.26
 <-- Site =  100 .. Mmps =  550 Ndav =  16 E =   -175.3526386777 Error = 5.41e-20 FLOPS = 3.16e+10 Tdav = 27.25 T = 55.30
 <-- Site =   99 .. Mmps =  550 Ndav =  16 E =   -175.3527006354 Error = 3.74e-21 FLOPS = 3.17e+10 Tdav = 27.19 T = 55.20
 <-- Site =   98 .. Mmps =  550 Ndav =  17 E =   -175.3528007240 Error = 3.12e-20 FLOPS = 3.15e+10 Tdav = 29.08 T = 57.16
 <-- Site =   97 .. Mmps =  550 Ndav =  16 E =   -175.3529205445 Error = 2.73e-21 FLOPS = 3.19e+10 Tdav = 27.00 T = 55.20
 <-- Site =   96 .. Mmps =  550 Ndav =  16 E =   -175.3529892342 Error = 2.75e-20 FLOPS = 3.18e+10 Tdav = 27.13 T = 55.21
 <-- Site =   95 .. Mmps =  550 Ndav =  16 E =   -175.3530960671 Error = 2.10e-21 FLOPS = 3.17e+10 Tdav = 27.19 T = 55.23
 <-- Site =   94 .. Mmps =  550 Ndav =  17 E =   -175.3531719794 Error = 5.49e-20 FLOPS = 3.14e+10 Tdav = 29.20 T = 57.69
 <-- Site =   93 .. Mmps =  550 Ndav =  19 E =   -175.3532630320 Error = 4.88e-21 FLOPS = 3.07e+10 Tdav = 33.93 T = 62.99
 <-- Site =   92 .. Mmps =  550 Ndav =  19 E =   -175.3533909569 Error = 7.59e-20 FLOPS = 3.08e+10 Tdav = 33.85 T = 62.48
 <-- Site =   91 .. Mmps =  550 Ndav =  21 E =   -175.3534804315 Error = 4.20e-20 FLOPS = 3.01e+10 Tdav = 37.58 T = 66.27
 <-- Site =   90 .. Mmps =  550 Ndav =  16 E =   -175.3535134713 Error = 6.37e-20 FLOPS = 3.18e+10 Tdav = 27.66 T = 56.61
 <-- Site =   89 .. Mmps =  550 Ndav =  21 E =   -175.3535841075 Error = 1.26e-20 FLOPS = 3.01e+10 Tdav = 38.28 T = 67.38
 <-- Site =   88 .. Mmps =  550 Ndav =  16 E =   -175.3536588187 Error = 3.24e-20 FLOPS = 3.19e+10 Tdav = 27.53 T = 56.69
 <-- Site =   87 .. Mmps =  550 Ndav =  15 E =   -175.3537021423 Error = 3.27e-21 FLOPS = 3.22e+10 Tdav = 25.54 T = 54.32
 <-- Site =   86 .. Mmps =  550 Ndav =  15 E =   -175.3537916862 Error = 2.28e-20 FLOPS = 3.20e+10 Tdav = 25.24 T = 53.44
 <-- Site =   85 .. Mmps =  550 Ndav =  15 E =   -175.3538466620 Error = 3.46e-21 FLOPS = 3.21e+10 Tdav = 25.20 T = 53.33
 <-- Site =   84 .. Mmps =  550 Ndav =  16 E =   -175.3539143808 Error = 2.47e-20 FLOPS = 3.16e+10 Tdav = 27.32 T = 55.46
 <-- Site =   83 .. Mmps =  550 Ndav =  16 E =   -175.3539797419 Error = 3.27e-21 FLOPS = 3.16e+10 Tdav = 27.27 T = 55.23
 <-- Site =   82 .. Mmps =  550 Ndav =  17 E =   -175.3541032463 Error = 3.05e-20 FLOPS = 3.14e+10 Tdav = 29.21 T = 57.26
 <-- Site =   81 .. Mmps =  550 Ndav =  16 E =   -175.3541764961 Error = 4.77e-21 FLOPS = 3.18e+10 Tdav = 27.12 T = 55.65
 <-- Site =   80 .. Mmps =  550 Ndav =  17 E =   -175.3542806545 Error = 7.43e-20 FLOPS = 3.16e+10 Tdav = 29.55 T = 58.57
 <-- Site =   79 .. Mmps =  550 Ndav =  22 E =   -175.3543833159 Error = 2.43e-20 FLOPS = 2.99e+10 Tdav = 40.46 T = 69.14
 <-- Site =   78 .. Mmps =  550 Ndav =  18 E =   -175.3544951789 Error = 1.16e-19 FLOPS = 3.11e+10 Tdav = 31.20 T = 59.75
 <-- Site =   77 .. Mmps =  550 Ndav =  17 E =   -175.3545321051 Error = 3.13e-20 FLOPS = 3.14e+10 Tdav = 29.70 T = 58.23
 <-- Site =   76 .. Mmps =  550 Ndav =  17 E =   -175.3546145301 Error = 3.88e-20 FLOPS = 3.15e+10 Tdav = 29.06 T = 57.53
 <-- Site =   75 .. Mmps =  550 Ndav =  18 E =   -175.3546522424 Error = 1.00e-20 FLOPS = 3.13e+10 Tdav = 31.62 T = 60.78
 <-- Site =   74 .. Mmps =  550 Ndav =  17 E =   -175.3547546409 Error = 2.14e-20 FLOPS = 3.15e+10 Tdav = 29.60 T = 58.26
 <-- Site =   73 .. Mmps =  550 Ndav =  16 E =   -175.3548292194 Error = 4.87e-21 FLOPS = 3.17e+10 Tdav = 27.23 T = 55.45
 <-- Site =   72 .. Mmps =  550 Ndav =  15 E =   -175.3548941870 Error = 5.15e-20 FLOPS = 3.19e+10 Tdav = 25.34 T = 53.36
 <-- Site =   71 .. Mmps =  550 Ndav =  16 E =   -175.3550220214 Error = 2.02e-21 FLOPS = 3.18e+10 Tdav = 27.11 T = 55.22
 <-- Site =   70 .. Mmps =  550 Ndav =  16 E =   -175.3551150115 Error = 3.03e-20 FLOPS = 3.18e+10 Tdav = 27.12 T = 55.22
 <-- Site =   69 .. Mmps =  550 Ndav =  16 E =   -175.3552359719 Error = 1.71e-21 FLOPS = 3.19e+10 Tdav = 27.07 T = 55.25
 <-- Site =   68 .. Mmps =  550 Ndav =  16 E =   -175.3553112939 Error = 5.98e-20 FLOPS = 3.17e+10 Tdav = 27.19 T = 55.30
 <-- Site =   67 .. Mmps =  550 Ndav =  19 E =   -175.3554382258 Error = 6.95e-21 FLOPS = 3.07e+10 Tdav = 33.35 T = 61.46
 <-- Site =   66 .. Mmps =  550 Ndav =  20 E =   -175.3555840117 Error = 1.18e-19 FLOPS = 3.05e+10 Tdav = 35.33 T = 63.43
 <-- Site =   65 .. Mmps =  550 Ndav =  22 E =   -175.3556721384 Error = 5.81e-20 FLOPS = 2.97e+10 Tdav = 39.88 T = 67.98
 <-- Site =   64 .. Mmps =  550 Ndav =  15 E =   -175.3557082917 Error = 1.64e-19 FLOPS = 3.20e+10 Tdav = 25.28 T = 53.33
 <-- Site =   63 .. Mmps =  550 Ndav =  20 E =   -175.3557599637 Error = 2.95e-20 FLOPS = 3.04e+10 Tdav = 35.43 T = 63.07
 <-- Site =   62 .. Mmps =  550 Ndav =  16 E =   -175.3558299178 Error = 5.40e-20 FLOPS = 3.18e+10 Tdav = 26.62 T = 53.91
 <-- Site =   61 .. Mmps =  550 Ndav =  15 E =   -175.3558769703 Error = 3.23e-21 FLOPS = 3.19e+10 Tdav = 24.87 T = 51.64
 <-- Site =   60 .. Mmps =  550 Ndav =  15 E =   -175.3559346584 Error = 3.25e-20 FLOPS = 3.18e+10 Tdav = 24.45 T = 50.33
 <-- Site =   59 .. Mmps =  550 Ndav =  16 E =   -175.3560267226 Error = 6.79e-21 FLOPS = 3.15e+10 Tdav = 25.87 T = 51.13
 <-- Site =   58 .. Mmps =  550 Ndav =  15 E =   -175.3561005573 Error = 3.70e-20 FLOPS = 3.17e+10 Tdav = 24.08 T = 49.42
 <-- Site =   57 .. Mmps =  550 Ndav =  16 E =   -175.3561798879 Error = 5.56e-21 FLOPS = 3.15e+10 Tdav = 25.88 T = 51.35
 <-- Site =   56 .. Mmps =  550 Ndav =  17 E =   -175.3562494510 Error = 4.60e-20 FLOPS = 3.13e+10 Tdav = 27.65 T = 53.02
 <-- Site =   55 .. Mmps =  550 Ndav =  17 E =   -175.3563696784 Error = 2.75e-21 FLOPS = 3.13e+10 Tdav = 27.69 T = 53.13
 <-- Site =   54 .. Mmps =  550 Ndav =  18 E =   -175.3564739305 Error = 1.31e-19 FLOPS = 3.08e+10 Tdav = 29.77 T = 55.26
 <-- Site =   53 .. Mmps =  550 Ndav =  22 E =   -175.3565590747 Error = 1.93e-20 FLOPS = 2.94e+10 Tdav = 38.06 T = 62.93
 <-- Site =   52 .. Mmps =  550 Ndav =  19 E =   -175.3566402215 Error = 2.05e-19 FLOPS = 3.03e+10 Tdav = 31.25 T = 55.33
 <-- Site =   51 .. Mmps =  550 Ndav =  19 E =   -175.3566822249 Error = 1.80e-20 FLOPS = 3.03e+10 Tdav = 30.65 T = 54.34
 <-- Site =   50 .. Mmps =  550 Ndav =  16 E =   -175.3567370879 Error = 5.87e-20 FLOPS = 3.14e+10 Tdav = 24.95 T = 48.12
 <-- Site =   49 .. Mmps =  550 Ndav =  15 E =   -175.3567792608 Error = 4.40e-21 FLOPS = 3.18e+10 Tdav = 22.60 T = 45.56
 <-- Site =   48 .. Mmps =  550 Ndav =  15 E =   -175.3568209544 Error = 2.81e-20 FLOPS = 3.17e+10 Tdav = 22.70 T = 45.04
 <-- Site =   47 .. Mmps =  550 Ndav =  16 E =   -175.3569079900 Error = 1.78e-21 FLOPS = 3.13e+10 Tdav = 23.99 T = 45.55
 <-- Site =   46 .. Mmps =  550 Ndav =  15 E =   -175.3569733120 Error = 1.65e-22 FLOPS = 3.15e+10 Tdav = 21.11 T = 41.28
 <-- Site =   45 .. Mmps =  550 Ndav =  16 E =   -175.3570561447 Error = 3.51e-23 FLOPS = 3.11e+10 Tdav = 22.02 T = 41.22
 <-- Site =   44 .. Mmps =  550 Ndav =  16 E =   -175.3571201563 Error = 1.70e-23 FLOPS = 3.08e+10 Tdav = 21.07 T = 38.99
 <-- Site =   43 .. Mmps =  550 Ndav =  15 E =   -175.3572014341 Error = 5.64e-24 FLOPS = 3.09e+10 Tdav = 18.45 T = 35.79
 <-- Site =   42 .. Mmps =  550 Ndav =  17 E =   -175.3573146430 Error = 1.67e-23 FLOPS = 3.01e+10 Tdav = 21.05 T = 37.69
 <-- Site =   41 .. Mmps =  550 Ndav =  17 E =   -175.3573943351 Error = 7.83e-24 FLOPS = 3.01e+10 Tdav = 19.67 T = 35.10
 <-- Site =   40 .. Mmps =  550 Ndav =  19 E =   -175.3575153605 Error = 2.19e-23 FLOPS = 2.92e+10 Tdav = 21.17 T = 35.19
 <-- Site =   39 .. Mmps =  550 Ndav =  21 E =   -175.3575854209 Error = 2.91e-23 FLOPS = 2.82e+10 Tdav = 22.58 T = 35.57
 <-- Site =   38 .. Mmps =  550 Ndav =  15 E =   -175.3576234102 Error = 7.77e-24 FLOPS = 3.04e+10 Tdav = 13.99 T = 25.93
 <-- Site =   37 .. Mmps =  550 Ndav =  16 E =   -175.3576584265 Error = 8.13e-24 FLOPS = 2.99e+10 Tdav = 14.17 T = 25.15
 <-- Site =   36 .. Mmps =  550 Ndav =  15 E =   -175.3577210426 Error = 3.40e-24 FLOPS = 2.99e+10 Tdav = 12.43 T = 22.54
 <-- Site =   35 .. Mmps =  550 Ndav =  15 E =   -175.3577816731 Error = 1.90e-24 FLOPS = 2.97e+10 Tdav = 11.63 T = 20.91
 <-- Site =   34 .. Mmps =  550 Ndav =  16 E =   -175.3578438128 Error = 2.52e-24 FLOPS = 2.90e+10 Tdav = 11.83 T = 20.44
 <-- Site =   33 .. Mmps =  550 Ndav =  17 E =   -175.3579152912 Error = 2.50e-24 FLOPS = 2.88e+10 Tdav = 11.67 T = 19.65
 <-- Site =   32 .. Mmps =  550 Ndav =  15 E =   -175.3579780673 Error = 1.57e-24 FLOPS = 2.97e+10 Tdav = 9.17 T = 16.28
 <-- Site =   31 .. Mmps =  550 Ndav =  16 E =   -175.3580406180 Error = 1.98e-24 FLOPS = 2.90e+10 Tdav = 9.14 T = 15.64
 <-- Site =   30 .. Mmps =  550 Ndav =  16 E =   -175.3581268255 Error = 9.11e-25 FLOPS = 2.88e+10 Tdav = 8.46 T = 14.50
 <-- Site =   29 .. Mmps =  550 Ndav =  16 E =   -175.3582546811 Error = 1.27e-24 FLOPS = 2.87e+10 Tdav = 7.75 T = 13.24
 <-- Site =   28 .. Mmps =  550 Ndav =  17 E =   -175.3584217956 Error = 1.68e-24 FLOPS = 2.78e+10 Tdav = 7.78 T = 12.78
 <-- Site =   27 .. Mmps =  550 Ndav =  19 E =   -175.3586303142 Error = 2.84e-24 FLOPS = 2.59e+10 Tdav = 8.50 T = 13.08
 <-- Site =   26 .. Mmps =  550 Ndav =  18 E =   -175.3589979131 Error = 3.02e-24 FLOPS = 2.63e+10 Tdav = 7.12 T = 11.27
 <-- Site =   25 .. Mmps =  550 Ndav =  17 E =   -175.3590856921 Error = 1.95e-24 FLOPS = 2.67e+10 Tdav = 5.99 T = 9.86
 <-- Site =   24 .. Mmps =  550 Ndav =  15 E =   -175.3592328374 Error = 1.04e-24 FLOPS = 2.78e+10 Tdav = 4.56 T = 8.08
 <-- Site =   23 .. Mmps =  550 Ndav =  19 E =   -175.3593573693 Error = 1.86e-25 FLOPS = 2.44e+10 Tdav = 5.87 T = 9.06
 <-- Site =   22 .. Mmps =  550 Ndav =  16 E =   -175.3596232562 Error = 5.05e-25 FLOPS = 2.63e+10 Tdav = 4.13 T = 7.09
 <-- Site =   21 .. Mmps =  550 Ndav =  21 E =   -175.3599225749 Error = 2.49e-25 FLOPS = 2.25e+10 Tdav = 5.62 T = 8.31
 <-- Site =   20 .. Mmps =  550 Ndav =  16 E =   -175.3601141130 Error = 1.67e-25 FLOPS = 2.51e+10 Tdav = 3.40 T = 5.89
 <-- Site =   19 .. Mmps =  550 Ndav =  20 E =   -175.3603639339 Error = 1.51e-25 FLOPS = 2.19e+10 Tdav = 4.28 T = 6.61
 <-- Site =   18 .. Mmps =  550 Ndav =  16 E =   -175.3606753195 Error = 4.49e-25 FLOPS = 2.45e+10 Tdav = 2.66 T = 4.76
 <-- Site =   17 .. Mmps =  550 Ndav =  21 E =   -175.3609157701 Error = 1.85e-25 FLOPS = 2.03e+10 Tdav = 3.67 T = 5.70
 <-- Site =   16 .. Mmps =  550 Ndav =  16 E =   -175.3613004814 Error = 2.23e-25 FLOPS = 2.31e+10 Tdav = 2.10 T = 3.94
 <-- Site =   15 .. Mmps =  550 Ndav =  19 E =   -175.3615890700 Error = 6.69e-26 FLOPS = 2.05e+10 Tdav = 2.39 T = 4.05
 <-- Site =   14 .. Mmps =  550 Ndav =  17 E =   -175.3618603613 Error = 4.85e-26 FLOPS = 2.13e+10 Tdav = 1.73 T = 3.31
 <-- Site =   13 .. Mmps =  550 Ndav =  19 E =   -175.3621162538 Error = 4.99e-26 FLOPS = 1.90e+10 Tdav = 1.84 T = 3.30
 <-- Site =   12 .. Mmps =  550 Ndav =  15 E =   -175.3625711390 Error = 4.43e-26 FLOPS = 2.11e+10 Tdav = 1.08 T = 2.46
 <-- Site =   11 .. Mmps =  550 Ndav =  19 E =   -175.3632096884 Error = 3.16e-26 FLOPS = 1.71e+10 Tdav = 1.34 T = 2.61
 <-- Site =   10 .. Mmps =  550 Ndav =  17 E =   -175.3639283878 Error = 2.51e-26 FLOPS = 1.79e+10 Tdav = 0.93 T = 2.13
 <-- Site =    9 .. Mmps =  550 Ndav =  23 E =   -175.3646560654 Error = 3.90e-27 FLOPS = 1.32e+10 Tdav = 1.28 T = 2.40
 <-- Site =    8 .. Mmps =  550 Ndav =  17 E =   -175.3649637250 Error = 8.86e-28 FLOPS = 1.70e+10 Tdav = 0.56 T = 1.58
 <-- Site =    7 .. Mmps =  550 Ndav =  20 E =   -175.3651504197 Error = 9.64e-29 FLOPS = 1.47e+10 Tdav = 0.53 T = 1.50
 <-- Site =    6 .. Mmps =  550 Ndav =  15 E =   -175.3652008982 Error = 2.17e-29 FLOPS = 1.69e+10 Tdav = 0.23 T = 1.13
 <-- Site =    5 .. Mmps =  550 Ndav =  16 E =   -175.3652106080 Error = 6.11e-31 FLOPS = 1.49e+10 Tdav = 0.16 T = 1.02
 <-- Site =    4 .. Mmps =  550 Ndav =   5 E =   -175.3652106414 Error = 8.08e-34 FLOPS = 1.75e+10 Tdav = 0.02 T = 0.81
 <-- Site =    3 .. Mmps =  550 Ndav =   1 E =   -175.3652106414 Error = 3.50e-55 FLOPS = 9.32e+09 Tdav = 0.00 T = 0.73
 <-- Site =    2 .. Mmps =  550 Ndav =   1 E =   -175.3652106414 Error = 0.00e+00 FLOPS = 6.57e+09 Tdav = 0.00 T = 0.68
 <-- Site =    1 .. Mmps =  549 Ndav =   1 E =   -175.3652106414 Error = 0.00e+00 FLOPS = 4.05e+09 Tdav = 0.00 T = 0.61
 <-- Site =    0 .. Mmps =  550 Ndav =   1 E =   -175.3652106414 Error = 0.00e+00 FLOPS = 3.23e+09 Tdav = 0.00 T = 0.62
Time elapsed =   8648.254 | E =    -175.3652106414 | DE = -2.18e-02 | DW = 3.63672e-19
Time sweep =     5898.807 | 88.0 TFLOP/SWP
 | Dmem = 134 MB (3%) | Imem = 232 B (79%) | Hmem = 637 MB | Wmem = 4.62 MB | Pmem = 4.62 MB
 | Tread = 76.563 | Twrite = 32.756 | Tfpread = 75.431 | Tfpwrite = 22.542 | Tmporead = 0.000 | Tasync = 0.000
 | data = 14.5 GB | cpsd = 9.43 GB
 | Trot = 186.161 | Tctr = 167.251 | Tint = 0.029 | Tmid = 0.000 | Tdctr = 0.014 | Tdiag = 1.781 | Tinfo = 2.342
 | Teff = 2122.722 | Tprt = 54.306 | Teig = 3212.428 | Tblk = 5450.179 | Tmve = 448.609 | Tdm = 3.182 | Tsplt = 45.926 | Tsvd = 0.000 | Torth = 0.000

Sweep =    8 | Direction =  forward | Bond dimension =  550 | Noise =  0.00e+00 | Dav threshold =  1.00e-07
 --> Site =    0 .. Mmps =    2 Ndav =   1 E =   -175.3652106414 Error = 0.00e+00 FLOPS = 2.29e+09 Tdav = 0.00 T = 0.03
 --> Site =    1 .. Mmps =    4 Ndav =   1 E =   -175.3652106414 Error = 0.00e+00 FLOPS = 4.05e+09 Tdav = 0.00 T = 0.05
 --> Site =    2 .. Mmps =    8 Ndav =   1 E =   -175.3652106414 Error = 0.00e+00 FLOPS = 6.62e+09 Tdav = 0.00 T = 0.06
 --> Site =    3 .. Mmps =   16 Ndav =   1 E =   -175.3652106414 Error = 0.00e+00 FLOPS = 9.16e+09 Tdav = 0.00 T = 0.06
 --> Site =    4 .. Mmps =   32 Ndav =   1 E =   -175.3652106414 Error = 0.00e+00 FLOPS = 1.19e+10 Tdav = 0.01 T = 0.07
 --> Site =    5 .. Mmps =   64 Ndav =   1 E =   -175.3652106414 Error = 0.00e+00 FLOPS = 1.52e+10 Tdav = 0.01 T = 0.09
 --> Site =    6 .. Mmps =  128 Ndav =   2 E =   -175.3652106594 Error = 0.00e+00 FLOPS = 2.21e+10 Tdav = 0.04 T = 0.14
 --> Site =    7 .. Mmps =  256 Ndav =   3 E =   -175.3652107374 Error = 0.00e+00 FLOPS = 2.63e+10 Tdav = 0.13 T = 0.28
 --> Site =    8 .. Mmps =  512 Ndav =   4 E =   -175.3652110987 Error = 0.00e+00 FLOPS = 2.96e+10 Tdav = 0.44 T = 0.85
 --> Site =    9 .. Mmps =  550 Ndav =   5 E =   -175.3652118570 Error = 2.56e-24 FLOPS = 3.13e+10 Tdav = 1.70 T = 3.22
 --> Site =   10 .. Mmps =  550 Ndav =   7 E =   -175.3652179518 Error = 1.59e-23 FLOPS = 3.09e+10 Tdav = 2.94 T = 5.12
 --> Site =   11 .. Mmps =  550 Ndav =   6 E =   -175.3652221894 Error = 7.11e-22 FLOPS = 3.15e+10 Tdav = 2.66 T = 5.12
 --> Site =   12 .. Mmps =  550 Ndav =   8 E =   -175.3652453739 Error = 4.33e-22 FLOPS = 3.09e+10 Tdav = 3.87 T = 6.63
 --> Site =   13 .. Mmps =  550 Ndav =   9 E =   -175.3652743659 Error = 9.07e-20 FLOPS = 3.06e+10 Tdav = 4.70 T = 7.73
 --> Site =   14 .. Mmps =  550 Ndav =  10 E =   -175.3653260772 Error = 5.13e-20 FLOPS = 2.99e+10 Tdav = 5.67 T = 8.97
 --> Site =   15 .. Mmps =  550 Ndav =  10 E =   -175.3653739403 Error = 1.97e-19 FLOPS = 3.04e+10 Tdav = 5.91 T = 9.52
 --> Site =   16 .. Mmps =  550 Ndav =  10 E =   -175.3654360417 Error = 3.85e-20 FLOPS = 3.04e+10 Tdav = 6.23 T = 10.20
 --> Site =   17 .. Mmps =  550 Ndav =  13 E =   -175.3654908812 Error = 1.57e-19 FLOPS = 2.93e+10 Tdav = 8.86 T = 13.16
 --> Site =   18 .. Mmps =  550 Ndav =  10 E =   -175.3655429893 Error = 3.45e-20 FLOPS = 3.10e+10 Tdav = 6.76 T = 11.45
 --> Site =   19 .. Mmps =  550 Ndav =  13 E =   -175.3655779147 Error = 2.72e-19 FLOPS = 2.98e+10 Tdav = 9.58 T = 14.75
 --> Site =   20 .. Mmps =  550 Ndav =   9 E =   -175.3656062362 Error = 4.17e-20 FLOPS = 3.19e+10 Tdav = 6.48 T = 11.90
 --> Site =   21 .. Mmps =  550 Ndav =  10 E =   -175.3656231251 Error = 1.58e-19 FLOPS = 3.16e+10 Tdav = 7.57 T = 13.48
 --> Site =   22 .. Mmps =  550 Ndav =   9 E =   -175.3656366084 Error = 1.95e-20 FLOPS = 3.20e+10 Tdav = 7.02 T = 13.43
 --> Site =   23 .. Mmps =  550 Ndav =   9 E =   -175.3656433966 Error = 1.02e-19 FLOPS = 3.23e+10 Tdav = 7.24 T = 13.93
 --> Site =   24 .. Mmps =  550 Ndav =   7 E =   -175.3656497496 Error = 2.69e-20 FLOPS = 3.29e+10 Tdav = 5.74 T = 12.86
 --> Site =   25 .. Mmps =  550 Ndav =   8 E =   -175.3656560015 Error = 1.64e-19 FLOPS = 3.29e+10 Tdav = 6.80 T = 14.46
 --> Site =   26 .. Mmps =  550 Ndav =   6 E =   -175.3656589658 Error = 1.13e-20 FLOPS = 3.33e+10 Tdav = 5.22 T = 13.33
 --> Site =   27 .. Mmps =  550 Ndav =   7 E =   -175.3656640905 Error = 1.24e-19 FLOPS = 3.33e+10 Tdav = 6.29 T = 14.94
 --> Site =   28 .. Mmps =  550 Ndav =   7 E =   -175.3656703681 Error = 2.57e-20 FLOPS = 3.32e+10 Tdav = 6.52 T = 15.60
 --> Site =   29 .. Mmps =  550 Ndav =   6 E =   -175.3656747739 Error = 1.34e-19 FLOPS = 3.37e+10 Tdav = 5.69 T = 15.34
 --> Site =   30 .. Mmps =  550 Ndav =   7 E =   -175.3656816046 Error = 3.69e-20 FLOPS = 3.33e+10 Tdav = 6.92 T = 17.12
 --> Site =   31 .. Mmps =  550 Ndav =   7 E =   -175.3656857098 Error = 1.25e-19 FLOPS = 3.35e+10 Tdav = 7.09 T = 17.87
 --> Site =   32 .. Mmps =  550 Ndav =   8 E =   -175.3656914937 Error = 1.27e-20 FLOPS = 3.34e+10 Tdav = 8.37 T = 19.74
 --> Site =   33 .. Mmps =  550 Ndav =   6 E =   -175.3656943012 Error = 3.80e-20 FLOPS = 3.38e+10 Tdav = 6.37 T = 18.33
 --> Site =   34 .. Mmps =  550 Ndav =   8 E =   -175.3656979633 Error = 2.83e-20 FLOPS = 3.34e+10 Tdav = 8.86 T = 21.42
 --> Site =   35 .. Mmps =  550 Ndav =   7 E =   -175.3656997542 Error = 9.42e-20 FLOPS = 3.36e+10 Tdav = 7.89 T = 21.13
 --> Site =   36 .. Mmps =  550 Ndav =   7 E =   -175.3657025042 Error = 1.39e-20 FLOPS = 3.37e+10 Tdav = 8.08 T = 21.99
 --> Site =   37 .. Mmps =  550 Ndav =   6 E =   -175.3657036480 Error = 3.37e-20 FLOPS = 3.40e+10 Tdav = 7.05 T = 21.63
 --> Site =   38 .. Mmps =  550 Ndav =   6 E =   -175.3657046247 Error = 2.10e-21 FLOPS = 3.40e+10 Tdav = 7.21 T = 22.45
 --> Site =   39 .. Mmps =  550 Ndav =   5 E =   -175.3657049103 Error = 9.08e-21 FLOPS = 3.40e+10 Tdav = 6.16 T = 22.10
 --> Site =   40 .. Mmps =  550 Ndav =   5 E =   -175.3657053837 Error = 4.10e-20 FLOPS = 3.41e+10 Tdav = 6.29 T = 23.16
 --> Site =   41 .. Mmps =  550 Ndav =   5 E =   -175.3657057370 Error = 5.88e-20 FLOPS = 3.42e+10 Tdav = 6.43 T = 23.86
 --> Site =   42 .. Mmps =  550 Ndav =   5 E =   -175.3657063052 Error = 1.98e-21 FLOPS = 3.43e+10 Tdav = 6.55 T = 24.63
 --> Site =   43 .. Mmps =  550 Ndav =   4 E =   -175.3657066830 Error = 9.90e-20 FLOPS = 3.42e+10 Tdav = 5.14 T = 23.27
 --> Site =   44 .. Mmps =  550 Ndav =   5 E =   -175.3657073026 Error = 8.98e-21 FLOPS = 3.40e+10 Tdav = 6.60 T = 24.74
 --> Site =   45 .. Mmps =  550 Ndav =   4 E =   -175.3657076388 Error = 6.20e-20 FLOPS = 3.43e+10 Tdav = 5.36 T = 24.19
 --> Site =   46 .. Mmps =  550 Ndav =   5 E =   -175.3657082690 Error = 5.98e-21 FLOPS = 3.43e+10 Tdav = 6.69 T = 25.99
 --> Site =   47 .. Mmps =  550 Ndav =   5 E =   -175.3657086297 Error = 1.73e-19 FLOPS = 3.44e+10 Tdav = 6.82 T = 26.41
 --> Site =   48 .. Mmps =  550 Ndav =   6 E =   -175.3657095241 Error = 2.17e-21 FLOPS = 3.42e+10 Tdav = 8.40 T = 28.80
 --> Site =   49 .. Mmps =  550 Ndav =   7 E =   -175.3657102318 Error = 1.14e-20 FLOPS = 3.40e+10 Tdav = 9.85 T = 30.72
 --> Site =   50 .. Mmps =  550 Ndav =   6 E =   -175.3657109474 Error = 7.53e-21 FLOPS = 3.43e+10 Tdav = 8.55 T = 29.78
 --> Site =   51 .. Mmps =  550 Ndav =   8 E =   -175.3657120566 Error = 4.54e-20 FLOPS = 3.39e+10 Tdav = 11.53 T = 33.19
 --> Site =   52 .. Mmps =  550 Ndav =   5 E =   -175.3657123891 Error = 1.32e-20 FLOPS = 3.44e+10 Tdav = 7.26 T = 29.33
 --> Site =   53 .. Mmps =  550 Ndav =   5 E =   -175.3657127101 Error = 5.55e-21 FLOPS = 3.45e+10 Tdav = 7.39 T = 30.27
 --> Site =   54 .. Mmps =  550 Ndav =   5 E =   -175.3657131854 Error = 1.99e-20 FLOPS = 3.45e+10 Tdav = 7.38 T = 30.68
 --> Site =   55 .. Mmps =  550 Ndav =   4 E =   -175.3657134077 Error = 1.20e-19 FLOPS = 3.44e+10 Tdav = 5.92 T = 29.22
 --> Site =   56 .. Mmps =  550 Ndav =   5 E =   -175.3657138986 Error = 7.19e-21 FLOPS = 3.43e+10 Tdav = 7.43 T = 30.82
 --> Site =   57 .. Mmps =  550 Ndav =   4 E =   -175.3657141950 Error = 2.71e-20 FLOPS = 3.43e+10 Tdav = 5.93 T = 29.24
 --> Site =   58 .. Mmps =  550 Ndav =   5 E =   -175.3657148461 Error = 5.69e-21 FLOPS = 3.43e+10 Tdav = 7.43 T = 30.77
 --> Site =   59 .. Mmps =  550 Ndav =   5 E =   -175.3657152967 Error = 1.46e-19 FLOPS = 3.43e+10 Tdav = 7.41 T = 30.82
 --> Site =   60 .. Mmps =  550 Ndav =   6 E =   -175.3657163210 Error = 1.17e-21 FLOPS = 3.43e+10 Tdav = 9.07 T = 32.88
 --> Site =   61 .. Mmps =  550 Ndav =   6 E =   -175.3657169900 Error = 1.10e-19 FLOPS = 3.43e+10 Tdav = 9.25 T = 33.83
 --> Site =   62 .. Mmps =  550 Ndav =   7 E =   -175.3657185518 Error = 1.29e-20 FLOPS = 3.41e+10 Tdav = 10.85 T = 36.02
 --> Site =   63 .. Mmps =  550 Ndav =   7 E =   -175.3657193843 Error = 4.23e-20 FLOPS = 3.43e+10 Tdav = 11.00 T = 36.50
 --> Site =   64 .. Mmps =  550 Ndav =   6 E =   -175.3657201307 Error = 2.36e-20 FLOPS = 3.44e+10 Tdav = 9.41 T = 35.35
 --> Site =   65 .. Mmps =  550 Ndav =   4 E =   -175.3657203144 Error = 3.08e-20 FLOPS = 3.44e+10 Tdav = 6.26 T = 32.26
 --> Site =   66 .. Mmps =  550 Ndav =   5 E =   -175.3657207137 Error = 1.20e-20 FLOPS = 3.44e+10 Tdav = 7.83 T = 33.82
 --> Site =   67 .. Mmps =  550 Ndav =   4 E =   -175.3657210142 Error = 9.20e-20 FLOPS = 3.44e+10 Tdav = 6.26 T = 32.30
 --> Site =   68 .. Mmps =  550 Ndav =   5 E =   -175.3657215662 Error = 2.77e-20 FLOPS = 3.44e+10 Tdav = 7.83 T = 33.78
 --> Site =   69 .. Mmps =  550 Ndav =   4 E =   -175.3657218570 Error = 4.71e-20 FLOPS = 3.40e+10 Tdav = 6.34 T = 32.41
 --> Site =   70 .. Mmps =  550 Ndav =   5 E =   -175.3657224263 Error = 2.60e-20 FLOPS = 3.43e+10 Tdav = 7.87 T = 33.95
 --> Site =   71 .. Mmps =  550 Ndav =   4 E =   -175.3657228457 Error = 6.99e-20 FLOPS = 3.41e+10 Tdav = 6.32 T = 32.32
 --> Site =   72 .. Mmps =  550 Ndav =   5 E =   -175.3657236522 Error = 1.78e-20 FLOPS = 3.41e+10 Tdav = 7.91 T = 33.96
 --> Site =   73 .. Mmps =  550 Ndav =   5 E =   -175.3657241364 Error = 1.08e-19 FLOPS = 3.43e+10 Tdav = 7.85 T = 33.87
 --> Site =   74 .. Mmps =  550 Ndav =   6 E =   -175.3657254484 Error = 4.14e-21 FLOPS = 3.43e+10 Tdav = 9.61 T = 36.01
 --> Site =   75 .. Mmps =  550 Ndav =   8 E =   -175.3657266317 Error = 9.81e-20 FLOPS = 3.41e+10 Tdav = 12.89 T = 39.81
 --> Site =   76 .. Mmps =  550 Ndav =   6 E =   -175.3657278711 Error = 4.75e-20 FLOPS = 3.42e+10 Tdav = 9.45 T = 35.93
 --> Site =   77 .. Mmps =  550 Ndav =   8 E =   -175.3657294818 Error = 9.17e-20 FLOPS = 3.40e+10 Tdav = 12.91 T = 39.33
 --> Site =   78 .. Mmps =  550 Ndav =   5 E =   -175.3657298642 Error = 1.02e-20 FLOPS = 3.43e+10 Tdav = 7.86 T = 34.30
 --> Site =   79 .. Mmps =  550 Ndav =   4 E =   -175.3657301541 Error = 1.40e-19 FLOPS = 3.45e+10 Tdav = 6.37 T = 32.84
 --> Site =   80 .. Mmps =  550 Ndav =   5 E =   -175.3657306986 Error = 3.85e-21 FLOPS = 3.44e+10 Tdav = 7.98 T = 34.85
 --> Site =   81 .. Mmps =  550 Ndav =   4 E =   -175.3657309561 Error = 6.90e-20 FLOPS = 3.44e+10 Tdav = 6.26 T = 32.74
 --> Site =   82 .. Mmps =  550 Ndav =   5 E =   -175.3657315300 Error = 6.56e-21 FLOPS = 3.44e+10 Tdav = 7.84 T = 33.82
 --> Site =   83 .. Mmps =  550 Ndav =   4 E =   -175.3657318811 Error = 8.56e-20 FLOPS = 3.44e+10 Tdav = 6.27 T = 32.26
 --> Site =   84 .. Mmps =  550 Ndav =   5 E =   -175.3657327472 Error = 1.81e-20 FLOPS = 3.44e+10 Tdav = 7.83 T = 33.77
 --> Site =   85 .. Mmps =  550 Ndav =   5 E =   -175.3657333091 Error = 6.68e-20 FLOPS = 3.44e+10 Tdav = 7.85 T = 33.81
 --> Site =   86 .. Mmps =  550 Ndav =   6 E =   -175.3657343941 Error = 3.80e-21 FLOPS = 3.43e+10 Tdav = 9.42 T = 35.45
 --> Site =   87 .. Mmps =  550 Ndav =   6 E =   -175.3657351346 Error = 1.69e-19 FLOPS = 3.42e+10 Tdav = 9.62 T = 36.15
 --> Site =   88 .. Mmps =  550 Ndav =   7 E =   -175.3657368411 Error = 1.75e-20 FLOPS = 3.42e+10 Tdav = 11.24 T = 38.36
 --> Site =   89 .. Mmps =  550 Ndav =   7 E =   -175.3657377066 Error = 9.21e-20 FLOPS = 3.41e+10 Tdav = 11.28 T = 38.25
 --> Site =   90 .. Mmps =  550 Ndav =   6 E =   -175.3657385153 Error = 1.94e-20 FLOPS = 3.42e+10 Tdav = 9.64 T = 36.73
 --> Site =   91 .. Mmps =  550 Ndav =   4 E =   -175.3657387283 Error = 1.79e-20 FLOPS = 3.42e+10 Tdav = 6.30 T = 32.76
 --> Site =   92 .. Mmps =  550 Ndav =   5 E =   -175.3657391305 Error = 7.73e-21 FLOPS = 3.42e+10 Tdav = 8.03 T = 34.54
 --> Site =   93 .. Mmps =  550 Ndav =   4 E =   -175.3657394198 Error = 8.38e-20 FLOPS = 3.44e+10 Tdav = 6.38 T = 33.24
 --> Site =   94 .. Mmps =  550 Ndav =   5 E =   -175.3657398956 Error = 4.45e-21 FLOPS = 3.44e+10 Tdav = 7.84 T = 34.26
 --> Site =   95 .. Mmps =  550 Ndav =   4 E =   -175.3657401850 Error = 9.17e-20 FLOPS = 3.45e+10 Tdav = 6.25 T = 32.25
 --> Site =   96 .. Mmps =  550 Ndav =   5 E =   -175.3657407674 Error = 1.91e-20 FLOPS = 3.43e+10 Tdav = 7.85 T = 33.81
 --> Site =   97 .. Mmps =  550 Ndav =   4 E =   -175.3657411282 Error = 7.46e-20 FLOPS = 3.45e+10 Tdav = 6.26 T = 32.37
 --> Site =   98 .. Mmps =  550 Ndav =   5 E =   -175.3657419402 Error = 9.66e-21 FLOPS = 3.43e+10 Tdav = 7.87 T = 34.09
 --> Site =   99 .. Mmps =  550 Ndav =   5 E =   -175.3657424618 Error = 5.50e-20 FLOPS = 3.43e+10 Tdav = 7.85 T = 33.83
 --> Site =  100 .. Mmps =  550 Ndav =   6 E =   -175.3657438354 Error = 2.84e-21 FLOPS = 3.42e+10 Tdav = 9.46 T = 35.42
 --> Site =  101 .. Mmps =  550 Ndav =   9 E =   -175.3657451262 Error = 2.93e-20 FLOPS = 3.38e+10 Tdav = 14.36 T = 40.42
 --> Site =  102 .. Mmps =  550 Ndav =   6 E =   -175.3657462206 Error = 1.11e-20 FLOPS = 3.43e+10 Tdav = 9.43 T = 35.45
 --> Site =  103 .. Mmps =  550 Ndav =   8 E =   -175.3657474435 Error = 9.09e-20 FLOPS = 3.39e+10 Tdav = 12.48 T = 38.01
 --> Site =  104 .. Mmps =  550 Ndav =   5 E =   -175.3657478085 Error = 3.22e-20 FLOPS = 3.44e+10 Tdav = 7.68 T = 32.77
 --> Site =  105 .. Mmps =  550 Ndav =   5 E =   -175.3657482102 Error = 8.41e-20 FLOPS = 3.43e+10 Tdav = 7.70 T = 32.88
 --> Site =  106 .. Mmps =  550 Ndav =   5 E =   -175.3657488062 Error = 2.09e-20 FLOPS = 3.43e+10 Tdav = 7.57 T = 32.26
 --> Site =  107 .. Mmps =  550 Ndav =   4 E =   -175.3657490440 Error = 3.79e-20 FLOPS = 3.43e+10 Tdav = 5.94 T = 29.68
 --> Site =  108 .. Mmps =  550 Ndav =   5 E =   -175.3657495920 Error = 8.64e-21 FLOPS = 3.42e+10 Tdav = 7.45 T = 30.82
 --> Site =  109 .. Mmps =  550 Ndav =   4 E =   -175.3657499228 Error = 1.16e-19 FLOPS = 3.41e+10 Tdav = 5.96 T = 29.38
 --> Site =  110 .. Mmps =  550 Ndav =   5 E =   -175.3657506923 Error = 7.42e-21 FLOPS = 3.40e+10 Tdav = 7.48 T = 30.98
 --> Site =  111 .. Mmps =  550 Ndav =   5 E =   -175.3657511454 Error = 9.55e-20 FLOPS = 3.40e+10 Tdav = 7.48 T = 30.92
 --> Site =  112 .. Mmps =  550 Ndav =   6 E =   -175.3657520529 Error = 5.25e-21 FLOPS = 3.41e+10 Tdav = 8.96 T = 32.44
 --> Site =  113 .. Mmps =  550 Ndav =   6 E =   -175.3657527307 Error = 7.25e-20 FLOPS = 3.41e+10 Tdav = 8.97 T = 32.32
 --> Site =  114 .. Mmps =  550 Ndav =   7 E =   -175.3657540918 Error = 5.38e-21 FLOPS = 3.40e+10 Tdav = 10.48 T = 33.88
 --> Site =  115 .. Mmps =  550 Ndav =   7 E =   -175.3657547706 Error = 7.65e-20 FLOPS = 3.39e+10 Tdav = 10.29 T = 33.27
 --> Site =  116 .. Mmps =  550 Ndav =   6 E =   -175.3657557513 Error = 5.07e-20 FLOPS = 3.41e+10 Tdav = 8.60 T = 30.69
 --> Site =  117 .. Mmps =  550 Ndav =   4 E =   -175.3657559201 Error = 9.27e-21 FLOPS = 3.41e+10 Tdav = 5.73 T = 27.41
 --> Site =  118 .. Mmps =  550 Ndav =   4 E =   -175.3657561792 Error = 2.15e-20 FLOPS = 3.40e+10 Tdav = 5.64 T = 26.92
 --> Site =  119 .. Mmps =  550 Ndav =   4 E =   -175.3657563546 Error = 3.19e-20 FLOPS = 3.42e+10 Tdav = 5.48 T = 26.00
 --> Site =  120 .. Mmps =  550 Ndav =   4 E =   -175.3657567091 Error = 2.98e-20 FLOPS = 3.43e+10 Tdav = 5.47 T = 25.85
 --> Site =  121 .. Mmps =  550 Ndav =   4 E =   -175.3657569660 Error = 2.52e-20 FLOPS = 3.41e+10 Tdav = 5.39 T = 25.07
 --> Site =  122 .. Mmps =  550 Ndav =   5 E =   -175.3657574849 Error = 1.22e-21 FLOPS = 3.42e+10 Tdav = 6.72 T = 25.99
 --> Site =  123 .. Mmps =  550 Ndav =   4 E =   -175.3657578276 Error = 4.97e-20 FLOPS = 3.42e+10 Tdav = 5.26 T = 24.16
 --> Site =  124 .. Mmps =  550 Ndav =   5 E =   -175.3657585067 Error = 1.90e-20 FLOPS = 3.42e+10 Tdav = 6.42 T = 24.61
 --> Site =  125 .. Mmps =  550 Ndav =   4 E =   -175.3657589360 Error = 3.54e-20 FLOPS = 3.42e+10 Tdav = 5.14 T = 22.89
 --> Site =  126 .. Mmps =  550 Ndav =   5 E =   -175.3657598454 Error = 1.94e-21 FLOPS = 3.38e+10 Tdav = 6.49 T = 24.31
 --> Site =  127 .. Mmps =  550 Ndav =   7 E =   -175.3657605992 Error = 2.23e-20 FLOPS = 3.36e+10 Tdav = 8.94 T = 26.40
 --> Site =  128 .. Mmps =  550 Ndav =   6 E =   -175.3657614343 Error = 5.20e-21 FLOPS = 3.40e+10 Tdav = 7.40 T = 24.21
 --> Site =  129 .. Mmps =  550 Ndav =   7 E =   -175.3657623097 Error = 8.45e-20 FLOPS = 3.38e+10 Tdav = 8.47 T = 24.50
 --> Site =  130 .. Mmps =  550 Ndav =   4 E =   -175.3657626003 Error = 3.79e-21 FLOPS = 3.40e+10 Tdav = 4.70 T = 20.08
 --> Site =  131 .. Mmps =  550 Ndav =   4 E =   -175.3657628699 Error = 9.03e-21 FLOPS = 3.36e+10 Tdav = 4.64 T = 19.25
 --> Site =  132 .. Mmps =  550 Ndav =   5 E =   -175.3657634008 Error = 4.57e-21 FLOPS = 3.38e+10 Tdav = 5.61 T = 19.52
 --> Site =  133 .. Mmps =  550 Ndav =   4 E =   -175.3657637131 Error = 8.42e-20 FLOPS = 3.40e+10 Tdav = 4.35 T = 17.73
 --> Site =  134 .. Mmps =  550 Ndav =   5 E =   -175.3657645038 Error = 2.04e-21 FLOPS = 3.39e+10 Tdav = 5.30 T = 17.98
 --> Site =  135 .. Mmps =  550 Ndav =   5 E =   -175.3657651337 Error = 1.44e-19 FLOPS = 3.35e+10 Tdav = 5.22 T = 17.20
 --> Site =  136 .. Mmps =  550 Ndav =   6 E =   -175.3657665013 Error = 1.07e-20 FLOPS = 3.37e+10 Tdav = 6.05 T = 17.46
 --> Site =  137 .. Mmps =  550 Ndav =   6 E =   -175.3657675068 Error = 7.17e-20 FLOPS = 3.34e+10 Tdav = 5.91 T = 16.80
 --> Site =  138 .. Mmps =  550 Ndav =   6 E =   -175.3657692750 Error = 5.43e-21 FLOPS = 3.30e+10 Tdav = 5.81 T = 16.10
 --> Site =  139 .. Mmps =  550 Ndav =   7 E =   -175.3657705940 Error = 1.10e-19 FLOPS = 3.32e+10 Tdav = 6.52 T = 16.25
 --> Site =  140 .. Mmps =  550 Ndav =   6 E =   -175.3657728465 Error = 2.87e-21 FLOPS = 3.32e+10 Tdav = 5.42 T = 14.59
 --> Site =  141 .. Mmps =  550 Ndav =   7 E =   -175.3657747980 Error = 2.30e-19 FLOPS = 3.32e+10 Tdav = 6.11 T = 14.82
 --> Site =  142 .. Mmps =  550 Ndav =   6 E =   -175.3657772082 Error = 5.35e-20 FLOPS = 3.31e+10 Tdav = 5.06 T = 13.27
 --> Site =  143 .. Mmps =  550 Ndav =   5 E =   -175.3657780684 Error = 5.56e-20 FLOPS = 3.34e+10 Tdav = 4.04 T = 11.70
 --> Site =  144 .. Mmps =  550 Ndav =   6 E =   -175.3657807743 Error = 4.68e-20 FLOPS = 3.27e+10 Tdav = 4.76 T = 11.96
 --> Site =  145 .. Mmps =  550 Ndav =   7 E =   -175.3657831788 Error = 6.51e-20 FLOPS = 3.28e+10 Tdav = 5.33 T = 12.07
 --> Site =  146 .. Mmps =  550 Ndav =   7 E =   -175.3657872207 Error = 1.90e-20 FLOPS = 3.22e+10 Tdav = 5.21 T = 11.55
 --> Site =  147 .. Mmps =  550 Ndav =   8 E =   -175.3657919694 Error = 8.42e-20 FLOPS = 3.20e+10 Tdav = 5.74 T = 11.62
 --> Site =  148 .. Mmps =  550 Ndav =   8 E =   -175.3657988610 Error = 2.91e-20 FLOPS = 3.21e+10 Tdav = 5.47 T = 10.97
 --> Site =  149 .. Mmps =  550 Ndav =   9 E =   -175.3658046834 Error = 1.40e-19 FLOPS = 3.16e+10 Tdav = 5.98 T = 11.09
 --> Site =  150 .. Mmps =  550 Ndav =   8 E =   -175.3658106691 Error = 1.48e-20 FLOPS = 3.18e+10 Tdav = 5.02 T = 9.70
 --> Site =  151 .. Mmps =  550 Ndav =   9 E =   -175.3658165131 Error = 9.55e-20 FLOPS = 3.08e+10 Tdav = 5.54 T = 9.85
 --> Site =  152 .. Mmps =  550 Ndav =   8 E =   -175.3658222722 Error = 3.32e-20 FLOPS = 3.14e+10 Tdav = 4.57 T = 8.56
 --> Site =  153 .. Mmps =  550 Ndav =   8 E =   -175.3658281961 Error = 1.42e-19 FLOPS = 3.12e+10 Tdav = 4.35 T = 8.00
 --> Site =  154 .. Mmps =  550 Ndav =   8 E =   -175.3658338779 Error = 7.16e-20 FLOPS = 3.09e+10 Tdav = 4.13 T = 7.59
 --> Site =  155 .. Mmps =  550 Ndav =   9 E =   -175.3658399370 Error = 2.54e-18 FLOPS = 2.99e+10 Tdav = 4.51 T = 7.61
 --> Site =  156 .. Mmps =  550 Ndav =   8 E =   -175.3658452504 Error = 2.24e-18 FLOPS = 3.05e+10 Tdav = 3.66 T = 6.40
 --> Site =  157 .. Mmps =  550 Ndav =   9 E =   -175.3658486025 Error = 1.45e-18 FLOPS = 2.96e+10 Tdav = 3.95 T = 6.42
 --> Site =  158 .. Mmps =  550 Ndav =   7 E =   -175.3658496181 Error = 4.49e-19 FLOPS = 3.04e+10 Tdav = 2.76 T = 4.98
 --> Site =  159 .. Mmps =  550 Ndav =   3 E =   -175.3658496669 Error = 1.49e-23 FLOPS = 3.06e+10 Tdav = 0.97 T = 3.08
 --> Site =  160 .. Mmps =  550 Ndav =   1 E =   -175.3658496669 Error = 2.48e-30 FLOPS = 2.59e+10 Tdav = 0.15 T = 1.94
 --> Site =  161 .. Mmps =  550 Ndav =   1 E =   -175.3658496669 Error = 2.37e-56 FLOPS = 2.28e+10 Tdav = 0.07 T = 1.59
 --> Site =  162 .. Mmps =  550 Ndav =   1 E =   -175.3658496669 Error = 7.55e-83 FLOPS = 2.25e+10 Tdav = 0.03 T = 1.33
 --> Site =  163 .. Mmps =  550 Ndav =   1 E =   -175.3658496669 Error = 1.62e-108 FLOPS = 1.81e+10 Tdav = 0.02 T = 1.16
 --> Site =  164 .. Mmps =  550 Ndav =   1 E =   -175.3658496669 Error = 1.35e-133 FLOPS = 1.38e+10 Tdav = 0.01 T = 1.00
 --> Site =  165 .. Mmps =  550 Ndav =   1 E =   -175.3658496669 Error = 4.31e-157 FLOPS = 8.04e+09 Tdav = 0.01 T = 0.85
 --> Site =  166 .. Mmps =  546 Ndav =   1 E =   -175.3658496669 Error = 0.00e+00 FLOPS = 4.39e+09 Tdav = 0.00 T = 0.68
 --> Site =  167 .. Mmps =  547 Ndav =   1 E =   -175.3658496669 Error = 0.00e+00 FLOPS = 2.36e+09 Tdav = 0.00 T = 0.53
 --> Site =  168 .. Mmps =  547 Ndav =   1 E =   -175.3658496669 Error = 0.00e+00 FLOPS = 2.79e+09 Tdav = 0.00 T = 0.37
Time elapsed =  12300.996 | E =    -175.3658496669 | DE = -6.39e-04 | DW = 2.54417e-18
Time sweep =     3652.742 | 32.3 TFLOP/SWP
 | Dmem = 134 MB (3%) | Imem = 232 B (79%) | Hmem = 637 MB | Wmem = 4.62 MB | Pmem = 0 B
 | Tread = 84.588 | Twrite = 33.699 | Tfpread = 83.205 | Tfpwrite = 23.649 | Tmporead = 0.000 | Tasync = 0.000
 | data = 14.5 GB | cpsd = 10.9 GB
 | Trot = 186.370 | Tctr = 1.557 | Tint = 0.030 | Tmid = 0.000 | Tdctr = 65.721 | Tdiag = 1.747 | Tinfo = 2.204
 | Teff = 2316.109 | Tprt = 0.000 | Teig = 1055.327 | Tblk = 3427.498 | Tmve = 225.229 | Tdm = 2.924 | Tsplt = 41.680 | Tsvd = 0.000 | Torth = 0.000

Sweep =    9 | Direction = backward | Bond dimension =  550 | Noise =  0.00e+00 | Dav threshold =  1.00e-07
 <-- Site =  168 .. Mmps =    2 Ndav =   1 E =   -175.3658496669 Error = 0.00e+00 FLOPS = 2.02e+09 Tdav = 0.00 T = 0.06
 <-- Site =  167 .. Mmps =    4 Ndav =   1 E =   -175.3658496669 Error = 0.00e+00 FLOPS = 2.65e+09 Tdav = 0.00 T = 0.12
 <-- Site =  166 .. Mmps =    8 Ndav =   1 E =   -175.3658496669 Error = 0.00e+00 FLOPS = 4.77e+09 Tdav = 0.00 T = 0.18
 <-- Site =  165 .. Mmps =   16 Ndav =   1 E =   -175.3658496669 Error = 0.00e+00 FLOPS = 8.33e+09 Tdav = 0.01 T = 0.26
 <-- Site =  164 .. Mmps =   32 Ndav =   1 E =   -175.3658496669 Error = 0.00e+00 FLOPS = 1.42e+10 Tdav = 0.01 T = 0.37
 <-- Site =  163 .. Mmps =   64 Ndav =   1 E =   -175.3658496669 Error = 0.00e+00 FLOPS = 1.71e+10 Tdav = 0.02 T = 0.50
 <-- Site =  162 .. Mmps =  128 Ndav =   1 E =   -175.3658496669 Error = 0.00e+00 FLOPS = 2.25e+10 Tdav = 0.03 T = 0.64
 <-- Site =  161 .. Mmps =  256 Ndav =   1 E =   -175.3658496669 Error = 0.00e+00 FLOPS = 2.32e+10 Tdav = 0.07 T = 0.85
 <-- Site =  160 .. Mmps =  511 Ndav =   1 E =   -175.3658496669 Error = 0.00e+00 FLOPS = 2.60e+10 Tdav = 0.15 T = 1.19
 <-- Site =  159 .. Mmps =  550 Ndav =   1 E =   -175.3658496669 Error = 1.71e-24 FLOPS = 2.72e+10 Tdav = 0.37 T = 1.92
 <-- Site =  158 .. Mmps =  550 Ndav =   1 E =   -175.3658496669 Error = 8.06e-22 FLOPS = 2.88e+10 Tdav = 0.42 T = 2.62
 <-- Site =  157 .. Mmps =  550 Ndav =   1 E =   -175.3658496669 Error = 6.20e-23 FLOPS = 2.91e+10 Tdav = 0.45 T = 2.97
 <-- Site =  156 .. Mmps =  550 Ndav =   2 E =   -175.3658496723 Error = 9.80e-21 FLOPS = 3.17e+10 Tdav = 0.88 T = 3.71
 <-- Site =  155 .. Mmps =  550 Ndav =   2 E =   -175.3658496822 Error = 1.53e-20 FLOPS = 3.17e+10 Tdav = 0.95 T = 4.06
 <-- Site =  154 .. Mmps =  550 Ndav =   3 E =   -175.3658497351 Error = 1.52e-18 FLOPS = 3.20e+10 Tdav = 1.50 T = 5.00
 <-- Site =  153 .. Mmps =  550 Ndav =   2 E =   -175.3658497667 Error = 5.00e-20 FLOPS = 3.18e+10 Tdav = 1.07 T = 4.92
 <-- Site =  152 .. Mmps =  550 Ndav =   3 E =   -175.3658498323 Error = 2.34e-18 FLOPS = 3.25e+10 Tdav = 1.66 T = 5.75
 <-- Site =  151 .. Mmps =  550 Ndav =   2 E =   -175.3658498681 Error = 6.55e-20 FLOPS = 3.16e+10 Tdav = 1.20 T = 5.69
 <-- Site =  150 .. Mmps =  550 Ndav =   3 E =   -175.3658499316 Error = 5.43e-18 FLOPS = 3.27e+10 Tdav = 1.83 T = 6.71
 <-- Site =  149 .. Mmps =  550 Ndav =   2 E =   -175.3658499589 Error = 3.82e-20 FLOPS = 3.15e+10 Tdav = 1.33 T = 6.71
 <-- Site =  148 .. Mmps =  550 Ndav =   3 E =   -175.3658500079 Error = 1.03e-18 FLOPS = 3.30e+10 Tdav = 2.00 T = 7.77
 <-- Site =  147 .. Mmps =  550 Ndav =   2 E =   -175.3658500304 Error = 3.50e-20 FLOPS = 3.25e+10 Tdav = 1.41 T = 7.56
 <-- Site =  146 .. Mmps =  550 Ndav =   3 E =   -175.3658500730 Error = 7.37e-19 FLOPS = 3.30e+10 Tdav = 2.18 T = 8.77
 <-- Site =  145 .. Mmps =  550 Ndav =   2 E =   -175.3658500875 Error = 1.56e-20 FLOPS = 3.28e+10 Tdav = 1.52 T = 8.63
 <-- Site =  144 .. Mmps =  550 Ndav =   2 E =   -175.3658501124 Error = 8.53e-19 FLOPS = 3.29e+10 Tdav = 1.58 T = 9.09
 <-- Site =  143 .. Mmps =  550 Ndav =   2 E =   -175.3658501302 Error = 5.56e-20 FLOPS = 3.29e+10 Tdav = 1.64 T = 9.65
 <-- Site =  142 .. Mmps =  550 Ndav =   2 E =   -175.3658501483 Error = 1.94e-18 FLOPS = 3.31e+10 Tdav = 1.69 T = 10.42
 <-- Site =  141 .. Mmps =  550 Ndav =   2 E =   -175.3658501666 Error = 4.14e-20 FLOPS = 3.31e+10 Tdav = 1.75 T = 10.82
 <-- Site =  140 .. Mmps =  550 Ndav =   3 E =   -175.3658502104 Error = 2.98e-18 FLOPS = 3.34e+10 Tdav = 2.69 T = 12.38
 <-- Site =  139 .. Mmps =  550 Ndav =   2 E =   -175.3658502317 Error = 1.92e-20 FLOPS = 3.27e+10 Tdav = 1.89 T = 12.22
 <-- Site =  138 .. Mmps =  550 Ndav =   3 E =   -175.3658503013 Error = 3.06e-18 FLOPS = 3.35e+10 Tdav = 2.86 T = 13.63
 <-- Site =  137 .. Mmps =  550 Ndav =   2 E =   -175.3658503219 Error = 1.80e-20 FLOPS = 3.34e+10 Tdav = 1.98 T = 13.41
 <-- Site =  136 .. Mmps =  550 Ndav =   3 E =   -175.3658503687 Error = 2.10e-18 FLOPS = 3.36e+10 Tdav = 3.03 T = 15.06
 <-- Site =  135 .. Mmps =  550 Ndav =   2 E =   -175.3658503826 Error = 1.66e-20 FLOPS = 3.28e+10 Tdav = 2.13 T = 14.84
 <-- Site =  134 .. Mmps =  550 Ndav =   2 E =   -175.3658504003 Error = 4.70e-18 FLOPS = 3.34e+10 Tdav = 2.15 T = 15.44
 <-- Site =  133 .. Mmps =  550 Ndav =   2 E =   -175.3658504082 Error = 8.67e-21 FLOPS = 3.34e+10 Tdav = 2.21 T = 16.26
 <-- Site =  132 .. Mmps =  550 Ndav =   2 E =   -175.3658504156 Error = 3.64e-18 FLOPS = 3.35e+10 Tdav = 2.27 T = 16.99
 <-- Site =  131 .. Mmps =  550 Ndav =   1 E =   -175.3658504156 Error = 9.37e-21 FLOPS = 3.21e+10 Tdav = 1.21 T = 16.75
 <-- Site =  130 .. Mmps =  550 Ndav =   2 E =   -175.3658504225 Error = 5.97e-19 FLOPS = 3.26e+10 Tdav = 2.45 T = 18.50
 <-- Site =  129 .. Mmps =  550 Ndav =   1 E =   -175.3658504225 Error = 1.03e-20 FLOPS = 3.22e+10 Tdav = 1.27 T = 18.14
 <-- Site =  128 .. Mmps =  550 Ndav =   2 E =   -175.3658504287 Error = 1.39e-18 FLOPS = 3.36e+10 Tdav = 2.49 T = 20.09
 <-- Site =  127 .. Mmps =  550 Ndav =   2 E =   -175.3658504331 Error = 1.54e-20 FLOPS = 3.30e+10 Tdav = 2.60 T = 20.93
 <-- Site =  126 .. Mmps =  550 Ndav =   2 E =   -175.3658504399 Error = 2.67e-18 FLOPS = 3.37e+10 Tdav = 2.61 T = 21.39
 <-- Site =  125 .. Mmps =  550 Ndav =   2 E =   -175.3658504450 Error = 1.14e-20 FLOPS = 3.37e+10 Tdav = 2.61 T = 21.48
 <-- Site =  124 .. Mmps =  550 Ndav =   2 E =   -175.3658504539 Error = 1.19e-18 FLOPS = 3.34e+10 Tdav = 2.63 T = 21.86
 <-- Site =  123 .. Mmps =  550 Ndav =   2 E =   -175.3658504606 Error = 1.36e-20 FLOPS = 3.38e+10 Tdav = 2.66 T = 22.62
 <-- Site =  122 .. Mmps =  550 Ndav =   2 E =   -175.3658504688 Error = 1.75e-18 FLOPS = 3.37e+10 Tdav = 2.72 T = 23.15
 <-- Site =  121 .. Mmps =  550 Ndav =   2 E =   -175.3658504732 Error = 8.89e-21 FLOPS = 3.37e+10 Tdav = 2.72 T = 23.57
 <-- Site =  120 .. Mmps =  550 Ndav =   2 E =   -175.3658504796 Error = 1.31e-18 FLOPS = 3.36e+10 Tdav = 2.79 T = 24.05
 <-- Site =  119 .. Mmps =  550 Ndav =   1 E =   -175.3658504796 Error = 7.16e-21 FLOPS = 3.26e+10 Tdav = 1.44 T = 23.06
 <-- Site =  118 .. Mmps =  550 Ndav =   2 E =   -175.3658504871 Error = 6.82e-19 FLOPS = 3.38e+10 Tdav = 2.84 T = 25.47
 <-- Site =  117 .. Mmps =  550 Ndav =   2 E =   -175.3658504914 Error = 2.24e-20 FLOPS = 3.38e+10 Tdav = 2.90 T = 25.89
 <-- Site =  116 .. Mmps =  550 Ndav =   1 E =   -175.3658504914 Error = 7.45e-19 FLOPS = 3.28e+10 Tdav = 1.49 T = 24.94
 <-- Site =  115 .. Mmps =  550 Ndav =   2 E =   -175.3658504957 Error = 1.93e-20 FLOPS = 3.38e+10 Tdav = 2.95 T = 27.19
 <-- Site =  114 .. Mmps =  550 Ndav =   2 E =   -175.3658505004 Error = 1.34e-18 FLOPS = 3.39e+10 Tdav = 3.01 T = 27.88
 <-- Site =  113 .. Mmps =  550 Ndav =   1 E =   -175.3658505004 Error = 8.40e-21 FLOPS = 3.26e+10 Tdav = 1.56 T = 26.39
 <-- Site =  112 .. Mmps =  550 Ndav =   2 E =   -175.3658505057 Error = 7.79e-19 FLOPS = 3.34e+10 Tdav = 3.05 T = 27.79
 <-- Site =  111 .. Mmps =  550 Ndav =   1 E =   -175.3658505057 Error = 9.78e-21 FLOPS = 3.28e+10 Tdav = 1.55 T = 26.40
 <-- Site =  110 .. Mmps =  550 Ndav =   2 E =   -175.3658505121 Error = 1.64e-18 FLOPS = 3.39e+10 Tdav = 3.00 T = 27.80
 <-- Site =  109 .. Mmps =  550 Ndav =   1 E =   -175.3658505121 Error = 1.15e-20 FLOPS = 3.27e+10 Tdav = 1.56 T = 26.36
 <-- Site =  108 .. Mmps =  550 Ndav =   2 E =   -175.3658505186 Error = 7.80e-19 FLOPS = 3.38e+10 Tdav = 3.01 T = 28.09
 <-- Site =  107 .. Mmps =  550 Ndav =   1 E =   -175.3658505186 Error = 5.54e-21 FLOPS = 3.28e+10 Tdav = 1.55 T = 26.77
 <-- Site =  106 .. Mmps =  550 Ndav =   2 E =   -175.3658505241 Error = 2.64e-18 FLOPS = 3.37e+10 Tdav = 3.08 T = 29.48
 <-- Site =  105 .. Mmps =  550 Ndav =   1 E =   -175.3658505241 Error = 3.19e-20 FLOPS = 3.29e+10 Tdav = 1.61 T = 28.32
 <-- Site =  104 .. Mmps =  550 Ndav =   2 E =   -175.3658505301 Error = 2.79e-18 FLOPS = 3.40e+10 Tdav = 3.12 T = 29.77
 <-- Site =  103 .. Mmps =  550 Ndav =   1 E =   -175.3658505301 Error = 1.65e-20 FLOPS = 3.29e+10 Tdav = 1.61 T = 28.66
 <-- Site =  102 .. Mmps =  550 Ndav =   2 E =   -175.3658505355 Error = 6.33e-19 FLOPS = 3.41e+10 Tdav = 3.16 T = 30.78
 <-- Site =  101 .. Mmps =  550 Ndav =   1 E =   -175.3658505355 Error = 1.55e-20 FLOPS = 3.29e+10 Tdav = 1.64 T = 29.25
 <-- Site =  100 .. Mmps =  550 Ndav =   2 E =   -175.3658505425 Error = 4.37e-19 FLOPS = 3.40e+10 Tdav = 3.17 T = 30.83
 <-- Site =   99 .. Mmps =  550 Ndav =   1 E =   -175.3658505425 Error = 7.88e-21 FLOPS = 3.29e+10 Tdav = 1.64 T = 29.29
 <-- Site =   98 .. Mmps =  550 Ndav =   2 E =   -175.3658505501 Error = 1.63e-18 FLOPS = 3.39e+10 Tdav = 3.18 T = 31.37
 <-- Site =   97 .. Mmps =  550 Ndav =   2 E =   -175.3658505541 Error = 1.42e-20 FLOPS = 3.40e+10 Tdav = 3.17 T = 30.77
 <-- Site =   96 .. Mmps =  550 Ndav =   2 E =   -175.3658505620 Error = 3.14e-18 FLOPS = 3.39e+10 Tdav = 3.18 T = 30.81
 <-- Site =   95 .. Mmps =  550 Ndav =   2 E =   -175.3658505668 Error = 9.15e-21 FLOPS = 3.40e+10 Tdav = 3.17 T = 30.83
 <-- Site =   94 .. Mmps =  550 Ndav =   2 E =   -175.3658505751 Error = 8.28e-19 FLOPS = 3.40e+10 Tdav = 3.17 T = 31.21
 <-- Site =   93 .. Mmps =  550 Ndav =   2 E =   -175.3658505818 Error = 1.55e-20 FLOPS = 3.40e+10 Tdav = 3.23 T = 31.79
 <-- Site =   92 .. Mmps =  550 Ndav =   2 E =   -175.3658505893 Error = 9.97e-19 FLOPS = 3.40e+10 Tdav = 3.23 T = 31.39
 <-- Site =   91 .. Mmps =  550 Ndav =   2 E =   -175.3658505943 Error = 4.71e-20 FLOPS = 3.40e+10 Tdav = 3.17 T = 31.23
 <-- Site =   90 .. Mmps =  550 Ndav =   1 E =   -175.3658505943 Error = 3.64e-18 FLOPS = 3.29e+10 Tdav = 1.67 T = 30.24
 <-- Site =   89 .. Mmps =  550 Ndav =   2 E =   -175.3658505991 Error = 5.94e-20 FLOPS = 3.40e+10 Tdav = 3.23 T = 31.79
 <-- Site =   88 .. Mmps =  550 Ndav =   2 E =   -175.3658506048 Error = 3.48e-19 FLOPS = 3.39e+10 Tdav = 3.24 T = 31.84
 <-- Site =   87 .. Mmps =  550 Ndav =   1 E =   -175.3658506048 Error = 1.08e-20 FLOPS = 3.20e+10 Tdav = 1.71 T = 29.95
 <-- Site =   86 .. Mmps =  550 Ndav =   2 E =   -175.3658506117 Error = 7.84e-19 FLOPS = 3.39e+10 Tdav = 3.18 T = 30.81
 <-- Site =   85 .. Mmps =  550 Ndav =   2 E =   -175.3658506152 Error = 1.04e-20 FLOPS = 3.40e+10 Tdav = 3.17 T = 30.97
 <-- Site =   84 .. Mmps =  550 Ndav =   2 E =   -175.3658506216 Error = 5.47e-18 FLOPS = 3.40e+10 Tdav = 3.17 T = 30.83
 <-- Site =   83 .. Mmps =  550 Ndav =   2 E =   -175.3658506255 Error = 1.25e-20 FLOPS = 3.40e+10 Tdav = 3.17 T = 30.81
 <-- Site =   82 .. Mmps =  550 Ndav =   2 E =   -175.3658506319 Error = 9.34e-19 FLOPS = 3.39e+10 Tdav = 3.18 T = 30.83
 <-- Site =   81 .. Mmps =  550 Ndav =   1 E =   -175.3658506319 Error = 1.11e-20 FLOPS = 3.29e+10 Tdav = 1.64 T = 29.80
 <-- Site =   80 .. Mmps =  550 Ndav =   2 E =   -175.3658506385 Error = 1.10e-18 FLOPS = 3.40e+10 Tdav = 3.23 T = 31.84
 <-- Site =   79 .. Mmps =  550 Ndav =   2 E =   -175.3658506426 Error = 1.34e-20 FLOPS = 3.41e+10 Tdav = 3.22 T = 31.52
 <-- Site =   78 .. Mmps =  550 Ndav =   2 E =   -175.3658506476 Error = 1.72e-18 FLOPS = 3.39e+10 Tdav = 3.18 T = 31.50
 <-- Site =   77 .. Mmps =  550 Ndav =   1 E =   -175.3658506476 Error = 2.17e-20 FLOPS = 3.30e+10 Tdav = 1.66 T = 29.82
 <-- Site =   76 .. Mmps =  550 Ndav =   2 E =   -175.3658506532 Error = 6.44e-19 FLOPS = 3.35e+10 Tdav = 3.22 T = 31.31
 <-- Site =   75 .. Mmps =  550 Ndav =   1 E =   -175.3658506532 Error = 2.18e-20 FLOPS = 3.29e+10 Tdav = 1.67 T = 30.27
 <-- Site =   74 .. Mmps =  550 Ndav =   2 E =   -175.3658506600 Error = 6.77e-19 FLOPS = 3.40e+10 Tdav = 3.23 T = 31.33
 <-- Site =   73 .. Mmps =  550 Ndav =   1 E =   -175.3658506600 Error = 1.71e-20 FLOPS = 3.28e+10 Tdav = 1.64 T = 29.27
 <-- Site =   72 .. Mmps =  550 Ndav =   2 E =   -175.3658506676 Error = 2.00e-18 FLOPS = 3.40e+10 Tdav = 3.17 T = 30.82
 <-- Site =   71 .. Mmps =  550 Ndav =   2 E =   -175.3658506721 Error = 1.04e-20 FLOPS = 3.40e+10 Tdav = 3.17 T = 30.87
 <-- Site =   70 .. Mmps =  550 Ndav =   2 E =   -175.3658506805 Error = 3.23e-18 FLOPS = 3.37e+10 Tdav = 3.19 T = 30.82
 <-- Site =   69 .. Mmps =  550 Ndav =   2 E =   -175.3658506857 Error = 8.82e-21 FLOPS = 3.41e+10 Tdav = 3.16 T = 30.85
 <-- Site =   68 .. Mmps =  550 Ndav =   2 E =   -175.3658506949 Error = 1.32e-18 FLOPS = 3.41e+10 Tdav = 3.17 T = 30.85
 <-- Site =   67 .. Mmps =  550 Ndav =   2 E =   -175.3658507025 Error = 1.42e-20 FLOPS = 3.37e+10 Tdav = 3.20 T = 30.97
 <-- Site =   66 .. Mmps =  550 Ndav =   2 E =   -175.3658507107 Error = 5.55e-19 FLOPS = 3.41e+10 Tdav = 3.16 T = 30.85
 <-- Site =   65 .. Mmps =  550 Ndav =   2 E =   -175.3658507160 Error = 4.91e-20 FLOPS = 3.40e+10 Tdav = 3.17 T = 30.79
 <-- Site =   64 .. Mmps =  550 Ndav =   1 E =   -175.3658507160 Error = 1.56e-18 FLOPS = 3.27e+10 Tdav = 1.65 T = 29.40
 <-- Site =   63 .. Mmps =  550 Ndav =   2 E =   -175.3658507204 Error = 3.48e-20 FLOPS = 3.41e+10 Tdav = 3.16 T = 30.30
 <-- Site =   62 .. Mmps =  550 Ndav =   2 E =   -175.3658507254 Error = 1.58e-18 FLOPS = 3.36e+10 Tdav = 3.15 T = 29.79
 <-- Site =   61 .. Mmps =  550 Ndav =   1 E =   -175.3658507254 Error = 1.02e-20 FLOPS = 3.33e+10 Tdav = 1.59 T = 27.77
 <-- Site =   60 .. Mmps =  550 Ndav =   2 E =   -175.3658507316 Error = 4.45e-18 FLOPS = 3.41e+10 Tdav = 3.04 T = 28.35
 <-- Site =   59 .. Mmps =  550 Ndav =   1 E =   -175.3658507316 Error = 8.48e-21 FLOPS = 3.32e+10 Tdav = 1.53 T = 26.25
 <-- Site =   58 .. Mmps =  550 Ndav =   2 E =   -175.3658507391 Error = 8.39e-19 FLOPS = 3.42e+10 Tdav = 2.98 T = 27.70
 <-- Site =   57 .. Mmps =  550 Ndav =   1 E =   -175.3658507391 Error = 5.72e-21 FLOPS = 3.32e+10 Tdav = 1.53 T = 26.20
 <-- Site =   56 .. Mmps =  550 Ndav =   2 E =   -175.3658507465 Error = 3.74e-18 FLOPS = 3.43e+10 Tdav = 2.97 T = 27.59
 <-- Site =   55 .. Mmps =  550 Ndav =   1 E =   -175.3658507465 Error = 9.50e-21 FLOPS = 3.32e+10 Tdav = 1.53 T = 26.23
 <-- Site =   54 .. Mmps =  550 Ndav =   2 E =   -175.3658507526 Error = 2.24e-18 FLOPS = 3.43e+10 Tdav = 2.97 T = 27.59
 <-- Site =   53 .. Mmps =  550 Ndav =   1 E =   -175.3658507526 Error = 1.88e-20 FLOPS = 3.33e+10 Tdav = 1.53 T = 25.93
 <-- Site =   52 .. Mmps =  550 Ndav =   2 E =   -175.3658507579 Error = 1.99e-18 FLOPS = 3.42e+10 Tdav = 2.92 T = 26.42
 <-- Site =   51 .. Mmps =  550 Ndav =   1 E =   -175.3658507579 Error = 2.69e-20 FLOPS = 3.31e+10 Tdav = 1.48 T = 24.40
 <-- Site =   50 .. Mmps =  550 Ndav =   1 E =   -175.3658507579 Error = 2.14e-18 FLOPS = 3.30e+10 Tdav = 1.48 T = 23.97
 <-- Site =   49 .. Mmps =  550 Ndav =   2 E =   -175.3658507616 Error = 1.26e-20 FLOPS = 3.42e+10 Tdav = 2.80 T = 24.86
 <-- Site =   48 .. Mmps =  550 Ndav =   1 E =   -175.3658507616 Error = 2.57e-19 FLOPS = 3.29e+10 Tdav = 1.46 T = 23.09
 <-- Site =   47 .. Mmps =  550 Ndav =   1 E =   -175.3658507616 Error = 5.66e-21 FLOPS = 3.30e+10 Tdav = 1.42 T = 22.22
 <-- Site =   46 .. Mmps =  550 Ndav =   2 E =   -175.3658507685 Error = 1.26e-18 FLOPS = 3.42e+10 Tdav = 2.69 T = 23.06
 <-- Site =   45 .. Mmps =  550 Ndav =   1 E =   -175.3658507685 Error = 6.97e-21 FLOPS = 3.30e+10 Tdav = 1.39 T = 21.35
 <-- Site =   44 .. Mmps =  550 Ndav =   2 E =   -175.3658507756 Error = 1.17e-18 FLOPS = 3.41e+10 Tdav = 2.63 T = 21.80
 <-- Site =   43 .. Mmps =  550 Ndav =   1 E =   -175.3658507756 Error = 9.42e-21 FLOPS = 3.28e+10 Tdav = 1.34 T = 20.45
 <-- Site =   42 .. Mmps =  550 Ndav =   2 E =   -175.3658507847 Error = 9.47e-19 FLOPS = 3.41e+10 Tdav = 2.64 T = 21.80
 <-- Site =   41 .. Mmps =  550 Ndav =   1 E =   -175.3658507847 Error = 9.11e-21 FLOPS = 3.29e+10 Tdav = 1.34 T = 19.80
 <-- Site =   40 .. Mmps =  550 Ndav =   2 E =   -175.3658507933 Error = 1.61e-18 FLOPS = 3.41e+10 Tdav = 2.52 T = 20.19
 <-- Site =   39 .. Mmps =  550 Ndav =   2 E =   -175.3658507976 Error = 2.77e-20 FLOPS = 3.40e+10 Tdav = 2.47 T = 19.39
 <-- Site =   38 .. Mmps =  550 Ndav =   1 E =   -175.3658507976 Error = 1.28e-18 FLOPS = 3.26e+10 Tdav = 1.26 T = 17.46
 <-- Site =   37 .. Mmps =  550 Ndav =   2 E =   -175.3658508013 Error = 1.61e-20 FLOPS = 3.27e+10 Tdav = 2.44 T = 17.96
 <-- Site =   36 .. Mmps =  550 Ndav =   2 E =   -175.3658508066 Error = 1.48e-18 FLOPS = 3.27e+10 Tdav = 2.38 T = 17.49
 <-- Site =   35 .. Mmps =  550 Ndav =   2 E =   -175.3658508110 Error = 8.37e-21 FLOPS = 3.26e+10 Tdav = 2.32 T = 16.67
 <-- Site =   34 .. Mmps =  550 Ndav =   2 E =   -175.3658508186 Error = 9.01e-19 FLOPS = 3.25e+10 Tdav = 2.27 T = 16.04
 <-- Site =   33 .. Mmps =  550 Ndav =   2 E =   -175.3658508250 Error = 1.07e-20 FLOPS = 3.28e+10 Tdav = 2.19 T = 15.20
 <-- Site =   32 .. Mmps =  550 Ndav =   2 E =   -175.3658508371 Error = 3.39e-18 FLOPS = 3.28e+10 Tdav = 2.13 T = 14.47
 <-- Site =   31 .. Mmps =  550 Ndav =   2 E =   -175.3658508463 Error = 1.94e-20 FLOPS = 3.26e+10 Tdav = 2.08 T = 13.86
 <-- Site =   30 .. Mmps =  550 Ndav =   2 E =   -175.3658508654 Error = 1.59e-18 FLOPS = 3.27e+10 Tdav = 2.02 T = 13.15
 <-- Site =   29 .. Mmps =  550 Ndav =   2 E =   -175.3658508823 Error = 2.36e-20 FLOPS = 3.24e+10 Tdav = 1.97 T = 12.53
 <-- Site =   28 .. Mmps =  550 Ndav =   2 E =   -175.3658509104 Error = 8.75e-19 FLOPS = 3.24e+10 Tdav = 1.91 T = 11.92
 <-- Site =   27 .. Mmps =  550 Ndav =   2 E =   -175.3658509385 Error = 3.99e-20 FLOPS = 3.23e+10 Tdav = 1.85 T = 11.22
 <-- Site =   26 .. Mmps =  550 Ndav =   3 E =   -175.3658509847 Error = 2.46e-18 FLOPS = 3.28e+10 Tdav = 2.65 T = 11.51
 <-- Site =   25 .. Mmps =  550 Ndav =   2 E =   -175.3658510036 Error = 2.84e-20 FLOPS = 3.24e+10 Tdav = 1.72 T = 10.01
 <-- Site =   24 .. Mmps =  550 Ndav =   3 E =   -175.3658510667 Error = 1.22e-18 FLOPS = 3.26e+10 Tdav = 2.48 T = 10.25
 <-- Site =   23 .. Mmps =  550 Ndav =   3 E =   -175.3658511177 Error = 3.75e-20 FLOPS = 3.25e+10 Tdav = 2.39 T = 9.69
 <-- Site =   22 .. Mmps =  550 Ndav =   3 E =   -175.3658512073 Error = 8.61e-19 FLOPS = 3.25e+10 Tdav = 2.30 T = 9.10
 <-- Site =   21 .. Mmps =  550 Ndav =   3 E =   -175.3658512809 Error = 5.31e-20 FLOPS = 3.24e+10 Tdav = 2.22 T = 8.55
 <-- Site =   20 .. Mmps =  550 Ndav =   3 E =   -175.3658514147 Error = 1.22e-18 FLOPS = 3.21e+10 Tdav = 2.14 T = 8.09
 <-- Site =   19 .. Mmps =  550 Ndav =   4 E =   -175.3658515227 Error = 5.04e-20 FLOPS = 3.22e+10 Tdav = 2.73 T = 8.23
 <-- Site =   18 .. Mmps =  550 Ndav =   4 E =   -175.3658517181 Error = 1.52e-18 FLOPS = 3.21e+10 Tdav = 2.61 T = 7.68
 <-- Site =   17 .. Mmps =  550 Ndav =   3 E =   -175.3658518887 Error = 4.60e-20 FLOPS = 3.21e+10 Tdav = 1.87 T = 6.57
 <-- Site =   16 .. Mmps =  550 Ndav =   4 E =   -175.3658522287 Error = 1.06e-18 FLOPS = 3.17e+10 Tdav = 2.40 T = 6.74
 <-- Site =   15 .. Mmps =  550 Ndav =   4 E =   -175.3658525658 Error = 9.02e-20 FLOPS = 3.16e+10 Tdav = 2.27 T = 6.22
 <-- Site =   14 .. Mmps =  550 Ndav =   5 E =   -175.3658531525 Error = 1.47e-18 FLOPS = 3.11e+10 Tdav = 2.73 T = 6.37
 <-- Site =   13 .. Mmps =  550 Ndav =   5 E =   -175.3658537982 Error = 1.10e-18 FLOPS = 3.13e+10 Tdav = 2.55 T = 5.83
 <-- Site =   12 .. Mmps =  550 Ndav =   5 E =   -175.3658546872 Error = 1.75e-17 FLOPS = 3.07e+10 Tdav = 2.44 T = 5.43
 <-- Site =   11 .. Mmps =  550 Ndav =   6 E =   -175.3658551940 Error = 3.63e-18 FLOPS = 3.06e+10 Tdav = 2.74 T = 5.42
 <-- Site =   10 .. Mmps =  550 Ndav =   3 E =   -175.3658552825 Error = 1.38e-17 FLOPS = 3.11e+10 Tdav = 1.25 T = 3.66
 <-- Site =    9 .. Mmps =  550 Ndav =   2 E =   -175.3658552878 Error = 5.35e-23 FLOPS = 2.98e+10 Tdav = 0.71 T = 2.74
 <-- Site =    8 .. Mmps =  550 Ndav =   1 E =   -175.3658552878 Error = 1.65e-30 FLOPS = 2.50e+10 Tdav = 0.13 T = 1.38
 <-- Site =    7 .. Mmps =  550 Ndav =   1 E =   -175.3658552878 Error = 1.68e-54 FLOPS = 2.14e+10 Tdav = 0.05 T = 1.04
 <-- Site =    6 .. Mmps =  550 Ndav =   1 E =   -175.3658552878 Error = 1.14e-74 FLOPS = 1.82e+10 Tdav = 0.02 T = 0.91
 <-- Site =    5 .. Mmps =  550 Ndav =   1 E =   -175.3658552878 Error = 2.51e-96 FLOPS = 1.49e+10 Tdav = 0.01 T = 0.85
 <-- Site =    4 .. Mmps =  550 Ndav =   1 E =   -175.3658552878 Error = 1.43e-109 FLOPS = 1.22e+10 Tdav = 0.01 T = 0.78
 <-- Site =    3 .. Mmps =  550 Ndav =   1 E =   -175.3658552878 Error = 4.17e-116 FLOPS = 8.57e+09 Tdav = 0.00 T = 0.80
 <-- Site =    2 .. Mmps =  550 Ndav =   1 E =   -175.3658552878 Error = 6.85e-109 FLOPS = 6.95e+09 Tdav = 0.00 T = 0.67
 <-- Site =    1 .. Mmps =  549 Ndav =   1 E =   -175.3658552878 Error = 0.00e+00 FLOPS = 3.51e+09 Tdav = 0.00 T = 0.65
 <-- Site =    0 .. Mmps =  547 Ndav =   1 E =   -175.3658552878 Error = 0.00e+00 FLOPS = 3.54e+09 Tdav = 0.00 T = 0.52
Time elapsed =  15405.611 | E =    -175.3658552878 | DE = -5.62e-06 | DW = 1.74526e-17
Time sweep =     3104.616 | 10.4 TFLOP/SWP
 | Dmem = 134 MB (3%) | Imem = 232 B (79%) | Hmem = 637 MB | Wmem = 4.62 MB | Pmem = 0 B
 | Tread = 78.456 | Twrite = 33.004 | Tfpread = 77.281 | Tfpwrite = 22.692 | Tmporead = 0.000 | Tasync = 0.000
 | data = 14.5 GB | cpsd = 9.45 GB
 | Trot = 184.427 | Tctr = 166.142 | Tint = 0.028 | Tmid = 0.000 | Tdctr = 0.013 | Tdiag = 2.020 | Tinfo = 2.324
 | Teff = 2255.692 | Tprt = 0.000 | Teig = 345.400 | Tblk = 2658.494 | Tmve = 446.106 | Tdm = 2.904 | Tsplt = 42.352 | Tsvd = 0.000 | Torth = 0.000

Sweep =   10 | Direction =  forward | Bond dimension =  550 | Noise =  0.00e+00 | Dav threshold =  1.00e-07
 --> Site =    0 .. Mmps =    2 Ndav =   1 E =   -175.3658552878 Error = 0.00e+00 FLOPS = 2.21e+09 Tdav = 0.00 T = 0.04
 --> Site =    1 .. Mmps =    4 Ndav =   1 E =   -175.3658552878 Error = 0.00e+00 FLOPS = 3.75e+09 Tdav = 0.00 T = 0.05
 --> Site =    2 .. Mmps =    8 Ndav =   1 E =   -175.3658552878 Error = 0.00e+00 FLOPS = 5.87e+09 Tdav = 0.00 T = 0.06
 --> Site =    3 .. Mmps =   16 Ndav =   1 E =   -175.3658552878 Error = 0.00e+00 FLOPS = 8.60e+09 Tdav = 0.00 T = 0.08
 --> Site =    4 .. Mmps =   32 Ndav =   1 E =   -175.3658552878 Error = 0.00e+00 FLOPS = 1.19e+10 Tdav = 0.01 T = 0.08
 --> Site =    5 .. Mmps =   64 Ndav =   1 E =   -175.3658552878 Error = 0.00e+00 FLOPS = 1.48e+10 Tdav = 0.01 T = 0.09
 --> Site =    6 .. Mmps =  128 Ndav =   1 E =   -175.3658552878 Error = 0.00e+00 FLOPS = 1.82e+10 Tdav = 0.02 T = 0.13
 --> Site =    7 .. Mmps =  256 Ndav =   1 E =   -175.3658552878 Error = 0.00e+00 FLOPS = 2.16e+10 Tdav = 0.05 T = 0.21
 --> Site =    8 .. Mmps =  512 Ndav =   1 E =   -175.3658552878 Error = 0.00e+00 FLOPS = 2.48e+10 Tdav = 0.13 T = 0.53
 --> Site =    9 .. Mmps =  550 Ndav =   1 E =   -175.3658552878 Error = 1.26e-24 FLOPS = 2.76e+10 Tdav = 0.39 T = 1.92
 --> Site =   10 .. Mmps =  550 Ndav =   1 E =   -175.3658552878 Error = 1.97e-24 FLOPS = 2.85e+10 Tdav = 0.46 T = 2.66
 --> Site =   11 .. Mmps =  550 Ndav =   1 E =   -175.3658552878 Error = 5.50e-23 FLOPS = 2.91e+10 Tdav = 0.48 T = 3.03
 --> Site =   12 .. Mmps =  550 Ndav =   1 E =   -175.3658552878 Error = 1.16e-22 FLOPS = 2.95e+10 Tdav = 0.51 T = 3.25
 --> Site =   13 .. Mmps =  550 Ndav =   2 E =   -175.3658552929 Error = 1.81e-20 FLOPS = 3.09e+10 Tdav = 1.03 T = 4.11
 --> Site =   14 .. Mmps =  550 Ndav =   2 E =   -175.3658553097 Error = 2.55e-20 FLOPS = 3.08e+10 Tdav = 1.10 T = 4.51
 --> Site =   15 .. Mmps =  550 Ndav =   2 E =   -175.3658553204 Error = 9.73e-20 FLOPS = 3.13e+10 Tdav = 1.15 T = 4.84
 --> Site =   16 .. Mmps =  550 Ndav =   2 E =   -175.3658553408 Error = 6.43e-20 FLOPS = 3.13e+10 Tdav = 1.21 T = 5.22
 --> Site =   17 .. Mmps =  550 Ndav =   2 E =   -175.3658553533 Error = 1.09e-19 FLOPS = 3.07e+10 Tdav = 1.30 T = 5.66
 --> Site =   18 .. Mmps =  550 Ndav =   2 E =   -175.3658553711 Error = 2.53e-20 FLOPS = 3.17e+10 Tdav = 1.32 T = 6.12
 --> Site =   19 .. Mmps =  550 Ndav =   2 E =   -175.3658553811 Error = 1.51e-19 FLOPS = 3.17e+10 Tdav = 1.39 T = 6.56
 --> Site =   20 .. Mmps =  550 Ndav =   2 E =   -175.3658553951 Error = 5.44e-20 FLOPS = 3.18e+10 Tdav = 1.45 T = 6.98
 --> Site =   21 .. Mmps =  550 Ndav =   2 E =   -175.3658554033 Error = 2.38e-19 FLOPS = 3.19e+10 Tdav = 1.50 T = 7.50
 --> Site =   22 .. Mmps =  550 Ndav =   2 E =   -175.3658554128 Error = 4.01e-20 FLOPS = 3.22e+10 Tdav = 1.55 T = 7.91
 --> Site =   23 .. Mmps =  550 Ndav =   2 E =   -175.3658554173 Error = 5.72e-20 FLOPS = 3.22e+10 Tdav = 1.61 T = 8.48
 --> Site =   24 .. Mmps =  550 Ndav =   2 E =   -175.3658554232 Error = 1.24e-20 FLOPS = 3.22e+10 Tdav = 1.67 T = 9.05
 --> Site =   25 .. Mmps =  550 Ndav =   2 E =   -175.3658554279 Error = 3.37e-19 FLOPS = 3.18e+10 Tdav = 1.76 T = 9.55
 --> Site =   26 .. Mmps =  550 Ndav =   2 E =   -175.3658554324 Error = 1.74e-20 FLOPS = 3.22e+10 Tdav = 1.80 T = 10.05
 --> Site =   27 .. Mmps =  550 Ndav =   2 E =   -175.3658554382 Error = 3.25e-19 FLOPS = 3.25e+10 Tdav = 1.84 T = 10.62
 --> Site =   28 .. Mmps =  550 Ndav =   2 E =   -175.3658554488 Error = 8.74e-21 FLOPS = 3.24e+10 Tdav = 1.91 T = 11.23
 --> Site =   29 .. Mmps =  550 Ndav =   2 E =   -175.3658554545 Error = 3.32e-20 FLOPS = 3.26e+10 Tdav = 1.96 T = 11.86
 --> Site =   30 .. Mmps =  550 Ndav =   2 E =   -175.3658554668 Error = 3.45e-20 FLOPS = 3.25e+10 Tdav = 2.03 T = 12.43
 --> Site =   31 .. Mmps =  550 Ndav =   2 E =   -175.3658554720 Error = 9.14e-20 FLOPS = 3.26e+10 Tdav = 2.08 T = 13.11
 --> Site =   32 .. Mmps =  550 Ndav =   2 E =   -175.3658554793 Error = 8.45e-20 FLOPS = 3.26e+10 Tdav = 2.14 T = 13.75
 --> Site =   33 .. Mmps =  550 Ndav =   1 E =   -175.3658554793 Error = 1.17e-19 FLOPS = 3.11e+10 Tdav = 1.16 T = 13.35
 --> Site =   34 .. Mmps =  550 Ndav =   2 E =   -175.3658554840 Error = 6.01e-21 FLOPS = 3.27e+10 Tdav = 2.26 T = 15.12
 --> Site =   35 .. Mmps =  550 Ndav =   1 E =   -175.3658554840 Error = 4.08e-20 FLOPS = 3.14e+10 Tdav = 1.21 T = 14.79
 --> Site =   36 .. Mmps =  550 Ndav =   1 E =   -175.3658554840 Error = 1.28e-20 FLOPS = 3.14e+10 Tdav = 1.24 T = 15.43
 --> Site =   37 .. Mmps =  550 Ndav =   1 E =   -175.3658554840 Error = 3.73e-20 FLOPS = 3.15e+10 Tdav = 1.27 T = 16.16
 --> Site =   38 .. Mmps =  550 Ndav =   1 E =   -175.3658554840 Error = 1.84e-20 FLOPS = 3.15e+10 Tdav = 1.30 T = 16.89
 --> Site =   39 .. Mmps =  550 Ndav =   1 E =   -175.3658554840 Error = 1.42e-20 FLOPS = 3.16e+10 Tdav = 1.32 T = 17.67
 --> Site =   40 .. Mmps =  550 Ndav =   1 E =   -175.3658554840 Error = 3.42e-21 FLOPS = 3.17e+10 Tdav = 1.35 T = 18.46
 --> Site =   41 .. Mmps =  550 Ndav =   2 E =   -175.3658554885 Error = 2.65e-20 FLOPS = 3.29e+10 Tdav = 2.67 T = 20.39
 --> Site =   42 .. Mmps =  550 Ndav =   1 E =   -175.3658554885 Error = 1.21e-20 FLOPS = 3.19e+10 Tdav = 1.41 T = 19.91
 --> Site =   43 .. Mmps =  550 Ndav =   1 E =   -175.3658554885 Error = 5.40e-20 FLOPS = 3.18e+10 Tdav = 1.38 T = 19.86
 --> Site =   44 .. Mmps =  550 Ndav =   1 E =   -175.3658554885 Error = 3.74e-21 FLOPS = 3.19e+10 Tdav = 1.41 T = 19.87
 --> Site =   45 .. Mmps =  550 Ndav =   2 E =   -175.3658554924 Error = 6.61e-20 FLOPS = 3.30e+10 Tdav = 2.78 T = 22.03
 --> Site =   46 .. Mmps =  550 Ndav =   1 E =   -175.3658554924 Error = 2.24e-20 FLOPS = 3.18e+10 Tdav = 1.44 T = 21.07
 --> Site =   47 .. Mmps =  550 Ndav =   1 E =   -175.3658554924 Error = 1.80e-19 FLOPS = 3.19e+10 Tdav = 1.47 T = 21.52
 --> Site =   48 .. Mmps =  550 Ndav =   1 E =   -175.3658554924 Error = 2.41e-21 FLOPS = 3.21e+10 Tdav = 1.49 T = 22.27
 --> Site =   49 .. Mmps =  550 Ndav =   1 E =   -175.3658554924 Error = 5.99e-20 FLOPS = 3.20e+10 Tdav = 1.50 T = 22.92
 --> Site =   50 .. Mmps =  550 Ndav =   1 E =   -175.3658554924 Error = 9.45e-21 FLOPS = 3.21e+10 Tdav = 1.53 T = 23.18
 --> Site =   51 .. Mmps =  550 Ndav =   1 E =   -175.3658554924 Error = 1.00e-19 FLOPS = 3.20e+10 Tdav = 1.53 T = 23.65
 --> Site =   52 .. Mmps =  550 Ndav =   1 E =   -175.3658554924 Error = 5.09e-21 FLOPS = 3.20e+10 Tdav = 1.56 T = 24.01
 --> Site =   53 .. Mmps =  550 Ndav =   1 E =   -175.3658554924 Error = 2.51e-20 FLOPS = 3.20e+10 Tdav = 1.59 T = 24.91
 --> Site =   54 .. Mmps =  550 Ndav =   1 E =   -175.3658554924 Error = 3.01e-20 FLOPS = 3.21e+10 Tdav = 1.58 T = 25.41
 --> Site =   55 .. Mmps =  550 Ndav =   1 E =   -175.3658554924 Error = 6.06e-20 FLOPS = 3.21e+10 Tdav = 1.59 T = 25.34
 --> Site =   56 .. Mmps =  550 Ndav =   1 E =   -175.3658554924 Error = 4.63e-21 FLOPS = 3.20e+10 Tdav = 1.59 T = 25.45
 --> Site =   57 .. Mmps =  550 Ndav =   1 E =   -175.3658554924 Error = 5.73e-20 FLOPS = 3.21e+10 Tdav = 1.59 T = 25.33
 --> Site =   58 .. Mmps =  550 Ndav =   1 E =   -175.3658554924 Error = 4.22e-21 FLOPS = 3.20e+10 Tdav = 1.59 T = 25.36
 --> Site =   59 .. Mmps =  550 Ndav =   1 E =   -175.3658554924 Error = 1.81e-19 FLOPS = 3.20e+10 Tdav = 1.59 T = 25.34
 --> Site =   60 .. Mmps =  550 Ndav =   1 E =   -175.3658554924 Error = 2.00e-20 FLOPS = 3.21e+10 Tdav = 1.62 T = 25.82
 --> Site =   61 .. Mmps =  550 Ndav =   1 E =   -175.3658554924 Error = 2.60e-20 FLOPS = 3.23e+10 Tdav = 1.64 T = 26.72
 --> Site =   62 .. Mmps =  550 Ndav =   1 E =   -175.3658554924 Error = 3.06e-21 FLOPS = 3.19e+10 Tdav = 1.66 T = 27.46
 --> Site =   63 .. Mmps =  550 Ndav =   1 E =   -175.3658554924 Error = 8.06e-20 FLOPS = 3.21e+10 Tdav = 1.68 T = 27.85
 --> Site =   64 .. Mmps =  550 Ndav =   1 E =   -175.3658554924 Error = 6.60e-20 FLOPS = 3.20e+10 Tdav = 1.68 T = 28.22
 --> Site =   65 .. Mmps =  550 Ndav =   1 E =   -175.3658554924 Error = 1.23e-20 FLOPS = 3.21e+10 Tdav = 1.68 T = 28.25
 --> Site =   66 .. Mmps =  550 Ndav =   1 E =   -175.3658554924 Error = 1.46e-20 FLOPS = 3.22e+10 Tdav = 1.67 T = 28.09
 --> Site =   67 .. Mmps =  550 Ndav =   1 E =   -175.3658554924 Error = 5.82e-20 FLOPS = 3.24e+10 Tdav = 1.66 T = 28.11
 --> Site =   68 .. Mmps =  550 Ndav =   1 E =   -175.3658554924 Error = 4.43e-21 FLOPS = 3.22e+10 Tdav = 1.68 T = 28.16
 --> Site =   69 .. Mmps =  550 Ndav =   1 E =   -175.3658554924 Error = 5.45e-20 FLOPS = 3.22e+10 Tdav = 1.67 T = 28.13
 --> Site =   70 .. Mmps =  550 Ndav =   1 E =   -175.3658554924 Error = 1.01e-20 FLOPS = 3.23e+10 Tdav = 1.67 T = 28.06
 --> Site =   71 .. Mmps =  550 Ndav =   1 E =   -175.3658554924 Error = 8.02e-20 FLOPS = 3.24e+10 Tdav = 1.67 T = 28.08
 --> Site =   72 .. Mmps =  550 Ndav =   1 E =   -175.3658554924 Error = 8.87e-21 FLOPS = 3.22e+10 Tdav = 1.68 T = 28.13
 --> Site =   73 .. Mmps =  550 Ndav =   1 E =   -175.3658554924 Error = 5.86e-20 FLOPS = 3.23e+10 Tdav = 1.67 T = 28.12
 --> Site =   74 .. Mmps =  550 Ndav =   1 E =   -175.3658554924 Error = 7.01e-21 FLOPS = 3.22e+10 Tdav = 1.70 T = 28.63
 --> Site =   75 .. Mmps =  550 Ndav =   1 E =   -175.3658554924 Error = 1.42e-20 FLOPS = 3.22e+10 Tdav = 1.70 T = 29.08
 --> Site =   76 .. Mmps =  550 Ndav =   1 E =   -175.3658554924 Error = 1.35e-20 FLOPS = 3.22e+10 Tdav = 1.67 T = 28.64
 --> Site =   77 .. Mmps =  550 Ndav =   1 E =   -175.3658554924 Error = 6.36e-20 FLOPS = 3.24e+10 Tdav = 1.70 T = 28.59
 --> Site =   78 .. Mmps =  550 Ndav =   1 E =   -175.3658554924 Error = 1.22e-20 FLOPS = 3.22e+10 Tdav = 1.67 T = 28.65
 --> Site =   79 .. Mmps =  550 Ndav =   1 E =   -175.3658554924 Error = 3.84e-20 FLOPS = 3.22e+10 Tdav = 1.70 T = 28.61
 --> Site =   80 .. Mmps =  550 Ndav =   1 E =   -175.3658554924 Error = 3.40e-20 FLOPS = 3.23e+10 Tdav = 1.70 T = 29.07
 --> Site =   81 .. Mmps =  550 Ndav =   1 E =   -175.3658554924 Error = 1.01e-19 FLOPS = 3.22e+10 Tdav = 1.67 T = 28.70
 --> Site =   82 .. Mmps =  550 Ndav =   1 E =   -175.3658554924 Error = 7.05e-21 FLOPS = 3.22e+10 Tdav = 1.68 T = 28.24
 --> Site =   83 .. Mmps =  550 Ndav =   1 E =   -175.3658554924 Error = 2.57e-19 FLOPS = 3.23e+10 Tdav = 1.67 T = 28.20
 --> Site =   84 .. Mmps =  550 Ndav =   1 E =   -175.3658554924 Error = 5.87e-21 FLOPS = 3.22e+10 Tdav = 1.68 T = 28.17
 --> Site =   85 .. Mmps =  550 Ndav =   1 E =   -175.3658554924 Error = 1.87e-19 FLOPS = 3.22e+10 Tdav = 1.68 T = 28.14
 --> Site =   86 .. Mmps =  550 Ndav =   1 E =   -175.3658554924 Error = 1.26e-20 FLOPS = 3.22e+10 Tdav = 1.67 T = 28.12
 --> Site =   87 .. Mmps =  550 Ndav =   1 E =   -175.3658554924 Error = 8.26e-20 FLOPS = 3.22e+10 Tdav = 1.71 T = 28.68
 --> Site =   88 .. Mmps =  550 Ndav =   1 E =   -175.3658554924 Error = 1.89e-20 FLOPS = 3.22e+10 Tdav = 1.70 T = 29.10
 --> Site =   89 .. Mmps =  550 Ndav =   1 E =   -175.3658554924 Error = 4.62e-20 FLOPS = 3.22e+10 Tdav = 1.70 T = 29.10
 --> Site =   90 .. Mmps =  550 Ndav =   1 E =   -175.3658554924 Error = 1.42e-20 FLOPS = 3.19e+10 Tdav = 1.72 T = 29.12
 --> Site =   91 .. Mmps =  550 Ndav =   1 E =   -175.3658554924 Error = 2.66e-20 FLOPS = 3.23e+10 Tdav = 1.67 T = 28.68
 --> Site =   92 .. Mmps =  550 Ndav =   1 E =   -175.3658554924 Error = 1.71e-20 FLOPS = 3.21e+10 Tdav = 1.71 T = 28.64
 --> Site =   93 .. Mmps =  550 Ndav =   1 E =   -175.3658554924 Error = 5.20e-20 FLOPS = 3.23e+10 Tdav = 1.70 T = 29.23
 --> Site =   94 .. Mmps =  550 Ndav =   1 E =   -175.3658554924 Error = 4.77e-21 FLOPS = 3.22e+10 Tdav = 1.67 T = 28.63
 --> Site =   95 .. Mmps =  550 Ndav =   1 E =   -175.3658554924 Error = 2.02e-19 FLOPS = 3.24e+10 Tdav = 1.66 T = 28.26
 --> Site =   96 .. Mmps =  550 Ndav =   1 E =   -175.3658554924 Error = 2.87e-20 FLOPS = 3.22e+10 Tdav = 1.67 T = 28.17
 --> Site =   97 .. Mmps =  550 Ndav =   1 E =   -175.3658554924 Error = 7.69e-20 FLOPS = 3.22e+10 Tdav = 1.68 T = 28.20
 --> Site =   98 .. Mmps =  550 Ndav =   1 E =   -175.3658554924 Error = 7.98e-21 FLOPS = 3.23e+10 Tdav = 1.67 T = 28.23
 --> Site =   99 .. Mmps =  550 Ndav =   1 E =   -175.3658554924 Error = 1.27e-19 FLOPS = 3.23e+10 Tdav = 1.67 T = 28.23
 --> Site =  100 .. Mmps =  550 Ndav =   1 E =   -175.3658554924 Error = 9.44e-21 FLOPS = 3.23e+10 Tdav = 1.67 T = 28.17
 --> Site =  101 .. Mmps =  550 Ndav =   1 E =   -175.3658554924 Error = 5.18e-20 FLOPS = 3.22e+10 Tdav = 1.67 T = 28.21
 --> Site =  102 .. Mmps =  550 Ndav =   1 E =   -175.3658554924 Error = 5.04e-20 FLOPS = 3.22e+10 Tdav = 1.68 T = 28.19
 --> Site =  103 .. Mmps =  550 Ndav =   1 E =   -175.3658554924 Error = 4.38e-20 FLOPS = 3.23e+10 Tdav = 1.64 T = 27.66
 --> Site =  104 .. Mmps =  550 Ndav =   1 E =   -175.3658554924 Error = 1.26e-20 FLOPS = 3.21e+10 Tdav = 1.65 T = 27.28
 --> Site =  105 .. Mmps =  550 Ndav =   1 E =   -175.3658554924 Error = 1.38e-19 FLOPS = 3.23e+10 Tdav = 1.64 T = 27.48
 --> Site =  106 .. Mmps =  550 Ndav =   1 E =   -175.3658554924 Error = 7.51e-21 FLOPS = 3.23e+10 Tdav = 1.61 T = 26.79
 --> Site =  107 .. Mmps =  550 Ndav =   1 E =   -175.3658554924 Error = 2.93e-20 FLOPS = 3.21e+10 Tdav = 1.59 T = 25.87
 --> Site =  108 .. Mmps =  550 Ndav =   1 E =   -175.3658554924 Error = 1.70e-20 FLOPS = 3.20e+10 Tdav = 1.59 T = 25.34
 --> Site =  109 .. Mmps =  550 Ndav =   1 E =   -175.3658554924 Error = 5.67e-20 FLOPS = 3.21e+10 Tdav = 1.59 T = 25.36
 --> Site =  110 .. Mmps =  550 Ndav =   1 E =   -175.3658554924 Error = 1.04e-20 FLOPS = 3.20e+10 Tdav = 1.59 T = 25.40
 --> Site =  111 .. Mmps =  550 Ndav =   2 E =   -175.3658554960 Error = 4.85e-20 FLOPS = 3.31e+10 Tdav = 3.08 T = 26.82
 --> Site =  112 .. Mmps =  550 Ndav =   1 E =   -175.3658554960 Error = 1.60e-20 FLOPS = 3.21e+10 Tdav = 1.59 T = 25.35
 --> Site =  113 .. Mmps =  550 Ndav =   1 E =   -175.3658554960 Error = 7.45e-20 FLOPS = 3.22e+10 Tdav = 1.58 T = 25.36
 --> Site =  114 .. Mmps =  550 Ndav =   1 E =   -175.3658554960 Error = 2.65e-20 FLOPS = 3.21e+10 Tdav = 1.59 T = 25.46
 --> Site =  115 .. Mmps =  550 Ndav =   1 E =   -175.3658554960 Error = 1.48e-19 FLOPS = 3.21e+10 Tdav = 1.55 T = 24.92
 --> Site =  116 .. Mmps =  550 Ndav =   1 E =   -175.3658554960 Error = 2.30e-20 FLOPS = 3.20e+10 Tdav = 1.53 T = 24.02
 --> Site =  117 .. Mmps =  550 Ndav =   1 E =   -175.3658554960 Error = 1.72e-20 FLOPS = 3.20e+10 Tdav = 1.53 T = 23.57
 --> Site =  118 .. Mmps =  550 Ndav =   1 E =   -175.3658554960 Error = 7.74e-21 FLOPS = 3.20e+10 Tdav = 1.50 T = 23.13
 --> Site =  119 .. Mmps =  550 Ndav =   1 E =   -175.3658554960 Error = 2.21e-20 FLOPS = 3.19e+10 Tdav = 1.47 T = 22.31
 --> Site =  120 .. Mmps =  550 Ndav =   1 E =   -175.3658554960 Error = 1.93e-20 FLOPS = 3.15e+10 Tdav = 1.49 T = 22.02
 --> Site =  121 .. Mmps =  550 Ndav =   1 E =   -175.3658554960 Error = 2.84e-20 FLOPS = 3.17e+10 Tdav = 1.45 T = 21.53
 --> Site =  122 .. Mmps =  550 Ndav =   1 E =   -175.3658554960 Error = 6.16e-21 FLOPS = 3.19e+10 Tdav = 1.44 T = 21.06
 --> Site =  123 .. Mmps =  550 Ndav =   1 E =   -175.3658554960 Error = 5.43e-20 FLOPS = 3.14e+10 Tdav = 1.43 T = 20.69
 --> Site =  124 .. Mmps =  550 Ndav =   1 E =   -175.3658554960 Error = 5.69e-21 FLOPS = 3.17e+10 Tdav = 1.39 T = 19.88
 --> Site =  125 .. Mmps =  550 Ndav =   1 E =   -175.3658554960 Error = 4.85e-20 FLOPS = 3.17e+10 Tdav = 1.38 T = 19.52
 --> Site =  126 .. Mmps =  550 Ndav =   1 E =   -175.3658554960 Error = 1.30e-20 FLOPS = 3.18e+10 Tdav = 1.38 T = 19.47
 --> Site =  127 .. Mmps =  550 Ndav =   1 E =   -175.3658554960 Error = 1.34e-19 FLOPS = 3.17e+10 Tdav = 1.35 T = 19.03
 --> Site =  128 .. Mmps =  550 Ndav =   1 E =   -175.3658554960 Error = 6.73e-21 FLOPS = 3.16e+10 Tdav = 1.33 T = 18.28
 --> Site =  129 .. Mmps =  550 Ndav =   1 E =   -175.3658554960 Error = 2.76e-20 FLOPS = 3.16e+10 Tdav = 1.30 T = 17.53
 --> Site =  130 .. Mmps =  550 Ndav =   1 E =   -175.3658554960 Error = 4.47e-21 FLOPS = 3.15e+10 Tdav = 1.27 T = 16.82
 --> Site =  131 .. Mmps =  550 Ndav =   1 E =   -175.3658554960 Error = 5.61e-21 FLOPS = 3.14e+10 Tdav = 1.24 T = 16.07
 --> Site =  132 .. Mmps =  550 Ndav =   1 E =   -175.3658554960 Error = 7.48e-21 FLOPS = 3.13e+10 Tdav = 1.21 T = 15.49
 --> Site =  133 .. Mmps =  550 Ndav =   1 E =   -175.3658554960 Error = 4.55e-20 FLOPS = 3.12e+10 Tdav = 1.18 T = 14.67
 --> Site =  134 .. Mmps =  550 Ndav =   1 E =   -175.3658554960 Error = 1.97e-20 FLOPS = 3.12e+10 Tdav = 1.15 T = 13.99
 --> Site =  135 .. Mmps =  550 Ndav =   1 E =   -175.3658554960 Error = 8.82e-20 FLOPS = 3.11e+10 Tdav = 1.12 T = 13.38
 --> Site =  136 .. Mmps =  550 Ndav =   1 E =   -175.3658554960 Error = 2.87e-21 FLOPS = 3.15e+10 Tdav = 1.08 T = 12.75
 --> Site =  137 .. Mmps =  550 Ndav =   1 E =   -175.3658554960 Error = 7.56e-20 FLOPS = 3.14e+10 Tdav = 1.05 T = 12.04
 --> Site =  138 .. Mmps =  550 Ndav =   1 E =   -175.3658554960 Error = 6.28e-21 FLOPS = 3.14e+10 Tdav = 1.02 T = 11.45
 --> Site =  139 .. Mmps =  550 Ndav =   1 E =   -175.3658554960 Error = 7.48e-20 FLOPS = 3.13e+10 Tdav = 0.99 T = 10.87
 --> Site =  140 .. Mmps =  550 Ndav =   1 E =   -175.3658554960 Error = 2.11e-20 FLOPS = 3.10e+10 Tdav = 0.97 T = 10.34
 --> Site =  141 .. Mmps =  550 Ndav =   1 E =   -175.3658554960 Error = 8.90e-20 FLOPS = 3.08e+10 Tdav = 0.94 T = 9.76
 --> Site =  142 .. Mmps =  550 Ndav =   2 E =   -175.3658555028 Error = 1.64e-20 FLOPS = 3.24e+10 Tdav = 1.72 T = 10.04
 --> Site =  143 .. Mmps =  550 Ndav =   1 E =   -175.3658555028 Error = 4.61e-20 FLOPS = 3.10e+10 Tdav = 0.87 T = 8.67
 --> Site =  144 .. Mmps =  550 Ndav =   2 E =   -175.3658555083 Error = 3.89e-20 FLOPS = 3.22e+10 Tdav = 1.61 T = 8.94
 --> Site =  145 .. Mmps =  550 Ndav =   1 E =   -175.3658555083 Error = 4.36e-20 FLOPS = 3.02e+10 Tdav = 0.83 T = 7.65
 --> Site =  146 .. Mmps =  550 Ndav =   2 E =   -175.3658555149 Error = 5.05e-20 FLOPS = 3.19e+10 Tdav = 1.50 T = 7.91
 --> Site =  147 .. Mmps =  550 Ndav =   2 E =   -175.3658555196 Error = 1.55e-19 FLOPS = 3.18e+10 Tdav = 1.44 T = 7.43
 --> Site =  148 .. Mmps =  550 Ndav =   2 E =   -175.3658555265 Error = 4.07e-20 FLOPS = 3.18e+10 Tdav = 1.38 T = 6.98
 --> Site =  149 .. Mmps =  550 Ndav =   2 E =   -175.3658555325 Error = 2.83e-19 FLOPS = 3.16e+10 Tdav = 1.33 T = 6.47
 --> Site =  150 .. Mmps =  550 Ndav =   2 E =   -175.3658555413 Error = 3.27e-20 FLOPS = 3.14e+10 Tdav = 1.27 T = 6.04
 --> Site =  151 .. Mmps =  550 Ndav =   2 E =   -175.3658555494 Error = 1.03e-19 FLOPS = 3.13e+10 Tdav = 1.21 T = 5.59
 --> Site =  152 .. Mmps =  550 Ndav =   2 E =   -175.3658555586 Error = 1.42e-20 FLOPS = 3.12e+10 Tdav = 1.15 T = 5.27
 --> Site =  153 .. Mmps =  550 Ndav =   2 E =   -175.3658555675 Error = 2.03e-19 FLOPS = 3.10e+10 Tdav = 1.09 T = 4.83
 --> Site =  154 .. Mmps =  550 Ndav =   2 E =   -175.3658555762 Error = 1.03e-19 FLOPS = 3.07e+10 Tdav = 1.04 T = 4.43
 --> Site =  155 .. Mmps =  550 Ndav =   2 E =   -175.3658555837 Error = 1.33e-18 FLOPS = 3.12e+10 Tdav = 0.96 T = 4.15
 --> Site =  156 .. Mmps =  550 Ndav =   2 E =   -175.3658555891 Error = 7.88e-18 FLOPS = 3.11e+10 Tdav = 0.90 T = 3.73
 --> Site =  157 .. Mmps =  550 Ndav =   2 E =   -175.3658555931 Error = 2.19e-18 FLOPS = 3.08e+10 Tdav = 0.84 T = 3.37
 --> Site =  158 .. Mmps =  550 Ndav =   1 E =   -175.3658555931 Error = 4.95e-19 FLOPS = 2.84e+10 Tdav = 0.42 T = 2.70
 --> Site =  159 .. Mmps =  550 Ndav =   1 E =   -175.3658555931 Error = 1.47e-23 FLOPS = 2.68e+10 Tdav = 0.37 T = 2.55
 --> Site =  160 .. Mmps =  550 Ndav =   1 E =   -175.3658555931 Error = 3.87e-30 FLOPS = 2.60e+10 Tdav = 0.15 T = 1.98
 --> Site =  161 .. Mmps =  550 Ndav =   1 E =   -175.3658555931 Error = 2.97e-56 FLOPS = 2.27e+10 Tdav = 0.07 T = 1.64
 --> Site =  162 .. Mmps =  550 Ndav =   1 E =   -175.3658555931 Error = 2.63e-82 FLOPS = 2.22e+10 Tdav = 0.03 T = 1.40
 --> Site =  163 .. Mmps =  550 Ndav =   1 E =   -175.3658555931 Error = 1.96e-108 FLOPS = 1.77e+10 Tdav = 0.02 T = 1.18
 --> Site =  164 .. Mmps =  550 Ndav =   1 E =   -175.3658555931 Error = 7.55e-133 FLOPS = 1.38e+10 Tdav = 0.01 T = 1.01
 --> Site =  165 .. Mmps =  547 Ndav =   1 E =   -175.3658555931 Error = 0.00e+00 FLOPS = 7.92e+09 Tdav = 0.01 T = 0.92
 --> Site =  166 .. Mmps =  547 Ndav =   1 E =   -175.3658555931 Error = 0.00e+00 FLOPS = 4.27e+09 Tdav = 0.00 T = 0.66
 --> Site =  167 .. Mmps =  541 Ndav =   1 E =   -175.3658555931 Error = 0.00e+00 FLOPS = 2.27e+09 Tdav = 0.00 T = 0.55
 --> Site =  168 .. Mmps =  543 Ndav =   1 E =   -175.3658555931 Error = 0.00e+00 FLOPS = 2.60e+09 Tdav = 0.00 T = 0.41
Time elapsed =  18275.155 | E =    -175.3658555931 | DE = -3.05e-07 | DW = 7.88234e-18
Time sweep =     2869.543 | 6.51 TFLOP/SWP
 | Dmem = 134 MB (3%) | Imem = 232 B (79%) | Hmem = 637 MB | Wmem = 4.62 MB | Pmem = 0 B
 | Tread = 85.104 | Twrite = 34.466 | Tfpread = 83.673 | Tfpwrite = 23.816 | Tmporead = 0.000 | Tasync = 0.000
 | data = 14.5 GB | cpsd = 10.9 GB
 | Trot = 191.794 | Tctr = 1.593 | Tint = 0.030 | Tmid = 0.000 | Tdctr = 65.988 | Tdiag = 1.752 | Tinfo = 2.266
 | Teff = 2355.901 | Tprt = 0.000 | Teig = 224.129 | Tblk = 2638.019 | Tmve = 231.509 | Tdm = 2.987 | Tsplt = 42.823 | Tsvd = 0.000 | Torth = 0.000

DMRG energy = -175.36585559309165

Local densities:
0.8994933703573177
0.0037135296125223624
0.8232194578264084
0.00788834103706257
0.8167622139010013
0.007891482117571288
0.812558234189157
0.007891526878624645
0.816762215169208
0.007888490645825284
0.8232192267567685
0.003713629773780389
0.899493313123648
0.0037135462938945405
0.3045820867086178
0.0025239002010754635
0.2804791232398919
0.004134372526919929
0.3016693014707789
0.004038171826710672
0.30166922482479014
0.004134410101079937
0.28047940703063684
0.002523939190120188
0.30458210944246866
0.0037135454504798075
0.8232191108276348
0.0025240316379077517
0.9126584585198879
0.0010481771181508883
0.8484999936636838
0.001199428770498948
0.8455321488023292
0.00119943335190267
0.8484995842364538
0.0010480260868882948
0.9126585310751106
0.002523954012083336
0.8232193129253657
0.007888447225397537
0.2804796322839645
0.0010481809014467785
0.8681397115013169
0.0006969685175486969
0.8624288892796698
0.0007043901016360348
0.8624290489116206
0.0006970244059366087
0.8681397239339024
0.0010481707859809888
0.2804793904197427
0.007888647636726026
0.8167612895785823
0.004134624449076583
0.848499873055796
0.0006971001724008115
0.8558799843276754
0.0006997085368974135
0.8557732779099345
0.0006995544602444884
0.8558799100191248
0.000696885434543103
0.8484997359400922
0.004134531209482062
0.8167617297617001
0.007891654918537773
0.3016693726525741
0.0011994133349119876
0.8624279310392771
0.0006997149173503163
0.8557542937183817
0.0007051730022564534
0.8557544815765474
0.0006996517218798069
0.8624289351509917
0.0011993989235098191
0.3016692557686174
0.00789184757024728
0.8125571435381234
0.004038359597474811
0.845531679695561
0.000704373384131302
0.855774003737452
0.0007051697683831122
0.855499649313396
0.0007051337005517896
0.8557744890102582
0.0007043912197549636
0.8455318632799529
0.004038328433441321
0.8125572628135466
0.007891598648249391
0.30166973712683287
0.001199416403880443
0.8624283960884114
0.000699677455853757
0.8557549694927995
0.0007051761062898586
0.8557546061324484
0.0006996110919027595
0.8624283030019285
0.0011994273936149673
0.30166943131257473
0.007891943198686495
0.8167614242642659
0.004134557923880451
0.8484996211985251
0.0006968993823770103
0.8558800384486422
0.0006997034940432008
0.8557742920332093
0.0006996734710092777
0.8558804211995885
0.0006970808208240697
0.8484999890749148
0.004134506626234278
0.8167616504225319
0.007888465115437856
0.28047973984087105
0.001048125475643004
0.8681399475792264
0.0006969729213739382
0.8624287208417293
0.0007044036129093644
0.862429230118145
0.0006970019246126263
0.8681394857239033
0.0010481888788812768
0.2804792430338109
0.00788861175482125
0.8232192795146023
0.002523948436262099
0.9126586828059309
0.0010482326287551708
0.8485001865925894
0.0011994716194199118
0.8455321550384318
0.0011994285114631249
0.8485003132699831
0.0010481535967378605
0.9126584124173951
0.0025240268514293554
0.8232193570799193
0.0037135987969675243
0.30458156590827007
0.002523982543320386
0.2804793539334199
0.004134482044447288
0.3016693523785147
0.004038238171964657
0.3016691942298534
0.004134391926199995
0.2804792706203281
0.002523885309756932
0.30458191713707333
0.0037134980187018742
0.8994933578945158
0.0037136377913369397
0.8232193253086719
0.007888548442042224
0.816761750432369
0.007891757521370992
0.8125577733202489
0.007891820742307546
0.8167620184648425
0.007888640036592372
0.8232188561409196
0.003713397886200045
0.8994930796447524

corresponding 2D coords:
[(0, 0), (0, 1), (0, 2), (0, 3), (0, 4), (0, 5), (0, 6), (0, 7), (0, 8), (0, 9), (0, 10), (0, 11), (0, 12), (1, 12), (1, 11), (1, 10), (1, 9), (1, 8), (1, 7), (1, 6), (1, 5), (1, 4), (1, 3), (1, 2), (1, 1), (1, 0), (2, 0), (2, 1), (2, 2), (2, 3), (2, 4), (2, 5), (2, 6), (2, 7), (2, 8), (2, 9), (2, 10), (2, 11), (2, 12), (3, 12), (3, 11), (3, 10), (3, 9), (3, 8), (3, 7), (3, 6), (3, 5), (3, 4), (3, 3), (3, 2), (3, 1), (3, 0), (4, 0), (4, 1), (4, 2), (4, 3), (4, 4), (4, 5), (4, 6), (4, 7), (4, 8), (4, 9), (4, 10), (4, 11), (4, 12), (5, 12), (5, 11), (5, 10), (5, 9), (5, 8), (5, 7), (5, 6), (5, 5), (5, 4), (5, 3), (5, 2), (5, 1), (5, 0), (6, 0), (6, 1), (6, 2), (6, 3), (6, 4), (6, 5), (6, 6), (6, 7), (6, 8), (6, 9), (6, 10), (6, 11), (6, 12), (7, 12), (7, 11), (7, 10), (7, 9), (7, 8), (7, 7), (7, 6), (7, 5), (7, 4), (7, 3), (7, 2), (7, 1), (7, 0), (8, 0), (8, 1), (8, 2), (8, 3), (8, 4), (8, 5), (8, 6), (8, 7), (8, 8), (8, 9), (8, 10), (8, 11), (8, 12), (9, 12), (9, 11), (9, 10), (9, 9), (9, 8), (9, 7), (9, 6), (9, 5), (9, 4), (9, 3), (9, 2), (9, 1), (9, 0), (10, 0), (10, 1), (10, 2), (10, 3), (10, 4), (10, 5), (10, 6), (10, 7), (10, 8), (10, 9), (10, 10), (10, 11), (10, 12), (11, 12), (11, 11), (11, 10), (11, 9), (11, 8), (11, 7), (11, 6), (11, 5), (11, 4), (11, 3), (11, 2), (11, 1), (11, 0), (12, 0), (12, 1), (12, 2), (12, 3), (12, 4), (12, 5), (12, 6), (12, 7), (12, 8), (12, 9), (12, 10), (12, 11), (12, 12)]

Saved density data:
PKL → /users/ylokare/2D_DMRG_calculations/results/13_by_13_lattice/Local_densities/Parameter_sweep/Rb1.4/density_Lx13_Ly13_Dmax550_delta4.9_Rb1.4_alpha0.05_nedge4_dbound2.0_no_modulated_boundary.pkl
CSV → /users/ylokare/2D_DMRG_calculations/results/13_by_13_lattice/Local_densities/Parameter_sweep/Rb1.4/density_Lx13_Ly13_Dmax550_delta4.9_Rb1.4_alpha0.05_nedge4_dbound2.0_no_modulated_boundary.csv
