Lx=13, Ly=13, delta=4.3, Rb=1.6, alpha=0.05, n_edge=4, delta_boundary=1.8, USE_STAR_MODULATION=False
running Lx=13, Ly=13, delta=4.3, Rb=1.6, alpha=0.05, n_edge=4, delta_boundary=1.8
scratch id=1048633
Copying previous MPS/MPO data from /users/ylokare/2D_DMRG_calculations/data/tmp1554924 to /oscar/scratch/ylokare/tmp1048633

Build MPO | Nsites =   169 | Nterms =      14534 | Algorithm = FastSVD | Cutoff = 1.00e-16 | Max bond dimension =    -1
 Site =     0 /   169 .. Mmpo =     3 DW = 0.00e+00 Error = 1.01e-14 NNZ =        3 SPT = 0.0000 Tsvd = 0.001 T = 0.002
 Site =     1 /   169 .. Mmpo =     4 DW = 6.29e-35 Error = 1.65e-14 NNZ =       10 SPT = 0.1667 Tsvd = 0.000 T = 0.004
 Site =     2 /   169 .. Mmpo =     5 DW = 5.45e-31 Error = 1.88e-14 NNZ =       17 SPT = 0.1500 Tsvd = 0.000 T = 0.005
 Site =     3 /   169 .. Mmpo =     6 DW = 2.11e-30 Error = 3.16e-14 NNZ =       26 SPT = 0.1333 Tsvd = 0.000 T = 0.006
 Site =     4 /   169 .. Mmpo =     7 DW = 6.68e-31 Error = 3.72e-14 NNZ =       37 SPT = 0.1190 Tsvd = 0.000 T = 0.007
 Site =     5 /   169 .. Mmpo =     8 DW = 4.04e-30 Error = 1.49e-13 NNZ =       50 SPT = 0.1071 Tsvd = 0.000 T = 0.009
 Site =     6 /   169 .. Mmpo =     9 DW = 9.38e-30 Error = 1.63e-13 NNZ =       65 SPT = 0.0972 Tsvd = 0.000 T = 0.009
 Site =     7 /   169 .. Mmpo =    10 DW = 9.91e-30 Error = 8.40e-14 NNZ =       82 SPT = 0.0889 Tsvd = 0.000 T = 0.011
 Site =     8 /   169 .. Mmpo =    11 DW = 4.59e-30 Error = 6.48e-14 NNZ =      101 SPT = 0.0818 Tsvd = 0.000 T = 0.012
 Site =     9 /   169 .. Mmpo =    12 DW = 1.07e-29 Error = 2.90e-13 NNZ =      122 SPT = 0.0758 Tsvd = 0.000 T = 0.013
 Site =    10 /   169 .. Mmpo =    13 DW = 1.19e-29 Error = 1.92e-13 NNZ =      145 SPT = 0.0705 Tsvd = 0.000 T = 0.014
 Site =    11 /   169 .. Mmpo =    14 DW = 1.03e-29 Error = 2.25e-13 NNZ =      170 SPT = 0.0659 Tsvd = 0.000 T = 0.015
 Site =    12 /   169 .. Mmpo =    15 DW = 9.40e-31 Error = 4.14e-13 NNZ =      197 SPT = 0.0619 Tsvd = 0.000 T = 0.016
 Site =    13 /   169 .. Mmpo =    16 DW = 1.75e-29 Error = 3.42e-13 NNZ =      226 SPT = 0.0583 Tsvd = 0.000 T = 0.017
 Site =    14 /   169 .. Mmpo =    17 DW = 8.24e-30 Error = 3.02e-13 NNZ =      257 SPT = 0.0551 Tsvd = 0.000 T = 0.018
 Site =    15 /   169 .. Mmpo =    18 DW = 5.64e-29 Error = 4.37e-13 NNZ =      290 SPT = 0.0523 Tsvd = 0.000 T = 0.019
 Site =    16 /   169 .. Mmpo =    19 DW = 1.24e-28 Error = 5.92e-13 NNZ =      325 SPT = 0.0497 Tsvd = 0.000 T = 0.020
 Site =    17 /   169 .. Mmpo =    20 DW = 1.08e-28 Error = 1.80e-13 NNZ =      362 SPT = 0.0474 Tsvd = 0.000 T = 0.021
 Site =    18 /   169 .. Mmpo =    21 DW = 3.98e-29 Error = 5.54e-13 NNZ =      401 SPT = 0.0452 Tsvd = 0.000 T = 0.022
 Site =    19 /   169 .. Mmpo =    22 DW = 9.71e-29 Error = 1.83e-13 NNZ =      442 SPT = 0.0433 Tsvd = 0.000 T = 0.023
 Site =    20 /   169 .. Mmpo =    23 DW = 7.12e-29 Error = 9.17e-13 NNZ =      485 SPT = 0.0415 Tsvd = 0.000 T = 0.024
 Site =    21 /   169 .. Mmpo =    24 DW = 1.20e-28 Error = 2.94e-13 NNZ =      530 SPT = 0.0399 Tsvd = 0.000 T = 0.026
 Site =    22 /   169 .. Mmpo =    25 DW = 7.54e-29 Error = 1.98e-13 NNZ =      577 SPT = 0.0383 Tsvd = 0.001 T = 0.026
 Site =    23 /   169 .. Mmpo =    26 DW = 8.48e-29 Error = 9.59e-13 NNZ =      626 SPT = 0.0369 Tsvd = 0.001 T = 0.027
 Site =    24 /   169 .. Mmpo =    27 DW = 6.40e-29 Error = 4.51e-13 NNZ =      677 SPT = 0.0356 Tsvd = 0.001 T = 0.028
 Site =    25 /   169 .. Mmpo =    28 DW = 1.64e-29 Error = 1.39e-13 NNZ =      730 SPT = 0.0344 Tsvd = 0.001 T = 0.029
 Site =    26 /   169 .. Mmpo =    29 DW = 1.57e-29 Error = 1.87e-13 NNZ =      785 SPT = 0.0333 Tsvd = 0.001 T = 0.030
 Site =    27 /   169 .. Mmpo =    30 DW = 2.66e-29 Error = 1.64e-13 NNZ =      842 SPT = 0.0322 Tsvd = 0.001 T = 0.031
 Site =    28 /   169 .. Mmpo =    31 DW = 2.59e-29 Error = 1.64e-13 NNZ =      901 SPT = 0.0312 Tsvd = 0.001 T = 0.032
 Site =    29 /   169 .. Mmpo =    32 DW = 1.18e-29 Error = 1.08e-12 NNZ =      962 SPT = 0.0302 Tsvd = 0.001 T = 0.033
 Site =    30 /   169 .. Mmpo =    33 DW = 9.24e-30 Error = 9.30e-13 NNZ =     1025 SPT = 0.0294 Tsvd = 0.001 T = 0.034
 Site =    31 /   169 .. Mmpo =    34 DW = 7.12e-30 Error = 5.12e-13 NNZ =     1090 SPT = 0.0285 Tsvd = 0.001 T = 0.035
 Site =    32 /   169 .. Mmpo =    35 DW = 1.40e-29 Error = 4.67e-13 NNZ =     1157 SPT = 0.0277 Tsvd = 0.001 T = 0.036
 Site =    33 /   169 .. Mmpo =    36 DW = 2.63e-29 Error = 2.80e-13 NNZ =     1226 SPT = 0.0270 Tsvd = 0.001 T = 0.037
 Site =    34 /   169 .. Mmpo =    37 DW = 3.23e-29 Error = 2.30e-13 NNZ =     1297 SPT = 0.0263 Tsvd = 0.001 T = 0.038
 Site =    35 /   169 .. Mmpo =    38 DW = 7.82e-29 Error = 1.65e-13 NNZ =     1370 SPT = 0.0256 Tsvd = 0.002 T = 0.039
 Site =    36 /   169 .. Mmpo =    39 DW = 8.99e-30 Error = 1.04e-13 NNZ =     1445 SPT = 0.0250 Tsvd = 0.001 T = 0.039
 Site =    37 /   169 .. Mmpo =    40 DW = 1.98e-28 Error = 8.85e-13 NNZ =     1522 SPT = 0.0244 Tsvd = 0.001 T = 0.040
 Site =    38 /   169 .. Mmpo =    41 DW = 1.92e-29 Error = 1.17e-13 NNZ =     1601 SPT = 0.0238 Tsvd = 0.001 T = 0.040
 Site =    39 /   169 .. Mmpo =    42 DW = 1.97e-29 Error = 6.88e-13 NNZ =     1682 SPT = 0.0232 Tsvd = 0.001 T = 0.041
 Site =    40 /   169 .. Mmpo =    43 DW = 5.22e-29 Error = 8.66e-13 NNZ =     1765 SPT = 0.0227 Tsvd = 0.001 T = 0.042
 Site =    41 /   169 .. Mmpo =    44 DW = 7.82e-29 Error = 7.09e-13 NNZ =     1850 SPT = 0.0222 Tsvd = 0.001 T = 0.043
 Site =    42 /   169 .. Mmpo =    45 DW = 5.09e-29 Error = 6.45e-13 NNZ =     1937 SPT = 0.0217 Tsvd = 0.001 T = 0.043
 Site =    43 /   169 .. Mmpo =    45 DW = 4.31e-17 Error = 6.56e-09 NNZ =     1981 SPT = 0.0217 Tsvd = 0.001 T = 0.044
 Site =    44 /   169 .. Mmpo =    46 DW = 2.98e-28 Error = 4.50e-13 NNZ =     2026 SPT = 0.0213 Tsvd = 0.001 T = 0.044
 Site =    45 /   169 .. Mmpo =    46 DW = 5.25e-17 Error = 7.24e-09 NNZ =     2071 SPT = 0.0213 Tsvd = 0.001 T = 0.045
 Site =    46 /   169 .. Mmpo =    47 DW = 1.59e-27 Error = 2.82e-13 NNZ =     2117 SPT = 0.0208 Tsvd = 0.001 T = 0.045
 Site =    47 /   169 .. Mmpo =    47 DW = 9.38e-17 Error = 9.68e-09 NNZ =     2163 SPT = 0.0208 Tsvd = 0.001 T = 0.045
 Site =    48 /   169 .. Mmpo =    48 DW = 7.57e-27 Error = 2.86e-13 NNZ =     2210 SPT = 0.0204 Tsvd = 0.001 T = 0.045
 Site =    49 /   169 .. Mmpo =    49 DW = 6.53e-27 Error = 2.19e-13 NNZ =     2305 SPT = 0.0200 Tsvd = 0.001 T = 0.046
 Site =    50 /   169 .. Mmpo =    49 DW = 4.00e-17 Error = 6.33e-09 NNZ =     2353 SPT = 0.0200 Tsvd = 0.001 T = 0.046
 Site =    51 /   169 .. Mmpo =    50 DW = 3.23e-27 Error = 1.64e-13 NNZ =     2402 SPT = 0.0196 Tsvd = 0.001 T = 0.047
 Site =    52 /   169 .. Mmpo =    51 DW = 1.69e-27 Error = 1.44e-12 NNZ =     2500 SPT = 0.0196 Tsvd = 0.001 T = 0.047
 Site =    53 /   169 .. Mmpo =    51 DW = 6.73e-17 Error = 8.21e-09 NNZ =     2550 SPT = 0.0196 Tsvd = 0.001 T = 0.048
 Site =    54 /   169 .. Mmpo =    52 DW = 3.07e-26 Error = 2.31e-13 NNZ =     2602 SPT = 0.0189 Tsvd = 0.001 T = 0.047
 Site =    55 /   169 .. Mmpo =    52 DW = 8.81e-17 Error = 9.39e-09 NNZ =     2652 SPT = 0.0192 Tsvd = 0.001 T = 0.048
 Site =    56 /   169 .. Mmpo =    52 DW = 2.50e-17 Error = 5.00e-09 NNZ =     2653 SPT = 0.0189 Tsvd = 0.001 T = 0.047
 Site =    57 /   169 .. Mmpo =    52 DW = 7.09e-17 Error = 8.42e-09 NNZ =     2653 SPT = 0.0189 Tsvd = 0.001 T = 0.047
 Site =    58 /   169 .. Mmpo =    53 DW = 3.88e-25 Error = 1.34e-12 NNZ =     2705 SPT = 0.0185 Tsvd = 0.001 T = 0.047
 Site =    59 /   169 .. Mmpo =    54 DW = 1.09e-25 Error = 1.07e-12 NNZ =     2809 SPT = 0.0185 Tsvd = 0.002 T = 0.048
 Site =    60 /   169 .. Mmpo =    53 DW = 1.26e-16 Error = 1.12e-08 NNZ =     2809 SPT = 0.0185 Tsvd = 0.002 T = 0.048
 Site =    61 /   169 .. Mmpo =    54 DW = 4.84e-25 Error = 9.92e-13 NNZ =     2809 SPT = 0.0185 Tsvd = 0.001 T = 0.047
 Site =    62 /   169 .. Mmpo =    54 DW = 7.44e-17 Error = 8.63e-09 NNZ =     2863 SPT = 0.0182 Tsvd = 0.002 T = 0.048
 Site =    63 /   169 .. Mmpo =    54 DW = 5.21e-17 Error = 7.22e-09 NNZ =     2863 SPT = 0.0182 Tsvd = 0.002 T = 0.047
 Site =    64 /   169 .. Mmpo =    55 DW = 1.13e-24 Error = 1.62e-12 NNZ =     2916 SPT = 0.0182 Tsvd = 0.002 T = 0.047
 Site =    65 /   169 .. Mmpo =    55 DW = 4.36e-17 Error = 6.60e-09 NNZ =     2971 SPT = 0.0179 Tsvd = 0.002 T = 0.047
 Site =    66 /   169 .. Mmpo =    55 DW = 4.46e-17 Error = 6.68e-09 NNZ =     2971 SPT = 0.0179 Tsvd = 0.002 T = 0.047
 Site =    67 /   169 .. Mmpo =    56 DW = 2.39e-24 Error = 1.58e-12 NNZ =     3020 SPT = 0.0195 Tsvd = 0.002 T = 0.047
 Site =    68 /   169 .. Mmpo =    56 DW = 8.16e-17 Error = 9.04e-09 NNZ =     3080 SPT = 0.0179 Tsvd = 0.002 T = 0.047
 Site =    69 /   169 .. Mmpo =    55 DW = 1.05e-16 Error = 1.02e-08 NNZ =     3024 SPT = 0.0182 Tsvd = 0.002 T = 0.046
 Site =    70 /   169 .. Mmpo =    55 DW = 5.96e-17 Error = 7.72e-09 NNZ =     2970 SPT = 0.0182 Tsvd = 0.002 T = 0.045
 Site =    71 /   169 .. Mmpo =    55 DW = 8.59e-17 Error = 9.27e-09 NNZ =     2970 SPT = 0.0182 Tsvd = 0.002 T = 0.045
 Site =    72 /   169 .. Mmpo =    56 DW = 2.19e-24 Error = 1.49e-12 NNZ =     3026 SPT = 0.0175 Tsvd = 0.002 T = 0.046
 Site =    73 /   169 .. Mmpo =    56 DW = 9.61e-17 Error = 9.81e-09 NNZ =     3079 SPT = 0.0182 Tsvd = 0.001 T = 0.045
 Site =    74 /   169 .. Mmpo =    56 DW = 9.49e-17 Error = 9.74e-09 NNZ =     3078 SPT = 0.0185 Tsvd = 0.001 T = 0.045
 Site =    75 /   169 .. Mmpo =    56 DW = 6.73e-17 Error = 8.20e-09 NNZ =     3080 SPT = 0.0179 Tsvd = 0.001 T = 0.044
 Site =    76 /   169 .. Mmpo =    56 DW = 8.56e-17 Error = 9.25e-09 NNZ =     3081 SPT = 0.0175 Tsvd = 0.001 T = 0.044
 Site =    77 /   169 .. Mmpo =    56 DW = 6.81e-17 Error = 8.25e-09 NNZ =     3081 SPT = 0.0175 Tsvd = 0.002 T = 0.043
 Site =    78 /   169 .. Mmpo =    56 DW = 1.25e-17 Error = 3.53e-09 NNZ =     3081 SPT = 0.0175 Tsvd = 0.002 T = 0.043
 Site =    79 /   169 .. Mmpo =    56 DW = 4.39e-17 Error = 6.62e-09 NNZ =     3081 SPT = 0.0175 Tsvd = 0.002 T = 0.043
 Site =    80 /   169 .. Mmpo =    56 DW = 9.66e-17 Error = 9.83e-09 NNZ =     3081 SPT = 0.0175 Tsvd = 0.001 T = 0.042
 Site =    81 /   169 .. Mmpo =    56 DW = 9.03e-17 Error = 9.50e-09 NNZ =     3079 SPT = 0.0182 Tsvd = 0.001 T = 0.042
 Site =    82 /   169 .. Mmpo =    55 DW = 1.70e-16 Error = 1.31e-08 NNZ =     3024 SPT = 0.0182 Tsvd = 0.001 T = 0.042
 Site =    83 /   169 .. Mmpo =    56 DW = 3.49e-24 Error = 1.87e-12 NNZ =     3024 SPT = 0.0182 Tsvd = 0.001 T = 0.041
 Site =    84 /   169 .. Mmpo =    56 DW = 7.80e-17 Error = 8.83e-09 NNZ =     3073 SPT = 0.0201 Tsvd = 0.001 T = 0.041
 Site =    85 /   169 .. Mmpo =    56 DW = 9.50e-17 Error = 9.75e-09 NNZ =     3075 SPT = 0.0195 Tsvd = 0.001 T = 0.040
 Site =    86 /   169 .. Mmpo =    57 DW = 2.30e-24 Error = 1.52e-12 NNZ =     3135 SPT = 0.0179 Tsvd = 0.001 T = 0.041
 Site =    87 /   169 .. Mmpo =    56 DW = 1.23e-16 Error = 1.11e-08 NNZ =     3131 SPT = 0.0191 Tsvd = 0.001 T = 0.040
 Site =    88 /   169 .. Mmpo =    56 DW = 6.18e-17 Error = 7.86e-09 NNZ =     3077 SPT = 0.0188 Tsvd = 0.001 T = 0.039
 Site =    89 /   169 .. Mmpo =    56 DW = 9.00e-17 Error = 9.49e-09 NNZ =     3079 SPT = 0.0182 Tsvd = 0.001 T = 0.039
 Site =    90 /   169 .. Mmpo =    56 DW = 6.59e-17 Error = 8.12e-09 NNZ =     3081 SPT = 0.0175 Tsvd = 0.001 T = 0.038
 Site =    91 /   169 .. Mmpo =    56 DW = 1.87e-17 Error = 4.32e-09 NNZ =     3081 SPT = 0.0175 Tsvd = 0.001 T = 0.038
 Site =    92 /   169 .. Mmpo =    56 DW = 2.84e-17 Error = 5.33e-09 NNZ =     3080 SPT = 0.0179 Tsvd = 0.001 T = 0.037
 Site =    93 /   169 .. Mmpo =    56 DW = 6.11e-17 Error = 7.81e-09 NNZ =     3081 SPT = 0.0175 Tsvd = 0.001 T = 0.037
 Site =    94 /   169 .. Mmpo =    56 DW = 5.88e-17 Error = 7.66e-09 NNZ =     3079 SPT = 0.0182 Tsvd = 0.001 T = 0.037
 Site =    95 /   169 .. Mmpo =    55 DW = 1.05e-16 Error = 1.02e-08 NNZ =     3024 SPT = 0.0182 Tsvd = 0.001 T = 0.036
 Site =    96 /   169 .. Mmpo =    55 DW = 3.06e-17 Error = 5.53e-09 NNZ =     2970 SPT = 0.0182 Tsvd = 0.001 T = 0.035
 Site =    97 /   169 .. Mmpo =    55 DW = 6.88e-17 Error = 8.29e-09 NNZ =     2969 SPT = 0.0185 Tsvd = 0.001 T = 0.035
 Site =    98 /   169 .. Mmpo =    55 DW = 6.72e-17 Error = 8.20e-09 NNZ =     2970 SPT = 0.0182 Tsvd = 0.001 T = 0.035
 Site =    99 /   169 .. Mmpo =    56 DW = 8.35e-25 Error = 1.31e-12 NNZ =     3024 SPT = 0.0182 Tsvd = 0.001 T = 0.034
 Site =   100 /   169 .. Mmpo =    55 DW = 1.21e-16 Error = 1.10e-08 NNZ =     3022 SPT = 0.0188 Tsvd = 0.001 T = 0.034
 Site =   101 /   169 .. Mmpo =    55 DW = 6.17e-17 Error = 7.85e-09 NNZ =     2970 SPT = 0.0182 Tsvd = 0.001 T = 0.034
 Site =   102 /   169 .. Mmpo =    55 DW = 3.13e-17 Error = 5.60e-09 NNZ =     2970 SPT = 0.0182 Tsvd = 0.001 T = 0.033
 Site =   103 /   169 .. Mmpo =    54 DW = 7.04e-17 Error = 8.39e-09 NNZ =     2915 SPT = 0.0185 Tsvd = 0.001 T = 0.032
 Site =   104 /   169 .. Mmpo =    54 DW = 8.42e-18 Error = 2.90e-09 NNZ =     2863 SPT = 0.0182 Tsvd = 0.001 T = 0.032
 Site =   105 /   169 .. Mmpo =    54 DW = 4.16e-17 Error = 6.45e-09 NNZ =     2862 SPT = 0.0185 Tsvd = 0.001 T = 0.031
 Site =   106 /   169 .. Mmpo =    54 DW = 2.90e-17 Error = 5.38e-09 NNZ =     2862 SPT = 0.0185 Tsvd = 0.001 T = 0.031
 Site =   107 /   169 .. Mmpo =    53 DW = 6.83e-17 Error = 8.26e-09 NNZ =     2807 SPT = 0.0192 Tsvd = 0.001 T = 0.030
 Site =   108 /   169 .. Mmpo =    53 DW = 9.04e-17 Error = 9.51e-09 NNZ =     2756 SPT = 0.0189 Tsvd = 0.001 T = 0.030
 Site =   109 /   169 .. Mmpo =    52 DW = 4.12e-17 Error = 6.42e-09 NNZ =     2702 SPT = 0.0196 Tsvd = 0.001 T = 0.029
 Site =   110 /   169 .. Mmpo =    52 DW = 6.12e-17 Error = 7.82e-09 NNZ =     2645 SPT = 0.0218 Tsvd = 0.001 T = 0.028
 Site =   111 /   169 .. Mmpo =    52 DW = 4.04e-17 Error = 6.36e-09 NNZ =     2651 SPT = 0.0196 Tsvd = 0.001 T = 0.028
 Site =   112 /   169 .. Mmpo =    52 DW = 9.07e-17 Error = 9.52e-09 NNZ =     2652 SPT = 0.0192 Tsvd = 0.001 T = 0.027
 Site =   113 /   169 .. Mmpo =    51 DW = 7.36e-17 Error = 8.58e-09 NNZ =     2598 SPT = 0.0204 Tsvd = 0.001 T = 0.027
 Site =   114 /   169 .. Mmpo =    51 DW = 2.51e-17 Error = 5.01e-09 NNZ =     2551 SPT = 0.0192 Tsvd = 0.001 T = 0.026
 Site =   115 /   169 .. Mmpo =    51 DW = 5.21e-20 Error = 2.28e-10 NNZ =     2551 SPT = 0.0192 Tsvd = 0.001 T = 0.026
 Site =   116 /   169 .. Mmpo =    50 DW = 1.61e-18 Error = 1.27e-09 NNZ =     2498 SPT = 0.0204 Tsvd = 0.001 T = 0.024
 Site =   117 /   169 .. Mmpo =    49 DW = 3.28e-17 Error = 5.72e-09 NNZ =     2400 SPT = 0.0204 Tsvd = 0.001 T = 0.024
 Site =   118 /   169 .. Mmpo =    49 DW = 1.31e-17 Error = 3.62e-09 NNZ =     2351 SPT = 0.0208 Tsvd = 0.001 T = 0.023
 Site =   119 /   169 .. Mmpo =    48 DW = 2.44e-18 Error = 1.56e-09 NNZ =     2303 SPT = 0.0208 Tsvd = 0.001 T = 0.023
 Site =   120 /   169 .. Mmpo =    47 DW = 5.46e-17 Error = 7.39e-09 NNZ =     2208 SPT = 0.0213 Tsvd = 0.001 T = 0.022
 Site =   121 /   169 .. Mmpo =    47 DW = 1.79e-18 Error = 1.34e-09 NNZ =     2162 SPT = 0.0213 Tsvd = 0.001 T = 0.022
 Site =   122 /   169 .. Mmpo =    46 DW = 3.10e-17 Error = 5.57e-09 NNZ =     2114 SPT = 0.0222 Tsvd = 0.001 T = 0.021
 Site =   123 /   169 .. Mmpo =    46 DW = 1.18e-18 Error = 1.08e-09 NNZ =     2070 SPT = 0.0217 Tsvd = 0.001 T = 0.020
 Site =   124 /   169 .. Mmpo =    45 DW = 2.33e-17 Error = 4.83e-09 NNZ =     2022 SPT = 0.0232 Tsvd = 0.001 T = 0.020
 Site =   125 /   169 .. Mmpo =    45 DW = 1.68e-38 Error = 2.40e-13 NNZ =     1980 SPT = 0.0222 Tsvd = 0.001 T = 0.019
 Site =   126 /   169 .. Mmpo =    44 DW = 3.74e-37 Error = 1.56e-13 NNZ =     1933 SPT = 0.0237 Tsvd = 0.001 T = 0.019
 Site =   127 /   169 .. Mmpo =    43 DW = 1.14e-37 Error = 1.88e-13 NNZ =     1849 SPT = 0.0227 Tsvd = 0.001 T = 0.018
 Site =   128 /   169 .. Mmpo =    42 DW = 2.66e-37 Error = 1.70e-13 NNZ =     1763 SPT = 0.0238 Tsvd = 0.000 T = 0.017
 Site =   129 /   169 .. Mmpo =    41 DW = 1.27e-36 Error = 9.84e-13 NNZ =     1680 SPT = 0.0244 Tsvd = 0.000 T = 0.017
 Site =   130 /   169 .. Mmpo =    40 DW = 2.06e-37 Error = 1.17e-13 NNZ =     1600 SPT = 0.0244 Tsvd = 0.000 T = 0.016
 Site =   131 /   169 .. Mmpo =    39 DW = 1.86e-37 Error = 1.66e-13 NNZ =     1521 SPT = 0.0250 Tsvd = 0.000 T = 0.016
 Site =   132 /   169 .. Mmpo =    38 DW = 1.01e-36 Error = 2.38e-13 NNZ =     1444 SPT = 0.0256 Tsvd = 0.000 T = 0.014
 Site =   133 /   169 .. Mmpo =    37 DW = 9.71e-37 Error = 2.48e-13 NNZ =     1369 SPT = 0.0263 Tsvd = 0.000 T = 0.013
 Site =   134 /   169 .. Mmpo =    36 DW = 1.27e-37 Error = 1.61e-13 NNZ =     1296 SPT = 0.0270 Tsvd = 0.000 T = 0.013
 Site =   135 /   169 .. Mmpo =    35 DW = 6.93e-38 Error = 1.73e-13 NNZ =     1225 SPT = 0.0278 Tsvd = 0.000 T = 0.012
 Site =   136 /   169 .. Mmpo =    34 DW = 3.13e-38 Error = 1.38e-13 NNZ =     1156 SPT = 0.0286 Tsvd = 0.000 T = 0.011
 Site =   137 /   169 .. Mmpo =    33 DW = 2.17e-37 Error = 1.11e-13 NNZ =     1089 SPT = 0.0294 Tsvd = 0.000 T = 0.011
 Site =   138 /   169 .. Mmpo =    32 DW = 2.31e-37 Error = 1.13e-13 NNZ =     1024 SPT = 0.0303 Tsvd = 0.000 T = 0.010
 Site =   139 /   169 .. Mmpo =    31 DW = 2.86e-38 Error = 2.15e-13 NNZ =      961 SPT = 0.0312 Tsvd = 0.000 T = 0.010
 Site =   140 /   169 .. Mmpo =    30 DW = 4.64e-37 Error = 1.02e-13 NNZ =      900 SPT = 0.0323 Tsvd = 0.000 T = 0.009
 Site =   141 /   169 .. Mmpo =    29 DW = 3.45e-37 Error = 2.23e-13 NNZ =      841 SPT = 0.0333 Tsvd = 0.000 T = 0.008
 Site =   142 /   169 .. Mmpo =    28 DW = 1.07e-37 Error = 4.66e-13 NNZ =      784 SPT = 0.0345 Tsvd = 0.000 T = 0.008
 Site =   143 /   169 .. Mmpo =    27 DW = 2.17e-38 Error = 9.93e-14 NNZ =      729 SPT = 0.0357 Tsvd = 0.000 T = 0.007
 Site =   144 /   169 .. Mmpo =    26 DW = 1.26e-37 Error = 2.27e-13 NNZ =      676 SPT = 0.0370 Tsvd = 0.000 T = 0.007
 Site =   145 /   169 .. Mmpo =    25 DW = 5.33e-38 Error = 1.63e-13 NNZ =      625 SPT = 0.0385 Tsvd = 0.000 T = 0.006
 Site =   146 /   169 .. Mmpo =    24 DW = 1.02e-38 Error = 1.89e-13 NNZ =      576 SPT = 0.0400 Tsvd = 0.000 T = 0.006
 Site =   147 /   169 .. Mmpo =    23 DW = 1.31e-37 Error = 2.50e-13 NNZ =      529 SPT = 0.0417 Tsvd = 0.000 T = 0.005
 Site =   148 /   169 .. Mmpo =    22 DW = 2.77e-37 Error = 1.91e-13 NNZ =      484 SPT = 0.0435 Tsvd = 0.000 T = 0.005
 Site =   149 /   169 .. Mmpo =    21 DW = 2.00e-38 Error = 1.81e-13 NNZ =      441 SPT = 0.0455 Tsvd = 0.000 T = 0.005
 Site =   150 /   169 .. Mmpo =    20 DW = 4.29e-38 Error = 1.24e-13 NNZ =      400 SPT = 0.0476 Tsvd = 0.000 T = 0.004
 Site =   151 /   169 .. Mmpo =    19 DW = 6.59e-38 Error = 2.61e-13 NNZ =      361 SPT = 0.0500 Tsvd = 0.000 T = 0.004
 Site =   152 /   169 .. Mmpo =    18 DW = 1.69e-38 Error = 2.87e-12 NNZ =      324 SPT = 0.0526 Tsvd = 0.000 T = 0.004
 Site =   153 /   169 .. Mmpo =    17 DW = 1.05e-38 Error = 3.15e-12 NNZ =      289 SPT = 0.0556 Tsvd = 0.000 T = 0.003
 Site =   154 /   169 .. Mmpo =    16 DW = 6.15e-39 Error = 2.31e-12 NNZ =      256 SPT = 0.0588 Tsvd = 0.000 T = 0.003
 Site =   155 /   169 .. Mmpo =    15 DW = 2.94e-38 Error = 2.41e-13 NNZ =      225 SPT = 0.0625 Tsvd = 0.000 T = 0.002
 Site =   156 /   169 .. Mmpo =    14 DW = 2.54e-38 Error = 2.26e-13 NNZ =      196 SPT = 0.0667 Tsvd = 0.000 T = 0.002
 Site =   157 /   169 .. Mmpo =    13 DW = 8.66e-41 Error = 1.69e-13 NNZ =      169 SPT = 0.0714 Tsvd = 0.000 T = 0.002
 Site =   158 /   169 .. Mmpo =    12 DW = 1.05e-39 Error = 1.70e-13 NNZ =      144 SPT = 0.0769 Tsvd = 0.000 T = 0.002
 Site =   159 /   169 .. Mmpo =    11 DW = 8.68e-39 Error = 1.76e-13 NNZ =      121 SPT = 0.0833 Tsvd = 0.000 T = 0.001
 Site =   160 /   169 .. Mmpo =    10 DW = 1.34e-37 Error = 1.75e-13 NNZ =      100 SPT = 0.0909 Tsvd = 0.000 T = 0.001
 Site =   161 /   169 .. Mmpo =     9 DW = 8.80e-39 Error = 1.07e-13 NNZ =       81 SPT = 0.1000 Tsvd = 0.000 T = 0.001
 Site =   162 /   169 .. Mmpo =     8 DW = 6.77e-39 Error = 1.92e-13 NNZ =       64 SPT = 0.1111 Tsvd = 0.000 T = 0.001
 Site =   163 /   169 .. Mmpo =     7 DW = 1.08e-38 Error = 1.09e-13 NNZ =       49 SPT = 0.1250 Tsvd = 0.000 T = 0.001
 Site =   164 /   169 .. Mmpo =     6 DW = 4.80e-39 Error = 8.59e-14 NNZ =       36 SPT = 0.1429 Tsvd = 0.000 T = 0.001
 Site =   165 /   169 .. Mmpo =     5 DW = 6.78e-39 Error = 1.92e-14 NNZ =       25 SPT = 0.1667 Tsvd = 0.000 T = 0.000
 Site =   166 /   169 .. Mmpo =     4 DW = 8.79e-40 Error = 1.15e-13 NNZ =       16 SPT = 0.2000 Tsvd = 0.000 T = 0.000
 Site =   167 /   169 .. Mmpo =     3 DW = 9.59e-39 Error = 5.58e-14 NNZ =        9 SPT = 0.2500 Tsvd = 0.000 T = 0.000
 Site =   168 /   169 .. Mmpo =     1 DW = 0.00e+00 Error = 2.35e-14 NNZ =        3 SPT = 0.0000 Tsvd = 0.000 T = 0.000
Ttotal =      4.519 Tsvd-total = 0.136 MPO bond dimension =    57 MaxDW = 1.70e-16 Total error = 6.28e-08
NNZ =       287000 SIZE =       293345 SPT = 0.0216

Rank =     0 Ttotal =      4.524 MPO method = FastSVD bond dimension =      57 NNZ =       287000 SIZE =       293345 SPT = 0.0216
Environment initialization | Nsites =   169 | Center =   168
 INIT-L --> Site =    1 ..  Bmem =   128 B Rmem =   128 B T = 0.01
 INIT-L --> Site =    2 ..  Bmem =   640 B Rmem =   640 B T = 0.00
 INIT-L --> Site =    3 ..  Bmem = 3.00 KB Rmem = 3.00 KB T = 0.01
 INIT-L --> Site =    4 ..  Bmem = 14.0 KB Rmem = 14.0 KB T = 0.01
 INIT-L --> Site =    5 ..  Bmem = 64.0 KB Rmem = 64.0 KB T = 0.01
 INIT-L --> Site =    6 ..  Bmem =  288 KB Rmem =  288 KB T = 0.01
 INIT-L --> Site =    7 ..  Bmem = 1.25 MB Rmem = 1.25 MB T = 0.02
 INIT-L --> Site =    8 ..  Bmem = 5.50 MB Rmem = 5.50 MB T = 0.07
 INIT-L --> Site =    9 ..  Bmem = 24.0 MB Rmem = 24.0 MB T = 0.34
 INIT-L --> Site =   10 ..  Bmem =  104 MB Rmem = 30.0 MB T = 1.26
 INIT-L --> Site =   11 ..  Bmem =  129 MB Rmem = 32.3 MB T = 1.64
 INIT-L --> Site =   12 ..  Bmem =  138 MB Rmem = 34.6 MB T = 1.88
 INIT-L --> Site =   13 ..  Bmem =  148 MB Rmem = 36.9 MB T = 2.10
 INIT-L --> Site =   14 ..  Bmem =  157 MB Rmem = 39.2 MB T = 2.35
 INIT-L --> Site =   15 ..  Bmem =  166 MB Rmem = 41.5 MB T = 2.63
 INIT-L --> Site =   16 ..  Bmem =  175 MB Rmem = 43.8 MB T = 2.92
 INIT-L --> Site =   17 ..  Bmem =  185 MB Rmem = 46.2 MB T = 3.25
 INIT-L --> Site =   18 ..  Bmem =  194 MB Rmem = 48.5 MB T = 3.55
 INIT-L --> Site =   19 ..  Bmem =  203 MB Rmem = 50.8 MB T = 3.96
 INIT-L --> Site =   20 ..  Bmem =  212 MB Rmem = 53.1 MB T = 4.29
 INIT-L --> Site =   21 ..  Bmem =  222 MB Rmem = 55.4 MB T = 4.62
 INIT-L --> Site =   22 ..  Bmem =  231 MB Rmem = 57.7 MB T = 4.98
 INIT-L --> Site =   23 ..  Bmem =  240 MB Rmem = 60.0 MB T = 5.40
 INIT-L --> Site =   24 ..  Bmem =  249 MB Rmem = 62.3 MB T = 5.80
 INIT-L --> Site =   25 ..  Bmem =  258 MB Rmem = 64.6 MB T = 6.23
 INIT-L --> Site =   26 ..  Bmem =  268 MB Rmem = 66.9 MB T = 6.67
 INIT-L --> Site =   27 ..  Bmem =  277 MB Rmem = 69.2 MB T = 7.12
 INIT-L --> Site =   28 ..  Bmem =  286 MB Rmem = 71.5 MB T = 7.66
 INIT-L --> Site =   29 ..  Bmem =  295 MB Rmem = 73.9 MB T = 8.09
 INIT-L --> Site =   30 ..  Bmem =  305 MB Rmem = 76.2 MB T = 8.60
 INIT-L --> Site =   31 ..  Bmem =  314 MB Rmem = 78.5 MB T = 9.11
 INIT-L --> Site =   32 ..  Bmem =  323 MB Rmem = 80.8 MB T = 9.67
 INIT-L --> Site =   33 ..  Bmem =  332 MB Rmem = 83.1 MB T = 10.18
 INIT-L --> Site =   34 ..  Bmem =  342 MB Rmem = 85.4 MB T = 10.88
 INIT-L --> Site =   35 ..  Bmem =  351 MB Rmem = 87.7 MB T = 11.34
 INIT-L --> Site =   36 ..  Bmem =  360 MB Rmem = 90.0 MB T = 11.95
 INIT-L --> Site =   37 ..  Bmem =  369 MB Rmem = 92.3 MB T = 12.54
 INIT-L --> Site =   38 ..  Bmem =  378 MB Rmem = 94.6 MB T = 13.20
 INIT-L --> Site =   39 ..  Bmem =  388 MB Rmem = 96.9 MB T = 13.82
 INIT-L --> Site =   40 ..  Bmem =  397 MB Rmem = 99.2 MB T = 14.47
 INIT-L --> Site =   41 ..  Bmem =  406 MB Rmem =  102 MB T = 15.16
 INIT-L --> Site =   42 ..  Bmem =  415 MB Rmem =  104 MB T = 15.84
 INIT-L --> Site =   43 ..  Bmem =  425 MB Rmem =  106 MB T = 16.54
 INIT-L --> Site =   44 ..  Bmem =  425 MB Rmem =  106 MB T = 16.91
 INIT-L --> Site =   45 ..  Bmem =  434 MB Rmem =  108 MB T = 17.28
 INIT-L --> Site =   46 ..  Bmem =  434 MB Rmem =  108 MB T = 17.61
 INIT-L --> Site =   47 ..  Bmem =  443 MB Rmem =  111 MB T = 18.02
 INIT-L --> Site =   48 ..  Bmem =  443 MB Rmem =  111 MB T = 18.37
 INIT-L --> Site =   49 ..  Bmem =  452 MB Rmem =  113 MB T = 18.77
 INIT-L --> Site =   50 ..  Bmem =  462 MB Rmem =  115 MB T = 19.53
 INIT-L --> Site =   51 ..  Bmem =  462 MB Rmem =  115 MB T = 19.86
 INIT-L --> Site =   52 ..  Bmem =  471 MB Rmem =  118 MB T = 20.34
 INIT-L --> Site =   53 ..  Bmem =  480 MB Rmem =  120 MB T = 21.11
 INIT-L --> Site =   54 ..  Bmem =  480 MB Rmem =  120 MB T = 21.45
 INIT-L --> Site =   55 ..  Bmem =  489 MB Rmem =  122 MB T = 21.96
 INIT-L --> Site =   56 ..  Bmem =  489 MB Rmem =  122 MB T = 22.34
 INIT-L --> Site =   57 ..  Bmem =  489 MB Rmem =  122 MB T = 22.34
 INIT-L --> Site =   58 ..  Bmem =  489 MB Rmem =  122 MB T = 22.32
 INIT-L --> Site =   59 ..  Bmem =  499 MB Rmem =  125 MB T = 22.75
 INIT-L --> Site =   60 ..  Bmem =  508 MB Rmem =  127 MB T = 23.65
 INIT-L --> Site =   61 ..  Bmem =  499 MB Rmem =  125 MB T = 23.50
 INIT-L --> Site =   62 ..  Bmem =  508 MB Rmem =  127 MB T = 23.57
 INIT-L --> Site =   63 ..  Bmem =  508 MB Rmem =  127 MB T = 23.96
 INIT-L --> Site =   64 ..  Bmem =  508 MB Rmem =  127 MB T = 23.95
 INIT-L --> Site =   65 ..  Bmem =  517 MB Rmem =  129 MB T = 24.40
 INIT-L --> Site =   66 ..  Bmem =  517 MB Rmem =  129 MB T = 24.87
 INIT-L --> Site =   67 ..  Bmem =  517 MB Rmem =  129 MB T = 24.87
 INIT-L --> Site =   68 ..  Bmem =  526 MB Rmem =  132 MB T = 25.35
 INIT-L --> Site =   69 ..  Bmem =  526 MB Rmem =  132 MB T = 25.77
 INIT-L --> Site =   70 ..  Bmem =  517 MB Rmem =  129 MB T = 25.25
 INIT-L --> Site =   71 ..  Bmem =  517 MB Rmem =  129 MB T = 24.93
 INIT-L --> Site =   72 ..  Bmem =  517 MB Rmem =  129 MB T = 24.94
 INIT-L --> Site =   73 ..  Bmem =  526 MB Rmem =  132 MB T = 25.36
 INIT-L --> Site =   74 ..  Bmem =  526 MB Rmem =  132 MB T = 25.79
 INIT-L --> Site =   75 ..  Bmem =  526 MB Rmem =  132 MB T = 25.82
 INIT-L --> Site =   76 ..  Bmem =  526 MB Rmem =  132 MB T = 25.80
 INIT-L --> Site =   77 ..  Bmem =  526 MB Rmem =  132 MB T = 25.74
 INIT-L --> Site =   78 ..  Bmem =  526 MB Rmem =  132 MB T = 25.72
 INIT-L --> Site =   79 ..  Bmem =  526 MB Rmem =  132 MB T = 25.77
 INIT-L --> Site =   80 ..  Bmem =  526 MB Rmem =  132 MB T = 25.80
 INIT-L --> Site =   81 ..  Bmem =  526 MB Rmem =  132 MB T = 25.82
 INIT-L --> Site =   82 ..  Bmem =  526 MB Rmem =  132 MB T = 25.78
 INIT-L --> Site =   83 ..  Bmem =  517 MB Rmem =  129 MB T = 25.31
 INIT-L --> Site =   84 ..  Bmem =  526 MB Rmem =  132 MB T = 25.28
 INIT-L --> Site =   85 ..  Bmem =  526 MB Rmem =  132 MB T = 25.66
 INIT-L --> Site =   86 ..  Bmem =  526 MB Rmem =  132 MB T = 25.67
 INIT-L --> Site =   87 ..  Bmem =  535 MB Rmem =  134 MB T = 26.26
 INIT-L --> Site =   88 ..  Bmem =  526 MB Rmem =  132 MB T = 26.20
 INIT-L --> Site =   89 ..  Bmem =  526 MB Rmem =  132 MB T = 25.81
 INIT-L --> Site =   90 ..  Bmem =  526 MB Rmem =  132 MB T = 25.77
 INIT-L --> Site =   91 ..  Bmem =  526 MB Rmem =  132 MB T = 25.75
 INIT-L --> Site =   92 ..  Bmem =  526 MB Rmem =  132 MB T = 25.80
 INIT-L --> Site =   93 ..  Bmem =  526 MB Rmem =  132 MB T = 25.76
 INIT-L --> Site =   94 ..  Bmem =  526 MB Rmem =  132 MB T = 25.82
 INIT-L --> Site =   95 ..  Bmem =  526 MB Rmem =  132 MB T = 25.69
 INIT-L --> Site =   96 ..  Bmem =  517 MB Rmem =  129 MB T = 25.37
 INIT-L --> Site =   97 ..  Bmem =  517 MB Rmem =  129 MB T = 24.89
 INIT-L --> Site =   98 ..  Bmem =  517 MB Rmem =  129 MB T = 24.89
 INIT-L --> Site =   99 ..  Bmem =  517 MB Rmem =  129 MB T = 24.88
 INIT-L --> Site =  100 ..  Bmem =  526 MB Rmem =  132 MB T = 25.28
 INIT-L --> Site =  101 ..  Bmem =  517 MB Rmem =  129 MB T = 25.38
 INIT-L --> Site =  102 ..  Bmem =  517 MB Rmem =  129 MB T = 24.91
 INIT-L --> Site =  103 ..  Bmem =  517 MB Rmem =  129 MB T = 24.92
 INIT-L --> Site =  104 ..  Bmem =  508 MB Rmem =  127 MB T = 24.44
 INIT-L --> Site =  105 ..  Bmem =  508 MB Rmem =  127 MB T = 24.10
 INIT-L --> Site =  106 ..  Bmem =  508 MB Rmem =  127 MB T = 24.02
 INIT-L --> Site =  107 ..  Bmem =  508 MB Rmem =  127 MB T = 23.98
 INIT-L --> Site =  108 ..  Bmem =  499 MB Rmem =  125 MB T = 23.48
 INIT-L --> Site =  109 ..  Bmem =  499 MB Rmem =  125 MB T = 23.16
 INIT-L --> Site =  110 ..  Bmem =  489 MB Rmem =  122 MB T = 22.73
 INIT-L --> Site =  111 ..  Bmem =  489 MB Rmem =  122 MB T = 22.23
 INIT-L --> Site =  112 ..  Bmem =  489 MB Rmem =  122 MB T = 22.33
 INIT-L --> Site =  113 ..  Bmem =  489 MB Rmem =  122 MB T = 22.34
 INIT-L --> Site =  114 ..  Bmem =  480 MB Rmem =  120 MB T = 21.84
 INIT-L --> Site =  115 ..  Bmem =  480 MB Rmem =  120 MB T = 21.53
 INIT-L --> Site =  116 ..  Bmem =  480 MB Rmem =  120 MB T = 21.55
 INIT-L --> Site =  117 ..  Bmem =  471 MB Rmem =  118 MB T = 21.04
 INIT-L --> Site =  118 ..  Bmem =  462 MB Rmem =  115 MB T = 20.27
 INIT-L --> Site =  119 ..  Bmem =  462 MB Rmem =  115 MB T = 19.88
 INIT-L --> Site =  120 ..  Bmem =  452 MB Rmem =  113 MB T = 19.53
 INIT-L --> Site =  121 ..  Bmem =  443 MB Rmem =  111 MB T = 18.69
 INIT-L --> Site =  122 ..  Bmem =  443 MB Rmem =  111 MB T = 18.40
 INIT-L --> Site =  123 ..  Bmem =  434 MB Rmem =  108 MB T = 17.99
 INIT-L --> Site =  124 ..  Bmem =  434 MB Rmem =  108 MB T = 17.65
 INIT-L --> Site =  125 ..  Bmem =  425 MB Rmem =  106 MB T = 17.18
 INIT-L --> Site =  126 ..  Bmem =  425 MB Rmem =  106 MB T = 16.85
 INIT-L --> Site =  127 ..  Bmem =  415 MB Rmem =  104 MB T = 16.52
 INIT-L --> Site =  128 ..  Bmem =  406 MB Rmem =  102 MB T = 15.85
 INIT-L --> Site =  129 ..  Bmem =  397 MB Rmem = 99.2 MB T = 15.14
 INIT-L --> Site =  130 ..  Bmem =  388 MB Rmem = 96.9 MB T = 14.42
 INIT-L --> Site =  131 ..  Bmem =  378 MB Rmem = 94.6 MB T = 13.81
 INIT-L --> Site =  132 ..  Bmem =  369 MB Rmem = 92.3 MB T = 13.13
 INIT-L --> Site =  133 ..  Bmem =  360 MB Rmem = 90.0 MB T = 12.56
 INIT-L --> Site =  134 ..  Bmem =  351 MB Rmem = 87.7 MB T = 11.90
 INIT-L --> Site =  135 ..  Bmem =  342 MB Rmem = 85.4 MB T = 11.37
 INIT-L --> Site =  136 ..  Bmem =  332 MB Rmem = 83.1 MB T = 10.79
 INIT-L --> Site =  137 ..  Bmem =  323 MB Rmem = 80.8 MB T = 10.17
 INIT-L --> Site =  138 ..  Bmem =  314 MB Rmem = 78.5 MB T = 9.59
 INIT-L --> Site =  139 ..  Bmem =  305 MB Rmem = 76.2 MB T = 9.11
 INIT-L --> Site =  140 ..  Bmem =  295 MB Rmem = 73.9 MB T = 8.58
 INIT-L --> Site =  141 ..  Bmem =  286 MB Rmem = 71.5 MB T = 8.07
 INIT-L --> Site =  142 ..  Bmem =  277 MB Rmem = 69.2 MB T = 7.55
 INIT-L --> Site =  143 ..  Bmem =  268 MB Rmem = 66.9 MB T = 7.09
 INIT-L --> Site =  144 ..  Bmem =  258 MB Rmem = 64.6 MB T = 6.63
 INIT-L --> Site =  145 ..  Bmem =  249 MB Rmem = 62.3 MB T = 6.19
 INIT-L --> Site =  146 ..  Bmem =  240 MB Rmem = 60.0 MB T = 5.76
 INIT-L --> Site =  147 ..  Bmem =  231 MB Rmem = 57.7 MB T = 5.32
 INIT-L --> Site =  148 ..  Bmem =  222 MB Rmem = 55.4 MB T = 4.93
 INIT-L --> Site =  149 ..  Bmem =  212 MB Rmem = 53.1 MB T = 4.55
 INIT-L --> Site =  150 ..  Bmem =  203 MB Rmem = 50.8 MB T = 4.23
 INIT-L --> Site =  151 ..  Bmem =  194 MB Rmem = 48.5 MB T = 3.84
 INIT-L --> Site =  152 ..  Bmem =  185 MB Rmem = 46.2 MB T = 3.49
 INIT-L --> Site =  153 ..  Bmem =  175 MB Rmem = 43.8 MB T = 3.18
 INIT-L --> Site =  154 ..  Bmem =  166 MB Rmem = 41.5 MB T = 2.88
 INIT-L --> Site =  155 ..  Bmem =  157 MB Rmem = 39.2 MB T = 2.58
 INIT-L --> Site =  156 ..  Bmem =  148 MB Rmem = 36.9 MB T = 2.32
 INIT-L --> Site =  157 ..  Bmem =  138 MB Rmem = 34.6 MB T = 2.08
 INIT-L --> Site =  158 ..  Bmem =  129 MB Rmem = 32.3 MB T = 1.80
 INIT-L --> Site =  159 ..  Bmem =  120 MB Rmem = 30.0 MB T = 1.58
 INIT-L --> Site =  160 ..  Bmem =  111 MB Rmem = 27.7 MB T = 1.39
 INIT-L --> Site =  161 ..  Bmem =  102 MB Rmem = 25.4 MB T = 1.20
 INIT-L --> Site =  162 ..  Bmem = 92.3 MB Rmem = 23.1 MB T = 0.99
 INIT-L --> Site =  163 ..  Bmem = 83.1 MB Rmem = 20.8 MB T = 0.83
 INIT-L --> Site =  164 ..  Bmem = 73.9 MB Rmem = 18.5 MB T = 0.68
 INIT-L --> Site =  165 ..  Bmem = 64.6 MB Rmem = 16.2 MB T = 0.54
 INIT-L --> Site =  166 ..  Bmem = 55.4 MB Rmem = 13.8 MB T = 0.42
 INIT-L --> Site =  167 ..  Bmem = 46.2 MB Rmem = 11.4 MB T = 0.31
 INIT-L --> Site =  168 ..  Bmem = 36.5 MB Rmem = 9.23 MB T = 0.22
Time init sweep =     2441.639 | MaxBmem =  535 MB | MaxRmem =  134 MB
 | Tread = 0.000 | Twrite = 32.285 | Tfpread = 0.000 | Tfpwrite = 20.113 | data = 14.7 GB | cpsd = 10.9 GB | Tasync = 0.000


Sweep =    0 | Direction = backward | Bond dimension =   15 | Noise =  1.00e-04 | Dav threshold =  1.00e-10
 <-- Site =  168 .. Mmps =    2 Ndav =  15 E =   -120.9583651193 Error = 0.00e+00 FLOPS = 3.46e+09 Tdav = 0.01 T = 0.06
 <-- Site =  167 .. Mmps =    4 Ndav =  23 E =   -120.9755130949 Error = 0.00e+00 FLOPS = 3.65e+09 Tdav = 0.05 T = 0.17
 <-- Site =  166 .. Mmps =    8 Ndav =  27 E =   -120.9952005814 Error = 0.00e+00 FLOPS = 5.43e+09 Tdav = 0.10 T = 0.31
 <-- Site =  165 .. Mmps =   15 Ndav =  35 E =   -121.0245060185 Error = 1.98e-13 FLOPS = 6.28e+09 Tdav = 0.27 T = 0.54
 <-- Site =  164 .. Mmps =   15 Ndav =  29 E =   -121.0501833302 Error = 1.24e-08 FLOPS = 9.93e+09 Tdav = 0.32 T = 0.69
 <-- Site =  163 .. Mmps =   15 Ndav =  43 E =   -121.0827556567 Error = 1.68e-06 FLOPS = 7.01e+09 Tdav = 0.79 T = 1.28
 <-- Site =  162 .. Mmps =   15 Ndav =  35 E =   -121.1126793722 Error = 5.58e-06 FLOPS = 9.29e+09 Tdav = 0.55 T = 1.18
 <-- Site =  161 .. Mmps =   15 Ndav =  39 E =   -121.1304206622 Error = 1.47e-05 FLOPS = 8.79e+09 Tdav = 0.73 T = 1.50
 <-- Site =  160 .. Mmps =   15 Ndav =  35 E =   -121.1428216333 Error = 9.87e-06 FLOPS = 1.01e+10 Tdav = 0.64 T = 1.56
 <-- Site =  159 .. Mmps =   15 Ndav =  36 E =   -121.1497730421 Error = 2.31e-05 FLOPS = 1.02e+10 Tdav = 0.71 T = 1.82
 <-- Site =  158 .. Mmps =   15 Ndav =  29 E =   -121.1571407801 Error = 1.70e-05 FLOPS = 1.22e+10 Tdav = 0.53 T = 1.80
 <-- Site =  157 .. Mmps =   15 Ndav =  27 E =   -121.1590271258 Error = 1.50e-05 FLOPS = 1.29e+10 Tdav = 0.50 T = 1.98
 <-- Site =  156 .. Mmps =   15 Ndav =  27 E =   -121.1675038275 Error = 2.55e-05 FLOPS = 1.31e+10 Tdav = 0.53 T = 2.23
 <-- Site =  155 .. Mmps =   15 Ndav =  28 E =   -121.1689527534 Error = 2.92e-06 FLOPS = 1.29e+10 Tdav = 0.60 T = 2.53
 <-- Site =  154 .. Mmps =   15 Ndav =  28 E =   -121.1786341449 Error = 4.85e-06 FLOPS = 1.33e+10 Tdav = 0.62 T = 2.81
 <-- Site =  153 .. Mmps =   15 Ndav =  35 E =   -121.1873362181 Error = 1.20e-06 FLOPS = 1.21e+10 Tdav = 0.91 T = 3.37
 <-- Site =  152 .. Mmps =   15 Ndav =  28 E =   -121.1933033611 Error = 2.19e-06 FLOPS = 1.37e+10 Tdav = 0.68 T = 3.41
 <-- Site =  151 .. Mmps =   15 Ndav =  33 E =   -121.1973654157 Error = 1.18e-06 FLOPS = 1.29e+10 Tdav = 0.90 T = 3.93
 <-- Site =  150 .. Mmps =   15 Ndav =  27 E =   -121.2011367968 Error = 2.01e-06 FLOPS = 1.42e+10 Tdav = 0.70 T = 4.04
 <-- Site =  149 .. Mmps =   15 Ndav =  31 E =   -121.2049316261 Error = 1.10e-06 FLOPS = 1.36e+10 Tdav = 0.88 T = 4.55
 <-- Site =  148 .. Mmps =   15 Ndav =  30 E =   -121.2106986526 Error = 1.93e-06 FLOPS = 1.39e+10 Tdav = 0.87 T = 4.92
 <-- Site =  147 .. Mmps =   15 Ndav =  32 E =   -121.2143952614 Error = 1.21e-06 FLOPS = 1.37e+10 Tdav = 0.99 T = 5.37
 <-- Site =  146 .. Mmps =   15 Ndav =  35 E =   -121.2220421734 Error = 1.97e-06 FLOPS = 1.33e+10 Tdav = 1.16 T = 5.91
 <-- Site =  145 .. Mmps =   15 Ndav =  34 E =   -121.2256903842 Error = 1.05e-06 FLOPS = 1.36e+10 Tdav = 1.15 T = 6.29
 <-- Site =  144 .. Mmps =   15 Ndav =  31 E =   -121.2289330158 Error = 4.03e-06 FLOPS = 1.43e+10 Tdav = 1.04 T = 6.57
 <-- Site =  143 .. Mmps =   15 Ndav =  31 E =   -121.2307749820 Error = 2.49e-06 FLOPS = 1.43e+10 Tdav = 1.07 T = 7.03
 <-- Site =  142 .. Mmps =   15 Ndav =  31 E =   -121.2322628717 Error = 4.32e-05 FLOPS = 1.45e+10 Tdav = 1.10 T = 7.55
 <-- Site =  141 .. Mmps =   15 Ndav =  29 E =   -121.2322934620 Error = 4.49e-06 FLOPS = 1.47e+10 Tdav = 1.05 T = 7.93
 <-- Site =  140 .. Mmps =   15 Ndav =  30 E =   -121.2339049960 Error = 1.56e-05 FLOPS = 1.48e+10 Tdav = 1.12 T = 8.44
 <-- Site =  139 .. Mmps =   15 Ndav =  28 E =   -121.2355756484 Error = 1.30e-06 FLOPS = 1.51e+10 Tdav = 1.05 T = 8.86
 <-- Site =  138 .. Mmps =   15 Ndav =  32 E =   -121.2379345044 Error = 1.31e-05 FLOPS = 1.47e+10 Tdav = 1.28 T = 9.56
 <-- Site =  137 .. Mmps =   15 Ndav =  30 E =   -121.2390603447 Error = 3.12e-06 FLOPS = 1.50e+10 Tdav = 1.21 T = 10.02
 <-- Site =  136 .. Mmps =   15 Ndav =  34 E =   -121.2417654741 Error = 2.13e-05 FLOPS = 1.46e+10 Tdav = 1.46 T = 10.83
 <-- Site =  135 .. Mmps =   15 Ndav =  31 E =   -121.2429604532 Error = 2.87e-06 FLOPS = 1.50e+10 Tdav = 1.33 T = 11.24
 <-- Site =  134 .. Mmps =   15 Ndav =  34 E =   -121.2463613825 Error = 2.49e-05 FLOPS = 1.47e+10 Tdav = 1.54 T = 12.03
 <-- Site =  133 .. Mmps =   15 Ndav =  32 E =   -121.2482684761 Error = 8.20e-06 FLOPS = 1.49e+10 Tdav = 1.47 T = 12.54
 <-- Site =  132 .. Mmps =   15 Ndav =  37 E =   -121.2510530049 Error = 3.34e-05 FLOPS = 1.44e+10 Tdav = 1.79 T = 13.56
 <-- Site =  131 .. Mmps =   15 Ndav =  34 E =   -121.2524270776 Error = 1.95e-06 FLOPS = 1.49e+10 Tdav = 1.64 T = 13.89
 <-- Site =  130 .. Mmps =   15 Ndav =  39 E =   -121.2558062809 Error = 9.56e-05 FLOPS = 1.43e+10 Tdav = 2.00 T = 14.82
 <-- Site =  129 .. Mmps =   15 Ndav =  38 E =   -121.2641499339 Error = 1.30e-05 FLOPS = 1.45e+10 Tdav = 1.97 T = 15.40
 <-- Site =  128 .. Mmps =   15 Ndav =  36 E =   -121.2669874792 Error = 1.90e-05 FLOPS = 1.48e+10 Tdav = 1.88 T = 15.97
 <-- Site =  127 .. Mmps =   15 Ndav =  33 E =   -121.2704532328 Error = 2.64e-07 FLOPS = 1.52e+10 Tdav = 1.71 T = 16.47
 <-- Site =  126 .. Mmps =   15 Ndav =  28 E =   -121.2725722591 Error = 1.22e-05 FLOPS = 1.59e+10 Tdav = 1.43 T = 16.87
 <-- Site =  125 .. Mmps =   15 Ndav =  32 E =   -121.2758837669 Error = 4.61e-07 FLOPS = 1.55e+10 Tdav = 1.71 T = 17.52
 <-- Site =  124 .. Mmps =   15 Ndav =  29 E =   -121.2780704692 Error = 7.02e-06 FLOPS = 1.58e+10 Tdav = 1.52 T = 17.62
 <-- Site =  123 .. Mmps =   15 Ndav =  33 E =   -121.2809747290 Error = 7.55e-06 FLOPS = 1.53e+10 Tdav = 1.82 T = 18.39
 <-- Site =  122 .. Mmps =   15 Ndav =  33 E =   -121.2848223636 Error = 1.05e-05 FLOPS = 1.54e+10 Tdav = 1.82 T = 18.65
 <-- Site =  121 .. Mmps =   15 Ndav =  33 E =   -121.2878394500 Error = 4.63e-07 FLOPS = 1.54e+10 Tdav = 1.85 T = 19.08
 <-- Site =  120 .. Mmps =   15 Ndav =  33 E =   -121.2905062130 Error = 6.72e-06 FLOPS = 1.55e+10 Tdav = 1.85 T = 19.42
 <-- Site =  119 .. Mmps =   15 Ndav =  29 E =   -121.2951568761 Error = 1.74e-06 FLOPS = 1.59e+10 Tdav = 1.61 T = 20.06
 <-- Site =  118 .. Mmps =   15 Ndav =  29 E =   -121.2979338486 Error = 2.49e-05 FLOPS = 1.59e+10 Tdav = 1.64 T = 20.44
 <-- Site =  117 .. Mmps =   15 Ndav =  26 E =   -121.2998071858 Error = 1.87e-06 FLOPS = 1.62e+10 Tdav = 1.45 T = 20.61
 <-- Site =  116 .. Mmps =   15 Ndav =  30 E =   -121.3009476461 Error = 1.22e-05 FLOPS = 1.59e+10 Tdav = 1.74 T = 21.61
 <-- Site =  115 .. Mmps =   15 Ndav =  27 E =   -121.3042375288 Error = 1.38e-05 FLOPS = 1.62e+10 Tdav = 1.56 T = 21.88
 <-- Site =  114 .. Mmps =   15 Ndav =  32 E =   -121.3057624743 Error = 8.03e-06 FLOPS = 1.57e+10 Tdav = 1.92 T = 22.22
 <-- Site =  113 .. Mmps =   15 Ndav =  28 E =   -121.3075103572 Error = 7.63e-06 FLOPS = 1.61e+10 Tdav = 1.63 T = 22.29
 <-- Site =  112 .. Mmps =   15 Ndav =  26 E =   -121.3085136654 Error = 1.42e-06 FLOPS = 1.63e+10 Tdav = 1.52 T = 22.61
 <-- Site =  111 .. Mmps =   15 Ndav =  22 E =   -121.3097257114 Error = 8.44e-06 FLOPS = 1.65e+10 Tdav = 1.27 T = 22.34
 <-- Site =  110 .. Mmps =   15 Ndav =  26 E =   -121.3108976449 Error = 1.25e-06 FLOPS = 1.63e+10 Tdav = 1.53 T = 22.75
 <-- Site =  109 .. Mmps =   15 Ndav =  23 E =   -121.3124288947 Error = 8.98e-06 FLOPS = 1.66e+10 Tdav = 1.33 T = 22.94
 <-- Site =  108 .. Mmps =   15 Ndav =  25 E =   -121.3131540019 Error = 2.57e-06 FLOPS = 1.64e+10 Tdav = 1.48 T = 23.40
 <-- Site =  107 .. Mmps =   15 Ndav =  25 E =   -121.3152376102 Error = 1.52e-05 FLOPS = 1.63e+10 Tdav = 1.49 T = 23.97
 <-- Site =  106 .. Mmps =   15 Ndav =  28 E =   -121.3183167747 Error = 2.34e-06 FLOPS = 1.62e+10 Tdav = 1.72 T = 24.40
 <-- Site =  105 .. Mmps =   15 Ndav =  33 E =   -121.3269927182 Error = 1.72e-05 FLOPS = 1.57e+10 Tdav = 2.09 T = 24.79
 <-- Site =  104 .. Mmps =   15 Ndav =  31 E =   -121.3318414671 Error = 1.19e-05 FLOPS = 1.59e+10 Tdav = 1.94 T = 24.65
 <-- Site =  103 .. Mmps =   15 Ndav =  30 E =   -121.3345075077 Error = 2.81e-05 FLOPS = 1.60e+10 Tdav = 1.86 T = 25.05
 <-- Site =  102 .. Mmps =   15 Ndav =  28 E =   -121.3385054223 Error = 8.48e-07 FLOPS = 1.61e+10 Tdav = 1.76 T = 25.38
 <-- Site =  101 .. Mmps =   15 Ndav =  29 E =   -121.3420936082 Error = 1.06e-05 FLOPS = 1.61e+10 Tdav = 1.82 T = 25.61
 <-- Site =  100 .. Mmps =   15 Ndav =  26 E =   -121.3445155118 Error = 2.00e-06 FLOPS = 1.64e+10 Tdav = 1.60 T = 25.76
 <-- Site =   99 .. Mmps =   15 Ndav =  27 E =   -121.3471644660 Error = 5.68e-06 FLOPS = 1.64e+10 Tdav = 1.70 T = 25.68
 <-- Site =   98 .. Mmps =   15 Ndav =  25 E =   -121.3507495721 Error = 2.35e-06 FLOPS = 1.64e+10 Tdav = 1.54 T = 25.29
 <-- Site =   97 .. Mmps =   15 Ndav =  26 E =   -121.3548606156 Error = 1.23e-05 FLOPS = 1.63e+10 Tdav = 1.61 T = 25.28
 <-- Site =   96 .. Mmps =   15 Ndav =  26 E =   -121.3585544318 Error = 2.26e-06 FLOPS = 1.64e+10 Tdav = 1.60 T = 25.35
 <-- Site =   95 .. Mmps =   15 Ndav =  27 E =   -121.3615566046 Error = 1.46e-05 FLOPS = 1.63e+10 Tdav = 1.68 T = 25.70
 <-- Site =   94 .. Mmps =   15 Ndav =  26 E =   -121.3645314381 Error = 3.19e-06 FLOPS = 1.63e+10 Tdav = 1.64 T = 26.13
 <-- Site =   93 .. Mmps =   15 Ndav =  27 E =   -121.3669054888 Error = 1.76e-05 FLOPS = 1.63e+10 Tdav = 1.70 T = 26.31
 <-- Site =   92 .. Mmps =   15 Ndav =  27 E =   -121.3691354720 Error = 6.53e-06 FLOPS = 1.63e+10 Tdav = 1.70 T = 26.10
 <-- Site =   91 .. Mmps =   15 Ndav =  32 E =   -121.3707586152 Error = 2.14e-05 FLOPS = 1.59e+10 Tdav = 2.08 T = 26.57
 <-- Site =   90 .. Mmps =   15 Ndav =  34 E =   -121.3726779244 Error = 2.82e-05 FLOPS = 1.56e+10 Tdav = 2.24 T = 26.91
 <-- Site =   89 .. Mmps =   15 Ndav =  31 E =   -121.3736988137 Error = 4.89e-06 FLOPS = 1.59e+10 Tdav = 2.01 T = 26.74
 <-- Site =   88 .. Mmps =   15 Ndav =  32 E =   -121.3762622175 Error = 7.95e-06 FLOPS = 1.58e+10 Tdav = 2.08 T = 26.70
 <-- Site =   87 .. Mmps =   15 Ndav =  28 E =   -121.3770557932 Error = 7.09e-06 FLOPS = 1.62e+10 Tdav = 1.78 T = 26.72
 <-- Site =   86 .. Mmps =   15 Ndav =  29 E =   -121.3786227467 Error = 2.19e-05 FLOPS = 1.62e+10 Tdav = 1.88 T = 26.84
 <-- Site =   85 .. Mmps =   15 Ndav =  29 E =   -121.3796956776 Error = 1.22e-06 FLOPS = 1.62e+10 Tdav = 1.85 T = 26.36
 <-- Site =   84 .. Mmps =   15 Ndav =  28 E =   -121.3823173943 Error = 2.19e-05 FLOPS = 1.62e+10 Tdav = 1.78 T = 26.40
 <-- Site =   83 .. Mmps =   15 Ndav =  27 E =   -121.3832081895 Error = 1.36e-06 FLOPS = 1.62e+10 Tdav = 1.71 T = 25.81
 <-- Site =   82 .. Mmps =   15 Ndav =  30 E =   -121.3850718157 Error = 2.63e-05 FLOPS = 1.60e+10 Tdav = 1.90 T = 26.10
 <-- Site =   81 .. Mmps =   15 Ndav =  33 E =   -121.3868528407 Error = 3.34e-06 FLOPS = 1.58e+10 Tdav = 2.15 T = 26.74
 <-- Site =   80 .. Mmps =   15 Ndav =  35 E =   -121.3914626515 Error = 8.33e-06 FLOPS = 1.56e+10 Tdav = 2.31 T = 26.82
 <-- Site =   79 .. Mmps =   15 Ndav =  35 E =   -121.3967006992 Error = 1.24e-06 FLOPS = 1.56e+10 Tdav = 2.31 T = 26.90
 <-- Site =   78 .. Mmps =   15 Ndav =  38 E =   -121.4074894974 Error = 2.30e-05 FLOPS = 1.53e+10 Tdav = 2.56 T = 27.27
 <-- Site =   77 .. Mmps =   15 Ndav =  36 E =   -121.4146573282 Error = 7.22e-06 FLOPS = 1.55e+10 Tdav = 2.40 T = 27.09
 <-- Site =   76 .. Mmps =   15 Ndav =  34 E =   -121.4210697618 Error = 8.39e-06 FLOPS = 1.57e+10 Tdav = 2.23 T = 26.86
 <-- Site =   75 .. Mmps =   15 Ndav =  32 E =   -121.4269552985 Error = 5.02e-07 FLOPS = 1.59e+10 Tdav = 2.08 T = 26.60
 <-- Site =   74 .. Mmps =   15 Ndav =  33 E =   -121.4310561452 Error = 6.44e-06 FLOPS = 1.58e+10 Tdav = 2.16 T = 26.82
 <-- Site =   73 .. Mmps =   15 Ndav =  27 E =   -121.4353770025 Error = 2.31e-06 FLOPS = 1.63e+10 Tdav = 1.71 T = 26.24
 <-- Site =   72 .. Mmps =   15 Ndav =  31 E =   -121.4392177011 Error = 8.82e-06 FLOPS = 1.60e+10 Tdav = 2.00 T = 26.16
 <-- Site =   71 .. Mmps =   15 Ndav =  32 E =   -121.4436814528 Error = 2.05e-06 FLOPS = 1.58e+10 Tdav = 2.04 T = 25.84
 <-- Site =   70 .. Mmps =   15 Ndav =  33 E =   -121.4475671389 Error = 1.08e-05 FLOPS = 1.57e+10 Tdav = 2.12 T = 25.87
 <-- Site =   69 .. Mmps =   15 Ndav =  33 E =   -121.4516017629 Error = 2.31e-06 FLOPS = 1.57e+10 Tdav = 2.12 T = 26.25
 <-- Site =   68 .. Mmps =   15 Ndav =  30 E =   -121.4537217575 Error = 1.53e-05 FLOPS = 1.61e+10 Tdav = 1.92 T = 26.58
 <-- Site =   67 .. Mmps =   15 Ndav =  29 E =   -121.4572444289 Error = 2.27e-06 FLOPS = 1.61e+10 Tdav = 1.86 T = 25.98
 <-- Site =   66 .. Mmps =   15 Ndav =  26 E =   -121.4598169935 Error = 1.93e-05 FLOPS = 1.64e+10 Tdav = 1.61 T = 25.25
 <-- Site =   65 .. Mmps =   15 Ndav =  26 E =   -121.4618604307 Error = 2.06e-06 FLOPS = 1.64e+10 Tdav = 1.61 T = 25.36
 <-- Site =   64 .. Mmps =   15 Ndav =  29 E =   -121.4632455684 Error = 1.40e-05 FLOPS = 1.61e+10 Tdav = 1.82 T = 25.18
 <-- Site =   63 .. Mmps =   15 Ndav =  26 E =   -121.4660008637 Error = 1.22e-05 FLOPS = 1.64e+10 Tdav = 1.58 T = 24.32
 <-- Site =   62 .. Mmps =   15 Ndav =  35 E =   -121.4670758880 Error = 8.71e-06 FLOPS = 1.54e+10 Tdav = 2.26 T = 25.18
 <-- Site =   61 .. Mmps =   15 Ndav =  26 E =   -121.4702953745 Error = 8.42e-06 FLOPS = 1.64e+10 Tdav = 1.58 T = 24.02
 <-- Site =   60 .. Mmps =   15 Ndav =  26 E =   -121.4715724785 Error = 1.79e-06 FLOPS = 1.63e+10 Tdav = 1.55 T = 24.05
 <-- Site =   59 .. Mmps =   15 Ndav =  26 E =   -121.4745353219 Error = 9.78e-06 FLOPS = 1.64e+10 Tdav = 1.58 T = 24.11
 <-- Site =   58 .. Mmps =   15 Ndav =  27 E =   -121.4755766554 Error = 1.55e-06 FLOPS = 1.63e+10 Tdav = 1.62 T = 23.05
 <-- Site =   57 .. Mmps =   15 Ndav =  24 E =   -121.4790102684 Error = 9.29e-06 FLOPS = 1.64e+10 Tdav = 1.40 T = 22.75
 <-- Site =   56 .. Mmps =   15 Ndav =  26 E =   -121.4811783546 Error = 3.50e-06 FLOPS = 1.63e+10 Tdav = 1.53 T = 22.87
 <-- Site =   55 .. Mmps =   15 Ndav =  29 E =   -121.4873887558 Error = 1.62e-05 FLOPS = 1.60e+10 Tdav = 1.73 T = 23.01
 <-- Site =   54 .. Mmps =   15 Ndav =  28 E =   -121.4940266817 Error = 2.08e-06 FLOPS = 1.61e+10 Tdav = 1.66 T = 22.54
 <-- Site =   53 .. Mmps =   15 Ndav =  32 E =   -121.5021655483 Error = 1.95e-05 FLOPS = 1.57e+10 Tdav = 1.91 T = 22.42
 <-- Site =   52 .. Mmps =   15 Ndav =  32 E =   -121.5092779051 Error = 1.13e-05 FLOPS = 1.57e+10 Tdav = 1.91 T = 22.04
 <-- Site =   51 .. Mmps =   15 Ndav =  30 E =   -121.5131437948 Error = 2.47e-05 FLOPS = 1.58e+10 Tdav = 1.75 T = 21.11
 <-- Site =   50 .. Mmps =   15 Ndav =  29 E =   -121.5217632613 Error = 7.98e-07 FLOPS = 1.59e+10 Tdav = 1.64 T = 20.64
 <-- Site =   49 .. Mmps =   15 Ndav =  28 E =   -121.5295070228 Error = 6.56e-06 FLOPS = 1.61e+10 Tdav = 1.57 T = 19.95
 <-- Site =   48 .. Mmps =   15 Ndav =  26 E =   -121.5335576667 Error = 4.08e-07 FLOPS = 1.62e+10 Tdav = 1.42 T = 19.11
 <-- Site =   47 .. Mmps =   15 Ndav =  26 E =   -121.5388350416 Error = 1.37e-05 FLOPS = 1.61e+10 Tdav = 1.39 T = 18.94
 <-- Site =   46 .. Mmps =   15 Ndav =  26 E =   -121.5441917637 Error = 6.40e-06 FLOPS = 1.61e+10 Tdav = 1.40 T = 18.48
 <-- Site =   45 .. Mmps =   15 Ndav =  26 E =   -121.5496089834 Error = 1.87e-05 FLOPS = 1.62e+10 Tdav = 1.36 T = 18.04
 <-- Site =   44 .. Mmps =   15 Ndav =  27 E =   -121.5566771197 Error = 7.69e-06 FLOPS = 1.60e+10 Tdav = 1.43 T = 17.79
 <-- Site =   43 .. Mmps =   15 Ndav =  29 E =   -121.5594344027 Error = 3.26e-05 FLOPS = 1.58e+10 Tdav = 1.52 T = 17.60
 <-- Site =   42 .. Mmps =   15 Ndav =  30 E =   -121.5668326895 Error = 3.16e-06 FLOPS = 1.57e+10 Tdav = 1.58 T = 17.25
 <-- Site =   41 .. Mmps =   15 Ndav =  31 E =   -121.5705349141 Error = 3.84e-05 FLOPS = 1.56e+10 Tdav = 1.61 T = 16.63
 <-- Site =   40 .. Mmps =   15 Ndav =  28 E =   -121.5735587660 Error = 5.54e-06 FLOPS = 1.58e+10 Tdav = 1.40 T = 15.59
 <-- Site =   39 .. Mmps =   15 Ndav =  29 E =   -121.5765522184 Error = 4.48e-05 FLOPS = 1.56e+10 Tdav = 1.44 T = 15.01
 <-- Site =   38 .. Mmps =   15 Ndav =  30 E =   -121.5811772835 Error = 2.58e-05 FLOPS = 1.55e+10 Tdav = 1.46 T = 14.46
 <-- Site =   37 .. Mmps =   15 Ndav =  30 E =   -121.5844275710 Error = 5.47e-06 FLOPS = 1.55e+10 Tdav = 1.43 T = 13.83
 <-- Site =   36 .. Mmps =   15 Ndav =  31 E =   -121.5890044240 Error = 1.72e-05 FLOPS = 1.53e+10 Tdav = 1.46 T = 13.20
 <-- Site =   35 .. Mmps =   15 Ndav =  28 E =   -121.5913873638 Error = 9.39e-06 FLOPS = 1.56e+10 Tdav = 1.25 T = 12.37
 <-- Site =   34 .. Mmps =   15 Ndav =  33 E =   -121.5943766381 Error = 2.26e-05 FLOPS = 1.49e+10 Tdav = 1.51 T = 12.13
 <-- Site =   33 .. Mmps =   15 Ndav =  31 E =   -121.5970337878 Error = 9.88e-06 FLOPS = 1.51e+10 Tdav = 1.36 T = 11.42
 <-- Site =   32 .. Mmps =   15 Ndav =  35 E =   -121.6005115588 Error = 2.30e-05 FLOPS = 1.45e+10 Tdav = 1.56 T = 11.07
 <-- Site =   31 .. Mmps =   15 Ndav =  34 E =   -121.6025768085 Error = 1.01e-05 FLOPS = 1.45e+10 Tdav = 1.46 T = 10.44
 <-- Site =   30 .. Mmps =   15 Ndav =  39 E =   -121.6090443528 Error = 2.10e-05 FLOPS = 1.37e+10 Tdav = 1.73 T = 10.23
 <-- Site =   29 .. Mmps =   15 Ndav =  36 E =   -121.6115535387 Error = 1.21e-05 FLOPS = 1.41e+10 Tdav = 1.50 T = 9.42
 <-- Site =   28 .. Mmps =   15 Ndav =  40 E =   -121.6159044418 Error = 2.86e-05 FLOPS = 1.34e+10 Tdav = 1.70 T = 9.20
 <-- Site =   27 .. Mmps =   15 Ndav =  38 E =   -121.6176295192 Error = 8.38e-07 FLOPS = 1.36e+10 Tdav = 1.54 T = 8.54
 <-- Site =   26 .. Mmps =   15 Ndav =  40 E =   -121.6210411336 Error = 5.15e-06 FLOPS = 1.32e+10 Tdav = 1.62 T = 8.20
 <-- Site =   25 .. Mmps =   15 Ndav =  38 E =   -121.6232915694 Error = 3.11e-06 FLOPS = 1.34e+10 Tdav = 1.46 T = 7.61
 <-- Site =   24 .. Mmps =   15 Ndav =  39 E =   -121.6263420199 Error = 4.25e-06 FLOPS = 1.31e+10 Tdav = 1.48 T = 7.13
 <-- Site =   23 .. Mmps =   15 Ndav =  37 E =   -121.6282042911 Error = 1.39e-06 FLOPS = 1.33e+10 Tdav = 1.33 T = 6.69
 <-- Site =   22 .. Mmps =   15 Ndav =  38 E =   -121.6309443153 Error = 9.18e-06 FLOPS = 1.30e+10 Tdav = 1.35 T = 6.23
 <-- Site =   21 .. Mmps =   15 Ndav =  33 E =   -121.6337220922 Error = 2.59e-06 FLOPS = 1.37e+10 Tdav = 1.07 T = 5.56
 <-- Site =   20 .. Mmps =   15 Ndav =  36 E =   -121.6358335337 Error = 8.40e-06 FLOPS = 1.30e+10 Tdav = 1.17 T = 5.18
 <-- Site =   19 .. Mmps =   15 Ndav =  32 E =   -121.6380423082 Error = 3.16e-06 FLOPS = 1.36e+10 Tdav = 0.96 T = 4.76
 <-- Site =   18 .. Mmps =   15 Ndav =  31 E =   -121.6397613603 Error = 9.99e-06 FLOPS = 1.36e+10 Tdav = 0.88 T = 4.32
 <-- Site =   17 .. Mmps =   15 Ndav =  29 E =   -121.6412003335 Error = 4.30e-06 FLOPS = 1.38e+10 Tdav = 0.77 T = 3.88
 <-- Site =   16 .. Mmps =   15 Ndav =  29 E =   -121.6424987789 Error = 9.38e-06 FLOPS = 1.36e+10 Tdav = 0.74 T = 3.49
 <-- Site =   15 .. Mmps =   15 Ndav =  25 E =   -121.6431832359 Error = 9.20e-07 FLOPS = 1.43e+10 Tdav = 0.58 T = 3.12
 <-- Site =   14 .. Mmps =   15 Ndav =  24 E =   -121.6439421617 Error = 7.14e-06 FLOPS = 1.43e+10 Tdav = 0.52 T = 2.78
 <-- Site =   13 .. Mmps =   15 Ndav =  24 E =   -121.6440382094 Error = 1.03e-06 FLOPS = 1.42e+10 Tdav = 0.50 T = 2.49
 <-- Site =   12 .. Mmps =   15 Ndav =  19 E =   -121.6441109034 Error = 2.14e-05 FLOPS = 1.50e+10 Tdav = 0.35 T = 2.13
 <-- Site =   11 .. Mmps =   15 Ndav =  26 E =   -121.6440104082 Error = 6.74e-07 FLOPS = 1.34e+10 Tdav = 0.50 T = 2.04
 <-- Site =   10 .. Mmps =   15 Ndav =  15 E =   -121.6440039836 Error = 1.38e-05 FLOPS = 1.57e+10 Tdav = 0.23 T = 1.55
 <-- Site =    9 .. Mmps =   15 Ndav =  27 E =   -121.6438658969 Error = 3.73e-07 FLOPS = 1.22e+10 Tdav = 0.42 T = 1.40
 <-- Site =    8 .. Mmps =   15 Ndav =  13 E =   -121.6438575725 Error = 1.45e-06 FLOPS = 1.84e+10 Tdav = 0.03 T = 0.27
 <-- Site =    7 .. Mmps =   15 Ndav =  22 E =   -121.6438404673 Error = 1.08e-07 FLOPS = 1.14e+10 Tdav = 0.02 T = 0.11
 <-- Site =    6 .. Mmps =   15 Ndav =  10 E =   -121.6438393636 Error = 1.34e-08 FLOPS = 1.34e+10 Tdav = 0.00 T = 0.04
 <-- Site =    5 .. Mmps =   15 Ndav =   9 E =   -121.6438391781 Error = 6.56e-10 FLOPS = 8.06e+09 Tdav = 0.00 T = 0.03
 <-- Site =    4 .. Mmps =   15 Ndav =   3 E =   -121.6438391548 Error = 3.30e-14 FLOPS = 3.82e+09 Tdav = 0.00 T = 0.03
 <-- Site =    3 .. Mmps =   15 Ndav =   1 E =   -121.6438391548 Error = 6.29e-26 FLOPS = 1.11e+09 Tdav = 0.00 T = 0.03
 <-- Site =    2 .. Mmps =   15 Ndav =   1 E =   -121.6438391548 Error = 1.70e-41 FLOPS = 2.66e+08 Tdav = 0.00 T = 0.03
 <-- Site =    1 .. Mmps =   15 Ndav =   1 E =   -121.6438391548 Error = 1.10e-55 FLOPS = 1.47e+08 Tdav = 0.00 T = 0.03
 <-- Site =    0 .. Mmps =   15 Ndav =   1 E =   -121.6438391548 Error = 2.21e-87 FLOPS = 4.79e+07 Tdav = 0.00 T = 0.02
Time elapsed =   2532.056 | E =    -121.6441109034 | DW = 9.56426e-05
Time sweep =     2532.056 | 3.19 TFLOP/SWP
 | Dmem = 134 MB (0%) | Imem = 232 B (79%) | Hmem = 526 MB | Wmem = 129 KB | Pmem = 129 KB
 | Tread = 71.566 | Twrite = 1.128 | Tfpread = 70.201 | Tfpwrite = 0.017 | Tmporead = 0.000 | Tasync = 0.000
 | data = 11.3 MB | cpsd = 7.43 MB
 | Trot = 0.024 | Tctr = 0.444 | Tint = 0.025 | Tmid = 0.000 | Tdctr = 0.014 | Tdiag = 0.399 | Tinfo = 0.202
 | Teff = 2291.641 | Tprt = 1.151 | Teig = 229.166 | Tblk = 2528.720 | Tmve = 3.326 | Tdm = 0.011 | Tsplt = 0.024 | Tsvd = 0.000 | Torth = 0.000

Sweep =    1 | Direction =  forward | Bond dimension =   15 | Noise =  1.00e-04 | Dav threshold =  1.00e-10
 --> Site =    0 .. Mmps =    2 Ndav =   1 E =   -121.6438391548 Error = 0.00e+00 FLOPS = 6.98e+07 Tdav = 0.00 T = 0.02
 --> Site =    1 .. Mmps =    4 Ndav =   1 E =   -121.6438391548 Error = 0.00e+00 FLOPS = 1.20e+08 Tdav = 0.00 T = 0.02
 --> Site =    2 .. Mmps =    8 Ndav =   1 E =   -121.6438391548 Error = 0.00e+00 FLOPS = 2.82e+08 Tdav = 0.00 T = 0.02
 --> Site =    3 .. Mmps =   15 Ndav =   1 E =   -121.6438391548 Error = 1.82e-24 FLOPS = 8.75e+08 Tdav = 0.00 T = 0.02
 --> Site =    4 .. Mmps =   15 Ndav =   1 E =   -121.6438391548 Error = 3.64e-20 FLOPS = 2.00e+09 Tdav = 0.00 T = 0.02
 --> Site =    5 .. Mmps =   15 Ndav =   6 E =   -121.6438391572 Error = 2.53e-19 FLOPS = 3.94e+09 Tdav = 0.00 T = 0.04
 --> Site =    6 .. Mmps =   15 Ndav =   7 E =   -121.6438391672 Error = 6.15e-20 FLOPS = 4.15e+09 Tdav = 0.00 T = 0.03
 --> Site =    7 .. Mmps =   15 Ndav =  11 E =   -121.6438393423 Error = 1.39e-18 FLOPS = 3.83e+09 Tdav = 0.00 T = 0.02
 --> Site =    8 .. Mmps =   15 Ndav =   9 E =   -121.6438429273 Error = 1.00e-19 FLOPS = 4.43e+09 Tdav = 0.00 T = 0.02
 --> Site =    9 .. Mmps =   15 Ndav =  13 E =   -121.6438435583 Error = 9.76e-19 FLOPS = 3.86e+09 Tdav = 0.00 T = 0.03
 --> Site =   10 .. Mmps =   15 Ndav =  11 E =   -121.6438638369 Error = 5.62e-19 FLOPS = 4.48e+09 Tdav = 0.00 T = 0.03
 --> Site =   11 .. Mmps =   15 Ndav =  11 E =   -121.6438651642 Error = 1.18e-19 FLOPS = 4.71e+09 Tdav = 0.00 T = 0.02
 --> Site =   12 .. Mmps =   15 Ndav =  11 E =   -121.6439030476 Error = 1.09e-18 FLOPS = 4.91e+09 Tdav = 0.00 T = 0.03
 --> Site =   13 .. Mmps =   15 Ndav =   9 E =   -121.6439046404 Error = 2.05e-18 FLOPS = 5.47e+09 Tdav = 0.00 T = 0.03
 --> Site =   14 .. Mmps =   15 Ndav =  11 E =   -121.6439156552 Error = 4.18e-19 FLOPS = 5.33e+09 Tdav = 0.00 T = 0.03
 --> Site =   15 .. Mmps =   15 Ndav =  12 E =   -121.6439174993 Error = 1.54e-18 FLOPS = 5.22e+09 Tdav = 0.00 T = 0.03
 --> Site =   16 .. Mmps =   15 Ndav =  11 E =   -121.6439294308 Error = 6.49e-19 FLOPS = 5.58e+09 Tdav = 0.00 T = 0.03
 --> Site =   17 .. Mmps =   15 Ndav =  14 E =   -121.6439359718 Error = 2.60e-19 FLOPS = 5.06e+09 Tdav = 0.00 T = 0.03
 --> Site =   18 .. Mmps =   15 Ndav =  12 E =   -121.6439473131 Error = 1.23e-18 FLOPS = 5.67e+09 Tdav = 0.00 T = 0.03
 --> Site =   19 .. Mmps =   15 Ndav =  13 E =   -121.6439499862 Error = 8.39e-19 FLOPS = 5.57e+09 Tdav = 0.00 T = 0.03
 --> Site =   20 .. Mmps =   15 Ndav =  14 E =   -121.6439666648 Error = 3.31e-19 FLOPS = 5.48e+09 Tdav = 0.00 T = 0.03
 --> Site =   21 .. Mmps =   15 Ndav =  13 E =   -121.6439721566 Error = 2.76e-19 FLOPS = 5.84e+09 Tdav = 0.00 T = 0.03
 --> Site =   22 .. Mmps =   15 Ndav =  13 E =   -121.6439837004 Error = 2.02e-19 FLOPS = 5.97e+09 Tdav = 0.00 T = 0.03
 --> Site =   23 .. Mmps =   15 Ndav =  12 E =   -121.6439855077 Error = 6.67e-19 FLOPS = 6.30e+09 Tdav = 0.00 T = 0.04
 --> Site =   24 .. Mmps =   15 Ndav =  12 E =   -121.6439940351 Error = 3.15e-19 FLOPS = 6.41e+09 Tdav = 0.00 T = 0.05
 --> Site =   25 .. Mmps =   15 Ndav =  13 E =   -121.6439968588 Error = 1.77e-18 FLOPS = 6.27e+09 Tdav = 0.00 T = 0.03
 --> Site =   26 .. Mmps =   15 Ndav =  11 E =   -121.6440024350 Error = 1.02e-18 FLOPS = 6.92e+09 Tdav = 0.00 T = 0.03
 --> Site =   27 .. Mmps =   15 Ndav =  10 E =   -121.6440030425 Error = 5.56e-19 FLOPS = 7.15e+09 Tdav = 0.00 T = 0.03
 --> Site =   28 .. Mmps =   15 Ndav =  12 E =   -121.6440450552 Error = 1.86e-18 FLOPS = 6.87e+09 Tdav = 0.00 T = 0.03
 --> Site =   29 .. Mmps =   15 Ndav =  12 E =   -121.6440611250 Error = 5.76e-19 FLOPS = 7.01e+09 Tdav = 0.00 T = 0.04
 --> Site =   30 .. Mmps =   15 Ndav =  10 E =   -121.6440725432 Error = 5.73e-18 FLOPS = 7.47e+09 Tdav = 0.00 T = 0.03
 --> Site =   31 .. Mmps =   15 Ndav =  12 E =   -121.6440814660 Error = 4.77e-19 FLOPS = 7.13e+09 Tdav = 0.00 T = 0.03
 --> Site =   32 .. Mmps =   15 Ndav =  10 E =   -121.6440960207 Error = 2.21e-19 FLOPS = 7.60e+09 Tdav = 0.00 T = 0.03
 --> Site =   33 .. Mmps =   15 Ndav =  11 E =   -121.6441053405 Error = 2.90e-18 FLOPS = 7.50e+09 Tdav = 0.00 T = 0.04
 --> Site =   34 .. Mmps =   15 Ndav =  10 E =   -121.6441226077 Error = 3.05e-18 FLOPS = 7.75e+09 Tdav = 0.00 T = 0.05
 --> Site =   35 .. Mmps =   15 Ndav =  10 E =   -121.6441317315 Error = 1.81e-18 FLOPS = 7.84e+09 Tdav = 0.00 T = 0.06
 --> Site =   36 .. Mmps =   15 Ndav =  11 E =   -121.6441494510 Error = 2.14e-18 FLOPS = 7.69e+09 Tdav = 0.00 T = 0.04
 --> Site =   37 .. Mmps =   15 Ndav =  10 E =   -121.6441519323 Error = 3.17e-19 FLOPS = 7.98e+09 Tdav = 0.00 T = 0.04
 --> Site =   38 .. Mmps =   15 Ndav =  11 E =   -121.6441800307 Error = 3.98e-19 FLOPS = 7.81e+09 Tdav = 0.00 T = 0.04
 --> Site =   39 .. Mmps =   15 Ndav =  14 E =   -121.6442812761 Error = 5.21e-18 FLOPS = 7.21e+09 Tdav = 0.00 T = 0.04
 --> Site =   40 .. Mmps =   15 Ndav =  12 E =   -121.6442830068 Error = 2.75e-18 FLOPS = 7.65e+09 Tdav = 0.00 T = 0.04
 --> Site =   41 .. Mmps =   15 Ndav =  18 E =   -121.6443572533 Error = 7.43e-19 FLOPS = 6.50e+09 Tdav = 0.00 T = 0.04
 --> Site =   42 .. Mmps =   15 Ndav =   9 E =   -121.6443593780 Error = 7.68e-19 FLOPS = 8.28e+09 Tdav = 0.00 T = 0.04
 --> Site =   43 .. Mmps =   15 Ndav =  15 E =   -121.6443941591 Error = 1.79e-18 FLOPS = 7.21e+09 Tdav = 0.00 T = 0.05
 --> Site =   44 .. Mmps =   15 Ndav =   8 E =   -121.6443983339 Error = 1.45e-18 FLOPS = 8.41e+09 Tdav = 0.00 T = 0.04
 --> Site =   45 .. Mmps =   15 Ndav =  13 E =   -121.6444174440 Error = 6.21e-19 FLOPS = 7.64e+09 Tdav = 0.00 T = 0.04
 --> Site =   46 .. Mmps =   15 Ndav =  10 E =   -121.6444232413 Error = 1.50e-18 FLOPS = 8.36e+09 Tdav = 0.00 T = 0.05
 --> Site =   47 .. Mmps =   15 Ndav =  13 E =   -121.6444354389 Error = 4.37e-19 FLOPS = 7.81e+09 Tdav = 0.00 T = 0.04
 --> Site =   48 .. Mmps =   15 Ndav =   8 E =   -121.6444368929 Error = 2.45e-19 FLOPS = 8.65e+09 Tdav = 0.00 T = 0.04
 --> Site =   49 .. Mmps =   15 Ndav =  12 E =   -121.6444434605 Error = 1.21e-18 FLOPS = 8.01e+09 Tdav = 0.00 T = 0.05
 --> Site =   50 .. Mmps =   15 Ndav =   9 E =   -121.6444444167 Error = 4.76e-19 FLOPS = 8.55e+09 Tdav = 0.00 T = 0.05
 --> Site =   51 .. Mmps =   15 Ndav =  14 E =   -121.6445255018 Error = 2.20e-19 FLOPS = 7.70e+09 Tdav = 0.00 T = 0.04
 --> Site =   52 .. Mmps =   15 Ndav =  12 E =   -121.6445364893 Error = 7.98e-19 FLOPS = 8.18e+09 Tdav = 0.00 T = 0.05
 --> Site =   53 .. Mmps =   15 Ndav =  14 E =   -121.6445473536 Error = 1.74e-19 FLOPS = 7.76e+09 Tdav = 0.00 T = 0.05
 --> Site =   54 .. Mmps =   15 Ndav =  10 E =   -121.6445507523 Error = 2.44e-19 FLOPS = 8.55e+09 Tdav = 0.00 T = 0.05
 --> Site =   55 .. Mmps =   15 Ndav =  13 E =   -121.6445733449 Error = 5.85e-18 FLOPS = 8.03e+09 Tdav = 0.00 T = 0.05
 --> Site =   56 .. Mmps =   15 Ndav =  10 E =   -121.6445766894 Error = 1.06e-19 FLOPS = 8.61e+09 Tdav = 0.00 T = 0.05
 --> Site =   57 .. Mmps =   15 Ndav =  11 E =   -121.6445792757 Error = 1.12e-19 FLOPS = 8.41e+09 Tdav = 0.00 T = 0.06
 --> Site =   58 .. Mmps =   15 Ndav =  13 E =   -121.6445817331 Error = 1.73e-19 FLOPS = 7.99e+09 Tdav = 0.00 T = 0.05
 --> Site =   59 .. Mmps =   15 Ndav =  12 E =   -121.6445860117 Error = 2.86e-18 FLOPS = 8.26e+09 Tdav = 0.00 T = 0.06
 --> Site =   60 .. Mmps =   15 Ndav =  11 E =   -121.6445889126 Error = 9.58e-20 FLOPS = 8.41e+09 Tdav = 0.00 T = 0.05
 --> Site =   61 .. Mmps =   15 Ndav =  12 E =   -121.6446031951 Error = 3.59e-19 FLOPS = 8.27e+09 Tdav = 0.00 T = 0.07
 --> Site =   62 .. Mmps =   15 Ndav =  15 E =   -121.6446176124 Error = 1.47e-18 FLOPS = 7.67e+09 Tdav = 0.00 T = 0.07
 --> Site =   63 .. Mmps =   15 Ndav =  13 E =   -121.6446265426 Error = 4.64e-19 FLOPS = 8.15e+09 Tdav = 0.00 T = 0.06
 --> Site =   64 .. Mmps =   15 Ndav =  17 E =   -121.6446465498 Error = 1.02e-19 FLOPS = 7.33e+09 Tdav = 0.00 T = 0.05
 --> Site =   65 .. Mmps =   15 Ndav =  12 E =   -121.6446492141 Error = 4.51e-19 FLOPS = 8.31e+09 Tdav = 0.00 T = 0.05
 --> Site =   66 .. Mmps =   15 Ndav =  14 E =   -121.6447060433 Error = 7.84e-19 FLOPS = 7.93e+09 Tdav = 0.00 T = 0.05
 --> Site =   67 .. Mmps =   15 Ndav =  11 E =   -121.6447079778 Error = 2.43e-18 FLOPS = 8.53e+09 Tdav = 0.00 T = 0.05
 --> Site =   68 .. Mmps =   15 Ndav =  13 E =   -121.6447200995 Error = 9.26e-20 FLOPS = 8.18e+09 Tdav = 0.00 T = 0.05
 --> Site =   69 .. Mmps =   15 Ndav =   8 E =   -121.6447233062 Error = 6.02e-19 FLOPS = 8.95e+09 Tdav = 0.00 T = 0.05
 --> Site =   70 .. Mmps =   15 Ndav =  13 E =   -121.6447339891 Error = 4.60e-20 FLOPS = 8.13e+09 Tdav = 0.00 T = 0.05
 --> Site =   71 .. Mmps =   15 Ndav =   9 E =   -121.6447420884 Error = 3.52e-19 FLOPS = 8.84e+09 Tdav = 0.00 T = 0.05
 --> Site =   72 .. Mmps =   15 Ndav =  13 E =   -121.6447566771 Error = 1.56e-18 FLOPS = 8.16e+09 Tdav = 0.00 T = 0.05
 --> Site =   73 .. Mmps =   15 Ndav =   9 E =   -121.6447668708 Error = 1.21e-18 FLOPS = 8.87e+09 Tdav = 0.00 T = 0.05
 --> Site =   74 .. Mmps =   15 Ndav =  12 E =   -121.6447734726 Error = 1.12e-18 FLOPS = 8.37e+09 Tdav = 0.00 T = 0.05
 --> Site =   75 .. Mmps =   15 Ndav =  10 E =   -121.6447745168 Error = 1.50e-18 FLOPS = 8.68e+09 Tdav = 0.00 T = 0.05
 --> Site =   76 .. Mmps =   15 Ndav =  10 E =   -121.6447872617 Error = 1.65e-19 FLOPS = 8.68e+09 Tdav = 0.00 T = 0.05
 --> Site =   77 .. Mmps =   15 Ndav =  15 E =   -121.6447961654 Error = 1.45e-18 FLOPS = 7.78e+09 Tdav = 0.00 T = 0.05
 --> Site =   78 .. Mmps =   15 Ndav =  11 E =   -121.6448020875 Error = 5.20e-19 FLOPS = 8.55e+09 Tdav = 0.00 T = 0.05
 --> Site =   79 .. Mmps =   15 Ndav =  11 E =   -121.6448033538 Error = 5.86e-18 FLOPS = 8.51e+09 Tdav = 0.00 T = 0.06
 --> Site =   80 .. Mmps =   15 Ndav =  11 E =   -121.6448075959 Error = 3.73e-18 FLOPS = 8.52e+09 Tdav = 0.00 T = 0.05
 --> Site =   81 .. Mmps =   15 Ndav =  11 E =   -121.6448101007 Error = 8.02e-18 FLOPS = 8.56e+09 Tdav = 0.00 T = 0.05
 --> Site =   82 .. Mmps =   15 Ndav =  12 E =   -121.6448687572 Error = 1.09e-18 FLOPS = 8.27e+09 Tdav = 0.00 T = 0.05
 --> Site =   83 .. Mmps =   15 Ndav =   9 E =   -121.6448699705 Error = 3.64e-18 FLOPS = 8.84e+09 Tdav = 0.00 T = 0.05
 --> Site =   84 .. Mmps =   15 Ndav =  13 E =   -121.6448964471 Error = 5.38e-18 FLOPS = 8.14e+09 Tdav = 0.00 T = 0.05
 --> Site =   85 .. Mmps =   15 Ndav =   8 E =   -121.6448976992 Error = 5.75e-18 FLOPS = 8.93e+09 Tdav = 0.00 T = 0.05
 --> Site =   86 .. Mmps =   15 Ndav =  13 E =   -121.6449250034 Error = 2.55e-19 FLOPS = 8.24e+09 Tdav = 0.00 T = 0.05
 --> Site =   87 .. Mmps =   15 Ndav =  10 E =   -121.6449370416 Error = 3.41e-18 FLOPS = 8.64e+09 Tdav = 0.00 T = 0.06
 --> Site =   88 .. Mmps =   15 Ndav =  11 E =   -121.6449506836 Error = 2.42e-18 FLOPS = 8.56e+09 Tdav = 0.00 T = 0.05
 --> Site =   89 .. Mmps =   15 Ndav =  13 E =   -121.6449542485 Error = 3.40e-18 FLOPS = 8.17e+09 Tdav = 0.00 T = 0.05
 --> Site =   90 .. Mmps =   15 Ndav =  13 E =   -121.6449733829 Error = 8.94e-18 FLOPS = 8.19e+09 Tdav = 0.00 T = 0.05
 --> Site =   91 .. Mmps =   15 Ndav =  13 E =   -121.6450225310 Error = 1.55e-18 FLOPS = 8.20e+09 Tdav = 0.00 T = 0.05
 --> Site =   92 .. Mmps =   15 Ndav =  13 E =   -121.6450352681 Error = 1.88e-18 FLOPS = 8.20e+09 Tdav = 0.00 T = 0.05
 --> Site =   93 .. Mmps =   15 Ndav =  12 E =   -121.6450710050 Error = 8.38e-19 FLOPS = 8.39e+09 Tdav = 0.00 T = 0.05
 --> Site =   94 .. Mmps =   15 Ndav =  14 E =   -121.6450746342 Error = 1.06e-18 FLOPS = 7.99e+09 Tdav = 0.00 T = 0.05
 --> Site =   95 .. Mmps =   15 Ndav =  12 E =   -121.6451040085 Error = 8.90e-19 FLOPS = 8.30e+09 Tdav = 0.00 T = 0.05
 --> Site =   96 .. Mmps =   15 Ndav =   9 E =   -121.6451052144 Error = 4.14e-19 FLOPS = 8.85e+09 Tdav = 0.00 T = 0.05
 --> Site =   97 .. Mmps =   15 Ndav =  14 E =   -121.6451251120 Error = 5.82e-19 FLOPS = 7.96e+09 Tdav = 0.00 T = 0.05
 --> Site =   98 .. Mmps =   15 Ndav =  10 E =   -121.6451260518 Error = 2.31e-18 FLOPS = 8.68e+09 Tdav = 0.00 T = 0.05
 --> Site =   99 .. Mmps =   15 Ndav =  14 E =   -121.6451295431 Error = 7.59e-19 FLOPS = 8.00e+09 Tdav = 0.00 T = 0.05
 --> Site =  100 .. Mmps =   15 Ndav =   9 E =   -121.6451305932 Error = 2.56e-18 FLOPS = 8.88e+09 Tdav = 0.00 T = 0.05
 --> Site =  101 .. Mmps =   15 Ndav =  13 E =   -121.6451395676 Error = 6.86e-19 FLOPS = 8.13e+09 Tdav = 0.00 T = 0.05
 --> Site =  102 .. Mmps =   15 Ndav =  10 E =   -121.6451413547 Error = 5.80e-19 FLOPS = 8.70e+09 Tdav = 0.00 T = 0.05
 --> Site =  103 .. Mmps =   15 Ndav =  15 E =   -121.6452107239 Error = 4.75e-18 FLOPS = 7.67e+09 Tdav = 0.00 T = 0.05
 --> Site =  104 .. Mmps =   15 Ndav =  14 E =   -121.6452170609 Error = 1.71e-19 FLOPS = 7.90e+09 Tdav = 0.00 T = 0.05
 --> Site =  105 .. Mmps =   15 Ndav =  14 E =   -121.6452294988 Error = 1.04e-19 FLOPS = 7.88e+09 Tdav = 0.00 T = 0.05
 --> Site =  106 .. Mmps =   15 Ndav =  13 E =   -121.6452330508 Error = 2.39e-18 FLOPS = 8.07e+09 Tdav = 0.00 T = 0.05
 --> Site =  107 .. Mmps =   15 Ndav =  14 E =   -121.6452695266 Error = 5.16e-19 FLOPS = 7.90e+09 Tdav = 0.00 T = 0.05
 --> Site =  108 .. Mmps =   15 Ndav =  11 E =   -121.6452703804 Error = 4.20e-19 FLOPS = 8.46e+09 Tdav = 0.00 T = 0.06
 --> Site =  109 .. Mmps =   15 Ndav =  12 E =   -121.6452780597 Error = 1.67e-19 FLOPS = 8.23e+09 Tdav = 0.00 T = 0.05
 --> Site =  110 .. Mmps =   15 Ndav =  11 E =   -121.6452800857 Error = 1.99e-19 FLOPS = 8.33e+09 Tdav = 0.00 T = 0.05
 --> Site =  111 .. Mmps =   15 Ndav =  12 E =   -121.6452881277 Error = 4.17e-19 FLOPS = 8.12e+09 Tdav = 0.00 T = 0.05
 --> Site =  112 .. Mmps =   15 Ndav =  11 E =   -121.6452918633 Error = 1.66e-18 FLOPS = 8.32e+09 Tdav = 0.00 T = 0.05
 --> Site =  113 .. Mmps =   15 Ndav =  12 E =   -121.6453048016 Error = 5.95e-18 FLOPS = 8.19e+09 Tdav = 0.00 T = 0.05
 --> Site =  114 .. Mmps =   15 Ndav =  14 E =   -121.6453154915 Error = 1.50e-18 FLOPS = 7.75e+09 Tdav = 0.00 T = 0.05
 --> Site =  115 .. Mmps =   15 Ndav =  12 E =   -121.6453252447 Error = 9.64e-18 FLOPS = 8.14e+09 Tdav = 0.00 T = 0.04
 --> Site =  116 .. Mmps =   15 Ndav =  15 E =   -121.6453454590 Error = 2.15e-19 FLOPS = 7.51e+09 Tdav = 0.00 T = 0.05
 --> Site =  117 .. Mmps =   15 Ndav =  11 E =   -121.6453477201 Error = 3.48e-19 FLOPS = 8.24e+09 Tdav = 0.00 T = 0.05
 --> Site =  118 .. Mmps =   15 Ndav =  12 E =   -121.6454037552 Error = 8.29e-20 FLOPS = 8.00e+09 Tdav = 0.00 T = 0.04
 --> Site =  119 .. Mmps =   15 Ndav =  11 E =   -121.6454049314 Error = 1.71e-18 FLOPS = 8.16e+09 Tdav = 0.00 T = 0.05
 --> Site =  120 .. Mmps =   15 Ndav =  11 E =   -121.6454144108 Error = 1.95e-18 FLOPS = 8.10e+09 Tdav = 0.00 T = 0.04
 --> Site =  121 .. Mmps =   15 Ndav =   7 E =   -121.6454149178 Error = 1.24e-18 FLOPS = 8.69e+09 Tdav = 0.00 T = 0.05
 --> Site =  122 .. Mmps =   15 Ndav =  12 E =   -121.6454246993 Error = 3.04e-18 FLOPS = 7.91e+09 Tdav = 0.00 T = 0.04
 --> Site =  123 .. Mmps =   15 Ndav =  11 E =   -121.6454528758 Error = 4.20e-18 FLOPS = 8.02e+09 Tdav = 0.00 T = 0.04
 --> Site =  124 .. Mmps =   15 Ndav =  11 E =   -121.6454612282 Error = 1.02e-19 FLOPS = 8.04e+09 Tdav = 0.00 T = 0.04
 --> Site =  125 .. Mmps =   15 Ndav =   7 E =   -121.6454616962 Error = 2.20e-18 FLOPS = 8.59e+09 Tdav = 0.00 T = 0.04
 --> Site =  126 .. Mmps =   15 Ndav =  12 E =   -121.6454787171 Error = 4.01e-19 FLOPS = 7.71e+09 Tdav = 0.00 T = 0.05
 --> Site =  127 .. Mmps =   15 Ndav =   9 E =   -121.6454790279 Error = 3.61e-19 FLOPS = 8.25e+09 Tdav = 0.00 T = 0.04
 --> Site =  128 .. Mmps =   15 Ndav =  11 E =   -121.6455128223 Error = 5.97e-19 FLOPS = 7.86e+09 Tdav = 0.00 T = 0.04
 --> Site =  129 .. Mmps =   15 Ndav =  14 E =   -121.6455346583 Error = 2.07e-19 FLOPS = 7.17e+09 Tdav = 0.00 T = 0.06
 --> Site =  130 .. Mmps =   15 Ndav =  12 E =   -121.6455989801 Error = 3.09e-18 FLOPS = 7.56e+09 Tdav = 0.00 T = 0.04
 --> Site =  131 .. Mmps =   15 Ndav =  11 E =   -121.6456069463 Error = 2.08e-18 FLOPS = 7.69e+09 Tdav = 0.00 T = 0.04
 --> Site =  132 .. Mmps =   15 Ndav =  12 E =   -121.6456773702 Error = 1.13e-17 FLOPS = 7.36e+09 Tdav = 0.00 T = 0.04
 --> Site =  133 .. Mmps =   15 Ndav =  11 E =   -121.6456956084 Error = 2.53e-18 FLOPS = 7.53e+09 Tdav = 0.00 T = 0.04
 --> Site =  134 .. Mmps =   15 Ndav =  11 E =   -121.6457252813 Error = 2.67e-18 FLOPS = 7.38e+09 Tdav = 0.00 T = 0.04
 --> Site =  135 .. Mmps =   15 Ndav =  12 E =   -121.6457402678 Error = 3.18e-19 FLOPS = 7.19e+09 Tdav = 0.00 T = 0.04
 --> Site =  136 .. Mmps =   15 Ndav =  11 E =   -121.6457671241 Error = 6.15e-18 FLOPS = 7.30e+09 Tdav = 0.00 T = 0.03
 --> Site =  137 .. Mmps =   15 Ndav =  11 E =   -121.6457748373 Error = 2.84e-18 FLOPS = 7.20e+09 Tdav = 0.00 T = 0.03
 --> Site =  138 .. Mmps =   15 Ndav =  11 E =   -121.6457928441 Error = 5.52e-18 FLOPS = 7.09e+09 Tdav = 0.00 T = 0.04
 --> Site =  139 .. Mmps =   15 Ndav =  10 E =   -121.6457945323 Error = 2.15e-19 FLOPS = 7.15e+09 Tdav = 0.00 T = 0.03
 --> Site =  140 .. Mmps =   15 Ndav =  11 E =   -121.6458138125 Error = 4.49e-19 FLOPS = 6.98e+09 Tdav = 0.00 T = 0.03
 --> Site =  141 .. Mmps =   15 Ndav =  12 E =   -121.6458230652 Error = 1.06e-18 FLOPS = 6.62e+09 Tdav = 0.00 T = 0.03
 --> Site =  142 .. Mmps =   15 Ndav =  14 E =   -121.6458523255 Error = 3.35e-18 FLOPS = 6.02e+09 Tdav = 0.00 T = 0.03
 --> Site =  143 .. Mmps =   15 Ndav =  13 E =   -121.6458599339 Error = 1.18e-18 FLOPS = 6.13e+09 Tdav = 0.00 T = 0.03
 --> Site =  144 .. Mmps =   15 Ndav =  12 E =   -121.6458669479 Error = 8.45e-19 FLOPS = 6.28e+09 Tdav = 0.00 T = 0.03
 --> Site =  145 .. Mmps =   15 Ndav =  13 E =   -121.6458678245 Error = 5.97e-19 FLOPS = 5.88e+09 Tdav = 0.00 T = 0.03
 --> Site =  146 .. Mmps =   15 Ndav =  13 E =   -121.6458692694 Error = 8.98e-19 FLOPS = 5.86e+09 Tdav = 0.00 T = 0.03
 --> Site =  147 .. Mmps =   15 Ndav =  13 E =   -121.6458702061 Error = 8.63e-19 FLOPS = 5.65e+09 Tdav = 0.00 T = 0.04
 --> Site =  148 .. Mmps =   15 Ndav =  12 E =   -121.6458715600 Error = 1.61e-19 FLOPS = 5.74e+09 Tdav = 0.00 T = 0.03
 --> Site =  149 .. Mmps =   15 Ndav =  14 E =   -121.6458725871 Error = 9.16e-19 FLOPS = 5.11e+09 Tdav = 0.00 T = 0.03
 --> Site =  150 .. Mmps =   15 Ndav =  10 E =   -121.6458738730 Error = 1.51e-19 FLOPS = 5.85e+09 Tdav = 0.00 T = 0.03
 --> Site =  151 .. Mmps =   15 Ndav =  14 E =   -121.6458750322 Error = 4.51e-19 FLOPS = 4.87e+09 Tdav = 0.00 T = 0.03
 --> Site =  152 .. Mmps =   15 Ndav =  10 E =   -121.6458763312 Error = 6.50e-19 FLOPS = 5.51e+09 Tdav = 0.00 T = 0.04
 --> Site =  153 .. Mmps =   15 Ndav =  13 E =   -121.6458772050 Error = 1.83e-18 FLOPS = 4.78e+09 Tdav = 0.00 T = 0.03
 --> Site =  154 .. Mmps =   15 Ndav =   9 E =   -121.6458782409 Error = 1.79e-19 FLOPS = 5.48e+09 Tdav = 0.00 T = 0.03
 --> Site =  155 .. Mmps =   15 Ndav =  12 E =   -121.6458800039 Error = 2.04e-19 FLOPS = 4.61e+09 Tdav = 0.00 T = 0.03
 --> Site =  156 .. Mmps =   15 Ndav =  10 E =   -121.6458864209 Error = 3.40e-18 FLOPS = 4.88e+09 Tdav = 0.00 T = 0.03
 --> Site =  157 .. Mmps =   15 Ndav =  16 E =   -121.6458977116 Error = 8.78e-19 FLOPS = 3.47e+09 Tdav = 0.00 T = 0.03
 --> Site =  158 .. Mmps =   15 Ndav =  11 E =   -121.6459052100 Error = 3.66e-19 FLOPS = 4.25e+09 Tdav = 0.00 T = 0.03
 --> Site =  159 .. Mmps =   15 Ndav =  21 E =   -121.6459518034 Error = 6.46e-19 FLOPS = 2.34e+09 Tdav = 0.00 T = 0.03
 --> Site =  160 .. Mmps =   15 Ndav =  12 E =   -121.6459683071 Error = 5.58e-18 FLOPS = 3.61e+09 Tdav = 0.00 T = 0.03
 --> Site =  161 .. Mmps =   15 Ndav =  19 E =   -121.6459735851 Error = 7.22e-19 FLOPS = 2.21e+09 Tdav = 0.00 T = 0.03
 --> Site =  162 .. Mmps =   15 Ndav =  16 E =   -121.6459845678 Error = 4.44e-19 FLOPS = 2.41e+09 Tdav = 0.00 T = 0.03
 --> Site =  163 .. Mmps =   15 Ndav =  19 E =   -121.6459876668 Error = 6.60e-19 FLOPS = 1.81e+09 Tdav = 0.00 T = 0.03
 --> Site =  164 .. Mmps =   15 Ndav =   9 E =   -121.6459878151 Error = 8.69e-19 FLOPS = 2.95e+09 Tdav = 0.00 T = 0.03
 --> Site =  165 .. Mmps =   15 Ndav =   2 E =   -121.6459878151 Error = 4.16e-27 FLOPS = 1.20e+09 Tdav = 0.00 T = 0.03
 --> Site =  166 .. Mmps =   15 Ndav =   1 E =   -121.6459878151 Error = 0.00e+00 FLOPS = 3.80e+08 Tdav = 0.00 T = 0.03
 --> Site =  167 .. Mmps =   15 Ndav =   1 E =   -121.6459878151 Error = 6.70e-81 FLOPS = 1.69e+08 Tdav = 0.00 T = 0.03
 --> Site =  168 .. Mmps =   15 Ndav =   1 E =   -121.6459878151 Error = 0.00e+00 FLOPS = 4.94e+07 Tdav = 0.00 T = 0.02
Time elapsed =   2538.988 | E =    -121.6459878151 | DE = -1.88e-03 | DW = 1.12728e-17
Time sweep =        6.932 | 1.41 GFLOP/SWP
 | Dmem = 105 KB (3%) | Imem = 232 B (79%) | Hmem = 503 KB | Wmem = 3.52 KB | Pmem = 3.52 KB
 | Tread = 0.178 | Twrite = 0.804 | Tfpread = 0.029 | Tfpwrite = 0.017 | Tmporead = 0.000 | Tasync = 0.000
 | data = 11.3 MB | cpsd = 8.38 MB
 | Trot = 0.020 | Tctr = 0.004 | Tint = 0.026 | Tmid = 0.000 | Tdctr = 0.106 | Tdiag = 0.012 | Tinfo = 0.156
 | Teff = 2.157 | Tprt = 0.107 | Teig = 0.206 | Tblk = 5.372 | Tmve = 1.553 | Tdm = 0.001 | Tsplt = 0.014 | Tsvd = 0.000 | Torth = 0.000

Sweep =    2 | Direction = backward | Bond dimension =   15 | Noise =  1.00e-04 | Dav threshold =  1.00e-10
 <-- Site =  168 .. Mmps =    2 Ndav =   1 E =   -121.6459878151 Error = 0.00e+00 FLOPS = 6.35e+07 Tdav = 0.00 T = 0.02
 <-- Site =  167 .. Mmps =    4 Ndav =   1 E =   -121.6459878151 Error = 0.00e+00 FLOPS = 2.22e+08 Tdav = 0.00 T = 0.02
 <-- Site =  166 .. Mmps =    8 Ndav =   1 E =   -121.6459878151 Error = 0.00e+00 FLOPS = 5.43e+08 Tdav = 0.00 T = 0.02
 <-- Site =  165 .. Mmps =   15 Ndav =   1 E =   -121.6459878151 Error = 0.00e+00 FLOPS = 1.14e+09 Tdav = 0.00 T = 0.03
 <-- Site =  164 .. Mmps =   15 Ndav =   1 E =   -121.6459878151 Error = 1.96e-20 FLOPS = 1.84e+09 Tdav = 0.00 T = 0.03
 <-- Site =  163 .. Mmps =   15 Ndav =   7 E =   -121.6459878193 Error = 9.51e-21 FLOPS = 3.51e+09 Tdav = 0.00 T = 0.02
 <-- Site =  162 .. Mmps =   15 Ndav =   9 E =   -121.6459878754 Error = 9.20e-20 FLOPS = 3.67e+09 Tdav = 0.00 T = 0.02
 <-- Site =  161 .. Mmps =   15 Ndav =  14 E =   -121.6459887396 Error = 1.32e-18 FLOPS = 2.99e+09 Tdav = 0.00 T = 0.03
 <-- Site =  160 .. Mmps =   15 Ndav =  10 E =   -121.6459907217 Error = 7.40e-19 FLOPS = 4.10e+09 Tdav = 0.00 T = 0.03
 <-- Site =  159 .. Mmps =   15 Ndav =  14 E =   -121.6459917530 Error = 3.11e-19 FLOPS = 3.47e+09 Tdav = 0.00 T = 0.03
 <-- Site =  158 .. Mmps =   15 Ndav =  10 E =   -121.6459956058 Error = 1.28e-18 FLOPS = 4.58e+09 Tdav = 0.00 T = 0.03
 <-- Site =  157 .. Mmps =   15 Ndav =   9 E =   -121.6459961103 Error = 2.13e-20 FLOPS = 5.03e+09 Tdav = 0.00 T = 0.03
 <-- Site =  156 .. Mmps =   15 Ndav =   7 E =   -121.6459963147 Error = 1.97e-18 FLOPS = 5.58e+09 Tdav = 0.00 T = 0.03
 <-- Site =  155 .. Mmps =   15 Ndav =   8 E =   -121.6459963726 Error = 1.00e-18 FLOPS = 5.53e+09 Tdav = 0.00 T = 0.03
 <-- Site =  154 .. Mmps =   15 Ndav =   6 E =   -121.6459964037 Error = 2.69e-19 FLOPS = 6.05e+09 Tdav = 0.00 T = 0.03
 <-- Site =  153 .. Mmps =   15 Ndav =   9 E =   -121.6459964167 Error = 2.07e-18 FLOPS = 5.77e+09 Tdav = 0.00 T = 0.03
 <-- Site =  152 .. Mmps =   15 Ndav =   7 E =   -121.6459964777 Error = 6.56e-19 FLOPS = 6.27e+09 Tdav = 0.00 T = 0.03
 <-- Site =  151 .. Mmps =   15 Ndav =   8 E =   -121.6459964917 Error = 2.58e-19 FLOPS = 6.20e+09 Tdav = 0.00 T = 0.03
 <-- Site =  150 .. Mmps =   15 Ndav =   7 E =   -121.6459965271 Error = 3.01e-19 FLOPS = 6.24e+09 Tdav = 0.00 T = 0.03
 <-- Site =  149 .. Mmps =   15 Ndav =  12 E =   -121.6459966034 Error = 2.88e-19 FLOPS = 5.67e+09 Tdav = 0.00 T = 0.03
 <-- Site =  148 .. Mmps =   15 Ndav =   8 E =   -121.6459966481 Error = 1.24e-19 FLOPS = 6.63e+09 Tdav = 0.00 T = 0.03
 <-- Site =  147 .. Mmps =   15 Ndav =  10 E =   -121.6459966985 Error = 3.75e-19 FLOPS = 6.40e+09 Tdav = 0.00 T = 0.03
 <-- Site =  146 .. Mmps =   15 Ndav =   8 E =   -121.6459969541 Error = 7.36e-19 FLOPS = 6.92e+09 Tdav = 0.00 T = 0.03
 <-- Site =  145 .. Mmps =   15 Ndav =  12 E =   -121.6459973649 Error = 2.88e-19 FLOPS = 6.14e+09 Tdav = 0.00 T = 0.03
 <-- Site =  144 .. Mmps =   15 Ndav =   9 E =   -121.6459986977 Error = 1.10e-19 FLOPS = 6.95e+09 Tdav = 0.00 T = 0.03
 <-- Site =  143 .. Mmps =   15 Ndav =  10 E =   -121.6459993095 Error = 3.97e-19 FLOPS = 6.88e+09 Tdav = 0.00 T = 0.03
 <-- Site =  142 .. Mmps =   15 Ndav =  10 E =   -121.6460051179 Error = 1.86e-19 FLOPS = 6.92e+09 Tdav = 0.00 T = 0.07
 <-- Site =  141 .. Mmps =   15 Ndav =   9 E =   -121.6460054245 Error = 2.99e-20 FLOPS = 7.22e+09 Tdav = 0.00 T = 0.03
 <-- Site =  140 .. Mmps =   15 Ndav =   7 E =   -121.6460057896 Error = 2.74e-18 FLOPS = 7.69e+09 Tdav = 0.00 T = 0.03
 <-- Site =  139 .. Mmps =   15 Ndav =   8 E =   -121.6460058463 Error = 2.48e-18 FLOPS = 7.60e+09 Tdav = 0.00 T = 0.03
 <-- Site =  138 .. Mmps =   15 Ndav =   7 E =   -121.6460063837 Error = 7.34e-18 FLOPS = 7.74e+09 Tdav = 0.00 T = 0.03
 <-- Site =  137 .. Mmps =   15 Ndav =   6 E =   -121.6460074034 Error = 1.18e-20 FLOPS = 7.91e+09 Tdav = 0.00 T = 0.06
 <-- Site =  136 .. Mmps =   15 Ndav =  10 E =   -121.6460195281 Error = 7.64e-19 FLOPS = 7.41e+09 Tdav = 0.00 T = 0.04
 <-- Site =  135 .. Mmps =   15 Ndav =   9 E =   -121.6460260619 Error = 1.76e-20 FLOPS = 7.69e+09 Tdav = 0.00 T = 0.04
 <-- Site =  134 .. Mmps =   15 Ndav =   8 E =   -121.6460294652 Error = 5.51e-18 FLOPS = 7.90e+09 Tdav = 0.00 T = 0.04
 <-- Site =  133 .. Mmps =   15 Ndav =  11 E =   -121.6460482912 Error = 6.09e-19 FLOPS = 7.51e+09 Tdav = 0.00 T = 0.04
 <-- Site =  132 .. Mmps =   15 Ndav =   9 E =   -121.6460543061 Error = 3.65e-18 FLOPS = 7.91e+09 Tdav = 0.00 T = 0.04
 <-- Site =  131 .. Mmps =   15 Ndav =  11 E =   -121.6460616637 Error = 1.84e-18 FLOPS = 7.62e+09 Tdav = 0.00 T = 0.04
 <-- Site =  130 .. Mmps =   15 Ndav =  10 E =   -121.6460768646 Error = 7.75e-18 FLOPS = 7.84e+09 Tdav = 0.00 T = 0.04
 <-- Site =  129 .. Mmps =   15 Ndav =  13 E =   -121.6460842855 Error = 3.79e-18 FLOPS = 7.19e+09 Tdav = 0.00 T = 0.04
 <-- Site =  128 .. Mmps =   15 Ndav =  11 E =   -121.6460908795 Error = 1.88e-18 FLOPS = 7.76e+09 Tdav = 0.00 T = 0.04
 <-- Site =  127 .. Mmps =   15 Ndav =   9 E =   -121.6460909885 Error = 1.24e-18 FLOPS = 8.19e+09 Tdav = 0.00 T = 0.04
 <-- Site =  126 .. Mmps =   15 Ndav =   6 E =   -121.6460909988 Error = 4.55e-19 FLOPS = 8.42e+09 Tdav = 0.00 T = 0.05
 <-- Site =  125 .. Mmps =   15 Ndav =  12 E =   -121.6460927726 Error = 1.07e-18 FLOPS = 7.64e+09 Tdav = 0.00 T = 0.04
 <-- Site =  124 .. Mmps =   15 Ndav =   8 E =   -121.6460931659 Error = 5.56e-19 FLOPS = 8.33e+09 Tdav = 0.00 T = 0.04
 <-- Site =  123 .. Mmps =   15 Ndav =   8 E =   -121.6460935262 Error = 7.23e-20 FLOPS = 8.29e+09 Tdav = 0.00 T = 0.04
 <-- Site =  122 .. Mmps =   15 Ndav =   9 E =   -121.6460966551 Error = 3.15e-19 FLOPS = 8.28e+09 Tdav = 0.00 T = 0.04
 <-- Site =  121 .. Mmps =   15 Ndav =   8 E =   -121.6460969236 Error = 2.14e-19 FLOPS = 8.42e+09 Tdav = 0.00 T = 0.04
 <-- Site =  120 .. Mmps =   15 Ndav =   7 E =   -121.6460980077 Error = 3.68e-18 FLOPS = 8.49e+09 Tdav = 0.00 T = 0.04
 <-- Site =  119 .. Mmps =   15 Ndav =  12 E =   -121.6461041981 Error = 6.27e-19 FLOPS = 7.83e+09 Tdav = 0.00 T = 0.05
 <-- Site =  118 .. Mmps =   15 Ndav =   7 E =   -121.6461044455 Error = 1.90e-19 FLOPS = 8.65e+09 Tdav = 0.00 T = 0.05
 <-- Site =  117 .. Mmps =   15 Ndav =   9 E =   -121.6461056473 Error = 6.73e-19 FLOPS = 8.42e+09 Tdav = 0.00 T = 0.05
 <-- Site =  116 .. Mmps =   15 Ndav =  15 E =   -121.6461078560 Error = 2.05e-18 FLOPS = 7.33e+09 Tdav = 0.00 T = 0.05
 <-- Site =  115 .. Mmps =   15 Ndav =  13 E =   -121.6461144388 Error = 1.30e-18 FLOPS = 7.76e+09 Tdav = 0.00 T = 0.05
 <-- Site =  114 .. Mmps =   15 Ndav =  13 E =   -121.6461164550 Error = 3.37e-19 FLOPS = 7.81e+09 Tdav = 0.00 T = 0.06
 <-- Site =  113 .. Mmps =   15 Ndav =   9 E =   -121.6461172674 Error = 1.51e-17 FLOPS = 8.52e+09 Tdav = 0.00 T = 0.05
 <-- Site =  112 .. Mmps =   15 Ndav =   8 E =   -121.6461176156 Error = 3.15e-20 FLOPS = 8.59e+09 Tdav = 0.00 T = 0.05
 <-- Site =  111 .. Mmps =   15 Ndav =   9 E =   -121.6461197076 Error = 1.15e-18 FLOPS = 8.48e+09 Tdav = 0.00 T = 0.05
 <-- Site =  110 .. Mmps =   15 Ndav =   9 E =   -121.6461229479 Error = 6.04e-20 FLOPS = 8.54e+09 Tdav = 0.00 T = 0.05
 <-- Site =  109 .. Mmps =   15 Ndav =   9 E =   -121.6461248597 Error = 4.98e-18 FLOPS = 8.50e+09 Tdav = 0.00 T = 0.05
 <-- Site =  108 .. Mmps =   15 Ndav =  10 E =   -121.6461283362 Error = 4.89e-21 FLOPS = 8.37e+09 Tdav = 0.00 T = 0.08
 <-- Site =  107 .. Mmps =   15 Ndav =   9 E =   -121.6461295375 Error = 1.22e-17 FLOPS = 8.59e+09 Tdav = 0.00 T = 0.05
 <-- Site =  106 .. Mmps =   15 Ndav =  13 E =   -121.6461317794 Error = 1.67e-18 FLOPS = 7.88e+09 Tdav = 0.00 T = 0.05
 <-- Site =  105 .. Mmps =   15 Ndav =  14 E =   -121.6461366869 Error = 6.20e-18 FLOPS = 7.76e+09 Tdav = 0.00 T = 0.05
 <-- Site =  104 .. Mmps =   15 Ndav =  14 E =   -121.6461375055 Error = 3.10e-18 FLOPS = 7.81e+09 Tdav = 0.00 T = 0.05
 <-- Site =  103 .. Mmps =   15 Ndav =  11 E =   -121.6461394444 Error = 2.77e-19 FLOPS = 8.35e+09 Tdav = 0.00 T = 0.06
 <-- Site =  102 .. Mmps =   15 Ndav =  15 E =   -121.6461547258 Error = 5.32e-20 FLOPS = 7.54e+09 Tdav = 0.00 T = 0.05
 <-- Site =  101 .. Mmps =   15 Ndav =   9 E =   -121.6461554392 Error = 7.39e-19 FLOPS = 8.68e+09 Tdav = 0.00 T = 0.05
 <-- Site =  100 .. Mmps =   15 Ndav =   8 E =   -121.6461557727 Error = 4.55e-19 FLOPS = 8.82e+09 Tdav = 0.00 T = 0.05
 <-- Site =   99 .. Mmps =   15 Ndav =   9 E =   -121.6461560379 Error = 1.27e-18 FLOPS = 8.71e+09 Tdav = 0.00 T = 0.05
 <-- Site =   98 .. Mmps =   15 Ndav =   9 E =   -121.6461576217 Error = 2.75e-19 FLOPS = 8.57e+09 Tdav = 0.00 T = 0.08
 <-- Site =   97 .. Mmps =   15 Ndav =  14 E =   -121.6461870440 Error = 3.23e-19 FLOPS = 7.77e+09 Tdav = 0.00 T = 0.05
 <-- Site =   96 .. Mmps =   15 Ndav =   9 E =   -121.6461872857 Error = 1.61e-19 FLOPS = 8.68e+09 Tdav = 0.00 T = 0.05
 <-- Site =   95 .. Mmps =   15 Ndav =  12 E =   -121.6461973660 Error = 1.83e-19 FLOPS = 8.22e+09 Tdav = 0.00 T = 0.05
 <-- Site =   94 .. Mmps =   15 Ndav =   7 E =   -121.6461974693 Error = 4.26e-20 FLOPS = 8.88e+09 Tdav = 0.00 T = 0.05
 <-- Site =   93 .. Mmps =   15 Ndav =  11 E =   -121.6462102785 Error = 1.19e-18 FLOPS = 8.45e+09 Tdav = 0.00 T = 0.05
 <-- Site =   92 .. Mmps =   15 Ndav =   9 E =   -121.6462104493 Error = 2.73e-19 FLOPS = 8.73e+09 Tdav = 0.00 T = 0.05
 <-- Site =   91 .. Mmps =   15 Ndav =  12 E =   -121.6462131920 Error = 1.16e-19 FLOPS = 8.29e+09 Tdav = 0.00 T = 0.05
 <-- Site =   90 .. Mmps =   15 Ndav =  10 E =   -121.6462140362 Error = 7.68e-18 FLOPS = 8.57e+09 Tdav = 0.00 T = 0.05
 <-- Site =   89 .. Mmps =   15 Ndav =  10 E =   -121.6462141695 Error = 1.96e-19 FLOPS = 8.61e+09 Tdav = 0.00 T = 0.05
 <-- Site =   88 .. Mmps =   15 Ndav =   9 E =   -121.6462143221 Error = 1.91e-17 FLOPS = 8.67e+09 Tdav = 0.00 T = 0.05
 <-- Site =   87 .. Mmps =   15 Ndav =  10 E =   -121.6462167256 Error = 3.55e-18 FLOPS = 8.54e+09 Tdav = 0.00 T = 0.05
 <-- Site =   86 .. Mmps =   15 Ndav =  10 E =   -121.6462181130 Error = 2.05e-16 FLOPS = 8.61e+09 Tdav = 0.00 T = 0.05
 <-- Site =   85 .. Mmps =   15 Ndav =  10 E =   -121.6462197341 Error = 2.26e-19 FLOPS = 8.57e+09 Tdav = 0.00 T = 0.05
 <-- Site =   84 .. Mmps =   15 Ndav =  10 E =   -121.6462216521 Error = 2.18e-17 FLOPS = 8.59e+09 Tdav = 0.00 T = 0.05
 <-- Site =   83 .. Mmps =   15 Ndav =   9 E =   -121.6462237025 Error = 4.24e-19 FLOPS = 8.74e+09 Tdav = 0.00 T = 0.05
 <-- Site =   82 .. Mmps =   15 Ndav =   9 E =   -121.6462249184 Error = 2.44e-19 FLOPS = 8.61e+09 Tdav = 0.00 T = 0.05
 <-- Site =   81 .. Mmps =   15 Ndav =   8 E =   -121.6462249833 Error = 7.47e-19 FLOPS = 8.83e+09 Tdav = 0.00 T = 0.05
 <-- Site =   80 .. Mmps =   15 Ndav =   8 E =   -121.6462252220 Error = 9.49e-18 FLOPS = 8.83e+09 Tdav = 0.00 T = 0.05
 <-- Site =   79 .. Mmps =   15 Ndav =  10 E =   -121.6462253330 Error = 2.89e-20 FLOPS = 8.61e+09 Tdav = 0.00 T = 0.06
 <-- Site =   78 .. Mmps =   15 Ndav =   8 E =   -121.6462266272 Error = 1.09e-16 FLOPS = 8.82e+09 Tdav = 0.00 T = 0.05
 <-- Site =   77 .. Mmps =   15 Ndav =  13 E =   -121.6462269490 Error = 3.29e-19 FLOPS = 8.04e+09 Tdav = 0.00 T = 0.06
 <-- Site =   76 .. Mmps =   15 Ndav =   7 E =   -121.6462269776 Error = 5.22e-19 FLOPS = 8.83e+09 Tdav = 0.00 T = 0.05
 <-- Site =   75 .. Mmps =   15 Ndav =  10 E =   -121.6462295225 Error = 5.85e-19 FLOPS = 8.55e+09 Tdav = 0.00 T = 0.05
 <-- Site =   74 .. Mmps =   15 Ndav =   8 E =   -121.6462300745 Error = 1.34e-18 FLOPS = 8.83e+09 Tdav = 0.00 T = 0.05
 <-- Site =   73 .. Mmps =   15 Ndav =   8 E =   -121.6462303647 Error = 3.36e-19 FLOPS = 8.83e+09 Tdav = 0.00 T = 0.06
 <-- Site =   72 .. Mmps =   15 Ndav =  11 E =   -121.6462327382 Error = 3.68e-19 FLOPS = 8.45e+09 Tdav = 0.00 T = 0.06
 <-- Site =   71 .. Mmps =   15 Ndav =  10 E =   -121.6462330714 Error = 9.61e-20 FLOPS = 8.48e+09 Tdav = 0.00 T = 0.05
 <-- Site =   70 .. Mmps =   15 Ndav =  10 E =   -121.6462361505 Error = 2.11e-18 FLOPS = 8.55e+09 Tdav = 0.00 T = 0.05
 <-- Site =   69 .. Mmps =   15 Ndav =   9 E =   -121.6462361971 Error = 4.75e-19 FLOPS = 8.66e+09 Tdav = 0.00 T = 0.06
 <-- Site =   68 .. Mmps =   15 Ndav =  10 E =   -121.6462429245 Error = 2.46e-19 FLOPS = 8.59e+09 Tdav = 0.00 T = 0.05
 <-- Site =   67 .. Mmps =   15 Ndav =  12 E =   -121.6462497623 Error = 8.72e-19 FLOPS = 8.22e+09 Tdav = 0.00 T = 0.05
 <-- Site =   66 .. Mmps =   15 Ndav =   8 E =   -121.6462499071 Error = 6.80e-19 FLOPS = 8.79e+09 Tdav = 0.00 T = 0.05
 <-- Site =   65 .. Mmps =   15 Ndav =  13 E =   -121.6462533207 Error = 1.47e-19 FLOPS = 8.00e+09 Tdav = 0.00 T = 0.05
 <-- Site =   64 .. Mmps =   15 Ndav =  14 E =   -121.6462551442 Error = 2.42e-18 FLOPS = 7.85e+09 Tdav = 0.00 T = 0.05
 <-- Site =   63 .. Mmps =   15 Ndav =  13 E =   -121.6462602763 Error = 9.37e-18 FLOPS = 7.96e+09 Tdav = 0.00 T = 0.05
 <-- Site =   62 .. Mmps =   15 Ndav =  13 E =   -121.6462628437 Error = 4.61e-19 FLOPS = 7.95e+09 Tdav = 0.00 T = 0.07
 <-- Site =   61 .. Mmps =   15 Ndav =  10 E =   -121.6462705842 Error = 2.04e-16 FLOPS = 8.52e+09 Tdav = 0.00 T = 0.05
 <-- Site =   60 .. Mmps =   15 Ndav =   8 E =   -121.6462711707 Error = 2.63e-20 FLOPS = 8.72e+09 Tdav = 0.00 T = 0.05
 <-- Site =   59 .. Mmps =   15 Ndav =   8 E =   -121.6462722563 Error = 1.05e-17 FLOPS = 8.77e+09 Tdav = 0.00 T = 0.05
 <-- Site =   58 .. Mmps =   15 Ndav =   8 E =   -121.6462743215 Error = 3.85e-19 FLOPS = 8.72e+09 Tdav = 0.00 T = 0.05
 <-- Site =   57 .. Mmps =   15 Ndav =   9 E =   -121.6462766835 Error = 7.32e-18 FLOPS = 8.58e+09 Tdav = 0.00 T = 0.08
 <-- Site =   56 .. Mmps =   15 Ndav =  11 E =   -121.6462797598 Error = 3.61e-20 FLOPS = 8.22e+09 Tdav = 0.00 T = 0.06
 <-- Site =   55 .. Mmps =   15 Ndav =   9 E =   -121.6462815413 Error = 1.53e-18 FLOPS = 8.58e+09 Tdav = 0.00 T = 0.05
 <-- Site =   54 .. Mmps =   15 Ndav =  12 E =   -121.6462860905 Error = 2.52e-19 FLOPS = 8.08e+09 Tdav = 0.00 T = 0.05
 <-- Site =   53 .. Mmps =   15 Ndav =  12 E =   -121.6462878289 Error = 1.02e-16 FLOPS = 8.04e+09 Tdav = 0.00 T = 0.05
 <-- Site =   52 .. Mmps =   15 Ndav =  12 E =   -121.6462883281 Error = 3.70e-18 FLOPS = 8.02e+09 Tdav = 0.00 T = 0.05
 <-- Site =   51 .. Mmps =   15 Ndav =  12 E =   -121.6462917698 Error = 7.17e-19 FLOPS = 7.94e+09 Tdav = 0.00 T = 0.05
 <-- Site =   50 .. Mmps =   15 Ndav =  14 E =   -121.6463046438 Error = 4.38e-19 FLOPS = 7.48e+09 Tdav = 0.00 T = 0.05
 <-- Site =   49 .. Mmps =   15 Ndav =   8 E =   -121.6463048726 Error = 3.40e-19 FLOPS = 8.63e+09 Tdav = 0.00 T = 0.05
 <-- Site =   48 .. Mmps =   15 Ndav =   8 E =   -121.6463052373 Error = 2.87e-20 FLOPS = 8.62e+09 Tdav = 0.00 T = 0.05
 <-- Site =   47 .. Mmps =   15 Ndav =  11 E =   -121.6463071650 Error = 4.04e-19 FLOPS = 8.09e+09 Tdav = 0.00 T = 0.04
 <-- Site =   46 .. Mmps =   15 Ndav =  10 E =   -121.6463080162 Error = 5.44e-19 FLOPS = 8.17e+09 Tdav = 0.00 T = 0.05
 <-- Site =   45 .. Mmps =   15 Ndav =   8 E =   -121.6463084077 Error = 1.14e-18 FLOPS = 8.45e+09 Tdav = 0.00 T = 0.04
 <-- Site =   44 .. Mmps =   15 Ndav =   9 E =   -121.6463094648 Error = 3.86e-19 FLOPS = 8.37e+09 Tdav = 0.00 T = 0.04
 <-- Site =   43 .. Mmps =   15 Ndav =  15 E =   -121.6463313115 Error = 3.42e-19 FLOPS = 7.11e+09 Tdav = 0.00 T = 0.05
 <-- Site =   42 .. Mmps =   15 Ndav =   7 E =   -121.6463314885 Error = 6.50e-19 FLOPS = 8.36e+09 Tdav = 0.00 T = 0.04
 <-- Site =   41 .. Mmps =   15 Ndav =   9 E =   -121.6463316838 Error = 1.89e-19 FLOPS = 8.28e+09 Tdav = 0.00 T = 0.05
 <-- Site =   40 .. Mmps =   15 Ndav =   9 E =   -121.6463318170 Error = 1.93e-18 FLOPS = 8.24e+09 Tdav = 0.00 T = 0.05
 <-- Site =   39 .. Mmps =   15 Ndav =   7 E =   -121.6463319438 Error = 9.79e-19 FLOPS = 8.17e+09 Tdav = 0.00 T = 0.04
 <-- Site =   38 .. Mmps =   15 Ndav =  10 E =   -121.6463340365 Error = 7.47e-18 FLOPS = 7.95e+09 Tdav = 0.00 T = 0.05
 <-- Site =   37 .. Mmps =   15 Ndav =   9 E =   -121.6463352902 Error = 1.75e-18 FLOPS = 7.94e+09 Tdav = 0.00 T = 0.04
 <-- Site =   36 .. Mmps =   15 Ndav =   8 E =   -121.6463354068 Error = 2.79e-17 FLOPS = 8.14e+09 Tdav = 0.00 T = 0.04
 <-- Site =   35 .. Mmps =   15 Ndav =   8 E =   -121.6463362051 Error = 5.74e-20 FLOPS = 8.01e+09 Tdav = 0.00 T = 0.04
 <-- Site =   34 .. Mmps =   15 Ndav =   8 E =   -121.6463411035 Error = 6.90e-18 FLOPS = 8.03e+09 Tdav = 0.00 T = 0.05
 <-- Site =   33 .. Mmps =   15 Ndav =   9 E =   -121.6463480379 Error = 1.32e-19 FLOPS = 7.61e+09 Tdav = 0.00 T = 0.07
 <-- Site =   32 .. Mmps =   15 Ndav =   9 E =   -121.6463603443 Error = 7.13e-18 FLOPS = 7.83e+09 Tdav = 0.00 T = 0.04
 <-- Site =   31 .. Mmps =   15 Ndav =  10 E =   -121.6463693697 Error = 6.58e-19 FLOPS = 7.49e+09 Tdav = 0.00 T = 0.04
 <-- Site =   30 .. Mmps =   15 Ndav =  10 E =   -121.6463838000 Error = 4.76e-18 FLOPS = 7.37e+09 Tdav = 0.00 T = 0.04
 <-- Site =   29 .. Mmps =   15 Ndav =  11 E =   -121.6463843773 Error = 2.91e-19 FLOPS = 7.12e+09 Tdav = 0.00 T = 0.03
 <-- Site =   28 .. Mmps =   15 Ndav =  10 E =   -121.6463986274 Error = 4.89e-19 FLOPS = 7.30e+09 Tdav = 0.00 T = 0.03
 <-- Site =   27 .. Mmps =   15 Ndav =   9 E =   -121.6463989077 Error = 4.62e-20 FLOPS = 7.34e+09 Tdav = 0.00 T = 0.03
 <-- Site =   26 .. Mmps =   15 Ndav =  10 E =   -121.6464020224 Error = 5.22e-19 FLOPS = 7.07e+09 Tdav = 0.00 T = 0.03
 <-- Site =   25 .. Mmps =   15 Ndav =  13 E =   -121.6464057567 Error = 4.18e-20 FLOPS = 6.27e+09 Tdav = 0.00 T = 0.04
 <-- Site =   24 .. Mmps =   15 Ndav =  10 E =   -121.6464065644 Error = 7.90e-19 FLOPS = 6.83e+09 Tdav = 0.00 T = 0.03
 <-- Site =   23 .. Mmps =   15 Ndav =  10 E =   -121.6464085393 Error = 7.54e-19 FLOPS = 6.74e+09 Tdav = 0.00 T = 0.03
 <-- Site =   22 .. Mmps =   15 Ndav =   9 E =   -121.6464094384 Error = 1.41e-19 FLOPS = 6.90e+09 Tdav = 0.00 T = 0.03
 <-- Site =   21 .. Mmps =   15 Ndav =  13 E =   -121.6464117886 Error = 1.98e-19 FLOPS = 5.87e+09 Tdav = 0.00 T = 0.03
 <-- Site =   20 .. Mmps =   15 Ndav =  10 E =   -121.6464122774 Error = 1.95e-19 FLOPS = 6.41e+09 Tdav = 0.00 T = 0.03
 <-- Site =   19 .. Mmps =   15 Ndav =  14 E =   -121.6464161724 Error = 5.64e-20 FLOPS = 5.35e+09 Tdav = 0.00 T = 0.03
 <-- Site =   18 .. Mmps =   15 Ndav =   8 E =   -121.6464165787 Error = 1.27e-19 FLOPS = 6.57e+09 Tdav = 0.00 T = 0.03
 <-- Site =   17 .. Mmps =   15 Ndav =  13 E =   -121.6464173989 Error = 5.10e-19 FLOPS = 5.31e+09 Tdav = 0.00 T = 0.03
 <-- Site =   16 .. Mmps =   15 Ndav =   7 E =   -121.6464174466 Error = 1.38e-19 FLOPS = 6.40e+09 Tdav = 0.00 T = 0.03
 <-- Site =   15 .. Mmps =   15 Ndav =  10 E =   -121.6464175634 Error = 5.38e-20 FLOPS = 5.73e+09 Tdav = 0.00 T = 0.03
 <-- Site =   14 .. Mmps =   15 Ndav =   7 E =   -121.6464175988 Error = 2.68e-19 FLOPS = 6.12e+09 Tdav = 0.00 T = 0.03
 <-- Site =   13 .. Mmps =   15 Ndav =   8 E =   -121.6464176370 Error = 8.74e-21 FLOPS = 5.80e+09 Tdav = 0.00 T = 0.03
 <-- Site =   12 .. Mmps =   15 Ndav =   7 E =   -121.6464177057 Error = 3.77e-18 FLOPS = 5.75e+09 Tdav = 0.00 T = 0.03
 <-- Site =   11 .. Mmps =   15 Ndav =  13 E =   -121.6464181801 Error = 3.17e-19 FLOPS = 4.32e+09 Tdav = 0.00 T = 0.03
 <-- Site =   10 .. Mmps =   15 Ndav =   8 E =   -121.6464185516 Error = 9.37e-17 FLOPS = 5.19e+09 Tdav = 0.00 T = 0.03
 <-- Site =    9 .. Mmps =   15 Ndav =  18 E =   -121.6464200789 Error = 1.82e-18 FLOPS = 2.98e+09 Tdav = 0.00 T = 0.03
 <-- Site =    8 .. Mmps =   15 Ndav =  11 E =   -121.6464211111 Error = 1.16e-17 FLOPS = 4.10e+09 Tdav = 0.00 T = 0.03
 <-- Site =    7 .. Mmps =   15 Ndav =  15 E =   -121.6464219596 Error = 6.70e-19 FLOPS = 3.06e+09 Tdav = 0.00 T = 0.03
 <-- Site =    6 .. Mmps =   15 Ndav =  12 E =   -121.6464220676 Error = 7.69e-19 FLOPS = 3.40e+09 Tdav = 0.00 T = 0.02
 <-- Site =    5 .. Mmps =   15 Ndav =  10 E =   -121.6464221429 Error = 7.90e-19 FLOPS = 3.46e+09 Tdav = 0.00 T = 0.03
 <-- Site =    4 .. Mmps =   15 Ndav =   7 E =   -121.6464221509 Error = 3.41e-19 FLOPS = 3.69e+09 Tdav = 0.00 T = 0.02
 <-- Site =    3 .. Mmps =   15 Ndav =   2 E =   -121.6464221509 Error = 2.28e-26 FLOPS = 1.27e+09 Tdav = 0.00 T = 0.03
 <-- Site =    2 .. Mmps =   15 Ndav =   1 E =   -121.6464221509 Error = 3.14e-48 FLOPS = 3.47e+08 Tdav = 0.00 T = 0.02
 <-- Site =    1 .. Mmps =   15 Ndav =   1 E =   -121.6464221509 Error = 4.59e-59 FLOPS = 1.52e+08 Tdav = 0.00 T = 0.02
 <-- Site =    0 .. Mmps =   15 Ndav =   1 E =   -121.6464221509 Error = 0.00e+00 FLOPS = 5.13e+07 Tdav = 0.00 T = 0.02
Time elapsed =   2546.157 | E =    -121.6464221509 | DE = -4.34e-04 | DW = 2.04762e-16
Time sweep =        7.169 | 1.19 GFLOP/SWP
 | Dmem = 105 KB (3%) | Imem = 232 B (79%) | Hmem = 503 KB | Wmem = 3.52 KB | Pmem = 3.52 KB
 | Tread = 0.150 | Twrite = 0.794 | Tfpread = 0.027 | Tfpwrite = 0.016 | Tmporead = 0.000 | Tasync = 0.000
 | data = 11.3 MB | cpsd = 7.47 MB
 | Trot = 0.022 | Tctr = 0.370 | Tint = 0.021 | Tmid = 0.000 | Tdctr = 0.005 | Tdiag = 0.012 | Tinfo = 0.174
 | Teff = 2.031 | Tprt = 0.109 | Teig = 0.167 | Tblk = 5.159 | Tmve = 2.005 | Tdm = 0.001 | Tsplt = 0.017 | Tsvd = 0.000 | Torth = 0.000

Sweep =    3 | Direction =  forward | Bond dimension =   15 | Noise =  1.00e-04 | Dav threshold =  1.00e-10
 --> Site =    0 .. Mmps =    2 Ndav =   1 E =   -121.6464221509 Error = 0.00e+00 FLOPS = 6.98e+07 Tdav = 0.00 T = 0.02
 --> Site =    1 .. Mmps =    4 Ndav =   1 E =   -121.6464221509 Error = 0.00e+00 FLOPS = 1.20e+08 Tdav = 0.00 T = 0.02
 --> Site =    2 .. Mmps =    8 Ndav =   1 E =   -121.6464221509 Error = 0.00e+00 FLOPS = 3.06e+08 Tdav = 0.00 T = 0.03
 --> Site =    3 .. Mmps =   15 Ndav =   1 E =   -121.6464221509 Error = 6.65e-24 FLOPS = 8.43e+08 Tdav = 0.00 T = 0.02
 --> Site =    4 .. Mmps =   15 Ndav =   1 E =   -121.6464221509 Error = 4.99e-21 FLOPS = 2.18e+09 Tdav = 0.00 T = 0.02
 --> Site =    5 .. Mmps =   15 Ndav =   4 E =   -121.6464221511 Error = 6.22e-21 FLOPS = 3.79e+09 Tdav = 0.00 T = 0.03
 --> Site =    6 .. Mmps =   15 Ndav =   5 E =   -121.6464221529 Error = 6.69e-20 FLOPS = 4.24e+09 Tdav = 0.00 T = 0.02
 --> Site =    7 .. Mmps =   15 Ndav =   7 E =   -121.6464221694 Error = 4.53e-19 FLOPS = 4.50e+09 Tdav = 0.00 T = 0.02
 --> Site =    8 .. Mmps =   15 Ndav =   8 E =   -121.6464223068 Error = 1.26e-19 FLOPS = 4.65e+09 Tdav = 0.00 T = 0.03
 --> Site =    9 .. Mmps =   15 Ndav =  10 E =   -121.6464223417 Error = 2.73e-18 FLOPS = 4.58e+09 Tdav = 0.00 T = 0.03
 --> Site =   10 .. Mmps =   15 Ndav =   8 E =   -121.6464228262 Error = 2.73e-19 FLOPS = 5.06e+09 Tdav = 0.00 T = 0.03
 --> Site =   11 .. Mmps =   15 Ndav =   9 E =   -121.6464228608 Error = 2.41e-19 FLOPS = 5.10e+09 Tdav = 0.00 T = 0.04
 --> Site =   12 .. Mmps =   15 Ndav =   7 E =   -121.6464229676 Error = 4.51e-19 FLOPS = 5.64e+09 Tdav = 0.00 T = 0.03
 --> Site =   13 .. Mmps =   15 Ndav =   4 E =   -121.6464229681 Error = 1.65e-19 FLOPS = 5.73e+09 Tdav = 0.00 T = 0.03
 --> Site =   14 .. Mmps =   15 Ndav =   4 E =   -121.6464229705 Error = 6.39e-19 FLOPS = 5.81e+09 Tdav = 0.00 T = 0.05
 --> Site =   15 .. Mmps =   15 Ndav =   4 E =   -121.6464229713 Error = 9.67e-19 FLOPS = 6.02e+09 Tdav = 0.00 T = 0.03
 --> Site =   16 .. Mmps =   15 Ndav =   5 E =   -121.6464229762 Error = 7.10e-19 FLOPS = 6.37e+09 Tdav = 0.00 T = 0.03
 --> Site =   17 .. Mmps =   15 Ndav =   4 E =   -121.6464229779 Error = 1.50e-18 FLOPS = 6.26e+09 Tdav = 0.00 T = 0.05
 --> Site =   18 .. Mmps =   15 Ndav =   9 E =   -121.6464252516 Error = 6.14e-19 FLOPS = 6.31e+09 Tdav = 0.00 T = 0.03
 --> Site =   19 .. Mmps =   15 Ndav =   6 E =   -121.6464252558 Error = 2.28e-18 FLOPS = 6.80e+09 Tdav = 0.00 T = 0.03
 --> Site =   20 .. Mmps =   15 Ndav =   7 E =   -121.6464254538 Error = 4.10e-19 FLOPS = 6.86e+09 Tdav = 0.00 T = 0.03
 --> Site =   21 .. Mmps =   15 Ndav =   6 E =   -121.6464255024 Error = 8.74e-19 FLOPS = 7.01e+09 Tdav = 0.00 T = 0.03
 --> Site =   22 .. Mmps =   15 Ndav =   9 E =   -121.6464258726 Error = 4.70e-19 FLOPS = 6.71e+09 Tdav = 0.00 T = 0.03
 --> Site =   23 .. Mmps =   15 Ndav =  11 E =   -121.6464268260 Error = 7.15e-19 FLOPS = 6.48e+09 Tdav = 0.00 T = 0.03
 --> Site =   24 .. Mmps =   15 Ndav =   9 E =   -121.6464299378 Error = 5.23e-19 FLOPS = 6.96e+09 Tdav = 0.00 T = 0.03
 --> Site =   25 .. Mmps =   15 Ndav =   8 E =   -121.6464308255 Error = 2.58e-19 FLOPS = 7.27e+09 Tdav = 0.00 T = 0.03
 --> Site =   26 .. Mmps =   15 Ndav =   8 E =   -121.6464318415 Error = 3.42e-18 FLOPS = 7.44e+09 Tdav = 0.00 T = 0.03
 --> Site =   27 .. Mmps =   15 Ndav =   6 E =   -121.6464318501 Error = 2.82e-18 FLOPS = 7.76e+09 Tdav = 0.00 T = 0.03
 --> Site =   28 .. Mmps =   15 Ndav =   6 E =   -121.6464318774 Error = 7.24e-18 FLOPS = 7.80e+09 Tdav = 0.00 T = 0.03
 --> Site =   29 .. Mmps =   15 Ndav =  12 E =   -121.6464444352 Error = 1.28e-18 FLOPS = 6.91e+09 Tdav = 0.00 T = 0.03
 --> Site =   30 .. Mmps =   15 Ndav =   6 E =   -121.6464447478 Error = 4.42e-19 FLOPS = 7.85e+09 Tdav = 0.00 T = 0.03
 --> Site =   31 .. Mmps =   15 Ndav =  10 E =   -121.6464510568 Error = 6.35e-19 FLOPS = 7.44e+09 Tdav = 0.00 T = 0.04
 --> Site =   32 .. Mmps =   15 Ndav =   9 E =   -121.6464636159 Error = 9.17e-19 FLOPS = 7.78e+09 Tdav = 0.00 T = 0.04
 --> Site =   33 .. Mmps =   15 Ndav =  11 E =   -121.6464742655 Error = 1.13e-18 FLOPS = 7.44e+09 Tdav = 0.00 T = 0.04
 --> Site =   34 .. Mmps =   15 Ndav =  11 E =   -121.6464828680 Error = 2.27e-19 FLOPS = 7.46e+09 Tdav = 0.00 T = 0.03
 --> Site =   35 .. Mmps =   15 Ndav =  10 E =   -121.6464994191 Error = 5.74e-19 FLOPS = 7.73e+09 Tdav = 0.00 T = 0.03
 --> Site =   36 .. Mmps =   15 Ndav =   8 E =   -121.6464997712 Error = 3.99e-19 FLOPS = 8.16e+09 Tdav = 0.00 T = 0.04
 --> Site =   37 .. Mmps =   15 Ndav =   5 E =   -121.6464997777 Error = 6.03e-19 FLOPS = 8.02e+09 Tdav = 0.00 T = 0.04
 --> Site =   38 .. Mmps =   15 Ndav =   6 E =   -121.6464997941 Error = 2.28e-19 FLOPS = 8.30e+09 Tdav = 0.00 T = 0.04
 --> Site =   39 .. Mmps =   15 Ndav =   9 E =   -121.6465013633 Error = 6.49e-18 FLOPS = 8.14e+09 Tdav = 0.00 T = 0.04
 --> Site =   40 .. Mmps =   15 Ndav =   8 E =   -121.6465014498 Error = 2.58e-19 FLOPS = 8.39e+09 Tdav = 0.00 T = 0.04
 --> Site =   41 .. Mmps =   15 Ndav =   7 E =   -121.6465014724 Error = 2.61e-19 FLOPS = 8.54e+09 Tdav = 0.00 T = 0.04
 --> Site =   42 .. Mmps =   15 Ndav =   6 E =   -121.6465015414 Error = 3.98e-18 FLOPS = 8.60e+09 Tdav = 0.00 T = 0.04
 --> Site =   43 .. Mmps =   15 Ndav =   7 E =   -121.6465015687 Error = 2.75e-19 FLOPS = 8.49e+09 Tdav = 0.00 T = 0.04
 --> Site =   44 .. Mmps =   15 Ndav =   8 E =   -121.6465084006 Error = 1.97e-18 FLOPS = 8.41e+09 Tdav = 0.00 T = 0.07
 --> Site =   45 .. Mmps =   15 Ndav =   9 E =   -121.6465086895 Error = 1.61e-18 FLOPS = 8.28e+09 Tdav = 0.00 T = 0.07
 --> Site =   46 .. Mmps =   15 Ndav =   6 E =   -121.6465087460 Error = 2.16e-18 FLOPS = 8.64e+09 Tdav = 0.00 T = 0.04
 --> Site =   47 .. Mmps =   15 Ndav =  10 E =   -121.6465092144 Error = 1.37e-18 FLOPS = 8.20e+09 Tdav = 0.00 T = 0.04
 --> Site =   48 .. Mmps =   15 Ndav =   7 E =   -121.6465094078 Error = 1.29e-18 FLOPS = 8.58e+09 Tdav = 0.00 T = 0.04
 --> Site =   49 .. Mmps =   15 Ndav =   9 E =   -121.6465095627 Error = 3.07e-19 FLOPS = 8.48e+09 Tdav = 0.00 T = 0.04
 --> Site =   50 .. Mmps =   15 Ndav =   6 E =   -121.6465096672 Error = 1.09e-18 FLOPS = 8.74e+09 Tdav = 0.00 T = 0.04
 --> Site =   51 .. Mmps =   15 Ndav =  12 E =   -121.6465139685 Error = 5.76e-18 FLOPS = 7.95e+09 Tdav = 0.00 T = 0.05
 --> Site =   52 .. Mmps =   15 Ndav =  12 E =   -121.6465164470 Error = 2.77e-19 FLOPS = 8.03e+09 Tdav = 0.00 T = 0.04
 --> Site =   53 .. Mmps =   15 Ndav =  10 E =   -121.6465166033 Error = 1.56e-18 FLOPS = 8.44e+09 Tdav = 0.00 T = 0.04
 --> Site =   54 .. Mmps =   15 Ndav =   7 E =   -121.6465168840 Error = 3.02e-19 FLOPS = 8.79e+09 Tdav = 0.00 T = 0.05
 --> Site =   55 .. Mmps =   15 Ndav =   9 E =   -121.6465209110 Error = 3.08e-18 FLOPS = 8.50e+09 Tdav = 0.00 T = 0.06
 --> Site =   56 .. Mmps =   15 Ndav =   7 E =   -121.6465210638 Error = 1.83e-18 FLOPS = 8.71e+09 Tdav = 0.00 T = 0.04
 --> Site =   57 .. Mmps =   15 Ndav =   8 E =   -121.6465219960 Error = 3.14e-19 FLOPS = 8.74e+09 Tdav = 0.00 T = 0.05
 --> Site =   58 .. Mmps =   15 Ndav =   9 E =   -121.6465224430 Error = 9.68e-20 FLOPS = 8.68e+09 Tdav = 0.00 T = 0.05
 --> Site =   59 .. Mmps =   15 Ndav =   7 E =   -121.6465229835 Error = 1.61e-19 FLOPS = 8.93e+09 Tdav = 0.00 T = 0.05
 --> Site =   60 .. Mmps =   15 Ndav =   9 E =   -121.6465238323 Error = 8.31e-19 FLOPS = 8.67e+09 Tdav = 0.00 T = 0.05
 --> Site =   61 .. Mmps =   15 Ndav =   7 E =   -121.6465239394 Error = 3.40e-18 FLOPS = 8.84e+09 Tdav = 0.00 T = 0.04
 --> Site =   62 .. Mmps =   15 Ndav =  13 E =   -121.6465280585 Error = 7.27e-19 FLOPS = 8.01e+09 Tdav = 0.00 T = 0.05
 --> Site =   63 .. Mmps =   15 Ndav =  10 E =   -121.6465301100 Error = 1.81e-18 FLOPS = 8.54e+09 Tdav = 0.00 T = 0.05
 --> Site =   64 .. Mmps =   15 Ndav =  13 E =   -121.6465314458 Error = 1.58e-17 FLOPS = 8.07e+09 Tdav = 0.00 T = 0.05
 --> Site =   65 .. Mmps =   15 Ndav =   7 E =   -121.6465314642 Error = 6.21e-20 FLOPS = 8.95e+09 Tdav = 0.00 T = 0.05
 --> Site =   66 .. Mmps =   15 Ndav =  12 E =   -121.6465339528 Error = 5.44e-20 FLOPS = 8.28e+09 Tdav = 0.00 T = 0.05
 --> Site =   67 .. Mmps =   15 Ndav =   8 E =   -121.6465342521 Error = 1.65e-18 FLOPS = 8.88e+09 Tdav = 0.00 T = 0.05
 --> Site =   68 .. Mmps =   15 Ndav =   7 E =   -121.6465343357 Error = 3.12e-18 FLOPS = 8.93e+09 Tdav = 0.00 T = 0.05
 --> Site =   69 .. Mmps =   15 Ndav =  10 E =   -121.6465365601 Error = 5.90e-19 FLOPS = 8.60e+09 Tdav = 0.00 T = 0.05
 --> Site =   70 .. Mmps =   15 Ndav =   8 E =   -121.6465370830 Error = 5.49e-19 FLOPS = 8.81e+09 Tdav = 0.00 T = 0.05
 --> Site =   71 .. Mmps =   15 Ndav =  11 E =   -121.6465377169 Error = 1.00e-18 FLOPS = 8.42e+09 Tdav = 0.00 T = 0.05
 --> Site =   72 .. Mmps =   15 Ndav =   8 E =   -121.6465378528 Error = 4.66e-18 FLOPS = 8.86e+09 Tdav = 0.00 T = 0.05
 --> Site =   73 .. Mmps =   15 Ndav =   6 E =   -121.6465379141 Error = 1.29e-18 FLOPS = 9.05e+09 Tdav = 0.00 T = 0.05
 --> Site =   74 .. Mmps =   15 Ndav =   8 E =   -121.6465380195 Error = 1.71e-18 FLOPS = 8.90e+09 Tdav = 0.00 T = 0.05
 --> Site =   75 .. Mmps =   15 Ndav =   7 E =   -121.6465381219 Error = 4.15e-19 FLOPS = 8.94e+09 Tdav = 0.00 T = 0.06
 --> Site =   76 .. Mmps =   15 Ndav =   7 E =   -121.6465382527 Error = 3.76e-18 FLOPS = 8.97e+09 Tdav = 0.00 T = 0.05
 --> Site =   77 .. Mmps =   15 Ndav =   5 E =   -121.6465382562 Error = 1.15e-18 FLOPS = 8.86e+09 Tdav = 0.00 T = 0.05
 --> Site =   78 .. Mmps =   15 Ndav =   7 E =   -121.6465382835 Error = 8.03e-18 FLOPS = 8.87e+09 Tdav = 0.00 T = 0.05
 --> Site =   79 .. Mmps =   15 Ndav =   7 E =   -121.6465382858 Error = 2.85e-18 FLOPS = 8.91e+09 Tdav = 0.00 T = 0.05
 --> Site =   80 .. Mmps =   15 Ndav =   6 E =   -121.6465382983 Error = 2.01e-19 FLOPS = 8.97e+09 Tdav = 0.00 T = 0.05
 --> Site =   81 .. Mmps =   15 Ndav =   7 E =   -121.6465383170 Error = 1.46e-18 FLOPS = 8.92e+09 Tdav = 0.00 T = 0.05
 --> Site =   82 .. Mmps =   15 Ndav =   5 E =   -121.6465383230 Error = 1.69e-19 FLOPS = 8.84e+09 Tdav = 0.00 T = 0.05
 --> Site =   83 .. Mmps =   15 Ndav =   9 E =   -121.6465389357 Error = 4.58e-20 FLOPS = 8.72e+09 Tdav = 0.00 T = 0.05
 --> Site =   84 .. Mmps =   15 Ndav =   7 E =   -121.6465390809 Error = 2.51e-18 FLOPS = 8.94e+09 Tdav = 0.00 T = 0.05
 --> Site =   85 .. Mmps =   15 Ndav =   9 E =   -121.6465400480 Error = 2.79e-18 FLOPS = 8.78e+09 Tdav = 0.00 T = 0.05
 --> Site =   86 .. Mmps =   15 Ndav =   7 E =   -121.6465402856 Error = 5.30e-18 FLOPS = 8.91e+09 Tdav = 0.00 T = 0.05
 --> Site =   87 .. Mmps =   15 Ndav =  10 E =   -121.6465423535 Error = 1.04e-18 FLOPS = 8.61e+09 Tdav = 0.00 T = 0.05
 --> Site =   88 .. Mmps =   15 Ndav =   9 E =   -121.6465430327 Error = 3.37e-19 FLOPS = 8.83e+09 Tdav = 0.00 T = 0.05
 --> Site =   89 .. Mmps =   15 Ndav =   9 E =   -121.6465430636 Error = 7.99e-19 FLOPS = 8.81e+09 Tdav = 0.00 T = 0.05
 --> Site =   90 .. Mmps =   15 Ndav =   7 E =   -121.6465430763 Error = 2.33e-17 FLOPS = 8.93e+09 Tdav = 0.00 T = 0.05
 --> Site =   91 .. Mmps =   15 Ndav =   8 E =   -121.6465430921 Error = 1.07e-18 FLOPS = 8.87e+09 Tdav = 0.00 T = 0.05
 --> Site =   92 .. Mmps =   15 Ndav =   9 E =   -121.6465439392 Error = 2.70e-18 FLOPS = 8.81e+09 Tdav = 0.00 T = 0.05
 --> Site =   93 .. Mmps =   15 Ndav =   6 E =   -121.6465439457 Error = 2.68e-19 FLOPS = 8.92e+09 Tdav = 0.00 T = 0.05
 --> Site =   94 .. Mmps =   15 Ndav =   8 E =   -121.6465457912 Error = 6.73e-19 FLOPS = 8.84e+09 Tdav = 0.00 T = 0.07
 --> Site =   95 .. Mmps =   15 Ndav =   7 E =   -121.6465461028 Error = 3.84e-19 FLOPS = 8.87e+09 Tdav = 0.00 T = 0.05
 --> Site =   96 .. Mmps =   15 Ndav =   9 E =   -121.6465466478 Error = 2.11e-18 FLOPS = 8.76e+09 Tdav = 0.00 T = 0.05
 --> Site =   97 .. Mmps =   15 Ndav =   8 E =   -121.6465469562 Error = 7.88e-19 FLOPS = 8.81e+09 Tdav = 0.00 T = 0.05
 --> Site =   98 .. Mmps =   15 Ndav =  13 E =   -121.6465532157 Error = 2.28e-18 FLOPS = 8.02e+09 Tdav = 0.00 T = 0.05
 --> Site =   99 .. Mmps =   15 Ndav =   6 E =   -121.6465532236 Error = 1.93e-18 FLOPS = 8.91e+09 Tdav = 0.00 T = 0.05
 --> Site =  100 .. Mmps =   15 Ndav =   5 E =   -121.6465532394 Error = 1.29e-18 FLOPS = 8.97e+09 Tdav = 0.00 T = 0.05
 --> Site =  101 .. Mmps =   15 Ndav =   7 E =   -121.6465533631 Error = 3.58e-18 FLOPS = 8.87e+09 Tdav = 0.00 T = 0.05
 --> Site =  102 .. Mmps =   15 Ndav =   8 E =   -121.6465540883 Error = 7.04e-19 FLOPS = 8.87e+09 Tdav = 0.00 T = 0.05
 --> Site =  103 .. Mmps =   15 Ndav =  13 E =   -121.6465638043 Error = 3.14e-19 FLOPS = 8.00e+09 Tdav = 0.00 T = 0.05
 --> Site =  104 .. Mmps =   15 Ndav =  13 E =   -121.6465670940 Error = 8.80e-19 FLOPS = 8.02e+09 Tdav = 0.00 T = 0.06
 --> Site =  105 .. Mmps =   15 Ndav =  10 E =   -121.6465672383 Error = 3.36e-18 FLOPS = 8.54e+09 Tdav = 0.00 T = 0.05
 --> Site =  106 .. Mmps =   15 Ndav =  10 E =   -121.6465678958 Error = 1.46e-19 FLOPS = 8.54e+09 Tdav = 0.00 T = 0.05
 --> Site =  107 .. Mmps =   15 Ndav =  12 E =   -121.6465712413 Error = 2.40e-18 FLOPS = 8.18e+09 Tdav = 0.00 T = 0.05
 --> Site =  108 .. Mmps =   15 Ndav =   6 E =   -121.6465713374 Error = 1.85e-19 FLOPS = 8.96e+09 Tdav = 0.00 T = 0.05
 --> Site =  109 .. Mmps =   15 Ndav =   7 E =   -121.6465717983 Error = 8.82e-19 FLOPS = 8.78e+09 Tdav = 0.00 T = 0.04
 --> Site =  110 .. Mmps =   15 Ndav =  10 E =   -121.6465723938 Error = 7.69e-19 FLOPS = 8.49e+09 Tdav = 0.00 T = 0.04
 --> Site =  111 .. Mmps =   15 Ndav =   7 E =   -121.6465726809 Error = 1.54e-18 FLOPS = 8.72e+09 Tdav = 0.00 T = 0.04
 --> Site =  112 .. Mmps =   15 Ndav =  11 E =   -121.6465732485 Error = 2.48e-20 FLOPS = 8.30e+09 Tdav = 0.00 T = 0.05
 --> Site =  113 .. Mmps =   15 Ndav =   9 E =   -121.6465741141 Error = 4.85e-19 FLOPS = 8.62e+09 Tdav = 0.00 T = 0.05
 --> Site =  114 .. Mmps =   15 Ndav =  10 E =   -121.6465742564 Error = 5.55e-19 FLOPS = 8.47e+09 Tdav = 0.00 T = 0.05
 --> Site =  115 .. Mmps =   15 Ndav =   9 E =   -121.6465757628 Error = 4.64e-18 FLOPS = 8.62e+09 Tdav = 0.00 T = 0.04
 --> Site =  116 .. Mmps =   15 Ndav =  12 E =   -121.6465771604 Error = 4.74e-19 FLOPS = 7.94e+09 Tdav = 0.00 T = 0.05
 --> Site =  117 .. Mmps =   15 Ndav =   7 E =   -121.6465771814 Error = 7.17e-19 FLOPS = 8.63e+09 Tdav = 0.00 T = 0.04
 --> Site =  118 .. Mmps =   15 Ndav =  12 E =   -121.6465784103 Error = 5.11e-19 FLOPS = 7.98e+09 Tdav = 0.00 T = 0.05
 --> Site =  119 .. Mmps =   15 Ndav =   8 E =   -121.6465789549 Error = 7.79e-19 FLOPS = 8.58e+09 Tdav = 0.00 T = 0.04
 --> Site =  120 .. Mmps =   15 Ndav =   6 E =   -121.6465789845 Error = 1.60e-18 FLOPS = 8.60e+09 Tdav = 0.00 T = 0.04
 --> Site =  121 .. Mmps =   15 Ndav =   8 E =   -121.6465794926 Error = 1.41e-18 FLOPS = 8.52e+09 Tdav = 0.00 T = 0.04
 --> Site =  122 .. Mmps =   15 Ndav =   7 E =   -121.6465797126 Error = 5.94e-19 FLOPS = 8.59e+09 Tdav = 0.00 T = 0.04
 --> Site =  123 .. Mmps =   15 Ndav =   6 E =   -121.6465799224 Error = 1.33e-18 FLOPS = 8.70e+09 Tdav = 0.00 T = 0.04
 --> Site =  124 .. Mmps =   15 Ndav =   7 E =   -121.6465804499 Error = 7.52e-19 FLOPS = 8.43e+09 Tdav = 0.00 T = 0.04
 --> Site =  125 .. Mmps =   15 Ndav =   4 E =   -121.6465804509 Error = 4.42e-18 FLOPS = 8.30e+09 Tdav = 0.00 T = 0.04
 --> Site =  126 .. Mmps =   15 Ndav =   7 E =   -121.6465804937 Error = 2.63e-19 FLOPS = 8.47e+09 Tdav = 0.00 T = 0.04
 --> Site =  127 .. Mmps =   15 Ndav =   6 E =   -121.6465804974 Error = 1.27e-18 FLOPS = 8.45e+09 Tdav = 0.00 T = 0.04
 --> Site =  128 .. Mmps =   15 Ndav =   9 E =   -121.6465811533 Error = 2.25e-18 FLOPS = 8.18e+09 Tdav = 0.00 T = 0.04
 --> Site =  129 .. Mmps =   15 Ndav =  11 E =   -121.6465896515 Error = 8.53e-19 FLOPS = 7.67e+09 Tdav = 0.00 T = 0.04
 --> Site =  130 .. Mmps =   15 Ndav =   8 E =   -121.6465908787 Error = 6.01e-18 FLOPS = 8.15e+09 Tdav = 0.00 T = 0.04
 --> Site =  131 .. Mmps =   15 Ndav =  10 E =   -121.6465931468 Error = 6.91e-20 FLOPS = 7.88e+09 Tdav = 0.00 T = 0.04
 --> Site =  132 .. Mmps =   15 Ndav =  11 E =   -121.6466009215 Error = 3.80e-19 FLOPS = 7.58e+09 Tdav = 0.00 T = 0.04
 --> Site =  133 .. Mmps =   15 Ndav =  11 E =   -121.6466091859 Error = 2.08e-20 FLOPS = 7.51e+09 Tdav = 0.00 T = 0.05
 --> Site =  134 .. Mmps =   15 Ndav =   8 E =   -121.6466123932 Error = 5.16e-19 FLOPS = 7.92e+09 Tdav = 0.00 T = 0.04
 --> Site =  135 .. Mmps =   15 Ndav =   7 E =   -121.6466126352 Error = 2.42e-19 FLOPS = 7.96e+09 Tdav = 0.00 T = 0.04
 --> Site =  136 .. Mmps =   15 Ndav =   6 E =   -121.6466128374 Error = 1.57e-19 FLOPS = 8.02e+09 Tdav = 0.00 T = 0.03
 --> Site =  137 .. Mmps =   15 Ndav =   8 E =   -121.6466135131 Error = 2.01e-19 FLOPS = 7.74e+09 Tdav = 0.00 T = 0.03
 --> Site =  138 .. Mmps =   15 Ndav =   5 E =   -121.6466135795 Error = 1.73e-18 FLOPS = 7.88e+09 Tdav = 0.00 T = 0.03
 --> Site =  139 .. Mmps =   15 Ndav =  10 E =   -121.6466144504 Error = 4.24e-19 FLOPS = 7.28e+09 Tdav = 0.00 T = 0.03
 --> Site =  140 .. Mmps =   15 Ndav =   8 E =   -121.6466157890 Error = 2.58e-19 FLOPS = 7.44e+09 Tdav = 0.00 T = 0.03
 --> Site =  141 .. Mmps =   15 Ndav =  10 E =   -121.6466174285 Error = 6.11e-19 FLOPS = 7.00e+09 Tdav = 0.00 T = 0.03
 --> Site =  142 .. Mmps =   15 Ndav =   9 E =   -121.6466199209 Error = 1.10e-18 FLOPS = 7.18e+09 Tdav = 0.00 T = 0.03
 --> Site =  143 .. Mmps =   15 Ndav =  13 E =   -121.6466217453 Error = 2.21e-19 FLOPS = 6.15e+09 Tdav = 0.00 T = 0.03
 --> Site =  144 .. Mmps =   15 Ndav =   9 E =   -121.6466227701 Error = 6.87e-19 FLOPS = 6.87e+09 Tdav = 0.00 T = 0.03
 --> Site =  145 .. Mmps =   15 Ndav =   8 E =   -121.6466238058 Error = 6.62e-19 FLOPS = 6.94e+09 Tdav = 0.00 T = 0.03
 --> Site =  146 .. Mmps =   15 Ndav =   8 E =   -121.6466250797 Error = 5.57e-19 FLOPS = 6.61e+09 Tdav = 0.00 T = 0.03
 --> Site =  147 .. Mmps =   15 Ndav =   7 E =   -121.6466261573 Error = 8.60e-19 FLOPS = 6.76e+09 Tdav = 0.00 T = 0.03
 --> Site =  148 .. Mmps =   15 Ndav =   7 E =   -121.6466263589 Error = 3.55e-19 FLOPS = 6.62e+09 Tdav = 0.00 T = 0.03
 --> Site =  149 .. Mmps =   15 Ndav =   6 E =   -121.6466263991 Error = 1.32e-18 FLOPS = 6.41e+09 Tdav = 0.00 T = 0.03
 --> Site =  150 .. Mmps =   15 Ndav =   6 E =   -121.6466265953 Error = 1.16e-18 FLOPS = 6.48e+09 Tdav = 0.00 T = 0.03
 --> Site =  151 .. Mmps =   15 Ndav =  11 E =   -121.6466266895 Error = 1.52e-18 FLOPS = 5.56e+09 Tdav = 0.00 T = 0.03
 --> Site =  152 .. Mmps =   15 Ndav =   6 E =   -121.6466267269 Error = 4.50e-19 FLOPS = 6.05e+09 Tdav = 0.00 T = 0.03
 --> Site =  153 .. Mmps =   15 Ndav =  10 E =   -121.6466267408 Error = 1.76e-19 FLOPS = 5.47e+09 Tdav = 0.00 T = 0.03
 --> Site =  154 .. Mmps =   15 Ndav =   6 E =   -121.6466267465 Error = 3.22e-19 FLOPS = 5.82e+09 Tdav = 0.00 T = 0.03
 --> Site =  155 .. Mmps =   15 Ndav =   8 E =   -121.6466267542 Error = 4.19e-19 FLOPS = 5.51e+09 Tdav = 0.00 T = 0.03
 --> Site =  156 .. Mmps =   15 Ndav =   5 E =   -121.6466267692 Error = 3.85e-18 FLOPS = 5.60e+09 Tdav = 0.00 T = 0.03
 --> Site =  157 .. Mmps =   15 Ndav =   7 E =   -121.6466267813 Error = 9.01e-19 FLOPS = 5.20e+09 Tdav = 0.00 T = 0.03
 --> Site =  158 .. Mmps =   15 Ndav =   7 E =   -121.6466271861 Error = 7.56e-18 FLOPS = 4.96e+09 Tdav = 0.00 T = 0.03
 --> Site =  159 .. Mmps =   15 Ndav =  13 E =   -121.6466275585 Error = 3.17e-18 FLOPS = 3.62e+09 Tdav = 0.00 T = 0.03
 --> Site =  160 .. Mmps =   15 Ndav =   9 E =   -121.6466282963 Error = 7.35e-19 FLOPS = 4.12e+09 Tdav = 0.00 T = 0.03
 --> Site =  161 .. Mmps =   15 Ndav =  16 E =   -121.6466332203 Error = 6.83e-18 FLOPS = 2.59e+09 Tdav = 0.00 T = 0.03
 --> Site =  162 .. Mmps =   15 Ndav =  12 E =   -121.6466348313 Error = 2.99e-18 FLOPS = 3.03e+09 Tdav = 0.00 T = 0.03
 --> Site =  163 .. Mmps =   15 Ndav =  12 E =   -121.6466348676 Error = 1.48e-18 FLOPS = 2.76e+09 Tdav = 0.00 T = 0.03
 --> Site =  164 .. Mmps =   15 Ndav =   7 E =   -121.6466348721 Error = 7.83e-19 FLOPS = 3.15e+09 Tdav = 0.00 T = 0.03
 --> Site =  165 .. Mmps =   15 Ndav =   2 E =   -121.6466348721 Error = 4.90e-26 FLOPS = 1.17e+09 Tdav = 0.00 T = 0.03
 --> Site =  166 .. Mmps =   15 Ndav =   1 E =   -121.6466348721 Error = 1.89e-50 FLOPS = 3.41e+08 Tdav = 0.00 T = 0.03
 --> Site =  167 .. Mmps =   15 Ndav =   1 E =   -121.6466348721 Error = 0.00e+00 FLOPS = 1.70e+08 Tdav = 0.00 T = 0.03
 --> Site =  168 .. Mmps =   15 Ndav =   1 E =   -121.6466348721 Error = 1.41e-108 FLOPS = 4.62e+07 Tdav = 0.00 T = 0.05
Time elapsed =   2552.961 | E =    -121.6466348721 | DE = -2.13e-04 | DW = 2.32566e-17
Time sweep =        6.804 | 1.00 GFLOP/SWP
 | Dmem = 105 KB (3%) | Imem = 232 B (79%) | Hmem = 503 KB | Wmem = 3.52 KB | Pmem = 3.52 KB
 | Tread = 0.154 | Twrite = 0.780 | Tfpread = 0.029 | Tfpwrite = 0.017 | Tmporead = 0.000 | Tasync = 0.000
 | data = 11.3 MB | cpsd = 8.38 MB
 | Trot = 0.021 | Tctr = 0.004 | Tint = 0.018 | Tmid = 0.000 | Tdctr = 0.097 | Tdiag = 0.012 | Tinfo = 0.151
 | Teff = 2.123 | Tprt = 0.097 | Teig = 0.135 | Tblk = 5.283 | Tmve = 1.516 | Tdm = 0.001 | Tsplt = 0.014 | Tsvd = 0.000 | Torth = 0.000

Sweep =    4 | Direction = backward | Bond dimension =   25 | Noise =  1.00e-05 | Dav threshold =  1.00e-10
 <-- Site =  168 .. Mmps =    2 Ndav =   1 E =   -121.6466348721 Error = 0.00e+00 FLOPS = 6.11e+07 Tdav = 0.00 T = 0.02
 <-- Site =  167 .. Mmps =    4 Ndav =   1 E =   -121.6466348721 Error = 0.00e+00 FLOPS = 2.22e+08 Tdav = 0.00 T = 0.03
 <-- Site =  166 .. Mmps =    8 Ndav =   1 E =   -121.6466348721 Error = 0.00e+00 FLOPS = 5.27e+08 Tdav = 0.00 T = 0.02
 <-- Site =  165 .. Mmps =   16 Ndav =   1 E =   -121.6466348721 Error = 0.00e+00 FLOPS = 1.11e+09 Tdav = 0.00 T = 0.02
 <-- Site =  164 .. Mmps =   23 Ndav =   2 E =   -121.6466348721 Error = 0.00e+00 FLOPS = 2.76e+09 Tdav = 0.00 T = 0.03
 <-- Site =  163 .. Mmps =   25 Ndav =   9 E =   -121.6466348827 Error = 1.51e-27 FLOPS = 4.56e+09 Tdav = 0.00 T = 0.03
 <-- Site =  162 .. Mmps =   25 Ndav =   8 E =   -121.6466349600 Error = 1.32e-23 FLOPS = 5.32e+09 Tdav = 0.00 T = 0.03
 <-- Site =  161 .. Mmps =   25 Ndav =  14 E =   -121.6466359618 Error = 6.81e-24 FLOPS = 4.24e+09 Tdav = 0.00 T = 0.03
 <-- Site =  160 .. Mmps =   25 Ndav =  13 E =   -121.6466522807 Error = 8.47e-23 FLOPS = 4.78e+09 Tdav = 0.00 T = 0.03
 <-- Site =  159 .. Mmps =   25 Ndav =  16 E =   -121.6466568808 Error = 1.61e-23 FLOPS = 4.32e+09 Tdav = 0.00 T = 0.03
 <-- Site =  158 .. Mmps =   25 Ndav =  11 E =   -121.6466801490 Error = 2.49e-22 FLOPS = 5.99e+09 Tdav = 0.00 T = 0.03
 <-- Site =  157 .. Mmps =   25 Ndav =  16 E =   -121.6466878270 Error = 7.31e-23 FLOPS = 4.85e+09 Tdav = 0.00 T = 0.03
 <-- Site =  156 .. Mmps =   25 Ndav =  11 E =   -121.6467141632 Error = 2.55e-22 FLOPS = 6.38e+09 Tdav = 0.00 T = 0.03
 <-- Site =  155 .. Mmps =   25 Ndav =  14 E =   -121.6467263270 Error = 1.55e-22 FLOPS = 5.79e+09 Tdav = 0.00 T = 0.03
 <-- Site =  154 .. Mmps =   25 Ndav =   9 E =   -121.6467297253 Error = 4.01e-22 FLOPS = 7.40e+09 Tdav = 0.00 T = 0.03
 <-- Site =  153 .. Mmps =   25 Ndav =  14 E =   -121.6467313252 Error = 3.67e-23 FLOPS = 6.23e+09 Tdav = 0.00 T = 0.03
 <-- Site =  152 .. Mmps =   25 Ndav =   8 E =   -121.6467321357 Error = 7.23e-23 FLOPS = 7.94e+09 Tdav = 0.00 T = 0.03
 <-- Site =  151 .. Mmps =   25 Ndav =  13 E =   -121.6467344603 Error = 8.05e-23 FLOPS = 6.92e+09 Tdav = 0.00 T = 0.03
 <-- Site =  150 .. Mmps =   25 Ndav =   8 E =   -121.6467351643 Error = 1.50e-22 FLOPS = 8.42e+09 Tdav = 0.00 T = 0.03
 <-- Site =  149 .. Mmps =   25 Ndav =  13 E =   -121.6467360534 Error = 2.82e-23 FLOPS = 7.15e+09 Tdav = 0.00 T = 0.03
 <-- Site =  148 .. Mmps =   25 Ndav =   9 E =   -121.6467368748 Error = 2.73e-22 FLOPS = 8.41e+09 Tdav = 0.00 T = 0.03
 <-- Site =  147 .. Mmps =   25 Ndav =  12 E =   -121.6467378696 Error = 1.76e-23 FLOPS = 7.74e+09 Tdav = 0.00 T = 0.03
 <-- Site =  146 .. Mmps =   25 Ndav =  11 E =   -121.6467398758 Error = 2.51e-23 FLOPS = 8.18e+09 Tdav = 0.00 T = 0.06
 <-- Site =  145 .. Mmps =   25 Ndav =  14 E =   -121.6467410876 Error = 3.98e-24 FLOPS = 7.49e+09 Tdav = 0.00 T = 0.03
 <-- Site =  144 .. Mmps =   25 Ndav =   8 E =   -121.6467426632 Error = 7.80e-24 FLOPS = 9.12e+09 Tdav = 0.00 T = 0.04
 <-- Site =  143 .. Mmps =   25 Ndav =  11 E =   -121.6467466215 Error = 2.73e-23 FLOPS = 8.45e+09 Tdav = 0.00 T = 0.04
 <-- Site =  142 .. Mmps =   25 Ndav =  10 E =   -121.6467520694 Error = 8.91e-24 FLOPS = 8.88e+09 Tdav = 0.00 T = 0.04
 <-- Site =  141 .. Mmps =   25 Ndav =  11 E =   -121.6467579919 Error = 4.37e-23 FLOPS = 8.72e+09 Tdav = 0.00 T = 0.05
 <-- Site =  140 .. Mmps =   25 Ndav =  10 E =   -121.6467659217 Error = 1.46e-23 FLOPS = 9.11e+09 Tdav = 0.00 T = 0.04
 <-- Site =  139 .. Mmps =   25 Ndav =  11 E =   -121.6467687114 Error = 1.41e-22 FLOPS = 8.93e+09 Tdav = 0.00 T = 0.05
 <-- Site =  138 .. Mmps =   25 Ndav =   9 E =   -121.6467733074 Error = 4.20e-23 FLOPS = 9.47e+09 Tdav = 0.00 T = 0.04
 <-- Site =  137 .. Mmps =   25 Ndav =   9 E =   -121.6467745908 Error = 6.71e-23 FLOPS = 9.54e+09 Tdav = 0.00 T = 0.06
 <-- Site =  136 .. Mmps =   25 Ndav =  11 E =   -121.6467841931 Error = 3.78e-23 FLOPS = 9.20e+09 Tdav = 0.00 T = 0.04
 <-- Site =  135 .. Mmps =   25 Ndav =  11 E =   -121.6467917325 Error = 1.56e-22 FLOPS = 9.22e+09 Tdav = 0.00 T = 0.04
 <-- Site =  134 .. Mmps =   25 Ndav =   8 E =   -121.6467934586 Error = 4.26e-23 FLOPS = 9.92e+09 Tdav = 0.00 T = 0.06
 <-- Site =  133 .. Mmps =   25 Ndav =  10 E =   -121.6467962782 Error = 2.68e-22 FLOPS = 9.64e+09 Tdav = 0.00 T = 0.06
 <-- Site =  132 .. Mmps =   25 Ndav =  13 E =   -121.6468110839 Error = 1.50e-22 FLOPS = 9.03e+09 Tdav = 0.00 T = 0.04
 <-- Site =  131 .. Mmps =   25 Ndav =  16 E =   -121.6468327493 Error = 4.17e-22 FLOPS = 8.25e+09 Tdav = 0.00 T = 0.05
 <-- Site =  130 .. Mmps =   25 Ndav =  10 E =   -121.6468403649 Error = 2.37e-23 FLOPS = 9.82e+09 Tdav = 0.00 T = 0.06
 <-- Site =  129 .. Mmps =   25 Ndav =  17 E =   -121.6469816337 Error = 3.87e-22 FLOPS = 8.22e+09 Tdav = 0.00 T = 0.05
 <-- Site =  128 .. Mmps =   25 Ndav =  11 E =   -121.6469920912 Error = 1.63e-22 FLOPS = 9.68e+09 Tdav = 0.00 T = 0.04
 <-- Site =  127 .. Mmps =   25 Ndav =  13 E =   -121.6469934065 Error = 3.81e-23 FLOPS = 9.22e+09 Tdav = 0.00 T = 0.05
 <-- Site =  126 .. Mmps =   25 Ndav =   8 E =   -121.6469941755 Error = 7.87e-23 FLOPS = 1.02e+10 Tdav = 0.00 T = 0.05
 <-- Site =  125 .. Mmps =   25 Ndav =  10 E =   -121.6469949667 Error = 2.02e-24 FLOPS = 9.96e+09 Tdav = 0.00 T = 0.06
 <-- Site =  124 .. Mmps =   25 Ndav =   7 E =   -121.6469958804 Error = 1.28e-23 FLOPS = 1.04e+10 Tdav = 0.00 T = 0.06
 <-- Site =  123 .. Mmps =   25 Ndav =   7 E =   -121.6469963872 Error = 6.81e-25 FLOPS = 1.03e+10 Tdav = 0.00 T = 0.05
 <-- Site =  122 .. Mmps =   25 Ndav =   8 E =   -121.6469970934 Error = 2.06e-24 FLOPS = 1.03e+10 Tdav = 0.00 T = 0.05
 <-- Site =  121 .. Mmps =   25 Ndav =   9 E =   -121.6469980581 Error = 5.03e-24 FLOPS = 1.02e+10 Tdav = 0.00 T = 0.05
 <-- Site =  120 .. Mmps =   25 Ndav =   8 E =   -121.6469990723 Error = 9.74e-25 FLOPS = 1.04e+10 Tdav = 0.00 T = 0.05
 <-- Site =  119 .. Mmps =   25 Ndav =  10 E =   -121.6470003571 Error = 1.31e-24 FLOPS = 9.91e+09 Tdav = 0.00 T = 0.05
 <-- Site =  118 .. Mmps =   25 Ndav =   9 E =   -121.6470013522 Error = 8.38e-24 FLOPS = 1.03e+10 Tdav = 0.00 T = 0.05
 <-- Site =  117 .. Mmps =   25 Ndav =  14 E =   -121.6470266462 Error = 5.47e-22 FLOPS = 9.39e+09 Tdav = 0.00 T = 0.05
 <-- Site =  116 .. Mmps =   25 Ndav =  15 E =   -121.6470390000 Error = 1.09e-22 FLOPS = 9.15e+09 Tdav = 0.00 T = 0.06
 <-- Site =  115 .. Mmps =   25 Ndav =  13 E =   -121.6470629281 Error = 1.47e-21 FLOPS = 9.68e+09 Tdav = 0.00 T = 0.05
 <-- Site =  114 .. Mmps =   25 Ndav =  14 E =   -121.6470710954 Error = 3.98e-22 FLOPS = 9.47e+09 Tdav = 0.00 T = 0.06
 <-- Site =  113 .. Mmps =   25 Ndav =  11 E =   -121.6470857561 Error = 5.80e-23 FLOPS = 9.94e+09 Tdav = 0.00 T = 0.06
 <-- Site =  112 .. Mmps =   25 Ndav =  11 E =   -121.6470885228 Error = 2.00e-22 FLOPS = 1.00e+10 Tdav = 0.00 T = 0.07
 <-- Site =  111 .. Mmps =   25 Ndav =   9 E =   -121.6470900215 Error = 1.35e-23 FLOPS = 1.04e+10 Tdav = 0.00 T = 0.05
 <-- Site =  110 .. Mmps =   25 Ndav =  13 E =   -121.6470926139 Error = 8.31e-23 FLOPS = 9.67e+09 Tdav = 0.00 T = 0.05
 <-- Site =  109 .. Mmps =   25 Ndav =  10 E =   -121.6470963911 Error = 1.96e-24 FLOPS = 1.03e+10 Tdav = 0.00 T = 0.05
 <-- Site =  108 .. Mmps =   25 Ndav =   9 E =   -121.6470987312 Error = 6.02e-23 FLOPS = 1.04e+10 Tdav = 0.00 T = 0.05
 <-- Site =  107 .. Mmps =   25 Ndav =  10 E =   -121.6471013813 Error = 4.47e-24 FLOPS = 1.03e+10 Tdav = 0.00 T = 0.06
 <-- Site =  106 .. Mmps =   25 Ndav =  18 E =   -121.6471282495 Error = 1.96e-22 FLOPS = 8.71e+09 Tdav = 0.00 T = 0.06
 <-- Site =  105 .. Mmps =   25 Ndav =  11 E =   -121.6471309722 Error = 1.92e-23 FLOPS = 1.02e+10 Tdav = 0.00 T = 0.06
 <-- Site =  104 .. Mmps =   25 Ndav =  17 E =   -121.6471664071 Error = 7.29e-22 FLOPS = 8.93e+09 Tdav = 0.00 T = 0.06
 <-- Site =  103 .. Mmps =   25 Ndav =  14 E =   -121.6471751294 Error = 2.22e-23 FLOPS = 9.58e+09 Tdav = 0.00 T = 0.06
 <-- Site =  102 .. Mmps =   25 Ndav =  13 E =   -121.6471835309 Error = 5.32e-23 FLOPS = 9.77e+09 Tdav = 0.00 T = 0.06
 <-- Site =  101 .. Mmps =   25 Ndav =  10 E =   -121.6471852718 Error = 2.09e-23 FLOPS = 1.03e+10 Tdav = 0.00 T = 0.06
 <-- Site =  100 .. Mmps =   25 Ndav =  10 E =   -121.6471893358 Error = 6.93e-24 FLOPS = 1.04e+10 Tdav = 0.00 T = 0.06
 <-- Site =   99 .. Mmps =   25 Ndav =  10 E =   -121.6471902736 Error = 2.88e-23 FLOPS = 1.03e+10 Tdav = 0.00 T = 0.06
 <-- Site =   98 .. Mmps =   25 Ndav =   8 E =   -121.6471904723 Error = 2.23e-24 FLOPS = 1.07e+10 Tdav = 0.00 T = 0.05
 <-- Site =   97 .. Mmps =   25 Ndav =  10 E =   -121.6471916261 Error = 1.42e-24 FLOPS = 1.04e+10 Tdav = 0.00 T = 0.07
 <-- Site =   96 .. Mmps =   25 Ndav =   9 E =   -121.6471924290 Error = 2.76e-25 FLOPS = 1.05e+10 Tdav = 0.00 T = 0.06
 <-- Site =   95 .. Mmps =   25 Ndav =   8 E =   -121.6471927630 Error = 2.29e-24 FLOPS = 1.06e+10 Tdav = 0.00 T = 0.05
 <-- Site =   94 .. Mmps =   25 Ndav =   8 E =   -121.6471930176 Error = 2.01e-24 FLOPS = 1.06e+10 Tdav = 0.00 T = 0.06
 <-- Site =   93 .. Mmps =   25 Ndav =   9 E =   -121.6471935866 Error = 4.39e-25 FLOPS = 1.05e+10 Tdav = 0.00 T = 0.06
 <-- Site =   92 .. Mmps =   25 Ndav =  10 E =   -121.6471976653 Error = 3.98e-24 FLOPS = 1.04e+10 Tdav = 0.00 T = 0.06
 <-- Site =   91 .. Mmps =   25 Ndav =  19 E =   -121.6472224538 Error = 6.74e-23 FLOPS = 8.59e+09 Tdav = 0.01 T = 0.06
 <-- Site =   90 .. Mmps =   25 Ndav =  14 E =   -121.6472604621 Error = 4.17e-22 FLOPS = 9.64e+09 Tdav = 0.00 T = 0.07
 <-- Site =   89 .. Mmps =   25 Ndav =  12 E =   -121.6472649004 Error = 1.36e-22 FLOPS = 1.00e+10 Tdav = 0.00 T = 0.06
 <-- Site =   88 .. Mmps =   25 Ndav =  11 E =   -121.6472684052 Error = 1.49e-23 FLOPS = 1.02e+10 Tdav = 0.00 T = 0.06
 <-- Site =   87 .. Mmps =   25 Ndav =  10 E =   -121.6472698128 Error = 4.08e-23 FLOPS = 1.03e+10 Tdav = 0.00 T = 0.09
 <-- Site =   86 .. Mmps =   25 Ndav =  13 E =   -121.6472822733 Error = 2.25e-23 FLOPS = 9.91e+09 Tdav = 0.00 T = 0.06
 <-- Site =   85 .. Mmps =   25 Ndav =  12 E =   -121.6472857490 Error = 3.60e-24 FLOPS = 1.00e+10 Tdav = 0.00 T = 0.06
 <-- Site =   84 .. Mmps =   25 Ndav =   8 E =   -121.6472897775 Error = 6.71e-24 FLOPS = 1.06e+10 Tdav = 0.00 T = 0.06
 <-- Site =   83 .. Mmps =   25 Ndav =  12 E =   -121.6472953319 Error = 2.08e-22 FLOPS = 1.00e+10 Tdav = 0.00 T = 0.06
 <-- Site =   82 .. Mmps =   25 Ndav =  11 E =   -121.6473025581 Error = 5.15e-24 FLOPS = 1.02e+10 Tdav = 0.00 T = 0.06
 <-- Site =   81 .. Mmps =   25 Ndav =  10 E =   -121.6473041675 Error = 1.45e-23 FLOPS = 1.04e+10 Tdav = 0.00 T = 0.06
 <-- Site =   80 .. Mmps =   25 Ndav =   9 E =   -121.6473109401 Error = 3.48e-23 FLOPS = 1.05e+10 Tdav = 0.00 T = 0.06
 <-- Site =   79 .. Mmps =   25 Ndav =  13 E =   -121.6473211159 Error = 4.99e-22 FLOPS = 9.82e+09 Tdav = 0.00 T = 0.06
 <-- Site =   78 .. Mmps =   25 Ndav =  10 E =   -121.6473275532 Error = 1.41e-23 FLOPS = 1.04e+10 Tdav = 0.00 T = 0.06
 <-- Site =   77 .. Mmps =   25 Ndav =  13 E =   -121.6473332983 Error = 7.42e-23 FLOPS = 9.74e+09 Tdav = 0.00 T = 0.06
 <-- Site =   76 .. Mmps =   25 Ndav =  11 E =   -121.6473363019 Error = 2.34e-23 FLOPS = 1.02e+10 Tdav = 0.00 T = 0.06
 <-- Site =   75 .. Mmps =   25 Ndav =   6 E =   -121.6473363453 Error = 1.60e-24 FLOPS = 1.07e+10 Tdav = 0.00 T = 0.06
 <-- Site =   74 .. Mmps =   25 Ndav =  10 E =   -121.6473369140 Error = 7.67e-24 FLOPS = 1.04e+10 Tdav = 0.00 T = 0.06
 <-- Site =   73 .. Mmps =   25 Ndav =   5 E =   -121.6473369774 Error = 1.26e-25 FLOPS = 1.08e+10 Tdav = 0.00 T = 0.05
 <-- Site =   72 .. Mmps =   25 Ndav =   6 E =   -121.6473370898 Error = 2.14e-25 FLOPS = 1.08e+10 Tdav = 0.00 T = 0.05
 <-- Site =   71 .. Mmps =   25 Ndav =   7 E =   -121.6473371764 Error = 1.19e-24 FLOPS = 1.07e+10 Tdav = 0.00 T = 0.05
 <-- Site =   70 .. Mmps =   25 Ndav =   8 E =   -121.6473373331 Error = 1.33e-23 FLOPS = 1.07e+10 Tdav = 0.00 T = 0.06
 <-- Site =   69 .. Mmps =   25 Ndav =   7 E =   -121.6473375899 Error = 8.32e-25 FLOPS = 1.08e+10 Tdav = 0.00 T = 0.05
 <-- Site =   68 .. Mmps =   25 Ndav =   8 E =   -121.6473380737 Error = 1.52e-24 FLOPS = 1.06e+10 Tdav = 0.00 T = 0.06
 <-- Site =   67 .. Mmps =   25 Ndav =  11 E =   -121.6473404572 Error = 4.02e-25 FLOPS = 1.02e+10 Tdav = 0.00 T = 0.06
 <-- Site =   66 .. Mmps =   25 Ndav =   9 E =   -121.6473420578 Error = 1.48e-24 FLOPS = 1.06e+10 Tdav = 0.00 T = 0.06
 <-- Site =   65 .. Mmps =   25 Ndav =  16 E =   -121.6473782632 Error = 1.61e-22 FLOPS = 9.19e+09 Tdav = 0.00 T = 0.06
 <-- Site =   64 .. Mmps =   25 Ndav =  17 E =   -121.6474017457 Error = 1.00e-22 FLOPS = 8.98e+09 Tdav = 0.00 T = 0.08
 <-- Site =   63 .. Mmps =   25 Ndav =  15 E =   -121.6474481133 Error = 3.08e-21 FLOPS = 9.38e+09 Tdav = 0.00 T = 0.07
 <-- Site =   62 .. Mmps =   25 Ndav =  15 E =   -121.6474591644 Error = 6.81e-22 FLOPS = 9.41e+09 Tdav = 0.00 T = 0.06
 <-- Site =   61 .. Mmps =   25 Ndav =  10 E =   -121.6474648400 Error = 1.43e-22 FLOPS = 1.03e+10 Tdav = 0.00 T = 0.06
 <-- Site =   60 .. Mmps =   25 Ndav =   9 E =   -121.6474667835 Error = 1.11e-22 FLOPS = 1.04e+10 Tdav = 0.00 T = 0.06
 <-- Site =   59 .. Mmps =   25 Ndav =  11 E =   -121.6474711175 Error = 9.07e-24 FLOPS = 1.02e+10 Tdav = 0.00 T = 0.06
 <-- Site =   58 .. Mmps =   25 Ndav =  14 E =   -121.6474732685 Error = 3.95e-23 FLOPS = 9.56e+09 Tdav = 0.00 T = 0.08
 <-- Site =   57 .. Mmps =   25 Ndav =   8 E =   -121.6474748978 Error = 7.51e-25 FLOPS = 1.05e+10 Tdav = 0.00 T = 0.06
 <-- Site =   56 .. Mmps =   25 Ndav =  11 E =   -121.6474761598 Error = 1.92e-24 FLOPS = 1.01e+10 Tdav = 0.00 T = 0.05
 <-- Site =   55 .. Mmps =   25 Ndav =   9 E =   -121.6474787108 Error = 7.47e-25 FLOPS = 1.04e+10 Tdav = 0.00 T = 0.07
 <-- Site =   54 .. Mmps =   25 Ndav =  14 E =   -121.6474926836 Error = 4.33e-23 FLOPS = 9.51e+09 Tdav = 0.00 T = 0.06
 <-- Site =   53 .. Mmps =   25 Ndav =  13 E =   -121.6475020712 Error = 8.94e-24 FLOPS = 9.68e+09 Tdav = 0.00 T = 0.07
 <-- Site =   52 .. Mmps =   25 Ndav =  15 E =   -121.6475176980 Error = 9.26e-22 FLOPS = 9.27e+09 Tdav = 0.00 T = 0.07
 <-- Site =   51 .. Mmps =   25 Ndav =  12 E =   -121.6475210021 Error = 1.97e-23 FLOPS = 9.88e+09 Tdav = 0.00 T = 0.05
 <-- Site =   50 .. Mmps =   25 Ndav =  11 E =   -121.6475260306 Error = 1.38e-23 FLOPS = 9.96e+09 Tdav = 0.00 T = 0.07
 <-- Site =   49 .. Mmps =   25 Ndav =   8 E =   -121.6475266769 Error = 1.82e-23 FLOPS = 1.05e+10 Tdav = 0.00 T = 0.05
 <-- Site =   48 .. Mmps =   25 Ndav =   7 E =   -121.6475267450 Error = 3.89e-24 FLOPS = 1.05e+10 Tdav = 0.00 T = 0.05
 <-- Site =   47 .. Mmps =   25 Ndav =  11 E =   -121.6475270645 Error = 1.14e-23 FLOPS = 9.92e+09 Tdav = 0.00 T = 0.05
 <-- Site =   46 .. Mmps =   25 Ndav =   6 E =   -121.6475271652 Error = 6.48e-25 FLOPS = 1.05e+10 Tdav = 0.00 T = 0.05
 <-- Site =   45 .. Mmps =   25 Ndav =   7 E =   -121.6475273170 Error = 1.61e-23 FLOPS = 1.05e+10 Tdav = 0.00 T = 0.05
 <-- Site =   44 .. Mmps =   25 Ndav =   6 E =   -121.6475273660 Error = 8.53e-25 FLOPS = 1.05e+10 Tdav = 0.00 T = 0.05
 <-- Site =   43 .. Mmps =   25 Ndav =  10 E =   -121.6475286041 Error = 6.32e-25 FLOPS = 9.96e+09 Tdav = 0.00 T = 0.05
 <-- Site =   42 .. Mmps =   25 Ndav =   7 E =   -121.6475290182 Error = 2.94e-24 FLOPS = 1.03e+10 Tdav = 0.00 T = 0.04
 <-- Site =   41 .. Mmps =   25 Ndav =  10 E =   -121.6475298000 Error = 7.27e-24 FLOPS = 9.99e+09 Tdav = 0.00 T = 0.07
 <-- Site =   40 .. Mmps =   25 Ndav =   9 E =   -121.6475300674 Error = 1.18e-24 FLOPS = 1.01e+10 Tdav = 0.00 T = 0.05
 <-- Site =   39 .. Mmps =   25 Ndav =  12 E =   -121.6475517167 Error = 2.10e-22 FLOPS = 9.47e+09 Tdav = 0.00 T = 0.04
 <-- Site =   38 .. Mmps =   25 Ndav =  13 E =   -121.6476551660 Error = 1.19e-21 FLOPS = 9.21e+09 Tdav = 0.00 T = 0.04
 <-- Site =   37 .. Mmps =   25 Ndav =  11 E =   -121.6476602957 Error = 1.44e-22 FLOPS = 9.61e+09 Tdav = 0.00 T = 0.04
 <-- Site =   36 .. Mmps =   25 Ndav =  10 E =   -121.6476648022 Error = 1.12e-22 FLOPS = 9.76e+09 Tdav = 0.00 T = 0.04
 <-- Site =   35 .. Mmps =   25 Ndav =  13 E =   -121.6476805568 Error = 1.02e-22 FLOPS = 9.01e+09 Tdav = 0.00 T = 0.04
 <-- Site =   34 .. Mmps =   25 Ndav =  10 E =   -121.6476950872 Error = 8.06e-24 FLOPS = 9.64e+09 Tdav = 0.00 T = 0.04
 <-- Site =   33 .. Mmps =   25 Ndav =  10 E =   -121.6477013431 Error = 1.06e-22 FLOPS = 9.61e+09 Tdav = 0.00 T = 0.04
 <-- Site =   32 .. Mmps =   25 Ndav =   9 E =   -121.6477054812 Error = 6.34e-24 FLOPS = 9.62e+09 Tdav = 0.00 T = 0.04
 <-- Site =   31 .. Mmps =   25 Ndav =  11 E =   -121.6477097735 Error = 1.49e-23 FLOPS = 9.24e+09 Tdav = 0.00 T = 0.04
 <-- Site =   30 .. Mmps =   25 Ndav =  10 E =   -121.6477147212 Error = 6.30e-24 FLOPS = 9.36e+09 Tdav = 0.00 T = 0.04
 <-- Site =   29 .. Mmps =   25 Ndav =  11 E =   -121.6477192848 Error = 1.69e-23 FLOPS = 9.07e+09 Tdav = 0.00 T = 0.04
 <-- Site =   28 .. Mmps =   25 Ndav =  11 E =   -121.6477260812 Error = 4.86e-23 FLOPS = 8.95e+09 Tdav = 0.00 T = 0.04
 <-- Site =   27 .. Mmps =   25 Ndav =  14 E =   -121.6477383290 Error = 4.61e-22 FLOPS = 8.10e+09 Tdav = 0.00 T = 0.04
 <-- Site =   26 .. Mmps =   25 Ndav =  10 E =   -121.6477447837 Error = 5.44e-23 FLOPS = 8.93e+09 Tdav = 0.00 T = 0.03
 <-- Site =   25 .. Mmps =   25 Ndav =  13 E =   -121.6477473026 Error = 1.59e-22 FLOPS = 8.13e+09 Tdav = 0.00 T = 0.04
 <-- Site =   24 .. Mmps =   25 Ndav =  12 E =   -121.6477531944 Error = 2.08e-22 FLOPS = 8.29e+09 Tdav = 0.00 T = 0.03
 <-- Site =   23 .. Mmps =   25 Ndav =   9 E =   -121.6477538089 Error = 4.59e-24 FLOPS = 8.98e+09 Tdav = 0.00 T = 0.03
 <-- Site =   22 .. Mmps =   25 Ndav =  10 E =   -121.6477545261 Error = 5.82e-23 FLOPS = 8.62e+09 Tdav = 0.00 T = 0.04
 <-- Site =   21 .. Mmps =   25 Ndav =  15 E =   -121.6477588446 Error = 1.16e-23 FLOPS = 7.12e+09 Tdav = 0.00 T = 0.04
 <-- Site =   20 .. Mmps =   25 Ndav =  11 E =   -121.6477598966 Error = 5.44e-23 FLOPS = 8.08e+09 Tdav = 0.00 T = 0.04
 <-- Site =   19 .. Mmps =   25 Ndav =  12 E =   -121.6477614151 Error = 1.70e-23 FLOPS = 7.65e+09 Tdav = 0.00 T = 0.03
 <-- Site =   18 .. Mmps =   25 Ndav =   9 E =   -121.6477637590 Error = 3.65e-22 FLOPS = 8.35e+09 Tdav = 0.00 T = 0.03
 <-- Site =   17 .. Mmps =   25 Ndav =  14 E =   -121.6477704297 Error = 8.66e-24 FLOPS = 6.80e+09 Tdav = 0.00 T = 0.03
 <-- Site =   16 .. Mmps =   25 Ndav =   9 E =   -121.6477716278 Error = 6.48e-24 FLOPS = 8.10e+09 Tdav = 0.00 T = 0.03
 <-- Site =   15 .. Mmps =   25 Ndav =  12 E =   -121.6477737918 Error = 4.14e-24 FLOPS = 7.05e+09 Tdav = 0.00 T = 0.03
 <-- Site =   14 .. Mmps =   25 Ndav =   9 E =   -121.6477752501 Error = 7.34e-24 FLOPS = 7.68e+09 Tdav = 0.00 T = 0.03
 <-- Site =   13 .. Mmps =   25 Ndav =  11 E =   -121.6477777523 Error = 8.97e-24 FLOPS = 6.91e+09 Tdav = 0.00 T = 0.03
 <-- Site =   12 .. Mmps =   25 Ndav =   8 E =   -121.6477857249 Error = 2.53e-23 FLOPS = 7.42e+09 Tdav = 0.00 T = 0.03
 <-- Site =   11 .. Mmps =   25 Ndav =  15 E =   -121.6478006658 Error = 5.94e-23 FLOPS = 5.22e+09 Tdav = 0.00 T = 0.03
 <-- Site =   10 .. Mmps =   25 Ndav =  12 E =   -121.6478142678 Error = 1.27e-22 FLOPS = 5.98e+09 Tdav = 0.00 T = 0.03
 <-- Site =    9 .. Mmps =   25 Ndav =  19 E =   -121.6478604327 Error = 2.89e-22 FLOPS = 3.97e+09 Tdav = 0.00 T = 0.03
 <-- Site =    8 .. Mmps =   25 Ndav =  12 E =   -121.6478744896 Error = 5.08e-23 FLOPS = 5.40e+09 Tdav = 0.00 T = 0.03
 <-- Site =    7 .. Mmps =   25 Ndav =  19 E =   -121.6478769262 Error = 1.11e-23 FLOPS = 3.50e+09 Tdav = 0.00 T = 0.03
 <-- Site =    6 .. Mmps =   25 Ndav =  12 E =   -121.6478772663 Error = 6.93e-24 FLOPS = 4.77e+09 Tdav = 0.00 T = 0.03
 <-- Site =    5 .. Mmps =   25 Ndav =  14 E =   -121.6478774080 Error = 8.67e-25 FLOPS = 3.94e+09 Tdav = 0.00 T = 0.03
 <-- Site =    4 .. Mmps =   25 Ndav =   7 E =   -121.6478774211 Error = 4.93e-25 FLOPS = 5.18e+09 Tdav = 0.00 T = 0.03
 <-- Site =    3 .. Mmps =   25 Ndav =   2 E =   -121.6478774211 Error = 3.98e-31 FLOPS = 1.91e+09 Tdav = 0.00 T = 0.02
 <-- Site =    2 .. Mmps =   25 Ndav =   1 E =   -121.6478774211 Error = 4.65e-52 FLOPS = 8.05e+08 Tdav = 0.00 T = 0.03
 <-- Site =    1 .. Mmps =   25 Ndav =   1 E =   -121.6478774211 Error = 4.39e-56 FLOPS = 3.63e+08 Tdav = 0.00 T = 0.03
 <-- Site =    0 .. Mmps =   25 Ndav =   1 E =   -121.6478774211 Error = 2.71e-57 FLOPS = 1.27e+08 Tdav = 0.00 T = 0.02
Time elapsed =   2560.879 | E =    -121.6478774211 | DE = -1.24e-03 | DW = 3.07558e-21
Time sweep =        7.918 | 2.65 GFLOP/SWP
 | Dmem = 289 KB (2%) | Imem = 232 B (79%) | Hmem = 684 KB | Wmem = 5.86 KB | Pmem = 5.86 KB
 | Tread = 0.189 | Twrite = 0.899 | Tfpread = 0.049 | Tfpwrite = 0.042 | Tmporead = 0.000 | Tasync = 0.000
 | data = 31.2 MB | cpsd = 20.6 MB
 | Trot = 0.050 | Tctr = 0.507 | Tint = 0.017 | Tmid = 0.000 | Tdctr = 0.005 | Tdiag = 0.013 | Tinfo = 0.169
 | Teff = 2.045 | Tprt = 0.105 | Teig = 0.309 | Tblk = 5.647 | Tmve = 2.265 | Tdm = 0.002 | Tsplt = 0.040 | Tsvd = 0.000 | Torth = 0.000

Sweep =    5 | Direction =  forward | Bond dimension =   25 | Noise =  1.00e-05 | Dav threshold =  1.00e-10
 --> Site =    0 .. Mmps =    2 Ndav =   1 E =   -121.6478774211 Error = 0.00e+00 FLOPS = 1.75e+08 Tdav = 0.00 T = 0.02
 --> Site =    1 .. Mmps =    4 Ndav =   1 E =   -121.6478774211 Error = 0.00e+00 FLOPS = 3.74e+08 Tdav = 0.00 T = 0.02
 --> Site =    2 .. Mmps =    8 Ndav =   1 E =   -121.6478774211 Error = 0.00e+00 FLOPS = 6.21e+08 Tdav = 0.00 T = 0.02
 --> Site =    3 .. Mmps =   16 Ndav =   1 E =   -121.6478774211 Error = 0.00e+00 FLOPS = 1.28e+09 Tdav = 0.00 T = 0.02
 --> Site =    4 .. Mmps =   25 Ndav =   2 E =   -121.6478774211 Error = 6.25e-23 FLOPS = 4.28e+09 Tdav = 0.00 T = 0.02
 --> Site =    5 .. Mmps =   25 Ndav =   9 E =   -121.6478774353 Error = 2.19e-20 FLOPS = 7.39e+09 Tdav = 0.00 T = 0.02
 --> Site =    6 .. Mmps =   25 Ndav =   9 E =   -121.6478775599 Error = 7.21e-21 FLOPS = 8.21e+09 Tdav = 0.00 T = 0.03
 --> Site =    7 .. Mmps =   25 Ndav =  18 E =   -121.6478785228 Error = 1.31e-19 FLOPS = 5.44e+09 Tdav = 0.00 T = 0.03
 --> Site =    8 .. Mmps =   25 Ndav =  13 E =   -121.6478864471 Error = 6.82e-20 FLOPS = 7.48e+09 Tdav = 0.00 T = 0.03
 --> Site =    9 .. Mmps =   25 Ndav =  21 E =   -121.6479082652 Error = 4.12e-21 FLOPS = 5.31e+09 Tdav = 0.00 T = 0.03
 --> Site =   10 .. Mmps =   25 Ndav =  15 E =   -121.6479488800 Error = 4.24e-20 FLOPS = 7.48e+09 Tdav = 0.00 T = 0.03
 --> Site =   11 .. Mmps =   25 Ndav =  20 E =   -121.6479758222 Error = 5.37e-20 FLOPS = 6.14e+09 Tdav = 0.00 T = 0.03
 --> Site =   12 .. Mmps =   25 Ndav =  13 E =   -121.6480364170 Error = 1.88e-19 FLOPS = 8.93e+09 Tdav = 0.00 T = 0.03
 --> Site =   13 .. Mmps =   25 Ndav =  13 E =   -121.6480502319 Error = 4.88e-19 FLOPS = 9.19e+09 Tdav = 0.00 T = 0.03
 --> Site =   14 .. Mmps =   25 Ndav =  13 E =   -121.6480633217 Error = 1.82e-19 FLOPS = 9.41e+09 Tdav = 0.00 T = 0.03
 --> Site =   15 .. Mmps =   25 Ndav =  13 E =   -121.6480682240 Error = 2.82e-19 FLOPS = 9.66e+09 Tdav = 0.00 T = 0.03
 --> Site =   16 .. Mmps =   25 Ndav =  11 E =   -121.6480757080 Error = 3.21e-19 FLOPS = 1.06e+10 Tdav = 0.00 T = 0.04
 --> Site =   17 .. Mmps =   25 Ndav =  15 E =   -121.6480805085 Error = 1.68e-19 FLOPS = 9.27e+09 Tdav = 0.00 T = 0.04
 --> Site =   18 .. Mmps =   25 Ndav =  11 E =   -121.6480858067 Error = 2.67e-19 FLOPS = 1.10e+10 Tdav = 0.00 T = 0.03
 --> Site =   19 .. Mmps =   25 Ndav =  15 E =   -121.6480890028 Error = 1.06e-18 FLOPS = 9.69e+09 Tdav = 0.00 T = 0.04
 --> Site =   20 .. Mmps =   25 Ndav =  12 E =   -121.6480933317 Error = 1.69e-19 FLOPS = 1.10e+10 Tdav = 0.00 T = 0.04
 --> Site =   21 .. Mmps =   25 Ndav =  13 E =   -121.6480956357 Error = 3.37e-19 FLOPS = 1.08e+10 Tdav = 0.00 T = 0.04
 --> Site =   22 .. Mmps =   25 Ndav =  16 E =   -121.6481038272 Error = 2.42e-19 FLOPS = 9.86e+09 Tdav = 0.00 T = 0.04
 --> Site =   23 .. Mmps =   25 Ndav =  15 E =   -121.6481048088 Error = 1.88e-19 FLOPS = 1.03e+10 Tdav = 0.00 T = 0.04
 --> Site =   24 .. Mmps =   25 Ndav =  10 E =   -121.6481064763 Error = 4.33e-20 FLOPS = 1.22e+10 Tdav = 0.00 T = 0.04
 --> Site =   25 .. Mmps =   25 Ndav =  18 E =   -121.6481157593 Error = 7.24e-20 FLOPS = 9.61e+09 Tdav = 0.00 T = 0.04
 --> Site =   26 .. Mmps =   25 Ndav =  12 E =   -121.6481215647 Error = 7.64e-21 FLOPS = 1.18e+10 Tdav = 0.00 T = 0.04
 --> Site =   27 .. Mmps =   25 Ndav =  15 E =   -121.6481675517 Error = 6.37e-19 FLOPS = 1.08e+10 Tdav = 0.00 T = 0.04
 --> Site =   28 .. Mmps =   25 Ndav =  13 E =   -121.6481875022 Error = 1.33e-19 FLOPS = 1.16e+10 Tdav = 0.00 T = 0.04
 --> Site =   29 .. Mmps =   25 Ndav =  18 E =   -121.6482009441 Error = 1.20e-18 FLOPS = 1.01e+10 Tdav = 0.01 T = 0.05
 --> Site =   30 .. Mmps =   25 Ndav =  13 E =   -121.6482335224 Error = 2.95e-20 FLOPS = 1.17e+10 Tdav = 0.00 T = 0.05
 --> Site =   31 .. Mmps =   25 Ndav =  13 E =   -121.6482409954 Error = 3.94e-19 FLOPS = 1.18e+10 Tdav = 0.00 T = 0.05
 --> Site =   32 .. Mmps =   25 Ndav =  11 E =   -121.6482454383 Error = 5.50e-20 FLOPS = 1.25e+10 Tdav = 0.00 T = 0.05
 --> Site =   33 .. Mmps =   25 Ndav =  12 E =   -121.6482537822 Error = 8.55e-19 FLOPS = 1.23e+10 Tdav = 0.00 T = 0.05
 --> Site =   34 .. Mmps =   25 Ndav =  11 E =   -121.6482629267 Error = 1.46e-18 FLOPS = 1.27e+10 Tdav = 0.00 T = 0.05
 --> Site =   35 .. Mmps =   25 Ndav =  13 E =   -121.6482737915 Error = 3.69e-19 FLOPS = 1.22e+10 Tdav = 0.00 T = 0.05
 --> Site =   36 .. Mmps =   25 Ndav =  13 E =   -121.6482866078 Error = 1.13e-20 FLOPS = 1.23e+10 Tdav = 0.00 T = 0.06
 --> Site =   37 .. Mmps =   25 Ndav =  18 E =   -121.6483416783 Error = 3.53e-19 FLOPS = 1.08e+10 Tdav = 0.01 T = 0.06
 --> Site =   38 .. Mmps =   25 Ndav =  12 E =   -121.6483543354 Error = 1.01e-19 FLOPS = 1.27e+10 Tdav = 0.00 T = 0.06
 --> Site =   39 .. Mmps =   25 Ndav =  18 E =   -121.6485852790 Error = 1.14e-18 FLOPS = 1.10e+10 Tdav = 0.01 T = 0.06
 --> Site =   40 .. Mmps =   25 Ndav =  16 E =   -121.6486401086 Error = 2.62e-19 FLOPS = 1.16e+10 Tdav = 0.01 T = 0.06
 --> Site =   41 .. Mmps =   25 Ndav =  17 E =   -121.6486858329 Error = 1.02e-19 FLOPS = 1.14e+10 Tdav = 0.01 T = 0.06
 --> Site =   42 .. Mmps =   25 Ndav =  12 E =   -121.6487033577 Error = 4.15e-18 FLOPS = 1.29e+10 Tdav = 0.00 T = 0.06
 --> Site =   43 .. Mmps =   25 Ndav =  13 E =   -121.6487282403 Error = 4.48e-19 FLOPS = 1.26e+10 Tdav = 0.00 T = 0.06
 --> Site =   44 .. Mmps =   25 Ndav =  13 E =   -121.6487294735 Error = 1.55e-18 FLOPS = 1.27e+10 Tdav = 0.00 T = 0.07
 --> Site =   45 .. Mmps =   25 Ndav =  15 E =   -121.6487330567 Error = 1.14e-18 FLOPS = 1.21e+10 Tdav = 0.01 T = 0.07
 --> Site =   46 .. Mmps =   25 Ndav =  10 E =   -121.6487345175 Error = 3.15e-19 FLOPS = 1.35e+10 Tdav = 0.00 T = 0.07
 --> Site =   47 .. Mmps =   25 Ndav =  13 E =   -121.6487396745 Error = 2.93e-20 FLOPS = 1.28e+10 Tdav = 0.00 T = 0.07
 --> Site =   48 .. Mmps =   25 Ndav =  12 E =   -121.6487410935 Error = 4.93e-19 FLOPS = 1.30e+10 Tdav = 0.00 T = 0.07
 --> Site =   49 .. Mmps =   25 Ndav =  12 E =   -121.6487453768 Error = 1.32e-19 FLOPS = 1.31e+10 Tdav = 0.00 T = 0.07
 --> Site =   50 .. Mmps =   25 Ndav =  10 E =   -121.6487486233 Error = 3.71e-19 FLOPS = 1.36e+10 Tdav = 0.00 T = 0.07
 --> Site =   51 .. Mmps =   25 Ndav =  17 E =   -121.6488129413 Error = 4.28e-19 FLOPS = 1.19e+10 Tdav = 0.01 T = 0.07
 --> Site =   52 .. Mmps =   25 Ndav =  19 E =   -121.6488664251 Error = 5.42e-20 FLOPS = 1.14e+10 Tdav = 0.01 T = 0.08
 --> Site =   53 .. Mmps =   25 Ndav =  17 E =   -121.6489409562 Error = 1.93e-18 FLOPS = 1.19e+10 Tdav = 0.01 T = 0.08
 --> Site =   54 .. Mmps =   25 Ndav =  14 E =   -121.6489514707 Error = 3.30e-20 FLOPS = 1.28e+10 Tdav = 0.01 T = 0.08
 --> Site =   55 .. Mmps =   25 Ndav =  11 E =   -121.6489664005 Error = 4.20e-20 FLOPS = 1.35e+10 Tdav = 0.00 T = 0.08
 --> Site =   56 .. Mmps =   25 Ndav =  15 E =   -121.6489695187 Error = 3.34e-19 FLOPS = 1.25e+10 Tdav = 0.01 T = 0.08
 --> Site =   57 .. Mmps =   25 Ndav =  11 E =   -121.6489824175 Error = 1.55e-20 FLOPS = 1.35e+10 Tdav = 0.00 T = 0.08
 --> Site =   58 .. Mmps =   25 Ndav =  14 E =   -121.6489868119 Error = 7.58e-19 FLOPS = 1.28e+10 Tdav = 0.01 T = 0.08
 --> Site =   59 .. Mmps =   25 Ndav =  10 E =   -121.6489909623 Error = 3.63e-21 FLOPS = 1.37e+10 Tdav = 0.00 T = 0.09
 --> Site =   60 .. Mmps =   25 Ndav =  12 E =   -121.6489988300 Error = 7.99e-20 FLOPS = 1.32e+10 Tdav = 0.00 T = 0.08
 --> Site =   61 .. Mmps =   25 Ndav =  10 E =   -121.6490021233 Error = 1.20e-19 FLOPS = 1.38e+10 Tdav = 0.00 T = 0.08
 --> Site =   62 .. Mmps =   25 Ndav =  17 E =   -121.6490291913 Error = 3.97e-19 FLOPS = 1.21e+10 Tdav = 0.01 T = 0.09
 --> Site =   63 .. Mmps =   25 Ndav =  14 E =   -121.6490455772 Error = 4.36e-20 FLOPS = 1.29e+10 Tdav = 0.01 T = 0.08
 --> Site =   64 .. Mmps =   25 Ndav =  19 E =   -121.6490832503 Error = 2.70e-18 FLOPS = 1.17e+10 Tdav = 0.01 T = 0.10
 --> Site =   65 .. Mmps =   25 Ndav =  17 E =   -121.6491272787 Error = 1.45e-19 FLOPS = 1.21e+10 Tdav = 0.01 T = 0.11
 --> Site =   66 .. Mmps =   25 Ndav =  17 E =   -121.6491869805 Error = 1.54e-18 FLOPS = 1.22e+10 Tdav = 0.01 T = 0.08
 --> Site =   67 .. Mmps =   25 Ndav =  13 E =   -121.6491914869 Error = 1.26e-18 FLOPS = 1.32e+10 Tdav = 0.01 T = 0.10
 --> Site =   68 .. Mmps =   25 Ndav =   9 E =   -121.6491935267 Error = 3.34e-20 FLOPS = 1.41e+10 Tdav = 0.00 T = 0.08
 --> Site =   69 .. Mmps =   25 Ndav =  10 E =   -121.6491941731 Error = 3.24e-19 FLOPS = 1.38e+10 Tdav = 0.00 T = 0.08
 --> Site =   70 .. Mmps =   25 Ndav =   9 E =   -121.6491953158 Error = 3.69e-20 FLOPS = 1.40e+10 Tdav = 0.00 T = 0.08
 --> Site =   71 .. Mmps =   25 Ndav =  10 E =   -121.6491962853 Error = 5.56e-19 FLOPS = 1.37e+10 Tdav = 0.00 T = 0.08
 --> Site =   72 .. Mmps =   25 Ndav =   9 E =   -121.6491975565 Error = 1.48e-20 FLOPS = 1.40e+10 Tdav = 0.00 T = 0.08
 --> Site =   73 .. Mmps =   25 Ndav =   8 E =   -121.6491980490 Error = 9.88e-19 FLOPS = 1.42e+10 Tdav = 0.00 T = 0.08
 --> Site =   74 .. Mmps =   25 Ndav =  10 E =   -121.6491994910 Error = 3.32e-20 FLOPS = 1.37e+10 Tdav = 0.00 T = 0.08
 --> Site =   75 .. Mmps =   25 Ndav =  10 E =   -121.6492030134 Error = 2.12e-19 FLOPS = 1.38e+10 Tdav = 0.00 T = 0.09
 --> Site =   76 .. Mmps =   25 Ndav =  13 E =   -121.6492187163 Error = 2.45e-19 FLOPS = 1.32e+10 Tdav = 0.01 T = 0.09
 --> Site =   77 .. Mmps =   25 Ndav =  15 E =   -121.6492311641 Error = 1.46e-19 FLOPS = 1.27e+10 Tdav = 0.01 T = 0.09
 --> Site =   78 .. Mmps =   25 Ndav =  15 E =   -121.6492824603 Error = 2.82e-18 FLOPS = 1.27e+10 Tdav = 0.01 T = 0.09
 --> Site =   79 .. Mmps =   25 Ndav =  14 E =   -121.6492890364 Error = 1.76e-18 FLOPS = 1.30e+10 Tdav = 0.01 T = 0.09
 --> Site =   80 .. Mmps =   25 Ndav =  12 E =   -121.6492941475 Error = 2.09e-20 FLOPS = 1.35e+10 Tdav = 0.00 T = 0.08
 --> Site =   81 .. Mmps =   25 Ndav =  12 E =   -121.6493042427 Error = 1.83e-18 FLOPS = 1.34e+10 Tdav = 0.00 T = 0.08
 --> Site =   82 .. Mmps =   25 Ndav =  13 E =   -121.6493230775 Error = 9.70e-19 FLOPS = 1.31e+10 Tdav = 0.01 T = 0.09
 --> Site =   83 .. Mmps =   25 Ndav =  14 E =   -121.6493294918 Error = 3.04e-18 FLOPS = 1.29e+10 Tdav = 0.01 T = 0.09
 --> Site =   84 .. Mmps =   25 Ndav =  12 E =   -121.6493342230 Error = 4.81e-19 FLOPS = 1.34e+10 Tdav = 0.00 T = 0.09
 --> Site =   85 .. Mmps =   25 Ndav =  13 E =   -121.6493414166 Error = 8.60e-19 FLOPS = 1.31e+10 Tdav = 0.01 T = 0.09
 --> Site =   86 .. Mmps =   25 Ndav =  11 E =   -121.6493466908 Error = 5.79e-19 FLOPS = 1.36e+10 Tdav = 0.00 T = 0.09
 --> Site =   87 .. Mmps =   25 Ndav =  14 E =   -121.6493579987 Error = 3.54e-19 FLOPS = 1.29e+10 Tdav = 0.01 T = 0.09
 --> Site =   88 .. Mmps =   25 Ndav =  12 E =   -121.6493668017 Error = 1.97e-19 FLOPS = 1.35e+10 Tdav = 0.00 T = 0.09
 --> Site =   89 .. Mmps =   25 Ndav =  15 E =   -121.6493773479 Error = 2.64e-19 FLOPS = 1.27e+10 Tdav = 0.01 T = 0.09
 --> Site =   90 .. Mmps =   25 Ndav =  14 E =   -121.6493857882 Error = 4.66e-20 FLOPS = 1.30e+10 Tdav = 0.01 T = 0.09
 --> Site =   91 .. Mmps =   25 Ndav =  19 E =   -121.6494686294 Error = 1.95e-18 FLOPS = 1.17e+10 Tdav = 0.01 T = 0.09
 --> Site =   92 .. Mmps =   25 Ndav =  15 E =   -121.6494817230 Error = 1.70e-18 FLOPS = 1.27e+10 Tdav = 0.01 T = 0.09
 --> Site =   93 .. Mmps =   25 Ndav =   9 E =   -121.6494837867 Error = 2.41e-18 FLOPS = 1.40e+10 Tdav = 0.00 T = 0.09
 --> Site =   94 .. Mmps =   25 Ndav =  11 E =   -121.6494907070 Error = 9.84e-19 FLOPS = 1.36e+10 Tdav = 0.00 T = 0.08
 --> Site =   95 .. Mmps =   25 Ndav =  11 E =   -121.6494948289 Error = 3.57e-19 FLOPS = 1.36e+10 Tdav = 0.00 T = 0.08
 --> Site =   96 .. Mmps =   25 Ndav =  10 E =   -121.6494968110 Error = 1.65e-19 FLOPS = 1.37e+10 Tdav = 0.00 T = 0.08
 --> Site =   97 .. Mmps =   25 Ndav =  12 E =   -121.6494996319 Error = 3.24e-20 FLOPS = 1.34e+10 Tdav = 0.00 T = 0.08
 --> Site =   98 .. Mmps =   25 Ndav =  10 E =   -121.6495003630 Error = 4.10e-19 FLOPS = 1.38e+10 Tdav = 0.00 T = 0.08
 --> Site =   99 .. Mmps =   25 Ndav =  13 E =   -121.6495018046 Error = 4.47e-20 FLOPS = 1.32e+10 Tdav = 0.01 T = 0.08
 --> Site =  100 .. Mmps =   25 Ndav =   7 E =   -121.6495023167 Error = 1.74e-19 FLOPS = 1.43e+10 Tdav = 0.00 T = 0.08
 --> Site =  101 .. Mmps =   25 Ndav =  12 E =   -121.6495075060 Error = 1.14e-18 FLOPS = 1.34e+10 Tdav = 0.00 T = 0.10
 --> Site =  102 .. Mmps =   25 Ndav =  13 E =   -121.6495340138 Error = 3.60e-19 FLOPS = 1.32e+10 Tdav = 0.01 T = 0.09
 --> Site =  103 .. Mmps =   25 Ndav =  19 E =   -121.6496275586 Error = 2.69e-18 FLOPS = 1.16e+10 Tdav = 0.01 T = 0.09
 --> Site =  104 .. Mmps =   25 Ndav =  20 E =   -121.6497003206 Error = 3.18e-20 FLOPS = 1.13e+10 Tdav = 0.01 T = 0.09
 --> Site =  105 .. Mmps =   25 Ndav =  16 E =   -121.6497566340 Error = 1.30e-17 FLOPS = 1.23e+10 Tdav = 0.01 T = 0.08
 --> Site =  106 .. Mmps =   25 Ndav =  16 E =   -121.6497748793 Error = 5.19e-20 FLOPS = 1.24e+10 Tdav = 0.01 T = 0.08
 --> Site =  107 .. Mmps =   25 Ndav =  16 E =   -121.6498223700 Error = 3.42e-20 FLOPS = 1.23e+10 Tdav = 0.01 T = 0.08
 --> Site =  108 .. Mmps =   25 Ndav =  13 E =   -121.6498253210 Error = 3.30e-19 FLOPS = 1.31e+10 Tdav = 0.00 T = 0.09
 --> Site =  109 .. Mmps =   25 Ndav =  11 E =   -121.6498324072 Error = 7.27e-21 FLOPS = 1.34e+10 Tdav = 0.00 T = 0.08
 --> Site =  110 .. Mmps =   25 Ndav =  14 E =   -121.6498361964 Error = 2.36e-19 FLOPS = 1.28e+10 Tdav = 0.01 T = 0.09
 --> Site =  111 .. Mmps =   25 Ndav =  10 E =   -121.6498382495 Error = 1.44e-19 FLOPS = 1.37e+10 Tdav = 0.00 T = 0.09
 --> Site =  112 .. Mmps =   25 Ndav =  13 E =   -121.6498425296 Error = 2.81e-19 FLOPS = 1.30e+10 Tdav = 0.00 T = 0.08
 --> Site =  113 .. Mmps =   25 Ndav =  10 E =   -121.6498469431 Error = 1.57e-20 FLOPS = 1.36e+10 Tdav = 0.00 T = 0.07
 --> Site =  114 .. Mmps =   25 Ndav =  16 E =   -121.6498717057 Error = 4.71e-19 FLOPS = 1.22e+10 Tdav = 0.01 T = 0.08
 --> Site =  115 .. Mmps =   25 Ndav =  14 E =   -121.6499058284 Error = 5.78e-21 FLOPS = 1.27e+10 Tdav = 0.01 T = 0.08
 --> Site =  116 .. Mmps =   25 Ndav =  20 E =   -121.6499602621 Error = 1.30e-19 FLOPS = 1.11e+10 Tdav = 0.01 T = 0.08
 --> Site =  117 .. Mmps =   25 Ndav =  16 E =   -121.6500031211 Error = 9.63e-20 FLOPS = 1.20e+10 Tdav = 0.01 T = 0.08
 --> Site =  118 .. Mmps =   25 Ndav =  17 E =   -121.6500787243 Error = 3.05e-19 FLOPS = 1.18e+10 Tdav = 0.01 T = 0.07
 --> Site =  119 .. Mmps =   25 Ndav =  12 E =   -121.6500817550 Error = 1.10e-18 FLOPS = 1.30e+10 Tdav = 0.00 T = 0.07
 --> Site =  120 .. Mmps =   25 Ndav =  12 E =   -121.6500840398 Error = 1.06e-19 FLOPS = 1.30e+10 Tdav = 0.00 T = 0.07
 --> Site =  121 .. Mmps =   25 Ndav =  10 E =   -121.6500853779 Error = 1.32e-18 FLOPS = 1.35e+10 Tdav = 0.00 T = 0.07
 --> Site =  122 .. Mmps =   25 Ndav =  10 E =   -121.6500880750 Error = 4.34e-19 FLOPS = 1.34e+10 Tdav = 0.00 T = 0.07
 --> Site =  123 .. Mmps =   25 Ndav =   9 E =   -121.6500910399 Error = 1.76e-19 FLOPS = 1.36e+10 Tdav = 0.00 T = 0.07
 --> Site =  124 .. Mmps =   25 Ndav =   9 E =   -121.6500942403 Error = 5.01e-20 FLOPS = 1.35e+10 Tdav = 0.00 T = 0.06
 --> Site =  125 .. Mmps =   25 Ndav =  10 E =   -121.6500967190 Error = 6.44e-19 FLOPS = 1.33e+10 Tdav = 0.00 T = 0.06
 --> Site =  126 .. Mmps =   25 Ndav =  11 E =   -121.6501023271 Error = 1.34e-19 FLOPS = 1.30e+10 Tdav = 0.00 T = 0.06
 --> Site =  127 .. Mmps =   25 Ndav =  14 E =   -121.6501173497 Error = 5.75e-19 FLOPS = 1.22e+10 Tdav = 0.00 T = 0.06
 --> Site =  128 .. Mmps =   25 Ndav =  12 E =   -121.6501279760 Error = 5.98e-19 FLOPS = 1.26e+10 Tdav = 0.00 T = 0.06
 --> Site =  129 .. Mmps =   25 Ndav =  16 E =   -121.6501498189 Error = 3.49e-19 FLOPS = 1.15e+10 Tdav = 0.01 T = 0.06
 --> Site =  130 .. Mmps =   25 Ndav =  13 E =   -121.6501641102 Error = 2.47e-18 FLOPS = 1.23e+10 Tdav = 0.00 T = 0.06
 --> Site =  131 .. Mmps =   25 Ndav =  15 E =   -121.6501763079 Error = 9.18e-20 FLOPS = 1.16e+10 Tdav = 0.00 T = 0.06
 --> Site =  132 .. Mmps =   25 Ndav =  13 E =   -121.6501846077 Error = 1.11e-18 FLOPS = 1.21e+10 Tdav = 0.00 T = 0.06
 --> Site =  133 .. Mmps =   25 Ndav =  14 E =   -121.6501921821 Error = 6.31e-19 FLOPS = 1.17e+10 Tdav = 0.00 T = 0.05
 --> Site =  134 .. Mmps =   25 Ndav =  12 E =   -121.6502108075 Error = 1.78e-20 FLOPS = 1.23e+10 Tdav = 0.00 T = 0.06
 --> Site =  135 .. Mmps =   25 Ndav =  13 E =   -121.6502152608 Error = 7.58e-19 FLOPS = 1.19e+10 Tdav = 0.00 T = 0.05
 --> Site =  136 .. Mmps =   25 Ndav =  11 E =   -121.6502229155 Error = 8.46e-21 FLOPS = 1.25e+10 Tdav = 0.00 T = 0.05
 --> Site =  137 .. Mmps =   25 Ndav =  13 E =   -121.6502312280 Error = 7.75e-19 FLOPS = 1.18e+10 Tdav = 0.00 T = 0.07
 --> Site =  138 .. Mmps =   25 Ndav =  12 E =   -121.6502407542 Error = 8.67e-20 FLOPS = 1.20e+10 Tdav = 0.00 T = 0.05
 --> Site =  139 .. Mmps =   25 Ndav =  13 E =   -121.6502450330 Error = 1.53e-18 FLOPS = 1.16e+10 Tdav = 0.00 T = 0.08
 --> Site =  140 .. Mmps =   25 Ndav =  13 E =   -121.6502520613 Error = 8.59e-19 FLOPS = 1.15e+10 Tdav = 0.00 T = 0.05
 --> Site =  141 .. Mmps =   25 Ndav =  16 E =   -121.6502823062 Error = 6.62e-19 FLOPS = 1.04e+10 Tdav = 0.00 T = 0.04
 --> Site =  142 .. Mmps =   25 Ndav =  13 E =   -121.6502993790 Error = 1.66e-19 FLOPS = 1.13e+10 Tdav = 0.00 T = 0.04
 --> Site =  143 .. Mmps =   25 Ndav =  13 E =   -121.6503309136 Error = 8.62e-19 FLOPS = 1.11e+10 Tdav = 0.00 T = 0.04
 --> Site =  144 .. Mmps =   25 Ndav =  14 E =   -121.6503617490 Error = 3.12e-19 FLOPS = 1.07e+10 Tdav = 0.00 T = 0.04
 --> Site =  145 .. Mmps =   25 Ndav =  15 E =   -121.6503766767 Error = 1.37e-19 FLOPS = 1.02e+10 Tdav = 0.00 T = 0.05
 --> Site =  146 .. Mmps =   25 Ndav =  14 E =   -121.6503911182 Error = 1.02e-19 FLOPS = 1.04e+10 Tdav = 0.00 T = 0.04
 --> Site =  147 .. Mmps =   25 Ndav =  13 E =   -121.6503950537 Error = 1.39e-19 FLOPS = 1.05e+10 Tdav = 0.00 T = 0.04
 --> Site =  148 .. Mmps =   25 Ndav =  13 E =   -121.6503993225 Error = 1.21e-19 FLOPS = 1.04e+10 Tdav = 0.00 T = 0.04
 --> Site =  149 .. Mmps =   25 Ndav =  14 E =   -121.6504032523 Error = 3.32e-19 FLOPS = 9.90e+09 Tdav = 0.00 T = 0.04
 --> Site =  150 .. Mmps =   25 Ndav =  11 E =   -121.6504071666 Error = 1.58e-19 FLOPS = 1.08e+10 Tdav = 0.00 T = 0.03
 --> Site =  151 .. Mmps =   25 Ndav =  14 E =   -121.6504115601 Error = 1.60e-19 FLOPS = 9.47e+09 Tdav = 0.00 T = 0.04
 --> Site =  152 .. Mmps =   25 Ndav =  10 E =   -121.6504134763 Error = 5.56e-19 FLOPS = 1.08e+10 Tdav = 0.00 T = 0.05
 --> Site =  153 .. Mmps =   25 Ndav =  14 E =   -121.6504212478 Error = 3.00e-19 FLOPS = 9.06e+09 Tdav = 0.00 T = 0.03
 --> Site =  154 .. Mmps =   25 Ndav =  12 E =   -121.6504294818 Error = 3.76e-20 FLOPS = 9.56e+09 Tdav = 0.00 T = 0.03
 --> Site =  155 .. Mmps =   25 Ndav =  16 E =   -121.6504476534 Error = 6.31e-19 FLOPS = 7.75e+09 Tdav = 0.00 T = 0.04
 --> Site =  156 .. Mmps =   25 Ndav =  11 E =   -121.6504604080 Error = 9.01e-19 FLOPS = 9.36e+09 Tdav = 0.00 T = 0.03
 --> Site =  157 .. Mmps =   25 Ndav =  21 E =   -121.6505267666 Error = 3.85e-19 FLOPS = 5.63e+09 Tdav = 0.00 T = 0.03
 --> Site =  158 .. Mmps =   25 Ndav =  13 E =   -121.6505625823 Error = 4.66e-18 FLOPS = 7.95e+09 Tdav = 0.00 T = 0.03
 --> Site =  159 .. Mmps =   25 Ndav =  24 E =   -121.6506403755 Error = 1.67e-19 FLOPS = 4.30e+09 Tdav = 0.01 T = 0.04
 --> Site =  160 .. Mmps =   25 Ndav =  16 E =   -121.6506613616 Error = 7.42e-20 FLOPS = 6.16e+09 Tdav = 0.00 T = 0.04
 --> Site =  161 .. Mmps =   25 Ndav =  21 E =   -121.6506637692 Error = 1.96e-18 FLOPS = 4.35e+09 Tdav = 0.00 T = 0.03
 --> Site =  162 .. Mmps =   25 Ndav =  14 E =   -121.6506651433 Error = 7.33e-19 FLOPS = 5.96e+09 Tdav = 0.00 T = 0.03
 --> Site =  163 .. Mmps =   25 Ndav =  19 E =   -121.6506655578 Error = 1.38e-20 FLOPS = 4.06e+09 Tdav = 0.00 T = 0.03
 --> Site =  164 .. Mmps =   25 Ndav =   7 E =   -121.6506655648 Error = 9.07e-26 FLOPS = 6.08e+09 Tdav = 0.00 T = 0.03
 --> Site =  165 .. Mmps =   25 Ndav =   1 E =   -121.6506655648 Error = 2.40e-50 FLOPS = 1.61e+09 Tdav = 0.00 T = 0.02
 --> Site =  166 .. Mmps =   25 Ndav =   1 E =   -121.6506655648 Error = 5.97e-76 FLOPS = 9.44e+08 Tdav = 0.00 T = 0.03
 --> Site =  167 .. Mmps =   25 Ndav =   1 E =   -121.6506655648 Error = 7.04e-101 FLOPS = 3.80e+08 Tdav = 0.00 T = 0.03
 --> Site =  168 .. Mmps =   24 Ndav =   1 E =   -121.6506655648 Error = 0.00e+00 FLOPS = 1.20e+08 Tdav = 0.00 T = 0.02
Time elapsed =   2571.210 | E =    -121.6506655648 | DE = -2.79e-03 | DW = 1.29550e-17
Time sweep =       10.331 | 7.34 GFLOP/SWP
 | Dmem = 293 KB (3%) | Imem = 232 B (79%) | Hmem = 1.36 MB | Wmem = 9.77 KB | Pmem = 9.77 KB
 | Tread = 0.204 | Twrite = 0.843 | Tfpread = 0.077 | Tfpwrite = 0.043 | Tmporead = 0.000 | Tasync = 0.000
 | data = 31.3 MB | cpsd = 23.3 MB
 | Trot = 0.047 | Tctr = 0.008 | Tint = 0.006 | Tmid = 0.000 | Tdctr = 0.119 | Tdiag = 0.017 | Tinfo = 0.149
 | Teff = 5.109 | Tprt = 0.110 | Teig = 0.666 | Tblk = 8.793 | Tmve = 1.532 | Tdm = 0.002 | Tsplt = 0.036 | Tsvd = 0.000 | Torth = 0.000

Sweep =    6 | Direction = backward | Bond dimension =  550 | Noise =  1.00e-05 | Dav threshold =  1.00e-10
 <-- Site =  168 .. Mmps =    2 Ndav =   1 E =   -121.6506655648 Error = 0.00e+00 FLOPS = 1.63e+08 Tdav = 0.00 T = 0.02
 <-- Site =  167 .. Mmps =    4 Ndav =   1 E =   -121.6506655648 Error = 0.00e+00 FLOPS = 5.19e+08 Tdav = 0.00 T = 0.03
 <-- Site =  166 .. Mmps =    8 Ndav =   1 E =   -121.6506655648 Error = 0.00e+00 FLOPS = 1.11e+09 Tdav = 0.00 T = 0.02
 <-- Site =  165 .. Mmps =   16 Ndav =   1 E =   -121.6506655648 Error = 0.00e+00 FLOPS = 1.71e+09 Tdav = 0.00 T = 0.03
 <-- Site =  164 .. Mmps =   29 Ndav =   1 E =   -121.6506655648 Error = 0.00e+00 FLOPS = 3.33e+09 Tdav = 0.00 T = 0.03
 <-- Site =  163 .. Mmps =   40 Ndav =   4 E =   -121.6506655649 Error = 0.00e+00 FLOPS = 8.55e+09 Tdav = 0.00 T = 0.03
 <-- Site =  162 .. Mmps =   52 Ndav =   8 E =   -121.6506655711 Error = 0.00e+00 FLOPS = 1.11e+10 Tdav = 0.00 T = 0.03
 <-- Site =  161 .. Mmps =   65 Ndav =  17 E =   -121.6506656495 Error = 0.00e+00 FLOPS = 6.60e+09 Tdav = 0.01 T = 0.03
 <-- Site =  160 .. Mmps =   77 Ndav =  11 E =   -121.6506657206 Error = 0.00e+00 FLOPS = 1.11e+10 Tdav = 0.00 T = 0.04
 <-- Site =  159 .. Mmps =   91 Ndav =  17 E =   -121.6506662483 Error = 0.00e+00 FLOPS = 8.76e+09 Tdav = 0.01 T = 0.05
 <-- Site =  158 .. Mmps =  103 Ndav =  14 E =   -121.6506704420 Error = 0.00e+00 FLOPS = 1.16e+10 Tdav = 0.01 T = 0.05
 <-- Site =  157 .. Mmps =  116 Ndav =  18 E =   -121.6506727530 Error = 0.00e+00 FLOPS = 1.02e+10 Tdav = 0.02 T = 0.06
 <-- Site =  156 .. Mmps =  129 Ndav =  12 E =   -121.6506853777 Error = 0.00e+00 FLOPS = 1.57e+10 Tdav = 0.01 T = 0.06
 <-- Site =  155 .. Mmps =  142 Ndav =  14 E =   -121.6506960017 Error = 0.00e+00 FLOPS = 1.49e+10 Tdav = 0.02 T = 0.08
 <-- Site =  154 .. Mmps =  155 Ndav =  13 E =   -121.6507124770 Error = 0.00e+00 FLOPS = 1.65e+10 Tdav = 0.02 T = 0.09
 <-- Site =  153 .. Mmps =  168 Ndav =  12 E =   -121.6507195782 Error = 0.00e+00 FLOPS = 1.74e+10 Tdav = 0.02 T = 0.10
 <-- Site =  152 .. Mmps =  180 Ndav =  14 E =   -121.6507308166 Error = 0.00e+00 FLOPS = 1.82e+10 Tdav = 0.03 T = 0.12
 <-- Site =  151 .. Mmps =  194 Ndav =  12 E =   -121.6507404908 Error = 0.00e+00 FLOPS = 1.92e+10 Tdav = 0.02 T = 0.14
 <-- Site =  150 .. Mmps =  207 Ndav =  12 E =   -121.6507475590 Error = 0.00e+00 FLOPS = 1.98e+10 Tdav = 0.03 T = 0.17
 <-- Site =  149 .. Mmps =  218 Ndav =  15 E =   -121.6507502141 Error = 0.00e+00 FLOPS = 1.74e+10 Tdav = 0.05 T = 0.22
 <-- Site =  148 .. Mmps =  231 Ndav =  12 E =   -121.6507516485 Error = 0.00e+00 FLOPS = 2.06e+10 Tdav = 0.04 T = 0.23
 <-- Site =  147 .. Mmps =  244 Ndav =  13 E =   -121.6507530895 Error = 0.00e+00 FLOPS = 1.94e+10 Tdav = 0.05 T = 0.27
 <-- Site =  146 .. Mmps =  258 Ndav =  10 E =   -121.6507536941 Error = 0.00e+00 FLOPS = 2.26e+10 Tdav = 0.04 T = 0.29
 <-- Site =  145 .. Mmps =  271 Ndav =  16 E =   -121.6507551178 Error = 0.00e+00 FLOPS = 1.92e+10 Tdav = 0.08 T = 0.39
 <-- Site =  144 .. Mmps =  282 Ndav =  11 E =   -121.6507575097 Error = 0.00e+00 FLOPS = 2.12e+10 Tdav = 0.06 T = 0.41
 <-- Site =  143 .. Mmps =  296 Ndav =  15 E =   -121.6507652525 Error = 0.00e+00 FLOPS = 2.04e+10 Tdav = 0.09 T = 0.49
 <-- Site =  142 .. Mmps =  308 Ndav =  12 E =   -121.6507692182 Error = 0.00e+00 FLOPS = 2.25e+10 Tdav = 0.08 T = 0.52
 <-- Site =  141 .. Mmps =  322 Ndav =  15 E =   -121.6507817828 Error = 0.00e+00 FLOPS = 2.12e+10 Tdav = 0.11 T = 0.61
 <-- Site =  140 .. Mmps =  333 Ndav =  15 E =   -121.6508068971 Error = 0.00e+00 FLOPS = 2.11e+10 Tdav = 0.13 T = 0.71
 <-- Site =  139 .. Mmps =  346 Ndav =  16 E =   -121.6508225672 Error = 0.00e+00 FLOPS = 2.05e+10 Tdav = 0.15 T = 0.81
 <-- Site =  138 .. Mmps =  357 Ndav =  14 E =   -121.6508586426 Error = 0.00e+00 FLOPS = 2.18e+10 Tdav = 0.14 T = 0.91
 <-- Site =  137 .. Mmps =  370 Ndav =  16 E =   -121.6509132483 Error = 0.00e+00 FLOPS = 2.07e+10 Tdav = 0.19 T = 1.06
 <-- Site =  136 .. Mmps =  382 Ndav =  12 E =   -121.6509328888 Error = 0.00e+00 FLOPS = 2.24e+10 Tdav = 0.14 T = 1.11
 <-- Site =  135 .. Mmps =  395 Ndav =  14 E =   -121.6509396290 Error = 0.00e+00 FLOPS = 2.18e+10 Tdav = 0.19 T = 1.26
 <-- Site =  134 .. Mmps =  407 Ndav =   8 E =   -121.6509401452 Error = 0.00e+00 FLOPS = 2.17e+10 Tdav = 0.12 T = 1.31
 <-- Site =  133 .. Mmps =  420 Ndav =  14 E =   -121.6509500994 Error = 0.00e+00 FLOPS = 2.05e+10 Tdav = 0.23 T = 1.59
 <-- Site =  132 .. Mmps =  435 Ndav =  14 E =   -121.6509593490 Error = 0.00e+00 FLOPS = 2.11e+10 Tdav = 0.25 T = 1.73
 <-- Site =  131 .. Mmps =  447 Ndav =  15 E =   -121.6509665646 Error = 0.00e+00 FLOPS = 2.05e+10 Tdav = 0.30 T = 1.94
 <-- Site =  130 .. Mmps =  460 Ndav =  13 E =   -121.6509706515 Error = 0.00e+00 FLOPS = 2.06e+10 Tdav = 0.28 T = 2.12
 <-- Site =  129 .. Mmps =  472 Ndav =  16 E =   -121.6509746065 Error = 0.00e+00 FLOPS = 2.05e+10 Tdav = 0.37 T = 2.34
 <-- Site =  128 .. Mmps =  485 Ndav =  16 E =   -121.6510040496 Error = 0.00e+00 FLOPS = 2.06e+10 Tdav = 0.40 T = 2.54
 <-- Site =  127 .. Mmps =  499 Ndav =  13 E =   -121.6510334648 Error = 0.00e+00 FLOPS = 2.09e+10 Tdav = 0.35 T = 2.74
 <-- Site =  126 .. Mmps =  510 Ndav =   9 E =   -121.6510344492 Error = 0.00e+00 FLOPS = 2.15e+10 Tdav = 0.25 T = 2.88
 <-- Site =  125 .. Mmps =  523 Ndav =  12 E =   -121.6510411914 Error = 0.00e+00 FLOPS = 2.07e+10 Tdav = 0.37 T = 3.23
 <-- Site =  124 .. Mmps =  536 Ndav =  14 E =   -121.6510763107 Error = 0.00e+00 FLOPS = 2.04e+10 Tdav = 0.46 T = 3.52
 <-- Site =  123 .. Mmps =  549 Ndav =  10 E =   -121.6510800216 Error = 0.00e+00 FLOPS = 2.13e+10 Tdav = 0.34 T = 3.57
 <-- Site =  122 .. Mmps =  550 Ndav =  10 E =   -121.6510876595 Error = 3.09e-33 FLOPS = 2.11e+10 Tdav = 0.36 T = 3.84
 <-- Site =  121 .. Mmps =  550 Ndav =   9 E =   -121.6510891607 Error = 2.89e-33 FLOPS = 2.12e+10 Tdav = 0.33 T = 4.01
 <-- Site =  120 .. Mmps =  550 Ndav =  10 E =   -121.6510904964 Error = 9.16e-34 FLOPS = 2.11e+10 Tdav = 0.37 T = 4.11
 <-- Site =  119 .. Mmps =  550 Ndav =  11 E =   -121.6510916711 Error = 1.08e-33 FLOPS = 2.10e+10 Tdav = 0.42 T = 4.19
 <-- Site =  118 .. Mmps =  550 Ndav =  13 E =   -121.6510928009 Error = 2.98e-33 FLOPS = 2.07e+10 Tdav = 0.51 T = 4.36
 <-- Site =  117 .. Mmps =  550 Ndav =  15 E =   -121.6511029107 Error = 4.92e-33 FLOPS = 2.04e+10 Tdav = 0.60 T = 4.51
 <-- Site =  116 .. Mmps =  550 Ndav =  17 E =   -121.6511290071 Error = 4.23e-32 FLOPS = 2.00e+10 Tdav = 0.70 T = 4.68
 <-- Site =  115 .. Mmps =  550 Ndav =  16 E =   -121.6511369555 Error = 7.11e-32 FLOPS = 2.02e+10 Tdav = 0.67 T = 4.73
 <-- Site =  114 .. Mmps =  550 Ndav =  13 E =   -121.6511395956 Error = 1.70e-31 FLOPS = 2.07e+10 Tdav = 0.53 T = 4.64
 <-- Site =  113 .. Mmps =  550 Ndav =  13 E =   -121.6511451930 Error = 1.25e-31 FLOPS = 2.07e+10 Tdav = 0.53 T = 4.64
 <-- Site =  112 .. Mmps =  550 Ndav =  15 E =   -121.6511548925 Error = 9.20e-32 FLOPS = 2.04e+10 Tdav = 0.63 T = 4.78
 <-- Site =  111 .. Mmps =  550 Ndav =   9 E =   -121.6511550431 Error = 1.42e-32 FLOPS = 2.12e+10 Tdav = 0.36 T = 4.58
 <-- Site =  110 .. Mmps =  550 Ndav =  14 E =   -121.6511567325 Error = 9.23e-32 FLOPS = 2.06e+10 Tdav = 0.58 T = 4.77
 <-- Site =  109 .. Mmps =  550 Ndav =   8 E =   -121.6511569295 Error = 2.04e-32 FLOPS = 2.13e+10 Tdav = 0.32 T = 4.58
 <-- Site =  108 .. Mmps =  550 Ndav =  13 E =   -121.6511584877 Error = 1.09e-31 FLOPS = 2.07e+10 Tdav = 0.55 T = 4.83
 <-- Site =  107 .. Mmps =  550 Ndav =  10 E =   -121.6511598730 Error = 1.73e-32 FLOPS = 2.11e+10 Tdav = 0.41 T = 4.76
 <-- Site =  106 .. Mmps =  550 Ndav =  16 E =   -121.6511708754 Error = 2.44e-32 FLOPS = 2.03e+10 Tdav = 0.70 T = 5.17
 <-- Site =  105 .. Mmps =  550 Ndav =  14 E =   -121.6511843522 Error = 5.31e-33 FLOPS = 2.07e+10 Tdav = 0.60 T = 5.02
 <-- Site =  104 .. Mmps =  550 Ndav =  16 E =   -121.6511871137 Error = 6.90e-33 FLOPS = 2.03e+10 Tdav = 0.70 T = 5.11
 <-- Site =  103 .. Mmps =  550 Ndav =  17 E =   -121.6511961230 Error = 3.94e-33 FLOPS = 2.01e+10 Tdav = 0.75 T = 5.21
 <-- Site =  102 .. Mmps =  550 Ndav =  15 E =   -121.6512135778 Error = 3.04e-32 FLOPS = 2.05e+10 Tdav = 0.67 T = 5.18
 <-- Site =  101 .. Mmps =  550 Ndav =  13 E =   -121.6512161261 Error = 2.11e-32 FLOPS = 2.08e+10 Tdav = 0.57 T = 5.06
 <-- Site =  100 .. Mmps =  550 Ndav =  11 E =   -121.6512197690 Error = 4.18e-32 FLOPS = 2.10e+10 Tdav = 0.48 T = 4.97
 <-- Site =   99 .. Mmps =  550 Ndav =  12 E =   -121.6512284406 Error = 7.37e-33 FLOPS = 2.09e+10 Tdav = 0.53 T = 5.17
 <-- Site =   98 .. Mmps =  550 Ndav =  10 E =   -121.6512288326 Error = 6.51e-33 FLOPS = 2.12e+10 Tdav = 0.43 T = 4.96
 <-- Site =   97 .. Mmps =  550 Ndav =   9 E =   -121.6512303224 Error = 2.45e-33 FLOPS = 2.12e+10 Tdav = 0.38 T = 4.89
 <-- Site =   96 .. Mmps =  550 Ndav =  10 E =   -121.6512317901 Error = 6.76e-33 FLOPS = 2.11e+10 Tdav = 0.43 T = 5.05
 <-- Site =   95 .. Mmps =  550 Ndav =  10 E =   -121.6512329560 Error = 1.08e-32 FLOPS = 2.11e+10 Tdav = 0.43 T = 4.95
 <-- Site =   94 .. Mmps =  550 Ndav =   8 E =   -121.6512332592 Error = 5.74e-33 FLOPS = 2.13e+10 Tdav = 0.35 T = 4.96
 <-- Site =   93 .. Mmps =  550 Ndav =  11 E =   -121.6512380616 Error = 5.97e-33 FLOPS = 2.11e+10 Tdav = 0.48 T = 5.08
 <-- Site =   92 .. Mmps =  550 Ndav =  12 E =   -121.6512518139 Error = 2.31e-32 FLOPS = 2.09e+10 Tdav = 0.53 T = 5.17
 <-- Site =   91 .. Mmps =  550 Ndav =  19 E =   -121.6512657812 Error = 1.00e-32 FLOPS = 1.98e+10 Tdav = 0.89 T = 5.49
 <-- Site =   90 .. Mmps =  550 Ndav =  12 E =   -121.6512694931 Error = 1.11e-32 FLOPS = 2.09e+10 Tdav = 0.53 T = 5.13
 <-- Site =   89 .. Mmps =  550 Ndav =  14 E =   -121.6512752792 Error = 2.36e-32 FLOPS = 2.07e+10 Tdav = 0.63 T = 5.20
 <-- Site =   88 .. Mmps =  550 Ndav =  13 E =   -121.6512876781 Error = 2.13e-32 FLOPS = 2.08e+10 Tdav = 0.58 T = 5.15
 <-- Site =   87 .. Mmps =  550 Ndav =  15 E =   -121.6513253653 Error = 1.01e-32 FLOPS = 2.05e+10 Tdav = 0.68 T = 5.27
 <-- Site =   86 .. Mmps =  550 Ndav =  11 E =   -121.6513268847 Error = 1.44e-32 FLOPS = 2.11e+10 Tdav = 0.49 T = 5.14
 <-- Site =   85 .. Mmps =  550 Ndav =  13 E =   -121.6513306147 Error = 1.76e-32 FLOPS = 2.08e+10 Tdav = 0.58 T = 5.28
 <-- Site =   84 .. Mmps =  550 Ndav =  10 E =   -121.6513316094 Error = 4.69e-32 FLOPS = 2.11e+10 Tdav = 0.44 T = 5.02
 <-- Site =   83 .. Mmps =  550 Ndav =  11 E =   -121.6513330150 Error = 5.97e-32 FLOPS = 2.10e+10 Tdav = 0.48 T = 5.07
 <-- Site =   82 .. Mmps =  550 Ndav =   9 E =   -121.6513334141 Error = 3.25e-32 FLOPS = 2.13e+10 Tdav = 0.38 T = 4.96
 <-- Site =   81 .. Mmps =  550 Ndav =  13 E =   -121.6513429523 Error = 5.96e-32 FLOPS = 2.08e+10 Tdav = 0.58 T = 5.16
 <-- Site =   80 .. Mmps =  550 Ndav =  11 E =   -121.6513449968 Error = 3.73e-32 FLOPS = 2.10e+10 Tdav = 0.48 T = 5.07
 <-- Site =   79 .. Mmps =  550 Ndav =  16 E =   -121.6513509559 Error = 3.60e-32 FLOPS = 2.04e+10 Tdav = 0.73 T = 5.37
 <-- Site =   78 .. Mmps =  550 Ndav =  13 E =   -121.6513556052 Error = 6.36e-32 FLOPS = 2.08e+10 Tdav = 0.58 T = 5.42
 <-- Site =   77 .. Mmps =  550 Ndav =  18 E =   -121.6513902065 Error = 5.80e-32 FLOPS = 2.00e+10 Tdav = 0.83 T = 5.44
 <-- Site =   76 .. Mmps =  550 Ndav =  13 E =   -121.6513973711 Error = 2.19e-32 FLOPS = 2.08e+10 Tdav = 0.58 T = 5.20
 <-- Site =   75 .. Mmps =  550 Ndav =  11 E =   -121.6514010441 Error = 3.90e-32 FLOPS = 2.11e+10 Tdav = 0.48 T = 5.09
 <-- Site =   74 .. Mmps =  550 Ndav =  11 E =   -121.6514072064 Error = 9.28e-33 FLOPS = 2.11e+10 Tdav = 0.48 T = 5.10
 <-- Site =   73 .. Mmps =  550 Ndav =  11 E =   -121.6514096950 Error = 2.56e-32 FLOPS = 2.11e+10 Tdav = 0.48 T = 5.09
 <-- Site =   72 .. Mmps =  550 Ndav =  11 E =   -121.6514136911 Error = 2.61e-33 FLOPS = 2.10e+10 Tdav = 0.48 T = 5.13
 <-- Site =   71 .. Mmps =  550 Ndav =  13 E =   -121.6514175051 Error = 4.74e-33 FLOPS = 2.08e+10 Tdav = 0.57 T = 5.17
 <-- Site =   70 .. Mmps =  550 Ndav =  10 E =   -121.6514197748 Error = 1.50e-33 FLOPS = 2.12e+10 Tdav = 0.43 T = 4.98
 <-- Site =   69 .. Mmps =  550 Ndav =  12 E =   -121.6514218473 Error = 1.42e-33 FLOPS = 2.09e+10 Tdav = 0.52 T = 5.02
 <-- Site =   68 .. Mmps =  550 Ndav =  10 E =   -121.6514310932 Error = 4.18e-33 FLOPS = 2.11e+10 Tdav = 0.44 T = 5.01
 <-- Site =   67 .. Mmps =  550 Ndav =  12 E =   -121.6514410647 Error = 7.60e-33 FLOPS = 2.09e+10 Tdav = 0.53 T = 5.18
 <-- Site =   66 .. Mmps =  550 Ndav =  13 E =   -121.6514436854 Error = 1.04e-32 FLOPS = 2.08e+10 Tdav = 0.57 T = 5.13
 <-- Site =   65 .. Mmps =  550 Ndav =  15 E =   -121.6514520674 Error = 1.68e-32 FLOPS = 2.05e+10 Tdav = 0.67 T = 5.20
 <-- Site =   64 .. Mmps =  550 Ndav =  17 E =   -121.6514725775 Error = 1.58e-32 FLOPS = 2.02e+10 Tdav = 0.76 T = 5.26
 <-- Site =   63 .. Mmps =  550 Ndav =  14 E =   -121.6514741940 Error = 5.83e-32 FLOPS = 2.06e+10 Tdav = 0.61 T = 5.05
 <-- Site =   62 .. Mmps =  550 Ndav =  15 E =   -121.6514765738 Error = 7.10e-32 FLOPS = 2.05e+10 Tdav = 0.65 T = 5.05
 <-- Site =   61 .. Mmps =  550 Ndav =  11 E =   -121.6514803455 Error = 2.17e-32 FLOPS = 2.10e+10 Tdav = 0.47 T = 4.91
 <-- Site =   60 .. Mmps =  550 Ndav =  14 E =   -121.6514888072 Error = 4.94e-32 FLOPS = 2.06e+10 Tdav = 0.59 T = 4.93
 <-- Site =   59 .. Mmps =  550 Ndav =  10 E =   -121.6514893924 Error = 1.41e-32 FLOPS = 2.12e+10 Tdav = 0.42 T = 4.84
 <-- Site =   58 .. Mmps =  550 Ndav =  12 E =   -121.6514935185 Error = 1.59e-32 FLOPS = 2.09e+10 Tdav = 0.50 T = 4.81
 <-- Site =   57 .. Mmps =  550 Ndav =  11 E =   -121.6514964249 Error = 3.69e-32 FLOPS = 2.10e+10 Tdav = 0.45 T = 4.67
 <-- Site =   56 .. Mmps =  550 Ndav =  13 E =   -121.6514992859 Error = 8.74e-32 FLOPS = 2.07e+10 Tdav = 0.54 T = 4.75
 <-- Site =   55 .. Mmps =  550 Ndav =  11 E =   -121.6515041918 Error = 8.76e-32 FLOPS = 2.10e+10 Tdav = 0.45 T = 4.66
 <-- Site =   54 .. Mmps =  550 Ndav =  16 E =   -121.6515275961 Error = 8.20e-32 FLOPS = 2.03e+10 Tdav = 0.68 T = 4.94
 <-- Site =   53 .. Mmps =  550 Ndav =  14 E =   -121.6515319328 Error = 1.05e-32 FLOPS = 2.06e+10 Tdav = 0.57 T = 4.75
 <-- Site =   52 .. Mmps =  550 Ndav =  16 E =   -121.6515370383 Error = 2.37e-32 FLOPS = 2.03e+10 Tdav = 0.66 T = 4.79
 <-- Site =   51 .. Mmps =  550 Ndav =  14 E =   -121.6515404663 Error = 1.58e-32 FLOPS = 2.05e+10 Tdav = 0.56 T = 4.59
 <-- Site =   50 .. Mmps =  550 Ndav =  16 E =   -121.6515572319 Error = 3.64e-32 FLOPS = 2.02e+10 Tdav = 0.64 T = 4.61
 <-- Site =   49 .. Mmps =  550 Ndav =  11 E =   -121.6515600742 Error = 1.18e-32 FLOPS = 2.10e+10 Tdav = 0.42 T = 4.33
 <-- Site =   48 .. Mmps =  550 Ndav =  11 E =   -121.6515623303 Error = 3.43e-32 FLOPS = 2.09e+10 Tdav = 0.42 T = 4.25
 <-- Site =   47 .. Mmps =  550 Ndav =  12 E =   -121.6515739907 Error = 1.98e-32 FLOPS = 2.08e+10 Tdav = 0.45 T = 4.23
 <-- Site =   46 .. Mmps =  550 Ndav =  12 E =   -121.6515831453 Error = 7.71e-32 FLOPS = 2.08e+10 Tdav = 0.45 T = 4.19
 <-- Site =   45 .. Mmps =  550 Ndav =  12 E =   -121.6515842396 Error = 1.26e-32 FLOPS = 2.08e+10 Tdav = 0.44 T = 4.11
 <-- Site =   44 .. Mmps =  550 Ndav =   9 E =   -121.6515858167 Error = 6.34e-32 FLOPS = 2.12e+10 Tdav = 0.32 T = 3.95
 <-- Site =   43 .. Mmps =  550 Ndav =   9 E =   -121.6515868500 Error = 2.19e-33 FLOPS = 2.12e+10 Tdav = 0.32 T = 3.86
 <-- Site =   42 .. Mmps =  550 Ndav =  13 E =   -121.6515909652 Error = 2.64e-32 FLOPS = 2.06e+10 Tdav = 0.47 T = 4.03
 <-- Site =   41 .. Mmps =  550 Ndav =  12 E =   -121.6516011777 Error = 7.91e-33 FLOPS = 2.08e+10 Tdav = 0.42 T = 3.90
 <-- Site =   40 .. Mmps =  550 Ndav =  14 E =   -121.6516477749 Error = 1.15e-31 FLOPS = 2.04e+10 Tdav = 0.49 T = 3.89
 <-- Site =   39 .. Mmps =  550 Ndav =  18 E =   -121.6516899417 Error = 8.41e-32 FLOPS = 1.96e+10 Tdav = 0.64 T = 3.94
 <-- Site =   38 .. Mmps =  550 Ndav =  15 E =   -121.6517041330 Error = 3.68e-32 FLOPS = 2.02e+10 Tdav = 0.50 T = 3.68
 <-- Site =   37 .. Mmps =  550 Ndav =  17 E =   -121.6517614293 Error = 4.15e-32 FLOPS = 1.97e+10 Tdav = 0.57 T = 3.66
 <-- Site =   36 .. Mmps =  550 Ndav =  12 E =   -121.6517718984 Error = 1.10e-32 FLOPS = 2.07e+10 Tdav = 0.37 T = 3.40
 <-- Site =   35 .. Mmps =  550 Ndav =  15 E =   -121.6517868682 Error = 1.66e-32 FLOPS = 2.01e+10 Tdav = 0.47 T = 3.39
 <-- Site =   34 .. Mmps =  550 Ndav =  12 E =   -121.6517959160 Error = 3.10e-32 FLOPS = 2.06e+10 Tdav = 0.36 T = 3.19
 <-- Site =   33 .. Mmps =  550 Ndav =  13 E =   -121.6518034337 Error = 7.44e-32 FLOPS = 2.04e+10 Tdav = 0.38 T = 3.19
 <-- Site =   32 .. Mmps =  550 Ndav =  10 E =   -121.6518067064 Error = 2.60e-32 FLOPS = 2.09e+10 Tdav = 0.28 T = 2.97
 <-- Site =   31 .. Mmps =  550 Ndav =  15 E =   -121.6518134195 Error = 3.11e-32 FLOPS = 1.99e+10 Tdav = 0.42 T = 3.03
 <-- Site =   30 .. Mmps =  550 Ndav =  10 E =   -121.6518152399 Error = 3.96e-32 FLOPS = 2.09e+10 Tdav = 0.26 T = 2.76
 <-- Site =   29 .. Mmps =  550 Ndav =  16 E =   -121.6518203258 Error = 3.82e-32 FLOPS = 1.96e+10 Tdav = 0.43 T = 2.88
 <-- Site =   28 .. Mmps =  550 Ndav =  13 E =   -121.6518241317 Error = 5.77e-32 FLOPS = 2.03e+10 Tdav = 0.33 T = 2.68
 <-- Site =   27 .. Mmps =  550 Ndav =  16 E =   -121.6518336469 Error = 8.46e-32 FLOPS = 1.96e+10 Tdav = 0.40 T = 2.68
 <-- Site =   26 .. Mmps =  550 Ndav =  14 E =   -121.6518396461 Error = 7.13e-32 FLOPS = 2.00e+10 Tdav = 0.34 T = 2.52
 <-- Site =   25 .. Mmps =  550 Ndav =  13 E =   -121.6518424905 Error = 3.36e-32 FLOPS = 2.02e+10 Tdav = 0.30 T = 2.44
 <-- Site =   24 .. Mmps =  550 Ndav =  14 E =   -121.6518487304 Error = 2.75e-32 FLOPS = 1.99e+10 Tdav = 0.31 T = 2.37
 <-- Site =   23 .. Mmps =  550 Ndav =  17 E =   -121.6518511334 Error = 7.14e-32 FLOPS = 1.90e+10 Tdav = 0.38 T = 2.36
 <-- Site =   22 .. Mmps =  550 Ndav =  14 E =   -121.6518592531 Error = 1.07e-30 FLOPS = 1.98e+10 Tdav = 0.29 T = 2.19
 <-- Site =   21 .. Mmps =  550 Ndav =  13 E =   -121.6518603680 Error = 8.34e-32 FLOPS = 2.01e+10 Tdav = 0.26 T = 2.10
 <-- Site =   20 .. Mmps =  550 Ndav =  12 E =   -121.6518619233 Error = 4.43e-31 FLOPS = 2.02e+10 Tdav = 0.23 T = 2.03
 <-- Site =   19 .. Mmps =  550 Ndav =  13 E =   -121.6518634462 Error = 5.93e-32 FLOPS = 2.00e+10 Tdav = 0.24 T = 1.93
 <-- Site =   18 .. Mmps =  550 Ndav =  12 E =   -121.6518657193 Error = 2.18e-31 FLOPS = 2.02e+10 Tdav = 0.21 T = 1.84
 <-- Site =   17 .. Mmps =  550 Ndav =  13 E =   -121.6518676464 Error = 6.07e-32 FLOPS = 1.98e+10 Tdav = 0.22 T = 1.81
 <-- Site =   16 .. Mmps =  550 Ndav =  11 E =   -121.6518698887 Error = 1.44e-31 FLOPS = 2.03e+10 Tdav = 0.17 T = 1.70
 <-- Site =   15 .. Mmps =  550 Ndav =  15 E =   -121.6518748262 Error = 8.83e-32 FLOPS = 1.88e+10 Tdav = 0.24 T = 1.70
 <-- Site =   14 .. Mmps =  550 Ndav =  14 E =   -121.6518847770 Error = 1.17e-31 FLOPS = 1.91e+10 Tdav = 0.21 T = 1.57
 <-- Site =   13 .. Mmps =  550 Ndav =  17 E =   -121.6519075901 Error = 5.36e-32 FLOPS = 1.78e+10 Tdav = 0.25 T = 1.55
 <-- Site =   12 .. Mmps =  550 Ndav =  11 E =   -121.6519213937 Error = 9.12e-32 FLOPS = 2.01e+10 Tdav = 0.14 T = 1.38
 <-- Site =   11 .. Mmps =  550 Ndav =  22 E =   -121.6519603526 Error = 1.46e-31 FLOPS = 1.51e+10 Tdav = 0.34 T = 1.57
 <-- Site =   10 .. Mmps =  550 Ndav =  15 E =   -121.6519658606 Error = 2.07e-31 FLOPS = 1.81e+10 Tdav = 0.18 T = 1.29
 <-- Site =    9 .. Mmps =  550 Ndav =  20 E =   -121.6519684801 Error = 7.57e-32 FLOPS = 1.54e+10 Tdav = 0.26 T = 1.36
 <-- Site =    8 .. Mmps =  550 Ndav =  16 E =   -121.6519714233 Error = 6.05e-32 FLOPS = 1.70e+10 Tdav = 0.17 T = 1.27
 <-- Site =    7 .. Mmps =  550 Ndav =  25 E =   -121.6519725937 Error = 5.09e-32 FLOPS = 1.21e+10 Tdav = 0.34 T = 1.27
 <-- Site =    6 .. Mmps =  550 Ndav =  14 E =   -121.6519728858 Error = 1.55e-32 FLOPS = 1.71e+10 Tdav = 0.12 T = 1.00
 <-- Site =    5 .. Mmps =  550 Ndav =  16 E =   -121.6519729489 Error = 9.47e-34 FLOPS = 1.53e+10 Tdav = 0.14 T = 0.96
 <-- Site =    4 .. Mmps =  550 Ndav =   3 E =   -121.6519729490 Error = 2.17e-36 FLOPS = 1.66e+10 Tdav = 0.01 T = 0.79
 <-- Site =    3 .. Mmps =  550 Ndav =   1 E =   -121.6519729490 Error = 1.18e-56 FLOPS = 8.75e+09 Tdav = 0.00 T = 0.71
 <-- Site =    2 .. Mmps =  550 Ndav =   1 E =   -121.6519729490 Error = 6.47e-69 FLOPS = 5.11e+09 Tdav = 0.00 T = 0.66
 <-- Site =    1 .. Mmps =  547 Ndav =   1 E =   -121.6519729490 Error = 0.00e+00 FLOPS = 3.46e+09 Tdav = 0.00 T = 0.59
 <-- Site =    0 .. Mmps =  548 Ndav =   1 E =   -121.6519729490 Error = 0.00e+00 FLOPS = 2.31e+09 Tdav = 0.00 T = 0.53
Time elapsed =   3094.930 | E =    -121.6519729490 | DE = -1.31e-03 | DW = 1.06579e-30
Time sweep =      523.719 | 1.11 TFLOP/SWP
 | Dmem = 134 MB (0%) | Imem = 232 B (79%) | Hmem = 135 MB | Wmem = 215 KB | Pmem = 215 KB
 | Tread = 44.944 | Twrite = 25.756 | Tfpread = 44.137 | Tfpwrite = 17.314 | Tmporead = 0.000 | Tasync = 0.000
 | data = 13.4 GB | cpsd = 8.35 GB
 | Trot = 166.528 | Tctr = 163.640 | Tint = 0.019 | Tmid = 0.000 | Tdctr = 0.007 | Tdiag = 0.089 | Tinfo = 1.686
 | Teff = 10.635 | Tprt = 4.140 | Teig = 59.910 | Tblk = 120.670 | Tmve = 403.039 | Tdm = 0.637 | Tsplt = 40.612 | Tsvd = 0.000 | Torth = 0.000

Sweep =    7 | Direction =  forward | Bond dimension =  550 | Noise =  1.00e-05 | Dav threshold =  1.00e-10
 --> Site =    0 .. Mmps =    2 Ndav =   1 E =   -121.6519729490 Error = 0.00e+00 FLOPS = 2.60e+09 Tdav = 0.00 T = 0.02
 --> Site =    1 .. Mmps =    4 Ndav =   1 E =   -121.6519729490 Error = 0.00e+00 FLOPS = 3.85e+09 Tdav = 0.00 T = 0.05
 --> Site =    2 .. Mmps =    8 Ndav =   1 E =   -121.6519729490 Error = 0.00e+00 FLOPS = 5.87e+09 Tdav = 0.00 T = 0.05
 --> Site =    3 .. Mmps =   16 Ndav =   1 E =   -121.6519729490 Error = 0.00e+00 FLOPS = 8.91e+09 Tdav = 0.00 T = 0.07
 --> Site =    4 .. Mmps =   32 Ndav =   1 E =   -121.6519729490 Error = 0.00e+00 FLOPS = 1.31e+10 Tdav = 0.01 T = 0.06
 --> Site =    5 .. Mmps =   64 Ndav =   2 E =   -121.6519729490 Error = 0.00e+00 FLOPS = 1.92e+10 Tdav = 0.02 T = 0.08
 --> Site =    6 .. Mmps =  128 Ndav =   6 E =   -121.6519729499 Error = 0.00e+00 FLOPS = 2.43e+10 Tdav = 0.11 T = 0.19
 --> Site =    7 .. Mmps =  256 Ndav =  13 E =   -121.6519729594 Error = 0.00e+00 FLOPS = 2.04e+10 Tdav = 0.72 T = 0.87
 --> Site =    8 .. Mmps =  512 Ndav =  13 E =   -121.6519730466 Error = 0.00e+00 FLOPS = 2.33e+10 Tdav = 1.84 T = 2.29
 --> Site =    9 .. Mmps =  550 Ndav =  21 E =   -121.6519733034 Error = 3.73e-26 FLOPS = 2.00e+10 Tdav = 11.18 T = 12.84
 --> Site =   10 .. Mmps =  550 Ndav =  16 E =   -121.6519738261 Error = 5.37e-24 FLOPS = 2.48e+10 Tdav = 8.37 T = 10.73
 --> Site =   11 .. Mmps =  550 Ndav =  21 E =   -121.6519748632 Error = 1.11e-22 FLOPS = 2.17e+10 Tdav = 13.52 T = 16.17
 --> Site =   12 .. Mmps =  550 Ndav =  23 E =   -121.6519976043 Error = 1.80e-21 FLOPS = 2.10e+10 Tdav = 16.41 T = 19.32
 --> Site =   13 .. Mmps =  550 Ndav =  21 E =   -121.6520172869 Error = 3.47e-21 FLOPS = 2.28e+10 Tdav = 14.69 T = 17.90
 --> Site =   14 .. Mmps =  550 Ndav =  23 E =   -121.6520557847 Error = 6.43e-21 FLOPS = 2.21e+10 Tdav = 17.70 T = 21.23
 --> Site =   15 .. Mmps =  550 Ndav =  22 E =   -121.6520934574 Error = 4.39e-21 FLOPS = 2.32e+10 Tdav = 17.07 T = 20.91
 --> Site =   16 .. Mmps =  550 Ndav =  25 E =   -121.6521445569 Error = 4.36e-21 FLOPS = 2.18e+10 Tdav = 21.79 T = 25.97
 --> Site =   17 .. Mmps =  550 Ndav =  24 E =   -121.6521949704 Error = 2.79e-21 FLOPS = 2.28e+10 Tdav = 21.05 T = 25.57
 --> Site =   18 .. Mmps =  550 Ndav =  23 E =   -121.6522370173 Error = 2.38e-21 FLOPS = 2.38e+10 Tdav = 20.27 T = 25.15
 --> Site =   19 .. Mmps =  550 Ndav =  24 E =   -121.6522849638 Error = 1.92e-21 FLOPS = 2.36e+10 Tdav = 22.38 T = 27.65
 --> Site =   20 .. Mmps =  550 Ndav =  25 E =   -121.6523315035 Error = 2.03e-21 FLOPS = 2.33e+10 Tdav = 24.59 T = 30.29
 --> Site =   21 .. Mmps =  550 Ndav =  24 E =   -121.6523740329 Error = 9.18e-22 FLOPS = 2.42e+10 Tdav = 23.73 T = 29.84
 --> Site =   22 .. Mmps =  550 Ndav =  25 E =   -121.6524159721 Error = 1.64e-21 FLOPS = 2.40e+10 Tdav = 25.98 T = 32.49
 --> Site =   23 .. Mmps =  550 Ndav =  23 E =   -121.6524375894 Error = 9.55e-22 FLOPS = 2.54e+10 Tdav = 23.48 T = 30.43
 --> Site =   24 .. Mmps =  550 Ndav =  21 E =   -121.6524583307 Error = 1.66e-21 FLOPS = 2.68e+10 Tdav = 21.13 T = 28.54
 --> Site =   25 .. Mmps =  550 Ndav =  24 E =   -121.6524957442 Error = 2.13e-21 FLOPS = 2.54e+10 Tdav = 26.40 T = 34.28
 --> Site =   26 .. Mmps =  550 Ndav =  19 E =   -121.6525085748 Error = 8.89e-22 FLOPS = 2.83e+10 Tdav = 19.42 T = 27.85
 --> Site =   27 .. Mmps =  550 Ndav =  21 E =   -121.6525350401 Error = 2.59e-21 FLOPS = 2.75e+10 Tdav = 22.87 T = 31.79
 --> Site =   28 .. Mmps =  550 Ndav =  22 E =   -121.6525820061 Error = 1.45e-21 FLOPS = 2.72e+10 Tdav = 25.06 T = 34.53
 --> Site =   29 .. Mmps =  550 Ndav =  22 E =   -121.6526348628 Error = 1.96e-21 FLOPS = 2.74e+10 Tdav = 25.64 T = 35.70
 --> Site =   30 .. Mmps =  550 Ndav =  20 E =   -121.6526802159 Error = 6.74e-22 FLOPS = 2.86e+10 Tdav = 23.06 T = 33.61
 --> Site =   31 .. Mmps =  550 Ndav =  23 E =   -121.6527548199 Error = 1.04e-21 FLOPS = 2.73e+10 Tdav = 28.63 T = 39.80
 --> Site =   32 .. Mmps =  550 Ndav =  19 E =   -121.6528106070 Error = 7.30e-22 FLOPS = 2.93e+10 Tdav = 22.63 T = 34.43
 --> Site =   33 .. Mmps =  550 Ndav =  22 E =   -121.6528545545 Error = 1.24e-21 FLOPS = 2.81e+10 Tdav = 28.10 T = 40.57
 --> Site =   34 .. Mmps =  550 Ndav =  19 E =   -121.6529131073 Error = 4.15e-22 FLOPS = 2.97e+10 Tdav = 23.65 T = 36.56
 --> Site =   35 .. Mmps =  550 Ndav =  23 E =   -121.6529780783 Error = 1.08e-21 FLOPS = 2.80e+10 Tdav = 31.16 T = 44.70
 --> Site =   36 .. Mmps =  550 Ndav =  21 E =   -121.6530279535 Error = 8.12e-22 FLOPS = 2.91e+10 Tdav = 28.13 T = 42.37
 --> Site =   37 .. Mmps =  550 Ndav =  24 E =   -121.6530797214 Error = 7.70e-22 FLOPS = 2.79e+10 Tdav = 34.39 T = 49.23
 --> Site =   38 .. Mmps =  550 Ndav =  21 E =   -121.6530996946 Error = 2.22e-21 FLOPS = 2.93e+10 Tdav = 29.31 T = 44.83
 --> Site =   39 .. Mmps =  550 Ndav =  25 E =   -121.6531396653 Error = 2.18e-21 FLOPS = 2.77e+10 Tdav = 37.80 T = 53.98
 --> Site =   40 .. Mmps =  550 Ndav =  21 E =   -121.6531633508 Error = 1.58e-21 FLOPS = 2.96e+10 Tdav = 30.47 T = 47.43
 --> Site =   41 .. Mmps =  550 Ndav =  23 E =   -121.6532301897 Error = 1.54e-21 FLOPS = 2.88e+10 Tdav = 35.02 T = 52.73
 --> Site =   42 .. Mmps =  550 Ndav =  20 E =   -121.6532551879 Error = 8.75e-22 FLOPS = 3.02e+10 Tdav = 29.76 T = 48.12
 --> Site =   43 .. Mmps =  550 Ndav =  22 E =   -121.6533401619 Error = 1.68e-21 FLOPS = 2.94e+10 Tdav = 33.64 T = 52.38
 --> Site =   44 .. Mmps =  550 Ndav =  21 E =   -121.6533896845 Error = 3.55e-22 FLOPS = 2.99e+10 Tdav = 32.23 T = 51.41
 --> Site =   45 .. Mmps =  550 Ndav =  23 E =   -121.6534451657 Error = 1.08e-21 FLOPS = 2.91e+10 Tdav = 36.29 T = 55.83
 --> Site =   46 .. Mmps =  550 Ndav =  20 E =   -121.6534905081 Error = 2.62e-22 FLOPS = 3.04e+10 Tdav = 30.86 T = 50.75
 --> Site =   47 .. Mmps =  550 Ndav =  20 E =   -121.6535343191 Error = 2.85e-22 FLOPS = 3.04e+10 Tdav = 30.85 T = 51.15
 --> Site =   48 .. Mmps =  550 Ndav =  20 E =   -121.6535899842 Error = 4.46e-22 FLOPS = 3.05e+10 Tdav = 31.46 T = 52.08
 --> Site =   49 .. Mmps =  550 Ndav =  22 E =   -121.6536835215 Error = 7.37e-22 FLOPS = 2.98e+10 Tdav = 36.11 T = 57.63
 --> Site =   50 .. Mmps =  550 Ndav =  20 E =   -121.6537163874 Error = 1.65e-21 FLOPS = 3.07e+10 Tdav = 31.86 T = 53.90
 --> Site =   51 .. Mmps =  550 Ndav =  20 E =   -121.6537982539 Error = 1.63e-21 FLOPS = 3.09e+10 Tdav = 32.35 T = 54.67
 --> Site =   52 .. Mmps =  550 Ndav =  17 E =   -121.6538051518 Error = 1.62e-21 FLOPS = 3.20e+10 Tdav = 27.04 T = 50.14
 --> Site =   53 .. Mmps =  550 Ndav =  17 E =   -121.6538201025 Error = 2.24e-21 FLOPS = 3.20e+10 Tdav = 27.04 T = 50.68
 --> Site =   54 .. Mmps =  550 Ndav =  19 E =   -121.6538562748 Error = 2.06e-21 FLOPS = 3.14e+10 Tdav = 31.44 T = 55.40
 --> Site =   55 .. Mmps =  550 Ndav =  19 E =   -121.6538808320 Error = 9.91e-22 FLOPS = 3.14e+10 Tdav = 31.42 T = 55.78
 --> Site =   56 .. Mmps =  550 Ndav =  23 E =   -121.6539303869 Error = 7.49e-22 FLOPS = 2.99e+10 Tdav = 39.94 T = 64.33
 --> Site =   57 .. Mmps =  550 Ndav =  21 E =   -121.6539672464 Error = 4.84e-22 FLOPS = 3.06e+10 Tdav = 35.58 T = 59.97
 --> Site =   58 .. Mmps =  550 Ndav =  22 E =   -121.6540351528 Error = 4.59e-22 FLOPS = 3.04e+10 Tdav = 38.31 T = 63.08
 --> Site =   59 .. Mmps =  550 Ndav =  20 E =   -121.6540728038 Error = 2.10e-22 FLOPS = 3.12e+10 Tdav = 34.55 T = 60.19
 --> Site =   60 .. Mmps =  550 Ndav =  25 E =   -121.6541732986 Error = 5.12e-22 FLOPS = 2.92e+10 Tdav = 45.26 T = 70.95
 --> Site =   61 .. Mmps =  550 Ndav =  20 E =   -121.6542054330 Error = 5.21e-22 FLOPS = 3.12e+10 Tdav = 34.57 T = 60.22
 --> Site =   62 .. Mmps =  550 Ndav =  26 E =   -121.6542685730 Error = 7.08e-22 FLOPS = 2.89e+10 Tdav = 48.42 T = 74.58
 --> Site =   63 .. Mmps =  550 Ndav =  23 E =   -121.6542820575 Error = 1.56e-21 FLOPS = 3.01e+10 Tdav = 41.22 T = 67.38
 --> Site =   64 .. Mmps =  550 Ndav =  21 E =   -121.6542879046 Error = 1.75e-21 FLOPS = 3.09e+10 Tdav = 37.31 T = 63.82
 --> Site =   65 .. Mmps =  550 Ndav =  18 E =   -121.6542954524 Error = 9.60e-22 FLOPS = 3.19e+10 Tdav = 30.95 T = 57.96
 --> Site =   66 .. Mmps =  550 Ndav =  19 E =   -121.6543207656 Error = 7.09e-22 FLOPS = 3.16e+10 Tdav = 33.00 T = 60.02
 --> Site =   67 .. Mmps =  550 Ndav =  21 E =   -121.6543652804 Error = 3.82e-22 FLOPS = 3.10e+10 Tdav = 37.88 T = 65.31
 --> Site =   68 .. Mmps =  550 Ndav =  21 E =   -121.6544083237 Error = 3.76e-22 FLOPS = 3.10e+10 Tdav = 37.88 T = 65.78
 --> Site =   69 .. Mmps =  550 Ndav =  17 E =   -121.6544298017 Error = 1.04e-22 FLOPS = 3.23e+10 Tdav = 28.91 T = 56.32
 --> Site =   70 .. Mmps =  550 Ndav =  19 E =   -121.6544649073 Error = 1.69e-22 FLOPS = 3.16e+10 Tdav = 33.00 T = 60.02
 --> Site =   71 .. Mmps =  550 Ndav =  19 E =   -121.6545402934 Error = 7.03e-23 FLOPS = 3.16e+10 Tdav = 33.01 T = 60.07
 --> Site =   72 .. Mmps =  550 Ndav =  20 E =   -121.6545733093 Error = 2.78e-22 FLOPS = 3.13e+10 Tdav = 35.67 T = 63.28
 --> Site =   73 .. Mmps =  550 Ndav =  19 E =   -121.6546303405 Error = 1.42e-22 FLOPS = 3.17e+10 Tdav = 33.52 T = 61.40
 --> Site =   74 .. Mmps =  550 Ndav =  20 E =   -121.6546908387 Error = 2.65e-22 FLOPS = 3.13e+10 Tdav = 35.67 T = 63.95
 --> Site =   75 .. Mmps =  550 Ndav =  18 E =   -121.6547202307 Error = 6.97e-22 FLOPS = 3.20e+10 Tdav = 31.44 T = 59.36
 --> Site =   76 .. Mmps =  550 Ndav =  21 E =   -121.6547720146 Error = 1.63e-21 FLOPS = 3.10e+10 Tdav = 37.87 T = 65.94
 --> Site =   77 .. Mmps =  550 Ndav =  23 E =   -121.6548030413 Error = 1.65e-21 FLOPS = 3.03e+10 Tdav = 42.46 T = 70.38
 --> Site =   78 .. Mmps =  550 Ndav =  19 E =   -121.6548144317 Error = 1.11e-21 FLOPS = 3.17e+10 Tdav = 33.51 T = 61.42
 --> Site =   79 .. Mmps =  550 Ndav =  20 E =   -121.6548339640 Error = 1.60e-21 FLOPS = 3.13e+10 Tdav = 35.67 T = 63.56
 --> Site =   80 .. Mmps =  550 Ndav =  16 E =   -121.6548507901 Error = 1.47e-21 FLOPS = 3.27e+10 Tdav = 27.38 T = 55.32
 --> Site =   81 .. Mmps =  550 Ndav =  19 E =   -121.6549250469 Error = 2.15e-21 FLOPS = 3.17e+10 Tdav = 33.51 T = 61.43
 --> Site =   82 .. Mmps =  550 Ndav =  22 E =   -121.6549624917 Error = 1.05e-21 FLOPS = 3.06e+10 Tdav = 39.53 T = 66.92
 --> Site =   83 .. Mmps =  550 Ndav =  22 E =   -121.6550406230 Error = 6.34e-22 FLOPS = 3.06e+10 Tdav = 40.15 T = 67.60
 --> Site =   84 .. Mmps =  550 Ndav =  21 E =   -121.6550770555 Error = 4.09e-22 FLOPS = 3.10e+10 Tdav = 37.87 T = 65.69
 --> Site =   85 .. Mmps =  550 Ndav =  19 E =   -121.6551721143 Error = 2.73e-22 FLOPS = 3.17e+10 Tdav = 33.52 T = 61.38
 --> Site =   86 .. Mmps =  550 Ndav =  18 E =   -121.6552068646 Error = 3.25e-22 FLOPS = 3.21e+10 Tdav = 31.92 T = 60.28
 --> Site =   87 .. Mmps =  550 Ndav =  22 E =   -121.6552964192 Error = 1.05e-21 FLOPS = 3.06e+10 Tdav = 40.15 T = 68.51
 --> Site =   88 .. Mmps =  550 Ndav =  19 E =   -121.6553384915 Error = 6.08e-22 FLOPS = 3.14e+10 Tdav = 33.77 T = 61.70
 --> Site =   89 .. Mmps =  550 Ndav =  22 E =   -121.6554402038 Error = 1.20e-21 FLOPS = 3.04e+10 Tdav = 40.47 T = 68.41
 --> Site =   90 .. Mmps =  550 Ndav =  19 E =   -121.6554569877 Error = 2.97e-21 FLOPS = 3.14e+10 Tdav = 33.79 T = 61.66
 --> Site =   91 .. Mmps =  550 Ndav =  19 E =   -121.6554623030 Error = 8.69e-22 FLOPS = 3.15e+10 Tdav = 33.74 T = 61.63
 --> Site =   92 .. Mmps =  550 Ndav =  20 E =   -121.6554798321 Error = 4.66e-22 FLOPS = 3.11e+10 Tdav = 35.90 T = 63.76
 --> Site =   93 .. Mmps =  550 Ndav =  19 E =   -121.6555144667 Error = 5.50e-22 FLOPS = 3.14e+10 Tdav = 33.78 T = 61.75
 --> Site =   94 .. Mmps =  550 Ndav =  19 E =   -121.6555441405 Error = 4.10e-22 FLOPS = 3.15e+10 Tdav = 33.74 T = 61.65
 --> Site =   95 .. Mmps =  550 Ndav =  20 E =   -121.6555964487 Error = 2.53e-22 FLOPS = 3.11e+10 Tdav = 35.34 T = 62.78
 --> Site =   96 .. Mmps =  550 Ndav =  19 E =   -121.6556216810 Error = 3.28e-22 FLOPS = 3.14e+10 Tdav = 33.20 T = 60.23
 --> Site =   97 .. Mmps =  550 Ndav =  23 E =   -121.6557104047 Error = 2.72e-22 FLOPS = 3.00e+10 Tdav = 42.03 T = 68.99
 --> Site =   98 .. Mmps =  550 Ndav =  19 E =   -121.6557346842 Error = 1.81e-22 FLOPS = 3.15e+10 Tdav = 33.08 T = 60.11
 --> Site =   99 .. Mmps =  550 Ndav =  21 E =   -121.6558085557 Error = 5.51e-22 FLOPS = 3.09e+10 Tdav = 37.96 T = 65.51
 --> Site =  100 .. Mmps =  550 Ndav =  18 E =   -121.6558223296 Error = 4.59e-22 FLOPS = 3.19e+10 Tdav = 31.01 T = 58.44
 --> Site =  101 .. Mmps =  550 Ndav =  24 E =   -121.6558909141 Error = 5.82e-22 FLOPS = 2.97e+10 Tdav = 44.34 T = 71.36
 --> Site =  102 .. Mmps =  550 Ndav =  18 E =   -121.6559107912 Error = 1.53e-21 FLOPS = 3.19e+10 Tdav = 31.00 T = 57.99
 --> Site =  103 .. Mmps =  550 Ndav =  21 E =   -121.6559640584 Error = 1.04e-21 FLOPS = 3.07e+10 Tdav = 36.82 T = 63.40
 --> Site =  104 .. Mmps =  550 Ndav =  18 E =   -121.6559733298 Error = 1.11e-21 FLOPS = 3.18e+10 Tdav = 30.49 T = 56.59
 --> Site =  105 .. Mmps =  550 Ndav =  20 E =   -121.6559928991 Error = 1.44e-21 FLOPS = 3.11e+10 Tdav = 34.64 T = 60.72
 --> Site =  106 .. Mmps =  550 Ndav =  18 E =   -121.6560216562 Error = 1.76e-21 FLOPS = 3.18e+10 Tdav = 30.50 T = 56.59
 --> Site =  107 .. Mmps =  550 Ndav =  18 E =   -121.6560411573 Error = 6.23e-22 FLOPS = 3.17e+10 Tdav = 30.00 T = 55.70
 --> Site =  108 .. Mmps =  550 Ndav =  19 E =   -121.6560823752 Error = 5.83e-22 FLOPS = 3.15e+10 Tdav = 31.96 T = 57.15
 --> Site =  109 .. Mmps =  550 Ndav =  21 E =   -121.6561102236 Error = 4.01e-22 FLOPS = 3.07e+10 Tdav = 35.54 T = 60.36
 --> Site =  110 .. Mmps =  550 Ndav =  21 E =   -121.6561534791 Error = 3.34e-22 FLOPS = 3.06e+10 Tdav = 35.57 T = 59.90
 --> Site =  111 .. Mmps =  550 Ndav =  19 E =   -121.6562008742 Error = 3.53e-22 FLOPS = 3.14e+10 Tdav = 31.42 T = 55.81
 --> Site =  112 .. Mmps =  550 Ndav =  26 E =   -121.6562923656 Error = 6.81e-22 FLOPS = 2.87e+10 Tdav = 46.97 T = 71.31
 --> Site =  113 .. Mmps =  550 Ndav =  19 E =   -121.6563188549 Error = 1.09e-21 FLOPS = 3.13e+10 Tdav = 30.89 T = 54.82
 --> Site =  114 .. Mmps =  550 Ndav =  23 E =   -121.6563622820 Error = 1.14e-21 FLOPS = 2.98e+10 Tdav = 39.29 T = 62.81
 --> Site =  115 .. Mmps =  550 Ndav =  23 E =   -121.6563894144 Error = 2.66e-21 FLOPS = 2.98e+10 Tdav = 39.28 T = 62.87
 --> Site =  116 .. Mmps =  550 Ndav =  22 E =   -121.6563984792 Error = 2.82e-21 FLOPS = 3.01e+10 Tdav = 36.49 T = 59.49
 --> Site =  117 .. Mmps =  550 Ndav =  19 E =   -121.6564097597 Error = 8.20e-22 FLOPS = 3.11e+10 Tdav = 29.85 T = 52.13
 --> Site =  118 .. Mmps =  550 Ndav =  22 E =   -121.6564456866 Error = 5.09e-22 FLOPS = 3.00e+10 Tdav = 35.88 T = 57.74
 --> Site =  119 .. Mmps =  550 Ndav =  22 E =   -121.6564796247 Error = 1.69e-22 FLOPS = 2.98e+10 Tdav = 35.37 T = 56.86
 --> Site =  120 .. Mmps =  550 Ndav =  21 E =   -121.6565135460 Error = 1.19e-21 FLOPS = 3.02e+10 Tdav = 32.63 T = 53.32
 --> Site =  121 .. Mmps =  550 Ndav =  18 E =   -121.6565484308 Error = 1.28e-22 FLOPS = 3.13e+10 Tdav = 26.94 T = 47.43
 --> Site =  122 .. Mmps =  550 Ndav =  20 E =   -121.6565988089 Error = 6.31e-22 FLOPS = 3.04e+10 Tdav = 30.13 T = 50.01
 --> Site =  123 .. Mmps =  550 Ndav =  19 E =   -121.6566595360 Error = 1.53e-23 FLOPS = 3.13e+10 Tdav = 26.90 T = 46.37
 --> Site =  124 .. Mmps =  550 Ndav =  20 E =   -121.6567173045 Error = 1.51e-22 FLOPS = 2.98e+10 Tdav = 28.22 T = 47.28
 --> Site =  125 .. Mmps =  550 Ndav =  18 E =   -121.6567585827 Error = 1.18e-23 FLOPS = 3.06e+10 Tdav = 23.91 T = 42.57
 --> Site =  126 .. Mmps =  550 Ndav =  20 E =   -121.6568077949 Error = 4.49e-23 FLOPS = 2.96e+10 Tdav = 26.07 T = 44.35
 --> Site =  127 .. Mmps =  550 Ndav =  18 E =   -121.6568408074 Error = 3.44e-24 FLOPS = 3.05e+10 Tdav = 21.46 T = 39.03
 --> Site =  128 .. Mmps =  550 Ndav =  23 E =   -121.6569584489 Error = 1.69e-23 FLOPS = 2.92e+10 Tdav = 26.99 T = 43.72
 --> Site =  129 .. Mmps =  550 Ndav =  24 E =   -121.6570277572 Error = 3.58e-23 FLOPS = 2.79e+10 Tdav = 27.80 T = 43.85
 --> Site =  130 .. Mmps =  550 Ndav =  25 E =   -121.6570848172 Error = 8.07e-24 FLOPS = 2.60e+10 Tdav = 29.28 T = 44.73
 --> Site =  131 .. Mmps =  550 Ndav =  22 E =   -121.6571359833 Error = 1.15e-23 FLOPS = 2.78e+10 Tdav = 22.66 T = 37.44
 --> Site =  132 .. Mmps =  550 Ndav =  20 E =   -121.6572153947 Error = 6.92e-24 FLOPS = 2.89e+10 Tdav = 18.46 T = 32.48
 --> Site =  133 .. Mmps =  550 Ndav =  19 E =   -121.6573152410 Error = 7.62e-24 FLOPS = 2.81e+10 Tdav = 16.88 T = 30.15
 --> Site =  134 .. Mmps =  550 Ndav =  17 E =   -121.6573462139 Error = 4.53e-25 FLOPS = 2.90e+10 Tdav = 13.71 T = 26.36
 --> Site =  135 .. Mmps =  550 Ndav =  22 E =   -121.6575243250 Error = 3.21e-24 FLOPS = 2.69e+10 Tdav = 17.81 T = 29.82
 --> Site =  136 .. Mmps =  550 Ndav =  18 E =   -121.6575611153 Error = 6.75e-25 FLOPS = 2.89e+10 Tdav = 12.68 T = 24.08
 --> Site =  137 .. Mmps =  550 Ndav =  20 E =   -121.6576014194 Error = 3.60e-24 FLOPS = 2.72e+10 Tdav = 13.89 T = 24.70
 --> Site =  138 .. Mmps =  550 Ndav =  18 E =   -121.6576389442 Error = 3.57e-25 FLOPS = 2.82e+10 Tdav = 11.22 T = 21.64
 --> Site =  139 .. Mmps =  550 Ndav =  23 E =   -121.6577572505 Error = 3.22e-24 FLOPS = 2.52e+10 Tdav = 14.83 T = 24.59
 --> Site =  140 .. Mmps =  550 Ndav =  21 E =   -121.6578069477 Error = 6.12e-25 FLOPS = 2.63e+10 Tdav = 12.08 T = 21.18
 --> Site =  141 .. Mmps =  550 Ndav =  24 E =   -121.6579075748 Error = 6.32e-25 FLOPS = 2.46e+10 Tdav = 13.52 T = 22.09
 --> Site =  142 .. Mmps =  550 Ndav =  21 E =   -121.6579358250 Error = 1.07e-24 FLOPS = 2.62e+10 Tdav = 10.20 T = 18.31
 --> Site =  143 .. Mmps =  550 Ndav =  18 E =   -121.6579450833 Error = 2.01e-25 FLOPS = 2.71e+10 Tdav = 7.69 T = 15.32
 --> Site =  144 .. Mmps =  550 Ndav =  20 E =   -121.6579641688 Error = 5.67e-25 FLOPS = 2.44e+10 Tdav = 8.71 T = 15.88
 --> Site =  145 .. Mmps =  550 Ndav =  24 E =   -121.6579777118 Error = 1.14e-25 FLOPS = 2.30e+10 Tdav = 10.06 T = 16.67
 --> Site =  146 .. Mmps =  550 Ndav =  20 E =   -121.6579942314 Error = 3.59e-25 FLOPS = 2.51e+10 Tdav = 6.90 T = 13.06
 --> Site =  147 .. Mmps =  550 Ndav =  22 E =   -121.6580146386 Error = 5.02e-27 FLOPS = 2.17e+10 Tdav = 7.90 T = 13.67
 --> Site =  148 .. Mmps =  550 Ndav =  18 E =   -121.6580348096 Error = 4.74e-26 FLOPS = 2.52e+10 Tdav = 4.96 T = 10.28
 --> Site =  149 .. Mmps =  550 Ndav =  22 E =   -121.6580528959 Error = 3.28e-27 FLOPS = 2.07e+10 Tdav = 6.65 T = 11.67
 --> Site =  150 .. Mmps =  550 Ndav =  18 E =   -121.6580825777 Error = 6.69e-26 FLOPS = 2.42e+10 Tdav = 4.11 T = 8.67
 --> Site =  151 .. Mmps =  550 Ndav =  22 E =   -121.6581057024 Error = 2.05e-27 FLOPS = 2.29e+10 Tdav = 4.63 T = 8.79
 --> Site =  152 .. Mmps =  550 Ndav =  18 E =   -121.6581297887 Error = 1.23e-26 FLOPS = 2.60e+10 Tdav = 2.92 T = 6.75
 --> Site =  153 .. Mmps =  550 Ndav =  25 E =   -121.6581660236 Error = 1.67e-27 FLOPS = 1.92e+10 Tdav = 4.73 T = 8.24
 --> Site =  154 .. Mmps =  550 Ndav =  17 E =   -121.6582089118 Error = 2.34e-27 FLOPS = 2.47e+10 Tdav = 2.14 T = 5.33
 --> Site =  155 .. Mmps =  550 Ndav =  22 E =   -121.6582882863 Error = 3.17e-27 FLOPS = 1.98e+10 Tdav = 2.91 T = 5.81
 --> Site =  156 .. Mmps =  550 Ndav =  16 E =   -121.6583446059 Error = 3.90e-27 FLOPS = 2.34e+10 Tdav = 1.48 T = 4.12
 --> Site =  157 .. Mmps =  550 Ndav =  23 E =   -121.6584249123 Error = 1.47e-27 FLOPS = 1.80e+10 Tdav = 2.27 T = 4.62
 --> Site =  158 .. Mmps =  550 Ndav =  18 E =   -121.6584900203 Error = 1.86e-27 FLOPS = 2.07e+10 Tdav = 1.24 T = 3.36
 --> Site =  159 .. Mmps =  550 Ndav =  24 E =   -121.6585396869 Error = 3.88e-28 FLOPS = 1.60e+10 Tdav = 1.64 T = 3.53
 --> Site =  160 .. Mmps =  550 Ndav =  20 E =   -121.6585876591 Error = 1.36e-28 FLOPS = 1.85e+10 Tdav = 0.90 T = 2.58
 --> Site =  161 .. Mmps =  550 Ndav =  24 E =   -121.6586185197 Error = 1.67e-29 FLOPS = 1.58e+10 Tdav = 0.90 T = 2.39
 --> Site =  162 .. Mmps =  550 Ndav =  19 E =   -121.6586436121 Error = 6.10e-30 FLOPS = 1.79e+10 Tdav = 0.42 T = 1.76
 --> Site =  163 .. Mmps =  550 Ndav =  19 E =   -121.6586506767 Error = 1.13e-31 FLOPS = 1.52e+10 Tdav = 0.31 T = 1.46
 --> Site =  164 .. Mmps =  550 Ndav =   5 E =   -121.6586506806 Error = 6.48e-35 FLOPS = 1.87e+10 Tdav = 0.03 T = 1.06
 --> Site =  165 .. Mmps =  550 Ndav =   1 E =   -121.6586506806 Error = 1.72e-60 FLOPS = 8.54e+09 Tdav = 0.01 T = 0.87
 --> Site =  166 .. Mmps =  550 Ndav =   1 E =   -121.6586506806 Error = 6.98e-86 FLOPS = 4.94e+09 Tdav = 0.00 T = 0.80
 --> Site =  167 .. Mmps =  549 Ndav =   1 E =   -121.6586506806 Error = 0.00e+00 FLOPS = 2.82e+09 Tdav = 0.00 T = 0.65
 --> Site =  168 .. Mmps =  547 Ndav =   1 E =   -121.6586506806 Error = 0.00e+00 FLOPS = 2.15e+09 Tdav = 0.00 T = 0.53
Time elapsed =   9857.952 | E =    -121.6586506806 | DE = -6.68e-03 | DW = 6.42641e-21
Time sweep =     6763.023 | 109 TFLOP/SWP
 | Dmem = 138 MB (3%) | Imem = 232 B (79%) | Hmem = 660 MB | Wmem = 4.62 MB | Pmem = 4.62 MB
 | Tread = 77.161 | Twrite = 32.624 | Tfpread = 74.537 | Tfpwrite = 19.897 | Tmporead = 0.000 | Tasync = 0.000
 | data = 14.7 GB | cpsd = 11.0 GB
 | Trot = 185.882 | Tctr = 1.519 | Tint = 0.010 | Tmid = 0.000 | Tdctr = 60.823 | Tdiag = 1.608 | Tinfo = 1.940
 | Teff = 2302.271 | Tprt = 112.282 | Teig = 4065.679 | Tblk = 6539.828 | Tmve = 223.178 | Tdm = 3.074 | Tsplt = 45.137 | Tsvd = 0.000 | Torth = 0.000

Sweep =    8 | Direction = backward | Bond dimension =  550 | Noise =  0.00e+00 | Dav threshold =  1.00e-08
 <-- Site =  168 .. Mmps =    2 Ndav =   1 E =   -121.6586506806 Error = 0.00e+00 FLOPS = 2.50e+09 Tdav = 0.00 T = 0.02
 <-- Site =  167 .. Mmps =    4 Ndav =   1 E =   -121.6586506806 Error = 0.00e+00 FLOPS = 3.44e+09 Tdav = 0.00 T = 0.11
 <-- Site =  166 .. Mmps =    8 Ndav =   1 E =   -121.6586506806 Error = 0.00e+00 FLOPS = 5.58e+09 Tdav = 0.00 T = 0.17
 <-- Site =  165 .. Mmps =   16 Ndav =   1 E =   -121.6586506806 Error = 0.00e+00 FLOPS = 9.12e+09 Tdav = 0.01 T = 0.25
 <-- Site =  164 .. Mmps =   32 Ndav =   1 E =   -121.6586506806 Error = 0.00e+00 FLOPS = 1.47e+10 Tdav = 0.01 T = 0.34
 <-- Site =  163 .. Mmps =   64 Ndav =   1 E =   -121.6586506806 Error = 0.00e+00 FLOPS = 1.75e+10 Tdav = 0.02 T = 0.46
 <-- Site =  162 .. Mmps =  128 Ndav =   3 E =   -121.6586506873 Error = 0.00e+00 FLOPS = 2.54e+10 Tdav = 0.08 T = 0.66
 <-- Site =  161 .. Mmps =  256 Ndav =   6 E =   -121.6586507570 Error = 0.00e+00 FLOPS = 2.90e+10 Tdav = 0.32 T = 1.05
 <-- Site =  160 .. Mmps =  512 Ndav =   6 E =   -121.6586508845 Error = 0.00e+00 FLOPS = 2.95e+10 Tdav = 0.78 T = 1.74
 <-- Site =  159 .. Mmps =  550 Ndav =   7 E =   -121.6586510579 Error = 1.22e-25 FLOPS = 3.00e+10 Tdav = 2.33 T = 3.87
 <-- Site =  158 .. Mmps =  550 Ndav =   8 E =   -121.6586515853 Error = 3.92e-22 FLOPS = 3.02e+10 Tdav = 3.18 T = 5.30
 <-- Site =  157 .. Mmps =  550 Ndav =  12 E =   -121.6586523792 Error = 9.22e-23 FLOPS = 2.79e+10 Tdav = 5.58 T = 8.05
 <-- Site =  156 .. Mmps =  550 Ndav =  11 E =   -121.6586559158 Error = 1.71e-19 FLOPS = 2.90e+10 Tdav = 5.29 T = 8.01
 <-- Site =  155 .. Mmps =  550 Ndav =  14 E =   -121.6586594472 Error = 3.80e-21 FLOPS = 2.74e+10 Tdav = 7.66 T = 10.66
 <-- Site =  154 .. Mmps =  550 Ndav =  13 E =   -121.6586654262 Error = 1.17e-20 FLOPS = 2.85e+10 Tdav = 7.29 T = 10.57
 <-- Site =  153 .. Mmps =  550 Ndav =  17 E =   -121.6586738816 Error = 1.30e-20 FLOPS = 2.62e+10 Tdav = 11.00 T = 14.66
 <-- Site =  152 .. Mmps =  550 Ndav =  13 E =   -121.6586814587 Error = 2.28e-20 FLOPS = 2.91e+10 Tdav = 8.02 T = 11.99
 <-- Site =  151 .. Mmps =  550 Ndav =  17 E =   -121.6586929226 Error = 1.59e-20 FLOPS = 2.70e+10 Tdav = 11.96 T = 16.32
 <-- Site =  150 .. Mmps =  550 Ndav =  13 E =   -121.6586988602 Error = 1.61e-20 FLOPS = 2.97e+10 Tdav = 8.73 T = 13.46
 <-- Site =  149 .. Mmps =  550 Ndav =  17 E =   -121.6587113203 Error = 1.09e-20 FLOPS = 2.76e+10 Tdav = 12.90 T = 17.94
 <-- Site =  148 .. Mmps =  550 Ndav =  13 E =   -121.6587180370 Error = 1.83e-20 FLOPS = 3.02e+10 Tdav = 9.46 T = 14.92
 <-- Site =  147 .. Mmps =  550 Ndav =  16 E =   -121.6587257787 Error = 3.66e-21 FLOPS = 2.88e+10 Tdav = 12.76 T = 18.63
 <-- Site =  146 .. Mmps =  550 Ndav =  13 E =   -121.6587300553 Error = 8.71e-21 FLOPS = 3.06e+10 Tdav = 10.19 T = 16.48
 <-- Site =  145 .. Mmps =  550 Ndav =  15 E =   -121.6587344306 Error = 3.44e-21 FLOPS = 2.98e+10 Tdav = 12.58 T = 19.35
 <-- Site =  144 .. Mmps =  550 Ndav =  12 E =   -121.6587359519 Error = 3.34e-21 FLOPS = 3.13e+10 Tdav = 9.94 T = 17.17
 <-- Site =  143 .. Mmps =  550 Ndav =  15 E =   -121.6587381103 Error = 9.85e-21 FLOPS = 3.01e+10 Tdav = 13.41 T = 21.12
 <-- Site =  142 .. Mmps =  550 Ndav =  10 E =   -121.6587387322 Error = 1.29e-18 FLOPS = 3.25e+10 Tdav = 8.61 T = 16.82
 <-- Site =  141 .. Mmps =  550 Ndav =  11 E =   -121.6587394239 Error = 4.04e-21 FLOPS = 3.22e+10 Tdav = 9.88 T = 18.61
 <-- Site =  140 .. Mmps =  550 Ndav =  11 E =   -121.6587405441 Error = 3.67e-18 FLOPS = 3.23e+10 Tdav = 10.20 T = 19.47
 <-- Site =  139 .. Mmps =  550 Ndav =  11 E =   -121.6587413932 Error = 3.44e-21 FLOPS = 3.24e+10 Tdav = 10.50 T = 20.37
 <-- Site =  138 .. Mmps =  550 Ndav =  11 E =   -121.6587426654 Error = 7.30e-18 FLOPS = 3.25e+10 Tdav = 10.82 T = 21.23
 <-- Site =  137 .. Mmps =  550 Ndav =  11 E =   -121.6587436581 Error = 6.54e-21 FLOPS = 3.26e+10 Tdav = 11.12 T = 22.11
 <-- Site =  136 .. Mmps =  550 Ndav =  13 E =   -121.6587451929 Error = 1.92e-18 FLOPS = 3.19e+10 Tdav = 13.83 T = 25.40
 <-- Site =  135 .. Mmps =  550 Ndav =  12 E =   -121.6587465604 Error = 1.64e-20 FLOPS = 3.24e+10 Tdav = 12.93 T = 25.09
 <-- Site =  134 .. Mmps =  550 Ndav =  14 E =   -121.6587483509 Error = 5.36e-19 FLOPS = 3.17e+10 Tdav = 15.88 T = 28.68
 <-- Site =  133 .. Mmps =  550 Ndav =  12 E =   -121.6587496387 Error = 3.34e-21 FLOPS = 3.26e+10 Tdav = 13.59 T = 27.03
 <-- Site =  132 .. Mmps =  550 Ndav =  12 E =   -121.6587509997 Error = 1.27e-18 FLOPS = 3.27e+10 Tdav = 13.92 T = 28.04
 <-- Site =  131 .. Mmps =  550 Ndav =  12 E =   -121.6587517916 Error = 1.51e-20 FLOPS = 3.28e+10 Tdav = 14.26 T = 29.17
 <-- Site =  130 .. Mmps =  550 Ndav =  11 E =   -121.6587527127 Error = 5.62e-18 FLOPS = 3.31e+10 Tdav = 13.25 T = 28.80
 <-- Site =  129 .. Mmps =  550 Ndav =  11 E =   -121.6587535366 Error = 4.68e-21 FLOPS = 3.32e+10 Tdav = 13.55 T = 29.79
 <-- Site =  128 .. Mmps =  550 Ndav =  11 E =   -121.6587544919 Error = 7.32e-21 FLOPS = 3.33e+10 Tdav = 13.85 T = 30.80
 <-- Site =  127 .. Mmps =  550 Ndav =  12 E =   -121.6587560511 Error = 6.02e-21 FLOPS = 3.29e+10 Tdav = 15.64 T = 33.37
 <-- Site =  126 .. Mmps =  550 Ndav =  10 E =   -121.6587572814 Error = 8.76e-21 FLOPS = 3.36e+10 Tdav = 13.06 T = 31.46
 <-- Site =  125 .. Mmps =  550 Ndav =  11 E =   -121.6587591358 Error = 1.21e-20 FLOPS = 3.35e+10 Tdav = 14.77 T = 33.67
 <-- Site =  124 .. Mmps =  550 Ndav =   9 E =   -121.6587600928 Error = 1.12e-20 FLOPS = 3.39e+10 Tdav = 11.94 T = 31.23
 <-- Site =  123 .. Mmps =  550 Ndav =  11 E =   -121.6587618842 Error = 9.40e-21 FLOPS = 3.35e+10 Tdav = 15.08 T = 34.80
 <-- Site =  122 .. Mmps =  550 Ndav =  10 E =   -121.6587625868 Error = 1.65e-20 FLOPS = 3.38e+10 Tdav = 13.60 T = 33.68
 <-- Site =  121 .. Mmps =  550 Ndav =  14 E =   -121.6587639448 Error = 5.14e-21 FLOPS = 3.26e+10 Tdav = 20.15 T = 40.71
 <-- Site =  120 .. Mmps =  550 Ndav =  11 E =   -121.6587646977 Error = 5.20e-21 FLOPS = 3.35e+10 Tdav = 15.42 T = 36.44
 <-- Site =  119 .. Mmps =  550 Ndav =  14 E =   -121.6587674520 Error = 6.68e-21 FLOPS = 3.26e+10 Tdav = 20.57 T = 42.29
 <-- Site =  118 .. Mmps =  550 Ndav =  13 E =   -121.6587679660 Error = 2.26e-20 FLOPS = 3.31e+10 Tdav = 19.22 T = 41.34
 <-- Site =  117 .. Mmps =  550 Ndav =  11 E =   -121.6587685369 Error = 3.92e-20 FLOPS = 3.36e+10 Tdav = 16.00 T = 38.55
 <-- Site =  116 .. Mmps =  550 Ndav =   8 E =   -121.6587686437 Error = 1.27e-19 FLOPS = 3.42e+10 Tdav = 11.67 T = 35.08
 <-- Site =  115 .. Mmps =  550 Ndav =   8 E =   -121.6587688583 Error = 2.25e-18 FLOPS = 3.44e+10 Tdav = 11.86 T = 35.73
 <-- Site =  114 .. Mmps =  550 Ndav =   8 E =   -121.6587689971 Error = 1.26e-20 FLOPS = 3.43e+10 Tdav = 11.86 T = 35.79
 <-- Site =  113 .. Mmps =  550 Ndav =   8 E =   -121.6587692414 Error = 5.40e-18 FLOPS = 3.43e+10 Tdav = 11.88 T = 36.25
 <-- Site =  112 .. Mmps =  550 Ndav =   9 E =   -121.6587694947 Error = 2.49e-21 FLOPS = 3.42e+10 Tdav = 13.66 T = 38.45
 <-- Site =  111 .. Mmps =  550 Ndav =  11 E =   -121.6587698118 Error = 2.97e-18 FLOPS = 3.37e+10 Tdav = 16.95 T = 41.94
 <-- Site =  110 .. Mmps =  550 Ndav =  73 E =   -121.7187033632 Error = 3.38e-16 FLOPS = 2.17e+10 Tdav = 175.03 T = 199.92
 <-- Site =  109 .. Mmps =  550 Ndav =  40 E =   -121.8341172941 Error = 2.94e-20 FLOPS = 2.31e+10 Tdav = 90.00 T = 115.23
 <-- Site =  108 .. Mmps =  550 Ndav =  29 E =   -121.8812538122 Error = 5.32e-18 FLOPS = 2.75e+10 Tdav = 55.79 T = 81.49
 <-- Site =  107 .. Mmps =  550 Ndav =  25 E =   -121.8888101843 Error = 3.06e-21 FLOPS = 2.91e+10 Tdav = 45.47 T = 71.64
 <-- Site =  106 .. Mmps =  550 Ndav =  28 E =   -121.8933723138 Error = 3.35e-19 FLOPS = 2.80e+10 Tdav = 53.81 T = 80.41
 <-- Site =  105 .. Mmps =  550 Ndav =  20 E =   -121.8938104544 Error = 2.11e-21 FLOPS = 3.10e+10 Tdav = 34.74 T = 61.42
 <-- Site =  104 .. Mmps =  550 Ndav =  19 E =   -121.8940798775 Error = 7.92e-19 FLOPS = 3.14e+10 Tdav = 32.58 T = 59.23
 <-- Site =  103 .. Mmps =  550 Ndav =  17 E =   -121.8941167842 Error = 1.56e-21 FLOPS = 3.20e+10 Tdav = 28.61 T = 55.62
 <-- Site =  102 .. Mmps =  550 Ndav =  15 E =   -121.8941650420 Error = 1.01e-21 FLOPS = 3.28e+10 Tdav = 25.13 T = 52.65
 <-- Site =  101 .. Mmps =  550 Ndav =  14 E =   -121.8942371610 Error = 4.38e-21 FLOPS = 3.30e+10 Tdav = 23.29 T = 50.86
 <-- Site =  100 .. Mmps =  550 Ndav =  16 E =   -121.8943421852 Error = 1.47e-20 FLOPS = 3.24e+10 Tdav = 27.10 T = 55.10
 <-- Site =   99 .. Mmps =  550 Ndav =  14 E =   -121.8944457816 Error = 5.83e-21 FLOPS = 3.31e+10 Tdav = 23.62 T = 51.67
 <-- Site =   98 .. Mmps =  550 Ndav =  14 E =   -121.8946423214 Error = 1.11e-19 FLOPS = 3.30e+10 Tdav = 23.29 T = 50.93
 <-- Site =   97 .. Mmps =  550 Ndav =  15 E =   -121.8947485982 Error = 8.55e-21 FLOPS = 3.27e+10 Tdav = 25.19 T = 52.80
 <-- Site =   96 .. Mmps =  550 Ndav =  18 E =   -121.8949076753 Error = 8.51e-21 FLOPS = 3.18e+10 Tdav = 31.07 T = 58.64
 <-- Site =   95 .. Mmps =  550 Ndav =  15 E =   -121.8949583054 Error = 3.80e-21 FLOPS = 3.27e+10 Tdav = 25.21 T = 53.24
 <-- Site =   94 .. Mmps =  550 Ndav =  17 E =   -121.8950245460 Error = 8.83e-21 FLOPS = 3.21e+10 Tdav = 29.59 T = 58.17
 <-- Site =   93 .. Mmps =  550 Ndav =  15 E =   -121.8950393092 Error = 2.43e-21 FLOPS = 3.28e+10 Tdav = 25.59 T = 54.18
 <-- Site =   92 .. Mmps =  550 Ndav =  15 E =   -121.8950491238 Error = 8.97e-21 FLOPS = 3.27e+10 Tdav = 25.61 T = 54.15
 <-- Site =   91 .. Mmps =  550 Ndav =  11 E =   -121.8950506901 Error = 7.92e-21 FLOPS = 3.39e+10 Tdav = 18.15 T = 46.74
 <-- Site =   90 .. Mmps =  550 Ndav =   7 E =   -121.8950508491 Error = 4.21e-19 FLOPS = 3.46e+10 Tdav = 11.32 T = 39.92
 <-- Site =   89 .. Mmps =  550 Ndav =   7 E =   -121.8950509874 Error = 7.68e-21 FLOPS = 3.46e+10 Tdav = 11.32 T = 39.84
 <-- Site =   88 .. Mmps =  550 Ndav =   8 E =   -121.8950512909 Error = 8.06e-19 FLOPS = 3.44e+10 Tdav = 12.99 T = 41.55
 <-- Site =   87 .. Mmps =  550 Ndav =   7 E =   -121.8950515185 Error = 5.01e-21 FLOPS = 3.46e+10 Tdav = 11.31 T = 40.22
 <-- Site =   86 .. Mmps =  550 Ndav =   8 E =   -121.8950520125 Error = 1.62e-18 FLOPS = 3.44e+10 Tdav = 13.22 T = 42.24
 <-- Site =   85 .. Mmps =  550 Ndav =   9 E =   -121.8950524509 Error = 7.05e-21 FLOPS = 3.43e+10 Tdav = 14.68 T = 43.25
 <-- Site =   84 .. Mmps =  550 Ndav =  10 E =   -121.8950531970 Error = 1.62e-18 FLOPS = 3.40e+10 Tdav = 16.43 T = 44.91
 <-- Site =   83 .. Mmps =  550 Ndav =  11 E =   -121.8950540864 Error = 5.17e-21 FLOPS = 3.39e+10 Tdav = 18.14 T = 46.29
 <-- Site =   82 .. Mmps =  550 Ndav =   9 E =   -121.8950547989 Error = 1.56e-18 FLOPS = 3.42e+10 Tdav = 14.46 T = 42.52
 <-- Site =   81 .. Mmps =  550 Ndav =  12 E =   -121.8950555603 Error = 3.21e-21 FLOPS = 3.37e+10 Tdav = 19.93 T = 48.41
 <-- Site =   80 .. Mmps =  550 Ndav =  13 E =   -121.8950569188 Error = 1.12e-18 FLOPS = 3.33e+10 Tdav = 21.81 T = 50.37
 <-- Site =   79 .. Mmps =  550 Ndav =  13 E =   -121.8950578095 Error = 4.52e-21 FLOPS = 3.34e+10 Tdav = 21.76 T = 50.32
 <-- Site =   78 .. Mmps =  550 Ndav =   9 E =   -121.8950583757 Error = 8.40e-19 FLOPS = 3.42e+10 Tdav = 14.70 T = 43.31
 <-- Site =   77 .. Mmps =  550 Ndav =   9 E =   -121.8950586433 Error = 6.72e-21 FLOPS = 3.43e+10 Tdav = 14.66 T = 43.21
 <-- Site =   76 .. Mmps =  550 Ndav =   7 E =   -121.8950588820 Error = 1.49e-20 FLOPS = 3.45e+10 Tdav = 11.33 T = 39.93
 <-- Site =   75 .. Mmps =  550 Ndav =   9 E =   -121.8950593362 Error = 6.39e-21 FLOPS = 3.43e+10 Tdav = 14.66 T = 43.24
 <-- Site =   74 .. Mmps =  550 Ndav =   7 E =   -121.8950596543 Error = 7.65e-21 FLOPS = 3.46e+10 Tdav = 11.30 T = 39.84
 <-- Site =   73 .. Mmps =  550 Ndav =   9 E =   -121.8950603031 Error = 2.92e-21 FLOPS = 3.42e+10 Tdav = 14.71 T = 43.25
 <-- Site =   72 .. Mmps =  550 Ndav =   9 E =   -121.8950609260 Error = 9.61e-21 FLOPS = 3.43e+10 Tdav = 14.66 T = 42.80
 <-- Site =   71 .. Mmps =  550 Ndav =  10 E =   -121.8950616382 Error = 4.68e-21 FLOPS = 3.41e+10 Tdav = 16.12 T = 43.80
 <-- Site =   70 .. Mmps =  550 Ndav =   9 E =   -121.8950623453 Error = 5.11e-21 FLOPS = 3.42e+10 Tdav = 14.46 T = 42.06
 <-- Site =   69 .. Mmps =  550 Ndav =  11 E =   -121.8950634742 Error = 1.05e-21 FLOPS = 3.39e+10 Tdav = 17.83 T = 45.84
 <-- Site =   68 .. Mmps =  550 Ndav =  10 E =   -121.8950645103 Error = 5.35e-21 FLOPS = 3.41e+10 Tdav = 16.42 T = 44.91
 <-- Site =   67 .. Mmps =  550 Ndav =  11 E =   -121.8950666262 Error = 1.19e-20 FLOPS = 3.39e+10 Tdav = 18.14 T = 46.20
 <-- Site =   66 .. Mmps =  550 Ndav =  12 E =   -121.8950673524 Error = 5.18e-21 FLOPS = 3.36e+10 Tdav = 19.60 T = 47.28
 <-- Site =   65 .. Mmps =  550 Ndav =  14 E =   -121.8950682117 Error = 3.52e-20 FLOPS = 3.30e+10 Tdav = 23.28 T = 50.87
 <-- Site =   64 .. Mmps =  550 Ndav =   7 E =   -121.8950683069 Error = 2.01e-20 FLOPS = 3.46e+10 Tdav = 11.11 T = 38.24
 <-- Site =   63 .. Mmps =  550 Ndav =   8 E =   -121.8950684865 Error = 1.33e-18 FLOPS = 3.44e+10 Tdav = 12.53 T = 39.25
 <-- Site =   62 .. Mmps =  550 Ndav =   7 E =   -121.8950685898 Error = 1.81e-21 FLOPS = 3.46e+10 Tdav = 10.90 T = 37.53
 <-- Site =   61 .. Mmps =  550 Ndav =   7 E =   -121.8950687532 Error = 1.75e-18 FLOPS = 3.46e+10 Tdav = 10.90 T = 37.09
 <-- Site =   60 .. Mmps =  550 Ndav =   8 E =   -121.8950689157 Error = 2.11e-21 FLOPS = 3.43e+10 Tdav = 12.33 T = 38.44
 <-- Site =   59 .. Mmps =  550 Ndav =   8 E =   -121.8950691524 Error = 8.92e-19 FLOPS = 3.44e+10 Tdav = 12.52 T = 38.86
 <-- Site =   58 .. Mmps =  550 Ndav =  12 E =   -121.8950695185 Error = 1.18e-21 FLOPS = 3.35e+10 Tdav = 18.92 T = 44.27
 <-- Site =   57 .. Mmps =  550 Ndav =  55 E =   -121.9858484024 Error = 3.58e-16 FLOPS = 2.03e+10 Tdav = 140.75 T = 165.67
 <-- Site =   56 .. Mmps =  550 Ndav =  30 E =   -122.0786154547 Error = 1.73e-18 FLOPS = 2.70e+10 Tdav = 57.76 T = 82.68
 <-- Site =   55 .. Mmps =  550 Ndav =  24 E =   -122.0869425608 Error = 1.49e-21 FLOPS = 2.94e+10 Tdav = 42.42 T = 67.23
 <-- Site =   54 .. Mmps =  550 Ndav =  26 E =   -122.0916041276 Error = 1.13e-18 FLOPS = 2.86e+10 Tdav = 47.22 T = 71.72
 <-- Site =   53 .. Mmps =  550 Ndav =  20 E =   -122.0923579794 Error = 4.61e-21 FLOPS = 3.08e+10 Tdav = 33.04 T = 57.01
 <-- Site =   52 .. Mmps =  550 Ndav =  19 E =   -122.0928894481 Error = 8.02e-19 FLOPS = 3.12e+10 Tdav = 31.05 T = 54.67
 <-- Site =   51 .. Mmps =  550 Ndav =  16 E =   -122.0929641096 Error = 9.20e-22 FLOPS = 3.22e+10 Tdav = 24.82 T = 47.56
 <-- Site =   50 .. Mmps =  550 Ndav =  16 E =   -122.0930684502 Error = 1.91e-21 FLOPS = 3.20e+10 Tdav = 24.43 T = 46.64
 <-- Site =   49 .. Mmps =  550 Ndav =  16 E =   -122.0932065901 Error = 3.53e-21 FLOPS = 3.21e+10 Tdav = 24.40 T = 46.23
 <-- Site =   48 .. Mmps =  550 Ndav =  17 E =   -122.0934510724 Error = 1.26e-20 FLOPS = 3.16e+10 Tdav = 25.78 T = 46.82
 <-- Site =   47 .. Mmps =  550 Ndav =  15 E =   -122.0936524574 Error = 4.77e-21 FLOPS = 3.23e+10 Tdav = 21.77 T = 42.43
 <-- Site =   46 .. Mmps =  550 Ndav =  17 E =   -122.0940036967 Error = 7.68e-21 FLOPS = 3.15e+10 Tdav = 25.28 T = 45.46
 <-- Site =   45 .. Mmps =  550 Ndav =  17 E =   -122.0942294551 Error = 5.46e-21 FLOPS = 3.15e+10 Tdav = 24.78 T = 44.64
 <-- Site =   44 .. Mmps =  550 Ndav =  17 E =   -122.0945156367 Error = 1.83e-20 FLOPS = 3.15e+10 Tdav = 24.81 T = 44.21
 <-- Site =   43 .. Mmps =  550 Ndav =  15 E =   -122.0945836824 Error = 7.15e-21 FLOPS = 3.22e+10 Tdav = 20.95 T = 39.98
 <-- Site =   42 .. Mmps =  550 Ndav =  17 E =   -122.0946382143 Error = 5.06e-21 FLOPS = 3.13e+10 Tdav = 24.36 T = 43.03
 <-- Site =   41 .. Mmps =  550 Ndav =  15 E =   -122.0946528772 Error = 5.05e-21 FLOPS = 3.21e+10 Tdav = 20.53 T = 38.35
 <-- Site =   40 .. Mmps =  550 Ndav =  14 E =   -122.0946611524 Error = 1.11e-20 FLOPS = 3.24e+10 Tdav = 18.56 T = 35.70
 <-- Site =   39 .. Mmps =  550 Ndav =  12 E =   -122.0946627909 Error = 5.87e-21 FLOPS = 3.30e+10 Tdav = 15.25 T = 31.61
 <-- Site =   38 .. Mmps =  550 Ndav =   8 E =   -122.0946631615 Error = 5.17e-19 FLOPS = 3.39e+10 Tdav = 9.65 T = 25.31
 <-- Site =   37 .. Mmps =  550 Ndav =   8 E =   -122.0946634237 Error = 3.63e-21 FLOPS = 3.39e+10 Tdav = 9.41 T = 24.40
 <-- Site =   36 .. Mmps =  550 Ndav =   8 E =   -122.0946638849 Error = 1.98e-19 FLOPS = 3.38e+10 Tdav = 9.21 T = 23.54
 <-- Site =   35 .. Mmps =  550 Ndav =   9 E =   -122.0946642843 Error = 1.42e-21 FLOPS = 3.36e+10 Tdav = 10.17 T = 23.87
 <-- Site =   34 .. Mmps =  550 Ndav =   9 E =   -122.0946650867 Error = 1.21e-18 FLOPS = 3.35e+10 Tdav = 9.92 T = 22.95
 <-- Site =   33 .. Mmps =  550 Ndav =  10 E =   -122.0946660988 Error = 2.72e-21 FLOPS = 3.32e+10 Tdav = 10.83 T = 23.14
 <-- Site =   32 .. Mmps =  550 Ndav =  11 E =   -122.0946673230 Error = 3.08e-18 FLOPS = 3.27e+10 Tdav = 11.75 T = 23.50
 <-- Site =   31 .. Mmps =  550 Ndav =  12 E =   -122.0946690441 Error = 2.66e-21 FLOPS = 3.23e+10 Tdav = 12.60 T = 23.73
 <-- Site =   30 .. Mmps =  550 Ndav =  12 E =   -122.0946705043 Error = 7.31e-19 FLOPS = 3.23e+10 Tdav = 12.26 T = 22.83
 <-- Site =   29 .. Mmps =  550 Ndav =  13 E =   -122.0946715511 Error = 4.21e-21 FLOPS = 3.17e+10 Tdav = 13.10 T = 23.15
 <-- Site =   28 .. Mmps =  550 Ndav =  16 E =   -122.0946732787 Error = 1.20e-18 FLOPS = 3.03e+10 Tdav = 16.37 T = 25.86
 <-- Site =   27 .. Mmps =  550 Ndav =  13 E =   -122.0946743561 Error = 5.71e-21 FLOPS = 3.15e+10 Tdav = 12.36 T = 21.22
 <-- Site =   26 .. Mmps =  550 Ndav =  12 E =   -122.0946753584 Error = 7.39e-19 FLOPS = 3.18e+10 Tdav = 10.92 T = 19.31
 <-- Site =   25 .. Mmps =  550 Ndav =  10 E =   -122.0946756869 Error = 2.68e-21 FLOPS = 3.25e+10 Tdav = 8.61 T = 16.50
 <-- Site =   24 .. Mmps =  550 Ndav =  11 E =   -122.0946763720 Error = 8.45e-21 FLOPS = 3.19e+10 Tdav = 9.29 T = 16.63
 <-- Site =   23 .. Mmps =  550 Ndav =  13 E =   -122.0946774961 Error = 8.35e-21 FLOPS = 3.10e+10 Tdav = 10.90 T = 17.78
 <-- Site =   22 .. Mmps =  550 Ndav =  11 E =   -122.0946787672 Error = 2.14e-20 FLOPS = 3.17e+10 Tdav = 8.65 T = 15.11
 <-- Site =   21 .. Mmps =  550 Ndav =  15 E =   -122.0946817801 Error = 4.45e-21 FLOPS = 2.96e+10 Tdav = 12.15 T = 18.18
 <-- Site =   20 .. Mmps =  550 Ndav =  12 E =   -122.0946837482 Error = 3.20e-20 FLOPS = 3.09e+10 Tdav = 8.91 T = 14.49
 <-- Site =   19 .. Mmps =  550 Ndav =  15 E =   -122.0946875860 Error = 5.34e-21 FLOPS = 2.91e+10 Tdav = 11.32 T = 16.51
 <-- Site =   18 .. Mmps =  550 Ndav =  11 E =   -122.0946892726 Error = 1.83e-21 FLOPS = 3.10e+10 Tdav = 7.44 T = 12.23
 <-- Site =   17 .. Mmps =  550 Ndav =  16 E =   -122.0946948946 Error = 5.52e-21 FLOPS = 2.80e+10 Tdav = 11.42 T = 15.87
 <-- Site =   16 .. Mmps =  550 Ndav =  10 E =   -122.0946965516 Error = 8.37e-20 FLOPS = 3.11e+10 Tdav = 6.10 T = 10.20
 <-- Site =   15 .. Mmps =  550 Ndav =  14 E =   -122.0946980468 Error = 5.33e-21 FLOPS = 2.85e+10 Tdav = 8.81 T = 12.57
 <-- Site =   14 .. Mmps =  550 Ndav =  10 E =   -122.0946984841 Error = 4.44e-20 FLOPS = 3.06e+10 Tdav = 5.54 T = 8.98
 <-- Site =   13 .. Mmps =  550 Ndav =  11 E =   -122.0946989343 Error = 6.24e-20 FLOPS = 2.98e+10 Tdav = 5.90 T = 9.02
 <-- Site =   12 .. Mmps =  550 Ndav =   7 E =   -122.0946990504 Error = 2.61e-17 FLOPS = 3.16e+10 Tdav = 3.32 T = 6.11
 <-- Site =   11 .. Mmps =  550 Ndav =   8 E =   -122.0946991092 Error = 5.59e-20 FLOPS = 3.09e+10 Tdav = 3.62 T = 6.14
 <-- Site =   10 .. Mmps =  550 Ndav =   4 E =   -122.0946991212 Error = 2.05e-18 FLOPS = 3.18e+10 Tdav = 1.63 T = 3.92
 <-- Site =    9 .. Mmps =  550 Ndav =   2 E =   -122.0946991216 Error = 1.30e-24 FLOPS = 2.99e+10 Tdav = 0.71 T = 2.68
 <-- Site =    8 .. Mmps =  550 Ndav =   1 E =   -122.0946991216 Error = 1.11e-32 FLOPS = 2.53e+10 Tdav = 0.13 T = 1.35
 <-- Site =    7 .. Mmps =  550 Ndav =   1 E =   -122.0946991216 Error = 1.18e-55 FLOPS = 2.16e+10 Tdav = 0.05 T = 1.04
 <-- Site =    6 .. Mmps =  550 Ndav =   1 E =   -122.0946991216 Error = 1.29e-74 FLOPS = 1.84e+10 Tdav = 0.02 T = 0.89
 <-- Site =    5 .. Mmps =  550 Ndav =   1 E =   -122.0946991216 Error = 7.88e-95 FLOPS = 1.53e+10 Tdav = 0.01 T = 0.82
 <-- Site =    4 .. Mmps =  550 Ndav =   1 E =   -122.0946991216 Error = 6.71e-110 FLOPS = 1.21e+10 Tdav = 0.01 T = 0.73
 <-- Site =    3 .. Mmps =  550 Ndav =   1 E =   -122.0946991216 Error = 3.65e-112 FLOPS = 9.43e+09 Tdav = 0.00 T = 0.69
 <-- Site =    2 .. Mmps =  550 Ndav =   1 E =   -122.0946991216 Error = 2.37e-112 FLOPS = 5.89e+09 Tdav = 0.00 T = 0.64
 <-- Site =    1 .. Mmps =  550 Ndav =   1 E =   -122.0946991216 Error = 2.71e-108 FLOPS = 3.38e+09 Tdav = 0.00 T = 0.61
 <-- Site =    0 .. Mmps =  547 Ndav =   1 E =   -122.0946991216 Error = 0.00e+00 FLOPS = 2.28e+09 Tdav = 0.00 T = 0.54
Time elapsed =  15432.354 | E =    -122.0946991216 | DE = -4.36e-01 | DW = 3.57796e-16
Time sweep =     5574.402 | 78.4 TFLOP/SWP
 | Dmem = 138 MB (3%) | Imem = 232 B (79%) | Hmem = 660 MB | Wmem = 4.62 MB | Pmem = 0 B
 | Tread = 69.888 | Twrite = 31.116 | Tfpread = 68.828 | Tfpwrite = 19.192 | Tmporead = 0.000 | Tasync = 0.000
 | data = 14.7 GB | cpsd = 9.71 GB
 | Trot = 185.522 | Tctr = 171.303 | Tint = 0.007 | Tmid = 0.000 | Tdctr = 0.012 | Tdiag = 1.795 | Tinfo = 2.009
 | Teff = 2241.928 | Tprt = 0.000 | Teig = 2831.444 | Tblk = 5130.811 | Tmve = 443.577 | Tdm = 2.880 | Tsplt = 40.850 | Tsvd = 0.000 | Torth = 0.000

Sweep =    9 | Direction =  forward | Bond dimension =  550 | Noise =  0.00e+00 | Dav threshold =  1.00e-08
 --> Site =    0 .. Mmps =    2 Ndav =   1 E =   -122.0946991216 Error = 0.00e+00 FLOPS = 2.65e+09 Tdav = 0.00 T = 0.02
 --> Site =    1 .. Mmps =    4 Ndav =   1 E =   -122.0946991216 Error = 0.00e+00 FLOPS = 3.80e+09 Tdav = 0.00 T = 0.05
 --> Site =    2 .. Mmps =    8 Ndav =   1 E =   -122.0946991216 Error = 0.00e+00 FLOPS = 5.83e+09 Tdav = 0.00 T = 0.07
 --> Site =    3 .. Mmps =   16 Ndav =   1 E =   -122.0946991216 Error = 0.00e+00 FLOPS = 8.92e+09 Tdav = 0.00 T = 0.05
 --> Site =    4 .. Mmps =   32 Ndav =   1 E =   -122.0946991216 Error = 0.00e+00 FLOPS = 1.19e+10 Tdav = 0.01 T = 0.06
 --> Site =    5 .. Mmps =   64 Ndav =   1 E =   -122.0946991216 Error = 0.00e+00 FLOPS = 1.52e+10 Tdav = 0.01 T = 0.07
 --> Site =    6 .. Mmps =  128 Ndav =   1 E =   -122.0946991216 Error = 0.00e+00 FLOPS = 1.85e+10 Tdav = 0.02 T = 0.12
 --> Site =    7 .. Mmps =  256 Ndav =   1 E =   -122.0946991216 Error = 0.00e+00 FLOPS = 2.16e+10 Tdav = 0.05 T = 0.19
 --> Site =    8 .. Mmps =  512 Ndav =   1 E =   -122.0946991216 Error = 0.00e+00 FLOPS = 2.53e+10 Tdav = 0.13 T = 0.50
 --> Site =    9 .. Mmps =  550 Ndav =   1 E =   -122.0946991216 Error = 1.23e-25 FLOPS = 2.65e+10 Tdav = 0.40 T = 1.85
 --> Site =   10 .. Mmps =  550 Ndav =   1 E =   -122.0946991216 Error = 2.09e-25 FLOPS = 2.75e+10 Tdav = 0.47 T = 2.56
 --> Site =   11 .. Mmps =  550 Ndav =   1 E =   -122.0946991216 Error = 1.48e-23 FLOPS = 2.80e+10 Tdav = 0.50 T = 2.82
 --> Site =   12 .. Mmps =  550 Ndav =   1 E =   -122.0946991216 Error = 1.00e-22 FLOPS = 2.84e+10 Tdav = 0.53 T = 3.12
 --> Site =   13 .. Mmps =  550 Ndav =   2 E =   -122.0946991219 Error = 1.23e-21 FLOPS = 3.15e+10 Tdav = 1.01 T = 3.87
 --> Site =   14 .. Mmps =  550 Ndav =   2 E =   -122.0946991226 Error = 7.55e-21 FLOPS = 3.17e+10 Tdav = 1.07 T = 4.22
 --> Site =   15 .. Mmps =  550 Ndav =   2 E =   -122.0946991233 Error = 1.77e-20 FLOPS = 3.19e+10 Tdav = 1.13 T = 4.59
 --> Site =   16 .. Mmps =  550 Ndav =   3 E =   -122.0946991248 Error = 1.62e-20 FLOPS = 3.28e+10 Tdav = 1.74 T = 5.51
 --> Site =   17 .. Mmps =  550 Ndav =   2 E =   -122.0946991260 Error = 2.44e-20 FLOPS = 3.23e+10 Tdav = 1.24 T = 5.34
 --> Site =   18 .. Mmps =  550 Ndav =   3 E =   -122.0946991279 Error = 8.36e-21 FLOPS = 3.31e+10 Tdav = 1.90 T = 6.35
 --> Site =   19 .. Mmps =  550 Ndav =   3 E =   -122.0946991296 Error = 3.83e-20 FLOPS = 3.32e+10 Tdav = 1.98 T = 6.78
 --> Site =   20 .. Mmps =  550 Ndav =   3 E =   -122.0946991318 Error = 5.41e-21 FLOPS = 3.33e+10 Tdav = 2.07 T = 7.24
 --> Site =   21 .. Mmps =  550 Ndav =   3 E =   -122.0946991338 Error = 1.01e-20 FLOPS = 3.34e+10 Tdav = 2.15 T = 7.73
 --> Site =   22 .. Mmps =  550 Ndav =   3 E =   -122.0946991362 Error = 5.53e-21 FLOPS = 3.35e+10 Tdav = 2.23 T = 8.20
 --> Site =   23 .. Mmps =  550 Ndav =   3 E =   -122.0946991387 Error = 1.71e-20 FLOPS = 3.36e+10 Tdav = 2.32 T = 8.73
 --> Site =   24 .. Mmps =  550 Ndav =   3 E =   -122.0946991411 Error = 3.28e-21 FLOPS = 3.37e+10 Tdav = 2.40 T = 9.24
 --> Site =   25 .. Mmps =  550 Ndav =   3 E =   -122.0946991443 Error = 1.78e-21 FLOPS = 3.37e+10 Tdav = 2.49 T = 9.84
 --> Site =   26 .. Mmps =  550 Ndav =   3 E =   -122.0946991477 Error = 1.76e-21 FLOPS = 3.37e+10 Tdav = 2.57 T = 10.42
 --> Site =   27 .. Mmps =  550 Ndav =   4 E =   -122.0946991534 Error = 1.31e-20 FLOPS = 3.40e+10 Tdav = 3.52 T = 11.86
 --> Site =   28 .. Mmps =  550 Ndav =   4 E =   -122.0946991645 Error = 2.92e-21 FLOPS = 3.41e+10 Tdav = 3.63 T = 12.42
 --> Site =   29 .. Mmps =  550 Ndav =   4 E =   -122.0946991722 Error = 1.74e-20 FLOPS = 3.41e+10 Tdav = 3.74 T = 13.04
 --> Site =   30 .. Mmps =  550 Ndav =   5 E =   -122.0946991840 Error = 1.24e-20 FLOPS = 3.41e+10 Tdav = 4.83 T = 14.72
 --> Site =   31 .. Mmps =  550 Ndav =   4 E =   -122.0946991919 Error = 1.54e-20 FLOPS = 3.43e+10 Tdav = 3.96 T = 14.47
 --> Site =   32 .. Mmps =  550 Ndav =   4 E =   -122.0946992001 Error = 3.45e-21 FLOPS = 3.43e+10 Tdav = 4.08 T = 15.04
 --> Site =   33 .. Mmps =  550 Ndav =   4 E =   -122.0946992053 Error = 1.00e-20 FLOPS = 3.43e+10 Tdav = 4.18 T = 15.78
 --> Site =   34 .. Mmps =  550 Ndav =   4 E =   -122.0946992113 Error = 7.24e-21 FLOPS = 3.44e+10 Tdav = 4.29 T = 16.39
 --> Site =   35 .. Mmps =  550 Ndav =   3 E =   -122.0946992133 Error = 4.79e-21 FLOPS = 3.43e+10 Tdav = 3.32 T = 16.04
 --> Site =   36 .. Mmps =  550 Ndav =   3 E =   -122.0946992150 Error = 3.80e-21 FLOPS = 3.43e+10 Tdav = 3.41 T = 16.83
 --> Site =   37 .. Mmps =  550 Ndav =   2 E =   -122.0946992160 Error = 2.33e-20 FLOPS = 3.40e+10 Tdav = 2.35 T = 16.38
 --> Site =   38 .. Mmps =  550 Ndav =   3 E =   -122.0946992173 Error = 5.62e-21 FLOPS = 3.44e+10 Tdav = 3.56 T = 18.18
 --> Site =   39 .. Mmps =  550 Ndav =   2 E =   -122.0946992181 Error = 6.88e-22 FLOPS = 3.41e+10 Tdav = 2.46 T = 17.83
 --> Site =   40 .. Mmps =  550 Ndav =   3 E =   -122.0946992197 Error = 1.33e-21 FLOPS = 3.45e+10 Tdav = 3.73 T = 19.77
 --> Site =   41 .. Mmps =  550 Ndav =   2 E =   -122.0946992212 Error = 4.32e-21 FLOPS = 3.42e+10 Tdav = 2.57 T = 19.34
 --> Site =   42 .. Mmps =  550 Ndav =   3 E =   -122.0946992239 Error = 2.73e-21 FLOPS = 3.45e+10 Tdav = 3.90 T = 21.31
 --> Site =   43 .. Mmps =  550 Ndav =   3 E =   -122.0946992261 Error = 1.41e-20 FLOPS = 3.46e+10 Tdav = 3.90 T = 21.87
 --> Site =   44 .. Mmps =  550 Ndav =   3 E =   -122.0946992297 Error = 1.63e-21 FLOPS = 3.45e+10 Tdav = 3.99 T = 22.16
 --> Site =   45 .. Mmps =  550 Ndav =   3 E =   -122.0946992322 Error = 9.60e-21 FLOPS = 3.45e+10 Tdav = 3.99 T = 22.53
 --> Site =   46 .. Mmps =  550 Ndav =   3 E =   -122.0946992355 Error = 2.68e-21 FLOPS = 3.46e+10 Tdav = 4.07 T = 23.05
 --> Site =   47 .. Mmps =  550 Ndav =   3 E =   -122.0946992378 Error = 1.29e-20 FLOPS = 3.46e+10 Tdav = 4.07 T = 23.34
 --> Site =   48 .. Mmps =  550 Ndav =   3 E =   -122.0946992410 Error = 2.27e-21 FLOPS = 3.47e+10 Tdav = 4.15 T = 23.85
 --> Site =   49 .. Mmps =  550 Ndav =   3 E =   -122.0946992434 Error = 2.15e-20 FLOPS = 3.47e+10 Tdav = 4.23 T = 24.74
 --> Site =   50 .. Mmps =  550 Ndav =   3 E =   -122.0946992459 Error = 5.47e-21 FLOPS = 3.46e+10 Tdav = 4.24 T = 25.22
 --> Site =   51 .. Mmps =  550 Ndav =   3 E =   -122.0946992497 Error = 1.36e-20 FLOPS = 3.47e+10 Tdav = 4.31 T = 25.64
 --> Site =   52 .. Mmps =  550 Ndav =   3 E =   -122.0946992540 Error = 1.91e-21 FLOPS = 3.47e+10 Tdav = 4.40 T = 26.47
 --> Site =   53 .. Mmps =  550 Ndav =   3 E =   -122.0946992571 Error = 1.19e-20 FLOPS = 3.47e+10 Tdav = 4.40 T = 26.83
 --> Site =   54 .. Mmps =  550 Ndav =   3 E =   -122.0946992648 Error = 4.00e-20 FLOPS = 3.47e+10 Tdav = 4.48 T = 27.40
 --> Site =   55 .. Mmps =  550 Ndav =   3 E =   -122.0946992710 Error = 1.63e-20 FLOPS = 3.47e+10 Tdav = 4.49 T = 27.78
 --> Site =   56 .. Mmps =  550 Ndav =   5 E =   -122.0946993092 Error = 6.22e-22 FLOPS = 3.47e+10 Tdav = 7.48 T = 30.87
 --> Site =   57 .. Mmps =  550 Ndav =   7 E =   -122.0946994113 Error = 5.22e-21 FLOPS = 3.46e+10 Tdav = 10.51 T = 33.97
 --> Site =   58 .. Mmps =  550 Ndav =  44 E =   -122.1350069371 Error = 2.43e-20 FLOPS = 2.18e+10 Tdav = 106.94 T = 130.65
 --> Site =   59 .. Mmps =  550 Ndav =  32 E =   -122.1509846207 Error = 8.01e-21 FLOPS = 2.66e+10 Tdav = 64.97 T = 89.53
 --> Site =   60 .. Mmps =  550 Ndav =  30 E =   -122.1583870195 Error = 2.44e-20 FLOPS = 2.71e+10 Tdav = 58.50 T = 83.16
 --> Site =   61 .. Mmps =  550 Ndav =  23 E =   -122.1598429248 Error = 1.55e-20 FLOPS = 3.00e+10 Tdav = 41.27 T = 65.82
 --> Site =   62 .. Mmps =  550 Ndav =  25 E =   -122.1606485334 Error = 1.00e-20 FLOPS = 2.92e+10 Tdav = 46.09 T = 71.21
 --> Site =   63 .. Mmps =  550 Ndav =  19 E =   -122.1608930251 Error = 2.87e-21 FLOPS = 3.15e+10 Tdav = 32.54 T = 57.53
 --> Site =   64 .. Mmps =  550 Ndav =  20 E =   -122.1610577035 Error = 2.89e-20 FLOPS = 3.11e+10 Tdav = 35.28 T = 60.74
 --> Site =   65 .. Mmps =  550 Ndav =  16 E =   -122.1610923705 Error = 1.50e-20 FLOPS = 3.25e+10 Tdav = 27.05 T = 53.03
 --> Site =   66 .. Mmps =  550 Ndav =  15 E =   -122.1611383253 Error = 2.72e-21 FLOPS = 3.28e+10 Tdav = 25.08 T = 50.98
 --> Site =   67 .. Mmps =  550 Ndav =  13 E =   -122.1611974296 Error = 1.24e-20 FLOPS = 3.34e+10 Tdav = 21.73 T = 48.05
 --> Site =   68 .. Mmps =  550 Ndav =  15 E =   -122.1612831463 Error = 2.14e-21 FLOPS = 3.28e+10 Tdav = 25.53 T = 52.43
 --> Site =   69 .. Mmps =  550 Ndav =  14 E =   -122.1613064592 Error = 4.78e-20 FLOPS = 3.30e+10 Tdav = 23.26 T = 49.76
 --> Site =   70 .. Mmps =  550 Ndav =  16 E =   -122.1613409841 Error = 9.51e-22 FLOPS = 3.25e+10 Tdav = 27.01 T = 52.87
 --> Site =   71 .. Mmps =  550 Ndav =  13 E =   -122.1613478324 Error = 4.67e-20 FLOPS = 3.33e+10 Tdav = 21.41 T = 47.37
 --> Site =   72 .. Mmps =  550 Ndav =  14 E =   -122.1613528844 Error = 9.71e-22 FLOPS = 3.31e+10 Tdav = 23.62 T = 49.91
 --> Site =   73 .. Mmps =  550 Ndav =  13 E =   -122.1613546771 Error = 1.09e-20 FLOPS = 3.35e+10 Tdav = 21.73 T = 48.48
 --> Site =   74 .. Mmps =  550 Ndav =  14 E =   -122.1613566628 Error = 1.55e-21 FLOPS = 3.32e+10 Tdav = 23.60 T = 50.37
 --> Site =   75 .. Mmps =  550 Ndav =  11 E =   -122.1613571669 Error = 1.70e-20 FLOPS = 3.38e+10 Tdav = 18.17 T = 45.01
 --> Site =   76 .. Mmps =  550 Ndav =   8 E =   -122.1613574063 Error = 6.01e-21 FLOPS = 3.45e+10 Tdav = 12.96 T = 39.75
 --> Site =   77 .. Mmps =  550 Ndav =   8 E =   -122.1613574818 Error = 1.54e-20 FLOPS = 3.44e+10 Tdav = 12.98 T = 39.83
 --> Site =   78 .. Mmps =  550 Ndav =   5 E =   -122.1613574966 Error = 3.65e-21 FLOPS = 3.49e+10 Tdav = 8.01 T = 34.79
 --> Site =   79 .. Mmps =  550 Ndav =   4 E =   -122.1613575052 Error = 3.25e-20 FLOPS = 3.49e+10 Tdav = 6.41 T = 33.18
 --> Site =   80 .. Mmps =  550 Ndav =   4 E =   -122.1613575212 Error = 9.58e-21 FLOPS = 3.48e+10 Tdav = 6.42 T = 33.22
 --> Site =   81 .. Mmps =  550 Ndav =   4 E =   -122.1613575369 Error = 1.67e-20 FLOPS = 3.49e+10 Tdav = 6.41 T = 33.15
 --> Site =   82 .. Mmps =  550 Ndav =   5 E =   -122.1613575625 Error = 1.00e-20 FLOPS = 3.49e+10 Tdav = 7.87 T = 34.21
 --> Site =   83 .. Mmps =  550 Ndav =   5 E =   -122.1613575833 Error = 9.48e-21 FLOPS = 3.49e+10 Tdav = 8.02 T = 34.32
 --> Site =   84 .. Mmps =  550 Ndav =   6 E =   -122.1613576187 Error = 3.83e-21 FLOPS = 3.48e+10 Tdav = 9.64 T = 36.30
 --> Site =   85 .. Mmps =  550 Ndav =   5 E =   -122.1613576419 Error = 1.14e-20 FLOPS = 3.48e+10 Tdav = 8.03 T = 34.81
 --> Site =   86 .. Mmps =  550 Ndav =   7 E =   -122.1613576936 Error = 7.00e-21 FLOPS = 3.47e+10 Tdav = 11.48 T = 38.64
 --> Site =   87 .. Mmps =  550 Ndav =   7 E =   -122.1613577326 Error = 3.86e-20 FLOPS = 3.46e+10 Tdav = 11.30 T = 38.51
 --> Site =   88 .. Mmps =  550 Ndav =   8 E =   -122.1613577767 Error = 3.14e-20 FLOPS = 3.45e+10 Tdav = 12.96 T = 39.78
 --> Site =   89 .. Mmps =  550 Ndav =   7 E =   -122.1613577985 Error = 5.69e-21 FLOPS = 3.47e+10 Tdav = 11.29 T = 37.97
 --> Site =   90 .. Mmps =  550 Ndav =   5 E =   -122.1613578092 Error = 1.43e-20 FLOPS = 3.48e+10 Tdav = 8.04 T = 34.93
 --> Site =   91 .. Mmps =  550 Ndav =   4 E =   -122.1613578153 Error = 7.60e-22 FLOPS = 3.49e+10 Tdav = 6.41 T = 33.22
 --> Site =   92 .. Mmps =  550 Ndav =   5 E =   -122.1613578240 Error = 1.45e-21 FLOPS = 3.49e+10 Tdav = 8.02 T = 34.76
 --> Site =   93 .. Mmps =  550 Ndav =   4 E =   -122.1613578310 Error = 8.91e-21 FLOPS = 3.48e+10 Tdav = 6.42 T = 33.16
 --> Site =   94 .. Mmps =  550 Ndav =   4 E =   -122.1613578385 Error = 1.68e-21 FLOPS = 3.49e+10 Tdav = 6.41 T = 33.20
 --> Site =   95 .. Mmps =  550 Ndav =   3 E =   -122.1613578419 Error = 4.14e-21 FLOPS = 3.47e+10 Tdav = 4.75 T = 31.16
 --> Site =   96 .. Mmps =  550 Ndav =   4 E =   -122.1613578473 Error = 7.56e-22 FLOPS = 3.49e+10 Tdav = 6.30 T = 32.12
 --> Site =   97 .. Mmps =  550 Ndav =   3 E =   -122.1613578507 Error = 3.37e-20 FLOPS = 3.48e+10 Tdav = 4.73 T = 30.53
 --> Site =   98 .. Mmps =  550 Ndav =   4 E =   -122.1613578564 Error = 1.33e-21 FLOPS = 3.49e+10 Tdav = 6.29 T = 32.14
 --> Site =   99 .. Mmps =  550 Ndav =   3 E =   -122.1613578601 Error = 6.27e-21 FLOPS = 3.47e+10 Tdav = 4.83 T = 31.18
 --> Site =  100 .. Mmps =  550 Ndav =   5 E =   -122.1613578667 Error = 3.45e-21 FLOPS = 3.49e+10 Tdav = 7.87 T = 34.19
 --> Site =  101 .. Mmps =  550 Ndav =   3 E =   -122.1613578699 Error = 1.32e-20 FLOPS = 3.48e+10 Tdav = 4.73 T = 30.64
 --> Site =  102 .. Mmps =  550 Ndav =   3 E =   -122.1613578726 Error = 3.45e-21 FLOPS = 3.48e+10 Tdav = 4.73 T = 30.64
 --> Site =  103 .. Mmps =  550 Ndav =   3 E =   -122.1613578753 Error = 3.60e-20 FLOPS = 3.48e+10 Tdav = 4.65 T = 30.16
 --> Site =  104 .. Mmps =  550 Ndav =   3 E =   -122.1613578774 Error = 2.10e-20 FLOPS = 3.47e+10 Tdav = 4.66 T = 29.64
 --> Site =  105 .. Mmps =  550 Ndav =   2 E =   -122.1613578788 Error = 3.81e-21 FLOPS = 3.45e+10 Tdav = 3.13 T = 28.10
 --> Site =  106 .. Mmps =  550 Ndav =   3 E =   -122.1613578830 Error = 6.02e-21 FLOPS = 3.48e+10 Tdav = 4.65 T = 29.69
 --> Site =  107 .. Mmps =  550 Ndav =   3 E =   -122.1613578860 Error = 8.91e-21 FLOPS = 3.47e+10 Tdav = 4.57 T = 29.09
 --> Site =  108 .. Mmps =  550 Ndav =   4 E =   -122.1613579035 Error = 1.47e-21 FLOPS = 3.48e+10 Tdav = 6.07 T = 30.23
 --> Site =  109 .. Mmps =  550 Ndav =   5 E =   -122.1613579359 Error = 3.78e-21 FLOPS = 3.47e+10 Tdav = 7.48 T = 31.27
 --> Site =  110 .. Mmps =  550 Ndav =   9 E =   -122.1613583367 Error = 9.00e-21 FLOPS = 3.42e+10 Tdav = 13.65 T = 36.94
 --> Site =  111 .. Mmps =  550 Ndav =  37 E =   -122.1769571089 Error = 8.03e-21 FLOPS = 2.42e+10 Tdav = 79.25 T = 102.60
 --> Site =  112 .. Mmps =  550 Ndav =  33 E =   -122.1860403960 Error = 1.35e-21 FLOPS = 2.58e+10 Tdav = 66.29 T = 89.61
 --> Site =  113 .. Mmps =  550 Ndav =  26 E =   -122.1887523005 Error = 2.00e-21 FLOPS = 2.86e+10 Tdav = 46.32 T = 69.20
 --> Site =  114 .. Mmps =  550 Ndav =  27 E =   -122.1902629682 Error = 4.17e-21 FLOPS = 2.81e+10 Tdav = 48.87 T = 71.36
 --> Site =  115 .. Mmps =  550 Ndav =  20 E =   -122.1906391145 Error = 1.20e-21 FLOPS = 3.08e+10 Tdav = 33.02 T = 55.46
 --> Site =  116 .. Mmps =  550 Ndav =  21 E =   -122.1909975716 Error = 1.52e-20 FLOPS = 3.04e+10 Tdav = 34.46 T = 56.45
 --> Site =  117 .. Mmps =  550 Ndav =  17 E =   -122.1910982587 Error = 3.89e-20 FLOPS = 3.18e+10 Tdav = 26.18 T = 47.36
 --> Site =  118 .. Mmps =  550 Ndav =  17 E =   -122.1912504530 Error = 3.70e-21 FLOPS = 3.18e+10 Tdav = 26.15 T = 46.97
 --> Site =  119 .. Mmps =  550 Ndav =  15 E =   -122.1913305989 Error = 3.28e-20 FLOPS = 3.24e+10 Tdav = 22.17 T = 42.62
 --> Site =  120 .. Mmps =  550 Ndav =  17 E =   -122.1914927134 Error = 9.10e-21 FLOPS = 3.16e+10 Tdav = 25.26 T = 45.19
 --> Site =  121 .. Mmps =  550 Ndav =  13 E =   -122.1915651879 Error = 1.71e-20 FLOPS = 3.30e+10 Tdav = 18.49 T = 37.81
 --> Site =  122 .. Mmps =  550 Ndav =  17 E =   -122.1916541238 Error = 3.73e-21 FLOPS = 3.16e+10 Tdav = 24.73 T = 43.58
 --> Site =  123 .. Mmps =  550 Ndav =  13 E =   -122.1916771405 Error = 5.02e-21 FLOPS = 3.29e+10 Tdav = 18.14 T = 36.67
 --> Site =  124 .. Mmps =  550 Ndav =  15 E =   -122.1916924784 Error = 4.29e-21 FLOPS = 3.22e+10 Tdav = 20.91 T = 39.08
 --> Site =  125 .. Mmps =  550 Ndav =  12 E =   -122.1916969815 Error = 6.04e-21 FLOPS = 3.32e+10 Tdav = 16.25 T = 34.03
 --> Site =  126 .. Mmps =  550 Ndav =  14 E =   -122.1916997077 Error = 1.29e-21 FLOPS = 3.24e+10 Tdav = 18.97 T = 36.44
 --> Site =  127 .. Mmps =  550 Ndav =  12 E =   -122.1917010068 Error = 1.45e-20 FLOPS = 3.31e+10 Tdav = 15.58 T = 32.29
 --> Site =  128 .. Mmps =  550 Ndav =   9 E =   -122.1917012214 Error = 2.22e-21 FLOPS = 3.37e+10 Tdav = 11.18 T = 27.27
 --> Site =  129 .. Mmps =  550 Ndav =   7 E =   -122.1917013519 Error = 2.39e-20 FLOPS = 3.42e+10 Tdav = 8.37 T = 23.70
 --> Site =  130 .. Mmps =  550 Ndav =   5 E =   -122.1917013860 Error = 2.02e-20 FLOPS = 3.45e+10 Tdav = 5.79 T = 20.48
 --> Site =  131 .. Mmps =  550 Ndav =   5 E =   -122.1917014169 Error = 7.11e-21 FLOPS = 3.44e+10 Tdav = 5.65 T = 19.66
 --> Site =  132 .. Mmps =  550 Ndav =   6 E =   -122.1917014669 Error = 9.93e-21 FLOPS = 3.42e+10 Tdav = 6.66 T = 20.10
 --> Site =  133 .. Mmps =  550 Ndav =   5 E =   -122.1917015108 Error = 1.14e-20 FLOPS = 3.43e+10 Tdav = 5.38 T = 18.15
 --> Site =  134 .. Mmps =  550 Ndav =   7 E =   -122.1917015901 Error = 1.68e-21 FLOPS = 3.40e+10 Tdav = 7.40 T = 19.57
 --> Site =  135 .. Mmps =  550 Ndav =   6 E =   -122.1917016399 Error = 1.66e-20 FLOPS = 3.41e+10 Tdav = 6.14 T = 17.71
 --> Site =  136 .. Mmps =  550 Ndav =   7 E =   -122.1917017099 Error = 1.13e-20 FLOPS = 3.39e+10 Tdav = 7.01 T = 17.97
 --> Site =  137 .. Mmps =  550 Ndav =   6 E =   -122.1917017705 Error = 4.82e-21 FLOPS = 3.40e+10 Tdav = 5.81 T = 16.20
 --> Site =  138 .. Mmps =  550 Ndav =   9 E =   -122.1917018902 Error = 9.59e-21 FLOPS = 3.32e+10 Tdav = 8.66 T = 18.55
 --> Site =  139 .. Mmps =  550 Ndav =   8 E =   -122.1917019762 Error = 9.86e-21 FLOPS = 3.35e+10 Tdav = 7.40 T = 16.72
 --> Site =  140 .. Mmps =  550 Ndav =   9 E =   -122.1917020723 Error = 6.95e-21 FLOPS = 3.31e+10 Tdav = 8.15 T = 16.95
 --> Site =  141 .. Mmps =  550 Ndav =   9 E =   -122.1917021248 Error = 8.49e-21 FLOPS = 3.30e+10 Tdav = 7.90 T = 16.25
 --> Site =  142 .. Mmps =  550 Ndav =   8 E =   -122.1917021655 Error = 3.35e-20 FLOPS = 3.32e+10 Tdav = 6.73 T = 14.56
 --> Site =  143 .. Mmps =  550 Ndav =   5 E =   -122.1917021742 Error = 6.40e-20 FLOPS = 3.38e+10 Tdav = 3.99 T = 11.30
 --> Site =  144 .. Mmps =  550 Ndav =   5 E =   -122.1917021857 Error = 9.97e-21 FLOPS = 3.37e+10 Tdav = 3.85 T = 10.73
 --> Site =  145 .. Mmps =  550 Ndav =   5 E =   -122.1917021973 Error = 3.07e-20 FLOPS = 3.36e+10 Tdav = 3.71 T = 10.15
 --> Site =  146 .. Mmps =  550 Ndav =   5 E =   -122.1917022115 Error = 1.36e-20 FLOPS = 3.35e+10 Tdav = 3.57 T = 9.61
 --> Site =  147 .. Mmps =  550 Ndav =   6 E =   -122.1917022326 Error = 1.41e-20 FLOPS = 3.32e+10 Tdav = 4.15 T = 9.75
 --> Site =  148 .. Mmps =  550 Ndav =   5 E =   -122.1917022512 Error = 3.54e-21 FLOPS = 3.33e+10 Tdav = 3.29 T = 8.50
 --> Site =  149 .. Mmps =  550 Ndav =   7 E =   -122.1917022819 Error = 2.22e-20 FLOPS = 3.27e+10 Tdav = 4.48 T = 9.30
 --> Site =  150 .. Mmps =  550 Ndav =   6 E =   -122.1917023073 Error = 4.88e-21 FLOPS = 3.29e+10 Tdav = 3.64 T = 8.09
 --> Site =  151 .. Mmps =  550 Ndav =   8 E =   -122.1917023471 Error = 1.15e-20 FLOPS = 3.20e+10 Tdav = 4.74 T = 8.85
 --> Site =  152 .. Mmps =  550 Ndav =   6 E =   -122.1917023796 Error = 5.17e-21 FLOPS = 3.26e+10 Tdav = 3.31 T = 7.10
 --> Site =  153 .. Mmps =  550 Ndav =   8 E =   -122.1917024216 Error = 9.72e-20 FLOPS = 3.16e+10 Tdav = 4.29 T = 7.78
 --> Site =  154 .. Mmps =  550 Ndav =   6 E =   -122.1917024505 Error = 1.16e-20 FLOPS = 3.22e+10 Tdav = 2.98 T = 6.20
 --> Site =  155 .. Mmps =  550 Ndav =   7 E =   -122.1917024969 Error = 7.93e-20 FLOPS = 3.16e+10 Tdav = 3.32 T = 6.21
 --> Site =  156 .. Mmps =  550 Ndav =   5 E =   -122.1917025159 Error = 3.06e-19 FLOPS = 3.20e+10 Tdav = 2.18 T = 4.88
 --> Site =  157 .. Mmps =  550 Ndav =   4 E =   -122.1917025216 Error = 2.86e-19 FLOPS = 3.18e+10 Tdav = 1.63 T = 4.01
 --> Site =  158 .. Mmps =  550 Ndav =   2 E =   -122.1917025224 Error = 2.07e-19 FLOPS = 3.02e+10 Tdav = 0.79 T = 2.95
 --> Site =  159 .. Mmps =  550 Ndav =   1 E =   -122.1917025224 Error = 1.13e-24 FLOPS = 2.58e+10 Tdav = 0.39 T = 2.35
 --> Site =  160 .. Mmps =  550 Ndav =   1 E =   -122.1917025224 Error = 6.92e-33 FLOPS = 2.58e+10 Tdav = 0.15 T = 1.85
 --> Site =  161 .. Mmps =  550 Ndav =   1 E =   -122.1917025224 Error = 1.62e-56 FLOPS = 2.34e+10 Tdav = 0.07 T = 1.52
 --> Site =  162 .. Mmps =  550 Ndav =   1 E =   -122.1917025224 Error = 3.39e-82 FLOPS = 2.02e+10 Tdav = 0.03 T = 1.32
 --> Site =  163 .. Mmps =  550 Ndav =   1 E =   -122.1917025224 Error = 3.78e-108 FLOPS = 1.76e+10 Tdav = 0.02 T = 1.14
 --> Site =  164 .. Mmps =  550 Ndav =   1 E =   -122.1917025224 Error = 1.12e-131 FLOPS = 1.43e+10 Tdav = 0.01 T = 0.98
 --> Site =  165 .. Mmps =  550 Ndav =   1 E =   -122.1917025224 Error = 2.74e-154 FLOPS = 8.58e+09 Tdav = 0.01 T = 0.87
 --> Site =  166 .. Mmps =  550 Ndav =   1 E =   -122.1917025224 Error = 2.52e-175 FLOPS = 4.91e+09 Tdav = 0.00 T = 0.65
 --> Site =  167 .. Mmps =  549 Ndav =   1 E =   -122.1917025224 Error = 0.00e+00 FLOPS = 2.77e+09 Tdav = 0.00 T = 0.50
 --> Site =  168 .. Mmps =  544 Ndav =   1 E =   -122.1917025224 Error = 0.00e+00 FLOPS = 2.12e+09 Tdav = 0.00 T = 0.36
Time elapsed =  19776.814 | E =    -122.1917025224 | DE = -9.70e-02 | DW = 3.06409e-19
Time sweep =     4344.460 | 49.8 TFLOP/SWP
 | Dmem = 138 MB (3%) | Imem = 232 B (79%) | Hmem = 660 MB | Wmem = 4.62 MB | Pmem = 0 B
 | Tread = 76.660 | Twrite = 32.193 | Tfpread = 74.513 | Tfpwrite = 20.016 | Tmporead = 0.000 | Tasync = 0.000
 | data = 14.7 GB | cpsd = 11.0 GB
 | Trot = 185.594 | Tctr = 1.387 | Tint = 0.007 | Tmid = 0.000 | Tdctr = 59.013 | Tdiag = 1.675 | Tinfo = 1.943
 | Teff = 2298.364 | Tprt = 0.000 | Teig = 1768.509 | Tblk = 4122.057 | Tmve = 222.389 | Tdm = 2.894 | Tsplt = 40.621 | Tsvd = 0.000 | Torth = 0.000

Sweep =   10 | Direction = backward | Bond dimension =  550 | Noise =  0.00e+00 | Dav threshold =  1.00e-08
 <-- Site =  168 .. Mmps =    2 Ndav =   1 E =   -122.1917025224 Error = 0.00e+00 FLOPS = 2.40e+09 Tdav = 0.00 T = 0.02
 <-- Site =  167 .. Mmps =    4 Ndav =   1 E =   -122.1917025224 Error = 0.00e+00 FLOPS = 3.27e+09 Tdav = 0.00 T = 0.11
 <-- Site =  166 .. Mmps =    8 Ndav =   1 E =   -122.1917025224 Error = 0.00e+00 FLOPS = 5.54e+09 Tdav = 0.00 T = 0.17
 <-- Site =  165 .. Mmps =   16 Ndav =   1 E =   -122.1917025224 Error = 0.00e+00 FLOPS = 9.04e+09 Tdav = 0.01 T = 0.25
 <-- Site =  164 .. Mmps =   32 Ndav =   1 E =   -122.1917025224 Error = 0.00e+00 FLOPS = 1.46e+10 Tdav = 0.01 T = 0.34
 <-- Site =  163 .. Mmps =   64 Ndav =   1 E =   -122.1917025224 Error = 0.00e+00 FLOPS = 1.74e+10 Tdav = 0.02 T = 0.46
 <-- Site =  162 .. Mmps =  128 Ndav =   1 E =   -122.1917025224 Error = 0.00e+00 FLOPS = 2.12e+10 Tdav = 0.03 T = 0.61
 <-- Site =  161 .. Mmps =  256 Ndav =   1 E =   -122.1917025224 Error = 0.00e+00 FLOPS = 2.37e+10 Tdav = 0.07 T = 0.80
 <-- Site =  160 .. Mmps =  512 Ndav =   1 E =   -122.1917025224 Error = 0.00e+00 FLOPS = 2.59e+10 Tdav = 0.15 T = 1.12
 <-- Site =  159 .. Mmps =  550 Ndav =   1 E =   -122.1917025224 Error = 1.32e-25 FLOPS = 2.61e+10 Tdav = 0.38 T = 1.90
 <-- Site =  158 .. Mmps =  550 Ndav =   1 E =   -122.1917025224 Error = 1.53e-22 FLOPS = 2.69e+10 Tdav = 0.44 T = 2.57
 <-- Site =  157 .. Mmps =  550 Ndav =   1 E =   -122.1917025224 Error = 7.00e-24 FLOPS = 2.75e+10 Tdav = 0.47 T = 2.89
 <-- Site =  156 .. Mmps =  550 Ndav =   1 E =   -122.1917025224 Error = 3.44e-20 FLOPS = 2.79e+10 Tdav = 0.50 T = 3.19
 <-- Site =  155 .. Mmps =  550 Ndav =   1 E =   -122.1917025224 Error = 6.46e-22 FLOPS = 2.84e+10 Tdav = 0.53 T = 3.51
 <-- Site =  154 .. Mmps =  550 Ndav =   2 E =   -122.1917025229 Error = 5.16e-21 FLOPS = 3.15e+10 Tdav = 1.02 T = 4.31
 <-- Site =  153 .. Mmps =  550 Ndav =   2 E =   -122.1917025233 Error = 7.42e-21 FLOPS = 3.17e+10 Tdav = 1.07 T = 4.67
 <-- Site =  152 .. Mmps =  550 Ndav =   2 E =   -122.1917025241 Error = 7.39e-21 FLOPS = 3.19e+10 Tdav = 1.13 T = 5.06
 <-- Site =  151 .. Mmps =  550 Ndav =   2 E =   -122.1917025246 Error = 9.67e-21 FLOPS = 3.21e+10 Tdav = 1.18 T = 5.47
 <-- Site =  150 .. Mmps =  550 Ndav =   2 E =   -122.1917025253 Error = 1.02e-20 FLOPS = 3.23e+10 Tdav = 1.24 T = 5.89
 <-- Site =  149 .. Mmps =  550 Ndav =   2 E =   -122.1917025259 Error = 7.49e-21 FLOPS = 3.24e+10 Tdav = 1.29 T = 6.33
 <-- Site =  148 .. Mmps =  550 Ndav =   2 E =   -122.1917025265 Error = 7.92e-21 FLOPS = 3.25e+10 Tdav = 1.35 T = 6.84
 <-- Site =  147 .. Mmps =  550 Ndav =   2 E =   -122.1917025270 Error = 6.86e-21 FLOPS = 3.27e+10 Tdav = 1.41 T = 7.27
 <-- Site =  146 .. Mmps =  550 Ndav =   2 E =   -122.1917025274 Error = 4.59e-21 FLOPS = 3.28e+10 Tdav = 1.46 T = 7.79
 <-- Site =  145 .. Mmps =  550 Ndav =   2 E =   -122.1917025278 Error = 3.86e-21 FLOPS = 3.29e+10 Tdav = 1.52 T = 8.30
 <-- Site =  144 .. Mmps =  550 Ndav =   2 E =   -122.1917025282 Error = 2.74e-21 FLOPS = 3.30e+10 Tdav = 1.57 T = 8.81
 <-- Site =  143 .. Mmps =  550 Ndav =   2 E =   -122.1917025286 Error = 7.19e-21 FLOPS = 3.31e+10 Tdav = 1.63 T = 9.35
 <-- Site =  142 .. Mmps =  550 Ndav =   2 E =   -122.1917025290 Error = 1.04e-18 FLOPS = 3.32e+10 Tdav = 1.68 T = 9.97
 <-- Site =  141 .. Mmps =  550 Ndav =   2 E =   -122.1917025295 Error = 5.90e-21 FLOPS = 3.33e+10 Tdav = 1.74 T = 10.45
 <-- Site =  140 .. Mmps =  550 Ndav =   3 E =   -122.1917025307 Error = 1.57e-18 FLOPS = 3.39e+10 Tdav = 2.65 T = 11.97
 <-- Site =  139 .. Mmps =  550 Ndav =   2 E =   -122.1917025317 Error = 8.14e-21 FLOPS = 3.35e+10 Tdav = 1.85 T = 11.65
 <-- Site =  138 .. Mmps =  550 Ndav =   3 E =   -122.1917025338 Error = 4.73e-18 FLOPS = 3.40e+10 Tdav = 2.82 T = 13.22
 <-- Site =  137 .. Mmps =  550 Ndav =   2 E =   -122.1917025350 Error = 7.51e-21 FLOPS = 3.36e+10 Tdav = 1.96 T = 12.94
 <-- Site =  136 .. Mmps =  550 Ndav =   3 E =   -122.1917025369 Error = 4.15e-18 FLOPS = 3.41e+10 Tdav = 2.99 T = 14.54
 <-- Site =  135 .. Mmps =  550 Ndav =   2 E =   -122.1917025379 Error = 6.89e-21 FLOPS = 3.36e+10 Tdav = 2.08 T = 14.28
 <-- Site =  134 .. Mmps =  550 Ndav =   2 E =   -122.1917025390 Error = 1.77e-18 FLOPS = 3.38e+10 Tdav = 2.13 T = 14.97
 <-- Site =  133 .. Mmps =  550 Ndav =   2 E =   -122.1917025397 Error = 5.63e-21 FLOPS = 3.39e+10 Tdav = 2.18 T = 15.75
 <-- Site =  132 .. Mmps =  550 Ndav =   2 E =   -122.1917025403 Error = 1.55e-18 FLOPS = 3.39e+10 Tdav = 2.24 T = 16.59
 <-- Site =  131 .. Mmps =  550 Ndav =   2 E =   -122.1917025408 Error = 5.99e-21 FLOPS = 3.39e+10 Tdav = 2.30 T = 17.19
 <-- Site =  130 .. Mmps =  550 Ndav =   2 E =   -122.1917025413 Error = 8.21e-19 FLOPS = 3.40e+10 Tdav = 2.35 T = 17.89
 <-- Site =  129 .. Mmps =  550 Ndav =   2 E =   -122.1917025417 Error = 2.63e-21 FLOPS = 3.38e+10 Tdav = 2.42 T = 18.67
 <-- Site =  128 .. Mmps =  550 Ndav =   2 E =   -122.1917025422 Error = 6.68e-21 FLOPS = 3.41e+10 Tdav = 2.46 T = 19.40
 <-- Site =  127 .. Mmps =  550 Ndav =   3 E =   -122.1917025432 Error = 3.92e-20 FLOPS = 3.44e+10 Tdav = 3.74 T = 21.40
 <-- Site =  126 .. Mmps =  550 Ndav =   2 E =   -122.1917025443 Error = 8.07e-21 FLOPS = 3.41e+10 Tdav = 2.57 T = 21.13
 <-- Site =  125 .. Mmps =  550 Ndav =   2 E =   -122.1917025453 Error = 2.32e-20 FLOPS = 3.42e+10 Tdav = 2.63 T = 21.54
 <-- Site =  124 .. Mmps =  550 Ndav =   3 E =   -122.1917025468 Error = 1.59e-20 FLOPS = 3.45e+10 Tdav = 3.90 T = 23.23
 <-- Site =  123 .. Mmps =  550 Ndav =   2 E =   -122.1917025476 Error = 9.42e-21 FLOPS = 3.42e+10 Tdav = 2.69 T = 22.42
 <-- Site =  122 .. Mmps =  550 Ndav =   2 E =   -122.1917025484 Error = 1.93e-20 FLOPS = 3.41e+10 Tdav = 2.69 T = 22.81
 <-- Site =  121 .. Mmps =  550 Ndav =   2 E =   -122.1917025490 Error = 7.14e-21 FLOPS = 3.42e+10 Tdav = 2.74 T = 23.27
 <-- Site =  120 .. Mmps =  550 Ndav =   2 E =   -122.1917025497 Error = 1.48e-20 FLOPS = 3.42e+10 Tdav = 2.74 T = 23.64
 <-- Site =  119 .. Mmps =  550 Ndav =   2 E =   -122.1917025503 Error = 3.02e-21 FLOPS = 3.43e+10 Tdav = 2.79 T = 24.55
 <-- Site =  118 .. Mmps =  550 Ndav =   2 E =   -122.1917025509 Error = 1.36e-21 FLOPS = 3.43e+10 Tdav = 2.86 T = 25.04
 <-- Site =  117 .. Mmps =  550 Ndav =   2 E =   -122.1917025519 Error = 1.17e-20 FLOPS = 3.44e+10 Tdav = 2.85 T = 25.43
 <-- Site =  116 .. Mmps =  550 Ndav =   2 E =   -122.1917025529 Error = 1.07e-18 FLOPS = 3.43e+10 Tdav = 2.91 T = 26.26
 <-- Site =  115 .. Mmps =  550 Ndav =   3 E =   -122.1917025544 Error = 6.11e-21 FLOPS = 3.46e+10 Tdav = 4.41 T = 28.30
 <-- Site =  114 .. Mmps =  550 Ndav =   3 E =   -122.1917025585 Error = 1.36e-18 FLOPS = 3.47e+10 Tdav = 4.40 T = 28.33
 <-- Site =  113 .. Mmps =  550 Ndav =   4 E =   -122.1917025660 Error = 8.31e-21 FLOPS = 3.47e+10 Tdav = 5.87 T = 30.12
 <-- Site =  112 .. Mmps =  550 Ndav =   8 E =   -122.1917026394 Error = 1.48e-18 FLOPS = 3.43e+10 Tdav = 12.11 T = 36.84
 <-- Site =  111 .. Mmps =  550 Ndav =   8 E =   -122.1917027771 Error = 1.66e-20 FLOPS = 3.43e+10 Tdav = 12.12 T = 36.97
 <-- Site =  110 .. Mmps =  550 Ndav =  17 E =   -122.1917043872 Error = 2.27e-18 FLOPS = 3.20e+10 Tdav = 27.60 T = 52.31
 <-- Site =  109 .. Mmps =  550 Ndav =  12 E =   -122.1917050153 Error = 1.12e-20 FLOPS = 3.35e+10 Tdav = 18.60 T = 43.80
 <-- Site =  108 .. Mmps =  550 Ndav =  13 E =   -122.1917057262 Error = 7.31e-18 FLOPS = 3.32e+10 Tdav = 20.71 T = 46.39
 <-- Site =  107 .. Mmps =  550 Ndav =  13 E =   -122.1917062935 Error = 8.55e-21 FLOPS = 3.32e+10 Tdav = 20.71 T = 46.98
 <-- Site =  106 .. Mmps =  550 Ndav =  16 E =   -122.1917071658 Error = 8.76e-19 FLOPS = 3.24e+10 Tdav = 26.66 T = 53.24
 <-- Site =  105 .. Mmps =  550 Ndav =  18 E =   -122.1917082502 Error = 7.14e-21 FLOPS = 3.18e+10 Tdav = 30.53 T = 57.21
 <-- Site =  104 .. Mmps =  550 Ndav =  19 E =   -122.1917096350 Error = 6.42e-19 FLOPS = 3.14e+10 Tdav = 32.65 T = 59.29
 <-- Site =  103 .. Mmps =  550 Ndav =  14 E =   -122.1917098539 Error = 1.22e-20 FLOPS = 3.30e+10 Tdav = 22.88 T = 49.93
 <-- Site =  102 .. Mmps =  550 Ndav =   8 E =   -122.1917099358 Error = 9.55e-21 FLOPS = 3.44e+10 Tdav = 12.77 T = 40.37
 <-- Site =  101 .. Mmps =  550 Ndav =   7 E =   -122.1917100176 Error = 1.60e-20 FLOPS = 3.46e+10 Tdav = 11.11 T = 38.79
 <-- Site =  100 .. Mmps =  550 Ndav =   7 E =   -122.1917101226 Error = 6.54e-20 FLOPS = 3.45e+10 Tdav = 11.13 T = 39.15
 <-- Site =   99 .. Mmps =  550 Ndav =   6 E =   -122.1917101842 Error = 1.54e-20 FLOPS = 3.48e+10 Tdav = 9.65 T = 37.73
 <-- Site =   98 .. Mmps =  550 Ndav =   8 E =   -122.1917103232 Error = 1.31e-20 FLOPS = 3.43e+10 Tdav = 12.82 T = 40.54
 <-- Site =   97 .. Mmps =  550 Ndav =   7 E =   -122.1917104357 Error = 1.00e-20 FLOPS = 3.46e+10 Tdav = 11.11 T = 38.75
 <-- Site =   96 .. Mmps =  550 Ndav =  12 E =   -122.1917106579 Error = 3.56e-21 FLOPS = 3.36e+10 Tdav = 19.63 T = 47.19
 <-- Site =   95 .. Mmps =  550 Ndav =  10 E =   -122.1917109169 Error = 6.96e-21 FLOPS = 3.41e+10 Tdav = 16.11 T = 44.12
 <-- Site =   94 .. Mmps =  550 Ndav =  12 E =   -122.1917112901 Error = 2.31e-21 FLOPS = 3.36e+10 Tdav = 19.99 T = 48.54
 <-- Site =   93 .. Mmps =  550 Ndav =  12 E =   -122.1917115826 Error = 2.81e-21 FLOPS = 3.36e+10 Tdav = 19.96 T = 48.49
 <-- Site =   92 .. Mmps =  550 Ndav =  10 E =   -122.1917117475 Error = 1.63e-20 FLOPS = 3.40e+10 Tdav = 16.43 T = 44.99
 <-- Site =   91 .. Mmps =  550 Ndav =  15 E =   -122.1917121629 Error = 2.19e-20 FLOPS = 3.28e+10 Tdav = 25.59 T = 54.12
 <-- Site =   90 .. Mmps =  550 Ndav =   8 E =   -122.1917122539 Error = 5.01e-19 FLOPS = 3.45e+10 Tdav = 12.97 T = 41.52
 <-- Site =   89 .. Mmps =  550 Ndav =   5 E =   -122.1917122629 Error = 1.12e-20 FLOPS = 3.47e+10 Tdav = 8.05 T = 36.59
 <-- Site =   88 .. Mmps =  550 Ndav =   3 E =   -122.1917122677 Error = 6.62e-19 FLOPS = 3.48e+10 Tdav = 4.82 T = 33.36
 <-- Site =   87 .. Mmps =  550 Ndav =   3 E =   -122.1917122704 Error = 1.66e-20 FLOPS = 3.48e+10 Tdav = 4.82 T = 33.76
 <-- Site =   86 .. Mmps =  550 Ndav =   3 E =   -122.1917122737 Error = 1.21e-19 FLOPS = 3.47e+10 Tdav = 4.91 T = 33.95
 <-- Site =   85 .. Mmps =  550 Ndav =   3 E =   -122.1917122769 Error = 7.21e-21 FLOPS = 3.47e+10 Tdav = 4.83 T = 33.41
 <-- Site =   84 .. Mmps =  550 Ndav =   5 E =   -122.1917122852 Error = 1.82e-19 FLOPS = 3.47e+10 Tdav = 8.04 T = 36.54
 <-- Site =   83 .. Mmps =  550 Ndav =   4 E =   -122.1917122906 Error = 2.78e-21 FLOPS = 3.47e+10 Tdav = 6.44 T = 34.54
 <-- Site =   82 .. Mmps =  550 Ndav =   6 E =   -122.1917123054 Error = 1.31e-18 FLOPS = 3.47e+10 Tdav = 9.50 T = 37.51
 <-- Site =   81 .. Mmps =  550 Ndav =   8 E =   -122.1917123212 Error = 2.38e-21 FLOPS = 3.45e+10 Tdav = 12.96 T = 41.47
 <-- Site =   80 .. Mmps =  550 Ndav =   9 E =   -122.1917123496 Error = 5.56e-19 FLOPS = 3.42e+10 Tdav = 14.71 T = 43.33
 <-- Site =   79 .. Mmps =  550 Ndav =   9 E =   -122.1917123696 Error = 2.20e-20 FLOPS = 3.43e+10 Tdav = 14.67 T = 43.38
 <-- Site =   78 .. Mmps =  550 Ndav =   6 E =   -122.1917123844 Error = 1.83e-18 FLOPS = 3.47e+10 Tdav = 9.67 T = 38.15
 <-- Site =   77 .. Mmps =  550 Ndav =   3 E =   -122.1917123866 Error = 8.33e-21 FLOPS = 3.48e+10 Tdav = 4.82 T = 33.32
 <-- Site =   76 .. Mmps =  550 Ndav =   3 E =   -122.1917123899 Error = 4.86e-21 FLOPS = 3.48e+10 Tdav = 4.82 T = 33.35
 <-- Site =   75 .. Mmps =  550 Ndav =   4 E =   -122.1917123946 Error = 1.15e-20 FLOPS = 3.47e+10 Tdav = 6.44 T = 35.12
 <-- Site =   74 .. Mmps =  550 Ndav =   4 E =   -122.1917124008 Error = 1.72e-20 FLOPS = 3.49e+10 Tdav = 6.41 T = 34.89
 <-- Site =   73 .. Mmps =  550 Ndav =   3 E =   -122.1917124051 Error = 1.00e-20 FLOPS = 3.48e+10 Tdav = 4.82 T = 33.32
 <-- Site =   72 .. Mmps =  550 Ndav =   4 E =   -122.1917124117 Error = 1.97e-20 FLOPS = 3.48e+10 Tdav = 6.43 T = 34.55
 <-- Site =   71 .. Mmps =  550 Ndav =   3 E =   -122.1917124161 Error = 1.16e-20 FLOPS = 3.47e+10 Tdav = 4.75 T = 32.36
 <-- Site =   70 .. Mmps =  550 Ndav =   4 E =   -122.1917124236 Error = 6.13e-21 FLOPS = 3.48e+10 Tdav = 6.31 T = 34.00
 <-- Site =   69 .. Mmps =  550 Ndav =   4 E =   -122.1917124299 Error = 4.17e-21 FLOPS = 3.47e+10 Tdav = 6.32 T = 34.34
 <-- Site =   68 .. Mmps =  550 Ndav =   6 E =   -122.1917124405 Error = 1.73e-20 FLOPS = 3.47e+10 Tdav = 9.65 T = 38.18
 <-- Site =   67 .. Mmps =  550 Ndav =   4 E =   -122.1917124466 Error = 2.62e-21 FLOPS = 3.49e+10 Tdav = 6.42 T = 34.48
 <-- Site =   66 .. Mmps =  550 Ndav =   5 E =   -122.1917124535 Error = 8.11e-20 FLOPS = 3.47e+10 Tdav = 7.91 T = 35.57
 <-- Site =   65 .. Mmps =  550 Ndav =   4 E =   -122.1917124571 Error = 5.18e-21 FLOPS = 3.48e+10 Tdav = 6.31 T = 33.91
 <-- Site =   64 .. Mmps =  550 Ndav =   2 E =   -122.1917124579 Error = 9.41e-19 FLOPS = 3.45e+10 Tdav = 3.19 T = 30.31
 <-- Site =   63 .. Mmps =  550 Ndav =   2 E =   -122.1917124588 Error = 7.95e-21 FLOPS = 3.45e+10 Tdav = 3.13 T = 29.76
 <-- Site =   62 .. Mmps =  550 Ndav =   3 E =   -122.1917124610 Error = 6.30e-19 FLOPS = 3.47e+10 Tdav = 4.66 T = 31.25
 <-- Site =   61 .. Mmps =  550 Ndav =   3 E =   -122.1917124645 Error = 6.38e-21 FLOPS = 3.47e+10 Tdav = 4.66 T = 30.83
 <-- Site =   60 .. Mmps =  550 Ndav =   6 E =   -122.1917124923 Error = 3.97e-19 FLOPS = 3.47e+10 Tdav = 9.15 T = 35.29
 <-- Site =   59 .. Mmps =  550 Ndav =   6 E =   -122.1917125432 Error = 3.02e-21 FLOPS = 3.47e+10 Tdav = 9.32 T = 35.53
 <-- Site =   58 .. Mmps =  550 Ndav =  10 E =   -122.1917130122 Error = 1.26e-19 FLOPS = 3.40e+10 Tdav = 15.58 T = 40.97
 <-- Site =   57 .. Mmps =  550 Ndav =  13 E =   -122.1917142516 Error = 2.41e-21 FLOPS = 3.32e+10 Tdav = 20.31 T = 45.13
 <-- Site =   56 .. Mmps =  550 Ndav =  13 E =   -122.1917154481 Error = 3.87e-18 FLOPS = 3.31e+10 Tdav = 20.37 T = 45.15
 <-- Site =   55 .. Mmps =  550 Ndav =  13 E =   -122.1917165509 Error = 1.60e-20 FLOPS = 3.32e+10 Tdav = 20.31 T = 45.15
 <-- Site =   54 .. Mmps =  550 Ndav =  15 E =   -122.1917183650 Error = 9.18e-19 FLOPS = 3.26e+10 Tdav = 23.91 T = 48.55
 <-- Site =   53 .. Mmps =  550 Ndav =  15 E =   -122.1917197758 Error = 1.33e-20 FLOPS = 3.26e+10 Tdav = 23.46 T = 47.44
 <-- Site =   52 .. Mmps =  550 Ndav =  17 E =   -122.1917215842 Error = 2.58e-18 FLOPS = 3.19e+10 Tdav = 27.13 T = 50.71
 <-- Site =   51 .. Mmps =  550 Ndav =  16 E =   -122.1917220647 Error = 7.55e-21 FLOPS = 3.21e+10 Tdav = 24.84 T = 47.52
 <-- Site =   50 .. Mmps =  550 Ndav =  11 E =   -122.1917225038 Error = 5.60e-21 FLOPS = 3.36e+10 Tdav = 16.01 T = 38.21
 <-- Site =   49 .. Mmps =  550 Ndav =   9 E =   -122.1917227219 Error = 2.24e-20 FLOPS = 3.40e+10 Tdav = 12.94 T = 34.71
 <-- Site =   48 .. Mmps =  550 Ndav =  10 E =   -122.1917230008 Error = 3.66e-20 FLOPS = 3.37e+10 Tdav = 14.20 T = 35.22
 <-- Site =   47 .. Mmps =  550 Ndav =   9 E =   -122.1917232263 Error = 7.29e-21 FLOPS = 3.38e+10 Tdav = 12.51 T = 33.09
 <-- Site =   46 .. Mmps =  550 Ndav =  12 E =   -122.1917236974 Error = 6.53e-21 FLOPS = 3.32e+10 Tdav = 16.98 T = 37.16
 <-- Site =   45 .. Mmps =  550 Ndav =  13 E =   -122.1917244596 Error = 6.09e-21 FLOPS = 3.29e+10 Tdav = 18.13 T = 37.85
 <-- Site =   44 .. Mmps =  550 Ndav =  13 E =   -122.1917251949 Error = 9.13e-21 FLOPS = 3.29e+10 Tdav = 18.14 T = 37.63
 <-- Site =   43 .. Mmps =  550 Ndav =  12 E =   -122.1917257476 Error = 3.41e-21 FLOPS = 3.32e+10 Tdav = 16.26 T = 35.30
 <-- Site =   42 .. Mmps =  550 Ndav =  13 E =   -122.1917262661 Error = 7.65e-21 FLOPS = 3.27e+10 Tdav = 17.87 T = 36.53
 <-- Site =   41 .. Mmps =  550 Ndav =  12 E =   -122.1917267268 Error = 2.09e-21 FLOPS = 3.31e+10 Tdav = 15.93 T = 33.75
 <-- Site =   40 .. Mmps =  550 Ndav =   9 E =   -122.1917268896 Error = 2.31e-21 FLOPS = 3.39e+10 Tdav = 11.41 T = 28.51
 <-- Site =   39 .. Mmps =  550 Ndav =  10 E =   -122.1917269940 Error = 1.39e-20 FLOPS = 3.36e+10 Tdav = 12.49 T = 28.93
 <-- Site =   38 .. Mmps =  550 Ndav =   6 E =   -122.1917270290 Error = 1.16e-18 FLOPS = 3.44e+10 Tdav = 7.15 T = 22.77
 <-- Site =   37 .. Mmps =  550 Ndav =   4 E =   -122.1917270324 Error = 2.40e-21 FLOPS = 3.44e+10 Tdav = 4.65 T = 19.58
 <-- Site =   36 .. Mmps =  550 Ndav =   4 E =   -122.1917270366 Error = 2.90e-18 FLOPS = 3.44e+10 Tdav = 4.53 T = 18.78
 <-- Site =   35 .. Mmps =  550 Ndav =   2 E =   -122.1917270376 Error = 8.51e-21 FLOPS = 3.39e+10 Tdav = 2.24 T = 15.94
 <-- Site =   34 .. Mmps =  550 Ndav =   3 E =   -122.1917270399 Error = 2.13e-18 FLOPS = 3.42e+10 Tdav = 3.24 T = 16.19
 <-- Site =   33 .. Mmps =  550 Ndav =   3 E =   -122.1917270415 Error = 3.30e-21 FLOPS = 3.41e+10 Tdav = 3.16 T = 15.47
 <-- Site =   32 .. Mmps =  550 Ndav =   3 E =   -122.1917270442 Error = 9.18e-19 FLOPS = 3.41e+10 Tdav = 3.07 T = 14.74
 <-- Site =   31 .. Mmps =  550 Ndav =   3 E =   -122.1917270466 Error = 3.36e-21 FLOPS = 3.41e+10 Tdav = 2.99 T = 14.07
 <-- Site =   30 .. Mmps =  550 Ndav =   4 E =   -122.1917270513 Error = 1.24e-18 FLOPS = 3.42e+10 Tdav = 3.86 T = 14.43
 <-- Site =   29 .. Mmps =  550 Ndav =   4 E =   -122.1917270548 Error = 4.34e-21 FLOPS = 3.41e+10 Tdav = 3.75 T = 13.74
 <-- Site =   28 .. Mmps =  550 Ndav =   6 E =   -122.1917270629 Error = 1.10e-18 FLOPS = 3.38e+10 Tdav = 5.49 T = 14.88
 <-- Site =   27 .. Mmps =  550 Ndav =   4 E =   -122.1917270673 Error = 6.65e-21 FLOPS = 3.39e+10 Tdav = 3.54 T = 12.43
 <-- Site =   26 .. Mmps =  550 Ndav =   6 E =   -122.1917270725 Error = 2.94e-18 FLOPS = 3.38e+10 Tdav = 5.14 T = 13.51
 <-- Site =   25 .. Mmps =  550 Ndav =   2 E =   -122.1917270731 Error = 3.53e-21 FLOPS = 3.32e+10 Tdav = 1.68 T = 9.58
 <-- Site =   24 .. Mmps =  550 Ndav =   3 E =   -122.1917270743 Error = 2.66e-21 FLOPS = 3.37e+10 Tdav = 2.40 T = 9.72
 <-- Site =   23 .. Mmps =  550 Ndav =   2 E =   -122.1917270754 Error = 6.07e-21 FLOPS = 3.30e+10 Tdav = 1.57 T = 8.43
 <-- Site =   22 .. Mmps =  550 Ndav =   3 E =   -122.1917270773 Error = 6.97e-21 FLOPS = 3.35e+10 Tdav = 2.24 T = 8.66
 <-- Site =   21 .. Mmps =  550 Ndav =   3 E =   -122.1917270797 Error = 4.25e-21 FLOPS = 3.34e+10 Tdav = 2.15 T = 8.11
 <-- Site =   20 .. Mmps =  550 Ndav =   3 E =   -122.1917270826 Error = 8.94e-20 FLOPS = 3.33e+10 Tdav = 2.07 T = 7.62
 <-- Site =   19 .. Mmps =  550 Ndav =   4 E =   -122.1917270872 Error = 7.22e-21 FLOPS = 3.33e+10 Tdav = 2.64 T = 7.78
 <-- Site =   18 .. Mmps =  550 Ndav =   5 E =   -122.1917270953 Error = 8.15e-20 FLOPS = 3.32e+10 Tdav = 3.16 T = 7.93
 <-- Site =   17 .. Mmps =  550 Ndav =   6 E =   -122.1917271050 Error = 8.32e-21 FLOPS = 3.28e+10 Tdav = 3.65 T = 8.04
 <-- Site =   16 .. Mmps =  550 Ndav =   3 E =   -122.1917271085 Error = 3.55e-20 FLOPS = 3.28e+10 Tdav = 1.73 T = 5.76
 <-- Site =   15 .. Mmps =  550 Ndav =   4 E =   -122.1917271128 Error = 1.58e-20 FLOPS = 3.28e+10 Tdav = 2.19 T = 5.92
 <-- Site =   14 .. Mmps =  550 Ndav =   3 E =   -122.1917271145 Error = 1.17e-19 FLOPS = 3.25e+10 Tdav = 1.57 T = 4.94
 <-- Site =   13 .. Mmps =  550 Ndav =   2 E =   -122.1917271154 Error = 1.30e-19 FLOPS = 3.14e+10 Tdav = 1.02 T = 4.07
 <-- Site =   12 .. Mmps =  550 Ndav =   2 E =   -122.1917271159 Error = 1.54e-16 FLOPS = 3.12e+10 Tdav = 0.96 T = 3.73
 <-- Site =   11 .. Mmps =  550 Ndav =   1 E =   -122.1917271159 Error = 1.41e-19 FLOPS = 2.79e+10 Tdav = 0.50 T = 3.03
 <-- Site =   10 .. Mmps =  550 Ndav =   1 E =   -122.1917271159 Error = 5.60e-19 FLOPS = 2.75e+10 Tdav = 0.47 T = 2.79
 <-- Site =    9 .. Mmps =  550 Ndav =   1 E =   -122.1917271159 Error = 1.53e-24 FLOPS = 2.65e+10 Tdav = 0.40 T = 2.33
 <-- Site =    8 .. Mmps =  550 Ndav =   1 E =   -122.1917271159 Error = 1.29e-32 FLOPS = 2.47e+10 Tdav = 0.13 T = 1.31
 <-- Site =    7 .. Mmps =  550 Ndav =   1 E =   -122.1917271159 Error = 2.34e-55 FLOPS = 2.16e+10 Tdav = 0.05 T = 1.02
 <-- Site =    6 .. Mmps =  550 Ndav =   1 E =   -122.1917271159 Error = 1.96e-74 FLOPS = 1.83e+10 Tdav = 0.02 T = 0.91
 <-- Site =    5 .. Mmps =  550 Ndav =   1 E =   -122.1917271159 Error = 5.86e-93 FLOPS = 1.53e+10 Tdav = 0.01 T = 0.77
 <-- Site =    4 .. Mmps =  550 Ndav =   1 E =   -122.1917271159 Error = 4.20e-107 FLOPS = 1.21e+10 Tdav = 0.01 T = 0.76
 <-- Site =    3 .. Mmps =  550 Ndav =   1 E =   -122.1917271159 Error = 3.80e-111 FLOPS = 9.57e+09 Tdav = 0.00 T = 0.69
 <-- Site =    2 .. Mmps =  549 Ndav =   1 E =   -122.1917271159 Error = 0.00e+00 FLOPS = 5.98e+09 Tdav = 0.00 T = 0.64
 <-- Site =    1 .. Mmps =  549 Ndav =   1 E =   -122.1917271159 Error = 0.00e+00 FLOPS = 3.44e+09 Tdav = 0.00 T = 0.64
 <-- Site =    0 .. Mmps =  550 Ndav =   1 E =   -122.1917271159 Error = 0.00e+00 FLOPS = 2.37e+09 Tdav = 0.00 T = 0.58
Time elapsed =  23705.174 | E =    -122.1917271159 | DE = -2.46e-05 | DW = 1.53944e-16
Time sweep =     3928.360 | 36.2 TFLOP/SWP
 | Dmem = 138 MB (3%) | Imem = 232 B (79%) | Hmem = 660 MB | Wmem = 4.62 MB | Pmem = 0 B
 | Tread = 70.502 | Twrite = 30.340 | Tfpread = 69.472 | Tfpwrite = 19.234 | Tmporead = 0.000 | Tasync = 0.000
 | data = 14.7 GB | cpsd = 9.74 GB
 | Trot = 185.499 | Tctr = 171.315 | Tint = 0.007 | Tmid = 0.000 | Tdctr = 0.012 | Tdiag = 1.742 | Tinfo = 2.073
 | Teff = 2241.501 | Tprt = 0.000 | Teig = 1187.088 | Tblk = 3485.030 | Tmve = 443.316 | Tdm = 2.878 | Tsplt = 40.624 | Tsvd = 0.000 | Torth = 0.000

Sweep =   11 | Direction =  forward | Bond dimension =  550 | Noise =  0.00e+00 | Dav threshold =  1.00e-08
 --> Site =    0 .. Mmps =    2 Ndav =   1 E =   -122.1917271159 Error = 0.00e+00 FLOPS = 2.76e+09 Tdav = 0.00 T = 0.02
 --> Site =    1 .. Mmps =    4 Ndav =   1 E =   -122.1917271159 Error = 0.00e+00 FLOPS = 3.86e+09 Tdav = 0.00 T = 0.05
 --> Site =    2 .. Mmps =    8 Ndav =   1 E =   -122.1917271159 Error = 0.00e+00 FLOPS = 5.87e+09 Tdav = 0.00 T = 0.05
 --> Site =    3 .. Mmps =   16 Ndav =   1 E =   -122.1917271159 Error = 0.00e+00 FLOPS = 8.92e+09 Tdav = 0.00 T = 0.05
 --> Site =    4 .. Mmps =   32 Ndav =   1 E =   -122.1917271159 Error = 0.00e+00 FLOPS = 1.19e+10 Tdav = 0.01 T = 0.06
 --> Site =    5 .. Mmps =   64 Ndav =   1 E =   -122.1917271159 Error = 0.00e+00 FLOPS = 1.52e+10 Tdav = 0.01 T = 0.08
 --> Site =    6 .. Mmps =  128 Ndav =   1 E =   -122.1917271159 Error = 0.00e+00 FLOPS = 1.85e+10 Tdav = 0.02 T = 0.11
 --> Site =    7 .. Mmps =  256 Ndav =   1 E =   -122.1917271159 Error = 0.00e+00 FLOPS = 2.16e+10 Tdav = 0.05 T = 0.19
 --> Site =    8 .. Mmps =  512 Ndav =   1 E =   -122.1917271159 Error = 0.00e+00 FLOPS = 2.53e+10 Tdav = 0.13 T = 0.50
 --> Site =    9 .. Mmps =  550 Ndav =   1 E =   -122.1917271159 Error = 5.68e-26 FLOPS = 2.65e+10 Tdav = 0.40 T = 1.92
 --> Site =   10 .. Mmps =  550 Ndav =   1 E =   -122.1917271159 Error = 2.45e-25 FLOPS = 2.75e+10 Tdav = 0.47 T = 2.61
 --> Site =   11 .. Mmps =  550 Ndav =   1 E =   -122.1917271159 Error = 1.09e-23 FLOPS = 2.80e+10 Tdav = 0.50 T = 2.81
 --> Site =   12 .. Mmps =  550 Ndav =   1 E =   -122.1917271159 Error = 4.80e-23 FLOPS = 2.84e+10 Tdav = 0.53 T = 3.12
 --> Site =   13 .. Mmps =  550 Ndav =   1 E =   -122.1917271159 Error = 1.19e-21 FLOPS = 2.88e+10 Tdav = 0.55 T = 3.41
 --> Site =   14 .. Mmps =  550 Ndav =   1 E =   -122.1917271159 Error = 7.20e-21 FLOPS = 2.91e+10 Tdav = 0.58 T = 3.74
 --> Site =   15 .. Mmps =  550 Ndav =   1 E =   -122.1917271159 Error = 2.14e-20 FLOPS = 2.94e+10 Tdav = 0.61 T = 4.06
 --> Site =   16 .. Mmps =  550 Ndav =   2 E =   -122.1917271162 Error = 1.16e-20 FLOPS = 3.21e+10 Tdav = 1.18 T = 4.94
 --> Site =   17 .. Mmps =  550 Ndav =   1 E =   -122.1917271162 Error = 4.28e-20 FLOPS = 3.00e+10 Tdav = 0.67 T = 4.77
 --> Site =   18 .. Mmps =  550 Ndav =   1 E =   -122.1917271162 Error = 6.32e-21 FLOPS = 3.02e+10 Tdav = 0.69 T = 5.12
 --> Site =   19 .. Mmps =  550 Ndav =   1 E =   -122.1917271162 Error = 3.91e-20 FLOPS = 3.04e+10 Tdav = 0.72 T = 5.52
 --> Site =   20 .. Mmps =  550 Ndav =   2 E =   -122.1917271165 Error = 1.02e-20 FLOPS = 3.27e+10 Tdav = 1.40 T = 6.58
 --> Site =   21 .. Mmps =  550 Ndav =   1 E =   -122.1917271165 Error = 3.69e-20 FLOPS = 3.08e+10 Tdav = 0.78 T = 6.34
 --> Site =   22 .. Mmps =  550 Ndav =   1 E =   -122.1917271165 Error = 1.39e-20 FLOPS = 3.10e+10 Tdav = 0.81 T = 6.77
 --> Site =   23 .. Mmps =  550 Ndav =   1 E =   -122.1917271165 Error = 9.16e-21 FLOPS = 3.11e+10 Tdav = 0.84 T = 7.29
 --> Site =   24 .. Mmps =  550 Ndav =   1 E =   -122.1917271165 Error = 3.65e-21 FLOPS = 3.13e+10 Tdav = 0.86 T = 7.73
 --> Site =   25 .. Mmps =  550 Ndav =   2 E =   -122.1917271168 Error = 1.02e-20 FLOPS = 3.32e+10 Tdav = 1.68 T = 8.98
 --> Site =   26 .. Mmps =  550 Ndav =   1 E =   -122.1917271168 Error = 7.08e-21 FLOPS = 3.16e+10 Tdav = 0.92 T = 8.72
 --> Site =   27 .. Mmps =  550 Ndav =   2 E =   -122.1917271171 Error = 9.03e-21 FLOPS = 3.34e+10 Tdav = 1.79 T = 10.06
 --> Site =   28 .. Mmps =  550 Ndav =   2 E =   -122.1917271175 Error = 7.08e-21 FLOPS = 3.35e+10 Tdav = 1.85 T = 10.59
 --> Site =   29 .. Mmps =  550 Ndav =   2 E =   -122.1917271179 Error = 2.22e-20 FLOPS = 3.36e+10 Tdav = 1.90 T = 11.19
 --> Site =   30 .. Mmps =  550 Ndav =   2 E =   -122.1917271185 Error = 2.13e-20 FLOPS = 3.37e+10 Tdav = 1.96 T = 11.75
 --> Site =   31 .. Mmps =  550 Ndav =   2 E =   -122.1917271190 Error = 6.09e-20 FLOPS = 3.37e+10 Tdav = 2.01 T = 12.40
 --> Site =   32 .. Mmps =  550 Ndav =   2 E =   -122.1917271195 Error = 5.44e-21 FLOPS = 3.38e+10 Tdav = 2.07 T = 12.97
 --> Site =   33 .. Mmps =  550 Ndav =   2 E =   -122.1917271198 Error = 1.97e-20 FLOPS = 3.38e+10 Tdav = 2.13 T = 13.60
 --> Site =   34 .. Mmps =  550 Ndav =   2 E =   -122.1917271201 Error = 2.48e-20 FLOPS = 3.39e+10 Tdav = 2.18 T = 14.27
 --> Site =   35 .. Mmps =  550 Ndav =   1 E =   -122.1917271201 Error = 1.64e-20 FLOPS = 3.25e+10 Tdav = 1.17 T = 13.90
 --> Site =   36 .. Mmps =  550 Ndav =   1 E =   -122.1917271201 Error = 8.06e-21 FLOPS = 3.26e+10 Tdav = 1.19 T = 14.56
 --> Site =   37 .. Mmps =  550 Ndav =   1 E =   -122.1917271201 Error = 9.53e-21 FLOPS = 3.27e+10 Tdav = 1.22 T = 15.24
 --> Site =   38 .. Mmps =  550 Ndav =   1 E =   -122.1917271201 Error = 1.11e-20 FLOPS = 3.28e+10 Tdav = 1.25 T = 15.88
 --> Site =   39 .. Mmps =  550 Ndav =   1 E =   -122.1917271201 Error = 6.38e-21 FLOPS = 3.29e+10 Tdav = 1.28 T = 16.61
 --> Site =   40 .. Mmps =  550 Ndav =   1 E =   -122.1917271201 Error = 3.69e-21 FLOPS = 3.29e+10 Tdav = 1.31 T = 17.49
 --> Site =   41 .. Mmps =  550 Ndav =   1 E =   -122.1917271201 Error = 1.27e-19 FLOPS = 3.28e+10 Tdav = 1.34 T = 18.28
 --> Site =   42 .. Mmps =  550 Ndav =   2 E =   -122.1917271206 Error = 3.30e-21 FLOPS = 3.42e+10 Tdav = 2.63 T = 20.13
 --> Site =   43 .. Mmps =  550 Ndav =   1 E =   -122.1917271206 Error = 3.90e-20 FLOPS = 3.30e+10 Tdav = 1.36 T = 19.23
 --> Site =   44 .. Mmps =  550 Ndav =   2 E =   -122.1917271210 Error = 1.83e-21 FLOPS = 3.43e+10 Tdav = 2.68 T = 20.85
 --> Site =   45 .. Mmps =  550 Ndav =   1 E =   -122.1917271210 Error = 9.98e-20 FLOPS = 3.31e+10 Tdav = 1.39 T = 20.02
 --> Site =   46 .. Mmps =  550 Ndav =   2 E =   -122.1917271214 Error = 6.09e-21 FLOPS = 3.43e+10 Tdav = 2.73 T = 21.61
 --> Site =   47 .. Mmps =  550 Ndav =   1 E =   -122.1917271214 Error = 4.90e-20 FLOPS = 3.30e+10 Tdav = 1.42 T = 20.71
 --> Site =   48 .. Mmps =  550 Ndav =   2 E =   -122.1917271218 Error = 5.50e-21 FLOPS = 3.43e+10 Tdav = 2.79 T = 22.38
 --> Site =   49 .. Mmps =  550 Ndav =   2 E =   -122.1917271220 Error = 4.09e-20 FLOPS = 3.44e+10 Tdav = 2.84 T = 23.26
 --> Site =   50 .. Mmps =  550 Ndav =   2 E =   -122.1917271223 Error = 5.31e-21 FLOPS = 3.44e+10 Tdav = 2.85 T = 23.65
 --> Site =   51 .. Mmps =  550 Ndav =   2 E =   -122.1917271228 Error = 3.05e-20 FLOPS = 3.44e+10 Tdav = 2.90 T = 24.18
 --> Site =   52 .. Mmps =  550 Ndav =   2 E =   -122.1917271232 Error = 6.78e-21 FLOPS = 3.44e+10 Tdav = 2.96 T = 25.04
 --> Site =   53 .. Mmps =  550 Ndav =   2 E =   -122.1917271237 Error = 5.36e-20 FLOPS = 3.44e+10 Tdav = 2.96 T = 25.41
 --> Site =   54 .. Mmps =  550 Ndav =   3 E =   -122.1917271248 Error = 5.36e-21 FLOPS = 3.47e+10 Tdav = 4.48 T = 27.31
 --> Site =   55 .. Mmps =  550 Ndav =   2 E =   -122.1917271255 Error = 6.90e-20 FLOPS = 3.45e+10 Tdav = 3.01 T = 26.33
 --> Site =   56 .. Mmps =  550 Ndav =   2 E =   -122.1917271263 Error = 6.26e-21 FLOPS = 3.44e+10 Tdav = 3.02 T = 26.36
 --> Site =   57 .. Mmps =  550 Ndav =   2 E =   -122.1917271268 Error = 3.59e-20 FLOPS = 3.44e+10 Tdav = 3.02 T = 26.31
 --> Site =   58 .. Mmps =  550 Ndav =   3 E =   -122.1917271280 Error = 1.03e-20 FLOPS = 3.48e+10 Tdav = 4.56 T = 28.24
 --> Site =   59 .. Mmps =  550 Ndav =   2 E =   -122.1917271289 Error = 1.37e-20 FLOPS = 3.45e+10 Tdav = 3.12 T = 27.61
 --> Site =   60 .. Mmps =  550 Ndav =   3 E =   -122.1917271304 Error = 1.77e-20 FLOPS = 3.47e+10 Tdav = 4.57 T = 29.11
 --> Site =   61 .. Mmps =  550 Ndav =   3 E =   -122.1917271319 Error = 8.51e-21 FLOPS = 3.48e+10 Tdav = 4.65 T = 29.21
 --> Site =   62 .. Mmps =  550 Ndav =   3 E =   -122.1917271337 Error = 3.91e-20 FLOPS = 3.48e+10 Tdav = 4.65 T = 29.65
 --> Site =   63 .. Mmps =  550 Ndav =   3 E =   -122.1917271354 Error = 1.60e-20 FLOPS = 3.48e+10 Tdav = 4.65 T = 29.64
 --> Site =   64 .. Mmps =  550 Ndav =   2 E =   -122.1917271362 Error = 4.24e-20 FLOPS = 3.45e+10 Tdav = 3.18 T = 28.65
 --> Site =   65 .. Mmps =  550 Ndav =   2 E =   -122.1917271366 Error = 8.14e-21 FLOPS = 3.44e+10 Tdav = 3.19 T = 29.12
 --> Site =   66 .. Mmps =  550 Ndav =   1 E =   -122.1917271366 Error = 6.14e-21 FLOPS = 3.35e+10 Tdav = 1.64 T = 27.52
 --> Site =   67 .. Mmps =  550 Ndav =   2 E =   -122.1917271369 Error = 3.33e-20 FLOPS = 3.46e+10 Tdav = 3.24 T = 29.54
 --> Site =   68 .. Mmps =  550 Ndav =   1 E =   -122.1917271369 Error = 2.83e-21 FLOPS = 3.36e+10 Tdav = 1.66 T = 28.50
 --> Site =   69 .. Mmps =  550 Ndav =   2 E =   -122.1917271373 Error = 6.05e-20 FLOPS = 3.44e+10 Tdav = 3.19 T = 29.50
 --> Site =   70 .. Mmps =  550 Ndav =   2 E =   -122.1917271376 Error = 2.52e-21 FLOPS = 3.45e+10 Tdav = 3.18 T = 29.03
 --> Site =   71 .. Mmps =  550 Ndav =   2 E =   -122.1917271379 Error = 2.90e-20 FLOPS = 3.46e+10 Tdav = 3.18 T = 29.01
 --> Site =   72 .. Mmps =  550 Ndav =   2 E =   -122.1917271384 Error = 3.16e-21 FLOPS = 3.46e+10 Tdav = 3.23 T = 29.57
 --> Site =   73 .. Mmps =  550 Ndav =   2 E =   -122.1917271388 Error = 1.43e-20 FLOPS = 3.46e+10 Tdav = 3.23 T = 30.04
 --> Site =   74 .. Mmps =  550 Ndav =   2 E =   -122.1917271394 Error = 3.46e-21 FLOPS = 3.45e+10 Tdav = 3.24 T = 29.98
 --> Site =   75 .. Mmps =  550 Ndav =   2 E =   -122.1917271398 Error = 4.03e-20 FLOPS = 3.46e+10 Tdav = 3.23 T = 30.05
 --> Site =   76 .. Mmps =  550 Ndav =   2 E =   -122.1917271403 Error = 5.28e-21 FLOPS = 3.46e+10 Tdav = 3.23 T = 30.11
 --> Site =   77 .. Mmps =  550 Ndav =   1 E =   -122.1917271403 Error = 1.41e-20 FLOPS = 3.36e+10 Tdav = 1.66 T = 28.42
 --> Site =   78 .. Mmps =  550 Ndav =   1 E =   -122.1917271403 Error = 1.21e-20 FLOPS = 3.34e+10 Tdav = 1.67 T = 28.42
 --> Site =   79 .. Mmps =  550 Ndav =   1 E =   -122.1917271403 Error = 4.33e-21 FLOPS = 3.36e+10 Tdav = 1.66 T = 28.40
 --> Site =   80 .. Mmps =  550 Ndav =   2 E =   -122.1917271407 Error = 3.74e-21 FLOPS = 3.45e+10 Tdav = 3.24 T = 30.03
 --> Site =   81 .. Mmps =  550 Ndav =   2 E =   -122.1917271410 Error = 1.25e-20 FLOPS = 3.45e+10 Tdav = 3.24 T = 30.07
 --> Site =   82 .. Mmps =  550 Ndav =   2 E =   -122.1917271413 Error = 2.19e-20 FLOPS = 3.45e+10 Tdav = 3.18 T = 29.64
 --> Site =   83 .. Mmps =  550 Ndav =   2 E =   -122.1917271416 Error = 1.56e-20 FLOPS = 3.45e+10 Tdav = 3.24 T = 29.57
 --> Site =   84 .. Mmps =  550 Ndav =   2 E =   -122.1917271419 Error = 5.84e-20 FLOPS = 3.45e+10 Tdav = 3.24 T = 29.87
 --> Site =   85 .. Mmps =  550 Ndav =   2 E =   -122.1917271422 Error = 1.64e-20 FLOPS = 3.45e+10 Tdav = 3.24 T = 29.99
 --> Site =   86 .. Mmps =  550 Ndav =   2 E =   -122.1917271425 Error = 1.62e-20 FLOPS = 3.46e+10 Tdav = 3.29 T = 30.49
 --> Site =   87 .. Mmps =  550 Ndav =   2 E =   -122.1917271427 Error = 9.81e-20 FLOPS = 3.45e+10 Tdav = 3.24 T = 30.46
 --> Site =   88 .. Mmps =  550 Ndav =   2 E =   -122.1917271431 Error = 1.14e-20 FLOPS = 3.45e+10 Tdav = 3.24 T = 30.03
 --> Site =   89 .. Mmps =  550 Ndav =   2 E =   -122.1917271434 Error = 6.34e-21 FLOPS = 3.46e+10 Tdav = 3.23 T = 30.24
 --> Site =   90 .. Mmps =  550 Ndav =   1 E =   -122.1917271434 Error = 1.55e-20 FLOPS = 3.36e+10 Tdav = 1.66 T = 28.50
 --> Site =   91 .. Mmps =  550 Ndav =   1 E =   -122.1917271434 Error = 1.23e-20 FLOPS = 3.34e+10 Tdav = 1.67 T = 28.43
 --> Site =   92 .. Mmps =  550 Ndav =   1 E =   -122.1917271434 Error = 3.35e-21 FLOPS = 3.36e+10 Tdav = 1.66 T = 28.37
 --> Site =   93 .. Mmps =  550 Ndav =   1 E =   -122.1917271434 Error = 4.54e-20 FLOPS = 3.36e+10 Tdav = 1.66 T = 28.43
 --> Site =   94 .. Mmps =  550 Ndav =   1 E =   -122.1917271434 Error = 2.98e-21 FLOPS = 3.36e+10 Tdav = 1.66 T = 28.40
 --> Site =   95 .. Mmps =  550 Ndav =   1 E =   -122.1917271434 Error = 3.43e-20 FLOPS = 3.35e+10 Tdav = 1.64 T = 27.99
 --> Site =   96 .. Mmps =  550 Ndav =   1 E =   -122.1917271434 Error = 1.15e-21 FLOPS = 3.35e+10 Tdav = 1.64 T = 27.52
 --> Site =   97 .. Mmps =  550 Ndav =   1 E =   -122.1917271434 Error = 3.20e-20 FLOPS = 3.36e+10 Tdav = 1.64 T = 27.44
 --> Site =   98 .. Mmps =  550 Ndav =   2 E =   -122.1917271438 Error = 4.40e-21 FLOPS = 3.46e+10 Tdav = 3.18 T = 29.07
 --> Site =   99 .. Mmps =  550 Ndav =   1 E =   -122.1917271438 Error = 1.74e-20 FLOPS = 3.36e+10 Tdav = 1.66 T = 27.93
 --> Site =  100 .. Mmps =  550 Ndav =   1 E =   -122.1917271438 Error = 2.69e-21 FLOPS = 3.32e+10 Tdav = 1.65 T = 27.97
 --> Site =  101 .. Mmps =  550 Ndav =   2 E =   -122.1917271443 Error = 1.18e-19 FLOPS = 3.46e+10 Tdav = 3.18 T = 29.13
 --> Site =  102 .. Mmps =  550 Ndav =   1 E =   -122.1917271443 Error = 5.16e-21 FLOPS = 3.35e+10 Tdav = 1.64 T = 27.62
 --> Site =  103 .. Mmps =  550 Ndav =   2 E =   -122.1917271447 Error = 2.24e-20 FLOPS = 3.45e+10 Tdav = 3.12 T = 28.59
 --> Site =  104 .. Mmps =  550 Ndav =   1 E =   -122.1917271447 Error = 1.02e-20 FLOPS = 3.35e+10 Tdav = 1.61 T = 26.59
 --> Site =  105 .. Mmps =  550 Ndav =   2 E =   -122.1917271449 Error = 1.47e-20 FLOPS = 3.44e+10 Tdav = 3.14 T = 28.14
 --> Site =  106 .. Mmps =  550 Ndav =   2 E =   -122.1917271452 Error = 3.49e-21 FLOPS = 3.45e+10 Tdav = 3.13 T = 28.08
 --> Site =  107 .. Mmps =  550 Ndav =   2 E =   -122.1917271455 Error = 1.96e-20 FLOPS = 3.45e+10 Tdav = 3.07 T = 27.60
 --> Site =  108 .. Mmps =  550 Ndav =   2 E =   -122.1917271458 Error = 1.79e-21 FLOPS = 3.45e+10 Tdav = 3.07 T = 27.15
 --> Site =  109 .. Mmps =  550 Ndav =   2 E =   -122.1917271461 Error = 9.93e-21 FLOPS = 3.44e+10 Tdav = 3.01 T = 26.70
 --> Site =  110 .. Mmps =  550 Ndav =   2 E =   -122.1917271465 Error = 3.79e-21 FLOPS = 3.43e+10 Tdav = 3.03 T = 26.26
 --> Site =  111 .. Mmps =  550 Ndav =   2 E =   -122.1917271469 Error = 1.02e-20 FLOPS = 3.45e+10 Tdav = 3.01 T = 26.29
 --> Site =  112 .. Mmps =  550 Ndav =   2 E =   -122.1917271475 Error = 2.67e-20 FLOPS = 3.44e+10 Tdav = 3.01 T = 26.28
 --> Site =  113 .. Mmps =  550 Ndav =   3 E =   -122.1917271486 Error = 2.00e-20 FLOPS = 3.47e+10 Tdav = 4.40 T = 27.30
 --> Site =  114 .. Mmps =  550 Ndav =   2 E =   -122.1917271498 Error = 2.14e-21 FLOPS = 3.44e+10 Tdav = 2.96 T = 25.38
 --> Site =  115 .. Mmps =  550 Ndav =   3 E =   -122.1917271517 Error = 3.73e-21 FLOPS = 3.47e+10 Tdav = 4.40 T = 26.89
 --> Site =  116 .. Mmps =  550 Ndav =   3 E =   -122.1917271531 Error = 1.27e-20 FLOPS = 3.47e+10 Tdav = 4.32 T = 26.42
 --> Site =  117 .. Mmps =  550 Ndav =   2 E =   -122.1917271535 Error = 7.55e-21 FLOPS = 3.44e+10 Tdav = 2.85 T = 24.12
 --> Site =  118 .. Mmps =  550 Ndav =   2 E =   -122.1917271538 Error = 3.26e-21 FLOPS = 3.44e+10 Tdav = 2.85 T = 23.64
 --> Site =  119 .. Mmps =  550 Ndav =   2 E =   -122.1917271542 Error = 5.26e-20 FLOPS = 3.43e+10 Tdav = 2.80 T = 23.21
 --> Site =  120 .. Mmps =  550 Ndav =   2 E =   -122.1917271548 Error = 1.09e-20 FLOPS = 3.42e+10 Tdav = 2.74 T = 22.44
 --> Site =  121 .. Mmps =  550 Ndav =   2 E =   -122.1917271554 Error = 1.64e-20 FLOPS = 3.43e+10 Tdav = 2.73 T = 21.99
 --> Site =  122 .. Mmps =  550 Ndav =   3 E =   -122.1917271567 Error = 9.93e-22 FLOPS = 3.46e+10 Tdav = 3.98 T = 22.86
 --> Site =  123 .. Mmps =  550 Ndav =   3 E =   -122.1917271579 Error = 7.37e-20 FLOPS = 3.46e+10 Tdav = 3.98 T = 22.46
 --> Site =  124 .. Mmps =  550 Ndav =   3 E =   -122.1917271593 Error = 5.96e-21 FLOPS = 3.45e+10 Tdav = 3.91 T = 22.02
 --> Site =  125 .. Mmps =  550 Ndav =   3 E =   -122.1917271604 Error = 1.06e-20 FLOPS = 3.46e+10 Tdav = 3.90 T = 21.64
 --> Site =  126 .. Mmps =  550 Ndav =   3 E =   -122.1917271618 Error = 3.84e-21 FLOPS = 3.45e+10 Tdav = 3.82 T = 21.25
 --> Site =  127 .. Mmps =  550 Ndav =   2 E =   -122.1917271623 Error = 5.34e-20 FLOPS = 3.42e+10 Tdav = 2.51 T = 19.21
 --> Site =  128 .. Mmps =  550 Ndav =   2 E =   -122.1917271628 Error = 4.46e-21 FLOPS = 3.41e+10 Tdav = 2.46 T = 18.46
 --> Site =  129 .. Mmps =  550 Ndav =   2 E =   -122.1917271631 Error = 6.12e-20 FLOPS = 3.41e+10 Tdav = 2.40 T = 17.90
 --> Site =  130 .. Mmps =  550 Ndav =   1 E =   -122.1917271631 Error = 3.52e-20 FLOPS = 3.27e+10 Tdav = 1.22 T = 15.89
 --> Site =  131 .. Mmps =  550 Ndav =   2 E =   -122.1917271634 Error = 6.97e-21 FLOPS = 3.39e+10 Tdav = 2.30 T = 16.29
 --> Site =  132 .. Mmps =  550 Ndav =   2 E =   -122.1917271637 Error = 1.89e-21 FLOPS = 3.40e+10 Tdav = 2.23 T = 15.61
 --> Site =  133 .. Mmps =  550 Ndav =   2 E =   -122.1917271640 Error = 9.57e-21 FLOPS = 3.39e+10 Tdav = 2.18 T = 14.92
 --> Site =  134 .. Mmps =  550 Ndav =   2 E =   -122.1917271644 Error = 4.01e-21 FLOPS = 3.39e+10 Tdav = 2.12 T = 14.23
 --> Site =  135 .. Mmps =  550 Ndav =   2 E =   -122.1917271647 Error = 2.04e-20 FLOPS = 3.38e+10 Tdav = 2.07 T = 13.59
 --> Site =  136 .. Mmps =  550 Ndav =   2 E =   -122.1917271651 Error = 1.07e-20 FLOPS = 3.37e+10 Tdav = 2.01 T = 12.99
 --> Site =  137 .. Mmps =  550 Ndav =   2 E =   -122.1917271653 Error = 7.69e-21 FLOPS = 3.36e+10 Tdav = 1.96 T = 12.40
 --> Site =  138 .. Mmps =  550 Ndav =   2 E =   -122.1917271657 Error = 2.58e-21 FLOPS = 3.35e+10 Tdav = 1.91 T = 11.78
 --> Site =  139 .. Mmps =  550 Ndav =   1 E =   -122.1917271657 Error = 4.86e-21 FLOPS = 3.18e+10 Tdav = 0.97 T = 10.29
 --> Site =  140 .. Mmps =  550 Ndav =   2 E =   -122.1917271661 Error = 8.45e-21 FLOPS = 3.35e+10 Tdav = 1.79 T = 10.60
 --> Site =  141 .. Mmps =  550 Ndav =   2 E =   -122.1917271664 Error = 4.96e-21 FLOPS = 3.34e+10 Tdav = 1.74 T = 10.01
 --> Site =  142 .. Mmps =  550 Ndav =   2 E =   -122.1917271667 Error = 7.04e-20 FLOPS = 3.33e+10 Tdav = 1.68 T = 9.49
 --> Site =  143 .. Mmps =  550 Ndav =   1 E =   -122.1917271667 Error = 5.89e-20 FLOPS = 3.13e+10 Tdav = 0.86 T = 8.23
 --> Site =  144 .. Mmps =  550 Ndav =   2 E =   -122.1917271669 Error = 7.95e-21 FLOPS = 3.31e+10 Tdav = 1.57 T = 8.45
 --> Site =  145 .. Mmps =  550 Ndav =   2 E =   -122.1917271672 Error = 4.37e-20 FLOPS = 3.30e+10 Tdav = 1.51 T = 7.94
 --> Site =  146 .. Mmps =  550 Ndav =   2 E =   -122.1917271675 Error = 1.73e-20 FLOPS = 3.29e+10 Tdav = 1.46 T = 7.52
 --> Site =  147 .. Mmps =  550 Ndav =   2 E =   -122.1917271678 Error = 1.87e-20 FLOPS = 3.27e+10 Tdav = 1.40 T = 7.00
 --> Site =  148 .. Mmps =  550 Ndav =   2 E =   -122.1917271681 Error = 2.40e-21 FLOPS = 3.26e+10 Tdav = 1.35 T = 6.55
 --> Site =  149 .. Mmps =  550 Ndav =   2 E =   -122.1917271684 Error = 1.56e-20 FLOPS = 3.25e+10 Tdav = 1.29 T = 6.11
 --> Site =  150 .. Mmps =  550 Ndav =   2 E =   -122.1917271687 Error = 7.78e-21 FLOPS = 3.23e+10 Tdav = 1.24 T = 5.70
 --> Site =  151 .. Mmps =  550 Ndav =   2 E =   -122.1917271690 Error = 3.22e-20 FLOPS = 3.21e+10 Tdav = 1.18 T = 5.30
 --> Site =  152 .. Mmps =  550 Ndav =   2 E =   -122.1917271693 Error = 4.12e-21 FLOPS = 3.19e+10 Tdav = 1.13 T = 4.90
 --> Site =  153 .. Mmps =  550 Ndav =   2 E =   -122.1917271696 Error = 5.32e-20 FLOPS = 3.18e+10 Tdav = 1.07 T = 4.58
 --> Site =  154 .. Mmps =  550 Ndav =   1 E =   -122.1917271696 Error = 1.26e-20 FLOPS = 2.87e+10 Tdav = 0.56 T = 3.72
 --> Site =  155 .. Mmps =  550 Ndav =   2 E =   -122.1917271699 Error = 6.12e-19 FLOPS = 3.13e+10 Tdav = 0.96 T = 3.88
 --> Site =  156 .. Mmps =  550 Ndav =   1 E =   -122.1917271699 Error = 1.36e-19 FLOPS = 2.79e+10 Tdav = 0.50 T = 3.11
 --> Site =  157 .. Mmps =  550 Ndav =   1 E =   -122.1917271699 Error = 8.61e-19 FLOPS = 2.75e+10 Tdav = 0.47 T = 2.86
 --> Site =  158 .. Mmps =  550 Ndav =   1 E =   -122.1917271699 Error = 4.64e-19 FLOPS = 2.69e+10 Tdav = 0.45 T = 2.57
 --> Site =  159 .. Mmps =  550 Ndav =   1 E =   -122.1917271699 Error = 1.15e-24 FLOPS = 2.58e+10 Tdav = 0.39 T = 2.31
 --> Site =  160 .. Mmps =  550 Ndav =   1 E =   -122.1917271699 Error = 5.44e-33 FLOPS = 2.59e+10 Tdav = 0.15 T = 1.88
 --> Site =  161 .. Mmps =  550 Ndav =   1 E =   -122.1917271699 Error = 1.57e-56 FLOPS = 2.34e+10 Tdav = 0.07 T = 1.53
 --> Site =  162 .. Mmps =  550 Ndav =   1 E =   -122.1917271699 Error = 4.64e-82 FLOPS = 2.14e+10 Tdav = 0.03 T = 1.34
 --> Site =  163 .. Mmps =  550 Ndav =   1 E =   -122.1917271699 Error = 1.75e-107 FLOPS = 1.75e+10 Tdav = 0.02 T = 1.15
 --> Site =  164 .. Mmps =  550 Ndav =   1 E =   -122.1917271699 Error = 9.74e-131 FLOPS = 1.43e+10 Tdav = 0.01 T = 0.99
 --> Site =  165 .. Mmps =  550 Ndav =   1 E =   -122.1917271699 Error = 1.54e-152 FLOPS = 8.61e+09 Tdav = 0.01 T = 0.86
 --> Site =  166 .. Mmps =  550 Ndav =   1 E =   -122.1917271699 Error = 1.62e-173 FLOPS = 5.00e+09 Tdav = 0.00 T = 0.65
 --> Site =  167 .. Mmps =  550 Ndav =   1 E =   -122.1917271699 Error = 5.80e-197 FLOPS = 2.79e+09 Tdav = 0.00 T = 0.52
 --> Site =  168 .. Mmps =  550 Ndav =   1 E =   -122.1917271699 Error = 8.54e-222 FLOPS = 2.18e+09 Tdav = 0.00 T = 0.36
Time elapsed =  26615.788 | E =    -122.1917271699 | DE = -5.41e-08 | DW = 8.61286e-19
Time sweep =     2910.614 | 10.4 TFLOP/SWP
 | Dmem = 138 MB (3%) | Imem = 232 B (79%) | Hmem = 660 MB | Wmem = 4.62 MB | Pmem = 0 B
 | Tread = 76.779 | Twrite = 31.372 | Tfpread = 74.817 | Tfpwrite = 20.073 | Tmporead = 0.000 | Tasync = 0.000
 | data = 14.7 GB | cpsd = 11.0 GB
 | Trot = 185.532 | Tctr = 1.378 | Tint = 0.007 | Tmid = 0.000 | Tdctr = 59.178 | Tdiag = 1.666 | Tinfo = 2.023
 | Teff = 2298.235 | Tprt = 0.000 | Teig = 336.919 | Tblk = 2688.967 | Tmve = 221.635 | Tdm = 2.894 | Tsplt = 40.422 | Tsvd = 0.000 | Torth = 0.000

DMRG energy = -122.19172716993249

Local densities:
0.8745782390295834
0.005331696199469586
0.8089773722577718
0.013663361358595109
0.7979540828799278
0.01631177966021401
0.795482378261952
0.01631156726577643
0.7979547412610315
0.013662741575459204
0.8089784981125943
0.005331279263240629
0.8745788361275992
0.00533164973472594
0.013753625180783526
0.001613506938681563
0.012008203030971252
0.001714009058674333
0.012100853608807735
0.001719743733869096
0.012100860639090756
0.0017140120491284036
0.012008215373540822
0.0016135187193880296
0.01375365009488913
0.0053316802062390225
0.8089776995646851
0.0016135340524899172
0.9485982658912253
0.0006289849739822251
0.9478612577821796
0.0006233428333177831
0.9479021241382365
0.0006233435081292259
0.9478612486217459
0.00062898402374002
0.948598264305696
0.0016135363053826166
0.8089775026486863
0.013663297656549831
0.012008235562963944
0.0006289757659274744
0.01733050105208368
0.0005181018894451769
0.01653152448854831
0.0005163686721033369
0.016531541269034642
0.000518096676811667
0.017330551115634037
0.0006289541619129253
0.012008225502403415
0.01366331857224805
0.7979541593592322
0.0017140090399300155
0.9478611437591711
0.0005181157828318528
0.9716712181893211
0.00037592201734468975
0.9718266241096453
0.00037592274001805605
0.9716712435330845
0.0005181323240789671
0.9478611777481795
0.0017140293950139711
0.7979539664339911
0.016311905896564106
0.012100871889164342
0.000623340724341235
0.01653152451765009
0.00037591204057487327
0.015527227410947616
0.00037489349101293203
0.015527231867779098
0.0003759062196065118
0.016531536466758846
0.0006233218520453984
0.012100880653308024
0.01631178933983155
0.7954821072305257
0.0017197547573509116
0.9479021051056832
0.0005163772488229452
0.9718266469007693
0.00037490360934210954
0.9719810577586648
0.0003749024356710665
0.9718266077625335
0.000516378804366257
0.9479019936117911
0.0017197610247316189
0.7954817562062312
0.016311921801115858
0.012100835603217883
0.0006233361191559731
0.016531557419051206
0.0003759112961207348
0.015527271223287132
0.00037489079563788794
0.015527218608637778
0.00037590347332202016
0.016531533465697076
0.0006233224954915736
0.012100854504530776
0.01631180316045189
0.7979539102712772
0.0017140251034580552
0.9478612194349246
0.0005181134285648403
0.9716712382631717
0.0003759222992841669
0.9718266389386456
0.00037591929924882223
0.9716712731834879
0.0005181022146006961
0.9478612011302138
0.0017140066408250637
0.7979540329280909
0.013663389476758816
0.012008221822011741
0.0006289832847818316
0.017330642176339502
0.0005180979385161776
0.016531517632279825
0.0005163670349422947
0.016531547581912942
0.0005180934158257406
0.017330528947319845
0.0006289646553593821
0.012008219610030516
0.013663300982478102
0.8089774050539573
0.0016135449686743573
0.9485982091280049
0.0006289948922173657
0.9478612520709828
0.0006233510434772663
0.9479021366291542
0.0006233440877705695
0.9478611976469277
0.0006289678700405506
0.9485981427072134
0.0016135327777333742
0.8089774628072012
0.005331714244343774
0.013753657193835823
0.0016135284652005674
0.012008218466696214
0.0017140152048085208
0.012100863584169955
0.0017197434456054342
0.012100862836980319
0.0017140061104125174
0.012008217642516061
0.0016135122745096991
0.013753655805229735
0.005331637489214499
0.8745782720132483
0.005331721260035391
0.8089772631393646
0.013663360453172336
0.7979538778036522
0.01631198831664761
0.7954818682449829
0.016311997932545175
0.7979538696553206
0.013663432784616507
0.8089772480154567
0.005331746170894833
0.8745781342985137

corresponding 2D coords:
[(0, 0), (0, 1), (0, 2), (0, 3), (0, 4), (0, 5), (0, 6), (0, 7), (0, 8), (0, 9), (0, 10), (0, 11), (0, 12), (1, 12), (1, 11), (1, 10), (1, 9), (1, 8), (1, 7), (1, 6), (1, 5), (1, 4), (1, 3), (1, 2), (1, 1), (1, 0), (2, 0), (2, 1), (2, 2), (2, 3), (2, 4), (2, 5), (2, 6), (2, 7), (2, 8), (2, 9), (2, 10), (2, 11), (2, 12), (3, 12), (3, 11), (3, 10), (3, 9), (3, 8), (3, 7), (3, 6), (3, 5), (3, 4), (3, 3), (3, 2), (3, 1), (3, 0), (4, 0), (4, 1), (4, 2), (4, 3), (4, 4), (4, 5), (4, 6), (4, 7), (4, 8), (4, 9), (4, 10), (4, 11), (4, 12), (5, 12), (5, 11), (5, 10), (5, 9), (5, 8), (5, 7), (5, 6), (5, 5), (5, 4), (5, 3), (5, 2), (5, 1), (5, 0), (6, 0), (6, 1), (6, 2), (6, 3), (6, 4), (6, 5), (6, 6), (6, 7), (6, 8), (6, 9), (6, 10), (6, 11), (6, 12), (7, 12), (7, 11), (7, 10), (7, 9), (7, 8), (7, 7), (7, 6), (7, 5), (7, 4), (7, 3), (7, 2), (7, 1), (7, 0), (8, 0), (8, 1), (8, 2), (8, 3), (8, 4), (8, 5), (8, 6), (8, 7), (8, 8), (8, 9), (8, 10), (8, 11), (8, 12), (9, 12), (9, 11), (9, 10), (9, 9), (9, 8), (9, 7), (9, 6), (9, 5), (9, 4), (9, 3), (9, 2), (9, 1), (9, 0), (10, 0), (10, 1), (10, 2), (10, 3), (10, 4), (10, 5), (10, 6), (10, 7), (10, 8), (10, 9), (10, 10), (10, 11), (10, 12), (11, 12), (11, 11), (11, 10), (11, 9), (11, 8), (11, 7), (11, 6), (11, 5), (11, 4), (11, 3), (11, 2), (11, 1), (11, 0), (12, 0), (12, 1), (12, 2), (12, 3), (12, 4), (12, 5), (12, 6), (12, 7), (12, 8), (12, 9), (12, 10), (12, 11), (12, 12)]

Saved density data:
PKL → /users/ylokare/2D_DMRG_calculations/results/13_by_13_lattice/Local_densities/Parameter_sweep/Rb1.6/density_Lx13_Ly13_Dmax550_delta4.3_Rb1.6_alpha0.05_nedge4_dbound1.8_no_modulated_boundary.pkl
CSV → /users/ylokare/2D_DMRG_calculations/results/13_by_13_lattice/Local_densities/Parameter_sweep/Rb1.6/density_Lx13_Ly13_Dmax550_delta4.3_Rb1.6_alpha0.05_nedge4_dbound1.8_no_modulated_boundary.csv
