Lx=13, Ly=13, delta=3.7, Rb=1.6, alpha=0.05, n_edge=4, delta_boundary=1.8, USE_STAR_MODULATION=False
running Lx=13, Ly=13, delta=3.7, Rb=1.6, alpha=0.05, n_edge=4, delta_boundary=1.8
scratch id=1342665
Copying previous MPS/MPO data from /users/ylokare/2D_DMRG_calculations/data/tmp1766513 to /oscar/scratch/ylokare/tmp1342665

Build MPO | Nsites =   169 | Nterms =      14534 | Algorithm = FastSVD | Cutoff = 1.00e-16 | Max bond dimension =    -1
 Site =     0 /   169 .. Mmpo =     3 DW = 0.00e+00 Error = 1.01e-14 NNZ =        3 SPT = 0.0000 Tsvd = 0.062 T = 0.094
 Site =     1 /   169 .. Mmpo =     4 DW = 6.29e-35 Error = 1.65e-14 NNZ =       10 SPT = 0.1667 Tsvd = 0.002 T = 0.006
 Site =     2 /   169 .. Mmpo =     5 DW = 5.45e-31 Error = 1.88e-14 NNZ =       17 SPT = 0.1500 Tsvd = 0.000 T = 0.005
 Site =     3 /   169 .. Mmpo =     6 DW = 2.11e-30 Error = 3.16e-14 NNZ =       26 SPT = 0.1333 Tsvd = 0.018 T = 0.024
 Site =     4 /   169 .. Mmpo =     7 DW = 6.68e-31 Error = 3.72e-14 NNZ =       37 SPT = 0.1190 Tsvd = 0.000 T = 0.008
 Site =     5 /   169 .. Mmpo =     8 DW = 4.04e-30 Error = 1.49e-13 NNZ =       50 SPT = 0.1071 Tsvd = 0.000 T = 0.009
 Site =     6 /   169 .. Mmpo =     9 DW = 9.38e-30 Error = 1.63e-13 NNZ =       65 SPT = 0.0972 Tsvd = 0.000 T = 0.010
 Site =     7 /   169 .. Mmpo =    10 DW = 9.91e-30 Error = 8.40e-14 NNZ =       82 SPT = 0.0889 Tsvd = 0.000 T = 0.011
 Site =     8 /   169 .. Mmpo =    11 DW = 4.59e-30 Error = 6.48e-14 NNZ =      101 SPT = 0.0818 Tsvd = 0.000 T = 0.012
 Site =     9 /   169 .. Mmpo =    12 DW = 1.07e-29 Error = 2.90e-13 NNZ =      122 SPT = 0.0758 Tsvd = 0.000 T = 0.013
 Site =    10 /   169 .. Mmpo =    13 DW = 1.19e-29 Error = 1.92e-13 NNZ =      145 SPT = 0.0705 Tsvd = 0.000 T = 0.015
 Site =    11 /   169 .. Mmpo =    14 DW = 1.03e-29 Error = 2.25e-13 NNZ =      170 SPT = 0.0659 Tsvd = 0.000 T = 0.016
 Site =    12 /   169 .. Mmpo =    15 DW = 9.40e-31 Error = 4.14e-13 NNZ =      197 SPT = 0.0619 Tsvd = 0.000 T = 0.017
 Site =    13 /   169 .. Mmpo =    16 DW = 1.75e-29 Error = 3.42e-13 NNZ =      226 SPT = 0.0583 Tsvd = 0.000 T = 0.018
 Site =    14 /   169 .. Mmpo =    17 DW = 6.26e-30 Error = 3.11e-13 NNZ =      257 SPT = 0.0551 Tsvd = 0.000 T = 0.019
 Site =    15 /   169 .. Mmpo =    18 DW = 3.85e-29 Error = 4.30e-13 NNZ =      290 SPT = 0.0523 Tsvd = 0.006 T = 0.026
 Site =    16 /   169 .. Mmpo =    19 DW = 1.62e-28 Error = 6.06e-13 NNZ =      325 SPT = 0.0497 Tsvd = 0.001 T = 0.022
 Site =    17 /   169 .. Mmpo =    20 DW = 7.52e-29 Error = 1.83e-13 NNZ =      362 SPT = 0.0474 Tsvd = 0.001 T = 0.023
 Site =    18 /   169 .. Mmpo =    21 DW = 1.04e-28 Error = 5.31e-13 NNZ =      401 SPT = 0.0452 Tsvd = 0.001 T = 0.024
 Site =    19 /   169 .. Mmpo =    22 DW = 9.90e-29 Error = 1.93e-13 NNZ =      442 SPT = 0.0433 Tsvd = 0.001 T = 0.025
 Site =    20 /   169 .. Mmpo =    23 DW = 1.29e-28 Error = 8.97e-13 NNZ =      485 SPT = 0.0415 Tsvd = 0.001 T = 0.026
 Site =    21 /   169 .. Mmpo =    24 DW = 6.42e-29 Error = 3.52e-13 NNZ =      530 SPT = 0.0399 Tsvd = 0.001 T = 0.027
 Site =    22 /   169 .. Mmpo =    25 DW = 3.39e-29 Error = 1.95e-13 NNZ =      577 SPT = 0.0383 Tsvd = 0.007 T = 0.036
 Site =    23 /   169 .. Mmpo =    26 DW = 9.37e-29 Error = 9.36e-13 NNZ =      626 SPT = 0.0369 Tsvd = 0.001 T = 0.029
 Site =    24 /   169 .. Mmpo =    27 DW = 4.52e-29 Error = 5.16e-13 NNZ =      677 SPT = 0.0356 Tsvd = 0.001 T = 0.030
 Site =    25 /   169 .. Mmpo =    28 DW = 7.25e-30 Error = 1.36e-13 NNZ =      730 SPT = 0.0344 Tsvd = 0.001 T = 0.031
 Site =    26 /   169 .. Mmpo =    29 DW = 1.26e-29 Error = 1.80e-13 NNZ =      785 SPT = 0.0333 Tsvd = 0.003 T = 0.034
 Site =    27 /   169 .. Mmpo =    30 DW = 1.41e-29 Error = 1.70e-13 NNZ =      842 SPT = 0.0322 Tsvd = 0.001 T = 0.033
 Site =    28 /   169 .. Mmpo =    31 DW = 3.96e-30 Error = 1.62e-13 NNZ =      901 SPT = 0.0312 Tsvd = 0.001 T = 0.034
 Site =    29 /   169 .. Mmpo =    32 DW = 4.66e-30 Error = 9.95e-13 NNZ =      962 SPT = 0.0302 Tsvd = 0.001 T = 0.035
 Site =    30 /   169 .. Mmpo =    33 DW = 6.19e-30 Error = 8.34e-13 NNZ =     1025 SPT = 0.0294 Tsvd = 0.001 T = 0.036
 Site =    31 /   169 .. Mmpo =    34 DW = 8.49e-29 Error = 5.64e-13 NNZ =     1090 SPT = 0.0285 Tsvd = 0.010 T = 0.045
 Site =    32 /   169 .. Mmpo =    35 DW = 4.45e-29 Error = 4.01e-13 NNZ =     1157 SPT = 0.0277 Tsvd = 0.001 T = 0.037
 Site =    33 /   169 .. Mmpo =    36 DW = 2.05e-29 Error = 2.52e-13 NNZ =     1226 SPT = 0.0270 Tsvd = 0.001 T = 0.037
 Site =    34 /   169 .. Mmpo =    37 DW = 1.24e-29 Error = 2.10e-13 NNZ =     1297 SPT = 0.0263 Tsvd = 0.001 T = 0.038
 Site =    35 /   169 .. Mmpo =    38 DW = 2.06e-29 Error = 1.63e-13 NNZ =     1370 SPT = 0.0256 Tsvd = 0.002 T = 0.040
 Site =    36 /   169 .. Mmpo =    39 DW = 3.95e-29 Error = 1.29e-13 NNZ =     1445 SPT = 0.0250 Tsvd = 0.001 T = 0.041
 Site =    37 /   169 .. Mmpo =    40 DW = 6.36e-30 Error = 1.07e-12 NNZ =     1522 SPT = 0.0244 Tsvd = 0.001 T = 0.043
 Site =    38 /   169 .. Mmpo =    41 DW = 1.05e-29 Error = 1.45e-13 NNZ =     1601 SPT = 0.0238 Tsvd = 0.002 T = 0.043
 Site =    39 /   169 .. Mmpo =    42 DW = 3.90e-29 Error = 6.50e-13 NNZ =     1682 SPT = 0.0232 Tsvd = 0.002 T = 0.044
 Site =    40 /   169 .. Mmpo =    43 DW = 8.38e-29 Error = 7.89e-13 NNZ =     1765 SPT = 0.0227 Tsvd = 0.001 T = 0.045
 Site =    41 /   169 .. Mmpo =    44 DW = 5.68e-29 Error = 6.45e-13 NNZ =     1850 SPT = 0.0222 Tsvd = 0.001 T = 0.046
 Site =    42 /   169 .. Mmpo =    45 DW = 8.31e-29 Error = 5.94e-13 NNZ =     1937 SPT = 0.0217 Tsvd = 0.001 T = 0.047
 Site =    43 /   169 .. Mmpo =    45 DW = 4.31e-17 Error = 6.56e-09 NNZ =     1981 SPT = 0.0217 Tsvd = 0.001 T = 0.048
 Site =    44 /   169 .. Mmpo =    46 DW = 1.48e-28 Error = 3.96e-13 NNZ =     2026 SPT = 0.0213 Tsvd = 0.001 T = 0.048
 Site =    45 /   169 .. Mmpo =    46 DW = 5.25e-17 Error = 7.24e-09 NNZ =     2071 SPT = 0.0213 Tsvd = 0.001 T = 0.048
 Site =    46 /   169 .. Mmpo =    47 DW = 8.76e-28 Error = 2.75e-13 NNZ =     2117 SPT = 0.0208 Tsvd = 0.001 T = 0.048
 Site =    47 /   169 .. Mmpo =    47 DW = 9.38e-17 Error = 9.68e-09 NNZ =     2163 SPT = 0.0208 Tsvd = 0.001 T = 0.049
 Site =    48 /   169 .. Mmpo =    48 DW = 4.23e-27 Error = 2.06e-13 NNZ =     2210 SPT = 0.0204 Tsvd = 0.001 T = 0.049
 Site =    49 /   169 .. Mmpo =    49 DW = 3.61e-27 Error = 1.95e-13 NNZ =     2305 SPT = 0.0200 Tsvd = 0.002 T = 0.050
 Site =    50 /   169 .. Mmpo =    49 DW = 4.00e-17 Error = 6.33e-09 NNZ =     2353 SPT = 0.0200 Tsvd = 0.002 T = 0.051
 Site =    51 /   169 .. Mmpo =    50 DW = 1.78e-27 Error = 2.04e-13 NNZ =     2402 SPT = 0.0196 Tsvd = 0.002 T = 0.050
 Site =    52 /   169 .. Mmpo =    51 DW = 8.78e-28 Error = 1.41e-12 NNZ =     2500 SPT = 0.0196 Tsvd = 0.002 T = 0.051
 Site =    53 /   169 .. Mmpo =    51 DW = 6.73e-17 Error = 8.21e-09 NNZ =     2550 SPT = 0.0196 Tsvd = 0.002 T = 0.052
 Site =    54 /   169 .. Mmpo =    52 DW = 1.68e-26 Error = 1.81e-12 NNZ =     2602 SPT = 0.0189 Tsvd = 0.001 T = 0.049
 Site =    55 /   169 .. Mmpo =    52 DW = 8.81e-17 Error = 9.39e-09 NNZ =     2652 SPT = 0.0192 Tsvd = 0.002 T = 0.049
 Site =    56 /   169 .. Mmpo =    52 DW = 2.50e-17 Error = 5.00e-09 NNZ =     2653 SPT = 0.0189 Tsvd = 0.001 T = 0.048
 Site =    57 /   169 .. Mmpo =    52 DW = 7.09e-17 Error = 8.42e-09 NNZ =     2652 SPT = 0.0192 Tsvd = 0.001 T = 0.048
 Site =    58 /   169 .. Mmpo =    53 DW = 2.24e-25 Error = 1.16e-12 NNZ =     2705 SPT = 0.0185 Tsvd = 0.001 T = 0.048
 Site =    59 /   169 .. Mmpo =    54 DW = 6.32e-26 Error = 9.63e-13 NNZ =     2809 SPT = 0.0185 Tsvd = 0.002 T = 0.049
 Site =    60 /   169 .. Mmpo =    53 DW = 1.26e-16 Error = 1.12e-08 NNZ =     2809 SPT = 0.0185 Tsvd = 0.002 T = 0.049
 Site =    61 /   169 .. Mmpo =    54 DW = 2.78e-25 Error = 8.06e-13 NNZ =     2809 SPT = 0.0185 Tsvd = 0.002 T = 0.051
 Site =    62 /   169 .. Mmpo =    54 DW = 7.44e-17 Error = 8.63e-09 NNZ =     2863 SPT = 0.0182 Tsvd = 0.002 T = 0.053
 Site =    63 /   169 .. Mmpo =    54 DW = 5.21e-17 Error = 7.22e-09 NNZ =     2863 SPT = 0.0182 Tsvd = 0.004 T = 0.054
 Site =    64 /   169 .. Mmpo =    55 DW = 6.58e-25 Error = 1.36e-12 NNZ =     2916 SPT = 0.0182 Tsvd = 0.002 T = 0.051
 Site =    65 /   169 .. Mmpo =    55 DW = 4.36e-17 Error = 6.60e-09 NNZ =     2971 SPT = 0.0179 Tsvd = 0.002 T = 0.052
 Site =    66 /   169 .. Mmpo =    55 DW = 4.46e-17 Error = 6.68e-09 NNZ =     2971 SPT = 0.0179 Tsvd = 0.002 T = 0.052
 Site =    67 /   169 .. Mmpo =    56 DW = 1.39e-24 Error = 1.21e-12 NNZ =     3020 SPT = 0.0195 Tsvd = 0.002 T = 0.051
 Site =    68 /   169 .. Mmpo =    56 DW = 8.16e-17 Error = 9.04e-09 NNZ =     3080 SPT = 0.0179 Tsvd = 0.002 T = 0.052
 Site =    69 /   169 .. Mmpo =    55 DW = 1.05e-16 Error = 1.02e-08 NNZ =     3024 SPT = 0.0182 Tsvd = 0.002 T = 0.052
 Site =    70 /   169 .. Mmpo =    55 DW = 5.96e-17 Error = 7.72e-09 NNZ =     2970 SPT = 0.0182 Tsvd = 0.002 T = 0.050
 Site =    71 /   169 .. Mmpo =    55 DW = 8.59e-17 Error = 9.27e-09 NNZ =     2970 SPT = 0.0182 Tsvd = 0.002 T = 0.050
 Site =    72 /   169 .. Mmpo =    56 DW = 1.28e-24 Error = 1.14e-12 NNZ =     3025 SPT = 0.0179 Tsvd = 0.002 T = 0.049
 Site =    73 /   169 .. Mmpo =    56 DW = 9.61e-17 Error = 9.81e-09 NNZ =     3079 SPT = 0.0182 Tsvd = 0.002 T = 0.050
 Site =    74 /   169 .. Mmpo =    56 DW = 9.49e-17 Error = 9.74e-09 NNZ =     3078 SPT = 0.0185 Tsvd = 0.002 T = 0.049
 Site =    75 /   169 .. Mmpo =    56 DW = 6.73e-17 Error = 8.20e-09 NNZ =     3080 SPT = 0.0179 Tsvd = 0.002 T = 0.049
 Site =    76 /   169 .. Mmpo =    56 DW = 8.56e-17 Error = 9.25e-09 NNZ =     3081 SPT = 0.0175 Tsvd = 0.002 T = 0.048
 Site =    77 /   169 .. Mmpo =    56 DW = 6.81e-17 Error = 8.25e-09 NNZ =     3081 SPT = 0.0175 Tsvd = 0.002 T = 0.048
 Site =    78 /   169 .. Mmpo =    56 DW = 1.25e-17 Error = 3.53e-09 NNZ =     3081 SPT = 0.0175 Tsvd = 0.002 T = 0.048
 Site =    79 /   169 .. Mmpo =    56 DW = 4.39e-17 Error = 6.62e-09 NNZ =     3080 SPT = 0.0179 Tsvd = 0.002 T = 0.048
 Site =    80 /   169 .. Mmpo =    56 DW = 9.66e-17 Error = 9.83e-09 NNZ =     3081 SPT = 0.0175 Tsvd = 0.002 T = 0.047
 Site =    81 /   169 .. Mmpo =    56 DW = 9.03e-17 Error = 9.50e-09 NNZ =     3079 SPT = 0.0182 Tsvd = 0.002 T = 0.047
 Site =    82 /   169 .. Mmpo =    55 DW = 1.70e-16 Error = 1.31e-08 NNZ =     3024 SPT = 0.0182 Tsvd = 0.002 T = 0.046
 Site =    83 /   169 .. Mmpo =    56 DW = 1.98e-24 Error = 1.42e-12 NNZ =     3024 SPT = 0.0182 Tsvd = 0.002 T = 0.045
 Site =    84 /   169 .. Mmpo =    56 DW = 7.80e-17 Error = 8.83e-09 NNZ =     3071 SPT = 0.0207 Tsvd = 0.002 T = 0.045
 Site =    85 /   169 .. Mmpo =    56 DW = 9.50e-17 Error = 9.75e-09 NNZ =     3075 SPT = 0.0195 Tsvd = 0.002 T = 0.045
 Site =    86 /   169 .. Mmpo =    57 DW = 1.57e-24 Error = 1.26e-12 NNZ =     3135 SPT = 0.0179 Tsvd = 0.002 T = 0.045
 Site =    87 /   169 .. Mmpo =    56 DW = 1.23e-16 Error = 1.11e-08 NNZ =     3131 SPT = 0.0191 Tsvd = 0.002 T = 0.045
 Site =    88 /   169 .. Mmpo =    56 DW = 6.18e-17 Error = 7.86e-09 NNZ =     3077 SPT = 0.0188 Tsvd = 0.001 T = 0.044
 Site =    89 /   169 .. Mmpo =    56 DW = 9.00e-17 Error = 9.49e-09 NNZ =     3079 SPT = 0.0182 Tsvd = 0.001 T = 0.042
 Site =    90 /   169 .. Mmpo =    56 DW = 6.59e-17 Error = 8.12e-09 NNZ =     3081 SPT = 0.0175 Tsvd = 0.001 T = 0.040
 Site =    91 /   169 .. Mmpo =    56 DW = 1.87e-17 Error = 4.32e-09 NNZ =     3081 SPT = 0.0175 Tsvd = 0.001 T = 0.042
 Site =    92 /   169 .. Mmpo =    56 DW = 2.84e-17 Error = 5.33e-09 NNZ =     3080 SPT = 0.0179 Tsvd = 0.001 T = 0.042
 Site =    93 /   169 .. Mmpo =    56 DW = 6.11e-17 Error = 7.81e-09 NNZ =     3081 SPT = 0.0175 Tsvd = 0.001 T = 0.039
 Site =    94 /   169 .. Mmpo =    56 DW = 5.88e-17 Error = 7.66e-09 NNZ =     3079 SPT = 0.0182 Tsvd = 0.001 T = 0.038
 Site =    95 /   169 .. Mmpo =    55 DW = 1.05e-16 Error = 1.02e-08 NNZ =     3024 SPT = 0.0182 Tsvd = 0.001 T = 0.037
 Site =    96 /   169 .. Mmpo =    55 DW = 3.06e-17 Error = 5.53e-09 NNZ =     2970 SPT = 0.0182 Tsvd = 0.001 T = 0.036
 Site =    97 /   169 .. Mmpo =    55 DW = 6.88e-17 Error = 8.29e-09 NNZ =     2968 SPT = 0.0188 Tsvd = 0.001 T = 0.035
 Site =    98 /   169 .. Mmpo =    55 DW = 6.72e-17 Error = 8.20e-09 NNZ =     2970 SPT = 0.0182 Tsvd = 0.001 T = 0.035
 Site =    99 /   169 .. Mmpo =    56 DW = 6.47e-25 Error = 1.16e-12 NNZ =     3024 SPT = 0.0182 Tsvd = 0.001 T = 0.035
 Site =   100 /   169 .. Mmpo =    55 DW = 1.21e-16 Error = 1.10e-08 NNZ =     3022 SPT = 0.0188 Tsvd = 0.011 T = 0.044
 Site =   101 /   169 .. Mmpo =    55 DW = 6.17e-17 Error = 7.85e-09 NNZ =     2970 SPT = 0.0182 Tsvd = 0.001 T = 0.034
 Site =   102 /   169 .. Mmpo =    55 DW = 3.13e-17 Error = 5.60e-09 NNZ =     2970 SPT = 0.0182 Tsvd = 0.001 T = 0.034
 Site =   103 /   169 .. Mmpo =    54 DW = 7.04e-17 Error = 8.39e-09 NNZ =     2915 SPT = 0.0185 Tsvd = 0.001 T = 0.032
 Site =   104 /   169 .. Mmpo =    54 DW = 8.42e-18 Error = 2.90e-09 NNZ =     2863 SPT = 0.0182 Tsvd = 0.001 T = 0.032
 Site =   105 /   169 .. Mmpo =    54 DW = 4.16e-17 Error = 6.45e-09 NNZ =     2862 SPT = 0.0185 Tsvd = 0.001 T = 0.032
 Site =   106 /   169 .. Mmpo =    54 DW = 2.90e-17 Error = 5.38e-09 NNZ =     2862 SPT = 0.0185 Tsvd = 0.001 T = 0.031
 Site =   107 /   169 .. Mmpo =    53 DW = 6.83e-17 Error = 8.26e-09 NNZ =     2807 SPT = 0.0192 Tsvd = 0.001 T = 0.031
 Site =   108 /   169 .. Mmpo =    53 DW = 9.04e-17 Error = 9.51e-09 NNZ =     2756 SPT = 0.0189 Tsvd = 0.001 T = 0.030
 Site =   109 /   169 .. Mmpo =    52 DW = 4.12e-17 Error = 6.42e-09 NNZ =     2702 SPT = 0.0196 Tsvd = 0.001 T = 0.030
 Site =   110 /   169 .. Mmpo =    52 DW = 6.12e-17 Error = 7.82e-09 NNZ =     2645 SPT = 0.0218 Tsvd = 0.001 T = 0.028
 Site =   111 /   169 .. Mmpo =    52 DW = 4.04e-17 Error = 6.36e-09 NNZ =     2651 SPT = 0.0196 Tsvd = 0.001 T = 0.028
 Site =   112 /   169 .. Mmpo =    52 DW = 9.07e-17 Error = 9.52e-09 NNZ =     2652 SPT = 0.0192 Tsvd = 0.001 T = 0.028
 Site =   113 /   169 .. Mmpo =    51 DW = 7.36e-17 Error = 8.58e-09 NNZ =     2598 SPT = 0.0204 Tsvd = 0.001 T = 0.027
 Site =   114 /   169 .. Mmpo =    51 DW = 2.51e-17 Error = 5.01e-09 NNZ =     2551 SPT = 0.0192 Tsvd = 0.001 T = 0.026
 Site =   115 /   169 .. Mmpo =    51 DW = 5.21e-20 Error = 2.28e-10 NNZ =     2551 SPT = 0.0192 Tsvd = 0.001 T = 0.026
 Site =   116 /   169 .. Mmpo =    50 DW = 1.61e-18 Error = 1.27e-09 NNZ =     2498 SPT = 0.0204 Tsvd = 0.001 T = 0.025
 Site =   117 /   169 .. Mmpo =    49 DW = 3.28e-17 Error = 5.72e-09 NNZ =     2400 SPT = 0.0204 Tsvd = 0.001 T = 0.025
 Site =   118 /   169 .. Mmpo =    49 DW = 1.31e-17 Error = 3.62e-09 NNZ =     2351 SPT = 0.0208 Tsvd = 0.001 T = 0.024
 Site =   119 /   169 .. Mmpo =    48 DW = 2.44e-18 Error = 1.56e-09 NNZ =     2303 SPT = 0.0208 Tsvd = 0.001 T = 0.023
 Site =   120 /   169 .. Mmpo =    47 DW = 5.46e-17 Error = 7.39e-09 NNZ =     2208 SPT = 0.0213 Tsvd = 0.001 T = 0.023
 Site =   121 /   169 .. Mmpo =    47 DW = 1.79e-18 Error = 1.34e-09 NNZ =     2162 SPT = 0.0213 Tsvd = 0.001 T = 0.022
 Site =   122 /   169 .. Mmpo =    46 DW = 3.10e-17 Error = 5.57e-09 NNZ =     2114 SPT = 0.0222 Tsvd = 0.001 T = 0.021
 Site =   123 /   169 .. Mmpo =    46 DW = 1.18e-18 Error = 1.08e-09 NNZ =     2070 SPT = 0.0217 Tsvd = 0.001 T = 0.020
 Site =   124 /   169 .. Mmpo =    45 DW = 2.33e-17 Error = 4.83e-09 NNZ =     2022 SPT = 0.0232 Tsvd = 0.001 T = 0.020
 Site =   125 /   169 .. Mmpo =    45 DW = 5.39e-37 Error = 2.21e-13 NNZ =     1980 SPT = 0.0222 Tsvd = 0.001 T = 0.019
 Site =   126 /   169 .. Mmpo =    44 DW = 4.63e-38 Error = 1.44e-13 NNZ =     1933 SPT = 0.0237 Tsvd = 0.001 T = 0.019
 Site =   127 /   169 .. Mmpo =    43 DW = 2.18e-38 Error = 1.48e-13 NNZ =     1849 SPT = 0.0227 Tsvd = 0.001 T = 0.018
 Site =   128 /   169 .. Mmpo =    42 DW = 3.12e-37 Error = 8.35e-14 NNZ =     1763 SPT = 0.0238 Tsvd = 0.001 T = 0.017
 Site =   129 /   169 .. Mmpo =    41 DW = 4.64e-37 Error = 8.81e-13 NNZ =     1680 SPT = 0.0244 Tsvd = 0.001 T = 0.016
 Site =   130 /   169 .. Mmpo =    40 DW = 1.10e-36 Error = 1.61e-13 NNZ =     1600 SPT = 0.0244 Tsvd = 0.001 T = 0.017
 Site =   131 /   169 .. Mmpo =    39 DW = 1.53e-37 Error = 1.77e-13 NNZ =     1521 SPT = 0.0250 Tsvd = 0.001 T = 0.017
 Site =   132 /   169 .. Mmpo =    38 DW = 6.20e-37 Error = 2.09e-13 NNZ =     1444 SPT = 0.0256 Tsvd = 0.001 T = 0.016
 Site =   133 /   169 .. Mmpo =    37 DW = 1.76e-37 Error = 1.96e-13 NNZ =     1369 SPT = 0.0263 Tsvd = 0.001 T = 0.015
 Site =   134 /   169 .. Mmpo =    36 DW = 3.91e-38 Error = 1.74e-13 NNZ =     1296 SPT = 0.0270 Tsvd = 0.001 T = 0.014
 Site =   135 /   169 .. Mmpo =    35 DW = 6.47e-37 Error = 1.51e-13 NNZ =     1225 SPT = 0.0278 Tsvd = 0.001 T = 0.014
 Site =   136 /   169 .. Mmpo =    34 DW = 2.70e-37 Error = 1.55e-13 NNZ =     1156 SPT = 0.0286 Tsvd = 0.001 T = 0.013
 Site =   137 /   169 .. Mmpo =    33 DW = 9.72e-38 Error = 1.24e-13 NNZ =     1089 SPT = 0.0294 Tsvd = 0.001 T = 0.012
 Site =   138 /   169 .. Mmpo =    32 DW = 6.56e-38 Error = 1.56e-13 NNZ =     1024 SPT = 0.0303 Tsvd = 0.000 T = 0.011
 Site =   139 /   169 .. Mmpo =    31 DW = 7.24e-38 Error = 1.26e-13 NNZ =      961 SPT = 0.0312 Tsvd = 0.000 T = 0.011
 Site =   140 /   169 .. Mmpo =    30 DW = 7.18e-39 Error = 1.08e-13 NNZ =      900 SPT = 0.0323 Tsvd = 0.000 T = 0.010
 Site =   141 /   169 .. Mmpo =    29 DW = 1.41e-38 Error = 1.93e-13 NNZ =      841 SPT = 0.0333 Tsvd = 0.000 T = 0.009
 Site =   142 /   169 .. Mmpo =    28 DW = 1.66e-38 Error = 4.32e-13 NNZ =      784 SPT = 0.0345 Tsvd = 0.000 T = 0.009
 Site =   143 /   169 .. Mmpo =    27 DW = 4.36e-38 Error = 2.02e-13 NNZ =      729 SPT = 0.0357 Tsvd = 0.000 T = 0.008
 Site =   144 /   169 .. Mmpo =    26 DW = 6.93e-38 Error = 2.25e-13 NNZ =      676 SPT = 0.0370 Tsvd = 0.000 T = 0.008
 Site =   145 /   169 .. Mmpo =    25 DW = 2.07e-38 Error = 1.05e-13 NNZ =      625 SPT = 0.0385 Tsvd = 0.000 T = 0.007
 Site =   146 /   169 .. Mmpo =    24 DW = 2.79e-38 Error = 1.41e-13 NNZ =      576 SPT = 0.0400 Tsvd = 0.000 T = 0.006
 Site =   147 /   169 .. Mmpo =    23 DW = 4.28e-37 Error = 1.45e-13 NNZ =      529 SPT = 0.0417 Tsvd = 0.000 T = 0.006
 Site =   148 /   169 .. Mmpo =    22 DW = 2.27e-38 Error = 1.96e-13 NNZ =      484 SPT = 0.0435 Tsvd = 0.000 T = 0.006
 Site =   149 /   169 .. Mmpo =    21 DW = 2.13e-38 Error = 2.09e-13 NNZ =      441 SPT = 0.0455 Tsvd = 0.000 T = 0.005
 Site =   150 /   169 .. Mmpo =    20 DW = 1.13e-37 Error = 1.17e-13 NNZ =      400 SPT = 0.0476 Tsvd = 0.000 T = 0.005
 Site =   151 /   169 .. Mmpo =    19 DW = 1.00e-37 Error = 1.58e-13 NNZ =      361 SPT = 0.0500 Tsvd = 0.000 T = 0.004
 Site =   152 /   169 .. Mmpo =    18 DW = 3.74e-37 Error = 1.95e-13 NNZ =      324 SPT = 0.0526 Tsvd = 0.000 T = 0.004
 Site =   153 /   169 .. Mmpo =    17 DW = 1.20e-38 Error = 2.97e-12 NNZ =      289 SPT = 0.0556 Tsvd = 0.000 T = 0.003
 Site =   154 /   169 .. Mmpo =    16 DW = 6.39e-43 Error = 2.28e-12 NNZ =      256 SPT = 0.0588 Tsvd = 0.000 T = 0.003
 Site =   155 /   169 .. Mmpo =    15 DW = 2.38e-38 Error = 3.25e-13 NNZ =      225 SPT = 0.0625 Tsvd = 0.000 T = 0.003
 Site =   156 /   169 .. Mmpo =    14 DW = 2.91e-38 Error = 1.61e-13 NNZ =      196 SPT = 0.0667 Tsvd = 0.000 T = 0.002
 Site =   157 /   169 .. Mmpo =    13 DW = 6.64e-38 Error = 1.51e-13 NNZ =      169 SPT = 0.0714 Tsvd = 0.000 T = 0.002
 Site =   158 /   169 .. Mmpo =    12 DW = 3.38e-38 Error = 2.11e-13 NNZ =      144 SPT = 0.0769 Tsvd = 0.000 T = 0.002
 Site =   159 /   169 .. Mmpo =    11 DW = 3.38e-39 Error = 1.13e-13 NNZ =      121 SPT = 0.0833 Tsvd = 0.002 T = 0.004
 Site =   160 /   169 .. Mmpo =    10 DW = 2.86e-39 Error = 7.96e-14 NNZ =      100 SPT = 0.0909 Tsvd = 0.000 T = 0.001
 Site =   161 /   169 .. Mmpo =     9 DW = 6.93e-39 Error = 1.33e-13 NNZ =       81 SPT = 0.1000 Tsvd = 0.000 T = 0.001
 Site =   162 /   169 .. Mmpo =     8 DW = 5.88e-40 Error = 9.17e-14 NNZ =       64 SPT = 0.1111 Tsvd = 0.000 T = 0.001
 Site =   163 /   169 .. Mmpo =     7 DW = 1.40e-41 Error = 5.42e-14 NNZ =       49 SPT = 0.1250 Tsvd = 0.000 T = 0.001
 Site =   164 /   169 .. Mmpo =     6 DW = 1.46e-39 Error = 1.31e-13 NNZ =       36 SPT = 0.1429 Tsvd = 0.000 T = 0.001
 Site =   165 /   169 .. Mmpo =     5 DW = 4.58e-40 Error = 2.27e-14 NNZ =       25 SPT = 0.1667 Tsvd = 0.000 T = 0.000
 Site =   166 /   169 .. Mmpo =     4 DW = 2.49e-39 Error = 7.04e-14 NNZ =       16 SPT = 0.2000 Tsvd = 0.006 T = 0.006
 Site =   167 /   169 .. Mmpo =     3 DW = 0.00e+00 Error = 1.31e-14 NNZ =        9 SPT = 0.2500 Tsvd = 0.000 T = 0.000
 Site =   168 /   169 .. Mmpo =     1 DW = 0.00e+00 Error = 6.40e-14 NNZ =        3 SPT = 0.0000 Tsvd = 0.000 T = 0.000
Ttotal =      4.968 Tsvd-total = 0.280 MPO bond dimension =    57 MaxDW = 1.70e-16 Total error = 6.28e-08
NNZ =       286994 SIZE =       293345 SPT = 0.0217

Rank =     0 Ttotal =      5.004 MPO method = FastSVD bond dimension =      57 NNZ =       286994 SIZE =       293345 SPT = 0.0217
Environment initialization | Nsites =   169 | Center =     0
 INIT-R <-- Site =  167 ..  Bmem =   128 B Rmem =   128 B T = 0.03
 INIT-R <-- Site =  166 ..  Bmem =   640 B Rmem =   640 B T = 0.02
 INIT-R <-- Site =  165 ..  Bmem = 3.00 KB Rmem = 3.00 KB T = 0.01
 INIT-R <-- Site =  164 ..  Bmem = 14.0 KB Rmem = 14.0 KB T = 0.01
 INIT-R <-- Site =  163 ..  Bmem = 64.0 KB Rmem = 64.0 KB T = 0.01
 INIT-R <-- Site =  162 ..  Bmem =  288 KB Rmem =  288 KB T = 0.01
 INIT-R <-- Site =  161 ..  Bmem = 1.25 MB Rmem = 1.25 MB T = 0.01
 INIT-R <-- Site =  160 ..  Bmem = 5.50 MB Rmem = 5.50 MB T = 0.04
 INIT-R <-- Site =  159 ..  Bmem = 24.0 MB Rmem = 23.9 MB T = 0.21
 INIT-R <-- Site =  158 ..  Bmem =  104 MB Rmem = 30.0 MB T = 0.74
 INIT-R <-- Site =  157 ..  Bmem =  129 MB Rmem = 32.3 MB T = 0.89
 INIT-R <-- Site =  156 ..  Bmem =  138 MB Rmem = 34.6 MB T = 0.84
 INIT-R <-- Site =  155 ..  Bmem =  148 MB Rmem = 36.9 MB T = 0.70
 INIT-R <-- Site =  154 ..  Bmem =  157 MB Rmem = 39.2 MB T = 0.79
 INIT-R <-- Site =  153 ..  Bmem =  166 MB Rmem = 41.5 MB T = 1.10
 INIT-R <-- Site =  152 ..  Bmem =  175 MB Rmem = 43.8 MB T = 1.26
 INIT-R <-- Site =  151 ..  Bmem =  185 MB Rmem = 46.2 MB T = 1.11
 INIT-R <-- Site =  150 ..  Bmem =  194 MB Rmem = 48.5 MB T = 1.46
 INIT-R <-- Site =  149 ..  Bmem =  203 MB Rmem = 50.8 MB T = 1.11
 INIT-R <-- Site =  148 ..  Bmem =  212 MB Rmem = 53.1 MB T = 1.35
 INIT-R <-- Site =  147 ..  Bmem =  222 MB Rmem = 55.4 MB T = 1.61
 INIT-R <-- Site =  146 ..  Bmem =  231 MB Rmem = 57.7 MB T = 1.63
 INIT-R <-- Site =  145 ..  Bmem =  240 MB Rmem = 60.0 MB T = 1.81
 INIT-R <-- Site =  144 ..  Bmem =  249 MB Rmem = 62.3 MB T = 1.61
 INIT-R <-- Site =  143 ..  Bmem =  258 MB Rmem = 64.6 MB T = 1.56
 INIT-R <-- Site =  142 ..  Bmem =  268 MB Rmem = 66.9 MB T = 2.19
 INIT-R <-- Site =  141 ..  Bmem =  277 MB Rmem = 69.2 MB T = 1.75
 INIT-R <-- Site =  140 ..  Bmem =  286 MB Rmem = 71.5 MB T = 2.06
 INIT-R <-- Site =  139 ..  Bmem =  295 MB Rmem = 73.9 MB T = 1.71
 INIT-R <-- Site =  138 ..  Bmem =  305 MB Rmem = 76.2 MB T = 1.74
 INIT-R <-- Site =  137 ..  Bmem =  314 MB Rmem = 78.5 MB T = 1.94
 INIT-R <-- Site =  136 ..  Bmem =  323 MB Rmem = 80.8 MB T = 2.00
 INIT-R <-- Site =  135 ..  Bmem =  332 MB Rmem = 83.1 MB T = 2.66
 INIT-R <-- Site =  134 ..  Bmem =  342 MB Rmem = 85.4 MB T = 2.02
 INIT-R <-- Site =  133 ..  Bmem =  351 MB Rmem = 87.7 MB T = 2.11
 INIT-R <-- Site =  132 ..  Bmem =  360 MB Rmem = 90.0 MB T = 2.21
 INIT-R <-- Site =  131 ..  Bmem =  369 MB Rmem = 92.3 MB T = 2.25
 INIT-R <-- Site =  130 ..  Bmem =  378 MB Rmem = 94.6 MB T = 2.36
 INIT-R <-- Site =  129 ..  Bmem =  388 MB Rmem = 96.9 MB T = 2.42
 INIT-R <-- Site =  128 ..  Bmem =  397 MB Rmem = 99.2 MB T = 2.53
 INIT-R <-- Site =  127 ..  Bmem =  406 MB Rmem =  102 MB T = 2.57
 INIT-R <-- Site =  126 ..  Bmem =  415 MB Rmem =  104 MB T = 2.70
 INIT-R <-- Site =  125 ..  Bmem =  425 MB Rmem =  106 MB T = 2.78
 INIT-R <-- Site =  124 ..  Bmem =  425 MB Rmem =  106 MB T = 2.81
 INIT-R <-- Site =  123 ..  Bmem =  434 MB Rmem =  108 MB T = 2.91
 INIT-R <-- Site =  122 ..  Bmem =  434 MB Rmem =  108 MB T = 3.41
 INIT-R <-- Site =  121 ..  Bmem =  443 MB Rmem =  111 MB T = 3.40
 INIT-R <-- Site =  120 ..  Bmem =  443 MB Rmem =  111 MB T = 3.04
 INIT-R <-- Site =  119 ..  Bmem =  452 MB Rmem =  113 MB T = 4.15
 INIT-R <-- Site =  118 ..  Bmem =  462 MB Rmem =  115 MB T = 3.07
 INIT-R <-- Site =  117 ..  Bmem =  462 MB Rmem =  115 MB T = 3.13
 INIT-R <-- Site =  116 ..  Bmem =  471 MB Rmem =  118 MB T = 3.29
 INIT-R <-- Site =  115 ..  Bmem =  480 MB Rmem =  120 MB T = 5.15
 INIT-R <-- Site =  114 ..  Bmem =  480 MB Rmem =  120 MB T = 5.33
 INIT-R <-- Site =  113 ..  Bmem =  480 MB Rmem =  120 MB T = 4.39
 INIT-R <-- Site =  112 ..  Bmem =  489 MB Rmem =  122 MB T = 4.82
 INIT-R <-- Site =  111 ..  Bmem =  489 MB Rmem =  122 MB T = 3.86
 INIT-R <-- Site =  110 ..  Bmem =  489 MB Rmem =  122 MB T = 4.72
 INIT-R <-- Site =  109 ..  Bmem =  489 MB Rmem =  122 MB T = 4.93
 INIT-R <-- Site =  108 ..  Bmem =  499 MB Rmem =  125 MB T = 4.86
 INIT-R <-- Site =  107 ..  Bmem =  499 MB Rmem =  125 MB T = 4.26
 INIT-R <-- Site =  106 ..  Bmem =  508 MB Rmem =  127 MB T = 4.13
 INIT-R <-- Site =  105 ..  Bmem =  508 MB Rmem =  127 MB T = 3.99
 INIT-R <-- Site =  104 ..  Bmem =  508 MB Rmem =  127 MB T = 3.54
 INIT-R <-- Site =  103 ..  Bmem =  508 MB Rmem =  127 MB T = 3.56
 INIT-R <-- Site =  102 ..  Bmem =  517 MB Rmem =  129 MB T = 3.66
 INIT-R <-- Site =  101 ..  Bmem =  517 MB Rmem =  129 MB T = 3.72
 INIT-R <-- Site =  100 ..  Bmem =  517 MB Rmem =  129 MB T = 3.72
 INIT-R <-- Site =   99 ..  Bmem =  526 MB Rmem =  132 MB T = 3.80
 INIT-R <-- Site =   98 ..  Bmem =  517 MB Rmem =  129 MB T = 3.79
 INIT-R <-- Site =   97 ..  Bmem =  517 MB Rmem =  129 MB T = 4.18
 INIT-R <-- Site =   96 ..  Bmem =  517 MB Rmem =  129 MB T = 4.19
 INIT-R <-- Site =   95 ..  Bmem =  517 MB Rmem =  129 MB T = 3.71
 INIT-R <-- Site =   94 ..  Bmem =  526 MB Rmem =  132 MB T = 3.87
 INIT-R <-- Site =   93 ..  Bmem =  526 MB Rmem =  132 MB T = 6.21
 INIT-R <-- Site =   92 ..  Bmem =  526 MB Rmem =  132 MB T = 6.09
 INIT-R <-- Site =   91 ..  Bmem =  526 MB Rmem =  132 MB T = 4.08
 INIT-R <-- Site =   90 ..  Bmem =  526 MB Rmem =  132 MB T = 5.41
 INIT-R <-- Site =   89 ..  Bmem =  526 MB Rmem =  132 MB T = 5.15
 INIT-R <-- Site =   88 ..  Bmem =  526 MB Rmem =  132 MB T = 5.07
 INIT-R <-- Site =   87 ..  Bmem =  526 MB Rmem =  132 MB T = 5.36
 INIT-R <-- Site =   86 ..  Bmem =  535 MB Rmem =  134 MB T = 4.75
 INIT-R <-- Site =   85 ..  Bmem =  526 MB Rmem =  132 MB T = 4.19
 INIT-R <-- Site =   84 ..  Bmem =  526 MB Rmem =  132 MB T = 3.94
 INIT-R <-- Site =   83 ..  Bmem =  526 MB Rmem =  132 MB T = 3.81
 INIT-R <-- Site =   82 ..  Bmem =  517 MB Rmem =  129 MB T = 3.70
 INIT-R <-- Site =   81 ..  Bmem =  526 MB Rmem =  132 MB T = 3.73
 INIT-R <-- Site =   80 ..  Bmem =  526 MB Rmem =  132 MB T = 3.88
 INIT-R <-- Site =   79 ..  Bmem =  526 MB Rmem =  132 MB T = 3.85
 INIT-R <-- Site =   78 ..  Bmem =  526 MB Rmem =  132 MB T = 3.87
 INIT-R <-- Site =   77 ..  Bmem =  526 MB Rmem =  132 MB T = 4.04
 INIT-R <-- Site =   76 ..  Bmem =  526 MB Rmem =  132 MB T = 4.99
 INIT-R <-- Site =   75 ..  Bmem =  526 MB Rmem =  132 MB T = 3.81
 INIT-R <-- Site =   74 ..  Bmem =  526 MB Rmem =  132 MB T = 3.80
 INIT-R <-- Site =   73 ..  Bmem =  526 MB Rmem =  132 MB T = 6.06
 INIT-R <-- Site =   72 ..  Bmem =  526 MB Rmem =  132 MB T = 6.06
 INIT-R <-- Site =   71 ..  Bmem =  517 MB Rmem =  129 MB T = 4.31
 INIT-R <-- Site =   70 ..  Bmem =  517 MB Rmem =  129 MB T = 5.29
 INIT-R <-- Site =   69 ..  Bmem =  517 MB Rmem =  129 MB T = 5.14
 INIT-R <-- Site =   68 ..  Bmem =  526 MB Rmem =  132 MB T = 4.93
 INIT-R <-- Site =   67 ..  Bmem =  526 MB Rmem =  132 MB T = 5.17
 INIT-R <-- Site =   66 ..  Bmem =  517 MB Rmem =  129 MB T = 4.52
 INIT-R <-- Site =   65 ..  Bmem =  517 MB Rmem =  129 MB T = 4.21
 INIT-R <-- Site =   64 ..  Bmem =  517 MB Rmem =  129 MB T = 3.99
 INIT-R <-- Site =   63 ..  Bmem =  508 MB Rmem =  127 MB T = 3.59
 INIT-R <-- Site =   62 ..  Bmem =  508 MB Rmem =  127 MB T = 3.59
 INIT-R <-- Site =   61 ..  Bmem =  508 MB Rmem =  127 MB T = 3.60
 INIT-R <-- Site =   60 ..  Bmem =  499 MB Rmem =  125 MB T = 3.56
 INIT-R <-- Site =   59 ..  Bmem =  508 MB Rmem =  127 MB T = 3.61
 INIT-R <-- Site =   58 ..  Bmem =  499 MB Rmem =  125 MB T = 3.60
 INIT-R <-- Site =   57 ..  Bmem =  489 MB Rmem =  122 MB T = 3.55
 INIT-R <-- Site =   56 ..  Bmem =  489 MB Rmem =  122 MB T = 3.84
 INIT-R <-- Site =   55 ..  Bmem =  489 MB Rmem =  122 MB T = 3.67
 INIT-R <-- Site =   54 ..  Bmem =  489 MB Rmem =  122 MB T = 3.42
 INIT-R <-- Site =   53 ..  Bmem =  480 MB Rmem =  120 MB T = 3.37
 INIT-R <-- Site =   52 ..  Bmem =  480 MB Rmem =  120 MB T = 5.39
 INIT-R <-- Site =   51 ..  Bmem =  471 MB Rmem =  118 MB T = 5.22
 INIT-R <-- Site =   50 ..  Bmem =  462 MB Rmem =  115 MB T = 3.98
 INIT-R <-- Site =   49 ..  Bmem =  462 MB Rmem =  115 MB T = 4.57
 INIT-R <-- Site =   48 ..  Bmem =  452 MB Rmem =  113 MB T = 3.54
 INIT-R <-- Site =   47 ..  Bmem =  443 MB Rmem =  111 MB T = 3.97
 INIT-R <-- Site =   46 ..  Bmem =  443 MB Rmem =  111 MB T = 4.02
 INIT-R <-- Site =   45 ..  Bmem =  434 MB Rmem =  108 MB T = 3.91
 INIT-R <-- Site =   44 ..  Bmem =  434 MB Rmem =  108 MB T = 3.59
 INIT-R <-- Site =   43 ..  Bmem =  425 MB Rmem =  106 MB T = 3.17
 INIT-R <-- Site =   42 ..  Bmem =  425 MB Rmem =  106 MB T = 3.04
 INIT-R <-- Site =   41 ..  Bmem =  415 MB Rmem =  104 MB T = 3.12
 INIT-R <-- Site =   40 ..  Bmem =  406 MB Rmem =  102 MB T = 2.64
 INIT-R <-- Site =   39 ..  Bmem =  397 MB Rmem = 99.2 MB T = 2.61
 INIT-R <-- Site =   38 ..  Bmem =  388 MB Rmem = 96.9 MB T = 2.53
 INIT-R <-- Site =   37 ..  Bmem =  378 MB Rmem = 94.6 MB T = 2.40
 INIT-R <-- Site =   36 ..  Bmem =  369 MB Rmem = 92.3 MB T = 2.35
 INIT-R <-- Site =   35 ..  Bmem =  360 MB Rmem = 90.0 MB T = 2.26
 INIT-R <-- Site =   34 ..  Bmem =  351 MB Rmem = 87.7 MB T = 2.18
 INIT-R <-- Site =   33 ..  Bmem =  342 MB Rmem = 85.4 MB T = 2.16
 INIT-R <-- Site =   32 ..  Bmem =  332 MB Rmem = 83.1 MB T = 2.08
 INIT-R <-- Site =   31 ..  Bmem =  323 MB Rmem = 80.8 MB T = 2.00
 INIT-R <-- Site =   30 ..  Bmem =  314 MB Rmem = 78.5 MB T = 1.93
 INIT-R <-- Site =   29 ..  Bmem =  305 MB Rmem = 76.2 MB T = 2.05
 INIT-R <-- Site =   28 ..  Bmem =  295 MB Rmem = 73.9 MB T = 1.83
 INIT-R <-- Site =   27 ..  Bmem =  286 MB Rmem = 71.5 MB T = 2.41
 INIT-R <-- Site =   26 ..  Bmem =  277 MB Rmem = 69.2 MB T = 1.58
 INIT-R <-- Site =   25 ..  Bmem =  268 MB Rmem = 66.9 MB T = 1.50
 INIT-R <-- Site =   24 ..  Bmem =  258 MB Rmem = 64.6 MB T = 1.47
 INIT-R <-- Site =   23 ..  Bmem =  249 MB Rmem = 62.3 MB T = 1.39
 INIT-R <-- Site =   22 ..  Bmem =  240 MB Rmem = 60.0 MB T = 1.35
 INIT-R <-- Site =   21 ..  Bmem =  231 MB Rmem = 57.7 MB T = 1.25
 INIT-R <-- Site =   20 ..  Bmem =  222 MB Rmem = 55.4 MB T = 1.40
 INIT-R <-- Site =   19 ..  Bmem =  212 MB Rmem = 53.1 MB T = 1.62
 INIT-R <-- Site =   18 ..  Bmem =  203 MB Rmem = 50.8 MB T = 1.52
 INIT-R <-- Site =   17 ..  Bmem =  194 MB Rmem = 48.5 MB T = 1.46
 INIT-R <-- Site =   16 ..  Bmem =  185 MB Rmem = 46.2 MB T = 1.33
 INIT-R <-- Site =   15 ..  Bmem =  175 MB Rmem = 43.8 MB T = 1.22
 INIT-R <-- Site =   14 ..  Bmem =  166 MB Rmem = 41.5 MB T = 1.14
 INIT-R <-- Site =   13 ..  Bmem =  157 MB Rmem = 39.2 MB T = 1.05
 INIT-R <-- Site =   12 ..  Bmem =  148 MB Rmem = 36.9 MB T = 1.01
 INIT-R <-- Site =   11 ..  Bmem =  138 MB Rmem = 34.6 MB T = 0.85
 INIT-R <-- Site =   10 ..  Bmem =  129 MB Rmem = 32.3 MB T = 0.64
 INIT-R <-- Site =    9 ..  Bmem =  120 MB Rmem = 30.0 MB T = 0.55
 INIT-R <-- Site =    8 ..  Bmem =  111 MB Rmem = 27.7 MB T = 0.51
 INIT-R <-- Site =    7 ..  Bmem =  102 MB Rmem = 25.4 MB T = 0.47
 INIT-R <-- Site =    6 ..  Bmem = 92.3 MB Rmem = 23.1 MB T = 0.47
 INIT-R <-- Site =    5 ..  Bmem = 83.1 MB Rmem = 20.8 MB T = 0.46
 INIT-R <-- Site =    4 ..  Bmem = 73.9 MB Rmem = 18.5 MB T = 0.44
 INIT-R <-- Site =    3 ..  Bmem = 64.6 MB Rmem = 16.2 MB T = 0.37
 INIT-R <-- Site =    2 ..  Bmem = 55.4 MB Rmem = 13.8 MB T = 0.34
 INIT-R <-- Site =    1 ..  Bmem = 46.2 MB Rmem = 11.5 MB T = 0.24
 INIT-R <-- Site =    0 ..  Bmem = 36.9 MB Rmem = 9.16 MB T = 0.18
Time init sweep =      464.818 | MaxBmem =  535 MB | MaxRmem =  134 MB
 | Tread = 0.000 | Twrite = 30.858 | Tfpread = 0.000 | Tfpwrite = 20.778 | data = 14.7 GB | cpsd = 9.65 GB | Tasync = 0.000


Sweep =    0 | Direction =  forward | Bond dimension =   15 | Noise =  1.00e-04 | Dav threshold =  1.00e-10
 --> Site =    0 .. Mmps =    2 Ndav =  12 E =   -109.3092626053 Error = 0.00e+00 FLOPS = 1.04e+09 Tdav = 0.02 T = 0.16
 --> Site =    1 .. Mmps =    4 Ndav =  22 E =   -109.3344412923 Error = 0.00e+00 FLOPS = 2.51e+09 Tdav = 0.04 T = 0.14
 --> Site =    2 .. Mmps =    8 Ndav =  24 E =   -109.3463550024 Error = 0.00e+00 FLOPS = 3.95e+09 Tdav = 0.07 T = 0.17
 --> Site =    3 .. Mmps =   15 Ndav =  34 E =   -109.3737129223 Error = 2.68e-13 FLOPS = 3.90e+09 Tdav = 0.26 T = 0.37
 --> Site =    4 .. Mmps =   15 Ndav =  29 E =   -109.4033517958 Error = 1.51e-08 FLOPS = 5.65e+09 Tdav = 0.34 T = 0.47
 --> Site =    5 .. Mmps =   15 Ndav =  42 E =   -109.4268424162 Error = 2.15e-06 FLOPS = 3.93e+09 Tdav = 0.82 T = 0.97
 --> Site =    6 .. Mmps =   15 Ndav =  35 E =   -109.4533860573 Error = 7.44e-06 FLOPS = 6.30e+09 Tdav = 0.48 T = 0.61
 --> Site =    7 .. Mmps =   15 Ndav =  41 E =   -109.4706705148 Error = 2.52e-05 FLOPS = 5.73e+09 Tdav = 0.68 T = 0.83
 --> Site =    8 .. Mmps =   15 Ndav =  34 E =   -109.4939741808 Error = 1.12e-05 FLOPS = 5.78e+09 Tdav = 0.62 T = 0.81
 --> Site =    9 .. Mmps =   15 Ndav =  38 E =   -109.5023617189 Error = 3.36e-05 FLOPS = 6.67e+09 Tdav = 0.65 T = 0.90
 --> Site =   10 .. Mmps =   15 Ndav =  31 E =   -109.5133498651 Error = 2.45e-05 FLOPS = 8.62e+09 Tdav = 0.45 T = 0.64
 --> Site =   11 .. Mmps =   15 Ndav =  28 E =   -109.5167128959 Error = 2.02e-05 FLOPS = 7.69e+09 Tdav = 0.49 T = 0.70
 --> Site =   12 .. Mmps =   15 Ndav =  30 E =   -109.5263876397 Error = 3.65e-05 FLOPS = 8.53e+09 Tdav = 0.51 T = 0.72
 --> Site =   13 .. Mmps =   15 Ndav =  30 E =   -109.5287695236 Error = 3.64e-06 FLOPS = 8.75e+09 Tdav = 0.52 T = 0.76
 --> Site =   14 .. Mmps =   15 Ndav =  29 E =   -109.5377187724 Error = 6.31e-06 FLOPS = 8.63e+09 Tdav = 0.55 T = 0.78
 --> Site =   15 .. Mmps =   15 Ndav =  35 E =   -109.5501299588 Error = 1.85e-06 FLOPS = 9.62e+09 Tdav = 0.63 T = 0.86
 --> Site =   16 .. Mmps =   15 Ndav =  30 E =   -109.5578884720 Error = 3.45e-06 FLOPS = 8.36e+09 Tdav = 0.65 T = 0.91
 --> Site =   17 .. Mmps =   15 Ndav =  33 E =   -109.5635455574 Error = 1.66e-06 FLOPS = 9.29e+09 Tdav = 0.68 T = 0.98
 --> Site =   18 .. Mmps =   15 Ndav =  28 E =   -109.5672688787 Error = 3.06e-06 FLOPS = 9.20e+09 Tdav = 0.61 T = 0.89
 --> Site =   19 .. Mmps =   15 Ndav =  34 E =   -109.5726424095 Error = 1.50e-06 FLOPS = 9.08e+09 Tdav = 0.79 T = 1.09
 --> Site =   20 .. Mmps =   15 Ndav =  30 E =   -109.5784362488 Error = 2.96e-06 FLOPS = 9.75e+09 Tdav = 0.68 T = 0.99
 --> Site =   21 .. Mmps =   15 Ndav =  33 E =   -109.5834358496 Error = 1.56e-06 FLOPS = 9.00e+09 Tdav = 0.84 T = 1.17
 --> Site =   22 .. Mmps =   15 Ndav =  31 E =   -109.5916163855 Error = 3.06e-06 FLOPS = 9.29e+09 Tdav = 0.80 T = 1.11
 --> Site =   23 .. Mmps =   15 Ndav =  33 E =   -109.5969138767 Error = 1.41e-06 FLOPS = 9.18e+09 Tdav = 0.89 T = 1.22
 --> Site =   24 .. Mmps =   15 Ndav =  29 E =   -109.6018401748 Error = 5.30e-06 FLOPS = 1.28e+10 Tdav = 0.59 T = 0.91
 --> Site =   25 .. Mmps =   15 Ndav =  33 E =   -109.6038550995 Error = 3.37e-06 FLOPS = 9.20e+09 Tdav = 0.96 T = 1.32
 --> Site =   26 .. Mmps =   15 Ndav =  31 E =   -109.6058469250 Error = 8.23e-05 FLOPS = 1.26e+10 Tdav = 0.68 T = 1.08
 --> Site =   27 .. Mmps =   15 Ndav =  29 E =   -109.6057545781 Error = 9.36e-06 FLOPS = 1.31e+10 Tdav = 0.63 T = 1.01
 --> Site =   28 .. Mmps =   15 Ndav =  31 E =   -109.6074443610 Error = 3.34e-05 FLOPS = 1.03e+10 Tdav = 0.89 T = 1.30
 --> Site =   29 .. Mmps =   15 Ndav =  28 E =   -109.6080668285 Error = 2.59e-06 FLOPS = 1.19e+10 Tdav = 0.72 T = 1.08
 --> Site =   30 .. Mmps =   15 Ndav =  33 E =   -109.6102121235 Error = 2.83e-05 FLOPS = 1.16e+10 Tdav = 0.89 T = 1.27
 --> Site =   31 .. Mmps =   15 Ndav =  32 E =   -109.6113209705 Error = 7.40e-06 FLOPS = 1.11e+10 Tdav = 0.94 T = 1.35
 --> Site =   32 .. Mmps =   15 Ndav =  35 E =   -109.6137210583 Error = 3.76e-05 FLOPS = 1.23e+10 Tdav = 0.95 T = 1.34
 --> Site =   33 .. Mmps =   15 Ndav =  35 E =   -109.6150088121 Error = 6.85e-06 FLOPS = 1.26e+10 Tdav = 0.96 T = 1.35
 --> Site =   34 .. Mmps =   15 Ndav =  37 E =   -109.6173873147 Error = 4.62e-05 FLOPS = 1.24e+10 Tdav = 1.06 T = 1.46
 --> Site =   35 .. Mmps =   15 Ndav =  31 E =   -109.6191333705 Error = 1.84e-05 FLOPS = 1.37e+10 Tdav = 0.83 T = 1.22
 --> Site =   36 .. Mmps =   15 Ndav =  37 E =   -109.6207730601 Error = 7.03e-05 FLOPS = 1.26e+10 Tdav = 1.10 T = 1.53
 --> Site =   37 .. Mmps =   15 Ndav =  37 E =   -109.6223677792 Error = 3.37e-06 FLOPS = 1.26e+10 Tdav = 1.12 T = 1.58
 --> Site =   38 .. Mmps =   15 Ndav =  44 E =   -109.6264550052 Error = 1.40e-04 FLOPS = 1.15e+10 Tdav = 1.50 T = 1.95
 --> Site =   39 .. Mmps =   15 Ndav =  37 E =   -109.6376078313 Error = 1.45e-05 FLOPS = 1.28e+10 Tdav = 1.16 T = 1.60
 --> Site =   40 .. Mmps =   15 Ndav =  39 E =   -109.6417226608 Error = 3.54e-05 FLOPS = 1.25e+10 Tdav = 1.28 T = 1.72
 --> Site =   41 .. Mmps =   15 Ndav =  34 E =   -109.6456664447 Error = 1.16e-06 FLOPS = 1.35e+10 Tdav = 1.06 T = 1.52
 --> Site =   42 .. Mmps =   15 Ndav =  37 E =   -109.6487099291 Error = 1.63e-05 FLOPS = 1.30e+10 Tdav = 1.22 T = 1.68
 --> Site =   43 .. Mmps =   15 Ndav =  37 E =   -109.6526858202 Error = 1.32e-05 FLOPS = 1.30e+10 Tdav = 1.22 T = 1.70
 --> Site =   44 .. Mmps =   15 Ndav =  39 E =   -109.6552194782 Error = 1.47e-05 FLOPS = 1.27e+10 Tdav = 1.35 T = 1.82
 --> Site =   45 .. Mmps =   15 Ndav =  41 E =   -109.6594100716 Error = 1.15e-05 FLOPS = 1.23e+10 Tdav = 1.46 T = 2.13
 --> Site =   46 .. Mmps =   15 Ndav =  43 E =   -109.6628008860 Error = 1.39e-05 FLOPS = 1.21e+10 Tdav = 1.60 T = 2.08
 --> Site =   47 .. Mmps =   15 Ndav =  41 E =   -109.6682066292 Error = 7.51e-06 FLOPS = 1.24e+10 Tdav = 1.48 T = 1.96
 --> Site =   48 .. Mmps =   15 Ndav =  36 E =   -109.6706638264 Error = 1.69e-05 FLOPS = 1.24e+10 Tdav = 1.33 T = 1.82
 --> Site =   49 .. Mmps =   15 Ndav =  37 E =   -109.6746402946 Error = 2.47e-06 FLOPS = 1.30e+10 Tdav = 1.33 T = 1.84
 --> Site =   50 .. Mmps =   15 Ndav =  38 E =   -109.6791375698 Error = 4.43e-05 FLOPS = 1.01e+10 Tdav = 1.76 T = 2.31
 --> Site =   51 .. Mmps =   15 Ndav =  37 E =   -109.6813947518 Error = 4.82e-06 FLOPS = 1.34e+10 Tdav = 1.32 T = 1.82
 --> Site =   52 .. Mmps =   15 Ndav =  45 E =   -109.6828942322 Error = 7.41e-05 FLOPS = 1.22e+10 Tdav = 1.81 T = 2.33
 --> Site =   53 .. Mmps =   15 Ndav =  38 E =   -109.6841493817 Error = 3.52e-05 FLOPS = 1.33e+10 Tdav = 1.40 T = 1.94
 --> Site =   54 .. Mmps =   15 Ndav =  46 E =   -109.6845966454 Error = 2.84e-05 FLOPS = 1.21e+10 Tdav = 1.90 T = 2.47
 --> Site =   55 .. Mmps =   15 Ndav =  34 E =   -109.6861771504 Error = 1.37e-05 FLOPS = 1.17e+10 Tdav = 1.44 T = 1.98
 --> Site =   56 .. Mmps =   15 Ndav =  31 E =   -109.6871784954 Error = 5.26e-06 FLOPS = 1.08e+10 Tdav = 1.43 T = 1.99
 --> Site =   57 .. Mmps =   15 Ndav =  25 E =   -109.6888204380 Error = 1.55e-05 FLOPS = 1.11e+10 Tdav = 1.12 T = 1.69
 --> Site =   58 .. Mmps =   15 Ndav =  28 E =   -109.6897807193 Error = 3.35e-06 FLOPS = 1.15e+10 Tdav = 1.24 T = 1.86
 --> Site =   59 .. Mmps =   15 Ndav =  24 E =   -109.6911069246 Error = 2.21e-05 FLOPS = 1.14e+10 Tdav = 1.08 T = 1.70
 --> Site =   60 .. Mmps =   15 Ndav =  25 E =   -109.6921338601 Error = 6.42e-06 FLOPS = 1.17e+10 Tdav = 1.08 T = 1.63
 --> Site =   61 .. Mmps =   15 Ndav =  30 E =   -109.6947131869 Error = 4.58e-05 FLOPS = 1.15e+10 Tdav = 1.35 T = 1.92
 --> Site =   62 .. Mmps =   15 Ndav =  31 E =   -109.6971372566 Error = 8.46e-06 FLOPS = 1.43e+10 Tdav = 1.12 T = 1.69
 --> Site =   63 .. Mmps =   15 Ndav =  33 E =   -109.7029375025 Error = 7.93e-05 FLOPS = 1.22e+10 Tdav = 1.39 T = 1.96
 --> Site =   64 .. Mmps =   15 Ndav =  36 E =   -109.7111363822 Error = 2.66e-05 FLOPS = 1.13e+10 Tdav = 1.67 T = 2.23
 --> Site =   65 .. Mmps =   15 Ndav =  31 E =   -109.7151333538 Error = 3.91e-05 FLOPS = 1.31e+10 Tdav = 1.25 T = 1.83
 --> Site =   66 .. Mmps =   15 Ndav =  30 E =   -109.7206934951 Error = 2.52e-06 FLOPS = 1.27e+10 Tdav = 1.25 T = 1.81
 --> Site =   67 .. Mmps =   15 Ndav =  29 E =   -109.7259347268 Error = 1.19e-05 FLOPS = 1.35e+10 Tdav = 1.15 T = 1.73
 --> Site =   68 .. Mmps =   15 Ndav =  26 E =   -109.7300176686 Error = 5.90e-06 FLOPS = 1.28e+10 Tdav = 1.09 T = 1.66
 --> Site =   69 .. Mmps =   15 Ndav =  25 E =   -109.7322874975 Error = 1.86e-05 FLOPS = 1.44e+10 Tdav = 0.91 T = 1.49
 --> Site =   70 .. Mmps =   15 Ndav =  23 E =   -109.7358480227 Error = 5.23e-06 FLOPS = 1.15e+10 Tdav = 1.05 T = 1.83
 --> Site =   71 .. Mmps =   15 Ndav =  26 E =   -109.7405801952 Error = 2.56e-05 FLOPS = 1.32e+10 Tdav = 1.03 T = 1.61
 --> Site =   72 .. Mmps =   15 Ndav =  28 E =   -109.7484079251 Error = 5.19e-06 FLOPS = 1.28e+10 Tdav = 1.18 T = 1.96
 --> Site =   73 .. Mmps =   15 Ndav =  27 E =   -109.7513124978 Error = 2.16e-05 FLOPS = 1.25e+10 Tdav = 1.16 T = 1.74
 --> Site =   74 .. Mmps =   15 Ndav =  27 E =   -109.7555568377 Error = 3.42e-06 FLOPS = 1.31e+10 Tdav = 1.10 T = 1.69
 --> Site =   75 .. Mmps =   15 Ndav =  28 E =   -109.7586330659 Error = 4.02e-05 FLOPS = 1.31e+10 Tdav = 1.14 T = 1.73
 --> Site =   76 .. Mmps =   15 Ndav =  27 E =   -109.7614760956 Error = 1.11e-05 FLOPS = 1.54e+10 Tdav = 0.94 T = 1.53
 --> Site =   77 .. Mmps =   15 Ndav =  35 E =   -109.7640198405 Error = 2.66e-05 FLOPS = 1.14e+10 Tdav = 1.65 T = 2.22
 --> Site =   78 .. Mmps =   15 Ndav =  36 E =   -109.7660021528 Error = 4.53e-05 FLOPS = 1.32e+10 Tdav = 1.46 T = 2.03
 --> Site =   79 .. Mmps =   15 Ndav =  30 E =   -109.7663747264 Error = 8.77e-06 FLOPS = 1.30e+10 Tdav = 1.23 T = 1.79
 --> Site =   80 .. Mmps =   15 Ndav =  33 E =   -109.7679028676 Error = 1.94e-05 FLOPS = 1.44e+10 Tdav = 1.23 T = 1.80
 --> Site =   81 .. Mmps =   15 Ndav =  33 E =   -109.7687208718 Error = 1.97e-05 FLOPS = 1.45e+10 Tdav = 1.22 T = 1.77
 --> Site =   82 .. Mmps =   15 Ndav =  31 E =   -109.7702121888 Error = 3.97e-05 FLOPS = 1.47e+10 Tdav = 1.11 T = 1.64
 --> Site =   83 .. Mmps =   15 Ndav =  33 E =   -109.7709246326 Error = 2.51e-06 FLOPS = 1.45e+10 Tdav = 1.22 T = 1.79
 --> Site =   84 .. Mmps =   15 Ndav =  31 E =   -109.7721465979 Error = 3.90e-05 FLOPS = 1.48e+10 Tdav = 1.12 T = 1.88
 --> Site =   85 .. Mmps =   15 Ndav =  30 E =   -109.7731162195 Error = 3.10e-06 FLOPS = 1.49e+10 Tdav = 1.08 T = 1.63
 --> Site =   86 .. Mmps =   15 Ndav =  32 E =   -109.7748763035 Error = 5.22e-05 FLOPS = 1.47e+10 Tdav = 1.19 T = 1.81
 --> Site =   87 .. Mmps =   15 Ndav =  36 E =   -109.7761584638 Error = 6.71e-06 FLOPS = 1.40e+10 Tdav = 1.38 T = 2.01
 --> Site =   88 .. Mmps =   15 Ndav =  39 E =   -109.7800277738 Error = 2.14e-05 FLOPS = 1.35e+10 Tdav = 1.55 T = 2.13
 --> Site =   89 .. Mmps =   15 Ndav =  38 E =   -109.7839785946 Error = 2.65e-06 FLOPS = 1.36e+10 Tdav = 1.49 T = 2.12
 --> Site =   90 .. Mmps =   15 Ndav =  45 E =   -109.7967490285 Error = 5.15e-05 FLOPS = 1.25e+10 Tdav = 1.93 T = 2.49
 --> Site =   91 .. Mmps =   15 Ndav =  40 E =   -109.8044496492 Error = 2.03e-05 FLOPS = 1.32e+10 Tdav = 1.62 T = 2.18
 --> Site =   92 .. Mmps =   15 Ndav =  41 E =   -109.8110621533 Error = 3.82e-05 FLOPS = 1.31e+10 Tdav = 1.68 T = 2.27
 --> Site =   93 .. Mmps =   15 Ndav =  35 E =   -109.8168558014 Error = 1.63e-06 FLOPS = 1.34e+10 Tdav = 1.40 T = 1.96
 --> Site =   94 .. Mmps =   15 Ndav =  37 E =   -109.8198657328 Error = 1.63e-05 FLOPS = 1.33e+10 Tdav = 1.49 T = 2.04
 --> Site =   95 .. Mmps =   15 Ndav =  35 E =   -109.8256324917 Error = 5.17e-06 FLOPS = 1.06e+10 Tdav = 1.74 T = 2.29
 --> Site =   96 .. Mmps =   15 Ndav =  37 E =   -109.8315120472 Error = 2.78e-05 FLOPS = 1.37e+10 Tdav = 1.42 T = 1.99
 --> Site =   97 .. Mmps =   15 Ndav =  37 E =   -109.8379753838 Error = 5.07e-06 FLOPS = 1.38e+10 Tdav = 1.42 T = 1.96
 --> Site =   98 .. Mmps =   15 Ndav =  39 E =   -109.8420285004 Error = 2.56e-05 FLOPS = 1.34e+10 Tdav = 1.53 T = 2.10
 --> Site =   99 .. Mmps =   15 Ndav =  35 E =   -109.8477499609 Error = 6.06e-06 FLOPS = 1.41e+10 Tdav = 1.33 T = 1.92
 --> Site =  100 .. Mmps =   15 Ndav =  40 E =   -109.8517038784 Error = 2.75e-05 FLOPS = 1.18e+10 Tdav = 1.78 T = 2.33
 --> Site =  101 .. Mmps =   15 Ndav =  37 E =   -109.8559566018 Error = 1.02e-06 FLOPS = 1.02e+10 Tdav = 1.92 T = 2.50
 --> Site =  102 .. Mmps =   15 Ndav =  36 E =   -109.8601209019 Error = 3.99e-05 FLOPS = 1.03e+10 Tdav = 1.83 T = 2.44
 --> Site =  103 .. Mmps =   15 Ndav =  39 E =   -109.8623269761 Error = 5.90e-06 FLOPS = 9.87e+09 Tdav = 2.04 T = 2.65
 --> Site =  104 .. Mmps =   15 Ndav =  46 E =   -109.8639450192 Error = 7.77e-05 FLOPS = 8.82e+09 Tdav = 2.70 T = 3.36
 --> Site =  105 .. Mmps =   15 Ndav =  40 E =   -109.8652998447 Error = 2.85e-05 FLOPS = 1.30e+10 Tdav = 1.58 T = 2.18
 --> Site =  106 .. Mmps =   15 Ndav =  49 E =   -109.8657461604 Error = 2.91e-05 FLOPS = 9.39e+09 Tdav = 2.70 T = 3.26
 --> Site =  107 .. Mmps =   15 Ndav =  36 E =   -109.8675402611 Error = 1.60e-05 FLOPS = 1.17e+10 Tdav = 1.56 T = 2.11
 --> Site =  108 .. Mmps =   15 Ndav =  36 E =   -109.8684296002 Error = 7.12e-06 FLOPS = 1.19e+10 Tdav = 1.54 T = 2.06
 --> Site =  109 .. Mmps =   15 Ndav =  26 E =   -109.8701307513 Error = 2.27e-05 FLOPS = 1.42e+10 Tdav = 0.91 T = 1.44
 --> Site =  110 .. Mmps =   15 Ndav =  30 E =   -109.8710860951 Error = 4.41e-06 FLOPS = 1.22e+10 Tdav = 1.22 T = 1.78
 --> Site =  111 .. Mmps =   15 Ndav =  25 E =   -109.8726094501 Error = 2.68e-05 FLOPS = 1.40e+10 Tdav = 0.89 T = 1.43
 --> Site =  112 .. Mmps =   15 Ndav =  25 E =   -109.8734186144 Error = 7.09e-06 FLOPS = 1.11e+10 Tdav = 1.12 T = 1.66
 --> Site =  113 .. Mmps =   15 Ndav =  29 E =   -109.8758847908 Error = 4.56e-05 FLOPS = 1.23e+10 Tdav = 1.15 T = 1.68
 --> Site =  114 .. Mmps =   15 Ndav =  35 E =   -109.8786748429 Error = 8.46e-06 FLOPS = 1.15e+10 Tdav = 1.49 T = 2.03
 --> Site =  115 .. Mmps =   15 Ndav =  34 E =   -109.8855201673 Error = 8.08e-05 FLOPS = 1.12e+10 Tdav = 1.49 T = 2.03
 --> Site =  116 .. Mmps =   15 Ndav =  37 E =   -109.8963679822 Error = 2.58e-05 FLOPS = 1.23e+10 Tdav = 1.44 T = 1.97
 --> Site =  117 .. Mmps =   15 Ndav =  33 E =   -109.9006450673 Error = 3.09e-05 FLOPS = 1.08e+10 Tdav = 1.43 T = 1.92
 --> Site =  118 .. Mmps =   15 Ndav =  31 E =   -109.9134226804 Error = 1.92e-06 FLOPS = 1.40e+10 Tdav = 1.04 T = 1.68
 --> Site =  119 .. Mmps =   15 Ndav =  29 E =   -109.9223777092 Error = 9.63e-06 FLOPS = 1.38e+10 Tdav = 0.97 T = 1.55
 --> Site =  120 .. Mmps =   15 Ndav =  28 E =   -109.9264456294 Error = 5.85e-06 FLOPS = 1.46e+10 Tdav = 0.86 T = 1.37
 --> Site =  121 .. Mmps =   15 Ndav =  28 E =   -109.9306808208 Error = 2.99e-05 FLOPS = 1.37e+10 Tdav = 0.92 T = 1.46
 --> Site =  122 .. Mmps =   15 Ndav =  27 E =   -109.9365896321 Error = 3.46e-06 FLOPS = 1.42e+10 Tdav = 0.84 T = 1.34
 --> Site =  123 .. Mmps =   15 Ndav =  27 E =   -109.9400442130 Error = 3.19e-05 FLOPS = 1.49e+10 Tdav = 0.80 T = 1.30
 --> Site =  124 .. Mmps =   15 Ndav =  27 E =   -109.9506367922 Error = 1.61e-05 FLOPS = 1.49e+10 Tdav = 0.78 T = 1.24
 --> Site =  125 .. Mmps =   15 Ndav =  25 E =   -109.9540756399 Error = 5.62e-05 FLOPS = 1.52e+10 Tdav = 0.71 T = 1.17
 --> Site =  126 .. Mmps =   15 Ndav =  24 E =   -109.9622463726 Error = 3.19e-06 FLOPS = 1.52e+10 Tdav = 0.67 T = 1.11
 --> Site =  127 .. Mmps =   15 Ndav =  29 E =   -109.9663250826 Error = 6.68e-05 FLOPS = 1.44e+10 Tdav = 0.83 T = 1.33
 --> Site =  128 .. Mmps =   15 Ndav =  27 E =   -109.9708350442 Error = 7.55e-06 FLOPS = 1.47e+10 Tdav = 0.74 T = 1.19
 --> Site =  129 .. Mmps =   15 Ndav =  31 E =   -109.9754087342 Error = 3.68e-05 FLOPS = 1.39e+10 Tdav = 0.88 T = 1.34
 --> Site =  130 .. Mmps =   15 Ndav =  30 E =   -109.9812926818 Error = 2.65e-05 FLOPS = 1.39e+10 Tdav = 0.83 T = 1.25
 --> Site =  131 .. Mmps =   15 Ndav =  30 E =   -109.9840906147 Error = 4.94e-06 FLOPS = 1.39e+10 Tdav = 0.81 T = 1.22
 --> Site =  132 .. Mmps =   15 Ndav =  33 E =   -109.9883427446 Error = 1.96e-05 FLOPS = 1.32e+10 Tdav = 0.91 T = 1.33
 --> Site =  133 .. Mmps =   15 Ndav =  29 E =   -109.9914653006 Error = 3.26e-06 FLOPS = 1.39e+10 Tdav = 0.74 T = 1.16
 --> Site =  134 .. Mmps =   15 Ndav =  34 E =   -109.9942272991 Error = 2.71e-05 FLOPS = 1.28e+10 Tdav = 0.92 T = 1.35
 --> Site =  135 .. Mmps =   15 Ndav =  33 E =   -109.9972347278 Error = 9.68e-06 FLOPS = 1.28e+10 Tdav = 0.86 T = 1.24
 --> Site =  136 .. Mmps =   15 Ndav =  37 E =   -110.0007591367 Error = 4.40e-05 FLOPS = 1.19e+10 Tdav = 1.01 T = 1.39
 --> Site =  137 .. Mmps =   15 Ndav =  35 E =   -110.0031636291 Error = 1.64e-05 FLOPS = 1.22e+10 Tdav = 0.91 T = 1.27
 --> Site =  138 .. Mmps =   15 Ndav =  40 E =   -110.0082375427 Error = 4.88e-05 FLOPS = 1.10e+10 Tdav = 1.11 T = 1.49
 --> Site =  139 .. Mmps =   15 Ndav =  37 E =   -110.0107703090 Error = 2.49e-05 FLOPS = 1.15e+10 Tdav = 0.96 T = 1.31
 --> Site =  140 .. Mmps =   15 Ndav =  41 E =   -110.0148015760 Error = 3.44e-05 FLOPS = 1.05e+10 Tdav = 1.12 T = 1.46
 --> Site =  141 .. Mmps =   15 Ndav =  36 E =   -110.0165453607 Error = 1.14e-06 FLOPS = 1.14e+10 Tdav = 0.87 T = 1.20
 --> Site =  142 .. Mmps =   15 Ndav =  38 E =   -110.0196988458 Error = 1.32e-05 FLOPS = 1.09e+10 Tdav = 0.94 T = 1.27
 --> Site =  143 .. Mmps =   15 Ndav =  40 E =   -110.0218898489 Error = 3.75e-06 FLOPS = 9.56e+09 Tdav = 1.08 T = 1.40
 --> Site =  144 .. Mmps =   15 Ndav =  38 E =   -110.0244456691 Error = 4.88e-06 FLOPS = 1.01e+10 Tdav = 0.94 T = 1.25
 --> Site =  145 .. Mmps =   15 Ndav =  35 E =   -110.0267511526 Error = 1.22e-06 FLOPS = 1.03e+10 Tdav = 0.82 T = 1.11
 --> Site =  146 .. Mmps =   15 Ndav =  39 E =   -110.0294160855 Error = 8.81e-06 FLOPS = 7.14e+09 Tdav = 1.25 T = 1.55
 --> Site =  147 .. Mmps =   15 Ndav =  34 E =   -110.0315666692 Error = 3.34e-06 FLOPS = 1.06e+10 Tdav = 0.70 T = 0.98
 --> Site =  148 .. Mmps =   15 Ndav =  38 E =   -110.0340160813 Error = 1.05e-05 FLOPS = 9.87e+09 Tdav = 0.81 T = 1.07
 --> Site =  149 .. Mmps =   15 Ndav =  31 E =   -110.0358289471 Error = 3.27e-06 FLOPS = 1.12e+10 Tdav = 0.55 T = 0.82
 --> Site =  150 .. Mmps =   15 Ndav =  33 E =   -110.0376831530 Error = 1.09e-05 FLOPS = 1.06e+10 Tdav = 0.60 T = 0.85
 --> Site =  151 .. Mmps =   15 Ndav =  29 E =   -110.0389409170 Error = 5.34e-06 FLOPS = 1.12e+10 Tdav = 0.47 T = 0.71
 --> Site =  152 .. Mmps =   15 Ndav =  28 E =   -110.0403043412 Error = 9.36e-06 FLOPS = 1.13e+10 Tdav = 0.43 T = 0.67
 --> Site =  153 .. Mmps =   15 Ndav =  25 E =   -110.0410594952 Error = 1.29e-06 FLOPS = 1.20e+10 Tdav = 0.34 T = 0.57
 --> Site =  154 .. Mmps =   15 Ndav =  24 E =   -110.0417335758 Error = 6.93e-06 FLOPS = 1.19e+10 Tdav = 0.31 T = 0.52
 --> Site =  155 .. Mmps =   15 Ndav =  22 E =   -110.0418236571 Error = 1.15e-06 FLOPS = 1.23e+10 Tdav = 0.26 T = 0.45
 --> Site =  156 .. Mmps =   15 Ndav =  19 E =   -110.0418835712 Error = 2.56e-05 FLOPS = 1.30e+10 Tdav = 0.20 T = 0.40
 --> Site =  157 .. Mmps =   15 Ndav =  26 E =   -110.0417423926 Error = 7.63e-07 FLOPS = 1.05e+10 Tdav = 0.31 T = 0.49
 --> Site =  158 .. Mmps =   15 Ndav =  16 E =   -110.0417377264 Error = 1.67e-05 FLOPS = 1.35e+10 Tdav = 0.14 T = 0.34
 --> Site =  159 .. Mmps =   15 Ndav =  27 E =   -110.0415736062 Error = 3.77e-07 FLOPS = 9.35e+09 Tdav = 0.26 T = 0.40
 --> Site =  160 .. Mmps =   15 Ndav =  13 E =   -110.0415648911 Error = 1.61e-06 FLOPS = 1.40e+10 Tdav = 0.02 T = 0.08
 --> Site =  161 .. Mmps =   15 Ndav =  22 E =   -110.0415450126 Error = 1.06e-07 FLOPS = 6.61e+09 Tdav = 0.02 T = 0.05
 --> Site =  162 .. Mmps =   15 Ndav =  10 E =   -110.0415439521 Error = 1.09e-08 FLOPS = 8.75e+09 Tdav = 0.00 T = 0.03
 --> Site =  163 .. Mmps =   15 Ndav =   9 E =   -110.0415437916 Error = 7.44e-10 FLOPS = 4.98e+09 Tdav = 0.00 T = 0.03
 --> Site =  164 .. Mmps =   15 Ndav =   4 E =   -110.0415437655 Error = 3.95e-14 FLOPS = 2.46e+09 Tdav = 0.00 T = 0.03
 --> Site =  165 .. Mmps =   15 Ndav =   1 E =   -110.0415437655 Error = 1.97e-24 FLOPS = 5.92e+08 Tdav = 0.00 T = 0.03
 --> Site =  166 .. Mmps =   15 Ndav =   1 E =   -110.0415437655 Error = 9.08e-51 FLOPS = 2.77e+08 Tdav = 0.00 T = 0.03
 --> Site =  167 .. Mmps =   15 Ndav =   1 E =   -110.0415437655 Error = 0.00e+00 FLOPS = 1.13e+08 Tdav = 0.00 T = 0.03
 --> Site =  168 .. Mmps =   15 Ndav =   1 E =   -110.0415437655 Error = 1.63e-107 FLOPS = 3.33e+07 Tdav = 0.00 T = 0.03
Time elapsed =    239.618 | E =    -110.0418835712 | DW = 1.40414e-04
Time sweep =      239.618 | 1.84 TFLOP/SWP
 | Dmem = 134 MB (0%) | Imem = 232 B (79%) | Hmem = 134 MB | Wmem = 129 KB | Pmem = 129 KB
 | Tread = 55.302 | Twrite = 0.884 | Tfpread = 54.038 | Tfpwrite = 0.021 | Tmporead = 0.000 | Tasync = 0.000
 | data = 11.3 MB | cpsd = 8.41 MB
 | Trot = 0.030 | Tctr = 0.006 | Tint = 0.030 | Tmid = 0.000 | Tdctr = 0.135 | Tdiag = 0.111 | Tinfo = 0.230
 | Teff = 64.037 | Tprt = 0.259 | Teig = 168.596 | Tblk = 237.196 | Tmve = 2.411 | Tdm = 0.012 | Tsplt = 0.035 | Tsvd = 0.000 | Torth = 0.000

Sweep =    1 | Direction = backward | Bond dimension =   15 | Noise =  1.00e-04 | Dav threshold =  1.00e-10
 <-- Site =  168 .. Mmps =    2 Ndav =   1 E =   -110.0415437655 Error = 0.00e+00 FLOPS = 3.82e+07 Tdav = 0.00 T = 0.02
 <-- Site =  167 .. Mmps =    4 Ndav =   1 E =   -110.0415437655 Error = 0.00e+00 FLOPS = 1.37e+08 Tdav = 0.00 T = 0.03
 <-- Site =  166 .. Mmps =    8 Ndav =   1 E =   -110.0415437655 Error = 0.00e+00 FLOPS = 3.55e+08 Tdav = 0.00 T = 0.02
 <-- Site =  165 .. Mmps =   15 Ndav =   1 E =   -110.0415437655 Error = 0.00e+00 FLOPS = 7.03e+08 Tdav = 0.00 T = 0.02
 <-- Site =  164 .. Mmps =   15 Ndav =   1 E =   -110.0415437655 Error = 1.33e-21 FLOPS = 1.08e+09 Tdav = 0.00 T = 0.03
 <-- Site =  163 .. Mmps =   15 Ndav =   6 E =   -110.0415437680 Error = 1.62e-20 FLOPS = 2.92e+09 Tdav = 0.00 T = 0.03
 <-- Site =  162 .. Mmps =   15 Ndav =   7 E =   -110.0415437781 Error = 4.21e-19 FLOPS = 3.16e+09 Tdav = 0.00 T = 0.03
 <-- Site =  161 .. Mmps =   15 Ndav =  11 E =   -110.0415439645 Error = 5.31e-20 FLOPS = 3.13e+09 Tdav = 0.00 T = 0.03
 <-- Site =  160 .. Mmps =   15 Ndav =  10 E =   -110.0415480919 Error = 1.74e-18 FLOPS = 3.58e+09 Tdav = 0.00 T = 0.03
 <-- Site =  159 .. Mmps =   15 Ndav =  13 E =   -110.0415487546 Error = 5.23e-20 FLOPS = 3.33e+09 Tdav = 0.00 T = 0.03
 <-- Site =  158 .. Mmps =   15 Ndav =  12 E =   -110.0415720911 Error = 1.08e-18 FLOPS = 3.74e+09 Tdav = 0.00 T = 0.05
 <-- Site =  157 .. Mmps =   15 Ndav =  12 E =   -110.0415737828 Error = 3.04e-20 FLOPS = 3.92e+09 Tdav = 0.00 T = 0.03
 <-- Site =  156 .. Mmps =   15 Ndav =  12 E =   -110.0416231529 Error = 2.23e-18 FLOPS = 4.13e+09 Tdav = 0.00 T = 0.03
 <-- Site =  155 .. Mmps =   15 Ndav =  10 E =   -110.0416251024 Error = 1.59e-18 FLOPS = 4.57e+09 Tdav = 0.00 T = 0.03
 <-- Site =  154 .. Mmps =   15 Ndav =  11 E =   -110.0416369232 Error = 4.10e-19 FLOPS = 4.64e+09 Tdav = 0.00 T = 0.03
 <-- Site =  153 .. Mmps =   15 Ndav =  10 E =   -110.0416395641 Error = 8.61e-19 FLOPS = 4.96e+09 Tdav = 0.00 T = 0.03
 <-- Site =  152 .. Mmps =   15 Ndav =  12 E =   -110.0416524544 Error = 1.96e-19 FLOPS = 4.79e+09 Tdav = 0.00 T = 0.03
 <-- Site =  151 .. Mmps =   15 Ndav =  16 E =   -110.0416622350 Error = 1.55e-18 FLOPS = 4.20e+09 Tdav = 0.00 T = 0.03
 <-- Site =  150 .. Mmps =   15 Ndav =  12 E =   -110.0416787774 Error = 3.69e-19 FLOPS = 5.14e+09 Tdav = 0.00 T = 0.03
 <-- Site =  149 .. Mmps =   15 Ndav =  14 E =   -110.0416844427 Error = 5.36e-19 FLOPS = 4.90e+09 Tdav = 0.00 T = 0.03
 <-- Site =  148 .. Mmps =   15 Ndav =  12 E =   -110.0416984892 Error = 5.11e-19 FLOPS = 5.33e+09 Tdav = 0.00 T = 0.03
 <-- Site =  147 .. Mmps =   15 Ndav =  14 E =   -110.0417045878 Error = 1.64e-19 FLOPS = 5.19e+09 Tdav = 0.00 T = 0.03
 <-- Site =  146 .. Mmps =   15 Ndav =  14 E =   -110.0417155657 Error = 2.90e-19 FLOPS = 5.23e+09 Tdav = 0.00 T = 0.03
 <-- Site =  145 .. Mmps =   15 Ndav =  13 E =   -110.0417175726 Error = 3.29e-19 FLOPS = 5.65e+09 Tdav = 0.00 T = 0.03
 <-- Site =  144 .. Mmps =   15 Ndav =  10 E =   -110.0417208178 Error = 1.19e-18 FLOPS = 6.32e+09 Tdav = 0.00 T = 0.03
 <-- Site =  143 .. Mmps =   15 Ndav =  13 E =   -110.0417237023 Error = 1.29e-18 FLOPS = 5.85e+09 Tdav = 0.00 T = 0.03
 <-- Site =  142 .. Mmps =   15 Ndav =  12 E =   -110.0417282179 Error = 1.59e-19 FLOPS = 6.19e+09 Tdav = 0.00 T = 0.03
 <-- Site =  141 .. Mmps =   15 Ndav =  12 E =   -110.0417299826 Error = 1.41e-18 FLOPS = 6.30e+09 Tdav = 0.00 T = 0.03
 <-- Site =  140 .. Mmps =   15 Ndav =  13 E =   -110.0417536775 Error = 2.25e-18 FLOPS = 6.25e+09 Tdav = 0.00 T = 0.04
 <-- Site =  139 .. Mmps =   15 Ndav =  15 E =   -110.0418396439 Error = 1.15e-19 FLOPS = 5.79e+09 Tdav = 0.00 T = 0.04
 <-- Site =  138 .. Mmps =   15 Ndav =  13 E =   -110.0419130028 Error = 3.43e-19 FLOPS = 5.62e+09 Tdav = 0.00 T = 0.04
 <-- Site =  137 .. Mmps =   15 Ndav =  14 E =   -110.0419607148 Error = 3.86e-20 FLOPS = 6.12e+09 Tdav = 0.00 T = 0.05
 <-- Site =  136 .. Mmps =   15 Ndav =  14 E =   -110.0420437074 Error = 6.71e-17 FLOPS = 5.90e+09 Tdav = 0.00 T = 0.04
 <-- Site =  135 .. Mmps =   15 Ndav =  12 E =   -110.0420682970 Error = 1.18e-19 FLOPS = 6.55e+09 Tdav = 0.00 T = 0.04
 <-- Site =  134 .. Mmps =   15 Ndav =  10 E =   -110.0420976012 Error = 2.47e-18 FLOPS = 6.16e+09 Tdav = 0.00 T = 0.04
 <-- Site =  133 .. Mmps =   15 Ndav =  11 E =   -110.0421059174 Error = 2.48e-20 FLOPS = 6.70e+09 Tdav = 0.00 T = 0.06
 <-- Site =  132 .. Mmps =   15 Ndav =  12 E =   -110.0421281289 Error = 6.53e-18 FLOPS = 6.70e+09 Tdav = 0.00 T = 0.04
 <-- Site =  131 .. Mmps =   15 Ndav =  14 E =   -110.0421422499 Error = 3.43e-19 FLOPS = 6.03e+09 Tdav = 0.00 T = 0.05
 <-- Site =  130 .. Mmps =   15 Ndav =  10 E =   -110.0421698406 Error = 2.05e-18 FLOPS = 6.75e+09 Tdav = 0.00 T = 0.05
 <-- Site =  129 .. Mmps =   15 Ndav =  15 E =   -110.0422452932 Error = 2.13e-19 FLOPS = 6.19e+09 Tdav = 0.00 T = 0.05
 <-- Site =  128 .. Mmps =   15 Ndav =  13 E =   -110.0422926111 Error = 2.70e-18 FLOPS = 6.55e+09 Tdav = 0.00 T = 0.05
 <-- Site =  127 .. Mmps =   15 Ndav =  15 E =   -110.0424696640 Error = 6.79e-19 FLOPS = 6.41e+09 Tdav = 0.00 T = 0.05
 <-- Site =  126 .. Mmps =   15 Ndav =   7 E =   -110.0424725947 Error = 5.49e-19 FLOPS = 7.23e+09 Tdav = 0.00 T = 0.05
 <-- Site =  125 .. Mmps =   15 Ndav =  15 E =   -110.0425359428 Error = 2.49e-19 FLOPS = 6.40e+09 Tdav = 0.00 T = 0.05
 <-- Site =  124 .. Mmps =   15 Ndav =  11 E =   -110.0425824050 Error = 1.93e-19 FLOPS = 6.55e+09 Tdav = 0.00 T = 0.05
 <-- Site =  123 .. Mmps =   15 Ndav =  12 E =   -110.0426255762 Error = 6.64e-19 FLOPS = 6.60e+09 Tdav = 0.00 T = 0.05
 <-- Site =  122 .. Mmps =   15 Ndav =   9 E =   -110.0426282705 Error = 7.15e-19 FLOPS = 6.88e+09 Tdav = 0.00 T = 0.05
 <-- Site =  121 .. Mmps =   15 Ndav =  13 E =   -110.0426547513 Error = 1.44e-18 FLOPS = 6.90e+09 Tdav = 0.00 T = 0.05
 <-- Site =  120 .. Mmps =   15 Ndav =  10 E =   -110.0426608559 Error = 2.17e-19 FLOPS = 6.89e+09 Tdav = 0.00 T = 0.05
 <-- Site =  119 .. Mmps =   15 Ndav =  13 E =   -110.0426731367 Error = 1.47e-20 FLOPS = 6.56e+09 Tdav = 0.00 T = 0.05
 <-- Site =  118 .. Mmps =   15 Ndav =  11 E =   -110.0426746386 Error = 9.09e-19 FLOPS = 6.90e+09 Tdav = 0.00 T = 0.06
 <-- Site =  117 .. Mmps =   15 Ndav =  15 E =   -110.0427538010 Error = 2.47e-18 FLOPS = 6.64e+09 Tdav = 0.00 T = 0.06
 <-- Site =  116 .. Mmps =   15 Ndav =  18 E =   -110.0427656425 Error = 2.73e-18 FLOPS = 6.28e+09 Tdav = 0.00 T = 0.06
 <-- Site =  115 .. Mmps =   15 Ndav =  15 E =   -110.0428155891 Error = 3.98e-18 FLOPS = 6.90e+09 Tdav = 0.00 T = 0.05
 <-- Site =  114 .. Mmps =   15 Ndav =  21 E =   -110.0428284294 Error = 5.53e-19 FLOPS = 5.90e+09 Tdav = 0.00 T = 0.06
 <-- Site =  113 .. Mmps =   15 Ndav =  13 E =   -110.0428596113 Error = 2.36e-17 FLOPS = 7.26e+09 Tdav = 0.00 T = 0.05
 <-- Site =  112 .. Mmps =   15 Ndav =  13 E =   -110.0428770684 Error = 7.14e-19 FLOPS = 6.83e+09 Tdav = 0.00 T = 0.06
 <-- Site =  111 .. Mmps =   15 Ndav =  13 E =   -110.0428950178 Error = 2.18e-18 FLOPS = 6.80e+09 Tdav = 0.00 T = 0.06
 <-- Site =  110 .. Mmps =   15 Ndav =  14 E =   -110.0429029285 Error = 4.01e-18 FLOPS = 6.58e+09 Tdav = 0.00 T = 0.07
 <-- Site =  109 .. Mmps =   15 Ndav =  13 E =   -110.0429139436 Error = 5.70e-19 FLOPS = 6.73e+09 Tdav = 0.00 T = 0.06
 <-- Site =  108 .. Mmps =   15 Ndav =  13 E =   -110.0429334764 Error = 3.40e-20 FLOPS = 6.85e+09 Tdav = 0.00 T = 0.06
 <-- Site =  107 .. Mmps =   15 Ndav =  13 E =   -110.0429552080 Error = 3.71e-18 FLOPS = 6.50e+09 Tdav = 0.00 T = 0.06
 <-- Site =  106 .. Mmps =   15 Ndav =  18 E =   -110.0429892511 Error = 3.09e-19 FLOPS = 6.15e+09 Tdav = 0.00 T = 0.07
 <-- Site =  105 .. Mmps =   15 Ndav =  14 E =   -110.0430078213 Error = 3.35e-17 FLOPS = 6.82e+09 Tdav = 0.00 T = 0.06
 <-- Site =  104 .. Mmps =   15 Ndav =  21 E =   -110.0431159065 Error = 3.48e-19 FLOPS = 6.06e+09 Tdav = 0.00 T = 0.06
 <-- Site =  103 .. Mmps =   15 Ndav =  15 E =   -110.0431226756 Error = 1.44e-18 FLOPS = 6.68e+09 Tdav = 0.00 T = 0.06
 <-- Site =  102 .. Mmps =   15 Ndav =  16 E =   -110.0432844204 Error = 8.92e-20 FLOPS = 6.53e+09 Tdav = 0.00 T = 0.06
 <-- Site =  101 .. Mmps =   15 Ndav =  12 E =   -110.0432872448 Error = 7.03e-19 FLOPS = 7.08e+09 Tdav = 0.00 T = 0.07
 <-- Site =  100 .. Mmps =   15 Ndav =  14 E =   -110.0433276779 Error = 6.44e-20 FLOPS = 6.80e+09 Tdav = 0.00 T = 0.07
 <-- Site =   99 .. Mmps =   15 Ndav =  11 E =   -110.0433399558 Error = 1.23e-18 FLOPS = 6.98e+09 Tdav = 0.00 T = 0.07
 <-- Site =   98 .. Mmps =   15 Ndav =  15 E =   -110.0433792473 Error = 3.84e-19 FLOPS = 6.55e+09 Tdav = 0.00 T = 0.07
 <-- Site =   97 .. Mmps =   15 Ndav =  11 E =   -110.0433990921 Error = 2.46e-19 FLOPS = 7.50e+09 Tdav = 0.00 T = 0.06
 <-- Site =   96 .. Mmps =   15 Ndav =  17 E =   -110.0434346779 Error = 1.20e-18 FLOPS = 6.43e+09 Tdav = 0.00 T = 0.06
 <-- Site =   95 .. Mmps =   15 Ndav =  11 E =   -110.0434437187 Error = 2.30e-19 FLOPS = 7.58e+09 Tdav = 0.00 T = 0.06
 <-- Site =   94 .. Mmps =   15 Ndav =  14 E =   -110.0434774062 Error = 7.05e-20 FLOPS = 6.84e+09 Tdav = 0.00 T = 0.07
 <-- Site =   93 .. Mmps =   15 Ndav =  12 E =   -110.0434789016 Error = 3.70e-20 FLOPS = 7.14e+09 Tdav = 0.00 T = 0.06
 <-- Site =   92 .. Mmps =   15 Ndav =  14 E =   -110.0435643557 Error = 2.05e-18 FLOPS = 7.02e+09 Tdav = 0.00 T = 0.06
 <-- Site =   91 .. Mmps =   15 Ndav =  15 E =   -110.0436381346 Error = 1.06e-18 FLOPS = 6.93e+09 Tdav = 0.00 T = 0.06
 <-- Site =   90 .. Mmps =   15 Ndav =  12 E =   -110.0436509541 Error = 4.79e-17 FLOPS = 7.20e+09 Tdav = 0.00 T = 0.06
 <-- Site =   89 .. Mmps =   15 Ndav =  13 E =   -110.0436529775 Error = 2.75e-18 FLOPS = 6.78e+09 Tdav = 0.00 T = 0.06
 <-- Site =   88 .. Mmps =   15 Ndav =  12 E =   -110.0436613951 Error = 3.59e-19 FLOPS = 7.54e+09 Tdav = 0.00 T = 0.06
 <-- Site =   87 .. Mmps =   15 Ndav =  13 E =   -110.0436661947 Error = 2.87e-20 FLOPS = 7.24e+09 Tdav = 0.00 T = 0.06
 <-- Site =   86 .. Mmps =   15 Ndav =  16 E =   -110.0437392441 Error = 1.21e-17 FLOPS = 7.11e+09 Tdav = 0.00 T = 0.06
 <-- Site =   85 .. Mmps =   15 Ndav =  11 E =   -110.0437410570 Error = 3.04e-19 FLOPS = 7.01e+09 Tdav = 0.00 T = 0.06
 <-- Site =   84 .. Mmps =   15 Ndav =  16 E =   -110.0437889774 Error = 1.18e-16 FLOPS = 6.53e+09 Tdav = 0.00 T = 0.07
 <-- Site =   83 .. Mmps =   15 Ndav =  11 E =   -110.0437905864 Error = 3.35e-18 FLOPS = 6.83e+09 Tdav = 0.00 T = 0.06
 <-- Site =   82 .. Mmps =   15 Ndav =  16 E =   -110.0438387437 Error = 1.94e-18 FLOPS = 6.37e+09 Tdav = 0.00 T = 0.07
 <-- Site =   81 .. Mmps =   15 Ndav =  12 E =   -110.0438658931 Error = 4.18e-18 FLOPS = 6.74e+09 Tdav = 0.00 T = 0.06
 <-- Site =   80 .. Mmps =   15 Ndav =  12 E =   -110.0438858368 Error = 1.12e-17 FLOPS = 6.45e+09 Tdav = 0.00 T = 0.07
 <-- Site =   79 .. Mmps =   15 Ndav =  15 E =   -110.0438947445 Error = 1.30e-19 FLOPS = 6.64e+09 Tdav = 0.00 T = 0.07
 <-- Site =   78 .. Mmps =   15 Ndav =  16 E =   -110.0439339230 Error = 2.02e-18 FLOPS = 6.44e+09 Tdav = 0.00 T = 0.08
 <-- Site =   77 .. Mmps =   15 Ndav =  16 E =   -110.0439868051 Error = 3.36e-19 FLOPS = 6.34e+09 Tdav = 0.00 T = 0.07
 <-- Site =   76 .. Mmps =   15 Ndav =  15 E =   -110.0440134720 Error = 5.62e-18 FLOPS = 6.49e+09 Tdav = 0.00 T = 0.07
 <-- Site =   75 .. Mmps =   15 Ndav =  14 E =   -110.0440853088 Error = 1.10e-18 FLOPS = 6.56e+09 Tdav = 0.00 T = 0.07
 <-- Site =   74 .. Mmps =   15 Ndav =  13 E =   -110.0440895467 Error = 3.43e-18 FLOPS = 6.53e+09 Tdav = 0.00 T = 0.07
 <-- Site =   73 .. Mmps =   15 Ndav =  12 E =   -110.0441281018 Error = 1.61e-18 FLOPS = 6.91e+09 Tdav = 0.00 T = 0.06
 <-- Site =   72 .. Mmps =   15 Ndav =  10 E =   -110.0441364556 Error = 7.52e-19 FLOPS = 6.82e+09 Tdav = 0.00 T = 0.06
 <-- Site =   71 .. Mmps =   15 Ndav =  16 E =   -110.0441866581 Error = 2.77e-19 FLOPS = 6.67e+09 Tdav = 0.00 T = 0.07
 <-- Site =   70 .. Mmps =   15 Ndav =  11 E =   -110.0441917894 Error = 1.90e-18 FLOPS = 7.68e+09 Tdav = 0.00 T = 0.06
 <-- Site =   69 .. Mmps =   15 Ndav =  15 E =   -110.0442092757 Error = 1.91e-19 FLOPS = 6.90e+09 Tdav = 0.00 T = 0.06
 <-- Site =   68 .. Mmps =   15 Ndav =  12 E =   -110.0442323028 Error = 8.04e-19 FLOPS = 7.11e+09 Tdav = 0.00 T = 0.07
 <-- Site =   67 .. Mmps =   15 Ndav =  13 E =   -110.0442419735 Error = 4.61e-20 FLOPS = 6.94e+09 Tdav = 0.00 T = 0.06
 <-- Site =   66 .. Mmps =   15 Ndav =  15 E =   -110.0442462970 Error = 5.32e-19 FLOPS = 6.93e+09 Tdav = 0.00 T = 0.06
 <-- Site =   65 .. Mmps =   15 Ndav =  16 E =   -110.0443440058 Error = 7.02e-18 FLOPS = 7.11e+09 Tdav = 0.00 T = 0.06
 <-- Site =   64 .. Mmps =   15 Ndav =  15 E =   -110.0443513484 Error = 5.66e-19 FLOPS = 6.91e+09 Tdav = 0.00 T = 0.06
 <-- Site =   63 .. Mmps =   15 Ndav =  16 E =   -110.0444123453 Error = 2.16e-18 FLOPS = 6.67e+09 Tdav = 0.00 T = 0.06
 <-- Site =   62 .. Mmps =   15 Ndav =  21 E =   -110.0444730598 Error = 4.65e-19 FLOPS = 5.91e+09 Tdav = 0.00 T = 0.06
 <-- Site =   61 .. Mmps =   15 Ndav =  12 E =   -110.0444989651 Error = 3.90e-17 FLOPS = 7.07e+09 Tdav = 0.00 T = 0.07
 <-- Site =   60 .. Mmps =   15 Ndav =  11 E =   -110.0445015022 Error = 1.45e-18 FLOPS = 7.69e+09 Tdav = 0.00 T = 0.06
 <-- Site =   59 .. Mmps =   15 Ndav =  13 E =   -110.0445254609 Error = 4.26e-18 FLOPS = 7.30e+09 Tdav = 0.00 T = 0.06
 <-- Site =   58 .. Mmps =   15 Ndav =  15 E =   -110.0445315213 Error = 1.79e-19 FLOPS = 6.72e+09 Tdav = 0.00 T = 0.08
 <-- Site =   57 .. Mmps =   15 Ndav =  13 E =   -110.0445540892 Error = 8.92e-18 FLOPS = 6.90e+09 Tdav = 0.00 T = 0.07
 <-- Site =   56 .. Mmps =   15 Ndav =  13 E =   -110.0445701847 Error = 5.64e-20 FLOPS = 6.71e+09 Tdav = 0.00 T = 0.06
 <-- Site =   55 .. Mmps =   15 Ndav =  14 E =   -110.0446007924 Error = 2.60e-17 FLOPS = 6.56e+09 Tdav = 0.00 T = 0.06
 <-- Site =   54 .. Mmps =   15 Ndav =  16 E =   -110.0446534050 Error = 2.62e-19 FLOPS = 6.37e+09 Tdav = 0.00 T = 0.06
 <-- Site =   53 .. Mmps =   15 Ndav =  14 E =   -110.0446800227 Error = 1.18e-17 FLOPS = 6.80e+09 Tdav = 0.00 T = 0.06
 <-- Site =   52 .. Mmps =   15 Ndav =  21 E =   -110.0447903972 Error = 4.92e-18 FLOPS = 5.65e+09 Tdav = 0.00 T = 0.06
 <-- Site =   51 .. Mmps =   15 Ndav =  14 E =   -110.0447971379 Error = 7.73e-19 FLOPS = 6.46e+09 Tdav = 0.00 T = 0.07
 <-- Site =   50 .. Mmps =   15 Ndav =  14 E =   -110.0448918667 Error = 1.04e-18 FLOPS = 6.95e+09 Tdav = 0.00 T = 0.06
 <-- Site =   49 .. Mmps =   15 Ndav =  13 E =   -110.0448945037 Error = 1.81e-19 FLOPS = 6.73e+09 Tdav = 0.00 T = 0.06
 <-- Site =   48 .. Mmps =   15 Ndav =  14 E =   -110.0449257158 Error = 1.52e-19 FLOPS = 6.59e+09 Tdav = 0.00 T = 0.06
 <-- Site =   47 .. Mmps =   15 Ndav =  10 E =   -110.0449306564 Error = 1.96e-18 FLOPS = 6.77e+09 Tdav = 0.00 T = 0.05
 <-- Site =   46 .. Mmps =   15 Ndav =  13 E =   -110.0449560541 Error = 2.45e-19 FLOPS = 6.67e+09 Tdav = 0.00 T = 0.06
 <-- Site =   45 .. Mmps =   15 Ndav =  11 E =   -110.0449632996 Error = 8.04e-19 FLOPS = 7.05e+09 Tdav = 0.00 T = 0.05
 <-- Site =   44 .. Mmps =   15 Ndav =  13 E =   -110.0449910904 Error = 1.86e-20 FLOPS = 6.57e+09 Tdav = 0.00 T = 0.05
 <-- Site =   43 .. Mmps =   15 Ndav =  12 E =   -110.0450137973 Error = 3.58e-18 FLOPS = 6.66e+09 Tdav = 0.00 T = 0.05
 <-- Site =   42 .. Mmps =   15 Ndav =  13 E =   -110.0450453168 Error = 1.32e-20 FLOPS = 6.45e+09 Tdav = 0.00 T = 0.05
 <-- Site =   41 .. Mmps =   15 Ndav =  10 E =   -110.0450466746 Error = 8.81e-20 FLOPS = 6.62e+09 Tdav = 0.00 T = 0.05
 <-- Site =   40 .. Mmps =   15 Ndav =  12 E =   -110.0451255520 Error = 2.79e-18 FLOPS = 6.49e+09 Tdav = 0.00 T = 0.05
 <-- Site =   39 .. Mmps =   15 Ndav =  16 E =   -110.0451500055 Error = 8.65e-19 FLOPS = 6.19e+09 Tdav = 0.00 T = 0.05
 <-- Site =   38 .. Mmps =   15 Ndav =  13 E =   -110.0452526406 Error = 1.77e-18 FLOPS = 6.63e+09 Tdav = 0.00 T = 0.05
 <-- Site =   37 .. Mmps =   15 Ndav =  12 E =   -110.0452612749 Error = 1.73e-19 FLOPS = 6.80e+09 Tdav = 0.00 T = 0.04
 <-- Site =   36 .. Mmps =   15 Ndav =  13 E =   -110.0453651726 Error = 6.02e-18 FLOPS = 6.24e+09 Tdav = 0.00 T = 0.05
 <-- Site =   35 .. Mmps =   15 Ndav =  14 E =   -110.0454103386 Error = 3.63e-18 FLOPS = 6.10e+09 Tdav = 0.00 T = 0.04
 <-- Site =   34 .. Mmps =   15 Ndav =  11 E =   -110.0454522769 Error = 5.09e-18 FLOPS = 6.35e+09 Tdav = 0.00 T = 0.04
 <-- Site =   33 .. Mmps =   15 Ndav =  16 E =   -110.0454833802 Error = 1.73e-19 FLOPS = 5.58e+09 Tdav = 0.00 T = 0.04
 <-- Site =   32 .. Mmps =   15 Ndav =  12 E =   -110.0455530499 Error = 4.46e-18 FLOPS = 6.45e+09 Tdav = 0.00 T = 0.04
 <-- Site =   31 .. Mmps =   15 Ndav =  17 E =   -110.0455852773 Error = 2.03e-19 FLOPS = 5.60e+09 Tdav = 0.00 T = 0.04
 <-- Site =   30 .. Mmps =   15 Ndav =  12 E =   -110.0456159634 Error = 1.55e-17 FLOPS = 6.86e+09 Tdav = 0.00 T = 0.04
 <-- Site =   29 .. Mmps =   15 Ndav =  12 E =   -110.0456192175 Error = 6.19e-20 FLOPS = 6.11e+09 Tdav = 0.00 T = 0.04
 <-- Site =   28 .. Mmps =   15 Ndav =  13 E =   -110.0456630339 Error = 2.52e-18 FLOPS = 5.75e+09 Tdav = 0.00 T = 0.04
 <-- Site =   27 .. Mmps =   15 Ndav =  14 E =   -110.0456831924 Error = 3.72e-19 FLOPS = 5.50e+09 Tdav = 0.00 T = 0.04
 <-- Site =   26 .. Mmps =   15 Ndav =  15 E =   -110.0457378910 Error = 4.43e-18 FLOPS = 5.31e+09 Tdav = 0.00 T = 0.04
 <-- Site =   25 .. Mmps =   15 Ndav =  16 E =   -110.0457495852 Error = 2.85e-19 FLOPS = 5.07e+09 Tdav = 0.00 T = 0.04
 <-- Site =   24 .. Mmps =   15 Ndav =  12 E =   -110.0457591974 Error = 2.03e-19 FLOPS = 5.56e+09 Tdav = 0.00 T = 0.03
 <-- Site =   23 .. Mmps =   15 Ndav =  13 E =   -110.0457609022 Error = 6.97e-19 FLOPS = 5.33e+09 Tdav = 0.00 T = 0.03
 <-- Site =   22 .. Mmps =   15 Ndav =  13 E =   -110.0457637700 Error = 3.08e-19 FLOPS = 5.22e+09 Tdav = 0.00 T = 0.03
 <-- Site =   21 .. Mmps =   15 Ndav =  13 E =   -110.0457653897 Error = 1.44e-18 FLOPS = 5.23e+09 Tdav = 0.00 T = 0.03
 <-- Site =   20 .. Mmps =   15 Ndav =  11 E =   -110.0457677752 Error = 7.24e-19 FLOPS = 4.96e+09 Tdav = 0.00 T = 0.04
 <-- Site =   19 .. Mmps =   15 Ndav =  14 E =   -110.0457695258 Error = 2.24e-19 FLOPS = 4.46e+09 Tdav = 0.00 T = 0.04
 <-- Site =   18 .. Mmps =   15 Ndav =  12 E =   -110.0457717163 Error = 3.11e-19 FLOPS = 4.70e+09 Tdav = 0.00 T = 0.03
 <-- Site =   17 .. Mmps =   15 Ndav =  14 E =   -110.0457734951 Error = 2.87e-19 FLOPS = 4.43e+09 Tdav = 0.00 T = 0.03
 <-- Site =   16 .. Mmps =   15 Ndav =  10 E =   -110.0457757675 Error = 1.06e-18 FLOPS = 4.48e+09 Tdav = 0.00 T = 0.03
 <-- Site =   15 .. Mmps =   15 Ndav =  12 E =   -110.0457774306 Error = 8.51e-20 FLOPS = 4.17e+09 Tdav = 0.00 T = 0.03
 <-- Site =   14 .. Mmps =   15 Ndav =  10 E =   -110.0457790795 Error = 1.21e-19 FLOPS = 4.12e+09 Tdav = 0.00 T = 0.03
 <-- Site =   13 .. Mmps =   15 Ndav =  13 E =   -110.0457818401 Error = 2.88e-20 FLOPS = 3.81e+09 Tdav = 0.00 T = 0.03
 <-- Site =   12 .. Mmps =   15 Ndav =  11 E =   -110.0457894785 Error = 7.50e-19 FLOPS = 4.01e+09 Tdav = 0.00 T = 0.03
 <-- Site =   11 .. Mmps =   15 Ndav =  17 E =   -110.0458027134 Error = 7.37e-20 FLOPS = 3.07e+09 Tdav = 0.00 T = 0.03
 <-- Site =   10 .. Mmps =   15 Ndav =  11 E =   -110.0458107698 Error = 1.78e-16 FLOPS = 3.66e+09 Tdav = 0.00 T = 0.03
 <-- Site =    9 .. Mmps =   15 Ndav =  21 E =   -110.0458761766 Error = 1.43e-18 FLOPS = 2.42e+09 Tdav = 0.00 T = 0.03
 <-- Site =    8 .. Mmps =   15 Ndav =  12 E =   -110.0458945440 Error = 1.23e-17 FLOPS = 3.73e+09 Tdav = 0.00 T = 0.03
 <-- Site =    7 .. Mmps =   15 Ndav =  18 E =   -110.0459056969 Error = 2.86e-19 FLOPS = 2.56e+09 Tdav = 0.00 T = 0.03
 <-- Site =    6 .. Mmps =   15 Ndav =  15 E =   -110.0459218702 Error = 3.32e-17 FLOPS = 2.49e+09 Tdav = 0.00 T = 0.03
 <-- Site =    5 .. Mmps =   15 Ndav =  19 E =   -110.0459253286 Error = 3.26e-19 FLOPS = 1.85e+09 Tdav = 0.00 T = 0.03
 <-- Site =    4 .. Mmps =   15 Ndav =   9 E =   -110.0459255088 Error = 7.32e-19 FLOPS = 2.37e+09 Tdav = 0.00 T = 0.03
 <-- Site =    3 .. Mmps =   15 Ndav =   2 E =   -110.0459255088 Error = 3.74e-26 FLOPS = 6.12e+08 Tdav = 0.00 T = 0.02
 <-- Site =    2 .. Mmps =   15 Ndav =   1 E =   -110.0459255088 Error = 1.15e-40 FLOPS = 1.60e+08 Tdav = 0.00 T = 0.04
 <-- Site =    1 .. Mmps =   15 Ndav =   1 E =   -110.0459255088 Error = 0.00e+00 FLOPS = 6.71e+07 Tdav = 0.00 T = 0.03
 <-- Site =    0 .. Mmps =   15 Ndav =   1 E =   -110.0459255088 Error = 2.34e-85 FLOPS = 2.32e+07 Tdav = 0.00 T = 0.02
Time elapsed =    247.748 | E =    -110.0459255088 | DE = -4.04e-03 | DW = 1.77815e-16
Time sweep =        8.130 | 1.62 GFLOP/SWP
 | Dmem = 105 KB (3%) | Imem = 232 B (79%) | Hmem = 503 KB | Wmem = 3.52 KB | Pmem = 3.52 KB
 | Tread = 0.182 | Twrite = 0.759 | Tfpread = 0.035 | Tfpwrite = 0.025 | Tmporead = 0.000 | Tasync = 0.000
 | data = 11.3 MB | cpsd = 7.52 MB
 | Trot = 0.038 | Tctr = 0.610 | Tint = 0.036 | Tmid = 0.000 | Tdctr = 0.012 | Tdiag = 0.033 | Tinfo = 0.261
 | Teff = 2.328 | Tprt = 0.141 | Teig = 0.281 | Tblk = 5.867 | Tmve = 2.248 | Tdm = 0.004 | Tsplt = 0.024 | Tsvd = 0.000 | Torth = 0.000

Sweep =    2 | Direction =  forward | Bond dimension =   15 | Noise =  1.00e-04 | Dav threshold =  1.00e-10
 --> Site =    0 .. Mmps =    2 Ndav =   1 E =   -110.0459255088 Error = 0.00e+00 FLOPS = 2.94e+07 Tdav = 0.00 T = 0.02
 --> Site =    1 .. Mmps =    4 Ndav =   1 E =   -110.0459255088 Error = 0.00e+00 FLOPS = 6.09e+07 Tdav = 0.00 T = 0.02
 --> Site =    2 .. Mmps =    8 Ndav =   1 E =   -110.0459255088 Error = 0.00e+00 FLOPS = 1.52e+08 Tdav = 0.00 T = 0.02
 --> Site =    3 .. Mmps =   15 Ndav =   1 E =   -110.0459255088 Error = 4.67e-24 FLOPS = 4.25e+08 Tdav = 0.00 T = 0.02
 --> Site =    4 .. Mmps =   15 Ndav =   1 E =   -110.0459255088 Error = 5.70e-21 FLOPS = 9.09e+08 Tdav = 0.00 T = 0.03
 --> Site =    5 .. Mmps =   15 Ndav =   7 E =   -110.0459255127 Error = 4.29e-19 FLOPS = 2.75e+09 Tdav = 0.00 T = 0.03
 --> Site =    6 .. Mmps =   15 Ndav =   9 E =   -110.0459255456 Error = 1.11e-19 FLOPS = 3.03e+09 Tdav = 0.00 T = 0.02
 --> Site =    7 .. Mmps =   15 Ndav =  15 E =   -110.0459269840 Error = 1.79e-18 FLOPS = 2.47e+09 Tdav = 0.00 T = 0.03
 --> Site =    8 .. Mmps =   15 Ndav =  11 E =   -110.0459362495 Error = 9.00e-19 FLOPS = 3.23e+09 Tdav = 0.00 T = 0.03
 --> Site =    9 .. Mmps =   15 Ndav =  14 E =   -110.0459372997 Error = 1.31e-18 FLOPS = 2.99e+09 Tdav = 0.00 T = 0.03
 --> Site =   10 .. Mmps =   15 Ndav =  11 E =   -110.0459453510 Error = 1.31e-19 FLOPS = 3.43e+09 Tdav = 0.00 T = 0.03
 --> Site =   11 .. Mmps =   15 Ndav =   9 E =   -110.0459458477 Error = 2.66e-19 FLOPS = 3.73e+09 Tdav = 0.00 T = 0.03
 --> Site =   12 .. Mmps =   15 Ndav =   8 E =   -110.0459461637 Error = 1.93e-18 FLOPS = 3.98e+09 Tdav = 0.00 T = 0.03
 --> Site =   13 .. Mmps =   15 Ndav =   8 E =   -110.0459462267 Error = 4.05e-19 FLOPS = 3.93e+09 Tdav = 0.00 T = 0.03
 --> Site =   14 .. Mmps =   15 Ndav =   7 E =   -110.0459462670 Error = 7.79e-19 FLOPS = 3.91e+09 Tdav = 0.00 T = 0.03
 --> Site =   15 .. Mmps =   15 Ndav =   6 E =   -110.0459462823 Error = 1.33e-18 FLOPS = 4.15e+09 Tdav = 0.00 T = 0.03
 --> Site =   16 .. Mmps =   15 Ndav =   8 E =   -110.0459463843 Error = 1.37e-18 FLOPS = 4.37e+09 Tdav = 0.00 T = 0.03
 --> Site =   17 .. Mmps =   15 Ndav =   9 E =   -110.0459464040 Error = 4.00e-18 FLOPS = 4.70e+09 Tdav = 0.00 T = 0.03
 --> Site =   18 .. Mmps =   15 Ndav =   9 E =   -110.0459464844 Error = 6.17e-19 FLOPS = 5.00e+09 Tdav = 0.00 T = 0.03
 --> Site =   19 .. Mmps =   15 Ndav =  13 E =   -110.0459465479 Error = 8.77e-19 FLOPS = 4.66e+09 Tdav = 0.00 T = 0.03
 --> Site =   20 .. Mmps =   15 Ndav =   9 E =   -110.0459466025 Error = 1.06e-18 FLOPS = 4.89e+09 Tdav = 0.00 T = 0.03
 --> Site =   21 .. Mmps =   15 Ndav =  10 E =   -110.0459467132 Error = 6.93e-19 FLOPS = 4.94e+09 Tdav = 0.00 T = 0.05
 --> Site =   22 .. Mmps =   15 Ndav =   9 E =   -110.0459468512 Error = 5.62e-19 FLOPS = 4.94e+09 Tdav = 0.00 T = 0.03
 --> Site =   23 .. Mmps =   15 Ndav =  11 E =   -110.0459478292 Error = 3.70e-19 FLOPS = 4.98e+09 Tdav = 0.00 T = 0.03
 --> Site =   24 .. Mmps =   15 Ndav =   9 E =   -110.0459504094 Error = 4.46e-20 FLOPS = 5.34e+09 Tdav = 0.00 T = 0.03
 --> Site =   25 .. Mmps =   15 Ndav =  10 E =   -110.0459513933 Error = 7.01e-19 FLOPS = 5.34e+09 Tdav = 0.00 T = 0.03
 --> Site =   26 .. Mmps =   15 Ndav =  11 E =   -110.0459586231 Error = 1.14e-18 FLOPS = 5.58e+09 Tdav = 0.00 T = 0.03
 --> Site =   27 .. Mmps =   15 Ndav =  10 E =   -110.0459597952 Error = 2.74e-19 FLOPS = 6.03e+09 Tdav = 0.00 T = 0.04
 --> Site =   28 .. Mmps =   15 Ndav =   9 E =   -110.0459613965 Error = 1.77e-18 FLOPS = 6.73e+09 Tdav = 0.00 T = 0.04
 --> Site =   29 .. Mmps =   15 Ndav =   9 E =   -110.0459618541 Error = 1.20e-18 FLOPS = 6.57e+09 Tdav = 0.00 T = 0.06
 --> Site =   30 .. Mmps =   15 Ndav =   9 E =   -110.0459651641 Error = 3.45e-18 FLOPS = 6.44e+09 Tdav = 0.00 T = 0.04
 --> Site =   31 .. Mmps =   15 Ndav =  10 E =   -110.0459659023 Error = 6.62e-19 FLOPS = 6.32e+09 Tdav = 0.00 T = 0.05
 --> Site =   32 .. Mmps =   15 Ndav =   8 E =   -110.0459677155 Error = 2.05e-19 FLOPS = 6.39e+09 Tdav = 0.00 T = 0.04
 --> Site =   33 .. Mmps =   15 Ndav =  12 E =   -110.0459708889 Error = 1.79e-18 FLOPS = 6.28e+09 Tdav = 0.00 T = 0.04
 --> Site =   34 .. Mmps =   15 Ndav =  14 E =   -110.0460025598 Error = 4.33e-19 FLOPS = 6.05e+09 Tdav = 0.00 T = 0.04
 --> Site =   35 .. Mmps =   15 Ndav =  15 E =   -110.0460628226 Error = 1.44e-18 FLOPS = 6.27e+09 Tdav = 0.00 T = 0.04
 --> Site =   36 .. Mmps =   15 Ndav =  14 E =   -110.0461042045 Error = 4.04e-19 FLOPS = 6.62e+09 Tdav = 0.00 T = 0.04
 --> Site =   37 .. Mmps =   15 Ndav =  12 E =   -110.0461115533 Error = 1.19e-18 FLOPS = 6.51e+09 Tdav = 0.00 T = 0.04
 --> Site =   38 .. Mmps =   15 Ndav =  10 E =   -110.0461242956 Error = 8.25e-19 FLOPS = 6.69e+09 Tdav = 0.00 T = 0.04
 --> Site =   39 .. Mmps =   15 Ndav =  16 E =   -110.0461522986 Error = 2.30e-18 FLOPS = 5.97e+09 Tdav = 0.00 T = 0.04
 --> Site =   40 .. Mmps =   15 Ndav =  12 E =   -110.0461565371 Error = 2.96e-19 FLOPS = 6.63e+09 Tdav = 0.00 T = 0.05
 --> Site =   41 .. Mmps =   15 Ndav =  11 E =   -110.0461570518 Error = 2.18e-18 FLOPS = 6.55e+09 Tdav = 0.00 T = 0.05
 --> Site =   42 .. Mmps =   15 Ndav =   6 E =   -110.0461572846 Error = 4.08e-18 FLOPS = 6.90e+09 Tdav = 0.00 T = 0.06
 --> Site =   43 .. Mmps =   15 Ndav =  11 E =   -110.0461583724 Error = 2.93e-19 FLOPS = 6.63e+09 Tdav = 0.00 T = 0.05
 --> Site =   44 .. Mmps =   15 Ndav =   8 E =   -110.0461586904 Error = 7.34e-19 FLOPS = 6.93e+09 Tdav = 0.00 T = 0.04
 --> Site =   45 .. Mmps =   15 Ndav =  10 E =   -110.0461595065 Error = 5.02e-19 FLOPS = 6.51e+09 Tdav = 0.00 T = 0.05
 --> Site =   46 .. Mmps =   15 Ndav =   8 E =   -110.0461598009 Error = 1.30e-18 FLOPS = 6.31e+09 Tdav = 0.00 T = 0.05
 --> Site =   47 .. Mmps =   15 Ndav =  10 E =   -110.0461610604 Error = 1.07e-18 FLOPS = 6.51e+09 Tdav = 0.00 T = 0.05
 --> Site =   48 .. Mmps =   15 Ndav =   7 E =   -110.0461616155 Error = 1.04e-18 FLOPS = 6.47e+09 Tdav = 0.00 T = 0.14
 --> Site =   49 .. Mmps =   15 Ndav =  13 E =   -110.0461999892 Error = 2.76e-18 FLOPS = 6.95e+09 Tdav = 0.00 T = 0.04
 --> Site =   50 .. Mmps =   15 Ndav =  10 E =   -110.0462025203 Error = 5.50e-19 FLOPS = 7.25e+09 Tdav = 0.00 T = 0.05
 --> Site =   51 .. Mmps =   15 Ndav =  14 E =   -110.0462115897 Error = 1.12e-18 FLOPS = 6.34e+09 Tdav = 0.00 T = 0.06
 --> Site =   52 .. Mmps =   15 Ndav =  17 E =   -110.0462166393 Error = 6.95e-20 FLOPS = 6.61e+09 Tdav = 0.00 T = 0.06
 --> Site =   53 .. Mmps =   15 Ndav =  17 E =   -110.0462568240 Error = 2.49e-18 FLOPS = 5.98e+09 Tdav = 0.00 T = 0.05
 --> Site =   54 .. Mmps =   15 Ndav =  16 E =   -110.0462673964 Error = 9.57e-19 FLOPS = 6.69e+09 Tdav = 0.00 T = 0.05
 --> Site =   55 .. Mmps =   15 Ndav =  11 E =   -110.0462701983 Error = 1.34e-17 FLOPS = 7.56e+09 Tdav = 0.00 T = 0.05
 --> Site =   56 .. Mmps =   15 Ndav =  11 E =   -110.0462715772 Error = 1.05e-19 FLOPS = 6.94e+09 Tdav = 0.00 T = 0.05
 --> Site =   57 .. Mmps =   15 Ndav =  13 E =   -110.0462777050 Error = 6.11e-19 FLOPS = 6.73e+09 Tdav = 0.00 T = 0.05
 --> Site =   58 .. Mmps =   15 Ndav =  14 E =   -110.0462828179 Error = 2.08e-19 FLOPS = 6.56e+09 Tdav = 0.00 T = 0.06
 --> Site =   59 .. Mmps =   15 Ndav =  11 E =   -110.0462859370 Error = 1.54e-19 FLOPS = 6.95e+09 Tdav = 0.00 T = 0.05
 --> Site =   60 .. Mmps =   15 Ndav =  10 E =   -110.0462894566 Error = 3.82e-19 FLOPS = 6.62e+09 Tdav = 0.00 T = 0.05
 --> Site =   61 .. Mmps =   15 Ndav =  13 E =   -110.0462980566 Error = 1.03e-18 FLOPS = 7.55e+09 Tdav = 0.00 T = 0.05
 --> Site =   62 .. Mmps =   15 Ndav =  21 E =   -110.0463351687 Error = 9.25e-19 FLOPS = 5.89e+09 Tdav = 0.00 T = 0.05
 --> Site =   63 .. Mmps =   15 Ndav =  17 E =   -110.0463517037 Error = 3.99e-19 FLOPS = 6.60e+09 Tdav = 0.00 T = 0.05
 --> Site =   64 .. Mmps =   15 Ndav =  21 E =   -110.0463601541 Error = 2.69e-19 FLOPS = 6.01e+09 Tdav = 0.00 T = 0.05
 --> Site =   65 .. Mmps =   15 Ndav =  13 E =   -110.0463610564 Error = 5.03e-19 FLOPS = 7.16e+09 Tdav = 0.00 T = 0.05
 --> Site =   66 .. Mmps =   15 Ndav =  11 E =   -110.0463623327 Error = 9.31e-19 FLOPS = 6.97e+09 Tdav = 0.00 T = 0.05
 --> Site =   67 .. Mmps =   15 Ndav =  13 E =   -110.0463651841 Error = 3.70e-18 FLOPS = 6.89e+09 Tdav = 0.00 T = 0.06
 --> Site =   68 .. Mmps =   15 Ndav =  11 E =   -110.0463668863 Error = 4.20e-18 FLOPS = 7.04e+09 Tdav = 0.00 T = 0.05
 --> Site =   69 .. Mmps =   15 Ndav =  14 E =   -110.0463690772 Error = 1.84e-18 FLOPS = 6.71e+09 Tdav = 0.00 T = 0.06
 --> Site =   70 .. Mmps =   15 Ndav =  11 E =   -110.0463691321 Error = 6.63e-19 FLOPS = 7.86e+09 Tdav = 0.00 T = 0.05
 --> Site =   71 .. Mmps =   15 Ndav =  17 E =   -110.0463865532 Error = 4.07e-18 FLOPS = 7.04e+09 Tdav = 0.00 T = 0.05
 --> Site =   72 .. Mmps =   15 Ndav =   9 E =   -110.0463866430 Error = 1.84e-18 FLOPS = 7.12e+09 Tdav = 0.00 T = 0.05
 --> Site =   73 .. Mmps =   15 Ndav =  12 E =   -110.0464013574 Error = 2.79e-18 FLOPS = 6.96e+09 Tdav = 0.00 T = 0.05
 --> Site =   74 .. Mmps =   15 Ndav =   7 E =   -110.0464017309 Error = 2.15e-19 FLOPS = 7.09e+09 Tdav = 0.00 T = 0.05
 --> Site =   75 .. Mmps =   15 Ndav =  12 E =   -110.0464082008 Error = 3.08e-19 FLOPS = 6.90e+09 Tdav = 0.00 T = 0.05
 --> Site =   76 .. Mmps =   15 Ndav =  10 E =   -110.0464086362 Error = 6.91e-20 FLOPS = 7.09e+09 Tdav = 0.00 T = 0.06
 --> Site =   77 .. Mmps =   15 Ndav =  14 E =   -110.0464100219 Error = 9.22e-19 FLOPS = 6.70e+09 Tdav = 0.00 T = 0.05
 --> Site =   78 .. Mmps =   15 Ndav =  10 E =   -110.0464110493 Error = 4.72e-18 FLOPS = 7.22e+09 Tdav = 0.00 T = 0.05
 --> Site =   79 .. Mmps =   15 Ndav =  11 E =   -110.0464112773 Error = 1.00e-18 FLOPS = 7.18e+09 Tdav = 0.00 T = 0.07
 --> Site =   80 .. Mmps =   15 Ndav =  10 E =   -110.0464116848 Error = 2.70e-19 FLOPS = 8.03e+09 Tdav = 0.00 T = 0.06
 --> Site =   81 .. Mmps =   15 Ndav =  13 E =   -110.0464120385 Error = 9.07e-18 FLOPS = 7.83e+09 Tdav = 0.00 T = 0.05
 --> Site =   82 .. Mmps =   15 Ndav =  12 E =   -110.0464138746 Error = 5.24e-18 FLOPS = 7.55e+09 Tdav = 0.00 T = 0.05
 --> Site =   83 .. Mmps =   15 Ndav =   9 E =   -110.0464139892 Error = 3.71e-18 FLOPS = 7.91e+09 Tdav = 0.00 T = 0.05
 --> Site =   84 .. Mmps =   15 Ndav =  11 E =   -110.0464149364 Error = 6.48e-18 FLOPS = 7.70e+09 Tdav = 0.00 T = 0.05
 --> Site =   85 .. Mmps =   15 Ndav =   8 E =   -110.0464150355 Error = 3.98e-18 FLOPS = 7.89e+09 Tdav = 0.00 T = 0.05
 --> Site =   86 .. Mmps =   15 Ndav =  11 E =   -110.0464162405 Error = 1.58e-18 FLOPS = 7.63e+09 Tdav = 0.00 T = 0.06
 --> Site =   87 .. Mmps =   15 Ndav =  10 E =   -110.0464170831 Error = 9.81e-18 FLOPS = 7.14e+09 Tdav = 0.00 T = 0.05
 --> Site =   88 .. Mmps =   15 Ndav =  10 E =   -110.0464177927 Error = 2.49e-19 FLOPS = 7.03e+09 Tdav = 0.00 T = 0.06
 --> Site =   89 .. Mmps =   15 Ndav =  11 E =   -110.0464179268 Error = 7.95e-20 FLOPS = 7.17e+09 Tdav = 0.00 T = 0.05
 --> Site =   90 .. Mmps =   15 Ndav =  11 E =   -110.0464217064 Error = 1.77e-17 FLOPS = 7.23e+09 Tdav = 0.00 T = 0.06
 --> Site =   91 .. Mmps =   15 Ndav =  12 E =   -110.0464221839 Error = 1.08e-18 FLOPS = 7.02e+09 Tdav = 0.00 T = 0.06
 --> Site =   92 .. Mmps =   15 Ndav =  13 E =   -110.0464694247 Error = 5.96e-18 FLOPS = 7.28e+09 Tdav = 0.00 T = 0.06
 --> Site =   93 .. Mmps =   15 Ndav =  10 E =   -110.0464695254 Error = 4.58e-19 FLOPS = 8.21e+09 Tdav = 0.00 T = 0.05
 --> Site =   94 .. Mmps =   15 Ndav =   6 E =   -110.0464696866 Error = 1.83e-18 FLOPS = 6.61e+09 Tdav = 0.00 T = 0.06
 --> Site =   95 .. Mmps =   15 Ndav =  10 E =   -110.0464703302 Error = 7.99e-19 FLOPS = 7.17e+09 Tdav = 0.00 T = 0.06
 --> Site =   96 .. Mmps =   15 Ndav =  15 E =   -110.0464844180 Error = 3.71e-18 FLOPS = 6.65e+09 Tdav = 0.00 T = 0.06
 --> Site =   97 .. Mmps =   15 Ndav =  12 E =   -110.0464852197 Error = 1.93e-18 FLOPS = 7.02e+09 Tdav = 0.00 T = 0.06
 --> Site =   98 .. Mmps =   15 Ndav =  11 E =   -110.0464887979 Error = 1.09e-18 FLOPS = 7.78e+09 Tdav = 0.00 T = 0.05
 --> Site =   99 .. Mmps =   15 Ndav =  11 E =   -110.0464892660 Error = 2.59e-18 FLOPS = 7.92e+09 Tdav = 0.00 T = 0.05
 --> Site =  100 .. Mmps =   15 Ndav =  10 E =   -110.0465037542 Error = 6.18e-19 FLOPS = 7.97e+09 Tdav = 0.00 T = 0.05
 --> Site =  101 .. Mmps =   15 Ndav =  12 E =   -110.0465071615 Error = 1.08e-18 FLOPS = 7.77e+09 Tdav = 0.00 T = 0.06
 --> Site =  102 .. Mmps =   15 Ndav =   9 E =   -110.0465086845 Error = 1.32e-18 FLOPS = 7.84e+09 Tdav = 0.00 T = 0.05
 --> Site =  103 .. Mmps =   15 Ndav =  16 E =   -110.0465437197 Error = 1.38e-18 FLOPS = 6.34e+09 Tdav = 0.00 T = 0.05
 --> Site =  104 .. Mmps =   15 Ndav =  17 E =   -110.0465523066 Error = 4.96e-18 FLOPS = 6.86e+09 Tdav = 0.00 T = 0.07
 --> Site =  105 .. Mmps =   15 Ndav =  16 E =   -110.0465964804 Error = 5.74e-18 FLOPS = 6.82e+09 Tdav = 0.00 T = 0.05
 --> Site =  106 .. Mmps =   15 Ndav =  20 E =   -110.0466052567 Error = 1.04e-19 FLOPS = 6.28e+09 Tdav = 0.00 T = 0.05
 --> Site =  107 .. Mmps =   15 Ndav =  13 E =   -110.0466106362 Error = 6.95e-19 FLOPS = 7.67e+09 Tdav = 0.00 T = 0.06
 --> Site =  108 .. Mmps =   15 Ndav =   8 E =   -110.0466122564 Error = 1.55e-19 FLOPS = 8.24e+09 Tdav = 0.00 T = 0.07
 --> Site =  109 .. Mmps =   15 Ndav =  11 E =   -110.0466152751 Error = 1.18e-18 FLOPS = 8.21e+09 Tdav = 0.00 T = 0.05
 --> Site =  110 .. Mmps =   15 Ndav =  11 E =   -110.0466211170 Error = 5.90e-19 FLOPS = 7.81e+09 Tdav = 0.00 T = 0.05
 --> Site =  111 .. Mmps =   15 Ndav =  10 E =   -110.0466251904 Error = 8.32e-18 FLOPS = 8.12e+09 Tdav = 0.00 T = 0.05
 --> Site =  112 .. Mmps =   15 Ndav =  13 E =   -110.0466264772 Error = 3.07e-18 FLOPS = 7.56e+09 Tdav = 0.00 T = 0.05
 --> Site =  113 .. Mmps =   15 Ndav =  11 E =   -110.0466346598 Error = 1.42e-19 FLOPS = 7.97e+09 Tdav = 0.00 T = 0.05
 --> Site =  114 .. Mmps =   15 Ndav =  14 E =   -110.0466356403 Error = 1.01e-18 FLOPS = 7.48e+09 Tdav = 0.00 T = 0.05
 --> Site =  115 .. Mmps =   15 Ndav =  14 E =   -110.0466508713 Error = 4.24e-19 FLOPS = 7.50e+09 Tdav = 0.00 T = 0.05
 --> Site =  116 .. Mmps =   15 Ndav =  19 E =   -110.0466556843 Error = 1.32e-18 FLOPS = 6.50e+09 Tdav = 0.00 T = 0.05
 --> Site =  117 .. Mmps =   15 Ndav =  10 E =   -110.0466579952 Error = 1.55e-18 FLOPS = 8.07e+09 Tdav = 0.00 T = 0.07
 --> Site =  118 .. Mmps =   15 Ndav =  11 E =   -110.0466627136 Error = 1.21e-18 FLOPS = 7.64e+09 Tdav = 0.00 T = 0.05
 --> Site =  119 .. Mmps =   15 Ndav =  11 E =   -110.0466644677 Error = 1.61e-18 FLOPS = 7.91e+09 Tdav = 0.00 T = 0.04
 --> Site =  120 .. Mmps =   15 Ndav =  11 E =   -110.0466652583 Error = 4.59e-19 FLOPS = 7.91e+09 Tdav = 0.00 T = 0.04
 --> Site =  121 .. Mmps =   15 Ndav =   8 E =   -110.0466659522 Error = 5.77e-19 FLOPS = 8.15e+09 Tdav = 0.00 T = 0.04
 --> Site =  122 .. Mmps =   15 Ndav =  10 E =   -110.0466662947 Error = 7.19e-20 FLOPS = 8.04e+09 Tdav = 0.00 T = 0.04
 --> Site =  123 .. Mmps =   15 Ndav =   9 E =   -110.0466668897 Error = 1.03e-18 FLOPS = 7.87e+09 Tdav = 0.00 T = 0.04
 --> Site =  124 .. Mmps =   15 Ndav =   8 E =   -110.0466679992 Error = 5.97e-19 FLOPS = 7.80e+09 Tdav = 0.00 T = 0.04
 --> Site =  125 .. Mmps =   15 Ndav =  11 E =   -110.0466857921 Error = 3.17e-18 FLOPS = 7.46e+09 Tdav = 0.00 T = 0.04
 --> Site =  126 .. Mmps =   15 Ndav =   9 E =   -110.0466881822 Error = 2.99e-19 FLOPS = 7.87e+09 Tdav = 0.00 T = 0.04
 --> Site =  127 .. Mmps =   15 Ndav =  11 E =   -110.0466911796 Error = 2.43e-18 FLOPS = 7.56e+09 Tdav = 0.00 T = 0.04
 --> Site =  128 .. Mmps =   15 Ndav =  11 E =   -110.0467128922 Error = 1.08e-18 FLOPS = 7.47e+09 Tdav = 0.00 T = 0.04
 --> Site =  129 .. Mmps =   15 Ndav =  12 E =   -110.0467167962 Error = 5.46e-18 FLOPS = 7.20e+09 Tdav = 0.00 T = 0.04
 --> Site =  130 .. Mmps =   15 Ndav =   9 E =   -110.0467188324 Error = 1.14e-18 FLOPS = 7.75e+09 Tdav = 0.00 T = 0.04
 --> Site =  131 .. Mmps =   15 Ndav =  10 E =   -110.0467190473 Error = 3.10e-19 FLOPS = 7.31e+09 Tdav = 0.00 T = 0.04
 --> Site =  132 .. Mmps =   15 Ndav =   8 E =   -110.0467205179 Error = 7.52e-20 FLOPS = 7.67e+09 Tdav = 0.00 T = 0.04
 --> Site =  133 .. Mmps =   15 Ndav =  13 E =   -110.0467216370 Error = 1.37e-18 FLOPS = 6.64e+09 Tdav = 0.00 T = 0.04
 --> Site =  134 .. Mmps =   15 Ndav =   9 E =   -110.0467231290 Error = 5.47e-18 FLOPS = 7.36e+09 Tdav = 0.00 T = 0.04
 --> Site =  135 .. Mmps =   15 Ndav =   9 E =   -110.0467239607 Error = 1.86e-18 FLOPS = 7.23e+09 Tdav = 0.00 T = 0.04
 --> Site =  136 .. Mmps =   15 Ndav =  11 E =   -110.0467292133 Error = 5.80e-18 FLOPS = 6.79e+09 Tdav = 0.00 T = 0.04
 --> Site =  137 .. Mmps =   15 Ndav =  13 E =   -110.0467303978 Error = 1.10e-18 FLOPS = 6.46e+09 Tdav = 0.00 T = 0.03
 --> Site =  138 .. Mmps =   15 Ndav =   9 E =   -110.0467313420 Error = 3.42e-18 FLOPS = 7.08e+09 Tdav = 0.00 T = 0.03
 --> Site =  139 .. Mmps =   15 Ndav =  13 E =   -110.0467691707 Error = 2.08e-19 FLOPS = 6.19e+09 Tdav = 0.00 T = 0.03
 --> Site =  140 .. Mmps =   15 Ndav =  14 E =   -110.0467791030 Error = 3.54e-18 FLOPS = 5.99e+09 Tdav = 0.00 T = 0.03
 --> Site =  141 .. Mmps =   15 Ndav =  11 E =   -110.0467794650 Error = 1.18e-18 FLOPS = 6.32e+09 Tdav = 0.00 T = 0.03
 --> Site =  142 .. Mmps =   15 Ndav =  13 E =   -110.0467915922 Error = 5.82e-18 FLOPS = 5.95e+09 Tdav = 0.00 T = 0.03
 --> Site =  143 .. Mmps =   15 Ndav =  11 E =   -110.0467930640 Error = 3.95e-19 FLOPS = 6.28e+09 Tdav = 0.00 T = 0.03
 --> Site =  144 .. Mmps =   15 Ndav =   8 E =   -110.0467940934 Error = 1.25e-18 FLOPS = 6.34e+09 Tdav = 0.00 T = 0.03
 --> Site =  145 .. Mmps =   15 Ndav =  11 E =   -110.0467945134 Error = 4.36e-19 FLOPS = 6.05e+09 Tdav = 0.00 T = 0.03
 --> Site =  146 .. Mmps =   15 Ndav =  11 E =   -110.0467948553 Error = 8.90e-19 FLOPS = 5.85e+09 Tdav = 0.00 T = 0.03
 --> Site =  147 .. Mmps =   15 Ndav =  14 E =   -110.0468012892 Error = 1.44e-18 FLOPS = 5.20e+09 Tdav = 0.00 T = 0.03
 --> Site =  148 .. Mmps =   15 Ndav =  10 E =   -110.0468024130 Error = 6.97e-19 FLOPS = 5.89e+09 Tdav = 0.00 T = 0.03
 --> Site =  149 .. Mmps =   15 Ndav =  15 E =   -110.0468095880 Error = 1.67e-19 FLOPS = 4.84e+09 Tdav = 0.00 T = 0.03
 --> Site =  150 .. Mmps =   15 Ndav =   9 E =   -110.0468111057 Error = 1.31e-18 FLOPS = 5.80e+09 Tdav = 0.00 T = 0.03
 --> Site =  151 .. Mmps =   15 Ndav =  10 E =   -110.0468164361 Error = 5.62e-19 FLOPS = 5.47e+09 Tdav = 0.00 T = 0.03
 --> Site =  152 .. Mmps =   15 Ndav =   8 E =   -110.0468167099 Error = 1.09e-18 FLOPS = 4.12e+09 Tdav = 0.00 T = 0.03
 --> Site =  153 .. Mmps =   15 Ndav =  10 E =   -110.0468168129 Error = 2.29e-19 FLOPS = 4.79e+09 Tdav = 0.00 T = 0.03
 --> Site =  154 .. Mmps =   15 Ndav =   8 E =   -110.0468168665 Error = 5.04e-19 FLOPS = 4.33e+09 Tdav = 0.00 T = 0.03
 --> Site =  155 .. Mmps =   15 Ndav =   8 E =   -110.0468169052 Error = 3.67e-19 FLOPS = 4.43e+09 Tdav = 0.00 T = 0.03
 --> Site =  156 .. Mmps =   15 Ndav =   7 E =   -110.0468169677 Error = 9.58e-19 FLOPS = 4.02e+09 Tdav = 0.00 T = 0.03
 --> Site =  157 .. Mmps =   15 Ndav =  13 E =   -110.0468182636 Error = 1.65e-18 FLOPS = 3.28e+09 Tdav = 0.00 T = 0.03
 --> Site =  158 .. Mmps =   15 Ndav =   9 E =   -110.0468187288 Error = 2.00e-18 FLOPS = 3.23e+09 Tdav = 0.00 T = 0.03
 --> Site =  159 .. Mmps =   15 Ndav =  18 E =   -110.0468213611 Error = 1.56e-19 FLOPS = 2.52e+09 Tdav = 0.00 T = 0.03
 --> Site =  160 .. Mmps =   15 Ndav =  11 E =   -110.0468230233 Error = 5.78e-18 FLOPS = 3.22e+09 Tdav = 0.00 T = 0.03
 --> Site =  161 .. Mmps =   15 Ndav =  15 E =   -110.0468241718 Error = 2.34e-19 FLOPS = 2.40e+09 Tdav = 0.00 T = 0.03
 --> Site =  162 .. Mmps =   15 Ndav =  12 E =   -110.0468242662 Error = 5.61e-18 FLOPS = 2.49e+09 Tdav = 0.00 T = 0.03
 --> Site =  163 .. Mmps =   15 Ndav =  10 E =   -110.0468243313 Error = 7.70e-19 FLOPS = 2.56e+09 Tdav = 0.00 T = 0.04
 --> Site =  164 .. Mmps =   15 Ndav =   8 E =   -110.0468243396 Error = 3.38e-19 FLOPS = 2.15e+09 Tdav = 0.00 T = 0.03
 --> Site =  165 .. Mmps =   15 Ndav =   2 E =   -110.0468243396 Error = 2.20e-26 FLOPS = 6.04e+08 Tdav = 0.00 T = 0.02
 --> Site =  166 .. Mmps =   15 Ndav =   1 E =   -110.0468243396 Error = 8.34e-56 FLOPS = 1.76e+08 Tdav = 0.00 T = 0.02
 --> Site =  167 .. Mmps =   15 Ndav =   1 E =   -110.0468243396 Error = 3.97e-82 FLOPS = 8.60e+07 Tdav = 0.00 T = 0.03
 --> Site =  168 .. Mmps =   14 Ndav =   1 E =   -110.0468243396 Error = 0.00e+00 FLOPS = 2.69e+07 Tdav = 0.00 T = 0.03
Time elapsed =    254.980 | E =    -110.0468243396 | DE = -8.99e-04 | DW = 1.76811e-17
Time sweep =        7.232 | 1.38 GFLOP/SWP
 | Dmem = 105 KB (3%) | Imem = 232 B (79%) | Hmem = 503 KB | Wmem = 3.52 KB | Pmem = 3.52 KB
 | Tread = 0.195 | Twrite = 0.796 | Tfpread = 0.035 | Tfpwrite = 0.023 | Tmporead = 0.000 | Tasync = 0.000
 | data = 11.3 MB | cpsd = 8.45 MB
 | Trot = 0.034 | Tctr = 0.006 | Tint = 0.011 | Tmid = 0.000 | Tdctr = 0.122 | Tdiag = 0.026 | Tinfo = 0.202
 | Teff = 2.319 | Tprt = 0.145 | Teig = 0.228 | Tblk = 5.767 | Tmve = 1.453 | Tdm = 0.003 | Tsplt = 0.019 | Tsvd = 0.000 | Torth = 0.000

Sweep =    3 | Direction = backward | Bond dimension =   15 | Noise =  1.00e-04 | Dav threshold =  1.00e-10
 <-- Site =  168 .. Mmps =    2 Ndav =   1 E =   -110.0468243396 Error = 0.00e+00 FLOPS = 3.06e+07 Tdav = 0.00 T = 0.02
 <-- Site =  167 .. Mmps =    4 Ndav =   1 E =   -110.0468243396 Error = 0.00e+00 FLOPS = 1.11e+08 Tdav = 0.00 T = 0.02
 <-- Site =  166 .. Mmps =    8 Ndav =   1 E =   -110.0468243396 Error = 0.00e+00 FLOPS = 2.51e+08 Tdav = 0.00 T = 0.02
 <-- Site =  165 .. Mmps =   15 Ndav =   1 E =   -110.0468243396 Error = 2.10e-24 FLOPS = 4.71e+08 Tdav = 0.00 T = 0.03
 <-- Site =  164 .. Mmps =   15 Ndav =   1 E =   -110.0468243396 Error = 1.63e-21 FLOPS = 8.68e+08 Tdav = 0.00 T = 0.03
 <-- Site =  163 .. Mmps =   15 Ndav =   4 E =   -110.0468243398 Error = 7.30e-21 FLOPS = 1.98e+09 Tdav = 0.00 T = 0.03
 <-- Site =  162 .. Mmps =   15 Ndav =   4 E =   -110.0468243406 Error = 1.64e-19 FLOPS = 2.14e+09 Tdav = 0.00 T = 0.03
 <-- Site =  161 .. Mmps =   15 Ndav =   7 E =   -110.0468243479 Error = 1.08e-19 FLOPS = 2.85e+09 Tdav = 0.00 T = 0.03
 <-- Site =  160 .. Mmps =   15 Ndav =   8 E =   -110.0468245302 Error = 7.25e-20 FLOPS = 3.41e+09 Tdav = 0.00 T = 0.03
 <-- Site =  159 .. Mmps =   15 Ndav =  12 E =   -110.0468245785 Error = 1.64e-18 FLOPS = 3.39e+09 Tdav = 0.00 T = 0.03
 <-- Site =  158 .. Mmps =   15 Ndav =   9 E =   -110.0468258107 Error = 6.85e-19 FLOPS = 3.94e+09 Tdav = 0.00 T = 0.03
 <-- Site =  157 .. Mmps =   15 Ndav =   9 E =   -110.0468258636 Error = 5.69e-20 FLOPS = 3.96e+09 Tdav = 0.00 T = 0.03
 <-- Site =  156 .. Mmps =   15 Ndav =   8 E =   -110.0468262182 Error = 2.34e-18 FLOPS = 4.04e+09 Tdav = 0.00 T = 0.03
 <-- Site =  155 .. Mmps =   15 Ndav =   4 E =   -110.0468262187 Error = 1.00e-18 FLOPS = 3.63e+09 Tdav = 0.00 T = 0.03
 <-- Site =  154 .. Mmps =   15 Ndav =   5 E =   -110.0468262234 Error = 1.11e-18 FLOPS = 4.39e+09 Tdav = 0.00 T = 0.03
 <-- Site =  153 .. Mmps =   15 Ndav =   4 E =   -110.0468262243 Error = 2.88e-19 FLOPS = 4.43e+09 Tdav = 0.00 T = 0.03
 <-- Site =  152 .. Mmps =   15 Ndav =   5 E =   -110.0468262325 Error = 1.05e-19 FLOPS = 4.67e+09 Tdav = 0.00 T = 0.03
 <-- Site =  151 .. Mmps =   15 Ndav =   4 E =   -110.0468262350 Error = 9.68e-19 FLOPS = 4.09e+09 Tdav = 0.00 T = 0.03
 <-- Site =  150 .. Mmps =   15 Ndav =   8 E =   -110.0468285386 Error = 3.90e-19 FLOPS = 4.77e+09 Tdav = 0.00 T = 0.03
 <-- Site =  149 .. Mmps =   15 Ndav =   7 E =   -110.0468285496 Error = 5.42e-19 FLOPS = 5.40e+09 Tdav = 0.00 T = 0.03
 <-- Site =  148 .. Mmps =   15 Ndav =   8 E =   -110.0468300140 Error = 5.68e-19 FLOPS = 5.35e+09 Tdav = 0.00 T = 0.03
 <-- Site =  147 .. Mmps =   15 Ndav =   8 E =   -110.0468301387 Error = 3.43e-19 FLOPS = 5.51e+09 Tdav = 0.00 T = 0.03
 <-- Site =  146 .. Mmps =   15 Ndav =  12 E =   -110.0468341847 Error = 2.93e-19 FLOPS = 5.26e+09 Tdav = 0.00 T = 0.03
 <-- Site =  145 .. Mmps =   15 Ndav =   9 E =   -110.0468349069 Error = 1.24e-19 FLOPS = 5.46e+09 Tdav = 0.00 T = 0.03
 <-- Site =  144 .. Mmps =   15 Ndav =   7 E =   -110.0468363514 Error = 4.51e-19 FLOPS = 5.56e+09 Tdav = 0.00 T = 0.04
 <-- Site =  143 .. Mmps =   15 Ndav =   9 E =   -110.0468379988 Error = 5.60e-21 FLOPS = 5.68e+09 Tdav = 0.00 T = 0.04
 <-- Site =  142 .. Mmps =   15 Ndav =   8 E =   -110.0468392247 Error = 3.20e-19 FLOPS = 5.66e+09 Tdav = 0.00 T = 0.03
 <-- Site =  141 .. Mmps =   15 Ndav =   8 E =   -110.0468392909 Error = 8.97e-20 FLOPS = 5.72e+09 Tdav = 0.00 T = 0.04
 <-- Site =  140 .. Mmps =   15 Ndav =   7 E =   -110.0468393545 Error = 2.41e-17 FLOPS = 5.44e+09 Tdav = 0.00 T = 0.04
 <-- Site =  139 .. Mmps =   15 Ndav =   9 E =   -110.0468413075 Error = 9.76e-19 FLOPS = 6.03e+09 Tdav = 0.00 T = 0.04
 <-- Site =  138 .. Mmps =   15 Ndav =  10 E =   -110.0468469067 Error = 9.83e-19 FLOPS = 6.01e+09 Tdav = 0.00 T = 0.04
 <-- Site =  137 .. Mmps =   15 Ndav =  13 E =   -110.0468479191 Error = 1.55e-18 FLOPS = 5.96e+09 Tdav = 0.00 T = 0.04
 <-- Site =  136 .. Mmps =   15 Ndav =   8 E =   -110.0468485150 Error = 1.63e-17 FLOPS = 5.92e+09 Tdav = 0.00 T = 0.04
 <-- Site =  135 .. Mmps =   15 Ndav =  12 E =   -110.0468514162 Error = 3.43e-19 FLOPS = 6.09e+09 Tdav = 0.00 T = 0.04
 <-- Site =  134 .. Mmps =   15 Ndav =   9 E =   -110.0468546907 Error = 2.52e-18 FLOPS = 6.63e+09 Tdav = 0.00 T = 0.04
 <-- Site =  133 .. Mmps =   15 Ndav =  12 E =   -110.0468550016 Error = 1.10e-18 FLOPS = 6.16e+09 Tdav = 0.00 T = 0.04
 <-- Site =  132 .. Mmps =   15 Ndav =   8 E =   -110.0468554497 Error = 3.73e-18 FLOPS = 6.72e+09 Tdav = 0.00 T = 0.05
 <-- Site =  131 .. Mmps =   15 Ndav =  10 E =   -110.0468562298 Error = 4.50e-19 FLOPS = 6.70e+09 Tdav = 0.00 T = 0.05
 <-- Site =  130 .. Mmps =   15 Ndav =   6 E =   -110.0468562700 Error = 6.71e-18 FLOPS = 6.79e+09 Tdav = 0.00 T = 0.04
 <-- Site =  129 .. Mmps =   15 Ndav =   8 E =   -110.0468573558 Error = 3.02e-19 FLOPS = 6.93e+09 Tdav = 0.00 T = 0.05
 <-- Site =  128 .. Mmps =   15 Ndav =   9 E =   -110.0468574327 Error = 3.49e-19 FLOPS = 6.98e+09 Tdav = 0.00 T = 0.04
 <-- Site =  127 .. Mmps =   15 Ndav =   7 E =   -110.0468574831 Error = 2.62e-18 FLOPS = 6.81e+09 Tdav = 0.00 T = 0.05
 <-- Site =  126 .. Mmps =   15 Ndav =   7 E =   -110.0468599788 Error = 1.66e-18 FLOPS = 6.92e+09 Tdav = 0.00 T = 0.06
 <-- Site =  125 .. Mmps =   15 Ndav =   7 E =   -110.0468602078 Error = 9.09e-19 FLOPS = 7.37e+09 Tdav = 0.00 T = 0.05
 <-- Site =  124 .. Mmps =   15 Ndav =   9 E =   -110.0468625432 Error = 4.25e-19 FLOPS = 7.17e+09 Tdav = 0.00 T = 0.05
 <-- Site =  123 .. Mmps =   15 Ndav =   9 E =   -110.0468667526 Error = 1.04e-20 FLOPS = 7.31e+09 Tdav = 0.00 T = 0.05
 <-- Site =  122 .. Mmps =   15 Ndav =   9 E =   -110.0468687518 Error = 4.66e-19 FLOPS = 7.40e+09 Tdav = 0.00 T = 0.05
 <-- Site =  121 .. Mmps =   15 Ndav =  10 E =   -110.0468707436 Error = 2.92e-20 FLOPS = 7.15e+09 Tdav = 0.00 T = 0.05
 <-- Site =  120 .. Mmps =   15 Ndav =   7 E =   -110.0468708782 Error = 5.21e-19 FLOPS = 7.19e+09 Tdav = 0.00 T = 0.05
 <-- Site =  119 .. Mmps =   15 Ndav =  10 E =   -110.0468714647 Error = 2.58e-20 FLOPS = 6.96e+09 Tdav = 0.00 T = 0.06
 <-- Site =  118 .. Mmps =   15 Ndav =   8 E =   -110.0468716279 Error = 7.79e-19 FLOPS = 7.57e+09 Tdav = 0.00 T = 0.06
 <-- Site =  117 .. Mmps =   15 Ndav =   9 E =   -110.0468718810 Error = 1.92e-18 FLOPS = 7.61e+09 Tdav = 0.00 T = 0.06
 <-- Site =  116 .. Mmps =   15 Ndav =  12 E =   -110.0468731658 Error = 6.68e-19 FLOPS = 6.88e+09 Tdav = 0.00 T = 0.05
 <-- Site =  115 .. Mmps =   15 Ndav =  12 E =   -110.0468741571 Error = 5.01e-18 FLOPS = 7.07e+09 Tdav = 0.00 T = 0.06
 <-- Site =  114 .. Mmps =   15 Ndav =  13 E =   -110.0468775289 Error = 8.37e-20 FLOPS = 6.90e+09 Tdav = 0.00 T = 0.06
 <-- Site =  113 .. Mmps =   15 Ndav =   9 E =   -110.0468791309 Error = 8.02e-19 FLOPS = 7.47e+09 Tdav = 0.00 T = 0.06
 <-- Site =  112 .. Mmps =   15 Ndav =  14 E =   -110.0468802356 Error = 1.58e-19 FLOPS = 6.77e+09 Tdav = 0.00 T = 0.05
 <-- Site =  111 .. Mmps =   15 Ndav =   8 E =   -110.0468817342 Error = 1.06e-18 FLOPS = 7.40e+09 Tdav = 0.00 T = 0.07
 <-- Site =  110 .. Mmps =   15 Ndav =  10 E =   -110.0468831288 Error = 9.88e-20 FLOPS = 7.46e+09 Tdav = 0.00 T = 0.05
 <-- Site =  109 .. Mmps =   15 Ndav =   9 E =   -110.0468846058 Error = 7.85e-17 FLOPS = 6.99e+09 Tdav = 0.00 T = 0.06
 <-- Site =  108 .. Mmps =   15 Ndav =   9 E =   -110.0468853260 Error = 5.37e-20 FLOPS = 7.48e+09 Tdav = 0.00 T = 0.06
 <-- Site =  107 .. Mmps =   15 Ndav =   8 E =   -110.0468860059 Error = 8.06e-19 FLOPS = 7.41e+09 Tdav = 0.00 T = 0.06
 <-- Site =  106 .. Mmps =   15 Ndav =  22 E =   -110.0468929032 Error = 3.75e-19 FLOPS = 5.71e+09 Tdav = 0.00 T = 0.06
 <-- Site =  105 .. Mmps =   15 Ndav =  11 E =   -110.0468948677 Error = 3.74e-17 FLOPS = 7.33e+09 Tdav = 0.00 T = 0.06
 <-- Site =  104 .. Mmps =   15 Ndav =  19 E =   -110.0469087380 Error = 2.19e-18 FLOPS = 5.93e+09 Tdav = 0.00 T = 0.06
 <-- Site =  103 .. Mmps =   15 Ndav =  11 E =   -110.0469114305 Error = 8.87e-19 FLOPS = 6.92e+09 Tdav = 0.00 T = 0.09
 <-- Site =  102 .. Mmps =   15 Ndav =  11 E =   -110.0469168169 Error = 7.01e-20 FLOPS = 7.28e+09 Tdav = 0.00 T = 0.06
 <-- Site =  101 .. Mmps =   15 Ndav =  10 E =   -110.0469185672 Error = 8.00e-20 FLOPS = 7.48e+09 Tdav = 0.00 T = 0.07
 <-- Site =  100 .. Mmps =   15 Ndav =   7 E =   -110.0469192844 Error = 4.90e-19 FLOPS = 7.38e+09 Tdav = 0.00 T = 0.06
 <-- Site =   99 .. Mmps =   15 Ndav =  13 E =   -110.0469251687 Error = 7.20e-19 FLOPS = 7.22e+09 Tdav = 0.00 T = 0.06
 <-- Site =   98 .. Mmps =   15 Ndav =  10 E =   -110.0469260393 Error = 1.11e-18 FLOPS = 7.11e+09 Tdav = 0.00 T = 0.06
 <-- Site =   97 .. Mmps =   15 Ndav =  12 E =   -110.0469264039 Error = 2.02e-19 FLOPS = 6.93e+09 Tdav = 0.00 T = 0.06
 <-- Site =   96 .. Mmps =   15 Ndav =  11 E =   -110.0469272113 Error = 3.27e-19 FLOPS = 6.84e+09 Tdav = 0.00 T = 0.06
 <-- Site =   95 .. Mmps =   15 Ndav =   9 E =   -110.0469296789 Error = 2.65e-19 FLOPS = 6.99e+09 Tdav = 0.00 T = 0.06
 <-- Site =   94 .. Mmps =   15 Ndav =  12 E =   -110.0469345504 Error = 2.12e-18 FLOPS = 6.92e+09 Tdav = 0.00 T = 0.06
 <-- Site =   93 .. Mmps =   15 Ndav =   8 E =   -110.0469346054 Error = 1.86e-18 FLOPS = 7.14e+09 Tdav = 0.00 T = 0.06
 <-- Site =   92 .. Mmps =   15 Ndav =   7 E =   -110.0469346340 Error = 1.11e-19 FLOPS = 7.24e+09 Tdav = 0.00 T = 0.06
 <-- Site =   91 .. Mmps =   15 Ndav =  13 E =   -110.0469393097 Error = 6.61e-19 FLOPS = 7.31e+09 Tdav = 0.00 T = 0.06
 <-- Site =   90 .. Mmps =   15 Ndav =   8 E =   -110.0469394156 Error = 3.10e-17 FLOPS = 7.77e+09 Tdav = 0.00 T = 0.06
 <-- Site =   89 .. Mmps =   15 Ndav =   8 E =   -110.0469394328 Error = 2.08e-18 FLOPS = 7.87e+09 Tdav = 0.00 T = 0.06
 <-- Site =   88 .. Mmps =   15 Ndav =   8 E =   -110.0469394801 Error = 1.54e-17 FLOPS = 8.00e+09 Tdav = 0.00 T = 0.06
 <-- Site =   87 .. Mmps =   15 Ndav =   9 E =   -110.0469395390 Error = 2.65e-19 FLOPS = 7.72e+09 Tdav = 0.00 T = 0.05
 <-- Site =   86 .. Mmps =   15 Ndav =   8 E =   -110.0469395871 Error = 3.74e-18 FLOPS = 7.41e+09 Tdav = 0.00 T = 0.06
 <-- Site =   85 .. Mmps =   15 Ndav =   7 E =   -110.0469395952 Error = 9.19e-18 FLOPS = 7.38e+09 Tdav = 0.00 T = 0.06
 <-- Site =   84 .. Mmps =   15 Ndav =   6 E =   -110.0469396154 Error = 1.15e-17 FLOPS = 7.23e+09 Tdav = 0.00 T = 0.06
 <-- Site =   83 .. Mmps =   15 Ndav =   7 E =   -110.0469396176 Error = 2.86e-18 FLOPS = 7.77e+09 Tdav = 0.00 T = 0.06
 <-- Site =   82 .. Mmps =   15 Ndav =   8 E =   -110.0469396622 Error = 3.75e-18 FLOPS = 7.72e+09 Tdav = 0.00 T = 0.06
 <-- Site =   81 .. Mmps =   15 Ndav =  11 E =   -110.0469396990 Error = 7.54e-19 FLOPS = 7.58e+09 Tdav = 0.00 T = 0.06
 <-- Site =   80 .. Mmps =   15 Ndav =   8 E =   -110.0469398101 Error = 6.59e-18 FLOPS = 7.84e+09 Tdav = 0.00 T = 0.06
 <-- Site =   79 .. Mmps =   15 Ndav =  10 E =   -110.0469398228 Error = 3.01e-18 FLOPS = 7.80e+09 Tdav = 0.00 T = 0.05
 <-- Site =   78 .. Mmps =   15 Ndav =   9 E =   -110.0469398510 Error = 9.14e-17 FLOPS = 8.04e+09 Tdav = 0.00 T = 0.05
 <-- Site =   77 .. Mmps =   15 Ndav =  10 E =   -110.0469398774 Error = 1.15e-18 FLOPS = 8.02e+09 Tdav = 0.00 T = 0.05
 <-- Site =   76 .. Mmps =   15 Ndav =   9 E =   -110.0469399695 Error = 4.96e-19 FLOPS = 8.00e+09 Tdav = 0.00 T = 0.05
 <-- Site =   75 .. Mmps =   15 Ndav =   7 E =   -110.0469399869 Error = 2.60e-19 FLOPS = 7.98e+09 Tdav = 0.00 T = 0.05
 <-- Site =   74 .. Mmps =   15 Ndav =  10 E =   -110.0469473051 Error = 4.29e-18 FLOPS = 7.96e+09 Tdav = 0.00 T = 0.05
 <-- Site =   73 .. Mmps =   15 Ndav =   6 E =   -110.0469473178 Error = 1.17e-19 FLOPS = 7.95e+09 Tdav = 0.00 T = 0.05
 <-- Site =   72 .. Mmps =   15 Ndav =  11 E =   -110.0469483477 Error = 9.66e-19 FLOPS = 7.90e+09 Tdav = 0.00 T = 0.05
 <-- Site =   71 .. Mmps =   15 Ndav =   7 E =   -110.0469483527 Error = 1.45e-20 FLOPS = 8.00e+09 Tdav = 0.00 T = 0.05
 <-- Site =   70 .. Mmps =   15 Ndav =  11 E =   -110.0469503944 Error = 1.47e-18 FLOPS = 7.80e+09 Tdav = 0.00 T = 0.05
 <-- Site =   69 .. Mmps =   15 Ndav =   8 E =   -110.0469504057 Error = 3.59e-19 FLOPS = 8.04e+09 Tdav = 0.00 T = 0.06
 <-- Site =   68 .. Mmps =   15 Ndav =   5 E =   -110.0469505050 Error = 2.51e-19 FLOPS = 7.67e+09 Tdav = 0.00 T = 0.05
 <-- Site =   67 .. Mmps =   15 Ndav =  10 E =   -110.0469541052 Error = 2.44e-20 FLOPS = 7.94e+09 Tdav = 0.00 T = 0.05
 <-- Site =   66 .. Mmps =   15 Ndav =   9 E =   -110.0469542973 Error = 1.11e-18 FLOPS = 7.97e+09 Tdav = 0.00 T = 0.05
 <-- Site =   65 .. Mmps =   15 Ndav =   7 E =   -110.0469544667 Error = 4.80e-18 FLOPS = 7.99e+09 Tdav = 0.00 T = 0.05
 <-- Site =   64 .. Mmps =   15 Ndav =   9 E =   -110.0469552705 Error = 1.04e-18 FLOPS = 7.97e+09 Tdav = 0.00 T = 0.05
 <-- Site =   63 .. Mmps =   15 Ndav =  13 E =   -110.0469567508 Error = 2.82e-19 FLOPS = 7.50e+09 Tdav = 0.00 T = 0.05
 <-- Site =   62 .. Mmps =   15 Ndav =  19 E =   -110.0469579806 Error = 1.20e-18 FLOPS = 6.53e+09 Tdav = 0.00 T = 0.05
 <-- Site =   61 .. Mmps =   15 Ndav =  11 E =   -110.0469625314 Error = 3.56e-18 FLOPS = 7.80e+09 Tdav = 0.00 T = 0.05
 <-- Site =   60 .. Mmps =   15 Ndav =  11 E =   -110.0469657502 Error = 6.12e-19 FLOPS = 7.70e+09 Tdav = 0.00 T = 0.05
 <-- Site =   59 .. Mmps =   15 Ndav =  10 E =   -110.0469736869 Error = 1.17e-18 FLOPS = 7.83e+09 Tdav = 0.00 T = 0.05
 <-- Site =   58 .. Mmps =   15 Ndav =  13 E =   -110.0469781794 Error = 5.75e-20 FLOPS = 7.50e+09 Tdav = 0.00 T = 0.05
 <-- Site =   57 .. Mmps =   15 Ndav =  11 E =   -110.0469823352 Error = 2.43e-18 FLOPS = 7.67e+09 Tdav = 0.00 T = 0.05
 <-- Site =   56 .. Mmps =   15 Ndav =  12 E =   -110.0469849220 Error = 2.71e-20 FLOPS = 7.53e+09 Tdav = 0.00 T = 0.05
 <-- Site =   55 .. Mmps =   15 Ndav =  10 E =   -110.0469856069 Error = 6.07e-17 FLOPS = 7.85e+09 Tdav = 0.00 T = 0.05
 <-- Site =   54 .. Mmps =   15 Ndav =  15 E =   -110.0469930103 Error = 9.67e-19 FLOPS = 7.09e+09 Tdav = 0.00 T = 0.05
 <-- Site =   53 .. Mmps =   15 Ndav =  12 E =   -110.0470011531 Error = 4.51e-17 FLOPS = 7.49e+09 Tdav = 0.00 T = 0.05
 <-- Site =   52 .. Mmps =   15 Ndav =  17 E =   -110.0470109551 Error = 4.31e-18 FLOPS = 6.45e+09 Tdav = 0.00 T = 0.05
 <-- Site =   51 .. Mmps =   15 Ndav =  10 E =   -110.0470128936 Error = 4.34e-19 FLOPS = 6.65e+09 Tdav = 0.00 T = 0.05
 <-- Site =   50 .. Mmps =   15 Ndav =  11 E =   -110.0470162062 Error = 6.78e-19 FLOPS = 6.70e+09 Tdav = 0.00 T = 0.06
 <-- Site =   49 .. Mmps =   15 Ndav =   9 E =   -110.0470188098 Error = 3.95e-19 FLOPS = 6.95e+09 Tdav = 0.00 T = 0.05
 <-- Site =   48 .. Mmps =   15 Ndav =   8 E =   -110.0470194296 Error = 2.52e-18 FLOPS = 6.88e+09 Tdav = 0.00 T = 0.05
 <-- Site =   47 .. Mmps =   15 Ndav =   6 E =   -110.0470197589 Error = 6.02e-19 FLOPS = 6.73e+09 Tdav = 0.00 T = 0.05
 <-- Site =   46 .. Mmps =   15 Ndav =  10 E =   -110.0470246198 Error = 5.09e-19 FLOPS = 7.04e+09 Tdav = 0.00 T = 0.05
 <-- Site =   45 .. Mmps =   15 Ndav =   9 E =   -110.0470284465 Error = 7.19e-19 FLOPS = 6.79e+09 Tdav = 0.00 T = 0.05
 <-- Site =   44 .. Mmps =   15 Ndav =   8 E =   -110.0470294286 Error = 5.14e-20 FLOPS = 6.83e+09 Tdav = 0.00 T = 0.05
 <-- Site =   43 .. Mmps =   15 Ndav =   8 E =   -110.0470297564 Error = 1.44e-18 FLOPS = 6.90e+09 Tdav = 0.00 T = 0.05
 <-- Site =   42 .. Mmps =   15 Ndav =   9 E =   -110.0470311176 Error = 5.43e-20 FLOPS = 6.83e+09 Tdav = 0.00 T = 0.05
 <-- Site =   41 .. Mmps =   15 Ndav =  10 E =   -110.0470312716 Error = 3.40e-19 FLOPS = 6.82e+09 Tdav = 0.00 T = 0.05
 <-- Site =   40 .. Mmps =   15 Ndav =   9 E =   -110.0470329829 Error = 2.30e-18 FLOPS = 6.89e+09 Tdav = 0.00 T = 0.05
 <-- Site =   39 .. Mmps =   15 Ndav =  14 E =   -110.0470351230 Error = 2.66e-18 FLOPS = 6.20e+09 Tdav = 0.00 T = 0.05
 <-- Site =   38 .. Mmps =   15 Ndav =  11 E =   -110.0470437239 Error = 9.12e-18 FLOPS = 6.75e+09 Tdav = 0.00 T = 0.04
 <-- Site =   37 .. Mmps =   15 Ndav =  11 E =   -110.0470568377 Error = 6.33e-19 FLOPS = 7.03e+09 Tdav = 0.00 T = 0.04
 <-- Site =   36 .. Mmps =   15 Ndav =  12 E =   -110.0470714402 Error = 3.50e-18 FLOPS = 6.82e+09 Tdav = 0.00 T = 0.04
 <-- Site =   35 .. Mmps =   15 Ndav =  16 E =   -110.0470790293 Error = 3.65e-19 FLOPS = 6.13e+09 Tdav = 0.00 T = 0.04
 <-- Site =   34 .. Mmps =   15 Ndav =  12 E =   -110.0470959056 Error = 8.83e-18 FLOPS = 6.78e+09 Tdav = 0.00 T = 0.04
 <-- Site =   33 .. Mmps =   15 Ndav =  12 E =   -110.0470974238 Error = 2.84e-18 FLOPS = 6.71e+09 Tdav = 0.00 T = 0.05
 <-- Site =   32 .. Mmps =   15 Ndav =   9 E =   -110.0470997628 Error = 1.07e-18 FLOPS = 6.91e+09 Tdav = 0.00 T = 0.04
 <-- Site =   31 .. Mmps =   15 Ndav =  10 E =   -110.0471012951 Error = 1.40e-19 FLOPS = 6.82e+09 Tdav = 0.00 T = 0.04
 <-- Site =   30 .. Mmps =   15 Ndav =   9 E =   -110.0471033794 Error = 7.33e-19 FLOPS = 6.58e+09 Tdav = 0.00 T = 0.04
 <-- Site =   29 .. Mmps =   15 Ndav =  12 E =   -110.0471064645 Error = 8.93e-20 FLOPS = 5.85e+09 Tdav = 0.00 T = 0.04
 <-- Site =   28 .. Mmps =   15 Ndav =   8 E =   -110.0471068672 Error = 6.27e-18 FLOPS = 6.40e+09 Tdav = 0.00 T = 0.04
 <-- Site =   27 .. Mmps =   15 Ndav =  10 E =   -110.0471076002 Error = 1.54e-18 FLOPS = 5.97e+09 Tdav = 0.00 T = 0.05
 <-- Site =   26 .. Mmps =   15 Ndav =  14 E =   -110.0471157582 Error = 5.86e-19 FLOPS = 5.67e+09 Tdav = 0.00 T = 0.04
 <-- Site =   25 .. Mmps =   15 Ndav =  12 E =   -110.0471185159 Error = 1.18e-19 FLOPS = 5.98e+09 Tdav = 0.00 T = 0.03
 <-- Site =   24 .. Mmps =   15 Ndav =  12 E =   -110.0471215109 Error = 1.03e-19 FLOPS = 5.85e+09 Tdav = 0.00 T = 0.03
 <-- Site =   23 .. Mmps =   15 Ndav =   8 E =   -110.0471232352 Error = 3.62e-19 FLOPS = 6.24e+09 Tdav = 0.00 T = 0.03
 <-- Site =   22 .. Mmps =   15 Ndav =   9 E =   -110.0471250239 Error = 5.18e-19 FLOPS = 6.11e+09 Tdav = 0.00 T = 0.03
 <-- Site =   21 .. Mmps =   15 Ndav =   7 E =   -110.0471254246 Error = 7.08e-19 FLOPS = 6.04e+09 Tdav = 0.00 T = 0.03
 <-- Site =   20 .. Mmps =   15 Ndav =   7 E =   -110.0471258351 Error = 1.54e-19 FLOPS = 5.73e+09 Tdav = 0.00 T = 0.03
 <-- Site =   19 .. Mmps =   15 Ndav =   8 E =   -110.0471259423 Error = 1.68e-18 FLOPS = 5.73e+09 Tdav = 0.00 T = 0.03
 <-- Site =   18 .. Mmps =   15 Ndav =   8 E =   -110.0471262108 Error = 1.48e-19 FLOPS = 5.57e+09 Tdav = 0.00 T = 0.03
 <-- Site =   17 .. Mmps =   15 Ndav =  13 E =   -110.0471264777 Error = 7.44e-19 FLOPS = 4.85e+09 Tdav = 0.00 T = 0.03
 <-- Site =   16 .. Mmps =   15 Ndav =   8 E =   -110.0471266818 Error = 8.66e-19 FLOPS = 5.41e+09 Tdav = 0.00 T = 0.03
 <-- Site =   15 .. Mmps =   15 Ndav =  11 E =   -110.0471267905 Error = 2.23e-19 FLOPS = 4.85e+09 Tdav = 0.00 T = 0.03
 <-- Site =   14 .. Mmps =   15 Ndav =   7 E =   -110.0471268049 Error = 1.15e-18 FLOPS = 4.96e+09 Tdav = 0.00 T = 0.03
 <-- Site =   13 .. Mmps =   15 Ndav =   8 E =   -110.0471268253 Error = 3.08e-19 FLOPS = 4.86e+09 Tdav = 0.00 T = 0.03
 <-- Site =   12 .. Mmps =   15 Ndav =   5 E =   -110.0471268385 Error = 6.69e-18 FLOPS = 4.44e+09 Tdav = 0.00 T = 0.03
 <-- Site =   11 .. Mmps =   15 Ndav =   8 E =   -110.0471268832 Error = 6.16e-19 FLOPS = 4.40e+09 Tdav = 0.00 T = 0.03
 <-- Site =   10 .. Mmps =   15 Ndav =   7 E =   -110.0471272942 Error = 6.97e-17 FLOPS = 4.24e+09 Tdav = 0.00 T = 0.03
 <-- Site =    9 .. Mmps =   15 Ndav =  13 E =   -110.0471285587 Error = 4.06e-19 FLOPS = 3.52e+09 Tdav = 0.00 T = 0.03
 <-- Site =    8 .. Mmps =   15 Ndav =   9 E =   -110.0471293803 Error = 9.81e-17 FLOPS = 3.78e+09 Tdav = 0.00 T = 0.03
 <-- Site =    7 .. Mmps =   15 Ndav =  17 E =   -110.0471346226 Error = 1.16e-18 FLOPS = 2.53e+09 Tdav = 0.00 T = 0.03
 <-- Site =    6 .. Mmps =   15 Ndav =  12 E =   -110.0471352938 Error = 4.62e-17 FLOPS = 2.97e+09 Tdav = 0.00 T = 0.02
 <-- Site =    5 .. Mmps =   15 Ndav =  14 E =   -110.0471353738 Error = 1.92e-18 FLOPS = 2.48e+09 Tdav = 0.00 T = 0.03
 <-- Site =    4 .. Mmps =   15 Ndav =   7 E =   -110.0471353784 Error = 3.22e-18 FLOPS = 2.75e+09 Tdav = 0.00 T = 0.03
 <-- Site =    3 .. Mmps =   15 Ndav =   2 E =   -110.0471353784 Error = 8.68e-27 FLOPS = 7.20e+08 Tdav = 0.00 T = 0.03
 <-- Site =    2 .. Mmps =   15 Ndav =   1 E =   -110.0471353784 Error = 4.70e-51 FLOPS = 1.89e+08 Tdav = 0.00 T = 0.02
 <-- Site =    1 .. Mmps =   15 Ndav =   1 E =   -110.0471353784 Error = 6.79e-76 FLOPS = 7.01e+07 Tdav = 0.00 T = 0.03
 <-- Site =    0 .. Mmps =   13 Ndav =   1 E =   -110.0471353784 Error = 0.00e+00 FLOPS = 2.24e+07 Tdav = 0.00 T = 0.02
Time elapsed =    262.536 | E =    -110.0471353784 | DE = -3.11e-04 | DW = 9.80597e-17
Time sweep =        7.556 | 1.18 GFLOP/SWP
 | Dmem = 105 KB (3%) | Imem = 232 B (79%) | Hmem = 503 KB | Wmem = 3.52 KB | Pmem = 3.52 KB
 | Tread = 0.177 | Twrite = 0.764 | Tfpread = 0.033 | Tfpwrite = 0.023 | Tmporead = 0.000 | Tasync = 0.000
 | data = 11.3 MB | cpsd = 7.51 MB
 | Trot = 0.034 | Tctr = 0.521 | Tint = 0.010 | Tmid = 0.000 | Tdctr = 0.010 | Tdiag = 0.027 | Tinfo = 0.208
 | Teff = 2.207 | Tprt = 0.124 | Teig = 0.190 | Tblk = 5.493 | Tmve = 2.051 | Tdm = 0.003 | Tsplt = 0.023 | Tsvd = 0.000 | Torth = 0.000

Sweep =    4 | Direction =  forward | Bond dimension =   25 | Noise =  1.00e-05 | Dav threshold =  1.00e-10
 --> Site =    0 .. Mmps =    2 Ndav =   1 E =   -110.0471353784 Error = 0.00e+00 FLOPS = 2.42e+07 Tdav = 0.00 T = 0.02
 --> Site =    1 .. Mmps =    4 Ndav =   1 E =   -110.0471353784 Error = 0.00e+00 FLOPS = 5.71e+07 Tdav = 0.00 T = 0.02
 --> Site =    2 .. Mmps =    8 Ndav =   1 E =   -110.0471353784 Error = 0.00e+00 FLOPS = 1.34e+08 Tdav = 0.00 T = 0.02
 --> Site =    3 .. Mmps =   16 Ndav =   1 E =   -110.0471353784 Error = 0.00e+00 FLOPS = 3.60e+08 Tdav = 0.00 T = 0.03
 --> Site =    4 .. Mmps =   24 Ndav =   2 E =   -110.0471353784 Error = 0.00e+00 FLOPS = 1.18e+09 Tdav = 0.00 T = 0.02
 --> Site =    5 .. Mmps =   25 Ndav =   8 E =   -110.0471353877 Error = 1.45e-25 FLOPS = 4.41e+09 Tdav = 0.00 T = 0.03
 --> Site =    6 .. Mmps =   25 Ndav =  10 E =   -110.0471355174 Error = 2.59e-24 FLOPS = 4.96e+09 Tdav = 0.00 T = 0.03
 --> Site =    7 .. Mmps =   25 Ndav =  13 E =   -110.0471359285 Error = 2.95e-24 FLOPS = 4.84e+09 Tdav = 0.00 T = 0.03
 --> Site =    8 .. Mmps =   25 Ndav =  14 E =   -110.0471454178 Error = 5.07e-23 FLOPS = 5.15e+09 Tdav = 0.00 T = 0.03
 --> Site =    9 .. Mmps =   25 Ndav =  16 E =   -110.0471487078 Error = 3.00e-23 FLOPS = 4.93e+09 Tdav = 0.00 T = 0.04
 --> Site =   10 .. Mmps =   25 Ndav =  13 E =   -110.0471788920 Error = 3.18e-22 FLOPS = 5.79e+09 Tdav = 0.00 T = 0.03
 --> Site =   11 .. Mmps =   25 Ndav =  15 E =   -110.0471882129 Error = 4.43e-24 FLOPS = 5.67e+09 Tdav = 0.00 T = 0.03
 --> Site =   12 .. Mmps =   25 Ndav =  13 E =   -110.0472105470 Error = 4.97e-23 FLOPS = 6.16e+09 Tdav = 0.00 T = 0.03
 --> Site =   13 .. Mmps =   25 Ndav =  12 E =   -110.0472160622 Error = 4.23e-24 FLOPS = 6.91e+09 Tdav = 0.00 T = 0.03
 --> Site =   14 .. Mmps =   25 Ndav =   7 E =   -110.0472173574 Error = 2.19e-23 FLOPS = 7.78e+09 Tdav = 0.00 T = 0.03
 --> Site =   15 .. Mmps =   25 Ndav =  10 E =   -110.0472187180 Error = 1.49e-23 FLOPS = 7.18e+09 Tdav = 0.00 T = 0.03
 --> Site =   16 .. Mmps =   25 Ndav =  10 E =   -110.0472214411 Error = 1.97e-22 FLOPS = 7.95e+09 Tdav = 0.00 T = 0.03
 --> Site =   17 .. Mmps =   25 Ndav =  11 E =   -110.0472230295 Error = 7.37e-24 FLOPS = 7.77e+09 Tdav = 0.00 T = 0.03
 --> Site =   18 .. Mmps =   25 Ndav =   9 E =   -110.0472236309 Error = 1.80e-22 FLOPS = 8.14e+09 Tdav = 0.00 T = 0.03
 --> Site =   19 .. Mmps =   25 Ndav =  15 E =   -110.0472250944 Error = 4.58e-23 FLOPS = 7.33e+09 Tdav = 0.00 T = 0.04
 --> Site =   20 .. Mmps =   25 Ndav =   8 E =   -110.0472260320 Error = 3.34e-23 FLOPS = 8.93e+09 Tdav = 0.00 T = 0.04
 --> Site =   21 .. Mmps =   25 Ndav =  12 E =   -110.0472278921 Error = 2.32e-23 FLOPS = 8.60e+09 Tdav = 0.00 T = 0.04
 --> Site =   22 .. Mmps =   25 Ndav =   9 E =   -110.0472295903 Error = 5.12e-24 FLOPS = 9.23e+09 Tdav = 0.00 T = 0.04
 --> Site =   23 .. Mmps =   25 Ndav =  13 E =   -110.0472301869 Error = 1.82e-23 FLOPS = 8.79e+09 Tdav = 0.00 T = 0.04
 --> Site =   24 .. Mmps =   25 Ndav =   8 E =   -110.0472313697 Error = 1.18e-23 FLOPS = 9.70e+09 Tdav = 0.00 T = 0.04
 --> Site =   25 .. Mmps =   25 Ndav =  11 E =   -110.0472384486 Error = 7.10e-24 FLOPS = 8.39e+09 Tdav = 0.00 T = 0.04
 --> Site =   26 .. Mmps =   25 Ndav =  11 E =   -110.0472429867 Error = 1.84e-23 FLOPS = 8.75e+09 Tdav = 0.00 T = 0.06
 --> Site =   27 .. Mmps =   25 Ndav =  11 E =   -110.0472513529 Error = 1.43e-22 FLOPS = 8.90e+09 Tdav = 0.00 T = 0.04
 --> Site =   28 .. Mmps =   25 Ndav =  12 E =   -110.0472659141 Error = 2.43e-22 FLOPS = 8.55e+09 Tdav = 0.00 T = 0.05
 --> Site =   29 .. Mmps =   25 Ndav =  12 E =   -110.0472714981 Error = 4.90e-22 FLOPS = 9.32e+09 Tdav = 0.00 T = 0.05
 --> Site =   30 .. Mmps =   25 Ndav =  10 E =   -110.0472794826 Error = 9.99e-23 FLOPS = 1.02e+10 Tdav = 0.00 T = 0.05
 --> Site =   31 .. Mmps =   25 Ndav =  15 E =   -110.0472890956 Error = 1.99e-22 FLOPS = 9.20e+09 Tdav = 0.00 T = 0.06
 --> Site =   32 .. Mmps =   25 Ndav =  11 E =   -110.0472976734 Error = 7.19e-23 FLOPS = 1.04e+10 Tdav = 0.00 T = 0.06
 --> Site =   33 .. Mmps =   25 Ndav =  16 E =   -110.0473071002 Error = 5.81e-23 FLOPS = 9.40e+09 Tdav = 0.00 T = 0.06
 --> Site =   34 .. Mmps =   25 Ndav =  10 E =   -110.0473145537 Error = 2.34e-23 FLOPS = 1.09e+10 Tdav = 0.00 T = 0.05
 --> Site =   35 .. Mmps =   25 Ndav =  18 E =   -110.0473309270 Error = 1.12e-23 FLOPS = 9.12e+09 Tdav = 0.00 T = 0.05
 --> Site =   36 .. Mmps =   25 Ndav =  11 E =   -110.0473368590 Error = 1.95e-23 FLOPS = 1.07e+10 Tdav = 0.00 T = 0.05
 --> Site =   37 .. Mmps =   25 Ndav =  14 E =   -110.0473484377 Error = 2.61e-23 FLOPS = 9.49e+09 Tdav = 0.00 T = 0.06
 --> Site =   38 .. Mmps =   25 Ndav =  12 E =   -110.0473876582 Error = 2.15e-23 FLOPS = 9.33e+09 Tdav = 0.00 T = 0.06
 --> Site =   39 .. Mmps =   25 Ndav =  15 E =   -110.0473970575 Error = 4.63e-23 FLOPS = 8.88e+09 Tdav = 0.00 T = 0.06
 --> Site =   40 .. Mmps =   25 Ndav =  12 E =   -110.0474030463 Error = 2.03e-22 FLOPS = 9.76e+09 Tdav = 0.00 T = 0.06
 --> Site =   41 .. Mmps =   25 Ndav =  11 E =   -110.0474045393 Error = 2.32e-23 FLOPS = 9.82e+09 Tdav = 0.00 T = 0.06
 --> Site =   42 .. Mmps =   25 Ndav =   6 E =   -110.0474047596 Error = 2.30e-23 FLOPS = 1.03e+10 Tdav = 0.00 T = 0.07
 --> Site =   43 .. Mmps =   25 Ndav =   9 E =   -110.0474051543 Error = 1.12e-24 FLOPS = 1.11e+10 Tdav = 0.00 T = 0.06
 --> Site =   44 .. Mmps =   25 Ndav =   7 E =   -110.0474056200 Error = 2.35e-23 FLOPS = 1.13e+10 Tdav = 0.00 T = 0.06
 --> Site =   45 .. Mmps =   25 Ndav =   8 E =   -110.0474068724 Error = 3.89e-24 FLOPS = 1.16e+10 Tdav = 0.00 T = 0.07
 --> Site =   46 .. Mmps =   25 Ndav =   6 E =   -110.0474071441 Error = 4.74e-25 FLOPS = 1.14e+10 Tdav = 0.00 T = 0.07
 --> Site =   47 .. Mmps =   25 Ndav =   8 E =   -110.0474082421 Error = 5.87e-25 FLOPS = 1.17e+10 Tdav = 0.00 T = 0.07
 --> Site =   48 .. Mmps =   25 Ndav =   7 E =   -110.0474091381 Error = 1.62e-25 FLOPS = 1.20e+10 Tdav = 0.00 T = 0.07
 --> Site =   49 .. Mmps =   25 Ndav =  12 E =   -110.0474145388 Error = 1.06e-24 FLOPS = 1.11e+10 Tdav = 0.00 T = 0.08
 --> Site =   50 .. Mmps =   25 Ndav =  10 E =   -110.0474161229 Error = 3.11e-23 FLOPS = 1.04e+10 Tdav = 0.00 T = 0.07
 --> Site =   51 .. Mmps =   25 Ndav =  15 E =   -110.0474323805 Error = 9.41e-23 FLOPS = 9.58e+09 Tdav = 0.00 T = 0.08
 --> Site =   52 .. Mmps =   25 Ndav =  16 E =   -110.0474455696 Error = 6.74e-23 FLOPS = 9.64e+09 Tdav = 0.00 T = 0.09
 --> Site =   53 .. Mmps =   25 Ndav =  15 E =   -110.0474897261 Error = 6.74e-22 FLOPS = 1.02e+10 Tdav = 0.00 T = 0.09
 --> Site =   54 .. Mmps =   25 Ndav =  19 E =   -110.0475134736 Error = 9.35e-23 FLOPS = 9.84e+09 Tdav = 0.00 T = 0.08
 --> Site =   55 .. Mmps =   25 Ndav =  12 E =   -110.0475318529 Error = 4.34e-23 FLOPS = 1.13e+10 Tdav = 0.00 T = 0.08
 --> Site =   56 .. Mmps =   25 Ndav =  10 E =   -110.0475337658 Error = 4.71e-23 FLOPS = 1.17e+10 Tdav = 0.00 T = 0.08
 --> Site =   57 .. Mmps =   25 Ndav =   9 E =   -110.0475380018 Error = 3.37e-23 FLOPS = 1.13e+10 Tdav = 0.00 T = 0.08
 --> Site =   58 .. Mmps =   25 Ndav =  15 E =   -110.0475441659 Error = 1.96e-23 FLOPS = 1.11e+10 Tdav = 0.00 T = 0.08
 --> Site =   59 .. Mmps =   25 Ndav =   9 E =   -110.0475481468 Error = 5.36e-24 FLOPS = 1.24e+10 Tdav = 0.00 T = 0.08
 --> Site =   60 .. Mmps =   25 Ndav =  12 E =   -110.0475537834 Error = 3.68e-23 FLOPS = 1.18e+10 Tdav = 0.00 T = 0.08
 --> Site =   61 .. Mmps =   25 Ndav =  13 E =   -110.0475598543 Error = 4.22e-24 FLOPS = 1.18e+10 Tdav = 0.00 T = 0.08
 --> Site =   62 .. Mmps =   25 Ndav =  23 E =   -110.0475890390 Error = 1.72e-23 FLOPS = 9.26e+09 Tdav = 0.01 T = 0.08
 --> Site =   63 .. Mmps =   25 Ndav =  15 E =   -110.0476012344 Error = 4.16e-23 FLOPS = 1.13e+10 Tdav = 0.00 T = 0.08
 --> Site =   64 .. Mmps =   25 Ndav =  25 E =   -110.0478132895 Error = 4.99e-21 FLOPS = 8.87e+09 Tdav = 0.01 T = 0.09
 --> Site =   65 .. Mmps =   25 Ndav =  15 E =   -110.0478229001 Error = 2.94e-23 FLOPS = 1.13e+10 Tdav = 0.00 T = 0.08
 --> Site =   66 .. Mmps =   25 Ndav =  14 E =   -110.0478315190 Error = 2.36e-23 FLOPS = 1.15e+10 Tdav = 0.00 T = 0.08
 --> Site =   67 .. Mmps =   25 Ndav =  11 E =   -110.0478346988 Error = 8.93e-23 FLOPS = 1.22e+10 Tdav = 0.00 T = 0.08
 --> Site =   68 .. Mmps =   25 Ndav =  10 E =   -110.0478369778 Error = 1.61e-24 FLOPS = 1.02e+10 Tdav = 0.00 T = 0.09
 --> Site =   69 .. Mmps =   25 Ndav =  11 E =   -110.0478377377 Error = 1.00e-24 FLOPS = 1.07e+10 Tdav = 0.00 T = 0.09
 --> Site =   70 .. Mmps =   25 Ndav =   9 E =   -110.0478381732 Error = 1.13e-25 FLOPS = 1.06e+10 Tdav = 0.00 T = 0.09
 --> Site =   71 .. Mmps =   25 Ndav =  11 E =   -110.0478384661 Error = 4.88e-25 FLOPS = 1.03e+10 Tdav = 0.00 T = 0.09
 --> Site =   72 .. Mmps =   25 Ndav =   9 E =   -110.0478388936 Error = 5.60e-25 FLOPS = 1.08e+10 Tdav = 0.00 T = 0.09
 --> Site =   73 .. Mmps =   25 Ndav =   8 E =   -110.0478389681 Error = 3.35e-24 FLOPS = 1.05e+10 Tdav = 0.00 T = 0.10
 --> Site =   74 .. Mmps =   25 Ndav =  10 E =   -110.0478444710 Error = 1.27e-23 FLOPS = 1.06e+10 Tdav = 0.00 T = 0.09
 --> Site =   75 .. Mmps =   25 Ndav =  11 E =   -110.0478469904 Error = 3.32e-24 FLOPS = 1.07e+10 Tdav = 0.00 T = 0.09
 --> Site =   76 .. Mmps =   25 Ndav =   9 E =   -110.0478481940 Error = 4.20e-25 FLOPS = 1.04e+10 Tdav = 0.00 T = 0.09
 --> Site =   77 .. Mmps =   25 Ndav =  15 E =   -110.0478666998 Error = 9.78e-23 FLOPS = 9.59e+09 Tdav = 0.00 T = 0.09
 --> Site =   78 .. Mmps =   25 Ndav =  17 E =   -110.0479094529 Error = 1.45e-22 FLOPS = 9.31e+09 Tdav = 0.00 T = 0.10
 --> Site =   79 .. Mmps =   25 Ndav =  12 E =   -110.0479142665 Error = 6.78e-23 FLOPS = 9.73e+09 Tdav = 0.00 T = 0.11
 --> Site =   80 .. Mmps =   25 Ndav =  12 E =   -110.0479237559 Error = 1.58e-23 FLOPS = 1.07e+10 Tdav = 0.00 T = 0.09
 --> Site =   81 .. Mmps =   25 Ndav =  14 E =   -110.0479257916 Error = 1.51e-23 FLOPS = 1.10e+10 Tdav = 0.00 T = 0.09
 --> Site =   82 .. Mmps =   25 Ndav =  15 E =   -110.0479421663 Error = 1.09e-22 FLOPS = 1.07e+10 Tdav = 0.00 T = 0.09
 --> Site =   83 .. Mmps =   25 Ndav =  13 E =   -110.0479523841 Error = 1.60e-23 FLOPS = 1.18e+10 Tdav = 0.00 T = 0.08
 --> Site =   84 .. Mmps =   25 Ndav =  13 E =   -110.0479605530 Error = 5.69e-24 FLOPS = 1.19e+10 Tdav = 0.00 T = 0.08
 --> Site =   85 .. Mmps =   25 Ndav =  13 E =   -110.0479657783 Error = 7.02e-23 FLOPS = 1.19e+10 Tdav = 0.00 T = 0.08
 --> Site =   86 .. Mmps =   25 Ndav =  13 E =   -110.0479774011 Error = 7.44e-23 FLOPS = 1.19e+10 Tdav = 0.00 T = 0.11
 --> Site =   87 .. Mmps =   25 Ndav =  17 E =   -110.0480125646 Error = 5.42e-23 FLOPS = 1.08e+10 Tdav = 0.00 T = 0.09
 --> Site =   88 .. Mmps =   25 Ndav =  11 E =   -110.0480228795 Error = 3.35e-23 FLOPS = 1.09e+10 Tdav = 0.00 T = 0.09
 --> Site =   89 .. Mmps =   25 Ndav =  14 E =   -110.0480298192 Error = 4.18e-23 FLOPS = 1.08e+10 Tdav = 0.00 T = 0.09
 --> Site =   90 .. Mmps =   25 Ndav =  12 E =   -110.0480425780 Error = 8.66e-23 FLOPS = 1.01e+10 Tdav = 0.00 T = 0.09
 --> Site =   91 .. Mmps =   25 Ndav =  18 E =   -110.0481207693 Error = 1.63e-22 FLOPS = 9.73e+09 Tdav = 0.01 T = 0.09
 --> Site =   92 .. Mmps =   25 Ndav =  13 E =   -110.0481306365 Error = 4.87e-23 FLOPS = 1.10e+10 Tdav = 0.00 T = 0.09
 --> Site =   93 .. Mmps =   25 Ndav =  13 E =   -110.0481344870 Error = 2.95e-24 FLOPS = 1.06e+10 Tdav = 0.00 T = 0.11
 --> Site =   94 .. Mmps =   25 Ndav =   8 E =   -110.0481350476 Error = 1.43e-22 FLOPS = 1.14e+10 Tdav = 0.00 T = 0.09
 --> Site =   95 .. Mmps =   25 Ndav =  10 E =   -110.0481354543 Error = 5.04e-24 FLOPS = 1.16e+10 Tdav = 0.00 T = 0.09
 --> Site =   96 .. Mmps =   25 Ndav =  11 E =   -110.0481358129 Error = 9.53e-23 FLOPS = 1.22e+10 Tdav = 0.00 T = 0.08
 --> Site =   97 .. Mmps =   25 Ndav =   9 E =   -110.0481359400 Error = 8.99e-25 FLOPS = 1.25e+10 Tdav = 0.00 T = 0.08
 --> Site =   98 .. Mmps =   25 Ndav =  11 E =   -110.0481366171 Error = 5.96e-23 FLOPS = 1.22e+10 Tdav = 0.00 T = 0.08
 --> Site =   99 .. Mmps =   25 Ndav =  14 E =   -110.0481376063 Error = 9.67e-24 FLOPS = 1.17e+10 Tdav = 0.00 T = 0.08
 --> Site =  100 .. Mmps =   25 Ndav =   8 E =   -110.0481386450 Error = 2.32e-24 FLOPS = 1.25e+10 Tdav = 0.00 T = 0.08
 --> Site =  101 .. Mmps =   25 Ndav =  10 E =   -110.0481395794 Error = 1.24e-24 FLOPS = 1.24e+10 Tdav = 0.00 T = 0.08
 --> Site =  102 .. Mmps =   25 Ndav =  10 E =   -110.0481418078 Error = 2.46e-24 FLOPS = 1.24e+10 Tdav = 0.00 T = 0.08
 --> Site =  103 .. Mmps =   25 Ndav =  18 E =   -110.0482177726 Error = 2.71e-23 FLOPS = 1.04e+10 Tdav = 0.00 T = 0.08
 --> Site =  104 .. Mmps =   25 Ndav =  14 E =   -110.0482287930 Error = 6.09e-23 FLOPS = 1.01e+10 Tdav = 0.00 T = 0.09
 --> Site =  105 .. Mmps =   25 Ndav =  16 E =   -110.0482932207 Error = 1.75e-21 FLOPS = 1.00e+10 Tdav = 0.00 T = 0.09
 --> Site =  106 .. Mmps =   25 Ndav =  23 E =   -110.0483133274 Error = 4.34e-22 FLOPS = 8.58e+09 Tdav = 0.01 T = 0.09
 --> Site =  107 .. Mmps =   25 Ndav =  15 E =   -110.0483351520 Error = 4.73e-23 FLOPS = 1.02e+10 Tdav = 0.00 T = 0.08
 --> Site =  108 .. Mmps =   25 Ndav =  11 E =   -110.0483388144 Error = 2.16e-23 FLOPS = 1.09e+10 Tdav = 0.00 T = 0.08
 --> Site =  109 .. Mmps =   25 Ndav =  11 E =   -110.0483459401 Error = 7.53e-24 FLOPS = 1.20e+10 Tdav = 0.00 T = 0.08
 --> Site =  110 .. Mmps =   25 Ndav =  14 E =   -110.0483500468 Error = 6.93e-24 FLOPS = 1.14e+10 Tdav = 0.00 T = 0.08
 --> Site =  111 .. Mmps =   25 Ndav =  10 E =   -110.0483544469 Error = 4.04e-24 FLOPS = 1.22e+10 Tdav = 0.00 T = 0.08
 --> Site =  112 .. Mmps =   25 Ndav =  17 E =   -110.0483585167 Error = 9.47e-23 FLOPS = 1.06e+10 Tdav = 0.00 T = 0.08
 --> Site =  113 .. Mmps =   25 Ndav =  10 E =   -110.0483617278 Error = 7.04e-24 FLOPS = 1.22e+10 Tdav = 0.00 T = 0.07
 --> Site =  114 .. Mmps =   25 Ndav =  20 E =   -110.0483987139 Error = 8.88e-23 FLOPS = 9.82e+09 Tdav = 0.01 T = 0.08
 --> Site =  115 .. Mmps =   25 Ndav =  15 E =   -110.0484207771 Error = 3.26e-23 FLOPS = 9.86e+09 Tdav = 0.00 T = 0.08
 --> Site =  116 .. Mmps =   25 Ndav =  17 E =   -110.0484431773 Error = 1.64e-22 FLOPS = 9.35e+09 Tdav = 0.00 T = 0.08
 --> Site =  117 .. Mmps =   25 Ndav =  12 E =   -110.0484476408 Error = 9.30e-24 FLOPS = 1.14e+10 Tdav = 0.00 T = 0.07
 --> Site =  118 .. Mmps =   25 Ndav =  11 E =   -110.0484542776 Error = 9.32e-24 FLOPS = 1.04e+10 Tdav = 0.00 T = 0.08
 --> Site =  119 .. Mmps =   25 Ndav =  10 E =   -110.0484566736 Error = 8.56e-23 FLOPS = 1.01e+10 Tdav = 0.00 T = 0.07
 --> Site =  120 .. Mmps =   25 Ndav =  11 E =   -110.0484657177 Error = 1.21e-24 FLOPS = 9.93e+09 Tdav = 0.00 T = 0.07
 --> Site =  121 .. Mmps =   25 Ndav =   6 E =   -110.0484659485 Error = 5.68e-24 FLOPS = 9.95e+09 Tdav = 0.00 T = 0.10
 --> Site =  122 .. Mmps =   25 Ndav =   8 E =   -110.0484669310 Error = 1.43e-24 FLOPS = 9.77e+09 Tdav = 0.00 T = 0.07
 --> Site =  123 .. Mmps =   25 Ndav =   6 E =   -110.0484671428 Error = 1.79e-24 FLOPS = 1.01e+10 Tdav = 0.00 T = 0.07
 --> Site =  124 .. Mmps =   25 Ndav =   7 E =   -110.0484673109 Error = 5.67e-25 FLOPS = 9.54e+09 Tdav = 0.00 T = 0.07
 --> Site =  125 .. Mmps =   25 Ndav =   7 E =   -110.0484680335 Error = 8.48e-24 FLOPS = 1.14e+10 Tdav = 0.00 T = 0.08
 --> Site =  126 .. Mmps =   25 Ndav =   6 E =   -110.0484681511 Error = 2.77e-25 FLOPS = 1.18e+10 Tdav = 0.00 T = 0.06
 --> Site =  127 .. Mmps =   25 Ndav =  10 E =   -110.0484754907 Error = 1.12e-23 FLOPS = 1.17e+10 Tdav = 0.00 T = 0.06
 --> Site =  128 .. Mmps =   25 Ndav =  13 E =   -110.0484929815 Error = 3.64e-24 FLOPS = 1.07e+10 Tdav = 0.00 T = 0.06
 --> Site =  129 .. Mmps =   25 Ndav =  10 E =   -110.0484947122 Error = 4.99e-24 FLOPS = 1.05e+10 Tdav = 0.00 T = 0.06
 --> Site =  130 .. Mmps =   25 Ndav =  12 E =   -110.0485861530 Error = 1.42e-22 FLOPS = 9.27e+09 Tdav = 0.00 T = 0.06
 --> Site =  131 .. Mmps =   25 Ndav =  14 E =   -110.0485914328 Error = 2.57e-23 FLOPS = 9.94e+09 Tdav = 0.00 T = 0.06
 --> Site =  132 .. Mmps =   25 Ndav =  11 E =   -110.0485970670 Error = 3.66e-23 FLOPS = 9.92e+09 Tdav = 0.00 T = 0.06
 --> Site =  133 .. Mmps =   25 Ndav =  13 E =   -110.0486003779 Error = 2.61e-23 FLOPS = 9.11e+09 Tdav = 0.00 T = 0.06
 --> Site =  134 .. Mmps =   25 Ndav =  10 E =   -110.0486091525 Error = 2.37e-24 FLOPS = 9.32e+09 Tdav = 0.00 T = 0.06
 --> Site =  135 .. Mmps =   25 Ndav =  12 E =   -110.0486108732 Error = 2.43e-24 FLOPS = 9.25e+09 Tdav = 0.00 T = 0.05
 --> Site =  136 .. Mmps =   25 Ndav =  12 E =   -110.0486253621 Error = 6.51e-24 FLOPS = 9.11e+09 Tdav = 0.00 T = 0.05
 --> Site =  137 .. Mmps =   25 Ndav =  13 E =   -110.0486294763 Error = 1.40e-23 FLOPS = 9.11e+09 Tdav = 0.00 T = 0.05
 --> Site =  138 .. Mmps =   25 Ndav =  11 E =   -110.0486367016 Error = 2.19e-23 FLOPS = 9.19e+09 Tdav = 0.00 T = 0.05
 --> Site =  139 .. Mmps =   25 Ndav =  12 E =   -110.0486432889 Error = 4.19e-24 FLOPS = 9.42e+09 Tdav = 0.00 T = 0.04
 --> Site =  140 .. Mmps =   25 Ndav =  13 E =   -110.0486540507 Error = 5.08e-22 FLOPS = 9.14e+09 Tdav = 0.00 T = 0.04
 --> Site =  141 .. Mmps =   25 Ndav =  14 E =   -110.0486696378 Error = 4.70e-23 FLOPS = 8.78e+09 Tdav = 0.00 T = 0.04
 --> Site =  142 .. Mmps =   25 Ndav =  13 E =   -110.0486779206 Error = 2.42e-22 FLOPS = 9.37e+09 Tdav = 0.00 T = 0.04
 --> Site =  143 .. Mmps =   25 Ndav =  12 E =   -110.0486798767 Error = 4.26e-23 FLOPS = 9.74e+09 Tdav = 0.00 T = 0.04
 --> Site =  144 .. Mmps =   25 Ndav =  10 E =   -110.0486859909 Error = 2.01e-22 FLOPS = 1.00e+10 Tdav = 0.00 T = 0.04
 --> Site =  145 .. Mmps =   25 Ndav =  12 E =   -110.0486887909 Error = 1.67e-23 FLOPS = 9.42e+09 Tdav = 0.00 T = 0.04
 --> Site =  146 .. Mmps =   25 Ndav =  11 E =   -110.0486907497 Error = 5.46e-23 FLOPS = 9.54e+09 Tdav = 0.00 T = 0.03
 --> Site =  147 .. Mmps =   25 Ndav =  10 E =   -110.0486930818 Error = 1.67e-24 FLOPS = 9.45e+09 Tdav = 0.00 T = 0.04
 --> Site =  148 .. Mmps =   25 Ndav =  10 E =   -110.0486951600 Error = 1.34e-23 FLOPS = 9.20e+09 Tdav = 0.00 T = 0.04
 --> Site =  149 .. Mmps =   25 Ndav =  11 E =   -110.0486967062 Error = 1.13e-23 FLOPS = 8.14e+09 Tdav = 0.00 T = 0.03
 --> Site =  150 .. Mmps =   25 Ndav =  11 E =   -110.0486981783 Error = 8.10e-24 FLOPS = 7.83e+09 Tdav = 0.00 T = 0.03
 --> Site =  151 .. Mmps =   25 Ndav =  12 E =   -110.0487001022 Error = 8.87e-24 FLOPS = 7.30e+09 Tdav = 0.00 T = 0.03
 --> Site =  152 .. Mmps =   25 Ndav =  10 E =   -110.0487017134 Error = 8.73e-24 FLOPS = 7.30e+09 Tdav = 0.00 T = 0.03
 --> Site =  153 .. Mmps =   25 Ndav =  11 E =   -110.0487035483 Error = 2.48e-24 FLOPS = 7.11e+09 Tdav = 0.00 T = 0.03
 --> Site =  154 .. Mmps =   25 Ndav =   9 E =   -110.0487051400 Error = 2.98e-23 FLOPS = 7.89e+09 Tdav = 0.00 T = 0.03
 --> Site =  155 .. Mmps =   25 Ndav =  11 E =   -110.0487079216 Error = 1.96e-23 FLOPS = 7.22e+09 Tdav = 0.00 T = 0.04
 --> Site =  156 .. Mmps =   25 Ndav =   9 E =   -110.0487180076 Error = 2.23e-23 FLOPS = 7.01e+09 Tdav = 0.00 T = 0.04
 --> Site =  157 .. Mmps =   25 Ndav =  14 E =   -110.0487350265 Error = 5.31e-23 FLOPS = 5.70e+09 Tdav = 0.00 T = 0.04
 --> Site =  158 .. Mmps =   25 Ndav =  11 E =   -110.0487473353 Error = 4.59e-23 FLOPS = 5.81e+09 Tdav = 0.00 T = 0.04
 --> Site =  159 .. Mmps =   25 Ndav =  21 E =   -110.0488067610 Error = 3.06e-22 FLOPS = 3.55e+09 Tdav = 0.00 T = 0.05
 --> Site =  160 .. Mmps =   25 Ndav =  13 E =   -110.0488243875 Error = 3.74e-22 FLOPS = 4.89e+09 Tdav = 0.00 T = 0.03
 --> Site =  161 .. Mmps =   25 Ndav =  21 E =   -110.0488315242 Error = 2.77e-23 FLOPS = 3.13e+09 Tdav = 0.00 T = 0.03
 --> Site =  162 .. Mmps =   25 Ndav =  13 E =   -110.0488321498 Error = 2.70e-24 FLOPS = 4.38e+09 Tdav = 0.00 T = 0.03
 --> Site =  163 .. Mmps =   25 Ndav =  15 E =   -110.0488323218 Error = 4.90e-25 FLOPS = 3.45e+09 Tdav = 0.00 T = 0.03
 --> Site =  164 .. Mmps =   25 Ndav =   8 E =   -110.0488323358 Error = 2.53e-25 FLOPS = 3.89e+09 Tdav = 0.00 T = 0.03
 --> Site =  165 .. Mmps =   25 Ndav =   2 E =   -110.0488323358 Error = 1.69e-31 FLOPS = 1.37e+09 Tdav = 0.00 T = 0.03
 --> Site =  166 .. Mmps =   25 Ndav =   1 E =   -110.0488323358 Error = 6.07e-60 FLOPS = 4.24e+08 Tdav = 0.00 T = 0.03
 --> Site =  167 .. Mmps =   25 Ndav =   1 E =   -110.0488323358 Error = 2.50e-88 FLOPS = 2.33e+08 Tdav = 0.00 T = 0.03
 --> Site =  168 .. Mmps =   25 Ndav =   1 E =   -110.0488323358 Error = 8.25e-114 FLOPS = 7.94e+07 Tdav = 0.00 T = 0.02
Time elapsed =    273.038 | E =    -110.0488323358 | DE = -1.70e-03 | DW = 4.98871e-21
Time sweep =       10.502 | 3.51 GFLOP/SWP
 | Dmem = 289 KB (2%) | Imem = 232 B (79%) | Hmem = 1.19 MB | Wmem = 5.86 KB | Pmem = 5.86 KB
 | Tread = 0.209 | Twrite = 0.839 | Tfpread = 0.062 | Tfpwrite = 0.054 | Tmporead = 0.000 | Tasync = 0.000
 | data = 31.2 MB | cpsd = 23.2 MB
 | Trot = 0.077 | Tctr = 0.011 | Tint = 0.011 | Tmid = 0.000 | Tdctr = 0.142 | Tdiag = 0.035 | Tinfo = 0.210
 | Teff = 5.365 | Tprt = 0.142 | Teig = 0.385 | Tblk = 8.959 | Tmve = 1.529 | Tdm = 0.004 | Tsplt = 0.050 | Tsvd = 0.000 | Torth = 0.000

Sweep =    5 | Direction = backward | Bond dimension =   25 | Noise =  1.00e-05 | Dav threshold =  1.00e-10
 <-- Site =  168 .. Mmps =    2 Ndav =   1 E =   -110.0488323358 Error = 0.00e+00 FLOPS = 7.94e+07 Tdav = 0.00 T = 0.02
 <-- Site =  167 .. Mmps =    4 Ndav =   1 E =   -110.0488323358 Error = 0.00e+00 FLOPS = 3.18e+08 Tdav = 0.00 T = 0.03
 <-- Site =  166 .. Mmps =    8 Ndav =   1 E =   -110.0488323358 Error = 0.00e+00 FLOPS = 6.76e+08 Tdav = 0.00 T = 0.03
 <-- Site =  165 .. Mmps =   16 Ndav =   1 E =   -110.0488323358 Error = 0.00e+00 FLOPS = 1.25e+09 Tdav = 0.00 T = 0.03
 <-- Site =  164 .. Mmps =   25 Ndav =   2 E =   -110.0488323358 Error = 8.98e-23 FLOPS = 2.93e+09 Tdav = 0.00 T = 0.03
 <-- Site =  163 .. Mmps =   25 Ndav =   9 E =   -110.0488323466 Error = 8.75e-21 FLOPS = 6.16e+09 Tdav = 0.00 T = 0.03
 <-- Site =  162 .. Mmps =   25 Ndav =  11 E =   -110.0488324609 Error = 4.36e-20 FLOPS = 6.30e+09 Tdav = 0.00 T = 0.04
 <-- Site =  161 .. Mmps =   25 Ndav =  17 E =   -110.0488330712 Error = 8.37e-21 FLOPS = 5.16e+09 Tdav = 0.00 T = 0.03
 <-- Site =  160 .. Mmps =   25 Ndav =  14 E =   -110.0488382485 Error = 1.48e-19 FLOPS = 6.39e+09 Tdav = 0.00 T = 0.04
 <-- Site =  159 .. Mmps =   25 Ndav =  22 E =   -110.0488534498 Error = 1.56e-20 FLOPS = 4.56e+09 Tdav = 0.00 T = 0.04
 <-- Site =  158 .. Mmps =   25 Ndav =  17 E =   -110.0489066575 Error = 4.44e-20 FLOPS = 5.75e+09 Tdav = 0.00 T = 0.04
 <-- Site =  157 .. Mmps =   25 Ndav =  18 E =   -110.0489252750 Error = 1.80e-20 FLOPS = 5.86e+09 Tdav = 0.00 T = 0.04
 <-- Site =  156 .. Mmps =   25 Ndav =  14 E =   -110.0489844931 Error = 1.46e-18 FLOPS = 6.76e+09 Tdav = 0.00 T = 0.04
 <-- Site =  155 .. Mmps =   25 Ndav =  14 E =   -110.0489966016 Error = 3.50e-20 FLOPS = 7.26e+09 Tdav = 0.00 T = 0.03
 <-- Site =  154 .. Mmps =   25 Ndav =  13 E =   -110.0490104305 Error = 4.11e-19 FLOPS = 8.23e+09 Tdav = 0.00 T = 0.04
 <-- Site =  153 .. Mmps =   25 Ndav =  14 E =   -110.0490177626 Error = 1.59e-19 FLOPS = 7.69e+09 Tdav = 0.00 T = 0.04
 <-- Site =  152 .. Mmps =   25 Ndav =  14 E =   -110.0490342955 Error = 2.53e-19 FLOPS = 7.78e+09 Tdav = 0.00 T = 0.04
 <-- Site =  151 .. Mmps =   25 Ndav =   9 E =   -110.0490389317 Error = 9.00e-20 FLOPS = 8.96e+09 Tdav = 0.00 T = 0.04
 <-- Site =  150 .. Mmps =   25 Ndav =  14 E =   -110.0490461629 Error = 9.45e-20 FLOPS = 8.23e+09 Tdav = 0.00 T = 0.04
 <-- Site =  149 .. Mmps =   25 Ndav =  11 E =   -110.0490493752 Error = 2.07e-19 FLOPS = 8.92e+09 Tdav = 0.00 T = 0.04
 <-- Site =  148 .. Mmps =   25 Ndav =  11 E =   -110.0490548217 Error = 5.89e-19 FLOPS = 8.77e+09 Tdav = 0.00 T = 0.04
 <-- Site =  147 .. Mmps =   25 Ndav =  15 E =   -110.0490578111 Error = 5.19e-20 FLOPS = 8.30e+09 Tdav = 0.00 T = 0.04
 <-- Site =  146 .. Mmps =   25 Ndav =  13 E =   -110.0490604838 Error = 2.64e-19 FLOPS = 8.86e+09 Tdav = 0.00 T = 0.04
 <-- Site =  145 .. Mmps =   25 Ndav =  10 E =   -110.0490640010 Error = 2.87e-19 FLOPS = 1.03e+10 Tdav = 0.00 T = 0.05
 <-- Site =  144 .. Mmps =   25 Ndav =  10 E =   -110.0490673581 Error = 2.28e-19 FLOPS = 1.08e+10 Tdav = 0.00 T = 0.04
 <-- Site =  143 .. Mmps =   25 Ndav =  12 E =   -110.0490784364 Error = 8.50e-20 FLOPS = 1.09e+10 Tdav = 0.00 T = 0.05
 <-- Site =  142 .. Mmps =   25 Ndav =  13 E =   -110.0490972937 Error = 3.71e-19 FLOPS = 1.08e+10 Tdav = 0.00 T = 0.04
 <-- Site =  141 .. Mmps =   25 Ndav =  15 E =   -110.0491124256 Error = 1.16e-19 FLOPS = 1.04e+10 Tdav = 0.00 T = 0.05
 <-- Site =  140 .. Mmps =   25 Ndav =  15 E =   -110.0491642433 Error = 5.51e-19 FLOPS = 1.04e+10 Tdav = 0.00 T = 0.05
 <-- Site =  139 .. Mmps =   25 Ndav =  18 E =   -110.0492602669 Error = 2.68e-20 FLOPS = 8.73e+09 Tdav = 0.01 T = 0.05
 <-- Site =  138 .. Mmps =   25 Ndav =  12 E =   -110.0492883052 Error = 4.31e-18 FLOPS = 1.14e+10 Tdav = 0.00 T = 0.05
 <-- Site =  137 .. Mmps =   25 Ndav =  17 E =   -110.0493011141 Error = 1.92e-19 FLOPS = 1.00e+10 Tdav = 0.01 T = 0.05
 <-- Site =  136 .. Mmps =   25 Ndav =  11 E =   -110.0493167479 Error = 1.35e-18 FLOPS = 1.17e+10 Tdav = 0.00 T = 0.05
 <-- Site =  135 .. Mmps =   25 Ndav =  20 E =   -110.0493389663 Error = 2.01e-19 FLOPS = 9.65e+09 Tdav = 0.01 T = 0.06
 <-- Site =  134 .. Mmps =   25 Ndav =  10 E =   -110.0493526095 Error = 1.14e-19 FLOPS = 1.22e+10 Tdav = 0.00 T = 0.05
 <-- Site =  133 .. Mmps =   25 Ndav =  19 E =   -110.0493687135 Error = 2.97e-19 FLOPS = 1.01e+10 Tdav = 0.01 T = 0.06
 <-- Site =  132 .. Mmps =   25 Ndav =  14 E =   -110.0493893290 Error = 1.00e-18 FLOPS = 1.16e+10 Tdav = 0.00 T = 0.06
 <-- Site =  131 .. Mmps =   25 Ndav =  15 E =   -110.0494082540 Error = 2.03e-19 FLOPS = 1.13e+10 Tdav = 0.00 T = 0.06
 <-- Site =  130 .. Mmps =   25 Ndav =  13 E =   -110.0494429803 Error = 1.93e-19 FLOPS = 1.19e+10 Tdav = 0.00 T = 0.06
 <-- Site =  129 .. Mmps =   25 Ndav =  20 E =   -110.0495771726 Error = 8.48e-20 FLOPS = 1.02e+10 Tdav = 0.01 T = 0.07
 <-- Site =  128 .. Mmps =   25 Ndav =  13 E =   -110.0496108777 Error = 1.72e-18 FLOPS = 1.20e+10 Tdav = 0.00 T = 0.06
 <-- Site =  127 .. Mmps =   25 Ndav =  16 E =   -110.0497104550 Error = 7.55e-20 FLOPS = 1.13e+10 Tdav = 0.01 T = 0.07
 <-- Site =  126 .. Mmps =   25 Ndav =  12 E =   -110.0497502392 Error = 9.51e-19 FLOPS = 1.24e+10 Tdav = 0.00 T = 0.07
 <-- Site =  125 .. Mmps =   25 Ndav =  11 E =   -110.0497666372 Error = 3.90e-20 FLOPS = 1.27e+10 Tdav = 0.00 T = 0.07
 <-- Site =  124 .. Mmps =   25 Ndav =  11 E =   -110.0497794472 Error = 5.01e-20 FLOPS = 1.26e+10 Tdav = 0.00 T = 0.08
 <-- Site =  123 .. Mmps =   25 Ndav =  12 E =   -110.0498015886 Error = 1.08e-20 FLOPS = 1.25e+10 Tdav = 0.00 T = 0.07
 <-- Site =  122 .. Mmps =   25 Ndav =   9 E =   -110.0498044622 Error = 1.18e-19 FLOPS = 1.30e+10 Tdav = 0.00 T = 0.07
 <-- Site =  121 .. Mmps =   25 Ndav =  11 E =   -110.0498114268 Error = 1.98e-20 FLOPS = 1.27e+10 Tdav = 0.00 T = 0.07
 <-- Site =  120 .. Mmps =   25 Ndav =  10 E =   -110.0498155418 Error = 5.35e-20 FLOPS = 1.29e+10 Tdav = 0.00 T = 0.07
 <-- Site =  119 .. Mmps =   25 Ndav =  13 E =   -110.0498210908 Error = 8.88e-21 FLOPS = 1.25e+10 Tdav = 0.00 T = 0.08
 <-- Site =  118 .. Mmps =   25 Ndav =  14 E =   -110.0498399471 Error = 4.78e-19 FLOPS = 1.08e+10 Tdav = 0.01 T = 0.08
 <-- Site =  117 .. Mmps =   25 Ndav =  18 E =   -110.0499254544 Error = 3.21e-19 FLOPS = 9.95e+09 Tdav = 0.01 T = 0.09
 <-- Site =  116 .. Mmps =   25 Ndav =  20 E =   -110.0499853386 Error = 3.00e-19 FLOPS = 1.06e+10 Tdav = 0.01 T = 0.09
 <-- Site =  115 .. Mmps =   25 Ndav =  17 E =   -110.0501929217 Error = 7.46e-18 FLOPS = 1.18e+10 Tdav = 0.01 T = 0.08
 <-- Site =  114 .. Mmps =   25 Ndav =  23 E =   -110.0502661231 Error = 1.68e-19 FLOPS = 1.03e+10 Tdav = 0.01 T = 0.09
 <-- Site =  113 .. Mmps =   25 Ndav =  17 E =   -110.0503399677 Error = 4.22e-18 FLOPS = 1.14e+10 Tdav = 0.01 T = 0.09
 <-- Site =  112 .. Mmps =   25 Ndav =  16 E =   -110.0503509770 Error = 5.32e-19 FLOPS = 1.04e+10 Tdav = 0.01 T = 0.09
 <-- Site =  111 .. Mmps =   25 Ndav =  13 E =   -110.0503686870 Error = 1.48e-19 FLOPS = 1.07e+10 Tdav = 0.01 T = 0.09
 <-- Site =  110 .. Mmps =   25 Ndav =  15 E =   -110.0503771248 Error = 4.08e-20 FLOPS = 1.08e+10 Tdav = 0.01 T = 0.10
 <-- Site =  109 .. Mmps =   25 Ndav =  10 E =   -110.0503839541 Error = 1.66e-17 FLOPS = 1.08e+10 Tdav = 0.00 T = 0.09
 <-- Site =  108 .. Mmps =   25 Ndav =  14 E =   -110.0503951010 Error = 2.88e-20 FLOPS = 1.05e+10 Tdav = 0.01 T = 0.10
 <-- Site =  107 .. Mmps =   25 Ndav =  12 E =   -110.0504024620 Error = 1.11e-19 FLOPS = 1.05e+10 Tdav = 0.01 T = 0.10
 <-- Site =  106 .. Mmps =   25 Ndav =  26 E =   -110.0504790382 Error = 5.12e-19 FLOPS = 8.22e+09 Tdav = 0.02 T = 0.11
 <-- Site =  105 .. Mmps =   25 Ndav =  15 E =   -110.0505216099 Error = 2.44e-19 FLOPS = 1.24e+10 Tdav = 0.01 T = 0.09
 <-- Site =  104 .. Mmps =   25 Ndav =  25 E =   -110.0507402537 Error = 5.26e-18 FLOPS = 1.01e+10 Tdav = 0.01 T = 0.10
 <-- Site =  103 .. Mmps =   25 Ndav =  18 E =   -110.0507996721 Error = 2.51e-19 FLOPS = 1.17e+10 Tdav = 0.01 T = 0.09
 <-- Site =  102 .. Mmps =   25 Ndav =  16 E =   -110.0508619317 Error = 1.29e-19 FLOPS = 1.22e+10 Tdav = 0.01 T = 0.09
 <-- Site =  101 .. Mmps =   25 Ndav =  17 E =   -110.0509275355 Error = 1.37e-18 FLOPS = 1.20e+10 Tdav = 0.01 T = 0.09
 <-- Site =  100 .. Mmps =   25 Ndav =  15 E =   -110.0509792897 Error = 5.26e-20 FLOPS = 1.24e+10 Tdav = 0.01 T = 0.09
 <-- Site =   99 .. Mmps =   25 Ndav =   9 E =   -110.0509809704 Error = 3.14e-19 FLOPS = 1.34e+10 Tdav = 0.00 T = 0.09
 <-- Site =   98 .. Mmps =   25 Ndav =  13 E =   -110.0509855520 Error = 1.61e-19 FLOPS = 1.28e+10 Tdav = 0.01 T = 0.09
 <-- Site =   97 .. Mmps =   25 Ndav =   9 E =   -110.0509861174 Error = 2.61e-19 FLOPS = 1.33e+10 Tdav = 0.00 T = 0.09
 <-- Site =   96 .. Mmps =   25 Ndav =  12 E =   -110.0509879220 Error = 3.67e-19 FLOPS = 1.29e+10 Tdav = 0.00 T = 0.09
 <-- Site =   95 .. Mmps =   25 Ndav =  10 E =   -110.0509891989 Error = 2.45e-19 FLOPS = 1.33e+10 Tdav = 0.00 T = 0.09
 <-- Site =   94 .. Mmps =   25 Ndav =  11 E =   -110.0509924750 Error = 4.54e-20 FLOPS = 1.31e+10 Tdav = 0.00 T = 0.09
 <-- Site =   93 .. Mmps =   25 Ndav =  13 E =   -110.0509993489 Error = 1.31e-20 FLOPS = 1.28e+10 Tdav = 0.01 T = 0.09
 <-- Site =   92 .. Mmps =   25 Ndav =  13 E =   -110.0510153555 Error = 2.13e-20 FLOPS = 1.28e+10 Tdav = 0.01 T = 0.09
 <-- Site =   91 .. Mmps =   25 Ndav =  20 E =   -110.0510701177 Error = 2.03e-18 FLOPS = 1.13e+10 Tdav = 0.01 T = 0.10
 <-- Site =   90 .. Mmps =   25 Ndav =  14 E =   -110.0511042268 Error = 3.14e-19 FLOPS = 1.27e+10 Tdav = 0.01 T = 0.09
 <-- Site =   89 .. Mmps =   25 Ndav =  15 E =   -110.0511117078 Error = 4.45e-20 FLOPS = 1.25e+10 Tdav = 0.01 T = 0.09
 <-- Site =   88 .. Mmps =   25 Ndav =  15 E =   -110.0511328507 Error = 4.33e-18 FLOPS = 1.25e+10 Tdav = 0.01 T = 0.09
 <-- Site =   87 .. Mmps =   25 Ndav =  14 E =   -110.0511609412 Error = 7.57e-19 FLOPS = 1.27e+10 Tdav = 0.01 T = 0.09
 <-- Site =   86 .. Mmps =   25 Ndav =  16 E =   -110.0512016794 Error = 5.83e-18 FLOPS = 1.02e+10 Tdav = 0.01 T = 0.10
 <-- Site =   85 .. Mmps =   25 Ndav =  14 E =   -110.0512113326 Error = 2.58e-18 FLOPS = 1.06e+10 Tdav = 0.01 T = 0.11
 <-- Site =   84 .. Mmps =   25 Ndav =  15 E =   -110.0512289200 Error = 7.13e-18 FLOPS = 1.04e+10 Tdav = 0.01 T = 0.11
 <-- Site =   83 .. Mmps =   25 Ndav =  15 E =   -110.0512490030 Error = 1.25e-19 FLOPS = 1.04e+10 Tdav = 0.01 T = 0.10
 <-- Site =   82 .. Mmps =   25 Ndav =  16 E =   -110.0512593254 Error = 8.40e-18 FLOPS = 1.02e+10 Tdav = 0.01 T = 0.10
 <-- Site =   81 .. Mmps =   25 Ndav =  20 E =   -110.0513116555 Error = 3.24e-18 FLOPS = 9.68e+09 Tdav = 0.01 T = 0.12
 <-- Site =   80 .. Mmps =   25 Ndav =  14 E =   -110.0513390422 Error = 1.11e-18 FLOPS = 1.07e+10 Tdav = 0.01 T = 0.10
 <-- Site =   79 .. Mmps =   25 Ndav =  19 E =   -110.0513683544 Error = 1.28e-19 FLOPS = 1.06e+10 Tdav = 0.01 T = 0.11
 <-- Site =   78 .. Mmps =   25 Ndav =  17 E =   -110.0514018772 Error = 3.97e-19 FLOPS = 1.21e+10 Tdav = 0.01 T = 0.10
 <-- Site =   77 .. Mmps =   25 Ndav =  19 E =   -110.0514755980 Error = 2.64e-20 FLOPS = 1.16e+10 Tdav = 0.01 T = 0.10
 <-- Site =   76 .. Mmps =   25 Ndav =  17 E =   -110.0515206461 Error = 7.48e-19 FLOPS = 1.20e+10 Tdav = 0.01 T = 0.10
 <-- Site =   75 .. Mmps =   25 Ndav =  14 E =   -110.0515311484 Error = 4.60e-19 FLOPS = 1.27e+10 Tdav = 0.01 T = 0.09
 <-- Site =   74 .. Mmps =   25 Ndav =  11 E =   -110.0515439348 Error = 1.83e-18 FLOPS = 1.31e+10 Tdav = 0.00 T = 0.09
 <-- Site =   73 .. Mmps =   25 Ndav =  11 E =   -110.0515461629 Error = 8.61e-19 FLOPS = 1.32e+10 Tdav = 0.00 T = 0.09
 <-- Site =   72 .. Mmps =   25 Ndav =  10 E =   -110.0515478582 Error = 2.36e-19 FLOPS = 1.34e+10 Tdav = 0.00 T = 0.09
 <-- Site =   71 .. Mmps =   25 Ndav =  14 E =   -110.0515518837 Error = 2.36e-19 FLOPS = 1.27e+10 Tdav = 0.01 T = 0.09
 <-- Site =   70 .. Mmps =   25 Ndav =  11 E =   -110.0515531560 Error = 3.01e-19 FLOPS = 1.31e+10 Tdav = 0.00 T = 0.09
 <-- Site =   69 .. Mmps =   25 Ndav =  15 E =   -110.0515567008 Error = 2.33e-19 FLOPS = 1.07e+10 Tdav = 0.01 T = 0.10
 <-- Site =   68 .. Mmps =   25 Ndav =  11 E =   -110.0515577711 Error = 4.47e-19 FLOPS = 1.13e+10 Tdav = 0.01 T = 0.11
 <-- Site =   67 .. Mmps =   25 Ndav =  14 E =   -110.0515698080 Error = 3.28e-20 FLOPS = 1.12e+10 Tdav = 0.01 T = 0.10
 <-- Site =   66 .. Mmps =   25 Ndav =  15 E =   -110.0515863364 Error = 6.79e-20 FLOPS = 1.24e+10 Tdav = 0.01 T = 0.09
 <-- Site =   65 .. Mmps =   25 Ndav =  19 E =   -110.0516685297 Error = 2.01e-18 FLOPS = 1.16e+10 Tdav = 0.01 T = 0.09
 <-- Site =   64 .. Mmps =   25 Ndav =  22 E =   -110.0517332858 Error = 5.38e-19 FLOPS = 1.08e+10 Tdav = 0.01 T = 0.09
 <-- Site =   63 .. Mmps =   25 Ndav =  19 E =   -110.0518190056 Error = 5.62e-18 FLOPS = 1.15e+10 Tdav = 0.01 T = 0.09
 <-- Site =   62 .. Mmps =   25 Ndav =  26 E =   -110.0518613728 Error = 2.04e-19 FLOPS = 9.79e+09 Tdav = 0.01 T = 0.11
 <-- Site =   61 .. Mmps =   25 Ndav =  17 E =   -110.0519163790 Error = 2.56e-19 FLOPS = 1.20e+10 Tdav = 0.01 T = 0.09
 <-- Site =   60 .. Mmps =   25 Ndav =  17 E =   -110.0519475741 Error = 4.67e-20 FLOPS = 1.17e+10 Tdav = 0.01 T = 0.09
 <-- Site =   59 .. Mmps =   25 Ndav =  11 E =   -110.0519552810 Error = 4.54e-20 FLOPS = 1.28e+10 Tdav = 0.00 T = 0.09
 <-- Site =   58 .. Mmps =   25 Ndav =  17 E =   -110.0519644975 Error = 3.01e-20 FLOPS = 1.18e+10 Tdav = 0.01 T = 0.09
 <-- Site =   57 .. Mmps =   25 Ndav =  10 E =   -110.0519685565 Error = 1.38e-20 FLOPS = 1.31e+10 Tdav = 0.00 T = 0.08
 <-- Site =   56 .. Mmps =   25 Ndav =  15 E =   -110.0519719526 Error = 1.37e-19 FLOPS = 1.14e+10 Tdav = 0.01 T = 0.09
 <-- Site =   55 .. Mmps =   25 Ndav =  12 E =   -110.0519834493 Error = 3.09e-19 FLOPS = 1.18e+10 Tdav = 0.00 T = 0.09
 <-- Site =   54 .. Mmps =   25 Ndav =  22 E =   -110.0520627664 Error = 9.75e-20 FLOPS = 9.47e+09 Tdav = 0.01 T = 0.10
 <-- Site =   53 .. Mmps =   25 Ndav =  16 E =   -110.0521328083 Error = 2.29e-19 FLOPS = 1.20e+10 Tdav = 0.01 T = 0.09
 <-- Site =   52 .. Mmps =   25 Ndav =  25 E =   -110.0523682808 Error = 4.15e-18 FLOPS = 9.80e+09 Tdav = 0.01 T = 0.09
 <-- Site =   51 .. Mmps =   25 Ndav =  17 E =   -110.0524050468 Error = 8.03e-19 FLOPS = 1.17e+10 Tdav = 0.01 T = 0.08
 <-- Site =   50 .. Mmps =   25 Ndav =  18 E =   -110.0524812553 Error = 8.70e-20 FLOPS = 1.07e+10 Tdav = 0.01 T = 0.08
 <-- Site =   49 .. Mmps =   25 Ndav =  15 E =   -110.0525062752 Error = 6.87e-19 FLOPS = 1.05e+10 Tdav = 0.01 T = 0.08
 <-- Site =   48 .. Mmps =   25 Ndav =  14 E =   -110.0525426149 Error = 1.33e-20 FLOPS = 1.17e+10 Tdav = 0.01 T = 0.08
 <-- Site =   47 .. Mmps =   25 Ndav =  12 E =   -110.0525567269 Error = 9.06e-19 FLOPS = 1.25e+10 Tdav = 0.00 T = 0.08
 <-- Site =   46 .. Mmps =   25 Ndav =  11 E =   -110.0525589047 Error = 7.30e-20 FLOPS = 1.27e+10 Tdav = 0.00 T = 0.08
 <-- Site =   45 .. Mmps =   25 Ndav =   8 E =   -110.0525609732 Error = 1.59e-19 FLOPS = 1.30e+10 Tdav = 0.00 T = 0.07
 <-- Site =   44 .. Mmps =   25 Ndav =  11 E =   -110.0525689543 Error = 6.92e-21 FLOPS = 1.27e+10 Tdav = 0.00 T = 0.07
 <-- Site =   43 .. Mmps =   25 Ndav =  10 E =   -110.0525739191 Error = 1.16e-19 FLOPS = 1.28e+10 Tdav = 0.00 T = 0.07
 <-- Site =   42 .. Mmps =   25 Ndav =  11 E =   -110.0525809359 Error = 1.19e-20 FLOPS = 1.26e+10 Tdav = 0.00 T = 0.07
 <-- Site =   41 .. Mmps =   25 Ndav =  16 E =   -110.0526266802 Error = 4.48e-19 FLOPS = 1.15e+10 Tdav = 0.01 T = 0.07
 <-- Site =   40 .. Mmps =   25 Ndav =  13 E =   -110.0526778110 Error = 3.91e-20 FLOPS = 1.12e+10 Tdav = 0.00 T = 0.07
 <-- Site =   39 .. Mmps =   25 Ndav =  19 E =   -110.0527649161 Error = 5.07e-19 FLOPS = 9.54e+09 Tdav = 0.01 T = 0.07
 <-- Site =   38 .. Mmps =   25 Ndav =  14 E =   -110.0529618465 Error = 2.23e-18 FLOPS = 1.16e+10 Tdav = 0.00 T = 0.07
 <-- Site =   37 .. Mmps =   25 Ndav =  16 E =   -110.0529912929 Error = 6.21e-19 FLOPS = 9.91e+09 Tdav = 0.01 T = 0.07
 <-- Site =   36 .. Mmps =   25 Ndav =  14 E =   -110.0530237674 Error = 1.10e-18 FLOPS = 1.02e+10 Tdav = 0.01 T = 0.07
 <-- Site =   35 .. Mmps =   25 Ndav =  18 E =   -110.0530343793 Error = 9.92e-19 FLOPS = 9.46e+09 Tdav = 0.01 T = 0.07
 <-- Site =   34 .. Mmps =   25 Ndav =  13 E =   -110.0530512776 Error = 2.58e-19 FLOPS = 1.06e+10 Tdav = 0.00 T = 0.06
 <-- Site =   33 .. Mmps =   25 Ndav =  19 E =   -110.0530630813 Error = 2.64e-19 FLOPS = 9.90e+09 Tdav = 0.01 T = 0.06
 <-- Site =   32 .. Mmps =   25 Ndav =  14 E =   -110.0530842933 Error = 1.89e-19 FLOPS = 1.13e+10 Tdav = 0.00 T = 0.05
 <-- Site =   31 .. Mmps =   25 Ndav =  17 E =   -110.0530950687 Error = 2.98e-19 FLOPS = 1.04e+10 Tdav = 0.01 T = 0.05
 <-- Site =   30 .. Mmps =   25 Ndav =  12 E =   -110.0531111905 Error = 8.91e-19 FLOPS = 1.16e+10 Tdav = 0.00 T = 0.05
 <-- Site =   29 .. Mmps =   25 Ndav =  13 E =   -110.0531214500 Error = 1.73e-18 FLOPS = 1.13e+10 Tdav = 0.00 T = 0.05
 <-- Site =   28 .. Mmps =   25 Ndav =  15 E =   -110.0531510093 Error = 1.42e-18 FLOPS = 9.80e+09 Tdav = 0.00 T = 0.05
 <-- Site =   27 .. Mmps =   25 Ndav =  18 E =   -110.0531859798 Error = 6.98e-19 FLOPS = 8.80e+09 Tdav = 0.01 T = 0.05
 <-- Site =   26 .. Mmps =   25 Ndav =  14 E =   -110.0532274317 Error = 2.42e-19 FLOPS = 1.05e+10 Tdav = 0.00 T = 0.05
 <-- Site =   25 .. Mmps =   25 Ndav =  14 E =   -110.0532829186 Error = 3.70e-19 FLOPS = 1.05e+10 Tdav = 0.00 T = 0.04
 <-- Site =   24 .. Mmps =   25 Ndav =  16 E =   -110.0533187941 Error = 9.64e-20 FLOPS = 9.74e+09 Tdav = 0.00 T = 0.04
 <-- Site =   23 .. Mmps =   25 Ndav =  15 E =   -110.0533269151 Error = 1.30e-19 FLOPS = 9.98e+09 Tdav = 0.00 T = 0.05
 <-- Site =   22 .. Mmps =   25 Ndav =  12 E =   -110.0533349263 Error = 1.97e-19 FLOPS = 9.89e+09 Tdav = 0.00 T = 0.04
 <-- Site =   21 .. Mmps =   25 Ndav =  15 E =   -110.0533422345 Error = 2.79e-19 FLOPS = 9.39e+09 Tdav = 0.00 T = 0.04
 <-- Site =   20 .. Mmps =   25 Ndav =  12 E =   -110.0533461728 Error = 3.23e-20 FLOPS = 1.04e+10 Tdav = 0.00 T = 0.04
 <-- Site =   19 .. Mmps =   25 Ndav =  15 E =   -110.0533510092 Error = 1.59e-19 FLOPS = 9.35e+09 Tdav = 0.00 T = 0.04
 <-- Site =   18 .. Mmps =   25 Ndav =  12 E =   -110.0533550131 Error = 1.93e-19 FLOPS = 9.88e+09 Tdav = 0.00 T = 0.04
 <-- Site =   17 .. Mmps =   25 Ndav =  16 E =   -110.0533613819 Error = 1.93e-19 FLOPS = 8.68e+09 Tdav = 0.00 T = 0.04
 <-- Site =   16 .. Mmps =   25 Ndav =  11 E =   -110.0533656216 Error = 1.71e-19 FLOPS = 9.95e+09 Tdav = 0.00 T = 0.04
 <-- Site =   15 .. Mmps =   25 Ndav =  16 E =   -110.0533737667 Error = 3.05e-19 FLOPS = 8.12e+09 Tdav = 0.00 T = 0.04
 <-- Site =   14 .. Mmps =   25 Ndav =  12 E =   -110.0533786249 Error = 2.76e-19 FLOPS = 9.22e+09 Tdav = 0.00 T = 0.03
 <-- Site =   13 .. Mmps =   25 Ndav =  13 E =   -110.0533907439 Error = 9.37e-19 FLOPS = 8.58e+09 Tdav = 0.00 T = 0.03
 <-- Site =   12 .. Mmps =   25 Ndav =  12 E =   -110.0534066777 Error = 9.91e-19 FLOPS = 8.74e+09 Tdav = 0.00 T = 0.03
 <-- Site =   11 .. Mmps =   25 Ndav =  19 E =   -110.0534738079 Error = 8.87e-19 FLOPS = 6.36e+09 Tdav = 0.00 T = 0.03
 <-- Site =   10 .. Mmps =   25 Ndav =  14 E =   -110.0535084126 Error = 1.28e-18 FLOPS = 7.56e+09 Tdav = 0.00 T = 0.03
 <-- Site =    9 .. Mmps =   25 Ndav =  23 E =   -110.0535833941 Error = 1.52e-18 FLOPS = 4.76e+09 Tdav = 0.01 T = 0.03
 <-- Site =    8 .. Mmps =   25 Ndav =  16 E =   -110.0536240467 Error = 1.34e-18 FLOPS = 6.22e+09 Tdav = 0.00 T = 0.03
 <-- Site =    7 .. Mmps =   25 Ndav =  21 E =   -110.0536306191 Error = 7.64e-19 FLOPS = 4.59e+09 Tdav = 0.00 T = 0.03
 <-- Site =    6 .. Mmps =   25 Ndav =  15 E =   -110.0536318986 Error = 1.10e-18 FLOPS = 5.79e+09 Tdav = 0.00 T = 0.03
 <-- Site =    5 .. Mmps =   25 Ndav =  18 E =   -110.0536321549 Error = 2.00e-20 FLOPS = 4.49e+09 Tdav = 0.00 T = 0.03
 <-- Site =    4 .. Mmps =   25 Ndav =   7 E =   -110.0536321646 Error = 1.10e-25 FLOPS = 4.68e+09 Tdav = 0.00 T = 0.03
 <-- Site =    3 .. Mmps =   25 Ndav =   1 E =   -110.0536321646 Error = 1.35e-42 FLOPS = 8.78e+08 Tdav = 0.00 T = 0.03
 <-- Site =    2 .. Mmps =   25 Ndav =   1 E =   -110.0536321646 Error = 1.11e-51 FLOPS = 5.49e+08 Tdav = 0.00 T = 0.02
 <-- Site =    1 .. Mmps =   25 Ndav =   1 E =   -110.0536321646 Error = 1.47e-55 FLOPS = 2.57e+08 Tdav = 0.00 T = 0.03
 <-- Site =    0 .. Mmps =   25 Ndav =   1 E =   -110.0536321646 Error = 1.31e-58 FLOPS = 1.01e+08 Tdav = 0.00 T = 0.02
Time elapsed =    284.448 | E =    -110.0536321646 | DE = -4.80e-03 | DW = 1.65519e-17
Time sweep =       11.409 | 8.24 GFLOP/SWP
 | Dmem = 293 KB (3%) | Imem = 232 B (79%) | Hmem = 1.36 MB | Wmem = 9.77 KB | Pmem = 9.77 KB
 | Tread = 0.229 | Twrite = 0.793 | Tfpread = 0.083 | Tfpwrite = 0.050 | Tmporead = 0.000 | Tasync = 0.000
 | data = 31.3 MB | cpsd = 20.9 MB
 | Trot = 0.065 | Tctr = 0.638 | Tint = 0.010 | Tmid = 0.000 | Tdctr = 0.010 | Tdiag = 0.036 | Tinfo = 0.206
 | Teff = 5.198 | Tprt = 0.143 | Teig = 0.830 | Tblk = 9.185 | Tmve = 2.212 | Tdm = 0.005 | Tsplt = 0.049 | Tsvd = 0.000 | Torth = 0.000

Sweep =    6 | Direction =  forward | Bond dimension =  550 | Noise =  1.00e-05 | Dav threshold =  1.00e-10
 --> Site =    0 .. Mmps =    2 Ndav =   1 E =   -110.0536321646 Error = 0.00e+00 FLOPS = 1.04e+08 Tdav = 0.00 T = 0.02
 --> Site =    1 .. Mmps =    4 Ndav =   1 E =   -110.0536321646 Error = 0.00e+00 FLOPS = 1.61e+08 Tdav = 0.00 T = 0.03
 --> Site =    2 .. Mmps =    8 Ndav =   1 E =   -110.0536321646 Error = 0.00e+00 FLOPS = 2.80e+08 Tdav = 0.00 T = 0.03
 --> Site =    3 .. Mmps =   16 Ndav =   1 E =   -110.0536321646 Error = 0.00e+00 FLOPS = 7.19e+08 Tdav = 0.00 T = 0.02
 --> Site =    4 .. Mmps =   28 Ndav =   1 E =   -110.0536321646 Error = 0.00e+00 FLOPS = 1.68e+09 Tdav = 0.00 T = 0.02
 --> Site =    5 .. Mmps =   38 Ndav =   4 E =   -110.0536321648 Error = 0.00e+00 FLOPS = 6.79e+09 Tdav = 0.00 T = 0.02
 --> Site =    6 .. Mmps =   50 Ndav =   7 E =   -110.0536321683 Error = 0.00e+00 FLOPS = 9.69e+09 Tdav = 0.00 T = 0.03
 --> Site =    7 .. Mmps =   61 Ndav =  16 E =   -110.0536322809 Error = 0.00e+00 FLOPS = 7.96e+09 Tdav = 0.01 T = 0.04
 --> Site =    8 .. Mmps =   74 Ndav =  12 E =   -110.0536325650 Error = 0.00e+00 FLOPS = 1.13e+10 Tdav = 0.01 T = 0.04
 --> Site =    9 .. Mmps =   86 Ndav =  18 E =   -110.0536338369 Error = 0.00e+00 FLOPS = 1.02e+10 Tdav = 0.01 T = 0.06
 --> Site =   10 .. Mmps =   98 Ndav =  15 E =   -110.0536392312 Error = 0.00e+00 FLOPS = 1.26e+10 Tdav = 0.01 T = 0.08
 --> Site =   11 .. Mmps =  112 Ndav =  17 E =   -110.0536409432 Error = 0.00e+00 FLOPS = 1.28e+10 Tdav = 0.02 T = 0.10
 --> Site =   12 .. Mmps =  124 Ndav =  14 E =   -110.0536630019 Error = 0.00e+00 FLOPS = 1.48e+10 Tdav = 0.02 T = 0.13
 --> Site =   13 .. Mmps =  136 Ndav =  15 E =   -110.0536725063 Error = 0.00e+00 FLOPS = 1.54e+10 Tdav = 0.03 T = 0.17
 --> Site =   14 .. Mmps =  148 Ndav =  14 E =   -110.0536937373 Error = 0.00e+00 FLOPS = 1.32e+10 Tdav = 0.04 T = 0.23
 --> Site =   15 .. Mmps =  158 Ndav =  15 E =   -110.0537016628 Error = 0.00e+00 FLOPS = 1.57e+10 Tdav = 0.04 T = 0.28
 --> Site =   16 .. Mmps =  170 Ndav =  13 E =   -110.0537088812 Error = 0.00e+00 FLOPS = 1.59e+10 Tdav = 0.04 T = 0.33
 --> Site =   17 .. Mmps =  181 Ndav =  11 E =   -110.0537126493 Error = 0.00e+00 FLOPS = 1.63e+10 Tdav = 0.04 T = 0.41
 --> Site =   18 .. Mmps =  194 Ndav =  13 E =   -110.0537178868 Error = 0.00e+00 FLOPS = 1.55e+10 Tdav = 0.06 T = 0.51
 --> Site =   19 .. Mmps =  203 Ndav =  14 E =   -110.0537207782 Error = 0.00e+00 FLOPS = 1.57e+10 Tdav = 0.08 T = 0.64
 --> Site =   20 .. Mmps =  214 Ndav =  12 E =   -110.0537229030 Error = 0.00e+00 FLOPS = 1.61e+10 Tdav = 0.08 T = 0.74
 --> Site =   21 .. Mmps =  226 Ndav =  14 E =   -110.0537239726 Error = 0.00e+00 FLOPS = 1.55e+10 Tdav = 0.11 T = 0.90
 --> Site =   22 .. Mmps =  239 Ndav =  11 E =   -110.0537263285 Error = 0.00e+00 FLOPS = 1.65e+10 Tdav = 0.09 T = 1.03
 --> Site =   23 .. Mmps =  252 Ndav =  14 E =   -110.0537277295 Error = 0.00e+00 FLOPS = 1.62e+10 Tdav = 0.13 T = 1.27
 --> Site =   24 .. Mmps =  265 Ndav =  11 E =   -110.0537303717 Error = 0.00e+00 FLOPS = 1.69e+10 Tdav = 0.12 T = 1.47
 --> Site =   25 .. Mmps =  278 Ndav =  16 E =   -110.0537390813 Error = 0.00e+00 FLOPS = 1.60e+10 Tdav = 0.21 T = 1.80
 --> Site =   26 .. Mmps =  293 Ndav =  14 E =   -110.0537466922 Error = 0.00e+00 FLOPS = 1.69e+10 Tdav = 0.19 T = 2.06
 --> Site =   27 .. Mmps =  304 Ndav =  18 E =   -110.0537651113 Error = 0.00e+00 FLOPS = 1.61e+10 Tdav = 0.30 T = 2.53
 --> Site =   28 .. Mmps =  316 Ndav =  16 E =   -110.0537891497 Error = 0.00e+00 FLOPS = 1.69e+10 Tdav = 0.28 T = 2.84
 --> Site =   29 .. Mmps =  328 Ndav =  17 E =   -110.0538709052 Error = 0.00e+00 FLOPS = 1.68e+10 Tdav = 0.34 T = 3.28
 --> Site =   30 .. Mmps =  338 Ndav =  15 E =   -110.0539197642 Error = 0.00e+00 FLOPS = 1.75e+10 Tdav = 0.32 T = 3.75
 --> Site =   31 .. Mmps =  350 Ndav =  19 E =   -110.0539324838 Error = 0.00e+00 FLOPS = 1.28e+10 Tdav = 0.60 T = 4.52
 --> Site =   32 .. Mmps =  364 Ndav =   9 E =   -110.0539337754 Error = 0.00e+00 FLOPS = 1.83e+10 Tdav = 0.22 T = 4.65
 --> Site =   33 .. Mmps =  378 Ndav =  17 E =   -110.0539410484 Error = 0.00e+00 FLOPS = 1.75e+10 Tdav = 0.48 T = 5.37
 --> Site =   34 .. Mmps =  390 Ndav =  10 E =   -110.0539419856 Error = 0.00e+00 FLOPS = 1.22e+10 Tdav = 0.45 T = 6.58
 --> Site =   35 .. Mmps =  401 Ndav =  17 E =   -110.0539445243 Error = 0.00e+00 FLOPS = 1.68e+10 Tdav = 0.60 T = 7.56
 --> Site =   36 .. Mmps =  412 Ndav =  14 E =   -110.0539607598 Error = 0.00e+00 FLOPS = 1.57e+10 Tdav = 0.58 T = 8.05
 --> Site =   37 .. Mmps =  424 Ndav =  20 E =   -110.0539794189 Error = 0.00e+00 FLOPS = 1.26e+10 Tdav = 1.11 T = 9.51
 --> Site =   38 .. Mmps =  436 Ndav =  12 E =   -110.0539863454 Error = 0.00e+00 FLOPS = 1.80e+10 Tdav = 0.50 T = 9.63
 --> Site =   39 .. Mmps =  447 Ndav =  20 E =   -110.0540139288 Error = 0.00e+00 FLOPS = 1.72e+10 Tdav = 0.96 T = 10.67
 --> Site =   40 .. Mmps =  459 Ndav =  15 E =   -110.0540322723 Error = 0.00e+00 FLOPS = 1.77e+10 Tdav = 0.75 T = 11.39
 --> Site =   41 .. Mmps =  472 Ndav =  15 E =   -110.0540581735 Error = 0.00e+00 FLOPS = 1.78e+10 Tdav = 0.80 T = 12.82
 --> Site =   42 .. Mmps =  485 Ndav =  15 E =   -110.0540813800 Error = 0.00e+00 FLOPS = 1.22e+10 Tdav = 1.27 T = 14.64
 --> Site =   43 .. Mmps =  493 Ndav =  14 E =   -110.0540977895 Error = 0.00e+00 FLOPS = 1.37e+10 Tdav = 1.11 T = 15.98
 --> Site =   44 .. Mmps =  506 Ndav =  12 E =   -110.0541175063 Error = 0.00e+00 FLOPS = 1.54e+10 Tdav = 0.89 T = 16.39
 --> Site =   45 .. Mmps =  520 Ndav =  11 E =   -110.0541263665 Error = 0.00e+00 FLOPS = 1.82e+10 Tdav = 0.73 T = 16.80
 --> Site =   46 .. Mmps =  532 Ndav =  10 E =   -110.0541369480 Error = 0.00e+00 FLOPS = 1.41e+10 Tdav = 0.93 T = 18.22
 --> Site =   47 .. Mmps =  545 Ndav =  11 E =   -110.0541423086 Error = 0.00e+00 FLOPS = 1.33e+10 Tdav = 1.13 T = 20.22
 --> Site =   48 .. Mmps =  550 Ndav =   9 E =   -110.0541459161 Error = 9.95e-34 FLOPS = 1.38e+10 Tdav = 0.95 T = 21.47
 --> Site =   49 .. Mmps =  550 Ndav =  14 E =   -110.0541534580 Error = 2.33e-32 FLOPS = 1.86e+10 Tdav = 1.14 T = 22.46
 --> Site =   50 .. Mmps =  550 Ndav =  15 E =   -110.0541607500 Error = 4.04e-32 FLOPS = 1.84e+10 Tdav = 1.24 T = 22.92
 --> Site =   51 .. Mmps =  550 Ndav =  19 E =   -110.0542309049 Error = 3.95e-32 FLOPS = 1.49e+10 Tdav = 1.98 T = 24.91
 --> Site =   52 .. Mmps =  550 Ndav =  21 E =   -110.0542812926 Error = 4.69e-31 FLOPS = 1.81e+10 Tdav = 1.83 T = 25.33
 --> Site =   53 .. Mmps =  550 Ndav =  16 E =   -110.0543059971 Error = 6.80e-31 FLOPS = 1.64e+10 Tdav = 1.54 T = 24.91
 --> Site =   54 .. Mmps =  550 Ndav =  20 E =   -110.0543212877 Error = 7.22e-31 FLOPS = 1.31e+10 Tdav = 2.46 T = 26.95
 --> Site =   55 .. Mmps =  550 Ndav =  17 E =   -110.0543416723 Error = 1.30e-30 FLOPS = 1.81e+10 Tdav = 1.51 T = 26.33
 --> Site =   56 .. Mmps =  550 Ndav =  19 E =   -110.0543714229 Error = 2.56e-31 FLOPS = 1.57e+10 Tdav = 1.95 T = 25.93
 --> Site =   57 .. Mmps =  550 Ndav =  10 E =   -110.0543718288 Error = 9.48e-32 FLOPS = 1.58e+10 Tdav = 1.02 T = 25.97
 --> Site =   58 .. Mmps =  550 Ndav =  15 E =   -110.0543792683 Error = 1.45e-31 FLOPS = 1.56e+10 Tdav = 1.58 T = 26.99
 --> Site =   59 .. Mmps =  550 Ndav =  12 E =   -110.0543809178 Error = 7.62e-32 FLOPS = 1.61e+10 Tdav = 1.24 T = 26.76
 --> Site =   60 .. Mmps =  550 Ndav =  15 E =   -110.0543825567 Error = 8.00e-32 FLOPS = 1.45e+10 Tdav = 1.70 T = 27.86
 --> Site =   61 .. Mmps =  550 Ndav =  11 E =   -110.0543845904 Error = 8.03e-32 FLOPS = 1.80e+10 Tdav = 1.02 T = 27.29
 --> Site =   62 .. Mmps =  550 Ndav =  24 E =   -110.0544175566 Error = 1.20e-31 FLOPS = 1.61e+10 Tdav = 2.49 T = 28.30
 --> Site =   63 .. Mmps =  550 Ndav =  17 E =   -110.0544420140 Error = 4.59e-32 FLOPS = 1.53e+10 Tdav = 1.86 T = 28.54
 --> Site =   64 .. Mmps =  550 Ndav =  18 E =   -110.0544550247 Error = 5.73e-32 FLOPS = 1.83e+10 Tdav = 1.67 T = 28.62
 --> Site =   65 .. Mmps =  550 Ndav =  17 E =   -110.0544666684 Error = 1.43e-32 FLOPS = 1.83e+10 Tdav = 1.58 T = 28.34
 --> Site =   66 .. Mmps =  550 Ndav =  17 E =   -110.0545230397 Error = 1.00e-31 FLOPS = 1.50e+10 Tdav = 1.92 T = 29.76
 --> Site =   67 .. Mmps =  550 Ndav =  14 E =   -110.0545322769 Error = 7.03e-32 FLOPS = 1.87e+10 Tdav = 1.30 T = 28.82
 --> Site =   68 .. Mmps =  550 Ndav =  14 E =   -110.0545429731 Error = 3.01e-31 FLOPS = 1.15e+10 Tdav = 2.10 T = 30.07
 --> Site =   69 .. Mmps =  550 Ndav =  15 E =   -110.0546041445 Error = 6.89e-32 FLOPS = 1.85e+10 Tdav = 1.38 T = 29.84
 --> Site =   70 .. Mmps =  550 Ndav =  12 E =   -110.0546107112 Error = 7.81e-32 FLOPS = 1.84e+10 Tdav = 1.11 T = 27.95
 --> Site =   71 .. Mmps =  550 Ndav =  11 E =   -110.0546156764 Error = 5.00e-32 FLOPS = 1.08e+10 Tdav = 1.73 T = 30.11
 --> Site =   72 .. Mmps =  550 Ndav =  12 E =   -110.0546179585 Error = 1.16e-31 FLOPS = 1.08e+10 Tdav = 1.93 T = 31.89
 --> Site =   73 .. Mmps =  550 Ndav =  12 E =   -110.0546281775 Error = 2.27e-31 FLOPS = 1.12e+10 Tdav = 1.86 T = 32.31
 --> Site =   74 .. Mmps =  550 Ndav =  11 E =   -110.0546320837 Error = 1.11e-31 FLOPS = 1.03e+10 Tdav = 1.84 T = 32.20
 --> Site =   75 .. Mmps =  550 Ndav =  12 E =   -110.0546445443 Error = 6.38e-32 FLOPS = 1.03e+10 Tdav = 2.02 T = 32.51
 --> Site =   76 .. Mmps =  550 Ndav =  16 E =   -110.0546968239 Error = 1.92e-31 FLOPS = 1.14e+10 Tdav = 2.42 T = 32.97
 --> Site =   77 .. Mmps =  550 Ndav =  21 E =   -110.0547293240 Error = 2.44e-31 FLOPS = 1.11e+10 Tdav = 3.28 T = 33.83
 --> Site =   78 .. Mmps =  550 Ndav =  14 E =   -110.0547798919 Error = 3.41e-31 FLOPS = 1.15e+10 Tdav = 2.11 T = 32.71
 --> Site =   79 .. Mmps =  550 Ndav =  18 E =   -110.0547981629 Error = 2.99e-31 FLOPS = 9.82e+09 Tdav = 3.18 T = 33.37
 --> Site =   80 .. Mmps =  550 Ndav =  18 E =   -110.0548137545 Error = 2.55e-31 FLOPS = 1.20e+10 Tdav = 2.59 T = 32.96
 --> Site =   81 .. Mmps =  550 Ndav =  19 E =   -110.0548635338 Error = 4.02e-31 FLOPS = 1.10e+10 Tdav = 2.99 T = 32.95
 --> Site =   82 .. Mmps =  550 Ndav =  18 E =   -110.0548795009 Error = 6.21e-31 FLOPS = 1.66e+10 Tdav = 1.85 T = 30.73
 --> Site =   83 .. Mmps =  550 Ndav =  15 E =   -110.0548834452 Error = 3.50e-31 FLOPS = 1.86e+10 Tdav = 1.39 T = 28.34
 --> Site =   84 .. Mmps =  550 Ndav =  11 E =   -110.0548850388 Error = 1.66e-31 FLOPS = 1.10e+10 Tdav = 1.73 T = 30.85
 --> Site =   85 .. Mmps =  550 Ndav =  15 E =   -110.0548913265 Error = 2.35e-31 FLOPS = 1.03e+10 Tdav = 2.52 T = 32.75
 --> Site =   86 .. Mmps =  550 Ndav =  13 E =   -110.0548934109 Error = 1.33e-31 FLOPS = 1.10e+10 Tdav = 2.08 T = 32.91
 --> Site =   87 .. Mmps =  550 Ndav =  15 E =   -110.0548995714 Error = 3.10e-31 FLOPS = 1.05e+10 Tdav = 2.48 T = 33.33
 --> Site =   88 .. Mmps =  550 Ndav =  14 E =   -110.0549022116 Error = 2.95e-31 FLOPS = 1.04e+10 Tdav = 2.34 T = 32.71
 --> Site =   89 .. Mmps =  550 Ndav =  19 E =   -110.0549183453 Error = 2.64e-31 FLOPS = 1.16e+10 Tdav = 2.84 T = 33.24
 --> Site =   90 .. Mmps =  550 Ndav =  15 E =   -110.0549293543 Error = 9.99e-32 FLOPS = 1.13e+10 Tdav = 2.30 T = 32.74
 --> Site =   91 .. Mmps =  550 Ndav =  19 E =   -110.0549715549 Error = 1.05e-31 FLOPS = 1.05e+10 Tdav = 3.12 T = 33.67
 --> Site =   92 .. Mmps =  550 Ndav =  15 E =   -110.0549875285 Error = 1.27e-31 FLOPS = 1.18e+10 Tdav = 2.19 T = 32.74
 --> Site =   93 .. Mmps =  550 Ndav =  13 E =   -110.0549956964 Error = 1.34e-31 FLOPS = 1.05e+10 Tdav = 2.15 T = 32.65
 --> Site =   94 .. Mmps =  550 Ndav =  14 E =   -110.0550122350 Error = 9.14e-32 FLOPS = 1.35e+10 Tdav = 1.80 T = 31.84
 --> Site =   95 .. Mmps =  550 Ndav =  13 E =   -110.0550241528 Error = 1.71e-31 FLOPS = 1.75e+10 Tdav = 1.27 T = 30.81
 --> Site =   96 .. Mmps =  550 Ndav =  10 E =   -110.0550296978 Error = 4.00e-32 FLOPS = 1.89e+10 Tdav = 0.90 T = 29.14
 --> Site =   97 .. Mmps =  550 Ndav =  14 E =   -110.0550373361 Error = 2.74e-31 FLOPS = 1.87e+10 Tdav = 1.27 T = 27.89
 --> Site =   98 .. Mmps =  550 Ndav =  11 E =   -110.0550386823 Error = 1.17e-32 FLOPS = 1.88e+10 Tdav = 1.00 T = 27.82
 --> Site =   99 .. Mmps =  550 Ndav =  15 E =   -110.0550411594 Error = 4.14e-33 FLOPS = 1.43e+10 Tdav = 1.82 T = 29.92
 --> Site =  100 .. Mmps =  550 Ndav =  11 E =   -110.0550428120 Error = 1.05e-32 FLOPS = 1.89e+10 Tdav = 0.99 T = 29.11
 --> Site =  101 .. Mmps =  550 Ndav =  14 E =   -110.0550512244 Error = 8.46e-32 FLOPS = 1.32e+10 Tdav = 1.80 T = 28.45
 --> Site =  102 .. Mmps =  550 Ndav =  16 E =   -110.0550565994 Error = 3.57e-32 FLOPS = 1.47e+10 Tdav = 1.85 T = 29.69
 --> Site =  103 .. Mmps =  550 Ndav =  18 E =   -110.0550754345 Error = 1.04e-31 FLOPS = 1.83e+10 Tdav = 1.64 T = 28.81
 --> Site =  104 .. Mmps =  550 Ndav =  20 E =   -110.0551255697 Error = 7.01e-31 FLOPS = 1.51e+10 Tdav = 2.21 T = 28.11
 --> Site =  105 .. Mmps =  550 Ndav =  18 E =   -110.0551467410 Error = 9.74e-31 FLOPS = 1.32e+10 Tdav = 2.27 T = 29.02
 --> Site =  106 .. Mmps =  550 Ndav =  25 E =   -110.0551536861 Error = 7.88e-31 FLOPS = 1.77e+10 Tdav = 2.36 T = 28.95
 --> Site =  107 .. Mmps =  550 Ndav =  15 E =   -110.0551718666 Error = 7.12e-31 FLOPS = 1.70e+10 Tdav = 1.45 T = 26.67
 --> Site =  108 .. Mmps =  550 Ndav =  16 E =   -110.0551940706 Error = 1.86e-31 FLOPS = 1.50e+10 Tdav = 1.75 T = 27.71
 --> Site =  109 .. Mmps =  550 Ndav =  12 E =   -110.0551981434 Error = 5.83e-32 FLOPS = 1.77e+10 Tdav = 1.09 T = 26.60
 --> Site =  110 .. Mmps =  550 Ndav =  15 E =   -110.0552076163 Error = 7.10e-32 FLOPS = 1.82e+10 Tdav = 1.33 T = 25.34
 --> Site =  111 .. Mmps =  550 Ndav =  11 E =   -110.0552083085 Error = 3.35e-32 FLOPS = 1.17e+10 Tdav = 1.52 T = 26.31
 --> Site =  112 .. Mmps =  550 Ndav =  19 E =   -110.0552143256 Error = 1.82e-31 FLOPS = 1.56e+10 Tdav = 1.96 T = 27.05
 --> Site =  113 .. Mmps =  550 Ndav =  12 E =   -110.0552181132 Error = 5.44e-32 FLOPS = 1.87e+10 Tdav = 1.01 T = 24.85
 --> Site =  114 .. Mmps =  550 Ndav =  22 E =   -110.0552660569 Error = 1.94e-31 FLOPS = 1.68e+10 Tdav = 2.06 T = 25.47
 --> Site =  115 .. Mmps =  550 Ndav =  15 E =   -110.0552902718 Error = 8.69e-32 FLOPS = 1.65e+10 Tdav = 1.44 T = 26.01
 --> Site =  116 .. Mmps =  550 Ndav =  23 E =   -110.0553643085 Error = 1.33e-31 FLOPS = 1.75e+10 Tdav = 2.04 T = 25.41
 --> Site =  117 .. Mmps =  550 Ndav =  15 E =   -110.0553908695 Error = 6.61e-32 FLOPS = 1.46e+10 Tdav = 1.56 T = 23.51
 --> Site =  118 .. Mmps =  550 Ndav =  18 E =   -110.0554320512 Error = 2.84e-31 FLOPS = 1.44e+10 Tdav = 1.89 T = 24.17
 --> Site =  119 .. Mmps =  550 Ndav =  13 E =   -110.0554451531 Error = 1.16e-31 FLOPS = 1.32e+10 Tdav = 1.47 T = 23.48
 --> Site =  120 .. Mmps =  550 Ndav =  13 E =   -110.0554557934 Error = 1.97e-31 FLOPS = 1.84e+10 Tdav = 1.03 T = 21.38
 --> Site =  121 .. Mmps =  550 Ndav =  13 E =   -110.0554864907 Error = 6.24e-32 FLOPS = 1.85e+10 Tdav = 1.02 T = 21.03
 --> Site =  122 .. Mmps =  550 Ndav =  12 E =   -110.0554925559 Error = 1.97e-31 FLOPS = 1.66e+10 Tdav = 1.03 T = 21.44
 --> Site =  123 .. Mmps =  550 Ndav =  12 E =   -110.0555065759 Error = 4.11e-32 FLOPS = 1.67e+10 Tdav = 1.02 T = 20.96
 --> Site =  124 .. Mmps =  550 Ndav =  10 E =   -110.0555093338 Error = 2.49e-32 FLOPS = 1.86e+10 Tdav = 0.75 T = 19.59
 --> Site =  125 .. Mmps =  550 Ndav =  10 E =   -110.0555119533 Error = 5.21e-32 FLOPS = 1.86e+10 Tdav = 0.75 T = 19.27
 --> Site =  126 .. Mmps =  550 Ndav =  10 E =   -110.0555151377 Error = 2.70e-32 FLOPS = 1.37e+10 Tdav = 1.00 T = 19.91
 --> Site =  127 .. Mmps =  550 Ndav =  13 E =   -110.0555381133 Error = 5.41e-32 FLOPS = 1.67e+10 Tdav = 1.03 T = 19.35
 --> Site =  128 .. Mmps =  550 Ndav =  15 E =   -110.0555960514 Error = 2.41e-31 FLOPS = 1.83e+10 Tdav = 1.07 T = 17.73
 --> Site =  129 .. Mmps =  550 Ndav =  20 E =   -110.0556826553 Error = 4.28e-31 FLOPS = 1.55e+10 Tdav = 1.64 T = 17.48
 --> Site =  130 .. Mmps =  550 Ndav =  15 E =   -110.0557510897 Error = 2.97e-31 FLOPS = 1.15e+10 Tdav = 1.61 T = 17.22
 --> Site =  131 .. Mmps =  550 Ndav =  16 E =   -110.0557636842 Error = 3.72e-31 FLOPS = 1.59e+10 Tdav = 1.21 T = 16.55
 --> Site =  132 .. Mmps =  550 Ndav =  15 E =   -110.0557809168 Error = 9.49e-32 FLOPS = 1.71e+10 Tdav = 1.03 T = 15.68
 --> Site =  133 .. Mmps =  550 Ndav =  19 E =   -110.0558013548 Error = 2.09e-31 FLOPS = 1.78e+10 Tdav = 1.22 T = 14.41
 --> Site =  134 .. Mmps =  550 Ndav =  12 E =   -110.0558090714 Error = 3.54e-31 FLOPS = 1.82e+10 Tdav = 0.74 T = 13.29
 --> Site =  135 .. Mmps =  550 Ndav =  18 E =   -110.0558155077 Error = 1.29e-31 FLOPS = 1.78e+10 Tdav = 1.10 T = 13.12
 --> Site =  136 .. Mmps =  550 Ndav =  13 E =   -110.0558309332 Error = 5.81e-31 FLOPS = 1.25e+10 Tdav = 1.09 T = 13.14
 --> Site =  137 .. Mmps =  550 Ndav =  18 E =   -110.0558401680 Error = 2.00e-31 FLOPS = 1.35e+10 Tdav = 1.36 T = 12.57
 --> Site =  138 .. Mmps =  550 Ndav =  11 E =   -110.0558432579 Error = 1.37e-31 FLOPS = 1.79e+10 Tdav = 0.61 T = 11.34
 --> Site =  139 .. Mmps =  550 Ndav =  17 E =   -110.0558533437 Error = 1.73e-31 FLOPS = 1.78e+10 Tdav = 0.91 T = 10.80
 --> Site =  140 .. Mmps =  550 Ndav =  14 E =   -110.0558658480 Error = 2.45e-31 FLOPS = 1.82e+10 Tdav = 0.72 T = 9.77
 --> Site =  141 .. Mmps =  550 Ndav =  18 E =   -110.0558837633 Error = 1.21e-31 FLOPS = 1.73e+10 Tdav = 0.94 T = 9.53
 --> Site =  142 .. Mmps =  550 Ndav =  15 E =   -110.0558974401 Error = 1.59e-31 FLOPS = 1.70e+10 Tdav = 0.76 T = 8.96
 --> Site =  143 .. Mmps =  550 Ndav =  15 E =   -110.0559195266 Error = 7.31e-32 FLOPS = 1.66e+10 Tdav = 0.76 T = 8.40
 --> Site =  144 .. Mmps =  550 Ndav =  15 E =   -110.0559647443 Error = 2.37e-31 FLOPS = 1.27e+10 Tdav = 0.95 T = 8.79
 --> Site =  145 .. Mmps =  550 Ndav =  16 E =   -110.0559771784 Error = 1.32e-31 FLOPS = 1.26e+10 Tdav = 0.98 T = 8.02
 --> Site =  146 .. Mmps =  550 Ndav =  14 E =   -110.0559962113 Error = 5.95e-31 FLOPS = 1.39e+10 Tdav = 0.75 T = 7.24
 --> Site =  147 .. Mmps =  550 Ndav =  16 E =   -110.0559986763 Error = 2.33e-31 FLOPS = 1.30e+10 Tdav = 0.87 T = 7.03
 --> Site =  148 .. Mmps =  550 Ndav =  13 E =   -110.0560033963 Error = 8.46e-31 FLOPS = 1.04e+10 Tdav = 0.85 T = 6.39
 --> Site =  149 .. Mmps =  550 Ndav =  16 E =   -110.0560052094 Error = 1.89e-31 FLOPS = 1.74e+10 Tdav = 0.60 T = 5.68
 --> Site =  150 .. Mmps =  550 Ndav =  13 E =   -110.0560079336 Error = 2.36e-31 FLOPS = 1.72e+10 Tdav = 0.47 T = 5.12
 --> Site =  151 .. Mmps =  550 Ndav =  15 E =   -110.0560101157 Error = 2.20e-31 FLOPS = 1.73e+10 Tdav = 0.51 T = 4.75
 --> Site =  152 .. Mmps =  550 Ndav =  12 E =   -110.0560121470 Error = 2.29e-31 FLOPS = 1.75e+10 Tdav = 0.38 T = 4.27
 --> Site =  153 .. Mmps =  550 Ndav =  14 E =   -110.0560139928 Error = 1.53e-31 FLOPS = 1.70e+10 Tdav = 0.43 T = 4.03
 --> Site =  154 .. Mmps =  550 Ndav =  13 E =   -110.0560177211 Error = 3.44e-31 FLOPS = 1.70e+10 Tdav = 0.38 T = 3.69
 --> Site =  155 .. Mmps =  550 Ndav =  17 E =   -110.0560352506 Error = 3.49e-31 FLOPS = 1.44e+10 Tdav = 0.55 T = 3.66
 --> Site =  156 .. Mmps =  550 Ndav =  14 E =   -110.0560572725 Error = 1.65e-30 FLOPS = 1.17e+10 Tdav = 0.52 T = 3.31
 --> Site =  157 .. Mmps =  550 Ndav =  23 E =   -110.0561092070 Error = 1.18e-30 FLOPS = 1.45e+10 Tdav = 0.64 T = 3.06
 --> Site =  158 .. Mmps =  550 Ndav =  16 E =   -110.0561159911 Error = 1.25e-30 FLOPS = 1.59e+10 Tdav = 0.37 T = 2.56
 --> Site =  159 .. Mmps =  550 Ndav =  22 E =   -110.0561183190 Error = 7.26e-31 FLOPS = 1.41e+10 Tdav = 0.53 T = 2.49
 --> Site =  160 .. Mmps =  550 Ndav =  15 E =   -110.0561198478 Error = 6.86e-31 FLOPS = 1.07e+10 Tdav = 0.43 T = 2.36
 --> Site =  161 .. Mmps =  550 Ndav =  24 E =   -110.0561208765 Error = 1.51e-31 FLOPS = 8.08e+09 Tdav = 0.83 T = 2.63
 --> Site =  162 .. Mmps =  550 Ndav =  15 E =   -110.0561211098 Error = 3.39e-32 FLOPS = 1.14e+10 Tdav = 0.32 T = 2.00
 --> Site =  163 .. Mmps =  550 Ndav =  16 E =   -110.0561211656 Error = 2.60e-33 FLOPS = 9.33e+09 Tdav = 0.37 T = 1.80
 --> Site =  164 .. Mmps =  550 Ndav =   3 E =   -110.0561211657 Error = 1.03e-35 FLOPS = 1.41e+10 Tdav = 0.03 T = 1.23
 --> Site =  165 .. Mmps =  550 Ndav =   1 E =   -110.0561211657 Error = 7.21e-61 FLOPS = 4.63e+09 Tdav = 0.01 T = 1.08
 --> Site =  166 .. Mmps =  550 Ndav =   1 E =   -110.0561211657 Error = 3.29e-85 FLOPS = 2.47e+09 Tdav = 0.01 T = 0.95
 --> Site =  167 .. Mmps =  550 Ndav =   1 E =   -110.0561211657 Error = 0.00e+00 FLOPS = 2.33e+09 Tdav = 0.00 T = 0.73
 --> Site =  168 .. Mmps =  550 Ndav =   1 E =   -110.0561211657 Error = 5.03e-139 FLOPS = 2.13e+09 Tdav = 0.00 T = 0.48
Time elapsed =   3041.490 | E =    -110.0561211657 | DE = -2.49e-03 | DW = 1.64957e-30
Time sweep =     2757.042 | 2.41 TFLOP/SWP
 | Dmem = 134 MB (0%) | Imem = 232 B (79%) | Hmem = 526 MB | Wmem = 215 KB | Pmem = 215 KB
 | Tread = 56.095 | Twrite = 29.513 | Tfpread = 53.639 | Tfpwrite = 19.868 | Tmporead = 0.000 | Tasync = 0.000
 | data = 13.2 GB | cpsd = 9.58 GB
 | Trot = 190.515 | Tctr = 1.349 | Tint = 0.014 | Tmid = 0.000 | Tdctr = 55.242 | Tdiag = 0.658 | Tinfo = 1.763
 | Teff = 2283.552 | Tprt = 11.672 | Teig = 183.072 | Tblk = 2533.367 | Tmve = 223.663 | Tdm = 0.820 | Tsplt = 48.911 | Tsvd = 0.000 | Torth = 0.000

Sweep =    7 | Direction = backward | Bond dimension =  550 | Noise =  1.00e-05 | Dav threshold =  1.00e-10
 <-- Site =  168 .. Mmps =    2 Ndav =   1 E =   -110.0561211657 Error = 0.00e+00 FLOPS = 2.22e+09 Tdav = 0.00 T = 0.02
 <-- Site =  167 .. Mmps =    4 Ndav =   1 E =   -110.0561211657 Error = 0.00e+00 FLOPS = 2.60e+09 Tdav = 0.00 T = 0.12
 <-- Site =  166 .. Mmps =    8 Ndav =   1 E =   -110.0561211657 Error = 0.00e+00 FLOPS = 4.68e+09 Tdav = 0.00 T = 0.18
 <-- Site =  165 .. Mmps =   16 Ndav =   1 E =   -110.0561211657 Error = 0.00e+00 FLOPS = 8.34e+09 Tdav = 0.01 T = 0.26
 <-- Site =  164 .. Mmps =   32 Ndav =   1 E =   -110.0561211657 Error = 0.00e+00 FLOPS = 9.96e+09 Tdav = 0.01 T = 0.37
 <-- Site =  163 .. Mmps =   64 Ndav =   2 E =   -110.0561211657 Error = 0.00e+00 FLOPS = 1.49e+10 Tdav = 0.04 T = 0.53
 <-- Site =  162 .. Mmps =  128 Ndav =   7 E =   -110.0561211668 Error = 0.00e+00 FLOPS = 1.87e+10 Tdav = 0.25 T = 0.88
 <-- Site =  161 .. Mmps =  256 Ndav =  15 E =   -110.0561211789 Error = 0.00e+00 FLOPS = 1.42e+10 Tdav = 1.65 T = 2.46
 <-- Site =  160 .. Mmps =  509 Ndav =  14 E =   -110.0561213296 Error = 0.00e+00 FLOPS = 1.94e+10 Tdav = 2.75 T = 3.81
 <-- Site =  159 .. Mmps =  550 Ndav =  19 E =   -110.0561217339 Error = 2.02e-25 FLOPS = 1.60e+10 Tdav = 11.74 T = 13.68
 <-- Site =  158 .. Mmps =  550 Ndav =  17 E =   -110.0561225077 Error = 6.81e-23 FLOPS = 2.11e+10 Tdav = 9.67 T = 12.06
 <-- Site =  157 .. Mmps =  550 Ndav =  22 E =   -110.0561237829 Error = 6.43e-23 FLOPS = 1.93e+10 Tdav = 14.83 T = 17.51
 <-- Site =  156 .. Mmps =  550 Ndav =  22 E =   -110.0561539225 Error = 1.62e-20 FLOPS = 1.77e+10 Tdav = 17.42 T = 20.58
 <-- Site =  155 .. Mmps =  550 Ndav =  23 E =   -110.0561785703 Error = 2.76e-21 FLOPS = 1.64e+10 Tdav = 21.01 T = 24.83
 <-- Site =  154 .. Mmps =  550 Ndav =  23 E =   -110.0562175091 Error = 2.03e-20 FLOPS = 1.96e+10 Tdav = 18.74 T = 22.74
 <-- Site =  153 .. Mmps =  550 Ndav =  23 E =   -110.0562594065 Error = 5.22e-21 FLOPS = 1.98e+10 Tdav = 19.68 T = 23.63
 <-- Site =  152 .. Mmps =  550 Ndav =  24 E =   -110.0563178973 Error = 1.30e-20 FLOPS = 1.65e+10 Tdav = 26.18 T = 30.54
 <-- Site =  151 .. Mmps =  550 Ndav =  26 E =   -110.0563709944 Error = 5.31e-21 FLOPS = 1.92e+10 Tdav = 25.67 T = 30.90
 <-- Site =  150 .. Mmps =  550 Ndav =  23 E =   -110.0564115915 Error = 9.30e-21 FLOPS = 2.04e+10 Tdav = 22.51 T = 27.78
 <-- Site =  149 .. Mmps =  550 Ndav =  25 E =   -110.0564788445 Error = 2.54e-21 FLOPS = 1.85e+10 Tdav = 28.40 T = 34.71
 <-- Site =  148 .. Mmps =  550 Ndav =  24 E =   -110.0565198602 Error = 6.83e-21 FLOPS = 2.21e+10 Tdav = 23.87 T = 29.96
 <-- Site =  147 .. Mmps =  550 Ndav =  26 E =   -110.0565761511 Error = 1.61e-21 FLOPS = 1.78e+10 Tdav = 33.51 T = 40.31
 <-- Site =  146 .. Mmps =  550 Ndav =  25 E =   -110.0566105388 Error = 4.31e-21 FLOPS = 2.23e+10 Tdav = 26.85 T = 34.11
 <-- Site =  145 .. Mmps =  550 Ndav =  26 E =   -110.0566403421 Error = 1.14e-21 FLOPS = 1.44e+10 Tdav = 44.98 T = 52.50
 <-- Site =  144 .. Mmps =  550 Ndav =  22 E =   -110.0566689932 Error = 5.40e-21 FLOPS = 1.65e+10 Tdav = 34.66 T = 43.96
 <-- Site =  143 .. Mmps =  550 Ndav =  25 E =   -110.0567231407 Error = 8.84e-21 FLOPS = 1.50e+10 Tdav = 44.82 T = 54.65
 <-- Site =  142 .. Mmps =  550 Ndav =  21 E =   -110.0567392316 Error = 1.34e-20 FLOPS = 1.74e+10 Tdav = 33.71 T = 44.39
 <-- Site =  141 .. Mmps =  550 Ndav =  24 E =   -110.0567969106 Error = 8.85e-21 FLOPS = 1.63e+10 Tdav = 42.62 T = 53.84
 <-- Site =  140 .. Mmps =  550 Ndav =  22 E =   -110.0568307345 Error = 2.41e-20 FLOPS = 1.89e+10 Tdav = 34.89 T = 47.01
 <-- Site =  139 .. Mmps =  550 Ndav =  24 E =   -110.0569453351 Error = 8.54e-21 FLOPS = 1.79e+10 Tdav = 41.57 T = 54.35
 <-- Site =  138 .. Mmps =  550 Ndav =  24 E =   -110.0570826457 Error = 1.50e-20 FLOPS = 2.01e+10 Tdav = 38.12 T = 50.91
 <-- Site =  137 .. Mmps =  550 Ndav =  30 E =   -110.0572027782 Error = 5.54e-21 FLOPS = 1.74e+10 Tdav = 56.72 T = 68.91
 <-- Site =  136 .. Mmps =  550 Ndav =  21 E =   -110.0572674307 Error = 8.68e-21 FLOPS = 1.89e+10 Tdav = 37.81 T = 52.56
 <-- Site =  135 .. Mmps =  550 Ndav =  25 E =   -110.0573875321 Error = 2.52e-21 FLOPS = 1.69e+10 Tdav = 51.69 T = 67.27
 <-- Site =  134 .. Mmps =  550 Ndav =  18 E =   -110.0574180239 Error = 4.35e-21 FLOPS = 2.09e+10 Tdav = 30.97 T = 47.32
 <-- Site =  133 .. Mmps =  550 Ndav =  27 E =   -110.0574852600 Error = 3.28e-21 FLOPS = 1.63e+10 Tdav = 61.16 T = 78.49
 <-- Site =  132 .. Mmps =  550 Ndav =  21 E =   -110.0575161063 Error = 7.15e-21 FLOPS = 1.96e+10 Tdav = 40.61 T = 58.87
 <-- Site =  131 .. Mmps =  550 Ndav =  27 E =   -110.0576163793 Error = 6.38e-21 FLOPS = 1.92e+10 Tdav = 54.85 T = 73.47
 <-- Site =  130 .. Mmps =  550 Ndav =  20 E =   -110.0576297963 Error = 2.57e-20 FLOPS = 2.82e+10 Tdav = 28.34 T = 45.70
 <-- Site =  129 .. Mmps =  550 Ndav =  22 E =   -110.0576527878 Error = 1.02e-20 FLOPS = 2.40e+10 Tdav = 37.48 T = 55.15
 <-- Site =  128 .. Mmps =  550 Ndav =  24 E =   -110.0577450094 Error = 6.40e-21 FLOPS = 2.64e+10 Tdav = 38.16 T = 57.68
 <-- Site =  127 .. Mmps =  550 Ndav =  22 E =   -110.0578274542 Error = 6.57e-21 FLOPS = 2.52e+10 Tdav = 37.48 T = 57.06
 <-- Site =  126 .. Mmps =  550 Ndav =  21 E =   -110.0578982192 Error = 1.60e-21 FLOPS = 2.47e+10 Tdav = 37.35 T = 56.96
 <-- Site =  125 .. Mmps =  550 Ndav =  22 E =   -110.0580119418 Error = 4.70e-21 FLOPS = 2.74e+10 Tdav = 36.04 T = 57.75
 <-- Site =  124 .. Mmps =  550 Ndav =  22 E =   -110.0581935561 Error = 5.91e-22 FLOPS = 2.58e+10 Tdav = 38.28 T = 59.50
 <-- Site =  123 .. Mmps =  550 Ndav =  24 E =   -110.0584122239 Error = 3.70e-21 FLOPS = 2.38e+10 Tdav = 46.29 T = 67.48
 <-- Site =  122 .. Mmps =  550 Ndav =  19 E =   -110.0585046635 Error = 9.79e-22 FLOPS = 2.75e+10 Tdav = 31.69 T = 53.35
 <-- Site =  121 .. Mmps =  550 Ndav =  23 E =   -110.0587240320 Error = 2.97e-21 FLOPS = 2.71e+10 Tdav = 39.88 T = 63.88
 <-- Site =  120 .. Mmps =  550 Ndav =  20 E =   -110.0587872886 Error = 7.02e-22 FLOPS = 2.61e+10 Tdav = 35.93 T = 58.90
 <-- Site =  119 .. Mmps =  550 Ndav =  24 E =   -110.0589482487 Error = 3.34e-21 FLOPS = 2.42e+10 Tdav = 47.52 T = 70.48
 <-- Site =  118 .. Mmps =  550 Ndav =  21 E =   -110.0589805581 Error = 4.41e-21 FLOPS = 2.62e+10 Tdav = 39.16 T = 63.34
 <-- Site =  117 .. Mmps =  550 Ndav =  24 E =   -110.0591336418 Error = 7.25e-21 FLOPS = 2.70e+10 Tdav = 43.45 T = 69.42
 <-- Site =  116 .. Mmps =  550 Ndav =  24 E =   -110.0591635759 Error = 1.43e-20 FLOPS = 2.70e+10 Tdav = 44.34 T = 71.80
 <-- Site =  115 .. Mmps =  550 Ndav =  22 E =   -110.0592096160 Error = 9.63e-21 FLOPS = 2.71e+10 Tdav = 41.38 T = 67.47
 <-- Site =  114 .. Mmps =  550 Ndav =  24 E =   -110.0592762075 Error = 7.53e-21 FLOPS = 2.53e+10 Tdav = 48.34 T = 74.11
 <-- Site =  113 .. Mmps =  550 Ndav =  23 E =   -110.0593452957 Error = 9.75e-21 FLOPS = 2.47e+10 Tdav = 47.32 T = 73.13
 <-- Site =  112 .. Mmps =  550 Ndav =  26 E =   -110.0594999232 Error = 3.78e-21 FLOPS = 2.42e+10 Tdav = 55.83 T = 82.01
 <-- Site =  111 .. Mmps =  550 Ndav =  22 E =   -110.0595396218 Error = 4.33e-21 FLOPS = 2.49e+10 Tdav = 45.83 T = 72.21
 <-- Site =  110 .. Mmps =  550 Ndav =  26 E =   -110.0596693293 Error = 1.84e-21 FLOPS = 1.97e+10 Tdav = 68.40 T = 95.43
 <-- Site =  109 .. Mmps =  550 Ndav =  29 E =   -110.0597521105 Error = 6.35e-21 FLOPS = 1.75e+10 Tdav = 86.19 T = 118.15
 <-- Site =  108 .. Mmps =  550 Ndav =  40 E =   -110.0601594574 Error = 6.40e-21 FLOPS = 1.44e+10 Tdav = 146.66 T = 179.48
 <-- Site =  107 .. Mmps =  550 Ndav =  35 E =   -110.0603069505 Error = 1.31e-20 FLOPS = 1.89e+10 Tdav = 98.19 T = 129.71
 <-- Site =  106 .. Mmps =  550 Ndav =  43 E =   -110.0604286756 Error = 3.11e-21 FLOPS = 1.27e+10 Tdav = 182.47 T = 215.84
 <-- Site =  105 .. Mmps =  550 Ndav =  27 E =   -110.0604967027 Error = 1.98e-20 FLOPS = 1.92e+10 Tdav = 75.97 T = 109.64
 <-- Site =  104 .. Mmps =  550 Ndav =  33 E =   -110.0605107018 Error = 1.97e-20 FLOPS = 2.30e+10 Tdav = 77.22 T = 110.26
 <-- Site =  103 .. Mmps =  550 Ndav =  27 E =   -110.0605303242 Error = 1.07e-20 FLOPS = 2.55e+10 Tdav = 57.15 T = 87.77
 <-- Site =  102 .. Mmps =  550 Ndav =  28 E =   -110.0605765706 Error = 5.93e-21 FLOPS = 2.53e+10 Tdav = 60.83 T = 90.89
 <-- Site =  101 .. Mmps =  550 Ndav =  30 E =   -110.0606477433 Error = 2.46e-21 FLOPS = 2.45e+10 Tdav = 67.19 T = 97.80
 <-- Site =  100 .. Mmps =  550 Ndav =  28 E =   -110.0607167658 Error = 2.21e-21 FLOPS = 2.56e+10 Tdav = 60.02 T = 90.68
 <-- Site =   99 .. Mmps =  550 Ndav =  29 E =   -110.0608642184 Error = 5.31e-22 FLOPS = 2.42e+10 Tdav = 66.88 T = 100.01
 <-- Site =   98 .. Mmps =  550 Ndav =  25 E =   -110.0609490422 Error = 1.68e-21 FLOPS = 2.59e+10 Tdav = 52.96 T = 84.65
 <-- Site =   97 .. Mmps =  550 Ndav =  27 E =   -110.0611723453 Error = 1.28e-21 FLOPS = 2.49e+10 Tdav = 59.47 T = 91.05
 <-- Site =   96 .. Mmps =  550 Ndav =  25 E =   -110.0612984009 Error = 1.03e-21 FLOPS = 2.54e+10 Tdav = 53.97 T = 84.80
 <-- Site =   95 .. Mmps =  550 Ndav =  24 E =   -110.0614221038 Error = 8.59e-22 FLOPS = 2.57e+10 Tdav = 51.17 T = 82.92
 <-- Site =   94 .. Mmps =  550 Ndav =  24 E =   -110.0615734828 Error = 1.23e-21 FLOPS = 2.58e+10 Tdav = 52.04 T = 84.13
 <-- Site =   93 .. Mmps =  550 Ndav =  23 E =   -110.0616547616 Error = 2.40e-21 FLOPS = 2.62e+10 Tdav = 49.17 T = 80.67
 <-- Site =   92 .. Mmps =  550 Ndav =  26 E =   -110.0617730787 Error = 5.24e-21 FLOPS = 2.49e+10 Tdav = 58.30 T = 90.45
 <-- Site =   91 .. Mmps =  550 Ndav =  29 E =   -110.0618900019 Error = 1.30e-20 FLOPS = 2.37e+10 Tdav = 68.35 T = 99.82
 <-- Site =   90 .. Mmps =  550 Ndav =  20 E =   -110.0619487078 Error = 1.35e-20 FLOPS = 2.60e+10 Tdav = 42.94 T = 73.11
 <-- Site =   89 .. Mmps =  550 Ndav =  27 E =   -110.0620076326 Error = 7.13e-21 FLOPS = 2.48e+10 Tdav = 60.76 T = 90.93
 <-- Site =   88 .. Mmps =  550 Ndav =  22 E =   -110.0620605821 Error = 1.20e-20 FLOPS = 2.15e+10 Tdav = 57.33 T = 88.29
 <-- Site =   87 .. Mmps =  550 Ndav =  24 E =   -110.0622382364 Error = 8.57e-21 FLOPS = 2.04e+10 Tdav = 65.88 T = 102.60
 <-- Site =   86 .. Mmps =  550 Ndav =  21 E =   -110.0622644353 Error = 8.64e-21 FLOPS = 2.19e+10 Tdav = 54.45 T = 91.38
 <-- Site =   85 .. Mmps =  550 Ndav =  26 E =   -110.0624498093 Error = 2.76e-21 FLOPS = 2.07e+10 Tdav = 70.31 T = 104.90
 <-- Site =   84 .. Mmps =  550 Ndav =  21 E =   -110.0624883237 Error = 5.05e-21 FLOPS = 2.74e+10 Tdav = 42.84 T = 75.50
 <-- Site =   83 .. Mmps =  550 Ndav =  25 E =   -110.0626959110 Error = 2.24e-21 FLOPS = 2.00e+10 Tdav = 69.71 T = 105.03
 <-- Site =   82 .. Mmps =  550 Ndav =  22 E =   -110.0627314662 Error = 1.08e-20 FLOPS = 2.12e+10 Tdav = 56.91 T = 92.12
 <-- Site =   81 .. Mmps =  550 Ndav =  24 E =   -110.0627929204 Error = 2.15e-21 FLOPS = 2.04e+10 Tdav = 65.80 T = 101.67
 <-- Site =   80 .. Mmps =  550 Ndav =  27 E =   -110.0628532508 Error = 1.36e-20 FLOPS = 2.12e+10 Tdav = 71.33 T = 108.09
 <-- Site =   79 .. Mmps =  550 Ndav =  27 E =   -110.0630212002 Error = 1.03e-20 FLOPS = 2.45e+10 Tdav = 61.58 T = 93.71
 <-- Site =   78 .. Mmps =  550 Ndav =  20 E =   -110.0630463759 Error = 2.67e-20 FLOPS = 2.89e+10 Tdav = 38.65 T = 71.16
 <-- Site =   77 .. Mmps =  550 Ndav =  23 E =   -110.0630637429 Error = 9.38e-21 FLOPS = 2.76e+10 Tdav = 46.51 T = 80.20
 <-- Site =   76 .. Mmps =  550 Ndav =  23 E =   -110.0631130403 Error = 4.36e-21 FLOPS = 2.76e+10 Tdav = 46.58 T = 77.82
 <-- Site =   75 .. Mmps =  550 Ndav =  21 E =   -110.0631734947 Error = 4.92e-21 FLOPS = 2.72e+10 Tdav = 43.09 T = 74.43
 <-- Site =   74 .. Mmps =  550 Ndav =  23 E =   -110.0632812994 Error = 3.76e-21 FLOPS = 2.59e+10 Tdav = 49.59 T = 79.91
 <-- Site =   73 .. Mmps =  550 Ndav =  21 E =   -110.0633298992 Error = 2.33e-21 FLOPS = 2.58e+10 Tdav = 45.45 T = 75.75
 <-- Site =   72 .. Mmps =  550 Ndav =  22 E =   -110.0634266700 Error = 9.00e-22 FLOPS = 2.55e+10 Tdav = 48.29 T = 78.74
 <-- Site =   71 .. Mmps =  550 Ndav =  22 E =   -110.0634959794 Error = 1.26e-21 FLOPS = 2.60e+10 Tdav = 46.47 T = 76.41
 <-- Site =   70 .. Mmps =  550 Ndav =  21 E =   -110.0635628209 Error = 4.91e-22 FLOPS = 2.69e+10 Tdav = 42.87 T = 73.77
 <-- Site =   69 .. Mmps =  550 Ndav =  24 E =   -110.0636838308 Error = 1.56e-21 FLOPS = 2.61e+10 Tdav = 50.40 T = 82.14
 <-- Site =   68 .. Mmps =  550 Ndav =  20 E =   -110.0637160272 Error = 1.46e-21 FLOPS = 2.93e+10 Tdav = 38.12 T = 70.46
 <-- Site =   67 .. Mmps =  550 Ndav =  27 E =   -110.0639157047 Error = 5.66e-21 FLOPS = 2.52e+10 Tdav = 59.91 T = 93.11
 <-- Site =   66 .. Mmps =  550 Ndav =  21 E =   -110.0639678451 Error = 6.86e-21 FLOPS = 2.87e+10 Tdav = 40.13 T = 70.72
 <-- Site =   65 .. Mmps =  550 Ndav =  26 E =   -110.0641451545 Error = 1.29e-20 FLOPS = 2.68e+10 Tdav = 53.17 T = 84.25
 <-- Site =   64 .. Mmps =  550 Ndav =  23 E =   -110.0641762683 Error = 1.28e-20 FLOPS = 2.77e+10 Tdav = 45.56 T = 77.49
 <-- Site =   63 .. Mmps =  550 Ndav =  23 E =   -110.0642167474 Error = 1.24e-20 FLOPS = 2.76e+10 Tdav = 44.98 T = 74.37
 <-- Site =   62 .. Mmps =  550 Ndav =  24 E =   -110.0642925222 Error = 1.29e-20 FLOPS = 2.70e+10 Tdav = 47.84 T = 76.99
 <-- Site =   61 .. Mmps =  550 Ndav =  19 E =   -110.0643221712 Error = 9.34e-21 FLOPS = 2.85e+10 Tdav = 35.99 T = 65.27
 <-- Site =   60 .. Mmps =  550 Ndav =  21 E =   -110.0644167345 Error = 3.36e-21 FLOPS = 2.16e+10 Tdav = 51.37 T = 79.91
 <-- Site =   59 .. Mmps =  550 Ndav =  20 E =   -110.0644680349 Error = 4.02e-21 FLOPS = 2.19e+10 Tdav = 49.23 T = 82.42
 <-- Site =   58 .. Mmps =  550 Ndav =  26 E =   -110.0645755505 Error = 2.13e-21 FLOPS = 1.92e+10 Tdav = 71.77 T = 104.24
 <-- Site =   57 .. Mmps =  550 Ndav =  28 E =   -110.0646788039 Error = 1.23e-20 FLOPS = 1.91e+10 Tdav = 76.08 T = 107.28
 <-- Site =   56 .. Mmps =  550 Ndav =  37 E =   -110.0650781763 Error = 4.74e-21 FLOPS = 1.72e+10 Tdav = 111.35 T = 142.16
 <-- Site =   55 .. Mmps =  550 Ndav =  35 E =   -110.0652363487 Error = 3.33e-20 FLOPS = 1.54e+10 Tdav = 118.11 T = 149.62
 <-- Site =   54 .. Mmps =  550 Ndav =  42 E =   -110.0654304380 Error = 6.46e-21 FLOPS = 1.39e+10 Tdav = 157.17 T = 187.97
 <-- Site =   53 .. Mmps =  550 Ndav =  30 E =   -110.0654887365 Error = 4.04e-20 FLOPS = 2.41e+10 Tdav = 63.31 T = 91.28
 <-- Site =   52 .. Mmps =  550 Ndav =  36 E =   -110.0655070966 Error = 3.20e-20 FLOPS = 2.08e+10 Tdav = 88.08 T = 116.11
 <-- Site =   51 .. Mmps =  550 Ndav =  28 E =   -110.0655304682 Error = 6.27e-21 FLOPS = 2.36e+10 Tdav = 59.15 T = 84.80
 <-- Site =   50 .. Mmps =  550 Ndav =  28 E =   -110.0655745817 Error = 7.01e-21 FLOPS = 2.36e+10 Tdav = 57.98 T = 83.28
 <-- Site =   49 .. Mmps =  550 Ndav =  31 E =   -110.0656547855 Error = 2.38e-21 FLOPS = 2.23e+10 Tdav = 68.14 T = 92.49
 <-- Site =   48 .. Mmps =  550 Ndav =  28 E =   -110.0657281798 Error = 2.71e-21 FLOPS = 2.36e+10 Tdav = 55.93 T = 79.63
 <-- Site =   47 .. Mmps =  550 Ndav =  28 E =   -110.0658326072 Error = 3.82e-23 FLOPS = 2.47e+10 Tdav = 50.24 T = 72.84
 <-- Site =   46 .. Mmps =  550 Ndav =  25 E =   -110.0658759654 Error = 4.10e-22 FLOPS = 2.56e+10 Tdav = 41.66 T = 63.72
 <-- Site =   45 .. Mmps =  550 Ndav =  25 E =   -110.0660428647 Error = 1.28e-23 FLOPS = 2.26e+10 Tdav = 44.21 T = 62.96
 <-- Site =   44 .. Mmps =  550 Ndav =  27 E =   -110.0662196041 Error = 7.93e-23 FLOPS = 2.24e+10 Tdav = 46.26 T = 63.77
 <-- Site =   43 .. Mmps =  550 Ndav =  24 E =   -110.0663723500 Error = 5.89e-24 FLOPS = 2.62e+10 Tdav = 33.46 T = 51.62
 <-- Site =   42 .. Mmps =  550 Ndav =  23 E =   -110.0665354626 Error = 2.53e-23 FLOPS = 2.30e+10 Tdav = 34.94 T = 51.70
 <-- Site =   41 .. Mmps =  550 Ndav =  21 E =   -110.0665779916 Error = 9.56e-24 FLOPS = 2.69e+10 Tdav = 25.47 T = 40.11
 <-- Site =   40 .. Mmps =  550 Ndav =  24 E =   -110.0667775161 Error = 3.45e-23 FLOPS = 2.22e+10 Tdav = 33.06 T = 47.15
 <-- Site =   39 .. Mmps =  550 Ndav =  26 E =   -110.0668715661 Error = 7.81e-23 FLOPS = 2.34e+10 Tdav = 31.88 T = 44.18
 <-- Site =   38 .. Mmps =  550 Ndav =  20 E =   -110.0668957613 Error = 4.35e-24 FLOPS = 2.32e+10 Tdav = 23.06 T = 36.25
 <-- Site =   37 .. Mmps =  550 Ndav =  28 E =   -110.0670049422 Error = 3.91e-23 FLOPS = 2.24e+10 Tdav = 31.12 T = 41.67
 <-- Site =   36 .. Mmps =  550 Ndav =  18 E =   -110.0670379839 Error = 1.95e-24 FLOPS = 2.34e+10 Tdav = 17.87 T = 28.47
 <-- Site =   35 .. Mmps =  550 Ndav =  23 E =   -110.0672922038 Error = 1.30e-23 FLOPS = 2.43e+10 Tdav = 20.55 T = 30.23
 <-- Site =   34 .. Mmps =  550 Ndav =  17 E =   -110.0673225196 Error = 6.44e-25 FLOPS = 2.67e+10 Tdav = 12.78 T = 20.99
 <-- Site =   33 .. Mmps =  550 Ndav =  23 E =   -110.0675864720 Error = 8.09e-24 FLOPS = 2.08e+10 Tdav = 20.41 T = 28.08
 <-- Site =   32 .. Mmps =  550 Ndav =  17 E =   -110.0676324346 Error = 1.65e-25 FLOPS = 2.50e+10 Tdav = 11.47 T = 18.76
 <-- Site =   31 .. Mmps =  550 Ndav =  23 E =   -110.0678762247 Error = 3.80e-24 FLOPS = 2.40e+10 Tdav = 14.84 T = 20.98
 <-- Site =   30 .. Mmps =  550 Ndav =  21 E =   -110.0679340812 Error = 7.66e-25 FLOPS = 2.43e+10 Tdav = 12.42 T = 18.33
 <-- Site =   29 .. Mmps =  550 Ndav =  28 E =   -110.0681323513 Error = 6.91e-24 FLOPS = 1.72e+10 Tdav = 21.36 T = 27.90
 <-- Site =   28 .. Mmps =  550 Ndav =  23 E =   -110.0682106286 Error = 1.06e-24 FLOPS = 2.12e+10 Tdav = 13.02 T = 18.41
 <-- Site =   27 .. Mmps =  550 Ndav =  27 E =   -110.0684078551 Error = 1.28e-24 FLOPS = 2.02e+10 Tdav = 14.69 T = 19.10
 <-- Site =   26 .. Mmps =  550 Ndav =  22 E =   -110.0684423827 Error = 1.09e-24 FLOPS = 2.19e+10 Tdav = 9.87 T = 14.06
 <-- Site =   25 .. Mmps =  550 Ndav =  23 E =   -110.0685153289 Error = 2.33e-25 FLOPS = 1.75e+10 Tdav = 11.60 T = 15.62
 <-- Site =   24 .. Mmps =  550 Ndav =  22 E =   -110.0685546578 Error = 1.07e-24 FLOPS = 1.82e+10 Tdav = 9.53 T = 13.71
 <-- Site =   23 .. Mmps =  550 Ndav =  24 E =   -110.0685888605 Error = 8.46e-26 FLOPS = 1.77e+10 Tdav = 9.51 T = 13.12
 <-- Site =   22 .. Mmps =  550 Ndav =  22 E =   -110.0686369980 Error = 8.49e-25 FLOPS = 2.12e+10 Tdav = 6.46 T = 9.60
 <-- Site =   21 .. Mmps =  550 Ndav =  24 E =   -110.0686701259 Error = 1.25e-26 FLOPS = 1.91e+10 Tdav = 6.95 T = 9.59
 <-- Site =   20 .. Mmps =  550 Ndav =  19 E =   -110.0687214453 Error = 2.27e-25 FLOPS = 2.12e+10 Tdav = 4.41 T = 6.89
 <-- Site =   19 .. Mmps =  550 Ndav =  24 E =   -110.0687758144 Error = 1.54e-26 FLOPS = 1.66e+10 Tdav = 6.38 T = 8.81
 <-- Site =   18 .. Mmps =  550 Ndav =  18 E =   -110.0688185281 Error = 1.86e-25 FLOPS = 2.13e+10 Tdav = 3.22 T = 5.43
 <-- Site =   17 .. Mmps =  550 Ndav =  22 E =   -110.0688545102 Error = 3.66e-27 FLOPS = 1.31e+10 Tdav = 5.58 T = 8.13
 <-- Site =   16 .. Mmps =  550 Ndav =  18 E =   -110.0688771562 Error = 3.18e-26 FLOPS = 1.94e+10 Tdav = 2.66 T = 4.88
 <-- Site =   15 .. Mmps =  550 Ndav =  22 E =   -110.0689205205 Error = 2.27e-27 FLOPS = 1.41e+10 Tdav = 3.87 T = 5.93
 <-- Site =   14 .. Mmps =  550 Ndav =  18 E =   -110.0689757689 Error = 6.12e-27 FLOPS = 1.53e+10 Tdav = 2.46 T = 4.46
 <-- Site =   13 .. Mmps =  550 Ndav =  23 E =   -110.0690847885 Error = 3.37e-27 FLOPS = 1.16e+10 Tdav = 3.47 T = 5.05
 <-- Site =   12 .. Mmps =  550 Ndav =  23 E =   -110.0691815546 Error = 4.93e-27 FLOPS = 1.17e+10 Tdav = 2.81 T = 4.42
 <-- Site =   11 .. Mmps =  550 Ndav =  23 E =   -110.0692808949 Error = 2.75e-27 FLOPS = 1.22e+10 Tdav = 2.13 T = 3.49
 <-- Site =   10 .. Mmps =  550 Ndav =  19 E =   -110.0693543689 Error = 1.68e-27 FLOPS = 1.47e+10 Tdav = 1.15 T = 2.57
 <-- Site =    9 .. Mmps =  550 Ndav =  24 E =   -110.0694239786 Error = 3.73e-28 FLOPS = 1.06e+10 Tdav = 1.54 T = 2.73
 <-- Site =    8 .. Mmps =  550 Ndav =  19 E =   -110.0694651753 Error = 8.08e-29 FLOPS = 1.58e+10 Tdav = 0.60 T = 1.67
 <-- Site =    7 .. Mmps =  550 Ndav =  26 E =   -110.0695165916 Error = 3.24e-29 FLOPS = 1.16e+10 Tdav = 0.80 T = 1.77
 <-- Site =    6 .. Mmps =  550 Ndav =  20 E =   -110.0695489714 Error = 8.50e-30 FLOPS = 1.31e+10 Tdav = 0.36 T = 1.25
 <-- Site =    5 .. Mmps =  550 Ndav =  17 E =   -110.0695547413 Error = 1.18e-31 FLOPS = 1.36e+10 Tdav = 0.19 T = 1.04
 <-- Site =    4 .. Mmps =  550 Ndav =   5 E =   -110.0695547467 Error = 4.15e-35 FLOPS = 1.67e+10 Tdav = 0.02 T = 0.82
 <-- Site =    3 .. Mmps =  550 Ndav =   1 E =   -110.0695547467 Error = 9.21e-56 FLOPS = 8.81e+09 Tdav = 0.00 T = 0.74
 <-- Site =    2 .. Mmps =  550 Ndav =   1 E =   -110.0695547467 Error = 0.00e+00 FLOPS = 5.85e+09 Tdav = 0.00 T = 0.72
 <-- Site =    1 .. Mmps =  550 Ndav =   1 E =   -110.0695547467 Error = 5.88e-72 FLOPS = 3.46e+09 Tdav = 0.00 T = 0.61
 <-- Site =    0 .. Mmps =  550 Ndav =   1 E =   -110.0695547467 Error = 1.87e-72 FLOPS = 2.26e+09 Tdav = 0.00 T = 0.59
Time elapsed =  12529.862 | E =    -110.0695547467 | DE = -1.34e-02 | DW = 4.04173e-20
Time sweep =     9488.372 | 130 TFLOP/SWP
 | Dmem = 138 MB (3%) | Imem = 232 B (79%) | Hmem = 660 MB | Wmem = 4.62 MB | Pmem = 4.62 MB
 | Tread = 73.842 | Twrite = 33.162 | Tfpread = 72.555 | Tfpwrite = 22.068 | Tmporead = 0.000 | Tasync = 0.000
 | data = 14.7 GB | cpsd = 9.73 GB
 | Trot = 212.919 | Tctr = 303.847 | Tint = 0.013 | Tmid = 0.000 | Tdctr = 0.013 | Tdiag = 2.153 | Tinfo = 2.268
 | Teff = 2257.074 | Tprt = 62.558 | Teig = 6488.142 | Tblk = 8879.243 | Tmve = 609.113 | Tdm = 3.787 | Tsplt = 54.089 | Tsvd = 0.000 | Torth = 0.000

Sweep =    8 | Direction =  forward | Bond dimension =  550 | Noise =  0.00e+00 | Dav threshold =  1.00e-08
 --> Site =    0 .. Mmps =    2 Ndav =   1 E =   -110.0695547467 Error = 0.00e+00 FLOPS = 2.25e+09 Tdav = 0.00 T = 0.03
 --> Site =    1 .. Mmps =    4 Ndav =   1 E =   -110.0695547467 Error = 0.00e+00 FLOPS = 3.41e+09 Tdav = 0.00 T = 0.06
 --> Site =    2 .. Mmps =    8 Ndav =   1 E =   -110.0695547467 Error = 0.00e+00 FLOPS = 5.78e+09 Tdav = 0.00 T = 0.05
 --> Site =    3 .. Mmps =   16 Ndav =   1 E =   -110.0695547467 Error = 0.00e+00 FLOPS = 8.85e+09 Tdav = 0.00 T = 0.06
 --> Site =    4 .. Mmps =   32 Ndav =   1 E =   -110.0695547467 Error = 0.00e+00 FLOPS = 1.20e+10 Tdav = 0.01 T = 0.06
 --> Site =    5 .. Mmps =   64 Ndav =   1 E =   -110.0695547467 Error = 0.00e+00 FLOPS = 1.53e+10 Tdav = 0.01 T = 0.08
 --> Site =    6 .. Mmps =  128 Ndav =   3 E =   -110.0695547559 Error = 0.00e+00 FLOPS = 2.29e+10 Tdav = 0.06 T = 0.14
 --> Site =    7 .. Mmps =  256 Ndav =   5 E =   -110.0695548053 Error = 0.00e+00 FLOPS = 2.54e+10 Tdav = 0.22 T = 0.36
 --> Site =    8 .. Mmps =  512 Ndav =   8 E =   -110.0695552523 Error = 0.00e+00 FLOPS = 2.61e+10 Tdav = 1.01 T = 1.38
 --> Site =    9 .. Mmps =  550 Ndav =   9 E =   -110.0695555240 Error = 4.13e-25 FLOPS = 2.75e+10 Tdav = 3.48 T = 4.99
 --> Site =   10 .. Mmps =  550 Ndav =  10 E =   -110.0695566257 Error = 9.10e-24 FLOPS = 2.74e+10 Tdav = 4.73 T = 6.96
 --> Site =   11 .. Mmps =  550 Ndav =  12 E =   -110.0695576538 Error = 6.71e-22 FLOPS = 2.55e+10 Tdav = 6.58 T = 9.08
 --> Site =   12 .. Mmps =  550 Ndav =  12 E =   -110.0695617548 Error = 5.67e-22 FLOPS = 2.20e+10 Tdav = 8.15 T = 11.04
 --> Site =   13 .. Mmps =  550 Ndav =  15 E =   -110.0695669819 Error = 6.86e-21 FLOPS = 2.21e+10 Tdav = 10.84 T = 14.18
 --> Site =   14 .. Mmps =  550 Ndav =  15 E =   -110.0695770862 Error = 1.33e-20 FLOPS = 2.23e+10 Tdav = 11.43 T = 15.20
 --> Site =   15 .. Mmps =  550 Ndav =  18 E =   -110.0695906077 Error = 4.73e-20 FLOPS = 2.41e+10 Tdav = 13.41 T = 17.16
 --> Site =   16 .. Mmps =  550 Ndav =  15 E =   -110.0696027056 Error = 1.22e-20 FLOPS = 2.64e+10 Tdav = 10.80 T = 14.77
 --> Site =   17 .. Mmps =  550 Ndav =  19 E =   -110.0696239845 Error = 8.59e-20 FLOPS = 1.72e+10 Tdav = 22.11 T = 26.54
 --> Site =   18 .. Mmps =  550 Ndav =  14 E =   -110.0696334378 Error = 1.41e-20 FLOPS = 2.00e+10 Tdav = 14.67 T = 20.00
 --> Site =   19 .. Mmps =  550 Ndav =  19 E =   -110.0696557568 Error = 2.53e-20 FLOPS = 1.70e+10 Tdav = 24.57 T = 30.23
 --> Site =   20 .. Mmps =  550 Ndav =  13 E =   -110.0696641268 Error = 1.87e-20 FLOPS = 2.14e+10 Tdav = 13.95 T = 20.12
 --> Site =   21 .. Mmps =  550 Ndav =  18 E =   -110.0696818219 Error = 1.89e-20 FLOPS = 1.81e+10 Tdav = 23.87 T = 30.48
 --> Site =   22 .. Mmps =  550 Ndav =  13 E =   -110.0696883887 Error = 9.76e-21 FLOPS = 2.13e+10 Tdav = 15.21 T = 22.25
 --> Site =   23 .. Mmps =  550 Ndav =  18 E =   -110.0696994779 Error = 2.09e-20 FLOPS = 1.87e+10 Tdav = 24.98 T = 32.62
 --> Site =   24 .. Mmps =  550 Ndav =  13 E =   -110.0697027214 Error = 5.19e-21 FLOPS = 2.23e+10 Tdav = 15.69 T = 23.89
 --> Site =   25 .. Mmps =  550 Ndav =  17 E =   -110.0697069959 Error = 2.99e-20 FLOPS = 1.99e+10 Tdav = 23.89 T = 32.61
 --> Site =   26 .. Mmps =  550 Ndav =  11 E =   -110.0697086588 Error = 1.42e-20 FLOPS = 2.34e+10 Tdav = 13.62 T = 22.75
 --> Site =   27 .. Mmps =  550 Ndav =  12 E =   -110.0697103870 Error = 6.84e-21 FLOPS = 2.39e+10 Tdav = 15.02 T = 24.63
 --> Site =   28 .. Mmps =  550 Ndav =  13 E =   -110.0697131781 Error = 2.85e-20 FLOPS = 2.26e+10 Tdav = 17.82 T = 27.89
 --> Site =   29 .. Mmps =  550 Ndav =  13 E =   -110.0697157546 Error = 5.61e-20 FLOPS = 2.36e+10 Tdav = 17.62 T = 28.48
 --> Site =   30 .. Mmps =  550 Ndav =  14 E =   -110.0697192527 Error = 3.16e-20 FLOPS = 2.39e+10 Tdav = 19.30 T = 30.64
 --> Site =   31 .. Mmps =  550 Ndav =  14 E =   -110.0697220237 Error = 3.22e-20 FLOPS = 2.71e+10 Tdav = 17.53 T = 29.13
 --> Site =   32 .. Mmps =  550 Ndav =  14 E =   -110.0697254546 Error = 8.64e-20 FLOPS = 3.02e+10 Tdav = 16.19 T = 27.60
 --> Site =   33 .. Mmps =  550 Ndav =  15 E =   -110.0697285325 Error = 1.91e-20 FLOPS = 2.28e+10 Tdav = 23.64 T = 36.21
 --> Site =   34 .. Mmps =  550 Ndav =  16 E =   -110.0697327190 Error = 3.66e-20 FLOPS = 2.21e+10 Tdav = 26.68 T = 40.75
 --> Site =   35 .. Mmps =  550 Ndav =  14 E =   -110.0697348206 Error = 7.28e-21 FLOPS = 2.33e+10 Tdav = 22.82 T = 37.58
 --> Site =   36 .. Mmps =  550 Ndav =  14 E =   -110.0697374700 Error = 4.35e-21 FLOPS = 2.34e+10 Tdav = 23.34 T = 38.72
 --> Site =   37 .. Mmps =  550 Ndav =  13 E =   -110.0697391779 Error = 6.09e-20 FLOPS = 2.37e+10 Tdav = 21.92 T = 38.19
 --> Site =   38 .. Mmps =  550 Ndav =  15 E =   -110.0697412146 Error = 2.18e-20 FLOPS = 2.28e+10 Tdav = 26.98 T = 43.80
 --> Site =   39 .. Mmps =  550 Ndav =  14 E =   -110.0697430458 Error = 8.93e-21 FLOPS = 2.36e+10 Tdav = 24.89 T = 42.58
 --> Site =   40 .. Mmps =  550 Ndav =  14 E =   -110.0697452940 Error = 1.02e-20 FLOPS = 2.32e+10 Tdav = 25.89 T = 44.63
 --> Site =   41 .. Mmps =  550 Ndav =  14 E =   -110.0697492721 Error = 1.10e-19 FLOPS = 2.46e+10 Tdav = 24.98 T = 43.92
 --> Site =   42 .. Mmps =  550 Ndav =  12 E =   -110.0697521727 Error = 2.72e-20 FLOPS = 2.67e+10 Tdav = 20.21 T = 40.10
 --> Site =   43 .. Mmps =  550 Ndav =  13 E =   -110.0697580777 Error = 1.16e-20 FLOPS = 3.08e+10 Tdav = 18.95 T = 38.54
 --> Site =   44 .. Mmps =  550 Ndav =  11 E =   -110.0697618247 Error = 4.12e-20 FLOPS = 3.04e+10 Tdav = 16.64 T = 35.56
 --> Site =   45 .. Mmps =  550 Ndav =  13 E =   -110.0697677776 Error = 1.33e-20 FLOPS = 2.76e+10 Tdav = 21.63 T = 41.50
 --> Site =   46 .. Mmps =  550 Ndav =  12 E =   -110.0697715244 Error = 1.98e-20 FLOPS = 3.18e+10 Tdav = 17.68 T = 37.88
 --> Site =   47 .. Mmps =  550 Ndav =  16 E =   -110.0697781874 Error = 9.63e-21 FLOPS = 2.65e+10 Tdav = 28.29 T = 48.51
 --> Site =   48 .. Mmps =  550 Ndav =  14 E =   -110.0697815218 Error = 3.23e-20 FLOPS = 3.14e+10 Tdav = 21.38 T = 42.62
 --> Site =   49 .. Mmps =  550 Ndav =  15 E =   -110.0697865353 Error = 4.82e-20 FLOPS = 2.68e+10 Tdav = 27.38 T = 49.10
 --> Site =   50 .. Mmps =  550 Ndav =  15 E =   -110.0697879020 Error = 1.91e-20 FLOPS = 3.08e+10 Tdav = 23.81 T = 46.23
 --> Site =   51 .. Mmps =  550 Ndav =  21 E =   -110.0697899101 Error = 1.79e-19 FLOPS = 2.60e+10 Tdav = 40.38 T = 63.22
 --> Site =   52 .. Mmps =  550 Ndav =  23 E =   -110.0697905685 Error = 1.99e-20 FLOPS = 2.46e+10 Tdav = 47.69 T = 70.64
 --> Site =   53 .. Mmps =  550 Ndav =  23 E =   -110.0697923022 Error = 3.43e-20 FLOPS = 2.59e+10 Tdav = 45.28 T = 69.04
 --> Site =   54 .. Mmps =  550 Ndav =  41 E =   -110.0698016720 Error = 4.31e-20 FLOPS = 1.95e+10 Tdav = 109.30 T = 134.13
 --> Site =   55 .. Mmps =  550 Ndav =  47 E =   -110.1245177058 Error = 2.53e-18 FLOPS = 1.71e+10 Tdav = 142.61 T = 166.85
 --> Site =   56 .. Mmps =  550 Ndav =  42 E =   -110.1848888846 Error = 1.16e-20 FLOPS = 1.88e+10 Tdav = 116.22 T = 140.55
 --> Site =   57 .. Mmps =  550 Ndav =  39 E =   -110.2350615153 Error = 3.16e-21 FLOPS = 2.03e+10 Tdav = 99.97 T = 124.86
 --> Site =   58 .. Mmps =  550 Ndav =  44 E =   -110.3588331395 Error = 1.01e-20 FLOPS = 1.84e+10 Tdav = 126.28 T = 151.51
 --> Site =   59 .. Mmps =  550 Ndav =  35 E =   -110.3957068725 Error = 7.78e-21 FLOPS = 2.24e+10 Tdav = 84.26 T = 109.85
 --> Site =   60 .. Mmps =  550 Ndav =  33 E =   -110.4077661108 Error = 1.19e-20 FLOPS = 2.23e+10 Tdav = 78.14 T = 104.85
 --> Site =   61 .. Mmps =  550 Ndav =  27 E =   -110.4115515381 Error = 1.12e-20 FLOPS = 2.45e+10 Tdav = 59.40 T = 85.44
 --> Site =   62 .. Mmps =  550 Ndav =  28 E =   -110.4127103689 Error = 1.21e-20 FLOPS = 1.96e+10 Tdav = 76.81 T = 103.31
 --> Site =   63 .. Mmps =  550 Ndav =  22 E =   -110.4129446099 Error = 1.89e-20 FLOPS = 2.09e+10 Tdav = 56.68 T = 85.32
 --> Site =   64 .. Mmps =  550 Ndav =  23 E =   -110.4131557905 Error = 2.56e-20 FLOPS = 2.07e+10 Tdav = 60.87 T = 90.09
 --> Site =   65 .. Mmps =  550 Ndav =  19 E =   -110.4132097584 Error = 1.09e-20 FLOPS = 2.32e+10 Tdav = 45.01 T = 74.74
 --> Site =   66 .. Mmps =  550 Ndav =  19 E =   -110.4132882734 Error = 4.62e-21 FLOPS = 2.44e+10 Tdav = 42.70 T = 72.20
 --> Site =   67 .. Mmps =  550 Ndav =  15 E =   -110.4133834433 Error = 5.92e-20 FLOPS = 2.91e+10 Tdav = 28.83 T = 56.62
 --> Site =   68 .. Mmps =  550 Ndav =  19 E =   -110.4135079620 Error = 6.51e-21 FLOPS = 2.27e+10 Tdav = 46.77 T = 77.29
 --> Site =   69 .. Mmps =  550 Ndav =  14 E =   -110.4136346453 Error = 4.21e-20 FLOPS = 2.47e+10 Tdav = 31.13 T = 61.09
 --> Site =   70 .. Mmps =  550 Ndav =  17 E =   -110.4138904874 Error = 2.29e-21 FLOPS = 2.34e+10 Tdav = 39.92 T = 69.55
 --> Site =   71 .. Mmps =  550 Ndav =  16 E =   -110.4140080259 Error = 5.20e-20 FLOPS = 2.36e+10 Tdav = 37.25 T = 66.95
 --> Site =   72 .. Mmps =  550 Ndav =  17 E =   -110.4142193845 Error = 1.85e-21 FLOPS = 2.39e+10 Tdav = 39.79 T = 70.05
 --> Site =   73 .. Mmps =  550 Ndav =  17 E =   -110.4142733269 Error = 4.06e-20 FLOPS = 2.67e+10 Tdav = 35.58 T = 65.53
 --> Site =   74 .. Mmps =  550 Ndav =  18 E =   -110.4143294088 Error = 2.74e-21 FLOPS = 2.94e+10 Tdav = 34.25 T = 62.07
 --> Site =   75 .. Mmps =  550 Ndav =  17 E =   -110.4143488992 Error = 8.34e-21 FLOPS = 2.88e+10 Tdav = 33.05 T = 62.52
 --> Site =   76 .. Mmps =  550 Ndav =  18 E =   -110.4143652128 Error = 5.04e-21 FLOPS = 2.69e+10 Tdav = 37.46 T = 65.56
 --> Site =   77 .. Mmps =  550 Ndav =  13 E =   -110.4143669143 Error = 1.54e-20 FLOPS = 3.13e+10 Tdav = 23.25 T = 51.40
 --> Site =   78 .. Mmps =  550 Ndav =  10 E =   -110.4143673411 Error = 2.03e-20 FLOPS = 2.97e+10 Tdav = 18.81 T = 47.80
 --> Site =   79 .. Mmps =  550 Ndav =  10 E =   -110.4143676263 Error = 2.62e-20 FLOPS = 3.06e+10 Tdav = 18.29 T = 46.13
 --> Site =   80 .. Mmps =  550 Ndav =   9 E =   -110.4143682717 Error = 9.10e-21 FLOPS = 3.12e+10 Tdav = 16.11 T = 45.37
 --> Site =   81 .. Mmps =  550 Ndav =  10 E =   -110.4143687436 Error = 2.12e-20 FLOPS = 2.94e+10 Tdav = 19.00 T = 47.03
 --> Site =   82 .. Mmps =  550 Ndav =  10 E =   -110.4143694796 Error = 1.35e-20 FLOPS = 3.20e+10 Tdav = 17.17 T = 45.55
 --> Site =   83 .. Mmps =  550 Ndav =  11 E =   -110.4143703148 Error = 2.91e-20 FLOPS = 2.88e+10 Tdav = 21.34 T = 48.89
 --> Site =   84 .. Mmps =  550 Ndav =  12 E =   -110.4143714430 Error = 1.05e-20 FLOPS = 3.20e+10 Tdav = 20.95 T = 49.65
 --> Site =   85 .. Mmps =  550 Ndav =  13 E =   -110.4143725387 Error = 1.48e-20 FLOPS = 2.88e+10 Tdav = 25.23 T = 53.86
 --> Site =   86 .. Mmps =  550 Ndav =  12 E =   -110.4143739588 Error = 2.55e-21 FLOPS = 2.97e+10 Tdav = 22.98 T = 51.52
 --> Site =   87 .. Mmps =  550 Ndav =  13 E =   -110.4143751077 Error = 3.01e-20 FLOPS = 3.16e+10 Tdav = 23.03 T = 52.58
 --> Site =   88 .. Mmps =  550 Ndav =  17 E =   -110.4143779988 Error = 6.49e-21 FLOPS = 2.75e+10 Tdav = 34.57 T = 62.78
 --> Site =   89 .. Mmps =  550 Ndav =  16 E =   -110.4143798021 Error = 1.03e-20 FLOPS = 2.82e+10 Tdav = 31.76 T = 59.70
 --> Site =   90 .. Mmps =  550 Ndav =  14 E =   -110.4143823146 Error = 7.52e-20 FLOPS = 3.15e+10 Tdav = 24.84 T = 53.66
 --> Site =   91 .. Mmps =  550 Ndav =  14 E =   -110.4143833471 Error = 3.16e-21 FLOPS = 2.90e+10 Tdav = 26.95 T = 55.60
 --> Site =   92 .. Mmps =  550 Ndav =  11 E =   -110.4143843982 Error = 1.56e-20 FLOPS = 2.91e+10 Tdav = 21.11 T = 48.98
 --> Site =   93 .. Mmps =  550 Ndav =  12 E =   -110.4143861415 Error = 3.05e-20 FLOPS = 3.21e+10 Tdav = 20.93 T = 49.78
 --> Site =   94 .. Mmps =  550 Ndav =   9 E =   -110.4143870317 Error = 6.44e-20 FLOPS = 2.99e+10 Tdav = 16.83 T = 45.24
 --> Site =   95 .. Mmps =  550 Ndav =  11 E =   -110.4143888773 Error = 9.53e-21 FLOPS = 3.17e+10 Tdav = 19.05 T = 47.11
 --> Site =   96 .. Mmps =  550 Ndav =   9 E =   -110.4143901372 Error = 2.86e-20 FLOPS = 2.98e+10 Tdav = 16.60 T = 44.33
 --> Site =   97 .. Mmps =  550 Ndav =  12 E =   -110.4143925423 Error = 8.21e-21 FLOPS = 3.04e+10 Tdav = 21.69 T = 48.75
 --> Site =   98 .. Mmps =  550 Ndav =  12 E =   -110.4143945812 Error = 2.94e-20 FLOPS = 3.15e+10 Tdav = 20.90 T = 49.15
 --> Site =   99 .. Mmps =  550 Ndav =  15 E =   -110.4143980313 Error = 8.72e-21 FLOPS = 2.79e+10 Tdav = 30.09 T = 57.68
 --> Site =  100 .. Mmps =  550 Ndav =  14 E =   -110.4144009031 Error = 3.04e-20 FLOPS = 2.75e+10 Tdav = 27.97 T = 55.74
 --> Site =  101 .. Mmps =  550 Ndav =  18 E =   -110.4144067900 Error = 2.78e-20 FLOPS = 2.30e+10 Tdav = 43.03 T = 72.61
 --> Site =  102 .. Mmps =  550 Ndav =  13 E =   -110.4144080688 Error = 2.23e-20 FLOPS = 2.49e+10 Tdav = 28.65 T = 58.23
 --> Site =  103 .. Mmps =  550 Ndav =  17 E =   -110.4144097260 Error = 7.39e-20 FLOPS = 2.31e+10 Tdav = 39.72 T = 68.90
 --> Site =  104 .. Mmps =  550 Ndav =  22 E =   -110.4144101112 Error = 7.13e-20 FLOPS = 2.17e+10 Tdav = 54.53 T = 83.07
 --> Site =  105 .. Mmps =  550 Ndav =  21 E =   -110.4144108526 Error = 5.06e-20 FLOPS = 2.36e+10 Tdav = 47.93 T = 76.19
 --> Site =  106 .. Mmps =  550 Ndav =  32 E =   -110.4144122229 Error = 3.76e-20 FLOPS = 1.85e+10 Tdav = 93.25 T = 119.90
 --> Site =  107 .. Mmps =  550 Ndav =  31 E =   -110.4144178076 Error = 5.66e-21 FLOPS = 1.71e+10 Tdav = 95.83 T = 123.87
 --> Site =  108 .. Mmps =  550 Ndav =  63 E =   -110.4286499851 Error = 1.24e-17 FLOPS = 1.40e+10 Tdav = 238.47 T = 266.00
 --> Site =  109 .. Mmps =  550 Ndav =  36 E =   -110.4638354499 Error = 2.22e-21 FLOPS = 2.13e+10 Tdav = 87.80 T = 112.64
 --> Site =  110 .. Mmps =  550 Ndav =  43 E =   -110.6723212074 Error = 2.00e-20 FLOPS = 1.83e+10 Tdav = 121.96 T = 146.81
 --> Site =  111 .. Mmps =  550 Ndav =  36 E =   -110.7280142401 Error = 5.56e-21 FLOPS = 2.13e+10 Tdav = 87.83 T = 112.05
 --> Site =  112 .. Mmps =  550 Ndav =  35 E =   -110.7492659346 Error = 9.37e-21 FLOPS = 2.19e+10 Tdav = 82.99 T = 108.18
 --> Site =  113 .. Mmps =  550 Ndav =  26 E =   -110.7536793310 Error = 3.93e-20 FLOPS = 2.62e+10 Tdav = 50.49 T = 75.44
 --> Site =  114 .. Mmps =  550 Ndav =  27 E =   -110.7565941712 Error = 1.32e-20 FLOPS = 2.56e+10 Tdav = 53.78 T = 78.04
 --> Site =  115 .. Mmps =  550 Ndav =  22 E =   -110.7569170253 Error = 6.63e-21 FLOPS = 2.68e+10 Tdav = 41.74 T = 65.89
 --> Site =  116 .. Mmps =  550 Ndav =  20 E =   -110.7571870140 Error = 4.77e-21 FLOPS = 2.55e+10 Tdav = 39.10 T = 62.28
 --> Site =  117 .. Mmps =  550 Ndav =  19 E =   -110.7572501475 Error = 1.46e-20 FLOPS = 2.69e+10 Tdav = 34.52 T = 56.95
 --> Site =  118 .. Mmps =  550 Ndav =  18 E =   -110.7573665502 Error = 4.38e-21 FLOPS = 2.92e+10 Tdav = 30.10 T = 52.88
 --> Site =  119 .. Mmps =  550 Ndav =  17 E =   -110.7575815025 Error = 2.40e-20 FLOPS = 2.61e+10 Tdav = 31.26 T = 52.83
 --> Site =  120 .. Mmps =  550 Ndav =  17 E =   -110.7578103604 Error = 8.47e-21 FLOPS = 2.94e+10 Tdav = 27.15 T = 47.76
 --> Site =  121 .. Mmps =  550 Ndav =  18 E =   -110.7580945201 Error = 2.89e-20 FLOPS = 2.76e+10 Tdav = 30.57 T = 51.61
 --> Site =  122 .. Mmps =  550 Ndav =  18 E =   -110.7585243132 Error = 2.33e-21 FLOPS = 2.59e+10 Tdav = 31.91 T = 51.67
 --> Site =  123 .. Mmps =  550 Ndav =  19 E =   -110.7587391772 Error = 6.72e-21 FLOPS = 2.89e+10 Tdav = 30.16 T = 50.25
 --> Site =  124 .. Mmps =  550 Ndav =  17 E =   -110.7590683456 Error = 2.68e-21 FLOPS = 2.66e+10 Tdav = 28.76 T = 48.20
 --> Site =  125 .. Mmps =  550 Ndav =  19 E =   -110.7591553646 Error = 1.14e-20 FLOPS = 2.70e+10 Tdav = 31.59 T = 50.42
 --> Site =  126 .. Mmps =  550 Ndav =  17 E =   -110.7592194127 Error = 2.14e-21 FLOPS = 2.84e+10 Tdav = 26.33 T = 45.35
 --> Site =  127 .. Mmps =  550 Ndav =  18 E =   -110.7592384721 Error = 2.70e-20 FLOPS = 2.58e+10 Tdav = 29.96 T = 47.54
 --> Site =  128 .. Mmps =  550 Ndav =  17 E =   -110.7592661843 Error = 8.23e-21 FLOPS = 2.94e+10 Tdav = 24.22 T = 41.62
 --> Site =  129 .. Mmps =  550 Ndav =  15 E =   -110.7592694162 Error = 2.50e-20 FLOPS = 2.67e+10 Tdav = 22.95 T = 39.08
 --> Site =  130 .. Mmps =  550 Ndav =  11 E =   -110.7592700989 Error = 2.07e-20 FLOPS = 3.12e+10 Tdav = 14.09 T = 29.95
 --> Site =  131 .. Mmps =  550 Ndav =  11 E =   -110.7592705396 Error = 2.87e-20 FLOPS = 2.75e+10 Tdav = 15.57 T = 30.34
 --> Site =  132 .. Mmps =  550 Ndav =  11 E =   -110.7592713220 Error = 2.44e-21 FLOPS = 2.46e+10 Tdav = 16.99 T = 32.48
 --> Site =  133 .. Mmps =  550 Ndav =  11 E =   -110.7592721015 Error = 6.32e-21 FLOPS = 2.43e+10 Tdav = 16.71 T = 31.54
 --> Site =  134 .. Mmps =  550 Ndav =  12 E =   -110.7592736091 Error = 2.06e-20 FLOPS = 2.40e+10 Tdav = 17.95 T = 32.05
 --> Site =  135 .. Mmps =  550 Ndav =  13 E =   -110.7592754618 Error = 1.17e-20 FLOPS = 2.33e+10 Tdav = 19.52 T = 32.98
 --> Site =  136 .. Mmps =  550 Ndav =  13 E =   -110.7592776296 Error = 3.71e-20 FLOPS = 2.32e+10 Tdav = 19.05 T = 31.85
 --> Site =  137 .. Mmps =  550 Ndav =  16 E =   -110.7592804520 Error = 1.22e-20 FLOPS = 2.11e+10 Tdav = 24.95 T = 37.21
 --> Site =  138 .. Mmps =  550 Ndav =  16 E =   -110.7592831074 Error = 2.00e-21 FLOPS = 2.13e+10 Tdav = 23.97 T = 35.47
 --> Site =  139 .. Mmps =  550 Ndav =  14 E =   -110.7592845957 Error = 2.50e-20 FLOPS = 2.24e+10 Tdav = 19.36 T = 30.44
 --> Site =  140 .. Mmps =  550 Ndav =  19 E =   -110.7592877346 Error = 2.32e-20 FLOPS = 1.91e+10 Tdav = 29.73 T = 39.77
 --> Site =  141 .. Mmps =  550 Ndav =  17 E =   -110.7592896991 Error = 3.10e-20 FLOPS = 2.12e+10 Tdav = 23.24 T = 32.95
 --> Site =  142 .. Mmps =  550 Ndav =  14 E =   -110.7592923864 Error = 1.45e-19 FLOPS = 2.30e+10 Tdav = 17.03 T = 26.15
 --> Site =  143 .. Mmps =  550 Ndav =  11 E =   -110.7592930761 Error = 3.98e-20 FLOPS = 2.66e+10 Tdav = 11.13 T = 19.39
 --> Site =  144 .. Mmps =  550 Ndav =  14 E =   -110.7592946301 Error = 3.72e-21 FLOPS = 2.87e+10 Tdav = 12.66 T = 19.92
 --> Site =  145 .. Mmps =  550 Ndav =  15 E =   -110.7592968547 Error = 3.28e-20 FLOPS = 2.82e+10 Tdav = 13.28 T = 19.96
 --> Site =  146 .. Mmps =  550 Ndav =  14 E =   -110.7592997126 Error = 1.12e-20 FLOPS = 2.13e+10 Tdav = 15.76 T = 22.69
 --> Site =  147 .. Mmps =  550 Ndav =  16 E =   -110.7593048299 Error = 2.35e-20 FLOPS = 1.95e+10 Tdav = 18.80 T = 25.44
 --> Site =  148 .. Mmps =  550 Ndav =  16 E =   -110.7593090149 Error = 7.97e-21 FLOPS = 1.90e+10 Tdav = 18.46 T = 24.66
 --> Site =  149 .. Mmps =  550 Ndav =  17 E =   -110.7593191731 Error = 2.65e-20 FLOPS = 1.82e+10 Tdav = 19.60 T = 25.37
 --> Site =  150 .. Mmps =  550 Ndav =  14 E =   -110.7593230259 Error = 8.99e-21 FLOPS = 1.98e+10 Tdav = 14.11 T = 19.50
 --> Site =  151 .. Mmps =  550 Ndav =  18 E =   -110.7593356244 Error = 4.70e-20 FLOPS = 1.65e+10 Tdav = 20.67 T = 25.57
 --> Site =  152 .. Mmps =  550 Ndav =  11 E =   -110.7593384396 Error = 9.56e-21 FLOPS = 2.10e+10 Tdav = 9.42 T = 13.91
 --> Site =  153 .. Mmps =  550 Ndav =  16 E =   -110.7593434007 Error = 8.18e-20 FLOPS = 1.75e+10 Tdav = 15.52 T = 19.73
 --> Site =  154 .. Mmps =  550 Ndav =  11 E =   -110.7593445414 Error = 9.66e-21 FLOPS = 2.05e+10 Tdav = 8.57 T = 12.41
 --> Site =  155 .. Mmps =  550 Ndav =  12 E =   -110.7593452026 Error = 2.50e-19 FLOPS = 1.96e+10 Tdav = 9.18 T = 12.61
 --> Site =  156 .. Mmps =  550 Ndav =   8 E =   -110.7593453763 Error = 2.70e-20 FLOPS = 2.06e+10 Tdav = 5.43 T = 8.59
 --> Site =  157 .. Mmps =  550 Ndav =   8 E =   -110.7593454620 Error = 2.78e-19 FLOPS = 2.20e+10 Tdav = 4.71 T = 7.56
 --> Site =  158 .. Mmps =  550 Ndav =   5 E =   -110.7593454775 Error = 8.31e-21 FLOPS = 2.27e+10 Tdav = 2.64 T = 5.25
 --> Site =  159 .. Mmps =  550 Ndav =   2 E =   -110.7593454779 Error = 4.63e-25 FLOPS = 2.26e+10 Tdav = 0.88 T = 3.26
 --> Site =  160 .. Mmps =  550 Ndav =   1 E =   -110.7593454779 Error = 1.39e-32 FLOPS = 1.84e+10 Tdav = 0.21 T = 2.32
 --> Site =  161 .. Mmps =  550 Ndav =   1 E =   -110.7593454779 Error = 3.06e-58 FLOPS = 1.47e+10 Tdav = 0.11 T = 2.00
 --> Site =  162 .. Mmps =  550 Ndav =   1 E =   -110.7593454779 Error = 2.91e-84 FLOPS = 1.41e+10 Tdav = 0.05 T = 1.61
 --> Site =  163 .. Mmps =  550 Ndav =   1 E =   -110.7593454779 Error = 7.83e-110 FLOPS = 1.06e+10 Tdav = 0.03 T = 1.44
 --> Site =  164 .. Mmps =  550 Ndav =   1 E =   -110.7593454779 Error = 6.13e-133 FLOPS = 7.09e+09 Tdav = 0.02 T = 1.26
 --> Site =  165 .. Mmps =  550 Ndav =   1 E =   -110.7593454779 Error = 0.00e+00 FLOPS = 4.08e+09 Tdav = 0.01 T = 1.10
 --> Site =  166 .. Mmps =  546 Ndav =   1 E =   -110.7593454779 Error = 0.00e+00 FLOPS = 2.56e+09 Tdav = 0.01 T = 0.82
 --> Site =  167 .. Mmps =  550 Ndav =   1 E =   -110.7593454779 Error = 4.95e-204 FLOPS = 1.48e+09 Tdav = 0.00 T = 0.63
 --> Site =  168 .. Mmps =  550 Ndav =   1 E =   -110.7593454779 Error = 6.90e-228 FLOPS = 1.01e+09 Tdav = 0.00 T = 0.53
Time elapsed =  20310.806 | E =    -110.7593454779 | DE = -6.90e-01 | DW = 1.23559e-17
Time sweep =     7780.944 | 104 TFLOP/SWP
 | Dmem = 138 MB (3%) | Imem = 232 B (79%) | Hmem = 660 MB | Wmem = 4.62 MB | Pmem = 0 B
 | Tread = 84.525 | Twrite = 35.518 | Tfpread = 81.413 | Tfpwrite = 23.328 | Tmporead = 0.000 | Tasync = 0.000
 | data = 14.7 GB | cpsd = 11.0 GB
 | Trot = 220.753 | Tctr = 1.745 | Tint = 0.013 | Tmid = 0.000 | Tdctr = 63.684 | Tdiag = 2.550 | Tinfo = 2.222
 | Teff = 2482.306 | Tprt = 0.000 | Teig = 4964.961 | Tblk = 7519.264 | Tmve = 261.664 | Tdm = 3.306 | Tsplt = 53.950 | Tsvd = 0.000 | Torth = 0.000

Sweep =    9 | Direction = backward | Bond dimension =  550 | Noise =  0.00e+00 | Dav threshold =  1.00e-08
 <-- Site =  168 .. Mmps =    2 Ndav =   1 E =   -110.7593454779 Error = 0.00e+00 FLOPS = 1.14e+09 Tdav = 0.00 T = 0.03
 <-- Site =  167 .. Mmps =    4 Ndav =   1 E =   -110.7593454779 Error = 0.00e+00 FLOPS = 1.21e+09 Tdav = 0.01 T = 0.13
 <-- Site =  166 .. Mmps =    8 Ndav =   1 E =   -110.7593454779 Error = 0.00e+00 FLOPS = 2.33e+09 Tdav = 0.01 T = 0.20
 <-- Site =  165 .. Mmps =   16 Ndav =   1 E =   -110.7593454779 Error = 0.00e+00 FLOPS = 4.48e+09 Tdav = 0.01 T = 0.31
 <-- Site =  164 .. Mmps =   32 Ndav =   1 E =   -110.7593454779 Error = 0.00e+00 FLOPS = 8.81e+09 Tdav = 0.01 T = 0.40
 <-- Site =  163 .. Mmps =   64 Ndav =   1 E =   -110.7593454779 Error = 0.00e+00 FLOPS = 9.23e+09 Tdav = 0.03 T = 0.54
 <-- Site =  162 .. Mmps =  128 Ndav =   1 E =   -110.7593454779 Error = 0.00e+00 FLOPS = 1.27e+10 Tdav = 0.05 T = 0.72
 <-- Site =  161 .. Mmps =  256 Ndav =   1 E =   -110.7593454779 Error = 0.00e+00 FLOPS = 1.46e+10 Tdav = 0.11 T = 0.96
 <-- Site =  160 .. Mmps =  510 Ndav =   1 E =   -110.7593454779 Error = 0.00e+00 FLOPS = 1.73e+10 Tdav = 0.22 T = 1.34
 <-- Site =  159 .. Mmps =  550 Ndav =   1 E =   -110.7593454779 Error = 7.20e-26 FLOPS = 2.07e+10 Tdav = 0.48 T = 2.26
 <-- Site =  158 .. Mmps =  550 Ndav =   1 E =   -110.7593454779 Error = 1.43e-23 FLOPS = 2.06e+10 Tdav = 0.58 T = 3.28
 <-- Site =  157 .. Mmps =  550 Ndav =   1 E =   -110.7593454779 Error = 1.11e-23 FLOPS = 2.08e+10 Tdav = 0.62 T = 3.76
 <-- Site =  156 .. Mmps =  550 Ndav =   1 E =   -110.7593454779 Error = 4.34e-21 FLOPS = 2.06e+10 Tdav = 0.68 T = 4.12
 <-- Site =  155 .. Mmps =  550 Ndav =   2 E =   -110.7593454783 Error = 6.18e-22 FLOPS = 2.41e+10 Tdav = 1.24 T = 5.11
 <-- Site =  154 .. Mmps =  550 Ndav =   2 E =   -110.7593454793 Error = 4.19e-21 FLOPS = 2.23e+10 Tdav = 1.43 T = 5.73
 <-- Site =  153 .. Mmps =  550 Ndav =   3 E =   -110.7593454809 Error = 6.38e-21 FLOPS = 2.50e+10 Tdav = 2.03 T = 6.72
 <-- Site =  152 .. Mmps =  550 Ndav =   3 E =   -110.7593454837 Error = 1.09e-20 FLOPS = 2.36e+10 Tdav = 2.28 T = 7.39
 <-- Site =  151 .. Mmps =  550 Ndav =   3 E =   -110.7593454867 Error = 1.17e-20 FLOPS = 2.43e+10 Tdav = 2.34 T = 7.85
 <-- Site =  150 .. Mmps =  550 Ndav =   3 E =   -110.7593454910 Error = 1.33e-20 FLOPS = 2.57e+10 Tdav = 2.33 T = 8.12
 <-- Site =  149 .. Mmps =  550 Ndav =   3 E =   -110.7593454955 Error = 1.52e-20 FLOPS = 2.46e+10 Tdav = 2.55 T = 8.97
 <-- Site =  148 .. Mmps =  550 Ndav =   4 E =   -110.7593455017 Error = 9.49e-21 FLOPS = 2.40e+10 Tdav = 3.66 T = 10.65
 <-- Site =  147 .. Mmps =  550 Ndav =   4 E =   -110.7593455082 Error = 1.26e-20 FLOPS = 2.44e+10 Tdav = 3.76 T = 10.56
 <-- Site =  146 .. Mmps =  550 Ndav =   4 E =   -110.7593455154 Error = 4.87e-21 FLOPS = 2.67e+10 Tdav = 3.59 T = 11.50
 <-- Site =  145 .. Mmps =  550 Ndav =   4 E =   -110.7593455236 Error = 3.32e-21 FLOPS = 2.59e+10 Tdav = 3.85 T = 12.16
 <-- Site =  144 .. Mmps =  550 Ndav =   4 E =   -110.7593455299 Error = 2.61e-21 FLOPS = 2.72e+10 Tdav = 3.81 T = 12.74
 <-- Site =  143 .. Mmps =  550 Ndav =   4 E =   -110.7593455388 Error = 5.24e-21 FLOPS = 2.81e+10 Tdav = 3.84 T = 13.47
 <-- Site =  142 .. Mmps =  550 Ndav =   4 E =   -110.7593455487 Error = 1.01e-18 FLOPS = 2.83e+10 Tdav = 3.95 T = 13.91
 <-- Site =  141 .. Mmps =  550 Ndav =   5 E =   -110.7593455663 Error = 2.39e-21 FLOPS = 2.81e+10 Tdav = 5.16 T = 14.98
 <-- Site =  140 .. Mmps =  550 Ndav =   6 E =   -110.7593456032 Error = 1.50e-18 FLOPS = 2.93e+10 Tdav = 6.12 T = 16.40
 <-- Site =  139 .. Mmps =  550 Ndav =   6 E =   -110.7593456340 Error = 1.62e-20 FLOPS = 3.25e+10 Tdav = 5.71 T = 16.26
 <-- Site =  138 .. Mmps =  550 Ndav =   7 E =   -110.7593456791 Error = 2.43e-18 FLOPS = 3.21e+10 Tdav = 6.96 T = 17.71
 <-- Site =  137 .. Mmps =  550 Ndav =   6 E =   -110.7593457120 Error = 1.22e-20 FLOPS = 3.08e+10 Tdav = 6.42 T = 17.96
 <-- Site =  136 .. Mmps =  550 Ndav =   7 E =   -110.7593457464 Error = 1.34e-18 FLOPS = 2.72e+10 Tdav = 8.75 T = 21.08
 <-- Site =  135 .. Mmps =  550 Ndav =   6 E =   -110.7593457677 Error = 2.08e-20 FLOPS = 2.89e+10 Tdav = 7.26 T = 20.74
 <-- Site =  134 .. Mmps =  550 Ndav =   6 E =   -110.7593457917 Error = 9.89e-19 FLOPS = 3.21e+10 Tdav = 6.72 T = 21.19
 <-- Site =  133 .. Mmps =  550 Ndav =   5 E =   -110.7593458031 Error = 9.23e-21 FLOPS = 3.26e+10 Tdav = 5.66 T = 19.63
 <-- Site =  132 .. Mmps =  550 Ndav =   6 E =   -110.7593458187 Error = 2.00e-18 FLOPS = 2.97e+10 Tdav = 7.65 T = 22.59
 <-- Site =  131 .. Mmps =  550 Ndav =   5 E =   -110.7593458282 Error = 3.50e-21 FLOPS = 2.98e+10 Tdav = 6.54 T = 23.86
 <-- Site =  130 .. Mmps =  550 Ndav =   6 E =   -110.7593458422 Error = 1.92e-18 FLOPS = 3.25e+10 Tdav = 7.37 T = 24.61
 <-- Site =  129 .. Mmps =  550 Ndav =   5 E =   -110.7593458566 Error = 4.25e-21 FLOPS = 3.23e+10 Tdav = 6.34 T = 23.21
 <-- Site =  128 .. Mmps =  550 Ndav =   6 E =   -110.7593458782 Error = 4.79e-21 FLOPS = 2.93e+10 Tdav = 8.58 T = 27.66
 <-- Site =  127 .. Mmps =  550 Ndav =   6 E =   -110.7593459039 Error = 4.88e-20 FLOPS = 3.08e+10 Tdav = 8.36 T = 28.57
 <-- Site =  126 .. Mmps =  550 Ndav =   6 E =   -110.7593459354 Error = 3.63e-20 FLOPS = 3.28e+10 Tdav = 8.04 T = 27.41
 <-- Site =  125 .. Mmps =  550 Ndav =   5 E =   -110.7593459574 Error = 3.51e-20 FLOPS = 2.84e+10 Tdav = 7.90 T = 28.25
 <-- Site =  124 .. Mmps =  550 Ndav =   6 E =   -110.7593459897 Error = 9.07e-21 FLOPS = 3.09e+10 Tdav = 8.73 T = 29.69
 <-- Site =  123 .. Mmps =  550 Ndav =   5 E =   -110.7593460058 Error = 1.80e-20 FLOPS = 3.29e+10 Tdav = 6.98 T = 27.80
 <-- Site =  122 .. Mmps =  550 Ndav =   5 E =   -110.7593460227 Error = 3.29e-21 FLOPS = 2.94e+10 Tdav = 7.82 T = 29.42
 <-- Site =  121 .. Mmps =  550 Ndav =   5 E =   -110.7593460333 Error = 6.18e-21 FLOPS = 3.10e+10 Tdav = 7.56 T = 30.83
 <-- Site =  120 .. Mmps =  550 Ndav =   5 E =   -110.7593460455 Error = 6.01e-21 FLOPS = 3.26e+10 Tdav = 7.19 T = 28.84
 <-- Site =  119 .. Mmps =  550 Ndav =   5 E =   -110.7593460558 Error = 8.42e-21 FLOPS = 3.08e+10 Tdav = 7.78 T = 32.10
 <-- Site =  118 .. Mmps =  550 Ndav =   4 E =   -110.7593460630 Error = 3.98e-21 FLOPS = 3.33e+10 Tdav = 5.88 T = 30.49
 <-- Site =  117 .. Mmps =  550 Ndav =   5 E =   -110.7593460751 Error = 2.21e-20 FLOPS = 3.21e+10 Tdav = 7.62 T = 31.09
 <-- Site =  116 .. Mmps =  550 Ndav =   4 E =   -110.7593460826 Error = 4.67e-19 FLOPS = 2.97e+10 Tdav = 6.71 T = 32.10
 <-- Site =  115 .. Mmps =  550 Ndav =   4 E =   -110.7593460912 Error = 9.82e-21 FLOPS = 3.32e+10 Tdav = 6.14 T = 32.38
 <-- Site =  114 .. Mmps =  550 Ndav =   5 E =   -110.7593461084 Error = 2.11e-18 FLOPS = 2.83e+10 Tdav = 9.00 T = 34.13
 <-- Site =  113 .. Mmps =  550 Ndav =   5 E =   -110.7593461267 Error = 6.53e-21 FLOPS = 3.17e+10 Tdav = 8.02 T = 34.29
 <-- Site =  112 .. Mmps =  550 Ndav =   7 E =   -110.7593461870 Error = 2.30e-18 FLOPS = 3.24e+10 Tdav = 11.21 T = 36.88
 <-- Site =  111 .. Mmps =  550 Ndav =   7 E =   -110.7593463060 Error = 9.38e-21 FLOPS = 3.04e+10 Tdav = 11.97 T = 39.94
 <-- Site =  110 .. Mmps =  550 Ndav =  10 E =   -110.7593469487 Error = 1.65e-18 FLOPS = 3.18e+10 Tdav = 16.31 T = 42.38
 <-- Site =  109 .. Mmps =  550 Ndav =  12 E =   -110.7593492836 Error = 5.11e-21 FLOPS = 3.02e+10 Tdav = 20.64 T = 48.79
 <-- Site =  108 .. Mmps =  550 Ndav =  17 E =   -110.7593568150 Error = 3.19e-19 FLOPS = 2.73e+10 Tdav = 32.96 T = 59.72
 <-- Site =  107 .. Mmps =  550 Ndav =  22 E =   -110.7595158423 Error = 7.17e-21 FLOPS = 2.63e+10 Tdav = 44.23 T = 73.02
 <-- Site =  106 .. Mmps =  550 Ndav =  25 E =   -110.7596092625 Error = 2.88e-18 FLOPS = 2.53e+10 Tdav = 53.19 T = 82.07
 <-- Site =  105 .. Mmps =  550 Ndav =  19 E =   -110.7596285009 Error = 7.12e-21 FLOPS = 2.97e+10 Tdav = 34.54 T = 63.41
 <-- Site =  104 .. Mmps =  550 Ndav =  20 E =   -110.7596438028 Error = 1.28e-18 FLOPS = 2.90e+10 Tdav = 37.20 T = 67.99
 <-- Site =  103 .. Mmps =  550 Ndav =  14 E =   -110.7596485789 Error = 4.61e-21 FLOPS = 2.91e+10 Tdav = 25.89 T = 55.68
 <-- Site =  102 .. Mmps =  550 Ndav =  13 E =   -110.7596546444 Error = 1.91e-21 FLOPS = 2.89e+10 Tdav = 24.68 T = 53.26
 <-- Site =  101 .. Mmps =  550 Ndav =  14 E =   -110.7596631742 Error = 1.54e-20 FLOPS = 3.12e+10 Tdav = 24.65 T = 54.48
 <-- Site =  100 .. Mmps =  550 Ndav =  14 E =   -110.7596726235 Error = 1.11e-20 FLOPS = 3.02e+10 Tdav = 25.47 T = 55.39
 <-- Site =   99 .. Mmps =  550 Ndav =  13 E =   -110.7596798155 Error = 2.47e-20 FLOPS = 2.53e+10 Tdav = 28.72 T = 58.39
 <-- Site =   98 .. Mmps =  550 Ndav =  14 E =   -110.7596896485 Error = 5.43e-21 FLOPS = 2.47e+10 Tdav = 31.11 T = 65.18
 <-- Site =   97 .. Mmps =  550 Ndav =  13 E =   -110.7596930953 Error = 1.35e-20 FLOPS = 2.51e+10 Tdav = 28.41 T = 62.68
 <-- Site =   96 .. Mmps =  550 Ndav =  14 E =   -110.7596960645 Error = 9.22e-21 FLOPS = 2.47e+10 Tdav = 31.17 T = 65.68
 <-- Site =   95 .. Mmps =  550 Ndav =  12 E =   -110.7596972109 Error = 2.04e-20 FLOPS = 2.60e+10 Tdav = 25.33 T = 60.01
 <-- Site =   94 .. Mmps =  550 Ndav =  13 E =   -110.7596986759 Error = 2.77e-21 FLOPS = 2.66e+10 Tdav = 27.28 T = 62.07
 <-- Site =   93 .. Mmps =  550 Ndav =  12 E =   -110.7596994928 Error = 5.46e-21 FLOPS = 3.17e+10 Tdav = 21.19 T = 55.23
 <-- Site =   92 .. Mmps =  550 Ndav =  10 E =   -110.7596997538 Error = 6.16e-21 FLOPS = 2.67e+10 Tdav = 20.95 T = 51.28
 <-- Site =   91 .. Mmps =  550 Ndav =   9 E =   -110.7596999156 Error = 8.75e-21 FLOPS = 2.64e+10 Tdav = 19.07 T = 54.37
 <-- Site =   90 .. Mmps =  550 Ndav =   8 E =   -110.7596999807 Error = 6.10e-19 FLOPS = 2.67e+10 Tdav = 16.75 T = 51.73
 <-- Site =   89 .. Mmps =  550 Ndav =   6 E =   -110.7597000107 Error = 5.38e-21 FLOPS = 2.67e+10 Tdav = 12.58 T = 48.10
 <-- Site =   88 .. Mmps =  550 Ndav =   6 E =   -110.7597000619 Error = 8.08e-19 FLOPS = 2.71e+10 Tdav = 12.38 T = 47.08
 <-- Site =   87 .. Mmps =  550 Ndav =   6 E =   -110.7597000940 Error = 9.26e-21 FLOPS = 2.65e+10 Tdav = 12.66 T = 48.54
 <-- Site =   86 .. Mmps =  550 Ndav =   7 E =   -110.7597001593 Error = 1.65e-19 FLOPS = 2.70e+10 Tdav = 14.74 T = 50.41
 <-- Site =   85 .. Mmps =  550 Ndav =   7 E =   -110.7597002105 Error = 1.43e-20 FLOPS = 2.82e+10 Tdav = 13.87 T = 48.40
 <-- Site =   84 .. Mmps =  550 Ndav =   7 E =   -110.7597002850 Error = 1.38e-18 FLOPS = 3.15e+10 Tdav = 12.41 T = 45.42
 <-- Site =   83 .. Mmps =  550 Ndav =   7 E =   -110.7597003485 Error = 8.93e-21 FLOPS = 3.21e+10 Tdav = 12.20 T = 42.15
 <-- Site =   82 .. Mmps =  550 Ndav =   8 E =   -110.7597004460 Error = 2.07e-18 FLOPS = 2.96e+10 Tdav = 14.86 T = 45.69
 <-- Site =   81 .. Mmps =  550 Ndav =   9 E =   -110.7597005332 Error = 1.16e-20 FLOPS = 3.24e+10 Tdav = 15.52 T = 46.56
 <-- Site =   80 .. Mmps =  550 Ndav =  11 E =   -110.7597006607 Error = 5.26e-19 FLOPS = 2.94e+10 Tdav = 20.94 T = 52.47
 <-- Site =   79 .. Mmps =  550 Ndav =  10 E =   -110.7597007514 Error = 9.44e-21 FLOPS = 3.18e+10 Tdav = 17.60 T = 47.44
 <-- Site =   78 .. Mmps =  550 Ndav =  10 E =   -110.7597008418 Error = 2.32e-18 FLOPS = 2.99e+10 Tdav = 18.72 T = 49.63
 <-- Site =   77 .. Mmps =  550 Ndav =   7 E =   -110.7597008933 Error = 4.94e-21 FLOPS = 3.25e+10 Tdav = 12.03 T = 41.57
 <-- Site =   76 .. Mmps =  550 Ndav =   9 E =   -110.7597009729 Error = 8.37e-21 FLOPS = 3.10e+10 Tdav = 16.23 T = 49.18
 <-- Site =   75 .. Mmps =  550 Ndav =   7 E =   -110.7597010205 Error = 1.51e-20 FLOPS = 3.21e+10 Tdav = 12.18 T = 41.99
 <-- Site =   74 .. Mmps =  550 Ndav =   7 E =   -110.7597010679 Error = 9.35e-21 FLOPS = 3.16e+10 Tdav = 12.37 T = 45.28
 <-- Site =   73 .. Mmps =  550 Ndav =   6 E =   -110.7597010941 Error = 2.12e-20 FLOPS = 3.30e+10 Tdav = 10.17 T = 39.94
 <-- Site =   72 .. Mmps =  550 Ndav =   7 E =   -110.7597011360 Error = 2.17e-20 FLOPS = 3.11e+10 Tdav = 12.57 T = 45.07
 <-- Site =   71 .. Mmps =  550 Ndav =   5 E =   -110.7597011562 Error = 1.33e-20 FLOPS = 3.25e+10 Tdav = 8.44 T = 37.03
 <-- Site =   70 .. Mmps =  550 Ndav =   6 E =   -110.7597011834 Error = 4.79e-21 FLOPS = 3.02e+10 Tdav = 10.92 T = 40.74
 <-- Site =   69 .. Mmps =  550 Ndav =   5 E =   -110.7597012004 Error = 3.78e-21 FLOPS = 3.21e+10 Tdav = 8.55 T = 38.38
 <-- Site =   68 .. Mmps =  550 Ndav =   6 E =   -110.7597012297 Error = 1.17e-20 FLOPS = 3.02e+10 Tdav = 11.09 T = 41.52
 <-- Site =   67 .. Mmps =  550 Ndav =   7 E =   -110.7597012538 Error = 4.04e-21 FLOPS = 3.27e+10 Tdav = 11.96 T = 42.19
 <-- Site =   66 .. Mmps =  550 Ndav =   5 E =   -110.7597012681 Error = 1.74e-21 FLOPS = 3.05e+10 Tdav = 9.00 T = 39.39
 <-- Site =   65 .. Mmps =  550 Ndav =   5 E =   -110.7597012791 Error = 2.85e-20 FLOPS = 3.33e+10 Tdav = 8.25 T = 38.07
 <-- Site =   64 .. Mmps =  550 Ndav =   3 E =   -110.7597012836 Error = 7.83e-19 FLOPS = 3.12e+10 Tdav = 5.28 T = 34.29
 <-- Site =   63 .. Mmps =  550 Ndav =   3 E =   -110.7597012885 Error = 4.47e-21 FLOPS = 3.36e+10 Tdav = 4.81 T = 34.58
 <-- Site =   62 .. Mmps =  550 Ndav =   4 E =   -110.7597012990 Error = 4.24e-18 FLOPS = 3.36e+10 Tdav = 6.42 T = 34.15
 <-- Site =   61 .. Mmps =  550 Ndav =   4 E =   -110.7597013085 Error = 1.27e-20 FLOPS = 3.08e+10 Tdav = 7.01 T = 37.24
 <-- Site =   60 .. Mmps =  550 Ndav =   6 E =   -110.7597013425 Error = 4.09e-19 FLOPS = 3.19e+10 Tdav = 9.95 T = 37.71
 <-- Site =   59 .. Mmps =  550 Ndav =   6 E =   -110.7597013988 Error = 6.24e-21 FLOPS = 3.04e+10 Tdav = 10.62 T = 38.66
 <-- Site =   58 .. Mmps =  550 Ndav =  10 E =   -110.7597018165 Error = 3.37e-19 FLOPS = 3.15e+10 Tdav = 16.78 T = 44.29
 <-- Site =   57 .. Mmps =  550 Ndav =  12 E =   -110.7597031421 Error = 7.52e-21 FLOPS = 2.93e+10 Tdav = 21.28 T = 47.82
 <-- Site =   56 .. Mmps =  550 Ndav =  17 E =   -110.7597093317 Error = 3.18e-18 FLOPS = 2.78e+10 Tdav = 31.74 T = 57.98
 <-- Site =   55 .. Mmps =  550 Ndav =  16 E =   -110.7597193714 Error = 1.28e-20 FLOPS = 3.07e+10 Tdav = 27.04 T = 54.55
 <-- Site =   54 .. Mmps =  550 Ndav =  27 E =   -110.7598953689 Error = 8.74e-19 FLOPS = 2.56e+10 Tdav = 54.75 T = 81.72
 <-- Site =   53 .. Mmps =  550 Ndav =  19 E =   -110.7599440554 Error = 9.36e-21 FLOPS = 2.79e+10 Tdav = 34.61 T = 61.08
 <-- Site =   52 .. Mmps =  550 Ndav =  17 E =   -110.7599763699 Error = 1.53e-18 FLOPS = 2.74e+10 Tdav = 31.59 T = 56.27
 <-- Site =   51 .. Mmps =  550 Ndav =  15 E =   -110.7599870044 Error = 9.39e-21 FLOPS = 3.03e+10 Tdav = 24.68 T = 49.39
 <-- Site =   50 .. Mmps =  550 Ndav =  15 E =   -110.7600009343 Error = 2.12e-21 FLOPS = 2.89e+10 Tdav = 25.38 T = 49.27
 <-- Site =   49 .. Mmps =  550 Ndav =  15 E =   -110.7600169428 Error = 9.00e-21 FLOPS = 2.81e+10 Tdav = 26.11 T = 48.64
 <-- Site =   48 .. Mmps =  550 Ndav =  15 E =   -110.7600375721 Error = 7.89e-21 FLOPS = 3.07e+10 Tdav = 23.43 T = 47.13
 <-- Site =   47 .. Mmps =  550 Ndav =  14 E =   -110.7600539209 Error = 1.07e-20 FLOPS = 2.76e+10 Tdav = 23.81 T = 45.43
 <-- Site =   46 .. Mmps =  550 Ndav =  16 E =   -110.7600766095 Error = 1.69e-20 FLOPS = 2.95e+10 Tdav = 25.45 T = 47.67
 <-- Site =   45 .. Mmps =  550 Ndav =  13 E =   -110.7600839754 Error = 8.02e-21 FLOPS = 2.42e+10 Tdav = 24.65 T = 49.09
 <-- Site =   44 .. Mmps =  550 Ndav =  14 E =   -110.7600893257 Error = 2.98e-21 FLOPS = 2.38e+10 Tdav = 27.02 T = 51.33
 <-- Site =   43 .. Mmps =  550 Ndav =  12 E =   -110.7600919177 Error = 4.19e-21 FLOPS = 2.47e+10 Tdav = 21.85 T = 45.46
 <-- Site =   42 .. Mmps =  550 Ndav =  14 E =   -110.7600945960 Error = 4.11e-21 FLOPS = 2.36e+10 Tdav = 26.61 T = 49.96
 <-- Site =   41 .. Mmps =  550 Ndav =  11 E =   -110.7600957461 Error = 5.78e-21 FLOPS = 2.50e+10 Tdav = 19.29 T = 41.97
 <-- Site =   40 .. Mmps =  550 Ndav =   9 E =   -110.7600959689 Error = 1.80e-20 FLOPS = 2.68e+10 Tdav = 14.41 T = 35.91
 <-- Site =   39 .. Mmps =  550 Ndav =   8 E =   -110.7600961110 Error = 1.60e-20 FLOPS = 2.54e+10 Tdav = 13.22 T = 33.50
 <-- Site =   38 .. Mmps =  550 Ndav =   6 E =   -110.7600961774 Error = 8.04e-19 FLOPS = 2.69e+10 Tdav = 9.14 T = 29.01
 <-- Site =   37 .. Mmps =  550 Ndav =   7 E =   -110.7600962415 Error = 9.21e-21 FLOPS = 2.67e+10 Tdav = 10.47 T = 27.37
 <-- Site =   36 .. Mmps =  550 Ndav =   8 E =   -110.7600963613 Error = 1.01e-18 FLOPS = 2.91e+10 Tdav = 10.70 T = 26.84
 <-- Site =   35 .. Mmps =  550 Ndav =   7 E =   -110.7600964656 Error = 1.41e-20 FLOPS = 3.28e+10 Tdav = 8.10 T = 22.41
 <-- Site =   34 .. Mmps =  550 Ndav =   9 E =   -110.7600966422 Error = 1.50e-18 FLOPS = 2.71e+10 Tdav = 12.25 T = 25.81
 <-- Site =   33 .. Mmps =  550 Ndav =   8 E =   -110.7600967657 Error = 7.34e-21 FLOPS = 2.58e+10 Tdav = 11.13 T = 26.58
 <-- Site =   32 .. Mmps =  550 Ndav =   8 E =   -110.7600968904 Error = 4.86e-19 FLOPS = 2.59e+10 Tdav = 10.77 T = 25.45
 <-- Site =   31 .. Mmps =  550 Ndav =   7 E =   -110.7600969866 Error = 4.93e-21 FLOPS = 2.60e+10 Tdav = 9.14 T = 23.16
 <-- Site =   30 .. Mmps =  550 Ndav =   8 E =   -110.7600971107 Error = 2.58e-18 FLOPS = 2.54e+10 Tdav = 10.36 T = 23.47
 <-- Site =   29 .. Mmps =  550 Ndav =   8 E =   -110.7600972174 Error = 8.82e-21 FLOPS = 2.57e+10 Tdav = 9.93 T = 22.52
 <-- Site =   28 .. Mmps =  550 Ndav =  10 E =   -110.7600973687 Error = 9.45e-19 FLOPS = 2.44e+10 Tdav = 12.70 T = 24.70
 <-- Site =   27 .. Mmps =  550 Ndav =   8 E =   -110.7600974296 Error = 7.18e-21 FLOPS = 2.50e+10 Tdav = 9.59 T = 20.87
 <-- Site =   26 .. Mmps =  550 Ndav =   8 E =   -110.7600974786 Error = 1.29e-18 FLOPS = 2.55e+10 Tdav = 9.09 T = 19.72
 <-- Site =   25 .. Mmps =  550 Ndav =   5 E =   -110.7600974933 Error = 9.01e-21 FLOPS = 2.60e+10 Tdav = 5.37 T = 15.34
 <-- Site =   24 .. Mmps =  550 Ndav =   6 E =   -110.7600975170 Error = 8.37e-21 FLOPS = 2.58e+10 Tdav = 6.26 T = 15.47
 <-- Site =   23 .. Mmps =  550 Ndav =   6 E =   -110.7600975459 Error = 1.66e-20 FLOPS = 2.54e+10 Tdav = 6.12 T = 14.86
 <-- Site =   22 .. Mmps =  550 Ndav =   6 E =   -110.7600975807 Error = 3.24e-20 FLOPS = 2.54e+10 Tdav = 5.90 T = 14.03
 <-- Site =   21 .. Mmps =  550 Ndav =   8 E =   -110.7600976357 Error = 1.53e-20 FLOPS = 2.43e+10 Tdav = 7.88 T = 15.48
 <-- Site =   20 .. Mmps =  550 Ndav =   6 E =   -110.7600976796 Error = 2.77e-20 FLOPS = 2.55e+10 Tdav = 5.40 T = 12.63
 <-- Site =   19 .. Mmps =  550 Ndav =   9 E =   -110.7600977551 Error = 7.37e-21 FLOPS = 2.37e+10 Tdav = 8.33 T = 15.10
 <-- Site =   18 .. Mmps =  550 Ndav =   6 E =   -110.7600978031 Error = 5.06e-21 FLOPS = 2.40e+10 Tdav = 5.24 T = 11.50
 <-- Site =   17 .. Mmps =  550 Ndav =   9 E =   -110.7600978808 Error = 9.30e-21 FLOPS = 2.28e+10 Tdav = 7.88 T = 13.68
 <-- Site =   16 .. Mmps =  550 Ndav =   7 E =   -110.7600979329 Error = 4.27e-20 FLOPS = 2.48e+10 Tdav = 5.35 T = 10.59
 <-- Site =   15 .. Mmps =  550 Ndav =   9 E =   -110.7600980082 Error = 1.68e-20 FLOPS = 2.28e+10 Tdav = 7.09 T = 11.73
 <-- Site =   14 .. Mmps =  550 Ndav =   6 E =   -110.7600980544 Error = 9.39e-20 FLOPS = 2.73e+10 Tdav = 3.73 T = 8.17
 <-- Site =   13 .. Mmps =  550 Ndav =   8 E =   -110.7600981271 Error = 1.54e-19 FLOPS = 2.24e+10 Tdav = 5.70 T = 9.63
 <-- Site =   12 .. Mmps =  550 Ndav =   5 E =   -110.7600981552 Error = 1.31e-17 FLOPS = 2.62e+10 Tdav = 2.85 T = 6.18
 <-- Site =   11 .. Mmps =  550 Ndav =   5 E =   -110.7600981653 Error = 5.51e-19 FLOPS = 2.49e+10 Tdav = 2.80 T = 5.71
 <-- Site =   10 .. Mmps =  550 Ndav =   2 E =   -110.7600981665 Error = 3.08e-18 FLOPS = 2.42e+10 Tdav = 1.07 T = 4.09
 <-- Site =    9 .. Mmps =  550 Ndav =   2 E =   -110.7600981667 Error = 4.51e-24 FLOPS = 2.25e+10 Tdav = 0.94 T = 3.40
 <-- Site =    8 .. Mmps =  550 Ndav =   1 E =   -110.7600981667 Error = 2.43e-33 FLOPS = 2.22e+10 Tdav = 0.15 T = 1.48
 <-- Site =    7 .. Mmps =  550 Ndav =   1 E =   -110.7600981667 Error = 1.08e-54 FLOPS = 1.33e+10 Tdav = 0.09 T = 1.46
 <-- Site =    6 .. Mmps =  550 Ndav =   1 E =   -110.7600981667 Error = 3.91e-75 FLOPS = 1.28e+10 Tdav = 0.03 T = 1.14
 <-- Site =    5 .. Mmps =  550 Ndav =   1 E =   -110.7600981667 Error = 1.30e-93 FLOPS = 1.06e+10 Tdav = 0.02 T = 1.05
 <-- Site =    4 .. Mmps =  550 Ndav =   1 E =   -110.7600981667 Error = 3.09e-108 FLOPS = 1.20e+10 Tdav = 0.01 T = 0.76
 <-- Site =    3 .. Mmps =  550 Ndav =   1 E =   -110.7600981667 Error = 8.41e-116 FLOPS = 6.53e+09 Tdav = 0.00 T = 0.98
 <-- Site =    2 .. Mmps =  550 Ndav =   1 E =   -110.7600981667 Error = 0.00e+00 FLOPS = 3.92e+09 Tdav = 0.00 T = 0.89
 <-- Site =    1 .. Mmps =  550 Ndav =   1 E =   -110.7600981667 Error = 5.02e-111 FLOPS = 2.02e+09 Tdav = 0.00 T = 0.78
 <-- Site =    0 .. Mmps =  550 Ndav =   1 E =   -110.7600981667 Error = 4.08e-109 FLOPS = 1.21e+09 Tdav = 0.00 T = 0.75
Time elapsed =  25370.726 | E =    -110.7600981667 | DE = -7.53e-04 | DW = 1.31208e-17
Time sweep =     5059.920 | 50.4 TFLOP/SWP
 | Dmem = 138 MB (3%) | Imem = 232 B (79%) | Hmem = 660 MB | Wmem = 4.62 MB | Pmem = 0 B
 | Tread = 76.183 | Twrite = 33.149 | Tfpread = 74.947 | Tfpwrite = 22.406 | Tmporead = 0.000 | Tasync = 0.000
 | data = 14.7 GB | cpsd = 9.74 GB
 | Trot = 214.078 | Tctr = 300.312 | Tint = 0.013 | Tmid = 0.000 | Tdctr = 0.015 | Tdiag = 2.630 | Tinfo = 2.153
 | Teff = 2414.934 | Tprt = 0.000 | Teig = 1967.024 | Tblk = 4453.197 | Tmve = 606.704 | Tdm = 3.362 | Tsplt = 52.832 | Tsvd = 0.000 | Torth = 0.000

Sweep =   10 | Direction =  forward | Bond dimension =  550 | Noise =  0.00e+00 | Dav threshold =  1.00e-08
 --> Site =    0 .. Mmps =    2 Ndav =   1 E =   -110.7600981667 Error = 0.00e+00 FLOPS = 1.43e+09 Tdav = 0.00 T = 0.02
 --> Site =    1 .. Mmps =    4 Ndav =   1 E =   -110.7600981667 Error = 0.00e+00 FLOPS = 3.29e+09 Tdav = 0.00 T = 0.05
 --> Site =    2 .. Mmps =    8 Ndav =   1 E =   -110.7600981667 Error = 0.00e+00 FLOPS = 5.81e+09 Tdav = 0.00 T = 0.05
 --> Site =    3 .. Mmps =   16 Ndav =   1 E =   -110.7600981667 Error = 0.00e+00 FLOPS = 8.90e+09 Tdav = 0.00 T = 0.06
 --> Site =    4 .. Mmps =   32 Ndav =   1 E =   -110.7600981667 Error = 0.00e+00 FLOPS = 1.20e+10 Tdav = 0.01 T = 0.06
 --> Site =    5 .. Mmps =   64 Ndav =   1 E =   -110.7600981667 Error = 0.00e+00 FLOPS = 1.15e+10 Tdav = 0.02 T = 0.09
 --> Site =    6 .. Mmps =  128 Ndav =   1 E =   -110.7600981667 Error = 0.00e+00 FLOPS = 1.40e+10 Tdav = 0.03 T = 0.13
 --> Site =    7 .. Mmps =  256 Ndav =   1 E =   -110.7600981667 Error = 0.00e+00 FLOPS = 1.48e+10 Tdav = 0.08 T = 0.24
 --> Site =    8 .. Mmps =  512 Ndav =   1 E =   -110.7600981667 Error = 0.00e+00 FLOPS = 1.65e+10 Tdav = 0.20 T = 0.64
 --> Site =    9 .. Mmps =  550 Ndav =   1 E =   -110.7600981667 Error = 1.18e-25 FLOPS = 2.62e+10 Tdav = 0.41 T = 2.01
 --> Site =   10 .. Mmps =  550 Ndav =   1 E =   -110.7600981667 Error = 5.97e-25 FLOPS = 2.36e+10 Tdav = 0.55 T = 2.96
 --> Site =   11 .. Mmps =  550 Ndav =   1 E =   -110.7600981667 Error = 2.10e-23 FLOPS = 2.20e+10 Tdav = 0.64 T = 3.30
 --> Site =   12 .. Mmps =  550 Ndav =   1 E =   -110.7600981667 Error = 5.76e-23 FLOPS = 2.45e+10 Tdav = 0.61 T = 3.53
 --> Site =   13 .. Mmps =  550 Ndav =   1 E =   -110.7600981667 Error = 1.16e-21 FLOPS = 2.57e+10 Tdav = 0.62 T = 3.95
 --> Site =   14 .. Mmps =  550 Ndav =   2 E =   -110.7600981673 Error = 9.19e-21 FLOPS = 2.54e+10 Tdav = 1.33 T = 4.87
 --> Site =   15 .. Mmps =  550 Ndav =   2 E =   -110.7600981680 Error = 2.03e-20 FLOPS = 3.07e+10 Tdav = 1.17 T = 4.99
 --> Site =   16 .. Mmps =  550 Ndav =   2 E =   -110.7600981691 Error = 1.34e-20 FLOPS = 3.06e+10 Tdav = 1.24 T = 5.20
 --> Site =   17 .. Mmps =  550 Ndav =   2 E =   -110.7600981700 Error = 4.12e-20 FLOPS = 3.10e+10 Tdav = 1.29 T = 5.73
 --> Site =   18 .. Mmps =  550 Ndav =   2 E =   -110.7600981711 Error = 1.94e-20 FLOPS = 3.14e+10 Tdav = 1.33 T = 5.97
 --> Site =   19 .. Mmps =  550 Ndav =   2 E =   -110.7600981720 Error = 4.33e-20 FLOPS = 3.12e+10 Tdav = 1.41 T = 6.46
 --> Site =   20 .. Mmps =  550 Ndav =   2 E =   -110.7600981731 Error = 1.74e-20 FLOPS = 3.13e+10 Tdav = 1.47 T = 6.83
 --> Site =   21 .. Mmps =  550 Ndav =   2 E =   -110.7600981740 Error = 7.48e-20 FLOPS = 3.13e+10 Tdav = 1.53 T = 7.45
 --> Site =   22 .. Mmps =  550 Ndav =   3 E =   -110.7600981751 Error = 1.10e-20 FLOPS = 3.25e+10 Tdav = 2.30 T = 8.71
 --> Site =   23 .. Mmps =  550 Ndav =   2 E =   -110.7600981758 Error = 1.16e-20 FLOPS = 3.19e+10 Tdav = 1.63 T = 8.46
 --> Site =   24 .. Mmps =  550 Ndav =   2 E =   -110.7600981766 Error = 1.18e-20 FLOPS = 2.77e+10 Tdav = 1.95 T = 9.11
 --> Site =   25 .. Mmps =  550 Ndav =   3 E =   -110.7600981780 Error = 2.86e-20 FLOPS = 2.79e+10 Tdav = 3.00 T = 11.30
 --> Site =   26 .. Mmps =  550 Ndav =   2 E =   -110.7600981787 Error = 8.57e-21 FLOPS = 2.91e+10 Tdav = 1.99 T = 10.35
 --> Site =   27 .. Mmps =  550 Ndav =   3 E =   -110.7600981800 Error = 1.70e-20 FLOPS = 2.85e+10 Tdav = 3.16 T = 12.37
 --> Site =   28 .. Mmps =  550 Ndav =   3 E =   -110.7600981827 Error = 4.19e-20 FLOPS = 3.08e+10 Tdav = 3.01 T = 12.51
 --> Site =   29 .. Mmps =  550 Ndav =   3 E =   -110.7600981859 Error = 1.83e-20 FLOPS = 3.26e+10 Tdav = 2.94 T = 12.60
 --> Site =   30 .. Mmps =  550 Ndav =   4 E =   -110.7600981914 Error = 2.48e-20 FLOPS = 3.25e+10 Tdav = 4.06 T = 14.32
 --> Site =   31 .. Mmps =  550 Ndav =   3 E =   -110.7600981950 Error = 3.03e-20 FLOPS = 3.28e+10 Tdav = 3.11 T = 14.08
 --> Site =   32 .. Mmps =  550 Ndav =   3 E =   -110.7600981988 Error = 8.11e-21 FLOPS = 2.93e+10 Tdav = 3.58 T = 15.62
 --> Site =   33 .. Mmps =  550 Ndav =   3 E =   -110.7600982011 Error = 8.02e-20 FLOPS = 2.92e+10 Tdav = 3.69 T = 16.44
 --> Site =   34 .. Mmps =  550 Ndav =   3 E =   -110.7600982039 Error = 2.82e-20 FLOPS = 3.12e+10 Tdav = 3.55 T = 16.63
 --> Site =   35 .. Mmps =  550 Ndav =   2 E =   -110.7600982050 Error = 1.49e-20 FLOPS = 3.25e+10 Tdav = 2.33 T = 15.49
 --> Site =   36 .. Mmps =  550 Ndav =   2 E =   -110.7600982063 Error = 1.78e-20 FLOPS = 2.96e+10 Tdav = 2.63 T = 16.73
 --> Site =   37 .. Mmps =  550 Ndav =   2 E =   -110.7600982073 Error = 3.01e-20 FLOPS = 2.78e+10 Tdav = 2.87 T = 17.95
 --> Site =   38 .. Mmps =  550 Ndav =   3 E =   -110.7600982090 Error = 1.97e-19 FLOPS = 3.00e+10 Tdav = 4.09 T = 20.15
 --> Site =   39 .. Mmps =  550 Ndav =   3 E =   -110.7600982104 Error = 9.75e-21 FLOPS = 3.23e+10 Tdav = 3.89 T = 20.39
 --> Site =   40 .. Mmps =  550 Ndav =   3 E =   -110.7600982131 Error = 4.89e-21 FLOPS = 3.28e+10 Tdav = 3.93 T = 20.44
 --> Site =   41 .. Mmps =  550 Ndav =   3 E =   -110.7600982171 Error = 1.37e-19 FLOPS = 2.95e+10 Tdav = 4.47 T = 22.06
 --> Site =   42 .. Mmps =  550 Ndav =   4 E =   -110.7600982228 Error = 9.30e-21 FLOPS = 2.98e+10 Tdav = 6.02 T = 25.13
 --> Site =   43 .. Mmps =  550 Ndav =   3 E =   -110.7600982274 Error = 1.12e-19 FLOPS = 3.34e+10 Tdav = 4.03 T = 23.11
 --> Site =   44 .. Mmps =  550 Ndav =   4 E =   -110.7600982329 Error = 4.03e-21 FLOPS = 3.17e+10 Tdav = 5.79 T = 24.79
 --> Site =   45 .. Mmps =  550 Ndav =   3 E =   -110.7600982365 Error = 1.03e-19 FLOPS = 3.03e+10 Tdav = 4.55 T = 24.37
 --> Site =   46 .. Mmps =  550 Ndav =   3 E =   -110.7600982399 Error = 6.75e-21 FLOPS = 3.14e+10 Tdav = 4.49 T = 24.96
 --> Site =   47 .. Mmps =  550 Ndav =   4 E =   -110.7600982428 Error = 2.73e-20 FLOPS = 3.30e+10 Tdav = 5.68 T = 25.97
 --> Site =   48 .. Mmps =  550 Ndav =   3 E =   -110.7600982449 Error = 7.67e-21 FLOPS = 2.91e+10 Tdav = 4.93 T = 25.56
 --> Site =   49 .. Mmps =  550 Ndav =   3 E =   -110.7600982465 Error = 2.26e-20 FLOPS = 2.99e+10 Tdav = 4.91 T = 27.25
 --> Site =   50 .. Mmps =  550 Ndav =   2 E =   -110.7600982476 Error = 4.66e-21 FLOPS = 3.31e+10 Tdav = 2.96 T = 25.09
 --> Site =   51 .. Mmps =  550 Ndav =   3 E =   -110.7600982503 Error = 9.79e-20 FLOPS = 3.33e+10 Tdav = 4.50 T = 26.90
 --> Site =   52 .. Mmps =  550 Ndav =   3 E =   -110.7600982529 Error = 9.69e-21 FLOPS = 3.05e+10 Tdav = 5.01 T = 29.09
 --> Site =   53 .. Mmps =  550 Ndav =   3 E =   -110.7600982568 Error = 2.09e-20 FLOPS = 3.33e+10 Tdav = 4.58 T = 28.58
 --> Site =   54 .. Mmps =  550 Ndav =   4 E =   -110.7600982672 Error = 3.37e-20 FLOPS = 3.34e+10 Tdav = 6.22 T = 30.13
 --> Site =   55 .. Mmps =  550 Ndav =   5 E =   -110.7600982835 Error = 4.96e-20 FLOPS = 3.01e+10 Tdav = 8.63 T = 34.09
 --> Site =   56 .. Mmps =  550 Ndav =   5 E =   -110.7600983021 Error = 3.49e-21 FLOPS = 3.31e+10 Tdav = 7.84 T = 32.22
 --> Site =   57 .. Mmps =  550 Ndav =   5 E =   -110.7600983173 Error = 1.33e-20 FLOPS = 2.99e+10 Tdav = 8.68 T = 33.39
 --> Site =   58 .. Mmps =  550 Ndav =   6 E =   -110.7600983373 Error = 2.05e-20 FLOPS = 3.28e+10 Tdav = 9.69 T = 35.33
 --> Site =   59 .. Mmps =  550 Ndav =   5 E =   -110.7600983513 Error = 2.67e-20 FLOPS = 3.34e+10 Tdav = 8.07 T = 33.66
 --> Site =   60 .. Mmps =  550 Ndav =   6 E =   -110.7600983698 Error = 3.33e-20 FLOPS = 3.05e+10 Tdav = 10.42 T = 37.31
 --> Site =   61 .. Mmps =  550 Ndav =   7 E =   -110.7600983863 Error = 1.16e-20 FLOPS = 3.17e+10 Tdav = 11.89 T = 37.59
 --> Site =   62 .. Mmps =  550 Ndav =   8 E =   -110.7600984044 Error = 9.75e-21 FLOPS = 3.01e+10 Tdav = 14.34 T = 41.20
 --> Site =   63 .. Mmps =  550 Ndav =   7 E =   -110.7600984174 Error = 1.80e-20 FLOPS = 3.26e+10 Tdav = 11.56 T = 37.71
 --> Site =   64 .. Mmps =  550 Ndav =   6 E =   -110.7600984275 Error = 4.07e-20 FLOPS = 3.04e+10 Tdav = 10.83 T = 38.01
 --> Site =   65 .. Mmps =  550 Ndav =   3 E =   -110.7600984295 Error = 7.28e-21 FLOPS = 3.34e+10 Tdav = 4.93 T = 32.41
 --> Site =   66 .. Mmps =  550 Ndav =   3 E =   -110.7600984315 Error = 8.27e-21 FLOPS = 2.83e+10 Tdav = 5.81 T = 33.01
 --> Site =   67 .. Mmps =  550 Ndav =   3 E =   -110.7600984334 Error = 4.33e-20 FLOPS = 3.17e+10 Tdav = 5.29 T = 33.74
 --> Site =   68 .. Mmps =  550 Ndav =   3 E =   -110.7600984356 Error = 5.74e-21 FLOPS = 3.15e+10 Tdav = 5.32 T = 33.12
 --> Site =   69 .. Mmps =  550 Ndav =   3 E =   -110.7600984379 Error = 4.79e-20 FLOPS = 3.03e+10 Tdav = 5.44 T = 33.81
 --> Site =   70 .. Mmps =  550 Ndav =   3 E =   -110.7600984407 Error = 2.84e-21 FLOPS = 3.33e+10 Tdav = 4.94 T = 32.27
 --> Site =   71 .. Mmps =  550 Ndav =   4 E =   -110.7600984444 Error = 7.33e-20 FLOPS = 2.90e+10 Tdav = 7.58 T = 34.82
 --> Site =   72 .. Mmps =  550 Ndav =   4 E =   -110.7600984497 Error = 3.79e-21 FLOPS = 3.29e+10 Tdav = 6.79 T = 34.90
 --> Site =   73 .. Mmps =  550 Ndav =   5 E =   -110.7600984557 Error = 1.10e-19 FLOPS = 3.18e+10 Tdav = 8.78 T = 36.71
 --> Site =   74 .. Mmps =  550 Ndav =   4 E =   -110.7600984618 Error = 2.98e-21 FLOPS = 3.15e+10 Tdav = 7.11 T = 36.33
 --> Site =   75 .. Mmps =  550 Ndav =   5 E =   -110.7600984675 Error = 5.30e-20 FLOPS = 3.22e+10 Tdav = 8.69 T = 36.57
 --> Site =   76 .. Mmps =  550 Ndav =   4 E =   -110.7600984727 Error = 1.08e-20 FLOPS = 3.04e+10 Tdav = 7.37 T = 36.28
 --> Site =   77 .. Mmps =  550 Ndav =   7 E =   -110.7600984781 Error = 4.97e-20 FLOPS = 3.21e+10 Tdav = 12.21 T = 40.20
 --> Site =   78 .. Mmps =  550 Ndav =   2 E =   -110.7600984790 Error = 7.66e-21 FLOPS = 3.03e+10 Tdav = 3.68 T = 32.35
 --> Site =   79 .. Mmps =  550 Ndav =   2 E =   -110.7600984797 Error = 1.14e-20 FLOPS = 3.30e+10 Tdav = 3.39 T = 31.76
 --> Site =   80 .. Mmps =  550 Ndav =   3 E =   -110.7600984812 Error = 1.78e-20 FLOPS = 2.79e+10 Tdav = 6.00 T = 34.80
 --> Site =   81 .. Mmps =  550 Ndav =   2 E =   -110.7600984823 Error = 1.60e-20 FLOPS = 2.71e+10 Tdav = 4.12 T = 34.65
 --> Site =   82 .. Mmps =  550 Ndav =   3 E =   -110.7600984846 Error = 3.46e-20 FLOPS = 2.78e+10 Tdav = 5.93 T = 36.05
 --> Site =   83 .. Mmps =  550 Ndav =   3 E =   -110.7600984868 Error = 1.96e-20 FLOPS = 2.79e+10 Tdav = 6.02 T = 36.11
 --> Site =   84 .. Mmps =  550 Ndav =   4 E =   -110.7600984899 Error = 7.80e-21 FLOPS = 2.77e+10 Tdav = 8.08 T = 38.64
 --> Site =   85 .. Mmps =  550 Ndav =   3 E =   -110.7600984920 Error = 3.52e-20 FLOPS = 2.68e+10 Tdav = 6.26 T = 36.95
 --> Site =   86 .. Mmps =  550 Ndav =   4 E =   -110.7600984948 Error = 1.74e-21 FLOPS = 2.73e+10 Tdav = 8.34 T = 39.53
 --> Site =   87 .. Mmps =  550 Ndav =   3 E =   -110.7600984967 Error = 1.36e-20 FLOPS = 2.95e+10 Tdav = 5.69 T = 36.52
 --> Site =   88 .. Mmps =  550 Ndav =   4 E =   -110.7600984999 Error = 9.26e-21 FLOPS = 2.79e+10 Tdav = 8.01 T = 38.66
 --> Site =   89 .. Mmps =  550 Ndav =   3 E =   -110.7600985021 Error = 1.66e-20 FLOPS = 2.93e+10 Tdav = 5.72 T = 35.94
 --> Site =   90 .. Mmps =  550 Ndav =   4 E =   -110.7600985050 Error = 5.98e-20 FLOPS = 3.17e+10 Tdav = 7.06 T = 36.85
 --> Site =   91 .. Mmps =  550 Ndav =   2 E =   -110.7600985058 Error = 1.51e-20 FLOPS = 3.30e+10 Tdav = 3.39 T = 31.16
 --> Site =   92 .. Mmps =  550 Ndav =   3 E =   -110.7600985075 Error = 5.02e-21 FLOPS = 2.78e+10 Tdav = 6.04 T = 35.89
 --> Site =   93 .. Mmps =  550 Ndav =   2 E =   -110.7600985089 Error = 1.66e-19 FLOPS = 2.68e+10 Tdav = 4.16 T = 34.63
 --> Site =   94 .. Mmps =  550 Ndav =   3 E =   -110.7600985115 Error = 6.10e-21 FLOPS = 2.72e+10 Tdav = 6.16 T = 36.62
 --> Site =   95 .. Mmps =  550 Ndav =   3 E =   -110.7600985139 Error = 9.23e-20 FLOPS = 2.75e+10 Tdav = 6.00 T = 36.12
 --> Site =   96 .. Mmps =  550 Ndav =   3 E =   -110.7600985169 Error = 2.31e-21 FLOPS = 2.72e+10 Tdav = 6.05 T = 35.57
 --> Site =   97 .. Mmps =  550 Ndav =   3 E =   -110.7600985189 Error = 8.74e-20 FLOPS = 2.73e+10 Tdav = 6.03 T = 35.66
 --> Site =   98 .. Mmps =  550 Ndav =   3 E =   -110.7600985212 Error = 4.67e-21 FLOPS = 2.71e+10 Tdav = 6.07 T = 35.61
 --> Site =   99 .. Mmps =  550 Ndav =   3 E =   -110.7600985226 Error = 3.38e-20 FLOPS = 2.78e+10 Tdav = 6.03 T = 36.41
 --> Site =  100 .. Mmps =  550 Ndav =   3 E =   -110.7600985242 Error = 3.10e-21 FLOPS = 2.72e+10 Tdav = 6.05 T = 36.71
 --> Site =  101 .. Mmps =  550 Ndav =   3 E =   -110.7600985258 Error = 1.22e-19 FLOPS = 2.97e+10 Tdav = 5.55 T = 34.98
 --> Site =  102 .. Mmps =  550 Ndav =   2 E =   -110.7600985270 Error = 3.97e-21 FLOPS = 2.90e+10 Tdav = 3.79 T = 33.06
 --> Site =  103 .. Mmps =  550 Ndav =   3 E =   -110.7600985294 Error = 4.22e-20 FLOPS = 3.33e+10 Tdav = 4.86 T = 32.61
 --> Site =  104 .. Mmps =  550 Ndav =   3 E =   -110.7600985313 Error = 1.22e-20 FLOPS = 3.29e+10 Tdav = 4.91 T = 30.86
 --> Site =  105 .. Mmps =  550 Ndav =   3 E =   -110.7600985341 Error = 1.88e-19 FLOPS = 2.84e+10 Tdav = 5.69 T = 31.92
 --> Site =  106 .. Mmps =  550 Ndav =   3 E =   -110.7600985394 Error = 1.19e-20 FLOPS = 3.04e+10 Tdav = 5.33 T = 32.65
 --> Site =  107 .. Mmps =  550 Ndav =   4 E =   -110.7600985474 Error = 1.45e-20 FLOPS = 3.29e+10 Tdav = 6.42 T = 32.24
 --> Site =  108 .. Mmps =  550 Ndav =   6 E =   -110.7600985765 Error = 3.03e-21 FLOPS = 2.95e+10 Tdav = 10.77 T = 36.31
 --> Site =  109 .. Mmps =  550 Ndav =   5 E =   -110.7600985940 Error = 2.17e-20 FLOPS = 3.20e+10 Tdav = 8.12 T = 33.84
 --> Site =  110 .. Mmps =  550 Ndav =   6 E =   -110.7600986167 Error = 6.68e-21 FLOPS = 3.20e+10 Tdav = 9.74 T = 33.83
 --> Site =  111 .. Mmps =  550 Ndav =   6 E =   -110.7600986356 Error = 1.05e-20 FLOPS = 3.02e+10 Tdav = 10.30 T = 35.59
 --> Site =  112 .. Mmps =  550 Ndav =   7 E =   -110.7600986616 Error = 5.56e-21 FLOPS = 3.32e+10 Tdav = 10.96 T = 35.78
 --> Site =  113 .. Mmps =  550 Ndav =   6 E =   -110.7600986799 Error = 1.57e-20 FLOPS = 2.82e+10 Tdav = 10.84 T = 34.95
 --> Site =  114 .. Mmps =  550 Ndav =   8 E =   -110.7600987106 Error = 7.64e-21 FLOPS = 3.14e+10 Tdav = 12.98 T = 37.12
 --> Site =  115 .. Mmps =  550 Ndav =   7 E =   -110.7600987317 Error = 2.89e-20 FLOPS = 3.21e+10 Tdav = 11.09 T = 34.33
 --> Site =  116 .. Mmps =  550 Ndav =   8 E =   -110.7600987529 Error = 5.09e-20 FLOPS = 2.96e+10 Tdav = 13.51 T = 37.36
 --> Site =  117 .. Mmps =  550 Ndav =   4 E =   -110.7600987565 Error = 3.08e-20 FLOPS = 3.33e+10 Tdav = 5.87 T = 28.25
 --> Site =  118 .. Mmps =  550 Ndav =   3 E =   -110.7600987585 Error = 6.30e-21 FLOPS = 3.15e+10 Tdav = 4.66 T = 26.53
 --> Site =  119 .. Mmps =  550 Ndav =   3 E =   -110.7600987606 Error = 1.06e-19 FLOPS = 2.98e+10 Tdav = 4.82 T = 27.26
 --> Site =  120 .. Mmps =  550 Ndav =   3 E =   -110.7600987632 Error = 1.52e-20 FLOPS = 3.32e+10 Tdav = 4.24 T = 25.17
 --> Site =  121 .. Mmps =  550 Ndav =   3 E =   -110.7600987663 Error = 9.39e-20 FLOPS = 3.14e+10 Tdav = 4.48 T = 24.50
 --> Site =  122 .. Mmps =  550 Ndav =   4 E =   -110.7600987703 Error = 2.87e-21 FLOPS = 3.01e+10 Tdav = 6.11 T = 26.39
 --> Site =  123 .. Mmps =  550 Ndav =   4 E =   -110.7600987752 Error = 5.15e-20 FLOPS = 3.13e+10 Tdav = 5.88 T = 25.86
 --> Site =  124 .. Mmps =  550 Ndav =   6 E =   -110.7600987833 Error = 3.64e-21 FLOPS = 3.24e+10 Tdav = 8.32 T = 27.14
 --> Site =  125 .. Mmps =  550 Ndav =   4 E =   -110.7600987887 Error = 1.15e-19 FLOPS = 2.82e+10 Tdav = 6.37 T = 25.33
 --> Site =  126 .. Mmps =  550 Ndav =   5 E =   -110.7600987946 Error = 3.65e-21 FLOPS = 3.04e+10 Tdav = 7.24 T = 25.92
 --> Site =  127 .. Mmps =  550 Ndav =   5 E =   -110.7600987994 Error = 6.90e-20 FLOPS = 3.31e+10 Tdav = 6.48 T = 24.14
 --> Site =  128 .. Mmps =  550 Ndav =   4 E =   -110.7600988030 Error = 2.62e-21 FLOPS = 3.31e+10 Tdav = 5.06 T = 21.83
 --> Site =  129 .. Mmps =  550 Ndav =   4 E =   -110.7600988057 Error = 7.54e-20 FLOPS = 3.03e+10 Tdav = 5.41 T = 22.28
 --> Site =  130 .. Mmps =  550 Ndav =   2 E =   -110.7600988065 Error = 3.01e-20 FLOPS = 3.04e+10 Tdav = 2.62 T = 18.53
 --> Site =  131 .. Mmps =  550 Ndav =   3 E =   -110.7600988076 Error = 6.91e-21 FLOPS = 3.32e+10 Tdav = 3.52 T = 18.11
 --> Site =  132 .. Mmps =  550 Ndav =   3 E =   -110.7600988092 Error = 3.23e-21 FLOPS = 3.06e+10 Tdav = 3.72 T = 17.70
 --> Site =  133 .. Mmps =  550 Ndav =   2 E =   -110.7600988105 Error = 7.07e-21 FLOPS = 2.77e+10 Tdav = 2.66 T = 16.28
 --> Site =  134 .. Mmps =  550 Ndav =   3 E =   -110.7600988133 Error = 9.80e-21 FLOPS = 3.01e+10 Tdav = 3.58 T = 16.88
 --> Site =  135 .. Mmps =  550 Ndav =   3 E =   -110.7600988155 Error = 3.91e-20 FLOPS = 3.08e+10 Tdav = 3.40 T = 15.91
 --> Site =  136 .. Mmps =  550 Ndav =   3 E =   -110.7600988181 Error = 5.65e-21 FLOPS = 3.24e+10 Tdav = 3.14 T = 14.63
 --> Site =  137 .. Mmps =  550 Ndav =   3 E =   -110.7600988200 Error = 1.29e-20 FLOPS = 3.24e+10 Tdav = 3.05 T = 13.85
 --> Site =  138 .. Mmps =  550 Ndav =   3 E =   -110.7600988224 Error = 2.80e-20 FLOPS = 3.28e+10 Tdav = 2.92 T = 13.38
 --> Site =  139 .. Mmps =  550 Ndav =   3 E =   -110.7600988240 Error = 9.38e-21 FLOPS = 2.88e+10 Tdav = 3.23 T = 13.58
 --> Site =  140 .. Mmps =  550 Ndav =   3 E =   -110.7600988261 Error = 7.16e-21 FLOPS = 2.91e+10 Tdav = 3.09 T = 12.51
 --> Site =  141 .. Mmps =  550 Ndav =   3 E =   -110.7600988278 Error = 1.21e-20 FLOPS = 3.04e+10 Tdav = 2.85 T = 11.99
 --> Site =  142 .. Mmps =  550 Ndav =   3 E =   -110.7600988302 Error = 4.35e-20 FLOPS = 3.27e+10 Tdav = 2.57 T = 10.95
 --> Site =  143 .. Mmps =  550 Ndav =   2 E =   -110.7600988308 Error = 6.86e-20 FLOPS = 3.19e+10 Tdav = 1.69 T = 9.27
 --> Site =  144 .. Mmps =  550 Ndav =   3 E =   -110.7600988326 Error = 7.57e-21 FLOPS = 3.18e+10 Tdav = 2.45 T = 9.66
 --> Site =  145 .. Mmps =  550 Ndav =   3 E =   -110.7600988352 Error = 4.50e-20 FLOPS = 3.19e+10 Tdav = 2.34 T = 9.23
 --> Site =  146 .. Mmps =  550 Ndav =   3 E =   -110.7600988380 Error = 1.14e-20 FLOPS = 2.88e+10 Tdav = 2.50 T = 8.87
 --> Site =  147 .. Mmps =  550 Ndav =   3 E =   -110.7600988417 Error = 4.62e-20 FLOPS = 2.74e+10 Tdav = 2.51 T = 9.04
 --> Site =  148 .. Mmps =  550 Ndav =   3 E =   -110.7600988445 Error = 8.15e-21 FLOPS = 2.90e+10 Tdav = 2.28 T = 7.92
 --> Site =  149 .. Mmps =  550 Ndav =   3 E =   -110.7600988479 Error = 3.44e-20 FLOPS = 2.91e+10 Tdav = 2.16 T = 7.62
 --> Site =  150 .. Mmps =  550 Ndav =   3 E =   -110.7600988501 Error = 9.78e-21 FLOPS = 2.85e+10 Tdav = 2.10 T = 7.00
 --> Site =  151 .. Mmps =  550 Ndav =   3 E =   -110.7600988521 Error = 6.61e-20 FLOPS = 2.94e+10 Tdav = 1.94 T = 6.36
 --> Site =  152 .. Mmps =  550 Ndav =   3 E =   -110.7600988533 Error = 1.52e-20 FLOPS = 3.15e+10 Tdav = 1.71 T = 5.74
 --> Site =  153 .. Mmps =  550 Ndav =   3 E =   -110.7600988548 Error = 8.30e-20 FLOPS = 3.12e+10 Tdav = 1.63 T = 5.25
 --> Site =  154 .. Mmps =  550 Ndav =   2 E =   -110.7600988555 Error = 1.57e-20 FLOPS = 3.04e+10 Tdav = 1.05 T = 4.35
 --> Site =  155 .. Mmps =  550 Ndav =   2 E =   -110.7600988563 Error = 1.16e-18 FLOPS = 2.97e+10 Tdav = 1.01 T = 4.02
 --> Site =  156 .. Mmps =  550 Ndav =   2 E =   -110.7600988567 Error = 5.47e-19 FLOPS = 2.93e+10 Tdav = 0.96 T = 3.81
 --> Site =  157 .. Mmps =  550 Ndav =   1 E =   -110.7600988567 Error = 1.23e-19 FLOPS = 2.55e+10 Tdav = 0.51 T = 3.04
 --> Site =  158 .. Mmps =  550 Ndav =   1 E =   -110.7600988567 Error = 7.69e-20 FLOPS = 2.46e+10 Tdav = 0.49 T = 2.78
 --> Site =  159 .. Mmps =  550 Ndav =   1 E =   -110.7600988567 Error = 6.35e-25 FLOPS = 2.45e+10 Tdav = 0.40 T = 2.53
 --> Site =  160 .. Mmps =  550 Ndav =   2 E =   -110.7600988570 Error = 8.29e-29 FLOPS = 2.56e+10 Tdav = 0.30 T = 2.24
 --> Site =  161 .. Mmps =  550 Ndav =   1 E =   -110.7600988570 Error = 1.14e-53 FLOPS = 2.05e+10 Tdav = 0.08 T = 1.64
 --> Site =  162 .. Mmps =  550 Ndav =   1 E =   -110.7600988570 Error = 1.12e-80 FLOPS = 1.91e+10 Tdav = 0.03 T = 1.37
 --> Site =  163 .. Mmps =  550 Ndav =   1 E =   -110.7600988570 Error = 6.52e-107 FLOPS = 1.72e+10 Tdav = 0.02 T = 1.17
 --> Site =  164 .. Mmps =  550 Ndav =   1 E =   -110.7600988570 Error = 1.11e-130 FLOPS = 1.39e+10 Tdav = 0.01 T = 1.03
 --> Site =  165 .. Mmps =  550 Ndav =   1 E =   -110.7600988570 Error = 1.66e-153 FLOPS = 8.23e+09 Tdav = 0.01 T = 0.96
 --> Site =  166 .. Mmps =  550 Ndav =   1 E =   -110.7600988570 Error = 5.64e-175 FLOPS = 4.48e+09 Tdav = 0.00 T = 0.68
 --> Site =  167 .. Mmps =  535 Ndav =   1 E =   -110.7600988570 Error = 0.00e+00 FLOPS = 2.30e+09 Tdav = 0.00 T = 0.52
 --> Site =  168 .. Mmps =  532 Ndav =   1 E =   -110.7600988570 Error = 0.00e+00 FLOPS = 2.04e+09 Tdav = 0.00 T = 0.35
Time elapsed =  28898.606 | E =    -110.7600988570 | DE = -6.90e-07 | DW = 1.16268e-18
Time sweep =     3527.879 | 20.7 TFLOP/SWP
 | Dmem = 138 MB (3%) | Imem = 232 B (79%) | Hmem = 660 MB | Wmem = 4.62 MB | Pmem = 0 B
 | Tread = 82.907 | Twrite = 33.989 | Tfpread = 80.690 | Tfpwrite = 22.791 | Tmporead = 0.000 | Tasync = 0.000
 | data = 14.7 GB | cpsd = 11.0 GB
 | Trot = 214.100 | Tctr = 1.645 | Tint = 0.012 | Tmid = 0.000 | Tdctr = 62.883 | Tdiag = 2.391 | Tinfo = 2.099
 | Teff = 2466.396 | Tprt = 0.000 | Teig = 744.592 | Tblk = 3274.723 | Tmve = 253.142 | Tdm = 3.174 | Tsplt = 48.002 | Tsvd = 0.000 | Torth = 0.000

Sweep =   11 | Direction = backward | Bond dimension =  550 | Noise =  0.00e+00 | Dav threshold =  1.00e-08
 <-- Site =  168 .. Mmps =    2 Ndav =   1 E =   -110.7600988570 Error = 0.00e+00 FLOPS = 2.01e+09 Tdav = 0.00 T = 0.02
 <-- Site =  167 .. Mmps =    4 Ndav =   1 E =   -110.7600988570 Error = 0.00e+00 FLOPS = 2.55e+09 Tdav = 0.00 T = 0.11
 <-- Site =  166 .. Mmps =    8 Ndav =   1 E =   -110.7600988570 Error = 0.00e+00 FLOPS = 4.69e+09 Tdav = 0.00 T = 0.17
 <-- Site =  165 .. Mmps =   16 Ndav =   1 E =   -110.7600988570 Error = 0.00e+00 FLOPS = 5.82e+09 Tdav = 0.01 T = 0.26
 <-- Site =  164 .. Mmps =   32 Ndav =   1 E =   -110.7600988570 Error = 0.00e+00 FLOPS = 1.00e+10 Tdav = 0.01 T = 0.38
 <-- Site =  163 .. Mmps =   64 Ndav =   1 E =   -110.7600988570 Error = 0.00e+00 FLOPS = 1.05e+10 Tdav = 0.03 T = 0.53
 <-- Site =  162 .. Mmps =  128 Ndav =   1 E =   -110.7600988570 Error = 0.00e+00 FLOPS = 1.28e+10 Tdav = 0.05 T = 0.70
 <-- Site =  161 .. Mmps =  256 Ndav =   1 E =   -110.7600988570 Error = 0.00e+00 FLOPS = 1.75e+10 Tdav = 0.09 T = 0.92
 <-- Site =  160 .. Mmps =  512 Ndav =   1 E =   -110.7600988570 Error = 0.00e+00 FLOPS = 1.80e+10 Tdav = 0.21 T = 1.31
 <-- Site =  159 .. Mmps =  550 Ndav =   1 E =   -110.7600988570 Error = 2.31e-26 FLOPS = 2.03e+10 Tdav = 0.49 T = 2.33
 <-- Site =  158 .. Mmps =  550 Ndav =   1 E =   -110.7600988570 Error = 2.96e-23 FLOPS = 2.18e+10 Tdav = 0.55 T = 3.16
 <-- Site =  157 .. Mmps =  550 Ndav =   1 E =   -110.7600988570 Error = 1.24e-23 FLOPS = 2.67e+10 Tdav = 0.49 T = 3.31
 <-- Site =  156 .. Mmps =  550 Ndav =   1 E =   -110.7600988570 Error = 1.57e-20 FLOPS = 2.39e+10 Tdav = 0.58 T = 3.51
 <-- Site =  155 .. Mmps =  550 Ndav =   1 E =   -110.7600988570 Error = 1.34e-21 FLOPS = 2.51e+10 Tdav = 0.60 T = 4.18
 <-- Site =  154 .. Mmps =  550 Ndav =   2 E =   -110.7600988572 Error = 3.94e-21 FLOPS = 2.80e+10 Tdav = 1.14 T = 4.78
 <-- Site =  153 .. Mmps =  550 Ndav =   1 E =   -110.7600988572 Error = 1.03e-20 FLOPS = 2.67e+10 Tdav = 0.64 T = 4.80
 <-- Site =  152 .. Mmps =  550 Ndav =   2 E =   -110.7600988576 Error = 8.44e-21 FLOPS = 2.73e+10 Tdav = 1.32 T = 5.81
 <-- Site =  151 .. Mmps =  550 Ndav =   2 E =   -110.7600988579 Error = 1.42e-20 FLOPS = 2.95e+10 Tdav = 1.28 T = 5.86
 <-- Site =  150 .. Mmps =  550 Ndav =   2 E =   -110.7600988583 Error = 9.69e-21 FLOPS = 3.11e+10 Tdav = 1.29 T = 6.28
 <-- Site =  149 .. Mmps =  550 Ndav =   2 E =   -110.7600988586 Error = 1.07e-20 FLOPS = 3.13e+10 Tdav = 1.34 T = 6.60
 <-- Site =  148 .. Mmps =  550 Ndav =   2 E =   -110.7600988590 Error = 6.83e-21 FLOPS = 3.11e+10 Tdav = 1.41 T = 7.12
 <-- Site =  147 .. Mmps =  550 Ndav =   2 E =   -110.7600988593 Error = 9.14e-21 FLOPS = 3.00e+10 Tdav = 1.53 T = 7.74
 <-- Site =  146 .. Mmps =  550 Ndav =   2 E =   -110.7600988596 Error = 4.77e-21 FLOPS = 3.17e+10 Tdav = 1.51 T = 8.29
 <-- Site =  145 .. Mmps =  550 Ndav =   2 E =   -110.7600988598 Error = 7.01e-21 FLOPS = 2.61e+10 Tdav = 1.91 T = 9.27
 <-- Site =  144 .. Mmps =  550 Ndav =   1 E =   -110.7600988598 Error = 8.26e-21 FLOPS = 3.05e+10 Tdav = 0.85 T = 9.37
 <-- Site =  143 .. Mmps =  550 Ndav =   2 E =   -110.7600988602 Error = 3.23e-21 FLOPS = 2.92e+10 Tdav = 1.84 T = 10.59
 <-- Site =  142 .. Mmps =  550 Ndav =   2 E =   -110.7600988605 Error = 9.74e-19 FLOPS = 2.92e+10 Tdav = 1.92 T = 11.17
 <-- Site =  141 .. Mmps =  550 Ndav =   2 E =   -110.7600988609 Error = 1.55e-20 FLOPS = 3.23e+10 Tdav = 1.79 T = 11.16
 <-- Site =  140 .. Mmps =  550 Ndav =   2 E =   -110.7600988617 Error = 1.48e-18 FLOPS = 3.20e+10 Tdav = 1.87 T = 11.46
 <-- Site =  139 .. Mmps =  550 Ndav =   2 E =   -110.7600988625 Error = 8.08e-21 FLOPS = 3.12e+10 Tdav = 1.98 T = 12.31
 <-- Site =  138 .. Mmps =  550 Ndav =   3 E =   -110.7600988642 Error = 3.75e-18 FLOPS = 2.77e+10 Tdav = 3.46 T = 15.06
 <-- Site =  137 .. Mmps =  550 Ndav =   2 E =   -110.7600988650 Error = 1.97e-20 FLOPS = 3.03e+10 Tdav = 2.17 T = 14.85
 <-- Site =  136 .. Mmps =  550 Ndav =   2 E =   -110.7600988658 Error = 2.68e-18 FLOPS = 3.05e+10 Tdav = 2.23 T = 15.25
 <-- Site =  135 .. Mmps =  550 Ndav =   2 E =   -110.7600988663 Error = 1.84e-20 FLOPS = 3.25e+10 Tdav = 2.15 T = 15.13
 <-- Site =  134 .. Mmps =  550 Ndav =   2 E =   -110.7600988668 Error = 3.90e-18 FLOPS = 3.18e+10 Tdav = 2.26 T = 15.61
 <-- Site =  133 .. Mmps =  550 Ndav =   2 E =   -110.7600988672 Error = 9.94e-21 FLOPS = 3.12e+10 Tdav = 2.36 T = 16.67
 <-- Site =  132 .. Mmps =  550 Ndav =   2 E =   -110.7600988676 Error = 5.42e-19 FLOPS = 3.05e+10 Tdav = 2.49 T = 18.96
 <-- Site =  131 .. Mmps =  550 Ndav =   2 E =   -110.7600988679 Error = 9.87e-21 FLOPS = 3.03e+10 Tdav = 2.57 T = 19.25
 <-- Site =  130 .. Mmps =  550 Ndav =   2 E =   -110.7600988684 Error = 6.10e-19 FLOPS = 3.25e+10 Tdav = 2.46 T = 19.00
 <-- Site =  129 .. Mmps =  550 Ndav =   2 E =   -110.7600988686 Error = 5.68e-21 FLOPS = 3.29e+10 Tdav = 2.49 T = 19.57
 <-- Site =  128 .. Mmps =  550 Ndav =   2 E =   -110.7600988691 Error = 7.39e-21 FLOPS = 3.07e+10 Tdav = 2.73 T = 21.38
 <-- Site =  127 .. Mmps =  550 Ndav =   2 E =   -110.7600988696 Error = 3.07e-20 FLOPS = 3.16e+10 Tdav = 2.72 T = 22.34
 <-- Site =  126 .. Mmps =  550 Ndav =   2 E =   -110.7600988705 Error = 5.90e-21 FLOPS = 3.24e+10 Tdav = 2.71 T = 21.78
 <-- Site =  125 .. Mmps =  550 Ndav =   3 E =   -110.7600988716 Error = 3.65e-20 FLOPS = 2.85e+10 Tdav = 4.73 T = 25.03
 <-- Site =  124 .. Mmps =  550 Ndav =   2 E =   -110.7600988723 Error = 8.21e-21 FLOPS = 3.04e+10 Tdav = 2.96 T = 24.11
 <-- Site =  123 .. Mmps =  550 Ndav =   2 E =   -110.7600988728 Error = 1.65e-20 FLOPS = 3.27e+10 Tdav = 2.81 T = 23.76
 <-- Site =  122 .. Mmps =  550 Ndav =   2 E =   -110.7600988732 Error = 1.26e-20 FLOPS = 2.76e+10 Tdav = 3.33 T = 24.81
 <-- Site =  121 .. Mmps =  550 Ndav =   2 E =   -110.7600988736 Error = 2.74e-20 FLOPS = 2.73e+10 Tdav = 3.44 T = 28.90
 <-- Site =  120 .. Mmps =  550 Ndav =   2 E =   -110.7600988740 Error = 4.24e-21 FLOPS = 2.69e+10 Tdav = 3.49 T = 29.31
 <-- Site =  119 .. Mmps =  550 Ndav =   2 E =   -110.7600988743 Error = 6.76e-21 FLOPS = 2.68e+10 Tdav = 3.57 T = 30.61
 <-- Site =  118 .. Mmps =  550 Ndav =   2 E =   -110.7600988746 Error = 3.73e-21 FLOPS = 2.68e+10 Tdav = 3.65 T = 31.14
 <-- Site =  117 .. Mmps =  550 Ndav =   2 E =   -110.7600988750 Error = 1.57e-20 FLOPS = 2.74e+10 Tdav = 3.57 T = 31.61
 <-- Site =  116 .. Mmps =  550 Ndav =   2 E =   -110.7600988753 Error = 2.28e-18 FLOPS = 2.68e+10 Tdav = 3.72 T = 32.66
 <-- Site =  115 .. Mmps =  550 Ndav =   2 E =   -110.7600988756 Error = 1.78e-20 FLOPS = 2.65e+10 Tdav = 3.85 T = 33.54
 <-- Site =  114 .. Mmps =  550 Ndav =   2 E =   -110.7600988762 Error = 7.56e-19 FLOPS = 2.89e+10 Tdav = 3.53 T = 33.21
 <-- Site =  113 .. Mmps =  550 Ndav =   2 E =   -110.7600988768 Error = 1.53e-20 FLOPS = 2.69e+10 Tdav = 3.78 T = 33.41
 <-- Site =  112 .. Mmps =  550 Ndav =   3 E =   -110.7600988781 Error = 1.04e-18 FLOPS = 2.77e+10 Tdav = 5.62 T = 36.68
 <-- Site =  111 .. Mmps =  550 Ndav =   2 E =   -110.7600988788 Error = 6.24e-21 FLOPS = 2.88e+10 Tdav = 3.60 T = 32.80
 <-- Site =  110 .. Mmps =  550 Ndav =   3 E =   -110.7600988800 Error = 8.51e-19 FLOPS = 3.31e+10 Tdav = 4.70 T = 33.08
 <-- Site =  109 .. Mmps =  550 Ndav =   2 E =   -110.7600988806 Error = 1.05e-20 FLOPS = 3.29e+10 Tdav = 3.15 T = 29.20
 <-- Site =  108 .. Mmps =  550 Ndav =   3 E =   -110.7600988818 Error = 4.06e-19 FLOPS = 2.75e+10 Tdav = 5.78 T = 36.73
 <-- Site =  107 .. Mmps =  550 Ndav =   2 E =   -110.7600988828 Error = 1.08e-20 FLOPS = 2.73e+10 Tdav = 3.88 T = 35.95
 <-- Site =  106 .. Mmps =  550 Ndav =   3 E =   -110.7600988843 Error = 1.46e-18 FLOPS = 2.74e+10 Tdav = 5.89 T = 38.81
 <-- Site =  105 .. Mmps =  550 Ndav =   2 E =   -110.7600988852 Error = 7.44e-21 FLOPS = 2.73e+10 Tdav = 3.95 T = 36.83
 <-- Site =  104 .. Mmps =  550 Ndav =   2 E =   -110.7600988860 Error = 7.13e-19 FLOPS = 2.69e+10 Tdav = 4.01 T = 37.22
 <-- Site =  103 .. Mmps =  550 Ndav =   2 E =   -110.7600988864 Error = 1.11e-20 FLOPS = 2.73e+10 Tdav = 3.95 T = 37.00
 <-- Site =  102 .. Mmps =  550 Ndav =   2 E =   -110.7600988869 Error = 1.21e-20 FLOPS = 2.73e+10 Tdav = 4.03 T = 38.22
 <-- Site =  101 .. Mmps =  550 Ndav =   2 E =   -110.7600988874 Error = 8.34e-21 FLOPS = 2.73e+10 Tdav = 4.02 T = 38.44
 <-- Site =  100 .. Mmps =  550 Ndav =   3 E =   -110.7600988885 Error = 6.04e-21 FLOPS = 2.80e+10 Tdav = 5.88 T = 40.97
 <-- Site =   99 .. Mmps =  550 Ndav =   2 E =   -110.7600988892 Error = 2.28e-20 FLOPS = 2.80e+10 Tdav = 3.99 T = 37.93
 <-- Site =   98 .. Mmps =  550 Ndav =   3 E =   -110.7600988906 Error = 5.71e-21 FLOPS = 3.01e+10 Tdav = 5.47 T = 38.34
 <-- Site =   97 .. Mmps =  550 Ndav =   3 E =   -110.7600988918 Error = 1.09e-20 FLOPS = 3.35e+10 Tdav = 4.92 T = 33.59
 <-- Site =   96 .. Mmps =  550 Ndav =   2 E =   -110.7600988926 Error = 4.45e-21 FLOPS = 3.24e+10 Tdav = 3.39 T = 32.17
 <-- Site =   95 .. Mmps =  550 Ndav =   2 E =   -110.7600988931 Error = 1.71e-20 FLOPS = 2.92e+10 Tdav = 3.76 T = 36.18
 <-- Site =   94 .. Mmps =  550 Ndav =   2 E =   -110.7600988936 Error = 5.93e-21 FLOPS = 3.29e+10 Tdav = 3.40 T = 33.66
 <-- Site =   93 .. Mmps =  550 Ndav =   2 E =   -110.7600988940 Error = 4.79e-21 FLOPS = 2.94e+10 Tdav = 3.80 T = 34.07
 <-- Site =   92 .. Mmps =  550 Ndav =   2 E =   -110.7600988944 Error = 8.90e-21 FLOPS = 3.21e+10 Tdav = 3.48 T = 35.11
 <-- Site =   91 .. Mmps =  550 Ndav =   2 E =   -110.7600988948 Error = 2.25e-20 FLOPS = 3.26e+10 Tdav = 3.43 T = 32.98
 <-- Site =   90 .. Mmps =  550 Ndav =   2 E =   -110.7600988951 Error = 3.15e-19 FLOPS = 3.03e+10 Tdav = 3.69 T = 34.50
 <-- Site =   89 .. Mmps =  550 Ndav =   2 E =   -110.7600988955 Error = 7.57e-21 FLOPS = 3.30e+10 Tdav = 3.39 T = 34.17
 <-- Site =   88 .. Mmps =  550 Ndav =   2 E =   -110.7600988961 Error = 1.15e-18 FLOPS = 2.84e+10 Tdav = 3.94 T = 33.97
 <-- Site =   87 .. Mmps =  550 Ndav =   3 E =   -110.7600988972 Error = 5.32e-21 FLOPS = 3.22e+10 Tdav = 5.21 T = 37.33
 <-- Site =   86 .. Mmps =  550 Ndav =   2 E =   -110.7600988982 Error = 2.53e-19 FLOPS = 3.35e+10 Tdav = 3.40 T = 33.53
 <-- Site =   85 .. Mmps =  550 Ndav =   2 E =   -110.7600988989 Error = 7.73e-21 FLOPS = 2.98e+10 Tdav = 3.75 T = 34.56
 <-- Site =   84 .. Mmps =  550 Ndav =   3 E =   -110.7600989001 Error = 3.37e-19 FLOPS = 3.32e+10 Tdav = 5.05 T = 36.02
 <-- Site =   83 .. Mmps =  550 Ndav =   2 E =   -110.7600989006 Error = 5.16e-21 FLOPS = 2.97e+10 Tdav = 3.77 T = 33.60
 <-- Site =   82 .. Mmps =  550 Ndav =   2 E =   -110.7600989012 Error = 9.01e-19 FLOPS = 3.32e+10 Tdav = 3.31 T = 34.43
 <-- Site =   81 .. Mmps =  550 Ndav =   2 E =   -110.7600989017 Error = 5.38e-21 FLOPS = 3.35e+10 Tdav = 3.34 T = 32.88
 <-- Site =   80 .. Mmps =  550 Ndav =   2 E =   -110.7600989022 Error = 6.54e-19 FLOPS = 2.98e+10 Tdav = 3.75 T = 34.51
 <-- Site =   79 .. Mmps =  550 Ndav =   2 E =   -110.7600989028 Error = 1.05e-20 FLOPS = 3.29e+10 Tdav = 3.40 T = 34.39
 <-- Site =   78 .. Mmps =  550 Ndav =   2 E =   -110.7600989033 Error = 1.44e-18 FLOPS = 3.18e+10 Tdav = 3.51 T = 33.89
 <-- Site =   77 .. Mmps =  550 Ndav =   2 E =   -110.7600989036 Error = 9.13e-21 FLOPS = 3.34e+10 Tdav = 3.35 T = 35.33
 <-- Site =   76 .. Mmps =  550 Ndav =   2 E =   -110.7600989040 Error = 7.99e-21 FLOPS = 3.33e+10 Tdav = 3.36 T = 32.96
 <-- Site =   75 .. Mmps =  550 Ndav =   2 E =   -110.7600989043 Error = 1.61e-20 FLOPS = 3.04e+10 Tdav = 3.67 T = 35.81
 <-- Site =   74 .. Mmps =  550 Ndav =   2 E =   -110.7600989048 Error = 2.90e-20 FLOPS = 3.28e+10 Tdav = 3.40 T = 33.61
 <-- Site =   73 .. Mmps =  550 Ndav =   2 E =   -110.7600989052 Error = 1.26e-20 FLOPS = 3.04e+10 Tdav = 3.68 T = 34.47
 <-- Site =   72 .. Mmps =  550 Ndav =   2 E =   -110.7600989056 Error = 5.17e-21 FLOPS = 3.32e+10 Tdav = 3.36 T = 34.13
 <-- Site =   71 .. Mmps =  550 Ndav =   2 E =   -110.7600989060 Error = 5.11e-21 FLOPS = 2.86e+10 Tdav = 3.84 T = 32.63
 <-- Site =   70 .. Mmps =  550 Ndav =   2 E =   -110.7600989064 Error = 2.12e-21 FLOPS = 3.17e+10 Tdav = 3.46 T = 35.24
 <-- Site =   69 .. Mmps =  550 Ndav =   2 E =   -110.7600989067 Error = 5.91e-21 FLOPS = 3.15e+10 Tdav = 3.48 T = 33.06
 <-- Site =   68 .. Mmps =  550 Ndav =   2 E =   -110.7600989070 Error = 3.51e-21 FLOPS = 3.04e+10 Tdav = 3.68 T = 34.09
 <-- Site =   67 .. Mmps =  550 Ndav =   2 E =   -110.7600989073 Error = 6.04e-21 FLOPS = 3.30e+10 Tdav = 3.39 T = 34.05
 <-- Site =   66 .. Mmps =  550 Ndav =   1 E =   -110.7600989073 Error = 4.40e-21 FLOPS = 2.77e+10 Tdav = 1.98 T = 31.30
 <-- Site =   65 .. Mmps =  550 Ndav =   2 E =   -110.7600989079 Error = 4.00e-20 FLOPS = 3.17e+10 Tdav = 3.47 T = 33.80
 <-- Site =   64 .. Mmps =  550 Ndav =   1 E =   -110.7600989079 Error = 1.23e-18 FLOPS = 2.87e+10 Tdav = 1.91 T = 29.96
 <-- Site =   63 .. Mmps =  550 Ndav =   2 E =   -110.7600989083 Error = 1.49e-20 FLOPS = 3.01e+10 Tdav = 3.58 T = 32.08
 <-- Site =   62 .. Mmps =  550 Ndav =   2 E =   -110.7600989087 Error = 7.76e-19 FLOPS = 3.30e+10 Tdav = 3.26 T = 32.51
 <-- Site =   61 .. Mmps =  550 Ndav =   2 E =   -110.7600989092 Error = 2.32e-20 FLOPS = 2.82e+10 Tdav = 3.82 T = 31.49
 <-- Site =   60 .. Mmps =  550 Ndav =   2 E =   -110.7600989097 Error = 2.95e-19 FLOPS = 3.14e+10 Tdav = 3.36 T = 32.59
 <-- Site =   59 .. Mmps =  550 Ndav =   2 E =   -110.7600989103 Error = 3.15e-21 FLOPS = 3.08e+10 Tdav = 3.49 T = 30.60
 <-- Site =   58 .. Mmps =  550 Ndav =   3 E =   -110.7600989114 Error = 4.32e-18 FLOPS = 3.08e+10 Tdav = 5.16 T = 32.34
 <-- Site =   57 .. Mmps =  550 Ndav =   2 E =   -110.7600989120 Error = 1.41e-20 FLOPS = 3.31e+10 Tdav = 3.14 T = 30.09
 <-- Site =   56 .. Mmps =  550 Ndav =   2 E =   -110.7600989129 Error = 2.67e-18 FLOPS = 2.81e+10 Tdav = 3.70 T = 29.72
 <-- Site =   55 .. Mmps =  550 Ndav =   2 E =   -110.7600989137 Error = 8.77e-21 FLOPS = 3.14e+10 Tdav = 3.30 T = 31.41
 <-- Site =   54 .. Mmps =  550 Ndav =   3 E =   -110.7600989153 Error = 1.52e-18 FLOPS = 3.26e+10 Tdav = 4.77 T = 30.42
 <-- Site =   53 .. Mmps =  550 Ndav =   2 E =   -110.7600989165 Error = 2.26e-20 FLOPS = 2.73e+10 Tdav = 3.72 T = 30.59
 <-- Site =   52 .. Mmps =  550 Ndav =   3 E =   -110.7600989181 Error = 1.10e-18 FLOPS = 2.75e+10 Tdav = 5.56 T = 34.79
 <-- Site =   51 .. Mmps =  550 Ndav =   2 E =   -110.7600989186 Error = 1.25e-20 FLOPS = 2.73e+10 Tdav = 3.66 T = 32.05
 <-- Site =   50 .. Mmps =  550 Ndav =   3 E =   -110.7600989196 Error = 3.81e-21 FLOPS = 2.73e+10 Tdav = 5.38 T = 33.28
 <-- Site =   49 .. Mmps =  550 Ndav =   2 E =   -110.7600989205 Error = 1.91e-20 FLOPS = 2.70e+10 Tdav = 3.62 T = 30.92
 <-- Site =   48 .. Mmps =  550 Ndav =   3 E =   -110.7600989221 Error = 1.45e-20 FLOPS = 2.72e+10 Tdav = 5.29 T = 31.43
 <-- Site =   47 .. Mmps =  550 Ndav =   3 E =   -110.7600989239 Error = 1.57e-20 FLOPS = 2.74e+10 Tdav = 5.13 T = 30.87
 <-- Site =   46 .. Mmps =  550 Ndav =   3 E =   -110.7600989260 Error = 4.22e-21 FLOPS = 2.75e+10 Tdav = 5.11 T = 30.29
 <-- Site =   45 .. Mmps =  550 Ndav =   3 E =   -110.7600989277 Error = 5.70e-21 FLOPS = 2.77e+10 Tdav = 4.97 T = 29.29
 <-- Site =   44 .. Mmps =  550 Ndav =   3 E =   -110.7600989291 Error = 2.38e-20 FLOPS = 2.73e+10 Tdav = 5.05 T = 29.43
 <-- Site =   43 .. Mmps =  550 Ndav =   2 E =   -110.7600989299 Error = 4.92e-21 FLOPS = 2.73e+10 Tdav = 3.29 T = 26.21
 <-- Site =   42 .. Mmps =  550 Ndav =   2 E =   -110.7600989305 Error = 2.57e-21 FLOPS = 2.95e+10 Tdav = 3.05 T = 26.08
 <-- Site =   41 .. Mmps =  550 Ndav =   2 E =   -110.7600989311 Error = 2.44e-20 FLOPS = 3.20e+10 Tdav = 2.75 T = 23.14
 <-- Site =   40 .. Mmps =  550 Ndav =   2 E =   -110.7600989315 Error = 2.03e-21 FLOPS = 3.30e+10 Tdav = 2.60 T = 20.62
 <-- Site =   39 .. Mmps =  550 Ndav =   2 E =   -110.7600989322 Error = 1.68e-20 FLOPS = 2.84e+10 Tdav = 2.96 T = 20.04
 <-- Site =   38 .. Mmps =  550 Ndav =   2 E =   -110.7600989326 Error = 4.99e-19 FLOPS = 2.71e+10 Tdav = 3.02 T = 22.26
 <-- Site =   37 .. Mmps =  550 Ndav =   2 E =   -110.7600989331 Error = 1.12e-20 FLOPS = 2.71e+10 Tdav = 2.95 T = 21.42
 <-- Site =   36 .. Mmps =  550 Ndav =   2 E =   -110.7600989340 Error = 2.19e-18 FLOPS = 2.68e+10 Tdav = 2.90 T = 20.71
 <-- Site =   35 .. Mmps =  550 Ndav =   2 E =   -110.7600989348 Error = 3.23e-21 FLOPS = 2.74e+10 Tdav = 2.77 T = 19.86
 <-- Site =   34 .. Mmps =  550 Ndav =   3 E =   -110.7600989363 Error = 2.91e-18 FLOPS = 2.72e+10 Tdav = 4.08 T = 20.24
 <-- Site =   33 .. Mmps =  550 Ndav =   2 E =   -110.7600989371 Error = 4.16e-21 FLOPS = 2.71e+10 Tdav = 2.65 T = 18.16
 <-- Site =   32 .. Mmps =  550 Ndav =   3 E =   -110.7600989383 Error = 2.33e-18 FLOPS = 2.71e+10 Tdav = 3.87 T = 18.59
 <-- Site =   31 .. Mmps =  550 Ndav =   2 E =   -110.7600989388 Error = 6.86e-21 FLOPS = 2.64e+10 Tdav = 2.57 T = 16.60
 <-- Site =   30 .. Mmps =  550 Ndav =   2 E =   -110.7600989394 Error = 1.38e-18 FLOPS = 2.63e+10 Tdav = 2.51 T = 15.57
 <-- Site =   29 .. Mmps =  550 Ndav =   2 E =   -110.7600989399 Error = 8.57e-21 FLOPS = 2.65e+10 Tdav = 2.41 T = 15.19
 <-- Site =   28 .. Mmps =  550 Ndav =   2 E =   -110.7600989405 Error = 1.25e-18 FLOPS = 2.54e+10 Tdav = 2.43 T = 14.42
 <-- Site =   27 .. Mmps =  550 Ndav =   2 E =   -110.7600989412 Error = 5.84e-21 FLOPS = 2.64e+10 Tdav = 2.27 T = 13.24
 <-- Site =   26 .. Mmps =  550 Ndav =   3 E =   -110.7600989421 Error = 1.20e-18 FLOPS = 2.65e+10 Tdav = 3.28 T = 13.96
 <-- Site =   25 .. Mmps =  550 Ndav =   2 E =   -110.7600989423 Error = 1.08e-20 FLOPS = 2.56e+10 Tdav = 2.19 T = 12.28
 <-- Site =   24 .. Mmps =  550 Ndav =   2 E =   -110.7600989427 Error = 1.94e-20 FLOPS = 2.59e+10 Tdav = 2.08 T = 11.28
 <-- Site =   23 .. Mmps =  550 Ndav =   2 E =   -110.7600989432 Error = 1.78e-20 FLOPS = 2.58e+10 Tdav = 2.01 T = 10.79
 <-- Site =   22 .. Mmps =  550 Ndav =   2 E =   -110.7600989437 Error = 1.77e-20 FLOPS = 2.63e+10 Tdav = 1.90 T = 10.13
 <-- Site =   21 .. Mmps =  550 Ndav =   3 E =   -110.7600989449 Error = 1.36e-20 FLOPS = 2.68e+10 Tdav = 2.69 T = 10.24
 <-- Site =   20 .. Mmps =  550 Ndav =   2 E =   -110.7600989456 Error = 8.14e-21 FLOPS = 2.55e+10 Tdav = 1.80 T = 8.87
 <-- Site =   19 .. Mmps =  550 Ndav =   2 E =   -110.7600989462 Error = 5.79e-21 FLOPS = 2.42e+10 Tdav = 1.82 T = 8.70
 <-- Site =   18 .. Mmps =  550 Ndav =   2 E =   -110.7600989467 Error = 2.91e-20 FLOPS = 2.54e+10 Tdav = 1.65 T = 7.88
 <-- Site =   17 .. Mmps =  550 Ndav =   2 E =   -110.7600989472 Error = 1.04e-20 FLOPS = 2.46e+10 Tdav = 1.62 T = 7.27
 <-- Site =   16 .. Mmps =  550 Ndav =   2 E =   -110.7600989476 Error = 9.86e-21 FLOPS = 2.50e+10 Tdav = 1.52 T = 6.65
 <-- Site =   15 .. Mmps =  550 Ndav =   2 E =   -110.7600989480 Error = 1.20e-20 FLOPS = 2.52e+10 Tdav = 1.42 T = 6.19
 <-- Site =   14 .. Mmps =  550 Ndav =   2 E =   -110.7600989484 Error = 6.14e-20 FLOPS = 2.51e+10 Tdav = 1.35 T = 5.74
 <-- Site =   13 .. Mmps =  550 Ndav =   2 E =   -110.7600989488 Error = 3.59e-19 FLOPS = 2.54e+10 Tdav = 1.26 T = 5.19
 <-- Site =   12 .. Mmps =  550 Ndav =   1 E =   -110.7600989488 Error = 2.65e-17 FLOPS = 2.52e+10 Tdav = 0.59 T = 4.03
 <-- Site =   11 .. Mmps =  550 Ndav =   1 E =   -110.7600989488 Error = 1.92e-19 FLOPS = 2.18e+10 Tdav = 0.64 T = 3.67
 <-- Site =   10 .. Mmps =  550 Ndav =   1 E =   -110.7600989488 Error = 5.94e-19 FLOPS = 2.09e+10 Tdav = 0.62 T = 3.36
 <-- Site =    9 .. Mmps =  550 Ndav =   1 E =   -110.7600989488 Error = 3.56e-24 FLOPS = 1.99e+10 Tdav = 0.54 T = 3.12
 <-- Site =    8 .. Mmps =  550 Ndav =   1 E =   -110.7600989488 Error = 1.79e-33 FLOPS = 2.15e+10 Tdav = 0.15 T = 1.70
 <-- Site =    7 .. Mmps =  550 Ndav =   1 E =   -110.7600989488 Error = 7.56e-55 FLOPS = 1.38e+10 Tdav = 0.08 T = 1.45
 <-- Site =    6 .. Mmps =  550 Ndav =   1 E =   -110.7600989488 Error = 6.19e-76 FLOPS = 1.31e+10 Tdav = 0.03 T = 1.24
 <-- Site =    5 .. Mmps =  550 Ndav =   1 E =   -110.7600989488 Error = 2.42e-96 FLOPS = 1.12e+10 Tdav = 0.02 T = 1.12
 <-- Site =    4 .. Mmps =  550 Ndav =   1 E =   -110.7600989488 Error = 1.47e-110 FLOPS = 1.21e+10 Tdav = 0.01 T = 0.81
 <-- Site =    3 .. Mmps =  550 Ndav =   1 E =   -110.7600989488 Error = 1.13e-114 FLOPS = 8.90e+09 Tdav = 0.00 T = 0.71
 <-- Site =    2 .. Mmps =  550 Ndav =   1 E =   -110.7600989488 Error = 3.00e-109 FLOPS = 5.84e+09 Tdav = 0.00 T = 0.74
 <-- Site =    1 .. Mmps =  550 Ndav =   1 E =   -110.7600989488 Error = 8.87e-110 FLOPS = 2.48e+09 Tdav = 0.00 T = 0.81
 <-- Site =    0 .. Mmps =  550 Ndav =   1 E =   -110.7600989488 Error = 0.00e+00 FLOPS = 1.18e+09 Tdav = 0.00 T = 0.79
Time elapsed =  32480.518 | E =    -110.7600989488 | DE = -9.19e-08 | DW = 2.64981e-17
Time sweep =     3581.913 | 12.2 TFLOP/SWP
 | Dmem = 138 MB (3%) | Imem = 232 B (79%) | Hmem = 660 MB | Wmem = 4.62 MB | Pmem = 0 B
 | Tread = 76.147 | Twrite = 34.049 | Tfpread = 74.871 | Tfpwrite = 22.575 | Tmporead = 0.000 | Tasync = 0.000
 | data = 14.7 GB | cpsd = 9.71 GB
 | Trot = 215.043 | Tctr = 316.368 | Tint = 0.013 | Tmid = 0.000 | Tdctr = 0.015 | Tdiag = 2.544 | Tinfo = 2.208
 | Teff = 2426.879 | Tprt = 0.000 | Teig = 459.054 | Tblk = 2957.473 | Tmve = 624.425 | Tdm = 3.407 | Tsplt = 52.729 | Tsvd = 0.000 | Torth = 0.000

DMRG energy = -110.76009894882658

Local densities:
0.8750950038421335
0.005295096688723618
0.8097547136874906
0.0134447997070368
0.798743066326658
0.016053812722388473
0.7963114741218893
0.016053794404481736
0.7987430958187997
0.013444747682221425
0.8097547430286504
0.005295089366435129
0.8750950658638529
0.005294998845954625
0.012775286163333906
0.0024288688405934805
0.011600518610645781
0.0025485401379895726
0.011686168948654985
0.00255687772136552
0.011686170478938112
0.0025485512624790142
0.011600521623364857
0.002428889712370061
0.012775288179483115
0.005295028399094031
0.8097549199991112
0.002428909330447525
0.9266595431881224
0.0011490629799446829
0.9261123273797809
0.0011285042826885434
0.926173770047073
0.0011285015616321952
0.9261122594692638
0.0011490649417428972
0.9266595744176455
0.0024289174874551796
0.8097548649351582
0.013444650169038256
0.011600510523427896
0.00114902077333835
0.014580845197995367
0.0008461464981558574
0.01380975893021201
0.0008387213892058669
0.013809720199640345
0.0008461482022785959
0.01458085239232415
0.0011490297056581818
0.011600522425362874
0.01344465706465637
0.7987431965472401
0.0025486123583432167
0.9261122581725609
0.0008462339035621724
0.9576625152646118
0.0004962210998551817
0.9580609756177787
0.0004962224236593352
0.9576624907452314
0.0008462423731644738
0.9261122078399028
0.0025486040125681617
0.7987430297478056
0.01605369338125087
0.011686180189665081
0.0011284499727886145
0.013809737702918793
0.0004961280464032261
0.012785087225448064
0.0004915028093671881
0.01278506614190413
0.0004961308262500832
0.013809732007318805
0.0011284557801760687
0.01168619783757419
0.01605368892294929
0.7963116510688247
0.0025569206579166997
0.9261738001717236
0.0008387854365720614
0.9580610071042523
0.0004915671271143554
0.9584546659178774
0.0004915689633870281
0.9580610252334574
0.0008387948120150619
0.9261737306267331
0.0025569687601801607
0.7963115627277507
0.01605367471943413
0.011686183661633117
0.0011284504091080337
0.013809724731267136
0.0004961279853162907
0.012785086849736314
0.0004914991071266125
0.01278509126978926
0.000496128207218597
0.013809744664102912
0.001128459092368073
0.011686180973468685
0.016053705904739084
0.7987431194833128
0.002548617909989375
0.9261122223420449
0.0008462532315762646
0.9576625205170969
0.00049622399287248
0.9580609875868952
0.0004962222646605354
0.9576625371340493
0.000846234245222039
0.9261122642795252
0.0025485924067226535
0.7987434394866075
0.013444639208071095
0.01160052957496984
0.0011490159481379629
0.014580834459127232
0.0008461439412506263
0.013809729739858969
0.0008387129445338829
0.013809709388769556
0.0008461361682138309
0.014580813211902863
0.0011490330070878323
0.011600554985202696
0.013444665665683959
0.8097549218582452
0.002428925904916244
0.9266596373765453
0.0011490272022578823
0.9261124061251579
0.001128489015406827
0.9261738330104713
0.0011285008218593466
0.9261122867470797
0.0011490626017066198
0.9266595688075699
0.002428917597352168
0.8097549519520043
0.00529500248739677
0.012775286948984345
0.002428878536439553
0.011600530411077933
0.0025485464278325242
0.011686168972982393
0.002556873842905173
0.01168618413200173
0.0025485402478654905
0.0116006101319615
0.002428865338981438
0.012775254986300793
0.005294987373723435
0.8750950834745308
0.0052950492960378865
0.809754882296998
0.013444762627978404
0.7987432615895602
0.016053820878716873
0.7963113007807707
0.016053840280253088
0.7987430393158305
0.01344479804293856
0.809754755040631
0.005295087913576678
0.8750950544771213

corresponding 2D coords:
[(0, 0), (0, 1), (0, 2), (0, 3), (0, 4), (0, 5), (0, 6), (0, 7), (0, 8), (0, 9), (0, 10), (0, 11), (0, 12), (1, 12), (1, 11), (1, 10), (1, 9), (1, 8), (1, 7), (1, 6), (1, 5), (1, 4), (1, 3), (1, 2), (1, 1), (1, 0), (2, 0), (2, 1), (2, 2), (2, 3), (2, 4), (2, 5), (2, 6), (2, 7), (2, 8), (2, 9), (2, 10), (2, 11), (2, 12), (3, 12), (3, 11), (3, 10), (3, 9), (3, 8), (3, 7), (3, 6), (3, 5), (3, 4), (3, 3), (3, 2), (3, 1), (3, 0), (4, 0), (4, 1), (4, 2), (4, 3), (4, 4), (4, 5), (4, 6), (4, 7), (4, 8), (4, 9), (4, 10), (4, 11), (4, 12), (5, 12), (5, 11), (5, 10), (5, 9), (5, 8), (5, 7), (5, 6), (5, 5), (5, 4), (5, 3), (5, 2), (5, 1), (5, 0), (6, 0), (6, 1), (6, 2), (6, 3), (6, 4), (6, 5), (6, 6), (6, 7), (6, 8), (6, 9), (6, 10), (6, 11), (6, 12), (7, 12), (7, 11), (7, 10), (7, 9), (7, 8), (7, 7), (7, 6), (7, 5), (7, 4), (7, 3), (7, 2), (7, 1), (7, 0), (8, 0), (8, 1), (8, 2), (8, 3), (8, 4), (8, 5), (8, 6), (8, 7), (8, 8), (8, 9), (8, 10), (8, 11), (8, 12), (9, 12), (9, 11), (9, 10), (9, 9), (9, 8), (9, 7), (9, 6), (9, 5), (9, 4), (9, 3), (9, 2), (9, 1), (9, 0), (10, 0), (10, 1), (10, 2), (10, 3), (10, 4), (10, 5), (10, 6), (10, 7), (10, 8), (10, 9), (10, 10), (10, 11), (10, 12), (11, 12), (11, 11), (11, 10), (11, 9), (11, 8), (11, 7), (11, 6), (11, 5), (11, 4), (11, 3), (11, 2), (11, 1), (11, 0), (12, 0), (12, 1), (12, 2), (12, 3), (12, 4), (12, 5), (12, 6), (12, 7), (12, 8), (12, 9), (12, 10), (12, 11), (12, 12)]

Saved density data:
PKL → /users/ylokare/2D_DMRG_calculations/results/13_by_13_lattice/Local_densities/Parameter_sweep/Rb1.6/density_Lx13_Ly13_Dmax550_delta3.7_Rb1.6_alpha0.05_nedge4_dbound1.8_no_modulated_boundary.pkl
CSV → /users/ylokare/2D_DMRG_calculations/results/13_by_13_lattice/Local_densities/Parameter_sweep/Rb1.6/density_Lx13_Ly13_Dmax550_delta3.7_Rb1.6_alpha0.05_nedge4_dbound1.8_no_modulated_boundary.csv
