Lx=13, Ly=13, delta=4.3, Rb=1.7, alpha=0.05, n_edge=4, delta_boundary=1.8, USE_STAR_MODULATION=False
running Lx=13, Ly=13, delta=4.3, Rb=1.7, alpha=0.05, n_edge=4, delta_boundary=1.8
scratch id=1554924
Copying previous MPS/MPO data from /users/ylokare/2D_DMRG_calculations/data/tmp1490579 to /oscar/scratch/ylokare/tmp1554924

Build MPO | Nsites =   169 | Nterms =      14534 | Algorithm = FastSVD | Cutoff = 1.00e-16 | Max bond dimension =    -1
 Site =     0 /   169 .. Mmpo =     3 DW = 0.00e+00 Error = 5.05e-15 NNZ =        3 SPT = 0.0000 Tsvd = 0.061 T = 0.091
 Site =     1 /   169 .. Mmpo =     4 DW = 1.06e-35 Error = 1.97e-14 NNZ =       10 SPT = 0.1667 Tsvd = 0.002 T = 0.006
 Site =     2 /   169 .. Mmpo =     5 DW = 4.93e-30 Error = 3.98e-14 NNZ =       17 SPT = 0.1500 Tsvd = 0.000 T = 0.005
 Site =     3 /   169 .. Mmpo =     6 DW = 7.25e-30 Error = 7.72e-14 NNZ =       26 SPT = 0.1333 Tsvd = 0.016 T = 0.022
 Site =     4 /   169 .. Mmpo =     7 DW = 1.50e-30 Error = 5.16e-14 NNZ =       37 SPT = 0.1190 Tsvd = 0.000 T = 0.007
 Site =     5 /   169 .. Mmpo =     8 DW = 4.10e-30 Error = 1.61e-13 NNZ =       50 SPT = 0.1071 Tsvd = 0.000 T = 0.008
 Site =     6 /   169 .. Mmpo =     9 DW = 8.52e-30 Error = 1.67e-13 NNZ =       65 SPT = 0.0972 Tsvd = 0.000 T = 0.009
 Site =     7 /   169 .. Mmpo =    10 DW = 1.01e-29 Error = 7.98e-14 NNZ =       82 SPT = 0.0889 Tsvd = 0.000 T = 0.011
 Site =     8 /   169 .. Mmpo =    11 DW = 1.26e-29 Error = 9.23e-14 NNZ =      101 SPT = 0.0818 Tsvd = 0.000 T = 0.012
 Site =     9 /   169 .. Mmpo =    12 DW = 1.82e-29 Error = 3.68e-13 NNZ =      122 SPT = 0.0758 Tsvd = 0.000 T = 0.013
 Site =    10 /   169 .. Mmpo =    13 DW = 2.32e-29 Error = 2.24e-13 NNZ =      145 SPT = 0.0705 Tsvd = 0.000 T = 0.014
 Site =    11 /   169 .. Mmpo =    14 DW = 2.21e-29 Error = 2.58e-13 NNZ =      170 SPT = 0.0659 Tsvd = 0.000 T = 0.015
 Site =    12 /   169 .. Mmpo =    15 DW = 2.49e-29 Error = 4.08e-13 NNZ =      197 SPT = 0.0619 Tsvd = 0.000 T = 0.016
 Site =    13 /   169 .. Mmpo =    16 DW = 1.34e-29 Error = 4.45e-13 NNZ =      226 SPT = 0.0583 Tsvd = 0.000 T = 0.017
 Site =    14 /   169 .. Mmpo =    17 DW = 2.23e-29 Error = 3.76e-13 NNZ =      257 SPT = 0.0551 Tsvd = 0.000 T = 0.018
 Site =    15 /   169 .. Mmpo =    18 DW = 7.18e-29 Error = 5.15e-13 NNZ =      290 SPT = 0.0523 Tsvd = 0.004 T = 0.022
 Site =    16 /   169 .. Mmpo =    19 DW = 2.35e-28 Error = 7.11e-13 NNZ =      325 SPT = 0.0497 Tsvd = 0.003 T = 0.023
 Site =    17 /   169 .. Mmpo =    20 DW = 2.83e-28 Error = 2.31e-13 NNZ =      362 SPT = 0.0474 Tsvd = 0.000 T = 0.021
 Site =    18 /   169 .. Mmpo =    21 DW = 1.29e-28 Error = 6.29e-13 NNZ =      401 SPT = 0.0452 Tsvd = 0.000 T = 0.022
 Site =    19 /   169 .. Mmpo =    22 DW = 1.62e-28 Error = 2.18e-13 NNZ =      442 SPT = 0.0433 Tsvd = 0.001 T = 0.023
 Site =    20 /   169 .. Mmpo =    23 DW = 3.22e-28 Error = 1.02e-12 NNZ =      485 SPT = 0.0415 Tsvd = 0.000 T = 0.024
 Site =    21 /   169 .. Mmpo =    24 DW = 2.41e-28 Error = 3.57e-13 NNZ =      530 SPT = 0.0399 Tsvd = 0.000 T = 0.025
 Site =    22 /   169 .. Mmpo =    25 DW = 1.47e-28 Error = 2.56e-13 NNZ =      577 SPT = 0.0383 Tsvd = 0.010 T = 0.036
 Site =    23 /   169 .. Mmpo =    26 DW = 2.46e-28 Error = 1.07e-12 NNZ =      626 SPT = 0.0369 Tsvd = 0.001 T = 0.027
 Site =    24 /   169 .. Mmpo =    27 DW = 6.83e-29 Error = 5.36e-13 NNZ =      677 SPT = 0.0356 Tsvd = 0.001 T = 0.028
 Site =    25 /   169 .. Mmpo =    28 DW = 6.09e-29 Error = 3.45e-13 NNZ =      730 SPT = 0.0344 Tsvd = 0.001 T = 0.029
 Site =    26 /   169 .. Mmpo =    29 DW = 6.39e-29 Error = 2.52e-13 NNZ =      785 SPT = 0.0333 Tsvd = 0.003 T = 0.032
 Site =    27 /   169 .. Mmpo =    30 DW = 3.42e-29 Error = 2.28e-13 NNZ =      842 SPT = 0.0322 Tsvd = 0.001 T = 0.031
 Site =    28 /   169 .. Mmpo =    31 DW = 3.67e-28 Error = 2.11e-13 NNZ =      901 SPT = 0.0312 Tsvd = 0.001 T = 0.033
 Site =    29 /   169 .. Mmpo =    32 DW = 1.62e-28 Error = 1.22e-12 NNZ =      962 SPT = 0.0302 Tsvd = 0.001 T = 0.033
 Site =    30 /   169 .. Mmpo =    33 DW = 1.38e-29 Error = 1.03e-12 NNZ =     1025 SPT = 0.0294 Tsvd = 0.001 T = 0.034
 Site =    31 /   169 .. Mmpo =    34 DW = 1.80e-29 Error = 5.50e-13 NNZ =     1090 SPT = 0.0285 Tsvd = 0.010 T = 0.044
 Site =    32 /   169 .. Mmpo =    35 DW = 6.37e-29 Error = 5.13e-13 NNZ =     1157 SPT = 0.0277 Tsvd = 0.001 T = 0.036
 Site =    33 /   169 .. Mmpo =    36 DW = 2.23e-28 Error = 3.16e-13 NNZ =     1226 SPT = 0.0270 Tsvd = 0.001 T = 0.037
 Site =    34 /   169 .. Mmpo =    37 DW = 2.25e-29 Error = 3.11e-13 NNZ =     1297 SPT = 0.0263 Tsvd = 0.001 T = 0.038
 Site =    35 /   169 .. Mmpo =    38 DW = 4.94e-29 Error = 1.81e-13 NNZ =     1370 SPT = 0.0256 Tsvd = 0.002 T = 0.039
 Site =    36 /   169 .. Mmpo =    39 DW = 9.55e-29 Error = 1.54e-13 NNZ =     1445 SPT = 0.0250 Tsvd = 0.001 T = 0.039
 Site =    37 /   169 .. Mmpo =    40 DW = 2.13e-28 Error = 9.54e-13 NNZ =     1522 SPT = 0.0244 Tsvd = 0.002 T = 0.040
 Site =    38 /   169 .. Mmpo =    41 DW = 1.19e-28 Error = 1.78e-12 NNZ =     1601 SPT = 0.0238 Tsvd = 0.001 T = 0.041
 Site =    39 /   169 .. Mmpo =    42 DW = 1.58e-29 Error = 7.14e-13 NNZ =     1682 SPT = 0.0232 Tsvd = 0.001 T = 0.041
 Site =    40 /   169 .. Mmpo =    43 DW = 3.69e-29 Error = 8.94e-13 NNZ =     1765 SPT = 0.0227 Tsvd = 0.001 T = 0.042
 Site =    41 /   169 .. Mmpo =    44 DW = 6.02e-28 Error = 7.60e-13 NNZ =     1850 SPT = 0.0222 Tsvd = 0.001 T = 0.043
 Site =    42 /   169 .. Mmpo =    45 DW = 6.63e-29 Error = 7.36e-13 NNZ =     1937 SPT = 0.0217 Tsvd = 0.001 T = 0.044
 Site =    43 /   169 .. Mmpo =    45 DW = 8.92e-17 Error = 9.44e-09 NNZ =     1981 SPT = 0.0217 Tsvd = 0.001 T = 0.045
 Site =    44 /   169 .. Mmpo =    46 DW = 2.90e-28 Error = 4.76e-13 NNZ =     2026 SPT = 0.0213 Tsvd = 0.001 T = 0.044
 Site =    45 /   169 .. Mmpo =    47 DW = 8.20e-29 Error = 3.64e-13 NNZ =     2117 SPT = 0.0208 Tsvd = 0.001 T = 0.045
 Site =    46 /   169 .. Mmpo =    47 DW = 1.75e-17 Error = 4.18e-09 NNZ =     2163 SPT = 0.0208 Tsvd = 0.001 T = 0.046
 Site =    47 /   169 .. Mmpo =    48 DW = 7.97e-28 Error = 2.66e-13 NNZ =     2210 SPT = 0.0204 Tsvd = 0.001 T = 0.046
 Site =    48 /   169 .. Mmpo =    48 DW = 7.75e-17 Error = 8.81e-09 NNZ =     2257 SPT = 0.0204 Tsvd = 0.001 T = 0.046
 Site =    49 /   169 .. Mmpo =    49 DW = 3.06e-27 Error = 2.55e-13 NNZ =     2305 SPT = 0.0200 Tsvd = 0.001 T = 0.046
 Site =    50 /   169 .. Mmpo =    49 DW = 9.16e-17 Error = 9.57e-09 NNZ =     2353 SPT = 0.0200 Tsvd = 0.001 T = 0.048
 Site =    51 /   169 .. Mmpo =    50 DW = 1.63e-27 Error = 3.63e-13 NNZ =     2402 SPT = 0.0196 Tsvd = 0.001 T = 0.046
 Site =    52 /   169 .. Mmpo =    51 DW = 9.93e-28 Error = 1.56e-12 NNZ =     2500 SPT = 0.0196 Tsvd = 0.002 T = 0.047
 Site =    53 /   169 .. Mmpo =    52 DW = 1.53e-27 Error = 1.56e-12 NNZ =     2601 SPT = 0.0192 Tsvd = 0.002 T = 0.048
 Site =    54 /   169 .. Mmpo =    52 DW = 6.61e-17 Error = 8.13e-09 NNZ =     2653 SPT = 0.0189 Tsvd = 0.002 T = 0.048
 Site =    55 /   169 .. Mmpo =    53 DW = 5.11e-26 Error = 1.99e-12 NNZ =     2704 SPT = 0.0189 Tsvd = 0.001 T = 0.048
 Site =    56 /   169 .. Mmpo =    53 DW = 4.14e-17 Error = 6.43e-09 NNZ =     2755 SPT = 0.0192 Tsvd = 0.002 T = 0.049
 Site =    57 /   169 .. Mmpo =    53 DW = 5.16e-17 Error = 7.18e-09 NNZ =     2756 SPT = 0.0189 Tsvd = 0.001 T = 0.048
 Site =    58 /   169 .. Mmpo =    53 DW = 3.44e-17 Error = 5.86e-09 NNZ =     2757 SPT = 0.0185 Tsvd = 0.001 T = 0.047
 Site =    59 /   169 .. Mmpo =    54 DW = 7.24e-26 Error = 1.13e-12 NNZ =     2809 SPT = 0.0185 Tsvd = 0.001 T = 0.047
 Site =    60 /   169 .. Mmpo =    54 DW = 5.75e-17 Error = 7.58e-09 NNZ =     2862 SPT = 0.0185 Tsvd = 0.002 T = 0.048
 Site =    61 /   169 .. Mmpo =    54 DW = 9.11e-17 Error = 9.54e-09 NNZ =     2862 SPT = 0.0185 Tsvd = 0.002 T = 0.048
 Site =    62 /   169 .. Mmpo =    55 DW = 3.91e-25 Error = 8.07e-13 NNZ =     2917 SPT = 0.0178 Tsvd = 0.002 T = 0.048
 Site =    63 /   169 .. Mmpo =    55 DW = 4.04e-17 Error = 6.35e-09 NNZ =     2970 SPT = 0.0182 Tsvd = 0.004 T = 0.049
 Site =    64 /   169 .. Mmpo =    55 DW = 6.69e-17 Error = 8.18e-09 NNZ =     2969 SPT = 0.0185 Tsvd = 0.002 T = 0.047
 Site =    65 /   169 .. Mmpo =    56 DW = 6.60e-26 Error = 3.98e-13 NNZ =     3025 SPT = 0.0179 Tsvd = 0.002 T = 0.047
 Site =    66 /   169 .. Mmpo =    56 DW = 8.06e-17 Error = 8.98e-09 NNZ =     3080 SPT = 0.0179 Tsvd = 0.002 T = 0.048
 Site =    67 /   169 .. Mmpo =    56 DW = 3.77e-17 Error = 6.14e-09 NNZ =     3076 SPT = 0.0191 Tsvd = 0.002 T = 0.049
 Site =    68 /   169 .. Mmpo =    57 DW = 9.03e-25 Error = 1.03e-12 NNZ =     3136 SPT = 0.0175 Tsvd = 0.002 T = 0.047
 Site =    69 /   169 .. Mmpo =    57 DW = 1.84e-17 Error = 4.29e-09 NNZ =     3191 SPT = 0.0179 Tsvd = 0.002 T = 0.048
 Site =    70 /   169 .. Mmpo =    57 DW = 3.04e-17 Error = 5.51e-09 NNZ =     3189 SPT = 0.0185 Tsvd = 0.002 T = 0.047
 Site =    71 /   169 .. Mmpo =    57 DW = 2.34e-17 Error = 4.84e-09 NNZ =     3189 SPT = 0.0185 Tsvd = 0.002 T = 0.047
 Site =    72 /   169 .. Mmpo =    58 DW = 1.67e-25 Error = 5.20e-13 NNZ =     3245 SPT = 0.0185 Tsvd = 0.002 T = 0.046
 Site =    73 /   169 .. Mmpo =    58 DW = 2.72e-17 Error = 5.22e-09 NNZ =     3303 SPT = 0.0181 Tsvd = 0.002 T = 0.047
 Site =    74 /   169 .. Mmpo =    57 DW = 9.78e-17 Error = 9.89e-09 NNZ =     3246 SPT = 0.0181 Tsvd = 0.002 T = 0.046
 Site =    75 /   169 .. Mmpo =    58 DW = 1.52e-25 Error = 4.21e-13 NNZ =     3247 SPT = 0.0178 Tsvd = 0.002 T = 0.048
 Site =    76 /   169 .. Mmpo =    57 DW = 1.29e-16 Error = 1.13e-08 NNZ =     3247 SPT = 0.0178 Tsvd = 0.002 T = 0.046
 Site =    77 /   169 .. Mmpo =    57 DW = 6.03e-17 Error = 7.77e-09 NNZ =     3192 SPT = 0.0175 Tsvd = 0.002 T = 0.044
 Site =    78 /   169 .. Mmpo =    57 DW = 2.75e-17 Error = 5.25e-09 NNZ =     3181 SPT = 0.0209 Tsvd = 0.002 T = 0.043
 Site =    79 /   169 .. Mmpo =    57 DW = 9.58e-17 Error = 9.79e-09 NNZ =     3191 SPT = 0.0179 Tsvd = 0.001 T = 0.044
 Site =    80 /   169 .. Mmpo =    57 DW = 4.01e-17 Error = 6.33e-09 NNZ =     3192 SPT = 0.0175 Tsvd = 0.001 T = 0.044
 Site =    81 /   169 .. Mmpo =    58 DW = 1.90e-24 Error = 1.40e-12 NNZ =     3247 SPT = 0.0178 Tsvd = 0.001 T = 0.043
 Site =    82 /   169 .. Mmpo =    58 DW = 1.40e-17 Error = 3.74e-09 NNZ =     3304 SPT = 0.0178 Tsvd = 0.001 T = 0.043
 Site =    83 /   169 .. Mmpo =    57 DW = 9.00e-17 Error = 9.49e-09 NNZ =     3244 SPT = 0.0188 Tsvd = 0.001 T = 0.043
 Site =    84 /   169 .. Mmpo =    57 DW = 2.18e-17 Error = 4.67e-09 NNZ =     3179 SPT = 0.0215 Tsvd = 0.001 T = 0.042
 Site =    85 /   169 .. Mmpo =    58 DW = 6.11e-25 Error = 3.36e-12 NNZ =     3245 SPT = 0.0185 Tsvd = 0.001 T = 0.041
 Site =    86 /   169 .. Mmpo =    58 DW = 2.16e-17 Error = 4.65e-09 NNZ =     3302 SPT = 0.0184 Tsvd = 0.001 T = 0.042
 Site =    87 /   169 .. Mmpo =    57 DW = 9.01e-17 Error = 9.49e-09 NNZ =     3245 SPT = 0.0185 Tsvd = 0.001 T = 0.042
 Site =    88 /   169 .. Mmpo =    57 DW = 9.46e-17 Error = 9.72e-09 NNZ =     3190 SPT = 0.0182 Tsvd = 0.001 T = 0.040
 Site =    89 /   169 .. Mmpo =    57 DW = 7.96e-17 Error = 8.92e-09 NNZ =     3190 SPT = 0.0182 Tsvd = 0.001 T = 0.040
 Site =    90 /   169 .. Mmpo =    57 DW = 5.18e-17 Error = 7.19e-09 NNZ =     3192 SPT = 0.0175 Tsvd = 0.001 T = 0.039
 Site =    91 /   169 .. Mmpo =    57 DW = 3.53e-17 Error = 5.94e-09 NNZ =     3192 SPT = 0.0175 Tsvd = 0.001 T = 0.039
 Site =    92 /   169 .. Mmpo =    56 DW = 1.21e-16 Error = 1.10e-08 NNZ =     3134 SPT = 0.0182 Tsvd = 0.001 T = 0.039
 Site =    93 /   169 .. Mmpo =    57 DW = 1.56e-24 Error = 1.92e-12 NNZ =     3137 SPT = 0.0172 Tsvd = 0.001 T = 0.038
 Site =    94 /   169 .. Mmpo =    58 DW = 5.54e-25 Error = 1.66e-12 NNZ =     3247 SPT = 0.0178 Tsvd = 0.001 T = 0.040
 Site =    95 /   169 .. Mmpo =    58 DW = 7.10e-18 Error = 2.66e-09 NNZ =     3304 SPT = 0.0178 Tsvd = 0.001 T = 0.038
 Site =    96 /   169 .. Mmpo =    57 DW = 5.67e-17 Error = 7.53e-09 NNZ =     3245 SPT = 0.0185 Tsvd = 0.001 T = 0.038
 Site =    97 /   169 .. Mmpo =    56 DW = 1.04e-16 Error = 1.02e-08 NNZ =     3133 SPT = 0.0185 Tsvd = 0.001 T = 0.037
 Site =    98 /   169 .. Mmpo =    57 DW = 1.09e-24 Error = 1.55e-12 NNZ =     3135 SPT = 0.0179 Tsvd = 0.001 T = 0.036
 Site =    99 /   169 .. Mmpo =    57 DW = 1.38e-17 Error = 3.72e-09 NNZ =     3189 SPT = 0.0185 Tsvd = 0.003 T = 0.038
 Site =   100 /   169 .. Mmpo =    56 DW = 7.82e-17 Error = 8.84e-09 NNZ =     3132 SPT = 0.0188 Tsvd = 0.001 T = 0.036
 Site =   101 /   169 .. Mmpo =    56 DW = 6.93e-17 Error = 8.33e-09 NNZ =     3079 SPT = 0.0182 Tsvd = 0.001 T = 0.034
 Site =   102 /   169 .. Mmpo =    56 DW = 1.65e-17 Error = 4.07e-09 NNZ =     3079 SPT = 0.0182 Tsvd = 0.001 T = 0.034
 Site =   103 /   169 .. Mmpo =    55 DW = 4.56e-17 Error = 6.75e-09 NNZ =     3023 SPT = 0.0185 Tsvd = 0.001 T = 0.033
 Site =   104 /   169 .. Mmpo =    54 DW = 1.12e-16 Error = 1.06e-08 NNZ =     2915 SPT = 0.0185 Tsvd = 0.001 T = 0.032
 Site =   105 /   169 .. Mmpo =    54 DW = 7.42e-17 Error = 8.61e-09 NNZ =     2862 SPT = 0.0185 Tsvd = 0.001 T = 0.031
 Site =   106 /   169 .. Mmpo =    54 DW = 7.05e-17 Error = 8.40e-09 NNZ =     2862 SPT = 0.0185 Tsvd = 0.001 T = 0.031
 Site =   107 /   169 .. Mmpo =    54 DW = 3.35e-17 Error = 5.79e-09 NNZ =     2861 SPT = 0.0189 Tsvd = 0.001 T = 0.030
 Site =   108 /   169 .. Mmpo =    54 DW = 2.41e-18 Error = 1.55e-09 NNZ =     2861 SPT = 0.0189 Tsvd = 0.001 T = 0.030
 Site =   109 /   169 .. Mmpo =    53 DW = 3.95e-17 Error = 6.29e-09 NNZ =     2806 SPT = 0.0196 Tsvd = 0.001 T = 0.030
 Site =   110 /   169 .. Mmpo =    53 DW = 5.92e-18 Error = 2.43e-09 NNZ =     2747 SPT = 0.0221 Tsvd = 0.001 T = 0.028
 Site =   111 /   169 .. Mmpo =    53 DW = 3.20e-17 Error = 5.66e-09 NNZ =     2752 SPT = 0.0203 Tsvd = 0.001 T = 0.028
 Site =   112 /   169 .. Mmpo =    53 DW = 1.06e-17 Error = 3.26e-09 NNZ =     2755 SPT = 0.0192 Tsvd = 0.001 T = 0.028
 Site =   113 /   169 .. Mmpo =    52 DW = 6.13e-17 Error = 7.83e-09 NNZ =     2701 SPT = 0.0200 Tsvd = 0.001 T = 0.027
 Site =   114 /   169 .. Mmpo =    52 DW = 1.78e-17 Error = 4.21e-09 NNZ =     2652 SPT = 0.0192 Tsvd = 0.001 T = 0.026
 Site =   115 /   169 .. Mmpo =    51 DW = 2.30e-18 Error = 1.52e-09 NNZ =     2600 SPT = 0.0196 Tsvd = 0.001 T = 0.026
 Site =   116 /   169 .. Mmpo =    50 DW = 4.44e-18 Error = 2.11e-09 NNZ =     2498 SPT = 0.0204 Tsvd = 0.001 T = 0.024
 Site =   117 /   169 .. Mmpo =    49 DW = 9.57e-17 Error = 9.78e-09 NNZ =     2400 SPT = 0.0204 Tsvd = 0.001 T = 0.024
 Site =   118 /   169 .. Mmpo =    49 DW = 3.55e-17 Error = 5.96e-09 NNZ =     2351 SPT = 0.0208 Tsvd = 0.001 T = 0.023
 Site =   119 /   169 .. Mmpo =    48 DW = 8.94e-18 Error = 2.99e-09 NNZ =     2303 SPT = 0.0208 Tsvd = 0.001 T = 0.023
 Site =   120 /   169 .. Mmpo =    48 DW = 9.79e-19 Error = 9.90e-10 NNZ =     2256 SPT = 0.0208 Tsvd = 0.001 T = 0.022
 Site =   121 /   169 .. Mmpo =    47 DW = 9.04e-18 Error = 3.01e-09 NNZ =     2207 SPT = 0.0217 Tsvd = 0.001 T = 0.022
 Site =   122 /   169 .. Mmpo =    46 DW = 9.14e-17 Error = 9.56e-09 NNZ =     2114 SPT = 0.0222 Tsvd = 0.001 T = 0.021
 Site =   123 /   169 .. Mmpo =    46 DW = 1.98e-18 Error = 1.41e-09 NNZ =     2070 SPT = 0.0217 Tsvd = 0.001 T = 0.020
 Site =   124 /   169 .. Mmpo =    45 DW = 5.19e-17 Error = 7.20e-09 NNZ =     2022 SPT = 0.0232 Tsvd = 0.001 T = 0.020
 Site =   125 /   169 .. Mmpo =    45 DW = 3.40e-38 Error = 2.99e-13 NNZ =     1980 SPT = 0.0222 Tsvd = 0.001 T = 0.019
 Site =   126 /   169 .. Mmpo =    44 DW = 2.03e-37 Error = 2.46e-13 NNZ =     1933 SPT = 0.0237 Tsvd = 0.001 T = 0.019
 Site =   127 /   169 .. Mmpo =    43 DW = 1.62e-37 Error = 2.96e-13 NNZ =     1849 SPT = 0.0227 Tsvd = 0.001 T = 0.018
 Site =   128 /   169 .. Mmpo =    42 DW = 4.07e-37 Error = 2.46e-13 NNZ =     1763 SPT = 0.0238 Tsvd = 0.001 T = 0.017
 Site =   129 /   169 .. Mmpo =    41 DW = 4.91e-39 Error = 1.10e-12 NNZ =     1680 SPT = 0.0244 Tsvd = 0.000 T = 0.016
 Site =   130 /   169 .. Mmpo =    40 DW = 1.28e-37 Error = 2.12e-13 NNZ =     1600 SPT = 0.0244 Tsvd = 0.000 T = 0.015
 Site =   131 /   169 .. Mmpo =    39 DW = 6.65e-39 Error = 1.63e-13 NNZ =     1521 SPT = 0.0250 Tsvd = 0.000 T = 0.015
 Site =   132 /   169 .. Mmpo =    38 DW = 1.96e-39 Error = 2.97e-13 NNZ =     1444 SPT = 0.0256 Tsvd = 0.000 T = 0.014
 Site =   133 /   169 .. Mmpo =    37 DW = 4.43e-37 Error = 1.73e-13 NNZ =     1369 SPT = 0.0263 Tsvd = 0.000 T = 0.013
 Site =   134 /   169 .. Mmpo =    36 DW = 1.34e-36 Error = 2.70e-13 NNZ =     1296 SPT = 0.0270 Tsvd = 0.000 T = 0.013
 Site =   135 /   169 .. Mmpo =    35 DW = 1.07e-39 Error = 1.49e-13 NNZ =     1225 SPT = 0.0278 Tsvd = 0.000 T = 0.012
 Site =   136 /   169 .. Mmpo =    34 DW = 3.29e-37 Error = 2.37e-13 NNZ =     1156 SPT = 0.0286 Tsvd = 0.000 T = 0.011
 Site =   137 /   169 .. Mmpo =    33 DW = 1.63e-37 Error = 1.93e-13 NNZ =     1089 SPT = 0.0294 Tsvd = 0.000 T = 0.011
 Site =   138 /   169 .. Mmpo =    32 DW = 2.96e-38 Error = 1.52e-13 NNZ =     1024 SPT = 0.0303 Tsvd = 0.000 T = 0.010
 Site =   139 /   169 .. Mmpo =    31 DW = 1.67e-37 Error = 1.75e-13 NNZ =      961 SPT = 0.0312 Tsvd = 0.000 T = 0.010
 Site =   140 /   169 .. Mmpo =    30 DW = 3.45e-37 Error = 1.66e-13 NNZ =      900 SPT = 0.0323 Tsvd = 0.000 T = 0.009
 Site =   141 /   169 .. Mmpo =    29 DW = 1.83e-39 Error = 3.45e-12 NNZ =      841 SPT = 0.0333 Tsvd = 0.000 T = 0.008
 Site =   142 /   169 .. Mmpo =    28 DW = 5.35e-38 Error = 5.30e-13 NNZ =      784 SPT = 0.0345 Tsvd = 0.000 T = 0.008
 Site =   143 /   169 .. Mmpo =    27 DW = 9.30e-42 Error = 3.89e-12 NNZ =      729 SPT = 0.0357 Tsvd = 0.000 T = 0.007
 Site =   144 /   169 .. Mmpo =    26 DW = 4.52e-38 Error = 4.31e-12 NNZ =      676 SPT = 0.0370 Tsvd = 0.000 T = 0.007
 Site =   145 /   169 .. Mmpo =    25 DW = 3.16e-38 Error = 4.26e-12 NNZ =      625 SPT = 0.0385 Tsvd = 0.000 T = 0.006
 Site =   146 /   169 .. Mmpo =    24 DW = 9.76e-40 Error = 2.51e-13 NNZ =      576 SPT = 0.0400 Tsvd = 0.000 T = 0.006
 Site =   147 /   169 .. Mmpo =    23 DW = 1.18e-38 Error = 2.59e-13 NNZ =      529 SPT = 0.0417 Tsvd = 0.000 T = 0.006
 Site =   148 /   169 .. Mmpo =    22 DW = 9.47e-40 Error = 2.47e-13 NNZ =      484 SPT = 0.0435 Tsvd = 0.000 T = 0.005
 Site =   149 /   169 .. Mmpo =    21 DW = 9.84e-38 Error = 3.69e-12 NNZ =      441 SPT = 0.0455 Tsvd = 0.000 T = 0.005
 Site =   150 /   169 .. Mmpo =    20 DW = 2.21e-38 Error = 1.40e-13 NNZ =      400 SPT = 0.0476 Tsvd = 0.000 T = 0.004
 Site =   151 /   169 .. Mmpo =    19 DW = 3.28e-39 Error = 4.30e-12 NNZ =      361 SPT = 0.0500 Tsvd = 0.000 T = 0.004
 Site =   152 /   169 .. Mmpo =    18 DW = 8.07e-39 Error = 3.04e-12 NNZ =      324 SPT = 0.0526 Tsvd = 0.000 T = 0.004
 Site =   153 /   169 .. Mmpo =    17 DW = 3.79e-39 Error = 3.33e-12 NNZ =      289 SPT = 0.0556 Tsvd = 0.000 T = 0.003
 Site =   154 /   169 .. Mmpo =    16 DW = 6.79e-43 Error = 2.44e-12 NNZ =      256 SPT = 0.0588 Tsvd = 0.000 T = 0.003
 Site =   155 /   169 .. Mmpo =    15 DW = 1.71e-38 Error = 2.11e-13 NNZ =      225 SPT = 0.0625 Tsvd = 0.000 T = 0.002
 Site =   156 /   169 .. Mmpo =    14 DW = 6.05e-39 Error = 2.24e-13 NNZ =      196 SPT = 0.0667 Tsvd = 0.000 T = 0.002
 Site =   157 /   169 .. Mmpo =    13 DW = 8.90e-39 Error = 1.52e-13 NNZ =      169 SPT = 0.0714 Tsvd = 0.000 T = 0.002
 Site =   158 /   169 .. Mmpo =    12 DW = 1.07e-38 Error = 1.38e-13 NNZ =      144 SPT = 0.0769 Tsvd = 0.000 T = 0.002
 Site =   159 /   169 .. Mmpo =    11 DW = 5.99e-39 Error = 1.39e-13 NNZ =      121 SPT = 0.0833 Tsvd = 0.002 T = 0.004
 Site =   160 /   169 .. Mmpo =    10 DW = 1.62e-38 Error = 1.96e-13 NNZ =      100 SPT = 0.0909 Tsvd = 0.000 T = 0.001
 Site =   161 /   169 .. Mmpo =     9 DW = 2.04e-38 Error = 1.03e-13 NNZ =       81 SPT = 0.1000 Tsvd = 0.000 T = 0.001
 Site =   162 /   169 .. Mmpo =     8 DW = 7.69e-40 Error = 1.95e-13 NNZ =       64 SPT = 0.1111 Tsvd = 0.000 T = 0.001
 Site =   163 /   169 .. Mmpo =     7 DW = 1.60e-39 Error = 1.38e-13 NNZ =       49 SPT = 0.1250 Tsvd = 0.000 T = 0.001
 Site =   164 /   169 .. Mmpo =     6 DW = 1.51e-39 Error = 1.25e-13 NNZ =       36 SPT = 0.1429 Tsvd = 0.000 T = 0.001
 Site =   165 /   169 .. Mmpo =     5 DW = 1.03e-38 Error = 1.24e-13 NNZ =       25 SPT = 0.1667 Tsvd = 0.000 T = 0.000
 Site =   166 /   169 .. Mmpo =     4 DW = 2.49e-39 Error = 6.40e-14 NNZ =       16 SPT = 0.2000 Tsvd = 0.006 T = 0.006
 Site =   167 /   169 .. Mmpo =     3 DW = 0.00e+00 Error = 6.74e-14 NNZ =        9 SPT = 0.2500 Tsvd = 0.000 T = 0.000
 Site =   168 /   169 .. Mmpo =     1 DW = 0.00e+00 Error = 8.15e-14 NNZ =        3 SPT = 0.0000 Tsvd = 0.000 T = 0.000
Ttotal =      4.726 Tsvd-total = 0.259 MPO bond dimension =    58 MaxDW = 1.29e-16 Total error = 5.63e-08
NNZ =       294574 SIZE =       301072 SPT = 0.0216

Rank =     0 Ttotal =      4.759 MPO method = FastSVD bond dimension =      58 NNZ =       294574 SIZE =       301072 SPT = 0.0216
Environment initialization | Nsites =   169 | Center =   168
 INIT-L --> Site =    1 ..  Bmem =   128 B Rmem =   128 B T = 0.03
 INIT-L --> Site =    2 ..  Bmem =   640 B Rmem =   640 B T = 0.01
 INIT-L --> Site =    3 ..  Bmem = 3.00 KB Rmem = 3.00 KB T = 0.01
 INIT-L --> Site =    4 ..  Bmem = 14.0 KB Rmem = 14.0 KB T = 0.00
 INIT-L --> Site =    5 ..  Bmem = 64.0 KB Rmem = 64.0 KB T = 0.01
 INIT-L --> Site =    6 ..  Bmem =  288 KB Rmem =  288 KB T = 0.01
 INIT-L --> Site =    7 ..  Bmem = 1.25 MB Rmem = 1.25 MB T = 0.02
 INIT-L --> Site =    8 ..  Bmem = 5.50 MB Rmem = 5.50 MB T = 0.07
 INIT-L --> Site =    9 ..  Bmem = 24.0 MB Rmem = 24.0 MB T = 0.35
 INIT-L --> Site =   10 ..  Bmem =  104 MB Rmem = 30.0 MB T = 1.26
 INIT-L --> Site =   11 ..  Bmem =  129 MB Rmem = 32.3 MB T = 1.64
 INIT-L --> Site =   12 ..  Bmem =  138 MB Rmem = 34.6 MB T = 1.87
 INIT-L --> Site =   13 ..  Bmem =  148 MB Rmem = 36.9 MB T = 2.16
 INIT-L --> Site =   14 ..  Bmem =  157 MB Rmem = 39.2 MB T = 2.36
 INIT-L --> Site =   15 ..  Bmem =  166 MB Rmem = 41.5 MB T = 2.64
 INIT-L --> Site =   16 ..  Bmem =  175 MB Rmem = 43.8 MB T = 2.94
 INIT-L --> Site =   17 ..  Bmem =  185 MB Rmem = 46.2 MB T = 3.25
 INIT-L --> Site =   18 ..  Bmem =  194 MB Rmem = 48.5 MB T = 3.59
 INIT-L --> Site =   19 ..  Bmem =  203 MB Rmem = 50.8 MB T = 3.91
 INIT-L --> Site =   20 ..  Bmem =  212 MB Rmem = 53.1 MB T = 4.27
 INIT-L --> Site =   21 ..  Bmem =  222 MB Rmem = 55.4 MB T = 4.70
 INIT-L --> Site =   22 ..  Bmem =  231 MB Rmem = 57.7 MB T = 5.01
 INIT-L --> Site =   23 ..  Bmem =  240 MB Rmem = 60.0 MB T = 5.38
 INIT-L --> Site =   24 ..  Bmem =  249 MB Rmem = 62.3 MB T = 5.84
 INIT-L --> Site =   25 ..  Bmem =  258 MB Rmem = 64.6 MB T = 6.27
 INIT-L --> Site =   26 ..  Bmem =  268 MB Rmem = 66.9 MB T = 6.72
 INIT-L --> Site =   27 ..  Bmem =  277 MB Rmem = 69.2 MB T = 7.21
 INIT-L --> Site =   28 ..  Bmem =  286 MB Rmem = 71.5 MB T = 7.66
 INIT-L --> Site =   29 ..  Bmem =  295 MB Rmem = 73.9 MB T = 8.11
 INIT-L --> Site =   30 ..  Bmem =  305 MB Rmem = 76.2 MB T = 8.65
 INIT-L --> Site =   31 ..  Bmem =  314 MB Rmem = 78.5 MB T = 9.14
 INIT-L --> Site =   32 ..  Bmem =  323 MB Rmem = 80.8 MB T = 9.72
 INIT-L --> Site =   33 ..  Bmem =  332 MB Rmem = 83.1 MB T = 10.32
 INIT-L --> Site =   34 ..  Bmem =  342 MB Rmem = 85.4 MB T = 10.81
 INIT-L --> Site =   35 ..  Bmem =  351 MB Rmem = 87.7 MB T = 11.39
 INIT-L --> Site =   36 ..  Bmem =  360 MB Rmem = 90.0 MB T = 12.07
 INIT-L --> Site =   37 ..  Bmem =  369 MB Rmem = 92.3 MB T = 12.59
 INIT-L --> Site =   38 ..  Bmem =  378 MB Rmem = 94.6 MB T = 13.22
 INIT-L --> Site =   39 ..  Bmem =  388 MB Rmem = 96.9 MB T = 13.90
 INIT-L --> Site =   40 ..  Bmem =  397 MB Rmem = 99.2 MB T = 14.51
 INIT-L --> Site =   41 ..  Bmem =  406 MB Rmem =  102 MB T = 15.19
 INIT-L --> Site =   42 ..  Bmem =  415 MB Rmem =  104 MB T = 15.97
 INIT-L --> Site =   43 ..  Bmem =  425 MB Rmem =  106 MB T = 16.61
 INIT-L --> Site =   44 ..  Bmem =  425 MB Rmem =  106 MB T = 16.96
 INIT-L --> Site =   45 ..  Bmem =  434 MB Rmem =  108 MB T = 17.32
 INIT-L --> Site =   46 ..  Bmem =  443 MB Rmem =  111 MB T = 18.05
 INIT-L --> Site =   47 ..  Bmem =  443 MB Rmem =  111 MB T = 18.40
 INIT-L --> Site =   48 ..  Bmem =  452 MB Rmem =  113 MB T = 18.79
 INIT-L --> Site =   49 ..  Bmem =  452 MB Rmem =  113 MB T = 19.18
 INIT-L --> Site =   50 ..  Bmem =  462 MB Rmem =  115 MB T = 19.57
 INIT-L --> Site =   51 ..  Bmem =  462 MB Rmem =  115 MB T = 20.02
 INIT-L --> Site =   52 ..  Bmem =  471 MB Rmem =  118 MB T = 20.34
 INIT-L --> Site =   53 ..  Bmem =  480 MB Rmem =  120 MB T = 21.22
 INIT-L --> Site =   54 ..  Bmem =  489 MB Rmem =  122 MB T = 21.94
 INIT-L --> Site =   55 ..  Bmem =  489 MB Rmem =  122 MB T = 22.39
 INIT-L --> Site =   56 ..  Bmem =  499 MB Rmem =  125 MB T = 22.80
 INIT-L --> Site =   57 ..  Bmem =  499 MB Rmem =  125 MB T = 23.23
 INIT-L --> Site =   58 ..  Bmem =  499 MB Rmem =  125 MB T = 23.16
 INIT-L --> Site =   59 ..  Bmem =  499 MB Rmem =  125 MB T = 23.23
 INIT-L --> Site =   60 ..  Bmem =  508 MB Rmem =  127 MB T = 23.68
 INIT-L --> Site =   61 ..  Bmem =  508 MB Rmem =  127 MB T = 24.17
 INIT-L --> Site =   62 ..  Bmem =  508 MB Rmem =  127 MB T = 24.11
 INIT-L --> Site =   63 ..  Bmem =  517 MB Rmem =  129 MB T = 24.59
 INIT-L --> Site =   64 ..  Bmem =  517 MB Rmem =  129 MB T = 24.95
 INIT-L --> Site =   65 ..  Bmem =  517 MB Rmem =  129 MB T = 24.97
 INIT-L --> Site =   66 ..  Bmem =  526 MB Rmem =  132 MB T = 25.42
 INIT-L --> Site =   67 ..  Bmem =  526 MB Rmem =  132 MB T = 25.83
 INIT-L --> Site =   68 ..  Bmem =  526 MB Rmem =  132 MB T = 25.77
 INIT-L --> Site =   69 ..  Bmem =  535 MB Rmem =  134 MB T = 26.34
 INIT-L --> Site =   70 ..  Bmem =  535 MB Rmem =  134 MB T = 26.69
 INIT-L --> Site =   71 ..  Bmem =  535 MB Rmem =  134 MB T = 26.70
 INIT-L --> Site =   72 ..  Bmem =  535 MB Rmem =  134 MB T = 26.67
 INIT-L --> Site =   73 ..  Bmem =  545 MB Rmem =  136 MB T = 27.14
 INIT-L --> Site =   74 ..  Bmem =  545 MB Rmem =  136 MB T = 27.60
 INIT-L --> Site =   75 ..  Bmem =  535 MB Rmem =  134 MB T = 27.10
 INIT-L --> Site =   76 ..  Bmem =  545 MB Rmem =  136 MB T = 27.20
 INIT-L --> Site =   77 ..  Bmem =  535 MB Rmem =  134 MB T = 27.13
 INIT-L --> Site =   78 ..  Bmem =  535 MB Rmem =  134 MB T = 26.71
 INIT-L --> Site =   79 ..  Bmem =  535 MB Rmem =  134 MB T = 26.65
 INIT-L --> Site =   80 ..  Bmem =  535 MB Rmem =  134 MB T = 26.74
 INIT-L --> Site =   81 ..  Bmem =  535 MB Rmem =  134 MB T = 26.72
 INIT-L --> Site =   82 ..  Bmem =  545 MB Rmem =  136 MB T = 27.18
 INIT-L --> Site =   83 ..  Bmem =  545 MB Rmem =  136 MB T = 27.62
 INIT-L --> Site =   84 ..  Bmem =  535 MB Rmem =  134 MB T = 27.09
 INIT-L --> Site =   85 ..  Bmem =  535 MB Rmem =  134 MB T = 26.65
 INIT-L --> Site =   86 ..  Bmem =  545 MB Rmem =  136 MB T = 27.17
 INIT-L --> Site =   87 ..  Bmem =  545 MB Rmem =  136 MB T = 27.59
 INIT-L --> Site =   88 ..  Bmem =  535 MB Rmem =  134 MB T = 27.17
 INIT-L --> Site =   89 ..  Bmem =  535 MB Rmem =  134 MB T = 26.73
 INIT-L --> Site =   90 ..  Bmem =  535 MB Rmem =  134 MB T = 26.66
 INIT-L --> Site =   91 ..  Bmem =  535 MB Rmem =  134 MB T = 26.71
 INIT-L --> Site =   92 ..  Bmem =  535 MB Rmem =  134 MB T = 26.75
 INIT-L --> Site =   93 ..  Bmem =  526 MB Rmem =  132 MB T = 26.24
 INIT-L --> Site =   94 ..  Bmem =  535 MB Rmem =  134 MB T = 26.29
 INIT-L --> Site =   95 ..  Bmem =  545 MB Rmem =  136 MB T = 27.19
 INIT-L --> Site =   96 ..  Bmem =  545 MB Rmem =  136 MB T = 27.61
 INIT-L --> Site =   97 ..  Bmem =  535 MB Rmem =  134 MB T = 27.13
 INIT-L --> Site =   98 ..  Bmem =  526 MB Rmem =  132 MB T = 26.20
 INIT-L --> Site =   99 ..  Bmem =  535 MB Rmem =  134 MB T = 26.29
 INIT-L --> Site =  100 ..  Bmem =  535 MB Rmem =  134 MB T = 26.69
 INIT-L --> Site =  101 ..  Bmem =  526 MB Rmem =  132 MB T = 26.18
 INIT-L --> Site =  102 ..  Bmem =  526 MB Rmem =  132 MB T = 25.83
 INIT-L --> Site =  103 ..  Bmem =  526 MB Rmem =  132 MB T = 25.76
 INIT-L --> Site =  104 ..  Bmem =  517 MB Rmem =  129 MB T = 25.32
 INIT-L --> Site =  105 ..  Bmem =  508 MB Rmem =  127 MB T = 24.43
 INIT-L --> Site =  106 ..  Bmem =  508 MB Rmem =  127 MB T = 24.06
 INIT-L --> Site =  107 ..  Bmem =  508 MB Rmem =  127 MB T = 24.04
 INIT-L --> Site =  108 ..  Bmem =  508 MB Rmem =  127 MB T = 24.11
 INIT-L --> Site =  109 ..  Bmem =  508 MB Rmem =  127 MB T = 24.02
 INIT-L --> Site =  110 ..  Bmem =  499 MB Rmem =  125 MB T = 23.63
 INIT-L --> Site =  111 ..  Bmem =  499 MB Rmem =  125 MB T = 23.15
 INIT-L --> Site =  112 ..  Bmem =  499 MB Rmem =  125 MB T = 23.27
 INIT-L --> Site =  113 ..  Bmem =  499 MB Rmem =  125 MB T = 23.15
 INIT-L --> Site =  114 ..  Bmem =  489 MB Rmem =  122 MB T = 22.77
 INIT-L --> Site =  115 ..  Bmem =  489 MB Rmem =  122 MB T = 22.39
 INIT-L --> Site =  116 ..  Bmem =  480 MB Rmem =  120 MB T = 22.04
 INIT-L --> Site =  117 ..  Bmem =  471 MB Rmem =  118 MB T = 21.11
 INIT-L --> Site =  118 ..  Bmem =  462 MB Rmem =  115 MB T = 20.30
 INIT-L --> Site =  119 ..  Bmem =  462 MB Rmem =  115 MB T = 19.95
 INIT-L --> Site =  120 ..  Bmem =  452 MB Rmem =  113 MB T = 19.54
 INIT-L --> Site =  121 ..  Bmem =  452 MB Rmem =  113 MB T = 19.23
 INIT-L --> Site =  122 ..  Bmem =  443 MB Rmem =  111 MB T = 18.78
 INIT-L --> Site =  123 ..  Bmem =  434 MB Rmem =  108 MB T = 17.99
 INIT-L --> Site =  124 ..  Bmem =  434 MB Rmem =  108 MB T = 17.68
 INIT-L --> Site =  125 ..  Bmem =  425 MB Rmem =  106 MB T = 17.25
 INIT-L --> Site =  126 ..  Bmem =  425 MB Rmem =  106 MB T = 16.94
 INIT-L --> Site =  127 ..  Bmem =  415 MB Rmem =  104 MB T = 16.61
 INIT-L --> Site =  128 ..  Bmem =  406 MB Rmem =  102 MB T = 15.86
 INIT-L --> Site =  129 ..  Bmem =  397 MB Rmem = 99.2 MB T = 15.19
 INIT-L --> Site =  130 ..  Bmem =  388 MB Rmem = 96.9 MB T = 14.48
 INIT-L --> Site =  131 ..  Bmem =  378 MB Rmem = 94.6 MB T = 13.81
 INIT-L --> Site =  132 ..  Bmem =  369 MB Rmem = 92.3 MB T = 13.24
 INIT-L --> Site =  133 ..  Bmem =  360 MB Rmem = 90.0 MB T = 12.59
 INIT-L --> Site =  134 ..  Bmem =  351 MB Rmem = 87.7 MB T = 11.92
 INIT-L --> Site =  135 ..  Bmem =  342 MB Rmem = 85.4 MB T = 11.39
 INIT-L --> Site =  136 ..  Bmem =  332 MB Rmem = 83.1 MB T = 10.74
 INIT-L --> Site =  137 ..  Bmem =  323 MB Rmem = 80.8 MB T = 10.20
 INIT-L --> Site =  138 ..  Bmem =  314 MB Rmem = 78.5 MB T = 9.62
 INIT-L --> Site =  139 ..  Bmem =  305 MB Rmem = 76.2 MB T = 9.19
 INIT-L --> Site =  140 ..  Bmem =  295 MB Rmem = 73.9 MB T = 8.57
 INIT-L --> Site =  141 ..  Bmem =  286 MB Rmem = 71.5 MB T = 8.10
 INIT-L --> Site =  142 ..  Bmem =  277 MB Rmem = 69.2 MB T = 7.56
 INIT-L --> Site =  143 ..  Bmem =  268 MB Rmem = 66.9 MB T = 7.17
 INIT-L --> Site =  144 ..  Bmem =  258 MB Rmem = 64.6 MB T = 6.68
 INIT-L --> Site =  145 ..  Bmem =  249 MB Rmem = 62.3 MB T = 6.19
 INIT-L --> Site =  146 ..  Bmem =  240 MB Rmem = 60.0 MB T = 5.77
 INIT-L --> Site =  147 ..  Bmem =  231 MB Rmem = 57.7 MB T = 5.35
 INIT-L --> Site =  148 ..  Bmem =  222 MB Rmem = 55.4 MB T = 4.96
 INIT-L --> Site =  149 ..  Bmem =  212 MB Rmem = 53.1 MB T = 4.57
 INIT-L --> Site =  150 ..  Bmem =  203 MB Rmem = 50.8 MB T = 4.26
 INIT-L --> Site =  151 ..  Bmem =  194 MB Rmem = 48.5 MB T = 3.95
 INIT-L --> Site =  152 ..  Bmem =  185 MB Rmem = 46.2 MB T = 3.51
 INIT-L --> Site =  153 ..  Bmem =  175 MB Rmem = 43.8 MB T = 3.19
 INIT-L --> Site =  154 ..  Bmem =  166 MB Rmem = 41.5 MB T = 2.88
 INIT-L --> Site =  155 ..  Bmem =  157 MB Rmem = 39.2 MB T = 2.59
 INIT-L --> Site =  156 ..  Bmem =  148 MB Rmem = 36.9 MB T = 2.33
 INIT-L --> Site =  157 ..  Bmem =  138 MB Rmem = 34.6 MB T = 2.07
 INIT-L --> Site =  158 ..  Bmem =  129 MB Rmem = 32.3 MB T = 1.81
 INIT-L --> Site =  159 ..  Bmem =  120 MB Rmem = 30.0 MB T = 1.58
 INIT-L --> Site =  160 ..  Bmem =  111 MB Rmem = 27.7 MB T = 1.37
 INIT-L --> Site =  161 ..  Bmem =  102 MB Rmem = 25.4 MB T = 1.17
 INIT-L --> Site =  162 ..  Bmem = 92.3 MB Rmem = 23.1 MB T = 1.00
 INIT-L --> Site =  163 ..  Bmem = 83.1 MB Rmem = 20.8 MB T = 0.83
 INIT-L --> Site =  164 ..  Bmem = 73.9 MB Rmem = 18.5 MB T = 0.68
 INIT-L --> Site =  165 ..  Bmem = 64.6 MB Rmem = 16.2 MB T = 0.54
 INIT-L --> Site =  166 ..  Bmem = 55.4 MB Rmem = 13.8 MB T = 0.43
 INIT-L --> Site =  167 ..  Bmem = 46.2 MB Rmem = 11.5 MB T = 0.32
 INIT-L --> Site =  168 ..  Bmem = 36.9 MB Rmem = 9.16 MB T = 0.22
Time init sweep =     2509.257 | MaxBmem =  545 MB | MaxRmem =  136 MB
 | Tread = 0.000 | Twrite = 30.961 | Tfpread = 0.000 | Tfpwrite = 20.640 | data = 14.8 GB | cpsd = 11.1 GB | Tasync = 0.000


Sweep =    0 | Direction = backward | Bond dimension =   15 | Noise =  1.00e-04 | Dav threshold =  1.00e-10
 <-- Site =  168 .. Mmps =    2 Ndav =  13 E =   -109.0258358989 Error = 0.00e+00 FLOPS = 1.42e+09 Tdav = 0.02 T = 0.11
 <-- Site =  167 .. Mmps =    4 Ndav =  22 E =   -109.0374045676 Error = 0.00e+00 FLOPS = 3.62e+09 Tdav = 0.04 T = 0.18
 <-- Site =  166 .. Mmps =    8 Ndav =  31 E =   -109.0482260787 Error = 0.00e+00 FLOPS = 4.96e+09 Tdav = 0.12 T = 0.33
 <-- Site =  165 .. Mmps =   15 Ndav =  40 E =   -109.0580008104 Error = 2.26e-15 FLOPS = 5.31e+09 Tdav = 0.37 T = 0.66
 <-- Site =  164 .. Mmps =   15 Ndav =  44 E =   -109.0702989779 Error = 7.06e-08 FLOPS = 6.08e+09 Tdav = 0.80 T = 1.19
 <-- Site =  163 .. Mmps =   15 Ndav =  80 E =   -109.0859816057 Error = 1.38e-04 FLOPS = 6.54e+09 Tdav = 1.58 T = 2.08
 <-- Site =  162 .. Mmps =   15 Ndav =  60 E =   -109.0917752369 Error = 6.56e-04 FLOPS = 6.79e+09 Tdav = 1.30 T = 1.94
 <-- Site =  161 .. Mmps =   15 Ndav =  71 E =   -109.1000150904 Error = 8.94e-04 FLOPS = 7.44e+09 Tdav = 1.58 T = 2.44
 <-- Site =  160 .. Mmps =   15 Ndav =  71 E =   -109.1019618473 Error = 3.47e-03 FLOPS = 7.79e+09 Tdav = 1.68 T = 2.61
 <-- Site =  159 .. Mmps =   15 Ndav =  80 E =   -109.0989781767 Error = 2.62e-03 FLOPS = 8.28e+09 Tdav = 1.96 T = 3.08
 <-- Site =  158 .. Mmps =   15 Ndav =  69 E =   -109.0780920569 Error = 1.53e-03 FLOPS = 8.65e+09 Tdav = 1.76 T = 3.06
 <-- Site =  157 .. Mmps =   15 Ndav =  61 E =   -109.0718603340 Error = 7.44e-04 FLOPS = 8.75e+09 Tdav = 1.67 T = 3.17
 <-- Site =  156 .. Mmps =   15 Ndav =  65 E =   -109.0911409659 Error = 6.63e-04 FLOPS = 9.21e+09 Tdav = 1.82 T = 3.54
 <-- Site =  155 .. Mmps =   15 Ndav =  63 E =   -109.0966729013 Error = 9.99e-05 FLOPS = 9.46e+09 Tdav = 1.84 T = 3.81
 <-- Site =  154 .. Mmps =   15 Ndav =  60 E =   -109.1006571306 Error = 1.82e-04 FLOPS = 9.54e+09 Tdav = 1.85 T = 4.06
 <-- Site =  153 .. Mmps =   15 Ndav =  58 E =   -109.1017198826 Error = 7.06e-05 FLOPS = 9.79e+09 Tdav = 1.85 T = 4.33
 <-- Site =  152 .. Mmps =   15 Ndav =  62 E =   -109.1071004184 Error = 2.25e-04 FLOPS = 1.02e+10 Tdav = 2.02 T = 4.77
 <-- Site =  151 .. Mmps =   15 Ndav =  65 E =   -109.1208551740 Error = 3.99e-04 FLOPS = 1.05e+10 Tdav = 2.16 T = 5.21
 <-- Site =  150 .. Mmps =   15 Ndav =  64 E =   -109.1253916274 Error = 9.29e-05 FLOPS = 1.05e+10 Tdav = 2.24 T = 5.61
 <-- Site =  149 .. Mmps =   15 Ndav =  49 E =   -109.1288164861 Error = 6.70e-06 FLOPS = 1.02e+10 Tdav = 1.85 T = 5.57
 <-- Site =  148 .. Mmps =   15 Ndav =  45 E =   -109.1310699904 Error = 3.71e-05 FLOPS = 1.11e+10 Tdav = 1.65 T = 5.69
 <-- Site =  147 .. Mmps =   15 Ndav =  49 E =   -109.1420753077 Error = 2.76e-05 FLOPS = 1.06e+10 Tdav = 1.95 T = 6.35
 <-- Site =  146 .. Mmps =   15 Ndav =  59 E =   -109.1569458382 Error = 4.90e-05 FLOPS = 1.12e+10 Tdav = 2.32 T = 7.11
 <-- Site =  145 .. Mmps =   15 Ndav =  59 E =   -109.1650215372 Error = 6.50e-05 FLOPS = 1.14e+10 Tdav = 2.38 T = 7.58
 <-- Site =  144 .. Mmps =   15 Ndav =  45 E =   -109.1686020727 Error = 6.63e-05 FLOPS = 1.13e+10 Tdav = 1.91 T = 7.65
 <-- Site =  143 .. Mmps =   15 Ndav =  45 E =   -109.1744571675 Error = 3.65e-06 FLOPS = 1.19e+10 Tdav = 1.88 T = 7.92
 <-- Site =  142 .. Mmps =   15 Ndav =  59 E =   -109.1801185469 Error = 4.04e-04 FLOPS = 1.18e+10 Tdav = 2.58 T = 9.06
 <-- Site =  141 .. Mmps =   15 Ndav =  72 E =   -109.1828177021 Error = 1.25e-04 FLOPS = 1.23e+10 Tdav = 3.13 T = 10.06
 <-- Site =  140 .. Mmps =   15 Ndav =  46 E =   -109.1867473759 Error = 3.41e-05 FLOPS = 1.21e+10 Tdav = 2.10 T = 9.47
 <-- Site =  139 .. Mmps =   15 Ndav =  40 E =   -109.1896493751 Error = 4.34e-05 FLOPS = 1.29e+10 Tdav = 1.77 T = 9.75
 <-- Site =  138 .. Mmps =   15 Ndav =  39 E =   -109.1918371685 Error = 1.47e-04 FLOPS = 1.33e+10 Tdav = 1.72 T = 10.19
 <-- Site =  137 .. Mmps =   15 Ndav =  41 E =   -109.1948179681 Error = 7.23e-05 FLOPS = 1.31e+10 Tdav = 1.90 T = 10.87
 <-- Site =  136 .. Mmps =   15 Ndav =  39 E =   -109.1989583057 Error = 2.36e-05 FLOPS = 1.32e+10 Tdav = 1.85 T = 11.30
 <-- Site =  135 .. Mmps =   15 Ndav =  40 E =   -109.2020735413 Error = 7.25e-05 FLOPS = 1.35e+10 Tdav = 1.91 T = 11.90
 <-- Site =  134 .. Mmps =   15 Ndav =  45 E =   -109.2138220632 Error = 5.94e-05 FLOPS = 1.29e+10 Tdav = 2.31 T = 12.80
 <-- Site =  133 .. Mmps =   15 Ndav =  58 E =   -109.2208727396 Error = 1.06e-04 FLOPS = 1.27e+10 Tdav = 3.11 T = 14.19
 <-- Site =  132 .. Mmps =   15 Ndav =  45 E =   -109.2259157238 Error = 4.32e-05 FLOPS = 1.30e+10 Tdav = 2.42 T = 14.11
 <-- Site =  131 .. Mmps =   15 Ndav =  57 E =   -109.2280498365 Error = 9.30e-05 FLOPS = 1.28e+10 Tdav = 3.20 T = 15.48
 <-- Site =  130 .. Mmps =   15 Ndav =  45 E =   -109.2377849719 Error = 1.42e-04 FLOPS = 1.30e+10 Tdav = 2.54 T = 15.47
 <-- Site =  129 .. Mmps =   15 Ndav =  50 E =   -109.2450244190 Error = 3.08e-05 FLOPS = 1.26e+10 Tdav = 2.98 T = 16.53
 <-- Site =  128 .. Mmps =   15 Ndav =  42 E =   -109.2580495427 Error = 4.15e-05 FLOPS = 1.36e+10 Tdav = 2.38 T = 16.53
 <-- Site =  127 .. Mmps =   15 Ndav =  35 E =   -109.2648811372 Error = 1.52e-06 FLOPS = 1.46e+10 Tdav = 1.90 T = 16.79
 <-- Site =  126 .. Mmps =   15 Ndav =  35 E =   -109.2728611761 Error = 3.61e-05 FLOPS = 1.46e+10 Tdav = 1.94 T = 17.41
 <-- Site =  125 .. Mmps =   15 Ndav =  34 E =   -109.2756402144 Error = 3.52e-05 FLOPS = 1.48e+10 Tdav = 1.91 T = 17.84
 <-- Site =  124 .. Mmps =   15 Ndav =  40 E =   -109.2786595090 Error = 1.66e-05 FLOPS = 1.42e+10 Tdav = 2.34 T = 18.53
 <-- Site =  123 .. Mmps =   15 Ndav =  37 E =   -109.2837345498 Error = 2.31e-06 FLOPS = 1.45e+10 Tdav = 2.15 T = 18.85
 <-- Site =  122 .. Mmps =   15 Ndav =  33 E =   -109.2854358730 Error = 8.07e-07 FLOPS = 1.50e+10 Tdav = 1.87 T = 18.94
 <-- Site =  121 .. Mmps =   15 Ndav =  34 E =   -109.2874008611 Error = 1.08e-05 FLOPS = 1.49e+10 Tdav = 1.97 T = 19.64
 <-- Site =  120 .. Mmps =   15 Ndav =  41 E =   -109.2926505244 Error = 2.16e-05 FLOPS = 1.42e+10 Tdav = 2.55 T = 20.59
 <-- Site =  119 .. Mmps =   15 Ndav =  43 E =   -109.2981753585 Error = 4.61e-06 FLOPS = 1.39e+10 Tdav = 2.72 T = 21.20
 <-- Site =  118 .. Mmps =   15 Ndav =  45 E =   -109.3034571192 Error = 2.27e-05 FLOPS = 1.38e+10 Tdav = 2.94 T = 21.71
 <-- Site =  117 .. Mmps =   15 Ndav =  41 E =   -109.3093232918 Error = 1.81e-06 FLOPS = 1.42e+10 Tdav = 2.60 T = 21.83
 <-- Site =  116 .. Mmps =   15 Ndav =  42 E =   -109.3128703456 Error = 4.86e-05 FLOPS = 1.42e+10 Tdav = 2.72 T = 22.65
 <-- Site =  115 .. Mmps =   15 Ndav =  42 E =   -109.3193512617 Error = 3.71e-05 FLOPS = 1.43e+10 Tdav = 2.76 T = 23.52
 <-- Site =  114 .. Mmps =   15 Ndav =  40 E =   -109.3274266147 Error = 7.32e-06 FLOPS = 1.45e+10 Tdav = 2.64 T = 23.78
 <-- Site =  113 .. Mmps =   15 Ndav =  37 E =   -109.3299058780 Error = 2.85e-06 FLOPS = 1.49e+10 Tdav = 2.38 T = 23.92
 <-- Site =  112 .. Mmps =   15 Ndav =  32 E =   -109.3318670231 Error = 1.22e-05 FLOPS = 1.54e+10 Tdav = 2.03 T = 24.11
 <-- Site =  111 .. Mmps =   15 Ndav =  33 E =   -109.3332909235 Error = 1.33e-05 FLOPS = 1.53e+10 Tdav = 2.11 T = 24.08
 <-- Site =  110 .. Mmps =   15 Ndav =  36 E =   -109.3362614879 Error = 3.80e-06 FLOPS = 1.49e+10 Tdav = 2.36 T = 24.47
 <-- Site =  109 .. Mmps =   15 Ndav =  30 E =   -109.3377093766 Error = 2.54e-06 FLOPS = 1.56e+10 Tdav = 1.88 T = 24.22
 <-- Site =  108 .. Mmps =   15 Ndav =  33 E =   -109.3391255252 Error = 1.88e-05 FLOPS = 1.53e+10 Tdav = 2.14 T = 24.93
 <-- Site =  107 .. Mmps =   15 Ndav =  38 E =   -109.3418653662 Error = 3.27e-05 FLOPS = 1.48e+10 Tdav = 2.55 T = 25.42
 <-- Site =  106 .. Mmps =   15 Ndav =  40 E =   -109.3447610229 Error = 5.21e-06 FLOPS = 1.46e+10 Tdav = 2.73 T = 25.55
 <-- Site =  105 .. Mmps =   15 Ndav =  53 E =   -109.3551934996 Error = 4.38e-05 FLOPS = 1.37e+10 Tdav = 3.84 T = 26.66
 <-- Site =  104 .. Mmps =   15 Ndav =  57 E =   -109.3645667484 Error = 1.50e-05 FLOPS = 1.38e+10 Tdav = 4.10 T = 27.58
 <-- Site =  103 .. Mmps =   15 Ndav =  49 E =   -109.3717463120 Error = 5.97e-05 FLOPS = 1.37e+10 Tdav = 3.62 T = 27.73
 <-- Site =  102 .. Mmps =   15 Ndav =  55 E =   -109.3867711067 Error = 1.27e-05 FLOPS = 1.39e+10 Tdav = 4.09 T = 28.68
 <-- Site =  101 .. Mmps =   15 Ndav =  40 E =   -109.3931368808 Error = 1.53e-05 FLOPS = 1.46e+10 Tdav = 2.82 T = 27.51
 <-- Site =  100 .. Mmps =   15 Ndav =  30 E =   -109.3946127714 Error = 1.95e-06 FLOPS = 1.55e+10 Tdav = 1.99 T = 26.93
 <-- Site =   99 .. Mmps =   15 Ndav =  31 E =   -109.3957082290 Error = 2.16e-05 FLOPS = 1.56e+10 Tdav = 2.08 T = 27.57
 <-- Site =   98 .. Mmps =   15 Ndav =  31 E =   -109.3963829403 Error = 1.98e-05 FLOPS = 1.55e+10 Tdav = 2.09 T = 27.17
 <-- Site =   97 .. Mmps =   15 Ndav =  33 E =   -109.3988052400 Error = 2.65e-06 FLOPS = 1.53e+10 Tdav = 2.22 T = 27.37
 <-- Site =   96 .. Mmps =   15 Ndav =  28 E =   -109.3999255310 Error = 1.52e-06 FLOPS = 1.58e+10 Tdav = 1.86 T = 27.67
 <-- Site =   95 .. Mmps =   15 Ndav =  31 E =   -109.4008383850 Error = 2.27e-05 FLOPS = 1.56e+10 Tdav = 2.13 T = 28.38
 <-- Site =   94 .. Mmps =   15 Ndav =  39 E =   -109.4031796179 Error = 5.64e-05 FLOPS = 1.48e+10 Tdav = 2.81 T = 28.73
 <-- Site =   93 .. Mmps =   15 Ndav =  41 E =   -109.4072183513 Error = 3.56e-06 FLOPS = 1.45e+10 Tdav = 2.96 T = 28.14
 <-- Site =   92 .. Mmps =   15 Ndav =  44 E =   -109.4139514349 Error = 2.73e-05 FLOPS = 1.43e+10 Tdav = 3.18 T = 28.10
 <-- Site =   91 .. Mmps =   15 Ndav =  38 E =   -109.4218041674 Error = 3.67e-06 FLOPS = 1.50e+10 Tdav = 2.66 T = 28.04
 <-- Site =   90 .. Mmps =   15 Ndav =  46 E =   -109.4252594169 Error = 3.32e-05 FLOPS = 1.41e+10 Tdav = 3.43 T = 28.96
 <-- Site =   89 .. Mmps =   15 Ndav =  51 E =   -109.4304341193 Error = 1.33e-05 FLOPS = 1.37e+10 Tdav = 3.90 T = 29.40
 <-- Site =   88 .. Mmps =   15 Ndav =  39 E =   -109.4343384583 Error = 1.06e-05 FLOPS = 1.48e+10 Tdav = 2.76 T = 28.20
 <-- Site =   87 .. Mmps =   15 Ndav =  34 E =   -109.4363166689 Error = 2.44e-06 FLOPS = 1.54e+10 Tdav = 2.32 T = 28.39
 <-- Site =   86 .. Mmps =   15 Ndav =  33 E =   -109.4390091003 Error = 1.86e-05 FLOPS = 1.53e+10 Tdav = 2.31 T = 28.76
 <-- Site =   85 .. Mmps =   15 Ndav =  35 E =   -109.4402354489 Error = 1.82e-05 FLOPS = 1.52e+10 Tdav = 2.46 T = 28.35
 <-- Site =   84 .. Mmps =   15 Ndav =  38 E =   -109.4434814979 Error = 3.39e-06 FLOPS = 1.50e+10 Tdav = 2.66 T = 28.07
 <-- Site =   83 .. Mmps =   15 Ndav =  36 E =   -109.4447225589 Error = 2.55e-06 FLOPS = 1.51e+10 Tdav = 2.50 T = 28.46
 <-- Site =   82 .. Mmps =   15 Ndav =  33 E =   -109.4464858674 Error = 3.40e-05 FLOPS = 1.53e+10 Tdav = 2.30 T = 28.67
 <-- Site =   81 .. Mmps =   15 Ndav =  38 E =   -109.4480540850 Error = 5.58e-05 FLOPS = 1.50e+10 Tdav = 2.70 T = 28.54
 <-- Site =   80 .. Mmps =   15 Ndav =  39 E =   -109.4507973347 Error = 6.60e-06 FLOPS = 1.47e+10 Tdav = 2.77 T = 28.37
 <-- Site =   79 .. Mmps =   15 Ndav =  60 E =   -109.4601042793 Error = 3.89e-05 FLOPS = 1.42e+10 Tdav = 4.44 T = 29.94
 <-- Site =   78 .. Mmps =   15 Ndav =  71 E =   -109.4678640865 Error = 7.22e-06 FLOPS = 1.43e+10 Tdav = 5.21 T = 30.73
 <-- Site =   77 .. Mmps =   15 Ndav =  49 E =   -109.4755107449 Error = 4.16e-05 FLOPS = 1.38e+10 Tdav = 3.73 T = 29.28
 <-- Site =   76 .. Mmps =   15 Ndav =  55 E =   -109.4840619296 Error = 1.60e-05 FLOPS = 1.38e+10 Tdav = 4.18 T = 30.02
 <-- Site =   75 .. Mmps =   15 Ndav =  47 E =   -109.4903569460 Error = 1.10e-05 FLOPS = 1.40e+10 Tdav = 3.58 T = 29.59
 <-- Site =   74 .. Mmps =   15 Ndav =  35 E =   -109.4914200058 Error = 1.51e-06 FLOPS = 1.52e+10 Tdav = 2.42 T = 28.47
 <-- Site =   73 .. Mmps =   15 Ndav =  33 E =   -109.4923592168 Error = 2.06e-05 FLOPS = 1.54e+10 Tdav = 2.28 T = 28.57
 <-- Site =   72 .. Mmps =   15 Ndav =  33 E =   -109.4933027352 Error = 2.27e-05 FLOPS = 1.53e+10 Tdav = 2.30 T = 28.30
 <-- Site =   71 .. Mmps =   15 Ndav =  42 E =   -109.4978995742 Error = 3.45e-06 FLOPS = 1.46e+10 Tdav = 3.02 T = 28.53
 <-- Site =   70 .. Mmps =   15 Ndav =  36 E =   -109.4988890332 Error = 1.92e-06 FLOPS = 1.51e+10 Tdav = 2.51 T = 28.10
 <-- Site =   69 .. Mmps =   15 Ndav =  31 E =   -109.4997009002 Error = 3.30e-05 FLOPS = 1.56e+10 Tdav = 2.08 T = 27.69
 <-- Site =   68 .. Mmps =   15 Ndav =  46 E =   -109.5035450480 Error = 5.92e-05 FLOPS = 1.41e+10 Tdav = 3.42 T = 28.39
 <-- Site =   67 .. Mmps =   15 Ndav =  45 E =   -109.5062951875 Error = 6.95e-06 FLOPS = 1.42e+10 Tdav = 3.26 T = 28.03
 <-- Site =   66 .. Mmps =   15 Ndav =  46 E =   -109.5121844853 Error = 2.88e-05 FLOPS = 1.41e+10 Tdav = 3.37 T = 28.15
 <-- Site =   65 .. Mmps =   15 Ndav =  41 E =   -109.5171569975 Error = 7.61e-06 FLOPS = 1.46e+10 Tdav = 2.88 T = 27.17
 <-- Site =   64 .. Mmps =   15 Ndav =  47 E =   -109.5200876090 Error = 2.96e-05 FLOPS = 1.40e+10 Tdav = 3.40 T = 27.32
 <-- Site =   63 .. Mmps =   15 Ndav =  55 E =   -109.5241354672 Error = 1.64e-05 FLOPS = 1.38e+10 Tdav = 4.02 T = 27.95
 <-- Site =   62 .. Mmps =   15 Ndav =  44 E =   -109.5323139874 Error = 1.44e-05 FLOPS = 1.41e+10 Tdav = 3.15 T = 26.59
 <-- Site =   61 .. Mmps =   15 Ndav =  33 E =   -109.5340174939 Error = 3.61e-06 FLOPS = 1.52e+10 Tdav = 2.15 T = 25.03
 <-- Site =   60 .. Mmps =   15 Ndav =  37 E =   -109.5357612604 Error = 2.71e-05 FLOPS = 1.49e+10 Tdav = 2.47 T = 25.32
 <-- Site =   59 .. Mmps =   15 Ndav =  41 E =   -109.5368349240 Error = 3.10e-05 FLOPS = 1.45e+10 Tdav = 2.82 T = 25.34
 <-- Site =   58 .. Mmps =   15 Ndav =  42 E =   -109.5402726829 Error = 5.17e-06 FLOPS = 1.43e+10 Tdav = 2.85 T = 25.08
 <-- Site =   57 .. Mmps =   15 Ndav =  39 E =   -109.5416576128 Error = 3.04e-06 FLOPS = 1.46e+10 Tdav = 2.60 T = 24.81
 <-- Site =   56 .. Mmps =   15 Ndav =  40 E =   -109.5434880544 Error = 4.25e-05 FLOPS = 1.45e+10 Tdav = 2.68 T = 24.90
 <-- Site =   55 .. Mmps =   15 Ndav =  46 E =   -109.5452188468 Error = 8.17e-05 FLOPS = 1.40e+10 Tdav = 3.21 T = 25.06
 <-- Site =   54 .. Mmps =   15 Ndav =  44 E =   -109.5462057326 Error = 2.70e-05 FLOPS = 1.40e+10 Tdav = 3.00 T = 24.41
 <-- Site =   53 .. Mmps =   15 Ndav =  67 E =   -109.5497139574 Error = 9.83e-05 FLOPS = 1.41e+10 Tdav = 4.56 T = 25.37
 <-- Site =   52 .. Mmps =   15 Ndav =  72 E =   -109.5579076217 Error = 3.87e-05 FLOPS = 1.41e+10 Tdav = 4.80 T = 24.87
 <-- Site =   51 .. Mmps =   15 Ndav =  61 E =   -109.5621686342 Error = 6.66e-05 FLOPS = 1.37e+10 Tdav = 4.11 T = 23.57
 <-- Site =   50 .. Mmps =   15 Ndav =  51 E =   -109.5686076238 Error = 2.11e-05 FLOPS = 1.33e+10 Tdav = 3.45 T = 22.43
 <-- Site =   49 .. Mmps =   15 Ndav =  49 E =   -109.5745633005 Error = 4.89e-05 FLOPS = 1.33e+10 Tdav = 3.32 T = 22.03
 <-- Site =   48 .. Mmps =   15 Ndav =  36 E =   -109.5761386408 Error = 1.23e-05 FLOPS = 1.48e+10 Tdav = 2.15 T = 20.38
 <-- Site =   47 .. Mmps =   15 Ndav =  35 E =   -109.5768935909 Error = 3.68e-05 FLOPS = 1.48e+10 Tdav = 2.08 T = 20.04
 <-- Site =   46 .. Mmps =   15 Ndav =  42 E =   -109.5820609012 Error = 1.96e-04 FLOPS = 1.41e+10 Tdav = 2.58 T = 20.06
 <-- Site =   45 .. Mmps =   15 Ndav =  41 E =   -109.5829726854 Error = 2.56e-05 FLOPS = 1.41e+10 Tdav = 2.51 T = 19.70
 <-- Site =   44 .. Mmps =   15 Ndav =  41 E =   -109.5866467452 Error = 5.66e-06 FLOPS = 1.41e+10 Tdav = 2.46 T = 18.86
 <-- Site =   43 .. Mmps =   15 Ndav =  39 E =   -109.5884658265 Error = 7.22e-05 FLOPS = 1.43e+10 Tdav = 2.26 T = 18.32
 <-- Site =   42 .. Mmps =   15 Ndav =  49 E =   -109.5909015455 Error = 2.59e-04 FLOPS = 1.31e+10 Tdav = 3.10 T = 18.82
 <-- Site =   41 .. Mmps =   15 Ndav =  44 E =   -109.5921789148 Error = 3.54e-05 FLOPS = 1.36e+10 Tdav = 2.62 T = 17.68
 <-- Site =   40 .. Mmps =   15 Ndav =  43 E =   -109.5953290213 Error = 7.86e-05 FLOPS = 1.37e+10 Tdav = 2.48 T = 16.86
 <-- Site =   39 .. Mmps =   15 Ndav =  44 E =   -109.5987286060 Error = 4.65e-05 FLOPS = 1.35e+10 Tdav = 2.53 T = 16.24
 <-- Site =   38 .. Mmps =   15 Ndav =  57 E =   -109.6019407224 Error = 3.11e-04 FLOPS = 1.31e+10 Tdav = 3.29 T = 16.42
 <-- Site =   37 .. Mmps =   15 Ndav =  75 E =   -109.6040993110 Error = 1.24e-04 FLOPS = 1.34e+10 Tdav = 4.13 T = 16.44
 <-- Site =   36 .. Mmps =   15 Ndav =  47 E =   -109.6073552999 Error = 2.05e-04 FLOPS = 1.28e+10 Tdav = 2.64 T = 14.53
 <-- Site =   35 .. Mmps =   15 Ndav =  44 E =   -109.6073969251 Error = 2.79e-05 FLOPS = 1.32e+10 Tdav = 2.33 T = 13.58
 <-- Site =   34 .. Mmps =   15 Ndav =  39 E =   -109.6084346344 Error = 1.97e-04 FLOPS = 1.38e+10 Tdav = 1.93 T = 12.60
 <-- Site =   33 .. Mmps =   15 Ndav =  51 E =   -109.6106046002 Error = 3.79e-04 FLOPS = 1.23e+10 Tdav = 2.76 T = 12.91
 <-- Site =   32 .. Mmps =   15 Ndav =  46 E =   -109.6106805809 Error = 1.16e-04 FLOPS = 1.27e+10 Tdav = 2.34 T = 11.89
 <-- Site =   31 .. Mmps =   15 Ndav =  43 E =   -109.6145034822 Error = 1.49e-04 FLOPS = 1.30e+10 Tdav = 2.08 T = 11.05
 <-- Site =   30 .. Mmps =   15 Ndav =  45 E =   -109.6165252718 Error = 6.50e-04 FLOPS = 1.25e+10 Tdav = 2.19 T = 10.68
 <-- Site =   29 .. Mmps =   15 Ndav =  65 E =   -109.6148494544 Error = 1.57e-03 FLOPS = 1.25e+10 Tdav = 3.06 T = 11.05
 <-- Site =   28 .. Mmps =   15 Ndav =  62 E =   -109.6050398508 Error = 6.47e-04 FLOPS = 1.23e+10 Tdav = 2.87 T = 10.35
 <-- Site =   27 .. Mmps =   15 Ndav =  88 E =   -109.6054323741 Error = 7.54e-04 FLOPS = 1.20e+10 Tdav = 4.03 T = 10.93
 <-- Site =   26 .. Mmps =   15 Ndav =  59 E =   -109.6065865174 Error = 2.14e-04 FLOPS = 1.20e+10 Tdav = 2.63 T = 9.18
 <-- Site =   25 .. Mmps =   15 Ndav =  50 E =   -109.6066877265 Error = 1.63e-04 FLOPS = 1.13e+10 Tdav = 2.29 T = 8.40
 <-- Site =   24 .. Mmps =   15 Ndav =  49 E =   -109.6075833457 Error = 9.70e-05 FLOPS = 1.12e+10 Tdav = 2.17 T = 7.87
 <-- Site =   23 .. Mmps =   15 Ndav =  46 E =   -109.6079756094 Error = 1.36e-04 FLOPS = 1.14e+10 Tdav = 1.92 T = 7.21
 <-- Site =   22 .. Mmps =   15 Ndav =  44 E =   -109.6081128830 Error = 1.52e-04 FLOPS = 1.17e+10 Tdav = 1.72 T = 6.61
 <-- Site =   21 .. Mmps =   15 Ndav =  54 E =   -109.6090325785 Error = 7.39e-04 FLOPS = 1.10e+10 Tdav = 2.18 T = 6.70
 <-- Site =   20 .. Mmps =   15 Ndav =  67 E =   -109.6057738880 Error = 6.44e-04 FLOPS = 1.14e+10 Tdav = 2.49 T = 6.64
 <-- Site =   19 .. Mmps =   15 Ndav =  49 E =   -109.6038287709 Error = 7.79e-04 FLOPS = 1.04e+10 Tdav = 1.90 T = 5.70
 <-- Site =   18 .. Mmps =   15 Ndav =  48 E =   -109.6009219129 Error = 4.59e-06 FLOPS = 1.04e+10 Tdav = 1.79 T = 5.25
 <-- Site =   17 .. Mmps =   15 Ndav =  46 E =   -109.6028035994 Error = 1.13e-03 FLOPS = 1.05e+10 Tdav = 1.62 T = 4.79
 <-- Site =   16 .. Mmps =   15 Ndav =  59 E =   -109.5946770217 Error = 1.65e-03 FLOPS = 1.03e+10 Tdav = 1.99 T = 4.84
 <-- Site =   15 .. Mmps =   15 Ndav =  52 E =   -109.5804330658 Error = 1.17e-03 FLOPS = 9.56e+09 Tdav = 1.80 T = 4.35
 <-- Site =   14 .. Mmps =   15 Ndav =  49 E =   -109.5690108924 Error = 3.45e-05 FLOPS = 9.34e+09 Tdav = 1.64 T = 3.92
 <-- Site =   13 .. Mmps =   15 Ndav =  39 E =   -109.5692187114 Error = 5.30e-05 FLOPS = 1.08e+10 Tdav = 1.06 T = 3.07
 <-- Site =   12 .. Mmps =   15 Ndav =  39 E =   -109.5688366217 Error = 6.41e-04 FLOPS = 1.04e+10 Tdav = 1.03 T = 2.81
 <-- Site =   11 .. Mmps =   15 Ndav =  46 E =   -109.5640594474 Error = 1.45e-06 FLOPS = 8.95e+09 Tdav = 1.32 T = 2.88
 <-- Site =   10 .. Mmps =   15 Ndav =  29 E =   -109.5640628429 Error = 5.13e-06 FLOPS = 1.21e+10 Tdav = 0.57 T = 1.91
 <-- Site =    9 .. Mmps =   15 Ndav =  35 E =   -109.5639633271 Error = 1.91e-06 FLOPS = 1.01e+10 Tdav = 0.66 T = 1.63
 <-- Site =    8 .. Mmps =   15 Ndav =  23 E =   -109.5639420797 Error = 1.44e-07 FLOPS = 1.35e+10 Tdav = 0.08 T = 0.31
 <-- Site =    7 .. Mmps =   15 Ndav =  20 E =   -109.5639398167 Error = 8.96e-09 FLOPS = 1.21e+10 Tdav = 0.02 T = 0.08
 <-- Site =    6 .. Mmps =   15 Ndav =  10 E =   -109.5639396953 Error = 6.25e-10 FLOPS = 1.27e+10 Tdav = 0.00 T = 0.04
 <-- Site =    5 .. Mmps =   15 Ndav =   9 E =   -109.5639396813 Error = 2.14e-12 FLOPS = 8.11e+09 Tdav = 0.00 T = 0.03
 <-- Site =    4 .. Mmps =   15 Ndav =   2 E =   -109.5639396812 Error = 2.86e-18 FLOPS = 3.04e+09 Tdav = 0.00 T = 0.03
 <-- Site =    3 .. Mmps =   15 Ndav =   1 E =   -109.5639396812 Error = 4.65e-28 FLOPS = 7.83e+08 Tdav = 0.00 T = 0.03
 <-- Site =    2 .. Mmps =   15 Ndav =   1 E =   -109.5639396812 Error = 2.69e-48 FLOPS = 2.81e+08 Tdav = 0.00 T = 0.03
 <-- Site =    1 .. Mmps =   15 Ndav =   1 E =   -109.5639396812 Error = 1.32e-76 FLOPS = 1.20e+08 Tdav = 0.00 T = 0.03
 <-- Site =    0 .. Mmps =   11 Ndav =   1 E =   -109.5639396812 Error = 0.00e+00 FLOPS = 4.25e+07 Tdav = 0.00 T = 0.03
Time elapsed =   2763.007 | E =    -109.6165252718 | DW = 3.46654e-03
Time sweep =     2763.007 | 4.74 TFLOP/SWP
 | Dmem = 136 MB (0%) | Imem = 232 B (79%) | Hmem = 536 MB | Wmem = 129 KB | Pmem = 129 KB
 | Tread = 76.946 | Twrite = 0.951 | Tfpread = 75.673 | Tfpwrite = 0.018 | Tmporead = 0.000 | Tasync = 0.000
 | data = 11.4 MB | cpsd = 7.82 MB
 | Trot = 0.025 | Tctr = 0.461 | Tint = 0.023 | Tmid = 0.000 | Tdctr = 0.012 | Tdiag = 0.420 | Tinfo = 0.208
 | Teff = 2362.780 | Tprt = 0.308 | Teig = 390.801 | Tblk = 2759.945 | Tmve = 3.051 | Tdm = 0.011 | Tsplt = 0.028 | Tsvd = 0.000 | Torth = 0.000

Sweep =    1 | Direction =  forward | Bond dimension =   15 | Noise =  1.00e-04 | Dav threshold =  1.00e-10
 --> Site =    0 .. Mmps =    2 Ndav =   1 E =   -109.5639396812 Error = 0.00e+00 FLOPS = 5.09e+07 Tdav = 0.00 T = 0.02
 --> Site =    1 .. Mmps =    4 Ndav =   1 E =   -109.5639396812 Error = 0.00e+00 FLOPS = 8.77e+07 Tdav = 0.00 T = 0.06
 --> Site =    2 .. Mmps =    8 Ndav =   1 E =   -109.5639396812 Error = 0.00e+00 FLOPS = 2.30e+08 Tdav = 0.00 T = 0.02
 --> Site =    3 .. Mmps =   15 Ndav =   1 E =   -109.5639396812 Error = 3.80e-27 FLOPS = 6.20e+08 Tdav = 0.00 T = 0.02
 --> Site =    4 .. Mmps =   15 Ndav =   1 E =   -109.5639396812 Error = 3.37e-25 FLOPS = 1.26e+09 Tdav = 0.00 T = 0.02
 --> Site =    5 .. Mmps =   15 Ndav =   3 E =   -109.5639396812 Error = 3.98e-23 FLOPS = 2.60e+09 Tdav = 0.00 T = 0.03
 --> Site =    6 .. Mmps =   15 Ndav =   6 E =   -109.5639396830 Error = 6.69e-21 FLOPS = 3.62e+09 Tdav = 0.00 T = 0.02
 --> Site =    7 .. Mmps =   15 Ndav =  10 E =   -109.5639397008 Error = 2.43e-18 FLOPS = 3.89e+09 Tdav = 0.00 T = 0.03
 --> Site =    8 .. Mmps =   15 Ndav =  11 E =   -109.5639400682 Error = 6.58e-19 FLOPS = 4.01e+09 Tdav = 0.00 T = 0.02
 --> Site =    9 .. Mmps =   15 Ndav =  24 E =   -109.5639428204 Error = 5.25e-19 FLOPS = 2.10e+09 Tdav = 0.00 T = 0.03
 --> Site =   10 .. Mmps =   15 Ndav =  25 E =   -109.5639566673 Error = 9.43e-19 FLOPS = 2.19e+09 Tdav = 0.00 T = 0.03
 --> Site =   11 .. Mmps =   15 Ndav =  19 E =   -109.5639587134 Error = 2.17e-18 FLOPS = 3.05e+09 Tdav = 0.00 T = 0.03
 --> Site =   12 .. Mmps =   15 Ndav =  34 E =   -109.5646290976 Error = 2.46e-17 FLOPS = 1.59e+09 Tdav = 0.01 T = 0.03
 --> Site =   13 .. Mmps =   15 Ndav =  26 E =   -109.5647667161 Error = 2.10e-18 FLOPS = 2.45e+09 Tdav = 0.00 T = 0.03
 --> Site =   14 .. Mmps =   15 Ndav =  24 E =   -109.5648326313 Error = 7.39e-18 FLOPS = 2.81e+09 Tdav = 0.00 T = 0.03
 --> Site =   15 .. Mmps =   15 Ndav =  38 E =   -109.5677263548 Error = 1.09e-17 FLOPS = 1.61e+09 Tdav = 0.01 T = 0.04
 --> Site =   16 .. Mmps =   15 Ndav =  34 E =   -109.5722473184 Error = 6.98e-18 FLOPS = 1.97e+09 Tdav = 0.01 T = 0.03
 --> Site =   17 .. Mmps =   15 Ndav =  33 E =   -109.5751997074 Error = 3.49e-18 FLOPS = 2.14e+09 Tdav = 0.01 T = 0.04
 --> Site =   18 .. Mmps =   15 Ndav =  24 E =   -109.5752466197 Error = 1.46e-18 FLOPS = 3.24e+09 Tdav = 0.00 T = 0.03
 --> Site =   19 .. Mmps =   15 Ndav =  29 E =   -109.5779970903 Error = 3.58e-18 FLOPS = 2.73e+09 Tdav = 0.00 T = 0.03
 --> Site =   20 .. Mmps =   15 Ndav =  37 E =   -109.5787886520 Error = 2.96e-18 FLOPS = 2.04e+09 Tdav = 0.01 T = 0.04
 --> Site =   21 .. Mmps =   15 Ndav =  28 E =   -109.5808766637 Error = 2.71e-17 FLOPS = 3.04e+09 Tdav = 0.00 T = 0.03
 --> Site =   22 .. Mmps =   15 Ndav =  24 E =   -109.5811465876 Error = 4.40e-18 FLOPS = 3.67e+09 Tdav = 0.00 T = 0.04
 --> Site =   23 .. Mmps =   15 Ndav =  29 E =   -109.5818093074 Error = 1.83e-18 FLOPS = 3.04e+09 Tdav = 0.01 T = 0.04
 --> Site =   24 .. Mmps =   15 Ndav =  27 E =   -109.5819883081 Error = 1.52e-19 FLOPS = 3.40e+09 Tdav = 0.00 T = 0.04
 --> Site =   25 .. Mmps =   15 Ndav =  31 E =   -109.5826458893 Error = 2.08e-18 FLOPS = 3.02e+09 Tdav = 0.01 T = 0.04
 --> Site =   26 .. Mmps =   15 Ndav =  30 E =   -109.5829713173 Error = 5.69e-19 FLOPS = 3.26e+09 Tdav = 0.01 T = 0.04
 --> Site =   27 .. Mmps =   15 Ndav =  48 E =   -109.5840357353 Error = 2.38e-18 FLOPS = 1.74e+09 Tdav = 0.02 T = 0.05
 --> Site =   28 .. Mmps =   15 Ndav =  33 E =   -109.5850277974 Error = 6.55e-18 FLOPS = 3.04e+09 Tdav = 0.01 T = 0.04
 --> Site =   29 .. Mmps =   15 Ndav =  31 E =   -109.5907675141 Error = 2.21e-17 FLOPS = 3.35e+09 Tdav = 0.01 T = 0.04
 --> Site =   30 .. Mmps =   15 Ndav =  26 E =   -109.5933209048 Error = 1.50e-17 FLOPS = 4.09e+09 Tdav = 0.00 T = 0.04
 --> Site =   31 .. Mmps =   15 Ndav =  22 E =   -109.5937201454 Error = 3.45e-19 FLOPS = 4.84e+09 Tdav = 0.00 T = 0.04
 --> Site =   32 .. Mmps =   15 Ndav =  17 E =   -109.5938281989 Error = 2.97e-19 FLOPS = 6.00e+09 Tdav = 0.00 T = 0.04
 --> Site =   33 .. Mmps =   15 Ndav =  22 E =   -109.5943626129 Error = 1.83e-18 FLOPS = 4.97e+09 Tdav = 0.00 T = 0.04
 --> Site =   34 .. Mmps =   15 Ndav =  24 E =   -109.5948223663 Error = 1.18e-18 FLOPS = 4.83e+09 Tdav = 0.00 T = 0.04
 --> Site =   35 .. Mmps =   15 Ndav =  24 E =   -109.5948915907 Error = 1.13e-17 FLOPS = 4.85e+09 Tdav = 0.00 T = 0.04
 --> Site =   36 .. Mmps =   15 Ndav =  27 E =   -109.5954965957 Error = 5.58e-19 FLOPS = 4.44e+09 Tdav = 0.00 T = 0.04
 --> Site =   37 .. Mmps =   15 Ndav =  28 E =   -109.5956329266 Error = 1.17e-19 FLOPS = 4.34e+09 Tdav = 0.01 T = 0.05
 --> Site =   38 .. Mmps =   15 Ndav =  27 E =   -109.5964900603 Error = 8.44e-19 FLOPS = 4.53e+09 Tdav = 0.00 T = 0.04
 --> Site =   39 .. Mmps =   15 Ndav =  24 E =   -109.5967218006 Error = 1.36e-18 FLOPS = 5.05e+09 Tdav = 0.00 T = 0.04
 --> Site =   40 .. Mmps =   15 Ndav =  21 E =   -109.5968653547 Error = 1.59e-18 FLOPS = 5.72e+09 Tdav = 0.00 T = 0.05
 --> Site =   41 .. Mmps =   15 Ndav =  16 E =   -109.5969008729 Error = 3.92e-18 FLOPS = 6.86e+09 Tdav = 0.00 T = 0.04
 --> Site =   42 .. Mmps =   15 Ndav =  18 E =   -109.5973522313 Error = 1.01e-17 FLOPS = 6.55e+09 Tdav = 0.00 T = 0.04
 --> Site =   43 .. Mmps =   15 Ndav =  17 E =   -109.5976811807 Error = 1.39e-19 FLOPS = 6.73e+09 Tdav = 0.00 T = 0.05
 --> Site =   44 .. Mmps =   15 Ndav =  11 E =   -109.5976993852 Error = 4.03e-18 FLOPS = 7.76e+09 Tdav = 0.00 T = 0.04
 --> Site =   45 .. Mmps =   15 Ndav =  13 E =   -109.5977112575 Error = 5.67e-19 FLOPS = 7.62e+09 Tdav = 0.00 T = 0.04
 --> Site =   46 .. Mmps =   15 Ndav =  21 E =   -109.5986427943 Error = 3.32e-19 FLOPS = 5.95e+09 Tdav = 0.00 T = 0.04
 --> Site =   47 .. Mmps =   15 Ndav =  18 E =   -109.5987895886 Error = 3.45e-19 FLOPS = 6.64e+09 Tdav = 0.00 T = 0.04
 --> Site =   48 .. Mmps =   15 Ndav =  20 E =   -109.5988409739 Error = 5.59e-18 FLOPS = 6.27e+09 Tdav = 0.00 T = 0.05
 --> Site =   49 .. Mmps =   15 Ndav =  20 E =   -109.5991079566 Error = 2.85e-19 FLOPS = 6.24e+09 Tdav = 0.00 T = 0.05
 --> Site =   50 .. Mmps =   15 Ndav =  20 E =   -109.5991521605 Error = 1.56e-18 FLOPS = 6.23e+09 Tdav = 0.00 T = 0.05
 --> Site =   51 .. Mmps =   15 Ndav =  24 E =   -109.5993607650 Error = 7.73e-19 FLOPS = 5.60e+09 Tdav = 0.00 T = 0.05
 --> Site =   52 .. Mmps =   15 Ndav =  24 E =   -109.5994251113 Error = 6.24e-19 FLOPS = 5.64e+09 Tdav = 0.00 T = 0.05
 --> Site =   53 .. Mmps =   15 Ndav =  18 E =   -109.5995355909 Error = 5.02e-18 FLOPS = 6.96e+09 Tdav = 0.00 T = 0.05
 --> Site =   54 .. Mmps =   15 Ndav =  19 E =   -109.5996229934 Error = 9.32e-18 FLOPS = 6.78e+09 Tdav = 0.00 T = 0.05
 --> Site =   55 .. Mmps =   15 Ndav =  21 E =   -109.5999279663 Error = 1.48e-18 FLOPS = 6.42e+09 Tdav = 0.00 T = 0.05
 --> Site =   56 .. Mmps =   15 Ndav =  18 E =   -109.6000517390 Error = 1.76e-19 FLOPS = 7.00e+09 Tdav = 0.00 T = 0.05
 --> Site =   57 .. Mmps =   15 Ndav =  10 E =   -109.6000573822 Error = 4.44e-18 FLOPS = 8.43e+09 Tdav = 0.00 T = 0.05
 --> Site =   58 .. Mmps =   15 Ndav =  10 E =   -109.6000659217 Error = 4.44e-18 FLOPS = 8.50e+09 Tdav = 0.00 T = 0.05
 --> Site =   59 .. Mmps =   15 Ndav =  15 E =   -109.6001005420 Error = 7.31e-18 FLOPS = 7.60e+09 Tdav = 0.00 T = 0.05
 --> Site =   60 .. Mmps =   15 Ndav =  16 E =   -109.6001471892 Error = 6.46e-18 FLOPS = 7.29e+09 Tdav = 0.00 T = 0.05
 --> Site =   61 .. Mmps =   15 Ndav =  10 E =   -109.6001648205 Error = 3.76e-18 FLOPS = 8.28e+09 Tdav = 0.00 T = 0.05
 --> Site =   62 .. Mmps =   15 Ndav =  19 E =   -109.6001861537 Error = 7.20e-19 FLOPS = 6.78e+09 Tdav = 0.00 T = 0.06
 --> Site =   63 .. Mmps =   15 Ndav =  18 E =   -109.6002343270 Error = 5.83e-18 FLOPS = 7.06e+09 Tdav = 0.00 T = 0.05
 --> Site =   64 .. Mmps =   15 Ndav =  28 E =   -109.6002908474 Error = 2.20e-19 FLOPS = 5.14e+09 Tdav = 0.01 T = 0.05
 --> Site =   65 .. Mmps =   15 Ndav =  19 E =   -109.6003087008 Error = 1.03e-18 FLOPS = 6.82e+09 Tdav = 0.00 T = 0.05
 --> Site =   66 .. Mmps =   15 Ndav =  22 E =   -109.6003505066 Error = 1.78e-18 FLOPS = 6.35e+09 Tdav = 0.00 T = 0.05
 --> Site =   67 .. Mmps =   15 Ndav =  17 E =   -109.6003628660 Error = 2.45e-18 FLOPS = 7.39e+09 Tdav = 0.00 T = 0.05
 --> Site =   68 .. Mmps =   15 Ndav =  19 E =   -109.6004615505 Error = 2.14e-18 FLOPS = 7.02e+09 Tdav = 0.00 T = 0.05
 --> Site =   69 .. Mmps =   15 Ndav =  16 E =   -109.6005207573 Error = 2.08e-18 FLOPS = 7.65e+09 Tdav = 0.00 T = 0.05
 --> Site =   70 .. Mmps =   15 Ndav =  10 E =   -109.6005315186 Error = 1.23e-18 FLOPS = 8.71e+09 Tdav = 0.00 T = 0.05
 --> Site =   71 .. Mmps =   15 Ndav =   8 E =   -109.6005350111 Error = 4.96e-20 FLOPS = 8.71e+09 Tdav = 0.00 T = 0.05
 --> Site =   72 .. Mmps =   15 Ndav =  16 E =   -109.6005670894 Error = 4.21e-18 FLOPS = 7.51e+09 Tdav = 0.00 T = 0.06
 --> Site =   73 .. Mmps =   15 Ndav =  17 E =   -109.6006114915 Error = 1.25e-20 FLOPS = 7.31e+09 Tdav = 0.00 T = 0.05
 --> Site =   74 .. Mmps =   15 Ndav =  11 E =   -109.6006203501 Error = 4.11e-18 FLOPS = 8.26e+09 Tdav = 0.00 T = 0.05
 --> Site =   75 .. Mmps =   15 Ndav =  19 E =   -109.6006422447 Error = 1.66e-18 FLOPS = 6.95e+09 Tdav = 0.00 T = 0.05
 --> Site =   76 .. Mmps =   15 Ndav =  25 E =   -109.6007122788 Error = 9.90e-19 FLOPS = 5.72e+09 Tdav = 0.01 T = 0.07
 --> Site =   77 .. Mmps =   15 Ndav =  20 E =   -109.6007817865 Error = 1.14e-18 FLOPS = 6.76e+09 Tdav = 0.00 T = 0.06
 --> Site =   78 .. Mmps =   15 Ndav =  22 E =   -109.6007904349 Error = 3.33e-18 FLOPS = 6.39e+09 Tdav = 0.00 T = 0.05
 --> Site =   79 .. Mmps =   15 Ndav =  19 E =   -109.6008305312 Error = 1.93e-18 FLOPS = 7.00e+09 Tdav = 0.00 T = 0.05
 --> Site =   80 .. Mmps =   15 Ndav =  20 E =   -109.6008398334 Error = 1.05e-18 FLOPS = 6.77e+09 Tdav = 0.00 T = 0.05
 --> Site =   81 .. Mmps =   15 Ndav =  18 E =   -109.6008819402 Error = 1.88e-19 FLOPS = 7.17e+09 Tdav = 0.00 T = 0.06
 --> Site =   82 .. Mmps =   15 Ndav =  17 E =   -109.6009653281 Error = 3.30e-19 FLOPS = 7.27e+09 Tdav = 0.00 T = 0.05
 --> Site =   83 .. Mmps =   15 Ndav =   7 E =   -109.6009802416 Error = 3.93e-18 FLOPS = 8.69e+09 Tdav = 0.00 T = 0.05
 --> Site =   84 .. Mmps =   15 Ndav =   8 E =   -109.6009850802 Error = 5.13e-18 FLOPS = 8.67e+09 Tdav = 0.00 T = 0.05
 --> Site =   85 .. Mmps =   15 Ndav =  15 E =   -109.6010143475 Error = 5.07e-18 FLOPS = 7.63e+09 Tdav = 0.00 T = 0.05
 --> Site =   86 .. Mmps =   15 Ndav =  14 E =   -109.6010555404 Error = 1.79e-19 FLOPS = 7.78e+09 Tdav = 0.00 T = 0.05
 --> Site =   87 .. Mmps =   15 Ndav =   9 E =   -109.6010684046 Error = 3.03e-18 FLOPS = 8.38e+09 Tdav = 0.00 T = 0.05
 --> Site =   88 .. Mmps =   15 Ndav =  18 E =   -109.6010934267 Error = 2.29e-18 FLOPS = 7.07e+09 Tdav = 0.00 T = 0.05
 --> Site =   89 .. Mmps =   15 Ndav =  18 E =   -109.6011468569 Error = 1.79e-18 FLOPS = 7.03e+09 Tdav = 0.00 T = 0.05
 --> Site =   90 .. Mmps =   15 Ndav =  29 E =   -109.6012041599 Error = 2.25e-17 FLOPS = 5.11e+09 Tdav = 0.01 T = 0.05
 --> Site =   91 .. Mmps =   15 Ndav =  17 E =   -109.6012153805 Error = 5.95e-20 FLOPS = 7.28e+09 Tdav = 0.00 T = 0.05
 --> Site =   92 .. Mmps =   15 Ndav =  25 E =   -109.6012550673 Error = 2.30e-18 FLOPS = 5.71e+09 Tdav = 0.00 T = 0.06
 --> Site =   93 .. Mmps =   15 Ndav =  19 E =   -109.6012617931 Error = 2.01e-18 FLOPS = 6.87e+09 Tdav = 0.00 T = 0.06
 --> Site =   94 .. Mmps =   15 Ndav =  20 E =   -109.6015632314 Error = 2.31e-18 FLOPS = 6.72e+09 Tdav = 0.00 T = 0.06
 --> Site =   95 .. Mmps =   15 Ndav =  16 E =   -109.6016252478 Error = 2.06e-18 FLOPS = 7.49e+09 Tdav = 0.00 T = 0.05
 --> Site =   96 .. Mmps =   15 Ndav =  10 E =   -109.6016299482 Error = 2.31e-18 FLOPS = 8.39e+09 Tdav = 0.00 T = 0.05
 --> Site =   97 .. Mmps =   15 Ndav =  10 E =   -109.6016468545 Error = 5.45e-18 FLOPS = 8.31e+09 Tdav = 0.00 T = 0.05
 --> Site =   98 .. Mmps =   15 Ndav =  16 E =   -109.6016873545 Error = 3.86e-18 FLOPS = 7.40e+09 Tdav = 0.00 T = 0.05
 --> Site =   99 .. Mmps =   15 Ndav =  16 E =   -109.6017337367 Error = 6.59e-19 FLOPS = 7.43e+09 Tdav = 0.00 T = 0.05
 --> Site =  100 .. Mmps =   15 Ndav =  11 E =   -109.6017452414 Error = 6.17e-18 FLOPS = 8.01e+09 Tdav = 0.00 T = 0.05
 --> Site =  101 .. Mmps =   15 Ndav =  19 E =   -109.6017739279 Error = 1.95e-18 FLOPS = 6.89e+09 Tdav = 0.00 T = 0.05
 --> Site =  102 .. Mmps =   15 Ndav =  28 E =   -109.6018121410 Error = 9.62e-19 FLOPS = 5.23e+09 Tdav = 0.01 T = 0.05
 --> Site =  103 .. Mmps =   15 Ndav =  20 E =   -109.6018568176 Error = 1.59e-18 FLOPS = 6.64e+09 Tdav = 0.00 T = 0.05
 --> Site =  104 .. Mmps =   15 Ndav =  21 E =   -109.6019059047 Error = 4.93e-19 FLOPS = 6.44e+09 Tdav = 0.00 T = 0.05
 --> Site =  105 .. Mmps =   15 Ndav =  19 E =   -109.6019501853 Error = 2.11e-18 FLOPS = 6.86e+09 Tdav = 0.00 T = 0.05
 --> Site =  106 .. Mmps =   15 Ndav =  22 E =   -109.6019619245 Error = 3.77e-19 FLOPS = 6.24e+09 Tdav = 0.00 T = 0.05
 --> Site =  107 .. Mmps =   15 Ndav =  18 E =   -109.6020133477 Error = 3.06e-18 FLOPS = 6.95e+09 Tdav = 0.00 T = 0.05
 --> Site =  108 .. Mmps =   15 Ndav =  14 E =   -109.6020355652 Error = 1.16e-18 FLOPS = 7.70e+09 Tdav = 0.00 T = 0.05
 --> Site =  109 .. Mmps =   15 Ndav =  10 E =   -109.6020566432 Error = 2.75e-18 FLOPS = 8.31e+09 Tdav = 0.00 T = 0.05
 --> Site =  110 .. Mmps =   15 Ndav =   9 E =   -109.6020643744 Error = 2.29e-18 FLOPS = 8.12e+09 Tdav = 0.00 T = 0.05
 --> Site =  111 .. Mmps =   15 Ndav =  14 E =   -109.6020775494 Error = 4.55e-18 FLOPS = 7.57e+09 Tdav = 0.00 T = 0.05
 --> Site =  112 .. Mmps =   15 Ndav =  14 E =   -109.6020970522 Error = 1.20e-18 FLOPS = 7.55e+09 Tdav = 0.00 T = 0.05
 --> Site =  113 .. Mmps =   15 Ndav =  14 E =   -109.6021065421 Error = 2.19e-18 FLOPS = 7.53e+09 Tdav = 0.00 T = 0.06
 --> Site =  114 .. Mmps =   15 Ndav =  16 E =   -109.6021118901 Error = 6.42e-19 FLOPS = 7.16e+09 Tdav = 0.00 T = 0.05
 --> Site =  115 .. Mmps =   15 Ndav =  20 E =   -109.6021782391 Error = 4.05e-18 FLOPS = 6.39e+09 Tdav = 0.00 T = 0.05
 --> Site =  116 .. Mmps =   15 Ndav =  25 E =   -109.6022504107 Error = 1.09e-18 FLOPS = 5.44e+09 Tdav = 0.00 T = 0.05
 --> Site =  117 .. Mmps =   15 Ndav =  19 E =   -109.6022569552 Error = 4.48e-19 FLOPS = 6.57e+09 Tdav = 0.00 T = 0.05
 --> Site =  118 .. Mmps =   15 Ndav =  25 E =   -109.6023363173 Error = 4.79e-18 FLOPS = 5.34e+09 Tdav = 0.00 T = 0.05
 --> Site =  119 .. Mmps =   15 Ndav =  17 E =   -109.6023505952 Error = 1.07e-18 FLOPS = 6.95e+09 Tdav = 0.00 T = 0.05
 --> Site =  120 .. Mmps =   15 Ndav =  14 E =   -109.6023640593 Error = 1.19e-18 FLOPS = 7.40e+09 Tdav = 0.00 T = 0.05
 --> Site =  121 .. Mmps =   15 Ndav =  15 E =   -109.6023909244 Error = 1.36e-18 FLOPS = 7.22e+09 Tdav = 0.00 T = 0.04
 --> Site =  122 .. Mmps =   15 Ndav =   9 E =   -109.6023951948 Error = 9.61e-18 FLOPS = 8.25e+09 Tdav = 0.00 T = 0.04
 --> Site =  123 .. Mmps =   15 Ndav =   8 E =   -109.6023955446 Error = 3.01e-18 FLOPS = 8.23e+09 Tdav = 0.00 T = 0.04
 --> Site =  124 .. Mmps =   15 Ndav =  14 E =   -109.6024379994 Error = 7.56e-19 FLOPS = 7.36e+09 Tdav = 0.00 T = 0.04
 --> Site =  125 .. Mmps =   15 Ndav =  17 E =   -109.6025619542 Error = 1.42e-18 FLOPS = 6.67e+09 Tdav = 0.00 T = 0.04
 --> Site =  126 .. Mmps =   15 Ndav =  15 E =   -109.6026139485 Error = 3.17e-18 FLOPS = 7.03e+09 Tdav = 0.00 T = 0.04
 --> Site =  127 .. Mmps =   15 Ndav =  14 E =   -109.6026157838 Error = 4.12e-18 FLOPS = 7.10e+09 Tdav = 0.00 T = 0.04
 --> Site =  128 .. Mmps =   15 Ndav =  19 E =   -109.6027980849 Error = 6.19e-19 FLOPS = 6.05e+09 Tdav = 0.00 T = 0.04
 --> Site =  129 .. Mmps =   15 Ndav =  24 E =   -109.6028482248 Error = 1.10e-18 FLOPS = 5.12e+09 Tdav = 0.00 T = 0.05
 --> Site =  130 .. Mmps =   15 Ndav =  23 E =   -109.6030004980 Error = 4.51e-19 FLOPS = 5.20e+09 Tdav = 0.00 T = 0.04
 --> Site =  131 .. Mmps =   15 Ndav =  30 E =   -109.6032182016 Error = 5.41e-18 FLOPS = 3.97e+09 Tdav = 0.01 T = 0.04
 --> Site =  132 .. Mmps =   15 Ndav =  16 E =   -109.6032534608 Error = 2.96e-19 FLOPS = 6.34e+09 Tdav = 0.00 T = 0.04
 --> Site =  133 .. Mmps =   15 Ndav =  26 E =   -109.6035123433 Error = 4.03e-18 FLOPS = 4.53e+09 Tdav = 0.00 T = 0.04
 --> Site =  134 .. Mmps =   15 Ndav =  23 E =   -109.6035578031 Error = 1.36e-18 FLOPS = 4.94e+09 Tdav = 0.00 T = 0.04
 --> Site =  135 .. Mmps =   15 Ndav =  23 E =   -109.6036438171 Error = 3.99e-18 FLOPS = 4.77e+09 Tdav = 0.00 T = 0.04
 --> Site =  136 .. Mmps =   15 Ndav =  20 E =   -109.6036678355 Error = 2.64e-18 FLOPS = 5.29e+09 Tdav = 0.00 T = 0.04
 --> Site =  137 .. Mmps =   15 Ndav =  18 E =   -109.6037131563 Error = 2.95e-18 FLOPS = 5.71e+09 Tdav = 0.00 T = 0.04
 --> Site =  138 .. Mmps =   15 Ndav =  22 E =   -109.6040422238 Error = 1.76e-19 FLOPS = 4.76e+09 Tdav = 0.00 T = 0.04
 --> Site =  139 .. Mmps =   15 Ndav =  18 E =   -109.6041180266 Error = 9.76e-20 FLOPS = 5.43e+09 Tdav = 0.00 T = 0.04
 --> Site =  140 .. Mmps =   15 Ndav =  25 E =   -109.6041495311 Error = 1.02e-18 FLOPS = 3.96e+09 Tdav = 0.00 T = 0.04
 --> Site =  141 .. Mmps =   15 Ndav =  34 E =   -109.6043232978 Error = 5.58e-19 FLOPS = 2.77e+09 Tdav = 0.01 T = 0.04
 --> Site =  142 .. Mmps =   15 Ndav =  33 E =   -109.6053280010 Error = 1.42e-17 FLOPS = 2.81e+09 Tdav = 0.01 T = 0.04
 --> Site =  143 .. Mmps =   15 Ndav =  21 E =   -109.6053491298 Error = 5.87e-18 FLOPS = 4.40e+09 Tdav = 0.00 T = 0.03
 --> Site =  144 .. Mmps =   15 Ndav =  29 E =   -109.6054499925 Error = 2.56e-18 FLOPS = 3.11e+09 Tdav = 0.00 T = 0.04
 --> Site =  145 .. Mmps =   15 Ndav =  27 E =   -109.6055598914 Error = 2.22e-17 FLOPS = 3.24e+09 Tdav = 0.00 T = 0.04
 --> Site =  146 .. Mmps =   15 Ndav =  31 E =   -109.6056614993 Error = 4.76e-18 FLOPS = 2.68e+09 Tdav = 0.01 T = 0.03
 --> Site =  147 .. Mmps =   15 Ndav =  20 E =   -109.6056760479 Error = 6.53e-18 FLOPS = 4.15e+09 Tdav = 0.00 T = 0.03
 --> Site =  148 .. Mmps =   15 Ndav =  18 E =   -109.6057278144 Error = 3.56e-19 FLOPS = 4.36e+09 Tdav = 0.00 T = 0.03
 --> Site =  149 .. Mmps =   15 Ndav =  21 E =   -109.6057367443 Error = 2.34e-18 FLOPS = 3.72e+09 Tdav = 0.00 T = 0.03
 --> Site =  150 .. Mmps =   15 Ndav =  34 E =   -109.6058134109 Error = 5.77e-19 FLOPS = 2.03e+09 Tdav = 0.01 T = 0.04
 --> Site =  151 .. Mmps =   15 Ndav =  32 E =   -109.6066787369 Error = 2.06e-18 FLOPS = 2.15e+09 Tdav = 0.01 T = 0.03
 --> Site =  152 .. Mmps =   15 Ndav =  29 E =   -109.6072294680 Error = 8.35e-19 FLOPS = 2.34e+09 Tdav = 0.00 T = 0.03
 --> Site =  153 .. Mmps =   15 Ndav =  27 E =   -109.6075766016 Error = 1.20e-17 FLOPS = 2.45e+09 Tdav = 0.00 T = 0.03
 --> Site =  154 .. Mmps =   15 Ndav =  24 E =   -109.6077308958 Error = 2.14e-18 FLOPS = 2.68e+09 Tdav = 0.00 T = 0.03
 --> Site =  155 .. Mmps =   15 Ndav =  31 E =   -109.6083042027 Error = 1.18e-17 FLOPS = 1.85e+09 Tdav = 0.01 T = 0.03
 --> Site =  156 .. Mmps =   15 Ndav =  28 E =   -109.6090113145 Error = 1.65e-17 FLOPS = 1.98e+09 Tdav = 0.00 T = 0.03
 --> Site =  157 .. Mmps =   15 Ndav =  35 E =   -109.6101654194 Error = 5.42e-18 FLOPS = 1.36e+09 Tdav = 0.01 T = 0.03
 --> Site =  158 .. Mmps =   15 Ndav =  34 E =   -109.6118318560 Error = 1.14e-17 FLOPS = 1.32e+09 Tdav = 0.01 T = 0.03
 --> Site =  159 .. Mmps =   15 Ndav =  43 E =   -109.6206639344 Error = 1.28e-17 FLOPS = 8.48e+08 Tdav = 0.01 T = 0.04
 --> Site =  160 .. Mmps =   15 Ndav =  44 E =   -109.6247550828 Error = 4.01e-17 FLOPS = 7.43e+08 Tdav = 0.01 T = 0.04
 --> Site =  161 .. Mmps =   15 Ndav =  40 E =   -109.6259734338 Error = 1.31e-18 FLOPS = 7.95e+08 Tdav = 0.01 T = 0.04
 --> Site =  162 .. Mmps =   15 Ndav =  35 E =   -109.6267356300 Error = 5.19e-18 FLOPS = 8.86e+08 Tdav = 0.01 T = 0.03
 --> Site =  163 .. Mmps =   15 Ndav =  45 E =   -109.6271555424 Error = 2.91e-18 FLOPS = 5.15e+08 Tdav = 0.01 T = 0.04
 --> Site =  164 .. Mmps =   15 Ndav =  14 E =   -109.6271574526 Error = 2.70e-19 FLOPS = 2.12e+09 Tdav = 0.00 T = 0.03
 --> Site =  165 .. Mmps =   15 Ndav =   1 E =   -109.6271574526 Error = 5.53e-29 FLOPS = 7.36e+08 Tdav = 0.00 T = 0.03
 --> Site =  166 .. Mmps =   15 Ndav =   1 E =   -109.6271574526 Error = 6.30e-52 FLOPS = 3.55e+08 Tdav = 0.00 T = 0.03
 --> Site =  167 .. Mmps =   15 Ndav =   1 E =   -109.6271574526 Error = 1.94e-81 FLOPS = 1.40e+08 Tdav = 0.00 T = 0.03
 --> Site =  168 .. Mmps =   15 Ndav =   1 E =   -109.6271574526 Error = 1.58e-108 FLOPS = 4.25e+07 Tdav = 0.00 T = 0.03
Time elapsed =   2770.227 | E =    -109.6271574526 | DE = -1.06e-02 | DW = 4.00829e-17
Time sweep =        7.219 | 2.36 GFLOP/SWP
 | Dmem = 107 KB (3%) | Imem = 232 B (79%) | Hmem = 512 KB | Wmem = 3.52 KB | Pmem = 3.52 KB
 | Tread = 0.180 | Twrite = 0.687 | Tfpread = 0.029 | Tfpwrite = 0.018 | Tmporead = 0.000 | Tasync = 0.000
 | data = 11.4 MB | cpsd = 8.71 MB
 | Trot = 0.023 | Tctr = 0.004 | Tint = 0.007 | Tmid = 0.000 | Tdctr = 0.107 | Tdiag = 0.014 | Tinfo = 0.186
 | Teff = 2.219 | Tprt = 0.131 | Teig = 0.574 | Tblk = 5.874 | Tmve = 1.336 | Tdm = 0.002 | Tsplt = 0.015 | Tsvd = 0.000 | Torth = 0.000

Sweep =    2 | Direction = backward | Bond dimension =   15 | Noise =  1.00e-04 | Dav threshold =  1.00e-10
 <-- Site =  168 .. Mmps =    2 Ndav =   1 E =   -109.6271574526 Error = 0.00e+00 FLOPS = 5.89e+07 Tdav = 0.00 T = 0.02
 <-- Site =  167 .. Mmps =    4 Ndav =   1 E =   -109.6271574526 Error = 0.00e+00 FLOPS = 2.05e+08 Tdav = 0.00 T = 0.02
 <-- Site =  166 .. Mmps =    8 Ndav =   1 E =   -109.6271574526 Error = 0.00e+00 FLOPS = 4.07e+08 Tdav = 0.00 T = 0.02
 <-- Site =  165 .. Mmps =   15 Ndav =   1 E =   -109.6271574526 Error = 0.00e+00 FLOPS = 7.47e+08 Tdav = 0.00 T = 0.02
 <-- Site =  164 .. Mmps =   15 Ndav =   1 E =   -109.6271574526 Error = 1.62e-20 FLOPS = 1.28e+09 Tdav = 0.00 T = 0.03
 <-- Site =  163 .. Mmps =   15 Ndav =   8 E =   -109.6271574562 Error = 6.14e-19 FLOPS = 2.83e+09 Tdav = 0.00 T = 0.02
 <-- Site =  162 .. Mmps =   15 Ndav =  18 E =   -109.6271584991 Error = 1.45e-19 FLOPS = 2.10e+09 Tdav = 0.00 T = 0.03
 <-- Site =  161 .. Mmps =   15 Ndav =  24 E =   -109.6271640996 Error = 8.33e-19 FLOPS = 1.69e+09 Tdav = 0.00 T = 0.03
 <-- Site =  160 .. Mmps =   15 Ndav =  27 E =   -109.6271739053 Error = 4.62e-19 FLOPS = 1.55e+09 Tdav = 0.00 T = 0.03
 <-- Site =  159 .. Mmps =   15 Ndav =  33 E =   -109.6272730960 Error = 4.34e-18 FLOPS = 1.26e+09 Tdav = 0.01 T = 0.03
 <-- Site =  158 .. Mmps =   15 Ndav =  33 E =   -109.6283843968 Error = 1.29e-17 FLOPS = 1.36e+09 Tdav = 0.01 T = 0.03
 <-- Site =  157 .. Mmps =   15 Ndav =  34 E =   -109.6286012432 Error = 9.26e-18 FLOPS = 1.41e+09 Tdav = 0.01 T = 0.03
 <-- Site =  156 .. Mmps =   15 Ndav =  26 E =   -109.6287748353 Error = 4.44e-18 FLOPS = 2.18e+09 Tdav = 0.00 T = 0.03
 <-- Site =  155 .. Mmps =   15 Ndav =  27 E =   -109.6288959213 Error = 1.71e-17 FLOPS = 2.20e+09 Tdav = 0.00 T = 0.03
 <-- Site =  154 .. Mmps =   15 Ndav =  23 E =   -109.6289454406 Error = 2.11e-18 FLOPS = 2.81e+09 Tdav = 0.00 T = 0.03
 <-- Site =  153 .. Mmps =   15 Ndav =  22 E =   -109.6289749033 Error = 9.95e-19 FLOPS = 3.05e+09 Tdav = 0.00 T = 0.03
 <-- Site =  152 .. Mmps =   15 Ndav =  26 E =   -109.6290533604 Error = 2.97e-18 FLOPS = 2.71e+09 Tdav = 0.00 T = 0.03
 <-- Site =  151 .. Mmps =   15 Ndav =  33 E =   -109.6297810756 Error = 7.10e-17 FLOPS = 2.05e+09 Tdav = 0.01 T = 0.03
 <-- Site =  150 .. Mmps =   15 Ndav =  38 E =   -109.6299537467 Error = 3.88e-18 FLOPS = 1.74e+09 Tdav = 0.01 T = 0.04
 <-- Site =  149 .. Mmps =   15 Ndav =  31 E =   -109.6303530579 Error = 3.75e-18 FLOPS = 2.44e+09 Tdav = 0.01 T = 0.04
 <-- Site =  148 .. Mmps =   15 Ndav =  19 E =   -109.6303700208 Error = 8.28e-18 FLOPS = 4.30e+09 Tdav = 0.00 T = 0.03
 <-- Site =  147 .. Mmps =   15 Ndav =  33 E =   -109.6306611666 Error = 1.55e-17 FLOPS = 2.39e+09 Tdav = 0.01 T = 0.04
 <-- Site =  146 .. Mmps =   15 Ndav =  30 E =   -109.6306916448 Error = 5.38e-18 FLOPS = 2.81e+09 Tdav = 0.01 T = 0.04
 <-- Site =  145 .. Mmps =   15 Ndav =  33 E =   -109.6307492363 Error = 7.59e-18 FLOPS = 2.57e+09 Tdav = 0.01 T = 0.04
 <-- Site =  144 .. Mmps =   15 Ndav =  28 E =   -109.6308533148 Error = 6.01e-18 FLOPS = 3.25e+09 Tdav = 0.00 T = 0.04
 <-- Site =  143 .. Mmps =   15 Ndav =  16 E =   -109.6308548220 Error = 9.38e-18 FLOPS = 5.52e+09 Tdav = 0.00 T = 0.03
 <-- Site =  142 .. Mmps =   15 Ndav =  26 E =   -109.6308796441 Error = 1.03e-18 FLOPS = 3.69e+09 Tdav = 0.00 T = 0.03
 <-- Site =  141 .. Mmps =   15 Ndav =  30 E =   -109.6309319843 Error = 9.93e-19 FLOPS = 3.21e+09 Tdav = 0.01 T = 0.04
 <-- Site =  140 .. Mmps =   15 Ndav =  27 E =   -109.6309575421 Error = 3.52e-19 FLOPS = 3.69e+09 Tdav = 0.00 T = 0.04
 <-- Site =  139 .. Mmps =   15 Ndav =  20 E =   -109.6310064480 Error = 1.21e-18 FLOPS = 5.00e+09 Tdav = 0.00 T = 0.04
 <-- Site =  138 .. Mmps =   15 Ndav =  17 E =   -109.6310199118 Error = 8.94e-21 FLOPS = 5.75e+09 Tdav = 0.00 T = 0.04
 <-- Site =  137 .. Mmps =   15 Ndav =  23 E =   -109.6311036478 Error = 1.40e-17 FLOPS = 4.65e+09 Tdav = 0.00 T = 0.04
 <-- Site =  136 .. Mmps =   15 Ndav =  24 E =   -109.6311367051 Error = 4.41e-18 FLOPS = 4.52e+09 Tdav = 0.00 T = 0.04
 <-- Site =  135 .. Mmps =   15 Ndav =  25 E =   -109.6311535925 Error = 4.62e-18 FLOPS = 4.41e+09 Tdav = 0.00 T = 0.04
 <-- Site =  134 .. Mmps =   15 Ndav =  20 E =   -109.6312202019 Error = 2.44e-18 FLOPS = 5.41e+09 Tdav = 0.00 T = 0.04
 <-- Site =  133 .. Mmps =   15 Ndav =  25 E =   -109.6312324450 Error = 9.71e-20 FLOPS = 4.54e+09 Tdav = 0.00 T = 0.04
 <-- Site =  132 .. Mmps =   15 Ndav =  15 E =   -109.6312460462 Error = 2.23e-18 FLOPS = 6.59e+09 Tdav = 0.00 T = 0.04
 <-- Site =  131 .. Mmps =   15 Ndav =  28 E =   -109.6312617579 Error = 7.08e-19 FLOPS = 4.23e+09 Tdav = 0.01 T = 0.05
 <-- Site =  130 .. Mmps =   15 Ndav =  18 E =   -109.6312779284 Error = 3.20e-17 FLOPS = 6.17e+09 Tdav = 0.00 T = 0.04
 <-- Site =  129 .. Mmps =   15 Ndav =  23 E =   -109.6313187631 Error = 2.05e-18 FLOPS = 5.19e+09 Tdav = 0.00 T = 0.04
 <-- Site =  128 .. Mmps =   15 Ndav =  13 E =   -109.6313241412 Error = 3.71e-19 FLOPS = 7.37e+09 Tdav = 0.00 T = 0.04
 <-- Site =  127 .. Mmps =   15 Ndav =  16 E =   -109.6313290704 Error = 2.49e-19 FLOPS = 6.62e+09 Tdav = 0.00 T = 0.04
 <-- Site =  126 .. Mmps =   15 Ndav =  12 E =   -109.6313371064 Error = 1.28e-18 FLOPS = 7.40e+09 Tdav = 0.00 T = 0.04
 <-- Site =  125 .. Mmps =   15 Ndav =  13 E =   -109.6313429764 Error = 6.41e-19 FLOPS = 7.23e+09 Tdav = 0.00 T = 0.04
 <-- Site =  124 .. Mmps =   15 Ndav =  14 E =   -109.6313633436 Error = 3.85e-17 FLOPS = 7.33e+09 Tdav = 0.00 T = 0.05
 <-- Site =  123 .. Mmps =   15 Ndav =  13 E =   -109.6313739083 Error = 5.51e-19 FLOPS = 7.49e+09 Tdav = 0.00 T = 0.04
 <-- Site =  122 .. Mmps =   15 Ndav =   9 E =   -109.6313750210 Error = 3.90e-19 FLOPS = 7.92e+09 Tdav = 0.00 T = 0.05
 <-- Site =  121 .. Mmps =   15 Ndav =  12 E =   -109.6313765862 Error = 4.08e-18 FLOPS = 7.73e+09 Tdav = 0.00 T = 0.04
 <-- Site =  120 .. Mmps =   15 Ndav =  13 E =   -109.6313830819 Error = 1.72e-17 FLOPS = 7.67e+09 Tdav = 0.00 T = 0.05
 <-- Site =  119 .. Mmps =   15 Ndav =  18 E =   -109.6313850556 Error = 1.56e-18 FLOPS = 6.61e+09 Tdav = 0.00 T = 0.05
 <-- Site =  118 .. Mmps =   15 Ndav =  21 E =   -109.6313864512 Error = 5.27e-19 FLOPS = 6.09e+09 Tdav = 0.00 T = 0.05
 <-- Site =  117 .. Mmps =   15 Ndav =  21 E =   -109.6313902407 Error = 4.63e-19 FLOPS = 6.11e+09 Tdav = 0.00 T = 0.05
 <-- Site =  116 .. Mmps =   15 Ndav =  23 E =   -109.6313955680 Error = 2.20e-19 FLOPS = 5.76e+09 Tdav = 0.00 T = 0.05
 <-- Site =  115 .. Mmps =   15 Ndav =  14 E =   -109.6314022024 Error = 5.84e-18 FLOPS = 7.63e+09 Tdav = 0.00 T = 0.05
 <-- Site =  114 .. Mmps =   15 Ndav =  14 E =   -109.6314051895 Error = 4.47e-19 FLOPS = 7.57e+09 Tdav = 0.00 T = 0.05
 <-- Site =  113 .. Mmps =   15 Ndav =   8 E =   -109.6314054986 Error = 1.60e-18 FLOPS = 8.21e+09 Tdav = 0.00 T = 0.05
 <-- Site =  112 .. Mmps =   15 Ndav =   8 E =   -109.6314126758 Error = 3.43e-20 FLOPS = 8.04e+09 Tdav = 0.00 T = 0.05
 <-- Site =  111 .. Mmps =   15 Ndav =  15 E =   -109.6314314545 Error = 1.26e-16 FLOPS = 7.34e+09 Tdav = 0.00 T = 0.05
 <-- Site =  110 .. Mmps =   15 Ndav =   8 E =   -109.6314344962 Error = 4.76e-19 FLOPS = 8.15e+09 Tdav = 0.00 T = 0.05
 <-- Site =  109 .. Mmps =   15 Ndav =   6 E =   -109.6314350169 Error = 1.74e-19 FLOPS = 8.01e+09 Tdav = 0.00 T = 0.05
 <-- Site =  108 .. Mmps =   15 Ndav =  11 E =   -109.6314452122 Error = 4.06e-20 FLOPS = 8.19e+09 Tdav = 0.00 T = 0.05
 <-- Site =  107 .. Mmps =   15 Ndav =  14 E =   -109.6314573682 Error = 5.72e-18 FLOPS = 7.69e+09 Tdav = 0.00 T = 0.05
 <-- Site =  106 .. Mmps =   15 Ndav =  22 E =   -109.6314907842 Error = 1.14e-19 FLOPS = 6.20e+09 Tdav = 0.00 T = 0.05
 <-- Site =  105 .. Mmps =   15 Ndav =  17 E =   -109.6315201973 Error = 4.81e-19 FLOPS = 7.27e+09 Tdav = 0.00 T = 0.05
 <-- Site =  104 .. Mmps =   15 Ndav =  18 E =   -109.6315269634 Error = 2.69e-19 FLOPS = 7.10e+09 Tdav = 0.00 T = 0.05
 <-- Site =  103 .. Mmps =   15 Ndav =  14 E =   -109.6315288751 Error = 1.77e-19 FLOPS = 7.96e+09 Tdav = 0.00 T = 0.05
 <-- Site =  102 .. Mmps =   15 Ndav =  21 E =   -109.6315323829 Error = 3.66e-18 FLOPS = 6.56e+09 Tdav = 0.00 T = 0.06
 <-- Site =  101 .. Mmps =   15 Ndav =  14 E =   -109.6315364530 Error = 4.20e-19 FLOPS = 8.01e+09 Tdav = 0.00 T = 0.05
 <-- Site =  100 .. Mmps =   15 Ndav =  10 E =   -109.6315390762 Error = 1.26e-19 FLOPS = 8.75e+09 Tdav = 0.00 T = 0.05
 <-- Site =   99 .. Mmps =   15 Ndav =   9 E =   -109.6315446063 Error = 2.07e-19 FLOPS = 8.89e+09 Tdav = 0.00 T = 0.05
 <-- Site =   98 .. Mmps =   15 Ndav =  14 E =   -109.6315503733 Error = 1.31e-16 FLOPS = 8.04e+09 Tdav = 0.00 T = 0.06
 <-- Site =   97 .. Mmps =   15 Ndav =  11 E =   -109.6315551331 Error = 2.19e-18 FLOPS = 8.60e+09 Tdav = 0.00 T = 0.06
 <-- Site =   96 .. Mmps =   15 Ndav =   5 E =   -109.6315552382 Error = 4.96e-21 FLOPS = 8.98e+09 Tdav = 0.00 T = 0.06
 <-- Site =   95 .. Mmps =   15 Ndav =  10 E =   -109.6315566409 Error = 4.51e-19 FLOPS = 8.84e+09 Tdav = 0.00 T = 0.06
 <-- Site =   94 .. Mmps =   15 Ndav =  14 E =   -109.6315765031 Error = 7.45e-18 FLOPS = 8.07e+09 Tdav = 0.00 T = 0.06
 <-- Site =   93 .. Mmps =   15 Ndav =  20 E =   -109.6316030912 Error = 3.37e-19 FLOPS = 6.79e+09 Tdav = 0.00 T = 0.06
 <-- Site =   92 .. Mmps =   15 Ndav =  25 E =   -109.6316885585 Error = 9.89e-19 FLOPS = 5.79e+09 Tdav = 0.00 T = 0.05
 <-- Site =   91 .. Mmps =   15 Ndav =  21 E =   -109.6317555307 Error = 7.98e-19 FLOPS = 6.62e+09 Tdav = 0.00 T = 0.05
 <-- Site =   90 .. Mmps =   15 Ndav =  20 E =   -109.6317601407 Error = 1.88e-19 FLOPS = 6.84e+09 Tdav = 0.00 T = 0.05
 <-- Site =   89 .. Mmps =   15 Ndav =  16 E =   -109.6317744876 Error = 1.32e-17 FLOPS = 7.60e+09 Tdav = 0.00 T = 0.05
 <-- Site =   88 .. Mmps =   15 Ndav =  15 E =   -109.6317813534 Error = 2.94e-18 FLOPS = 7.87e+09 Tdav = 0.00 T = 0.05
 <-- Site =   87 .. Mmps =   15 Ndav =   8 E =   -109.6317819849 Error = 1.04e-20 FLOPS = 8.94e+09 Tdav = 0.00 T = 0.06
 <-- Site =   86 .. Mmps =   15 Ndav =   8 E =   -109.6317875613 Error = 4.27e-18 FLOPS = 9.04e+09 Tdav = 0.00 T = 0.05
 <-- Site =   85 .. Mmps =   15 Ndav =   9 E =   -109.6317908062 Error = 5.08e-17 FLOPS = 8.97e+09 Tdav = 0.00 T = 0.05
 <-- Site =   84 .. Mmps =   15 Ndav =  11 E =   -109.6317926140 Error = 1.16e-18 FLOPS = 8.62e+09 Tdav = 0.00 T = 0.05
 <-- Site =   83 .. Mmps =   15 Ndav =   6 E =   -109.6317927168 Error = 7.17e-20 FLOPS = 8.70e+09 Tdav = 0.00 T = 0.05
 <-- Site =   82 .. Mmps =   15 Ndav =  12 E =   -109.6317992487 Error = 1.81e-19 FLOPS = 8.36e+09 Tdav = 0.00 T = 0.06
 <-- Site =   81 .. Mmps =   15 Ndav =  12 E =   -109.6318134985 Error = 7.19e-18 FLOPS = 8.34e+09 Tdav = 0.00 T = 0.05
 <-- Site =   80 .. Mmps =   15 Ndav =  21 E =   -109.6318255375 Error = 3.70e-20 FLOPS = 6.56e+09 Tdav = 0.00 T = 0.06
 <-- Site =   79 .. Mmps =   15 Ndav =  13 E =   -109.6318281089 Error = 1.23e-17 FLOPS = 8.10e+09 Tdav = 0.00 T = 0.05
 <-- Site =   78 .. Mmps =   15 Ndav =  23 E =   -109.6318359114 Error = 5.65e-18 FLOPS = 6.19e+09 Tdav = 0.00 T = 0.06
 <-- Site =   77 .. Mmps =   15 Ndav =  15 E =   -109.6318379002 Error = 4.42e-19 FLOPS = 7.75e+09 Tdav = 0.00 T = 0.05
 <-- Site =   76 .. Mmps =   15 Ndav =  20 E =   -109.6318539692 Error = 7.07e-20 FLOPS = 6.74e+09 Tdav = 0.00 T = 0.06
 <-- Site =   75 .. Mmps =   15 Ndav =  20 E =   -109.6318689938 Error = 1.86e-19 FLOPS = 6.82e+09 Tdav = 0.00 T = 0.06
 <-- Site =   74 .. Mmps =   15 Ndav =  10 E =   -109.6318720672 Error = 1.03e-19 FLOPS = 8.61e+09 Tdav = 0.00 T = 0.05
 <-- Site =   73 .. Mmps =   15 Ndav =   8 E =   -109.6318769082 Error = 6.44e-19 FLOPS = 8.72e+09 Tdav = 0.00 T = 0.06
 <-- Site =   72 .. Mmps =   15 Ndav =  13 E =   -109.6318806978 Error = 7.37e-18 FLOPS = 8.18e+09 Tdav = 0.00 T = 0.05
 <-- Site =   71 .. Mmps =   15 Ndav =  11 E =   -109.6318832749 Error = 1.84e-20 FLOPS = 8.44e+09 Tdav = 0.00 T = 0.06
 <-- Site =   70 .. Mmps =   15 Ndav =   5 E =   -109.6318833579 Error = 1.93e-21 FLOPS = 8.82e+09 Tdav = 0.00 T = 0.06
 <-- Site =   69 .. Mmps =   15 Ndav =  10 E =   -109.6318858575 Error = 1.31e-19 FLOPS = 8.56e+09 Tdav = 0.00 T = 0.05
 <-- Site =   68 .. Mmps =   15 Ndav =  15 E =   -109.6319154500 Error = 1.31e-17 FLOPS = 7.71e+09 Tdav = 0.00 T = 0.06
 <-- Site =   67 .. Mmps =   15 Ndav =  20 E =   -109.6320042400 Error = 1.19e-18 FLOPS = 6.73e+09 Tdav = 0.00 T = 0.06
 <-- Site =   66 .. Mmps =   15 Ndav =  23 E =   -109.6320523370 Error = 5.91e-19 FLOPS = 6.11e+09 Tdav = 0.00 T = 0.06
 <-- Site =   65 .. Mmps =   15 Ndav =  20 E =   -109.6320889951 Error = 4.80e-19 FLOPS = 6.70e+09 Tdav = 0.00 T = 0.06
 <-- Site =   64 .. Mmps =   15 Ndav =  19 E =   -109.6320921958 Error = 9.41e-19 FLOPS = 6.85e+09 Tdav = 0.00 T = 0.06
 <-- Site =   63 .. Mmps =   15 Ndav =  12 E =   -109.6320976936 Error = 5.12e-18 FLOPS = 8.21e+09 Tdav = 0.00 T = 0.05
 <-- Site =   62 .. Mmps =   15 Ndav =  15 E =   -109.6321070795 Error = 1.72e-18 FLOPS = 7.72e+09 Tdav = 0.00 T = 0.05
 <-- Site =   61 .. Mmps =   15 Ndav =   8 E =   -109.6321075863 Error = 4.54e-19 FLOPS = 8.88e+09 Tdav = 0.00 T = 0.05
 <-- Site =   60 .. Mmps =   15 Ndav =  10 E =   -109.6321136892 Error = 2.09e-18 FLOPS = 8.49e+09 Tdav = 0.00 T = 0.05
 <-- Site =   59 .. Mmps =   15 Ndav =  15 E =   -109.6321526187 Error = 4.38e-17 FLOPS = 7.60e+09 Tdav = 0.00 T = 0.06
 <-- Site =   58 .. Mmps =   15 Ndav =  13 E =   -109.6321721190 Error = 2.32e-19 FLOPS = 7.92e+09 Tdav = 0.00 T = 0.05
 <-- Site =   57 .. Mmps =   15 Ndav =   9 E =   -109.6321808980 Error = 3.61e-18 FLOPS = 8.52e+09 Tdav = 0.00 T = 0.05
 <-- Site =   56 .. Mmps =   15 Ndav =  12 E =   -109.6321935217 Error = 1.23e-19 FLOPS = 8.22e+09 Tdav = 0.00 T = 0.05
 <-- Site =   55 .. Mmps =   15 Ndav =  13 E =   -109.6322048595 Error = 7.15e-18 FLOPS = 8.05e+09 Tdav = 0.00 T = 0.05
 <-- Site =   54 .. Mmps =   15 Ndav =  22 E =   -109.6322214871 Error = 9.74e-19 FLOPS = 6.08e+09 Tdav = 0.00 T = 0.05
 <-- Site =   53 .. Mmps =   15 Ndav =  21 E =   -109.6323473213 Error = 9.45e-19 FLOPS = 6.29e+09 Tdav = 0.00 T = 0.05
 <-- Site =   52 .. Mmps =   15 Ndav =  20 E =   -109.6323583483 Error = 2.64e-18 FLOPS = 6.47e+09 Tdav = 0.00 T = 0.05
 <-- Site =   51 .. Mmps =   15 Ndav =  17 E =   -109.6323661948 Error = 2.20e-19 FLOPS = 7.01e+09 Tdav = 0.00 T = 0.05
 <-- Site =   50 .. Mmps =   15 Ndav =  16 E =   -109.6323689762 Error = 4.05e-18 FLOPS = 7.16e+09 Tdav = 0.00 T = 0.05
 <-- Site =   49 .. Mmps =   15 Ndav =  10 E =   -109.6323695965 Error = 4.22e-19 FLOPS = 8.09e+09 Tdav = 0.00 T = 0.05
 <-- Site =   48 .. Mmps =   15 Ndav =  10 E =   -109.6323708177 Error = 1.01e-20 FLOPS = 8.30e+09 Tdav = 0.00 T = 0.05
 <-- Site =   47 .. Mmps =   15 Ndav =  11 E =   -109.6323713870 Error = 6.61e-19 FLOPS = 8.03e+09 Tdav = 0.00 T = 0.05
 <-- Site =   46 .. Mmps =   15 Ndav =  16 E =   -109.6324208449 Error = 2.88e-18 FLOPS = 7.05e+09 Tdav = 0.00 T = 0.05
 <-- Site =   45 .. Mmps =   15 Ndav =  16 E =   -109.6324791697 Error = 4.10e-18 FLOPS = 7.03e+09 Tdav = 0.00 T = 0.04
 <-- Site =   44 .. Mmps =   15 Ndav =   7 E =   -109.6324797954 Error = 8.75e-18 FLOPS = 8.18e+09 Tdav = 0.00 T = 0.04
 <-- Site =   43 .. Mmps =   15 Ndav =  11 E =   -109.6324866021 Error = 2.67e-19 FLOPS = 7.35e+09 Tdav = 0.00 T = 0.05
 <-- Site =   42 .. Mmps =   15 Ndav =  15 E =   -109.6325620812 Error = 5.72e-17 FLOPS = 6.97e+09 Tdav = 0.00 T = 0.04
 <-- Site =   41 .. Mmps =   15 Ndav =  15 E =   -109.6325797476 Error = 4.73e-19 FLOPS = 6.79e+09 Tdav = 0.00 T = 0.04
 <-- Site =   40 .. Mmps =   15 Ndav =  23 E =   -109.6327209722 Error = 2.76e-18 FLOPS = 5.34e+09 Tdav = 0.00 T = 0.05
 <-- Site =   39 .. Mmps =   15 Ndav =  22 E =   -109.6327623202 Error = 1.45e-19 FLOPS = 5.48e+09 Tdav = 0.00 T = 0.04
 <-- Site =   38 .. Mmps =   15 Ndav =  21 E =   -109.6328217919 Error = 1.57e-18 FLOPS = 5.58e+09 Tdav = 0.00 T = 0.04
 <-- Site =   37 .. Mmps =   15 Ndav =  24 E =   -109.6328464565 Error = 1.23e-17 FLOPS = 4.92e+09 Tdav = 0.00 T = 0.04
 <-- Site =   36 .. Mmps =   15 Ndav =  20 E =   -109.6328506282 Error = 1.92e-18 FLOPS = 5.74e+09 Tdav = 0.00 T = 0.04
 <-- Site =   35 .. Mmps =   15 Ndav =  25 E =   -109.6328837810 Error = 7.38e-18 FLOPS = 4.72e+09 Tdav = 0.00 T = 0.04
 <-- Site =   34 .. Mmps =   15 Ndav =  14 E =   -109.6328946951 Error = 3.01e-19 FLOPS = 6.93e+09 Tdav = 0.00 T = 0.04
 <-- Site =   33 .. Mmps =   15 Ndav =  15 E =   -109.6329040178 Error = 1.91e-17 FLOPS = 6.58e+09 Tdav = 0.00 T = 0.04
 <-- Site =   32 .. Mmps =   15 Ndav =  20 E =   -109.6329457164 Error = 2.52e-18 FLOPS = 5.31e+09 Tdav = 0.00 T = 0.04
 <-- Site =   31 .. Mmps =   15 Ndav =  18 E =   -109.6329595271 Error = 3.41e-19 FLOPS = 5.70e+09 Tdav = 0.00 T = 0.04
 <-- Site =   30 .. Mmps =   15 Ndav =  27 E =   -109.6333183070 Error = 2.10e-17 FLOPS = 3.94e+09 Tdav = 0.00 T = 0.04
 <-- Site =   29 .. Mmps =   15 Ndav =  23 E =   -109.6334552369 Error = 8.44e-19 FLOPS = 4.43e+09 Tdav = 0.00 T = 0.04
 <-- Site =   28 .. Mmps =   15 Ndav =  31 E =   -109.6338995383 Error = 4.52e-17 FLOPS = 3.25e+09 Tdav = 0.01 T = 0.04
 <-- Site =   27 .. Mmps =   15 Ndav =  50 E =   -109.6340800295 Error = 8.55e-18 FLOPS = 1.61e+09 Tdav = 0.02 T = 0.05
 <-- Site =   26 .. Mmps =   15 Ndav =  31 E =   -109.6342430840 Error = 1.25e-17 FLOPS = 3.08e+09 Tdav = 0.01 T = 0.04
 <-- Site =   25 .. Mmps =   15 Ndav =  20 E =   -109.6342518649 Error = 8.18e-19 FLOPS = 4.65e+09 Tdav = 0.00 T = 0.05
 <-- Site =   24 .. Mmps =   15 Ndav =  29 E =   -109.6343941840 Error = 2.72e-19 FLOPS = 3.16e+09 Tdav = 0.01 T = 0.04
 <-- Site =   23 .. Mmps =   15 Ndav =  20 E =   -109.6344094610 Error = 4.63e-19 FLOPS = 4.40e+09 Tdav = 0.00 T = 0.04
 <-- Site =   22 .. Mmps =   15 Ndav =  25 E =   -109.6344549770 Error = 1.70e-18 FLOPS = 3.58e+09 Tdav = 0.00 T = 0.04
 <-- Site =   21 .. Mmps =   15 Ndav =  18 E =   -109.6345210242 Error = 3.03e-18 FLOPS = 4.71e+09 Tdav = 0.00 T = 0.03
 <-- Site =   20 .. Mmps =   15 Ndav =  32 E =   -109.6349293960 Error = 1.58e-18 FLOPS = 2.48e+09 Tdav = 0.01 T = 0.04
 <-- Site =   19 .. Mmps =   15 Ndav =  23 E =   -109.6349779512 Error = 1.28e-18 FLOPS = 3.51e+09 Tdav = 0.00 T = 0.03
 <-- Site =   18 .. Mmps =   15 Ndav =  24 E =   -109.6351317103 Error = 1.48e-19 FLOPS = 3.27e+09 Tdav = 0.00 T = 0.03
 <-- Site =   17 .. Mmps =   15 Ndav =  23 E =   -109.6353283468 Error = 1.35e-18 FLOPS = 3.27e+09 Tdav = 0.00 T = 0.03
 <-- Site =   16 .. Mmps =   15 Ndav =  36 E =   -109.6359401548 Error = 2.88e-18 FLOPS = 1.81e+09 Tdav = 0.01 T = 0.04
 <-- Site =   15 .. Mmps =   15 Ndav =  29 E =   -109.6364746764 Error = 3.21e-18 FLOPS = 2.34e+09 Tdav = 0.00 T = 0.04
 <-- Site =   14 .. Mmps =   15 Ndav =  28 E =   -109.6365628278 Error = 4.28e-18 FLOPS = 2.31e+09 Tdav = 0.00 T = 0.03
 <-- Site =   13 .. Mmps =   15 Ndav =  24 E =   -109.6365983114 Error = 8.85e-18 FLOPS = 2.65e+09 Tdav = 0.00 T = 0.03
 <-- Site =   12 .. Mmps =   15 Ndav =  26 E =   -109.6366555725 Error = 7.62e-18 FLOPS = 2.32e+09 Tdav = 0.00 T = 0.03
 <-- Site =   11 .. Mmps =   15 Ndav =  33 E =   -109.6368759480 Error = 7.68e-18 FLOPS = 1.58e+09 Tdav = 0.01 T = 0.05
 <-- Site =   10 .. Mmps =   15 Ndav =  37 E =   -109.6375137161 Error = 5.60e-18 FLOPS = 1.25e+09 Tdav = 0.01 T = 0.04
 <-- Site =    9 .. Mmps =   15 Ndav =  35 E =   -109.6377180341 Error = 5.29e-18 FLOPS = 1.28e+09 Tdav = 0.01 T = 0.03
 <-- Site =    8 .. Mmps =   15 Ndav =  29 E =   -109.6377970667 Error = 1.45e-18 FLOPS = 1.56e+09 Tdav = 0.00 T = 0.03
 <-- Site =    7 .. Mmps =   15 Ndav =  34 E =   -109.6378225828 Error = 5.43e-18 FLOPS = 1.12e+09 Tdav = 0.01 T = 0.03
 <-- Site =    6 .. Mmps =   15 Ndav =  23 E =   -109.6378428541 Error = 6.39e-18 FLOPS = 1.75e+09 Tdav = 0.00 T = 0.03
 <-- Site =    5 .. Mmps =   15 Ndav =  23 E =   -109.6378469906 Error = 2.98e-18 FLOPS = 1.60e+09 Tdav = 0.00 T = 0.03
 <-- Site =    4 .. Mmps =   15 Ndav =  15 E =   -109.6378473721 Error = 1.63e-19 FLOPS = 2.30e+09 Tdav = 0.00 T = 0.03
 <-- Site =    3 .. Mmps =   15 Ndav =   2 E =   -109.6378473721 Error = 1.22e-27 FLOPS = 1.07e+09 Tdav = 0.00 T = 0.03
 <-- Site =    2 .. Mmps =   15 Ndav =   1 E =   -109.6378473721 Error = 4.60e-44 FLOPS = 3.08e+08 Tdav = 0.00 T = 0.04
 <-- Site =    1 .. Mmps =   15 Ndav =   1 E =   -109.6378473721 Error = 5.66e-73 FLOPS = 1.38e+08 Tdav = 0.00 T = 0.03
 <-- Site =    0 .. Mmps =   15 Ndav =   1 E =   -109.6378473721 Error = 6.52e-89 FLOPS = 6.90e+07 Tdav = 0.00 T = 0.03
Time elapsed =   2777.666 | E =    -109.6378473721 | DE = -1.07e-02 | DW = 1.30743e-16
Time sweep =        7.439 | 2.06 GFLOP/SWP
 | Dmem = 107 KB (3%) | Imem = 232 B (79%) | Hmem = 512 KB | Wmem = 3.52 KB | Pmem = 3.52 KB
 | Tread = 0.160 | Twrite = 0.695 | Tfpread = 0.027 | Tfpwrite = 0.017 | Tmporead = 0.000 | Tasync = 0.000
 | data = 11.4 MB | cpsd = 7.82 MB
 | Trot = 0.023 | Tctr = 0.412 | Tint = 0.007 | Tmid = 0.000 | Tdctr = 0.005 | Tdiag = 0.013 | Tinfo = 0.186
 | Teff = 2.104 | Tprt = 0.117 | Teig = 0.479 | Tblk = 5.565 | Tmve = 1.866 | Tdm = 0.002 | Tsplt = 0.017 | Tsvd = 0.000 | Torth = 0.000

Sweep =    3 | Direction =  forward | Bond dimension =   15 | Noise =  1.00e-04 | Dav threshold =  1.00e-10
 --> Site =    0 .. Mmps =    2 Ndav =   1 E =   -109.6378473721 Error = 0.00e+00 FLOPS = 6.62e+07 Tdav = 0.00 T = 0.02
 --> Site =    1 .. Mmps =    4 Ndav =   1 E =   -109.6378473721 Error = 0.00e+00 FLOPS = 1.14e+08 Tdav = 0.00 T = 0.02
 --> Site =    2 .. Mmps =    8 Ndav =   1 E =   -109.6378473721 Error = 0.00e+00 FLOPS = 2.77e+08 Tdav = 0.00 T = 0.03
 --> Site =    3 .. Mmps =   15 Ndav =   1 E =   -109.6378473721 Error = 9.86e-27 FLOPS = 6.88e+08 Tdav = 0.00 T = 0.03
 --> Site =    4 .. Mmps =   15 Ndav =   1 E =   -109.6378473721 Error = 7.40e-24 FLOPS = 1.39e+09 Tdav = 0.00 T = 0.03
 --> Site =    5 .. Mmps =   15 Ndav =   3 E =   -109.6378473722 Error = 1.54e-21 FLOPS = 3.33e+09 Tdav = 0.00 T = 0.03
 --> Site =    6 .. Mmps =   15 Ndav =   7 E =   -109.6378473754 Error = 7.71e-21 FLOPS = 4.12e+09 Tdav = 0.00 T = 0.02
 --> Site =    7 .. Mmps =   15 Ndav =   8 E =   -109.6378473779 Error = 7.51e-21 FLOPS = 4.31e+09 Tdav = 0.00 T = 0.02
 --> Site =    8 .. Mmps =   15 Ndav =  12 E =   -109.6378474975 Error = 9.30e-19 FLOPS = 3.82e+09 Tdav = 0.00 T = 0.02
 --> Site =    9 .. Mmps =   15 Ndav =  24 E =   -109.6378509826 Error = 1.12e-17 FLOPS = 2.12e+09 Tdav = 0.00 T = 0.03
 --> Site =   10 .. Mmps =   15 Ndav =  23 E =   -109.6378566678 Error = 2.77e-19 FLOPS = 2.42e+09 Tdav = 0.00 T = 0.03
 --> Site =   11 .. Mmps =   15 Ndav =  16 E =   -109.6378577000 Error = 2.68e-18 FLOPS = 3.51e+09 Tdav = 0.00 T = 0.03
 --> Site =   12 .. Mmps =   15 Ndav =  27 E =   -109.6379269538 Error = 7.11e-18 FLOPS = 2.17e+09 Tdav = 0.00 T = 0.03
 --> Site =   13 .. Mmps =   15 Ndav =  28 E =   -109.6380689816 Error = 6.15e-18 FLOPS = 2.21e+09 Tdav = 0.00 T = 0.03
 --> Site =   14 .. Mmps =   15 Ndav =  25 E =   -109.6380883654 Error = 8.85e-18 FLOPS = 2.64e+09 Tdav = 0.00 T = 0.03
 --> Site =   15 .. Mmps =   15 Ndav =  30 E =   -109.6383927300 Error = 7.74e-18 FLOPS = 2.22e+09 Tdav = 0.00 T = 0.03
 --> Site =   16 .. Mmps =   15 Ndav =  29 E =   -109.6387233613 Error = 1.25e-17 FLOPS = 2.44e+09 Tdav = 0.00 T = 0.03
 --> Site =   17 .. Mmps =   15 Ndav =  25 E =   -109.6388573379 Error = 8.74e-18 FLOPS = 3.01e+09 Tdav = 0.00 T = 0.03
 --> Site =   18 .. Mmps =   15 Ndav =  23 E =   -109.6389004198 Error = 1.70e-17 FLOPS = 3.40e+09 Tdav = 0.00 T = 0.03
 --> Site =   19 .. Mmps =   15 Ndav =  22 E =   -109.6389520730 Error = 4.48e-19 FLOPS = 3.74e+09 Tdav = 0.00 T = 0.04
 --> Site =   20 .. Mmps =   15 Ndav =  26 E =   -109.6389758389 Error = 2.30e-18 FLOPS = 3.19e+09 Tdav = 0.00 T = 0.04
 --> Site =   21 .. Mmps =   15 Ndav =  22 E =   -109.6390905970 Error = 2.82e-17 FLOPS = 3.92e+09 Tdav = 0.00 T = 0.03
 --> Site =   22 .. Mmps =   15 Ndav =  25 E =   -109.6391439203 Error = 6.89e-19 FLOPS = 3.61e+09 Tdav = 0.00 T = 0.03
 --> Site =   23 .. Mmps =   15 Ndav =  17 E =   -109.6391491678 Error = 9.08e-20 FLOPS = 5.18e+09 Tdav = 0.00 T = 0.03
 --> Site =   24 .. Mmps =   15 Ndav =  25 E =   -109.6391728980 Error = 3.57e-19 FLOPS = 3.75e+09 Tdav = 0.00 T = 0.03
 --> Site =   25 .. Mmps =   15 Ndav =  33 E =   -109.6393441073 Error = 2.78e-18 FLOPS = 2.80e+09 Tdav = 0.01 T = 0.03
 --> Site =   26 .. Mmps =   15 Ndav =  30 E =   -109.6393777115 Error = 4.82e-18 FLOPS = 3.27e+09 Tdav = 0.01 T = 0.04
 --> Site =   27 .. Mmps =   15 Ndav =  47 E =   -109.6394618485 Error = 3.09e-18 FLOPS = 1.78e+09 Tdav = 0.02 T = 0.05
 --> Site =   28 .. Mmps =   15 Ndav =  24 E =   -109.6395070633 Error = 3.70e-18 FLOPS = 4.25e+09 Tdav = 0.00 T = 0.04
 --> Site =   29 .. Mmps =   15 Ndav =  25 E =   -109.6397753230 Error = 2.26e-17 FLOPS = 4.25e+09 Tdav = 0.00 T = 0.04
 --> Site =   30 .. Mmps =   15 Ndav =  23 E =   -109.6398413227 Error = 3.95e-18 FLOPS = 4.65e+09 Tdav = 0.00 T = 0.03
 --> Site =   31 .. Mmps =   15 Ndav =  20 E =   -109.6398953444 Error = 4.73e-18 FLOPS = 5.34e+09 Tdav = 0.00 T = 0.03
 --> Site =   32 .. Mmps =   15 Ndav =  19 E =   -109.6399156893 Error = 3.21e-18 FLOPS = 5.53e+09 Tdav = 0.00 T = 0.03
 --> Site =   33 .. Mmps =   15 Ndav =  20 E =   -109.6399696358 Error = 1.47e-17 FLOPS = 5.47e+09 Tdav = 0.00 T = 0.04
 --> Site =   34 .. Mmps =   15 Ndav =  16 E =   -109.6399732645 Error = 1.01e-18 FLOPS = 6.36e+09 Tdav = 0.00 T = 0.04
 --> Site =   35 .. Mmps =   15 Ndav =  26 E =   -109.6399900545 Error = 1.28e-18 FLOPS = 4.54e+09 Tdav = 0.00 T = 0.04
 --> Site =   36 .. Mmps =   15 Ndav =  23 E =   -109.6400347848 Error = 6.38e-19 FLOPS = 5.03e+09 Tdav = 0.00 T = 0.04
 --> Site =   37 .. Mmps =   15 Ndav =  24 E =   -109.6400429870 Error = 1.44e-17 FLOPS = 4.98e+09 Tdav = 0.00 T = 0.04
 --> Site =   38 .. Mmps =   15 Ndav =  18 E =   -109.6400568678 Error = 1.43e-17 FLOPS = 6.34e+09 Tdav = 0.00 T = 0.04
 --> Site =   39 .. Mmps =   15 Ndav =  17 E =   -109.6400685915 Error = 1.64e-18 FLOPS = 6.59e+09 Tdav = 0.00 T = 0.04
 --> Site =   40 .. Mmps =   15 Ndav =  21 E =   -109.6401138066 Error = 1.30e-18 FLOPS = 5.77e+09 Tdav = 0.00 T = 0.04
 --> Site =   41 .. Mmps =   15 Ndav =  15 E =   -109.6401300016 Error = 1.84e-18 FLOPS = 7.15e+09 Tdav = 0.00 T = 0.04
 --> Site =   42 .. Mmps =   15 Ndav =  12 E =   -109.6401415383 Error = 2.48e-17 FLOPS = 7.79e+09 Tdav = 0.00 T = 0.04
 --> Site =   43 .. Mmps =   15 Ndav =  14 E =   -109.6401520003 Error = 2.32e-19 FLOPS = 7.22e+09 Tdav = 0.00 T = 0.04
 --> Site =   44 .. Mmps =   15 Ndav =   6 E =   -109.6401522680 Error = 2.74e-18 FLOPS = 8.60e+09 Tdav = 0.00 T = 0.04
 --> Site =   45 .. Mmps =   15 Ndav =  11 E =   -109.6401547098 Error = 4.20e-20 FLOPS = 8.04e+09 Tdav = 0.00 T = 0.04
 --> Site =   46 .. Mmps =   15 Ndav =  16 E =   -109.6401918807 Error = 2.99e-18 FLOPS = 6.93e+09 Tdav = 0.00 T = 0.05
 --> Site =   47 .. Mmps =   15 Ndav =  16 E =   -109.6402545489 Error = 6.24e-20 FLOPS = 7.14e+09 Tdav = 0.00 T = 0.05
 --> Site =   48 .. Mmps =   15 Ndav =  16 E =   -109.6402650341 Error = 5.86e-19 FLOPS = 7.16e+09 Tdav = 0.00 T = 0.04
 --> Site =   49 .. Mmps =   15 Ndav =  15 E =   -109.6402674515 Error = 3.94e-19 FLOPS = 7.36e+09 Tdav = 0.00 T = 0.04
 --> Site =   50 .. Mmps =   15 Ndav =  15 E =   -109.6402736969 Error = 2.32e-19 FLOPS = 7.33e+09 Tdav = 0.00 T = 0.05
 --> Site =   51 .. Mmps =   15 Ndav =  20 E =   -109.6402771767 Error = 4.18e-18 FLOPS = 6.42e+09 Tdav = 0.00 T = 0.05
 --> Site =   52 .. Mmps =   15 Ndav =  12 E =   -109.6402784151 Error = 1.12e-18 FLOPS = 8.01e+09 Tdav = 0.00 T = 0.04
 --> Site =   53 .. Mmps =   15 Ndav =  11 E =   -109.6402789234 Error = 5.92e-18 FLOPS = 8.21e+09 Tdav = 0.00 T = 0.05
 --> Site =   54 .. Mmps =   15 Ndav =  16 E =   -109.6402847419 Error = 6.16e-18 FLOPS = 7.32e+09 Tdav = 0.00 T = 0.05
 --> Site =   55 .. Mmps =   15 Ndav =  13 E =   -109.6402903170 Error = 3.55e-18 FLOPS = 7.88e+09 Tdav = 0.00 T = 0.05
 --> Site =   56 .. Mmps =   15 Ndav =  13 E =   -109.6402928601 Error = 2.89e-18 FLOPS = 8.00e+09 Tdav = 0.00 T = 0.05
 --> Site =   57 .. Mmps =   15 Ndav =   8 E =   -109.6402936756 Error = 1.43e-18 FLOPS = 8.59e+09 Tdav = 0.00 T = 0.04
 --> Site =   58 .. Mmps =   15 Ndav =   8 E =   -109.6402944069 Error = 2.92e-18 FLOPS = 8.62e+09 Tdav = 0.00 T = 0.04
 --> Site =   59 .. Mmps =   15 Ndav =  13 E =   -109.6403044257 Error = 5.94e-18 FLOPS = 7.96e+09 Tdav = 0.00 T = 0.05
 --> Site =   60 .. Mmps =   15 Ndav =  14 E =   -109.6403119260 Error = 4.12e-19 FLOPS = 7.75e+09 Tdav = 0.00 T = 0.05
 --> Site =   61 .. Mmps =   15 Ndav =   7 E =   -109.6403120412 Error = 8.21e-19 FLOPS = 8.77e+09 Tdav = 0.00 T = 0.05
 --> Site =   62 .. Mmps =   15 Ndav =  13 E =   -109.6403131244 Error = 2.92e-18 FLOPS = 8.11e+09 Tdav = 0.00 T = 0.05
 --> Site =   63 .. Mmps =   15 Ndav =  13 E =   -109.6403151324 Error = 2.04e-18 FLOPS = 8.03e+09 Tdav = 0.00 T = 0.05
 --> Site =   64 .. Mmps =   15 Ndav =  15 E =   -109.6403177380 Error = 1.45e-19 FLOPS = 7.74e+09 Tdav = 0.00 T = 0.05
 --> Site =   65 .. Mmps =   15 Ndav =  19 E =   -109.6403327562 Error = 9.34e-19 FLOPS = 6.94e+09 Tdav = 0.00 T = 0.05
 --> Site =   66 .. Mmps =   15 Ndav =  19 E =   -109.6403350569 Error = 1.67e-18 FLOPS = 6.94e+09 Tdav = 0.00 T = 0.05
 --> Site =   67 .. Mmps =   15 Ndav =  14 E =   -109.6403361530 Error = 3.81e-18 FLOPS = 7.94e+09 Tdav = 0.00 T = 0.05
 --> Site =   68 .. Mmps =   15 Ndav =  15 E =   -109.6403411176 Error = 1.55e-18 FLOPS = 7.78e+09 Tdav = 0.00 T = 0.05
 --> Site =   69 .. Mmps =   15 Ndav =  18 E =   -109.6403928872 Error = 1.27e-18 FLOPS = 7.18e+09 Tdav = 0.00 T = 0.05
 --> Site =   70 .. Mmps =   15 Ndav =   7 E =   -109.6403931835 Error = 9.18e-18 FLOPS = 9.01e+09 Tdav = 0.00 T = 0.05
 --> Site =   71 .. Mmps =   15 Ndav =   6 E =   -109.6403933246 Error = 7.03e-19 FLOPS = 8.68e+09 Tdav = 0.00 T = 0.05
 --> Site =   72 .. Mmps =   15 Ndav =  17 E =   -109.6404167123 Error = 3.08e-18 FLOPS = 7.37e+09 Tdav = 0.00 T = 0.05
 --> Site =   73 .. Mmps =   15 Ndav =  18 E =   -109.6404426716 Error = 1.28e-18 FLOPS = 7.21e+09 Tdav = 0.00 T = 0.05
 --> Site =   74 .. Mmps =   15 Ndav =  15 E =   -109.6404471531 Error = 1.84e-18 FLOPS = 7.81e+09 Tdav = 0.00 T = 0.05
 --> Site =   75 .. Mmps =   15 Ndav =  16 E =   -109.6404532174 Error = 1.19e-18 FLOPS = 7.63e+09 Tdav = 0.00 T = 0.05
 --> Site =   76 .. Mmps =   15 Ndav =  26 E =   -109.6404856344 Error = 8.16e-19 FLOPS = 5.64e+09 Tdav = 0.01 T = 0.05
 --> Site =   77 .. Mmps =   15 Ndav =  16 E =   -109.6405045900 Error = 8.89e-20 FLOPS = 7.64e+09 Tdav = 0.00 T = 0.05
 --> Site =   78 .. Mmps =   15 Ndav =  14 E =   -109.6405096792 Error = 1.64e-18 FLOPS = 7.86e+09 Tdav = 0.00 T = 0.06
 --> Site =   79 .. Mmps =   15 Ndav =  15 E =   -109.6405261558 Error = 1.03e-17 FLOPS = 7.56e+09 Tdav = 0.00 T = 0.05
 --> Site =   80 .. Mmps =   15 Ndav =  15 E =   -109.6405270600 Error = 7.82e-19 FLOPS = 7.55e+09 Tdav = 0.00 T = 0.05
 --> Site =   81 .. Mmps =   15 Ndav =  13 E =   -109.6405337199 Error = 5.08e-18 FLOPS = 7.93e+09 Tdav = 0.00 T = 0.05
 --> Site =   82 .. Mmps =   15 Ndav =  10 E =   -109.6405351620 Error = 2.72e-20 FLOPS = 8.35e+09 Tdav = 0.00 T = 0.05
 --> Site =   83 .. Mmps =   15 Ndav =   6 E =   -109.6405365236 Error = 6.78e-19 FLOPS = 8.33e+09 Tdav = 0.00 T = 0.05
 --> Site =   84 .. Mmps =   15 Ndav =   8 E =   -109.6405367367 Error = 2.32e-18 FLOPS = 8.49e+09 Tdav = 0.00 T = 0.05
 --> Site =   85 .. Mmps =   15 Ndav =  11 E =   -109.6405452529 Error = 2.62e-18 FLOPS = 8.54e+09 Tdav = 0.00 T = 0.05
 --> Site =   86 .. Mmps =   15 Ndav =  14 E =   -109.6405719512 Error = 7.66e-20 FLOPS = 8.06e+09 Tdav = 0.00 T = 0.05
 --> Site =   87 .. Mmps =   15 Ndav =   8 E =   -109.6405723097 Error = 9.85e-19 FLOPS = 8.97e+09 Tdav = 0.00 T = 0.05
 --> Site =   88 .. Mmps =   15 Ndav =  12 E =   -109.6405740326 Error = 1.12e-18 FLOPS = 8.37e+09 Tdav = 0.00 T = 0.05
 --> Site =   89 .. Mmps =   15 Ndav =  10 E =   -109.6405747408 Error = 1.04e-18 FLOPS = 8.75e+09 Tdav = 0.00 T = 0.05
 --> Site =   90 .. Mmps =   15 Ndav =  16 E =   -109.6405855229 Error = 5.28e-19 FLOPS = 7.58e+09 Tdav = 0.00 T = 0.06
 --> Site =   91 .. Mmps =   15 Ndav =  15 E =   -109.6405890367 Error = 8.24e-19 FLOPS = 7.82e+09 Tdav = 0.00 T = 0.05
 --> Site =   92 .. Mmps =   15 Ndav =  18 E =   -109.6405995113 Error = 1.55e-18 FLOPS = 7.17e+09 Tdav = 0.00 T = 0.05
 --> Site =   93 .. Mmps =   15 Ndav =  20 E =   -109.6406091573 Error = 5.78e-18 FLOPS = 6.82e+09 Tdav = 0.00 T = 0.05
 --> Site =   94 .. Mmps =   15 Ndav =  14 E =   -109.6406109208 Error = 1.06e-18 FLOPS = 8.06e+09 Tdav = 0.00 T = 0.05
 --> Site =   95 .. Mmps =   15 Ndav =  15 E =   -109.6406174344 Error = 1.75e-18 FLOPS = 7.88e+09 Tdav = 0.00 T = 0.05
 --> Site =   96 .. Mmps =   15 Ndav =  13 E =   -109.6406206417 Error = 2.69e-18 FLOPS = 8.23e+09 Tdav = 0.00 T = 0.05
 --> Site =   97 .. Mmps =   15 Ndav =   9 E =   -109.6406212569 Error = 1.69e-18 FLOPS = 8.85e+09 Tdav = 0.00 T = 0.05
 --> Site =   98 .. Mmps =   15 Ndav =  15 E =   -109.6406384047 Error = 2.93e-18 FLOPS = 7.86e+09 Tdav = 0.00 T = 0.05
 --> Site =   99 .. Mmps =   15 Ndav =  18 E =   -109.6406718329 Error = 5.94e-18 FLOPS = 7.16e+09 Tdav = 0.00 T = 0.05
 --> Site =  100 .. Mmps =   15 Ndav =  12 E =   -109.6406721843 Error = 4.43e-19 FLOPS = 8.30e+09 Tdav = 0.00 T = 0.05
 --> Site =  101 .. Mmps =   15 Ndav =  18 E =   -109.6406819446 Error = 2.47e-19 FLOPS = 7.12e+09 Tdav = 0.00 T = 0.06
 --> Site =  102 .. Mmps =   15 Ndav =  24 E =   -109.6406846143 Error = 1.50e-18 FLOPS = 5.98e+09 Tdav = 0.00 T = 0.05
 --> Site =  103 .. Mmps =   15 Ndav =  16 E =   -109.6406880780 Error = 5.58e-19 FLOPS = 7.57e+09 Tdav = 0.00 T = 0.05
 --> Site =  104 .. Mmps =   15 Ndav =  11 E =   -109.6406891365 Error = 9.23e-19 FLOPS = 8.46e+09 Tdav = 0.00 T = 0.05
 --> Site =  105 .. Mmps =   15 Ndav =  12 E =   -109.6406966707 Error = 1.30e-17 FLOPS = 8.30e+09 Tdav = 0.00 T = 0.05
 --> Site =  106 .. Mmps =   15 Ndav =  20 E =   -109.6407103996 Error = 2.52e-18 FLOPS = 6.64e+09 Tdav = 0.00 T = 0.05
 --> Site =  107 .. Mmps =   15 Ndav =  15 E =   -109.6407341871 Error = 3.47e-20 FLOPS = 7.74e+09 Tdav = 0.00 T = 0.05
 --> Site =  108 .. Mmps =   15 Ndav =  17 E =   -109.6407700987 Error = 1.51e-18 FLOPS = 7.31e+09 Tdav = 0.00 T = 0.05
 --> Site =  109 .. Mmps =   15 Ndav =   7 E =   -109.6407704177 Error = 7.07e-19 FLOPS = 8.89e+09 Tdav = 0.00 T = 0.05
 --> Site =  110 .. Mmps =   15 Ndav =   8 E =   -109.6407704867 Error = 5.41e-18 FLOPS = 8.84e+09 Tdav = 0.00 T = 0.05
 --> Site =  111 .. Mmps =   15 Ndav =  13 E =   -109.6407795542 Error = 2.95e-18 FLOPS = 8.02e+09 Tdav = 0.00 T = 0.05
 --> Site =  112 .. Mmps =   15 Ndav =  14 E =   -109.6407920491 Error = 6.17e-19 FLOPS = 7.80e+09 Tdav = 0.00 T = 0.05
 --> Site =  113 .. Mmps =   15 Ndav =  10 E =   -109.6407930345 Error = 1.21e-18 FLOPS = 8.61e+09 Tdav = 0.00 T = 0.05
 --> Site =  114 .. Mmps =   15 Ndav =  11 E =   -109.6407936748 Error = 9.96e-19 FLOPS = 8.43e+09 Tdav = 0.00 T = 0.05
 --> Site =  115 .. Mmps =   15 Ndav =  17 E =   -109.6408219299 Error = 1.32e-18 FLOPS = 7.11e+09 Tdav = 0.00 T = 0.05
 --> Site =  116 .. Mmps =   15 Ndav =  17 E =   -109.6408230923 Error = 8.51e-18 FLOPS = 7.04e+09 Tdav = 0.00 T = 0.05
 --> Site =  117 .. Mmps =   15 Ndav =  15 E =   -109.6408237054 Error = 6.32e-19 FLOPS = 7.45e+09 Tdav = 0.00 T = 0.05
 --> Site =  118 .. Mmps =   15 Ndav =  18 E =   -109.6408272699 Error = 3.49e-19 FLOPS = 6.79e+09 Tdav = 0.00 T = 0.04
 --> Site =  119 .. Mmps =   15 Ndav =  11 E =   -109.6408273769 Error = 1.18e-18 FLOPS = 8.20e+09 Tdav = 0.00 T = 0.05
 --> Site =  120 .. Mmps =   15 Ndav =   9 E =   -109.6408276178 Error = 2.71e-18 FLOPS = 8.49e+09 Tdav = 0.00 T = 0.05
 --> Site =  121 .. Mmps =   15 Ndav =  12 E =   -109.6408372628 Error = 3.76e-18 FLOPS = 7.99e+09 Tdav = 0.00 T = 0.04
 --> Site =  122 .. Mmps =   15 Ndav =   7 E =   -109.6408376085 Error = 3.55e-18 FLOPS = 8.56e+09 Tdav = 0.00 T = 0.04
 --> Site =  123 .. Mmps =   15 Ndav =   6 E =   -109.6408377953 Error = 5.23e-19 FLOPS = 8.77e+09 Tdav = 0.00 T = 0.04
 --> Site =  124 .. Mmps =   15 Ndav =   8 E =   -109.6408382977 Error = 2.27e-18 FLOPS = 8.51e+09 Tdav = 0.00 T = 0.04
 --> Site =  125 .. Mmps =   15 Ndav =  11 E =   -109.6408392245 Error = 3.41e-18 FLOPS = 8.08e+09 Tdav = 0.00 T = 0.04
 --> Site =  126 .. Mmps =   15 Ndav =  13 E =   -109.6408456701 Error = 2.63e-18 FLOPS = 7.65e+09 Tdav = 0.00 T = 0.04
 --> Site =  127 .. Mmps =   15 Ndav =  15 E =   -109.6408477861 Error = 3.34e-18 FLOPS = 7.12e+09 Tdav = 0.00 T = 0.04
 --> Site =  128 .. Mmps =   15 Ndav =  17 E =   -109.6408510296 Error = 2.77e-18 FLOPS = 6.56e+09 Tdav = 0.00 T = 0.05
 --> Site =  129 .. Mmps =   15 Ndav =  15 E =   -109.6408514064 Error = 1.29e-18 FLOPS = 6.98e+09 Tdav = 0.00 T = 0.04
 --> Site =  130 .. Mmps =   15 Ndav =  18 E =   -109.6408813047 Error = 4.39e-18 FLOPS = 6.20e+09 Tdav = 0.00 T = 0.04
 --> Site =  131 .. Mmps =   15 Ndav =  12 E =   -109.6408825881 Error = 4.43e-19 FLOPS = 7.52e+09 Tdav = 0.00 T = 0.05
 --> Site =  132 .. Mmps =   15 Ndav =  11 E =   -109.6408855958 Error = 1.38e-18 FLOPS = 7.70e+09 Tdav = 0.00 T = 0.04
 --> Site =  133 .. Mmps =   15 Ndav =  16 E =   -109.6408863105 Error = 2.84e-18 FLOPS = 6.45e+09 Tdav = 0.00 T = 0.05
 --> Site =  134 .. Mmps =   15 Ndav =  16 E =   -109.6408878063 Error = 5.73e-19 FLOPS = 6.37e+09 Tdav = 0.00 T = 0.04
 --> Site =  135 .. Mmps =   15 Ndav =  14 E =   -109.6409010842 Error = 6.00e-19 FLOPS = 6.74e+09 Tdav = 0.00 T = 0.04
 --> Site =  136 .. Mmps =   15 Ndav =  22 E =   -109.6409101614 Error = 6.69e-19 FLOPS = 4.88e+09 Tdav = 0.00 T = 0.05
 --> Site =  137 .. Mmps =   15 Ndav =  21 E =   -109.6410168776 Error = 4.69e-18 FLOPS = 5.07e+09 Tdav = 0.00 T = 0.04
 --> Site =  138 .. Mmps =   15 Ndav =  20 E =   -109.6410766931 Error = 2.80e-18 FLOPS = 5.19e+09 Tdav = 0.00 T = 0.04
 --> Site =  139 .. Mmps =   15 Ndav =  17 E =   -109.6410772096 Error = 1.10e-18 FLOPS = 5.73e+09 Tdav = 0.00 T = 0.04
 --> Site =  140 .. Mmps =   15 Ndav =  18 E =   -109.6410840011 Error = 7.13e-19 FLOPS = 5.30e+09 Tdav = 0.00 T = 0.04
 --> Site =  141 .. Mmps =   15 Ndav =  28 E =   -109.6410861779 Error = 1.51e-18 FLOPS = 3.50e+09 Tdav = 0.00 T = 0.04
 --> Site =  142 .. Mmps =   15 Ndav =  22 E =   -109.6410938644 Error = 1.77e-17 FLOPS = 4.42e+09 Tdav = 0.00 T = 0.04
 --> Site =  143 .. Mmps =   15 Ndav =  16 E =   -109.6410987345 Error = 7.94e-19 FLOPS = 5.48e+09 Tdav = 0.00 T = 0.04
 --> Site =  144 .. Mmps =   15 Ndav =  20 E =   -109.6411043959 Error = 2.78e-18 FLOPS = 4.57e+09 Tdav = 0.00 T = 0.04
 --> Site =  145 .. Mmps =   15 Ndav =  21 E =   -109.6411113440 Error = 1.37e-18 FLOPS = 4.26e+09 Tdav = 0.00 T = 0.04
 --> Site =  146 .. Mmps =   15 Ndav =  22 E =   -109.6411223018 Error = 8.85e-18 FLOPS = 3.88e+09 Tdav = 0.00 T = 0.05
 --> Site =  147 .. Mmps =   15 Ndav =  15 E =   -109.6411392411 Error = 1.19e-17 FLOPS = 5.20e+09 Tdav = 0.00 T = 0.04
 --> Site =  148 .. Mmps =   15 Ndav =  10 E =   -109.6411407693 Error = 1.69e-18 FLOPS = 6.26e+09 Tdav = 0.00 T = 0.03
 --> Site =  149 .. Mmps =   15 Ndav =  14 E =   -109.6411440891 Error = 8.21e-18 FLOPS = 5.19e+09 Tdav = 0.00 T = 0.03
 --> Site =  150 .. Mmps =   15 Ndav =  29 E =   -109.6412473079 Error = 1.72e-18 FLOPS = 2.52e+09 Tdav = 0.00 T = 0.04
 --> Site =  151 .. Mmps =   15 Ndav =  25 E =   -109.6413013798 Error = 1.99e-18 FLOPS = 2.90e+09 Tdav = 0.00 T = 0.03
 --> Site =  152 .. Mmps =   15 Ndav =  25 E =   -109.6414193903 Error = 1.05e-17 FLOPS = 2.82e+09 Tdav = 0.00 T = 0.03
 --> Site =  153 .. Mmps =   15 Ndav =  23 E =   -109.6414563855 Error = 1.12e-18 FLOPS = 2.98e+09 Tdav = 0.00 T = 0.03
 --> Site =  154 .. Mmps =   15 Ndav =  23 E =   -109.6414724602 Error = 1.95e-17 FLOPS = 2.83e+09 Tdav = 0.00 T = 0.03
 --> Site =  155 .. Mmps =   15 Ndav =  25 E =   -109.6414835437 Error = 1.18e-17 FLOPS = 2.41e+09 Tdav = 0.00 T = 0.04
 --> Site =  156 .. Mmps =   15 Ndav =  23 E =   -109.6415974495 Error = 3.19e-17 FLOPS = 2.57e+09 Tdav = 0.00 T = 0.04
 --> Site =  157 .. Mmps =   15 Ndav =  28 E =   -109.6416964007 Error = 1.20e-17 FLOPS = 1.87e+09 Tdav = 0.00 T = 0.03
 --> Site =  158 .. Mmps =   15 Ndav =  29 E =   -109.6417778830 Error = 3.26e-19 FLOPS = 1.68e+09 Tdav = 0.00 T = 0.04
 --> Site =  159 .. Mmps =   15 Ndav =  36 E =   -109.6421056032 Error = 1.00e-17 FLOPS = 1.12e+09 Tdav = 0.01 T = 0.04
 --> Site =  160 .. Mmps =   15 Ndav =  33 E =   -109.6422456725 Error = 5.05e-17 FLOPS = 1.17e+09 Tdav = 0.01 T = 0.03
 --> Site =  161 .. Mmps =   15 Ndav =  31 E =   -109.6422817603 Error = 1.75e-18 FLOPS = 1.19e+09 Tdav = 0.00 T = 0.03
 --> Site =  162 .. Mmps =   15 Ndav =  25 E =   -109.6422873993 Error = 1.08e-19 FLOPS = 1.43e+09 Tdav = 0.00 T = 0.03
 --> Site =  163 .. Mmps =   15 Ndav =  21 E =   -109.6422880021 Error = 1.60e-17 FLOPS = 1.53e+09 Tdav = 0.00 T = 0.03
 --> Site =  164 .. Mmps =   15 Ndav =  16 E =   -109.6422880250 Error = 2.82e-18 FLOPS = 1.75e+09 Tdav = 0.00 T = 0.03
 --> Site =  165 .. Mmps =   15 Ndav =   1 E =   -109.6422880250 Error = 1.27e-27 FLOPS = 7.24e+08 Tdav = 0.00 T = 0.03
 --> Site =  166 .. Mmps =   15 Ndav =   1 E =   -109.6422880250 Error = 4.11e-52 FLOPS = 3.34e+08 Tdav = 0.00 T = 0.02
 --> Site =  167 .. Mmps =   15 Ndav =   1 E =   -109.6422880250 Error = 3.85e-79 FLOPS = 1.80e+08 Tdav = 0.00 T = 0.03
 --> Site =  168 .. Mmps =   15 Ndav =   1 E =   -109.6422880250 Error = 2.62e-104 FLOPS = 4.04e+07 Tdav = 0.00 T = 0.02
Time elapsed =   2784.677 | E =    -109.6422880250 | DE = -4.44e-03 | DW = 5.04533e-17
Time sweep =        7.011 | 1.91 GFLOP/SWP
 | Dmem = 107 KB (3%) | Imem = 232 B (79%) | Hmem = 512 KB | Wmem = 3.52 KB | Pmem = 3.52 KB
 | Tread = 0.172 | Twrite = 0.746 | Tfpread = 0.029 | Tfpwrite = 0.018 | Tmporead = 0.000 | Tasync = 0.000
 | data = 11.4 MB | cpsd = 8.70 MB
 | Trot = 0.022 | Tctr = 0.004 | Tint = 0.006 | Tmid = 0.000 | Tdctr = 0.110 | Tdiag = 0.013 | Tinfo = 0.171
 | Teff = 2.192 | Tprt = 0.114 | Teig = 0.390 | Tblk = 5.602 | Tmve = 1.403 | Tdm = 0.001 | Tsplt = 0.014 | Tsvd = 0.000 | Torth = 0.000

Sweep =    4 | Direction = backward | Bond dimension =   25 | Noise =  1.00e-05 | Dav threshold =  1.00e-10
 <-- Site =  168 .. Mmps =    2 Ndav =   1 E =   -109.6422880250 Error = 0.00e+00 FLOPS = 5.68e+07 Tdav = 0.00 T = 0.02
 <-- Site =  167 .. Mmps =    4 Ndav =   1 E =   -109.6422880250 Error = 0.00e+00 FLOPS = 1.74e+08 Tdav = 0.00 T = 0.03
 <-- Site =  166 .. Mmps =    8 Ndav =   1 E =   -109.6422880250 Error = 0.00e+00 FLOPS = 4.20e+08 Tdav = 0.00 T = 0.03
 <-- Site =  165 .. Mmps =   15 Ndav =   1 E =   -109.6422880250 Error = 0.00e+00 FLOPS = 7.50e+08 Tdav = 0.00 T = 0.03
 <-- Site =  164 .. Mmps =   22 Ndav =   1 E =   -109.6422880250 Error = 0.00e+00 FLOPS = 1.45e+09 Tdav = 0.00 T = 0.02
 <-- Site =  163 .. Mmps =   25 Ndav =   6 E =   -109.6422880258 Error = 2.41e-27 FLOPS = 4.60e+09 Tdav = 0.00 T = 0.02
 <-- Site =  162 .. Mmps =   25 Ndav =  10 E =   -109.6422880439 Error = 1.74e-25 FLOPS = 4.83e+09 Tdav = 0.00 T = 0.02
 <-- Site =  161 .. Mmps =   25 Ndav =  16 E =   -109.6422883969 Error = 1.33e-23 FLOPS = 3.79e+09 Tdav = 0.00 T = 0.03
 <-- Site =  160 .. Mmps =   25 Ndav =  22 E =   -109.6422930425 Error = 7.57e-23 FLOPS = 2.97e+09 Tdav = 0.00 T = 0.03
 <-- Site =  159 .. Mmps =   25 Ndav =  23 E =   -109.6422944990 Error = 4.24e-24 FLOPS = 3.07e+09 Tdav = 0.00 T = 0.03
 <-- Site =  158 .. Mmps =   25 Ndav =  31 E =   -109.6425706651 Error = 6.09e-21 FLOPS = 2.23e+09 Tdav = 0.01 T = 0.03
 <-- Site =  157 .. Mmps =   25 Ndav =  25 E =   -109.6425922871 Error = 1.41e-21 FLOPS = 3.16e+09 Tdav = 0.00 T = 0.03
 <-- Site =  156 .. Mmps =   25 Ndav =  25 E =   -109.6427322355 Error = 2.01e-22 FLOPS = 3.37e+09 Tdav = 0.00 T = 0.03
 <-- Site =  155 .. Mmps =   25 Ndav =  24 E =   -109.6428111649 Error = 8.22e-22 FLOPS = 3.68e+09 Tdav = 0.00 T = 0.03
 <-- Site =  154 .. Mmps =   25 Ndav =  24 E =   -109.6428769035 Error = 7.83e-21 FLOPS = 3.81e+09 Tdav = 0.00 T = 0.03
 <-- Site =  153 .. Mmps =   25 Ndav =  24 E =   -109.6429359453 Error = 1.32e-20 FLOPS = 3.96e+09 Tdav = 0.00 T = 0.03
 <-- Site =  152 .. Mmps =   25 Ndav =  24 E =   -109.6429693002 Error = 1.79e-22 FLOPS = 4.10e+09 Tdav = 0.00 T = 0.03
 <-- Site =  151 .. Mmps =   25 Ndav =  34 E =   -109.6434577631 Error = 1.99e-22 FLOPS = 2.82e+09 Tdav = 0.01 T = 0.04
 <-- Site =  150 .. Mmps =   25 Ndav =  35 E =   -109.6440938692 Error = 1.05e-20 FLOPS = 2.82e+09 Tdav = 0.01 T = 0.04
 <-- Site =  149 .. Mmps =   25 Ndav =  30 E =   -109.6443804276 Error = 2.55e-22 FLOPS = 3.58e+09 Tdav = 0.01 T = 0.04
 <-- Site =  148 .. Mmps =   25 Ndav =  16 E =   -109.6443838975 Error = 4.10e-23 FLOPS = 6.55e+09 Tdav = 0.00 T = 0.04
 <-- Site =  147 .. Mmps =   25 Ndav =  26 E =   -109.6444117502 Error = 7.78e-23 FLOPS = 4.46e+09 Tdav = 0.01 T = 0.04
 <-- Site =  146 .. Mmps =   25 Ndav =  26 E =   -109.6444301959 Error = 3.42e-23 FLOPS = 4.65e+09 Tdav = 0.01 T = 0.04
 <-- Site =  145 .. Mmps =   25 Ndav =  30 E =   -109.6444834396 Error = 1.89e-22 FLOPS = 4.05e+09 Tdav = 0.01 T = 0.04
 <-- Site =  144 .. Mmps =   25 Ndav =  21 E =   -109.6444973440 Error = 4.61e-22 FLOPS = 5.99e+09 Tdav = 0.00 T = 0.04
 <-- Site =  143 .. Mmps =   25 Ndav =   8 E =   -109.6444976424 Error = 8.14e-25 FLOPS = 9.46e+09 Tdav = 0.00 T = 0.03
 <-- Site =  142 .. Mmps =   25 Ndav =  25 E =   -109.6445337876 Error = 1.41e-23 FLOPS = 5.36e+09 Tdav = 0.01 T = 0.04
 <-- Site =  141 .. Mmps =   25 Ndav =  32 E =   -109.6450509036 Error = 2.39e-21 FLOPS = 4.21e+09 Tdav = 0.01 T = 0.04
 <-- Site =  140 .. Mmps =   25 Ndav =  28 E =   -109.6451558146 Error = 1.58e-21 FLOPS = 4.99e+09 Tdav = 0.01 T = 0.04
 <-- Site =  139 .. Mmps =   25 Ndav =  20 E =   -109.6451701800 Error = 5.15e-23 FLOPS = 6.87e+09 Tdav = 0.00 T = 0.04
 <-- Site =  138 .. Mmps =   25 Ndav =  13 E =   -109.6451713181 Error = 6.82e-24 FLOPS = 8.50e+09 Tdav = 0.00 T = 0.04
 <-- Site =  137 .. Mmps =   25 Ndav =  22 E =   -109.6454172991 Error = 4.46e-22 FLOPS = 6.55e+09 Tdav = 0.00 T = 0.04
 <-- Site =  136 .. Mmps =   25 Ndav =  26 E =   -109.6455636386 Error = 7.99e-22 FLOPS = 5.78e+09 Tdav = 0.01 T = 0.05
 <-- Site =  135 .. Mmps =   25 Ndav =  24 E =   -109.6455676364 Error = 1.13e-23 FLOPS = 6.19e+09 Tdav = 0.01 T = 0.04
 <-- Site =  134 .. Mmps =   25 Ndav =  19 E =   -109.6455980726 Error = 2.03e-22 FLOPS = 7.53e+09 Tdav = 0.00 T = 0.04
 <-- Site =  133 .. Mmps =   25 Ndav =  25 E =   -109.6456169957 Error = 1.34e-22 FLOPS = 6.20e+09 Tdav = 0.01 T = 0.04
 <-- Site =  132 .. Mmps =   25 Ndav =  16 E =   -109.6456461287 Error = 1.00e-21 FLOPS = 8.45e+09 Tdav = 0.00 T = 0.04
 <-- Site =  131 .. Mmps =   25 Ndav =  30 E =   -109.6456714455 Error = 3.19e-22 FLOPS = 5.30e+09 Tdav = 0.01 T = 0.05
 <-- Site =  130 .. Mmps =   25 Ndav =  21 E =   -109.6457036011 Error = 1.52e-22 FLOPS = 7.35e+09 Tdav = 0.00 T = 0.04
 <-- Site =  129 .. Mmps =   25 Ndav =  27 E =   -109.6458254348 Error = 2.39e-22 FLOPS = 6.10e+09 Tdav = 0.01 T = 0.05
 <-- Site =  128 .. Mmps =   25 Ndav =  20 E =   -109.6458494765 Error = 1.91e-22 FLOPS = 7.61e+09 Tdav = 0.00 T = 0.05
 <-- Site =  127 .. Mmps =   25 Ndav =  14 E =   -109.6458532232 Error = 3.65e-23 FLOPS = 9.29e+09 Tdav = 0.00 T = 0.04
 <-- Site =  126 .. Mmps =   25 Ndav =  13 E =   -109.6458621237 Error = 1.19e-21 FLOPS = 9.75e+09 Tdav = 0.00 T = 0.05
 <-- Site =  125 .. Mmps =   25 Ndav =  11 E =   -109.6458627216 Error = 3.93e-23 FLOPS = 1.01e+10 Tdav = 0.00 T = 0.05
 <-- Site =  124 .. Mmps =   25 Ndav =  14 E =   -109.6459202314 Error = 1.69e-22 FLOPS = 9.53e+09 Tdav = 0.00 T = 0.05
 <-- Site =  123 .. Mmps =   25 Ndav =  11 E =   -109.6459335085 Error = 5.18e-23 FLOPS = 1.01e+10 Tdav = 0.00 T = 0.05
 <-- Site =  122 .. Mmps =   25 Ndav =  10 E =   -109.6459343131 Error = 4.74e-25 FLOPS = 1.05e+10 Tdav = 0.00 T = 0.05
 <-- Site =  121 .. Mmps =   25 Ndav =  10 E =   -109.6459351893 Error = 4.41e-26 FLOPS = 1.05e+10 Tdav = 0.00 T = 0.05
 <-- Site =  120 .. Mmps =   25 Ndav =  15 E =   -109.6459814630 Error = 1.37e-23 FLOPS = 9.33e+09 Tdav = 0.00 T = 0.05
 <-- Site =  119 .. Mmps =   25 Ndav =  21 E =   -109.6460156006 Error = 3.86e-22 FLOPS = 7.90e+09 Tdav = 0.01 T = 0.05
 <-- Site =  118 .. Mmps =   25 Ndav =  20 E =   -109.6460210983 Error = 4.96e-23 FLOPS = 8.25e+09 Tdav = 0.00 T = 0.06
 <-- Site =  117 .. Mmps =   25 Ndav =  21 E =   -109.6460322699 Error = 1.13e-22 FLOPS = 7.96e+09 Tdav = 0.01 T = 0.06
 <-- Site =  116 .. Mmps =   25 Ndav =  21 E =   -109.6460564698 Error = 9.80e-23 FLOPS = 8.06e+09 Tdav = 0.01 T = 0.06
 <-- Site =  115 .. Mmps =   25 Ndav =  20 E =   -109.6461480382 Error = 1.39e-21 FLOPS = 8.23e+09 Tdav = 0.01 T = 0.05
 <-- Site =  114 .. Mmps =   25 Ndav =  17 E =   -109.6461819001 Error = 7.31e-22 FLOPS = 8.90e+09 Tdav = 0.00 T = 0.06
 <-- Site =  113 .. Mmps =   25 Ndav =  11 E =   -109.6461830246 Error = 1.71e-23 FLOPS = 1.02e+10 Tdav = 0.00 T = 0.05
 <-- Site =  112 .. Mmps =   25 Ndav =   7 E =   -109.6461832605 Error = 1.38e-25 FLOPS = 1.10e+10 Tdav = 0.00 T = 0.05
 <-- Site =  111 .. Mmps =   25 Ndav =  13 E =   -109.6462065837 Error = 4.73e-22 FLOPS = 9.95e+09 Tdav = 0.00 T = 0.05
 <-- Site =  110 .. Mmps =   25 Ndav =  16 E =   -109.6462492051 Error = 1.44e-22 FLOPS = 9.35e+09 Tdav = 0.00 T = 0.06
 <-- Site =  109 .. Mmps =   25 Ndav =   7 E =   -109.6462493592 Error = 8.27e-26 FLOPS = 1.09e+10 Tdav = 0.00 T = 0.05
 <-- Site =  108 .. Mmps =   25 Ndav =  11 E =   -109.6462497784 Error = 2.65e-25 FLOPS = 1.05e+10 Tdav = 0.00 T = 0.05
 <-- Site =  107 .. Mmps =   25 Ndav =  16 E =   -109.6462826725 Error = 2.07e-22 FLOPS = 9.46e+09 Tdav = 0.00 T = 0.06
 <-- Site =  106 .. Mmps =   25 Ndav =  24 E =   -109.6463600285 Error = 1.08e-22 FLOPS = 7.56e+09 Tdav = 0.01 T = 0.06
 <-- Site =  105 .. Mmps =   25 Ndav =  18 E =   -109.6463840080 Error = 1.56e-23 FLOPS = 8.97e+09 Tdav = 0.00 T = 0.06
 <-- Site =  104 .. Mmps =   25 Ndav =  27 E =   -109.6464882590 Error = 2.48e-21 FLOPS = 6.93e+09 Tdav = 0.01 T = 0.06
 <-- Site =  103 .. Mmps =   25 Ndav =  18 E =   -109.6464997910 Error = 1.53e-21 FLOPS = 8.95e+09 Tdav = 0.00 T = 0.06
 <-- Site =  102 .. Mmps =   25 Ndav =  23 E =   -109.6465422051 Error = 7.52e-23 FLOPS = 7.84e+09 Tdav = 0.01 T = 0.06
 <-- Site =  101 .. Mmps =   25 Ndav =  17 E =   -109.6465499696 Error = 2.86e-22 FLOPS = 9.17e+09 Tdav = 0.00 T = 0.06
 <-- Site =  100 .. Mmps =   25 Ndav =  11 E =   -109.6465508713 Error = 1.07e-23 FLOPS = 1.04e+10 Tdav = 0.00 T = 0.06
 <-- Site =   99 .. Mmps =   25 Ndav =  10 E =   -109.6465563158 Error = 4.16e-23 FLOPS = 1.07e+10 Tdav = 0.00 T = 0.06
 <-- Site =   98 .. Mmps =   25 Ndav =  19 E =   -109.6465910238 Error = 2.26e-24 FLOPS = 8.82e+09 Tdav = 0.01 T = 0.06
 <-- Site =   97 .. Mmps =   25 Ndav =  14 E =   -109.6466002289 Error = 1.26e-23 FLOPS = 9.86e+09 Tdav = 0.00 T = 0.06
 <-- Site =   96 .. Mmps =   25 Ndav =   7 E =   -109.6466003397 Error = 2.63e-25 FLOPS = 1.11e+10 Tdav = 0.00 T = 0.06
 <-- Site =   95 .. Mmps =   25 Ndav =  12 E =   -109.6466005394 Error = 5.02e-25 FLOPS = 1.03e+10 Tdav = 0.00 T = 0.06
 <-- Site =   94 .. Mmps =   25 Ndav =  19 E =   -109.6466416607 Error = 3.20e-23 FLOPS = 8.83e+09 Tdav = 0.01 T = 0.07
 <-- Site =   93 .. Mmps =   25 Ndav =  23 E =   -109.6466887592 Error = 2.60e-22 FLOPS = 7.89e+09 Tdav = 0.01 T = 0.07
 <-- Site =   92 .. Mmps =   25 Ndav =  23 E =   -109.6466952603 Error = 5.76e-23 FLOPS = 7.87e+09 Tdav = 0.01 T = 0.06
 <-- Site =   91 .. Mmps =   25 Ndav =  20 E =   -109.6467215460 Error = 9.94e-23 FLOPS = 8.57e+09 Tdav = 0.01 T = 0.06
 <-- Site =   90 .. Mmps =   25 Ndav =  20 E =   -109.6467298122 Error = 5.24e-23 FLOPS = 8.60e+09 Tdav = 0.01 T = 0.06
 <-- Site =   89 .. Mmps =   25 Ndav =  18 E =   -109.6468237637 Error = 2.95e-22 FLOPS = 9.04e+09 Tdav = 0.00 T = 0.06
 <-- Site =   88 .. Mmps =   25 Ndav =  15 E =   -109.6468294920 Error = 1.22e-22 FLOPS = 9.71e+09 Tdav = 0.00 T = 0.06
 <-- Site =   87 .. Mmps =   25 Ndav =   9 E =   -109.6468312269 Error = 5.74e-24 FLOPS = 1.09e+10 Tdav = 0.00 T = 0.07
 <-- Site =   86 .. Mmps =   25 Ndav =   8 E =   -109.6468315215 Error = 2.95e-25 FLOPS = 1.10e+10 Tdav = 0.00 T = 0.06
 <-- Site =   85 .. Mmps =   25 Ndav =  16 E =   -109.6468833586 Error = 2.02e-23 FLOPS = 9.51e+09 Tdav = 0.00 T = 0.07
 <-- Site =   84 .. Mmps =   25 Ndav =  16 E =   -109.6469573884 Error = 1.02e-22 FLOPS = 9.43e+09 Tdav = 0.00 T = 0.07
 <-- Site =   83 .. Mmps =   25 Ndav =   8 E =   -109.6469576580 Error = 2.74e-25 FLOPS = 1.10e+10 Tdav = 0.00 T = 0.06
 <-- Site =   82 .. Mmps =   25 Ndav =  11 E =   -109.6469588239 Error = 1.03e-24 FLOPS = 1.06e+10 Tdav = 0.00 T = 0.06
 <-- Site =   81 .. Mmps =   25 Ndav =  16 E =   -109.6470162938 Error = 1.15e-22 FLOPS = 9.52e+09 Tdav = 0.00 T = 0.07
 <-- Site =   80 .. Mmps =   25 Ndav =  22 E =   -109.6470497762 Error = 6.00e-22 FLOPS = 8.00e+09 Tdav = 0.01 T = 0.07
 <-- Site =   79 .. Mmps =   25 Ndav =  17 E =   -109.6470625055 Error = 9.26e-23 FLOPS = 9.03e+09 Tdav = 0.00 T = 0.07
 <-- Site =   78 .. Mmps =   25 Ndav =  26 E =   -109.6471206059 Error = 6.14e-22 FLOPS = 7.18e+09 Tdav = 0.01 T = 0.07
 <-- Site =   77 .. Mmps =   25 Ndav =  19 E =   -109.6471403971 Error = 3.02e-22 FLOPS = 8.81e+09 Tdav = 0.01 T = 0.07
 <-- Site =   76 .. Mmps =   25 Ndav =  20 E =   -109.6471725335 Error = 7.25e-23 FLOPS = 8.36e+09 Tdav = 0.01 T = 0.06
 <-- Site =   75 .. Mmps =   25 Ndav =  16 E =   -109.6471838804 Error = 2.46e-22 FLOPS = 9.29e+09 Tdav = 0.00 T = 0.07
 <-- Site =   74 .. Mmps =   25 Ndav =  12 E =   -109.6471854277 Error = 7.34e-24 FLOPS = 1.02e+10 Tdav = 0.00 T = 0.07
 <-- Site =   73 .. Mmps =   25 Ndav =   8 E =   -109.6471859798 Error = 1.67e-24 FLOPS = 1.03e+10 Tdav = 0.00 T = 0.07
 <-- Site =   72 .. Mmps =   25 Ndav =  16 E =   -109.6472173813 Error = 8.46e-24 FLOPS = 9.37e+09 Tdav = 0.00 T = 0.06
 <-- Site =   71 .. Mmps =   25 Ndav =  17 E =   -109.6472787669 Error = 1.24e-22 FLOPS = 9.08e+09 Tdav = 0.00 T = 0.06
 <-- Site =   70 .. Mmps =   25 Ndav =   7 E =   -109.6472791313 Error = 2.45e-25 FLOPS = 9.90e+09 Tdav = 0.00 T = 0.06
 <-- Site =   69 .. Mmps =   25 Ndav =   8 E =   -109.6472792480 Error = 2.42e-25 FLOPS = 1.03e+10 Tdav = 0.00 T = 0.06
 <-- Site =   68 .. Mmps =   25 Ndav =  17 E =   -109.6473309671 Error = 6.34e-23 FLOPS = 9.01e+09 Tdav = 0.00 T = 0.06
 <-- Site =   67 .. Mmps =   25 Ndav =  21 E =   -109.6473559417 Error = 1.16e-21 FLOPS = 8.14e+09 Tdav = 0.01 T = 0.06
 <-- Site =   66 .. Mmps =   25 Ndav =  24 E =   -109.6473644952 Error = 3.72e-23 FLOPS = 7.54e+09 Tdav = 0.01 T = 0.07
 <-- Site =   65 .. Mmps =   25 Ndav =  19 E =   -109.6473896316 Error = 1.17e-22 FLOPS = 8.51e+09 Tdav = 0.01 T = 0.07
 <-- Site =   64 .. Mmps =   25 Ndav =  19 E =   -109.6474055821 Error = 7.32e-23 FLOPS = 8.65e+09 Tdav = 0.00 T = 0.06
 <-- Site =   63 .. Mmps =   25 Ndav =  16 E =   -109.6474737685 Error = 8.66e-22 FLOPS = 9.36e+09 Tdav = 0.00 T = 0.07
 <-- Site =   62 .. Mmps =   25 Ndav =  16 E =   -109.6474833306 Error = 7.74e-22 FLOPS = 9.39e+09 Tdav = 0.00 T = 0.07
 <-- Site =   61 .. Mmps =   25 Ndav =  11 E =   -109.6474844554 Error = 7.75e-24 FLOPS = 1.03e+10 Tdav = 0.00 T = 0.07
 <-- Site =   60 .. Mmps =   25 Ndav =   9 E =   -109.6474846518 Error = 2.18e-22 FLOPS = 1.06e+10 Tdav = 0.00 T = 0.07
 <-- Site =   59 .. Mmps =   25 Ndav =  16 E =   -109.6475361560 Error = 1.76e-22 FLOPS = 9.31e+09 Tdav = 0.00 T = 0.07
 <-- Site =   58 .. Mmps =   25 Ndav =  16 E =   -109.6476105258 Error = 5.46e-23 FLOPS = 8.94e+09 Tdav = 0.00 T = 0.07
 <-- Site =   57 .. Mmps =   25 Ndav =   7 E =   -109.6476106473 Error = 1.69e-25 FLOPS = 1.01e+10 Tdav = 0.00 T = 0.06
 <-- Site =   56 .. Mmps =   25 Ndav =   7 E =   -109.6476112048 Error = 1.92e-25 FLOPS = 1.09e+10 Tdav = 0.00 T = 0.06
 <-- Site =   55 .. Mmps =   25 Ndav =  17 E =   -109.6476551364 Error = 2.94e-22 FLOPS = 8.97e+09 Tdav = 0.00 T = 0.06
 <-- Site =   54 .. Mmps =   25 Ndav =  21 E =   -109.6477872378 Error = 3.52e-22 FLOPS = 8.09e+09 Tdav = 0.01 T = 0.06
 <-- Site =   53 .. Mmps =   25 Ndav =  14 E =   -109.6477997266 Error = 5.68e-23 FLOPS = 9.61e+09 Tdav = 0.00 T = 0.06
 <-- Site =   52 .. Mmps =   25 Ndav =  25 E =   -109.6479390054 Error = 3.25e-22 FLOPS = 7.19e+09 Tdav = 0.01 T = 0.06
 <-- Site =   51 .. Mmps =   25 Ndav =  15 E =   -109.6479406628 Error = 7.34e-24 FLOPS = 9.42e+09 Tdav = 0.00 T = 0.05
 <-- Site =   50 .. Mmps =   25 Ndav =  17 E =   -109.6479483411 Error = 5.00e-23 FLOPS = 8.81e+09 Tdav = 0.00 T = 0.07
 <-- Site =   49 .. Mmps =   25 Ndav =  10 E =   -109.6479506782 Error = 4.38e-23 FLOPS = 1.02e+10 Tdav = 0.00 T = 0.07
 <-- Site =   48 .. Mmps =   25 Ndav =   9 E =   -109.6479519959 Error = 2.09e-24 FLOPS = 1.03e+10 Tdav = 0.00 T = 0.06
 <-- Site =   47 .. Mmps =   25 Ndav =  11 E =   -109.6479522342 Error = 1.03e-24 FLOPS = 1.00e+10 Tdav = 0.00 T = 0.05
 <-- Site =   46 .. Mmps =   25 Ndav =  15 E =   -109.6479893614 Error = 4.66e-22 FLOPS = 9.21e+09 Tdav = 0.00 T = 0.06
 <-- Site =   45 .. Mmps =   25 Ndav =  16 E =   -109.6480153123 Error = 1.07e-22 FLOPS = 8.82e+09 Tdav = 0.00 T = 0.05
 <-- Site =   44 .. Mmps =   25 Ndav =   6 E =   -109.6480155724 Error = 5.21e-25 FLOPS = 1.08e+10 Tdav = 0.00 T = 0.05
 <-- Site =   43 .. Mmps =   25 Ndav =  10 E =   -109.6480158893 Error = 1.94e-25 FLOPS = 1.04e+10 Tdav = 0.00 T = 0.05
 <-- Site =   42 .. Mmps =   25 Ndav =  15 E =   -109.6480555963 Error = 1.64e-22 FLOPS = 9.18e+09 Tdav = 0.00 T = 0.05
 <-- Site =   41 .. Mmps =   25 Ndav =  19 E =   -109.6481169782 Error = 1.12e-21 FLOPS = 8.02e+09 Tdav = 0.00 T = 0.05
 <-- Site =   40 .. Mmps =   25 Ndav =  22 E =   -109.6481717539 Error = 3.76e-22 FLOPS = 7.33e+09 Tdav = 0.01 T = 0.05
 <-- Site =   39 .. Mmps =   25 Ndav =  24 E =   -109.6482685210 Error = 5.53e-22 FLOPS = 6.79e+09 Tdav = 0.01 T = 0.05
 <-- Site =   38 .. Mmps =   25 Ndav =  22 E =   -109.6483518285 Error = 1.61e-22 FLOPS = 7.16e+09 Tdav = 0.01 T = 0.05
 <-- Site =   37 .. Mmps =   25 Ndav =  29 E =   -109.6484811962 Error = 1.06e-21 FLOPS = 5.56e+09 Tdav = 0.01 T = 0.05
 <-- Site =   36 .. Mmps =   25 Ndav =  19 E =   -109.6485166706 Error = 6.23e-22 FLOPS = 7.54e+09 Tdav = 0.00 T = 0.04
 <-- Site =   35 .. Mmps =   25 Ndav =  25 E =   -109.6485821117 Error = 6.18e-23 FLOPS = 6.22e+09 Tdav = 0.01 T = 0.05
 <-- Site =   34 .. Mmps =   25 Ndav =  14 E =   -109.6485887810 Error = 2.71e-22 FLOPS = 8.79e+09 Tdav = 0.00 T = 0.04
 <-- Site =   33 .. Mmps =   25 Ndav =  19 E =   -109.6486531797 Error = 5.02e-22 FLOPS = 7.28e+09 Tdav = 0.00 T = 0.04
 <-- Site =   32 .. Mmps =   25 Ndav =  26 E =   -109.6489566795 Error = 5.86e-21 FLOPS = 5.73e+09 Tdav = 0.01 T = 0.04
 <-- Site =   31 .. Mmps =   25 Ndav =  16 E =   -109.6489608621 Error = 2.50e-23 FLOPS = 7.80e+09 Tdav = 0.00 T = 0.04
 <-- Site =   30 .. Mmps =   25 Ndav =  18 E =   -109.6489671713 Error = 6.70e-23 FLOPS = 7.50e+09 Tdav = 0.00 T = 0.04
 <-- Site =   29 .. Mmps =   25 Ndav =  21 E =   -109.6490248618 Error = 3.75e-22 FLOPS = 6.71e+09 Tdav = 0.00 T = 0.04
 <-- Site =   28 .. Mmps =   25 Ndav =  30 E =   -109.6498450419 Error = 8.13e-21 FLOPS = 4.69e+09 Tdav = 0.01 T = 0.04
 <-- Site =   27 .. Mmps =   25 Ndav =  51 E =   -109.6499747280 Error = 1.37e-21 FLOPS = 2.36e+09 Tdav = 0.03 T = 0.06
 <-- Site =   26 .. Mmps =   25 Ndav =  31 E =   -109.6500520882 Error = 5.40e-22 FLOPS = 4.37e+09 Tdav = 0.01 T = 0.04
 <-- Site =   25 .. Mmps =   25 Ndav =  26 E =   -109.6500645689 Error = 1.21e-22 FLOPS = 5.15e+09 Tdav = 0.01 T = 0.04
 <-- Site =   24 .. Mmps =   25 Ndav =  26 E =   -109.6501010161 Error = 2.03e-23 FLOPS = 5.03e+09 Tdav = 0.01 T = 0.04
 <-- Site =   23 .. Mmps =   25 Ndav =  20 E =   -109.6501051326 Error = 1.75e-22 FLOPS = 6.25e+09 Tdav = 0.00 T = 0.04
 <-- Site =   22 .. Mmps =   25 Ndav =  21 E =   -109.6501086765 Error = 9.27e-24 FLOPS = 5.84e+09 Tdav = 0.00 T = 0.04
 <-- Site =   21 .. Mmps =   25 Ndav =  16 E =   -109.6501166086 Error = 1.26e-22 FLOPS = 7.07e+09 Tdav = 0.00 T = 0.03
 <-- Site =   20 .. Mmps =   25 Ndav =  30 E =   -109.6502093681 Error = 1.45e-21 FLOPS = 3.82e+09 Tdav = 0.01 T = 0.04
 <-- Site =   19 .. Mmps =   25 Ndav =  19 E =   -109.6502218108 Error = 1.85e-22 FLOPS = 5.89e+09 Tdav = 0.00 T = 0.03
 <-- Site =   18 .. Mmps =   25 Ndav =  18 E =   -109.6502619338 Error = 6.37e-23 FLOPS = 6.05e+09 Tdav = 0.00 T = 0.03
 <-- Site =   17 .. Mmps =   25 Ndav =  20 E =   -109.6502700883 Error = 3.05e-23 FLOPS = 5.42e+09 Tdav = 0.00 T = 0.03
 <-- Site =   16 .. Mmps =   25 Ndav =  30 E =   -109.6503933192 Error = 1.61e-21 FLOPS = 3.34e+09 Tdav = 0.01 T = 0.04
 <-- Site =   15 .. Mmps =   25 Ndav =  30 E =   -109.6518596778 Error = 4.81e-21 FLOPS = 3.22e+09 Tdav = 0.01 T = 0.04
 <-- Site =   14 .. Mmps =   25 Ndav =  31 E =   -109.6522597327 Error = 1.22e-20 FLOPS = 2.92e+09 Tdav = 0.01 T = 0.04
 <-- Site =   13 .. Mmps =   25 Ndav =  29 E =   -109.6524618595 Error = 3.29e-21 FLOPS = 3.06e+09 Tdav = 0.01 T = 0.03
 <-- Site =   12 .. Mmps =   25 Ndav =  28 E =   -109.6531183646 Error = 1.07e-22 FLOPS = 3.06e+09 Tdav = 0.01 T = 0.03
 <-- Site =   11 .. Mmps =   25 Ndav =  34 E =   -109.6537779127 Error = 5.80e-21 FLOPS = 2.21e+09 Tdav = 0.01 T = 0.04
 <-- Site =   10 .. Mmps =   25 Ndav =  31 E =   -109.6540350383 Error = 3.82e-22 FLOPS = 2.36e+09 Tdav = 0.01 T = 0.03
 <-- Site =    9 .. Mmps =   25 Ndav =  34 E =   -109.6540951003 Error = 2.43e-22 FLOPS = 1.94e+09 Tdav = 0.01 T = 0.03
 <-- Site =    8 .. Mmps =   25 Ndav =  25 E =   -109.6541100881 Error = 1.04e-22 FLOPS = 2.76e+09 Tdav = 0.00 T = 0.03
 <-- Site =    7 .. Mmps =   25 Ndav =  24 E =   -109.6541143045 Error = 5.65e-23 FLOPS = 2.67e+09 Tdav = 0.00 T = 0.03
 <-- Site =    6 .. Mmps =   25 Ndav =  18 E =   -109.6541171179 Error = 1.61e-25 FLOPS = 3.34e+09 Tdav = 0.00 T = 0.03
 <-- Site =    5 .. Mmps =   25 Ndav =  19 E =   -109.6541181026 Error = 1.86e-25 FLOPS = 2.97e+09 Tdav = 0.00 T = 0.03
 <-- Site =    4 .. Mmps =   25 Ndav =   8 E =   -109.6541181140 Error = 2.30e-26 FLOPS = 4.83e+09 Tdav = 0.00 T = 0.03
 <-- Site =    3 .. Mmps =   25 Ndav =   2 E =   -109.6541181140 Error = 2.38e-31 FLOPS = 1.76e+09 Tdav = 0.00 T = 0.02
 <-- Site =    2 .. Mmps =   24 Ndav =   1 E =   -109.6541181140 Error = 0.00e+00 FLOPS = 7.48e+08 Tdav = 0.00 T = 0.03
 <-- Site =    1 .. Mmps =   25 Ndav =   1 E =   -109.6541181140 Error = 5.89e-60 FLOPS = 3.47e+08 Tdav = 0.00 T = 0.03
 <-- Site =    0 .. Mmps =   25 Ndav =   1 E =   -109.6541181140 Error = 0.00e+00 FLOPS = 1.77e+08 Tdav = 0.00 T = 0.02
Time elapsed =   2792.845 | E =    -109.6541181140 | DE = -1.18e-02 | DW = 1.32111e-20
Time sweep =        8.168 | 4.38 GFLOP/SWP
 | Dmem = 294 KB (1%) | Imem = 232 B (79%) | Hmem = 696 KB | Wmem = 5.86 KB | Pmem = 5.86 KB
 | Tread = 0.201 | Twrite = 0.770 | Tfpread = 0.049 | Tfpwrite = 0.043 | Tmporead = 0.000 | Tasync = 0.000
 | data = 31.6 MB | cpsd = 21.4 MB
 | Trot = 0.052 | Tctr = 0.566 | Tint = 0.007 | Tmid = 0.000 | Tdctr = 0.005 | Tdiag = 0.016 | Tinfo = 0.218
 | Teff = 2.124 | Tprt = 0.138 | Teig = 0.715 | Tblk = 6.026 | Tmve = 2.134 | Tdm = 0.003 | Tsplt = 0.042 | Tsvd = 0.000 | Torth = 0.000

Sweep =    5 | Direction =  forward | Bond dimension =   25 | Noise =  1.00e-05 | Dav threshold =  1.00e-10
 --> Site =    0 .. Mmps =    2 Ndav =   1 E =   -109.6541181140 Error = 0.00e+00 FLOPS = 1.75e+08 Tdav = 0.00 T = 0.02
 --> Site =    1 .. Mmps =    4 Ndav =   1 E =   -109.6541181140 Error = 0.00e+00 FLOPS = 2.51e+08 Tdav = 0.00 T = 0.03
 --> Site =    2 .. Mmps =    8 Ndav =   1 E =   -109.6541181140 Error = 0.00e+00 FLOPS = 6.23e+08 Tdav = 0.00 T = 0.02
 --> Site =    3 .. Mmps =   16 Ndav =   1 E =   -109.6541181140 Error = 0.00e+00 FLOPS = 1.07e+09 Tdav = 0.00 T = 0.02
 --> Site =    4 .. Mmps =   25 Ndav =   1 E =   -109.6541181140 Error = 1.07e-24 FLOPS = 2.14e+09 Tdav = 0.00 T = 0.02
 --> Site =    5 .. Mmps =   25 Ndav =   3 E =   -109.6541181141 Error = 1.86e-22 FLOPS = 6.77e+09 Tdav = 0.00 T = 0.03
 --> Site =    6 .. Mmps =   25 Ndav =  12 E =   -109.6541181236 Error = 1.87e-21 FLOPS = 6.79e+09 Tdav = 0.00 T = 0.03
 --> Site =    7 .. Mmps =   25 Ndav =  14 E =   -109.6541181860 Error = 5.72e-19 FLOPS = 6.57e+09 Tdav = 0.00 T = 0.03
 --> Site =    8 .. Mmps =   25 Ndav =  17 E =   -109.6541191206 Error = 1.64e-19 FLOPS = 6.07e+09 Tdav = 0.00 T = 0.03
 --> Site =    9 .. Mmps =   25 Ndav =  26 E =   -109.6541244507 Error = 4.65e-19 FLOPS = 4.14e+09 Tdav = 0.01 T = 0.03
 --> Site =   10 .. Mmps =   25 Ndav =  34 E =   -109.6541496831 Error = 2.06e-19 FLOPS = 3.07e+09 Tdav = 0.01 T = 0.04
 --> Site =   11 .. Mmps =   25 Ndav =  31 E =   -109.6542203295 Error = 2.16e-18 FLOPS = 3.75e+09 Tdav = 0.01 T = 0.04
 --> Site =   12 .. Mmps =   25 Ndav =  32 E =   -109.6552063383 Error = 4.32e-18 FLOPS = 3.80e+09 Tdav = 0.01 T = 0.04
 --> Site =   13 .. Mmps =   25 Ndav =  33 E =   -109.6559335449 Error = 4.72e-18 FLOPS = 3.82e+09 Tdav = 0.01 T = 0.04
 --> Site =   14 .. Mmps =   25 Ndav =  34 E =   -109.6571658661 Error = 8.87e-19 FLOPS = 3.83e+09 Tdav = 0.01 T = 0.05
 --> Site =   15 .. Mmps =   25 Ndav =  35 E =   -109.6588434727 Error = 3.20e-18 FLOPS = 3.83e+09 Tdav = 0.02 T = 0.05
 --> Site =   16 .. Mmps =   25 Ndav =  36 E =   -109.6608660265 Error = 6.76e-18 FLOPS = 3.85e+09 Tdav = 0.02 T = 0.05
 --> Site =   17 .. Mmps =   25 Ndav =  26 E =   -109.6611159720 Error = 1.77e-18 FLOPS = 5.98e+09 Tdav = 0.01 T = 0.05
 --> Site =   18 .. Mmps =   25 Ndav =  24 E =   -109.6611919182 Error = 8.22e-19 FLOPS = 6.62e+09 Tdav = 0.01 T = 0.04
 --> Site =   19 .. Mmps =   25 Ndav =  23 E =   -109.6613061326 Error = 3.56e-18 FLOPS = 7.09e+09 Tdav = 0.01 T = 0.04
 --> Site =   20 .. Mmps =   25 Ndav =  31 E =   -109.6614267712 Error = 6.90e-19 FLOPS = 5.36e+09 Tdav = 0.01 T = 0.05
 --> Site =   21 .. Mmps =   25 Ndav =  24 E =   -109.6615094100 Error = 5.94e-18 FLOPS = 7.18e+09 Tdav = 0.01 T = 0.04
 --> Site =   22 .. Mmps =   25 Ndav =  24 E =   -109.6615535099 Error = 2.05e-19 FLOPS = 7.25e+09 Tdav = 0.01 T = 0.04
 --> Site =   23 .. Mmps =   25 Ndav =  14 E =   -109.6615564883 Error = 2.78e-19 FLOPS = 1.04e+10 Tdav = 0.00 T = 0.04
 --> Site =   24 .. Mmps =   25 Ndav =  25 E =   -109.6615643018 Error = 5.78e-19 FLOPS = 7.25e+09 Tdav = 0.01 T = 0.05
 --> Site =   25 .. Mmps =   25 Ndav =  32 E =   -109.6617466974 Error = 6.01e-19 FLOPS = 5.80e+09 Tdav = 0.01 T = 0.05
 --> Site =   26 .. Mmps =   25 Ndav =  31 E =   -109.6618088859 Error = 3.97e-19 FLOPS = 6.14e+09 Tdav = 0.01 T = 0.05
 --> Site =   27 .. Mmps =   25 Ndav =  54 E =   -109.6622143120 Error = 4.16e-18 FLOPS = 3.66e+09 Tdav = 0.04 T = 0.08
 --> Site =   28 .. Mmps =   25 Ndav =  30 E =   -109.6625624790 Error = 1.07e-18 FLOPS = 6.61e+09 Tdav = 0.01 T = 0.05
 --> Site =   29 .. Mmps =   25 Ndav =  34 E =   -109.6639732200 Error = 1.81e-17 FLOPS = 5.96e+09 Tdav = 0.02 T = 0.06
 --> Site =   30 .. Mmps =   25 Ndav =  29 E =   -109.6646729187 Error = 3.62e-18 FLOPS = 7.18e+09 Tdav = 0.01 T = 0.06
 --> Site =   31 .. Mmps =   25 Ndav =  23 E =   -109.6647901723 Error = 3.26e-19 FLOPS = 8.82e+09 Tdav = 0.01 T = 0.05
 --> Site =   32 .. Mmps =   25 Ndav =  20 E =   -109.6648042511 Error = 2.21e-19 FLOPS = 9.56e+09 Tdav = 0.01 T = 0.06
 --> Site =   33 .. Mmps =   25 Ndav =  26 E =   -109.6651466548 Error = 4.24e-18 FLOPS = 8.11e+09 Tdav = 0.01 T = 0.06
 --> Site =   34 .. Mmps =   25 Ndav =  27 E =   -109.6652977849 Error = 2.46e-19 FLOPS = 7.96e+09 Tdav = 0.01 T = 0.06
 --> Site =   35 .. Mmps =   25 Ndav =  26 E =   -109.6653173869 Error = 5.81e-19 FLOPS = 8.37e+09 Tdav = 0.01 T = 0.06
 --> Site =   36 .. Mmps =   25 Ndav =  26 E =   -109.6656601304 Error = 4.38e-19 FLOPS = 8.41e+09 Tdav = 0.01 T = 0.07
 --> Site =   37 .. Mmps =   25 Ndav =  34 E =   -109.6659271929 Error = 1.67e-19 FLOPS = 6.77e+09 Tdav = 0.02 T = 0.07
 --> Site =   38 .. Mmps =   25 Ndav =  26 E =   -109.6660464380 Error = 2.27e-17 FLOPS = 8.66e+09 Tdav = 0.01 T = 0.07
 --> Site =   39 .. Mmps =   25 Ndav =  26 E =   -109.6662636709 Error = 2.27e-18 FLOPS = 8.71e+09 Tdav = 0.01 T = 0.07
 --> Site =   40 .. Mmps =   25 Ndav =  25 E =   -109.6664056589 Error = 5.19e-19 FLOPS = 9.04e+09 Tdav = 0.01 T = 0.07
 --> Site =   41 .. Mmps =   25 Ndav =  22 E =   -109.6665057908 Error = 2.51e-18 FLOPS = 9.91e+09 Tdav = 0.01 T = 0.07
 --> Site =   42 .. Mmps =   25 Ndav =  19 E =   -109.6666825601 Error = 3.39e-18 FLOPS = 1.07e+10 Tdav = 0.01 T = 0.07
 --> Site =   43 .. Mmps =   25 Ndav =  17 E =   -109.6667255720 Error = 1.52e-19 FLOPS = 1.13e+10 Tdav = 0.01 T = 0.07
 --> Site =   44 .. Mmps =   25 Ndav =  11 E =   -109.6667281608 Error = 5.62e-19 FLOPS = 1.26e+10 Tdav = 0.00 T = 0.07
 --> Site =   45 .. Mmps =   25 Ndav =  16 E =   -109.6667416187 Error = 1.55e-20 FLOPS = 1.17e+10 Tdav = 0.01 T = 0.07
 --> Site =   46 .. Mmps =   25 Ndav =  16 E =   -109.6667606316 Error = 8.70e-19 FLOPS = 1.17e+10 Tdav = 0.01 T = 0.07
 --> Site =   47 .. Mmps =   25 Ndav =  19 E =   -109.6667987617 Error = 3.22e-18 FLOPS = 1.09e+10 Tdav = 0.01 T = 0.08
 --> Site =   48 .. Mmps =   25 Ndav =  20 E =   -109.6668137292 Error = 2.88e-18 FLOPS = 1.06e+10 Tdav = 0.01 T = 0.07
 --> Site =   49 .. Mmps =   25 Ndav =  16 E =   -109.6668180217 Error = 1.89e-19 FLOPS = 1.18e+10 Tdav = 0.01 T = 0.08
 --> Site =   50 .. Mmps =   25 Ndav =  20 E =   -109.6668244622 Error = 8.10e-20 FLOPS = 1.08e+10 Tdav = 0.01 T = 0.08
 --> Site =   51 .. Mmps =   25 Ndav =  22 E =   -109.6668676951 Error = 1.47e-20 FLOPS = 1.04e+10 Tdav = 0.01 T = 0.08
 --> Site =   52 .. Mmps =   25 Ndav =  23 E =   -109.6669028649 Error = 2.00e-19 FLOPS = 1.03e+10 Tdav = 0.01 T = 0.08
 --> Site =   53 .. Mmps =   25 Ndav =  17 E =   -109.6669490230 Error = 8.80e-18 FLOPS = 1.20e+10 Tdav = 0.01 T = 0.08
 --> Site =   54 .. Mmps =   25 Ndav =  20 E =   -109.6669683873 Error = 2.47e-19 FLOPS = 1.11e+10 Tdav = 0.01 T = 0.08
 --> Site =   55 .. Mmps =   25 Ndav =  20 E =   -109.6671346678 Error = 7.41e-19 FLOPS = 1.12e+10 Tdav = 0.01 T = 0.08
 --> Site =   56 .. Mmps =   25 Ndav =  17 E =   -109.6671820069 Error = 4.29e-19 FLOPS = 1.20e+10 Tdav = 0.01 T = 0.08
 --> Site =   57 .. Mmps =   25 Ndav =   9 E =   -109.6671830676 Error = 1.01e-19 FLOPS = 1.38e+10 Tdav = 0.00 T = 0.08
 --> Site =   58 .. Mmps =   25 Ndav =   9 E =   -109.6671836035 Error = 1.92e-19 FLOPS = 1.38e+10 Tdav = 0.00 T = 0.08
 --> Site =   59 .. Mmps =   25 Ndav =  15 E =   -109.6672059983 Error = 9.19e-20 FLOPS = 1.27e+10 Tdav = 0.01 T = 0.08
 --> Site =   60 .. Mmps =   25 Ndav =  16 E =   -109.6672267774 Error = 5.00e-19 FLOPS = 1.23e+10 Tdav = 0.01 T = 0.08
 --> Site =   61 .. Mmps =   25 Ndav =  12 E =   -109.6672295100 Error = 1.79e-19 FLOPS = 1.29e+10 Tdav = 0.00 T = 0.08
 --> Site =   62 .. Mmps =   25 Ndav =  17 E =   -109.6672347501 Error = 1.31e-19 FLOPS = 1.20e+10 Tdav = 0.01 T = 0.09
 --> Site =   63 .. Mmps =   25 Ndav =  16 E =   -109.6672496437 Error = 7.79e-19 FLOPS = 1.22e+10 Tdav = 0.01 T = 0.09
 --> Site =   64 .. Mmps =   25 Ndav =  26 E =   -109.6673075151 Error = 5.32e-18 FLOPS = 9.83e+09 Tdav = 0.01 T = 0.09
 --> Site =   65 .. Mmps =   25 Ndav =  19 E =   -109.6673183940 Error = 1.06e-18 FLOPS = 1.17e+10 Tdav = 0.01 T = 0.09
 --> Site =   66 .. Mmps =   25 Ndav =  25 E =   -109.6673614877 Error = 2.06e-18 FLOPS = 1.02e+10 Tdav = 0.01 T = 0.09
 --> Site =   67 .. Mmps =   25 Ndav =  23 E =   -109.6673921185 Error = 2.24e-18 FLOPS = 1.07e+10 Tdav = 0.01 T = 0.10
 --> Site =   68 .. Mmps =   25 Ndav =  17 E =   -109.6674282113 Error = 1.37e-19 FLOPS = 1.21e+10 Tdav = 0.01 T = 0.09
 --> Site =   69 .. Mmps =   25 Ndav =  16 E =   -109.6674494163 Error = 4.75e-19 FLOPS = 1.23e+10 Tdav = 0.01 T = 0.09
 --> Site =   70 .. Mmps =   25 Ndav =   9 E =   -109.6674503609 Error = 6.05e-19 FLOPS = 1.33e+10 Tdav = 0.00 T = 0.09
 --> Site =   71 .. Mmps =   25 Ndav =   9 E =   -109.6674509811 Error = 4.96e-20 FLOPS = 1.34e+10 Tdav = 0.00 T = 0.09
 --> Site =   72 .. Mmps =   25 Ndav =  16 E =   -109.6674933370 Error = 6.97e-19 FLOPS = 1.25e+10 Tdav = 0.01 T = 0.09
 --> Site =   73 .. Mmps =   25 Ndav =  18 E =   -109.6675550193 Error = 1.50e-18 FLOPS = 1.22e+10 Tdav = 0.01 T = 0.09
 --> Site =   74 .. Mmps =   25 Ndav =  16 E =   -109.6675568341 Error = 4.61e-19 FLOPS = 1.25e+10 Tdav = 0.01 T = 0.09
 --> Site =   75 .. Mmps =   25 Ndav =  16 E =   -109.6675586899 Error = 1.11e-19 FLOPS = 1.25e+10 Tdav = 0.01 T = 0.09
 --> Site =   76 .. Mmps =   25 Ndav =  24 E =   -109.6675835728 Error = 4.51e-19 FLOPS = 1.04e+10 Tdav = 0.01 T = 0.10
 --> Site =   77 .. Mmps =   25 Ndav =  22 E =   -109.6676757829 Error = 1.32e-18 FLOPS = 1.09e+10 Tdav = 0.01 T = 0.09
 --> Site =   78 .. Mmps =   25 Ndav =  24 E =   -109.6676990616 Error = 3.07e-19 FLOPS = 1.05e+10 Tdav = 0.01 T = 0.10
 --> Site =   79 .. Mmps =   25 Ndav =  22 E =   -109.6677652006 Error = 1.16e-18 FLOPS = 1.09e+10 Tdav = 0.01 T = 0.09
 --> Site =   80 .. Mmps =   25 Ndav =  21 E =   -109.6677743876 Error = 3.80e-20 FLOPS = 1.11e+10 Tdav = 0.01 T = 0.09
 --> Site =   81 .. Mmps =   25 Ndav =  21 E =   -109.6678727752 Error = 1.14e-19 FLOPS = 1.11e+10 Tdav = 0.01 T = 0.10
 --> Site =   82 .. Mmps =   25 Ndav =  17 E =   -109.6679259815 Error = 1.54e-18 FLOPS = 1.21e+10 Tdav = 0.01 T = 0.09
 --> Site =   83 .. Mmps =   25 Ndav =   7 E =   -109.6679264276 Error = 1.07e-18 FLOPS = 1.38e+10 Tdav = 0.00 T = 0.09
 --> Site =   84 .. Mmps =   25 Ndav =   9 E =   -109.6679268074 Error = 4.02e-20 FLOPS = 1.38e+10 Tdav = 0.00 T = 0.09
 --> Site =   85 .. Mmps =   25 Ndav =  17 E =   -109.6679684451 Error = 3.88e-19 FLOPS = 1.21e+10 Tdav = 0.01 T = 0.09
 --> Site =   86 .. Mmps =   25 Ndav =  17 E =   -109.6680090843 Error = 3.12e-18 FLOPS = 1.21e+10 Tdav = 0.01 T = 0.09
 --> Site =   87 .. Mmps =   25 Ndav =  10 E =   -109.6680105426 Error = 7.12e-19 FLOPS = 1.33e+10 Tdav = 0.00 T = 0.09
 --> Site =   88 .. Mmps =   25 Ndav =  17 E =   -109.6680146277 Error = 6.15e-19 FLOPS = 1.20e+10 Tdav = 0.01 T = 0.09
 --> Site =   89 .. Mmps =   25 Ndav =  17 E =   -109.6680271582 Error = 2.70e-19 FLOPS = 1.20e+10 Tdav = 0.01 T = 0.09
 --> Site =   90 .. Mmps =   25 Ndav =  29 E =   -109.6681141763 Error = 1.64e-17 FLOPS = 9.29e+09 Tdav = 0.02 T = 0.10
 --> Site =   91 .. Mmps =   25 Ndav =  20 E =   -109.6681228156 Error = 3.51e-19 FLOPS = 1.14e+10 Tdav = 0.01 T = 0.09
 --> Site =   92 .. Mmps =   25 Ndav =  28 E =   -109.6681776557 Error = 1.42e-18 FLOPS = 9.42e+09 Tdav = 0.02 T = 0.10
 --> Site =   93 .. Mmps =   25 Ndav =  23 E =   -109.6682057858 Error = 4.03e-19 FLOPS = 1.07e+10 Tdav = 0.01 T = 0.09
 --> Site =   94 .. Mmps =   25 Ndav =  21 E =   -109.6682990108 Error = 1.22e-19 FLOPS = 1.13e+10 Tdav = 0.01 T = 0.10
 --> Site =   95 .. Mmps =   25 Ndav =  20 E =   -109.6683462431 Error = 2.78e-19 FLOPS = 1.15e+10 Tdav = 0.01 T = 0.09
 --> Site =   96 .. Mmps =   25 Ndav =  11 E =   -109.6683473613 Error = 1.53e-18 FLOPS = 1.35e+10 Tdav = 0.00 T = 0.09
 --> Site =   97 .. Mmps =   25 Ndav =   7 E =   -109.6683473878 Error = 1.65e-19 FLOPS = 1.39e+10 Tdav = 0.00 T = 0.09
 --> Site =   98 .. Mmps =   25 Ndav =  21 E =   -109.6684351289 Error = 3.36e-20 FLOPS = 1.13e+10 Tdav = 0.01 T = 0.09
 --> Site =   99 .. Mmps =   25 Ndav =  21 E =   -109.6684782950 Error = 4.77e-19 FLOPS = 1.13e+10 Tdav = 0.01 T = 0.09
 --> Site =  100 .. Mmps =   25 Ndav =  14 E =   -109.6684788524 Error = 1.30e-18 FLOPS = 1.29e+10 Tdav = 0.01 T = 0.09
 --> Site =  101 .. Mmps =   25 Ndav =  20 E =   -109.6684812581 Error = 1.06e-19 FLOPS = 1.14e+10 Tdav = 0.01 T = 0.09
 --> Site =  102 .. Mmps =   25 Ndav =  25 E =   -109.6685245109 Error = 3.64e-20 FLOPS = 1.02e+10 Tdav = 0.01 T = 0.10
 --> Site =  103 .. Mmps =   25 Ndav =  23 E =   -109.6686138816 Error = 1.16e-19 FLOPS = 1.07e+10 Tdav = 0.01 T = 0.09
 --> Site =  104 .. Mmps =   25 Ndav =  23 E =   -109.6686452267 Error = 1.79e-18 FLOPS = 1.06e+10 Tdav = 0.01 T = 0.09
 --> Site =  105 .. Mmps =   25 Ndav =  18 E =   -109.6686943572 Error = 6.54e-20 FLOPS = 1.19e+10 Tdav = 0.01 T = 0.09
 --> Site =  106 .. Mmps =   25 Ndav =  23 E =   -109.6687148501 Error = 4.33e-18 FLOPS = 1.07e+10 Tdav = 0.01 T = 0.09
 --> Site =  107 .. Mmps =   25 Ndav =  18 E =   -109.6687454287 Error = 9.28e-20 FLOPS = 1.19e+10 Tdav = 0.01 T = 0.08
 --> Site =  108 .. Mmps =   25 Ndav =  18 E =   -109.6687707983 Error = 4.59e-20 FLOPS = 1.20e+10 Tdav = 0.01 T = 0.08
 --> Site =  109 .. Mmps =   25 Ndav =  11 E =   -109.6687733938 Error = 4.78e-19 FLOPS = 1.32e+10 Tdav = 0.00 T = 0.08
 --> Site =  110 .. Mmps =   25 Ndav =  12 E =   -109.6687743806 Error = 3.49e-20 FLOPS = 1.30e+10 Tdav = 0.00 T = 0.08
 --> Site =  111 .. Mmps =   25 Ndav =  16 E =   -109.6688073173 Error = 1.88e-20 FLOPS = 1.21e+10 Tdav = 0.01 T = 0.09
 --> Site =  112 .. Mmps =   25 Ndav =  16 E =   -109.6688438511 Error = 5.16e-19 FLOPS = 1.21e+10 Tdav = 0.01 T = 0.09
 --> Site =  113 .. Mmps =   25 Ndav =  15 E =   -109.6688465763 Error = 5.85e-20 FLOPS = 1.23e+10 Tdav = 0.01 T = 0.08
 --> Site =  114 .. Mmps =   25 Ndav =  17 E =   -109.6688521987 Error = 5.20e-19 FLOPS = 1.18e+10 Tdav = 0.01 T = 0.08
 --> Site =  115 .. Mmps =   25 Ndav =  20 E =   -109.6689115049 Error = 9.03e-19 FLOPS = 1.10e+10 Tdav = 0.01 T = 0.08
 --> Site =  116 .. Mmps =   25 Ndav =  24 E =   -109.6689587369 Error = 4.23e-19 FLOPS = 9.92e+09 Tdav = 0.01 T = 0.08
 --> Site =  117 .. Mmps =   25 Ndav =  26 E =   -109.6689827858 Error = 4.92e-20 FLOPS = 9.44e+09 Tdav = 0.01 T = 0.08
 --> Site =  118 .. Mmps =   25 Ndav =  27 E =   -109.6691111526 Error = 5.62e-19 FLOPS = 9.18e+09 Tdav = 0.01 T = 0.08
 --> Site =  119 .. Mmps =   25 Ndav =  26 E =   -109.6691325301 Error = 1.87e-18 FLOPS = 9.29e+09 Tdav = 0.01 T = 0.08
 --> Site =  120 .. Mmps =   25 Ndav =  16 E =   -109.6691584328 Error = 8.10e-20 FLOPS = 1.18e+10 Tdav = 0.01 T = 0.07
 --> Site =  121 .. Mmps =   25 Ndav =  17 E =   -109.6691916505 Error = 3.05e-19 FLOPS = 1.16e+10 Tdav = 0.01 T = 0.07
 --> Site =  122 .. Mmps =   25 Ndav =   8 E =   -109.6691922970 Error = 1.98e-19 FLOPS = 1.35e+10 Tdav = 0.00 T = 0.07
 --> Site =  123 .. Mmps =   25 Ndav =   9 E =   -109.6691924929 Error = 3.46e-19 FLOPS = 1.33e+10 Tdav = 0.00 T = 0.07
 --> Site =  124 .. Mmps =   25 Ndav =  15 E =   -109.6692312772 Error = 2.27e-20 FLOPS = 1.20e+10 Tdav = 0.01 T = 0.07
 --> Site =  125 .. Mmps =   25 Ndav =  18 E =   -109.6693458091 Error = 2.94e-18 FLOPS = 1.12e+10 Tdav = 0.01 T = 0.07
 --> Site =  126 .. Mmps =   25 Ndav =  13 E =   -109.6693495521 Error = 3.22e-19 FLOPS = 1.24e+10 Tdav = 0.00 T = 0.07
 --> Site =  127 .. Mmps =   25 Ndav =  20 E =   -109.6693909313 Error = 9.30e-19 FLOPS = 1.04e+10 Tdav = 0.01 T = 0.08
 --> Site =  128 .. Mmps =   25 Ndav =  21 E =   -109.6695243075 Error = 1.35e-18 FLOPS = 1.01e+10 Tdav = 0.01 T = 0.07
 --> Site =  129 .. Mmps =   25 Ndav =  25 E =   -109.6695984643 Error = 1.13e-18 FLOPS = 8.94e+09 Tdav = 0.01 T = 0.07
 --> Site =  130 .. Mmps =   25 Ndav =  27 E =   -109.6698384078 Error = 1.90e-18 FLOPS = 8.36e+09 Tdav = 0.01 T = 0.07
 --> Site =  131 .. Mmps =   25 Ndav =  33 E =   -109.6699861309 Error = 1.43e-18 FLOPS = 6.89e+09 Tdav = 0.02 T = 0.08
 --> Site =  132 .. Mmps =   25 Ndav =  19 E =   -109.6700788846 Error = 2.22e-19 FLOPS = 1.02e+10 Tdav = 0.01 T = 0.06
 --> Site =  133 .. Mmps =   25 Ndav =  25 E =   -109.6702834897 Error = 9.91e-19 FLOPS = 8.47e+09 Tdav = 0.01 T = 0.06
 --> Site =  134 .. Mmps =   25 Ndav =  21 E =   -109.6703217341 Error = 4.68e-20 FLOPS = 9.45e+09 Tdav = 0.01 T = 0.06
 --> Site =  135 .. Mmps =   25 Ndav =  31 E =   -109.6704244774 Error = 1.16e-18 FLOPS = 6.93e+09 Tdav = 0.01 T = 0.06
 --> Site =  136 .. Mmps =   25 Ndav =  20 E =   -109.6704533002 Error = 8.89e-19 FLOPS = 9.61e+09 Tdav = 0.01 T = 0.05
 --> Site =  137 .. Mmps =   25 Ndav =  19 E =   -109.6705234251 Error = 1.15e-18 FLOPS = 9.91e+09 Tdav = 0.01 T = 0.05
 --> Site =  138 .. Mmps =   25 Ndav =  26 E =   -109.6706497451 Error = 6.31e-18 FLOPS = 7.84e+09 Tdav = 0.01 T = 0.06
 --> Site =  139 .. Mmps =   25 Ndav =  19 E =   -109.6706587235 Error = 7.42e-20 FLOPS = 9.67e+09 Tdav = 0.01 T = 0.05
 --> Site =  140 .. Mmps =   25 Ndav =  24 E =   -109.6706876217 Error = 1.18e-18 FLOPS = 8.08e+09 Tdav = 0.01 T = 0.05
 --> Site =  141 .. Mmps =   25 Ndav =  33 E =   -109.6708381694 Error = 5.48e-18 FLOPS = 5.83e+09 Tdav = 0.02 T = 0.06
 --> Site =  142 .. Mmps =   25 Ndav =  31 E =   -109.6716721341 Error = 1.29e-17 FLOPS = 6.14e+09 Tdav = 0.01 T = 0.05
 --> Site =  143 .. Mmps =   25 Ndav =  25 E =   -109.6717691212 Error = 5.76e-19 FLOPS = 7.43e+09 Tdav = 0.01 T = 0.05
 --> Site =  144 .. Mmps =   25 Ndav =  30 E =   -109.6719301938 Error = 2.42e-19 FLOPS = 6.07e+09 Tdav = 0.01 T = 0.05
 --> Site =  145 .. Mmps =   25 Ndav =  24 E =   -109.6719997565 Error = 4.95e-18 FLOPS = 7.43e+09 Tdav = 0.01 T = 0.05
 --> Site =  146 .. Mmps =   25 Ndav =  31 E =   -109.6721229102 Error = 7.28e-18 FLOPS = 5.57e+09 Tdav = 0.01 T = 0.05
 --> Site =  147 .. Mmps =   25 Ndav =  20 E =   -109.6721510399 Error = 1.02e-18 FLOPS = 8.29e+09 Tdav = 0.01 T = 0.04
 --> Site =  148 .. Mmps =   25 Ndav =  22 E =   -109.6722359568 Error = 2.96e-18 FLOPS = 7.40e+09 Tdav = 0.01 T = 0.05
 --> Site =  149 .. Mmps =   25 Ndav =  26 E =   -109.6722743803 Error = 7.78e-18 FLOPS = 6.23e+09 Tdav = 0.01 T = 0.04
 --> Site =  150 .. Mmps =   25 Ndav =  33 E =   -109.6725200950 Error = 4.24e-18 FLOPS = 4.56e+09 Tdav = 0.01 T = 0.05
 --> Site =  151 .. Mmps =   25 Ndav =  34 E =   -109.6736318487 Error = 3.03e-18 FLOPS = 4.24e+09 Tdav = 0.01 T = 0.05
 --> Site =  152 .. Mmps =   25 Ndav =  31 E =   -109.6740244653 Error = 2.13e-18 FLOPS = 4.57e+09 Tdav = 0.01 T = 0.04
 --> Site =  153 .. Mmps =   25 Ndav =  29 E =   -109.6743273117 Error = 1.28e-18 FLOPS = 4.80e+09 Tdav = 0.01 T = 0.04
 --> Site =  154 .. Mmps =   25 Ndav =  27 E =   -109.6744451999 Error = 4.07e-19 FLOPS = 4.98e+09 Tdav = 0.01 T = 0.04
 --> Site =  155 .. Mmps =   25 Ndav =  29 E =   -109.6747565757 Error = 1.38e-17 FLOPS = 4.37e+09 Tdav = 0.01 T = 0.04
 --> Site =  156 .. Mmps =   25 Ndav =  28 E =   -109.6750918151 Error = 1.32e-17 FLOPS = 4.38e+09 Tdav = 0.01 T = 0.04
 --> Site =  157 .. Mmps =   25 Ndav =  39 E =   -109.6759013836 Error = 1.97e-18 FLOPS = 2.58e+09 Tdav = 0.02 T = 0.05
 --> Site =  158 .. Mmps =   25 Ndav =  32 E =   -109.6764046999 Error = 1.16e-17 FLOPS = 3.22e+09 Tdav = 0.01 T = 0.04
 --> Site =  159 .. Mmps =   25 Ndav =  43 E =   -109.6776070636 Error = 8.58e-18 FLOPS = 1.91e+09 Tdav = 0.02 T = 0.05
 --> Site =  160 .. Mmps =   25 Ndav =  30 E =   -109.6776992714 Error = 9.42e-19 FLOPS = 3.06e+09 Tdav = 0.01 T = 0.04
 --> Site =  161 .. Mmps =   25 Ndav =  31 E =   -109.6777370129 Error = 7.18e-18 FLOPS = 2.69e+09 Tdav = 0.01 T = 0.04
 --> Site =  162 .. Mmps =   25 Ndav =  23 E =   -109.6777384963 Error = 1.73e-18 FLOPS = 3.67e+09 Tdav = 0.00 T = 0.03
 --> Site =  163 .. Mmps =   25 Ndav =  18 E =   -109.6777387511 Error = 7.10e-22 FLOPS = 4.24e+09 Tdav = 0.00 T = 0.03
 --> Site =  164 .. Mmps =   25 Ndav =  10 E =   -109.6777387580 Error = 1.81e-26 FLOPS = 4.90e+09 Tdav = 0.00 T = 0.03
 --> Site =  165 .. Mmps =   25 Ndav =   2 E =   -109.6777387580 Error = 4.51e-31 FLOPS = 2.50e+09 Tdav = 0.00 T = 0.03
 --> Site =  166 .. Mmps =   25 Ndav =   1 E =   -109.6777387580 Error = 1.80e-58 FLOPS = 8.63e+08 Tdav = 0.00 T = 0.03
 --> Site =  167 .. Mmps =   25 Ndav =   1 E =   -109.6777387580 Error = 0.00e+00 FLOPS = 3.56e+08 Tdav = 0.00 T = 0.03
 --> Site =  168 .. Mmps =   25 Ndav =   1 E =   -109.6777387580 Error = 4.19e-110 FLOPS = 1.16e+08 Tdav = 0.00 T = 0.03
Time elapsed =   2804.020 | E =    -109.6777387580 | DE = -2.36e-02 | DW = 2.27419e-17
Time sweep =       11.175 | 11.5 GFLOP/SWP
 | Dmem = 298 KB (3%) | Imem = 232 B (79%) | Hmem = 1.39 MB | Wmem = 9.77 KB | Pmem = 9.77 KB
 | Tread = 0.227 | Twrite = 0.781 | Tfpread = 0.080 | Tfpwrite = 0.045 | Tmporead = 0.000 | Tasync = 0.000
 | data = 31.6 MB | cpsd = 24.1 MB
 | Trot = 0.052 | Tctr = 0.009 | Tint = 0.007 | Tmid = 0.000 | Tdctr = 0.136 | Tdiag = 0.022 | Tinfo = 0.180
 | Teff = 5.314 | Tprt = 0.129 | Teig = 1.455 | Tblk = 9.757 | Tmve = 1.409 | Tdm = 0.003 | Tsplt = 0.040 | Tsvd = 0.000 | Torth = 0.000

Sweep =    6 | Direction = backward | Bond dimension =  550 | Noise =  1.00e-05 | Dav threshold =  1.00e-10
 <-- Site =  168 .. Mmps =    2 Ndav =   1 E =   -109.6777387580 Error = 0.00e+00 FLOPS = 1.56e+08 Tdav = 0.00 T = 0.02
 <-- Site =  167 .. Mmps =    4 Ndav =   1 E =   -109.6777387580 Error = 0.00e+00 FLOPS = 4.85e+08 Tdav = 0.00 T = 0.03
 <-- Site =  166 .. Mmps =    8 Ndav =   1 E =   -109.6777387580 Error = 0.00e+00 FLOPS = 9.79e+08 Tdav = 0.00 T = 0.03
 <-- Site =  165 .. Mmps =   16 Ndav =   1 E =   -109.6777387580 Error = 0.00e+00 FLOPS = 1.63e+09 Tdav = 0.00 T = 0.03
 <-- Site =  164 .. Mmps =   29 Ndav =   1 E =   -109.6777387580 Error = 0.00e+00 FLOPS = 2.77e+09 Tdav = 0.00 T = 0.03
 <-- Site =  163 .. Mmps =   41 Ndav =   6 E =   -109.6777387582 Error = 0.00e+00 FLOPS = 8.25e+09 Tdav = 0.00 T = 0.03
 <-- Site =  162 .. Mmps =   55 Ndav =  10 E =   -109.6777387605 Error = 0.00e+00 FLOPS = 8.99e+09 Tdav = 0.00 T = 0.03
 <-- Site =  161 .. Mmps =   68 Ndav =  14 E =   -109.6777388279 Error = 0.00e+00 FLOPS = 7.73e+09 Tdav = 0.00 T = 0.03
 <-- Site =  160 .. Mmps =   82 Ndav =  24 E =   -109.6777405660 Error = 0.00e+00 FLOPS = 5.41e+09 Tdav = 0.02 T = 0.05
 <-- Site =  159 .. Mmps =   96 Ndav =  31 E =   -109.6777430079 Error = 0.00e+00 FLOPS = 4.43e+09 Tdav = 0.04 T = 0.08
 <-- Site =  158 .. Mmps =  110 Ndav =  31 E =   -109.6778067214 Error = 0.00e+00 FLOPS = 5.14e+09 Tdav = 0.05 T = 0.10
 <-- Site =  157 .. Mmps =  124 Ndav =  34 E =   -109.6778632110 Error = 0.00e+00 FLOPS = 4.51e+09 Tdav = 0.09 T = 0.14
 <-- Site =  156 .. Mmps =  139 Ndav =  33 E =   -109.6782129653 Error = 0.00e+00 FLOPS = 5.34e+09 Tdav = 0.09 T = 0.15
 <-- Site =  155 .. Mmps =  153 Ndav =  28 E =   -109.6784207847 Error = 0.00e+00 FLOPS = 7.35e+09 Tdav = 0.08 T = 0.15
 <-- Site =  154 .. Mmps =  166 Ndav =  32 E =   -109.6793819105 Error = 0.00e+00 FLOPS = 6.58e+09 Tdav = 0.12 T = 0.21
 <-- Site =  153 .. Mmps =  179 Ndav =  35 E =   -109.6801089448 Error = 0.00e+00 FLOPS = 6.22e+09 Tdav = 0.17 T = 0.27
 <-- Site =  152 .. Mmps =  192 Ndav =  33 E =   -109.6805931968 Error = 0.00e+00 FLOPS = 7.25e+09 Tdav = 0.17 T = 0.28
 <-- Site =  151 .. Mmps =  206 Ndav =  35 E =   -109.6818000671 Error = 0.00e+00 FLOPS = 7.42e+09 Tdav = 0.21 T = 0.34
 <-- Site =  150 .. Mmps =  220 Ndav =  36 E =   -109.6821838635 Error = 0.00e+00 FLOPS = 7.47e+09 Tdav = 0.25 T = 0.42
 <-- Site =  149 .. Mmps =  234 Ndav =  31 E =   -109.6823440334 Error = 0.00e+00 FLOPS = 9.66e+09 Tdav = 0.20 T = 0.39
 <-- Site =  148 .. Mmps =  245 Ndav =  22 E =   -109.6823987320 Error = 0.00e+00 FLOPS = 1.46e+10 Tdav = 0.11 T = 0.34
 <-- Site =  147 .. Mmps =  259 Ndav =  24 E =   -109.6824276795 Error = 0.00e+00 FLOPS = 1.38e+10 Tdav = 0.14 T = 0.40
 <-- Site =  146 .. Mmps =  271 Ndav =  33 E =   -109.6824950979 Error = 0.00e+00 FLOPS = 1.03e+10 Tdav = 0.31 T = 0.61
 <-- Site =  145 .. Mmps =  282 Ndav =  28 E =   -109.6825158911 Error = 0.00e+00 FLOPS = 1.24e+10 Tdav = 0.25 T = 0.60
 <-- Site =  144 .. Mmps =  294 Ndav =  24 E =   -109.6825304551 Error = 0.00e+00 FLOPS = 1.45e+10 Tdav = 0.20 T = 0.60
 <-- Site =  143 .. Mmps =  307 Ndav =  22 E =   -109.6825419675 Error = 0.00e+00 FLOPS = 1.58e+10 Tdav = 0.19 T = 0.64
 <-- Site =  142 .. Mmps =  320 Ndav =  33 E =   -109.6827245119 Error = 0.00e+00 FLOPS = 1.16e+10 Tdav = 0.44 T = 0.96
 <-- Site =  141 .. Mmps =  332 Ndav =  41 E =   -109.6832162204 Error = 0.00e+00 FLOPS = 1.04e+10 Tdav = 0.68 T = 1.27
 <-- Site =  140 .. Mmps =  346 Ndav =  34 E =   -109.6835035660 Error = 0.00e+00 FLOPS = 1.28e+10 Tdav = 0.50 T = 1.16
 <-- Site =  139 .. Mmps =  358 Ndav =  22 E =   -109.6835819100 Error = 0.00e+00 FLOPS = 1.77e+10 Tdav = 0.26 T = 1.00
 <-- Site =  138 .. Mmps =  371 Ndav =  29 E =   -109.6836907219 Error = 0.00e+00 FLOPS = 1.48e+10 Tdav = 0.46 T = 1.29
 <-- Site =  137 .. Mmps =  386 Ndav =  30 E =   -109.6838000169 Error = 0.00e+00 FLOPS = 1.46e+10 Tdav = 0.53 T = 1.47
 <-- Site =  136 .. Mmps =  398 Ndav =  30 E =   -109.6838752550 Error = 0.00e+00 FLOPS = 1.51e+10 Tdav = 0.57 T = 1.63
 <-- Site =  135 .. Mmps =  412 Ndav =  32 E =   -109.6839056037 Error = 0.00e+00 FLOPS = 1.43e+10 Tdav = 0.70 T = 1.94
 <-- Site =  134 .. Mmps =  425 Ndav =  26 E =   -109.6839698988 Error = 0.00e+00 FLOPS = 1.66e+10 Tdav = 0.54 T = 1.91
 <-- Site =  133 .. Mmps =  437 Ndav =  30 E =   -109.6840360967 Error = 0.00e+00 FLOPS = 1.54e+10 Tdav = 0.73 T = 2.23
 <-- Site =  132 .. Mmps =  449 Ndav =  25 E =   -109.6840953628 Error = 0.00e+00 FLOPS = 1.72e+10 Tdav = 0.59 T = 2.26
 <-- Site =  131 .. Mmps =  461 Ndav =  34 E =   -109.6841341464 Error = 0.00e+00 FLOPS = 1.46e+10 Tdav = 1.02 T = 2.87
 <-- Site =  130 .. Mmps =  473 Ndav =  26 E =   -109.6842153116 Error = 0.00e+00 FLOPS = 1.69e+10 Tdav = 0.73 T = 2.73
 <-- Site =  129 .. Mmps =  486 Ndav =  30 E =   -109.6843007411 Error = 0.00e+00 FLOPS = 1.62e+10 Tdav = 0.94 T = 3.09
 <-- Site =  128 .. Mmps =  498 Ndav =  22 E =   -109.6843625753 Error = 0.00e+00 FLOPS = 1.84e+10 Tdav = 0.65 T = 3.04
 <-- Site =  127 .. Mmps =  511 Ndav =  24 E =   -109.6844656715 Error = 0.00e+00 FLOPS = 1.79e+10 Tdav = 0.78 T = 3.37
 <-- Site =  126 .. Mmps =  522 Ndav =  15 E =   -109.6844808426 Error = 0.00e+00 FLOPS = 1.96e+10 Tdav = 0.48 T = 3.38
 <-- Site =  125 .. Mmps =  535 Ndav =  19 E =   -109.6845747792 Error = 0.00e+00 FLOPS = 1.92e+10 Tdav = 0.66 T = 3.73
 <-- Site =  124 .. Mmps =  550 Ndav =  13 E =   -109.6845886611 Error = 0.00e+00 FLOPS = 1.98e+10 Tdav = 0.46 T = 3.77
 <-- Site =  123 .. Mmps =  550 Ndav =  16 E =   -109.6846048872 Error = 3.20e-31 FLOPS = 1.97e+10 Tdav = 0.62 T = 4.18
 <-- Site =  122 .. Mmps =  550 Ndav =  10 E =   -109.6846056749 Error = 6.67e-32 FLOPS = 2.07e+10 Tdav = 0.37 T = 4.09
 <-- Site =  121 .. Mmps =  550 Ndav =  15 E =   -109.6846115862 Error = 3.06e-31 FLOPS = 1.99e+10 Tdav = 0.58 T = 4.36
 <-- Site =  120 .. Mmps =  550 Ndav =  15 E =   -109.6846228583 Error = 1.67e-31 FLOPS = 2.01e+10 Tdav = 0.59 T = 4.48
 <-- Site =  119 .. Mmps =  550 Ndav =  22 E =   -109.6846377631 Error = 9.99e-32 FLOPS = 1.86e+10 Tdav = 0.93 T = 4.87
 <-- Site =  118 .. Mmps =  550 Ndav =  26 E =   -109.6846760660 Error = 9.97e-32 FLOPS = 1.79e+10 Tdav = 1.17 T = 5.16
 <-- Site =  117 .. Mmps =  550 Ndav =  30 E =   -109.6847883149 Error = 2.51e-31 FLOPS = 1.70e+10 Tdav = 1.43 T = 5.42
 <-- Site =  116 .. Mmps =  550 Ndav =  24 E =   -109.6848132930 Error = 1.28e-31 FLOPS = 1.83e+10 Tdav = 1.08 T = 5.16
 <-- Site =  115 .. Mmps =  550 Ndav =  18 E =   -109.6848413113 Error = 7.45e-32 FLOPS = 1.95e+10 Tdav = 0.78 T = 5.03
 <-- Site =  114 .. Mmps =  550 Ndav =  17 E =   -109.6848501196 Error = 1.58e-31 FLOPS = 1.99e+10 Tdav = 0.73 T = 5.05
 <-- Site =  113 .. Mmps =  550 Ndav =  11 E =   -109.6848516796 Error = 5.50e-32 FLOPS = 2.07e+10 Tdav = 0.46 T = 4.76
 <-- Site =  112 .. Mmps =  550 Ndav =  15 E =   -109.6848582810 Error = 1.71e-31 FLOPS = 2.01e+10 Tdav = 0.65 T = 5.05
 <-- Site =  111 .. Mmps =  550 Ndav =  12 E =   -109.6848616193 Error = 7.23e-32 FLOPS = 2.06e+10 Tdav = 0.51 T = 4.89
 <-- Site =  110 .. Mmps =  550 Ndav =  16 E =   -109.6848686060 Error = 3.05e-32 FLOPS = 2.01e+10 Tdav = 0.70 T = 5.15
 <-- Site =  109 .. Mmps =  550 Ndav =  13 E =   -109.6848725011 Error = 1.38e-32 FLOPS = 2.04e+10 Tdav = 0.56 T = 4.93
 <-- Site =  108 .. Mmps =  550 Ndav =  17 E =   -109.6848803669 Error = 1.07e-31 FLOPS = 1.98e+10 Tdav = 0.76 T = 5.25
 <-- Site =  107 .. Mmps =  550 Ndav =  18 E =   -109.6848828182 Error = 2.81e-32 FLOPS = 1.98e+10 Tdav = 0.81 T = 5.37
 <-- Site =  106 .. Mmps =  550 Ndav =  20 E =   -109.6848957337 Error = 3.27e-32 FLOPS = 1.93e+10 Tdav = 0.92 T = 5.41
 <-- Site =  105 .. Mmps =  550 Ndav =  19 E =   -109.6849029509 Error = 2.09e-32 FLOPS = 1.94e+10 Tdav = 0.87 T = 5.38
 <-- Site =  104 .. Mmps =  550 Ndav =  27 E =   -109.6849172394 Error = 3.31e-32 FLOPS = 1.80e+10 Tdav = 1.34 T = 5.87
 <-- Site =  103 .. Mmps =  550 Ndav =  21 E =   -109.6849311112 Error = 2.68e-32 FLOPS = 1.92e+10 Tdav = 0.99 T = 5.54
 <-- Site =  102 .. Mmps =  550 Ndav =  24 E =   -109.6849575934 Error = 2.18e-32 FLOPS = 1.86e+10 Tdav = 1.19 T = 5.93
 <-- Site =  101 .. Mmps =  550 Ndav =  23 E =   -109.6849980047 Error = 5.22e-32 FLOPS = 1.89e+10 Tdav = 1.13 T = 5.83
 <-- Site =  100 .. Mmps =  550 Ndav =  14 E =   -109.6850093058 Error = 9.47e-33 FLOPS = 2.04e+10 Tdav = 0.64 T = 5.40
 <-- Site =   99 .. Mmps =  550 Ndav =  17 E =   -109.6850388344 Error = 1.23e-31 FLOPS = 1.99e+10 Tdav = 0.80 T = 5.56
 <-- Site =   98 .. Mmps =  550 Ndav =  14 E =   -109.6850427578 Error = 6.31e-32 FLOPS = 2.04e+10 Tdav = 0.64 T = 5.46
 <-- Site =   97 .. Mmps =  550 Ndav =  16 E =   -109.6850491962 Error = 1.28e-32 FLOPS = 2.01e+10 Tdav = 0.74 T = 5.51
 <-- Site =   96 .. Mmps =  550 Ndav =   8 E =   -109.6850494666 Error = 3.33e-33 FLOPS = 2.09e+10 Tdav = 0.36 T = 5.15
 <-- Site =   95 .. Mmps =  550 Ndav =  13 E =   -109.6850521707 Error = 7.90e-32 FLOPS = 2.06e+10 Tdav = 0.61 T = 5.53
 <-- Site =   94 .. Mmps =  550 Ndav =  17 E =   -109.6850568867 Error = 4.56e-32 FLOPS = 2.00e+10 Tdav = 0.82 T = 5.78
 <-- Site =   93 .. Mmps =  550 Ndav =  24 E =   -109.6850675232 Error = 2.89e-32 FLOPS = 1.87e+10 Tdav = 1.20 T = 6.12
 <-- Site =   92 .. Mmps =  550 Ndav =  24 E =   -109.6850723322 Error = 2.10e-32 FLOPS = 1.87e+10 Tdav = 1.18 T = 5.98
 <-- Site =   91 .. Mmps =  550 Ndav =  22 E =   -109.6850885334 Error = 5.53e-32 FLOPS = 1.90e+10 Tdav = 1.09 T = 5.87
 <-- Site =   90 .. Mmps =  550 Ndav =  25 E =   -109.6851055502 Error = 9.51e-32 FLOPS = 1.85e+10 Tdav = 1.27 T = 6.11
 <-- Site =   89 .. Mmps =  550 Ndav =  16 E =   -109.6851145650 Error = 1.95e-31 FLOPS = 2.00e+10 Tdav = 0.75 T = 5.60
 <-- Site =   88 .. Mmps =  550 Ndav =  18 E =   -109.6851320459 Error = 5.73e-31 FLOPS = 1.98e+10 Tdav = 0.85 T = 5.70
 <-- Site =   87 .. Mmps =  550 Ndav =  10 E =   -109.6851352102 Error = 8.21e-32 FLOPS = 2.08e+10 Tdav = 0.45 T = 5.29
 <-- Site =   86 .. Mmps =  550 Ndav =  12 E =   -109.6851434140 Error = 3.65e-31 FLOPS = 2.06e+10 Tdav = 0.56 T = 5.51
 <-- Site =   85 .. Mmps =  550 Ndav =  12 E =   -109.6851474641 Error = 1.65e-31 FLOPS = 2.06e+10 Tdav = 0.56 T = 5.47
 <-- Site =   84 .. Mmps =  550 Ndav =  16 E =   -109.6851531420 Error = 1.45e-31 FLOPS = 2.01e+10 Tdav = 0.75 T = 5.59
 <-- Site =   83 .. Mmps =  550 Ndav =  11 E =   -109.6851537620 Error = 1.65e-32 FLOPS = 2.08e+10 Tdav = 0.50 T = 5.35
 <-- Site =   82 .. Mmps =  550 Ndav =  13 E =   -109.6851584168 Error = 6.28e-32 FLOPS = 2.05e+10 Tdav = 0.61 T = 5.46
 <-- Site =   81 .. Mmps =  550 Ndav =  17 E =   -109.6851654256 Error = 3.52e-32 FLOPS = 2.00e+10 Tdav = 0.81 T = 5.75
 <-- Site =   80 .. Mmps =  550 Ndav =  26 E =   -109.6851918526 Error = 1.21e-32 FLOPS = 1.83e+10 Tdav = 1.34 T = 6.25
 <-- Site =   79 .. Mmps =  550 Ndav =  18 E =   -109.6852011484 Error = 1.07e-32 FLOPS = 1.97e+10 Tdav = 0.86 T = 5.71
 <-- Site =   78 .. Mmps =  550 Ndav =  26 E =   -109.6852109355 Error = 1.35e-32 FLOPS = 1.83e+10 Tdav = 1.33 T = 6.18
 <-- Site =   77 .. Mmps =  550 Ndav =  20 E =   -109.6852204625 Error = 5.70e-33 FLOPS = 1.95e+10 Tdav = 0.97 T = 5.78
 <-- Site =   76 .. Mmps =  550 Ndav =  23 E =   -109.6852413603 Error = 5.10e-33 FLOPS = 1.89e+10 Tdav = 1.14 T = 5.92
 <-- Site =   75 .. Mmps =  550 Ndav =  17 E =   -109.6852763726 Error = 4.75e-32 FLOPS = 2.00e+10 Tdav = 0.81 T = 5.70
 <-- Site =   74 .. Mmps =  550 Ndav =  11 E =   -109.6852798246 Error = 5.95e-33 FLOPS = 2.09e+10 Tdav = 0.50 T = 5.33
 <-- Site =   73 .. Mmps =  550 Ndav =  11 E =   -109.6852831217 Error = 6.12e-32 FLOPS = 2.07e+10 Tdav = 0.51 T = 5.38
 <-- Site =   72 .. Mmps =  550 Ndav =  14 E =   -109.6852913005 Error = 8.66e-32 FLOPS = 2.04e+10 Tdav = 0.66 T = 5.60
 <-- Site =   71 .. Mmps =  550 Ndav =  14 E =   -109.6852945372 Error = 2.53e-32 FLOPS = 2.04e+10 Tdav = 0.64 T = 5.52
 <-- Site =   70 .. Mmps =  550 Ndav =   7 E =   -109.6852952469 Error = 6.81e-34 FLOPS = 2.12e+10 Tdav = 0.31 T = 5.15
 <-- Site =   69 .. Mmps =  550 Ndav =  14 E =   -109.6853042556 Error = 3.51e-32 FLOPS = 2.04e+10 Tdav = 0.64 T = 5.46
 <-- Site =   68 .. Mmps =  550 Ndav =  16 E =   -109.6853089477 Error = 2.15e-32 FLOPS = 2.02e+10 Tdav = 0.74 T = 5.61
 <-- Site =   67 .. Mmps =  550 Ndav =  22 E =   -109.6853133498 Error = 1.10e-32 FLOPS = 1.91e+10 Tdav = 1.06 T = 5.80
 <-- Site =   66 .. Mmps =  550 Ndav =  23 E =   -109.6853163984 Error = 1.28e-32 FLOPS = 1.87e+10 Tdav = 1.13 T = 5.89
 <-- Site =   65 .. Mmps =  550 Ndav =  23 E =   -109.6853518870 Error = 6.54e-32 FLOPS = 1.88e+10 Tdav = 1.13 T = 5.84
 <-- Site =   64 .. Mmps =  550 Ndav =  23 E =   -109.6853615560 Error = 3.12e-32 FLOPS = 1.88e+10 Tdav = 1.11 T = 5.79
 <-- Site =   63 .. Mmps =  550 Ndav =  15 E =   -109.6853723673 Error = 4.73e-32 FLOPS = 2.02e+10 Tdav = 0.67 T = 5.28
 <-- Site =   62 .. Mmps =  550 Ndav =  15 E =   -109.6853801689 Error = 8.68e-32 FLOPS = 2.02e+10 Tdav = 0.67 T = 5.30
 <-- Site =   61 .. Mmps =  550 Ndav =   9 E =   -109.6853810671 Error = 6.85e-33 FLOPS = 2.11e+10 Tdav = 0.38 T = 4.90
 <-- Site =   60 .. Mmps =  550 Ndav =  13 E =   -109.6853849853 Error = 2.15e-31 FLOPS = 2.06e+10 Tdav = 0.56 T = 5.04
 <-- Site =   59 .. Mmps =  550 Ndav =  11 E =   -109.6853868512 Error = 8.31e-32 FLOPS = 2.07e+10 Tdav = 0.47 T = 5.02
 <-- Site =   58 .. Mmps =  550 Ndav =  14 E =   -109.6853913280 Error = 1.07e-31 FLOPS = 2.02e+10 Tdav = 0.61 T = 5.15
 <-- Site =   57 .. Mmps =  550 Ndav =  10 E =   -109.6853923365 Error = 2.00e-32 FLOPS = 2.07e+10 Tdav = 0.42 T = 4.83
 <-- Site =   56 .. Mmps =  550 Ndav =  12 E =   -109.6853954492 Error = 6.43e-32 FLOPS = 2.06e+10 Tdav = 0.51 T = 4.91
 <-- Site =   55 .. Mmps =  550 Ndav =  16 E =   -109.6854045836 Error = 2.68e-31 FLOPS = 2.00e+10 Tdav = 0.70 T = 5.21
 <-- Site =   54 .. Mmps =  550 Ndav =  20 E =   -109.6854108442 Error = 6.29e-32 FLOPS = 1.93e+10 Tdav = 0.89 T = 5.21
 <-- Site =   53 .. Mmps =  550 Ndav =  15 E =   -109.6854180339 Error = 5.46e-32 FLOPS = 2.02e+10 Tdav = 0.64 T = 4.92
 <-- Site =   52 .. Mmps =  550 Ndav =  21 E =   -109.6854306735 Error = 2.57e-32 FLOPS = 1.90e+10 Tdav = 0.93 T = 5.17
 <-- Site =   51 .. Mmps =  550 Ndav =  22 E =   -109.6854468672 Error = 1.02e-32 FLOPS = 1.87e+10 Tdav = 0.97 T = 5.12
 <-- Site =   50 .. Mmps =  550 Ndav =  20 E =   -109.6854714651 Error = 5.79e-32 FLOPS = 1.91e+10 Tdav = 0.85 T = 4.91
 <-- Site =   49 .. Mmps =  550 Ndav =  16 E =   -109.6854845956 Error = 8.62e-33 FLOPS = 2.00e+10 Tdav = 0.65 T = 4.67
 <-- Site =   48 .. Mmps =  550 Ndav =  17 E =   -109.6855038752 Error = 8.48e-33 FLOPS = 1.97e+10 Tdav = 0.68 T = 4.62
 <-- Site =   47 .. Mmps =  550 Ndav =  14 E =   -109.6855064451 Error = 1.91e-32 FLOPS = 2.02e+10 Tdav = 0.55 T = 4.43
 <-- Site =   46 .. Mmps =  550 Ndav =  11 E =   -109.6855082015 Error = 1.03e-32 FLOPS = 2.07e+10 Tdav = 0.41 T = 4.23
 <-- Site =   45 .. Mmps =  550 Ndav =  15 E =   -109.6855129912 Error = 7.63e-33 FLOPS = 2.01e+10 Tdav = 0.58 T = 4.38
 <-- Site =   44 .. Mmps =  550 Ndav =   8 E =   -109.6855133399 Error = 7.98e-34 FLOPS = 2.09e+10 Tdav = 0.29 T = 4.05
 <-- Site =   43 .. Mmps =  550 Ndav =  10 E =   -109.6855149858 Error = 2.59e-33 FLOPS = 2.06e+10 Tdav = 0.36 T = 4.06
 <-- Site =   42 .. Mmps =  550 Ndav =  17 E =   -109.6855237244 Error = 1.50e-32 FLOPS = 1.94e+10 Tdav = 0.65 T = 4.30
 <-- Site =   41 .. Mmps =  550 Ndav =  23 E =   -109.6855839197 Error = 1.55e-32 FLOPS = 1.83e+10 Tdav = 0.91 T = 4.48
 <-- Site =   40 .. Mmps =  550 Ndav =  22 E =   -109.6856069500 Error = 8.23e-32 FLOPS = 1.85e+10 Tdav = 0.85 T = 4.30
 <-- Site =   39 .. Mmps =  550 Ndav =  26 E =   -109.6856905070 Error = 2.55e-31 FLOPS = 1.74e+10 Tdav = 1.04 T = 4.42
 <-- Site =   38 .. Mmps =  550 Ndav =  26 E =   -109.6858167752 Error = 2.42e-31 FLOPS = 1.73e+10 Tdav = 1.02 T = 4.26
 <-- Site =   37 .. Mmps =  550 Ndav =  27 E =   -109.6858591699 Error = 8.08e-32 FLOPS = 1.69e+10 Tdav = 1.05 T = 4.21
 <-- Site =   36 .. Mmps =  550 Ndav =  26 E =   -109.6859079213 Error = 1.87e-31 FLOPS = 1.70e+10 Tdav = 0.98 T = 4.07
 <-- Site =   35 .. Mmps =  550 Ndav =  24 E =   -109.6859306148 Error = 7.80e-32 FLOPS = 1.74e+10 Tdav = 0.86 T = 3.87
 <-- Site =   34 .. Mmps =  550 Ndav =  22 E =   -109.6859496139 Error = 5.18e-31 FLOPS = 1.78e+10 Tdav = 0.75 T = 3.68
 <-- Site =   33 .. Mmps =  550 Ndav =  19 E =   -109.6859667241 Error = 1.00e-31 FLOPS = 1.86e+10 Tdav = 0.61 T = 3.47
 <-- Site =   32 .. Mmps =  550 Ndav =  25 E =   -109.6860495523 Error = 3.27e-31 FLOPS = 1.71e+10 Tdav = 0.84 T = 3.59
 <-- Site =   31 .. Mmps =  550 Ndav =  18 E =   -109.6860528213 Error = 5.78e-32 FLOPS = 1.85e+10 Tdav = 0.55 T = 3.19
 <-- Site =   30 .. Mmps =  550 Ndav =  19 E =   -109.6860577823 Error = 7.18e-32 FLOPS = 1.82e+10 Tdav = 0.57 T = 3.15
 <-- Site =   29 .. Mmps =  550 Ndav =  28 E =   -109.6861029131 Error = 3.94e-31 FLOPS = 1.60e+10 Tdav = 0.92 T = 3.41
 <-- Site =   28 .. Mmps =  550 Ndav =  34 E =   -109.6866777457 Error = 1.30e-30 FLOPS = 1.41e+10 Tdav = 1.23 T = 3.69
 <-- Site =   27 .. Mmps =  550 Ndav =  56 E =   -109.6870444151 Error = 6.02e-31 FLOPS = 1.07e+10 Tdav = 2.58 T = 4.90
 <-- Site =   26 .. Mmps =  550 Ndav =  39 E =   -109.6873626597 Error = 2.99e-31 FLOPS = 1.24e+10 Tdav = 1.51 T = 3.77
 <-- Site =   25 .. Mmps =  550 Ndav =  33 E =   -109.6874064450 Error = 5.05e-32 FLOPS = 1.38e+10 Tdav = 1.11 T = 3.33
 <-- Site =   24 .. Mmps =  550 Ndav =  35 E =   -109.6875612384 Error = 8.86e-32 FLOPS = 1.31e+10 Tdav = 1.19 T = 3.31
 <-- Site =   23 .. Mmps =  550 Ndav =  20 E =   -109.6875762126 Error = 3.49e-32 FLOPS = 1.74e+10 Tdav = 0.49 T = 2.52
 <-- Site =   22 .. Mmps =  550 Ndav =  29 E =   -109.6876078263 Error = 2.89e-31 FLOPS = 1.46e+10 Tdav = 0.82 T = 2.78
 <-- Site =   21 .. Mmps =  550 Ndav =  24 E =   -109.6876449368 Error = 1.86e-31 FLOPS = 1.61e+10 Tdav = 0.59 T = 2.44
 <-- Site =   20 .. Mmps =  550 Ndav =  29 E =   -109.6876807554 Error = 1.88e-31 FLOPS = 1.41e+10 Tdav = 0.78 T = 2.57
 <-- Site =   19 .. Mmps =  550 Ndav =  22 E =   -109.6876962028 Error = 7.95e-32 FLOPS = 1.63e+10 Tdav = 0.49 T = 2.21
 <-- Site =   18 .. Mmps =  550 Ndav =  21 E =   -109.6877116445 Error = 3.78e-31 FLOPS = 1.64e+10 Tdav = 0.44 T = 2.12
 <-- Site =   17 .. Mmps =  550 Ndav =  26 E =   -109.6877575677 Error = 4.30e-31 FLOPS = 1.45e+10 Tdav = 0.59 T = 2.20
 <-- Site =   16 .. Mmps =  550 Ndav =  32 E =   -109.6878483668 Error = 1.17e-30 FLOPS = 1.22e+10 Tdav = 0.83 T = 2.45
 <-- Site =   15 .. Mmps =  550 Ndav =  32 E =   -109.6883558806 Error = 8.11e-31 FLOPS = 1.21e+10 Tdav = 0.78 T = 2.26
 <-- Site =   14 .. Mmps =  550 Ndav =  41 E =   -109.6892289122 Error = 1.90e-30 FLOPS = 9.35e+09 Tdav = 1.23 T = 2.67
 <-- Site =   13 .. Mmps =  550 Ndav =  39 E =   -109.6898743480 Error = 1.19e-30 FLOPS = 9.33e+09 Tdav = 1.10 T = 2.53
 <-- Site =   12 .. Mmps =  550 Ndav =  35 E =   -109.6905771760 Error = 2.34e-30 FLOPS = 1.02e+10 Tdav = 0.85 T = 2.22
 <-- Site =   11 .. Mmps =  550 Ndav =  43 E =   -109.6917490602 Error = 3.61e-30 FLOPS = 7.70e+09 Tdav = 1.29 T = 2.46
 <-- Site =   10 .. Mmps =  550 Ndav =  45 E =   -109.6923824576 Error = 2.80e-30 FLOPS = 7.04e+09 Tdav = 1.37 T = 2.57
 <-- Site =    9 .. Mmps =  550 Ndav =  44 E =   -109.6926687365 Error = 8.58e-31 FLOPS = 6.88e+09 Tdav = 1.27 T = 2.33
 <-- Site =    8 .. Mmps =  550 Ndav =  32 E =   -109.6927056287 Error = 5.70e-31 FLOPS = 9.21e+09 Tdav = 0.63 T = 1.64
 <-- Site =    7 .. Mmps =  550 Ndav =  44 E =   -109.6927174709 Error = 1.81e-31 FLOPS = 5.97e+09 Tdav = 1.22 T = 2.16
 <-- Site =    6 .. Mmps =  550 Ndav =  22 E =   -109.6927184477 Error = 2.18e-32 FLOPS = 1.23e+10 Tdav = 0.27 T = 1.17
 <-- Site =    5 .. Mmps =  550 Ndav =  22 E =   -109.6927186584 Error = 4.75e-34 FLOPS = 1.18e+10 Tdav = 0.25 T = 1.10
 <-- Site =    4 .. Mmps =  550 Ndav =   4 E =   -109.6927186587 Error = 2.61e-36 FLOPS = 1.71e+10 Tdav = 0.02 T = 0.84
 <-- Site =    3 .. Mmps =  550 Ndav =   1 E =   -109.6927186587 Error = 6.60e-56 FLOPS = 8.75e+09 Tdav = 0.00 T = 0.73
 <-- Site =    2 .. Mmps =  550 Ndav =   1 E =   -109.6927186587 Error = 0.00e+00 FLOPS = 5.76e+09 Tdav = 0.00 T = 0.68
 <-- Site =    1 .. Mmps =  550 Ndav =   1 E =   -109.6927186587 Error = 3.90e-71 FLOPS = 3.39e+09 Tdav = 0.00 T = 0.59
 <-- Site =    0 .. Mmps =  550 Ndav =   1 E =   -109.6927186587 Error = 0.00e+00 FLOPS = 2.26e+09 Tdav = 0.00 T = 0.59
Time elapsed =   3400.046 | E =    -109.6927186587 | DE = -1.50e-02 | DW = 3.60653e-30
Time sweep =      596.026 | 1.71 TFLOP/SWP
 | Dmem = 136 MB (0%) | Imem = 232 B (79%) | Hmem = 137 MB | Wmem = 215 KB | Pmem = 215 KB
 | Tread = 49.786 | Twrite = 26.817 | Tfpread = 48.881 | Tfpwrite = 17.769 | Tmporead = 0.000 | Tasync = 0.000
 | data = 13.6 GB | cpsd = 8.58 GB
 | Trot = 169.904 | Tctr = 173.930 | Tint = 0.008 | Tmid = 0.000 | Tdctr = 0.007 | Tdiag = 0.092 | Tinfo = 1.942
 | Teff = 11.097 | Tprt = 4.316 | Teig = 110.994 | Tblk = 173.231 | Tmve = 422.785 | Tdm = 0.657 | Tsplt = 41.240 | Tsvd = 0.000 | Torth = 0.000

Sweep =    7 | Direction =  forward | Bond dimension =  550 | Noise =  1.00e-05 | Dav threshold =  1.00e-10
 --> Site =    0 .. Mmps =    2 Ndav =   1 E =   -109.6927186587 Error = 0.00e+00 FLOPS = 2.32e+09 Tdav = 0.00 T = 0.02
 --> Site =    1 .. Mmps =    4 Ndav =   1 E =   -109.6927186587 Error = 0.00e+00 FLOPS = 3.47e+09 Tdav = 0.00 T = 0.05
 --> Site =    2 .. Mmps =    8 Ndav =   1 E =   -109.6927186587 Error = 0.00e+00 FLOPS = 5.66e+09 Tdav = 0.00 T = 0.05
 --> Site =    3 .. Mmps =   16 Ndav =   1 E =   -109.6927186587 Error = 0.00e+00 FLOPS = 8.51e+09 Tdav = 0.00 T = 0.06
 --> Site =    4 .. Mmps =   32 Ndav =   1 E =   -109.6927186587 Error = 0.00e+00 FLOPS = 1.16e+10 Tdav = 0.01 T = 0.06
 --> Site =    5 .. Mmps =   64 Ndav =   2 E =   -109.6927186587 Error = 0.00e+00 FLOPS = 1.86e+10 Tdav = 0.02 T = 0.08
 --> Site =    6 .. Mmps =  128 Ndav =  10 E =   -109.6927186595 Error = 0.00e+00 FLOPS = 2.12e+10 Tdav = 0.20 T = 0.29
 --> Site =    7 .. Mmps =  256 Ndav =  17 E =   -109.6927186916 Error = 0.00e+00 FLOPS = 1.66e+10 Tdav = 1.16 T = 1.32
 --> Site =    8 .. Mmps =  512 Ndav =  22 E =   -109.6927189501 Error = 0.00e+00 FLOPS = 1.56e+10 Tdav = 4.64 T = 5.07
 --> Site =    9 .. Mmps =  550 Ndav =  27 E =   -109.6927199708 Error = 5.56e-26 FLOPS = 1.56e+10 Tdav = 18.42 T = 20.12
 --> Site =   10 .. Mmps =  550 Ndav =  34 E =   -109.6927252934 Error = 4.24e-24 FLOPS = 1.32e+10 Tdav = 33.32 T = 35.71
 --> Site =   11 .. Mmps =  550 Ndav =  36 E =   -109.6927485687 Error = 5.11e-22 FLOPS = 1.30e+10 Tdav = 38.81 T = 41.51
 --> Site =   12 .. Mmps =  550 Ndav =  45 E =   -109.6930421975 Error = 3.87e-21 FLOPS = 1.03e+10 Tdav = 65.38 T = 68.42
 --> Site =   13 .. Mmps =  550 Ndav =  45 E =   -109.6939450020 Error = 2.12e-20 FLOPS = 1.08e+10 Tdav = 66.74 T = 70.02
 --> Site =   14 .. Mmps =  550 Ndav =  54 E =   -109.6965100724 Error = 6.55e-20 FLOPS = 1.03e+10 Tdav = 88.78 T = 92.34
 --> Site =   15 .. Mmps =  550 Ndav =  60 E =   -109.7006874870 Error = 3.81e-19 FLOPS = 1.14e+10 Tdav = 94.54 T = 98.44
 --> Site =   16 .. Mmps =  550 Ndav =  62 E =   -109.7036238338 Error = 2.44e-19 FLOPS = 1.20e+10 Tdav = 97.74 T = 102.00
 --> Site =   17 .. Mmps =  550 Ndav =  50 E =   -109.7056719955 Error = 2.08e-19 FLOPS = 1.10e+10 Tdav = 90.87 T = 95.45
 --> Site =   18 .. Mmps =  550 Ndav =  49 E =   -109.7075718766 Error = 3.02e-20 FLOPS = 1.17e+10 Tdav = 88.03 T = 92.96
 --> Site =   19 .. Mmps =  550 Ndav =  50 E =   -109.7114823454 Error = 6.23e-20 FLOPS = 1.17e+10 Tdav = 93.85 T = 99.18
 --> Site =   20 .. Mmps =  550 Ndav =  66 E =   -109.7149780608 Error = 1.00e-19 FLOPS = 1.39e+10 Tdav = 109.04 T = 114.78
 --> Site =   21 .. Mmps =  550 Ndav =  51 E =   -109.7181804819 Error = 5.11e-20 FLOPS = 1.25e+10 Tdav = 97.37 T = 103.55
 --> Site =   22 .. Mmps =  550 Ndav =  51 E =   -109.7200975882 Error = 1.70e-20 FLOPS = 1.29e+10 Tdav = 98.95 T = 105.64
 --> Site =   23 .. Mmps =  550 Ndav =  51 E =   -109.7218146069 Error = 2.76e-20 FLOPS = 1.32e+10 Tdav = 100.52 T = 107.60
 --> Site =   24 .. Mmps =  550 Ndav =  51 E =   -109.7226840019 Error = 4.22e-20 FLOPS = 1.35e+10 Tdav = 101.76 T = 109.26
 --> Site =   25 .. Mmps =  550 Ndav =  62 E =   -109.7252306482 Error = 1.12e-19 FLOPS = 1.53e+10 Tdav = 113.27 T = 121.26
 --> Site =   26 .. Mmps =  550 Ndav =  50 E =   -109.7262153478 Error = 8.60e-20 FLOPS = 1.40e+10 Tdav = 103.52 T = 112.00
 --> Site =   27 .. Mmps =  550 Ndav =  82 E =   -109.7287727938 Error = 1.97e-19 FLOPS = 1.61e+10 Tdav = 152.85 T = 161.84
 --> Site =   28 .. Mmps =  550 Ndav =  49 E =   -109.7307835744 Error = 1.97e-19 FLOPS = 1.49e+10 Tdav = 102.00 T = 111.50
 --> Site =   29 .. Mmps =  550 Ndav =  62 E =   -109.7331853100 Error = 2.19e-19 FLOPS = 1.64e+10 Tdav = 120.46 T = 130.50
 --> Site =   30 .. Mmps =  550 Ndav =  45 E =   -109.7345369979 Error = 1.11e-19 FLOPS = 1.68e+10 Tdav = 88.27 T = 98.84
 --> Site =   31 .. Mmps =  550 Ndav =  43 E =   -109.7362092925 Error = 8.86e-21 FLOPS = 1.79e+10 Tdav = 81.76 T = 92.90
 --> Site =   32 .. Mmps =  550 Ndav =  41 E =   -109.7368947251 Error = 3.34e-20 FLOPS = 1.89e+10 Tdav = 75.85 T = 87.60
 --> Site =   33 .. Mmps =  550 Ndav =  50 E =   -109.7381161352 Error = 3.34e-20 FLOPS = 1.59e+10 Tdav = 113.36 T = 125.64
 --> Site =   34 .. Mmps =  550 Ndav =  42 E =   -109.7386738865 Error = 8.79e-21 FLOPS = 1.90e+10 Tdav = 81.62 T = 94.58
 --> Site =   35 .. Mmps =  550 Ndav =  49 E =   -109.7395048250 Error = 6.90e-21 FLOPS = 1.67e+10 Tdav = 111.59 T = 125.22
 --> Site =   36 .. Mmps =  550 Ndav =  46 E =   -109.7412196282 Error = 2.51e-20 FLOPS = 1.79e+10 Tdav = 99.97 T = 114.28
 --> Site =   37 .. Mmps =  550 Ndav =  63 E =   -109.7418227917 Error = 3.03e-20 FLOPS = 1.85e+10 Tdav = 135.77 T = 150.72
 --> Site =   38 .. Mmps =  550 Ndav =  54 E =   -109.7419884406 Error = 2.76e-20 FLOPS = 1.77e+10 Tdav = 125.19 T = 140.77
 --> Site =   39 .. Mmps =  550 Ndav =  38 E =   -109.7421226484 Error = 1.71e-20 FLOPS = 2.17e+10 Tdav = 73.48 T = 89.74
 --> Site =   40 .. Mmps =  550 Ndav =  40 E =   -109.7424142706 Error = 1.09e-20 FLOPS = 2.10e+10 Tdav = 81.57 T = 98.54
 --> Site =   41 .. Mmps =  550 Ndav =  40 E =   -109.7427860118 Error = 1.62e-20 FLOPS = 2.12e+10 Tdav = 82.73 T = 100.40
 --> Site =   42 .. Mmps =  550 Ndav =  42 E =   -109.7433019081 Error = 1.29e-20 FLOPS = 2.07e+10 Tdav = 91.34 T = 109.81
 --> Site =   43 .. Mmps =  550 Ndav =  34 E =   -109.7436978366 Error = 3.33e-21 FLOPS = 2.38e+10 Tdav = 64.08 T = 82.90
 --> Site =   44 .. Mmps =  550 Ndav =  36 E =   -109.7441422421 Error = 2.77e-21 FLOPS = 2.32e+10 Tdav = 71.12 T = 90.25
 --> Site =   45 .. Mmps =  550 Ndav =  38 E =   -109.7449228464 Error = 3.96e-21 FLOPS = 2.26e+10 Tdav = 78.75 T = 98.65
 --> Site =   46 .. Mmps =  550 Ndav =  41 E =   -109.7452758753 Error = 2.84e-21 FLOPS = 2.15e+10 Tdav = 89.62 T = 110.01
 --> Site =   47 .. Mmps =  550 Ndav =  42 E =   -109.7457773601 Error = 1.13e-21 FLOPS = 2.12e+10 Tdav = 94.73 T = 115.41
 --> Site =   48 .. Mmps =  550 Ndav =  43 E =   -109.7466956784 Error = 1.13e-21 FLOPS = 2.09e+10 Tdav = 98.80 T = 119.90
 --> Site =   49 .. Mmps =  550 Ndav =  46 E =   -109.7476279103 Error = 4.35e-21 FLOPS = 1.99e+10 Tdav = 112.83 T = 134.36
 --> Site =   50 .. Mmps =  550 Ndav =  54 E =   -109.7479375219 Error = 6.88e-21 FLOPS = 1.92e+10 Tdav = 137.24 T = 159.19
 --> Site =   51 .. Mmps =  550 Ndav =  48 E =   -109.7481054838 Error = 9.89e-21 FLOPS = 1.95e+10 Tdav = 123.11 T = 145.44
 --> Site =   52 .. Mmps =  550 Ndav =  48 E =   -109.7481527485 Error = 9.51e-21 FLOPS = 1.98e+10 Tdav = 123.60 T = 146.70
 --> Site =   53 .. Mmps =  550 Ndav =  40 E =   -109.7482201030 Error = 8.23e-21 FLOPS = 2.27e+10 Tdav = 91.44 T = 115.55
 --> Site =   54 .. Mmps =  550 Ndav =  36 E =   -109.7483864401 Error = 8.07e-21 FLOPS = 2.42e+10 Tdav = 77.22 T = 101.67
 --> Site =   55 .. Mmps =  550 Ndav =  26 E =   -109.7484224400 Error = 7.23e-21 FLOPS = 2.82e+10 Tdav = 48.71 T = 73.52
 --> Site =   56 .. Mmps =  550 Ndav =  29 E =   -109.7484798415 Error = 6.36e-21 FLOPS = 2.71e+10 Tdav = 56.59 T = 81.88
 --> Site =   57 .. Mmps =  550 Ndav =  32 E =   -109.7485461767 Error = 6.49e-22 FLOPS = 2.59e+10 Tdav = 65.33 T = 90.62
 --> Site =   58 .. Mmps =  550 Ndav =  29 E =   -109.7486164934 Error = 1.31e-21 FLOPS = 2.71e+10 Tdav = 56.52 T = 81.81
 --> Site =   59 .. Mmps =  550 Ndav =  33 E =   -109.7486943123 Error = 1.17e-21 FLOPS = 2.57e+10 Tdav = 69.21 T = 94.90
 --> Site =   60 .. Mmps =  550 Ndav =  31 E =   -109.7487652759 Error = 9.35e-22 FLOPS = 2.65e+10 Tdav = 63.16 T = 89.42
 --> Site =   61 .. Mmps =  550 Ndav =  33 E =   -109.7488782172 Error = 5.04e-22 FLOPS = 2.57e+10 Tdav = 69.33 T = 95.55
 --> Site =   62 .. Mmps =  550 Ndav =  36 E =   -109.7490109296 Error = 3.59e-21 FLOPS = 2.46e+10 Tdav = 80.38 T = 106.97
 --> Site =   63 .. Mmps =  550 Ndav =  36 E =   -109.7490418677 Error = 5.38e-21 FLOPS = 2.46e+10 Tdav = 80.35 T = 107.45
 --> Site =   64 .. Mmps =  550 Ndav =  38 E =   -109.7490634798 Error = 4.79e-21 FLOPS = 2.39e+10 Tdav = 87.22 T = 114.33
 --> Site =   65 .. Mmps =  550 Ndav =  26 E =   -109.7490926465 Error = 4.68e-21 FLOPS = 2.87e+10 Tdav = 50.66 T = 78.24
 --> Site =   66 .. Mmps =  550 Ndav =  27 E =   -109.7491551135 Error = 1.62e-21 FLOPS = 2.83e+10 Tdav = 53.30 T = 81.35
 --> Site =   67 .. Mmps =  550 Ndav =  25 E =   -109.7491968859 Error = 2.40e-21 FLOPS = 2.91e+10 Tdav = 48.02 T = 76.05
 --> Site =   68 .. Mmps =  550 Ndav =  23 E =   -109.7492927340 Error = 1.90e-21 FLOPS = 2.98e+10 Tdav = 43.85 T = 72.32
 --> Site =   69 .. Mmps =  550 Ndav =  22 E =   -109.7493388703 Error = 3.77e-22 FLOPS = 3.02e+10 Tdav = 41.46 T = 70.43
 --> Site =   70 .. Mmps =  550 Ndav =  22 E =   -109.7493667458 Error = 1.32e-22 FLOPS = 3.02e+10 Tdav = 41.51 T = 70.41
 --> Site =   71 .. Mmps =  550 Ndav =  25 E =   -109.7494181570 Error = 1.51e-21 FLOPS = 2.91e+10 Tdav = 48.96 T = 77.84
 --> Site =   72 .. Mmps =  550 Ndav =  25 E =   -109.7494685025 Error = 6.53e-22 FLOPS = 2.92e+10 Tdav = 49.65 T = 79.02
 --> Site =   73 .. Mmps =  550 Ndav =  25 E =   -109.7495849472 Error = 1.20e-21 FLOPS = 2.92e+10 Tdav = 49.50 T = 79.41
 --> Site =   74 .. Mmps =  550 Ndav =  28 E =   -109.7496969112 Error = 4.02e-22 FLOPS = 2.80e+10 Tdav = 56.82 T = 86.17
 --> Site =   75 .. Mmps =  550 Ndav =  30 E =   -109.7497704488 Error = 1.62e-21 FLOPS = 2.75e+10 Tdav = 63.19 T = 92.59
 --> Site =   76 .. Mmps =  550 Ndav =  39 E =   -109.7498614906 Error = 2.84e-21 FLOPS = 2.38e+10 Tdav = 93.11 T = 122.61
 --> Site =   77 .. Mmps =  550 Ndav =  28 E =   -109.7498965336 Error = 3.64e-21 FLOPS = 2.79e+10 Tdav = 57.02 T = 85.92
 --> Site =   78 .. Mmps =  550 Ndav =  31 E =   -109.7499366831 Error = 3.80e-21 FLOPS = 2.68e+10 Tdav = 65.84 T = 94.69
 --> Site =   79 .. Mmps =  550 Ndav =  29 E =   -109.7499812698 Error = 1.93e-21 FLOPS = 2.76e+10 Tdav = 59.86 T = 88.80
 --> Site =   80 .. Mmps =  550 Ndav =  30 E =   -109.7500648922 Error = 2.63e-21 FLOPS = 2.72e+10 Tdav = 62.85 T = 91.85
 --> Site =   81 .. Mmps =  550 Ndav =  25 E =   -109.7501397657 Error = 1.72e-21 FLOPS = 2.92e+10 Tdav = 49.57 T = 78.87
 --> Site =   82 .. Mmps =  550 Ndav =  24 E =   -109.7501690460 Error = 1.10e-21 FLOPS = 2.96e+10 Tdav = 47.01 T = 76.92
 --> Site =   83 .. Mmps =  550 Ndav =  23 E =   -109.7502250194 Error = 4.12e-22 FLOPS = 2.98e+10 Tdav = 43.87 T = 73.19
 --> Site =   84 .. Mmps =  550 Ndav =  27 E =   -109.7502723313 Error = 2.44e-21 FLOPS = 2.83e+10 Tdav = 54.22 T = 83.07
 --> Site =   85 .. Mmps =  550 Ndav =  28 E =   -109.7502994507 Error = 1.11e-21 FLOPS = 2.81e+10 Tdav = 57.78 T = 87.11
 --> Site =   86 .. Mmps =  550 Ndav =  29 E =   -109.7503487470 Error = 9.98e-22 FLOPS = 2.77e+10 Tdav = 60.60 T = 90.42
 --> Site =   87 .. Mmps =  550 Ndav =  28 E =   -109.7503893791 Error = 8.51e-22 FLOPS = 2.80e+10 Tdav = 56.96 T = 86.46
 --> Site =   88 .. Mmps =  550 Ndav =  35 E =   -109.7505956527 Error = 8.97e-21 FLOPS = 2.53e+10 Tdav = 78.73 T = 107.66
 --> Site =   89 .. Mmps =  550 Ndav =  31 E =   -109.7506251096 Error = 4.74e-21 FLOPS = 2.69e+10 Tdav = 65.62 T = 94.52
 --> Site =   90 .. Mmps =  550 Ndav =  34 E =   -109.7506480146 Error = 8.67e-21 FLOPS = 2.57e+10 Tdav = 75.30 T = 104.27
 --> Site =   91 .. Mmps =  550 Ndav =  28 E =   -109.7506789947 Error = 5.18e-21 FLOPS = 2.80e+10 Tdav = 56.92 T = 85.82
 --> Site =   92 .. Mmps =  550 Ndav =  30 E =   -109.7507481310 Error = 2.43e-21 FLOPS = 2.71e+10 Tdav = 61.83 T = 90.28
 --> Site =   93 .. Mmps =  550 Ndav =  26 E =   -109.7508178908 Error = 3.88e-21 FLOPS = 2.87e+10 Tdav = 51.62 T = 80.08
 --> Site =   94 .. Mmps =  550 Ndav =  25 E =   -109.7508746898 Error = 3.48e-21 FLOPS = 2.90e+10 Tdav = 49.83 T = 79.43
 --> Site =   95 .. Mmps =  550 Ndav =  25 E =   -109.7509197967 Error = 7.32e-22 FLOPS = 2.91e+10 Tdav = 49.78 T = 79.88
 --> Site =   96 .. Mmps =  550 Ndav =  24 E =   -109.7509786170 Error = 4.39e-22 FLOPS = 2.92e+10 Tdav = 46.72 T = 76.24
 --> Site =   97 .. Mmps =  550 Ndav =  23 E =   -109.7510245155 Error = 1.80e-21 FLOPS = 2.96e+10 Tdav = 43.49 T = 72.36
 --> Site =   98 .. Mmps =  550 Ndav =  25 E =   -109.7510934501 Error = 5.22e-22 FLOPS = 2.90e+10 Tdav = 49.01 T = 77.60
 --> Site =   99 .. Mmps =  550 Ndav =  24 E =   -109.7511592125 Error = 9.50e-22 FLOPS = 2.93e+10 Tdav = 46.62 T = 75.72
 --> Site =  100 .. Mmps =  550 Ndav =  29 E =   -109.7512322305 Error = 3.59e-22 FLOPS = 2.74e+10 Tdav = 59.19 T = 87.86
 --> Site =  101 .. Mmps =  550 Ndav =  32 E =   -109.7514020480 Error = 3.35e-21 FLOPS = 2.61e+10 Tdav = 68.63 T = 96.79
 --> Site =  102 .. Mmps =  550 Ndav =  38 E =   -109.7514459587 Error = 3.33e-21 FLOPS = 2.38e+10 Tdav = 89.17 T = 117.33
 --> Site =  103 .. Mmps =  550 Ndav =  31 E =   -109.7514962098 Error = 5.31e-21 FLOPS = 2.64e+10 Tdav = 64.53 T = 92.24
 --> Site =  104 .. Mmps =  550 Ndav =  31 E =   -109.7515424446 Error = 4.71e-21 FLOPS = 2.63e+10 Tdav = 63.64 T = 90.47
 --> Site =  105 .. Mmps =  550 Ndav =  28 E =   -109.7515988445 Error = 2.44e-21 FLOPS = 2.74e+10 Tdav = 55.07 T = 81.39
 --> Site =  106 .. Mmps =  550 Ndav =  28 E =   -109.7516625570 Error = 5.97e-21 FLOPS = 2.74e+10 Tdav = 55.18 T = 81.49
 --> Site =  107 .. Mmps =  550 Ndav =  28 E =   -109.7517681928 Error = 1.75e-21 FLOPS = 2.74e+10 Tdav = 55.15 T = 81.47
 --> Site =  108 .. Mmps =  550 Ndav =  24 E =   -109.7518193363 Error = 1.79e-21 FLOPS = 2.90e+10 Tdav = 44.61 T = 70.89
 --> Site =  109 .. Mmps =  550 Ndav =  27 E =   -109.7518602021 Error = 5.61e-22 FLOPS = 2.77e+10 Tdav = 51.51 T = 77.39
 --> Site =  110 .. Mmps =  550 Ndav =  26 E =   -109.7518932342 Error = 1.45e-21 FLOPS = 2.81e+10 Tdav = 48.91 T = 74.30
 --> Site =  111 .. Mmps =  550 Ndav =  34 E =   -109.7519539875 Error = 1.08e-21 FLOPS = 2.47e+10 Tdav = 72.95 T = 98.44
 --> Site =  112 .. Mmps =  550 Ndav =  25 E =   -109.7519960478 Error = 9.34e-22 FLOPS = 2.76e+10 Tdav = 47.93 T = 73.36
 --> Site =  113 .. Mmps =  550 Ndav =  28 E =   -109.7520606376 Error = 8.63e-22 FLOPS = 2.42e+10 Tdav = 60.10 T = 85.47
 --> Site =  114 .. Mmps =  550 Ndav =  35 E =   -109.7522046455 Error = 4.59e-21 FLOPS = 2.23e+10 Tdav = 81.53 T = 106.53
 --> Site =  115 .. Mmps =  550 Ndav =  38 E =   -109.7522903956 Error = 9.12e-21 FLOPS = 2.14e+10 Tdav = 90.58 T = 114.94
 --> Site =  116 .. Mmps =  550 Ndav =  34 E =   -109.7523098256 Error = 1.04e-20 FLOPS = 2.31e+10 Tdav = 73.31 T = 97.23
 --> Site =  117 .. Mmps =  550 Ndav =  28 E =   -109.7523251696 Error = 6.54e-21 FLOPS = 2.62e+10 Tdav = 52.36 T = 75.31
 --> Site =  118 .. Mmps =  550 Ndav =  29 E =   -109.7523525445 Error = 4.32e-21 FLOPS = 2.64e+10 Tdav = 53.72 T = 76.23
 --> Site =  119 .. Mmps =  550 Ndav =  26 E =   -109.7523678936 Error = 6.45e-21 FLOPS = 2.75e+10 Tdav = 45.36 T = 67.50
 --> Site =  120 .. Mmps =  550 Ndav =  26 E =   -109.7523859114 Error = 5.50e-21 FLOPS = 2.75e+10 Tdav = 45.33 T = 67.04
 --> Site =  121 .. Mmps =  550 Ndav =  24 E =   -109.7524123934 Error = 2.65e-21 FLOPS = 2.82e+10 Tdav = 39.95 T = 61.15
 --> Site =  122 .. Mmps =  550 Ndav =  25 E =   -109.7524487864 Error = 1.84e-21 FLOPS = 2.78e+10 Tdav = 41.36 T = 62.03
 --> Site =  123 .. Mmps =  550 Ndav =  29 E =   -109.7525269904 Error = 6.07e-21 FLOPS = 2.60e+10 Tdav = 51.25 T = 71.39
 --> Site =  124 .. Mmps =  550 Ndav =  31 E =   -109.7525890570 Error = 7.59e-23 FLOPS = 2.44e+10 Tdav = 54.98 T = 74.58
 --> Site =  125 .. Mmps =  550 Ndav =  34 E =   -109.7527954293 Error = 2.65e-22 FLOPS = 2.37e+10 Tdav = 60.14 T = 79.38
 --> Site =  126 .. Mmps =  550 Ndav =  36 E =   -109.7531484933 Error = 7.81e-22 FLOPS = 2.18e+10 Tdav = 65.68 T = 84.43
 --> Site =  127 .. Mmps =  550 Ndav =  34 E =   -109.7533018242 Error = 2.37e-22 FLOPS = 2.32e+10 Tdav = 55.16 T = 73.11
 --> Site =  128 .. Mmps =  550 Ndav =  38 E =   -109.7536719826 Error = 2.36e-22 FLOPS = 2.11e+10 Tdav = 64.17 T = 81.35
 --> Site =  129 .. Mmps =  550 Ndav =  42 E =   -109.7540355863 Error = 4.59e-22 FLOPS = 1.93e+10 Tdav = 72.88 T = 89.24
 --> Site =  130 .. Mmps =  550 Ndav =  42 E =   -109.7542661790 Error = 2.87e-22 FLOPS = 1.89e+10 Tdav = 70.35 T = 86.14
 --> Site =  131 .. Mmps =  550 Ndav =  48 E =   -109.7544558397 Error = 1.83e-22 FLOPS = 1.66e+10 Tdav = 86.44 T = 101.47
 --> Site =  132 .. Mmps =  550 Ndav =  36 E =   -109.7545615091 Error = 7.18e-23 FLOPS = 2.07e+10 Tdav = 48.80 T = 63.19
 --> Site =  133 .. Mmps =  550 Ndav =  43 E =   -109.7549346864 Error = 6.38e-23 FLOPS = 1.78e+10 Tdav = 63.89 T = 77.54
 --> Site =  134 .. Mmps =  550 Ndav =  36 E =   -109.7550803378 Error = 1.65e-23 FLOPS = 2.04e+10 Tdav = 43.47 T = 56.46
 --> Site =  135 .. Mmps =  550 Ndav =  45 E =   -109.7553057876 Error = 9.46e-24 FLOPS = 1.61e+10 Tdav = 64.01 T = 76.49
 --> Site =  136 .. Mmps =  550 Ndav =  34 E =   -109.7554103341 Error = 9.31e-23 FLOPS = 2.07e+10 Tdav = 35.30 T = 47.12
 --> Site =  137 .. Mmps =  550 Ndav =  43 E =   -109.7555376478 Error = 9.27e-24 FLOPS = 1.62e+10 Tdav = 52.73 T = 63.81
 --> Site =  138 .. Mmps =  550 Ndav =  47 E =   -109.7559310826 Error = 1.22e-23 FLOPS = 1.45e+10 Tdav = 59.57 T = 70.14
 --> Site =  139 .. Mmps =  550 Ndav =  48 E =   -109.7563885094 Error = 3.99e-23 FLOPS = 1.39e+10 Tdav = 58.97 T = 68.85
 --> Site =  140 .. Mmps =  550 Ndav =  49 E =   -109.7568715175 Error = 2.45e-23 FLOPS = 1.33e+10 Tdav = 57.72 T = 67.07
 --> Site =  141 .. Mmps =  550 Ndav =  64 E =   -109.7578675722 Error = 4.79e-23 FLOPS = 1.45e+10 Tdav = 63.96 T = 72.77
 --> Site =  142 .. Mmps =  550 Ndav =  51 E =   -109.7584978450 Error = 4.30e-23 FLOPS = 1.15e+10 Tdav = 58.82 T = 67.13
 --> Site =  143 .. Mmps =  550 Ndav =  44 E =   -109.7586536539 Error = 6.02e-25 FLOPS = 1.15e+10 Tdav = 46.68 T = 54.64
 --> Site =  144 .. Mmps =  550 Ndav =  43 E =   -109.7589720819 Error = 8.29e-24 FLOPS = 1.15e+10 Tdav = 41.53 T = 48.98
 --> Site =  145 .. Mmps =  550 Ndav =  48 E =   -109.7591908189 Error = 5.55e-25 FLOPS = 8.50e+09 Tdav = 57.70 T = 64.67
 --> Site =  146 .. Mmps =  550 Ndav =  48 E =   -109.7594238805 Error = 4.97e-25 FLOPS = 1.04e+10 Tdav = 42.90 T = 49.45
 --> Site =  147 .. Mmps =  550 Ndav =  39 E =   -109.7596265768 Error = 3.25e-25 FLOPS = 1.38e+10 Tdav = 23.56 T = 29.49
 --> Site =  148 .. Mmps =  550 Ndav =  46 E =   -109.7600280082 Error = 2.84e-25 FLOPS = 1.12e+10 Tdav = 31.04 T = 36.52
 --> Site =  149 .. Mmps =  550 Ndav =  47 E =   -109.7605659487 Error = 6.97e-25 FLOPS = 1.06e+10 Tdav = 29.69 T = 34.81
 --> Site =  150 .. Mmps =  550 Ndav =  61 E =   -109.7622632496 Error = 7.21e-25 FLOPS = 1.04e+10 Tdav = 34.87 T = 39.70
 --> Site =  151 .. Mmps =  550 Ndav =  47 E =   -109.7637379447 Error = 2.26e-25 FLOPS = 9.93e+09 Tdav = 24.54 T = 28.94
 --> Site =  152 .. Mmps =  550 Ndav =  50 E =   -109.7650531892 Error = 2.16e-25 FLOPS = 8.64e+09 Tdav = 26.24 T = 30.20
 --> Site =  153 .. Mmps =  550 Ndav =  50 E =   -109.7660553770 Error = 1.63e-25 FLOPS = 8.40e+09 Tdav = 23.39 T = 27.00
 --> Site =  154 .. Mmps =  550 Ndav =  49 E =   -109.7670418888 Error = 3.48e-25 FLOPS = 8.14e+09 Tdav = 20.31 T = 23.66
 --> Site =  155 .. Mmps =  550 Ndav =  51 E =   -109.7687090298 Error = 2.89e-25 FLOPS = 7.72e+09 Tdav = 18.76 T = 21.76
 --> Site =  156 .. Mmps =  550 Ndav =  48 E =   -109.7707985477 Error = 2.89e-25 FLOPS = 7.83e+09 Tdav = 14.32 T = 17.10
 --> Site =  157 .. Mmps =  550 Ndav =  50 E =   -109.7763115579 Error = 1.98e-25 FLOPS = 6.92e+09 Tdav = 13.75 T = 16.18
 --> Site =  158 .. Mmps =  550 Ndav =  50 E =   -109.7826056772 Error = 1.41e-25 FLOPS = 6.69e+09 Tdav = 11.33 T = 13.55
 --> Site =  159 .. Mmps =  550 Ndav =  67 E =   -109.7929836867 Error = 8.63e-26 FLOPS = 7.78e+09 Tdav = 10.10 T = 12.04
 --> Site =  160 .. Mmps =  550 Ndav =  58 E =   -109.7977922438 Error = 1.66e-26 FLOPS = 7.46e+09 Tdav = 6.79 T = 8.50
 --> Site =  161 .. Mmps =  550 Ndav =  50 E =   -109.7997332695 Error = 1.40e-27 FLOPS = 7.05e+09 Tdav = 4.46 T = 6.02
 --> Site =  162 .. Mmps =  550 Ndav =  42 E =   -109.8020774385 Error = 4.85e-28 FLOPS = 8.34e+09 Tdav = 2.07 T = 3.44
 --> Site =  163 .. Mmps =  550 Ndav =  48 E =   -109.8023012703 Error = 9.09e-30 FLOPS = 5.98e+09 Tdav = 2.02 T = 3.22
 --> Site =  164 .. Mmps =  550 Ndav =   6 E =   -109.8023013332 Error = 9.36e-35 FLOPS = 1.77e+10 Tdav = 0.04 T = 1.06
 --> Site =  165 .. Mmps =  550 Ndav =   1 E =   -109.8023013332 Error = 1.27e-58 FLOPS = 8.03e+09 Tdav = 0.01 T = 0.90
 --> Site =  166 .. Mmps =  550 Ndav =   1 E =   -109.8023013332 Error = 0.00e+00 FLOPS = 4.54e+09 Tdav = 0.00 T = 0.81
 --> Site =  167 .. Mmps =  550 Ndav =   1 E =   -109.8023013332 Error = 0.00e+00 FLOPS = 2.54e+09 Tdav = 0.00 T = 0.68
 --> Site =  168 .. Mmps =  550 Ndav =   1 E =   -109.8023013332 Error = 1.51e-137 FLOPS = 2.02e+09 Tdav = 0.00 T = 0.53
Time elapsed =  16116.574 | E =    -109.8023013332 | DE = -1.10e-01 | DW = 3.81468e-19
Time sweep =    12716.529 | 187 TFLOP/SWP
 | Dmem = 141 MB (3%) | Imem = 232 B (79%) | Hmem = 672 MB | Wmem = 4.62 MB | Pmem = 4.62 MB
 | Tread = 88.331 | Twrite = 32.076 | Tfpread = 86.796 | Tfpwrite = 20.490 | Tmporead = 0.000 | Tasync = 0.000
 | data = 14.8 GB | cpsd = 11.2 GB
 | Trot = 191.781 | Tctr = 1.569 | Tint = 0.008 | Tmid = 0.000 | Tdctr = 63.507 | Tdiag = 1.582 | Tinfo = 2.212
 | Teff = 2382.197 | Tprt = 114.428 | Teig = 9929.682 | Tblk = 12487.662 | Tmve = 228.852 | Tdm = 3.161 | Tsplt = 46.676 | Tsvd = 0.000 | Torth = 0.000

Sweep =    8 | Direction = backward | Bond dimension =  550 | Noise =  0.00e+00 | Dav threshold =  1.00e-08
 <-- Site =  168 .. Mmps =    2 Ndav =   1 E =   -109.8023013332 Error = 0.00e+00 FLOPS = 1.92e+09 Tdav = 0.00 T = 0.02
 <-- Site =  167 .. Mmps =    4 Ndav =   1 E =   -109.8023013332 Error = 0.00e+00 FLOPS = 2.80e+09 Tdav = 0.00 T = 0.12
 <-- Site =  166 .. Mmps =    8 Ndav =   1 E =   -109.8023013332 Error = 0.00e+00 FLOPS = 4.97e+09 Tdav = 0.00 T = 0.18
 <-- Site =  165 .. Mmps =   16 Ndav =   1 E =   -109.8023013332 Error = 0.00e+00 FLOPS = 8.52e+09 Tdav = 0.01 T = 0.25
 <-- Site =  164 .. Mmps =   32 Ndav =   1 E =   -109.8023013332 Error = 0.00e+00 FLOPS = 1.40e+10 Tdav = 0.01 T = 0.35
 <-- Site =  163 .. Mmps =   64 Ndav =   1 E =   -109.8023013332 Error = 0.00e+00 FLOPS = 1.69e+10 Tdav = 0.02 T = 0.46
 <-- Site =  162 .. Mmps =  128 Ndav =  10 E =   -109.8023019177 Error = 0.00e+00 FLOPS = 2.46e+10 Tdav = 0.27 T = 0.84
 <-- Site =  161 .. Mmps =  256 Ndav =  17 E =   -109.8023082518 Error = 0.00e+00 FLOPS = 1.97e+10 Tdav = 1.34 T = 2.08
 <-- Site =  160 .. Mmps =  512 Ndav =  20 E =   -109.8023193087 Error = 0.00e+00 FLOPS = 1.79e+10 Tdav = 4.27 T = 5.24
 <-- Site =  159 .. Mmps =  550 Ndav =  34 E =   -109.8023541820 Error = 7.44e-25 FLOPS = 1.14e+10 Tdav = 29.84 T = 31.41
 <-- Site =  158 .. Mmps =  550 Ndav =  35 E =   -109.8025538898 Error = 4.94e-22 FLOPS = 1.20e+10 Tdav = 34.89 T = 37.10
 <-- Site =  157 .. Mmps =  550 Ndav =  42 E =   -109.8027502167 Error = 1.85e-20 FLOPS = 1.01e+10 Tdav = 53.89 T = 56.44
 <-- Site =  156 .. Mmps =  550 Ndav =  43 E =   -109.8035471349 Error = 9.86e-20 FLOPS = 1.03e+10 Tdav = 58.60 T = 61.39
 <-- Site =  155 .. Mmps =  550 Ndav =  48 E =   -109.8043143729 Error = 2.08e-19 FLOPS = 9.34e+09 Tdav = 76.93 T = 80.00
 <-- Site =  154 .. Mmps =  550 Ndav =  50 E =   -109.8055047820 Error = 2.07e-19 FLOPS = 9.25e+09 Tdav = 86.34 T = 89.76
 <-- Site =  153 .. Mmps =  550 Ndav =  51 E =   -109.8072328046 Error = 3.65e-19 FLOPS = 9.80e+09 Tdav = 88.35 T = 92.12
 <-- Site =  152 .. Mmps =  550 Ndav =  55 E =   -109.8091147163 Error = 3.28e-19 FLOPS = 1.07e+10 Tdav = 92.05 T = 96.14
 <-- Site =  151 .. Mmps =  550 Ndav =  53 E =   -109.8111719965 Error = 1.87e-18 FLOPS = 1.09e+10 Tdav = 92.25 T = 96.66
 <-- Site =  150 .. Mmps =  550 Ndav =  68 E =   -109.8126592884 Error = 1.61e-18 FLOPS = 1.27e+10 Tdav = 106.99 T = 111.83
 <-- Site =  149 .. Mmps =  550 Ndav =  51 E =   -109.8135683013 Error = 6.89e-19 FLOPS = 1.14e+10 Tdav = 93.94 T = 99.14
 <-- Site =  148 .. Mmps =  550 Ndav =  51 E =   -109.8141784811 Error = 3.01e-19 FLOPS = 1.17e+10 Tdav = 95.47 T = 101.09
 <-- Site =  147 .. Mmps =  550 Ndav =  56 E =   -109.8152366236 Error = 4.20e-19 FLOPS = 1.28e+10 Tdav = 100.33 T = 106.34
 <-- Site =  146 .. Mmps =  550 Ndav =  66 E =   -109.8161097936 Error = 5.55e-19 FLOPS = 1.41e+10 Tdav = 112.02 T = 118.52
 <-- Site =  145 .. Mmps =  550 Ndav =  62 E =   -109.8170364836 Error = 1.23e-18 FLOPS = 1.42e+10 Tdav = 109.35 T = 116.24
 <-- Site =  144 .. Mmps =  550 Ndav =  45 E =   -109.8181803374 Error = 2.67e-19 FLOPS = 1.44e+10 Tdav = 81.07 T = 88.47
 <-- Site =  143 .. Mmps =  550 Ndav =  54 E =   -109.8225043095 Error = 6.66e-19 FLOPS = 1.30e+10 Tdav = 112.02 T = 119.93
 <-- Site =  142 .. Mmps =  550 Ndav =  39 E =   -109.8226473047 Error = 5.44e-19 FLOPS = 1.49e+10 Tdav = 73.32 T = 81.87
 <-- Site =  141 .. Mmps =  550 Ndav =  51 E =   -109.8228242696 Error = 2.38e-18 FLOPS = 1.30e+10 Tdav = 113.33 T = 122.45
 <-- Site =  140 .. Mmps =  550 Ndav =  41 E =   -109.8229473175 Error = 7.33e-19 FLOPS = 1.75e+10 Tdav = 70.04 T = 79.49
 <-- Site =  139 .. Mmps =  550 Ndav =  35 E =   -109.8230479090 Error = 3.45e-19 FLOPS = 2.04e+10 Tdav = 53.12 T = 63.14
 <-- Site =  138 .. Mmps =  550 Ndav =  40 E =   -109.8231856569 Error = 2.08e-19 FLOPS = 1.84e+10 Tdav = 69.27 T = 79.83
 <-- Site =  137 .. Mmps =  550 Ndav =  40 E =   -109.8233370216 Error = 6.09e-18 FLOPS = 1.86e+10 Tdav = 70.89 T = 82.01
 <-- Site =  136 .. Mmps =  550 Ndav =  38 E =   -109.8234784894 Error = 1.59e-19 FLOPS = 1.97e+10 Tdav = 65.40 T = 77.18
 <-- Site =  135 .. Mmps =  550 Ndav =  40 E =   -109.8236338733 Error = 6.38e-19 FLOPS = 1.91e+10 Tdav = 73.01 T = 85.48
 <-- Site =  134 .. Mmps =  550 Ndav =  32 E =   -109.8238336497 Error = 3.55e-19 FLOPS = 2.28e+10 Tdav = 50.41 T = 63.52
 <-- Site =  133 .. Mmps =  550 Ndav =  39 E =   -109.8240440818 Error = 5.06e-19 FLOPS = 2.00e+10 Tdav = 72.14 T = 85.78
 <-- Site =  132 .. Mmps =  550 Ndav =  35 E =   -109.8241143448 Error = 1.76e-18 FLOPS = 2.19e+10 Tdav = 60.66 T = 75.09
 <-- Site =  131 .. Mmps =  550 Ndav =  50 E =   -109.8241736896 Error = 4.55e-19 FLOPS = 1.64e+10 Tdav = 118.65 T = 133.78
 <-- Site =  130 .. Mmps =  550 Ndav =  37 E =   -109.8242264320 Error = 4.73e-18 FLOPS = 2.15e+10 Tdav = 68.83 T = 84.63
 <-- Site =  129 .. Mmps =  550 Ndav =  28 E =   -109.8242588198 Error = 4.60e-20 FLOPS = 2.56e+10 Tdav = 44.85 T = 61.36
 <-- Site =  128 .. Mmps =  550 Ndav =  28 E =   -109.8242925823 Error = 6.94e-20 FLOPS = 2.58e+10 Tdav = 45.56 T = 62.71
 <-- Site =  127 .. Mmps =  550 Ndav =  23 E =   -109.8243107849 Error = 6.83e-20 FLOPS = 2.81e+10 Tdav = 35.11 T = 53.08
 <-- Site =  126 .. Mmps =  550 Ndav =  21 E =   -109.8243239106 Error = 2.60e-19 FLOPS = 2.91e+10 Tdav = 31.70 T = 50.40
 <-- Site =  125 .. Mmps =  550 Ndav =  23 E =   -109.8243430151 Error = 5.02e-20 FLOPS = 2.84e+10 Tdav = 36.40 T = 55.56
 <-- Site =  124 .. Mmps =  550 Ndav =  23 E =   -109.8243662010 Error = 8.44e-19 FLOPS = 2.84e+10 Tdav = 36.43 T = 55.92
 <-- Site =  123 .. Mmps =  550 Ndav =  22 E =   -109.8243822335 Error = 2.50e-20 FLOPS = 2.89e+10 Tdav = 34.93 T = 54.94
 <-- Site =  122 .. Mmps =  550 Ndav =  26 E =   -109.8244013162 Error = 2.13e-20 FLOPS = 2.72e+10 Tdav = 43.89 T = 64.19
 <-- Site =  121 .. Mmps =  550 Ndav =  24 E =   -109.8244249708 Error = 3.05e-20 FLOPS = 2.82e+10 Tdav = 39.92 T = 61.00
 <-- Site =  120 .. Mmps =  550 Ndav =  28 E =   -109.8244528502 Error = 2.49e-18 FLOPS = 2.66e+10 Tdav = 50.37 T = 71.98
 <-- Site =  119 .. Mmps =  550 Ndav =  23 E =   -109.8244689778 Error = 8.48e-20 FLOPS = 2.87e+10 Tdav = 38.38 T = 60.36
 <-- Site =  118 .. Mmps =  550 Ndav =  23 E =   -109.8244766955 Error = 1.16e-19 FLOPS = 2.89e+10 Tdav = 38.97 T = 61.40
 <-- Site =  117 .. Mmps =  550 Ndav =  22 E =   -109.8244826302 Error = 3.40e-19 FLOPS = 2.92e+10 Tdav = 36.86 T = 59.73
 <-- Site =  116 .. Mmps =  550 Ndav =  21 E =   -109.8244852256 Error = 1.91e-19 FLOPS = 2.97e+10 Tdav = 35.29 T = 58.94
 <-- Site =  115 .. Mmps =  550 Ndav =  26 E =   -109.8244879120 Error = 3.99e-19 FLOPS = 2.79e+10 Tdav = 47.42 T = 72.02
 <-- Site =  114 .. Mmps =  550 Ndav =  15 E =   -109.8244892979 Error = 5.18e-20 FLOPS = 3.19e+10 Tdav = 24.40 T = 49.44
 <-- Site =  113 .. Mmps =  550 Ndav =  16 E =   -109.8244904487 Error = 1.59e-20 FLOPS = 3.16e+10 Tdav = 26.25 T = 51.63
 <-- Site =  112 .. Mmps =  550 Ndav =  14 E =   -109.8244916323 Error = 6.74e-21 FLOPS = 3.25e+10 Tdav = 22.78 T = 48.77
 <-- Site =  111 .. Mmps =  550 Ndav =  16 E =   -109.8244949117 Error = 6.99e-19 FLOPS = 3.03e+10 Tdav = 27.97 T = 54.14
 <-- Site =  110 .. Mmps =  550 Ndav =  17 E =   -109.8244978341 Error = 8.72e-21 FLOPS = 3.05e+10 Tdav = 29.48 T = 55.91
 <-- Site =  109 .. Mmps =  550 Ndav =  23 E =   -109.8245029215 Error = 4.42e-20 FLOPS = 2.74e+10 Tdav = 44.36 T = 71.20
 <-- Site =  108 .. Mmps =  550 Ndav =  18 E =   -109.8245073711 Error = 1.17e-20 FLOPS = 3.00e+10 Tdav = 32.33 T = 60.12
 <-- Site =  107 .. Mmps =  550 Ndav =  21 E =   -109.8245149472 Error = 1.74e-18 FLOPS = 2.85e+10 Tdav = 39.78 T = 67.74
 <-- Site =  106 .. Mmps =  550 Ndav =  21 E =   -109.8245261052 Error = 3.82e-20 FLOPS = 3.02e+10 Tdav = 37.52 T = 65.03
 <-- Site =  105 .. Mmps =  550 Ndav =  25 E =   -109.8245371818 Error = 1.11e-18 FLOPS = 2.87e+10 Tdav = 47.00 T = 74.59
 <-- Site =  104 .. Mmps =  550 Ndav =  29 E =   -109.8245449174 Error = 4.48e-19 FLOPS = 2.71e+10 Tdav = 57.63 T = 85.67
 <-- Site =  103 .. Mmps =  550 Ndav =  17 E =   -109.8245463636 Error = 1.11e-19 FLOPS = 3.16e+10 Tdav = 29.54 T = 58.51
 <-- Site =  102 .. Mmps =  550 Ndav =  21 E =   -109.8245483770 Error = 4.35e-20 FLOPS = 3.02e+10 Tdav = 38.83 T = 68.33
 <-- Site =  101 .. Mmps =  550 Ndav =  12 E =   -109.8245492627 Error = 5.06e-20 FLOPS = 3.32e+10 Tdav = 20.20 T = 49.70
 <-- Site =  100 .. Mmps =  550 Ndav =  17 E =   -109.8245505933 Error = 5.50e-20 FLOPS = 3.16e+10 Tdav = 30.10 T = 60.02
 <-- Site =   99 .. Mmps =  550 Ndav =  13 E =   -109.8245512593 Error = 2.21e-20 FLOPS = 3.28e+10 Tdav = 22.55 T = 53.02
 <-- Site =   98 .. Mmps =  550 Ndav =  15 E =   -109.8245529526 Error = 1.92e-18 FLOPS = 3.23e+10 Tdav = 26.40 T = 56.38
 <-- Site =   97 .. Mmps =  550 Ndav =  13 E =   -109.8245546219 Error = 6.33e-21 FLOPS = 3.29e+10 Tdav = 22.11 T = 52.12
 <-- Site =   96 .. Mmps =  550 Ndav =  18 E =   -109.8245583868 Error = 1.63e-20 FLOPS = 3.13e+10 Tdav = 32.69 T = 63.44
 <-- Site =   95 .. Mmps =  550 Ndav =  16 E =   -109.8245607231 Error = 5.99e-21 FLOPS = 3.20e+10 Tdav = 28.91 T = 60.33
 <-- Site =   94 .. Mmps =  550 Ndav =  16 E =   -109.8245633056 Error = 1.80e-18 FLOPS = 3.20e+10 Tdav = 28.95 T = 60.11
 <-- Site =   93 .. Mmps =  550 Ndav =  17 E =   -109.8245653519 Error = 2.34e-20 FLOPS = 3.17e+10 Tdav = 30.53 T = 60.62
 <-- Site =   92 .. Mmps =  550 Ndav =  19 E =   -109.8245675179 Error = 4.45e-20 FLOPS = 3.09e+10 Tdav = 34.35 T = 64.28
 <-- Site =   91 .. Mmps =  550 Ndav =  18 E =   -109.8245690007 Error = 1.38e-19 FLOPS = 3.13e+10 Tdav = 32.70 T = 63.08
 <-- Site =   90 .. Mmps =  550 Ndav =  14 E =   -109.8245696721 Error = 3.72e-19 FLOPS = 3.27e+10 Tdav = 24.35 T = 54.91
 <-- Site =   89 .. Mmps =  550 Ndav =  19 E =   -109.8245708278 Error = 8.27e-19 FLOPS = 3.10e+10 Tdav = 34.92 T = 65.39
 <-- Site =   88 .. Mmps =  550 Ndav =  11 E =   -109.8245714021 Error = 4.04e-20 FLOPS = 3.34e+10 Tdav = 18.74 T = 49.20
 <-- Site =   87 .. Mmps =  550 Ndav =  13 E =   -109.8245719347 Error = 8.56e-20 FLOPS = 3.27e+10 Tdav = 22.61 T = 53.44
 <-- Site =   86 .. Mmps =  550 Ndav =  10 E =   -109.8245724364 Error = 6.75e-21 FLOPS = 3.36e+10 Tdav = 17.23 T = 48.58
 <-- Site =   85 .. Mmps =  550 Ndav =  13 E =   -109.8245738055 Error = 1.60e-19 FLOPS = 3.31e+10 Tdav = 22.73 T = 53.70
 <-- Site =   84 .. Mmps =  550 Ndav =  14 E =   -109.8245752360 Error = 4.13e-21 FLOPS = 3.25e+10 Tdav = 24.50 T = 54.98
 <-- Site =   83 .. Mmps =  550 Ndav =  16 E =   -109.8245772744 Error = 7.96e-21 FLOPS = 3.20e+10 Tdav = 28.47 T = 59.25
 <-- Site =   82 .. Mmps =  550 Ndav =  16 E =   -109.8245800372 Error = 9.75e-21 FLOPS = 3.21e+10 Tdav = 28.90 T = 60.39
 <-- Site =   81 .. Mmps =  550 Ndav =  21 E =   -109.8245863483 Error = 2.87e-18 FLOPS = 3.04e+10 Tdav = 39.97 T = 71.08
 <-- Site =   80 .. Mmps =  550 Ndav =  20 E =   -109.8245958866 Error = 1.12e-20 FLOPS = 3.07e+10 Tdav = 37.12 T = 67.58
 <-- Site =   79 .. Mmps =  550 Ndav =  28 E =   -109.8246094025 Error = 5.76e-19 FLOPS = 2.78e+10 Tdav = 57.27 T = 87.79
 <-- Site =   78 .. Mmps =  550 Ndav =  22 E =   -109.8246119780 Error = 6.44e-19 FLOPS = 2.96e+10 Tdav = 42.34 T = 72.74
 <-- Site =   77 .. Mmps =  550 Ndav =  17 E =   -109.8246136028 Error = 1.46e-19 FLOPS = 3.10e+10 Tdav = 31.25 T = 62.08
 <-- Site =   76 .. Mmps =  550 Ndav =  16 E =   -109.8246151596 Error = 2.85e-20 FLOPS = 2.98e+10 Tdav = 30.54 T = 61.81
 <-- Site =   75 .. Mmps =  550 Ndav =  14 E =   -109.8246163018 Error = 3.71e-20 FLOPS = 3.13e+10 Tdav = 25.90 T = 57.82
 <-- Site =   74 .. Mmps =  550 Ndav =  13 E =   -109.8246170940 Error = 2.58e-20 FLOPS = 3.17e+10 Tdav = 23.32 T = 54.65
 <-- Site =   73 .. Mmps =  550 Ndav =  14 E =   -109.8246180862 Error = 6.79e-21 FLOPS = 3.25e+10 Tdav = 24.95 T = 56.41
 <-- Site =   72 .. Mmps =  550 Ndav =  12 E =   -109.8246198710 Error = 1.83e-18 FLOPS = 3.34e+10 Tdav = 20.77 T = 51.76
 <-- Site =   71 .. Mmps =  550 Ndav =  13 E =   -109.8246225585 Error = 3.71e-21 FLOPS = 3.32e+10 Tdav = 22.26 T = 52.78
 <-- Site =   70 .. Mmps =  550 Ndav =  18 E =   -109.8246268891 Error = 1.30e-20 FLOPS = 3.13e+10 Tdav = 32.68 T = 63.24
 <-- Site =   69 .. Mmps =  550 Ndav =  16 E =   -109.8246317378 Error = 4.55e-20 FLOPS = 3.21e+10 Tdav = 28.33 T = 58.87
 <-- Site =   68 .. Mmps =  550 Ndav =  21 E =   -109.8246424844 Error = 7.43e-19 FLOPS = 3.03e+10 Tdav = 39.40 T = 69.45
 <-- Site =   67 .. Mmps =  550 Ndav =  20 E =   -109.8246559370 Error = 2.47e-20 FLOPS = 3.06e+10 Tdav = 36.57 T = 66.10
 <-- Site =   66 .. Mmps =  550 Ndav =  27 E =   -109.8246812949 Error = 3.79e-20 FLOPS = 2.80e+10 Tdav = 53.81 T = 83.33
 <-- Site =   65 .. Mmps =  550 Ndav =  20 E =   -109.8246844853 Error = 8.41e-20 FLOPS = 3.06e+10 Tdav = 36.52 T = 65.58
 <-- Site =   64 .. Mmps =  550 Ndav =  17 E =   -109.8246856969 Error = 7.01e-20 FLOPS = 3.16e+10 Tdav = 29.56 T = 58.09
 <-- Site =   63 .. Mmps =  550 Ndav =  21 E =   -109.8246871315 Error = 7.99e-19 FLOPS = 3.02e+10 Tdav = 38.19 T = 66.68
 <-- Site =   62 .. Mmps =  550 Ndav =  12 E =   -109.8246878197 Error = 3.97e-20 FLOPS = 3.31e+10 Tdav = 19.93 T = 48.03
 <-- Site =   61 .. Mmps =  550 Ndav =  15 E =   -109.8246885032 Error = 1.52e-20 FLOPS = 3.20e+10 Tdav = 25.27 T = 52.81
 <-- Site =   60 .. Mmps =  550 Ndav =  12 E =   -109.8246890864 Error = 4.56e-20 FLOPS = 3.29e+10 Tdav = 19.65 T = 47.21
 <-- Site =   59 .. Mmps =  550 Ndav =  14 E =   -109.8246912257 Error = 7.03e-19 FLOPS = 3.24e+10 Tdav = 23.27 T = 50.35
 <-- Site =   58 .. Mmps =  550 Ndav =  17 E =   -109.8246938472 Error = 4.68e-21 FLOPS = 3.14e+10 Tdav = 28.64 T = 55.31
 <-- Site =   57 .. Mmps =  550 Ndav =  18 E =   -109.8246976126 Error = 2.35e-20 FLOPS = 3.09e+10 Tdav = 30.78 T = 57.40
 <-- Site =   56 .. Mmps =  550 Ndav =  18 E =   -109.8247028180 Error = 8.72e-21 FLOPS = 3.12e+10 Tdav = 30.50 T = 57.14
 <-- Site =   55 .. Mmps =  550 Ndav =  19 E =   -109.8247115050 Error = 1.13e-18 FLOPS = 3.07e+10 Tdav = 32.74 T = 59.16
 <-- Site =   54 .. Mmps =  550 Ndav =  22 E =   -109.8247241266 Error = 2.60e-20 FLOPS = 2.95e+10 Tdav = 38.72 T = 64.43
 <-- Site =   53 .. Mmps =  550 Ndav =  32 E =   -109.8247414549 Error = 1.12e-18 FLOPS = 2.56e+10 Tdav = 64.92 T = 90.24
 <-- Site =   52 .. Mmps =  550 Ndav =  32 E =   -109.8247479276 Error = 1.97e-19 FLOPS = 2.55e+10 Tdav = 64.01 T = 88.41
 <-- Site =   51 .. Mmps =  550 Ndav =  21 E =   -109.8247513826 Error = 5.65e-20 FLOPS = 2.97e+10 Tdav = 35.23 T = 58.78
 <-- Site =   50 .. Mmps =  550 Ndav =  19 E =   -109.8247578816 Error = 3.86e-20 FLOPS = 3.04e+10 Tdav = 30.57 T = 53.88
 <-- Site =   49 .. Mmps =  550 Ndav =  17 E =   -109.8247627659 Error = 2.04e-20 FLOPS = 3.13e+10 Tdav = 26.60 T = 49.29
 <-- Site =   48 .. Mmps =  550 Ndav =  17 E =   -109.8247687193 Error = 3.15e-20 FLOPS = 3.10e+10 Tdav = 26.31 T = 48.56
 <-- Site =   47 .. Mmps =  550 Ndav =  20 E =   -109.8247721709 Error = 1.76e-20 FLOPS = 2.99e+10 Tdav = 32.10 T = 53.86
 <-- Site =   46 .. Mmps =  550 Ndav =  16 E =   -109.8247779391 Error = 2.77e-18 FLOPS = 3.13e+10 Tdav = 23.96 T = 45.31
 <-- Site =   45 .. Mmps =  550 Ndav =  15 E =   -109.8247829485 Error = 1.00e-20 FLOPS = 3.17e+10 Tdav = 22.22 T = 43.19
 <-- Site =   44 .. Mmps =  550 Ndav =  22 E =   -109.8247979990 Error = 1.72e-20 FLOPS = 2.87e+10 Tdav = 35.25 T = 55.41
 <-- Site =   43 .. Mmps =  550 Ndav =  19 E =   -109.8248105641 Error = 6.73e-21 FLOPS = 2.85e+10 Tdav = 29.91 T = 49.61
 <-- Site =   42 .. Mmps =  550 Ndav =  22 E =   -109.8248377409 Error = 6.81e-19 FLOPS = 2.67e+10 Tdav = 37.08 T = 56.69
 <-- Site =   41 .. Mmps =  550 Ndav =  23 E =   -109.8248844952 Error = 2.43e-20 FLOPS = 2.53e+10 Tdav = 39.87 T = 58.77
 <-- Site =   40 .. Mmps =  550 Ndav =  30 E =   -109.8249361198 Error = 2.00e-19 FLOPS = 2.23e+10 Tdav = 57.81 T = 75.97
 <-- Site =   39 .. Mmps =  550 Ndav =  25 E =   -109.8249588633 Error = 2.46e-19 FLOPS = 2.56e+10 Tdav = 40.90 T = 58.46
 <-- Site =   38 .. Mmps =  550 Ndav =  27 E =   -109.8249722245 Error = 5.27e-19 FLOPS = 2.62e+10 Tdav = 42.25 T = 58.54
 <-- Site =   37 .. Mmps =  550 Ndav =  38 E =   -109.8249878632 Error = 7.30e-19 FLOPS = 2.11e+10 Tdav = 72.04 T = 87.69
 <-- Site =   36 .. Mmps =  550 Ndav =  23 E =   -109.8250029462 Error = 2.08e-19 FLOPS = 2.76e+10 Tdav = 32.43 T = 47.34
 <-- Site =   35 .. Mmps =  550 Ndav =  24 E =   -109.8250238854 Error = 7.79e-20 FLOPS = 2.69e+10 Tdav = 33.80 T = 48.18
 <-- Site =   34 .. Mmps =  550 Ndav =  26 E =   -109.8250385317 Error = 6.09e-20 FLOPS = 2.59e+10 Tdav = 37.15 T = 50.77
 <-- Site =   33 .. Mmps =  550 Ndav =  30 E =   -109.8250668300 Error = 7.21e-19 FLOPS = 2.37e+10 Tdav = 45.46 T = 58.43
 <-- Site =   32 .. Mmps =  550 Ndav =  33 E =   -109.8251119526 Error = 2.90e-19 FLOPS = 2.21e+10 Tdav = 52.25 T = 64.60
 <-- Site =   31 .. Mmps =  550 Ndav =  35 E =   -109.8251906848 Error = 1.45e-19 FLOPS = 2.09e+10 Tdav = 56.80 T = 68.44
 <-- Site =   30 .. Mmps =  550 Ndav =  31 E =   -109.8252387726 Error = 6.71e-20 FLOPS = 2.26e+10 Tdav = 45.26 T = 56.39
 <-- Site =   29 .. Mmps =  550 Ndav =  38 E =   -109.8253104937 Error = 4.39e-19 FLOPS = 1.91e+10 Tdav = 63.45 T = 74.06
 <-- Site =   28 .. Mmps =  550 Ndav =  41 E =   -109.8254296459 Error = 1.71e-18 FLOPS = 1.76e+10 Tdav = 72.05 T = 82.07
 <-- Site =   27 .. Mmps =  550 Ndav =  51 E =   -109.8255450736 Error = 1.89e-18 FLOPS = 1.43e+10 Tdav = 106.99 T = 116.37
 <-- Site =   26 .. Mmps =  550 Ndav =  43 E =   -109.8256764124 Error = 1.89e-18 FLOPS = 1.62e+10 Tdav = 76.61 T = 85.42
 <-- Site =   25 .. Mmps =  550 Ndav =  37 E =   -109.8257347649 Error = 4.75e-19 FLOPS = 1.83e+10 Tdav = 56.41 T = 64.70
 <-- Site =   24 .. Mmps =  550 Ndav =  37 E =   -109.8258261542 Error = 1.47e-19 FLOPS = 1.81e+10 Tdav = 55.13 T = 62.89
 <-- Site =   23 .. Mmps =  550 Ndav =  35 E =   -109.8259156830 Error = 2.74e-19 FLOPS = 1.86e+10 Tdav = 48.89 T = 56.30
 <-- Site =   22 .. Mmps =  550 Ndav =  39 E =   -109.8260793893 Error = 1.42e-19 FLOPS = 1.65e+10 Tdav = 59.03 T = 65.91
 <-- Site =   21 .. Mmps =  550 Ndav =  43 E =   -109.8263292320 Error = 8.05e-19 FLOPS = 1.46e+10 Tdav = 70.47 T = 76.89
 <-- Site =   20 .. Mmps =  550 Ndav =  59 E =   -109.8264841410 Error = 7.24e-19 FLOPS = 1.32e+10 Tdav = 102.87 T = 108.83
 <-- Site =   19 .. Mmps =  550 Ndav =  50 E =   -109.8266466451 Error = 2.49e-19 FLOPS = 1.16e+10 Tdav = 94.77 T = 100.36
 <-- Site =   18 .. Mmps =  550 Ndav =  50 E =   -109.8268203129 Error = 4.93e-19 FLOPS = 1.12e+10 Tdav = 93.27 T = 98.40
 <-- Site =   17 .. Mmps =  550 Ndav =  50 E =   -109.8269924708 Error = 3.11e-19 FLOPS = 1.09e+10 Tdav = 91.97 T = 96.73
 <-- Site =   16 .. Mmps =  550 Ndav =  61 E =   -109.8272224806 Error = 9.26e-19 FLOPS = 1.18e+10 Tdav = 97.93 T = 102.33
 <-- Site =   15 .. Mmps =  550 Ndav =  66 E =   -109.8275591027 Error = 3.60e-18 FLOPS = 1.04e+10 Tdav = 113.93 T = 117.99
 <-- Site =   14 .. Mmps =  550 Ndav =  54 E =   -109.8278992799 Error = 1.07e-18 FLOPS = 7.63e+09 Tdav = 120.14 T = 123.92
 <-- Site =   13 .. Mmps =  550 Ndav =  51 E =   -109.8282248541 Error = 1.76e-18 FLOPS = 8.40e+09 Tdav = 96.97 T = 100.43
 <-- Site =   12 .. Mmps =  550 Ndav =  51 E =   -109.8284534778 Error = 3.17e-17 FLOPS = 8.96e+09 Tdav = 85.21 T = 88.26
 <-- Site =   11 .. Mmps =  550 Ndav =  49 E =   -109.8286113778 Error = 1.70e-17 FLOPS = 8.61e+09 Tdav = 79.55 T = 82.30
 <-- Site =   10 .. Mmps =  550 Ndav =  38 E =   -109.8286387717 Error = 1.56e-17 FLOPS = 1.14e+10 Tdav = 43.15 T = 45.66
 <-- Site =    9 .. Mmps =  550 Ndav =  12 E =   -109.8286391521 Error = 9.00e-22 FLOPS = 2.64e+10 Tdav = 4.83 T = 6.99
 <-- Site =    8 .. Mmps =  550 Ndav =   1 E =   -109.8286391521 Error = 4.52e-32 FLOPS = 2.21e+10 Tdav = 0.15 T = 1.41
 <-- Site =    7 .. Mmps =  550 Ndav =   1 E =   -109.8286391521 Error = 3.74e-54 FLOPS = 1.96e+10 Tdav = 0.06 T = 1.07
 <-- Site =    6 .. Mmps =  550 Ndav =   1 E =   -109.8286391521 Error = 3.41e-74 FLOPS = 1.80e+10 Tdav = 0.02 T = 0.91
 <-- Site =    5 .. Mmps =  550 Ndav =   1 E =   -109.8286391521 Error = 2.31e-94 FLOPS = 1.48e+10 Tdav = 0.01 T = 0.82
 <-- Site =    4 .. Mmps =  550 Ndav =   1 E =   -109.8286391521 Error = 5.06e-107 FLOPS = 1.16e+10 Tdav = 0.01 T = 0.76
 <-- Site =    3 .. Mmps =  545 Ndav =   1 E =   -109.8286391521 Error = 0.00e+00 FLOPS = 8.54e+09 Tdav = 0.00 T = 0.68
 <-- Site =    2 .. Mmps =  547 Ndav =   1 E =   -109.8286391521 Error = 0.00e+00 FLOPS = 5.60e+09 Tdav = 0.00 T = 0.65
 <-- Site =    1 .. Mmps =  549 Ndav =   1 E =   -109.8286391521 Error = 0.00e+00 FLOPS = 3.38e+09 Tdav = 0.00 T = 0.60
 <-- Site =    0 .. Mmps =  546 Ndav =   1 E =   -109.8286391521 Error = 0.00e+00 FLOPS = 2.25e+09 Tdav = 0.00 T = 0.58
Time elapsed =  26511.420 | E =    -109.8286391521 | DE = -2.63e-02 | DW = 3.16559e-17
Time sweep =    10394.846 | 142 TFLOP/SWP
 | Dmem = 141 MB (3%) | Imem = 232 B (79%) | Hmem = 672 MB | Wmem = 4.62 MB | Pmem = 0 B
 | Tread = 124.945 | Twrite = 31.979 | Tfpread = 123.717 | Tfpwrite = 19.723 | Tmporead = 0.000 | Tasync = 0.000
 | data = 14.8 GB | cpsd = 9.96 GB
 | Trot = 190.256 | Tctr = 187.721 | Tint = 0.008 | Tmid = 0.000 | Tdctr = 0.010 | Tdiag = 1.815 | Tinfo = 2.347
 | Teff = 2369.534 | Tprt = 0.000 | Teig = 7493.538 | Tblk = 9923.458 | Tmve = 471.373 | Tdm = 2.917 | Tsplt = 42.087 | Tsvd = 0.000 | Torth = 0.000

Sweep =    9 | Direction =  forward | Bond dimension =  550 | Noise =  0.00e+00 | Dav threshold =  1.00e-08
 --> Site =    0 .. Mmps =    2 Ndav =   1 E =   -109.8286391521 Error = 0.00e+00 FLOPS = 2.31e+09 Tdav = 0.00 T = 0.02
 --> Site =    1 .. Mmps =    4 Ndav =   1 E =   -109.8286391521 Error = 0.00e+00 FLOPS = 3.43e+09 Tdav = 0.00 T = 0.04
 --> Site =    2 .. Mmps =    8 Ndav =   1 E =   -109.8286391521 Error = 0.00e+00 FLOPS = 5.24e+09 Tdav = 0.00 T = 0.05
 --> Site =    3 .. Mmps =   16 Ndav =   1 E =   -109.8286391521 Error = 0.00e+00 FLOPS = 8.59e+09 Tdav = 0.00 T = 0.06
 --> Site =    4 .. Mmps =   32 Ndav =   1 E =   -109.8286391521 Error = 0.00e+00 FLOPS = 1.18e+10 Tdav = 0.01 T = 0.06
 --> Site =    5 .. Mmps =   64 Ndav =   1 E =   -109.8286391521 Error = 0.00e+00 FLOPS = 1.48e+10 Tdav = 0.01 T = 0.08
 --> Site =    6 .. Mmps =  128 Ndav =   1 E =   -109.8286391521 Error = 0.00e+00 FLOPS = 1.78e+10 Tdav = 0.02 T = 0.11
 --> Site =    7 .. Mmps =  256 Ndav =   1 E =   -109.8286391521 Error = 0.00e+00 FLOPS = 1.94e+10 Tdav = 0.06 T = 0.20
 --> Site =    8 .. Mmps =  512 Ndav =   1 E =   -109.8286391521 Error = 0.00e+00 FLOPS = 2.21e+10 Tdav = 0.15 T = 0.53
 --> Site =    9 .. Mmps =  550 Ndav =   1 E =   -109.8286391521 Error = 1.52e-25 FLOPS = 2.61e+10 Tdav = 0.41 T = 1.91
 --> Site =   10 .. Mmps =  550 Ndav =   1 E =   -109.8286391521 Error = 4.15e-23 FLOPS = 2.70e+10 Tdav = 0.48 T = 2.64
 --> Site =   11 .. Mmps =  550 Ndav =   3 E =   -109.8286391533 Error = 2.21e-21 FLOPS = 2.97e+10 Tdav = 1.41 T = 3.85
 --> Site =   12 .. Mmps =  550 Ndav =  10 E =   -109.8286393786 Error = 2.25e-20 FLOPS = 2.94e+10 Tdav = 5.10 T = 7.77
 --> Site =   13 .. Mmps =  550 Ndav =  18 E =   -109.8286402397 Error = 3.44e-19 FLOPS = 2.42e+10 Tdav = 11.87 T = 14.78
 --> Site =   14 .. Mmps =  550 Ndav =  28 E =   -109.8286430103 Error = 3.76e-19 FLOPS = 1.84e+10 Tdav = 25.84 T = 29.08
 --> Site =   15 .. Mmps =  550 Ndav =  39 E =   -109.8286499681 Error = 7.73e-19 FLOPS = 1.37e+10 Tdav = 51.18 T = 54.71
 --> Site =   16 .. Mmps =  550 Ndav =  43 E =   -109.8286587467 Error = 1.94e-18 FLOPS = 1.27e+10 Tdav = 64.46 T = 68.29
 --> Site =   17 .. Mmps =  550 Ndav =  35 E =   -109.8286641467 Error = 3.31e-18 FLOPS = 1.63e+10 Tdav = 42.89 T = 47.06
 --> Site =   18 .. Mmps =  550 Ndav =  32 E =   -109.8286679827 Error = 2.49e-18 FLOPS = 1.82e+10 Tdav = 36.94 T = 41.48
 --> Site =   19 .. Mmps =  550 Ndav =  36 E =   -109.8286755762 Error = 1.07e-18 FLOPS = 1.67e+10 Tdav = 47.40 T = 52.29
 --> Site =   20 .. Mmps =  550 Ndav =  42 E =   -109.8286845172 Error = 9.16e-19 FLOPS = 1.46e+10 Tdav = 66.00 T = 71.31
 --> Site =   21 .. Mmps =  550 Ndav =  20 E =   -109.8286891069 Error = 1.42e-18 FLOPS = 2.61e+10 Tdav = 18.39 T = 24.11
 --> Site =   22 .. Mmps =  550 Ndav =  19 E =   -109.8286914701 Error = 9.50e-19 FLOPS = 2.65e+10 Tdav = 17.86 T = 24.02
 --> Site =   23 .. Mmps =  550 Ndav =  20 E =   -109.8286948152 Error = 1.44e-18 FLOPS = 2.65e+10 Tdav = 19.55 T = 26.14
 --> Site =   24 .. Mmps =  550 Ndav =  20 E =   -109.8286972294 Error = 7.51e-19 FLOPS = 2.69e+10 Tdav = 20.05 T = 27.12
 --> Site =   25 .. Mmps =  550 Ndav =  19 E =   -109.8287002173 Error = 9.40e-19 FLOPS = 2.75e+10 Tdav = 19.31 T = 26.77
 --> Site =   26 .. Mmps =  550 Ndav =  15 E =   -109.8287017442 Error = 2.25e-19 FLOPS = 2.96e+10 Tdav = 14.66 T = 22.60
 --> Site =   27 .. Mmps =  550 Ndav =  21 E =   -109.8287042576 Error = 1.58e-18 FLOPS = 2.70e+10 Tdav = 23.31 T = 31.76
 --> Site =   28 .. Mmps =  550 Ndav =  19 E =   -109.8287068557 Error = 9.73e-19 FLOPS = 2.82e+10 Tdav = 20.88 T = 29.92
 --> Site =   29 .. Mmps =  550 Ndav =  24 E =   -109.8287111883 Error = 1.09e-18 FLOPS = 2.58e+10 Tdav = 29.74 T = 39.23
 --> Site =   30 .. Mmps =  550 Ndav =  20 E =   -109.8287136133 Error = 1.16e-18 FLOPS = 2.79e+10 Tdav = 23.65 T = 33.64
 --> Site =   31 .. Mmps =  550 Ndav =  15 E =   -109.8287150259 Error = 2.64e-18 FLOPS = 3.04e+10 Tdav = 16.73 T = 27.22
 --> Site =   32 .. Mmps =  550 Ndav =  17 E =   -109.8287166298 Error = 8.83e-19 FLOPS = 2.99e+10 Tdav = 19.89 T = 30.99
 --> Site =   33 .. Mmps =  550 Ndav =  15 E =   -109.8287179971 Error = 4.74e-19 FLOPS = 3.08e+10 Tdav = 17.50 T = 29.26
 --> Site =   34 .. Mmps =  550 Ndav =  17 E =   -109.8287189879 Error = 3.66e-19 FLOPS = 2.98e+10 Tdav = 21.05 T = 33.34
 --> Site =   35 .. Mmps =  550 Ndav =  16 E =   -109.8287196791 Error = 7.75e-19 FLOPS = 3.04e+10 Tdav = 20.00 T = 32.92
 --> Site =   36 .. Mmps =  550 Ndav =  19 E =   -109.8287210721 Error = 1.51e-19 FLOPS = 2.93e+10 Tdav = 25.29 T = 38.82
 --> Site =   37 .. Mmps =  550 Ndav =  16 E =   -109.8287219064 Error = 9.93e-20 FLOPS = 3.06e+10 Tdav = 20.88 T = 35.01
 --> Site =   38 .. Mmps =  550 Ndav =  16 E =   -109.8287226960 Error = 5.78e-19 FLOPS = 3.08e+10 Tdav = 21.24 T = 36.04
 --> Site =   39 .. Mmps =  550 Ndav =  12 E =   -109.8287230814 Error = 2.39e-19 FLOPS = 3.27e+10 Tdav = 15.38 T = 30.94
 --> Site =   40 .. Mmps =  550 Ndav =  15 E =   -109.8287239044 Error = 5.01e-19 FLOPS = 3.16e+10 Tdav = 20.36 T = 36.68
 --> Site =   41 .. Mmps =  550 Ndav =  14 E =   -109.8287246284 Error = 3.57e-19 FLOPS = 3.19e+10 Tdav = 19.29 T = 36.17
 --> Site =   42 .. Mmps =  550 Ndav =  16 E =   -109.8287259637 Error = 1.36e-19 FLOPS = 3.12e+10 Tdav = 23.01 T = 40.61
 --> Site =   43 .. Mmps =  550 Ndav =  14 E =   -109.8287267797 Error = 4.88e-19 FLOPS = 3.20e+10 Tdav = 19.67 T = 37.71
 --> Site =   44 .. Mmps =  550 Ndav =  15 E =   -109.8287274929 Error = 2.19e-18 FLOPS = 3.17e+10 Tdav = 21.71 T = 40.09
 --> Site =   45 .. Mmps =  550 Ndav =  15 E =   -109.8287284712 Error = 1.08e-19 FLOPS = 3.16e+10 Tdav = 22.26 T = 41.49
 --> Site =   46 .. Mmps =  550 Ndav =  19 E =   -109.8287298049 Error = 1.63e-20 FLOPS = 3.02e+10 Tdav = 29.54 T = 49.11
 --> Site =   47 .. Mmps =  550 Ndav =  18 E =   -109.8287306784 Error = 1.18e-19 FLOPS = 3.06e+10 Tdav = 28.19 T = 48.07
 --> Site =   48 .. Mmps =  550 Ndav =  15 E =   -109.8287311259 Error = 6.07e-19 FLOPS = 3.18e+10 Tdav = 22.61 T = 42.83
 --> Site =   49 .. Mmps =  550 Ndav =  15 E =   -109.8287316940 Error = 6.57e-20 FLOPS = 3.19e+10 Tdav = 23.03 T = 43.73
 --> Site =   50 .. Mmps =  550 Ndav =  14 E =   -109.8287319206 Error = 1.52e-19 FLOPS = 3.22e+10 Tdav = 21.25 T = 42.35
 --> Site =   51 .. Mmps =  550 Ndav =  14 E =   -109.8287321640 Error = 6.39e-20 FLOPS = 3.23e+10 Tdav = 21.66 T = 43.16
 --> Site =   52 .. Mmps =  550 Ndav =  10 E =   -109.8287322774 Error = 8.37e-20 FLOPS = 3.31e+10 Tdav = 15.38 T = 37.77
 --> Site =   53 .. Mmps =  550 Ndav =  11 E =   -109.8287324956 Error = 1.18e-19 FLOPS = 3.23e+10 Tdav = 17.67 T = 41.01
 --> Site =   54 .. Mmps =  550 Ndav =   9 E =   -109.8287326055 Error = 2.63e-19 FLOPS = 3.24e+10 Tdav = 14.42 T = 38.36
 --> Site =   55 .. Mmps =  550 Ndav =  11 E =   -109.8287328867 Error = 1.84e-19 FLOPS = 3.16e+10 Tdav = 18.40 T = 42.56
 --> Site =   56 .. Mmps =  550 Ndav =  10 E =   -109.8287330943 Error = 1.02e-19 FLOPS = 3.22e+10 Tdav = 16.41 T = 41.07
 --> Site =   57 .. Mmps =  550 Ndav =  12 E =   -109.8287332608 Error = 1.31e-18 FLOPS = 3.08e+10 Tdav = 20.61 T = 46.14
 --> Site =   58 .. Mmps =  550 Ndav =   9 E =   -109.8287333895 Error = 2.22e-20 FLOPS = 3.32e+10 Tdav = 14.34 T = 39.36
 --> Site =   59 .. Mmps =  550 Ndav =  11 E =   -109.8287336128 Error = 2.61e-21 FLOPS = 3.33e+10 Tdav = 17.80 T = 43.14
 --> Site =   60 .. Mmps =  550 Ndav =  13 E =   -109.8287339637 Error = 4.82e-20 FLOPS = 3.27e+10 Tdav = 21.44 T = 47.22
 --> Site =   61 .. Mmps =  550 Ndav =  13 E =   -109.8287342594 Error = 6.20e-19 FLOPS = 3.26e+10 Tdav = 21.49 T = 47.25
 --> Site =   62 .. Mmps =  550 Ndav =  15 E =   -109.8287347456 Error = 3.36e-20 FLOPS = 3.23e+10 Tdav = 25.51 T = 51.69
 --> Site =   63 .. Mmps =  550 Ndav =  13 E =   -109.8287349828 Error = 4.19e-20 FLOPS = 3.27e+10 Tdav = 21.81 T = 48.60
 --> Site =   64 .. Mmps =  550 Ndav =  11 E =   -109.8287351113 Error = 1.45e-19 FLOPS = 3.31e+10 Tdav = 18.27 T = 44.91
 --> Site =   65 .. Mmps =  550 Ndav =   8 E =   -109.8287351694 Error = 1.01e-19 FLOPS = 3.37e+10 Tdav = 13.26 T = 40.29
 --> Site =   66 .. Mmps =  550 Ndav =  10 E =   -109.8287352694 Error = 1.08e-19 FLOPS = 3.37e+10 Tdav = 16.61 T = 44.25
 --> Site =   67 .. Mmps =  550 Ndav =   8 E =   -109.8287353474 Error = 2.02e-19 FLOPS = 3.41e+10 Tdav = 13.11 T = 40.69
 --> Site =   68 .. Mmps =  550 Ndav =   9 E =   -109.8287354955 Error = 5.80e-20 FLOPS = 3.39e+10 Tdav = 15.11 T = 43.13
 --> Site =   69 .. Mmps =  550 Ndav =   8 E =   -109.8287356327 Error = 1.10e-19 FLOPS = 3.40e+10 Tdav = 13.38 T = 41.90
 --> Site =   70 .. Mmps =  550 Ndav =   9 E =   -109.8287357420 Error = 1.38e-19 FLOPS = 3.38e+10 Tdav = 15.16 T = 43.62
 --> Site =   71 .. Mmps =  550 Ndav =   8 E =   -109.8287358616 Error = 1.94e-20 FLOPS = 3.38e+10 Tdav = 13.46 T = 41.90
 --> Site =   72 .. Mmps =  550 Ndav =  10 E =   -109.8287360483 Error = 1.73e-20 FLOPS = 3.33e+10 Tdav = 17.37 T = 46.21
 --> Site =   73 .. Mmps =  550 Ndav =  12 E =   -109.8287363398 Error = 3.08e-20 FLOPS = 3.32e+10 Tdav = 20.92 T = 50.25
 --> Site =   74 .. Mmps =  550 Ndav =  11 E =   -109.8287364993 Error = 4.29e-19 FLOPS = 3.34e+10 Tdav = 18.76 T = 47.86
 --> Site =   75 .. Mmps =  550 Ndav =  12 E =   -109.8287366663 Error = 4.96e-20 FLOPS = 3.31e+10 Tdav = 20.99 T = 49.87
 --> Site =   76 .. Mmps =  550 Ndav =  12 E =   -109.8287367553 Error = 7.21e-20 FLOPS = 3.30e+10 Tdav = 20.68 T = 49.37
 --> Site =   77 .. Mmps =  550 Ndav =  10 E =   -109.8287368189 Error = 1.97e-19 FLOPS = 3.34e+10 Tdav = 17.01 T = 45.47
 --> Site =   78 .. Mmps =  550 Ndav =   8 E =   -109.8287368550 Error = 3.76e-19 FLOPS = 3.39e+10 Tdav = 13.44 T = 41.78
 --> Site =   79 .. Mmps =  550 Ndav =   7 E =   -109.8287369060 Error = 1.30e-19 FLOPS = 3.40e+10 Tdav = 11.70 T = 40.18
 --> Site =   80 .. Mmps =  550 Ndav =   7 E =   -109.8287369395 Error = 1.52e-19 FLOPS = 3.42e+10 Tdav = 11.63 T = 40.13
 --> Site =   81 .. Mmps =  550 Ndav =   7 E =   -109.8287369967 Error = 2.48e-20 FLOPS = 3.44e+10 Tdav = 11.79 T = 40.69
 --> Site =   82 .. Mmps =  550 Ndav =  11 E =   -109.8287370654 Error = 5.26e-20 FLOPS = 3.35e+10 Tdav = 18.99 T = 48.49
 --> Site =   83 .. Mmps =  550 Ndav =  17 E =   -109.8287371772 Error = 6.21e-19 FLOPS = 3.17e+10 Tdav = 30.52 T = 59.43
 --> Site =   84 .. Mmps =  550 Ndav =   7 E =   -109.8287372265 Error = 2.64e-20 FLOPS = 3.43e+10 Tdav = 11.60 T = 39.97
 --> Site =   85 .. Mmps =  550 Ndav =   8 E =   -109.8287372985 Error = 2.31e-21 FLOPS = 3.40e+10 Tdav = 13.61 T = 42.45
 --> Site =   86 .. Mmps =  550 Ndav =  10 E =   -109.8287373991 Error = 2.39e-20 FLOPS = 3.34e+10 Tdav = 17.34 T = 46.77
 --> Site =   87 .. Mmps =  550 Ndav =  19 E =   -109.8287375725 Error = 9.70e-19 FLOPS = 3.10e+10 Tdav = 34.83 T = 63.82
 --> Site =   88 .. Mmps =  550 Ndav =  11 E =   -109.8287376777 Error = 1.26e-20 FLOPS = 3.35e+10 Tdav = 18.69 T = 47.24
 --> Site =   89 .. Mmps =  550 Ndav =  11 E =   -109.8287377699 Error = 4.77e-20 FLOPS = 3.32e+10 Tdav = 18.87 T = 47.32
 --> Site =   90 .. Mmps =  550 Ndav =  10 E =   -109.8287378475 Error = 3.80e-19 FLOPS = 3.34e+10 Tdav = 17.03 T = 45.42
 --> Site =   91 .. Mmps =  550 Ndav =   8 E =   -109.8287378824 Error = 4.53e-20 FLOPS = 3.40e+10 Tdav = 13.37 T = 41.90
 --> Site =   92 .. Mmps =  550 Ndav =  10 E =   -109.8287379415 Error = 3.82e-20 FLOPS = 3.38e+10 Tdav = 16.55 T = 44.56
 --> Site =   93 .. Mmps =  550 Ndav =   6 E =   -109.8287379756 Error = 1.93e-19 FLOPS = 3.45e+10 Tdav = 9.89 T = 37.97
 --> Site =   94 .. Mmps =  550 Ndav =   8 E =   -109.8287380542 Error = 5.18e-20 FLOPS = 3.43e+10 Tdav = 13.52 T = 42.54
 --> Site =   95 .. Mmps =  550 Ndav =   7 E =   -109.8287381351 Error = 2.23e-20 FLOPS = 3.43e+10 Tdav = 11.80 T = 41.09
 --> Site =   96 .. Mmps =  550 Ndav =   9 E =   -109.8287382298 Error = 1.34e-19 FLOPS = 3.38e+10 Tdav = 15.14 T = 44.14
 --> Site =   97 .. Mmps =  550 Ndav =   7 E =   -109.8287383103 Error = 1.94e-20 FLOPS = 3.41e+10 Tdav = 11.47 T = 39.51
 --> Site =   98 .. Mmps =  550 Ndav =   9 E =   -109.8287384287 Error = 1.27e-21 FLOPS = 3.23e+10 Tdav = 15.85 T = 44.06
 --> Site =   99 .. Mmps =  550 Ndav =  11 E =   -109.8287386228 Error = 1.73e-20 FLOPS = 3.18e+10 Tdav = 19.68 T = 48.18
 --> Site =  100 .. Mmps =  550 Ndav =  13 E =   -109.8287387964 Error = 7.65e-20 FLOPS = 3.08e+10 Tdav = 23.58 T = 51.84
 --> Site =  101 .. Mmps =  550 Ndav =  12 E =   -109.8287389956 Error = 2.83e-20 FLOPS = 3.15e+10 Tdav = 21.32 T = 49.05
 --> Site =  102 .. Mmps =  550 Ndav =  12 E =   -109.8287390837 Error = 1.31e-19 FLOPS = 3.15e+10 Tdav = 21.27 T = 49.16
 --> Site =  103 .. Mmps =  550 Ndav =  10 E =   -109.8287391295 Error = 1.34e-19 FLOPS = 3.37e+10 Tdav = 16.30 T = 43.53
 --> Site =  104 .. Mmps =  550 Ndav =   7 E =   -109.8287391582 Error = 5.12e-20 FLOPS = 3.44e+10 Tdav = 10.97 T = 37.20
 --> Site =  105 .. Mmps =  550 Ndav =   8 E =   -109.8287392062 Error = 1.75e-19 FLOPS = 3.41e+10 Tdav = 12.64 T = 38.54
 --> Site =  106 .. Mmps =  550 Ndav =   7 E =   -109.8287392304 Error = 1.83e-19 FLOPS = 3.43e+10 Tdav = 10.99 T = 36.85
 --> Site =  107 .. Mmps =  550 Ndav =   8 E =   -109.8287392833 Error = 9.92e-21 FLOPS = 3.41e+10 Tdav = 12.66 T = 38.44
 --> Site =  108 .. Mmps =  550 Ndav =  15 E =   -109.8287393948 Error = 7.71e-20 FLOPS = 3.21e+10 Tdav = 25.17 T = 50.88
 --> Site =  109 .. Mmps =  550 Ndav =  14 E =   -109.8287394684 Error = 6.38e-20 FLOPS = 3.23e+10 Tdav = 22.90 T = 48.21
 --> Site =  110 .. Mmps =  550 Ndav =   6 E =   -109.8287395031 Error = 1.22e-20 FLOPS = 3.39e+10 Tdav = 9.37 T = 34.11
 --> Site =  111 .. Mmps =  550 Ndav =   8 E =   -109.8287395652 Error = 2.72e-20 FLOPS = 3.39e+10 Tdav = 12.48 T = 37.17
 --> Site =  112 .. Mmps =  550 Ndav =  12 E =   -109.8287397043 Error = 1.33e-20 FLOPS = 3.27e+10 Tdav = 19.41 T = 44.28
 --> Site =  113 .. Mmps =  550 Ndav =  13 E =   -109.8287398064 Error = 1.00e-19 FLOPS = 3.24e+10 Tdav = 20.84 T = 45.26
 --> Site =  114 .. Mmps =  550 Ndav =   9 E =   -109.8287398802 Error = 1.03e-20 FLOPS = 3.36e+10 Tdav = 13.92 T = 37.95
 --> Site =  115 .. Mmps =  550 Ndav =  10 E =   -109.8287399580 Error = 3.01e-20 FLOPS = 3.33e+10 Tdav = 15.31 T = 38.89
 --> Site =  116 .. Mmps =  550 Ndav =  10 E =   -109.8287400253 Error = 9.16e-20 FLOPS = 3.34e+10 Tdav = 14.96 T = 37.82
 --> Site =  117 .. Mmps =  550 Ndav =   8 E =   -109.8287400623 Error = 6.61e-20 FLOPS = 3.36e+10 Tdav = 11.66 T = 33.60
 --> Site =  118 .. Mmps =  550 Ndav =   9 E =   -109.8287401337 Error = 3.37e-19 FLOPS = 3.37e+10 Tdav = 13.06 T = 34.60
 --> Site =  119 .. Mmps =  550 Ndav =   7 E =   -109.8287401731 Error = 1.67e-19 FLOPS = 3.40e+10 Tdav = 9.85 T = 31.06
 --> Site =  120 .. Mmps =  550 Ndav =   8 E =   -109.8287402630 Error = 7.80e-20 FLOPS = 3.37e+10 Tdav = 11.36 T = 32.19
 --> Site =  121 .. Mmps =  550 Ndav =   8 E =   -109.8287403404 Error = 2.31e-19 FLOPS = 3.35e+10 Tdav = 11.20 T = 31.52
 --> Site =  122 .. Mmps =  550 Ndav =   9 E =   -109.8287404482 Error = 1.57e-19 FLOPS = 3.31e+10 Tdav = 12.47 T = 32.01
 --> Site =  123 .. Mmps =  550 Ndav =   9 E =   -109.8287405715 Error = 2.25e-20 FLOPS = 3.32e+10 Tdav = 12.44 T = 31.59
 --> Site =  124 .. Mmps =  550 Ndav =  12 E =   -109.8287408114 Error = 6.18e-20 FLOPS = 3.25e+10 Tdav = 16.57 T = 35.36
 --> Site =  125 .. Mmps =  550 Ndav =  14 E =   -109.8287410968 Error = 9.60e-20 FLOPS = 3.19e+10 Tdav = 19.69 T = 38.28
 --> Site =  126 .. Mmps =  550 Ndav =  15 E =   -109.8287414054 Error = 1.47e-19 FLOPS = 3.15e+10 Tdav = 20.94 T = 39.08
 --> Site =  127 .. Mmps =  550 Ndav =  11 E =   -109.8287416262 Error = 4.58e-20 FLOPS = 3.29e+10 Tdav = 14.35 T = 31.72
 --> Site =  128 .. Mmps =  550 Ndav =  13 E =   -109.8287419716 Error = 2.07e-19 FLOPS = 3.21e+10 Tdav = 16.97 T = 33.74
 --> Site =  129 .. Mmps =  550 Ndav =  13 E =   -109.8287424661 Error = 5.31e-19 FLOPS = 3.18e+10 Tdav = 16.72 T = 32.70
 --> Site =  130 .. Mmps =  550 Ndav =  12 E =   -109.8287428928 Error = 4.28e-20 FLOPS = 3.18e+10 Tdav = 15.07 T = 30.27
 --> Site =  131 .. Mmps =  550 Ndav =  12 E =   -109.8287433480 Error = 3.60e-19 FLOPS = 3.24e+10 Tdav = 14.43 T = 29.08
 --> Site =  132 .. Mmps =  550 Ndav =  15 E =   -109.8287438915 Error = 1.36e-19 FLOPS = 3.11e+10 Tdav = 18.29 T = 32.35
 --> Site =  133 .. Mmps =  550 Ndav =  15 E =   -109.8287447353 Error = 6.01e-19 FLOPS = 3.08e+10 Tdav = 17.98 T = 31.33
 --> Site =  134 .. Mmps =  550 Ndav =  18 E =   -109.8287457218 Error = 4.62e-19 FLOPS = 2.92e+10 Tdav = 22.12 T = 34.79
 --> Site =  135 .. Mmps =  550 Ndav =  15 E =   -109.8287466045 Error = 7.02e-19 FLOPS = 3.05e+10 Tdav = 17.17 T = 29.23
 --> Site =  136 .. Mmps =  550 Ndav =  14 E =   -109.8287473449 Error = 2.92e-19 FLOPS = 3.10e+10 Tdav = 15.32 T = 26.85
 --> Site =  137 .. Mmps =  550 Ndav =  14 E =   -109.8287486758 Error = 4.17e-20 FLOPS = 3.06e+10 Tdav = 15.05 T = 25.95
 --> Site =  138 .. Mmps =  550 Ndav =  16 E =   -109.8287504231 Error = 7.70e-19 FLOPS = 2.98e+10 Tdav = 17.17 T = 27.57
 --> Site =  139 .. Mmps =  550 Ndav =  17 E =   -109.8287525154 Error = 7.92e-19 FLOPS = 2.92e+10 Tdav = 18.00 T = 27.80
 --> Site =  140 .. Mmps =  550 Ndav =  16 E =   -109.8287547219 Error = 3.81e-19 FLOPS = 2.96e+10 Tdav = 16.19 T = 25.57
 --> Site =  141 .. Mmps =  550 Ndav =  19 E =   -109.8287578475 Error = 3.11e-19 FLOPS = 2.76e+10 Tdav = 19.95 T = 28.75
 --> Site =  142 .. Mmps =  550 Ndav =  23 E =   -109.8287613925 Error = 3.37e-18 FLOPS = 2.53e+10 Tdav = 25.38 T = 33.62
 --> Site =  143 .. Mmps =  550 Ndav =  16 E =   -109.8287624109 Error = 1.98e-18 FLOPS = 2.90e+10 Tdav = 14.86 T = 22.65
 --> Site =  144 .. Mmps =  550 Ndav =  21 E =   -109.8287670306 Error = 1.01e-18 FLOPS = 2.60e+10 Tdav = 20.95 T = 28.29
 --> Site =  145 .. Mmps =  550 Ndav =  24 E =   -109.8287729318 Error = 1.25e-18 FLOPS = 2.39e+10 Tdav = 25.02 T = 31.91
 --> Site =  146 .. Mmps =  550 Ndav =  27 E =   -109.8287803539 Error = 6.83e-19 FLOPS = 2.19e+10 Tdav = 29.57 T = 36.00
 --> Site =  147 .. Mmps =  550 Ndav =  23 E =   -109.8287867254 Error = 6.16e-19 FLOPS = 2.40e+10 Tdav = 21.98 T = 28.06
 --> Site =  148 .. Mmps =  550 Ndav =  26 E =   -109.8287960917 Error = 1.31e-18 FLOPS = 2.19e+10 Tdav = 26.12 T = 31.80
 --> Site =  149 .. Mmps =  550 Ndav =  26 E =   -109.8288083861 Error = 4.69e-19 FLOPS = 2.13e+10 Tdav = 25.58 T = 30.78
 --> Site =  150 .. Mmps =  550 Ndav =  46 E =   -109.8288339266 Error = 6.22e-19 FLOPS = 1.21e+10 Tdav = 76.09 T = 80.88
 --> Site =  151 .. Mmps =  550 Ndav =  42 E =   -109.8288691580 Error = 1.34e-18 FLOPS = 1.29e+10 Tdav = 61.79 T = 66.25
 --> Site =  152 .. Mmps =  550 Ndav =  41 E =   -109.8289067061 Error = 2.57e-18 FLOPS = 1.29e+10 Tdav = 57.15 T = 61.23
 --> Site =  153 .. Mmps =  550 Ndav =  41 E =   -109.8289540955 Error = 5.29e-18 FLOPS = 1.16e+10 Tdav = 60.21 T = 64.05
 --> Site =  154 .. Mmps =  550 Ndav =  44 E =   -109.8290099734 Error = 9.58e-19 FLOPS = 1.02e+10 Tdav = 68.83 T = 72.29
 --> Site =  155 .. Mmps =  550 Ndav =  40 E =   -109.8290678337 Error = 1.67e-17 FLOPS = 1.11e+10 Tdav = 54.17 T = 57.36
 --> Site =  156 .. Mmps =  550 Ndav =  34 E =   -109.8291002297 Error = 1.76e-18 FLOPS = 1.21e+10 Tdav = 39.19 T = 42.13
 --> Site =  157 .. Mmps =  550 Ndav =  24 E =   -109.8291098732 Error = 9.10e-18 FLOPS = 1.71e+10 Tdav = 18.19 T = 20.84
 --> Site =  158 .. Mmps =  550 Ndav =  12 E =   -109.8291106457 Error = 2.12e-18 FLOPS = 2.67e+10 Tdav = 5.39 T = 7.83
 --> Site =  159 .. Mmps =  550 Ndav =   4 E =   -109.8291106500 Error = 3.45e-22 FLOPS = 2.73e+10 Tdav = 1.47 T = 3.66
 --> Site =  160 .. Mmps =  550 Ndav =   1 E =   -109.8291106500 Error = 1.85e-32 FLOPS = 2.28e+10 Tdav = 0.17 T = 1.94
 --> Site =  161 .. Mmps =  550 Ndav =   1 E =   -109.8291106500 Error = 6.92e-56 FLOPS = 2.14e+10 Tdav = 0.07 T = 1.63
 --> Site =  162 .. Mmps =  550 Ndav =   1 E =   -109.8291106500 Error = 9.27e-81 FLOPS = 2.11e+10 Tdav = 0.03 T = 1.39
 --> Site =  163 .. Mmps =  550 Ndav =   1 E =   -109.8291106500 Error = 9.82e-106 FLOPS = 1.69e+10 Tdav = 0.02 T = 1.21
 --> Site =  164 .. Mmps =  550 Ndav =   1 E =   -109.8291106500 Error = 2.69e-129 FLOPS = 1.37e+10 Tdav = 0.01 T = 1.04
 --> Site =  165 .. Mmps =  550 Ndav =   1 E =   -109.8291106500 Error = 6.43e-147 FLOPS = 8.05e+09 Tdav = 0.01 T = 0.90
 --> Site =  166 .. Mmps =  550 Ndav =   1 E =   -109.8291106500 Error = 2.15e-167 FLOPS = 4.55e+09 Tdav = 0.00 T = 0.72
 --> Site =  167 .. Mmps =  550 Ndav =   1 E =   -109.8291106500 Error = 8.90e-190 FLOPS = 2.59e+09 Tdav = 0.00 T = 0.54
 --> Site =  168 .. Mmps =  547 Ndav =   1 E =   -109.8291106500 Error = 0.00e+00 FLOPS = 2.03e+09 Tdav = 0.00 T = 0.37
Time elapsed =  32366.643 | E =    -109.8291106500 | DE = -4.71e-04 | DW = 1.66876e-17
Time sweep =     5855.223 | 76.3 TFLOP/SWP
 | Dmem = 141 MB (3%) | Imem = 232 B (79%) | Hmem = 672 MB | Wmem = 4.62 MB | Pmem = 0 B
 | Tread = 125.970 | Twrite = 33.321 | Tfpread = 124.273 | Tfpwrite = 20.560 | Tmporead = 0.000 | Tasync = 0.000
 | data = 14.8 GB | cpsd = 11.2 GB
 | Trot = 193.169 | Tctr = 1.482 | Tint = 0.008 | Tmid = 0.000 | Tdctr = 63.830 | Tdiag = 1.801 | Tinfo = 2.293
 | Teff = 2425.332 | Tprt = 0.000 | Teig = 3139.276 | Tblk = 5623.777 | Tmve = 231.433 | Tdm = 2.949 | Tsplt = 41.954 | Tsvd = 0.000 | Torth = 0.000

Sweep =   10 | Direction = backward | Bond dimension =  550 | Noise =  0.00e+00 | Dav threshold =  1.00e-08
 <-- Site =  168 .. Mmps =    2 Ndav =   1 E =   -109.8291106500 Error = 0.00e+00 FLOPS = 1.92e+09 Tdav = 0.00 T = 0.02
 <-- Site =  167 .. Mmps =    4 Ndav =   1 E =   -109.8291106500 Error = 0.00e+00 FLOPS = 2.87e+09 Tdav = 0.00 T = 0.11
 <-- Site =  166 .. Mmps =    8 Ndav =   1 E =   -109.8291106500 Error = 0.00e+00 FLOPS = 4.94e+09 Tdav = 0.00 T = 0.18
 <-- Site =  165 .. Mmps =   16 Ndav =   1 E =   -109.8291106500 Error = 0.00e+00 FLOPS = 8.59e+09 Tdav = 0.01 T = 0.26
 <-- Site =  164 .. Mmps =   32 Ndav =   1 E =   -109.8291106500 Error = 0.00e+00 FLOPS = 1.41e+10 Tdav = 0.01 T = 0.35
 <-- Site =  163 .. Mmps =   64 Ndav =   1 E =   -109.8291106500 Error = 0.00e+00 FLOPS = 1.69e+10 Tdav = 0.02 T = 0.47
 <-- Site =  162 .. Mmps =  128 Ndav =   1 E =   -109.8291106500 Error = 0.00e+00 FLOPS = 2.21e+10 Tdav = 0.03 T = 0.61
 <-- Site =  161 .. Mmps =  256 Ndav =   1 E =   -109.8291106500 Error = 0.00e+00 FLOPS = 2.14e+10 Tdav = 0.07 T = 0.81
 <-- Site =  160 .. Mmps =  512 Ndav =   1 E =   -109.8291106500 Error = 0.00e+00 FLOPS = 2.27e+10 Tdav = 0.17 T = 1.14
 <-- Site =  159 .. Mmps =  550 Ndav =   1 E =   -109.8291106500 Error = 1.38e-25 FLOPS = 2.51e+10 Tdav = 0.40 T = 2.02
 <-- Site =  158 .. Mmps =  550 Ndav =   1 E =   -109.8291106500 Error = 1.23e-22 FLOPS = 2.65e+10 Tdav = 0.45 T = 2.65
 <-- Site =  157 .. Mmps =  550 Ndav =   1 E =   -109.8291106500 Error = 5.53e-21 FLOPS = 2.74e+10 Tdav = 0.47 T = 2.99
 <-- Site =  156 .. Mmps =  550 Ndav =   6 E =   -109.8291106717 Error = 3.19e-20 FLOPS = 3.14e+10 Tdav = 2.67 T = 5.43
 <-- Site =  155 .. Mmps =  550 Ndav =  10 E =   -109.8291107876 Error = 3.63e-19 FLOPS = 2.98e+10 Tdav = 5.03 T = 8.14
 <-- Site =  154 .. Mmps =  550 Ndav =  20 E =   -109.8291115725 Error = 3.93e-19 FLOPS = 2.27e+10 Tdav = 14.08 T = 17.52
 <-- Site =  153 .. Mmps =  550 Ndav =  15 E =   -109.8291126178 Error = 4.37e-19 FLOPS = 2.71e+10 Tdav = 9.41 T = 13.14
 <-- Site =  152 .. Mmps =  550 Ndav =  25 E =   -109.8291140640 Error = 6.88e-19 FLOPS = 2.05e+10 Tdav = 21.97 T = 26.04
 <-- Site =  151 .. Mmps =  550 Ndav =  15 E =   -109.8291168980 Error = 1.49e-18 FLOPS = 2.79e+10 Tdav = 10.21 T = 14.71
 <-- Site =  150 .. Mmps =  550 Ndav =  20 E =   -109.8291195929 Error = 1.76e-18 FLOPS = 2.44e+10 Tdav = 16.36 T = 21.12
 <-- Site =  149 .. Mmps =  550 Ndav =  17 E =   -109.8291210168 Error = 1.28e-18 FLOPS = 2.69e+10 Tdav = 13.25 T = 18.42
 <-- Site =  148 .. Mmps =  550 Ndav =  13 E =   -109.8291218276 Error = 6.26e-19 FLOPS = 2.94e+10 Tdav = 9.73 T = 15.33
 <-- Site =  147 .. Mmps =  550 Ndav =  17 E =   -109.8291237185 Error = 5.08e-19 FLOPS = 2.73e+10 Tdav = 14.28 T = 20.32
 <-- Site =  146 .. Mmps =  550 Ndav =  17 E =   -109.8291254125 Error = 5.99e-19 FLOPS = 2.77e+10 Tdav = 14.72 T = 21.20
 <-- Site =  145 .. Mmps =  550 Ndav =  17 E =   -109.8291266516 Error = 8.38e-19 FLOPS = 2.79e+10 Tdav = 15.22 T = 22.19
 <-- Site =  144 .. Mmps =  550 Ndav =  15 E =   -109.8291273191 Error = 1.85e-19 FLOPS = 2.91e+10 Tdav = 13.40 T = 20.76
 <-- Site =  143 .. Mmps =  550 Ndav =  16 E =   -109.8291282749 Error = 3.40e-19 FLOPS = 2.91e+10 Tdav = 14.84 T = 22.75
 <-- Site =  142 .. Mmps =  550 Ndav =  10 E =   -109.8291285862 Error = 9.87e-19 FLOPS = 3.17e+10 Tdav = 8.83 T = 17.21
 <-- Site =  141 .. Mmps =  550 Ndav =  12 E =   -109.8291290205 Error = 2.51e-18 FLOPS = 3.11e+10 Tdav = 11.19 T = 20.06
 <-- Site =  140 .. Mmps =  550 Ndav =  12 E =   -109.8291294549 Error = 7.29e-19 FLOPS = 3.13e+10 Tdav = 11.48 T = 20.90
 <-- Site =  139 .. Mmps =  550 Ndav =   9 E =   -109.8291297598 Error = 3.74e-19 FLOPS = 3.23e+10 Tdav = 8.62 T = 18.60
 <-- Site =  138 .. Mmps =  550 Ndav =  12 E =   -109.8291301865 Error = 2.80e-19 FLOPS = 3.18e+10 Tdav = 12.07 T = 22.66
 <-- Site =  137 .. Mmps =  550 Ndav =  11 E =   -109.8291306928 Error = 2.56e-18 FLOPS = 3.18e+10 Tdav = 11.38 T = 22.60
 <-- Site =  136 .. Mmps =  550 Ndav =  12 E =   -109.8291312261 Error = 2.92e-19 FLOPS = 3.19e+10 Tdav = 12.79 T = 24.55
 <-- Site =  135 .. Mmps =  550 Ndav =  14 E =   -109.8291317434 Error = 6.28e-19 FLOPS = 3.09e+10 Tdav = 15.81 T = 28.21
 <-- Site =  134 .. Mmps =  550 Ndav =  14 E =   -109.8291324716 Error = 4.22e-19 FLOPS = 3.10e+10 Tdav = 16.21 T = 29.29
 <-- Site =  133 .. Mmps =  550 Ndav =  14 E =   -109.8291328096 Error = 9.51e-19 FLOPS = 3.12e+10 Tdav = 16.57 T = 30.23
 <-- Site =  132 .. Mmps =  550 Ndav =  12 E =   -109.8291330903 Error = 1.99e-18 FLOPS = 3.23e+10 Tdav = 14.07 T = 28.47
 <-- Site =  131 .. Mmps =  550 Ndav =  14 E =   -109.8291333062 Error = 1.04e-18 FLOPS = 3.14e+10 Tdav = 17.34 T = 32.57
 <-- Site =  130 .. Mmps =  550 Ndav =  12 E =   -109.8291334337 Error = 3.48e-18 FLOPS = 3.19e+10 Tdav = 15.01 T = 30.76
 <-- Site =  129 .. Mmps =  550 Ndav =   9 E =   -109.8291334864 Error = 5.64e-20 FLOPS = 3.32e+10 Tdav = 11.09 T = 27.58
 <-- Site =  128 .. Mmps =  550 Ndav =  10 E =   -109.8291335821 Error = 6.60e-20 FLOPS = 3.32e+10 Tdav = 12.61 T = 29.93
 <-- Site =  127 .. Mmps =  550 Ndav =   8 E =   -109.8291336767 Error = 9.12e-20 FLOPS = 3.35e+10 Tdav = 10.25 T = 28.32
 <-- Site =  126 .. Mmps =  550 Ndav =   8 E =   -109.8291337675 Error = 3.48e-19 FLOPS = 3.31e+10 Tdav = 10.62 T = 29.21
 <-- Site =  125 .. Mmps =  550 Ndav =  11 E =   -109.8291339079 Error = 1.16e-19 FLOPS = 3.29e+10 Tdav = 15.04 T = 34.15
 <-- Site =  124 .. Mmps =  550 Ndav =  10 E =   -109.8291340600 Error = 5.92e-19 FLOPS = 3.32e+10 Tdav = 13.55 T = 33.11
 <-- Site =  123 .. Mmps =  550 Ndav =   9 E =   -109.8291341399 Error = 6.09e-20 FLOPS = 3.36e+10 Tdav = 12.32 T = 32.25
 <-- Site =  122 .. Mmps =  550 Ndav =  10 E =   -109.8291342265 Error = 1.35e-19 FLOPS = 3.33e+10 Tdav = 13.81 T = 34.21
 <-- Site =  121 .. Mmps =  550 Ndav =   8 E =   -109.8291342777 Error = 2.41e-20 FLOPS = 3.36e+10 Tdav = 11.18 T = 32.30
 <-- Site =  120 .. Mmps =  550 Ndav =   7 E =   -109.8291343089 Error = 1.82e-18 FLOPS = 3.34e+10 Tdav = 10.03 T = 31.57
 <-- Site =  119 .. Mmps =  550 Ndav =   7 E =   -109.8291343253 Error = 5.44e-20 FLOPS = 3.37e+10 Tdav = 9.96 T = 31.89
 <-- Site =  118 .. Mmps =  550 Ndav =   7 E =   -109.8291343399 Error = 1.40e-19 FLOPS = 3.39e+10 Tdav = 10.09 T = 32.49
 <-- Site =  117 .. Mmps =  550 Ndav =   7 E =   -109.8291343564 Error = 1.32e-19 FLOPS = 3.39e+10 Tdav = 10.10 T = 32.91
 <-- Site =  116 .. Mmps =  550 Ndav =   5 E =   -109.8291343638 Error = 3.58e-19 FLOPS = 3.42e+10 Tdav = 7.30 T = 31.00
 <-- Site =  115 .. Mmps =  550 Ndav =   6 E =   -109.8291343798 Error = 5.58e-19 FLOPS = 3.44e+10 Tdav = 8.88 T = 33.51
 <-- Site =  114 .. Mmps =  550 Ndav =   6 E =   -109.8291343915 Error = 1.24e-19 FLOPS = 3.41e+10 Tdav = 9.12 T = 34.22
 <-- Site =  113 .. Mmps =  550 Ndav =   6 E =   -109.8291344032 Error = 9.05e-20 FLOPS = 3.40e+10 Tdav = 9.17 T = 34.64
 <-- Site =  112 .. Mmps =  550 Ndav =   5 E =   -109.8291344117 Error = 2.14e-20 FLOPS = 3.36e+10 Tdav = 7.87 T = 33.83
 <-- Site =  111 .. Mmps =  550 Ndav =   7 E =   -109.8291344342 Error = 7.47e-19 FLOPS = 3.34e+10 Tdav = 11.08 T = 36.97
 <-- Site =  110 .. Mmps =  550 Ndav =   7 E =   -109.8291344593 Error = 1.27e-20 FLOPS = 3.36e+10 Tdav = 11.01 T = 36.93
 <-- Site =  109 .. Mmps =  550 Ndav =   9 E =   -109.8291344872 Error = 5.43e-20 FLOPS = 3.33e+10 Tdav = 14.30 T = 40.69
 <-- Site =  108 .. Mmps =  550 Ndav =   7 E =   -109.8291345063 Error = 5.69e-21 FLOPS = 3.38e+10 Tdav = 11.15 T = 38.03
 <-- Site =  107 .. Mmps =  550 Ndav =   7 E =   -109.8291345253 Error = 3.04e-18 FLOPS = 3.39e+10 Tdav = 11.14 T = 38.36
 <-- Site =  106 .. Mmps =  550 Ndav =   8 E =   -109.8291345420 Error = 4.55e-20 FLOPS = 3.37e+10 Tdav = 12.78 T = 40.36
 <-- Site =  105 .. Mmps =  550 Ndav =   8 E =   -109.8291345555 Error = 7.52e-19 FLOPS = 3.35e+10 Tdav = 12.86 T = 40.46
 <-- Site =  104 .. Mmps =  550 Ndav =   6 E =   -109.8291345634 Error = 1.04e-18 FLOPS = 3.39e+10 Tdav = 9.54 T = 37.38
 <-- Site =  103 .. Mmps =  550 Ndav =   4 E =   -109.8291345660 Error = 4.45e-20 FLOPS = 3.41e+10 Tdav = 6.43 T = 35.30
 <-- Site =  102 .. Mmps =  550 Ndav =   4 E =   -109.8291345709 Error = 5.43e-20 FLOPS = 3.44e+10 Tdav = 6.50 T = 35.69
 <-- Site =  101 .. Mmps =  550 Ndav =   5 E =   -109.8291345761 Error = 3.48e-20 FLOPS = 3.44e+10 Tdav = 8.12 T = 37.81
 <-- Site =  100 .. Mmps =  550 Ndav =   6 E =   -109.8291345840 Error = 4.25e-19 FLOPS = 3.42e+10 Tdav = 9.81 T = 39.34
 <-- Site =   99 .. Mmps =  550 Ndav =   4 E =   -109.8291345884 Error = 8.01e-21 FLOPS = 3.43e+10 Tdav = 6.63 T = 36.89
 <-- Site =   98 .. Mmps =  550 Ndav =   6 E =   -109.8291345994 Error = 1.54e-19 FLOPS = 3.41e+10 Tdav = 10.01 T = 39.42
 <-- Site =   97 .. Mmps =  550 Ndav =   6 E =   -109.8291346097 Error = 6.02e-21 FLOPS = 3.40e+10 Tdav = 9.88 T = 39.97
 <-- Site =   96 .. Mmps =  550 Ndav =   9 E =   -109.8291346288 Error = 2.03e-20 FLOPS = 3.38e+10 Tdav = 15.16 T = 46.02
 <-- Site =   95 .. Mmps =  550 Ndav =   9 E =   -109.8291346426 Error = 2.27e-20 FLOPS = 3.39e+10 Tdav = 15.36 T = 46.86
 <-- Site =   94 .. Mmps =  550 Ndav =  11 E =   -109.8291346626 Error = 3.87e-18 FLOPS = 3.30e+10 Tdav = 19.31 T = 50.44
 <-- Site =   93 .. Mmps =  550 Ndav =   6 E =   -109.8291346723 Error = 3.03e-20 FLOPS = 3.27e+10 Tdav = 10.46 T = 40.81
 <-- Site =   92 .. Mmps =  550 Ndav =   6 E =   -109.8291346797 Error = 3.25e-20 FLOPS = 3.27e+10 Tdav = 10.27 T = 40.88
 <-- Site =   91 .. Mmps =  550 Ndav =   9 E =   -109.8291346936 Error = 6.78e-20 FLOPS = 3.29e+10 Tdav = 15.58 T = 46.65
 <-- Site =   90 .. Mmps =  550 Ndav =   6 E =   -109.8291347028 Error = 1.06e-19 FLOPS = 3.48e+10 Tdav = 9.82 T = 40.09
 <-- Site =   89 .. Mmps =  550 Ndav =  17 E =   -109.8291347302 Error = 8.97e-19 FLOPS = 3.18e+10 Tdav = 30.45 T = 60.97
 <-- Site =   88 .. Mmps =  550 Ndav =  13 E =   -109.8291347571 Error = 7.09e-20 FLOPS = 3.31e+10 Tdav = 22.36 T = 52.87
 <-- Site =   87 .. Mmps =  550 Ndav =  13 E =   -109.8291347817 Error = 4.93e-20 FLOPS = 3.27e+10 Tdav = 22.62 T = 53.77
 <-- Site =   86 .. Mmps =  550 Ndav =   5 E =   -109.8291347917 Error = 5.49e-21 FLOPS = 3.40e+10 Tdav = 8.51 T = 39.87
 <-- Site =   85 .. Mmps =  550 Ndav =  19 E =   -109.8291348372 Error = 1.20e-19 FLOPS = 3.11e+10 Tdav = 35.39 T = 66.70
 <-- Site =   84 .. Mmps =  550 Ndav =  23 E =   -109.8291349553 Error = 7.87e-21 FLOPS = 2.96e+10 Tdav = 44.15 T = 74.56
 <-- Site =   83 .. Mmps =  550 Ndav =  24 E =   -109.8291350080 Error = 2.54e-20 FLOPS = 2.93e+10 Tdav = 46.65 T = 77.41
 <-- Site =   82 .. Mmps =  550 Ndav =   7 E =   -109.8291350259 Error = 3.23e-20 FLOPS = 3.44e+10 Tdav = 11.79 T = 43.29
 <-- Site =   81 .. Mmps =  550 Ndav =   8 E =   -109.8291350500 Error = 1.56e-18 FLOPS = 3.42e+10 Tdav = 13.55 T = 44.52
 <-- Site =   80 .. Mmps =  550 Ndav =   8 E =   -109.8291350710 Error = 1.30e-20 FLOPS = 3.38e+10 Tdav = 13.45 T = 43.94
 <-- Site =   79 .. Mmps =  550 Ndav =   8 E =   -109.8291350908 Error = 1.21e-18 FLOPS = 3.37e+10 Tdav = 13.51 T = 43.99
 <-- Site =   78 .. Mmps =  550 Ndav =   9 E =   -109.8291351103 Error = 5.06e-19 FLOPS = 3.35e+10 Tdav = 15.27 T = 45.63
 <-- Site =   77 .. Mmps =  550 Ndav =   7 E =   -109.8291351216 Error = 5.33e-20 FLOPS = 3.43e+10 Tdav = 11.60 T = 42.08
 <-- Site =   76 .. Mmps =  550 Ndav =  10 E =   -109.8291351507 Error = 4.39e-20 FLOPS = 3.34e+10 Tdav = 17.04 T = 48.15
 <-- Site =   75 .. Mmps =  550 Ndav =  18 E =   -109.8291352089 Error = 2.74e-20 FLOPS = 3.14e+10 Tdav = 33.19 T = 64.05
 <-- Site =   74 .. Mmps =  550 Ndav =  19 E =   -109.8291353498 Error = 1.13e-19 FLOPS = 3.10e+10 Tdav = 34.89 T = 65.86
 <-- Site =   73 .. Mmps =  550 Ndav =   9 E =   -109.8291354026 Error = 1.06e-20 FLOPS = 3.39e+10 Tdav = 15.38 T = 46.82
 <-- Site =   72 .. Mmps =  550 Ndav =  15 E =   -109.8291354743 Error = 1.70e-18 FLOPS = 3.23e+10 Tdav = 26.88 T = 58.03
 <-- Site =   71 .. Mmps =  550 Ndav =   7 E =   -109.8291355140 Error = 7.86e-21 FLOPS = 3.42e+10 Tdav = 11.63 T = 42.17
 <-- Site =   70 .. Mmps =  550 Ndav =  14 E =   -109.8291356449 Error = 2.16e-19 FLOPS = 3.27e+10 Tdav = 24.39 T = 54.94
 <-- Site =   69 .. Mmps =  550 Ndav =  19 E =   -109.8291358114 Error = 7.82e-21 FLOPS = 3.10e+10 Tdav = 34.88 T = 65.28
 <-- Site =   68 .. Mmps =  550 Ndav =  16 E =   -109.8291359487 Error = 1.11e-18 FLOPS = 3.20e+10 Tdav = 28.46 T = 58.47
 <-- Site =   67 .. Mmps =  550 Ndav =   8 E =   -109.8291359724 Error = 1.96e-20 FLOPS = 3.40e+10 Tdav = 13.14 T = 42.71
 <-- Site =   66 .. Mmps =  550 Ndav =   6 E =   -109.8291359872 Error = 3.32e-20 FLOPS = 3.43e+10 Tdav = 9.78 T = 39.28
 <-- Site =   65 .. Mmps =  550 Ndav =   9 E =   -109.8291360182 Error = 8.15e-20 FLOPS = 3.37e+10 Tdav = 14.92 T = 43.98
 <-- Site =   64 .. Mmps =  550 Ndav =   7 E =   -109.8291360352 Error = 1.12e-19 FLOPS = 3.41e+10 Tdav = 11.27 T = 39.70
 <-- Site =   63 .. Mmps =  550 Ndav =  11 E =   -109.8291360806 Error = 7.49e-19 FLOPS = 3.33e+10 Tdav = 18.14 T = 46.54
 <-- Site =   62 .. Mmps =  550 Ndav =   9 E =   -109.8291361106 Error = 1.15e-19 FLOPS = 3.35e+10 Tdav = 14.73 T = 42.77
 <-- Site =   61 .. Mmps =  550 Ndav =   8 E =   -109.8291361416 Error = 7.33e-20 FLOPS = 3.39e+10 Tdav = 12.72 T = 40.36
 <-- Site =   60 .. Mmps =  550 Ndav =   6 E =   -109.8291361662 Error = 6.08e-21 FLOPS = 3.43e+10 Tdav = 9.42 T = 36.99
 <-- Site =   59 .. Mmps =  550 Ndav =  21 E =   -109.8291363498 Error = 1.45e-18 FLOPS = 3.02e+10 Tdav = 37.53 T = 64.60
 <-- Site =   58 .. Mmps =  550 Ndav =  23 E =   -109.8291366979 Error = 8.11e-21 FLOPS = 2.93e+10 Tdav = 41.58 T = 68.26
 <-- Site =   57 .. Mmps =  550 Ndav =  19 E =   -109.8291368400 Error = 2.82e-20 FLOPS = 3.08e+10 Tdav = 32.65 T = 58.88
 <-- Site =   56 .. Mmps =  550 Ndav =   6 E =   -109.8291368570 Error = 3.15e-21 FLOPS = 3.41e+10 Tdav = 9.30 T = 35.86
 <-- Site =   55 .. Mmps =  550 Ndav =  10 E =   -109.8291368893 Error = 5.51e-19 FLOPS = 3.33e+10 Tdav = 15.87 T = 41.89
 <-- Site =   54 .. Mmps =  550 Ndav =  11 E =   -109.8291369345 Error = 4.30e-20 FLOPS = 3.19e+10 Tdav = 17.93 T = 43.54
 <-- Site =   53 .. Mmps =  550 Ndav =  15 E =   -109.8291369876 Error = 1.84e-18 FLOPS = 3.04e+10 Tdav = 25.61 T = 51.30
 <-- Site =   52 .. Mmps =  550 Ndav =  19 E =   -109.8291370659 Error = 3.60e-19 FLOPS = 2.83e+10 Tdav = 34.22 T = 58.73
 <-- Site =   51 .. Mmps =  550 Ndav =  18 E =   -109.8291371198 Error = 2.29e-20 FLOPS = 2.87e+10 Tdav = 31.31 T = 55.18
 <-- Site =   50 .. Mmps =  550 Ndav =  12 E =   -109.8291371664 Error = 6.51e-20 FLOPS = 3.24e+10 Tdav = 18.12 T = 41.47
 <-- Site =   49 .. Mmps =  550 Ndav =  15 E =   -109.8291372273 Error = 3.23e-20 FLOPS = 3.17e+10 Tdav = 23.13 T = 45.70
 <-- Site =   48 .. Mmps =  550 Ndav =  18 E =   -109.8291373494 Error = 3.35e-20 FLOPS = 3.08e+10 Tdav = 28.00 T = 50.13
 <-- Site =   47 .. Mmps =  550 Ndav =  18 E =   -109.8291374836 Error = 9.57e-21 FLOPS = 3.08e+10 Tdav = 28.00 T = 49.85
 <-- Site =   46 .. Mmps =  550 Ndav =  22 E =   -109.8291376813 Error = 1.21e-18 FLOPS = 2.90e+10 Tdav = 35.61 T = 57.01
 <-- Site =   45 .. Mmps =  550 Ndav =  10 E =   -109.8291377397 Error = 1.97e-20 FLOPS = 3.30e+10 Tdav = 14.20 T = 35.10
 <-- Site =   44 .. Mmps =  550 Ndav =  11 E =   -109.8291377974 Error = 1.15e-19 FLOPS = 3.28e+10 Tdav = 15.38 T = 35.55
 <-- Site =   43 .. Mmps =  550 Ndav =  11 E =   -109.8291378407 Error = 8.94e-21 FLOPS = 3.27e+10 Tdav = 15.12 T = 34.85
 <-- Site =   42 .. Mmps =  550 Ndav =  15 E =   -109.8291379158 Error = 2.05e-18 FLOPS = 3.16e+10 Tdav = 21.34 T = 40.68
 <-- Site =   41 .. Mmps =  550 Ndav =   9 E =   -109.8291379781 Error = 3.04e-20 FLOPS = 3.34e+10 Tdav = 11.84 T = 30.41
 <-- Site =   40 .. Mmps =  550 Ndav =  11 E =   -109.8291380486 Error = 1.38e-19 FLOPS = 3.27e+10 Tdav = 14.44 T = 32.26
 <-- Site =   39 .. Mmps =  550 Ndav =  10 E =   -109.8291381474 Error = 2.40e-19 FLOPS = 3.25e+10 Tdav = 12.88 T = 29.91
 <-- Site =   38 .. Mmps =  550 Ndav =  10 E =   -109.8291382290 Error = 1.73e-18 FLOPS = 3.29e+10 Tdav = 12.46 T = 28.77
 <-- Site =   37 .. Mmps =  550 Ndav =  11 E =   -109.8291383328 Error = 1.10e-18 FLOPS = 3.25e+10 Tdav = 13.49 T = 29.12
 <-- Site =   36 .. Mmps =  550 Ndav =  16 E =   -109.8291384552 Error = 1.33e-19 FLOPS = 3.06e+10 Tdav = 20.34 T = 35.28
 <-- Site =   35 .. Mmps =  550 Ndav =  14 E =   -109.8291386082 Error = 3.66e-19 FLOPS = 3.15e+10 Tdav = 16.87 T = 31.29
 <-- Site =   34 .. Mmps =  550 Ndav =  13 E =   -109.8291387238 Error = 1.32e-19 FLOPS = 3.17e+10 Tdav = 15.13 T = 28.78
 <-- Site =   33 .. Mmps =  550 Ndav =  15 E =   -109.8291388992 Error = 1.35e-18 FLOPS = 3.06e+10 Tdav = 17.64 T = 30.57
 <-- Site =   32 .. Mmps =  550 Ndav =  11 E =   -109.8291390629 Error = 1.73e-19 FLOPS = 3.21e+10 Tdav = 11.98 T = 24.31
 <-- Site =   31 .. Mmps =  550 Ndav =  14 E =   -109.8291392508 Error = 1.20e-19 FLOPS = 3.11e+10 Tdav = 15.26 T = 26.95
 <-- Site =   30 .. Mmps =  550 Ndav =   9 E =   -109.8291393742 Error = 1.51e-19 FLOPS = 3.24e+10 Tdav = 9.15 T = 20.24
 <-- Site =   29 .. Mmps =  550 Ndav =  10 E =   -109.8291395703 Error = 1.08e-18 FLOPS = 3.25e+10 Tdav = 9.82 T = 20.24
 <-- Site =   28 .. Mmps =  550 Ndav =  11 E =   -109.8291399175 Error = 1.88e-18 FLOPS = 3.17e+10 Tdav = 10.74 T = 20.71
 <-- Site =   27 .. Mmps =  550 Ndav =  12 E =   -109.8291402645 Error = 2.13e-18 FLOPS = 3.14e+10 Tdav = 11.46 T = 20.78
 <-- Site =   26 .. Mmps =  550 Ndav =  13 E =   -109.8291406258 Error = 5.47e-18 FLOPS = 3.07e+10 Tdav = 12.24 T = 21.12
 <-- Site =   25 .. Mmps =  550 Ndav =   7 E =   -109.8291406880 Error = 3.21e-18 FLOPS = 3.31e+10 Tdav = 5.91 T = 14.18
 <-- Site =   24 .. Mmps =  550 Ndav =   9 E =   -109.8291408460 Error = 1.89e-19 FLOPS = 3.14e+10 Tdav = 7.71 T = 15.50
 <-- Site =   23 .. Mmps =  550 Ndav =   9 E =   -109.8291410272 Error = 4.45e-19 FLOPS = 3.22e+10 Tdav = 7.26 T = 14.54
 <-- Site =   22 .. Mmps =  550 Ndav =   9 E =   -109.8291412398 Error = 2.66e-19 FLOPS = 3.19e+10 Tdav = 7.04 T = 14.00
 <-- Site =   21 .. Mmps =  550 Ndav =  10 E =   -109.8291416457 Error = 1.11e-18 FLOPS = 3.11e+10 Tdav = 7.70 T = 14.09
 <-- Site =   20 .. Mmps =  550 Ndav =  11 E =   -109.8291420435 Error = 7.51e-19 FLOPS = 3.10e+10 Tdav = 8.16 T = 14.12
 <-- Site =   19 .. Mmps =  550 Ndav =  13 E =   -109.8291425120 Error = 3.29e-19 FLOPS = 2.93e+10 Tdav = 9.74 T = 15.29
 <-- Site =   18 .. Mmps =  550 Ndav =  13 E =   -109.8291429353 Error = 4.33e-19 FLOPS = 2.91e+10 Tdav = 9.37 T = 14.51
 <-- Site =   17 .. Mmps =  550 Ndav =  12 E =   -109.8291433561 Error = 5.51e-19 FLOPS = 2.98e+10 Tdav = 8.05 T = 12.78
 <-- Site =   16 .. Mmps =  550 Ndav =  11 E =   -109.8291438453 Error = 9.47e-19 FLOPS = 2.97e+10 Tdav = 7.03 T = 11.43
 <-- Site =   15 .. Mmps =  550 Ndav =  13 E =   -109.8291446443 Error = 3.33e-18 FLOPS = 2.81e+10 Tdav = 8.31 T = 12.44
 <-- Site =   14 .. Mmps =  550 Ndav =  14 E =   -109.8291454810 Error = 1.20e-18 FLOPS = 2.77e+10 Tdav = 8.57 T = 12.22
 <-- Site =   13 .. Mmps =  550 Ndav =  16 E =   -109.8291467811 Error = 8.28e-18 FLOPS = 2.56e+10 Tdav = 9.99 T = 13.32
 <-- Site =   12 .. Mmps =  550 Ndav =  11 E =   -109.8291472241 Error = 2.84e-17 FLOPS = 2.84e+10 Tdav = 5.79 T = 8.90
 <-- Site =   11 .. Mmps =  550 Ndav =   9 E =   -109.8291473357 Error = 1.77e-17 FLOPS = 2.96e+10 Tdav = 4.24 T = 7.00
 <-- Site =   10 .. Mmps =  550 Ndav =   3 E =   -109.8291473390 Error = 7.31e-18 FLOPS = 3.11e+10 Tdav = 1.25 T = 3.80
 <-- Site =    9 .. Mmps =  550 Ndav =   1 E =   -109.8291473390 Error = 9.41e-22 FLOPS = 2.60e+10 Tdav = 0.41 T = 2.50
 <-- Site =    8 .. Mmps =  550 Ndav =   1 E =   -109.8291473390 Error = 6.05e-32 FLOPS = 2.20e+10 Tdav = 0.15 T = 1.39
 <-- Site =    7 .. Mmps =  550 Ndav =   1 E =   -109.8291473390 Error = 6.74e-55 FLOPS = 1.95e+10 Tdav = 0.06 T = 1.08
 <-- Site =    6 .. Mmps =  550 Ndav =   1 E =   -109.8291473390 Error = 4.57e-74 FLOPS = 1.78e+10 Tdav = 0.02 T = 0.91
 <-- Site =    5 .. Mmps =  550 Ndav =   1 E =   -109.8291473390 Error = 3.36e-94 FLOPS = 1.48e+10 Tdav = 0.01 T = 0.84
 <-- Site =    4 .. Mmps =  550 Ndav =   1 E =   -109.8291473390 Error = 8.36e-105 FLOPS = 1.17e+10 Tdav = 0.01 T = 0.74
 <-- Site =    3 .. Mmps =  549 Ndav =   1 E =   -109.8291473390 Error = 0.00e+00 FLOPS = 8.55e+09 Tdav = 0.00 T = 0.74
 <-- Site =    2 .. Mmps =  550 Ndav =   1 E =   -109.8291473390 Error = 1.70e-108 FLOPS = 5.67e+09 Tdav = 0.00 T = 0.70
 <-- Site =    1 .. Mmps =  548 Ndav =   1 E =   -109.8291473390 Error = 0.00e+00 FLOPS = 3.29e+09 Tdav = 0.00 T = 0.63
 <-- Site =    0 .. Mmps =  547 Ndav =   1 E =   -109.8291473390 Error = 0.00e+00 FLOPS = 2.31e+09 Tdav = 0.00 T = 0.59
Time elapsed =  37447.149 | E =    -109.8291473390 | DE = -3.67e-05 | DW = 2.83806e-17
Time sweep =     5080.505 | 62.6 TFLOP/SWP
 | Dmem = 141 MB (3%) | Imem = 232 B (79%) | Hmem = 672 MB | Wmem = 4.62 MB | Pmem = 0 B
 | Tread = 122.361 | Twrite = 31.782 | Tfpread = 121.120 | Tfpwrite = 19.767 | Tmporead = 0.000 | Tasync = 0.000
 | data = 14.8 GB | cpsd = 9.92 GB
 | Trot = 189.955 | Tctr = 187.143 | Tint = 0.008 | Tmid = 0.000 | Tdctr = 0.011 | Tdiag = 1.795 | Tinfo = 2.355
 | Teff = 2364.545 | Tprt = 0.000 | Teig = 2185.950 | Tblk = 4610.577 | Tmve = 469.915 | Tdm = 2.915 | Tsplt = 42.168 | Tsvd = 0.000 | Torth = 0.000

Sweep =   11 | Direction =  forward | Bond dimension =  550 | Noise =  0.00e+00 | Dav threshold =  1.00e-08
 --> Site =    0 .. Mmps =    2 Ndav =   1 E =   -109.8291473390 Error = 0.00e+00 FLOPS = 2.28e+09 Tdav = 0.00 T = 0.02
 --> Site =    1 .. Mmps =    4 Ndav =   1 E =   -109.8291473390 Error = 0.00e+00 FLOPS = 3.39e+09 Tdav = 0.00 T = 0.05
 --> Site =    2 .. Mmps =    8 Ndav =   1 E =   -109.8291473390 Error = 0.00e+00 FLOPS = 5.64e+09 Tdav = 0.00 T = 0.05
 --> Site =    3 .. Mmps =   16 Ndav =   1 E =   -109.8291473390 Error = 0.00e+00 FLOPS = 8.51e+09 Tdav = 0.00 T = 0.05
 --> Site =    4 .. Mmps =   32 Ndav =   1 E =   -109.8291473390 Error = 0.00e+00 FLOPS = 1.16e+10 Tdav = 0.01 T = 0.06
 --> Site =    5 .. Mmps =   64 Ndav =   1 E =   -109.8291473390 Error = 0.00e+00 FLOPS = 1.47e+10 Tdav = 0.01 T = 0.08
 --> Site =    6 .. Mmps =  128 Ndav =   1 E =   -109.8291473390 Error = 0.00e+00 FLOPS = 1.79e+10 Tdav = 0.02 T = 0.12
 --> Site =    7 .. Mmps =  256 Ndav =   1 E =   -109.8291473390 Error = 0.00e+00 FLOPS = 1.94e+10 Tdav = 0.06 T = 0.22
 --> Site =    8 .. Mmps =  512 Ndav =   1 E =   -109.8291473390 Error = 0.00e+00 FLOPS = 2.20e+10 Tdav = 0.15 T = 0.54
 --> Site =    9 .. Mmps =  550 Ndav =   1 E =   -109.8291473390 Error = 1.78e-25 FLOPS = 2.61e+10 Tdav = 0.41 T = 1.90
 --> Site =   10 .. Mmps =  550 Ndav =   1 E =   -109.8291473390 Error = 2.49e-23 FLOPS = 2.70e+10 Tdav = 0.48 T = 2.61
 --> Site =   11 .. Mmps =  550 Ndav =   1 E =   -109.8291473390 Error = 1.97e-21 FLOPS = 2.68e+10 Tdav = 0.52 T = 2.91
 --> Site =   12 .. Mmps =  550 Ndav =   3 E =   -109.8291473407 Error = 2.15e-20 FLOPS = 3.17e+10 Tdav = 1.42 T = 4.08
 --> Site =   13 .. Mmps =  550 Ndav =   6 E =   -109.8291473617 Error = 5.75e-19 FLOPS = 3.13e+10 Tdav = 3.06 T = 6.01
 --> Site =   14 .. Mmps =  550 Ndav =   8 E =   -109.8291474997 Error = 5.15e-19 FLOPS = 3.10e+10 Tdav = 4.38 T = 7.62
 --> Site =   15 .. Mmps =  550 Ndav =  10 E =   -109.8291478536 Error = 1.25e-18 FLOPS = 3.03e+10 Tdav = 5.94 T = 9.46
 --> Site =   16 .. Mmps =  550 Ndav =   9 E =   -109.8291480969 Error = 1.54e-18 FLOPS = 3.10e+10 Tdav = 5.50 T = 9.35
 --> Site =   17 .. Mmps =  550 Ndav =   9 E =   -109.8291482227 Error = 1.42e-18 FLOPS = 3.13e+10 Tdav = 5.74 T = 10.02
 --> Site =   18 .. Mmps =  550 Ndav =   8 E =   -109.8291483039 Error = 6.91e-18 FLOPS = 3.15e+10 Tdav = 5.32 T = 9.90
 --> Site =   19 .. Mmps =  550 Ndav =  10 E =   -109.8291484918 Error = 6.79e-19 FLOPS = 3.12e+10 Tdav = 7.04 T = 11.96
 --> Site =   20 .. Mmps =  550 Ndav =   9 E =   -109.8291486676 Error = 5.62e-19 FLOPS = 3.19e+10 Tdav = 6.48 T = 11.75
 --> Site =   21 .. Mmps =  550 Ndav =   7 E =   -109.8291487540 Error = 1.19e-18 FLOPS = 3.21e+10 Tdav = 5.22 T = 10.91
 --> Site =   22 .. Mmps =  550 Ndav =   6 E =   -109.8291487944 Error = 3.85e-19 FLOPS = 3.29e+10 Tdav = 4.55 T = 10.69
 --> Site =   23 .. Mmps =  550 Ndav =   7 E =   -109.8291488439 Error = 6.18e-19 FLOPS = 3.27e+10 Tdav = 5.55 T = 12.07
 --> Site =   24 .. Mmps =  550 Ndav =   7 E =   -109.8291488843 Error = 4.77e-19 FLOPS = 3.30e+10 Tdav = 5.72 T = 12.72
 --> Site =   25 .. Mmps =  550 Ndav =   8 E =   -109.8291489539 Error = 6.03e-19 FLOPS = 3.22e+10 Tdav = 6.94 T = 14.46
 --> Site =   26 .. Mmps =  550 Ndav =   7 E =   -109.8291490023 Error = 3.80e-19 FLOPS = 3.33e+10 Tdav = 6.08 T = 14.00
 --> Site =   27 .. Mmps =  550 Ndav =   8 E =   -109.8291491066 Error = 1.21e-18 FLOPS = 3.26e+10 Tdav = 7.36 T = 15.73
 --> Site =   28 .. Mmps =  550 Ndav =   8 E =   -109.8291492100 Error = 3.30e-18 FLOPS = 3.31e+10 Tdav = 7.48 T = 16.49
 --> Site =   29 .. Mmps =  550 Ndav =   9 E =   -109.8291493659 Error = 4.30e-18 FLOPS = 3.26e+10 Tdav = 8.81 T = 18.29
 --> Site =   30 .. Mmps =  550 Ndav =   8 E =   -109.8291494532 Error = 1.12e-18 FLOPS = 3.29e+10 Tdav = 8.00 T = 18.07
 --> Site =   31 .. Mmps =  550 Ndav =   7 E =   -109.8291494985 Error = 1.64e-18 FLOPS = 3.34e+10 Tdav = 7.12 T = 17.59
 --> Site =   32 .. Mmps =  550 Ndav =   9 E =   -109.8291495636 Error = 3.31e-19 FLOPS = 3.26e+10 Tdav = 9.66 T = 20.74
 --> Site =   33 .. Mmps =  550 Ndav =   7 E =   -109.8291496117 Error = 1.24e-19 FLOPS = 3.32e+10 Tdav = 7.58 T = 19.22
 --> Site =   34 .. Mmps =  550 Ndav =   7 E =   -109.8291496431 Error = 6.76e-19 FLOPS = 3.33e+10 Tdav = 7.76 T = 19.97
 --> Site =   35 .. Mmps =  550 Ndav =   6 E =   -109.8291496606 Error = 6.99e-19 FLOPS = 3.39e+10 Tdav = 6.72 T = 19.63
 --> Site =   36 .. Mmps =  550 Ndav =   8 E =   -109.8291497050 Error = 3.32e-19 FLOPS = 3.29e+10 Tdav = 9.47 T = 23.04
 --> Site =   37 .. Mmps =  550 Ndav =   7 E =   -109.8291497369 Error = 5.74e-19 FLOPS = 3.35e+10 Tdav = 8.34 T = 22.60
 --> Site =   38 .. Mmps =  550 Ndav =   7 E =   -109.8291497723 Error = 6.24e-19 FLOPS = 3.39e+10 Tdav = 8.45 T = 23.36
 --> Site =   39 .. Mmps =  550 Ndav =   7 E =   -109.8291497914 Error = 2.90e-19 FLOPS = 3.37e+10 Tdav = 8.71 T = 24.20
 --> Site =   40 .. Mmps =  550 Ndav =  11 E =   -109.8291498367 Error = 8.39e-19 FLOPS = 3.28e+10 Tdav = 14.39 T = 30.59
 --> Site =   41 .. Mmps =  550 Ndav =  16 E =   -109.8291498869 Error = 4.54e-19 FLOPS = 3.11e+10 Tdav = 22.59 T = 39.56
 --> Site =   42 .. Mmps =  550 Ndav =  21 E =   -109.8291499976 Error = 1.37e-19 FLOPS = 2.92e+10 Tdav = 32.35 T = 50.01
 --> Site =   43 .. Mmps =  550 Ndav =  23 E =   -109.8291500966 Error = 3.93e-19 FLOPS = 2.84e+10 Tdav = 36.39 T = 54.35
 --> Site =   44 .. Mmps =  550 Ndav =  23 E =   -109.8291501676 Error = 2.21e-18 FLOPS = 2.85e+10 Tdav = 37.03 T = 55.46
 --> Site =   45 .. Mmps =  550 Ndav =  21 E =   -109.8291502481 Error = 7.30e-20 FLOPS = 2.92e+10 Tdav = 33.69 T = 52.91
 --> Site =   46 .. Mmps =  550 Ndav =  21 E =   -109.8291503177 Error = 6.73e-20 FLOPS = 2.91e+10 Tdav = 33.89 T = 53.37
 --> Site =   47 .. Mmps =  550 Ndav =  11 E =   -109.8291503878 Error = 1.69e-19 FLOPS = 3.17e+10 Tdav = 16.60 T = 36.66
 --> Site =   48 .. Mmps =  550 Ndav =  18 E =   -109.8291504261 Error = 7.28e-19 FLOPS = 2.92e+10 Tdav = 29.51 T = 49.80
 --> Site =   49 .. Mmps =  550 Ndav =   8 E =   -109.8291504794 Error = 1.26e-19 FLOPS = 3.19e+10 Tdav = 12.26 T = 32.93
 --> Site =   50 .. Mmps =  550 Ndav =  18 E =   -109.8291505274 Error = 6.27e-20 FLOPS = 2.83e+10 Tdav = 31.09 T = 52.48
 --> Site =   51 .. Mmps =  550 Ndav =  22 E =   -109.8291506555 Error = 4.03e-19 FLOPS = 2.72e+10 Tdav = 40.40 T = 62.11
 --> Site =   52 .. Mmps =  550 Ndav =  18 E =   -109.8291507537 Error = 1.13e-19 FLOPS = 3.06e+10 Tdav = 29.90 T = 52.52
 --> Site =   53 .. Mmps =  550 Ndav =  29 E =   -109.8291509793 Error = 1.83e-19 FLOPS = 2.74e+10 Tdav = 55.00 T = 78.03
 --> Site =   54 .. Mmps =  550 Ndav =  21 E =   -109.8291511267 Error = 3.75e-19 FLOPS = 3.05e+10 Tdav = 35.72 T = 59.20
 --> Site =   55 .. Mmps =  550 Ndav =  39 E =   -109.8291519688 Error = 3.28e-20 FLOPS = 2.35e+10 Tdav = 87.64 T = 111.53
 --> Site =   56 .. Mmps =  550 Ndav =  37 E =   -109.8291536976 Error = 8.03e-20 FLOPS = 2.43e+10 Tdav = 80.55 T = 104.86
 --> Site =   57 .. Mmps =  550 Ndav = 123 E =   -109.8344164193 Error = 9.26e-17 FLOPS = 2.07e+10 Tdav = 314.96 T = 339.31
 --> Site =   58 .. Mmps =  550 Ndav =  49 E =   -109.8346156332 Error = 1.03e-19 FLOPS = 1.99e+10 Tdav = 130.39 T = 154.72
 --> Site =   59 .. Mmps =  550 Ndav =  62 E =   -109.8350657056 Error = 8.50e-20 FLOPS = 2.14e+10 Tdav = 156.40 T = 181.15
 --> Site =   60 .. Mmps =  550 Ndav =  60 E =   -109.8356308663 Error = 1.39e-19 FLOPS = 2.12e+10 Tdav = 152.82 T = 178.02
 --> Site =   61 .. Mmps =  550 Ndav =  93 E =   -109.8363848756 Error = 6.42e-20 FLOPS = 2.03e+10 Tdav = 246.61 T = 271.81
 --> Site =   62 .. Mmps =  550 Ndav =  70 E =   -109.8386036580 Error = 1.24e-19 FLOPS = 2.20e+10 Tdav = 174.66 T = 200.28
 --> Site =   63 .. Mmps =  550 Ndav =  73 E =   -109.8398007052 Error = 2.20e-19 FLOPS = 2.21e+10 Tdav = 181.74 T = 207.81
 --> Site =   64 .. Mmps =  550 Ndav =  76 E =   -109.8413417640 Error = 5.58e-20 FLOPS = 2.20e+10 Tdav = 189.57 T = 215.60
 --> Site =   65 .. Mmps =  550 Ndav =  61 E =   -109.8428173337 Error = 3.27e-20 FLOPS = 2.16e+10 Tdav = 157.97 T = 184.57
 --> Site =   66 .. Mmps =  550 Ndav =  59 E =   -109.8446194225 Error = 1.66e-19 FLOPS = 2.14e+10 Tdav = 154.43 T = 181.38
 --> Site =   67 .. Mmps =  550 Ndav =  49 E =   -109.8466761373 Error = 1.52e-19 FLOPS = 2.04e+10 Tdav = 134.45 T = 161.42
 --> Site =   68 .. Mmps =  550 Ndav =  51 E =   -109.8513876804 Error = 1.35e-19 FLOPS = 2.04e+10 Tdav = 142.46 T = 169.88
 --> Site =   69 .. Mmps =  550 Ndav =  45 E =   -109.8561200770 Error = 6.45e-20 FLOPS = 2.19e+10 Tdav = 116.78 T = 144.66
 --> Site =   70 .. Mmps =  550 Ndav =  51 E =   -109.8655836085 Error = 1.19e-20 FLOPS = 2.04e+10 Tdav = 142.47 T = 170.30
 --> Site =   71 .. Mmps =  550 Ndav =  63 E =   -109.8684746829 Error = 3.42e-21 FLOPS = 2.19e+10 Tdav = 163.51 T = 191.63
 --> Site =   72 .. Mmps =  550 Ndav =  65 E =   -109.8734460428 Error = 8.29e-21 FLOPS = 2.22e+10 Tdav = 169.33 T = 197.61
 --> Site =   73 .. Mmps =  550 Ndav =  24 E =   -109.8742435264 Error = 3.84e-21 FLOPS = 2.99e+10 Tdav = 46.42 T = 75.20
 --> Site =   74 .. Mmps =  550 Ndav =  23 E =   -109.8745655963 Error = 3.44e-20 FLOPS = 3.02e+10 Tdav = 43.28 T = 71.58
 --> Site =   75 .. Mmps =  550 Ndav =  24 E =   -109.8751485191 Error = 1.19e-20 FLOPS = 3.00e+10 Tdav = 46.39 T = 74.67
 --> Site =   76 .. Mmps =  550 Ndav =  32 E =   -109.8765882537 Error = 2.88e-20 FLOPS = 2.68e+10 Tdav = 67.90 T = 96.23
 --> Site =   77 .. Mmps =  550 Ndav =  44 E =   -109.8814910202 Error = 1.21e-20 FLOPS = 2.23e+10 Tdav = 112.32 T = 140.18
 --> Site =   78 .. Mmps =  550 Ndav =  43 E =   -109.8851688399 Error = 6.52e-21 FLOPS = 2.26e+10 Tdav = 108.10 T = 135.95
 --> Site =   79 .. Mmps =  550 Ndav =  51 E =   -109.9033025615 Error = 3.17e-20 FLOPS = 2.04e+10 Tdav = 142.44 T = 170.69
 --> Site =   80 .. Mmps =  550 Ndav =  43 E =   -109.9173906081 Error = 1.77e-20 FLOPS = 2.27e+10 Tdav = 108.02 T = 136.36
 --> Site =   81 .. Mmps =  550 Ndav =  43 E =   -109.9486758084 Error = 1.69e-20 FLOPS = 2.28e+10 Tdav = 109.24 T = 138.04
 --> Site =   82 .. Mmps =  550 Ndav =  45 E =   -109.9650597347 Error = 2.67e-20 FLOPS = 2.21e+10 Tdav = 118.07 T = 147.39
 --> Site =   83 .. Mmps =  550 Ndav =  49 E =   -109.9691323409 Error = 1.15e-20 FLOPS = 2.05e+10 Tdav = 135.75 T = 164.54
 --> Site =   84 .. Mmps =  550 Ndav =  37 E =   -109.9692120980 Error = 3.18e-20 FLOPS = 2.49e+10 Tdav = 84.62 T = 112.86
 --> Site =   85 .. Mmps =  550 Ndav =  34 E =   -109.9693782824 Error = 5.07e-20 FLOPS = 2.62e+10 Tdav = 75.24 T = 104.39
 --> Site =   86 .. Mmps =  550 Ndav =  34 E =   -109.9695561484 Error = 5.62e-20 FLOPS = 2.62e+10 Tdav = 75.25 T = 104.57
 --> Site =   87 .. Mmps =  550 Ndav =  36 E =   -109.9697203925 Error = 2.73e-20 FLOPS = 2.53e+10 Tdav = 81.04 T = 109.84
 --> Site =   88 .. Mmps =  550 Ndav =  46 E =   -109.9703976101 Error = 9.45e-21 FLOPS = 2.16e+10 Tdav = 121.30 T = 149.71
 --> Site =   89 .. Mmps =  550 Ndav =  47 E =   -109.9711650434 Error = 4.04e-20 FLOPS = 2.12e+10 Tdav = 126.00 T = 154.38
 --> Site =   90 .. Mmps =  550 Ndav =  47 E =   -109.9719147965 Error = 2.37e-19 FLOPS = 2.12e+10 Tdav = 126.02 T = 154.44
 --> Site =   91 .. Mmps =  550 Ndav =  40 E =   -109.9724642586 Error = 3.92e-20 FLOPS = 2.37e+10 Tdav = 95.84 T = 124.24
 --> Site =   92 .. Mmps =  550 Ndav =  44 E =   -109.9733290775 Error = 7.96e-21 FLOPS = 2.21e+10 Tdav = 111.17 T = 139.02
 --> Site =   93 .. Mmps =  550 Ndav =  40 E =   -109.9741417940 Error = 2.14e-20 FLOPS = 2.38e+10 Tdav = 95.83 T = 123.74
 --> Site =   94 .. Mmps =  550 Ndav =  39 E =   -109.9765133320 Error = 1.61e-20 FLOPS = 2.43e+10 Tdav = 93.04 T = 122.03
 --> Site =   95 .. Mmps =  550 Ndav =  36 E =   -109.9792908417 Error = 7.49e-20 FLOPS = 2.54e+10 Tdav = 82.08 T = 111.36
 --> Site =   96 .. Mmps =  550 Ndav =  40 E =   -109.9822498133 Error = 3.96e-21 FLOPS = 2.38e+10 Tdav = 95.79 T = 124.59
 --> Site =   97 .. Mmps =  550 Ndav =  40 E =   -109.9849658210 Error = 4.64e-21 FLOPS = 2.36e+10 Tdav = 94.74 T = 122.71
 --> Site =   98 .. Mmps =  550 Ndav =  34 E =   -109.9909360639 Error = 9.43e-21 FLOPS = 2.60e+10 Tdav = 74.32 T = 102.25
 --> Site =   99 .. Mmps =  550 Ndav =  27 E =   -109.9916856148 Error = 1.89e-21 FLOPS = 2.87e+10 Tdav = 53.45 T = 81.79
 --> Site =  100 .. Mmps =  550 Ndav =  24 E =   -109.9920119448 Error = 1.18e-20 FLOPS = 2.98e+10 Tdav = 45.05 T = 72.92
 --> Site =  101 .. Mmps =  550 Ndav =  24 E =   -109.9922368255 Error = 2.65e-20 FLOPS = 2.98e+10 Tdav = 45.05 T = 72.52
 --> Site =  102 .. Mmps =  550 Ndav =  31 E =   -109.9925797825 Error = 1.54e-20 FLOPS = 2.71e+10 Tdav = 64.03 T = 91.56
 --> Site =  103 .. Mmps =  550 Ndav =  33 E =   -109.9939028815 Error = 3.55e-20 FLOPS = 2.62e+10 Tdav = 69.26 T = 96.33
 --> Site =  104 .. Mmps =  550 Ndav =  39 E =   -109.9955927520 Error = 8.86e-21 FLOPS = 2.37e+10 Tdav = 88.76 T = 114.89
 --> Site =  105 .. Mmps =  550 Ndav =  33 E =   -109.9976418432 Error = 1.22e-19 FLOPS = 2.60e+10 Tdav = 68.37 T = 93.99
 --> Site =  106 .. Mmps =  550 Ndav =  32 E =   -109.9986767547 Error = 6.02e-20 FLOPS = 2.64e+10 Tdav = 65.26 T = 91.06
 --> Site =  107 .. Mmps =  550 Ndav =  31 E =   -110.0013886714 Error = 2.84e-21 FLOPS = 2.68e+10 Tdav = 62.31 T = 88.11
 --> Site =  108 .. Mmps =  550 Ndav =  39 E =   -110.0075558209 Error = 1.18e-20 FLOPS = 2.37e+10 Tdav = 88.77 T = 114.43
 --> Site =  109 .. Mmps =  550 Ndav =  77 E =   -110.0142770372 Error = 5.71e-18 FLOPS = 2.17e+10 Tdav = 188.10 T = 213.31
 --> Site =  110 .. Mmps =  550 Ndav =  60 E =   -110.0150778291 Error = 1.20e-19 FLOPS = 2.10e+10 Tdav = 151.24 T = 176.04
 --> Site =  111 .. Mmps =  550 Ndav =  64 E =   -110.0252195588 Error = 1.79e-19 FLOPS = 2.14e+10 Tdav = 158.47 T = 183.40
 --> Site =  112 .. Mmps =  550 Ndav =  53 E =   -110.1209831423 Error = 2.23e-19 FLOPS = 2.00e+10 Tdav = 139.91 T = 164.74
 --> Site =  113 .. Mmps =  550 Ndav =  51 E =   -110.4133671917 Error = 4.35e-20 FLOPS = 1.95e+10 Tdav = 135.50 T = 159.92
 --> Site =  114 .. Mmps =  550 Ndav =  45 E =   -110.4237022004 Error = 2.47e-21 FLOPS = 2.11e+10 Tdav = 110.64 T = 134.59
 --> Site =  115 .. Mmps =  550 Ndav =  49 E =   -110.4397200479 Error = 7.95e-20 FLOPS = 1.95e+10 Tdav = 127.76 T = 151.30
 --> Site =  116 .. Mmps =  550 Ndav =  51 E =   -110.4591963580 Error = 8.49e-20 FLOPS = 1.92e+10 Tdav = 132.56 T = 155.26
 --> Site =  117 .. Mmps =  550 Ndav =  49 E =   -110.4763669956 Error = 1.74e-21 FLOPS = 1.92e+10 Tdav = 124.94 T = 146.82
 --> Site =  118 .. Mmps =  550 Ndav =  50 E =   -110.5069474803 Error = 1.76e-20 FLOPS = 1.88e+10 Tdav = 129.85 T = 151.29
 --> Site =  119 .. Mmps =  550 Ndav =  63 E =   -110.6549054498 Error = 4.47e-21 FLOPS = 2.04e+10 Tdav = 147.90 T = 169.02
 --> Site =  120 .. Mmps =  550 Ndav =  60 E =   -110.9112984033 Error = 1.20e-20 FLOPS = 2.01e+10 Tdav = 142.88 T = 163.54
 --> Site =  121 .. Mmps =  550 Ndav =  39 E =   -110.9621020161 Error = 2.30e-21 FLOPS = 2.25e+10 Tdav = 81.21 T = 101.58
 --> Site =  122 .. Mmps =  550 Ndav =  47 E =   -111.0052767469 Error = 1.06e-20 FLOPS = 1.93e+10 Tdav = 111.72 T = 131.21
 --> Site =  123 .. Mmps =  550 Ndav =  41 E =   -111.0541645790 Error = 1.85e-21 FLOPS = 2.16e+10 Tdav = 87.30 T = 106.51
 --> Site =  124 .. Mmps =  550 Ndav =  29 E =   -111.0885843409 Error = 2.28e-20 FLOPS = 2.64e+10 Tdav = 49.39 T = 68.15
 --> Site =  125 .. Mmps =  550 Ndav =  29 E =   -111.1062271802 Error = 1.40e-21 FLOPS = 2.64e+10 Tdav = 49.34 T = 67.74
 --> Site =  126 .. Mmps =  550 Ndav =  24 E =   -111.1111642447 Error = 6.84e-21 FLOPS = 2.84e+10 Tdav = 37.11 T = 55.56
 --> Site =  127 .. Mmps =  550 Ndav =  24 E =   -111.1162186183 Error = 4.17e-21 FLOPS = 2.83e+10 Tdav = 36.40 T = 53.79
 --> Site =  128 .. Mmps =  550 Ndav =  26 E =   -111.1261703497 Error = 1.57e-20 FLOPS = 2.73e+10 Tdav = 40.00 T = 56.60
 --> Site =  129 .. Mmps =  550 Ndav =  32 E =   -111.1366751051 Error = 1.93e-20 FLOPS = 2.44e+10 Tdav = 53.79 T = 69.77
 --> Site =  130 .. Mmps =  550 Ndav =  31 E =   -111.1600736557 Error = 1.27e-19 FLOPS = 2.46e+10 Tdav = 50.23 T = 65.41
 --> Site =  131 .. Mmps =  550 Ndav =  32 E =   -111.1726684272 Error = 1.25e-20 FLOPS = 2.40e+10 Tdav = 51.93 T = 66.48
 --> Site =  132 .. Mmps =  550 Ndav =  35 E =   -111.1837841754 Error = 3.91e-21 FLOPS = 2.24e+10 Tdav = 59.26 T = 73.24
 --> Site =  133 .. Mmps =  550 Ndav =  36 E =   -111.2130227936 Error = 2.47e-20 FLOPS = 2.17e+10 Tdav = 61.17 T = 74.43
 --> Site =  134 .. Mmps =  550 Ndav =  50 E =   -111.2605814663 Error = 7.82e-21 FLOPS = 1.61e+10 Tdav = 111.76 T = 124.43
 --> Site =  135 .. Mmps =  550 Ndav =  34 E =   -111.2651193494 Error = 9.41e-21 FLOPS = 2.22e+10 Tdav = 53.60 T = 65.69
 --> Site =  136 .. Mmps =  550 Ndav =  51 E =   -111.2739542730 Error = 9.82e-21 FLOPS = 1.57e+10 Tdav = 109.96 T = 121.43
 --> Site =  137 .. Mmps =  550 Ndav =  37 E =   -111.2798829381 Error = 6.43e-21 FLOPS = 2.03e+10 Tdav = 60.01 T = 70.94
 --> Site =  138 .. Mmps =  550 Ndav =  41 E =   -111.2865512022 Error = 1.07e-20 FLOPS = 1.83e+10 Tdav = 71.44 T = 81.76
 --> Site =  139 .. Mmps =  550 Ndav =  31 E =   -111.2878942719 Error = 4.60e-21 FLOPS = 2.26e+10 Tdav = 42.52 T = 52.25
 --> Site =  140 .. Mmps =  550 Ndav =  37 E =   -111.2896973002 Error = 2.48e-20 FLOPS = 1.95e+10 Tdav = 56.95 T = 66.27
 --> Site =  141 .. Mmps =  550 Ndav =  33 E =   -111.2901535171 Error = 5.76e-20 FLOPS = 2.10e+10 Tdav = 45.45 T = 54.24
 --> Site =  142 .. Mmps =  550 Ndav =  47 E =   -111.2909868393 Error = 4.39e-20 FLOPS = 1.49e+10 Tdav = 88.28 T = 96.55
 --> Site =  143 .. Mmps =  550 Ndav =  42 E =   -111.2911974998 Error = 7.97e-20 FLOPS = 1.64e+10 Tdav = 69.00 T = 76.88
 --> Site =  144 .. Mmps =  550 Ndav =  38 E =   -111.2915661153 Error = 8.56e-21 FLOPS = 1.77e+10 Tdav = 55.59 T = 62.93
 --> Site =  145 .. Mmps =  550 Ndav =  45 E =   -111.2922009498 Error = 3.14e-20 FLOPS = 1.46e+10 Tdav = 76.93 T = 83.81
 --> Site =  146 .. Mmps =  550 Ndav =  48 E =   -111.2928027616 Error = 7.14e-21 FLOPS = 1.32e+10 Tdav = 87.01 T = 93.41
 --> Site =  147 .. Mmps =  550 Ndav =  42 E =   -111.2933118315 Error = 4.83e-20 FLOPS = 1.50e+10 Tdav = 64.30 T = 70.34
 --> Site =  148 .. Mmps =  550 Ndav =  35 E =   -111.2934660480 Error = 1.66e-20 FLOPS = 1.76e+10 Tdav = 43.66 T = 49.46
 --> Site =  149 .. Mmps =  550 Ndav =  40 E =   -111.2936682068 Error = 3.49e-20 FLOPS = 1.50e+10 Tdav = 55.91 T = 61.09
 --> Site =  150 .. Mmps =  550 Ndav =  43 E =   -111.2939580636 Error = 7.56e-21 FLOPS = 1.34e+10 Tdav = 63.91 T = 68.72
 --> Site =  151 .. Mmps =  550 Ndav =  35 E =   -111.2940945782 Error = 7.26e-20 FLOPS = 1.63e+10 Tdav = 40.78 T = 45.23
 --> Site =  152 .. Mmps =  550 Ndav =  30 E =   -111.2941303598 Error = 1.36e-20 FLOPS = 1.83e+10 Tdav = 29.42 T = 33.55
 --> Site =  153 .. Mmps =  550 Ndav =  25 E =   -111.2941569346 Error = 1.13e-19 FLOPS = 2.07e+10 Tdav = 20.52 T = 24.28
 --> Site =  154 .. Mmps =  550 Ndav =  24 E =   -111.2941695688 Error = 1.37e-20 FLOPS = 2.08e+10 Tdav = 18.44 T = 21.92
 --> Site =  155 .. Mmps =  550 Ndav =  21 E =   -111.2941844282 Error = 2.92e-19 FLOPS = 2.22e+10 Tdav = 14.16 T = 17.31
 --> Site =  156 .. Mmps =  550 Ndav =  18 E =   -111.2941918807 Error = 2.22e-19 FLOPS = 2.38e+10 Tdav = 10.59 T = 13.46
 --> Site =  157 .. Mmps =  550 Ndav =  17 E =   -111.2941937771 Error = 1.90e-19 FLOPS = 2.39e+10 Tdav = 9.23 T = 11.85
 --> Site =  158 .. Mmps =  550 Ndav =   5 E =   -111.2941939331 Error = 2.10e-20 FLOPS = 3.13e+10 Tdav = 1.91 T = 4.27
 --> Site =  159 .. Mmps =  550 Ndav =   2 E =   -111.2941939338 Error = 4.29e-24 FLOPS = 2.92e+10 Tdav = 0.68 T = 2.76
 --> Site =  160 .. Mmps =  550 Ndav =   1 E =   -111.2941939338 Error = 1.55e-33 FLOPS = 2.29e+10 Tdav = 0.17 T = 1.91
 --> Site =  161 .. Mmps =  550 Ndav =   1 E =   -111.2941939338 Error = 3.17e-57 FLOPS = 2.13e+10 Tdav = 0.07 T = 1.61
 --> Site =  162 .. Mmps =  550 Ndav =   1 E =   -111.2941939338 Error = 8.19e-83 FLOPS = 2.14e+10 Tdav = 0.03 T = 1.35
 --> Site =  163 .. Mmps =  550 Ndav =   1 E =   -111.2941939338 Error = 5.94e-108 FLOPS = 1.71e+10 Tdav = 0.02 T = 1.17
 --> Site =  164 .. Mmps =  550 Ndav =   1 E =   -111.2941939338 Error = 6.80e-132 FLOPS = 1.45e+10 Tdav = 0.01 T = 1.01
 --> Site =  165 .. Mmps =  550 Ndav =   1 E =   -111.2941939338 Error = 1.67e-153 FLOPS = 8.65e+09 Tdav = 0.01 T = 0.87
 --> Site =  166 .. Mmps =  543 Ndav =   1 E =   -111.2941939338 Error = 0.00e+00 FLOPS = 5.06e+09 Tdav = 0.00 T = 0.67
 --> Site =  167 .. Mmps =  536 Ndav =   1 E =   -111.2941939338 Error = 0.00e+00 FLOPS = 3.02e+09 Tdav = 0.00 T = 0.51
 --> Site =  168 .. Mmps =  539 Ndav =   1 E =   -111.2941939338 Error = 0.00e+00 FLOPS = 2.10e+09 Tdav = 0.00 T = 0.34
Time elapsed =  50568.748 | E =    -111.2941939338 | DE = -1.47e+00 | DW = 9.26156e-17
Time sweep =    13121.599 | 210 TFLOP/SWP
 | Dmem = 141 MB (3%) | Imem = 232 B (79%) | Hmem = 672 MB | Wmem = 4.62 MB | Pmem = 0 B
 | Tread = 118.399 | Twrite = 34.118 | Tfpread = 115.558 | Tfpwrite = 20.468 | Tmporead = 0.000 | Tasync = 0.000
 | data = 14.8 GB | cpsd = 11.2 GB
 | Trot = 189.248 | Tctr = 1.445 | Tint = 0.008 | Tmid = 0.000 | Tdctr = 64.779 | Tdiag = 1.699 | Tinfo = 2.234
 | Teff = 2406.375 | Tprt = 0.000 | Teig = 10425.089 | Tblk = 12893.314 | Tmve = 228.271 | Tdm = 2.914 | Tsplt = 42.225 | Tsvd = 0.000 | Torth = 0.000

Sweep =   12 | Direction = backward | Bond dimension =  550 | Noise =  0.00e+00 | Dav threshold =  1.00e-08
 <-- Site =  168 .. Mmps =    2 Ndav =   1 E =   -111.2941939338 Error = 0.00e+00 FLOPS = 2.10e+09 Tdav = 0.00 T = 0.02
 <-- Site =  167 .. Mmps =    4 Ndav =   1 E =   -111.2941939338 Error = 0.00e+00 FLOPS = 3.34e+09 Tdav = 0.00 T = 0.10
 <-- Site =  166 .. Mmps =    8 Ndav =   1 E =   -111.2941939338 Error = 0.00e+00 FLOPS = 5.55e+09 Tdav = 0.00 T = 0.16
 <-- Site =  165 .. Mmps =   16 Ndav =   1 E =   -111.2941939338 Error = 0.00e+00 FLOPS = 8.99e+09 Tdav = 0.01 T = 0.24
 <-- Site =  164 .. Mmps =   32 Ndav =   1 E =   -111.2941939338 Error = 0.00e+00 FLOPS = 1.43e+10 Tdav = 0.01 T = 0.34
 <-- Site =  163 .. Mmps =   64 Ndav =   1 E =   -111.2941939338 Error = 0.00e+00 FLOPS = 1.73e+10 Tdav = 0.02 T = 0.46
 <-- Site =  162 .. Mmps =  128 Ndav =   1 E =   -111.2941939338 Error = 0.00e+00 FLOPS = 2.24e+10 Tdav = 0.03 T = 0.61
 <-- Site =  161 .. Mmps =  256 Ndav =   1 E =   -111.2941939338 Error = 0.00e+00 FLOPS = 2.15e+10 Tdav = 0.07 T = 0.81
 <-- Site =  160 .. Mmps =  512 Ndav =   1 E =   -111.2941939338 Error = 0.00e+00 FLOPS = 2.31e+10 Tdav = 0.17 T = 1.13
 <-- Site =  159 .. Mmps =  550 Ndav =   1 E =   -111.2941939338 Error = 7.95e-26 FLOPS = 2.56e+10 Tdav = 0.39 T = 1.93
 <-- Site =  158 .. Mmps =  550 Ndav =   1 E =   -111.2941939338 Error = 8.14e-24 FLOPS = 2.67e+10 Tdav = 0.45 T = 2.57
 <-- Site =  157 .. Mmps =  550 Ndav =   1 E =   -111.2941939338 Error = 2.08e-23 FLOPS = 2.72e+10 Tdav = 0.48 T = 2.92
 <-- Site =  156 .. Mmps =  550 Ndav =   2 E =   -111.2941939341 Error = 5.25e-21 FLOPS = 3.08e+10 Tdav = 0.91 T = 3.65
 <-- Site =  155 .. Mmps =  550 Ndav =   3 E =   -111.2941939355 Error = 2.66e-21 FLOPS = 3.20e+10 Tdav = 1.40 T = 4.44
 <-- Site =  154 .. Mmps =  550 Ndav =   5 E =   -111.2941939442 Error = 2.59e-20 FLOPS = 3.24e+10 Tdav = 2.47 T = 5.84
 <-- Site =  153 .. Mmps =  550 Ndav =   5 E =   -111.2941939554 Error = 1.21e-19 FLOPS = 3.26e+10 Tdav = 2.61 T = 6.30
 <-- Site =  152 .. Mmps =  550 Ndav =   6 E =   -111.2941939730 Error = 3.67e-20 FLOPS = 3.25e+10 Tdav = 3.32 T = 7.38
 <-- Site =  151 .. Mmps =  550 Ndav =   5 E =   -111.2941939894 Error = 7.25e-20 FLOPS = 3.29e+10 Tdav = 2.88 T = 7.30
 <-- Site =  150 .. Mmps =  550 Ndav =   6 E =   -111.2941940181 Error = 3.14e-20 FLOPS = 3.28e+10 Tdav = 3.65 T = 8.45
 <-- Site =  149 .. Mmps =  550 Ndav =   5 E =   -111.2941940395 Error = 2.62e-20 FLOPS = 3.31e+10 Tdav = 3.17 T = 8.33
 <-- Site =  148 .. Mmps =  550 Ndav =   7 E =   -111.2941940701 Error = 2.19e-20 FLOPS = 3.28e+10 Tdav = 4.69 T = 10.25
 <-- Site =  147 .. Mmps =  550 Ndav =   6 E =   -111.2941940948 Error = 2.20e-20 FLOPS = 3.32e+10 Tdav = 4.15 T = 10.10
 <-- Site =  146 .. Mmps =  550 Ndav =   7 E =   -111.2941941209 Error = 1.34e-20 FLOPS = 3.31e+10 Tdav = 5.07 T = 11.49
 <-- Site =  145 .. Mmps =  550 Ndav =   6 E =   -111.2941941512 Error = 1.35e-20 FLOPS = 3.34e+10 Tdav = 4.48 T = 11.41
 <-- Site =  144 .. Mmps =  550 Ndav =   7 E =   -111.2941941854 Error = 5.87e-21 FLOPS = 3.32e+10 Tdav = 5.47 T = 12.83
 <-- Site =  143 .. Mmps =  550 Ndav =   9 E =   -111.2941942282 Error = 2.56e-20 FLOPS = 3.27e+10 Tdav = 7.41 T = 15.30
 <-- Site =  142 .. Mmps =  550 Ndav =   6 E =   -111.2941942482 Error = 1.46e-18 FLOPS = 3.36e+10 Tdav = 4.98 T = 13.34
 <-- Site =  141 .. Mmps =  550 Ndav =   6 E =   -111.2941942714 Error = 7.11e-21 FLOPS = 3.37e+10 Tdav = 5.15 T = 14.00
 <-- Site =  140 .. Mmps =  550 Ndav =   7 E =   -111.2941943323 Error = 3.18e-18 FLOPS = 3.36e+10 Tdav = 6.24 T = 15.61
 <-- Site =  139 .. Mmps =  550 Ndav =   7 E =   -111.2941943944 Error = 1.69e-20 FLOPS = 3.37e+10 Tdav = 6.43 T = 16.39
 <-- Site =  138 .. Mmps =  550 Ndav =   7 E =   -111.2941944711 Error = 3.97e-18 FLOPS = 3.38e+10 Tdav = 6.63 T = 17.15
 <-- Site =  137 .. Mmps =  550 Ndav =   9 E =   -111.2941946660 Error = 1.65e-20 FLOPS = 3.32e+10 Tdav = 8.92 T = 20.03
 <-- Site =  136 .. Mmps =  550 Ndav =  14 E =   -111.2941953211 Error = 4.82e-18 FLOPS = 3.15e+10 Tdav = 15.08 T = 26.79
 <-- Site =  135 .. Mmps =  550 Ndav =  12 E =   -111.2941958300 Error = 3.53e-20 FLOPS = 3.24e+10 Tdav = 12.93 T = 25.27
 <-- Site =  134 .. Mmps =  550 Ndav =  14 E =   -111.2941965541 Error = 3.37e-18 FLOPS = 3.17e+10 Tdav = 15.86 T = 28.82
 <-- Site =  133 .. Mmps =  550 Ndav =  13 E =   -111.2941975564 Error = 9.57e-21 FLOPS = 3.22e+10 Tdav = 14.89 T = 28.51
 <-- Site =  132 .. Mmps =  550 Ndav =  18 E =   -111.2941998471 Error = 7.90e-19 FLOPS = 3.02e+10 Tdav = 22.60 T = 36.93
 <-- Site =  131 .. Mmps =  550 Ndav =  19 E =   -111.2942022481 Error = 1.51e-20 FLOPS = 2.99e+10 Tdav = 24.71 T = 39.67
 <-- Site =  130 .. Mmps =  550 Ndav =  24 E =   -111.2942049015 Error = 5.53e-18 FLOPS = 2.78e+10 Tdav = 34.43 T = 50.12
 <-- Site =  129 .. Mmps =  550 Ndav =  18 E =   -111.2942084587 Error = 3.12e-21 FLOPS = 3.06e+10 Tdav = 24.08 T = 40.57
 <-- Site =  128 .. Mmps =  550 Ndav =  16 E =   -111.2942114085 Error = 3.94e-21 FLOPS = 3.15e+10 Tdav = 21.27 T = 38.42
 <-- Site =  127 .. Mmps =  550 Ndav =  16 E =   -111.2942155002 Error = 1.01e-20 FLOPS = 3.16e+10 Tdav = 21.74 T = 39.60
 <-- Site =  126 .. Mmps =  550 Ndav =  11 E =   -111.2942171537 Error = 8.14e-21 FLOPS = 3.34e+10 Tdav = 14.47 T = 33.07
 <-- Site =  125 .. Mmps =  550 Ndav =  16 E =   -111.2942219212 Error = 1.46e-20 FLOPS = 3.18e+10 Tdav = 22.62 T = 41.64
 <-- Site =  124 .. Mmps =  550 Ndav =  11 E =   -111.2942231568 Error = 7.61e-21 FLOPS = 3.35e+10 Tdav = 14.77 T = 34.20
 <-- Site =  123 .. Mmps =  550 Ndav =  16 E =   -111.2942300341 Error = 5.62e-21 FLOPS = 3.19e+10 Tdav = 23.07 T = 42.91
 <-- Site =  122 .. Mmps =  550 Ndav =  14 E =   -111.2942328266 Error = 8.13e-21 FLOPS = 3.26e+10 Tdav = 19.73 T = 40.02
 <-- Site =  121 .. Mmps =  550 Ndav =  15 E =   -111.2942381831 Error = 1.16e-20 FLOPS = 3.23e+10 Tdav = 21.80 T = 42.82
 <-- Site =  120 .. Mmps =  550 Ndav =  13 E =   -111.2942387194 Error = 1.13e-20 FLOPS = 3.30e+10 Tdav = 18.86 T = 40.43
 <-- Site =  119 .. Mmps =  550 Ndav =  13 E =   -111.2942419113 Error = 4.20e-21 FLOPS = 3.30e+10 Tdav = 18.89 T = 40.81
 <-- Site =  118 .. Mmps =  550 Ndav =  12 E =   -111.2942438699 Error = 1.15e-20 FLOPS = 3.34e+10 Tdav = 17.59 T = 39.92
 <-- Site =  117 .. Mmps =  550 Ndav =  15 E =   -111.2942462398 Error = 7.20e-20 FLOPS = 3.24e+10 Tdav = 22.63 T = 45.38
 <-- Site =  116 .. Mmps =  550 Ndav =  11 E =   -111.2942469094 Error = 4.51e-20 FLOPS = 3.37e+10 Tdav = 16.30 T = 39.86
 <-- Site =  115 .. Mmps =  550 Ndav =  13 E =   -111.2942484165 Error = 1.18e-18 FLOPS = 3.32e+10 Tdav = 19.94 T = 44.46
 <-- Site =  114 .. Mmps =  550 Ndav =  12 E =   -111.2942494547 Error = 5.48e-21 FLOPS = 3.35e+10 Tdav = 18.58 T = 43.57
 <-- Site =  113 .. Mmps =  550 Ndav =  16 E =   -111.2942522606 Error = 1.85e-18 FLOPS = 3.23e+10 Tdav = 25.71 T = 51.11
 <-- Site =  112 .. Mmps =  550 Ndav =  13 E =   -111.2942541878 Error = 2.83e-21 FLOPS = 3.33e+10 Tdav = 20.67 T = 46.54
 <-- Site =  111 .. Mmps =  550 Ndav =  15 E =   -111.2942607519 Error = 3.69e-18 FLOPS = 3.27e+10 Tdav = 24.30 T = 50.13
 <-- Site =  110 .. Mmps =  550 Ndav =  15 E =   -111.2942770602 Error = 9.95e-22 FLOPS = 3.27e+10 Tdav = 24.29 T = 50.19
 <-- Site =  109 .. Mmps =  550 Ndav =  27 E =   -111.2943198159 Error = 2.50e-18 FLOPS = 2.83e+10 Tdav = 50.52 T = 76.90
 <-- Site =  108 .. Mmps =  550 Ndav =  38 E =   -111.2961548594 Error = 3.52e-21 FLOPS = 2.40e+10 Tdav = 85.20 T = 111.92
 <-- Site =  107 .. Mmps =  550 Ndav =  45 E =   -111.2997065786 Error = 1.54e-18 FLOPS = 2.14e+10 Tdav = 113.19 T = 140.00
 <-- Site =  106 .. Mmps =  550 Ndav =  49 E =   -111.3049464925 Error = 6.50e-21 FLOPS = 2.00e+10 Tdav = 131.89 T = 158.77
 <-- Site =  105 .. Mmps =  550 Ndav =  51 E =   -111.3098450490 Error = 1.35e-18 FLOPS = 1.99e+10 Tdav = 138.41 T = 165.30
 <-- Site =  104 .. Mmps =  550 Ndav =  51 E =   -111.3158884704 Error = 3.41e-19 FLOPS = 1.98e+10 Tdav = 138.64 T = 165.90
 <-- Site =  103 .. Mmps =  550 Ndav =  50 E =   -111.3233677138 Error = 2.93e-20 FLOPS = 1.99e+10 Tdav = 138.15 T = 166.29
 <-- Site =  102 .. Mmps =  550 Ndav =  51 E =   -111.3326676793 Error = 1.71e-21 FLOPS = 2.02e+10 Tdav = 141.09 T = 169.73
 <-- Site =  101 .. Mmps =  550 Ndav =  47 E =   -111.3431993071 Error = 4.26e-21 FLOPS = 2.02e+10 Tdav = 129.83 T = 158.73
 <-- Site =  100 .. Mmps =  550 Ndav =  41 E =   -111.3500577939 Error = 7.97e-22 FLOPS = 2.23e+10 Tdav = 102.62 T = 132.00
 <-- Site =   99 .. Mmps =  550 Ndav =  47 E =   -111.3685142355 Error = 2.03e-21 FLOPS = 2.06e+10 Tdav = 129.99 T = 159.98
 <-- Site =   98 .. Mmps =  550 Ndav =  43 E =   -111.3888753334 Error = 1.02e-21 FLOPS = 2.21e+10 Tdav = 110.90 T = 140.43
 <-- Site =   97 .. Mmps =  550 Ndav =  45 E =   -111.4038999470 Error = 2.76e-21 FLOPS = 2.15e+10 Tdav = 116.80 T = 145.96
 <-- Site =   96 .. Mmps =  550 Ndav =  40 E =   -111.4111826291 Error = 1.18e-21 FLOPS = 2.35e+10 Tdav = 96.77 T = 126.80
 <-- Site =   95 .. Mmps =  550 Ndav =  48 E =   -111.4218474368 Error = 7.38e-22 FLOPS = 2.09e+10 Tdav = 133.25 T = 163.91
 <-- Site =   94 .. Mmps =  550 Ndav =  41 E =   -111.4442835248 Error = 2.31e-21 FLOPS = 2.34e+10 Tdav = 101.54 T = 131.85
 <-- Site =   93 .. Mmps =  550 Ndav =  35 E =   -111.4518981088 Error = 4.82e-21 FLOPS = 2.55e+10 Tdav = 78.15 T = 107.42
 <-- Site =   92 .. Mmps =  550 Ndav =  41 E =   -111.4587533661 Error = 4.39e-21 FLOPS = 2.31e+10 Tdav = 99.12 T = 128.22
 <-- Site =   91 .. Mmps =  550 Ndav =  40 E =   -111.4705407351 Error = 4.38e-20 FLOPS = 2.37e+10 Tdav = 95.89 T = 125.54
 <-- Site =   90 .. Mmps =  550 Ndav =  47 E =   -111.4786831373 Error = 4.66e-19 FLOPS = 2.12e+10 Tdav = 126.11 T = 155.79
 <-- Site =   89 .. Mmps =  550 Ndav =  53 E =   -111.4980174833 Error = 1.03e-18 FLOPS = 2.07e+10 Tdav = 145.85 T = 175.51
 <-- Site =   88 .. Mmps =  550 Ndav =  41 E =   -111.5100402928 Error = 1.84e-20 FLOPS = 2.34e+10 Tdav = 99.84 T = 129.53
 <-- Site =   87 .. Mmps =  550 Ndav =  47 E =   -111.5239133358 Error = 1.11e-18 FLOPS = 2.12e+10 Tdav = 126.11 T = 156.23
 <-- Site =   86 .. Mmps =  550 Ndav =  38 E =   -111.5254574914 Error = 7.47e-21 FLOPS = 2.46e+10 Tdav = 89.33 T = 119.96
 <-- Site =   85 .. Mmps =  550 Ndav =  37 E =   -111.5286052771 Error = 1.57e-18 FLOPS = 2.50e+10 Tdav = 85.67 T = 115.89
 <-- Site =   84 .. Mmps =  550 Ndav =  42 E =   -111.5332646078 Error = 5.33e-21 FLOPS = 2.30e+10 Tdav = 103.98 T = 133.61
 <-- Site =   83 .. Mmps =  550 Ndav =  99 E =   -111.5686986797 Error = 3.18e-16 FLOPS = 2.01e+10 Tdav = 280.23 T = 310.30
 <-- Site =   82 .. Mmps =  550 Ndav =  54 E =   -111.8315936337 Error = 1.56e-18 FLOPS = 2.10e+10 Tdav = 148.94 T = 179.58
 <-- Site =   81 .. Mmps =  550 Ndav =  45 E =   -112.0268278114 Error = 4.28e-21 FLOPS = 2.21e+10 Tdav = 118.09 T = 148.33
 <-- Site =   80 .. Mmps =  550 Ndav =  42 E =   -112.2342501317 Error = 1.26e-18 FLOPS = 2.30e+10 Tdav = 103.98 T = 133.74
 <-- Site =   79 .. Mmps =  550 Ndav =  34 E =   -112.2697551800 Error = 5.01e-21 FLOPS = 2.60e+10 Tdav = 74.36 T = 104.04
 <-- Site =   78 .. Mmps =  550 Ndav =  30 E =   -112.3075690112 Error = 1.10e-18 FLOPS = 2.76e+10 Tdav = 61.95 T = 91.54
 <-- Site =   77 .. Mmps =  550 Ndav =  32 E =   -112.3220193789 Error = 2.49e-21 FLOPS = 2.68e+10 Tdav = 67.97 T = 97.77
 <-- Site =   76 .. Mmps =  550 Ndav =  31 E =   -112.3362779763 Error = 2.30e-21 FLOPS = 2.72e+10 Tdav = 64.91 T = 95.04
 <-- Site =   75 .. Mmps =  550 Ndav =  31 E =   -112.3524365333 Error = 1.70e-21 FLOPS = 2.73e+10 Tdav = 65.78 T = 95.94
 <-- Site =   74 .. Mmps =  550 Ndav =  26 E =   -112.3599722493 Error = 5.56e-22 FLOPS = 2.91e+10 Tdav = 50.86 T = 81.00
 <-- Site =   73 .. Mmps =  550 Ndav =  28 E =   -112.3736363293 Error = 1.31e-21 FLOPS = 2.84e+10 Tdav = 57.02 T = 87.56
 <-- Site =   72 .. Mmps =  550 Ndav =  29 E =   -112.3986737838 Error = 1.01e-21 FLOPS = 2.80e+10 Tdav = 59.86 T = 90.19
 <-- Site =   71 .. Mmps =  550 Ndav =  32 E =   -112.4422264424 Error = 2.38e-21 FLOPS = 2.68e+10 Tdav = 67.98 T = 97.65
 <-- Site =   70 .. Mmps =  550 Ndav =  26 E =   -112.4536933633 Error = 8.30e-22 FLOPS = 2.91e+10 Tdav = 50.85 T = 80.50
 <-- Site =   69 .. Mmps =  550 Ndav =  34 E =   -112.4811465292 Error = 1.60e-21 FLOPS = 2.60e+10 Tdav = 74.37 T = 104.05
 <-- Site =   68 .. Mmps =  550 Ndav =  32 E =   -112.4959585603 Error = 1.29e-21 FLOPS = 2.68e+10 Tdav = 67.99 T = 97.27
 <-- Site =   67 .. Mmps =  550 Ndav =  27 E =   -112.4997180416 Error = 2.65e-21 FLOPS = 2.86e+10 Tdav = 52.74 T = 81.47
 <-- Site =   66 .. Mmps =  550 Ndav =  26 E =   -112.5006248494 Error = 4.93e-21 FLOPS = 2.90e+10 Tdav = 50.12 T = 78.83
 <-- Site =   65 .. Mmps =  550 Ndav =  28 E =   -112.5025550498 Error = 1.49e-20 FLOPS = 2.82e+10 Tdav = 55.46 T = 83.78
 <-- Site =   64 .. Mmps =  550 Ndav =  25 E =   -112.5030442015 Error = 1.98e-20 FLOPS = 2.93e+10 Tdav = 46.87 T = 74.68
 <-- Site =   63 .. Mmps =  550 Ndav =  24 E =   -112.5038262960 Error = 2.28e-18 FLOPS = 2.96e+10 Tdav = 44.45 T = 72.21
 <-- Site =   62 .. Mmps =  550 Ndav =  25 E =   -112.5043669709 Error = 9.65e-22 FLOPS = 2.93e+10 Tdav = 46.87 T = 74.34
 <-- Site =   61 .. Mmps =  550 Ndav =  27 E =   -112.5049124241 Error = 4.98e-19 FLOPS = 2.84e+10 Tdav = 51.27 T = 78.14
 <-- Site =   60 .. Mmps =  550 Ndav =  16 E =   -112.5049699439 Error = 4.95e-22 FLOPS = 3.24e+10 Tdav = 26.61 T = 53.46
 <-- Site =   59 .. Mmps =  550 Ndav =  23 E =   -112.5052031080 Error = 4.61e-18 FLOPS = 2.99e+10 Tdav = 41.42 T = 67.87
 <-- Site =   58 .. Mmps =  550 Ndav =  25 E =   -112.5054590823 Error = 7.73e-22 FLOPS = 2.91e+10 Tdav = 45.49 T = 71.44
 <-- Site =   57 .. Mmps =  550 Ndav =  37 E =   -112.5060006529 Error = 2.93e-19 FLOPS = 2.43e+10 Tdav = 80.60 T = 106.50
 <-- Site =   56 .. Mmps =  550 Ndav =  25 E =   -112.5064619709 Error = 3.59e-22 FLOPS = 2.91e+10 Tdav = 45.50 T = 71.41
 <-- Site =   55 .. Mmps =  550 Ndav =  40 E =   -112.5084338813 Error = 1.67e-18 FLOPS = 2.31e+10 Tdav = 91.48 T = 116.99
 <-- Site =   54 .. Mmps =  550 Ndav =  47 E =   -112.5112626556 Error = 3.60e-21 FLOPS = 2.04e+10 Tdav = 119.61 T = 144.66
 <-- Site =   53 .. Mmps =  550 Ndav =  51 E =   -112.5177987385 Error = 1.07e-18 FLOPS = 1.95e+10 Tdav = 135.53 T = 160.37
 <-- Site =   52 .. Mmps =  550 Ndav =  49 E =   -112.5280479091 Error = 6.84e-20 FLOPS = 1.95e+10 Tdav = 127.78 T = 151.56
 <-- Site =   51 .. Mmps =  550 Ndav =  48 E =   -112.5394409814 Error = 1.03e-21 FLOPS = 1.97e+10 Tdav = 121.67 T = 144.57
 <-- Site =   50 .. Mmps =  550 Ndav =  46 E =   -112.5492376891 Error = 2.40e-21 FLOPS = 2.02e+10 Tdav = 111.28 T = 133.71
 <-- Site =   49 .. Mmps =  550 Ndav =  43 E =   -112.5639182659 Error = 8.99e-22 FLOPS = 2.13e+10 Tdav = 98.61 T = 120.68
 <-- Site =   48 .. Mmps =  550 Ndav =  46 E =   -112.5933799229 Error = 1.65e-21 FLOPS = 2.00e+10 Tdav = 109.93 T = 131.56
 <-- Site =   47 .. Mmps =  550 Ndav =  49 E =   -112.6620729721 Error = 2.65e-21 FLOPS = 1.90e+10 Tdav = 123.71 T = 144.99
 <-- Site =   46 .. Mmps =  550 Ndav =  45 E =   -112.7854797624 Error = 1.04e-21 FLOPS = 2.02e+10 Tdav = 104.45 T = 125.20
 <-- Site =   45 .. Mmps =  550 Ndav =  39 E =   -112.8051689500 Error = 3.22e-21 FLOPS = 2.25e+10 Tdav = 81.20 T = 101.55
 <-- Site =   44 .. Mmps =  550 Ndav =  40 E =   -112.8223979762 Error = 1.12e-21 FLOPS = 2.19e+10 Tdav = 83.73 T = 103.32
 <-- Site =   43 .. Mmps =  550 Ndav =  40 E =   -112.8396758395 Error = 3.34e-21 FLOPS = 2.18e+10 Tdav = 82.59 T = 101.73
 <-- Site =   42 .. Mmps =  550 Ndav =  33 E =   -112.8677755998 Error = 1.94e-21 FLOPS = 2.46e+10 Tdav = 60.14 T = 79.02
 <-- Site =   41 .. Mmps =  550 Ndav =  33 E =   -112.8808131024 Error = 5.62e-21 FLOPS = 2.45e+10 Tdav = 59.25 T = 77.32
 <-- Site =   40 .. Mmps =  550 Ndav =  27 E =   -112.8855086653 Error = 3.48e-21 FLOPS = 2.69e+10 Tdav = 43.04 T = 60.32
 <-- Site =   39 .. Mmps =  550 Ndav =  35 E =   -112.8930024511 Error = 2.02e-20 FLOPS = 2.32e+10 Tdav = 63.12 T = 79.69
 <-- Site =   38 .. Mmps =  550 Ndav =  44 E =   -112.9101296017 Error = 8.71e-19 FLOPS = 1.94e+10 Tdav = 92.93 T = 108.79
 <-- Site =   37 .. Mmps =  550 Ndav =  36 E =   -112.9205505974 Error = 6.16e-21 FLOPS = 2.24e+10 Tdav = 64.15 T = 79.30
 <-- Site =   36 .. Mmps =  550 Ndav =  46 E =   -112.9324221312 Error = 3.96e-19 FLOPS = 1.82e+10 Tdav = 98.53 T = 113.02
 <-- Site =   35 .. Mmps =  550 Ndav =  34 E =   -112.9351076888 Error = 2.16e-21 FLOPS = 2.28e+10 Tdav = 56.47 T = 70.25
 <-- Site =   34 .. Mmps =  550 Ndav =  47 E =   -112.9384725936 Error = 1.48e-18 FLOPS = 1.73e+10 Tdav = 100.12 T = 113.27
 <-- Site =   33 .. Mmps =  550 Ndav =  39 E =   -112.9414536861 Error = 3.98e-21 FLOPS = 2.02e+10 Tdav = 69.37 T = 81.82
 <-- Site =   32 .. Mmps =  550 Ndav =  47 E =   -112.9445813935 Error = 1.78e-18 FLOPS = 1.68e+10 Tdav = 97.53 T = 109.37
 <-- Site =   31 .. Mmps =  550 Ndav =  32 E =   -112.9454695488 Error = 4.55e-21 FLOPS = 2.28e+10 Tdav = 47.54 T = 58.82
 <-- Site =   30 .. Mmps =  550 Ndav =  37 E =   -112.9464465668 Error = 6.94e-19 FLOPS = 2.03e+10 Tdav = 60.11 T = 70.78
 <-- Site =   29 .. Mmps =  550 Ndav =  30 E =   -112.9467255757 Error = 8.67e-21 FLOPS = 2.33e+10 Tdav = 41.12 T = 51.24
 <-- Site =   28 .. Mmps =  550 Ndav =  38 E =   -112.9470935026 Error = 9.33e-19 FLOPS = 1.93e+10 Tdav = 60.91 T = 70.46
 <-- Site =   27 .. Mmps =  550 Ndav =  38 E =   -112.9474449194 Error = 9.99e-21 FLOPS = 1.90e+10 Tdav = 59.89 T = 68.92
 <-- Site =   26 .. Mmps =  550 Ndav =  43 E =   -112.9478953061 Error = 2.20e-18 FLOPS = 1.66e+10 Tdav = 74.84 T = 83.30
 <-- Site =   25 .. Mmps =  550 Ndav =  37 E =   -112.9479885690 Error = 1.02e-20 FLOPS = 1.88e+10 Tdav = 54.89 T = 62.89
 <-- Site =   24 .. Mmps =  550 Ndav =  39 E =   -112.9481641544 Error = 9.29e-21 FLOPS = 1.76e+10 Tdav = 59.61 T = 67.14
 <-- Site =   23 .. Mmps =  550 Ndav =  39 E =   -112.9484464292 Error = 8.42e-21 FLOPS = 1.73e+10 Tdav = 58.56 T = 65.60
 <-- Site =   22 .. Mmps =  550 Ndav =  41 E =   -112.9488674484 Error = 1.32e-20 FLOPS = 1.61e+10 Tdav = 63.52 T = 70.10
 <-- Site =   21 .. Mmps =  550 Ndav =  45 E =   -112.9497986791 Error = 1.10e-20 FLOPS = 1.42e+10 Tdav = 75.75 T = 81.90
 <-- Site =   20 .. Mmps =  550 Ndav =  43 E =   -112.9505935753 Error = 6.21e-21 FLOPS = 1.46e+10 Tdav = 67.59 T = 73.32
 <-- Site =   19 .. Mmps =  550 Ndav =  41 E =   -112.9513886088 Error = 2.00e-20 FLOPS = 1.50e+10 Tdav = 60.10 T = 65.41
 <-- Site =   18 .. Mmps =  550 Ndav =  33 E =   -112.9515766289 Error = 1.05e-20 FLOPS = 1.81e+10 Tdav = 38.19 T = 43.18
 <-- Site =   17 .. Mmps =  550 Ndav =  38 E =   -112.9518135481 Error = 1.31e-20 FLOPS = 1.54e+10 Tdav = 49.34 T = 53.98
 <-- Site =   16 .. Mmps =  550 Ndav =  38 E =   -112.9519312759 Error = 2.06e-20 FLOPS = 1.49e+10 Tdav = 48.29 T = 52.50
 <-- Site =   15 .. Mmps =  550 Ndav =  28 E =   -112.9520292505 Error = 6.07e-20 FLOPS = 1.94e+10 Tdav = 25.95 T = 29.78
 <-- Site =   14 .. Mmps =  550 Ndav =  21 E =   -112.9520497269 Error = 1.21e-20 FLOPS = 2.32e+10 Tdav = 15.34 T = 18.85
 <-- Site =   13 .. Mmps =  550 Ndav =  22 E =   -112.9520684040 Error = 1.64e-19 FLOPS = 2.21e+10 Tdav = 15.92 T = 19.14
 <-- Site =   12 .. Mmps =  550 Ndav =  19 E =   -112.9520751527 Error = 8.96e-18 FLOPS = 2.35e+10 Tdav = 12.09 T = 14.96
 <-- Site =   11 .. Mmps =  550 Ndav =  15 E =   -112.9520765910 Error = 1.92e-19 FLOPS = 2.59e+10 Tdav = 8.08 T = 10.69
 <-- Site =   10 .. Mmps =  550 Ndav =   5 E =   -112.9520766848 Error = 2.72e-19 FLOPS = 3.16e+10 Tdav = 2.05 T = 4.39
 <-- Site =    9 .. Mmps =  550 Ndav =   2 E =   -112.9520766856 Error = 1.07e-23 FLOPS = 2.95e+10 Tdav = 0.72 T = 2.67
 <-- Site =    8 .. Mmps =  550 Ndav =   1 E =   -112.9520766856 Error = 7.78e-33 FLOPS = 2.20e+10 Tdav = 0.15 T = 1.36
 <-- Site =    7 .. Mmps =  550 Ndav =   1 E =   -112.9520766856 Error = 1.20e-55 FLOPS = 1.95e+10 Tdav = 0.06 T = 1.05
 <-- Site =    6 .. Mmps =  550 Ndav =   1 E =   -112.9520766856 Error = 8.36e-75 FLOPS = 1.83e+10 Tdav = 0.02 T = 0.89
 <-- Site =    5 .. Mmps =  550 Ndav =   1 E =   -112.9520766856 Error = 3.69e-95 FLOPS = 1.51e+10 Tdav = 0.01 T = 0.82
 <-- Site =    4 .. Mmps =  550 Ndav =   1 E =   -112.9520766856 Error = 2.28e-108 FLOPS = 1.18e+10 Tdav = 0.01 T = 0.74
 <-- Site =    3 .. Mmps =  550 Ndav =   1 E =   -112.9520766856 Error = 1.98e-109 FLOPS = 8.69e+09 Tdav = 0.00 T = 0.70
 <-- Site =    2 .. Mmps =  550 Ndav =   1 E =   -112.9520766856 Error = 0.00e+00 FLOPS = 5.79e+09 Tdav = 0.00 T = 0.67
 <-- Site =    1 .. Mmps =  550 Ndav =   1 E =   -112.9520766856 Error = 9.50e-109 FLOPS = 3.39e+09 Tdav = 0.00 T = 0.64
 <-- Site =    0 .. Mmps =  549 Ndav =   1 E =   -112.9520766856 Error = 0.00e+00 FLOPS = 2.31e+09 Tdav = 0.00 T = 0.57
Time elapsed =  62152.695 | E =    -112.9520766856 | DE = -1.66e+00 | DW = 3.18226e-16
Time sweep =    11583.947 | 181 TFLOP/SWP
 | Dmem = 141 MB (3%) | Imem = 232 B (79%) | Hmem = 672 MB | Wmem = 4.62 MB | Pmem = 0 B
 | Tread = 75.106 | Twrite = 32.071 | Tfpread = 73.980 | Tfpwrite = 19.591 | Tmporead = 0.000 | Tasync = 0.000
 | data = 14.8 GB | cpsd = 9.91 GB
 | Trot = 187.092 | Tctr = 182.006 | Tint = 0.007 | Tmid = 0.000 | Tdctr = 0.010 | Tdiag = 1.662 | Tinfo = 2.379
 | Teff = 2306.676 | Tprt = 0.000 | Teig = 8751.724 | Tblk = 11121.081 | Tmve = 462.851 | Tdm = 2.868 | Tsplt = 41.892 | Tsvd = 0.000 | Torth = 0.000

Sweep =   13 | Direction =  forward | Bond dimension =  550 | Noise =  0.00e+00 | Dav threshold =  1.00e-08
 --> Site =    0 .. Mmps =    2 Ndav =   1 E =   -112.9520766856 Error = 0.00e+00 FLOPS = 2.35e+09 Tdav = 0.00 T = 0.02
 --> Site =    1 .. Mmps =    4 Ndav =   1 E =   -112.9520766856 Error = 0.00e+00 FLOPS = 3.41e+09 Tdav = 0.00 T = 0.05
 --> Site =    2 .. Mmps =    8 Ndav =   1 E =   -112.9520766856 Error = 0.00e+00 FLOPS = 5.78e+09 Tdav = 0.00 T = 0.05
 --> Site =    3 .. Mmps =   16 Ndav =   1 E =   -112.9520766856 Error = 0.00e+00 FLOPS = 8.79e+09 Tdav = 0.00 T = 0.05
 --> Site =    4 .. Mmps =   32 Ndav =   1 E =   -112.9520766856 Error = 0.00e+00 FLOPS = 1.20e+10 Tdav = 0.01 T = 0.06
 --> Site =    5 .. Mmps =   64 Ndav =   1 E =   -112.9520766856 Error = 0.00e+00 FLOPS = 1.48e+10 Tdav = 0.01 T = 0.08
 --> Site =    6 .. Mmps =  128 Ndav =   1 E =   -112.9520766856 Error = 0.00e+00 FLOPS = 1.80e+10 Tdav = 0.02 T = 0.11
 --> Site =    7 .. Mmps =  256 Ndav =   1 E =   -112.9520766856 Error = 0.00e+00 FLOPS = 1.93e+10 Tdav = 0.06 T = 0.20
 --> Site =    8 .. Mmps =  512 Ndav =   1 E =   -112.9520766856 Error = 0.00e+00 FLOPS = 2.21e+10 Tdav = 0.15 T = 0.53
 --> Site =    9 .. Mmps =  550 Ndav =   1 E =   -112.9520766856 Error = 9.88e-26 FLOPS = 2.62e+10 Tdav = 0.41 T = 1.89
 --> Site =   10 .. Mmps =  550 Ndav =   1 E =   -112.9520766856 Error = 2.16e-24 FLOPS = 2.72e+10 Tdav = 0.48 T = 2.61
 --> Site =   11 .. Mmps =  550 Ndav =   1 E =   -112.9520766856 Error = 5.59e-23 FLOPS = 2.79e+10 Tdav = 0.50 T = 2.88
 --> Site =   12 .. Mmps =  550 Ndav =   1 E =   -112.9520766856 Error = 9.86e-22 FLOPS = 2.83e+10 Tdav = 0.53 T = 3.15
 --> Site =   13 .. Mmps =  550 Ndav =   3 E =   -112.9520766870 Error = 1.40e-20 FLOPS = 3.23e+10 Tdav = 1.48 T = 4.38
 --> Site =   14 .. Mmps =  550 Ndav =   5 E =   -112.9520766968 Error = 4.07e-20 FLOPS = 3.26e+10 Tdav = 2.60 T = 5.77
 --> Site =   15 .. Mmps =  550 Ndav =   6 E =   -112.9520767123 Error = 2.90e-19 FLOPS = 3.26e+10 Tdav = 3.31 T = 6.79
 --> Site =   16 .. Mmps =  550 Ndav =   7 E =   -112.9520767470 Error = 7.94e-20 FLOPS = 3.24e+10 Tdav = 4.10 T = 8.01
 --> Site =   17 .. Mmps =  550 Ndav =   6 E =   -112.9520767745 Error = 3.74e-19 FLOPS = 3.28e+10 Tdav = 3.65 T = 7.79
 --> Site =   18 .. Mmps =  550 Ndav =   7 E =   -112.9520768252 Error = 1.13e-19 FLOPS = 3.27e+10 Tdav = 4.49 T = 8.99
 --> Site =   19 .. Mmps =  550 Ndav =   6 E =   -112.9520768635 Error = 2.91e-19 FLOPS = 3.31e+10 Tdav = 3.99 T = 8.87
 --> Site =   20 .. Mmps =  550 Ndav =   7 E =   -112.9520769096 Error = 6.22e-20 FLOPS = 3.29e+10 Tdav = 4.88 T = 10.14
 --> Site =   21 .. Mmps =  550 Ndav =   7 E =   -112.9520769598 Error = 3.56e-19 FLOPS = 3.31e+10 Tdav = 5.07 T = 10.78
 --> Site =   22 .. Mmps =  550 Ndav =   8 E =   -112.9520770145 Error = 8.17e-20 FLOPS = 3.29e+10 Tdav = 6.07 T = 12.16
 --> Site =   23 .. Mmps =  550 Ndav =   9 E =   -112.9520770605 Error = 2.17e-19 FLOPS = 3.26e+10 Tdav = 7.16 T = 13.64
 --> Site =   24 .. Mmps =  550 Ndav =   7 E =   -112.9520770988 Error = 1.70e-20 FLOPS = 3.34e+10 Tdav = 5.65 T = 12.68
 --> Site =   25 .. Mmps =  550 Ndav =  10 E =   -112.9520771515 Error = 1.39e-19 FLOPS = 3.25e+10 Tdav = 8.61 T = 16.05
 --> Site =   26 .. Mmps =  550 Ndav =   6 E =   -112.9520771763 Error = 1.92e-20 FLOPS = 3.38e+10 Tdav = 5.14 T = 13.07
 --> Site =   27 .. Mmps =  550 Ndav =   8 E =   -112.9520772126 Error = 4.64e-20 FLOPS = 3.34e+10 Tdav = 7.18 T = 15.51
 --> Site =   28 .. Mmps =  550 Ndav =   7 E =   -112.9520772604 Error = 7.91e-21 FLOPS = 3.37e+10 Tdav = 6.43 T = 15.35
 --> Site =   29 .. Mmps =  550 Ndav =   8 E =   -112.9520773257 Error = 9.97e-20 FLOPS = 3.35e+10 Tdav = 7.63 T = 17.06
 --> Site =   30 .. Mmps =  550 Ndav =   9 E =   -112.9520774272 Error = 3.66e-19 FLOPS = 3.33e+10 Tdav = 8.91 T = 18.93
 --> Site =   31 .. Mmps =  550 Ndav =   7 E =   -112.9520774995 Error = 5.96e-20 FLOPS = 3.39e+10 Tdav = 7.01 T = 17.48
 --> Site =   32 .. Mmps =  550 Ndav =   8 E =   -112.9520775959 Error = 3.51e-19 FLOPS = 3.37e+10 Tdav = 8.30 T = 19.48
 --> Site =   33 .. Mmps =  550 Ndav =   9 E =   -112.9520777845 Error = 1.20e-20 FLOPS = 3.35e+10 Tdav = 9.66 T = 21.30
 --> Site =   34 .. Mmps =  550 Ndav =  16 E =   -112.9520786615 Error = 2.02e-20 FLOPS = 3.10e+10 Tdav = 19.05 T = 31.29
 --> Site =   35 .. Mmps =  550 Ndav =  13 E =   -112.9520792956 Error = 1.05e-20 FLOPS = 3.23e+10 Tdav = 15.25 T = 28.09
 --> Site =   36 .. Mmps =  550 Ndav =  18 E =   -112.9520801583 Error = 5.28e-21 FLOPS = 3.04e+10 Tdav = 23.05 T = 36.61
 --> Site =   37 .. Mmps =  550 Ndav =  17 E =   -112.9520810968 Error = 7.22e-21 FLOPS = 3.09e+10 Tdav = 21.94 T = 36.04
 --> Site =   38 .. Mmps =  550 Ndav =  25 E =   -112.9520827917 Error = 2.33e-20 FLOPS = 2.75e+10 Tdav = 37.15 T = 51.94
 --> Site =   39 .. Mmps =  550 Ndav =  20 E =   -112.9520854439 Error = 4.37e-21 FLOPS = 2.99e+10 Tdav = 28.04 T = 43.58
 --> Site =   40 .. Mmps =  550 Ndav =  17 E =   -112.9520877371 Error = 1.19e-20 FLOPS = 3.12e+10 Tdav = 23.36 T = 39.53
 --> Site =   41 .. Mmps =  550 Ndav =  16 E =   -112.9520907037 Error = 1.76e-20 FLOPS = 3.17e+10 Tdav = 22.15 T = 38.99
 --> Site =   42 .. Mmps =  550 Ndav =  12 E =   -112.9520918833 Error = 5.14e-20 FLOPS = 3.32e+10 Tdav = 16.25 T = 33.84
 --> Site =   43 .. Mmps =  550 Ndav =  18 E =   -112.9520972936 Error = 1.25e-20 FLOPS = 3.10e+10 Tdav = 26.08 T = 44.03
 --> Site =   44 .. Mmps =  550 Ndav =  15 E =   -112.9520999414 Error = 1.02e-19 FLOPS = 3.23e+10 Tdav = 21.34 T = 39.65
 --> Site =   45 .. Mmps =  550 Ndav =  16 E =   -112.9521048695 Error = 4.27e-20 FLOPS = 3.20e+10 Tdav = 23.49 T = 42.61
 --> Site =   46 .. Mmps =  550 Ndav =  12 E =   -112.9521058308 Error = 3.37e-20 FLOPS = 3.33e+10 Tdav = 16.91 T = 36.36
 --> Site =   47 .. Mmps =  550 Ndav =  17 E =   -112.9521137389 Error = 1.26e-20 FLOPS = 3.17e+10 Tdav = 25.71 T = 45.53
 --> Site =   48 .. Mmps =  550 Ndav =  17 E =   -112.9521195259 Error = 5.51e-20 FLOPS = 3.17e+10 Tdav = 25.72 T = 45.94
 --> Site =   49 .. Mmps =  550 Ndav =  19 E =   -112.9521322383 Error = 1.15e-20 FLOPS = 3.10e+10 Tdav = 29.95 T = 50.57
 --> Site =   50 .. Mmps =  550 Ndav =  21 E =   -112.9521488273 Error = 1.36e-20 FLOPS = 3.02e+10 Tdav = 33.96 T = 54.97
 --> Site =   51 .. Mmps =  550 Ndav =  25 E =   -112.9521605658 Error = 1.40e-20 FLOPS = 2.88e+10 Tdav = 43.36 T = 64.76
 --> Site =   52 .. Mmps =  550 Ndav =  17 E =   -112.9521635138 Error = 1.41e-20 FLOPS = 3.19e+10 Tdav = 27.12 T = 49.33
 --> Site =   53 .. Mmps =  550 Ndav =  15 E =   -112.9521655790 Error = 4.07e-21 FLOPS = 3.26e+10 Tdav = 23.85 T = 46.90
 --> Site =   54 .. Mmps =  550 Ndav =  15 E =   -112.9521671773 Error = 1.15e-20 FLOPS = 3.26e+10 Tdav = 23.88 T = 47.35
 --> Site =   55 .. Mmps =  550 Ndav =  15 E =   -112.9521693776 Error = 2.48e-21 FLOPS = 3.27e+10 Tdav = 24.25 T = 48.09
 --> Site =   56 .. Mmps =  550 Ndav =  16 E =   -112.9521727601 Error = 2.02e-20 FLOPS = 3.24e+10 Tdav = 26.15 T = 50.43
 --> Site =   57 .. Mmps =  550 Ndav =  18 E =   -112.9521790361 Error = 2.99e-21 FLOPS = 3.17e+10 Tdav = 30.04 T = 54.34
 --> Site =   58 .. Mmps =  550 Ndav =  14 E =   -112.9521801272 Error = 5.17e-21 FLOPS = 3.30e+10 Tdav = 22.43 T = 46.82
 --> Site =   59 .. Mmps =  550 Ndav =  16 E =   -112.9521814238 Error = 2.29e-21 FLOPS = 3.24e+10 Tdav = 26.59 T = 51.31
 --> Site =   60 .. Mmps =  550 Ndav =  16 E =   -112.9521827874 Error = 2.22e-21 FLOPS = 3.24e+10 Tdav = 26.59 T = 51.85
 --> Site =   61 .. Mmps =  550 Ndav =  19 E =   -112.9521853266 Error = 8.50e-21 FLOPS = 3.14e+10 Tdav = 32.59 T = 57.78
 --> Site =   62 .. Mmps =  550 Ndav =  16 E =   -112.9521866028 Error = 2.35e-21 FLOPS = 3.25e+10 Tdav = 27.03 T = 52.94
 --> Site =   63 .. Mmps =  550 Ndav =  14 E =   -112.9521872257 Error = 1.73e-20 FLOPS = 3.31e+10 Tdav = 23.22 T = 49.28
 --> Site =   64 .. Mmps =  550 Ndav =  13 E =   -112.9521875801 Error = 3.47e-20 FLOPS = 3.34e+10 Tdav = 21.38 T = 47.39
 --> Site =   65 .. Mmps =  550 Ndav =   9 E =   -112.9521877402 Error = 1.04e-21 FLOPS = 3.44e+10 Tdav = 14.64 T = 41.12
 --> Site =   66 .. Mmps =  550 Ndav =  11 E =   -112.9521881100 Error = 1.19e-20 FLOPS = 3.39e+10 Tdav = 18.13 T = 45.07
 --> Site =   67 .. Mmps =  550 Ndav =   9 E =   -112.9521883440 Error = 1.85e-21 FLOPS = 3.44e+10 Tdav = 14.64 T = 41.54
 --> Site =   68 .. Mmps =  550 Ndav =   9 E =   -112.9521887964 Error = 6.18e-21 FLOPS = 3.44e+10 Tdav = 14.89 T = 42.26
 --> Site =   69 .. Mmps =  550 Ndav =   7 E =   -112.9521889479 Error = 6.34e-21 FLOPS = 3.47e+10 Tdav = 11.47 T = 39.41
 --> Site =   70 .. Mmps =  550 Ndav =   9 E =   -112.9521890782 Error = 1.23e-20 FLOPS = 3.44e+10 Tdav = 14.89 T = 42.72
 --> Site =   71 .. Mmps =  550 Ndav =   6 E =   -112.9521891586 Error = 5.74e-21 FLOPS = 3.48e+10 Tdav = 9.81 T = 37.58
 --> Site =   72 .. Mmps =  550 Ndav =  10 E =   -112.9521894602 Error = 8.48e-21 FLOPS = 3.42e+10 Tdav = 16.92 T = 45.16
 --> Site =   73 .. Mmps =  550 Ndav =   9 E =   -112.9521896692 Error = 1.14e-20 FLOPS = 3.44e+10 Tdav = 15.14 T = 43.90
 --> Site =   74 .. Mmps =  550 Ndav =  11 E =   -112.9521900510 Error = 5.42e-21 FLOPS = 3.40e+10 Tdav = 18.43 T = 46.70
 --> Site =   75 .. Mmps =  550 Ndav =   9 E =   -112.9521902469 Error = 1.73e-20 FLOPS = 3.44e+10 Tdav = 15.14 T = 43.44
 --> Site =   76 .. Mmps =  550 Ndav =  11 E =   -112.9521905982 Error = 1.73e-20 FLOPS = 3.40e+10 Tdav = 18.43 T = 46.78
 --> Site =   77 .. Mmps =  550 Ndav =   9 E =   -112.9521907240 Error = 8.57e-20 FLOPS = 3.44e+10 Tdav = 14.88 T = 42.75
 --> Site =   78 .. Mmps =  550 Ndav =   6 E =   -112.9521907713 Error = 8.13e-21 FLOPS = 3.48e+10 Tdav = 9.80 T = 37.57
 --> Site =   79 .. Mmps =  550 Ndav =   5 E =   -112.9521907951 Error = 1.31e-20 FLOPS = 3.49e+10 Tdav = 8.15 T = 36.00
 --> Site =   80 .. Mmps =  550 Ndav =   6 E =   -112.9521908645 Error = 2.61e-20 FLOPS = 3.48e+10 Tdav = 9.81 T = 37.70
 --> Site =   81 .. Mmps =  550 Ndav =   7 E =   -112.9521909410 Error = 2.88e-20 FLOPS = 3.47e+10 Tdav = 11.67 T = 39.98
 --> Site =   82 .. Mmps =  550 Ndav =  11 E =   -112.9521914906 Error = 4.00e-21 FLOPS = 3.40e+10 Tdav = 18.73 T = 47.51
 --> Site =   83 .. Mmps =  550 Ndav =  11 E =   -112.9521922999 Error = 2.04e-20 FLOPS = 3.40e+10 Tdav = 18.43 T = 46.76
 --> Site =   84 .. Mmps =  550 Ndav =  46 E =   -112.9613597284 Error = 1.51e-20 FLOPS = 2.16e+10 Tdav = 121.30 T = 149.09
 --> Site =   85 .. Mmps =  550 Ndav =  35 E =   -112.9702202228 Error = 1.02e-20 FLOPS = 2.58e+10 Tdav = 78.61 T = 106.86
 --> Site =   86 .. Mmps =  550 Ndav =  42 E =   -112.9754744105 Error = 1.21e-21 FLOPS = 2.32e+10 Tdav = 105.03 T = 133.79
 --> Site =   87 .. Mmps =  550 Ndav =  32 E =   -112.9769307339 Error = 1.57e-21 FLOPS = 2.68e+10 Tdav = 67.91 T = 96.22
 --> Site =   88 .. Mmps =  550 Ndav =  41 E =   -112.9779893863 Error = 1.36e-20 FLOPS = 2.34e+10 Tdav = 99.79 T = 127.66
 --> Site =   89 .. Mmps =  550 Ndav =  30 E =   -112.9781922170 Error = 5.23e-21 FLOPS = 2.76e+10 Tdav = 61.86 T = 89.67
 --> Site =   90 .. Mmps =  550 Ndav =  32 E =   -112.9784088770 Error = 2.82e-20 FLOPS = 2.68e+10 Tdav = 67.89 T = 95.73
 --> Site =   91 .. Mmps =  550 Ndav =  26 E =   -112.9784732054 Error = 2.41e-21 FLOPS = 2.91e+10 Tdav = 50.81 T = 78.64
 --> Site =   92 .. Mmps =  550 Ndav =  22 E =   -112.9785293056 Error = 2.60e-21 FLOPS = 3.05e+10 Tdav = 40.29 T = 67.69
 --> Site =   93 .. Mmps =  550 Ndav =  19 E =   -112.9785888088 Error = 8.70e-21 FLOPS = 3.16e+10 Tdav = 34.17 T = 61.61
 --> Site =   94 .. Mmps =  550 Ndav =  18 E =   -112.9786178465 Error = 1.59e-20 FLOPS = 3.20e+10 Tdav = 32.54 T = 60.81
 --> Site =   95 .. Mmps =  550 Ndav =  24 E =   -112.9787059765 Error = 4.85e-21 FLOPS = 3.00e+10 Tdav = 46.39 T = 75.09
 --> Site =   96 .. Mmps =  550 Ndav =  21 E =   -112.9787395336 Error = 3.20e-20 FLOPS = 3.10e+10 Tdav = 38.61 T = 66.89
 --> Site =   97 .. Mmps =  550 Ndav =  21 E =   -112.9787917570 Error = 4.56e-21 FLOPS = 3.09e+10 Tdav = 38.03 T = 65.42
 --> Site =   98 .. Mmps =  550 Ndav =  19 E =   -112.9788207144 Error = 2.03e-20 FLOPS = 3.16e+10 Tdav = 34.16 T = 61.53
 --> Site =   99 .. Mmps =  550 Ndav =  20 E =   -112.9788531663 Error = 5.83e-21 FLOPS = 3.13e+10 Tdav = 36.36 T = 64.20
 --> Site =  100 .. Mmps =  550 Ndav =  18 E =   -112.9788624691 Error = 2.53e-20 FLOPS = 3.19e+10 Tdav = 31.56 T = 58.99
 --> Site =  101 .. Mmps =  550 Ndav =  20 E =   -112.9788749231 Error = 5.33e-21 FLOPS = 3.12e+10 Tdav = 35.84 T = 62.77
 --> Site =  102 .. Mmps =  550 Ndav =  17 E =   -112.9788819059 Error = 8.70e-21 FLOPS = 3.22e+10 Tdav = 29.49 T = 56.36
 --> Site =  103 .. Mmps =  550 Ndav =  20 E =   -112.9788842241 Error = 2.55e-20 FLOPS = 3.11e+10 Tdav = 35.26 T = 61.79
 --> Site =  104 .. Mmps =  550 Ndav =  12 E =   -112.9788849099 Error = 1.13e-20 FLOPS = 3.36e+10 Tdav = 19.25 T = 44.85
 --> Site =  105 .. Mmps =  550 Ndav =  13 E =   -112.9788856357 Error = 1.10e-20 FLOPS = 3.33e+10 Tdav = 21.02 T = 46.19
 --> Site =  106 .. Mmps =  550 Ndav =  11 E =   -112.9788860775 Error = 1.11e-20 FLOPS = 3.39e+10 Tdav = 17.51 T = 42.65
 --> Site =  107 .. Mmps =  550 Ndav =  11 E =   -112.9788866553 Error = 3.17e-20 FLOPS = 3.39e+10 Tdav = 17.51 T = 42.65
 --> Site =  108 .. Mmps =  550 Ndav =  11 E =   -112.9788872663 Error = 4.10e-21 FLOPS = 3.39e+10 Tdav = 17.51 T = 42.65
 --> Site =  109 .. Mmps =  550 Ndav =  15 E =   -112.9788882928 Error = 5.52e-21 FLOPS = 3.27e+10 Tdav = 24.28 T = 49.01
 --> Site =  110 .. Mmps =  550 Ndav =  10 E =   -112.9788886496 Error = 4.91e-21 FLOPS = 3.40e+10 Tdav = 15.54 T = 39.76
 --> Site =  111 .. Mmps =  550 Ndav =  13 E =   -112.9788891297 Error = 1.39e-20 FLOPS = 3.33e+10 Tdav = 20.65 T = 45.01
 --> Site =  112 .. Mmps =  550 Ndav =  12 E =   -112.9788894359 Error = 1.74e-20 FLOPS = 3.36e+10 Tdav = 18.91 T = 43.20
 --> Site =  113 .. Mmps =  550 Ndav =  14 E =   -112.9788899038 Error = 4.70e-21 FLOPS = 3.30e+10 Tdav = 22.05 T = 45.96
 --> Site =  114 .. Mmps =  550 Ndav =  15 E =   -112.9788902564 Error = 4.09e-21 FLOPS = 3.26e+10 Tdav = 23.85 T = 47.38
 --> Site =  115 .. Mmps =  550 Ndav =  15 E =   -112.9788905722 Error = 1.12e-20 FLOPS = 3.26e+10 Tdav = 23.44 T = 46.51
 --> Site =  116 .. Mmps =  550 Ndav =  16 E =   -112.9788907436 Error = 9.26e-20 FLOPS = 3.22e+10 Tdav = 24.82 T = 47.04
 --> Site =  117 .. Mmps =  550 Ndav =  13 E =   -112.9788908283 Error = 3.84e-20 FLOPS = 3.31e+10 Tdav = 19.22 T = 40.67
 --> Site =  118 .. Mmps =  550 Ndav =  11 E =   -112.9788909174 Error = 4.21e-20 FLOPS = 3.37e+10 Tdav = 15.99 T = 36.97
 --> Site =  119 .. Mmps =  550 Ndav =   7 E =   -112.9788909623 Error = 7.68e-20 FLOPS = 3.44e+10 Tdav = 9.75 T = 30.32
 --> Site =  120 .. Mmps =  550 Ndav =   8 E =   -112.9788910477 Error = 2.63e-20 FLOPS = 3.43e+10 Tdav = 11.17 T = 31.41
 --> Site =  121 .. Mmps =  550 Ndav =   7 E =   -112.9788911067 Error = 3.00e-20 FLOPS = 3.44e+10 Tdav = 9.54 T = 29.41
 --> Site =  122 .. Mmps =  550 Ndav =   8 E =   -112.9788912027 Error = 3.70e-21 FLOPS = 3.42e+10 Tdav = 10.74 T = 29.84
 --> Site =  123 .. Mmps =  550 Ndav =   8 E =   -112.9788912691 Error = 1.27e-20 FLOPS = 3.42e+10 Tdav = 10.73 T = 29.43
 --> Site =  124 .. Mmps =  550 Ndav =  10 E =   -112.9788914989 Error = 2.61e-21 FLOPS = 3.37e+10 Tdav = 13.32 T = 31.61
 --> Site =  125 .. Mmps =  550 Ndav =  10 E =   -112.9788916706 Error = 1.16e-20 FLOPS = 3.37e+10 Tdav = 13.32 T = 31.30
 --> Site =  126 .. Mmps =  550 Ndav =  12 E =   -112.9788919339 Error = 2.28e-20 FLOPS = 3.31e+10 Tdav = 15.92 T = 33.50
 --> Site =  127 .. Mmps =  550 Ndav =  12 E =   -112.9788921117 Error = 3.51e-20 FLOPS = 3.31e+10 Tdav = 15.58 T = 32.43
 --> Site =  128 .. Mmps =  550 Ndav =  13 E =   -112.9788922865 Error = 2.07e-20 FLOPS = 3.27e+10 Tdav = 16.69 T = 32.87
 --> Site =  129 .. Mmps =  550 Ndav =  11 E =   -112.9788923754 Error = 3.35e-19 FLOPS = 3.32e+10 Tdav = 13.54 T = 29.01
 --> Site =  130 .. Mmps =  550 Ndav =   7 E =   -112.9788924070 Error = 2.59e-20 FLOPS = 3.42e+10 Tdav = 8.18 T = 23.03
 --> Site =  131 .. Mmps =  550 Ndav =   5 E =   -112.9788924121 Error = 4.89e-20 FLOPS = 3.44e+10 Tdav = 5.66 T = 19.84
 --> Site =  132 .. Mmps =  550 Ndav =   4 E =   -112.9788924162 Error = 1.96e-20 FLOPS = 3.44e+10 Tdav = 4.41 T = 17.91
 --> Site =  133 .. Mmps =  550 Ndav =   4 E =   -112.9788924198 Error = 1.45e-20 FLOPS = 3.44e+10 Tdav = 4.29 T = 17.17
 --> Site =  134 .. Mmps =  550 Ndav =   4 E =   -112.9788924242 Error = 4.34e-21 FLOPS = 3.43e+10 Tdav = 4.19 T = 16.48
 --> Site =  135 .. Mmps =  550 Ndav =   4 E =   -112.9788924281 Error = 1.67e-20 FLOPS = 3.42e+10 Tdav = 4.08 T = 15.75
 --> Site =  136 .. Mmps =  550 Ndav =   5 E =   -112.9788924337 Error = 8.25e-21 FLOPS = 3.42e+10 Tdav = 4.96 T = 16.08
 --> Site =  137 .. Mmps =  550 Ndav =   5 E =   -112.9788924398 Error = 1.26e-20 FLOPS = 3.42e+10 Tdav = 4.82 T = 15.34
 --> Site =  138 .. Mmps =  550 Ndav =   6 E =   -112.9788924506 Error = 1.84e-20 FLOPS = 3.39e+10 Tdav = 5.65 T = 15.63
 --> Site =  139 .. Mmps =  550 Ndav =   6 E =   -112.9788924602 Error = 2.60e-20 FLOPS = 3.39e+10 Tdav = 5.48 T = 14.99
 --> Site =  140 .. Mmps =  550 Ndav =   7 E =   -112.9788924748 Error = 2.80e-20 FLOPS = 3.36e+10 Tdav = 6.24 T = 15.28
 --> Site =  141 .. Mmps =  550 Ndav =   9 E =   -112.9788924929 Error = 6.14e-20 FLOPS = 3.29e+10 Tdav = 7.91 T = 16.38
 --> Site =  142 .. Mmps =  550 Ndav =   7 E =   -112.9788925098 Error = 2.89e-20 FLOPS = 3.35e+10 Tdav = 5.85 T = 13.76
 --> Site =  143 .. Mmps =  550 Ndav =   4 E =   -112.9788925119 Error = 5.40e-20 FLOPS = 3.39e+10 Tdav = 3.18 T = 10.57
 --> Site =  144 .. Mmps =  550 Ndav =   4 E =   -112.9788925148 Error = 2.24e-20 FLOPS = 3.37e+10 Tdav = 3.08 T = 10.05
 --> Site =  145 .. Mmps =  550 Ndav =   4 E =   -112.9788925187 Error = 3.99e-20 FLOPS = 3.37e+10 Tdav = 2.97 T = 9.45
 --> Site =  146 .. Mmps =  550 Ndav =   4 E =   -112.9788925231 Error = 5.66e-21 FLOPS = 3.36e+10 Tdav = 2.85 T = 8.94
 --> Site =  147 .. Mmps =  550 Ndav =   5 E =   -112.9788925293 Error = 4.12e-20 FLOPS = 3.34e+10 Tdav = 3.44 T = 9.08
 --> Site =  148 .. Mmps =  550 Ndav =   5 E =   -112.9788925363 Error = 1.14e-20 FLOPS = 3.33e+10 Tdav = 3.30 T = 8.54
 --> Site =  149 .. Mmps =  550 Ndav =   6 E =   -112.9788925486 Error = 5.51e-20 FLOPS = 3.30e+10 Tdav = 3.81 T = 8.71
 --> Site =  150 .. Mmps =  550 Ndav =   6 E =   -112.9788925602 Error = 1.33e-20 FLOPS = 3.29e+10 Tdav = 3.65 T = 8.15
 --> Site =  151 .. Mmps =  550 Ndav =   6 E =   -112.9788925780 Error = 4.75e-20 FLOPS = 3.27e+10 Tdav = 3.48 T = 7.69
 --> Site =  152 .. Mmps =  550 Ndav =   6 E =   -112.9788925901 Error = 1.46e-20 FLOPS = 3.25e+10 Tdav = 3.31 T = 7.22
 --> Site =  153 .. Mmps =  550 Ndav =   8 E =   -112.9788926089 Error = 1.59e-19 FLOPS = 3.15e+10 Tdav = 4.30 T = 7.83
 --> Site =  154 .. Mmps =  550 Ndav =   6 E =   -112.9788926164 Error = 2.22e-20 FLOPS = 3.21e+10 Tdav = 2.98 T = 6.19
 --> Site =  155 .. Mmps =  550 Ndav =   5 E =   -112.9788926234 Error = 4.27e-19 FLOPS = 3.22e+10 Tdav = 2.33 T = 5.25
 --> Site =  156 .. Mmps =  550 Ndav =   3 E =   -112.9788926246 Error = 2.04e-18 FLOPS = 3.18e+10 Tdav = 1.32 T = 3.96
 --> Site =  157 .. Mmps =  550 Ndav =   2 E =   -112.9788926248 Error = 6.44e-19 FLOPS = 3.06e+10 Tdav = 0.85 T = 3.26
 --> Site =  158 .. Mmps =  550 Ndav =   1 E =   -112.9788926248 Error = 1.32e-20 FLOPS = 2.68e+10 Tdav = 0.45 T = 2.61
 --> Site =  159 .. Mmps =  550 Ndav =   1 E =   -112.9788926248 Error = 3.27e-24 FLOPS = 2.54e+10 Tdav = 0.39 T = 2.35
 --> Site =  160 .. Mmps =  550 Ndav =   1 E =   -112.9788926248 Error = 1.33e-33 FLOPS = 2.29e+10 Tdav = 0.17 T = 1.92
 --> Site =  161 .. Mmps =  550 Ndav =   1 E =   -112.9788926248 Error = 3.33e-57 FLOPS = 2.05e+10 Tdav = 0.08 T = 1.58
 --> Site =  162 .. Mmps =  550 Ndav =   1 E =   -112.9788926248 Error = 2.00e-82 FLOPS = 2.15e+10 Tdav = 0.03 T = 1.33
 --> Site =  163 .. Mmps =  550 Ndav =   1 E =   -112.9788926248 Error = 3.65e-107 FLOPS = 1.72e+10 Tdav = 0.02 T = 1.16
 --> Site =  164 .. Mmps =  550 Ndav =   1 E =   -112.9788926248 Error = 9.73e-130 FLOPS = 1.45e+10 Tdav = 0.01 T = 0.99
 --> Site =  165 .. Mmps =  550 Ndav =   1 E =   -112.9788926248 Error = 3.23e-150 FLOPS = 8.61e+09 Tdav = 0.01 T = 0.89
 --> Site =  166 .. Mmps =  546 Ndav =   1 E =   -112.9788926248 Error = 0.00e+00 FLOPS = 5.06e+09 Tdav = 0.00 T = 0.68
 --> Site =  167 .. Mmps =  548 Ndav =   1 E =   -112.9788926248 Error = 0.00e+00 FLOPS = 3.03e+09 Tdav = 0.00 T = 0.56
 --> Site =  168 .. Mmps =  546 Ndav =   1 E =   -112.9788926248 Error = 0.00e+00 FLOPS = 2.13e+09 Tdav = 0.00 T = 0.36
Time elapsed =  67640.068 | E =    -112.9788926248 | DE = -2.68e-02 | DW = 2.03506e-18
Time sweep =     5487.373 | 78.9 TFLOP/SWP
 | Dmem = 141 MB (3%) | Imem = 232 B (79%) | Hmem = 672 MB | Wmem = 4.62 MB | Pmem = 0 B
 | Tread = 85.296 | Twrite = 34.080 | Tfpread = 81.903 | Tfpwrite = 20.544 | Tmporead = 0.000 | Tasync = 0.000
 | data = 14.8 GB | cpsd = 11.1 GB
 | Trot = 187.832 | Tctr = 1.381 | Tint = 0.008 | Tmid = 0.000 | Tdctr = 66.754 | Tdiag = 1.723 | Tinfo = 2.335
 | Teff = 2370.583 | Tprt = 0.000 | Teig = 2830.823 | Tblk = 5260.430 | Tmve = 226.930 | Tdm = 2.895 | Tsplt = 40.768 | Tsvd = 0.000 | Torth = 0.000

Sweep =   14 | Direction = backward | Bond dimension =  550 | Noise =  0.00e+00 | Dav threshold =  1.00e-08
 <-- Site =  168 .. Mmps =    2 Ndav =   1 E =   -112.9788926248 Error = 0.00e+00 FLOPS = 2.17e+09 Tdav = 0.00 T = 0.02
 <-- Site =  167 .. Mmps =    4 Ndav =   1 E =   -112.9788926248 Error = 0.00e+00 FLOPS = 3.39e+09 Tdav = 0.00 T = 0.11
 <-- Site =  166 .. Mmps =    8 Ndav =   1 E =   -112.9788926248 Error = 0.00e+00 FLOPS = 5.53e+09 Tdav = 0.00 T = 0.17
 <-- Site =  165 .. Mmps =   16 Ndav =   1 E =   -112.9788926248 Error = 0.00e+00 FLOPS = 9.12e+09 Tdav = 0.01 T = 0.25
 <-- Site =  164 .. Mmps =   32 Ndav =   1 E =   -112.9788926248 Error = 0.00e+00 FLOPS = 1.44e+10 Tdav = 0.01 T = 0.35
 <-- Site =  163 .. Mmps =   64 Ndav =   1 E =   -112.9788926248 Error = 0.00e+00 FLOPS = 1.74e+10 Tdav = 0.02 T = 0.46
 <-- Site =  162 .. Mmps =  128 Ndav =   1 E =   -112.9788926248 Error = 0.00e+00 FLOPS = 2.25e+10 Tdav = 0.03 T = 0.61
 <-- Site =  161 .. Mmps =  256 Ndav =   1 E =   -112.9788926248 Error = 0.00e+00 FLOPS = 2.30e+10 Tdav = 0.07 T = 0.80
 <-- Site =  160 .. Mmps =  512 Ndav =   1 E =   -112.9788926248 Error = 0.00e+00 FLOPS = 2.28e+10 Tdav = 0.17 T = 1.13
 <-- Site =  159 .. Mmps =  550 Ndav =   1 E =   -112.9788926248 Error = 8.57e-26 FLOPS = 2.55e+10 Tdav = 0.39 T = 1.94
 <-- Site =  158 .. Mmps =  550 Ndav =   1 E =   -112.9788926248 Error = 1.63e-23 FLOPS = 2.66e+10 Tdav = 0.45 T = 2.58
 <-- Site =  157 .. Mmps =  550 Ndav =   1 E =   -112.9788926248 Error = 1.73e-23 FLOPS = 2.71e+10 Tdav = 0.48 T = 2.94
 <-- Site =  156 .. Mmps =  550 Ndav =   1 E =   -112.9788926248 Error = 2.58e-21 FLOPS = 2.77e+10 Tdav = 0.50 T = 3.34
 <-- Site =  155 .. Mmps =  550 Ndav =   1 E =   -112.9788926248 Error = 7.61e-21 FLOPS = 2.82e+10 Tdav = 0.53 T = 3.57
 <-- Site =  154 .. Mmps =  550 Ndav =   2 E =   -112.9788926254 Error = 1.31e-20 FLOPS = 3.15e+10 Tdav = 1.02 T = 4.35
 <-- Site =  153 .. Mmps =  550 Ndav =   3 E =   -112.9788926265 Error = 3.38e-20 FLOPS = 3.24e+10 Tdav = 1.57 T = 5.22
 <-- Site =  152 .. Mmps =  550 Ndav =   3 E =   -112.9788926277 Error = 2.70e-20 FLOPS = 3.26e+10 Tdav = 1.65 T = 5.65
 <-- Site =  151 .. Mmps =  550 Ndav =   2 E =   -112.9788926286 Error = 7.05e-20 FLOPS = 3.20e+10 Tdav = 1.18 T = 5.53
 <-- Site =  150 .. Mmps =  550 Ndav =   3 E =   -112.9788926298 Error = 3.46e-20 FLOPS = 3.29e+10 Tdav = 1.82 T = 6.57
 <-- Site =  149 .. Mmps =  550 Ndav =   2 E =   -112.9788926306 Error = 4.84e-20 FLOPS = 3.23e+10 Tdav = 1.30 T = 6.44
 <-- Site =  148 .. Mmps =  550 Ndav =   2 E =   -112.9788926314 Error = 2.07e-20 FLOPS = 3.25e+10 Tdav = 1.35 T = 6.94
 <-- Site =  147 .. Mmps =  550 Ndav =   3 E =   -112.9788926323 Error = 4.55e-20 FLOPS = 3.33e+10 Tdav = 2.07 T = 8.05
 <-- Site =  146 .. Mmps =  550 Ndav =   2 E =   -112.9788926327 Error = 1.47e-20 FLOPS = 3.27e+10 Tdav = 1.46 T = 7.93
 <-- Site =  145 .. Mmps =  550 Ndav =   2 E =   -112.9788926330 Error = 1.24e-20 FLOPS = 3.30e+10 Tdav = 1.51 T = 8.37
 <-- Site =  144 .. Mmps =  550 Ndav =   2 E =   -112.9788926333 Error = 3.70e-21 FLOPS = 3.30e+10 Tdav = 1.58 T = 8.94
 <-- Site =  143 .. Mmps =  550 Ndav =   3 E =   -112.9788926340 Error = 1.05e-20 FLOPS = 3.36e+10 Tdav = 2.40 T = 10.27
 <-- Site =  142 .. Mmps =  550 Ndav =   2 E =   -112.9788926343 Error = 1.72e-18 FLOPS = 3.32e+10 Tdav = 1.68 T = 10.05
 <-- Site =  141 .. Mmps =  550 Ndav =   2 E =   -112.9788926347 Error = 1.88e-20 FLOPS = 3.33e+10 Tdav = 1.74 T = 10.60
 <-- Site =  140 .. Mmps =  550 Ndav =   3 E =   -112.9788926359 Error = 1.20e-18 FLOPS = 3.38e+10 Tdav = 2.66 T = 12.09
 <-- Site =  139 .. Mmps =  550 Ndav =   2 E =   -112.9788926367 Error = 2.08e-20 FLOPS = 3.34e+10 Tdav = 1.85 T = 11.84
 <-- Site =  138 .. Mmps =  550 Ndav =   3 E =   -112.9788926380 Error = 3.86e-18 FLOPS = 3.40e+10 Tdav = 2.82 T = 13.35
 <-- Site =  137 .. Mmps =  550 Ndav =   3 E =   -112.9788926394 Error = 1.04e-19 FLOPS = 3.41e+10 Tdav = 2.90 T = 13.96
 <-- Site =  136 .. Mmps =  550 Ndav =   4 E =   -112.9788926414 Error = 1.50e-17 FLOPS = 3.42e+10 Tdav = 3.97 T = 15.67
 <-- Site =  135 .. Mmps =  550 Ndav =   3 E =   -112.9788926426 Error = 6.06e-21 FLOPS = 3.41e+10 Tdav = 3.07 T = 15.39
 <-- Site =  134 .. Mmps =  550 Ndav =   3 E =   -112.9788926438 Error = 3.79e-18 FLOPS = 3.42e+10 Tdav = 3.15 T = 16.12
 <-- Site =  133 .. Mmps =  550 Ndav =   3 E =   -112.9788926449 Error = 7.91e-21 FLOPS = 3.43e+10 Tdav = 3.23 T = 16.88
 <-- Site =  132 .. Mmps =  550 Ndav =   3 E =   -112.9788926460 Error = 5.73e-19 FLOPS = 3.43e+10 Tdav = 3.32 T = 17.61
 <-- Site =  131 .. Mmps =  550 Ndav =   3 E =   -112.9788926467 Error = 8.36e-21 FLOPS = 3.43e+10 Tdav = 3.40 T = 18.36
 <-- Site =  130 .. Mmps =  550 Ndav =   3 E =   -112.9788926474 Error = 8.81e-19 FLOPS = 3.44e+10 Tdav = 3.49 T = 19.17
 <-- Site =  129 .. Mmps =  550 Ndav =   2 E =   -112.9788926477 Error = 2.96e-21 FLOPS = 3.40e+10 Tdav = 2.40 T = 18.74
 <-- Site =  128 .. Mmps =  550 Ndav =   3 E =   -112.9788926483 Error = 5.51e-21 FLOPS = 3.45e+10 Tdav = 3.65 T = 20.73
 <-- Site =  127 .. Mmps =  550 Ndav =   3 E =   -112.9788926491 Error = 4.53e-20 FLOPS = 3.45e+10 Tdav = 3.74 T = 21.60
 <-- Site =  126 .. Mmps =  550 Ndav =   2 E =   -112.9788926495 Error = 1.84e-21 FLOPS = 3.42e+10 Tdav = 2.57 T = 21.19
 <-- Site =  125 .. Mmps =  550 Ndav =   3 E =   -112.9788926501 Error = 1.45e-20 FLOPS = 3.45e+10 Tdav = 3.90 T = 22.94
 <-- Site =  124 .. Mmps =  550 Ndav =   2 E =   -112.9788926505 Error = 1.96e-20 FLOPS = 3.42e+10 Tdav = 2.63 T = 22.05
 <-- Site =  123 .. Mmps =  550 Ndav =   2 E =   -112.9788926510 Error = 9.71e-21 FLOPS = 3.42e+10 Tdav = 2.68 T = 22.53
 <-- Site =  122 .. Mmps =  550 Ndav =   2 E =   -112.9788926514 Error = 1.36e-20 FLOPS = 3.43e+10 Tdav = 2.68 T = 22.90
 <-- Site =  121 .. Mmps =  550 Ndav =   2 E =   -112.9788926519 Error = 2.61e-21 FLOPS = 3.43e+10 Tdav = 2.74 T = 23.92
 <-- Site =  120 .. Mmps =  550 Ndav =   2 E =   -112.9788926523 Error = 7.80e-21 FLOPS = 3.43e+10 Tdav = 2.79 T = 24.26
 <-- Site =  119 .. Mmps =  550 Ndav =   3 E =   -112.9788926534 Error = 9.11e-21 FLOPS = 3.46e+10 Tdav = 4.15 T = 26.02
 <-- Site =  118 .. Mmps =  550 Ndav =   2 E =   -112.9788926538 Error = 1.25e-20 FLOPS = 3.43e+10 Tdav = 2.85 T = 25.18
 <-- Site =  117 .. Mmps =  550 Ndav =   3 E =   -112.9788926552 Error = 3.56e-20 FLOPS = 3.46e+10 Tdav = 4.24 T = 26.98
 <-- Site =  116 .. Mmps =  550 Ndav =   2 E =   -112.9788926555 Error = 2.90e-20 FLOPS = 3.44e+10 Tdav = 2.90 T = 26.43
 <-- Site =  115 .. Mmps =  550 Ndav =   3 E =   -112.9788926564 Error = 7.74e-19 FLOPS = 3.47e+10 Tdav = 4.40 T = 28.77
 <-- Site =  114 .. Mmps =  550 Ndav =   2 E =   -112.9788926567 Error = 1.60e-20 FLOPS = 3.45e+10 Tdav = 3.01 T = 27.92
 <-- Site =  113 .. Mmps =  550 Ndav =   3 E =   -112.9788926577 Error = 6.52e-20 FLOPS = 3.47e+10 Tdav = 4.48 T = 29.83
 <-- Site =  112 .. Mmps =  550 Ndav =   2 E =   -112.9788926585 Error = 2.36e-21 FLOPS = 3.45e+10 Tdav = 3.07 T = 28.89
 <-- Site =  111 .. Mmps =  550 Ndav =   2 E =   -112.9788926594 Error = 1.15e-18 FLOPS = 3.45e+10 Tdav = 3.07 T = 28.91
 <-- Site =  110 .. Mmps =  550 Ndav =   2 E =   -112.9788926600 Error = 2.99e-21 FLOPS = 3.45e+10 Tdav = 3.07 T = 28.90
 <-- Site =  109 .. Mmps =  550 Ndav =   3 E =   -112.9788926611 Error = 3.52e-18 FLOPS = 3.47e+10 Tdav = 4.58 T = 30.82
 <-- Site =  108 .. Mmps =  550 Ndav =   2 E =   -112.9788926618 Error = 2.63e-21 FLOPS = 3.45e+10 Tdav = 3.13 T = 29.85
 <-- Site =  107 .. Mmps =  550 Ndav =   3 E =   -112.9788926629 Error = 2.29e-18 FLOPS = 3.48e+10 Tdav = 4.65 T = 31.45
 <-- Site =  106 .. Mmps =  550 Ndav =   3 E =   -112.9788926642 Error = 3.10e-21 FLOPS = 3.48e+10 Tdav = 4.65 T = 31.44
 <-- Site =  105 .. Mmps =  550 Ndav =   3 E =   -112.9788926656 Error = 2.37e-18 FLOPS = 3.48e+10 Tdav = 4.65 T = 31.44
 <-- Site =  104 .. Mmps =  550 Ndav =   3 E =   -112.9788926668 Error = 9.25e-20 FLOPS = 3.47e+10 Tdav = 4.66 T = 31.92
 <-- Site =  103 .. Mmps =  550 Ndav =   2 E =   -112.9788926673 Error = 6.34e-21 FLOPS = 3.45e+10 Tdav = 3.18 T = 31.32
 <-- Site =  102 .. Mmps =  550 Ndav =   3 E =   -112.9788926689 Error = 1.63e-21 FLOPS = 3.48e+10 Tdav = 4.82 T = 33.48
 <-- Site =  101 .. Mmps =  550 Ndav =   3 E =   -112.9788926701 Error = 2.03e-20 FLOPS = 3.48e+10 Tdav = 4.82 T = 33.52
 <-- Site =  100 .. Mmps =  550 Ndav =   3 E =   -112.9788926718 Error = 5.71e-21 FLOPS = 3.48e+10 Tdav = 4.82 T = 33.91
 <-- Site =   99 .. Mmps =  550 Ndav =   2 E =   -112.9788926724 Error = 7.50e-21 FLOPS = 3.46e+10 Tdav = 3.29 T = 32.92
 <-- Site =   98 .. Mmps =  550 Ndav =   3 E =   -112.9788926739 Error = 1.51e-20 FLOPS = 3.49e+10 Tdav = 4.90 T = 34.10
 <-- Site =   97 .. Mmps =  550 Ndav =   2 E =   -112.9788926748 Error = 9.77e-21 FLOPS = 3.45e+10 Tdav = 3.24 T = 32.34
 <-- Site =   96 .. Mmps =  550 Ndav =   4 E =   -112.9788926771 Error = 3.87e-21 FLOPS = 3.49e+10 Tdav = 6.51 T = 36.52
 <-- Site =   95 .. Mmps =  550 Ndav =   2 E =   -112.9788926777 Error = 1.75e-20 FLOPS = 3.46e+10 Tdav = 3.35 T = 33.94
 <-- Site =   94 .. Mmps =  550 Ndav =   3 E =   -112.9788926790 Error = 3.49e-21 FLOPS = 3.49e+10 Tdav = 4.98 T = 35.19
 <-- Site =   93 .. Mmps =  550 Ndav =   2 E =   -112.9788926798 Error = 1.86e-21 FLOPS = 3.46e+10 Tdav = 3.29 T = 32.60
 <-- Site =   92 .. Mmps =  550 Ndav =   3 E =   -112.9788926816 Error = 5.80e-21 FLOPS = 3.48e+10 Tdav = 4.82 T = 33.96
 <-- Site =   91 .. Mmps =  550 Ndav =   3 E =   -112.9788926830 Error = 4.30e-20 FLOPS = 3.49e+10 Tdav = 4.90 T = 34.51
 <-- Site =   90 .. Mmps =  550 Ndav =   3 E =   -112.9788926841 Error = 1.62e-18 FLOPS = 3.49e+10 Tdav = 4.90 T = 34.56
 <-- Site =   89 .. Mmps =  550 Ndav =   3 E =   -112.9788926852 Error = 3.91e-21 FLOPS = 3.48e+10 Tdav = 4.90 T = 34.62
 <-- Site =   88 .. Mmps =  550 Ndav =   3 E =   -112.9788926875 Error = 2.96e-18 FLOPS = 3.48e+10 Tdav = 4.91 T = 34.58
 <-- Site =   87 .. Mmps =  550 Ndav =   3 E =   -112.9788926903 Error = 5.36e-21 FLOPS = 3.48e+10 Tdav = 4.90 T = 34.98
 <-- Site =   86 .. Mmps =  550 Ndav =   5 E =   -112.9788927015 Error = 7.27e-20 FLOPS = 3.49e+10 Tdav = 8.29 T = 38.84
 <-- Site =   85 .. Mmps =  550 Ndav =   6 E =   -112.9788927258 Error = 3.44e-21 FLOPS = 3.48e+10 Tdav = 9.97 T = 40.14
 <-- Site =   84 .. Mmps =  550 Ndav =  13 E =   -112.9788930575 Error = 3.70e-19 FLOPS = 3.35e+10 Tdav = 22.09 T = 51.72
 <-- Site =   83 .. Mmps =  550 Ndav =  10 E =   -112.9788933418 Error = 2.28e-21 FLOPS = 3.42e+10 Tdav = 16.64 T = 46.73
 <-- Site =   82 .. Mmps =  550 Ndav =  12 E =   -112.9788936708 Error = 2.12e-18 FLOPS = 3.37e+10 Tdav = 20.60 T = 51.29
 <-- Site =   81 .. Mmps =  550 Ndav =  13 E =   -112.9788940091 Error = 1.20e-21 FLOPS = 3.35e+10 Tdav = 22.46 T = 52.67
 <-- Site =   80 .. Mmps =  550 Ndav =  18 E =   -112.9788946528 Error = 2.28e-18 FLOPS = 3.20e+10 Tdav = 32.03 T = 61.78
 <-- Site =   79 .. Mmps =  550 Ndav =  20 E =   -112.9788950951 Error = 6.09e-21 FLOPS = 3.13e+10 Tdav = 36.35 T = 66.04
 <-- Site =   78 .. Mmps =  550 Ndav =  20 E =   -112.9788957511 Error = 1.84e-18 FLOPS = 3.13e+10 Tdav = 36.37 T = 65.96
 <-- Site =   77 .. Mmps =  550 Ndav =  19 E =   -112.9788961805 Error = 9.81e-21 FLOPS = 3.16e+10 Tdav = 34.18 T = 63.84
 <-- Site =   76 .. Mmps =  550 Ndav =  13 E =   -112.9788963292 Error = 7.72e-21 FLOPS = 3.35e+10 Tdav = 22.09 T = 52.15
 <-- Site =   75 .. Mmps =  550 Ndav =  11 E =   -112.9788964174 Error = 1.06e-20 FLOPS = 3.40e+10 Tdav = 18.73 T = 48.90
 <-- Site =   74 .. Mmps =  550 Ndav =   8 E =   -112.9788964629 Error = 3.20e-21 FLOPS = 3.45e+10 Tdav = 13.18 T = 43.39
 <-- Site =   73 .. Mmps =  550 Ndav =   8 E =   -112.9788965025 Error = 1.02e-20 FLOPS = 3.46e+10 Tdav = 13.40 T = 44.02
 <-- Site =   72 .. Mmps =  550 Ndav =   7 E =   -112.9788965377 Error = 4.29e-21 FLOPS = 3.47e+10 Tdav = 11.67 T = 41.88
 <-- Site =   71 .. Mmps =  550 Ndav =  11 E =   -112.9788966303 Error = 4.56e-21 FLOPS = 3.40e+10 Tdav = 18.43 T = 48.30
 <-- Site =   70 .. Mmps =  550 Ndav =   9 E =   -112.9788966944 Error = 2.83e-20 FLOPS = 3.44e+10 Tdav = 14.90 T = 44.54
 <-- Site =   69 .. Mmps =  550 Ndav =  12 E =   -112.9788968208 Error = 4.10e-21 FLOPS = 3.37e+10 Tdav = 20.24 T = 49.94
 <-- Site =   68 .. Mmps =  550 Ndav =   9 E =   -112.9788968925 Error = 6.38e-22 FLOPS = 3.44e+10 Tdav = 14.89 T = 44.12
 <-- Site =   67 .. Mmps =  550 Ndav =  13 E =   -112.9788970730 Error = 4.10e-21 FLOPS = 3.34e+10 Tdav = 21.74 T = 50.44
 <-- Site =   66 .. Mmps =  550 Ndav =   9 E =   -112.9788971423 Error = 7.02e-21 FLOPS = 3.43e+10 Tdav = 14.65 T = 43.35
 <-- Site =   65 .. Mmps =  550 Ndav =  10 E =   -112.9788972013 Error = 1.79e-20 FLOPS = 3.41e+10 Tdav = 16.39 T = 44.65
 <-- Site =   64 .. Mmps =  550 Ndav =   6 E =   -112.9788972106 Error = 3.99e-19 FLOPS = 3.48e+10 Tdav = 9.47 T = 37.19
 <-- Site =   63 .. Mmps =  550 Ndav =   5 E =   -112.9788972161 Error = 1.32e-18 FLOPS = 3.49e+10 Tdav = 7.88 T = 35.57
 <-- Site =   62 .. Mmps =  550 Ndav =   2 E =   -112.9788972167 Error = 6.04e-21 FLOPS = 3.45e+10 Tdav = 3.18 T = 30.54
 <-- Site =   61 .. Mmps =  550 Ndav =   3 E =   -112.9788972178 Error = 2.85e-18 FLOPS = 3.48e+10 Tdav = 4.65 T = 31.52
 <-- Site =   60 .. Mmps =  550 Ndav =   2 E =   -112.9788972184 Error = 1.73e-21 FLOPS = 3.45e+10 Tdav = 3.12 T = 29.92
 <-- Site =   59 .. Mmps =  550 Ndav =   3 E =   -112.9788972195 Error = 5.41e-18 FLOPS = 3.48e+10 Tdav = 4.65 T = 30.99
 <-- Site =   58 .. Mmps =  550 Ndav =   2 E =   -112.9788972203 Error = 1.96e-21 FLOPS = 3.45e+10 Tdav = 3.07 T = 28.98
 <-- Site =   57 .. Mmps =  550 Ndav =   3 E =   -112.9788972221 Error = 1.82e-19 FLOPS = 3.48e+10 Tdav = 4.56 T = 30.46
 <-- Site =   56 .. Mmps =  550 Ndav =   3 E =   -112.9788972242 Error = 1.66e-21 FLOPS = 3.48e+10 Tdav = 4.56 T = 30.44
 <-- Site =   55 .. Mmps =  550 Ndav =   4 E =   -112.9788972278 Error = 1.84e-18 FLOPS = 3.49e+10 Tdav = 6.07 T = 31.56
 <-- Site =   54 .. Mmps =  550 Ndav =   6 E =   -112.9788972336 Error = 7.02e-21 FLOPS = 3.47e+10 Tdav = 8.97 T = 34.00
 <-- Site =   53 .. Mmps =  550 Ndav =   5 E =   -112.9788972392 Error = 8.64e-19 FLOPS = 3.48e+10 Tdav = 7.46 T = 32.06
 <-- Site =   52 .. Mmps =  550 Ndav =   5 E =   -112.9788972445 Error = 1.14e-19 FLOPS = 3.48e+10 Tdav = 7.32 T = 31.05
 <-- Site =   51 .. Mmps =  550 Ndav =   4 E =   -112.9788972475 Error = 1.33e-20 FLOPS = 3.48e+10 Tdav = 5.74 T = 28.61
 <-- Site =   50 .. Mmps =  550 Ndav =   5 E =   -112.9788972525 Error = 6.42e-21 FLOPS = 3.47e+10 Tdav = 7.04 T = 29.44
 <-- Site =   49 .. Mmps =  550 Ndav =   4 E =   -112.9788972566 Error = 1.42e-20 FLOPS = 3.48e+10 Tdav = 5.63 T = 27.67
 <-- Site =   48 .. Mmps =  550 Ndav =   5 E =   -112.9788972621 Error = 1.30e-20 FLOPS = 3.47e+10 Tdav = 6.91 T = 28.45
 <-- Site =   47 .. Mmps =  550 Ndav =   4 E =   -112.9788972653 Error = 8.64e-21 FLOPS = 3.48e+10 Tdav = 5.51 T = 26.70
 <-- Site =   46 .. Mmps =  550 Ndav =   4 E =   -112.9788972729 Error = 2.60e-21 FLOPS = 3.47e+10 Tdav = 5.41 T = 26.16
 <-- Site =   45 .. Mmps =  550 Ndav =   4 E =   -112.9788972774 Error = 2.18e-20 FLOPS = 3.47e+10 Tdav = 5.41 T = 25.77
 <-- Site =   44 .. Mmps =  550 Ndav =   6 E =   -112.9788972890 Error = 1.94e-21 FLOPS = 3.46e+10 Tdav = 7.97 T = 27.54
 <-- Site =   43 .. Mmps =  550 Ndav =   4 E =   -112.9788972933 Error = 5.86e-21 FLOPS = 3.46e+10 Tdav = 5.19 T = 24.32
 <-- Site =   42 .. Mmps =  550 Ndav =   6 E =   -112.9788973052 Error = 2.91e-21 FLOPS = 3.45e+10 Tdav = 7.81 T = 26.59
 <-- Site =   41 .. Mmps =  550 Ndav =   5 E =   -112.9788973124 Error = 1.34e-20 FLOPS = 3.46e+10 Tdav = 6.35 T = 24.43
 <-- Site =   40 .. Mmps =  550 Ndav =   7 E =   -112.9788973252 Error = 6.88e-21 FLOPS = 3.43e+10 Tdav = 8.76 T = 26.02
 <-- Site =   39 .. Mmps =  550 Ndav =   6 E =   -112.9788973313 Error = 3.68e-20 FLOPS = 3.44e+10 Tdav = 7.31 T = 23.87
 <-- Site =   38 .. Mmps =  550 Ndav =   3 E =   -112.9788973332 Error = 1.30e-18 FLOPS = 3.44e+10 Tdav = 3.57 T = 19.34
 <-- Site =   37 .. Mmps =  550 Ndav =   3 E =   -112.9788973346 Error = 1.78e-20 FLOPS = 3.44e+10 Tdav = 3.48 T = 18.58
 <-- Site =   36 .. Mmps =  550 Ndav =   3 E =   -112.9788973364 Error = 1.23e-18 FLOPS = 3.43e+10 Tdav = 3.40 T = 17.84
 <-- Site =   35 .. Mmps =  550 Ndav =   3 E =   -112.9788973382 Error = 4.63e-21 FLOPS = 3.43e+10 Tdav = 3.32 T = 17.06
 <-- Site =   34 .. Mmps =  550 Ndav =   4 E =   -112.9788973409 Error = 6.64e-19 FLOPS = 3.44e+10 Tdav = 4.29 T = 17.42
 <-- Site =   33 .. Mmps =  550 Ndav =   4 E =   -112.9788973440 Error = 5.62e-21 FLOPS = 3.43e+10 Tdav = 4.19 T = 16.68
 <-- Site =   32 .. Mmps =  550 Ndav =   4 E =   -112.9788973477 Error = 4.16e-19 FLOPS = 3.43e+10 Tdav = 4.08 T = 15.99
 <-- Site =   31 .. Mmps =  550 Ndav =   4 E =   -112.9788973506 Error = 3.01e-21 FLOPS = 3.42e+10 Tdav = 3.97 T = 15.22
 <-- Site =   30 .. Mmps =  550 Ndav =   4 E =   -112.9788973549 Error = 5.55e-19 FLOPS = 3.42e+10 Tdav = 3.86 T = 14.78
 <-- Site =   29 .. Mmps =  550 Ndav =   5 E =   -112.9788973598 Error = 7.48e-21 FLOPS = 3.41e+10 Tdav = 4.68 T = 14.75
 <-- Site =   28 .. Mmps =  550 Ndav =   5 E =   -112.9788973667 Error = 7.89e-19 FLOPS = 3.41e+10 Tdav = 4.54 T = 14.07
 <-- Site =   27 .. Mmps =  550 Ndav =   6 E =   -112.9788973749 Error = 6.77e-21 FLOPS = 3.38e+10 Tdav = 5.31 T = 14.33
 <-- Site =   26 .. Mmps =  550 Ndav =   5 E =   -112.9788973809 Error = 1.48e-18 FLOPS = 3.39e+10 Tdav = 4.27 T = 12.76
 <-- Site =   25 .. Mmps =  550 Ndav =   3 E =   -112.9788973820 Error = 6.74e-21 FLOPS = 3.37e+10 Tdav = 2.49 T = 10.52
 <-- Site =   24 .. Mmps =  550 Ndav =   3 E =   -112.9788973835 Error = 4.03e-21 FLOPS = 3.36e+10 Tdav = 2.40 T = 9.89
 <-- Site =   23 .. Mmps =  550 Ndav =   4 E =   -112.9788973857 Error = 1.50e-20 FLOPS = 3.37e+10 Tdav = 3.08 T = 10.09
 <-- Site =   22 .. Mmps =  550 Ndav =   3 E =   -112.9788973877 Error = 8.21e-21 FLOPS = 3.35e+10 Tdav = 2.23 T = 8.82
 <-- Site =   21 .. Mmps =  550 Ndav =   4 E =   -112.9788973909 Error = 1.80e-20 FLOPS = 3.35e+10 Tdav = 2.86 T = 8.98
 <-- Site =   20 .. Mmps =  550 Ndav =   4 E =   -112.9788973942 Error = 8.21e-21 FLOPS = 3.34e+10 Tdav = 2.75 T = 8.46
 <-- Site =   19 .. Mmps =  550 Ndav =   5 E =   -112.9788973998 Error = 1.15e-20 FLOPS = 3.32e+10 Tdav = 3.31 T = 8.62
 <-- Site =   18 .. Mmps =  550 Ndav =   4 E =   -112.9788974036 Error = 3.09e-21 FLOPS = 3.31e+10 Tdav = 2.53 T = 7.44
 <-- Site =   17 .. Mmps =  550 Ndav =   5 E =   -112.9788974095 Error = 1.62e-20 FLOPS = 3.30e+10 Tdav = 3.03 T = 7.57
 <-- Site =   16 .. Mmps =  550 Ndav =   4 E =   -112.9788974133 Error = 1.22e-20 FLOPS = 3.29e+10 Tdav = 2.31 T = 6.44
 <-- Site =   15 .. Mmps =  550 Ndav =   5 E =   -112.9788974185 Error = 2.46e-20 FLOPS = 3.27e+10 Tdav = 2.75 T = 6.57
 <-- Site =   14 .. Mmps =  550 Ndav =   4 E =   -112.9788974221 Error = 1.54e-20 FLOPS = 3.25e+10 Tdav = 2.09 T = 5.53
 <-- Site =   13 .. Mmps =  550 Ndav =   5 E =   -112.9788974276 Error = 9.68e-19 FLOPS = 3.23e+10 Tdav = 2.47 T = 5.61
 <-- Site =   12 .. Mmps =  550 Ndav =   3 E =   -112.9788974288 Error = 3.13e-17 FLOPS = 3.19e+10 Tdav = 1.41 T = 4.24
 <-- Site =   11 .. Mmps =  550 Ndav =   2 E =   -112.9788974290 Error = 6.71e-19 FLOPS = 3.08e+10 Tdav = 0.91 T = 3.48
 <-- Site =   10 .. Mmps =  550 Ndav =   1 E =   -112.9788974290 Error = 1.35e-19 FLOPS = 2.75e+10 Tdav = 0.47 T = 2.80
 <-- Site =    9 .. Mmps =  550 Ndav =   1 E =   -112.9788974290 Error = 1.09e-23 FLOPS = 2.63e+10 Tdav = 0.41 T = 2.37
 <-- Site =    8 .. Mmps =  550 Ndav =   1 E =   -112.9788974290 Error = 4.85e-33 FLOPS = 2.24e+10 Tdav = 0.15 T = 1.34
 <-- Site =    7 .. Mmps =  550 Ndav =   1 E =   -112.9788974290 Error = 4.36e-56 FLOPS = 1.97e+10 Tdav = 0.06 T = 1.04
 <-- Site =    6 .. Mmps =  550 Ndav =   1 E =   -112.9788974290 Error = 6.91e-75 FLOPS = 1.83e+10 Tdav = 0.02 T = 0.90
 <-- Site =    5 .. Mmps =  550 Ndav =   1 E =   -112.9788974290 Error = 1.13e-93 FLOPS = 1.52e+10 Tdav = 0.01 T = 0.81
 <-- Site =    4 .. Mmps =  550 Ndav =   1 E =   -112.9788974290 Error = 8.85e-106 FLOPS = 1.19e+10 Tdav = 0.01 T = 0.76
 <-- Site =    3 .. Mmps =  550 Ndav =   1 E =   -112.9788974290 Error = 2.51e-107 FLOPS = 8.65e+09 Tdav = 0.00 T = 0.71
 <-- Site =    2 .. Mmps =  550 Ndav =   1 E =   -112.9788974290 Error = 1.84e-104 FLOPS = 5.77e+09 Tdav = 0.00 T = 0.68
 <-- Site =    1 .. Mmps =  550 Ndav =   1 E =   -112.9788974290 Error = 3.51e-105 FLOPS = 3.40e+09 Tdav = 0.00 T = 0.61
 <-- Site =    0 .. Mmps =  550 Ndav =   1 E =   -112.9788974290 Error = 0.00e+00 FLOPS = 2.31e+09 Tdav = 0.00 T = 0.58
Time elapsed =  71384.553 | E =    -112.9788974290 | DE = -4.80e-06 | DW = 3.13371e-17
Time sweep =     3744.485 | 28.2 TFLOP/SWP
 | Dmem = 141 MB (3%) | Imem = 232 B (79%) | Hmem = 672 MB | Wmem = 4.62 MB | Pmem = 0 B
 | Tread = 74.436 | Twrite = 32.406 | Tfpread = 73.290 | Tfpwrite = 19.834 | Tmporead = 0.000 | Tasync = 0.000
 | data = 14.8 GB | cpsd = 9.83 GB
 | Trot = 187.639 | Tctr = 181.883 | Tint = 0.008 | Tmid = 0.000 | Tdctr = 0.010 | Tdiag = 1.687 | Tinfo = 2.316
 | Teff = 2305.103 | Tprt = 0.000 | Teig = 916.720 | Tblk = 3282.556 | Tmve = 461.916 | Tdm = 2.875 | Tsplt = 40.813 | Tsvd = 0.000 | Torth = 0.000

Sweep =   15 | Direction =  forward | Bond dimension =  550 | Noise =  0.00e+00 | Dav threshold =  1.00e-08
 --> Site =    0 .. Mmps =    2 Ndav =   1 E =   -112.9788974290 Error = 0.00e+00 FLOPS = 2.30e+09 Tdav = 0.00 T = 0.02
 --> Site =    1 .. Mmps =    4 Ndav =   1 E =   -112.9788974290 Error = 0.00e+00 FLOPS = 3.49e+09 Tdav = 0.00 T = 0.04
 --> Site =    2 .. Mmps =    8 Ndav =   1 E =   -112.9788974290 Error = 0.00e+00 FLOPS = 5.86e+09 Tdav = 0.00 T = 0.05
 --> Site =    3 .. Mmps =   16 Ndav =   1 E =   -112.9788974290 Error = 0.00e+00 FLOPS = 8.83e+09 Tdav = 0.00 T = 0.06
 --> Site =    4 .. Mmps =   32 Ndav =   1 E =   -112.9788974290 Error = 0.00e+00 FLOPS = 1.20e+10 Tdav = 0.01 T = 0.06
 --> Site =    5 .. Mmps =   64 Ndav =   1 E =   -112.9788974290 Error = 0.00e+00 FLOPS = 1.49e+10 Tdav = 0.01 T = 0.08
 --> Site =    6 .. Mmps =  128 Ndav =   1 E =   -112.9788974290 Error = 0.00e+00 FLOPS = 1.80e+10 Tdav = 0.02 T = 0.11
 --> Site =    7 .. Mmps =  256 Ndav =   1 E =   -112.9788974290 Error = 0.00e+00 FLOPS = 1.96e+10 Tdav = 0.06 T = 0.20
 --> Site =    8 .. Mmps =  512 Ndav =   1 E =   -112.9788974290 Error = 0.00e+00 FLOPS = 2.22e+10 Tdav = 0.15 T = 0.52
 --> Site =    9 .. Mmps =  550 Ndav =   1 E =   -112.9788974290 Error = 1.24e-25 FLOPS = 2.63e+10 Tdav = 0.40 T = 1.94
 --> Site =   10 .. Mmps =  550 Ndav =   1 E =   -112.9788974290 Error = 1.83e-24 FLOPS = 2.73e+10 Tdav = 0.47 T = 2.58
 --> Site =   11 .. Mmps =  550 Ndav =   1 E =   -112.9788974290 Error = 4.15e-23 FLOPS = 2.79e+10 Tdav = 0.50 T = 2.89
 --> Site =   12 .. Mmps =  550 Ndav =   1 E =   -112.9788974290 Error = 8.53e-22 FLOPS = 2.83e+10 Tdav = 0.53 T = 3.16
 --> Site =   13 .. Mmps =  550 Ndav =   1 E =   -112.9788974290 Error = 6.34e-20 FLOPS = 2.87e+10 Tdav = 0.56 T = 3.44
 --> Site =   14 .. Mmps =  550 Ndav =   2 E =   -112.9788974295 Error = 3.56e-20 FLOPS = 3.16e+10 Tdav = 1.07 T = 4.28
 --> Site =   15 .. Mmps =  550 Ndav =   2 E =   -112.9788974301 Error = 2.22e-19 FLOPS = 3.19e+10 Tdav = 1.13 T = 4.63
 --> Site =   16 .. Mmps =  550 Ndav =   3 E =   -112.9788974313 Error = 8.19e-20 FLOPS = 3.28e+10 Tdav = 1.74 T = 5.54
 --> Site =   17 .. Mmps =  550 Ndav =   2 E =   -112.9788974321 Error = 6.31e-19 FLOPS = 3.23e+10 Tdav = 1.24 T = 5.36
 --> Site =   18 .. Mmps =  550 Ndav =   3 E =   -112.9788974333 Error = 1.52e-19 FLOPS = 3.31e+10 Tdav = 1.90 T = 6.38
 --> Site =   19 .. Mmps =  550 Ndav =   2 E =   -112.9788974340 Error = 4.36e-19 FLOPS = 3.27e+10 Tdav = 1.35 T = 6.21
 --> Site =   20 .. Mmps =  550 Ndav =   2 E =   -112.9788974346 Error = 3.42e-20 FLOPS = 3.27e+10 Tdav = 1.40 T = 6.65
 --> Site =   21 .. Mmps =  550 Ndav =   2 E =   -112.9788974353 Error = 2.78e-19 FLOPS = 3.28e+10 Tdav = 1.46 T = 7.09
 --> Site =   22 .. Mmps =  550 Ndav =   2 E =   -112.9788974358 Error = 4.42e-20 FLOPS = 3.29e+10 Tdav = 1.52 T = 7.55
 --> Site =   23 .. Mmps =  550 Ndav =   3 E =   -112.9788974366 Error = 1.69e-19 FLOPS = 3.36e+10 Tdav = 2.32 T = 8.78
 --> Site =   24 .. Mmps =  550 Ndav =   2 E =   -112.9788974369 Error = 2.04e-20 FLOPS = 3.31e+10 Tdav = 1.63 T = 8.60
 --> Site =   25 .. Mmps =  550 Ndav =   2 E =   -112.9788974372 Error = 5.30e-20 FLOPS = 3.32e+10 Tdav = 1.68 T = 9.11
 --> Site =   26 .. Mmps =  550 Ndav =   2 E =   -112.9788974375 Error = 1.16e-19 FLOPS = 3.33e+10 Tdav = 1.74 T = 9.64
 --> Site =   27 .. Mmps =  550 Ndav =   2 E =   -112.9788974378 Error = 1.58e-19 FLOPS = 3.34e+10 Tdav = 1.79 T = 10.18
 --> Site =   28 .. Mmps =  550 Ndav =   3 E =   -112.9788974387 Error = 5.33e-20 FLOPS = 3.40e+10 Tdav = 2.73 T = 11.65
 --> Site =   29 .. Mmps =  550 Ndav =   2 E =   -112.9788974397 Error = 3.99e-20 FLOPS = 3.36e+10 Tdav = 1.90 T = 11.24
 --> Site =   30 .. Mmps =  550 Ndav =   3 E =   -112.9788974413 Error = 5.64e-21 FLOPS = 3.41e+10 Tdav = 2.90 T = 12.83
 --> Site =   31 .. Mmps =  550 Ndav =   3 E =   -112.9788974425 Error = 3.36e-20 FLOPS = 3.42e+10 Tdav = 2.98 T = 13.47
 --> Site =   32 .. Mmps =  550 Ndav =   3 E =   -112.9788974436 Error = 1.17e-19 FLOPS = 3.42e+10 Tdav = 3.07 T = 14.11
 --> Site =   33 .. Mmps =  550 Ndav =   2 E =   -112.9788974442 Error = 2.59e-20 FLOPS = 3.37e+10 Tdav = 2.13 T = 13.74
 --> Site =   34 .. Mmps =  550 Ndav =   3 E =   -112.9788974452 Error = 1.07e-20 FLOPS = 3.42e+10 Tdav = 3.24 T = 15.49
 --> Site =   35 .. Mmps =  550 Ndav =   2 E =   -112.9788974457 Error = 1.03e-20 FLOPS = 3.39e+10 Tdav = 2.24 T = 15.11
 --> Site =   36 .. Mmps =  550 Ndav =   2 E =   -112.9788974461 Error = 3.45e-20 FLOPS = 3.40e+10 Tdav = 2.29 T = 15.78
 --> Site =   37 .. Mmps =  550 Ndav =   2 E =   -112.9788974465 Error = 1.41e-20 FLOPS = 3.40e+10 Tdav = 2.35 T = 16.46
 --> Site =   38 .. Mmps =  550 Ndav =   2 E =   -112.9788974470 Error = 1.81e-20 FLOPS = 3.40e+10 Tdav = 2.40 T = 17.16
 --> Site =   39 .. Mmps =  550 Ndav =   2 E =   -112.9788974473 Error = 1.70e-20 FLOPS = 3.41e+10 Tdav = 2.46 T = 17.82
 --> Site =   40 .. Mmps =  550 Ndav =   2 E =   -112.9788974477 Error = 4.89e-20 FLOPS = 3.42e+10 Tdav = 2.51 T = 18.64
 --> Site =   41 .. Mmps =  550 Ndav =   2 E =   -112.9788974480 Error = 1.78e-19 FLOPS = 3.42e+10 Tdav = 2.57 T = 19.41
 --> Site =   42 .. Mmps =  550 Ndav =   2 E =   -112.9788974482 Error = 4.35e-20 FLOPS = 3.43e+10 Tdav = 2.62 T = 20.13
 --> Site =   43 .. Mmps =  550 Ndav =   3 E =   -112.9788974490 Error = 2.24e-20 FLOPS = 3.46e+10 Tdav = 3.90 T = 21.80
 --> Site =   44 .. Mmps =  550 Ndav =   2 E =   -112.9788974493 Error = 3.18e-20 FLOPS = 3.43e+10 Tdav = 2.68 T = 20.97
 --> Site =   45 .. Mmps =  550 Ndav =   2 E =   -112.9788974497 Error = 3.14e-20 FLOPS = 3.43e+10 Tdav = 2.73 T = 21.74
 --> Site =   46 .. Mmps =  550 Ndav =   2 E =   -112.9788974500 Error = 3.12e-20 FLOPS = 3.43e+10 Tdav = 2.73 T = 22.18
 --> Site =   47 .. Mmps =  550 Ndav =   2 E =   -112.9788974505 Error = 2.62e-21 FLOPS = 3.43e+10 Tdav = 2.79 T = 22.53
 --> Site =   48 .. Mmps =  550 Ndav =   2 E =   -112.9788974508 Error = 2.10e-20 FLOPS = 3.43e+10 Tdav = 2.79 T = 22.96
 --> Site =   49 .. Mmps =  550 Ndav =   2 E =   -112.9788974514 Error = 1.06e-20 FLOPS = 3.43e+10 Tdav = 2.85 T = 23.41
 --> Site =   50 .. Mmps =  550 Ndav =   2 E =   -112.9788974517 Error = 2.68e-20 FLOPS = 3.44e+10 Tdav = 2.85 T = 23.84
 --> Site =   51 .. Mmps =  550 Ndav =   3 E =   -112.9788974524 Error = 5.14e-20 FLOPS = 3.47e+10 Tdav = 4.31 T = 25.67
 --> Site =   52 .. Mmps =  550 Ndav =   2 E =   -112.9788974526 Error = 2.49e-20 FLOPS = 3.44e+10 Tdav = 2.96 T = 25.11
 --> Site =   53 .. Mmps =  550 Ndav =   2 E =   -112.9788974530 Error = 1.05e-20 FLOPS = 3.44e+10 Tdav = 3.01 T = 26.02
 --> Site =   54 .. Mmps =  550 Ndav =   2 E =   -112.9788974532 Error = 1.34e-20 FLOPS = 3.44e+10 Tdav = 3.01 T = 26.42
 --> Site =   55 .. Mmps =  550 Ndav =   2 E =   -112.9788974535 Error = 3.91e-20 FLOPS = 3.45e+10 Tdav = 3.07 T = 26.93
 --> Site =   56 .. Mmps =  550 Ndav =   2 E =   -112.9788974537 Error = 1.54e-20 FLOPS = 3.45e+10 Tdav = 3.07 T = 27.39
 --> Site =   57 .. Mmps =  550 Ndav =   2 E =   -112.9788974540 Error = 2.39e-21 FLOPS = 3.45e+10 Tdav = 3.07 T = 27.54
 --> Site =   58 .. Mmps =  550 Ndav =   2 E =   -112.9788974542 Error = 8.69e-21 FLOPS = 3.45e+10 Tdav = 3.06 T = 27.32
 --> Site =   59 .. Mmps =  550 Ndav =   2 E =   -112.9788974545 Error = 3.78e-20 FLOPS = 3.45e+10 Tdav = 3.12 T = 27.81
 --> Site =   60 .. Mmps =  550 Ndav =   1 E =   -112.9788974545 Error = 7.20e-21 FLOPS = 3.34e+10 Tdav = 1.61 T = 26.76
 --> Site =   61 .. Mmps =  550 Ndav =   2 E =   -112.9788974548 Error = 8.01e-21 FLOPS = 3.45e+10 Tdav = 3.12 T = 28.23
 --> Site =   62 .. Mmps =  550 Ndav =   2 E =   -112.9788974550 Error = 1.57e-21 FLOPS = 3.45e+10 Tdav = 3.18 T = 28.69
 --> Site =   63 .. Mmps =  550 Ndav =   1 E =   -112.9788974550 Error = 1.45e-20 FLOPS = 3.35e+10 Tdav = 1.64 T = 27.63
 --> Site =   64 .. Mmps =  550 Ndav =   2 E =   -112.9788974552 Error = 7.99e-21 FLOPS = 3.44e+10 Tdav = 3.19 T = 29.22
 --> Site =   65 .. Mmps =  550 Ndav =   1 E =   -112.9788974552 Error = 1.50e-20 FLOPS = 3.35e+10 Tdav = 1.67 T = 28.15
 --> Site =   66 .. Mmps =  550 Ndav =   1 E =   -112.9788974552 Error = 2.26e-20 FLOPS = 3.36e+10 Tdav = 1.67 T = 28.59
 --> Site =   67 .. Mmps =  550 Ndav =   1 E =   -112.9788974552 Error = 1.47e-20 FLOPS = 3.35e+10 Tdav = 1.67 T = 28.54
 --> Site =   68 .. Mmps =  550 Ndav =   1 E =   -112.9788974552 Error = 8.12e-21 FLOPS = 3.33e+10 Tdav = 1.71 T = 29.02
 --> Site =   69 .. Mmps =  550 Ndav =   1 E =   -112.9788974552 Error = 2.39e-20 FLOPS = 3.36e+10 Tdav = 1.69 T = 29.45
 --> Site =   70 .. Mmps =  550 Ndav =   2 E =   -112.9788974555 Error = 8.67e-21 FLOPS = 3.46e+10 Tdav = 3.29 T = 31.06
 --> Site =   71 .. Mmps =  550 Ndav =   1 E =   -112.9788974555 Error = 6.78e-20 FLOPS = 3.36e+10 Tdav = 1.69 T = 29.47
 --> Site =   72 .. Mmps =  550 Ndav =   1 E =   -112.9788974555 Error = 5.47e-21 FLOPS = 3.36e+10 Tdav = 1.72 T = 29.95
 --> Site =   73 .. Mmps =  550 Ndav =   1 E =   -112.9788974555 Error = 4.31e-20 FLOPS = 3.36e+10 Tdav = 1.72 T = 30.40
 --> Site =   74 .. Mmps =  550 Ndav =   2 E =   -112.9788974558 Error = 1.17e-20 FLOPS = 3.46e+10 Tdav = 3.29 T = 31.50
 --> Site =   75 .. Mmps =  550 Ndav =   1 E =   -112.9788974558 Error = 2.91e-20 FLOPS = 3.36e+10 Tdav = 1.72 T = 29.98
 --> Site =   76 .. Mmps =  550 Ndav =   2 E =   -112.9788974561 Error = 1.12e-20 FLOPS = 3.46e+10 Tdav = 3.29 T = 31.59
 --> Site =   77 .. Mmps =  550 Ndav =   2 E =   -112.9788974563 Error = 7.96e-20 FLOPS = 3.46e+10 Tdav = 3.29 T = 31.10
 --> Site =   78 .. Mmps =  550 Ndav =   2 E =   -112.9788974565 Error = 1.28e-20 FLOPS = 3.46e+10 Tdav = 3.29 T = 31.08
 --> Site =   79 .. Mmps =  550 Ndav =   2 E =   -112.9788974567 Error = 1.33e-20 FLOPS = 3.46e+10 Tdav = 3.29 T = 31.08
 --> Site =   80 .. Mmps =  550 Ndav =   2 E =   -112.9788974570 Error = 3.62e-20 FLOPS = 3.46e+10 Tdav = 3.28 T = 31.09
 --> Site =   81 .. Mmps =  550 Ndav =   2 E =   -112.9788974572 Error = 3.82e-20 FLOPS = 3.45e+10 Tdav = 3.35 T = 31.63
 --> Site =   82 .. Mmps =  550 Ndav =   2 E =   -112.9788974575 Error = 3.10e-21 FLOPS = 3.46e+10 Tdav = 3.35 T = 32.08
 --> Site =   83 .. Mmps =  550 Ndav =   2 E =   -112.9788974577 Error = 2.01e-20 FLOPS = 3.46e+10 Tdav = 3.29 T = 31.53
 --> Site =   84 .. Mmps =  550 Ndav =   2 E =   -112.9788974580 Error = 3.75e-20 FLOPS = 3.46e+10 Tdav = 3.29 T = 31.03
 --> Site =   85 .. Mmps =  550 Ndav =   2 E =   -112.9788974585 Error = 7.72e-21 FLOPS = 3.46e+10 Tdav = 3.35 T = 31.56
 --> Site =   86 .. Mmps =  550 Ndav =   3 E =   -112.9788974593 Error = 1.07e-20 FLOPS = 3.49e+10 Tdav = 4.98 T = 33.78
 --> Site =   87 .. Mmps =  550 Ndav =   3 E =   -112.9788974602 Error = 7.22e-21 FLOPS = 3.49e+10 Tdav = 4.89 T = 33.13
 --> Site =   88 .. Mmps =  550 Ndav =   3 E =   -112.9788974613 Error = 6.53e-21 FLOPS = 3.48e+10 Tdav = 4.91 T = 32.69
 --> Site =   89 .. Mmps =  550 Ndav =   5 E =   -112.9788974630 Error = 3.77e-21 FLOPS = 3.49e+10 Tdav = 8.15 T = 35.96
 --> Site =   90 .. Mmps =  550 Ndav =   2 E =   -112.9788974636 Error = 1.09e-19 FLOPS = 3.46e+10 Tdav = 3.29 T = 31.10
 --> Site =   91 .. Mmps =  550 Ndav =   2 E =   -112.9788974639 Error = 2.65e-21 FLOPS = 3.46e+10 Tdav = 3.29 T = 31.11
 --> Site =   92 .. Mmps =  550 Ndav =   2 E =   -112.9788974642 Error = 1.77e-20 FLOPS = 3.45e+10 Tdav = 3.24 T = 30.56
 --> Site =   93 .. Mmps =  550 Ndav =   2 E =   -112.9788974645 Error = 5.71e-20 FLOPS = 3.46e+10 Tdav = 3.29 T = 30.61
 --> Site =   94 .. Mmps =  550 Ndav =   1 E =   -112.9788974645 Error = 2.14e-20 FLOPS = 3.36e+10 Tdav = 1.72 T = 29.92
 --> Site =   95 .. Mmps =  550 Ndav =   2 E =   -112.9788974648 Error = 4.21e-21 FLOPS = 3.46e+10 Tdav = 3.35 T = 32.05
 --> Site =   96 .. Mmps =  550 Ndav =   2 E =   -112.9788974650 Error = 2.00e-20 FLOPS = 3.45e+10 Tdav = 3.30 T = 31.57
 --> Site =   97 .. Mmps =  550 Ndav =   2 E =   -112.9788974654 Error = 5.60e-21 FLOPS = 3.46e+10 Tdav = 3.23 T = 30.58
 --> Site =   98 .. Mmps =  550 Ndav =   2 E =   -112.9788974656 Error = 1.07e-20 FLOPS = 3.46e+10 Tdav = 3.29 T = 30.62
 --> Site =   99 .. Mmps =  550 Ndav =   2 E =   -112.9788974660 Error = 5.16e-21 FLOPS = 3.46e+10 Tdav = 3.29 T = 31.11
 --> Site =  100 .. Mmps =  550 Ndav =   2 E =   -112.9788974664 Error = 1.78e-20 FLOPS = 3.45e+10 Tdav = 3.24 T = 30.59
 --> Site =  101 .. Mmps =  550 Ndav =   2 E =   -112.9788974668 Error = 4.92e-21 FLOPS = 3.46e+10 Tdav = 3.24 T = 30.16
 --> Site =  102 .. Mmps =  550 Ndav =   2 E =   -112.9788974672 Error = 1.71e-20 FLOPS = 3.46e+10 Tdav = 3.23 T = 30.13
 --> Site =  103 .. Mmps =  550 Ndav =   2 E =   -112.9788974675 Error = 1.98e-20 FLOPS = 3.45e+10 Tdav = 3.18 T = 29.66
 --> Site =  104 .. Mmps =  550 Ndav =   1 E =   -112.9788974675 Error = 9.52e-21 FLOPS = 3.34e+10 Tdav = 1.61 T = 27.18
 --> Site =  105 .. Mmps =  550 Ndav =   2 E =   -112.9788974678 Error = 1.72e-20 FLOPS = 3.45e+10 Tdav = 3.12 T = 28.28
 --> Site =  106 .. Mmps =  550 Ndav =   1 E =   -112.9788974678 Error = 1.69e-20 FLOPS = 3.35e+10 Tdav = 1.61 T = 26.74
 --> Site =  107 .. Mmps =  550 Ndav =   2 E =   -112.9788974680 Error = 5.21e-20 FLOPS = 3.46e+10 Tdav = 3.12 T = 28.19
 --> Site =  108 .. Mmps =  550 Ndav =   1 E =   -112.9788974680 Error = 2.26e-20 FLOPS = 3.34e+10 Tdav = 1.61 T = 26.70
 --> Site =  109 .. Mmps =  550 Ndav =   2 E =   -112.9788974683 Error = 1.29e-20 FLOPS = 3.46e+10 Tdav = 3.06 T = 27.79
 --> Site =  110 .. Mmps =  550 Ndav =   1 E =   -112.9788974683 Error = 4.45e-21 FLOPS = 3.34e+10 Tdav = 1.58 T = 25.75
 --> Site =  111 .. Mmps =  550 Ndav =   2 E =   -112.9788974686 Error = 1.14e-21 FLOPS = 3.44e+10 Tdav = 3.07 T = 27.32
 --> Site =  112 .. Mmps =  550 Ndav =   1 E =   -112.9788974686 Error = 3.34e-21 FLOPS = 3.34e+10 Tdav = 1.58 T = 25.86
 --> Site =  113 .. Mmps =  550 Ndav =   1 E =   -112.9788974686 Error = 3.04e-21 FLOPS = 3.34e+10 Tdav = 1.55 T = 25.40
 --> Site =  114 .. Mmps =  550 Ndav =   2 E =   -112.9788974688 Error = 1.13e-20 FLOPS = 3.44e+10 Tdav = 3.01 T = 26.45
 --> Site =  115 .. Mmps =  550 Ndav =   2 E =   -112.9788974691 Error = 1.89e-20 FLOPS = 3.44e+10 Tdav = 2.96 T = 25.97
 --> Site =  116 .. Mmps =  550 Ndav =   2 E =   -112.9788974693 Error = 9.10e-20 FLOPS = 3.44e+10 Tdav = 2.90 T = 25.05
 --> Site =  117 .. Mmps =  550 Ndav =   1 E =   -112.9788974693 Error = 4.07e-20 FLOPS = 3.32e+10 Tdav = 1.47 T = 22.93
 --> Site =  118 .. Mmps =  550 Ndav =   2 E =   -112.9788974695 Error = 2.32e-20 FLOPS = 3.44e+10 Tdav = 2.85 T = 23.77
 --> Site =  119 .. Mmps =  550 Ndav =   1 E =   -112.9788974695 Error = 6.48e-20 FLOPS = 3.32e+10 Tdav = 1.44 T = 22.04
 --> Site =  120 .. Mmps =  550 Ndav =   2 E =   -112.9788974697 Error = 3.98e-20 FLOPS = 3.43e+10 Tdav = 2.79 T = 23.02
 --> Site =  121 .. Mmps =  550 Ndav =   2 E =   -112.9788974699 Error = 1.85e-20 FLOPS = 3.44e+10 Tdav = 2.73 T = 22.52
 --> Site =  122 .. Mmps =  550 Ndav =   2 E =   -112.9788974702 Error = 1.52e-20 FLOPS = 3.43e+10 Tdav = 2.68 T = 21.71
 --> Site =  123 .. Mmps =  550 Ndav =   1 E =   -112.9788974702 Error = 1.45e-20 FLOPS = 3.31e+10 Tdav = 1.39 T = 20.10
 --> Site =  124 .. Mmps =  550 Ndav =   2 E =   -112.9788974704 Error = 4.91e-21 FLOPS = 3.42e+10 Tdav = 2.63 T = 20.91
 --> Site =  125 .. Mmps =  550 Ndav =   1 E =   -112.9788974704 Error = 4.35e-20 FLOPS = 3.30e+10 Tdav = 1.36 T = 19.23
 --> Site =  126 .. Mmps =  550 Ndav =   2 E =   -112.9788974707 Error = 6.65e-21 FLOPS = 3.42e+10 Tdav = 2.57 T = 20.08
 --> Site =  127 .. Mmps =  550 Ndav =   2 E =   -112.9788974709 Error = 3.69e-20 FLOPS = 3.41e+10 Tdav = 2.52 T = 19.38
 --> Site =  128 .. Mmps =  550 Ndav =   2 E =   -112.9788974711 Error = 5.54e-20 FLOPS = 3.41e+10 Tdav = 2.46 T = 18.64
 --> Site =  129 .. Mmps =  550 Ndav =   2 E =   -112.9788974713 Error = 2.57e-19 FLOPS = 3.41e+10 Tdav = 2.40 T = 17.86
 --> Site =  130 .. Mmps =  550 Ndav =   1 E =   -112.9788974713 Error = 1.42e-19 FLOPS = 3.27e+10 Tdav = 1.22 T = 16.13
 --> Site =  131 .. Mmps =  550 Ndav =   1 E =   -112.9788974713 Error = 3.02e-20 FLOPS = 3.27e+10 Tdav = 1.19 T = 15.35
 --> Site =  132 .. Mmps =  550 Ndav =   2 E =   -112.9788974714 Error = 3.93e-21 FLOPS = 3.39e+10 Tdav = 2.24 T = 15.76
 --> Site =  133 .. Mmps =  550 Ndav =   1 E =   -112.9788974714 Error = 2.14e-20 FLOPS = 3.24e+10 Tdav = 1.14 T = 14.12
 --> Site =  134 .. Mmps =  550 Ndav =   2 E =   -112.9788974716 Error = 5.92e-21 FLOPS = 3.38e+10 Tdav = 2.13 T = 14.36
 --> Site =  135 .. Mmps =  550 Ndav =   1 E =   -112.9788974716 Error = 1.45e-20 FLOPS = 3.22e+10 Tdav = 1.09 T = 12.81
 --> Site =  136 .. Mmps =  550 Ndav =   2 E =   -112.9788974719 Error = 1.43e-20 FLOPS = 3.36e+10 Tdav = 2.02 T = 13.09
 --> Site =  137 .. Mmps =  550 Ndav =   2 E =   -112.9788974722 Error = 4.26e-20 FLOPS = 3.37e+10 Tdav = 1.96 T = 12.52
 --> Site =  138 .. Mmps =  550 Ndav =   2 E =   -112.9788974724 Error = 5.29e-21 FLOPS = 3.36e+10 Tdav = 1.90 T = 11.91
 --> Site =  139 .. Mmps =  550 Ndav =   2 E =   -112.9788974727 Error = 4.81e-20 FLOPS = 3.36e+10 Tdav = 1.84 T = 11.33
 --> Site =  140 .. Mmps =  550 Ndav =   2 E =   -112.9788974730 Error = 1.29e-20 FLOPS = 3.34e+10 Tdav = 1.79 T = 10.78
 --> Site =  141 .. Mmps =  550 Ndav =   3 E =   -112.9788974737 Error = 1.79e-20 FLOPS = 3.38e+10 Tdav = 2.57 T = 10.99
 --> Site =  142 .. Mmps =  550 Ndav =   2 E =   -112.9788974741 Error = 1.56e-19 FLOPS = 3.33e+10 Tdav = 1.68 T = 9.60
 --> Site =  143 .. Mmps =  550 Ndav =   1 E =   -112.9788974741 Error = 9.85e-20 FLOPS = 3.13e+10 Tdav = 0.86 T = 8.33
 --> Site =  144 .. Mmps =  550 Ndav =   2 E =   -112.9788974742 Error = 9.20e-21 FLOPS = 3.31e+10 Tdav = 1.57 T = 8.57
 --> Site =  145 .. Mmps =  550 Ndav =   2 E =   -112.9788974744 Error = 3.19e-20 FLOPS = 3.29e+10 Tdav = 1.52 T = 8.01
 --> Site =  146 .. Mmps =  550 Ndav =   2 E =   -112.9788974746 Error = 1.04e-20 FLOPS = 3.28e+10 Tdav = 1.46 T = 7.53
 --> Site =  147 .. Mmps =  550 Ndav =   2 E =   -112.9788974749 Error = 4.03e-20 FLOPS = 3.27e+10 Tdav = 1.40 T = 7.08
 --> Site =  148 .. Mmps =  550 Ndav =   2 E =   -112.9788974753 Error = 9.47e-21 FLOPS = 3.26e+10 Tdav = 1.35 T = 6.60
 --> Site =  149 .. Mmps =  550 Ndav =   2 E =   -112.9788974758 Error = 5.69e-20 FLOPS = 3.24e+10 Tdav = 1.29 T = 6.19
 --> Site =  150 .. Mmps =  550 Ndav =   2 E =   -112.9788974762 Error = 1.77e-20 FLOPS = 3.20e+10 Tdav = 1.25 T = 5.76
 --> Site =  151 .. Mmps =  550 Ndav =   2 E =   -112.9788974767 Error = 2.26e-20 FLOPS = 3.22e+10 Tdav = 1.18 T = 5.34
 --> Site =  152 .. Mmps =  550 Ndav =   2 E =   -112.9788974772 Error = 1.14e-20 FLOPS = 3.19e+10 Tdav = 1.13 T = 4.96
 --> Site =  153 .. Mmps =  550 Ndav =   2 E =   -112.9788974778 Error = 6.07e-20 FLOPS = 3.16e+10 Tdav = 1.07 T = 4.59
 --> Site =  154 .. Mmps =  550 Ndav =   2 E =   -112.9788974783 Error = 2.58e-20 FLOPS = 3.14e+10 Tdav = 1.02 T = 4.22
 --> Site =  155 .. Mmps =  550 Ndav =   3 E =   -112.9788974793 Error = 5.37e-19 FLOPS = 3.21e+10 Tdav = 1.40 T = 4.35
 --> Site =  156 .. Mmps =  550 Ndav =   2 E =   -112.9788974795 Error = 3.22e-19 FLOPS = 3.09e+10 Tdav = 0.91 T = 3.58
 --> Site =  157 .. Mmps =  550 Ndav =   1 E =   -112.9788974795 Error = 5.91e-19 FLOPS = 2.74e+10 Tdav = 0.47 T = 2.88
 --> Site =  158 .. Mmps =  550 Ndav =   1 E =   -112.9788974795 Error = 1.75e-20 FLOPS = 2.69e+10 Tdav = 0.45 T = 2.61
 --> Site =  159 .. Mmps =  550 Ndav =   1 E =   -112.9788974795 Error = 2.97e-24 FLOPS = 2.56e+10 Tdav = 0.39 T = 2.36
 --> Site =  160 .. Mmps =  550 Ndav =   1 E =   -112.9788974795 Error = 1.57e-33 FLOPS = 2.30e+10 Tdav = 0.17 T = 1.88
 --> Site =  161 .. Mmps =  550 Ndav =   1 E =   -112.9788974795 Error = 2.87e-57 FLOPS = 2.01e+10 Tdav = 0.08 T = 1.58
 --> Site =  162 .. Mmps =  550 Ndav =   1 E =   -112.9788974795 Error = 1.37e-82 FLOPS = 2.14e+10 Tdav = 0.03 T = 1.33
 --> Site =  163 .. Mmps =  550 Ndav =   1 E =   -112.9788974795 Error = 2.00e-107 FLOPS = 1.71e+10 Tdav = 0.02 T = 1.17
 --> Site =  164 .. Mmps =  550 Ndav =   1 E =   -112.9788974795 Error = 2.22e-130 FLOPS = 1.44e+10 Tdav = 0.01 T = 1.00
 --> Site =  165 .. Mmps =  550 Ndav =   1 E =   -112.9788974795 Error = 7.77e-151 FLOPS = 8.69e+09 Tdav = 0.01 T = 0.86
 --> Site =  166 .. Mmps =  547 Ndav =   1 E =   -112.9788974795 Error = 0.00e+00 FLOPS = 5.08e+09 Tdav = 0.00 T = 0.67
 --> Site =  167 .. Mmps =  550 Ndav =   1 E =   -112.9788974795 Error = 0.00e+00 FLOPS = 3.00e+09 Tdav = 0.00 T = 0.55
 --> Site =  168 .. Mmps =  530 Ndav =   1 E =   -112.9788974795 Error = 0.00e+00 FLOPS = 2.12e+09 Tdav = 0.00 T = 0.37
Time elapsed =  74388.148 | E =    -112.9788974795 | DE = -5.05e-08 | DW = 6.30653e-19
Time sweep =     3003.595 | 10.9 TFLOP/SWP
 | Dmem = 141 MB (3%) | Imem = 232 B (79%) | Hmem = 672 MB | Wmem = 4.62 MB | Pmem = 0 B
 | Tread = 85.526 | Twrite = 33.868 | Tfpread = 81.862 | Tfpwrite = 20.663 | Tmporead = 0.000 | Tasync = 0.000
 | data = 14.8 GB | cpsd = 11.0 GB
 | Trot = 187.742 | Tctr = 1.359 | Tint = 0.008 | Tmid = 0.000 | Tdctr = 66.397 | Tdiag = 1.676 | Tinfo = 2.276
 | Teff = 2370.764 | Tprt = 0.000 | Teig = 351.709 | Tblk = 2777.062 | Tmve = 226.521 | Tdm = 2.904 | Tsplt = 40.528 | Tsvd = 0.000 | Torth = 0.000

DMRG energy = -112.97889747949172

Local densities:
0.8330990249957925
0.017458071114050684
0.6524586809329206
0.08931979030034956
0.5805795605950237
0.12915704071431727
0.558318658617005
0.12915702064651968
0.5805795056937809
0.08931984117923404
0.6524585494885055
0.017458073217256998
0.8330991235876958
0.008880316210139823
0.006625496304870212
0.0030263747791020247
0.005639601475232479
0.003268139311444455
0.005677447045703667
0.003272768183401061
0.005677448390332396
0.0032681584541691634
0.005639610900905506
0.0030263711259129974
0.006625497637131999
0.008880387063069983
0.7478520096933672
0.0021978403502990783
0.9318978643547255
0.0007177874392580541
0.9300980122763929
0.0007066769208945382
0.930022046471561
0.0007066730391601804
0.9300981561374334
0.0007177913402894222
0.9318979000936347
0.002197817572785291
0.7478519291895088
0.02472538980903191
0.004736494414073124
0.001862742517045525
0.000951809485273314
0.0016974368973314005
0.000917126226124873
0.0016844682911619122
0.0009171277178548095
0.0016974428558533313
0.0009518053507802933
0.0018627370411910024
0.004736499309987799
0.024725348404306343
0.09502268238606679
0.7327883110376956
0.0017815523477919713
0.964170851154782
0.00023953232500134255
0.9658418700123733
0.00021768918691285013
0.9658418680893075
0.0002395306941018861
0.9641708398205306
0.0017815542460809801
0.7327882398698434
0.09502267643990032
0.023588146708998607
0.004625580789758061
0.0017638624454187845
0.0008902324744803614
0.000832289511359912
0.0008310498484137129
0.000830278111161239
0.0008310476519602474
0.0008322852524914557
0.0008902324075241392
0.0017638720218990955
0.004625562398799554
0.023588144493306998
0.7600399197427666
0.0017223739762783278
0.9340196772924129
0.00041550748124623597
0.9658852771772124
0.00021862756098029183
0.9658166291641469
0.00021862324712429128
0.9658852824674145
0.00041550275304782234
0.9340197273766505
0.0017223656510288949
0.7600399224523202
0.02358818732631163
0.004625548857834853
0.0017638530837592497
0.0008902344595017866
0.0008322854262071765
0.0008310456684701095
0.0008302764721866754
0.0008310503962782102
0.0008322850052116733
0.0008902328093966511
0.001763853908324992
0.004625579598303318
0.023588133265372367
0.09502277360157252
0.7327882221579229
0.0017815600963696655
0.9641708026450734
0.00023952824505948686
0.9658418403004628
0.00021768010090494197
0.9658418275639153
0.00023954178609116868
0.9641707949647046
0.001781579134298689
0.7327881417094463
0.09502290149768322
0.024725396804583806
0.0047365006067032235
0.0018627371038400604
0.000951804431065612
0.0016974339268109248
0.0009171225000296678
0.0016844569416373822
0.000917124429332556
0.00169743121831125
0.0009517975425974655
0.0018627238339309232
0.004736470224543648
0.0247253491290349
0.7478520509280668
0.002197823088392005
0.9318979336868053
0.0007177999334144835
0.9300981894815312
0.0007066726368055657
0.9300221527160587
0.0007066787853519281
0.9300980653874337
0.0007177965591983771
0.9318978419829542
0.0021978298964478215
0.747851999541958
0.008880377949460101
0.006625498460508386
0.003026385786926449
0.005639608338965165
0.003268145953154052
0.005677449266278853
0.0032727580296125457
0.005677450661842749
0.003268143660521145
0.005639604166393737
0.003026350763316736
0.006625495159442666
0.008880317779365144
0.8330991751890809
0.01745805962359223
0.6524586479900515
0.08931980703589973
0.5805795689335169
0.12915703003317605
0.5583186140339882
0.12915704844458242
0.5805795469908367
0.08931983144985217
0.6524585466478391
0.017458120451625724
0.8330989750424312

corresponding 2D coords:
[(0, 0), (0, 1), (0, 2), (0, 3), (0, 4), (0, 5), (0, 6), (0, 7), (0, 8), (0, 9), (0, 10), (0, 11), (0, 12), (1, 12), (1, 11), (1, 10), (1, 9), (1, 8), (1, 7), (1, 6), (1, 5), (1, 4), (1, 3), (1, 2), (1, 1), (1, 0), (2, 0), (2, 1), (2, 2), (2, 3), (2, 4), (2, 5), (2, 6), (2, 7), (2, 8), (2, 9), (2, 10), (2, 11), (2, 12), (3, 12), (3, 11), (3, 10), (3, 9), (3, 8), (3, 7), (3, 6), (3, 5), (3, 4), (3, 3), (3, 2), (3, 1), (3, 0), (4, 0), (4, 1), (4, 2), (4, 3), (4, 4), (4, 5), (4, 6), (4, 7), (4, 8), (4, 9), (4, 10), (4, 11), (4, 12), (5, 12), (5, 11), (5, 10), (5, 9), (5, 8), (5, 7), (5, 6), (5, 5), (5, 4), (5, 3), (5, 2), (5, 1), (5, 0), (6, 0), (6, 1), (6, 2), (6, 3), (6, 4), (6, 5), (6, 6), (6, 7), (6, 8), (6, 9), (6, 10), (6, 11), (6, 12), (7, 12), (7, 11), (7, 10), (7, 9), (7, 8), (7, 7), (7, 6), (7, 5), (7, 4), (7, 3), (7, 2), (7, 1), (7, 0), (8, 0), (8, 1), (8, 2), (8, 3), (8, 4), (8, 5), (8, 6), (8, 7), (8, 8), (8, 9), (8, 10), (8, 11), (8, 12), (9, 12), (9, 11), (9, 10), (9, 9), (9, 8), (9, 7), (9, 6), (9, 5), (9, 4), (9, 3), (9, 2), (9, 1), (9, 0), (10, 0), (10, 1), (10, 2), (10, 3), (10, 4), (10, 5), (10, 6), (10, 7), (10, 8), (10, 9), (10, 10), (10, 11), (10, 12), (11, 12), (11, 11), (11, 10), (11, 9), (11, 8), (11, 7), (11, 6), (11, 5), (11, 4), (11, 3), (11, 2), (11, 1), (11, 0), (12, 0), (12, 1), (12, 2), (12, 3), (12, 4), (12, 5), (12, 6), (12, 7), (12, 8), (12, 9), (12, 10), (12, 11), (12, 12)]

Saved density data:
PKL → /users/ylokare/2D_DMRG_calculations/results/13_by_13_lattice/Local_densities/Parameter_sweep/Rb1.7/density_Lx13_Ly13_Dmax550_delta4.3_Rb1.7_alpha0.05_nedge4_dbound1.8_no_modulated_boundary.pkl
CSV → /users/ylokare/2D_DMRG_calculations/results/13_by_13_lattice/Local_densities/Parameter_sweep/Rb1.7/density_Lx13_Ly13_Dmax550_delta4.3_Rb1.7_alpha0.05_nedge4_dbound1.8_no_modulated_boundary.csv
