Lx=13, Ly=13, delta=4.6, Rb=1.6, alpha=0.05, n_edge=0, delta_boundary=1.8, USE_STAR_MODULATION=False
running Lx=13, Ly=13, delta=4.6, Rb=1.6, alpha=0.05, n_edge=0, delta_boundary=1.8
scratch id=786644
Copying previous MPS/MPO data from /users/ylokare/2D_DMRG_calculations/data/tmp748855 to /oscar/scratch/ylokare/tmp786644

Build MPO | Nsites =   169 | Nterms =      14534 | Algorithm = FastSVD | Cutoff = 1.00e-16 | Max bond dimension =    -1
 Site =     0 /   169 .. Mmpo =     3 DW = 0.00e+00 Error = 5.35e-15 NNZ =        3 SPT = 0.0000 Tsvd = 0.006 T = 0.009
 Site =     1 /   169 .. Mmpo =     4 DW = 9.48e-35 Error = 1.67e-14 NNZ =       10 SPT = 0.1667 Tsvd = 0.000 T = 0.004
 Site =     2 /   169 .. Mmpo =     5 DW = 2.82e-30 Error = 1.38e-13 NNZ =       17 SPT = 0.1500 Tsvd = 0.000 T = 0.005
 Site =     3 /   169 .. Mmpo =     6 DW = 3.15e-30 Error = 4.78e-14 NNZ =       26 SPT = 0.1333 Tsvd = 0.000 T = 0.006
 Site =     4 /   169 .. Mmpo =     7 DW = 6.49e-30 Error = 3.93e-14 NNZ =       37 SPT = 0.1190 Tsvd = 0.000 T = 0.007
 Site =     5 /   169 .. Mmpo =     8 DW = 1.56e-30 Error = 5.66e-14 NNZ =       50 SPT = 0.1071 Tsvd = 0.000 T = 0.008
 Site =     6 /   169 .. Mmpo =     9 DW = 5.56e-30 Error = 7.03e-14 NNZ =       65 SPT = 0.0972 Tsvd = 0.000 T = 0.010
 Site =     7 /   169 .. Mmpo =    10 DW = 2.62e-30 Error = 6.55e-14 NNZ =       82 SPT = 0.0889 Tsvd = 0.000 T = 0.011
 Site =     8 /   169 .. Mmpo =    11 DW = 1.69e-29 Error = 4.06e-13 NNZ =      101 SPT = 0.0818 Tsvd = 0.000 T = 0.012
 Site =     9 /   169 .. Mmpo =    12 DW = 1.01e-29 Error = 1.30e-13 NNZ =      122 SPT = 0.0758 Tsvd = 0.000 T = 0.013
 Site =    10 /   169 .. Mmpo =    13 DW = 1.10e-29 Error = 1.34e-13 NNZ =      145 SPT = 0.0705 Tsvd = 0.000 T = 0.014
 Site =    11 /   169 .. Mmpo =    14 DW = 2.47e-29 Error = 1.40e-13 NNZ =      170 SPT = 0.0659 Tsvd = 0.000 T = 0.015
 Site =    12 /   169 .. Mmpo =    15 DW = 2.35e-30 Error = 6.40e-13 NNZ =      197 SPT = 0.0619 Tsvd = 0.000 T = 0.016
 Site =    13 /   169 .. Mmpo =    16 DW = 1.11e-29 Error = 1.90e-13 NNZ =      226 SPT = 0.0583 Tsvd = 0.000 T = 0.017
 Site =    14 /   169 .. Mmpo =    17 DW = 3.75e-29 Error = 1.89e-13 NNZ =      257 SPT = 0.0551 Tsvd = 0.000 T = 0.018
 Site =    15 /   169 .. Mmpo =    18 DW = 6.08e-29 Error = 2.88e-13 NNZ =      290 SPT = 0.0523 Tsvd = 0.000 T = 0.019
 Site =    16 /   169 .. Mmpo =    19 DW = 8.72e-29 Error = 4.52e-13 NNZ =      325 SPT = 0.0497 Tsvd = 0.000 T = 0.020
 Site =    17 /   169 .. Mmpo =    20 DW = 1.54e-28 Error = 1.74e-13 NNZ =      362 SPT = 0.0474 Tsvd = 0.000 T = 0.022
 Site =    18 /   169 .. Mmpo =    21 DW = 7.04e-29 Error = 4.20e-13 NNZ =      401 SPT = 0.0452 Tsvd = 0.000 T = 0.022
 Site =    19 /   169 .. Mmpo =    22 DW = 4.29e-29 Error = 2.20e-13 NNZ =      442 SPT = 0.0433 Tsvd = 0.000 T = 0.023
 Site =    20 /   169 .. Mmpo =    23 DW = 1.40e-28 Error = 9.47e-13 NNZ =      485 SPT = 0.0415 Tsvd = 0.001 T = 0.025
 Site =    21 /   169 .. Mmpo =    24 DW = 5.59e-29 Error = 3.71e-13 NNZ =      530 SPT = 0.0399 Tsvd = 0.001 T = 0.026
 Site =    22 /   169 .. Mmpo =    25 DW = 4.57e-29 Error = 1.79e-13 NNZ =      577 SPT = 0.0383 Tsvd = 0.001 T = 0.027
 Site =    23 /   169 .. Mmpo =    26 DW = 4.01e-29 Error = 1.25e-13 NNZ =      626 SPT = 0.0369 Tsvd = 0.001 T = 0.027
 Site =    24 /   169 .. Mmpo =    27 DW = 4.85e-29 Error = 4.60e-13 NNZ =      677 SPT = 0.0356 Tsvd = 0.001 T = 0.028
 Site =    25 /   169 .. Mmpo =    28 DW = 1.46e-29 Error = 1.14e-13 NNZ =      730 SPT = 0.0344 Tsvd = 0.001 T = 0.029
 Site =    26 /   169 .. Mmpo =    29 DW = 4.70e-29 Error = 2.66e-13 NNZ =      785 SPT = 0.0333 Tsvd = 0.003 T = 0.033
 Site =    27 /   169 .. Mmpo =    30 DW = 8.46e-30 Error = 2.13e-13 NNZ =      842 SPT = 0.0322 Tsvd = 0.001 T = 0.031
 Site =    28 /   169 .. Mmpo =    31 DW = 3.79e-29 Error = 1.45e-13 NNZ =      901 SPT = 0.0312 Tsvd = 0.001 T = 0.032
 Site =    29 /   169 .. Mmpo =    32 DW = 1.44e-29 Error = 1.18e-13 NNZ =      962 SPT = 0.0302 Tsvd = 0.001 T = 0.033
 Site =    30 /   169 .. Mmpo =    33 DW = 4.30e-30 Error = 8.91e-13 NNZ =     1025 SPT = 0.0294 Tsvd = 0.001 T = 0.034
 Site =    31 /   169 .. Mmpo =    34 DW = 2.94e-29 Error = 6.96e-13 NNZ =     1090 SPT = 0.0285 Tsvd = 0.001 T = 0.035
 Site =    32 /   169 .. Mmpo =    35 DW = 3.86e-29 Error = 4.36e-13 NNZ =     1157 SPT = 0.0277 Tsvd = 0.001 T = 0.036
 Site =    33 /   169 .. Mmpo =    36 DW = 2.74e-29 Error = 3.23e-13 NNZ =     1226 SPT = 0.0270 Tsvd = 0.001 T = 0.037
 Site =    34 /   169 .. Mmpo =    37 DW = 2.18e-29 Error = 2.49e-13 NNZ =     1297 SPT = 0.0263 Tsvd = 0.001 T = 0.038
 Site =    35 /   169 .. Mmpo =    38 DW = 1.73e-29 Error = 1.97e-13 NNZ =     1370 SPT = 0.0256 Tsvd = 0.002 T = 0.040
 Site =    36 /   169 .. Mmpo =    39 DW = 2.23e-29 Error = 1.58e-13 NNZ =     1445 SPT = 0.0250 Tsvd = 0.001 T = 0.040
 Site =    37 /   169 .. Mmpo =    40 DW = 1.03e-28 Error = 1.23e-12 NNZ =     1522 SPT = 0.0244 Tsvd = 0.002 T = 0.041
 Site =    38 /   169 .. Mmpo =    41 DW = 4.16e-29 Error = 2.03e-13 NNZ =     1601 SPT = 0.0238 Tsvd = 0.001 T = 0.041
 Site =    39 /   169 .. Mmpo =    42 DW = 6.48e-29 Error = 9.97e-13 NNZ =     1682 SPT = 0.0232 Tsvd = 0.001 T = 0.042
 Site =    40 /   169 .. Mmpo =    43 DW = 1.34e-29 Error = 9.65e-13 NNZ =     1765 SPT = 0.0227 Tsvd = 0.001 T = 0.042
 Site =    41 /   169 .. Mmpo =    44 DW = 1.09e-28 Error = 7.37e-13 NNZ =     1850 SPT = 0.0222 Tsvd = 0.001 T = 0.043
 Site =    42 /   169 .. Mmpo =    45 DW = 1.31e-29 Error = 6.01e-13 NNZ =     1937 SPT = 0.0217 Tsvd = 0.001 T = 0.044
 Site =    43 /   169 .. Mmpo =    45 DW = 4.31e-17 Error = 6.56e-09 NNZ =     1981 SPT = 0.0217 Tsvd = 0.001 T = 0.045
 Site =    44 /   169 .. Mmpo =    46 DW = 8.16e-29 Error = 3.93e-13 NNZ =     2026 SPT = 0.0213 Tsvd = 0.001 T = 0.045
 Site =    45 /   169 .. Mmpo =    46 DW = 5.25e-17 Error = 7.24e-09 NNZ =     2071 SPT = 0.0213 Tsvd = 0.001 T = 0.046
 Site =    46 /   169 .. Mmpo =    47 DW = 6.59e-29 Error = 2.74e-13 NNZ =     2117 SPT = 0.0208 Tsvd = 0.001 T = 0.045
 Site =    47 /   169 .. Mmpo =    47 DW = 9.38e-17 Error = 9.68e-09 NNZ =     2163 SPT = 0.0208 Tsvd = 0.001 T = 0.046
 Site =    48 /   169 .. Mmpo =    48 DW = 1.54e-28 Error = 2.62e-13 NNZ =     2210 SPT = 0.0204 Tsvd = 0.001 T = 0.046
 Site =    49 /   169 .. Mmpo =    49 DW = 1.48e-28 Error = 2.06e-13 NNZ =     2305 SPT = 0.0200 Tsvd = 0.001 T = 0.047
 Site =    50 /   169 .. Mmpo =    49 DW = 4.00e-17 Error = 6.33e-09 NNZ =     2353 SPT = 0.0200 Tsvd = 0.001 T = 0.047
 Site =    51 /   169 .. Mmpo =    50 DW = 8.31e-29 Error = 3.25e-13 NNZ =     2402 SPT = 0.0196 Tsvd = 0.001 T = 0.046
 Site =    52 /   169 .. Mmpo =    51 DW = 7.20e-29 Error = 1.78e-13 NNZ =     2500 SPT = 0.0196 Tsvd = 0.002 T = 0.047
 Site =    53 /   169 .. Mmpo =    51 DW = 6.73e-17 Error = 8.21e-09 NNZ =     2551 SPT = 0.0192 Tsvd = 0.001 T = 0.048
 Site =    54 /   169 .. Mmpo =    52 DW = 9.79e-28 Error = 1.46e-13 NNZ =     2602 SPT = 0.0189 Tsvd = 0.002 T = 0.048
 Site =    55 /   169 .. Mmpo =    52 DW = 8.81e-17 Error = 9.39e-09 NNZ =     2652 SPT = 0.0192 Tsvd = 0.002 T = 0.048
 Site =    56 /   169 .. Mmpo =    52 DW = 2.50e-17 Error = 5.00e-09 NNZ =     2653 SPT = 0.0189 Tsvd = 0.001 T = 0.049
 Site =    57 /   169 .. Mmpo =    52 DW = 7.09e-17 Error = 8.42e-09 NNZ =     2653 SPT = 0.0189 Tsvd = 0.002 T = 0.048
 Site =    58 /   169 .. Mmpo =    53 DW = 1.08e-27 Error = 1.06e-12 NNZ =     2705 SPT = 0.0185 Tsvd = 0.002 T = 0.048
 Site =    59 /   169 .. Mmpo =    54 DW = 2.88e-28 Error = 8.45e-13 NNZ =     2809 SPT = 0.0185 Tsvd = 0.002 T = 0.049
 Site =    60 /   169 .. Mmpo =    53 DW = 1.26e-16 Error = 1.12e-08 NNZ =     2809 SPT = 0.0185 Tsvd = 0.002 T = 0.049
 Site =    61 /   169 .. Mmpo =    54 DW = 3.46e-28 Error = 6.41e-13 NNZ =     2809 SPT = 0.0185 Tsvd = 0.002 T = 0.048
 Site =    62 /   169 .. Mmpo =    54 DW = 7.44e-17 Error = 8.63e-09 NNZ =     2863 SPT = 0.0182 Tsvd = 0.002 T = 0.049
 Site =    63 /   169 .. Mmpo =    54 DW = 5.21e-17 Error = 7.22e-09 NNZ =     2863 SPT = 0.0182 Tsvd = 0.002 T = 0.048
 Site =    64 /   169 .. Mmpo =    55 DW = 5.44e-27 Error = 1.22e-12 NNZ =     2916 SPT = 0.0182 Tsvd = 0.002 T = 0.047
 Site =    65 /   169 .. Mmpo =    55 DW = 4.36e-17 Error = 6.60e-09 NNZ =     2970 SPT = 0.0182 Tsvd = 0.002 T = 0.049
 Site =    66 /   169 .. Mmpo =    55 DW = 4.46e-17 Error = 6.68e-09 NNZ =     2971 SPT = 0.0179 Tsvd = 0.002 T = 0.048
 Site =    67 /   169 .. Mmpo =    56 DW = 1.00e-25 Error = 4.40e-13 NNZ =     3021 SPT = 0.0192 Tsvd = 0.002 T = 0.048
 Site =    68 /   169 .. Mmpo =    56 DW = 8.16e-17 Error = 9.04e-09 NNZ =     3080 SPT = 0.0179 Tsvd = 0.002 T = 0.048
 Site =    69 /   169 .. Mmpo =    55 DW = 1.05e-16 Error = 1.02e-08 NNZ =     3024 SPT = 0.0182 Tsvd = 0.002 T = 0.048
 Site =    70 /   169 .. Mmpo =    55 DW = 5.96e-17 Error = 7.72e-09 NNZ =     2970 SPT = 0.0182 Tsvd = 0.002 T = 0.047
 Site =    71 /   169 .. Mmpo =    55 DW = 8.59e-17 Error = 9.27e-09 NNZ =     2970 SPT = 0.0182 Tsvd = 0.002 T = 0.046
 Site =    72 /   169 .. Mmpo =    56 DW = 1.19e-24 Error = 1.11e-12 NNZ =     3026 SPT = 0.0175 Tsvd = 0.002 T = 0.046
 Site =    73 /   169 .. Mmpo =    56 DW = 9.61e-17 Error = 9.81e-09 NNZ =     3079 SPT = 0.0182 Tsvd = 0.002 T = 0.048
 Site =    74 /   169 .. Mmpo =    56 DW = 9.49e-17 Error = 9.74e-09 NNZ =     3078 SPT = 0.0185 Tsvd = 0.002 T = 0.046
 Site =    75 /   169 .. Mmpo =    56 DW = 6.73e-17 Error = 8.20e-09 NNZ =     3080 SPT = 0.0179 Tsvd = 0.002 T = 0.046
 Site =    76 /   169 .. Mmpo =    56 DW = 8.56e-17 Error = 9.25e-09 NNZ =     3081 SPT = 0.0175 Tsvd = 0.002 T = 0.045
 Site =    77 /   169 .. Mmpo =    56 DW = 6.81e-17 Error = 8.25e-09 NNZ =     3081 SPT = 0.0175 Tsvd = 0.002 T = 0.044
 Site =    78 /   169 .. Mmpo =    56 DW = 1.25e-17 Error = 3.53e-09 NNZ =     3081 SPT = 0.0175 Tsvd = 0.002 T = 0.044
 Site =    79 /   169 .. Mmpo =    56 DW = 4.39e-17 Error = 6.62e-09 NNZ =     3081 SPT = 0.0175 Tsvd = 0.002 T = 0.044
 Site =    80 /   169 .. Mmpo =    56 DW = 9.66e-17 Error = 9.83e-09 NNZ =     3081 SPT = 0.0175 Tsvd = 0.001 T = 0.043
 Site =    81 /   169 .. Mmpo =    56 DW = 9.03e-17 Error = 9.50e-09 NNZ =     3080 SPT = 0.0179 Tsvd = 0.001 T = 0.043
 Site =    82 /   169 .. Mmpo =    55 DW = 1.70e-16 Error = 1.31e-08 NNZ =     3024 SPT = 0.0182 Tsvd = 0.001 T = 0.042
 Site =    83 /   169 .. Mmpo =    56 DW = 3.38e-24 Error = 1.84e-12 NNZ =     3024 SPT = 0.0182 Tsvd = 0.001 T = 0.041
 Site =    84 /   169 .. Mmpo =    56 DW = 7.80e-17 Error = 8.83e-09 NNZ =     3074 SPT = 0.0198 Tsvd = 0.001 T = 0.042
 Site =    85 /   169 .. Mmpo =    56 DW = 9.50e-17 Error = 9.75e-09 NNZ =     3075 SPT = 0.0195 Tsvd = 0.001 T = 0.041
 Site =    86 /   169 .. Mmpo =    57 DW = 2.89e-24 Error = 2.61e-12 NNZ =     3134 SPT = 0.0182 Tsvd = 0.001 T = 0.041
 Site =    87 /   169 .. Mmpo =    56 DW = 1.23e-16 Error = 1.11e-08 NNZ =     3132 SPT = 0.0188 Tsvd = 0.001 T = 0.041
 Site =    88 /   169 .. Mmpo =    56 DW = 6.18e-17 Error = 7.86e-09 NNZ =     3077 SPT = 0.0188 Tsvd = 0.001 T = 0.040
 Site =    89 /   169 .. Mmpo =    56 DW = 9.00e-17 Error = 9.49e-09 NNZ =     3080 SPT = 0.0179 Tsvd = 0.001 T = 0.040
 Site =    90 /   169 .. Mmpo =    56 DW = 6.59e-17 Error = 8.12e-09 NNZ =     3081 SPT = 0.0175 Tsvd = 0.001 T = 0.039
 Site =    91 /   169 .. Mmpo =    56 DW = 1.87e-17 Error = 4.32e-09 NNZ =     3081 SPT = 0.0175 Tsvd = 0.001 T = 0.039
 Site =    92 /   169 .. Mmpo =    56 DW = 2.84e-17 Error = 5.33e-09 NNZ =     3081 SPT = 0.0175 Tsvd = 0.001 T = 0.038
 Site =    93 /   169 .. Mmpo =    56 DW = 6.11e-17 Error = 7.81e-09 NNZ =     3081 SPT = 0.0175 Tsvd = 0.001 T = 0.038
 Site =    94 /   169 .. Mmpo =    56 DW = 5.88e-17 Error = 7.66e-09 NNZ =     3079 SPT = 0.0182 Tsvd = 0.001 T = 0.038
 Site =    95 /   169 .. Mmpo =    55 DW = 1.05e-16 Error = 1.02e-08 NNZ =     3024 SPT = 0.0182 Tsvd = 0.001 T = 0.037
 Site =    96 /   169 .. Mmpo =    55 DW = 3.06e-17 Error = 5.53e-09 NNZ =     2969 SPT = 0.0185 Tsvd = 0.001 T = 0.036
 Site =    97 /   169 .. Mmpo =    55 DW = 6.88e-17 Error = 8.29e-09 NNZ =     2970 SPT = 0.0182 Tsvd = 0.001 T = 0.036
 Site =    98 /   169 .. Mmpo =    55 DW = 6.72e-17 Error = 8.20e-09 NNZ =     2970 SPT = 0.0182 Tsvd = 0.001 T = 0.036
 Site =    99 /   169 .. Mmpo =    56 DW = 3.60e-24 Error = 2.03e-12 NNZ =     3024 SPT = 0.0182 Tsvd = 0.001 T = 0.035
 Site =   100 /   169 .. Mmpo =    55 DW = 1.21e-16 Error = 1.10e-08 NNZ =     3022 SPT = 0.0188 Tsvd = 0.001 T = 0.036
 Site =   101 /   169 .. Mmpo =    55 DW = 6.17e-17 Error = 7.85e-09 NNZ =     2970 SPT = 0.0182 Tsvd = 0.001 T = 0.034
 Site =   102 /   169 .. Mmpo =    55 DW = 3.13e-17 Error = 5.60e-09 NNZ =     2970 SPT = 0.0182 Tsvd = 0.001 T = 0.034
 Site =   103 /   169 .. Mmpo =    54 DW = 7.04e-17 Error = 8.39e-09 NNZ =     2915 SPT = 0.0185 Tsvd = 0.001 T = 0.033
 Site =   104 /   169 .. Mmpo =    54 DW = 8.42e-18 Error = 2.90e-09 NNZ =     2863 SPT = 0.0182 Tsvd = 0.001 T = 0.033
 Site =   105 /   169 .. Mmpo =    54 DW = 4.16e-17 Error = 6.45e-09 NNZ =     2862 SPT = 0.0185 Tsvd = 0.001 T = 0.032
 Site =   106 /   169 .. Mmpo =    54 DW = 2.90e-17 Error = 5.38e-09 NNZ =     2862 SPT = 0.0185 Tsvd = 0.001 T = 0.032
 Site =   107 /   169 .. Mmpo =    53 DW = 6.83e-17 Error = 8.26e-09 NNZ =     2807 SPT = 0.0192 Tsvd = 0.001 T = 0.031
 Site =   108 /   169 .. Mmpo =    53 DW = 9.03e-17 Error = 9.50e-09 NNZ =     2756 SPT = 0.0189 Tsvd = 0.001 T = 0.030
 Site =   109 /   169 .. Mmpo =    52 DW = 4.12e-17 Error = 6.42e-09 NNZ =     2702 SPT = 0.0196 Tsvd = 0.001 T = 0.030
 Site =   110 /   169 .. Mmpo =    52 DW = 6.12e-17 Error = 7.82e-09 NNZ =     2646 SPT = 0.0214 Tsvd = 0.001 T = 0.029
 Site =   111 /   169 .. Mmpo =    52 DW = 4.04e-17 Error = 6.36e-09 NNZ =     2651 SPT = 0.0196 Tsvd = 0.001 T = 0.029
 Site =   112 /   169 .. Mmpo =    52 DW = 9.07e-17 Error = 9.52e-09 NNZ =     2652 SPT = 0.0192 Tsvd = 0.001 T = 0.029
 Site =   113 /   169 .. Mmpo =    51 DW = 7.36e-17 Error = 8.58e-09 NNZ =     2599 SPT = 0.0200 Tsvd = 0.001 T = 0.028
 Site =   114 /   169 .. Mmpo =    51 DW = 2.51e-17 Error = 5.01e-09 NNZ =     2551 SPT = 0.0192 Tsvd = 0.001 T = 0.027
 Site =   115 /   169 .. Mmpo =    51 DW = 5.17e-20 Error = 2.27e-10 NNZ =     2551 SPT = 0.0192 Tsvd = 0.001 T = 0.027
 Site =   116 /   169 .. Mmpo =    50 DW = 1.61e-18 Error = 1.27e-09 NNZ =     2498 SPT = 0.0204 Tsvd = 0.001 T = 0.025
 Site =   117 /   169 .. Mmpo =    49 DW = 3.28e-17 Error = 5.72e-09 NNZ =     2400 SPT = 0.0204 Tsvd = 0.001 T = 0.025
 Site =   118 /   169 .. Mmpo =    49 DW = 1.31e-17 Error = 3.62e-09 NNZ =     2351 SPT = 0.0208 Tsvd = 0.001 T = 0.024
 Site =   119 /   169 .. Mmpo =    48 DW = 2.44e-18 Error = 1.56e-09 NNZ =     2303 SPT = 0.0208 Tsvd = 0.001 T = 0.023
 Site =   120 /   169 .. Mmpo =    47 DW = 5.46e-17 Error = 7.39e-09 NNZ =     2208 SPT = 0.0213 Tsvd = 0.001 T = 0.022
 Site =   121 /   169 .. Mmpo =    47 DW = 1.79e-18 Error = 1.34e-09 NNZ =     2162 SPT = 0.0213 Tsvd = 0.001 T = 0.022
 Site =   122 /   169 .. Mmpo =    46 DW = 3.10e-17 Error = 5.57e-09 NNZ =     2114 SPT = 0.0222 Tsvd = 0.001 T = 0.021
 Site =   123 /   169 .. Mmpo =    46 DW = 1.18e-18 Error = 1.08e-09 NNZ =     2070 SPT = 0.0217 Tsvd = 0.001 T = 0.020
 Site =   124 /   169 .. Mmpo =    45 DW = 2.33e-17 Error = 4.83e-09 NNZ =     2022 SPT = 0.0232 Tsvd = 0.001 T = 0.020
 Site =   125 /   169 .. Mmpo =    45 DW = 5.25e-37 Error = 3.25e-13 NNZ =     1980 SPT = 0.0222 Tsvd = 0.001 T = 0.019
 Site =   126 /   169 .. Mmpo =    44 DW = 4.30e-37 Error = 1.94e-13 NNZ =     1933 SPT = 0.0237 Tsvd = 0.001 T = 0.019
 Site =   127 /   169 .. Mmpo =    43 DW = 3.19e-37 Error = 1.91e-13 NNZ =     1849 SPT = 0.0227 Tsvd = 0.001 T = 0.018
 Site =   128 /   169 .. Mmpo =    42 DW = 7.15e-37 Error = 2.08e-13 NNZ =     1763 SPT = 0.0238 Tsvd = 0.001 T = 0.017
 Site =   129 /   169 .. Mmpo =    41 DW = 4.01e-37 Error = 1.07e-12 NNZ =     1680 SPT = 0.0244 Tsvd = 0.001 T = 0.016
 Site =   130 /   169 .. Mmpo =    40 DW = 1.43e-37 Error = 1.41e-13 NNZ =     1600 SPT = 0.0244 Tsvd = 0.001 T = 0.016
 Site =   131 /   169 .. Mmpo =    39 DW = 3.65e-38 Error = 2.09e-13 NNZ =     1521 SPT = 0.0250 Tsvd = 0.001 T = 0.015
 Site =   132 /   169 .. Mmpo =    38 DW = 1.46e-37 Error = 1.67e-13 NNZ =     1444 SPT = 0.0256 Tsvd = 0.000 T = 0.014
 Site =   133 /   169 .. Mmpo =    37 DW = 4.48e-37 Error = 2.14e-13 NNZ =     1369 SPT = 0.0263 Tsvd = 0.000 T = 0.014
 Site =   134 /   169 .. Mmpo =    36 DW = 2.76e-37 Error = 1.59e-13 NNZ =     1296 SPT = 0.0270 Tsvd = 0.000 T = 0.013
 Site =   135 /   169 .. Mmpo =    35 DW = 1.29e-38 Error = 1.68e-13 NNZ =     1225 SPT = 0.0278 Tsvd = 0.000 T = 0.012
 Site =   136 /   169 .. Mmpo =    34 DW = 2.25e-37 Error = 2.67e-13 NNZ =     1156 SPT = 0.0286 Tsvd = 0.000 T = 0.012
 Site =   137 /   169 .. Mmpo =    33 DW = 1.20e-36 Error = 2.19e-13 NNZ =     1089 SPT = 0.0294 Tsvd = 0.000 T = 0.011
 Site =   138 /   169 .. Mmpo =    32 DW = 2.48e-39 Error = 1.87e-13 NNZ =     1024 SPT = 0.0303 Tsvd = 0.000 T = 0.010
 Site =   139 /   169 .. Mmpo =    31 DW = 5.35e-37 Error = 1.86e-13 NNZ =      961 SPT = 0.0312 Tsvd = 0.000 T = 0.010
 Site =   140 /   169 .. Mmpo =    30 DW = 5.00e-37 Error = 1.78e-13 NNZ =      900 SPT = 0.0323 Tsvd = 0.000 T = 0.009
 Site =   141 /   169 .. Mmpo =    29 DW = 8.57e-37 Error = 2.24e-13 NNZ =      841 SPT = 0.0333 Tsvd = 0.000 T = 0.009
 Site =   142 /   169 .. Mmpo =    28 DW = 2.28e-38 Error = 6.01e-13 NNZ =      784 SPT = 0.0345 Tsvd = 0.000 T = 0.008
 Site =   143 /   169 .. Mmpo =    27 DW = 2.85e-38 Error = 1.85e-13 NNZ =      729 SPT = 0.0357 Tsvd = 0.000 T = 0.007
 Site =   144 /   169 .. Mmpo =    26 DW = 5.59e-38 Error = 1.98e-13 NNZ =      676 SPT = 0.0370 Tsvd = 0.000 T = 0.007
 Site =   145 /   169 .. Mmpo =    25 DW = 5.31e-37 Error = 1.57e-13 NNZ =      625 SPT = 0.0385 Tsvd = 0.000 T = 0.007
 Site =   146 /   169 .. Mmpo =    24 DW = 1.41e-38 Error = 1.92e-13 NNZ =      576 SPT = 0.0400 Tsvd = 0.000 T = 0.006
 Site =   147 /   169 .. Mmpo =    23 DW = 4.43e-37 Error = 1.88e-13 NNZ =      529 SPT = 0.0417 Tsvd = 0.000 T = 0.006
 Site =   148 /   169 .. Mmpo =    22 DW = 1.32e-38 Error = 2.15e-13 NNZ =      484 SPT = 0.0435 Tsvd = 0.000 T = 0.005
 Site =   149 /   169 .. Mmpo =    21 DW = 8.03e-40 Error = 1.61e-13 NNZ =      441 SPT = 0.0455 Tsvd = 0.000 T = 0.005
 Site =   150 /   169 .. Mmpo =    20 DW = 2.57e-37 Error = 1.21e-13 NNZ =      400 SPT = 0.0476 Tsvd = 0.000 T = 0.004
 Site =   151 /   169 .. Mmpo =    19 DW = 2.56e-37 Error = 2.11e-13 NNZ =      361 SPT = 0.0500 Tsvd = 0.000 T = 0.004
 Site =   152 /   169 .. Mmpo =    18 DW = 3.92e-37 Error = 1.32e-13 NNZ =      324 SPT = 0.0526 Tsvd = 0.000 T = 0.004
 Site =   153 /   169 .. Mmpo =    17 DW = 7.60e-38 Error = 1.22e-13 NNZ =      289 SPT = 0.0556 Tsvd = 0.000 T = 0.003
 Site =   154 /   169 .. Mmpo =    16 DW = 7.28e-39 Error = 3.06e-12 NNZ =      256 SPT = 0.0588 Tsvd = 0.000 T = 0.003
 Site =   155 /   169 .. Mmpo =    15 DW = 9.24e-38 Error = 9.70e-13 NNZ =      225 SPT = 0.0625 Tsvd = 0.000 T = 0.002
 Site =   156 /   169 .. Mmpo =    14 DW = 3.66e-38 Error = 1.77e-13 NNZ =      196 SPT = 0.0667 Tsvd = 0.000 T = 0.002
 Site =   157 /   169 .. Mmpo =    13 DW = 8.18e-38 Error = 2.52e-13 NNZ =      169 SPT = 0.0714 Tsvd = 0.000 T = 0.002
 Site =   158 /   169 .. Mmpo =    12 DW = 1.38e-38 Error = 1.70e-13 NNZ =      144 SPT = 0.0769 Tsvd = 0.000 T = 0.002
 Site =   159 /   169 .. Mmpo =    11 DW = 3.08e-37 Error = 1.83e-13 NNZ =      121 SPT = 0.0833 Tsvd = 0.002 T = 0.003
 Site =   160 /   169 .. Mmpo =    10 DW = 4.64e-39 Error = 1.35e-13 NNZ =      100 SPT = 0.0909 Tsvd = 0.000 T = 0.001
 Site =   161 /   169 .. Mmpo =     9 DW = 7.23e-38 Error = 1.44e-13 NNZ =       81 SPT = 0.1000 Tsvd = 0.000 T = 0.001
 Site =   162 /   169 .. Mmpo =     8 DW = 5.29e-39 Error = 1.52e-13 NNZ =       64 SPT = 0.1111 Tsvd = 0.000 T = 0.001
 Site =   163 /   169 .. Mmpo =     7 DW = 2.01e-37 Error = 9.39e-14 NNZ =       49 SPT = 0.1250 Tsvd = 0.000 T = 0.001
 Site =   164 /   169 .. Mmpo =     6 DW = 1.21e-38 Error = 1.91e-13 NNZ =       36 SPT = 0.1429 Tsvd = 0.000 T = 0.001
 Site =   165 /   169 .. Mmpo =     5 DW = 1.54e-38 Error = 1.05e-13 NNZ =       25 SPT = 0.1667 Tsvd = 0.000 T = 0.000
 Site =   166 /   169 .. Mmpo =     4 DW = 1.51e-39 Error = 1.16e-13 NNZ =       16 SPT = 0.2000 Tsvd = 0.000 T = 0.000
 Site =   167 /   169 .. Mmpo =     3 DW = 0.00e+00 Error = 2.48e-14 NNZ =        9 SPT = 0.2500 Tsvd = 0.000 T = 0.000
 Site =   168 /   169 .. Mmpo =     1 DW = 0.00e+00 Error = 3.95e-14 NNZ =        3 SPT = 0.0000 Tsvd = 0.000 T = 0.000
Ttotal =      4.614 Tsvd-total = 0.157 MPO bond dimension =    57 MaxDW = 1.70e-16 Total error = 6.28e-08
NNZ =       287007 SIZE =       293345 SPT = 0.0216

Rank =     0 Ttotal =      4.620 MPO method = FastSVD bond dimension =      57 NNZ =       287007 SIZE =       293345 SPT = 0.0216
Environment initialization | Nsites =   169 | Center =     0
 INIT-R <-- Site =  167 ..  Bmem =   128 B Rmem =   128 B T = 0.02
 INIT-R <-- Site =  166 ..  Bmem =   640 B Rmem =   640 B T = 0.01
 INIT-R <-- Site =  165 ..  Bmem = 3.00 KB Rmem = 3.00 KB T = 0.01
 INIT-R <-- Site =  164 ..  Bmem = 14.0 KB Rmem = 14.0 KB T = 0.01
 INIT-R <-- Site =  163 ..  Bmem = 64.0 KB Rmem = 64.0 KB T = 0.01
 INIT-R <-- Site =  162 ..  Bmem =  288 KB Rmem =  288 KB T = 0.01
 INIT-R <-- Site =  161 ..  Bmem = 1.25 MB Rmem = 1.25 MB T = 0.02
 INIT-R <-- Site =  160 ..  Bmem = 5.50 MB Rmem = 5.50 MB T = 0.05
 INIT-R <-- Site =  159 ..  Bmem = 24.0 MB Rmem = 22.9 MB T = 0.24
 INIT-R <-- Site =  158 ..  Bmem = 99.2 MB Rmem = 24.8 MB T = 0.46
 INIT-R <-- Site =  157 ..  Bmem =  107 MB Rmem = 26.7 MB T = 0.49
 INIT-R <-- Site =  156 ..  Bmem =  114 MB Rmem = 28.6 MB T = 0.61
 INIT-R <-- Site =  155 ..  Bmem =  122 MB Rmem = 30.5 MB T = 0.57
 INIT-R <-- Site =  154 ..  Bmem =  130 MB Rmem = 32.4 MB T = 0.60
 INIT-R <-- Site =  153 ..  Bmem =  137 MB Rmem = 34.3 MB T = 0.65
 INIT-R <-- Site =  152 ..  Bmem =  145 MB Rmem = 36.2 MB T = 0.69
 INIT-R <-- Site =  151 ..  Bmem =  153 MB Rmem = 38.1 MB T = 0.75
 INIT-R <-- Site =  150 ..  Bmem =  160 MB Rmem = 40.1 MB T = 0.81
 INIT-R <-- Site =  149 ..  Bmem =  168 MB Rmem = 42.0 MB T = 0.85
 INIT-R <-- Site =  148 ..  Bmem =  175 MB Rmem = 43.9 MB T = 0.88
 INIT-R <-- Site =  147 ..  Bmem =  183 MB Rmem = 45.8 MB T = 0.94
 INIT-R <-- Site =  146 ..  Bmem =  191 MB Rmem = 47.7 MB T = 1.11
 INIT-R <-- Site =  145 ..  Bmem =  198 MB Rmem = 49.6 MB T = 1.07
 INIT-R <-- Site =  144 ..  Bmem =  206 MB Rmem = 51.5 MB T = 1.08
 INIT-R <-- Site =  143 ..  Bmem =  214 MB Rmem = 53.4 MB T = 1.14
 INIT-R <-- Site =  142 ..  Bmem =  221 MB Rmem = 55.3 MB T = 1.21
 INIT-R <-- Site =  141 ..  Bmem =  229 MB Rmem = 57.2 MB T = 1.25
 INIT-R <-- Site =  140 ..  Bmem =  237 MB Rmem = 59.1 MB T = 1.42
 INIT-R <-- Site =  139 ..  Bmem =  244 MB Rmem = 61.0 MB T = 1.39
 INIT-R <-- Site =  138 ..  Bmem =  252 MB Rmem = 62.9 MB T = 1.48
 INIT-R <-- Site =  137 ..  Bmem =  259 MB Rmem = 64.8 MB T = 1.51
 INIT-R <-- Site =  136 ..  Bmem =  267 MB Rmem = 66.8 MB T = 1.64
 INIT-R <-- Site =  135 ..  Bmem =  275 MB Rmem = 68.7 MB T = 1.61
 INIT-R <-- Site =  134 ..  Bmem =  282 MB Rmem = 70.6 MB T = 1.65
 INIT-R <-- Site =  133 ..  Bmem =  290 MB Rmem = 72.5 MB T = 1.73
 INIT-R <-- Site =  132 ..  Bmem =  298 MB Rmem = 74.4 MB T = 1.80
 INIT-R <-- Site =  131 ..  Bmem =  305 MB Rmem = 76.3 MB T = 1.96
 INIT-R <-- Site =  130 ..  Bmem =  313 MB Rmem = 78.2 MB T = 1.93
 INIT-R <-- Site =  129 ..  Bmem =  320 MB Rmem = 80.1 MB T = 1.95
 INIT-R <-- Site =  128 ..  Bmem =  328 MB Rmem = 82.0 MB T = 2.23
 INIT-R <-- Site =  127 ..  Bmem =  336 MB Rmem = 83.9 MB T = 2.14
 INIT-R <-- Site =  126 ..  Bmem =  343 MB Rmem = 85.8 MB T = 2.29
 INIT-R <-- Site =  125 ..  Bmem =  351 MB Rmem = 87.7 MB T = 2.36
 INIT-R <-- Site =  124 ..  Bmem =  351 MB Rmem = 87.7 MB T = 2.27
 INIT-R <-- Site =  123 ..  Bmem =  359 MB Rmem = 89.6 MB T = 2.46
 INIT-R <-- Site =  122 ..  Bmem =  359 MB Rmem = 89.6 MB T = 2.47
 INIT-R <-- Site =  121 ..  Bmem =  366 MB Rmem = 91.6 MB T = 2.41
 INIT-R <-- Site =  120 ..  Bmem =  366 MB Rmem = 91.6 MB T = 2.44
 INIT-R <-- Site =  119 ..  Bmem =  374 MB Rmem = 93.5 MB T = 2.58
 INIT-R <-- Site =  118 ..  Bmem =  381 MB Rmem = 95.4 MB T = 2.62
 INIT-R <-- Site =  117 ..  Bmem =  381 MB Rmem = 95.4 MB T = 2.57
 INIT-R <-- Site =  116 ..  Bmem =  389 MB Rmem = 97.3 MB T = 2.64
 INIT-R <-- Site =  115 ..  Bmem =  397 MB Rmem = 99.2 MB T = 2.87
 INIT-R <-- Site =  114 ..  Bmem =  397 MB Rmem = 99.2 MB T = 2.75
 INIT-R <-- Site =  113 ..  Bmem =  397 MB Rmem = 99.2 MB T = 2.70
 INIT-R <-- Site =  112 ..  Bmem =  404 MB Rmem =  101 MB T = 2.80
 INIT-R <-- Site =  111 ..  Bmem =  404 MB Rmem =  101 MB T = 2.82
 INIT-R <-- Site =  110 ..  Bmem =  404 MB Rmem =  101 MB T = 2.85
 INIT-R <-- Site =  109 ..  Bmem =  404 MB Rmem =  101 MB T = 2.81
 INIT-R <-- Site =  108 ..  Bmem =  412 MB Rmem =  103 MB T = 2.92
 INIT-R <-- Site =  107 ..  Bmem =  412 MB Rmem =  103 MB T = 2.85
 INIT-R <-- Site =  106 ..  Bmem =  420 MB Rmem =  105 MB T = 2.93
 INIT-R <-- Site =  105 ..  Bmem =  420 MB Rmem =  105 MB T = 3.04
 INIT-R <-- Site =  104 ..  Bmem =  420 MB Rmem =  105 MB T = 3.08
 INIT-R <-- Site =  103 ..  Bmem =  420 MB Rmem =  105 MB T = 3.02
 INIT-R <-- Site =  102 ..  Bmem =  427 MB Rmem =  107 MB T = 3.02
 INIT-R <-- Site =  101 ..  Bmem =  427 MB Rmem =  107 MB T = 3.02
 INIT-R <-- Site =  100 ..  Bmem =  427 MB Rmem =  107 MB T = 3.05
 INIT-R <-- Site =   99 ..  Bmem =  435 MB Rmem =  109 MB T = 3.08
 INIT-R <-- Site =   98 ..  Bmem =  427 MB Rmem =  107 MB T = 3.02
 INIT-R <-- Site =   97 ..  Bmem =  427 MB Rmem =  107 MB T = 3.06
 INIT-R <-- Site =   96 ..  Bmem =  427 MB Rmem =  107 MB T = 3.07
 INIT-R <-- Site =   95 ..  Bmem =  427 MB Rmem =  107 MB T = 3.22
 INIT-R <-- Site =   94 ..  Bmem =  435 MB Rmem =  109 MB T = 3.14
 INIT-R <-- Site =   93 ..  Bmem =  435 MB Rmem =  109 MB T = 3.15
 INIT-R <-- Site =   92 ..  Bmem =  435 MB Rmem =  109 MB T = 3.15
 INIT-R <-- Site =   91 ..  Bmem =  435 MB Rmem =  109 MB T = 3.18
 INIT-R <-- Site =   90 ..  Bmem =  435 MB Rmem =  109 MB T = 3.29
 INIT-R <-- Site =   89 ..  Bmem =  435 MB Rmem =  109 MB T = 3.20
 INIT-R <-- Site =   88 ..  Bmem =  435 MB Rmem =  109 MB T = 3.18
 INIT-R <-- Site =   87 ..  Bmem =  435 MB Rmem =  109 MB T = 3.25
 INIT-R <-- Site =   86 ..  Bmem =  443 MB Rmem =  111 MB T = 3.30
 INIT-R <-- Site =   85 ..  Bmem =  435 MB Rmem =  109 MB T = 3.21
 INIT-R <-- Site =   84 ..  Bmem =  435 MB Rmem =  109 MB T = 3.16
 INIT-R <-- Site =   83 ..  Bmem =  435 MB Rmem =  109 MB T = 3.22
 INIT-R <-- Site =   82 ..  Bmem =  427 MB Rmem =  107 MB T = 3.19
 INIT-R <-- Site =   81 ..  Bmem =  435 MB Rmem =  109 MB T = 3.16
 INIT-R <-- Site =   80 ..  Bmem =  435 MB Rmem =  109 MB T = 3.18
 INIT-R <-- Site =   79 ..  Bmem =  435 MB Rmem =  109 MB T = 3.25
 INIT-R <-- Site =   78 ..  Bmem =  435 MB Rmem =  109 MB T = 3.19
 INIT-R <-- Site =   77 ..  Bmem =  435 MB Rmem =  109 MB T = 3.18
 INIT-R <-- Site =   76 ..  Bmem =  435 MB Rmem =  109 MB T = 3.21
 INIT-R <-- Site =   75 ..  Bmem =  435 MB Rmem =  109 MB T = 3.22
 INIT-R <-- Site =   74 ..  Bmem =  435 MB Rmem =  109 MB T = 3.21
 INIT-R <-- Site =   73 ..  Bmem =  435 MB Rmem =  109 MB T = 3.18
 INIT-R <-- Site =   72 ..  Bmem =  435 MB Rmem =  109 MB T = 3.16
 INIT-R <-- Site =   71 ..  Bmem =  427 MB Rmem =  107 MB T = 3.13
 INIT-R <-- Site =   70 ..  Bmem =  427 MB Rmem =  107 MB T = 3.20
 INIT-R <-- Site =   69 ..  Bmem =  427 MB Rmem =  107 MB T = 3.17
 INIT-R <-- Site =   68 ..  Bmem =  435 MB Rmem =  109 MB T = 3.20
 INIT-R <-- Site =   67 ..  Bmem =  435 MB Rmem =  109 MB T = 3.31
 INIT-R <-- Site =   66 ..  Bmem =  427 MB Rmem =  107 MB T = 3.13
 INIT-R <-- Site =   65 ..  Bmem =  427 MB Rmem =  107 MB T = 3.13
 INIT-R <-- Site =   64 ..  Bmem =  427 MB Rmem =  107 MB T = 3.09
 INIT-R <-- Site =   63 ..  Bmem =  420 MB Rmem =  105 MB T = 3.04
 INIT-R <-- Site =   62 ..  Bmem =  420 MB Rmem =  105 MB T = 3.04
 INIT-R <-- Site =   61 ..  Bmem =  420 MB Rmem =  105 MB T = 3.08
 INIT-R <-- Site =   60 ..  Bmem =  412 MB Rmem =  103 MB T = 3.04
 INIT-R <-- Site =   59 ..  Bmem =  420 MB Rmem =  105 MB T = 2.97
 INIT-R <-- Site =   58 ..  Bmem =  412 MB Rmem =  103 MB T = 3.01
 INIT-R <-- Site =   57 ..  Bmem =  404 MB Rmem =  101 MB T = 3.05
 INIT-R <-- Site =   56 ..  Bmem =  404 MB Rmem =  101 MB T = 2.88
 INIT-R <-- Site =   55 ..  Bmem =  404 MB Rmem =  101 MB T = 2.93
 INIT-R <-- Site =   54 ..  Bmem =  404 MB Rmem =  101 MB T = 2.89
 INIT-R <-- Site =   53 ..  Bmem =  397 MB Rmem = 99.2 MB T = 2.81
 INIT-R <-- Site =   52 ..  Bmem =  397 MB Rmem = 99.2 MB T = 2.76
 INIT-R <-- Site =   51 ..  Bmem =  389 MB Rmem = 97.3 MB T = 2.69
 INIT-R <-- Site =   50 ..  Bmem =  381 MB Rmem = 95.4 MB T = 2.76
 INIT-R <-- Site =   49 ..  Bmem =  381 MB Rmem = 95.4 MB T = 2.60
 INIT-R <-- Site =   48 ..  Bmem =  374 MB Rmem = 93.5 MB T = 2.60
 INIT-R <-- Site =   47 ..  Bmem =  366 MB Rmem = 91.6 MB T = 2.52
 INIT-R <-- Site =   46 ..  Bmem =  366 MB Rmem = 91.6 MB T = 2.44
 INIT-R <-- Site =   45 ..  Bmem =  359 MB Rmem = 89.6 MB T = 2.40
 INIT-R <-- Site =   44 ..  Bmem =  359 MB Rmem = 89.6 MB T = 2.44
 INIT-R <-- Site =   43 ..  Bmem =  351 MB Rmem = 87.7 MB T = 2.34
 INIT-R <-- Site =   42 ..  Bmem =  351 MB Rmem = 87.7 MB T = 2.32
 INIT-R <-- Site =   41 ..  Bmem =  343 MB Rmem = 85.8 MB T = 2.29
 INIT-R <-- Site =   40 ..  Bmem =  336 MB Rmem = 83.9 MB T = 2.21
 INIT-R <-- Site =   39 ..  Bmem =  328 MB Rmem = 82.0 MB T = 2.13
 INIT-R <-- Site =   38 ..  Bmem =  320 MB Rmem = 80.1 MB T = 2.07
 INIT-R <-- Site =   37 ..  Bmem =  313 MB Rmem = 78.2 MB T = 2.00
 INIT-R <-- Site =   36 ..  Bmem =  305 MB Rmem = 76.3 MB T = 1.92
 INIT-R <-- Site =   35 ..  Bmem =  298 MB Rmem = 74.4 MB T = 1.93
 INIT-R <-- Site =   34 ..  Bmem =  290 MB Rmem = 72.5 MB T = 1.80
 INIT-R <-- Site =   33 ..  Bmem =  282 MB Rmem = 70.6 MB T = 1.71
 INIT-R <-- Site =   32 ..  Bmem =  275 MB Rmem = 68.7 MB T = 1.69
 INIT-R <-- Site =   31 ..  Bmem =  267 MB Rmem = 66.8 MB T = 1.58
 INIT-R <-- Site =   30 ..  Bmem =  259 MB Rmem = 64.8 MB T = 1.57
 INIT-R <-- Site =   29 ..  Bmem =  252 MB Rmem = 62.9 MB T = 1.51
 INIT-R <-- Site =   28 ..  Bmem =  244 MB Rmem = 61.0 MB T = 1.44
 INIT-R <-- Site =   27 ..  Bmem =  237 MB Rmem = 59.1 MB T = 1.34
 INIT-R <-- Site =   26 ..  Bmem =  229 MB Rmem = 57.2 MB T = 1.45
 INIT-R <-- Site =   25 ..  Bmem =  221 MB Rmem = 55.3 MB T = 1.26
 INIT-R <-- Site =   24 ..  Bmem =  214 MB Rmem = 53.4 MB T = 1.19
 INIT-R <-- Site =   23 ..  Bmem =  206 MB Rmem = 51.5 MB T = 1.17
 INIT-R <-- Site =   22 ..  Bmem =  198 MB Rmem = 49.6 MB T = 1.09
 INIT-R <-- Site =   21 ..  Bmem =  191 MB Rmem = 47.7 MB T = 1.08
 INIT-R <-- Site =   20 ..  Bmem =  183 MB Rmem = 45.8 MB T = 1.03
 INIT-R <-- Site =   19 ..  Bmem =  175 MB Rmem = 43.9 MB T = 0.93
 INIT-R <-- Site =   18 ..  Bmem =  168 MB Rmem = 42.0 MB T = 0.88
 INIT-R <-- Site =   17 ..  Bmem =  160 MB Rmem = 40.1 MB T = 0.84
 INIT-R <-- Site =   16 ..  Bmem =  153 MB Rmem = 38.1 MB T = 0.80
 INIT-R <-- Site =   15 ..  Bmem =  145 MB Rmem = 36.2 MB T = 0.75
 INIT-R <-- Site =   14 ..  Bmem =  137 MB Rmem = 34.3 MB T = 0.69
 INIT-R <-- Site =   13 ..  Bmem =  130 MB Rmem = 32.4 MB T = 0.65
 INIT-R <-- Site =   12 ..  Bmem =  122 MB Rmem = 30.5 MB T = 0.59
 INIT-R <-- Site =   11 ..  Bmem =  114 MB Rmem = 28.6 MB T = 0.65
 INIT-R <-- Site =   10 ..  Bmem =  107 MB Rmem = 26.7 MB T = 0.49
 INIT-R <-- Site =    9 ..  Bmem = 99.2 MB Rmem = 24.8 MB T = 0.49
 INIT-R <-- Site =    8 ..  Bmem = 91.6 MB Rmem = 22.9 MB T = 0.43
 INIT-R <-- Site =    7 ..  Bmem = 83.9 MB Rmem = 5.50 MB T = 0.23
 INIT-R <-- Site =    6 ..  Bmem = 20.0 MB Rmem = 1.25 MB T = 0.05
 INIT-R <-- Site =    5 ..  Bmem = 4.50 MB Rmem =  288 KB T = 0.01
 INIT-R <-- Site =    4 ..  Bmem = 1.00 MB Rmem = 64.0 KB T = 0.01
 INIT-R <-- Site =    3 ..  Bmem =  224 KB Rmem = 14.0 KB T = 0.01
 INIT-R <-- Site =    2 ..  Bmem = 48.0 KB Rmem = 3.00 KB T = 0.01
 INIT-R <-- Site =    1 ..  Bmem = 10.0 KB Rmem =   640 B T = 0.01
 INIT-R <-- Site =    0 ..  Bmem = 2.00 KB Rmem =   128 B T = 0.01
Time init sweep =      332.530 | MaxBmem =  443 MB | MaxRmem =  111 MB
 | Tread = 0.000 | Twrite = 30.539 | Tfpread = 0.000 | Tfpwrite = 16.002 | data = 12.0 GB | cpsd = 7.97 GB | Tasync = 0.000


Sweep =    0 | Direction =  forward | Bond dimension =   15 | Noise =  1.00e-04 | Dav threshold =  1.00e-10
 --> Site =    0 .. Mmps =    2 Ndav =   4 E =   -205.6409162669 Error = 0.00e+00 FLOPS = 9.75e+05 Tdav = 0.00 T = 0.05
 --> Site =    1 .. Mmps =    4 Ndav =  10 E =   -205.6578120341 Error = 0.00e+00 FLOPS = 2.11e+07 Tdav = 0.00 T = 0.05
 --> Site =    2 .. Mmps =    8 Ndav =  14 E =   -205.6905971314 Error = 0.00e+00 FLOPS = 1.38e+08 Tdav = 0.00 T = 0.04
 --> Site =    3 .. Mmps =   15 Ndav =  17 E =   -205.7053852446 Error = 1.90e-16 FLOPS = 8.96e+08 Tdav = 0.00 T = 0.06
 --> Site =    4 .. Mmps =   15 Ndav =  18 E =   -205.7399237464 Error = 4.39e-11 FLOPS = 3.15e+09 Tdav = 0.00 T = 0.06
 --> Site =    5 .. Mmps =   15 Ndav =  21 E =   -205.7498095347 Error = 5.62e-10 FLOPS = 4.90e+09 Tdav = 0.01 T = 0.06
 --> Site =    6 .. Mmps =   15 Ndav =  19 E =   -205.7839936693 Error = 2.96e-09 FLOPS = 7.38e+09 Tdav = 0.01 T = 0.07
 --> Site =    7 .. Mmps =   15 Ndav =  22 E =   -205.7971533938 Error = 9.17e-09 FLOPS = 8.69e+09 Tdav = 0.06 T = 0.18
 --> Site =    8 .. Mmps =   15 Ndav =  21 E =   -205.8333299457 Error = 2.19e-08 FLOPS = 1.08e+10 Tdav = 0.17 T = 0.42
 --> Site =    9 .. Mmps =   15 Ndav =  21 E =   -205.8457201823 Error = 2.12e-08 FLOPS = 1.12e+10 Tdav = 0.18 T = 0.41
 --> Site =   10 .. Mmps =   15 Ndav =  20 E =   -205.8699175919 Error = 4.97e-08 FLOPS = 1.18e+10 Tdav = 0.17 T = 0.39
 --> Site =   11 .. Mmps =   15 Ndav =  20 E =   -205.8759626875 Error = 3.53e-08 FLOPS = 1.21e+10 Tdav = 0.18 T = 0.42
 --> Site =   12 .. Mmps =   15 Ndav =  19 E =   -205.8849114759 Error = 2.77e-08 FLOPS = 1.26e+10 Tdav = 0.18 T = 0.40
 --> Site =   13 .. Mmps =   15 Ndav =  20 E =   -205.9204794378 Error = 1.10e-08 FLOPS = 1.25e+10 Tdav = 0.20 T = 0.48
 --> Site =   14 .. Mmps =   15 Ndav =  22 E =   -205.9502874537 Error = 6.15e-08 FLOPS = 1.22e+10 Tdav = 0.24 T = 0.48
 --> Site =   15 .. Mmps =   15 Ndav =  23 E =   -205.9643110874 Error = 1.26e-08 FLOPS = 1.21e+10 Tdav = 0.27 T = 0.53
 --> Site =   16 .. Mmps =   15 Ndav =  22 E =   -205.9953161320 Error = 6.60e-08 FLOPS = 1.29e+10 Tdav = 0.26 T = 0.60
 --> Site =   17 .. Mmps =   15 Ndav =  23 E =   -206.0076561608 Error = 1.33e-08 FLOPS = 1.28e+10 Tdav = 0.29 T = 0.64
 --> Site =   18 .. Mmps =   15 Ndav =  22 E =   -206.0384964329 Error = 6.95e-08 FLOPS = 1.30e+10 Tdav = 0.28 T = 0.53
 --> Site =   19 .. Mmps =   15 Ndav =  26 E =   -206.0490267940 Error = 1.28e-08 FLOPS = 1.20e+10 Tdav = 0.38 T = 0.64
 --> Site =   20 .. Mmps =   15 Ndav =  21 E =   -206.0723234132 Error = 7.54e-08 FLOPS = 1.35e+10 Tdav = 0.29 T = 0.59
 --> Site =   21 .. Mmps =   15 Ndav =  25 E =   -206.0870728581 Error = 1.25e-08 FLOPS = 1.28e+10 Tdav = 0.37 T = 0.66
 --> Site =   22 .. Mmps =   15 Ndav =  22 E =   -206.1067515637 Error = 7.48e-08 FLOPS = 1.38e+10 Tdav = 0.32 T = 0.63
 --> Site =   23 .. Mmps =   15 Ndav =  25 E =   -206.1159396443 Error = 1.26e-08 FLOPS = 1.29e+10 Tdav = 0.40 T = 0.73
 --> Site =   24 .. Mmps =   15 Ndav =  20 E =   -206.1245194372 Error = 6.41e-08 FLOPS = 1.43e+10 Tdav = 0.30 T = 0.64
 --> Site =   25 .. Mmps =   15 Ndav =  21 E =   -206.1271974694 Error = 6.66e-09 FLOPS = 1.43e+10 Tdav = 0.33 T = 0.77
 --> Site =   26 .. Mmps =   15 Ndav =  18 E =   -206.1346200798 Error = 1.05e-07 FLOPS = 1.51e+10 Tdav = 0.27 T = 0.66
 --> Site =   27 .. Mmps =   15 Ndav =  22 E =   -206.1549101654 Error = 1.89e-08 FLOPS = 1.42e+10 Tdav = 0.37 T = 0.77
 --> Site =   28 .. Mmps =   15 Ndav =  20 E =   -206.1743966901 Error = 1.40e-07 FLOPS = 1.47e+10 Tdav = 0.34 T = 0.78
 --> Site =   29 .. Mmps =   15 Ndav =  22 E =   -206.1918846774 Error = 5.85e-08 FLOPS = 1.44e+10 Tdav = 0.39 T = 0.77
 --> Site =   30 .. Mmps =   15 Ndav =  21 E =   -206.2174744632 Error = 1.37e-07 FLOPS = 1.47e+10 Tdav = 0.37 T = 0.75
 --> Site =   31 .. Mmps =   15 Ndav =  22 E =   -206.2276672304 Error = 5.88e-08 FLOPS = 1.44e+10 Tdav = 0.41 T = 0.81
 --> Site =   32 .. Mmps =   15 Ndav =  21 E =   -206.2405442025 Error = 1.38e-07 FLOPS = 1.47e+10 Tdav = 0.40 T = 0.76
 --> Site =   33 .. Mmps =   15 Ndav =  22 E =   -206.2481175607 Error = 5.61e-08 FLOPS = 1.48e+10 Tdav = 0.42 T = 0.90
 --> Site =   34 .. Mmps =   15 Ndav =  20 E =   -206.2567145012 Error = 1.32e-07 FLOPS = 1.53e+10 Tdav = 0.38 T = 0.87
 --> Site =   35 .. Mmps =   15 Ndav =  22 E =   -206.2653338540 Error = 5.50e-08 FLOPS = 1.48e+10 Tdav = 0.45 T = 0.87
 --> Site =   36 .. Mmps =   15 Ndav =  22 E =   -206.2764353418 Error = 1.04e-07 FLOPS = 1.48e+10 Tdav = 0.46 T = 0.86
 --> Site =   37 .. Mmps =   15 Ndav =  22 E =   -206.2805974564 Error = 3.60e-08 FLOPS = 1.51e+10 Tdav = 0.46 T = 0.89
 --> Site =   38 .. Mmps =   15 Ndav =  22 E =   -206.2926453117 Error = 2.74e-08 FLOPS = 1.50e+10 Tdav = 0.48 T = 0.90
 --> Site =   39 .. Mmps =   15 Ndav =  22 E =   -206.3017401766 Error = 1.72e-08 FLOPS = 1.50e+10 Tdav = 0.49 T = 1.01
 --> Site =   40 .. Mmps =   15 Ndav =  23 E =   -206.3230862229 Error = 6.84e-08 FLOPS = 1.50e+10 Tdav = 0.52 T = 0.95
 --> Site =   41 .. Mmps =   15 Ndav =  25 E =   -206.3449883801 Error = 2.54e-08 FLOPS = 1.47e+10 Tdav = 0.60 T = 1.06
 --> Site =   42 .. Mmps =   15 Ndav =  23 E =   -206.3659390306 Error = 8.68e-08 FLOPS = 1.50e+10 Tdav = 0.55 T = 1.15
 --> Site =   43 .. Mmps =   15 Ndav =  25 E =   -206.3795071344 Error = 2.43e-08 FLOPS = 1.48e+10 Tdav = 0.60 T = 1.18
 --> Site =   44 .. Mmps =   15 Ndav =  22 E =   -206.3930670409 Error = 8.64e-08 FLOPS = 1.52e+10 Tdav = 0.53 T = 1.11
 --> Site =   45 .. Mmps =   15 Ndav =  26 E =   -206.4088684865 Error = 2.17e-08 FLOPS = 1.46e+10 Tdav = 0.65 T = 1.15
 --> Site =   46 .. Mmps =   15 Ndav =  22 E =   -206.4270899325 Error = 8.52e-08 FLOPS = 1.54e+10 Tdav = 0.53 T = 1.13
 --> Site =   47 .. Mmps =   15 Ndav =  25 E =   -206.4387168962 Error = 1.95e-08 FLOPS = 1.47e+10 Tdav = 0.63 T = 1.09
 --> Site =   48 .. Mmps =   15 Ndav =  21 E =   -206.4465627451 Error = 8.64e-08 FLOPS = 1.57e+10 Tdav = 0.51 T = 1.07
 --> Site =   49 .. Mmps =   15 Ndav =  26 E =   -206.4562251284 Error = 1.47e-08 FLOPS = 1.47e+10 Tdav = 0.69 T = 1.30
 --> Site =   50 .. Mmps =   15 Ndav =  19 E =   -206.4609625805 Error = 5.52e-08 FLOPS = 1.59e+10 Tdav = 0.46 T = 0.99
 --> Site =   51 .. Mmps =   15 Ndav =  21 E =   -206.4633752333 Error = 8.12e-09 FLOPS = 1.57e+10 Tdav = 0.53 T = 1.02
 --> Site =   52 .. Mmps =   15 Ndav =  17 E =   -206.4670304173 Error = 7.89e-08 FLOPS = 1.62e+10 Tdav = 0.43 T = 0.93
 --> Site =   53 .. Mmps =   15 Ndav =  18 E =   -206.4683278279 Error = 1.92e-08 FLOPS = 1.61e+10 Tdav = 0.45 T = 0.98
 --> Site =   54 .. Mmps =   15 Ndav =  19 E =   -206.4741521719 Error = 1.33e-07 FLOPS = 1.61e+10 Tdav = 0.49 T = 1.02
 --> Site =   55 .. Mmps =   15 Ndav =  20 E =   -206.4775502522 Error = 5.00e-08 FLOPS = 1.58e+10 Tdav = 0.52 T = 1.04
 --> Site =   56 .. Mmps =   15 Ndav =  19 E =   -206.4833123822 Error = 1.38e-07 FLOPS = 1.61e+10 Tdav = 0.49 T = 1.00
 --> Site =   57 .. Mmps =   15 Ndav =  20 E =   -206.4867340588 Error = 5.14e-08 FLOPS = 1.60e+10 Tdav = 0.52 T = 1.18
 --> Site =   58 .. Mmps =   15 Ndav =  20 E =   -206.4937967491 Error = 1.38e-07 FLOPS = 1.58e+10 Tdav = 0.53 T = 1.19
 --> Site =   59 .. Mmps =   15 Ndav =  20 E =   -206.4963725933 Error = 5.15e-08 FLOPS = 1.61e+10 Tdav = 0.53 T = 1.10
 --> Site =   60 .. Mmps =   15 Ndav =  21 E =   -206.5032434876 Error = 1.38e-07 FLOPS = 1.56e+10 Tdav = 0.57 T = 1.10
 --> Site =   61 .. Mmps =   15 Ndav =  21 E =   -206.5068831650 Error = 4.97e-08 FLOPS = 1.58e+10 Tdav = 0.57 T = 1.11
 --> Site =   62 .. Mmps =   15 Ndav =  21 E =   -206.5152410015 Error = 1.03e-07 FLOPS = 1.59e+10 Tdav = 0.57 T = 1.18
 --> Site =   63 .. Mmps =   15 Ndav =  20 E =   -206.5170117035 Error = 3.60e-08 FLOPS = 1.59e+10 Tdav = 0.54 T = 1.04
 --> Site =   64 .. Mmps =   15 Ndav =  20 E =   -206.5199318704 Error = 2.64e-08 FLOPS = 1.60e+10 Tdav = 0.55 T = 1.11
 --> Site =   65 .. Mmps =   15 Ndav =  21 E =   -206.5233415310 Error = 1.27e-08 FLOPS = 1.57e+10 Tdav = 0.58 T = 1.14
 --> Site =   66 .. Mmps =   15 Ndav =  23 E =   -206.5426819347 Error = 5.39e-08 FLOPS = 1.55e+10 Tdav = 0.65 T = 1.26
 --> Site =   67 .. Mmps =   15 Ndav =  23 E =   -206.5568134207 Error = 1.88e-08 FLOPS = 1.56e+10 Tdav = 0.65 T = 1.20
 --> Site =   68 .. Mmps =   15 Ndav =  22 E =   -206.5687158345 Error = 7.47e-08 FLOPS = 1.56e+10 Tdav = 0.63 T = 1.31
 --> Site =   69 .. Mmps =   15 Ndav =  25 E =   -206.5774709166 Error = 1.90e-08 FLOPS = 1.53e+10 Tdav = 0.72 T = 1.26
 --> Site =   70 .. Mmps =   15 Ndav =  22 E =   -206.5890304679 Error = 7.95e-08 FLOPS = 1.56e+10 Tdav = 0.62 T = 1.26
 --> Site =   71 .. Mmps =   15 Ndav =  25 E =   -206.5945453682 Error = 2.08e-08 FLOPS = 1.50e+10 Tdav = 0.73 T = 1.31
 --> Site =   72 .. Mmps =   15 Ndav =  21 E =   -206.6084150944 Error = 8.48e-08 FLOPS = 1.57e+10 Tdav = 0.59 T = 1.32
 --> Site =   73 .. Mmps =   15 Ndav =  26 E =   -206.6190935568 Error = 1.86e-08 FLOPS = 1.52e+10 Tdav = 0.76 T = 1.36
 --> Site =   74 .. Mmps =   15 Ndav =  21 E =   -206.6289811416 Error = 8.48e-08 FLOPS = 1.58e+10 Tdav = 0.59 T = 1.20
 --> Site =   75 .. Mmps =   15 Ndav =  23 E =   -206.6331059357 Error = 1.37e-08 FLOPS = 1.56e+10 Tdav = 0.66 T = 1.43
 --> Site =   76 .. Mmps =   15 Ndav =  20 E =   -206.6374485698 Error = 5.51e-08 FLOPS = 1.59e+10 Tdav = 0.56 T = 1.21
 --> Site =   77 .. Mmps =   15 Ndav =  22 E =   -206.6398538707 Error = 7.63e-09 FLOPS = 1.58e+10 Tdav = 0.62 T = 1.22
 --> Site =   78 .. Mmps =   15 Ndav =  17 E =   -206.6417965065 Error = 8.23e-08 FLOPS = 1.63e+10 Tdav = 0.46 T = 1.04
 --> Site =   79 .. Mmps =   15 Ndav =  18 E =   -206.6429970739 Error = 1.92e-08 FLOPS = 1.64e+10 Tdav = 0.49 T = 1.14
 --> Site =   80 .. Mmps =   15 Ndav =  19 E =   -206.6478525627 Error = 1.37e-07 FLOPS = 1.61e+10 Tdav = 0.53 T = 1.15
 --> Site =   81 .. Mmps =   15 Ndav =  20 E =   -206.6500489185 Error = 5.22e-08 FLOPS = 1.61e+10 Tdav = 0.55 T = 1.22
 --> Site =   82 .. Mmps =   15 Ndav =  20 E =   -206.6551810078 Error = 1.42e-07 FLOPS = 1.59e+10 Tdav = 0.55 T = 1.15
 --> Site =   83 .. Mmps =   15 Ndav =  20 E =   -206.6586156918 Error = 5.21e-08 FLOPS = 1.61e+10 Tdav = 0.55 T = 1.12
 --> Site =   84 .. Mmps =   15 Ndav =  19 E =   -206.6631340267 Error = 1.40e-07 FLOPS = 1.61e+10 Tdav = 0.52 T = 1.08
 --> Site =   85 .. Mmps =   15 Ndav =  20 E =   -206.6659128340 Error = 5.36e-08 FLOPS = 1.61e+10 Tdav = 0.55 T = 1.10
 --> Site =   86 .. Mmps =   15 Ndav =  21 E =   -206.6730221833 Error = 1.38e-07 FLOPS = 1.58e+10 Tdav = 0.60 T = 1.19
 --> Site =   87 .. Mmps =   15 Ndav =  20 E =   -206.6759964062 Error = 5.00e-08 FLOPS = 1.61e+10 Tdav = 0.55 T = 1.11
 --> Site =   88 .. Mmps =   15 Ndav =  20 E =   -206.6821943622 Error = 1.07e-07 FLOPS = 1.59e+10 Tdav = 0.56 T = 1.11
 --> Site =   89 .. Mmps =   15 Ndav =  19 E =   -206.6833605329 Error = 3.64e-08 FLOPS = 1.61e+10 Tdav = 0.52 T = 1.16
 --> Site =   90 .. Mmps =   15 Ndav =  20 E =   -206.6857570054 Error = 2.77e-08 FLOPS = 1.59e+10 Tdav = 0.56 T = 1.18
 --> Site =   91 .. Mmps =   15 Ndav =  22 E =   -206.6880876899 Error = 1.28e-08 FLOPS = 1.58e+10 Tdav = 0.62 T = 1.14
 --> Site =   92 .. Mmps =   15 Ndav =  22 E =   -206.6978483243 Error = 5.43e-08 FLOPS = 1.57e+10 Tdav = 0.63 T = 1.20
 --> Site =   93 .. Mmps =   15 Ndav =  24 E =   -206.7065878005 Error = 1.92e-08 FLOPS = 1.55e+10 Tdav = 0.69 T = 1.22
 --> Site =   94 .. Mmps =   15 Ndav =  22 E =   -206.7143882112 Error = 7.69e-08 FLOPS = 1.56e+10 Tdav = 0.63 T = 1.36
 --> Site =   95 .. Mmps =   15 Ndav =  23 E =   -206.7187761213 Error = 2.16e-08 FLOPS = 1.56e+10 Tdav = 0.65 T = 1.26
 --> Site =   96 .. Mmps =   15 Ndav =  22 E =   -206.7284483679 Error = 8.39e-08 FLOPS = 1.57e+10 Tdav = 0.61 T = 1.25
 --> Site =   97 .. Mmps =   15 Ndav =  23 E =   -206.7363146751 Error = 2.01e-08 FLOPS = 1.54e+10 Tdav = 0.65 T = 1.15
 --> Site =   98 .. Mmps =   15 Ndav =  21 E =   -206.7446028529 Error = 8.24e-08 FLOPS = 1.59e+10 Tdav = 0.58 T = 1.15
 --> Site =   99 .. Mmps =   15 Ndav =  24 E =   -206.7528435024 Error = 1.75e-08 FLOPS = 1.54e+10 Tdav = 0.69 T = 1.24
 --> Site =  100 .. Mmps =   15 Ndav =  21 E =   -206.7599732047 Error = 8.63e-08 FLOPS = 1.57e+10 Tdav = 0.58 T = 1.14
 --> Site =  101 .. Mmps =   15 Ndav =  24 E =   -206.7650197859 Error = 1.27e-08 FLOPS = 1.54e+10 Tdav = 0.68 T = 1.24
 --> Site =  102 .. Mmps =   15 Ndav =  20 E =   -206.7680764419 Error = 5.59e-08 FLOPS = 1.60e+10 Tdav = 0.55 T = 1.07
 --> Site =  103 .. Mmps =   15 Ndav =  21 E =   -206.7690492316 Error = 7.54e-09 FLOPS = 1.58e+10 Tdav = 0.57 T = 1.12
 --> Site =  104 .. Mmps =   15 Ndav =  17 E =   -206.7703535625 Error = 8.68e-08 FLOPS = 1.65e+10 Tdav = 0.44 T = 1.06
 --> Site =  105 .. Mmps =   15 Ndav =  18 E =   -206.7709954581 Error = 1.76e-08 FLOPS = 1.62e+10 Tdav = 0.48 T = 1.14
 --> Site =  106 .. Mmps =   15 Ndav =  18 E =   -206.7732541020 Error = 1.42e-07 FLOPS = 1.62e+10 Tdav = 0.48 T = 1.12
 --> Site =  107 .. Mmps =   15 Ndav =  21 E =   -206.7743592911 Error = 5.72e-08 FLOPS = 1.58e+10 Tdav = 0.56 T = 1.15
 --> Site =  108 .. Mmps =   15 Ndav =  19 E =   -206.7789942905 Error = 1.47e-07 FLOPS = 1.60e+10 Tdav = 0.50 T = 1.03
 --> Site =  109 .. Mmps =   15 Ndav =  20 E =   -206.7816238430 Error = 5.81e-08 FLOPS = 1.58e+10 Tdav = 0.52 T = 1.06
 --> Site =  110 .. Mmps =   15 Ndav =  20 E =   -206.7860103707 Error = 1.51e-07 FLOPS = 1.58e+10 Tdav = 0.52 T = 1.48
 --> Site =  111 .. Mmps =   15 Ndav =  20 E =   -206.7882304438 Error = 5.85e-08 FLOPS = 1.59e+10 Tdav = 0.52 T = 1.00
 --> Site =  112 .. Mmps =   15 Ndav =  20 E =   -206.7944819678 Error = 1.49e-07 FLOPS = 1.59e+10 Tdav = 0.52 T = 1.00
 --> Site =  113 .. Mmps =   15 Ndav =  20 E =   -206.7966024824 Error = 5.47e-08 FLOPS = 1.59e+10 Tdav = 0.51 T = 1.08
 --> Site =  114 .. Mmps =   15 Ndav =  20 E =   -206.8030581447 Error = 1.16e-07 FLOPS = 1.58e+10 Tdav = 0.51 T = 0.98
 --> Site =  115 .. Mmps =   15 Ndav =  20 E =   -206.8039888193 Error = 3.67e-08 FLOPS = 1.58e+10 Tdav = 0.51 T = 1.11
 --> Site =  116 .. Mmps =   15 Ndav =  20 E =   -206.8061075863 Error = 3.01e-08 FLOPS = 1.58e+10 Tdav = 0.50 T = 0.98
 --> Site =  117 .. Mmps =   15 Ndav =  22 E =   -206.8086276208 Error = 1.25e-08 FLOPS = 1.55e+10 Tdav = 0.55 T = 1.06
 --> Site =  118 .. Mmps =   15 Ndav =  22 E =   -206.8159766027 Error = 5.67e-08 FLOPS = 1.55e+10 Tdav = 0.55 T = 1.04
 --> Site =  119 .. Mmps =   15 Ndav =  22 E =   -206.8202601789 Error = 1.47e-08 FLOPS = 1.54e+10 Tdav = 0.55 T = 1.02
 --> Site =  120 .. Mmps =   15 Ndav =  22 E =   -206.8279409067 Error = 7.83e-08 FLOPS = 1.55e+10 Tdav = 0.53 T = 1.28
 --> Site =  121 .. Mmps =   15 Ndav =  23 E =   -206.8317025117 Error = 1.47e-08 FLOPS = 1.52e+10 Tdav = 0.57 T = 1.07
 --> Site =  122 .. Mmps =   15 Ndav =  22 E =   -206.8405557527 Error = 8.09e-08 FLOPS = 1.53e+10 Tdav = 0.52 T = 1.04
 --> Site =  123 .. Mmps =   15 Ndav =  23 E =   -206.8456791704 Error = 1.45e-08 FLOPS = 1.52e+10 Tdav = 0.55 T = 1.06
 --> Site =  124 .. Mmps =   15 Ndav =  22 E =   -206.8527953366 Error = 8.18e-08 FLOPS = 1.53e+10 Tdav = 0.51 T = 0.99
 --> Site =  125 .. Mmps =   15 Ndav =  25 E =   -206.8581667203 Error = 1.45e-08 FLOPS = 1.48e+10 Tdav = 0.61 T = 1.11
 --> Site =  126 .. Mmps =   15 Ndav =  21 E =   -206.8643106568 Error = 8.50e-08 FLOPS = 1.54e+10 Tdav = 0.48 T = 0.98
 --> Site =  127 .. Mmps =   15 Ndav =  24 E =   -206.8678417315 Error = 1.08e-08 FLOPS = 1.48e+10 Tdav = 0.55 T = 1.08
 --> Site =  128 .. Mmps =   15 Ndav =  19 E =   -206.8706009292 Error = 5.62e-08 FLOPS = 1.57e+10 Tdav = 0.41 T = 0.92
 --> Site =  129 .. Mmps =   15 Ndav =  20 E =   -206.8710480795 Error = 7.33e-09 FLOPS = 1.55e+10 Tdav = 0.42 T = 0.97
 --> Site =  130 .. Mmps =   15 Ndav =  16 E =   -206.8716689381 Error = 8.56e-08 FLOPS = 1.61e+10 Tdav = 0.32 T = 0.75
 --> Site =  131 .. Mmps =   15 Ndav =  16 E =   -206.8720266670 Error = 1.52e-08 FLOPS = 1.61e+10 Tdav = 0.31 T = 0.79
 --> Site =  132 .. Mmps =   15 Ndav =  17 E =   -206.8730340923 Error = 1.36e-07 FLOPS = 1.59e+10 Tdav = 0.32 T = 0.76
 --> Site =  133 .. Mmps =   15 Ndav =  19 E =   -206.8735124022 Error = 6.01e-08 FLOPS = 1.54e+10 Tdav = 0.36 T = 0.84
 --> Site =  134 .. Mmps =   15 Ndav =  18 E =   -206.8746345518 Error = 1.40e-07 FLOPS = 1.55e+10 Tdav = 0.33 T = 0.74
 --> Site =  135 .. Mmps =   15 Ndav =  19 E =   -206.8754576240 Error = 6.09e-08 FLOPS = 1.53e+10 Tdav = 0.35 T = 0.84
 --> Site =  136 .. Mmps =   15 Ndav =  18 E =   -206.8768400310 Error = 1.41e-07 FLOPS = 1.54e+10 Tdav = 0.32 T = 0.67
 --> Site =  137 .. Mmps =   15 Ndav =  18 E =   -206.8774897602 Error = 6.15e-08 FLOPS = 1.54e+10 Tdav = 0.31 T = 0.82
 --> Site =  138 .. Mmps =   15 Ndav =  18 E =   -206.8789559795 Error = 1.40e-07 FLOPS = 1.53e+10 Tdav = 0.30 T = 0.80
 --> Site =  139 .. Mmps =   15 Ndav =  19 E =   -206.8799489584 Error = 5.70e-08 FLOPS = 1.50e+10 Tdav = 0.31 T = 0.70
 --> Site =  140 .. Mmps =   15 Ndav =  19 E =   -206.8814150620 Error = 1.15e-07 FLOPS = 1.50e+10 Tdav = 0.30 T = 0.64
 --> Site =  141 .. Mmps =   15 Ndav =  18 E =   -206.8818393210 Error = 3.28e-08 FLOPS = 1.51e+10 Tdav = 0.27 T = 0.60
 --> Site =  142 .. Mmps =   15 Ndav =  17 E =   -206.8821061790 Error = 2.87e-08 FLOPS = 1.51e+10 Tdav = 0.25 T = 0.63
 --> Site =  143 .. Mmps =   15 Ndav =  18 E =   -206.8823061591 Error = 7.44e-09 FLOPS = 1.48e+10 Tdav = 0.26 T = 0.66
 --> Site =  144 .. Mmps =   15 Ndav =  18 E =   -206.8825462249 Error = 4.04e-08 FLOPS = 1.46e+10 Tdav = 0.26 T = 0.71
 --> Site =  145 .. Mmps =   15 Ndav =  19 E =   -206.8827425420 Error = 7.35e-09 FLOPS = 1.46e+10 Tdav = 0.26 T = 0.56
 --> Site =  146 .. Mmps =   15 Ndav =  18 E =   -206.8830540309 Error = 4.74e-08 FLOPS = 1.45e+10 Tdav = 0.24 T = 0.64
 --> Site =  147 .. Mmps =   15 Ndav =  18 E =   -206.8832829091 Error = 7.25e-09 FLOPS = 1.44e+10 Tdav = 0.23 T = 0.55
 --> Site =  148 .. Mmps =   15 Ndav =  18 E =   -206.8836513511 Error = 4.51e-08 FLOPS = 1.42e+10 Tdav = 0.22 T = 0.62
 --> Site =  149 .. Mmps =   15 Ndav =  18 E =   -206.8839113439 Error = 6.98e-09 FLOPS = 1.45e+10 Tdav = 0.21 T = 0.49
 --> Site =  150 .. Mmps =   15 Ndav =  18 E =   -206.8841768990 Error = 4.20e-08 FLOPS = 1.39e+10 Tdav = 0.21 T = 0.45
 --> Site =  151 .. Mmps =   15 Ndav =  18 E =   -206.8842994284 Error = 6.56e-09 FLOPS = 1.38e+10 Tdav = 0.20 T = 0.53
 --> Site =  152 .. Mmps =   15 Ndav =  17 E =   -206.8843960434 Error = 4.16e-08 FLOPS = 1.40e+10 Tdav = 0.17 T = 0.46
 --> Site =  153 .. Mmps =   15 Ndav =  15 E =   -206.8844156281 Error = 3.75e-09 FLOPS = 1.47e+10 Tdav = 0.14 T = 0.39
 --> Site =  154 .. Mmps =   15 Ndav =  14 E =   -206.8844217443 Error = 2.88e-08 FLOPS = 1.45e+10 Tdav = 0.12 T = 0.36
 --> Site =  155 .. Mmps =   15 Ndav =  10 E =   -206.8844217011 Error = 2.26e-09 FLOPS = 1.60e+10 Tdav = 0.07 T = 0.33
 --> Site =  156 .. Mmps =   15 Ndav =  11 E =   -206.8844222006 Error = 6.02e-09 FLOPS = 1.51e+10 Tdav = 0.08 T = 0.27
 --> Site =  157 .. Mmps =   15 Ndav =  10 E =   -206.8844221547 Error = 9.73e-10 FLOPS = 1.52e+10 Tdav = 0.07 T = 0.26
 --> Site =  158 .. Mmps =   15 Ndav =   9 E =   -206.8844221425 Error = 8.82e-10 FLOPS = 1.53e+10 Tdav = 0.06 T = 0.29
 --> Site =  159 .. Mmps =   15 Ndav =   6 E =   -206.8844221266 Error = 4.65e-11 FLOPS = 1.58e+10 Tdav = 0.03 T = 0.21
 --> Site =  160 .. Mmps =   15 Ndav =   8 E =   -206.8844221342 Error = 1.10e-11 FLOPS = 1.53e+10 Tdav = 0.01 T = 0.09
 --> Site =  161 .. Mmps =   15 Ndav =   2 E =   -206.8844221339 Error = 1.76e-12 FLOPS = 9.84e+09 Tdav = 0.00 T = 0.04
 --> Site =  162 .. Mmps =   15 Ndav =   2 E =   -206.8844221338 Error = 1.94e-13 FLOPS = 5.95e+09 Tdav = 0.00 T = 0.06
 --> Site =  163 .. Mmps =   15 Ndav =   1 E =   -206.8844221338 Error = 6.12e-14 FLOPS = 1.99e+09 Tdav = 0.00 T = 0.09
 --> Site =  164 .. Mmps =   15 Ndav =   1 E =   -206.8844221338 Error = 1.72e-17 FLOPS = 1.01e+09 Tdav = 0.00 T = 0.04
 --> Site =  165 .. Mmps =   15 Ndav =   1 E =   -206.8844221338 Error = 1.66e-29 FLOPS = 5.63e+08 Tdav = 0.00 T = 0.08
 --> Site =  166 .. Mmps =   15 Ndav =   1 E =   -206.8844221338 Error = 3.12e-52 FLOPS = 2.55e+08 Tdav = 0.00 T = 0.05
 --> Site =  167 .. Mmps =   15 Ndav =   1 E =   -206.8844221338 Error = 1.92e-80 FLOPS = 1.09e+08 Tdav = 0.00 T = 0.03
 --> Site =  168 .. Mmps =   15 Ndav =   1 E =   -206.8844221338 Error = 0.00e+00 FLOPS = 3.12e+07 Tdav = 0.00 T = 0.06
Time elapsed =    141.736 | E =    -206.8844222006 | DW = 1.50576e-07
Time sweep =      141.736 | 968 GFLOP/SWP
 | Dmem = 111 MB (0%) | Imem = 232 B (79%) | Hmem = 111 MB | Wmem = 117 KB | Pmem = 117 KB
 | Tread = 55.373 | Twrite = 2.233 | Tfpread = 54.332 | Tfpwrite = 0.021 | Tmporead = 0.000 | Tasync = 0.000
 | data = 11.3 MB | cpsd = 8.63 MB
 | Trot = 0.029 | Tctr = 0.006 | Tint = 0.027 | Tmid = 0.000 | Tdctr = 0.155 | Tdiag = 0.092 | Tinfo = 0.270
 | Teff = 61.784 | Tprt = 0.292 | Teig = 67.939 | Tblk = 137.397 | Tmve = 4.331 | Tdm = 0.009 | Tsplt = 0.023 | Tsvd = 0.000 | Torth = 0.000

Sweep =    1 | Direction = backward | Bond dimension =   15 | Noise =  1.00e-04 | Dav threshold =  1.00e-10
 <-- Site =  168 .. Mmps =    2 Ndav =   1 E =   -206.8844221338 Error = 0.00e+00 FLOPS = 4.01e+07 Tdav = 0.00 T = 0.02
 <-- Site =  167 .. Mmps =    4 Ndav =   1 E =   -206.8844221338 Error = 0.00e+00 FLOPS = 1.25e+08 Tdav = 0.00 T = 0.04
 <-- Site =  166 .. Mmps =    8 Ndav =   1 E =   -206.8844221338 Error = 0.00e+00 FLOPS = 3.20e+08 Tdav = 0.00 T = 0.04
 <-- Site =  165 .. Mmps =   15 Ndav =   1 E =   -206.8844221338 Error = 3.06e-27 FLOPS = 7.03e+08 Tdav = 0.00 T = 0.04
 <-- Site =  164 .. Mmps =   15 Ndav =   1 E =   -206.8844221338 Error = 1.80e-23 FLOPS = 1.05e+09 Tdav = 0.00 T = 0.07
 <-- Site =  163 .. Mmps =   15 Ndav =   1 E =   -206.8844221338 Error = 2.68e-22 FLOPS = 1.08e+09 Tdav = 0.00 T = 0.05
 <-- Site =  162 .. Mmps =   15 Ndav =   1 E =   -206.8844221338 Error = 4.56e-22 FLOPS = 1.33e+09 Tdav = 0.00 T = 0.06
 <-- Site =  161 .. Mmps =   15 Ndav =   2 E =   -206.8844221338 Error = 7.78e-22 FLOPS = 2.07e+09 Tdav = 0.00 T = 0.06
 <-- Site =  160 .. Mmps =   15 Ndav =   2 E =   -206.8844221338 Error = 8.52e-21 FLOPS = 2.40e+09 Tdav = 0.00 T = 0.04
 <-- Site =  159 .. Mmps =   15 Ndav =   4 E =   -206.8844221339 Error = 6.58e-21 FLOPS = 3.43e+09 Tdav = 0.00 T = 0.06
 <-- Site =  158 .. Mmps =   15 Ndav =   4 E =   -206.8844221354 Error = 2.80e-20 FLOPS = 3.52e+09 Tdav = 0.00 T = 0.05
 <-- Site =  157 .. Mmps =   15 Ndav =   6 E =   -206.8844221368 Error = 1.15e-20 FLOPS = 4.49e+09 Tdav = 0.00 T = 0.06
 <-- Site =  156 .. Mmps =   15 Ndav =   4 E =   -206.8844221404 Error = 6.39e-17 FLOPS = 4.05e+09 Tdav = 0.00 T = 0.04
 <-- Site =  155 .. Mmps =   15 Ndav =   4 E =   -206.8844221422 Error = 5.05e-20 FLOPS = 4.24e+09 Tdav = 0.00 T = 0.05
 <-- Site =  154 .. Mmps =   15 Ndav =   6 E =   -206.8844221633 Error = 3.14e-20 FLOPS = 4.73e+09 Tdav = 0.00 T = 0.05
 <-- Site =  153 .. Mmps =   15 Ndav =   4 E =   -206.8844221646 Error = 3.64e-21 FLOPS = 4.25e+09 Tdav = 0.00 T = 0.27
 <-- Site =  152 .. Mmps =   15 Ndav =   6 E =   -206.8844221897 Error = 5.84e-20 FLOPS = 5.00e+09 Tdav = 0.00 T = 0.05
 <-- Site =  151 .. Mmps =   15 Ndav =   4 E =   -206.8844221922 Error = 9.78e-20 FLOPS = 4.69e+09 Tdav = 0.00 T = 0.06
 <-- Site =  150 .. Mmps =   15 Ndav =   6 E =   -206.8844222235 Error = 1.26e-20 FLOPS = 5.39e+09 Tdav = 0.00 T = 0.04
 <-- Site =  149 .. Mmps =   15 Ndav =   4 E =   -206.8844222266 Error = 7.27e-20 FLOPS = 5.09e+09 Tdav = 0.00 T = 0.04
 <-- Site =  148 .. Mmps =   15 Ndav =   6 E =   -206.8844222624 Error = 1.79e-19 FLOPS = 5.60e+09 Tdav = 0.00 T = 0.04
 <-- Site =  147 .. Mmps =   15 Ndav =   4 E =   -206.8844222656 Error = 4.18e-21 FLOPS = 5.14e+09 Tdav = 0.00 T = 0.11
 <-- Site =  146 .. Mmps =   15 Ndav =   6 E =   -206.8844222965 Error = 1.42e-20 FLOPS = 5.91e+09 Tdav = 0.00 T = 0.05
 <-- Site =  145 .. Mmps =   15 Ndav =   4 E =   -206.8844222996 Error = 2.89e-21 FLOPS = 5.32e+09 Tdav = 0.00 T = 0.07
 <-- Site =  144 .. Mmps =   15 Ndav =   6 E =   -206.8844223125 Error = 1.13e-20 FLOPS = 6.21e+09 Tdav = 0.00 T = 0.05
 <-- Site =  143 .. Mmps =   15 Ndav =   6 E =   -206.8844223155 Error = 2.48e-20 FLOPS = 6.26e+09 Tdav = 0.00 T = 0.05
 <-- Site =  142 .. Mmps =   15 Ndav =   6 E =   -206.8844223266 Error = 1.08e-18 FLOPS = 6.56e+09 Tdav = 0.00 T = 0.05
 <-- Site =  141 .. Mmps =   15 Ndav =   6 E =   -206.8844223398 Error = 4.74e-21 FLOPS = 6.49e+09 Tdav = 0.00 T = 0.08
 <-- Site =  140 .. Mmps =   15 Ndav =   8 E =   -206.8844223729 Error = 1.52e-16 FLOPS = 6.58e+09 Tdav = 0.00 T = 0.06
 <-- Site =  139 .. Mmps =   15 Ndav =   7 E =   -206.8844224101 Error = 2.20e-21 FLOPS = 6.71e+09 Tdav = 0.00 T = 0.05
 <-- Site =  138 .. Mmps =   15 Ndav =   9 E =   -206.8844227688 Error = 1.35e-16 FLOPS = 6.73e+09 Tdav = 0.00 T = 0.09
 <-- Site =  137 .. Mmps =   15 Ndav =   7 E =   -206.8844228152 Error = 1.95e-21 FLOPS = 6.82e+09 Tdav = 0.00 T = 0.12
 <-- Site =  136 .. Mmps =   15 Ndav =   9 E =   -206.8844232525 Error = 7.32e-19 FLOPS = 6.93e+09 Tdav = 0.00 T = 0.08
 <-- Site =  135 .. Mmps =   15 Ndav =   6 E =   -206.8844232985 Error = 8.51e-21 FLOPS = 6.91e+09 Tdav = 0.00 T = 0.06
 <-- Site =  134 .. Mmps =   15 Ndav =   9 E =   -206.8844237225 Error = 2.55e-20 FLOPS = 7.08e+09 Tdav = 0.00 T = 0.06
 <-- Site =  133 .. Mmps =   15 Ndav =   6 E =   -206.8844237690 Error = 4.71e-21 FLOPS = 6.94e+09 Tdav = 0.00 T = 0.05
 <-- Site =  132 .. Mmps =   15 Ndav =   8 E =   -206.8844241698 Error = 2.01e-17 FLOPS = 7.17e+09 Tdav = 0.00 T = 0.06
 <-- Site =  131 .. Mmps =   15 Ndav =   6 E =   -206.8844241922 Error = 2.61e-20 FLOPS = 7.08e+09 Tdav = 0.00 T = 0.07
 <-- Site =  130 .. Mmps =   15 Ndav =   6 E =   -206.8844242362 Error = 6.61e-20 FLOPS = 7.16e+09 Tdav = 0.00 T = 0.05
 <-- Site =  129 .. Mmps =   15 Ndav =   7 E =   -206.8844242461 Error = 2.79e-20 FLOPS = 7.56e+09 Tdav = 0.00 T = 0.05
 <-- Site =  128 .. Mmps =   15 Ndav =   7 E =   -206.8844242823 Error = 5.72e-21 FLOPS = 7.34e+09 Tdav = 0.00 T = 0.16
 <-- Site =  127 .. Mmps =   15 Ndav =   7 E =   -206.8844242898 Error = 7.05e-21 FLOPS = 7.48e+09 Tdav = 0.00 T = 0.07
 <-- Site =  126 .. Mmps =   15 Ndav =   6 E =   -206.8844243226 Error = 5.07e-20 FLOPS = 7.53e+09 Tdav = 0.00 T = 0.06
 <-- Site =  125 .. Mmps =   15 Ndav =   7 E =   -206.8844243332 Error = 8.41e-21 FLOPS = 7.59e+09 Tdav = 0.00 T = 0.12
 <-- Site =  124 .. Mmps =   15 Ndav =   6 E =   -206.8844243711 Error = 9.50e-20 FLOPS = 7.41e+09 Tdav = 0.00 T = 0.20
 <-- Site =  123 .. Mmps =   15 Ndav =   8 E =   -206.8844243836 Error = 1.15e-19 FLOPS = 7.66e+09 Tdav = 0.00 T = 0.07
 <-- Site =  122 .. Mmps =   15 Ndav =   6 E =   -206.8844244319 Error = 1.04e-19 FLOPS = 7.48e+09 Tdav = 0.00 T = 0.08
 <-- Site =  121 .. Mmps =   15 Ndav =   7 E =   -206.8844244481 Error = 4.04e-21 FLOPS = 7.66e+09 Tdav = 0.00 T = 0.12
 <-- Site =  120 .. Mmps =   15 Ndav =   7 E =   -206.8844244888 Error = 5.24e-20 FLOPS = 7.77e+09 Tdav = 0.00 T = 0.08
 <-- Site =  119 .. Mmps =   15 Ndav =   8 E =   -206.8844245059 Error = 5.17e-21 FLOPS = 7.75e+09 Tdav = 0.00 T = 0.12
 <-- Site =  118 .. Mmps =   15 Ndav =   7 E =   -206.8844245245 Error = 2.64e-20 FLOPS = 7.81e+09 Tdav = 0.00 T = 0.09
 <-- Site =  117 .. Mmps =   15 Ndav =   8 E =   -206.8844245403 Error = 2.31e-20 FLOPS = 7.77e+09 Tdav = 0.00 T = 0.06
 <-- Site =  116 .. Mmps =   15 Ndav =   6 E =   -206.8844245520 Error = 1.48e-16 FLOPS = 7.70e+09 Tdav = 0.00 T = 0.07
 <-- Site =  115 .. Mmps =   15 Ndav =   8 E =   -206.8844245771 Error = 3.42e-22 FLOPS = 7.72e+09 Tdav = 0.00 T = 0.13
 <-- Site =  114 .. Mmps =   15 Ndav =   7 E =   -206.8844246062 Error = 1.84e-17 FLOPS = 7.86e+09 Tdav = 0.00 T = 0.13
 <-- Site =  113 .. Mmps =   15 Ndav =   9 E =   -206.8844246504 Error = 1.35e-20 FLOPS = 7.93e+09 Tdav = 0.00 T = 0.10
 <-- Site =  112 .. Mmps =   15 Ndav =   9 E =   -206.8844248328 Error = 4.35e-20 FLOPS = 7.69e+09 Tdav = 0.00 T = 0.16
 <-- Site =  111 .. Mmps =   15 Ndav =   9 E =   -206.8844248789 Error = 3.41e-21 FLOPS = 7.86e+09 Tdav = 0.00 T = 0.08
 <-- Site =  110 .. Mmps =   15 Ndav =   9 E =   -206.8844251081 Error = 5.61e-20 FLOPS = 7.71e+09 Tdav = 0.00 T = 0.08
 <-- Site =  109 .. Mmps =   15 Ndav =   9 E =   -206.8844251553 Error = 4.56e-21 FLOPS = 7.96e+09 Tdav = 0.00 T = 0.10
 <-- Site =  108 .. Mmps =   15 Ndav =   9 E =   -206.8844253910 Error = 4.44e-17 FLOPS = 8.08e+09 Tdav = 0.00 T = 0.08
 <-- Site =  107 .. Mmps =   15 Ndav =   9 E =   -206.8844254441 Error = 3.62e-21 FLOPS = 7.85e+09 Tdav = 0.00 T = 0.09
 <-- Site =  106 .. Mmps =   15 Ndav =   8 E =   -206.8844256672 Error = 1.77e-20 FLOPS = 8.00e+09 Tdav = 0.00 T = 0.09
 <-- Site =  105 .. Mmps =   15 Ndav =   9 E =   -206.8844256971 Error = 1.81e-20 FLOPS = 7.98e+09 Tdav = 0.00 T = 0.10
 <-- Site =  104 .. Mmps =   15 Ndav =   6 E =   -206.8844257304 Error = 1.95e-17 FLOPS = 7.62e+09 Tdav = 0.00 T = 0.08
 <-- Site =  103 .. Mmps =   15 Ndav =   8 E =   -206.8844257455 Error = 1.09e-20 FLOPS = 7.97e+09 Tdav = 0.00 T = 0.07
 <-- Site =  102 .. Mmps =   15 Ndav =   7 E =   -206.8844257799 Error = 7.23e-20 FLOPS = 8.11e+09 Tdav = 0.00 T = 0.09
 <-- Site =  101 .. Mmps =   15 Ndav =   8 E =   -206.8844258117 Error = 9.89e-21 FLOPS = 8.04e+09 Tdav = 0.00 T = 0.08
 <-- Site =  100 .. Mmps =   15 Ndav =   7 E =   -206.8844258454 Error = 1.32e-19 FLOPS = 7.75e+09 Tdav = 0.00 T = 0.11
 <-- Site =   99 .. Mmps =   15 Ndav =   8 E =   -206.8844258871 Error = 1.32e-19 FLOPS = 8.14e+09 Tdav = 0.00 T = 0.10
 <-- Site =   98 .. Mmps =   15 Ndav =   7 E =   -206.8844259206 Error = 1.14e-19 FLOPS = 8.08e+09 Tdav = 0.00 T = 0.07
 <-- Site =   97 .. Mmps =   15 Ndav =   9 E =   -206.8844259799 Error = 7.10e-20 FLOPS = 8.05e+09 Tdav = 0.00 T = 0.07
 <-- Site =   96 .. Mmps =   15 Ndav =   7 E =   -206.8844260150 Error = 2.20e-20 FLOPS = 7.80e+09 Tdav = 0.00 T = 0.09
 <-- Site =   95 .. Mmps =   15 Ndav =   8 E =   -206.8844260881 Error = 4.22e-20 FLOPS = 7.99e+09 Tdav = 0.00 T = 0.10
 <-- Site =   94 .. Mmps =   15 Ndav =   7 E =   -206.8844261318 Error = 6.96e-21 FLOPS = 8.10e+09 Tdav = 0.00 T = 0.09
 <-- Site =   93 .. Mmps =   15 Ndav =   9 E =   -206.8844262067 Error = 2.28e-20 FLOPS = 8.09e+09 Tdav = 0.00 T = 0.08
 <-- Site =   92 .. Mmps =   15 Ndav =   7 E =   -206.8844262262 Error = 5.78e-20 FLOPS = 8.17e+09 Tdav = 0.00 T = 0.09
 <-- Site =   91 .. Mmps =   15 Ndav =   8 E =   -206.8844262749 Error = 1.22e-21 FLOPS = 7.92e+09 Tdav = 0.00 T = 0.11
 <-- Site =   90 .. Mmps =   15 Ndav =   6 E =   -206.8844262880 Error = 5.87e-19 FLOPS = 7.96e+09 Tdav = 0.00 T = 0.11
 <-- Site =   89 .. Mmps =   15 Ndav =   9 E =   -206.8844263302 Error = 1.36e-20 FLOPS = 8.13e+09 Tdav = 0.00 T = 0.07
 <-- Site =   88 .. Mmps =   15 Ndav =   8 E =   -206.8844263626 Error = 5.59e-19 FLOPS = 8.11e+09 Tdav = 0.00 T = 0.08
 <-- Site =   87 .. Mmps =   15 Ndav =  10 E =   -206.8844264268 Error = 4.99e-21 FLOPS = 7.98e+09 Tdav = 0.00 T = 0.08
 <-- Site =   86 .. Mmps =   15 Ndav =   8 E =   -206.8844265205 Error = 2.20e-20 FLOPS = 8.17e+09 Tdav = 0.00 T = 0.07
 <-- Site =   85 .. Mmps =   15 Ndav =   9 E =   -206.8844265827 Error = 1.62e-20 FLOPS = 8.09e+09 Tdav = 0.00 T = 0.07
 <-- Site =   84 .. Mmps =   15 Ndav =   9 E =   -206.8844267300 Error = 4.59e-17 FLOPS = 8.19e+09 Tdav = 0.00 T = 0.09
 <-- Site =   83 .. Mmps =   15 Ndav =   9 E =   -206.8844267961 Error = 3.21e-21 FLOPS = 8.09e+09 Tdav = 0.00 T = 0.07
 <-- Site =   82 .. Mmps =   15 Ndav =   8 E =   -206.8844269208 Error = 4.18e-17 FLOPS = 8.15e+09 Tdav = 0.00 T = 0.11
 <-- Site =   81 .. Mmps =   15 Ndav =   9 E =   -206.8844269889 Error = 1.71e-21 FLOPS = 8.10e+09 Tdav = 0.00 T = 0.08
 <-- Site =   80 .. Mmps =   15 Ndav =   8 E =   -206.8844271415 Error = 5.73e-17 FLOPS = 8.08e+09 Tdav = 0.00 T = 0.09
 <-- Site =   79 .. Mmps =   15 Ndav =   9 E =   -206.8844271951 Error = 5.40e-21 FLOPS = 8.06e+09 Tdav = 0.00 T = 0.09
 <-- Site =   78 .. Mmps =   15 Ndav =   6 E =   -206.8844272250 Error = 2.57e-18 FLOPS = 7.92e+09 Tdav = 0.00 T = 0.08
 <-- Site =   77 .. Mmps =   15 Ndav =   8 E =   -206.8844272573 Error = 8.19e-20 FLOPS = 8.13e+09 Tdav = 0.00 T = 0.08
 <-- Site =   76 .. Mmps =   15 Ndav =   7 E =   -206.8844272938 Error = 1.06e-19 FLOPS = 8.09e+09 Tdav = 0.00 T = 0.09
 <-- Site =   75 .. Mmps =   15 Ndav =   8 E =   -206.8844273784 Error = 1.76e-20 FLOPS = 8.18e+09 Tdav = 0.00 T = 0.10
 <-- Site =   74 .. Mmps =   15 Ndav =   7 E =   -206.8844274188 Error = 3.26e-20 FLOPS = 8.09e+09 Tdav = 0.00 T = 0.14
 <-- Site =   73 .. Mmps =   15 Ndav =   8 E =   -206.8844275270 Error = 6.94e-20 FLOPS = 8.01e+09 Tdav = 0.00 T = 0.10
 <-- Site =   72 .. Mmps =   15 Ndav =   7 E =   -206.8844275691 Error = 1.29e-20 FLOPS = 8.16e+09 Tdav = 0.00 T = 0.08
 <-- Site =   71 .. Mmps =   15 Ndav =   9 E =   -206.8844276819 Error = 4.75e-20 FLOPS = 8.09e+09 Tdav = 0.00 T = 0.08
 <-- Site =   70 .. Mmps =   15 Ndav =   7 E =   -206.8844277259 Error = 7.32e-20 FLOPS = 7.84e+09 Tdav = 0.00 T = 0.10
 <-- Site =   69 .. Mmps =   15 Ndav =   8 E =   -206.8844278466 Error = 1.86e-21 FLOPS = 8.11e+09 Tdav = 0.00 T = 0.08
 <-- Site =   68 .. Mmps =   15 Ndav =   8 E =   -206.8844278917 Error = 4.51e-21 FLOPS = 8.15e+09 Tdav = 0.00 T = 0.08
 <-- Site =   67 .. Mmps =   15 Ndav =   9 E =   -206.8844280196 Error = 9.74e-20 FLOPS = 8.19e+09 Tdav = 0.00 T = 0.08
 <-- Site =   66 .. Mmps =   15 Ndav =   7 E =   -206.8844280412 Error = 4.25e-20 FLOPS = 8.08e+09 Tdav = 0.00 T = 0.08
 <-- Site =   65 .. Mmps =   15 Ndav =   9 E =   -206.8844281142 Error = 3.47e-20 FLOPS = 8.15e+09 Tdav = 0.00 T = 0.08
 <-- Site =   64 .. Mmps =   15 Ndav =   6 E =   -206.8844281289 Error = 3.46e-19 FLOPS = 7.87e+09 Tdav = 0.00 T = 0.09
 <-- Site =   63 .. Mmps =   15 Ndav =   9 E =   -206.8844281857 Error = 3.29e-20 FLOPS = 7.99e+09 Tdav = 0.00 T = 0.07
 <-- Site =   62 .. Mmps =   15 Ndav =   8 E =   -206.8844282210 Error = 1.48e-16 FLOPS = 8.03e+09 Tdav = 0.00 T = 0.09
 <-- Site =   61 .. Mmps =   15 Ndav =  10 E =   -206.8844283064 Error = 4.05e-21 FLOPS = 7.70e+09 Tdav = 0.00 T = 0.17
 <-- Site =   60 .. Mmps =   15 Ndav =   8 E =   -206.8844283849 Error = 9.06e-19 FLOPS = 8.05e+09 Tdav = 0.00 T = 0.07
 <-- Site =   59 .. Mmps =   15 Ndav =   9 E =   -206.8844284631 Error = 3.01e-21 FLOPS = 7.87e+09 Tdav = 0.00 T = 0.07
 <-- Site =   58 .. Mmps =   15 Ndav =   8 E =   -206.8844285807 Error = 4.95e-20 FLOPS = 7.99e+09 Tdav = 0.00 T = 0.08
 <-- Site =   57 .. Mmps =   15 Ndav =   9 E =   -206.8844286677 Error = 1.19e-20 FLOPS = 7.86e+09 Tdav = 0.00 T = 0.09
 <-- Site =   56 .. Mmps =   15 Ndav =   9 E =   -206.8844287802 Error = 5.76e-18 FLOPS = 7.98e+09 Tdav = 0.00 T = 0.07
 <-- Site =   55 .. Mmps =   15 Ndav =   9 E =   -206.8844288644 Error = 6.20e-21 FLOPS = 7.80e+09 Tdav = 0.00 T = 0.07
 <-- Site =   54 .. Mmps =   15 Ndav =   8 E =   -206.8844289866 Error = 1.92e-17 FLOPS = 7.80e+09 Tdav = 0.00 T = 0.07
 <-- Site =   53 .. Mmps =   15 Ndav =   9 E =   -206.8844290602 Error = 2.15e-20 FLOPS = 7.87e+09 Tdav = 0.00 T = 0.06
 <-- Site =   52 .. Mmps =   15 Ndav =   6 E =   -206.8844290929 Error = 4.11e-17 FLOPS = 7.68e+09 Tdav = 0.00 T = 0.08
 <-- Site =   51 .. Mmps =   15 Ndav =   8 E =   -206.8844291362 Error = 1.01e-20 FLOPS = 7.71e+09 Tdav = 0.00 T = 0.09
 <-- Site =   50 .. Mmps =   15 Ndav =   7 E =   -206.8844291751 Error = 8.03e-20 FLOPS = 7.80e+09 Tdav = 0.00 T = 0.10
 <-- Site =   49 .. Mmps =   15 Ndav =   9 E =   -206.8844292949 Error = 7.49e-21 FLOPS = 7.86e+09 Tdav = 0.00 T = 0.06
 <-- Site =   48 .. Mmps =   15 Ndav =   8 E =   -206.8844293599 Error = 1.42e-20 FLOPS = 7.64e+09 Tdav = 0.00 T = 0.06
 <-- Site =   47 .. Mmps =   15 Ndav =   8 E =   -206.8844294973 Error = 9.81e-21 FLOPS = 7.94e+09 Tdav = 0.00 T = 0.06
 <-- Site =   46 .. Mmps =   15 Ndav =   7 E =   -206.8844295413 Error = 1.01e-19 FLOPS = 7.77e+09 Tdav = 0.00 T = 0.06
 <-- Site =   45 .. Mmps =   15 Ndav =   9 E =   -206.8844296769 Error = 3.98e-21 FLOPS = 7.72e+09 Tdav = 0.00 T = 0.06
 <-- Site =   44 .. Mmps =   15 Ndav =   7 E =   -206.8844297269 Error = 7.62e-20 FLOPS = 7.57e+09 Tdav = 0.00 T = 0.07
 <-- Site =   43 .. Mmps =   15 Ndav =   9 E =   -206.8844298739 Error = 8.43e-20 FLOPS = 7.69e+09 Tdav = 0.00 T = 0.08
 <-- Site =   42 .. Mmps =   15 Ndav =   8 E =   -206.8844299238 Error = 7.68e-21 FLOPS = 7.79e+09 Tdav = 0.00 T = 0.07
 <-- Site =   41 .. Mmps =   15 Ndav =   9 E =   -206.8844300802 Error = 6.01e-21 FLOPS = 7.51e+09 Tdav = 0.00 T = 0.07
 <-- Site =   40 .. Mmps =   15 Ndav =   8 E =   -206.8844301611 Error = 7.74e-20 FLOPS = 7.58e+09 Tdav = 0.00 T = 0.07
 <-- Site =   39 .. Mmps =   15 Ndav =   5 E =   -206.8844301843 Error = 7.66e-20 FLOPS = 7.01e+09 Tdav = 0.00 T = 0.07
 <-- Site =   38 .. Mmps =   15 Ndav =   6 E =   -206.8844301943 Error = 5.50e-18 FLOPS = 7.27e+09 Tdav = 0.00 T = 0.06
 <-- Site =   37 .. Mmps =   15 Ndav =   9 E =   -206.8844302388 Error = 4.18e-20 FLOPS = 7.37e+09 Tdav = 0.00 T = 0.09
 <-- Site =   36 .. Mmps =   15 Ndav =   8 E =   -206.8844302678 Error = 1.48e-17 FLOPS = 7.32e+09 Tdav = 0.00 T = 0.08
 <-- Site =   35 .. Mmps =   15 Ndav =   9 E =   -206.8844303177 Error = 2.42e-20 FLOPS = 7.24e+09 Tdav = 0.00 T = 0.08
 <-- Site =   34 .. Mmps =   15 Ndav =   9 E =   -206.8844305636 Error = 9.77e-19 FLOPS = 7.24e+09 Tdav = 0.00 T = 0.07
 <-- Site =   33 .. Mmps =   15 Ndav =   9 E =   -206.8844306179 Error = 1.25e-21 FLOPS = 7.08e+09 Tdav = 0.00 T = 0.07
 <-- Site =   32 .. Mmps =   15 Ndav =   9 E =   -206.8844308579 Error = 2.44e-17 FLOPS = 7.02e+09 Tdav = 0.00 T = 0.05
 <-- Site =   31 .. Mmps =   15 Ndav =   9 E =   -206.8844309093 Error = 4.29e-21 FLOPS = 7.04e+09 Tdav = 0.00 T = 0.06
 <-- Site =   30 .. Mmps =   15 Ndav =   9 E =   -206.8844311455 Error = 2.63e-18 FLOPS = 6.90e+09 Tdav = 0.00 T = 0.07
 <-- Site =   29 .. Mmps =   15 Ndav =   9 E =   -206.8844311934 Error = 6.67e-21 FLOPS = 6.74e+09 Tdav = 0.00 T = 0.09
 <-- Site =   28 .. Mmps =   15 Ndav =   8 E =   -206.8844314362 Error = 1.85e-18 FLOPS = 6.71e+09 Tdav = 0.00 T = 0.08
 <-- Site =   27 .. Mmps =   15 Ndav =   8 E =   -206.8844314566 Error = 2.51e-20 FLOPS = 6.68e+09 Tdav = 0.00 T = 0.08
 <-- Site =   26 .. Mmps =   15 Ndav =   7 E =   -206.8844315144 Error = 4.94e-18 FLOPS = 6.51e+09 Tdav = 0.00 T = 0.07
 <-- Site =   25 .. Mmps =   15 Ndav =   7 E =   -206.8844315373 Error = 6.47e-20 FLOPS = 6.52e+09 Tdav = 0.00 T = 0.05
 <-- Site =   24 .. Mmps =   15 Ndav =   7 E =   -206.8844316385 Error = 4.06e-20 FLOPS = 6.30e+09 Tdav = 0.00 T = 0.05
 <-- Site =   23 .. Mmps =   15 Ndav =   8 E =   -206.8844316849 Error = 2.82e-20 FLOPS = 6.40e+09 Tdav = 0.00 T = 0.05
 <-- Site =   22 .. Mmps =   15 Ndav =   7 E =   -206.8844317497 Error = 3.13e-20 FLOPS = 6.33e+09 Tdav = 0.00 T = 0.05
 <-- Site =   21 .. Mmps =   15 Ndav =   8 E =   -206.8844317635 Error = 5.93e-21 FLOPS = 6.19e+09 Tdav = 0.00 T = 0.05
 <-- Site =   20 .. Mmps =   15 Ndav =   6 E =   -206.8844318147 Error = 6.84e-20 FLOPS = 5.76e+09 Tdav = 0.00 T = 0.05
 <-- Site =   19 .. Mmps =   15 Ndav =   8 E =   -206.8844318263 Error = 5.11e-20 FLOPS = 5.77e+09 Tdav = 0.00 T = 0.05
 <-- Site =   18 .. Mmps =   15 Ndav =   7 E =   -206.8844318702 Error = 3.28e-20 FLOPS = 5.46e+09 Tdav = 0.00 T = 0.07
 <-- Site =   17 .. Mmps =   15 Ndav =   8 E =   -206.8844318837 Error = 3.68e-20 FLOPS = 5.42e+09 Tdav = 0.00 T = 0.06
 <-- Site =   16 .. Mmps =   15 Ndav =   6 E =   -206.8844319132 Error = 3.80e-20 FLOPS = 5.13e+09 Tdav = 0.00 T = 0.06
 <-- Site =   15 .. Mmps =   15 Ndav =   7 E =   -206.8844319249 Error = 1.18e-21 FLOPS = 5.18e+09 Tdav = 0.00 T = 0.06
 <-- Site =   14 .. Mmps =   15 Ndav =   6 E =   -206.8844319412 Error = 2.54e-21 FLOPS = 4.88e+09 Tdav = 0.00 T = 0.05
 <-- Site =   13 .. Mmps =   15 Ndav =   7 E =   -206.8844319524 Error = 2.06e-20 FLOPS = 4.85e+09 Tdav = 0.00 T = 0.04
 <-- Site =   12 .. Mmps =   15 Ndav =   6 E =   -206.8844320123 Error = 5.06e-19 FLOPS = 4.64e+09 Tdav = 0.00 T = 0.04
 <-- Site =   11 .. Mmps =   15 Ndav =   5 E =   -206.8844320665 Error = 1.72e-21 FLOPS = 4.22e+09 Tdav = 0.00 T = 0.05
 <-- Site =   10 .. Mmps =   15 Ndav =   7 E =   -206.8844321146 Error = 1.53e-17 FLOPS = 4.14e+09 Tdav = 0.00 T = 0.04
 <-- Site =    9 .. Mmps =   15 Ndav =   7 E =   -206.8844321741 Error = 1.22e-19 FLOPS = 3.85e+09 Tdav = 0.00 T = 0.06
 <-- Site =    8 .. Mmps =   15 Ndav =   7 E =   -206.8844322111 Error = 1.86e-18 FLOPS = 3.77e+09 Tdav = 0.00 T = 0.06
 <-- Site =    7 .. Mmps =   15 Ndav =   9 E =   -206.8844322859 Error = 4.48e-22 FLOPS = 3.52e+09 Tdav = 0.00 T = 0.04
 <-- Site =    6 .. Mmps =   15 Ndav =   7 E =   -206.8844322962 Error = 5.65e-17 FLOPS = 3.25e+09 Tdav = 0.00 T = 0.06
 <-- Site =    5 .. Mmps =   15 Ndav =   7 E =   -206.8844323014 Error = 1.83e-20 FLOPS = 3.14e+09 Tdav = 0.00 T = 0.04
 <-- Site =    4 .. Mmps =   15 Ndav =   4 E =   -206.8844323017 Error = 9.97e-18 FLOPS = 2.52e+09 Tdav = 0.00 T = 0.07
 <-- Site =    3 .. Mmps =   15 Ndav =   1 E =   -206.8844323017 Error = 1.16e-30 FLOPS = 5.51e+08 Tdav = 0.00 T = 0.05
 <-- Site =    2 .. Mmps =   15 Ndav =   1 E =   -206.8844323017 Error = 3.74e-58 FLOPS = 2.23e+08 Tdav = 0.00 T = 0.04
 <-- Site =    1 .. Mmps =   15 Ndav =   1 E =   -206.8844323017 Error = 7.05e-59 FLOPS = 8.28e+07 Tdav = 0.00 T = 0.05
 <-- Site =    0 .. Mmps =   14 Ndav =   1 E =   -206.8844323017 Error = 0.00e+00 FLOPS = 2.94e+07 Tdav = 0.00 T = 0.04
Time elapsed =    154.420 | E =    -206.8844323017 | DE = -1.01e-05 | DW = 1.52121e-16
Time sweep =       12.684 | 942 MFLOP/SWP
 | Dmem = 105 KB (3%) | Imem = 232 B (79%) | Hmem = 503 KB | Wmem = 3.52 KB | Pmem = 3.52 KB
 | Tread = 0.206 | Twrite = 1.796 | Tfpread = 0.030 | Tfpwrite = 0.021 | Tmporead = 0.000 | Tasync = 0.000
 | data = 11.3 MB | cpsd = 7.68 MB
 | Trot = 0.028 | Tctr = 0.463 | Tint = 0.024 | Tmid = 0.000 | Tdctr = 0.008 | Tdiag = 0.021 | Tinfo = 0.258
 | Teff = 2.144 | Tprt = 0.185 | Teig = 0.135 | Tblk = 8.416 | Tmve = 4.257 | Tdm = 0.002 | Tsplt = 0.020 | Tsvd = 0.000 | Torth = 0.000

Sweep =    2 | Direction =  forward | Bond dimension =   15 | Noise =  1.00e-04 | Dav threshold =  1.00e-10
 --> Site =    0 .. Mmps =    2 Ndav =   1 E =   -206.8844323017 Error = 0.00e+00 FLOPS = 4.14e+07 Tdav = 0.00 T = 0.02
 --> Site =    1 .. Mmps =    4 Ndav =   1 E =   -206.8844323017 Error = 0.00e+00 FLOPS = 7.47e+07 Tdav = 0.00 T = 0.06
 --> Site =    2 .. Mmps =    8 Ndav =   1 E =   -206.8844323017 Error = 0.00e+00 FLOPS = 1.86e+08 Tdav = 0.00 T = 0.04
 --> Site =    3 .. Mmps =   15 Ndav =   1 E =   -206.8844323017 Error = 0.00e+00 FLOPS = 5.44e+08 Tdav = 0.00 T = 0.04
 --> Site =    4 .. Mmps =   15 Ndav =   1 E =   -206.8844323017 Error = 2.63e-24 FLOPS = 1.07e+09 Tdav = 0.00 T = 0.07
 --> Site =    5 .. Mmps =   15 Ndav =   1 E =   -206.8844323017 Error = 1.93e-21 FLOPS = 1.20e+09 Tdav = 0.00 T = 0.05
 --> Site =    6 .. Mmps =   15 Ndav =   3 E =   -206.8844323019 Error = 1.63e-22 FLOPS = 2.44e+09 Tdav = 0.00 T = 0.04
 --> Site =    7 .. Mmps =   15 Ndav =   6 E =   -206.8844323021 Error = 2.11e-21 FLOPS = 3.41e+09 Tdav = 0.00 T = 0.06
 --> Site =    8 .. Mmps =   15 Ndav =   5 E =   -206.8844323048 Error = 1.64e-22 FLOPS = 3.55e+09 Tdav = 0.00 T = 0.04
 --> Site =    9 .. Mmps =   15 Ndav =   9 E =   -206.8844323130 Error = 1.42e-20 FLOPS = 3.99e+09 Tdav = 0.00 T = 0.03
 --> Site =   10 .. Mmps =   15 Ndav =   5 E =   -206.8844323256 Error = 1.68e-21 FLOPS = 4.06e+09 Tdav = 0.00 T = 0.08
 --> Site =   11 .. Mmps =   15 Ndav =   5 E =   -206.8844323344 Error = 1.89e-20 FLOPS = 4.10e+09 Tdav = 0.00 T = 0.14
 --> Site =   12 .. Mmps =   15 Ndav =   3 E =   -206.8844323346 Error = 8.57e-20 FLOPS = 3.53e+09 Tdav = 0.00 T = 0.07
 --> Site =   13 .. Mmps =   15 Ndav =   3 E =   -206.8844323359 Error = 1.23e-19 FLOPS = 3.77e+09 Tdav = 0.00 T = 0.10
 --> Site =   14 .. Mmps =   15 Ndav =   5 E =   -206.8844323402 Error = 2.86e-20 FLOPS = 4.52e+09 Tdav = 0.00 T = 0.05
 --> Site =   15 .. Mmps =   15 Ndav =   3 E =   -206.8844323407 Error = 1.44e-19 FLOPS = 4.10e+09 Tdav = 0.00 T = 0.05
 --> Site =   16 .. Mmps =   15 Ndav =   4 E =   -206.8844323419 Error = 2.28e-20 FLOPS = 4.58e+09 Tdav = 0.00 T = 0.05
 --> Site =   17 .. Mmps =   15 Ndav =   4 E =   -206.8844323433 Error = 4.83e-20 FLOPS = 4.92e+09 Tdav = 0.00 T = 0.04
 --> Site =   18 .. Mmps =   15 Ndav =   4 E =   -206.8844323443 Error = 1.78e-20 FLOPS = 5.14e+09 Tdav = 0.00 T = 0.04
 --> Site =   19 .. Mmps =   15 Ndav =   4 E =   -206.8844323457 Error = 1.21e-19 FLOPS = 5.02e+09 Tdav = 0.00 T = 0.06
 --> Site =   20 .. Mmps =   15 Ndav =   4 E =   -206.8844323463 Error = 7.24e-21 FLOPS = 5.10e+09 Tdav = 0.00 T = 0.05
 --> Site =   21 .. Mmps =   15 Ndav =   4 E =   -206.8844323498 Error = 2.56e-20 FLOPS = 5.25e+09 Tdav = 0.00 T = 0.04
 --> Site =   22 .. Mmps =   15 Ndav =   4 E =   -206.8844323501 Error = 5.51e-20 FLOPS = 5.36e+09 Tdav = 0.00 T = 0.03
 --> Site =   23 .. Mmps =   15 Ndav =   4 E =   -206.8844323587 Error = 2.69e-20 FLOPS = 5.59e+09 Tdav = 0.00 T = 0.09
 --> Site =   24 .. Mmps =   15 Ndav =   5 E =   -206.8844323737 Error = 1.91e-20 FLOPS = 5.89e+09 Tdav = 0.00 T = 0.05
 --> Site =   25 .. Mmps =   15 Ndav =   3 E =   -206.8844323751 Error = 5.67e-20 FLOPS = 5.11e+09 Tdav = 0.00 T = 0.05
 --> Site =   26 .. Mmps =   15 Ndav =   5 E =   -206.8844323797 Error = 2.01e-19 FLOPS = 6.23e+09 Tdav = 0.00 T = 0.07
 --> Site =   27 .. Mmps =   15 Ndav =   5 E =   -206.8844323819 Error = 3.87e-20 FLOPS = 6.40e+09 Tdav = 0.00 T = 0.07
 --> Site =   28 .. Mmps =   15 Ndav =   5 E =   -206.8844323833 Error = 3.79e-20 FLOPS = 6.50e+09 Tdav = 0.00 T = 0.04
 --> Site =   29 .. Mmps =   15 Ndav =   6 E =   -206.8844324018 Error = 2.91e-21 FLOPS = 6.70e+09 Tdav = 0.00 T = 0.05
 --> Site =   30 .. Mmps =   15 Ndav =   7 E =   -206.8844324090 Error = 5.28e-19 FLOPS = 6.77e+09 Tdav = 0.00 T = 0.06
 --> Site =   31 .. Mmps =   15 Ndav =   6 E =   -206.8844324255 Error = 3.07e-20 FLOPS = 6.61e+09 Tdav = 0.00 T = 0.06
 --> Site =   32 .. Mmps =   15 Ndav =   7 E =   -206.8844324339 Error = 1.80e-20 FLOPS = 6.83e+09 Tdav = 0.00 T = 0.04
 --> Site =   33 .. Mmps =   15 Ndav =   6 E =   -206.8844324501 Error = 7.38e-20 FLOPS = 6.90e+09 Tdav = 0.00 T = 0.07
 --> Site =   34 .. Mmps =   15 Ndav =   7 E =   -206.8844324585 Error = 7.60e-19 FLOPS = 7.02e+09 Tdav = 0.00 T = 0.07
 --> Site =   35 .. Mmps =   15 Ndav =   6 E =   -206.8844324765 Error = 3.03e-20 FLOPS = 6.94e+09 Tdav = 0.00 T = 0.04
 --> Site =   36 .. Mmps =   15 Ndav =   7 E =   -206.8844324826 Error = 6.86e-19 FLOPS = 6.97e+09 Tdav = 0.00 T = 0.06
 --> Site =   37 .. Mmps =   15 Ndav =   3 E =   -206.8844324829 Error = 2.04e-20 FLOPS = 5.97e+09 Tdav = 0.00 T = 0.05
 --> Site =   38 .. Mmps =   15 Ndav =   5 E =   -206.8844324847 Error = 2.21e-19 FLOPS = 7.02e+09 Tdav = 0.00 T = 0.04
 --> Site =   39 .. Mmps =   15 Ndav =   3 E =   -206.8844324850 Error = 2.39e-20 FLOPS = 6.03e+09 Tdav = 0.00 T = 0.06
 --> Site =   40 .. Mmps =   15 Ndav =   3 E =   -206.8844324853 Error = 2.48e-20 FLOPS = 6.01e+09 Tdav = 0.00 T = 0.05
 --> Site =   41 .. Mmps =   15 Ndav =   4 E =   -206.8844324859 Error = 2.36e-20 FLOPS = 6.64e+09 Tdav = 0.00 T = 0.06
 --> Site =   42 .. Mmps =   15 Ndav =   5 E =   -206.8844324881 Error = 7.79e-21 FLOPS = 7.26e+09 Tdav = 0.00 T = 0.06
 --> Site =   43 .. Mmps =   15 Ndav =   4 E =   -206.8844324891 Error = 7.55e-20 FLOPS = 6.86e+09 Tdav = 0.00 T = 0.06
 --> Site =   44 .. Mmps =   15 Ndav =   4 E =   -206.8844324914 Error = 9.91e-20 FLOPS = 6.86e+09 Tdav = 0.00 T = 0.07
 --> Site =   45 .. Mmps =   15 Ndav =   4 E =   -206.8844324925 Error = 9.08e-20 FLOPS = 7.10e+09 Tdav = 0.00 T = 0.06
 --> Site =   46 .. Mmps =   15 Ndav =   4 E =   -206.8844324938 Error = 1.29e-20 FLOPS = 7.09e+09 Tdav = 0.00 T = 0.06
 --> Site =   47 .. Mmps =   15 Ndav =   4 E =   -206.8844324949 Error = 3.75e-20 FLOPS = 6.88e+09 Tdav = 0.00 T = 0.05
 --> Site =   48 .. Mmps =   15 Ndav =   5 E =   -206.8844324960 Error = 3.65e-20 FLOPS = 7.45e+09 Tdav = 0.00 T = 0.06
 --> Site =   49 .. Mmps =   15 Ndav =   4 E =   -206.8844324997 Error = 1.33e-19 FLOPS = 7.10e+09 Tdav = 0.00 T = 0.05
 --> Site =   50 .. Mmps =   15 Ndav =   3 E =   -206.8844325000 Error = 2.05e-20 FLOPS = 6.47e+09 Tdav = 0.00 T = 0.07
 --> Site =   51 .. Mmps =   15 Ndav =   3 E =   -206.8844325012 Error = 3.39e-20 FLOPS = 6.71e+09 Tdav = 0.00 T = 0.09
 --> Site =   52 .. Mmps =   15 Ndav =   5 E =   -206.8844325039 Error = 2.72e-20 FLOPS = 7.41e+09 Tdav = 0.00 T = 0.08
 --> Site =   53 .. Mmps =   15 Ndav =   4 E =   -206.8844325049 Error = 7.16e-21 FLOPS = 7.18e+09 Tdav = 0.00 T = 0.07
 --> Site =   54 .. Mmps =   15 Ndav =   5 E =   -206.8844325066 Error = 2.87e-20 FLOPS = 7.31e+09 Tdav = 0.00 T = 0.05
 --> Site =   55 .. Mmps =   15 Ndav =   5 E =   -206.8844325122 Error = 2.87e-20 FLOPS = 7.69e+09 Tdav = 0.00 T = 0.08
 --> Site =   56 .. Mmps =   15 Ndav =   7 E =   -206.8844325228 Error = 5.26e-19 FLOPS = 7.96e+09 Tdav = 0.00 T = 0.06
 --> Site =   57 .. Mmps =   15 Ndav =   5 E =   -206.8844325272 Error = 1.38e-20 FLOPS = 7.55e+09 Tdav = 0.00 T = 0.06
 --> Site =   58 .. Mmps =   15 Ndav =   7 E =   -206.8844325373 Error = 2.31e-20 FLOPS = 7.91e+09 Tdav = 0.00 T = 0.09
 --> Site =   59 .. Mmps =   15 Ndav =   5 E =   -206.8844325424 Error = 9.84e-22 FLOPS = 7.61e+09 Tdav = 0.00 T = 0.07
 --> Site =   60 .. Mmps =   15 Ndav =   7 E =   -206.8844325501 Error = 1.31e-18 FLOPS = 8.09e+09 Tdav = 0.00 T = 0.06
 --> Site =   61 .. Mmps =   15 Ndav =   5 E =   -206.8844325522 Error = 1.45e-21 FLOPS = 7.68e+09 Tdav = 0.00 T = 0.08
 --> Site =   62 .. Mmps =   15 Ndav =   7 E =   -206.8844325600 Error = 1.32e-18 FLOPS = 8.17e+09 Tdav = 0.00 T = 0.07
 --> Site =   63 .. Mmps =   15 Ndav =   3 E =   -206.8844325602 Error = 1.18e-20 FLOPS = 6.95e+09 Tdav = 0.00 T = 0.06
 --> Site =   64 .. Mmps =   15 Ndav =   6 E =   -206.8844325634 Error = 9.45e-19 FLOPS = 8.03e+09 Tdav = 0.00 T = 0.07
 --> Site =   65 .. Mmps =   15 Ndav =   3 E =   -206.8844325640 Error = 2.47e-19 FLOPS = 6.90e+09 Tdav = 0.00 T = 0.12
 --> Site =   66 .. Mmps =   15 Ndav =   4 E =   -206.8844325676 Error = 1.92e-20 FLOPS = 7.45e+09 Tdav = 0.00 T = 0.06
 --> Site =   67 .. Mmps =   15 Ndav =   3 E =   -206.8844325682 Error = 2.50e-19 FLOPS = 7.02e+09 Tdav = 0.00 T = 0.06
 --> Site =   68 .. Mmps =   15 Ndav =   4 E =   -206.8844325689 Error = 9.55e-21 FLOPS = 7.40e+09 Tdav = 0.00 T = 0.07
 --> Site =   69 .. Mmps =   15 Ndav =   4 E =   -206.8844325700 Error = 5.46e-20 FLOPS = 7.50e+09 Tdav = 0.00 T = 0.08
 --> Site =   70 .. Mmps =   15 Ndav =   4 E =   -206.8844325707 Error = 3.67e-20 FLOPS = 7.48e+09 Tdav = 0.00 T = 0.08
 --> Site =   71 .. Mmps =   15 Ndav =   4 E =   -206.8844325719 Error = 2.12e-20 FLOPS = 7.54e+09 Tdav = 0.00 T = 0.08
 --> Site =   72 .. Mmps =   15 Ndav =   4 E =   -206.8844325728 Error = 2.24e-20 FLOPS = 7.70e+09 Tdav = 0.00 T = 0.08
 --> Site =   73 .. Mmps =   15 Ndav =   4 E =   -206.8844325738 Error = 5.87e-20 FLOPS = 7.47e+09 Tdav = 0.00 T = 0.06
 --> Site =   74 .. Mmps =   15 Ndav =   4 E =   -206.8844325748 Error = 6.59e-21 FLOPS = 7.49e+09 Tdav = 0.00 T = 0.13
 --> Site =   75 .. Mmps =   15 Ndav =   3 E =   -206.8844325765 Error = 4.61e-20 FLOPS = 6.76e+09 Tdav = 0.00 T = 0.08
 --> Site =   76 .. Mmps =   15 Ndav =   3 E =   -206.8844325766 Error = 2.61e-20 FLOPS = 6.66e+09 Tdav = 0.00 T = 0.07
 --> Site =   77 .. Mmps =   15 Ndav =   3 E =   -206.8844325779 Error = 1.92e-20 FLOPS = 6.90e+09 Tdav = 0.00 T = 0.06
 --> Site =   78 .. Mmps =   15 Ndav =   5 E =   -206.8844325807 Error = 5.25e-20 FLOPS = 7.91e+09 Tdav = 0.00 T = 0.07
 --> Site =   79 .. Mmps =   15 Ndav =   4 E =   -206.8844325813 Error = 1.33e-20 FLOPS = 7.60e+09 Tdav = 0.00 T = 0.09
 --> Site =   80 .. Mmps =   15 Ndav =   5 E =   -206.8844325829 Error = 9.10e-21 FLOPS = 7.85e+09 Tdav = 0.00 T = 0.07
 --> Site =   81 .. Mmps =   15 Ndav =   6 E =   -206.8844325908 Error = 3.38e-20 FLOPS = 8.01e+09 Tdav = 0.00 T = 0.08
 --> Site =   82 .. Mmps =   15 Ndav =   7 E =   -206.8844326023 Error = 2.48e-18 FLOPS = 8.06e+09 Tdav = 0.00 T = 0.10
 --> Site =   83 .. Mmps =   15 Ndav =   5 E =   -206.8844326082 Error = 2.34e-20 FLOPS = 7.70e+09 Tdav = 0.00 T = 0.06
 --> Site =   84 .. Mmps =   15 Ndav =   7 E =   -206.8844326168 Error = 2.20e-20 FLOPS = 8.14e+09 Tdav = 0.00 T = 0.06
 --> Site =   85 .. Mmps =   15 Ndav =   5 E =   -206.8844326244 Error = 5.56e-21 FLOPS = 7.90e+09 Tdav = 0.00 T = 0.18
 --> Site =   86 .. Mmps =   15 Ndav =   7 E =   -206.8844326343 Error = 7.28e-19 FLOPS = 8.34e+09 Tdav = 0.00 T = 0.09
 --> Site =   87 .. Mmps =   15 Ndav =   5 E =   -206.8844326379 Error = 5.05e-20 FLOPS = 7.77e+09 Tdav = 0.00 T = 0.07
 --> Site =   88 .. Mmps =   15 Ndav =   7 E =   -206.8844326460 Error = 3.79e-20 FLOPS = 8.03e+09 Tdav = 0.00 T = 0.07
 --> Site =   89 .. Mmps =   15 Ndav =   3 E =   -206.8844326461 Error = 4.81e-20 FLOPS = 6.93e+09 Tdav = 0.00 T = 0.08
 --> Site =   90 .. Mmps =   15 Ndav =   6 E =   -206.8844326492 Error = 2.13e-19 FLOPS = 7.97e+09 Tdav = 0.00 T = 0.06
 --> Site =   91 .. Mmps =   15 Ndav =   4 E =   -206.8844326498 Error = 2.42e-19 FLOPS = 7.36e+09 Tdav = 0.00 T = 0.09
 --> Site =   92 .. Mmps =   15 Ndav =   4 E =   -206.8844326534 Error = 1.47e-20 FLOPS = 7.46e+09 Tdav = 0.00 T = 0.09
 --> Site =   93 .. Mmps =   15 Ndav =   4 E =   -206.8844326541 Error = 1.36e-20 FLOPS = 7.47e+09 Tdav = 0.00 T = 0.06
 --> Site =   94 .. Mmps =   15 Ndav =   4 E =   -206.8844326547 Error = 6.69e-20 FLOPS = 7.55e+09 Tdav = 0.00 T = 0.08
 --> Site =   95 .. Mmps =   15 Ndav =   4 E =   -206.8844326559 Error = 4.43e-20 FLOPS = 7.73e+09 Tdav = 0.00 T = 0.08
 --> Site =   96 .. Mmps =   15 Ndav =   4 E =   -206.8844326575 Error = 1.01e-19 FLOPS = 7.35e+09 Tdav = 0.00 T = 0.07
 --> Site =   97 .. Mmps =   15 Ndav =   4 E =   -206.8844326586 Error = 1.87e-20 FLOPS = 7.59e+09 Tdav = 0.00 T = 0.08
 --> Site =   98 .. Mmps =   15 Ndav =   4 E =   -206.8844326597 Error = 2.58e-20 FLOPS = 7.32e+09 Tdav = 0.00 T = 0.12
 --> Site =   99 .. Mmps =   15 Ndav =   4 E =   -206.8844326606 Error = 2.73e-20 FLOPS = 7.56e+09 Tdav = 0.00 T = 0.07
 --> Site =  100 .. Mmps =   15 Ndav =   4 E =   -206.8844326612 Error = 1.49e-20 FLOPS = 7.36e+09 Tdav = 0.00 T = 0.11
 --> Site =  101 .. Mmps =   15 Ndav =   3 E =   -206.8844326621 Error = 6.55e-20 FLOPS = 6.86e+09 Tdav = 0.00 T = 0.07
 --> Site =  102 .. Mmps =   15 Ndav =   3 E =   -206.8844326622 Error = 1.09e-19 FLOPS = 7.11e+09 Tdav = 0.00 T = 0.06
 --> Site =  103 .. Mmps =   15 Ndav =   3 E =   -206.8844326636 Error = 1.66e-20 FLOPS = 6.98e+09 Tdav = 0.00 T = 0.06
 --> Site =  104 .. Mmps =   15 Ndav =   5 E =   -206.8844326665 Error = 4.71e-20 FLOPS = 7.70e+09 Tdav = 0.00 T = 0.09
 --> Site =  105 .. Mmps =   15 Ndav =   4 E =   -206.8844326669 Error = 7.32e-20 FLOPS = 7.36e+09 Tdav = 0.00 T = 0.06
 --> Site =  106 .. Mmps =   15 Ndav =   6 E =   -206.8844326682 Error = 4.98e-20 FLOPS = 7.95e+09 Tdav = 0.00 T = 0.06
 --> Site =  107 .. Mmps =   15 Ndav =   6 E =   -206.8844326825 Error = 3.27e-20 FLOPS = 7.95e+09 Tdav = 0.00 T = 0.06
 --> Site =  108 .. Mmps =   15 Ndav =   7 E =   -206.8844326953 Error = 7.67e-21 FLOPS = 7.99e+09 Tdav = 0.00 T = 0.05
 --> Site =  109 .. Mmps =   15 Ndav =   6 E =   -206.8844327113 Error = 1.35e-20 FLOPS = 7.85e+09 Tdav = 0.00 T = 0.08
 --> Site =  110 .. Mmps =   15 Ndav =   7 E =   -206.8844327234 Error = 3.08e-20 FLOPS = 8.05e+09 Tdav = 0.00 T = 0.05
 --> Site =  111 .. Mmps =   15 Ndav =   6 E =   -206.8844327386 Error = 2.56e-20 FLOPS = 7.71e+09 Tdav = 0.00 T = 0.10
 --> Site =  112 .. Mmps =   15 Ndav =   7 E =   -206.8844327503 Error = 1.74e-18 FLOPS = 8.06e+09 Tdav = 0.00 T = 0.06
 --> Site =  113 .. Mmps =   15 Ndav =   6 E =   -206.8844327612 Error = 3.60e-20 FLOPS = 7.92e+09 Tdav = 0.00 T = 0.06
 --> Site =  114 .. Mmps =   15 Ndav =   7 E =   -206.8844327714 Error = 3.38e-20 FLOPS = 7.91e+09 Tdav = 0.00 T = 0.06
 --> Site =  115 .. Mmps =   15 Ndav =   3 E =   -206.8844327716 Error = 1.24e-20 FLOPS = 6.71e+09 Tdav = 0.00 T = 0.08
 --> Site =  116 .. Mmps =   15 Ndav =   5 E =   -206.8844327743 Error = 2.86e-19 FLOPS = 7.64e+09 Tdav = 0.00 T = 0.07
 --> Site =  117 .. Mmps =   15 Ndav =   4 E =   -206.8844327749 Error = 8.40e-20 FLOPS = 7.34e+09 Tdav = 0.00 T = 0.07
 --> Site =  118 .. Mmps =   15 Ndav =   4 E =   -206.8844327784 Error = 2.45e-20 FLOPS = 7.30e+09 Tdav = 0.00 T = 0.06
 --> Site =  119 .. Mmps =   15 Ndav =   4 E =   -206.8844327792 Error = 4.60e-20 FLOPS = 7.06e+09 Tdav = 0.00 T = 0.07
 --> Site =  120 .. Mmps =   15 Ndav =   4 E =   -206.8844327799 Error = 2.73e-20 FLOPS = 7.01e+09 Tdav = 0.00 T = 0.05
 --> Site =  121 .. Mmps =   15 Ndav =   4 E =   -206.8844327812 Error = 3.18e-20 FLOPS = 7.07e+09 Tdav = 0.00 T = 0.08
 --> Site =  122 .. Mmps =   15 Ndav =   4 E =   -206.8844327819 Error = 5.18e-20 FLOPS = 6.81e+09 Tdav = 0.00 T = 0.06
 --> Site =  123 .. Mmps =   15 Ndav =   4 E =   -206.8844327831 Error = 9.12e-21 FLOPS = 6.86e+09 Tdav = 0.00 T = 0.05
 --> Site =  124 .. Mmps =   15 Ndav =   3 E =   -206.8844327838 Error = 6.38e-20 FLOPS = 6.54e+09 Tdav = 0.00 T = 0.06
 --> Site =  125 .. Mmps =   15 Ndav =   4 E =   -206.8844327847 Error = 2.78e-20 FLOPS = 6.92e+09 Tdav = 0.00 T = 0.06
 --> Site =  126 .. Mmps =   15 Ndav =   3 E =   -206.8844327851 Error = 4.29e-20 FLOPS = 6.16e+09 Tdav = 0.00 T = 0.07
 --> Site =  127 .. Mmps =   15 Ndav =   3 E =   -206.8844327858 Error = 4.40e-20 FLOPS = 6.26e+09 Tdav = 0.00 T = 0.06
 --> Site =  128 .. Mmps =   15 Ndav =   2 E =   -206.8844327858 Error = 6.87e-20 FLOPS = 5.23e+09 Tdav = 0.00 T = 0.06
 --> Site =  129 .. Mmps =   15 Ndav =   3 E =   -206.8844327873 Error = 1.51e-20 FLOPS = 6.27e+09 Tdav = 0.00 T = 0.07
 --> Site =  130 .. Mmps =   15 Ndav =   5 E =   -206.8844327903 Error = 7.10e-19 FLOPS = 7.12e+09 Tdav = 0.00 T = 0.06
 --> Site =  131 .. Mmps =   15 Ndav =   5 E =   -206.8844327912 Error = 3.84e-20 FLOPS = 7.05e+09 Tdav = 0.00 T = 0.08
 --> Site =  132 .. Mmps =   15 Ndav =   6 E =   -206.8844327929 Error = 8.48e-19 FLOPS = 6.76e+09 Tdav = 0.00 T = 0.05
 --> Site =  133 .. Mmps =   15 Ndav =   6 E =   -206.8844328203 Error = 1.83e-20 FLOPS = 7.04e+09 Tdav = 0.00 T = 0.06
 --> Site =  134 .. Mmps =   15 Ndav =   7 E =   -206.8844328359 Error = 6.23e-19 FLOPS = 7.08e+09 Tdav = 0.00 T = 0.06
 --> Site =  135 .. Mmps =   15 Ndav =   7 E =   -206.8844328660 Error = 1.22e-21 FLOPS = 6.96e+09 Tdav = 0.00 T = 0.05
 --> Site =  136 .. Mmps =   15 Ndav =   7 E =   -206.8844328812 Error = 1.27e-18 FLOPS = 6.68e+09 Tdav = 0.00 T = 0.05
 --> Site =  137 .. Mmps =   15 Ndav =   7 E =   -206.8844329133 Error = 1.05e-19 FLOPS = 6.79e+09 Tdav = 0.00 T = 0.08
 --> Site =  138 .. Mmps =   15 Ndav =   7 E =   -206.8844329279 Error = 1.97e-20 FLOPS = 6.81e+09 Tdav = 0.00 T = 0.05
 --> Site =  139 .. Mmps =   15 Ndav =   6 E =   -206.8844329542 Error = 3.93e-20 FLOPS = 6.45e+09 Tdav = 0.00 T = 0.09
 --> Site =  140 .. Mmps =   15 Ndav =   7 E =   -206.8844329647 Error = 2.04e-18 FLOPS = 6.51e+09 Tdav = 0.00 T = 0.05
 --> Site =  141 .. Mmps =   15 Ndav =   4 E =   -206.8844329652 Error = 5.83e-20 FLOPS = 6.01e+09 Tdav = 0.00 T = 0.05
 --> Site =  142 .. Mmps =   15 Ndav =   5 E =   -206.8844329660 Error = 9.84e-19 FLOPS = 5.98e+09 Tdav = 0.00 T = 0.06
 --> Site =  143 .. Mmps =   15 Ndav =   4 E =   -206.8844329666 Error = 6.06e-20 FLOPS = 5.65e+09 Tdav = 0.00 T = 0.06
 --> Site =  144 .. Mmps =   15 Ndav =   4 E =   -206.8844329701 Error = 6.24e-20 FLOPS = 5.43e+09 Tdav = 0.00 T = 0.04
 --> Site =  145 .. Mmps =   15 Ndav =   4 E =   -206.8844329707 Error = 1.70e-19 FLOPS = 5.60e+09 Tdav = 0.00 T = 0.04
 --> Site =  146 .. Mmps =   15 Ndav =   4 E =   -206.8844329715 Error = 2.92e-20 FLOPS = 5.21e+09 Tdav = 0.00 T = 0.05
 --> Site =  147 .. Mmps =   15 Ndav =   4 E =   -206.8844329723 Error = 5.39e-21 FLOPS = 4.97e+09 Tdav = 0.00 T = 0.11
 --> Site =  148 .. Mmps =   15 Ndav =   4 E =   -206.8844329732 Error = 1.02e-20 FLOPS = 5.17e+09 Tdav = 0.00 T = 0.05
 --> Site =  149 .. Mmps =   15 Ndav =   4 E =   -206.8844329740 Error = 1.11e-19 FLOPS = 4.97e+09 Tdav = 0.00 T = 0.06
 --> Site =  150 .. Mmps =   15 Ndav =   4 E =   -206.8844329748 Error = 1.25e-20 FLOPS = 4.90e+09 Tdav = 0.00 T = 0.07
 --> Site =  151 .. Mmps =   15 Ndav =   4 E =   -206.8844329755 Error = 1.94e-20 FLOPS = 4.59e+09 Tdav = 0.00 T = 0.07
 --> Site =  152 .. Mmps =   15 Ndav =   3 E =   -206.8844329758 Error = 4.61e-20 FLOPS = 4.01e+09 Tdav = 0.00 T = 0.05
 --> Site =  153 .. Mmps =   15 Ndav =   3 E =   -206.8844329762 Error = 2.73e-20 FLOPS = 3.69e+09 Tdav = 0.00 T = 0.05
 --> Site =  154 .. Mmps =   15 Ndav =   3 E =   -206.8844329762 Error = 4.93e-21 FLOPS = 3.86e+09 Tdav = 0.00 T = 0.05
 --> Site =  155 .. Mmps =   15 Ndav =   3 E =   -206.8844329765 Error = 2.15e-21 FLOPS = 3.53e+09 Tdav = 0.00 T = 0.04
 --> Site =  156 .. Mmps =   15 Ndav =   4 E =   -206.8844329782 Error = 5.15e-20 FLOPS = 3.88e+09 Tdav = 0.00 T = 0.05
 --> Site =  157 .. Mmps =   15 Ndav =   4 E =   -206.8844329795 Error = 4.48e-21 FLOPS = 3.66e+09 Tdav = 0.00 T = 0.08
 --> Site =  158 .. Mmps =   15 Ndav =   4 E =   -206.8844329800 Error = 3.25e-18 FLOPS = 3.45e+09 Tdav = 0.00 T = 0.04
 --> Site =  159 .. Mmps =   15 Ndav =   5 E =   -206.8844329806 Error = 9.29e-20 FLOPS = 3.46e+09 Tdav = 0.00 T = 0.09
 --> Site =  160 .. Mmps =   15 Ndav =   4 E =   -206.8844329809 Error = 3.45e-21 FLOPS = 2.98e+09 Tdav = 0.00 T = 0.05
 --> Site =  161 .. Mmps =   15 Ndav =   4 E =   -206.8844329813 Error = 2.53e-21 FLOPS = 2.79e+09 Tdav = 0.00 T = 0.04
 --> Site =  162 .. Mmps =   15 Ndav =   5 E =   -206.8844329819 Error = 1.86e-21 FLOPS = 2.82e+09 Tdav = 0.00 T = 0.05
 --> Site =  163 .. Mmps =   15 Ndav =   4 E =   -206.8844329820 Error = 3.63e-21 FLOPS = 2.34e+09 Tdav = 0.00 T = 0.05
 --> Site =  164 .. Mmps =   15 Ndav =   3 E =   -206.8844329821 Error = 6.22e-20 FLOPS = 1.79e+09 Tdav = 0.00 T = 0.07
 --> Site =  165 .. Mmps =   15 Ndav =   1 E =   -206.8844329821 Error = 1.64e-29 FLOPS = 5.63e+08 Tdav = 0.00 T = 0.05
 --> Site =  166 .. Mmps =   15 Ndav =   1 E =   -206.8844329821 Error = 1.22e-55 FLOPS = 2.40e+08 Tdav = 0.00 T = 0.05
 --> Site =  167 .. Mmps =   15 Ndav =   1 E =   -206.8844329821 Error = 1.00e-85 FLOPS = 1.07e+08 Tdav = 0.00 T = 0.04
 --> Site =  168 .. Mmps =   15 Ndav =   1 E =   -206.8844329821 Error = 3.01e-114 FLOPS = 2.79e+07 Tdav = 0.00 T = 0.03
Time elapsed =    165.342 | E =    -206.8844329821 | DE = -6.80e-07 | DW = 3.24949e-18
Time sweep =       10.922 | 574 MFLOP/SWP
 | Dmem = 105 KB (3%) | Imem = 232 B (79%) | Hmem = 503 KB | Wmem = 3.52 KB | Pmem = 3.52 KB
 | Tread = 0.224 | Twrite = 1.601 | Tfpread = 0.032 | Tfpwrite = 0.021 | Tmporead = 0.000 | Tasync = 0.000
 | data = 11.3 MB | cpsd = 8.62 MB
 | Trot = 0.028 | Tctr = 0.005 | Tint = 0.008 | Tmid = 0.000 | Tdctr = 0.141 | Tdiag = 0.020 | Tinfo = 0.223
 | Teff = 2.264 | Tprt = 0.179 | Teig = 0.089 | Tblk = 7.965 | Tmve = 2.947 | Tdm = 0.003 | Tsplt = 0.017 | Tsvd = 0.000 | Torth = 0.000

Sweep =    3 | Direction = backward | Bond dimension =   15 | Noise =  1.00e-04 | Dav threshold =  1.00e-10
 <-- Site =  168 .. Mmps =    2 Ndav =   1 E =   -206.8844329821 Error = 0.00e+00 FLOPS = 3.57e+07 Tdav = 0.00 T = 0.03
 <-- Site =  167 .. Mmps =    4 Ndav =   1 E =   -206.8844329821 Error = 0.00e+00 FLOPS = 1.44e+08 Tdav = 0.00 T = 0.04
 <-- Site =  166 .. Mmps =    8 Ndav =   1 E =   -206.8844329821 Error = 0.00e+00 FLOPS = 3.07e+08 Tdav = 0.00 T = 0.06
 <-- Site =  165 .. Mmps =   15 Ndav =   1 E =   -206.8844329821 Error = 2.26e-27 FLOPS = 6.00e+08 Tdav = 0.00 T = 0.05
 <-- Site =  164 .. Mmps =   15 Ndav =   1 E =   -206.8844329821 Error = 5.25e-21 FLOPS = 1.05e+09 Tdav = 0.00 T = 0.06
 <-- Site =  163 .. Mmps =   15 Ndav =   1 E =   -206.8844329821 Error = 1.84e-23 FLOPS = 1.12e+09 Tdav = 0.00 T = 0.05
 <-- Site =  162 .. Mmps =   15 Ndav =   1 E =   -206.8844329821 Error = 1.93e-22 FLOPS = 1.32e+09 Tdav = 0.00 T = 0.04
 <-- Site =  161 .. Mmps =   15 Ndav =   1 E =   -206.8844329821 Error = 1.51e-21 FLOPS = 1.41e+09 Tdav = 0.00 T = 0.05
 <-- Site =  160 .. Mmps =   15 Ndav =   1 E =   -206.8844329821 Error = 5.23e-22 FLOPS = 1.56e+09 Tdav = 0.00 T = 0.04
 <-- Site =  159 .. Mmps =   15 Ndav =   1 E =   -206.8844329821 Error = 7.32e-21 FLOPS = 1.71e+09 Tdav = 0.00 T = 0.04
 <-- Site =  158 .. Mmps =   15 Ndav =   2 E =   -206.8844329821 Error = 9.05e-21 FLOPS = 2.61e+09 Tdav = 0.00 T = 0.07
 <-- Site =  157 .. Mmps =   15 Ndav =   3 E =   -206.8844329823 Error = 6.32e-21 FLOPS = 3.39e+09 Tdav = 0.00 T = 0.05
 <-- Site =  156 .. Mmps =   15 Ndav =   3 E =   -206.8844329823 Error = 1.98e-17 FLOPS = 3.46e+09 Tdav = 0.00 T = 0.05
 <-- Site =  155 .. Mmps =   15 Ndav =   3 E =   -206.8844329824 Error = 1.72e-20 FLOPS = 3.63e+09 Tdav = 0.00 T = 0.05
 <-- Site =  154 .. Mmps =   15 Ndav =   4 E =   -206.8844329843 Error = 6.32e-21 FLOPS = 4.14e+09 Tdav = 0.00 T = 0.07
 <-- Site =  153 .. Mmps =   15 Ndav =   1 E =   -206.8844329843 Error = 1.10e-19 FLOPS = 2.31e+09 Tdav = 0.00 T = 0.07
 <-- Site =  152 .. Mmps =   15 Ndav =   3 E =   -206.8844329843 Error = 9.69e-20 FLOPS = 4.20e+09 Tdav = 0.00 T = 0.04
 <-- Site =  151 .. Mmps =   15 Ndav =   2 E =   -206.8844329844 Error = 1.49e-20 FLOPS = 3.55e+09 Tdav = 0.00 T = 0.04
 <-- Site =  150 .. Mmps =   15 Ndav =   3 E =   -206.8844329845 Error = 3.90e-20 FLOPS = 4.20e+09 Tdav = 0.00 T = 0.05
 <-- Site =  149 .. Mmps =   15 Ndav =   2 E =   -206.8844329845 Error = 1.36e-20 FLOPS = 3.68e+09 Tdav = 0.00 T = 0.06
 <-- Site =  148 .. Mmps =   15 Ndav =   3 E =   -206.8844329846 Error = 6.32e-20 FLOPS = 4.53e+09 Tdav = 0.00 T = 0.04
 <-- Site =  147 .. Mmps =   15 Ndav =   2 E =   -206.8844329847 Error = 1.54e-19 FLOPS = 4.14e+09 Tdav = 0.00 T = 0.05
 <-- Site =  146 .. Mmps =   15 Ndav =   3 E =   -206.8844329848 Error = 1.51e-19 FLOPS = 4.72e+09 Tdav = 0.00 T = 0.05
 <-- Site =  145 .. Mmps =   15 Ndav =   2 E =   -206.8844329848 Error = 1.01e-20 FLOPS = 4.10e+09 Tdav = 0.00 T = 0.06
 <-- Site =  144 .. Mmps =   15 Ndav =   3 E =   -206.8844329849 Error = 1.29e-20 FLOPS = 4.94e+09 Tdav = 0.00 T = 0.06
 <-- Site =  143 .. Mmps =   15 Ndav =   3 E =   -206.8844329853 Error = 3.55e-20 FLOPS = 4.92e+09 Tdav = 0.00 T = 0.06
 <-- Site =  142 .. Mmps =   15 Ndav =   4 E =   -206.8844329886 Error = 4.81e-20 FLOPS = 5.75e+09 Tdav = 0.00 T = 0.07
 <-- Site =  141 .. Mmps =   15 Ndav =   4 E =   -206.8844329889 Error = 6.68e-22 FLOPS = 5.70e+09 Tdav = 0.00 T = 0.06
 <-- Site =  140 .. Mmps =   15 Ndav =   4 E =   -206.8844329890 Error = 1.01e-18 FLOPS = 5.77e+09 Tdav = 0.00 T = 0.05
 <-- Site =  139 .. Mmps =   15 Ndav =   5 E =   -206.8844329920 Error = 1.38e-20 FLOPS = 6.25e+09 Tdav = 0.00 T = 0.07
 <-- Site =  138 .. Mmps =   15 Ndav =   7 E =   -206.8844329984 Error = 2.56e-18 FLOPS = 6.68e+09 Tdav = 0.00 T = 0.06
 <-- Site =  137 .. Mmps =   15 Ndav =   5 E =   -206.8844330024 Error = 8.63e-21 FLOPS = 6.62e+09 Tdav = 0.00 T = 0.05
 <-- Site =  136 .. Mmps =   15 Ndav =   7 E =   -206.8844330104 Error = 5.05e-20 FLOPS = 6.91e+09 Tdav = 0.00 T = 0.12
 <-- Site =  135 .. Mmps =   15 Ndav =   5 E =   -206.8844330145 Error = 3.89e-21 FLOPS = 6.69e+09 Tdav = 0.00 T = 0.06
 <-- Site =  134 .. Mmps =   15 Ndav =   7 E =   -206.8844330222 Error = 8.01e-17 FLOPS = 7.04e+09 Tdav = 0.00 T = 0.06
 <-- Site =  133 .. Mmps =   15 Ndav =   5 E =   -206.8844330264 Error = 7.51e-21 FLOPS = 6.26e+09 Tdav = 0.00 T = 0.06
 <-- Site =  132 .. Mmps =   15 Ndav =   6 E =   -206.8844330335 Error = 5.72e-20 FLOPS = 6.98e+09 Tdav = 0.00 T = 0.06
 <-- Site =  131 .. Mmps =   15 Ndav =   3 E =   -206.8844330336 Error = 6.11e-21 FLOPS = 5.64e+09 Tdav = 0.00 T = 0.05
 <-- Site =  130 .. Mmps =   15 Ndav =   3 E =   -206.8844330337 Error = 3.23e-20 FLOPS = 6.00e+09 Tdav = 0.00 T = 0.07
 <-- Site =  129 .. Mmps =   15 Ndav =   3 E =   -206.8844330341 Error = 1.83e-20 FLOPS = 6.05e+09 Tdav = 0.00 T = 0.06
 <-- Site =  128 .. Mmps =   15 Ndav =   4 E =   -206.8844330367 Error = 9.31e-20 FLOPS = 6.86e+09 Tdav = 0.00 T = 0.08
 <-- Site =  127 .. Mmps =   15 Ndav =   2 E =   -206.8844330367 Error = 2.01e-19 FLOPS = 5.41e+09 Tdav = 0.00 T = 0.10
 <-- Site =  126 .. Mmps =   15 Ndav =   3 E =   -206.8844330369 Error = 5.38e-20 FLOPS = 6.20e+09 Tdav = 0.00 T = 0.06
 <-- Site =  125 .. Mmps =   15 Ndav =   2 E =   -206.8844330369 Error = 1.50e-19 FLOPS = 5.39e+09 Tdav = 0.00 T = 0.06
 <-- Site =  124 .. Mmps =   15 Ndav =   3 E =   -206.8844330372 Error = 1.36e-20 FLOPS = 6.12e+09 Tdav = 0.00 T = 0.06
 <-- Site =  123 .. Mmps =   15 Ndav =   2 E =   -206.8844330372 Error = 2.02e-20 FLOPS = 5.34e+09 Tdav = 0.00 T = 0.06
 <-- Site =  122 .. Mmps =   15 Ndav =   3 E =   -206.8844330375 Error = 3.63e-20 FLOPS = 6.14e+09 Tdav = 0.00 T = 0.10
 <-- Site =  121 .. Mmps =   15 Ndav =   2 E =   -206.8844330375 Error = 5.48e-20 FLOPS = 5.44e+09 Tdav = 0.00 T = 0.10
 <-- Site =  120 .. Mmps =   15 Ndav =   3 E =   -206.8844330377 Error = 4.19e-20 FLOPS = 6.30e+09 Tdav = 0.00 T = 0.10
 <-- Site =  119 .. Mmps =   15 Ndav =   2 E =   -206.8844330377 Error = 5.06e-21 FLOPS = 5.48e+09 Tdav = 0.00 T = 0.07
 <-- Site =  118 .. Mmps =   15 Ndav =   3 E =   -206.8844330378 Error = 4.22e-20 FLOPS = 6.44e+09 Tdav = 0.00 T = 0.07
 <-- Site =  117 .. Mmps =   15 Ndav =   3 E =   -206.8844330382 Error = 5.25e-22 FLOPS = 6.50e+09 Tdav = 0.00 T = 0.08
 <-- Site =  116 .. Mmps =   15 Ndav =   4 E =   -206.8844330415 Error = 1.81e-19 FLOPS = 7.22e+09 Tdav = 0.00 T = 0.10
 <-- Site =  115 .. Mmps =   15 Ndav =   4 E =   -206.8844330425 Error = 6.00e-22 FLOPS = 7.25e+09 Tdav = 0.00 T = 0.08
 <-- Site =  114 .. Mmps =   15 Ndav =   3 E =   -206.8844330426 Error = 3.49e-19 FLOPS = 6.54e+09 Tdav = 0.00 T = 0.10
 <-- Site =  113 .. Mmps =   15 Ndav =   5 E =   -206.8844330456 Error = 7.11e-21 FLOPS = 7.35e+09 Tdav = 0.00 T = 0.07
 <-- Site =  112 .. Mmps =   15 Ndav =   6 E =   -206.8844330490 Error = 7.24e-18 FLOPS = 7.84e+09 Tdav = 0.00 T = 0.08
 <-- Site =  111 .. Mmps =   15 Ndav =   5 E =   -206.8844330524 Error = 1.32e-20 FLOPS = 7.64e+09 Tdav = 0.00 T = 0.26
 <-- Site =  110 .. Mmps =   15 Ndav =   6 E =   -206.8844330571 Error = 3.99e-17 FLOPS = 7.65e+09 Tdav = 0.00 T = 0.10
 <-- Site =  109 .. Mmps =   15 Ndav =   5 E =   -206.8844330606 Error = 2.52e-21 FLOPS = 7.58e+09 Tdav = 0.00 T = 0.15
 <-- Site =  108 .. Mmps =   15 Ndav =   6 E =   -206.8844330655 Error = 3.82e-18 FLOPS = 7.65e+09 Tdav = 0.00 T = 0.08
 <-- Site =  107 .. Mmps =   15 Ndav =   5 E =   -206.8844330690 Error = 3.52e-21 FLOPS = 7.49e+09 Tdav = 0.00 T = 0.07
 <-- Site =  106 .. Mmps =   15 Ndav =   6 E =   -206.8844330735 Error = 9.82e-20 FLOPS = 7.96e+09 Tdav = 0.00 T = 0.13
 <-- Site =  105 .. Mmps =   15 Ndav =   3 E =   -206.8844330736 Error = 4.91e-21 FLOPS = 6.60e+09 Tdav = 0.00 T = 0.26
 <-- Site =  104 .. Mmps =   15 Ndav =   3 E =   -206.8844330737 Error = 4.00e-20 FLOPS = 6.68e+09 Tdav = 0.00 T = 0.07
 <-- Site =  103 .. Mmps =   15 Ndav =   3 E =   -206.8844330741 Error = 3.87e-20 FLOPS = 6.48e+09 Tdav = 0.00 T = 0.07
 <-- Site =  102 .. Mmps =   15 Ndav =   4 E =   -206.8844330765 Error = 4.36e-20 FLOPS = 7.41e+09 Tdav = 0.00 T = 0.06
 <-- Site =  101 .. Mmps =   15 Ndav =   2 E =   -206.8844330765 Error = 1.29e-19 FLOPS = 5.72e+09 Tdav = 0.00 T = 0.09
 <-- Site =  100 .. Mmps =   15 Ndav =   4 E =   -206.8844330767 Error = 1.01e-19 FLOPS = 7.30e+09 Tdav = 0.00 T = 0.07
 <-- Site =   99 .. Mmps =   15 Ndav =   2 E =   -206.8844330768 Error = 1.41e-20 FLOPS = 5.84e+09 Tdav = 0.00 T = 0.08
 <-- Site =   98 .. Mmps =   15 Ndav =   3 E =   -206.8844330769 Error = 4.29e-20 FLOPS = 6.56e+09 Tdav = 0.00 T = 0.10
 <-- Site =   97 .. Mmps =   15 Ndav =   3 E =   -206.8844330770 Error = 3.55e-21 FLOPS = 6.51e+09 Tdav = 0.00 T = 0.07
 <-- Site =   96 .. Mmps =   15 Ndav =   3 E =   -206.8844330771 Error = 1.24e-20 FLOPS = 6.65e+09 Tdav = 0.00 T = 0.08
 <-- Site =   95 .. Mmps =   15 Ndav =   3 E =   -206.8844330773 Error = 4.06e-21 FLOPS = 6.60e+09 Tdav = 0.00 T = 0.08
 <-- Site =   94 .. Mmps =   15 Ndav =   3 E =   -206.8844330774 Error = 1.16e-19 FLOPS = 6.94e+09 Tdav = 0.00 T = 0.08
 <-- Site =   93 .. Mmps =   15 Ndav =   2 E =   -206.8844330775 Error = 6.27e-20 FLOPS = 5.93e+09 Tdav = 0.00 T = 0.08
 <-- Site =   92 .. Mmps =   15 Ndav =   3 E =   -206.8844330775 Error = 5.88e-20 FLOPS = 6.87e+09 Tdav = 0.00 T = 0.09
 <-- Site =   91 .. Mmps =   15 Ndav =   3 E =   -206.8844330779 Error = 1.07e-20 FLOPS = 6.72e+09 Tdav = 0.00 T = 0.09
 <-- Site =   90 .. Mmps =   15 Ndav =   4 E =   -206.8844330810 Error = 1.56e-18 FLOPS = 7.13e+09 Tdav = 0.00 T = 0.13
 <-- Site =   89 .. Mmps =   15 Ndav =   4 E =   -206.8844330822 Error = 1.03e-21 FLOPS = 7.37e+09 Tdav = 0.00 T = 0.09
 <-- Site =   88 .. Mmps =   15 Ndav =   3 E =   -206.8844330823 Error = 2.80e-18 FLOPS = 6.72e+09 Tdav = 0.00 T = 0.10
 <-- Site =   87 .. Mmps =   15 Ndav =   5 E =   -206.8844330847 Error = 5.41e-21 FLOPS = 7.68e+09 Tdav = 0.00 T = 0.08
 <-- Site =   86 .. Mmps =   15 Ndav =   5 E =   -206.8844330862 Error = 1.56e-17 FLOPS = 7.63e+09 Tdav = 0.00 T = 0.07
 <-- Site =   85 .. Mmps =   15 Ndav =   5 E =   -206.8844330891 Error = 1.02e-20 FLOPS = 7.76e+09 Tdav = 0.00 T = 0.09
 <-- Site =   84 .. Mmps =   15 Ndav =   6 E =   -206.8844330918 Error = 1.58e-16 FLOPS = 7.82e+09 Tdav = 0.00 T = 0.07
 <-- Site =   83 .. Mmps =   15 Ndav =   5 E =   -206.8844330943 Error = 1.10e-20 FLOPS = 7.59e+09 Tdav = 0.00 T = 0.09
 <-- Site =   82 .. Mmps =   15 Ndav =   5 E =   -206.8844330965 Error = 1.48e-18 FLOPS = 7.59e+09 Tdav = 0.00 T = 0.10
 <-- Site =   81 .. Mmps =   15 Ndav =   5 E =   -206.8844330998 Error = 4.45e-21 FLOPS = 7.81e+09 Tdav = 0.00 T = 0.08
 <-- Site =   80 .. Mmps =   15 Ndav =   6 E =   -206.8844331027 Error = 3.94e-17 FLOPS = 7.93e+09 Tdav = 0.00 T = 0.07
 <-- Site =   79 .. Mmps =   15 Ndav =   4 E =   -206.8844331028 Error = 7.37e-21 FLOPS = 7.53e+09 Tdav = 0.00 T = 0.07
 <-- Site =   78 .. Mmps =   15 Ndav =   4 E =   -206.8844331029 Error = 4.03e-17 FLOPS = 7.37e+09 Tdav = 0.00 T = 0.07
 <-- Site =   77 .. Mmps =   15 Ndav =   3 E =   -206.8844331033 Error = 5.71e-20 FLOPS = 6.72e+09 Tdav = 0.00 T = 0.09
 <-- Site =   76 .. Mmps =   15 Ndav =   4 E =   -206.8844331057 Error = 1.04e-19 FLOPS = 7.41e+09 Tdav = 0.00 T = 0.07
 <-- Site =   75 .. Mmps =   15 Ndav =   2 E =   -206.8844331057 Error = 5.88e-20 FLOPS = 5.91e+09 Tdav = 0.00 T = 0.14
 <-- Site =   74 .. Mmps =   15 Ndav =   4 E =   -206.8844331060 Error = 2.37e-20 FLOPS = 7.40e+09 Tdav = 0.00 T = 0.09
 <-- Site =   73 .. Mmps =   15 Ndav =   3 E =   -206.8844331061 Error = 1.53e-20 FLOPS = 6.80e+09 Tdav = 0.00 T = 0.11
 <-- Site =   72 .. Mmps =   15 Ndav =   3 E =   -206.8844331062 Error = 4.12e-20 FLOPS = 6.66e+09 Tdav = 0.00 T = 0.07
 <-- Site =   71 .. Mmps =   15 Ndav =   3 E =   -206.8844331063 Error = 3.47e-21 FLOPS = 6.72e+09 Tdav = 0.00 T = 0.08
 <-- Site =   70 .. Mmps =   15 Ndav =   3 E =   -206.8844331064 Error = 2.96e-20 FLOPS = 6.58e+09 Tdav = 0.00 T = 0.07
 <-- Site =   69 .. Mmps =   15 Ndav =   2 E =   -206.8844331064 Error = 1.17e-20 FLOPS = 5.88e+09 Tdav = 0.00 T = 0.08
 <-- Site =   68 .. Mmps =   15 Ndav =   3 E =   -206.8844331066 Error = 4.99e-20 FLOPS = 6.70e+09 Tdav = 0.00 T = 0.08
 <-- Site =   67 .. Mmps =   15 Ndav =   2 E =   -206.8844331066 Error = 6.64e-20 FLOPS = 6.00e+09 Tdav = 0.00 T = 0.10
 <-- Site =   66 .. Mmps =   15 Ndav =   3 E =   -206.8844331067 Error = 6.64e-20 FLOPS = 6.78e+09 Tdav = 0.00 T = 0.07
 <-- Site =   65 .. Mmps =   15 Ndav =   3 E =   -206.8844331070 Error = 2.13e-20 FLOPS = 6.73e+09 Tdav = 0.00 T = 0.10
 <-- Site =   64 .. Mmps =   15 Ndav =   4 E =   -206.8844331102 Error = 7.42e-20 FLOPS = 7.10e+09 Tdav = 0.00 T = 0.10
 <-- Site =   63 .. Mmps =   15 Ndav =   4 E =   -206.8844331114 Error = 6.17e-22 FLOPS = 7.36e+09 Tdav = 0.00 T = 0.09
 <-- Site =   62 .. Mmps =   15 Ndav =   3 E =   -206.8844331115 Error = 1.07e-16 FLOPS = 6.78e+09 Tdav = 0.00 T = 0.07
 <-- Site =   61 .. Mmps =   15 Ndav =   5 E =   -206.8844331138 Error = 1.07e-20 FLOPS = 7.68e+09 Tdav = 0.00 T = 0.12
 <-- Site =   60 .. Mmps =   15 Ndav =   5 E =   -206.8844331147 Error = 5.73e-20 FLOPS = 7.80e+09 Tdav = 0.00 T = 0.11
 <-- Site =   59 .. Mmps =   15 Ndav =   5 E =   -206.8844331168 Error = 3.24e-21 FLOPS = 7.66e+09 Tdav = 0.00 T = 0.09
 <-- Site =   58 .. Mmps =   15 Ndav =   5 E =   -206.8844331187 Error = 1.61e-20 FLOPS = 7.46e+09 Tdav = 0.00 T = 0.11
 <-- Site =   57 .. Mmps =   15 Ndav =   5 E =   -206.8844331217 Error = 1.84e-21 FLOPS = 7.60e+09 Tdav = 0.00 T = 0.07
 <-- Site =   56 .. Mmps =   15 Ndav =   5 E =   -206.8844331235 Error = 1.41e-16 FLOPS = 7.35e+09 Tdav = 0.00 T = 0.08
 <-- Site =   55 .. Mmps =   15 Ndav =   5 E =   -206.8844331267 Error = 2.84e-20 FLOPS = 7.63e+09 Tdav = 0.00 T = 0.06
 <-- Site =   54 .. Mmps =   15 Ndav =   5 E =   -206.8844331289 Error = 2.04e-18 FLOPS = 7.64e+09 Tdav = 0.00 T = 0.08
 <-- Site =   53 .. Mmps =   15 Ndav =   4 E =   -206.8844331291 Error = 3.58e-21 FLOPS = 7.01e+09 Tdav = 0.00 T = 0.07
 <-- Site =   52 .. Mmps =   15 Ndav =   4 E =   -206.8844331293 Error = 2.70e-17 FLOPS = 7.27e+09 Tdav = 0.00 T = 0.07
 <-- Site =   51 .. Mmps =   15 Ndav =   3 E =   -206.8844331296 Error = 1.17e-19 FLOPS = 6.65e+09 Tdav = 0.00 T = 0.07
 <-- Site =   50 .. Mmps =   15 Ndav =   4 E =   -206.8844331319 Error = 1.15e-20 FLOPS = 7.22e+09 Tdav = 0.00 T = 0.06
 <-- Site =   49 .. Mmps =   15 Ndav =   2 E =   -206.8844331319 Error = 5.11e-21 FLOPS = 5.80e+09 Tdav = 0.00 T = 0.10
 <-- Site =   48 .. Mmps =   15 Ndav =   4 E =   -206.8844331325 Error = 8.01e-20 FLOPS = 7.04e+09 Tdav = 0.00 T = 0.08
 <-- Site =   47 .. Mmps =   15 Ndav =   3 E =   -206.8844331326 Error = 2.63e-20 FLOPS = 6.45e+09 Tdav = 0.00 T = 0.08
 <-- Site =   46 .. Mmps =   15 Ndav =   3 E =   -206.8844331327 Error = 2.88e-20 FLOPS = 6.61e+09 Tdav = 0.00 T = 0.09
 <-- Site =   45 .. Mmps =   15 Ndav =   3 E =   -206.8844331328 Error = 1.73e-19 FLOPS = 6.42e+09 Tdav = 0.00 T = 0.07
 <-- Site =   44 .. Mmps =   15 Ndav =   3 E =   -206.8844331329 Error = 3.74e-20 FLOPS = 6.48e+09 Tdav = 0.00 T = 0.07
 <-- Site =   43 .. Mmps =   15 Ndav =   3 E =   -206.8844331331 Error = 5.46e-21 FLOPS = 6.43e+09 Tdav = 0.00 T = 0.06
 <-- Site =   42 .. Mmps =   15 Ndav =   3 E =   -206.8844331332 Error = 4.95e-20 FLOPS = 5.99e+09 Tdav = 0.00 T = 0.06
 <-- Site =   41 .. Mmps =   15 Ndav =   3 E =   -206.8844331334 Error = 4.26e-21 FLOPS = 6.13e+09 Tdav = 0.00 T = 0.07
 <-- Site =   40 .. Mmps =   15 Ndav =   2 E =   -206.8844331334 Error = 1.59e-19 FLOPS = 5.36e+09 Tdav = 0.00 T = 0.07
 <-- Site =   39 .. Mmps =   15 Ndav =   3 E =   -206.8844331336 Error = 3.25e-21 FLOPS = 5.99e+09 Tdav = 0.00 T = 0.06
 <-- Site =   38 .. Mmps =   15 Ndav =   2 E =   -206.8844331337 Error = 6.38e-20 FLOPS = 5.16e+09 Tdav = 0.00 T = 0.05
 <-- Site =   37 .. Mmps =   15 Ndav =   4 E =   -206.8844331343 Error = 5.43e-21 FLOPS = 6.63e+09 Tdav = 0.00 T = 0.12
 <-- Site =   36 .. Mmps =   15 Ndav =   3 E =   -206.8844331344 Error = 1.19e-16 FLOPS = 6.12e+09 Tdav = 0.00 T = 0.05
 <-- Site =   35 .. Mmps =   15 Ndav =   5 E =   -206.8844331361 Error = 3.30e-21 FLOPS = 6.66e+09 Tdav = 0.00 T = 0.05
 <-- Site =   34 .. Mmps =   15 Ndav =   7 E =   -206.8844331406 Error = 1.26e-18 FLOPS = 7.38e+09 Tdav = 0.00 T = 0.07
 <-- Site =   33 .. Mmps =   15 Ndav =   5 E =   -206.8844331428 Error = 8.23e-21 FLOPS = 6.80e+09 Tdav = 0.00 T = 0.09
 <-- Site =   32 .. Mmps =   15 Ndav =   7 E =   -206.8844331472 Error = 1.18e-17 FLOPS = 7.08e+09 Tdav = 0.00 T = 0.06
 <-- Site =   31 .. Mmps =   15 Ndav =   5 E =   -206.8844331494 Error = 1.07e-20 FLOPS = 6.61e+09 Tdav = 0.00 T = 0.07
 <-- Site =   30 .. Mmps =   15 Ndav =   6 E =   -206.8844331539 Error = 1.43e-16 FLOPS = 6.75e+09 Tdav = 0.00 T = 0.05
 <-- Site =   29 .. Mmps =   15 Ndav =   5 E =   -206.8844331558 Error = 2.56e-21 FLOPS = 6.42e+09 Tdav = 0.00 T = 0.05
 <-- Site =   28 .. Mmps =   15 Ndav =   6 E =   -206.8844331605 Error = 7.46e-17 FLOPS = 6.65e+09 Tdav = 0.00 T = 0.06
 <-- Site =   27 .. Mmps =   15 Ndav =   3 E =   -206.8844331605 Error = 1.81e-20 FLOPS = 5.47e+09 Tdav = 0.00 T = 0.10
 <-- Site =   26 .. Mmps =   15 Ndav =   5 E =   -206.8844331613 Error = 4.80e-18 FLOPS = 6.26e+09 Tdav = 0.00 T = 0.06
 <-- Site =   25 .. Mmps =   15 Ndav =   4 E =   -206.8844331620 Error = 2.45e-20 FLOPS = 5.76e+09 Tdav = 0.00 T = 0.06
 <-- Site =   24 .. Mmps =   15 Ndav =   4 E =   -206.8844331650 Error = 2.08e-20 FLOPS = 5.86e+09 Tdav = 0.00 T = 0.05
 <-- Site =   23 .. Mmps =   15 Ndav =   4 E =   -206.8844331681 Error = 1.25e-19 FLOPS = 5.48e+09 Tdav = 0.00 T = 0.07
 <-- Site =   22 .. Mmps =   15 Ndav =   5 E =   -206.8844331875 Error = 4.76e-20 FLOPS = 5.97e+09 Tdav = 0.00 T = 0.08
 <-- Site =   21 .. Mmps =   15 Ndav =   2 E =   -206.8844331876 Error = 6.11e-20 FLOPS = 4.22e+09 Tdav = 0.00 T = 0.16
 <-- Site =   20 .. Mmps =   15 Ndav =   4 E =   -206.8844331882 Error = 9.62e-21 FLOPS = 5.16e+09 Tdav = 0.00 T = 0.09
 <-- Site =   19 .. Mmps =   15 Ndav =   2 E =   -206.8844331883 Error = 4.84e-21 FLOPS = 3.93e+09 Tdav = 0.00 T = 0.07
 <-- Site =   18 .. Mmps =   15 Ndav =   4 E =   -206.8844331886 Error = 3.36e-19 FLOPS = 5.20e+09 Tdav = 0.00 T = 0.06
 <-- Site =   17 .. Mmps =   15 Ndav =   3 E =   -206.8844331887 Error = 1.93e-20 FLOPS = 4.31e+09 Tdav = 0.00 T = 0.07
 <-- Site =   16 .. Mmps =   15 Ndav =   4 E =   -206.8844331889 Error = 5.73e-20 FLOPS = 4.89e+09 Tdav = 0.00 T = 0.06
 <-- Site =   15 .. Mmps =   15 Ndav =   3 E =   -206.8844331889 Error = 1.33e-19 FLOPS = 4.16e+09 Tdav = 0.00 T = 0.10
 <-- Site =   14 .. Mmps =   15 Ndav =   3 E =   -206.8844331890 Error = 3.72e-20 FLOPS = 4.07e+09 Tdav = 0.00 T = 0.08
 <-- Site =   13 .. Mmps =   15 Ndav =   3 E =   -206.8844331893 Error = 2.55e-21 FLOPS = 3.81e+09 Tdav = 0.00 T = 0.06
 <-- Site =   12 .. Mmps =   15 Ndav =   3 E =   -206.8844331908 Error = 3.69e-17 FLOPS = 3.69e+09 Tdav = 0.00 T = 0.09
 <-- Site =   11 .. Mmps =   15 Ndav =   3 E =   -206.8844331916 Error = 1.71e-20 FLOPS = 3.48e+09 Tdav = 0.00 T = 0.12
 <-- Site =   10 .. Mmps =   15 Ndav =   4 E =   -206.8844331937 Error = 5.59e-18 FLOPS = 3.68e+09 Tdav = 0.00 T = 0.08
 <-- Site =    9 .. Mmps =   15 Ndav =   7 E =   -206.8844331987 Error = 1.64e-21 FLOPS = 3.95e+09 Tdav = 0.00 T = 0.06
 <-- Site =    8 .. Mmps =   15 Ndav =   5 E =   -206.8844331994 Error = 1.01e-16 FLOPS = 3.71e+09 Tdav = 0.00 T = 0.16
 <-- Site =    7 .. Mmps =   15 Ndav =   5 E =   -206.8844332009 Error = 2.43e-21 FLOPS = 3.46e+09 Tdav = 0.00 T = 0.14
 <-- Site =    6 .. Mmps =   15 Ndav =   3 E =   -206.8844332010 Error = 1.63e-21 FLOPS = 2.58e+09 Tdav = 0.00 T = 0.10
 <-- Site =    5 .. Mmps =   15 Ndav =   2 E =   -206.8844332010 Error = 1.01e-20 FLOPS = 2.01e+09 Tdav = 0.00 T = 0.06
 <-- Site =    4 .. Mmps =   15 Ndav =   2 E =   -206.8844332010 Error = 8.68e-18 FLOPS = 1.77e+09 Tdav = 0.00 T = 0.04
 <-- Site =    3 .. Mmps =   15 Ndav =   1 E =   -206.8844332010 Error = 3.96e-33 FLOPS = 6.04e+08 Tdav = 0.00 T = 0.05
 <-- Site =    2 .. Mmps =   15 Ndav =   1 E =   -206.8844332010 Error = 4.77e-45 FLOPS = 2.19e+08 Tdav = 0.00 T = 0.05
 <-- Site =    1 .. Mmps =   15 Ndav =   1 E =   -206.8844332010 Error = 3.61e-77 FLOPS = 9.66e+07 Tdav = 0.00 T = 0.05
 <-- Site =    0 .. Mmps =   15 Ndav =   1 E =   -206.8844332010 Error = 4.93e-87 FLOPS = 3.00e+07 Tdav = 0.00 T = 0.06
Time elapsed =    178.319 | E =    -206.8844332010 | DE = -2.19e-07 | DW = 1.57591e-16
Time sweep =       12.977 | 463 MFLOP/SWP
 | Dmem = 105 KB (3%) | Imem = 232 B (79%) | Hmem = 503 KB | Wmem = 3.52 KB | Pmem = 3.52 KB
 | Tread = 0.231 | Twrite = 1.854 | Tfpread = 0.030 | Tfpwrite = 0.020 | Tmporead = 0.000 | Tasync = 0.000
 | data = 11.3 MB | cpsd = 7.68 MB
 | Trot = 0.028 | Tctr = 0.461 | Tint = 0.008 | Tmid = 0.000 | Tdctr = 0.008 | Tdiag = 0.021 | Tinfo = 0.233
 | Teff = 2.159 | Tprt = 0.149 | Teig = 0.076 | Tblk = 8.764 | Tmve = 4.203 | Tdm = 0.002 | Tsplt = 0.020 | Tsvd = 0.000 | Torth = 0.000

Sweep =    4 | Direction =  forward | Bond dimension =   25 | Noise =  1.00e-05 | Dav threshold =  1.00e-10
 --> Site =    0 .. Mmps =    2 Ndav =   1 E =   -206.8844332010 Error = 0.00e+00 FLOPS = 4.49e+07 Tdav = 0.00 T = 0.03
 --> Site =    1 .. Mmps =    4 Ndav =   1 E =   -206.8844332010 Error = 0.00e+00 FLOPS = 7.74e+07 Tdav = 0.00 T = 0.05
 --> Site =    2 .. Mmps =    8 Ndav =   1 E =   -206.8844332010 Error = 0.00e+00 FLOPS = 1.84e+08 Tdav = 0.00 T = 0.04
 --> Site =    3 .. Mmps =   15 Ndav =   1 E =   -206.8844332010 Error = 0.00e+00 FLOPS = 4.33e+08 Tdav = 0.00 T = 0.10
 --> Site =    4 .. Mmps =   22 Ndav =   1 E =   -206.8844332010 Error = 0.00e+00 FLOPS = 1.09e+09 Tdav = 0.00 T = 0.11
 --> Site =    5 .. Mmps =   25 Ndav =   1 E =   -206.8844332010 Error = 5.04e-56 FLOPS = 2.10e+09 Tdav = 0.00 T = 0.09
 --> Site =    6 .. Mmps =   25 Ndav =   2 E =   -206.8844332010 Error = 1.39e-29 FLOPS = 3.66e+09 Tdav = 0.00 T = 0.04
 --> Site =    7 .. Mmps =   25 Ndav =   3 E =   -206.8844332011 Error = 3.46e-29 FLOPS = 4.93e+09 Tdav = 0.00 T = 0.05
 --> Site =    8 .. Mmps =   25 Ndav =   4 E =   -206.8844332014 Error = 6.19e-28 FLOPS = 5.98e+09 Tdav = 0.00 T = 0.05
 --> Site =    9 .. Mmps =   25 Ndav =   7 E =   -206.8844332024 Error = 9.21e-28 FLOPS = 6.91e+09 Tdav = 0.00 T = 0.04
 --> Site =   10 .. Mmps =   25 Ndav =   6 E =   -206.8844332112 Error = 3.78e-26 FLOPS = 7.47e+09 Tdav = 0.00 T = 0.04
 --> Site =   11 .. Mmps =   25 Ndav =   9 E =   -206.8844332278 Error = 2.48e-26 FLOPS = 7.61e+09 Tdav = 0.00 T = 0.05
 --> Site =   12 .. Mmps =   25 Ndav =   5 E =   -206.8844332595 Error = 6.63e-25 FLOPS = 7.85e+09 Tdav = 0.00 T = 0.20
 --> Site =   13 .. Mmps =   25 Ndav =   7 E =   -206.8844332816 Error = 8.42e-26 FLOPS = 7.80e+09 Tdav = 0.00 T = 0.04
 --> Site =   14 .. Mmps =   25 Ndav =   7 E =   -206.8844333281 Error = 1.48e-24 FLOPS = 8.62e+09 Tdav = 0.00 T = 0.08
 --> Site =   15 .. Mmps =   25 Ndav =   5 E =   -206.8844333498 Error = 1.94e-25 FLOPS = 8.50e+09 Tdav = 0.00 T = 0.04
 --> Site =   16 .. Mmps =   25 Ndav =   6 E =   -206.8844333829 Error = 3.13e-25 FLOPS = 8.78e+09 Tdav = 0.00 T = 0.32
 --> Site =   17 .. Mmps =   25 Ndav =   5 E =   -206.8844334092 Error = 2.64e-26 FLOPS = 8.98e+09 Tdav = 0.00 T = 0.09
 --> Site =   18 .. Mmps =   25 Ndav =   6 E =   -206.8844334393 Error = 1.75e-24 FLOPS = 9.03e+09 Tdav = 0.00 T = 0.06
 --> Site =   19 .. Mmps =   25 Ndav =   5 E =   -206.8844334935 Error = 1.98e-25 FLOPS = 8.94e+09 Tdav = 0.00 T = 0.07
 --> Site =   20 .. Mmps =   25 Ndav =   6 E =   -206.8844335254 Error = 2.33e-24 FLOPS = 9.49e+09 Tdav = 0.00 T = 0.05
 --> Site =   21 .. Mmps =   25 Ndav =   5 E =   -206.8844335821 Error = 3.65e-26 FLOPS = 9.39e+09 Tdav = 0.00 T = 0.06
 --> Site =   22 .. Mmps =   25 Ndav =   7 E =   -206.8844336145 Error = 2.99e-25 FLOPS = 9.91e+09 Tdav = 0.00 T = 0.05
 --> Site =   23 .. Mmps =   25 Ndav =   6 E =   -206.8844336734 Error = 1.21e-26 FLOPS = 1.01e+10 Tdav = 0.00 T = 0.05
 --> Site =   24 .. Mmps =   25 Ndav =   7 E =   -206.8844337074 Error = 1.33e-25 FLOPS = 1.04e+10 Tdav = 0.00 T = 0.15
 --> Site =   25 .. Mmps =   25 Ndav =   5 E =   -206.8844337444 Error = 1.28e-25 FLOPS = 9.92e+09 Tdav = 0.00 T = 0.08
 --> Site =   26 .. Mmps =   25 Ndav =   5 E =   -206.8844338120 Error = 4.48e-25 FLOPS = 1.01e+10 Tdav = 0.00 T = 0.07
 --> Site =   27 .. Mmps =   25 Ndav =   7 E =   -206.8844339280 Error = 6.97e-25 FLOPS = 1.05e+10 Tdav = 0.00 T = 0.06
 --> Site =   28 .. Mmps =   25 Ndav =   9 E =   -206.8844341342 Error = 1.88e-24 FLOPS = 1.03e+10 Tdav = 0.00 T = 0.07
 --> Site =   29 .. Mmps =   25 Ndav =   9 E =   -206.8844343356 Error = 3.45e-24 FLOPS = 1.06e+10 Tdav = 0.00 T = 0.06
 --> Site =   30 .. Mmps =   25 Ndav =   9 E =   -206.8844345461 Error = 1.24e-24 FLOPS = 1.10e+10 Tdav = 0.00 T = 0.07
 --> Site =   31 .. Mmps =   25 Ndav =   8 E =   -206.8844346921 Error = 5.91e-25 FLOPS = 1.10e+10 Tdav = 0.00 T = 0.07
 --> Site =   32 .. Mmps =   25 Ndav =   8 E =   -206.8844349111 Error = 1.10e-24 FLOPS = 1.12e+10 Tdav = 0.00 T = 0.08
 --> Site =   33 .. Mmps =   25 Ndav =   7 E =   -206.8844350065 Error = 5.65e-25 FLOPS = 1.12e+10 Tdav = 0.00 T = 0.19
 --> Site =   34 .. Mmps =   25 Ndav =   9 E =   -206.8844352483 Error = 8.50e-25 FLOPS = 1.11e+10 Tdav = 0.00 T = 0.10
 --> Site =   35 .. Mmps =   25 Ndav =   9 E =   -206.8844355273 Error = 3.99e-25 FLOPS = 1.14e+10 Tdav = 0.00 T = 0.12
 --> Site =   36 .. Mmps =   25 Ndav =   8 E =   -206.8844356776 Error = 6.30e-25 FLOPS = 1.16e+10 Tdav = 0.00 T = 0.09
 --> Site =   37 .. Mmps =   25 Ndav =   7 E =   -206.8844358375 Error = 1.42e-24 FLOPS = 1.13e+10 Tdav = 0.00 T = 0.09
 --> Site =   38 .. Mmps =   25 Ndav =   7 E =   -206.8844359482 Error = 4.03e-24 FLOPS = 1.16e+10 Tdav = 0.00 T = 0.09
 --> Site =   39 .. Mmps =   25 Ndav =   8 E =   -206.8844360097 Error = 1.30e-24 FLOPS = 1.14e+10 Tdav = 0.00 T = 0.20
 --> Site =   40 .. Mmps =   25 Ndav =   8 E =   -206.8844361046 Error = 1.92e-24 FLOPS = 1.15e+10 Tdav = 0.00 T = 0.24
 --> Site =   41 .. Mmps =   25 Ndav =   6 E =   -206.8844361388 Error = 1.28e-25 FLOPS = 1.16e+10 Tdav = 0.00 T = 0.08
 --> Site =   42 .. Mmps =   25 Ndav =   6 E =   -206.8844361701 Error = 2.46e-25 FLOPS = 1.15e+10 Tdav = 0.00 T = 0.08
 --> Site =   43 .. Mmps =   25 Ndav =   6 E =   -206.8844362506 Error = 1.48e-25 FLOPS = 1.20e+10 Tdav = 0.00 T = 0.09
 --> Site =   44 .. Mmps =   25 Ndav =   7 E =   -206.8844363448 Error = 5.75e-24 FLOPS = 1.17e+10 Tdav = 0.00 T = 0.09
 --> Site =   45 .. Mmps =   25 Ndav =   6 E =   -206.8844363922 Error = 2.32e-25 FLOPS = 1.17e+10 Tdav = 0.00 T = 0.18
 --> Site =   46 .. Mmps =   25 Ndav =   6 E =   -206.8844364098 Error = 1.26e-25 FLOPS = 1.16e+10 Tdav = 0.00 T = 0.10
 --> Site =   47 .. Mmps =   25 Ndav =   6 E =   -206.8844364573 Error = 3.17e-25 FLOPS = 1.18e+10 Tdav = 0.00 T = 0.10
 --> Site =   48 .. Mmps =   25 Ndav =   7 E =   -206.8844365521 Error = 3.99e-25 FLOPS = 1.19e+10 Tdav = 0.00 T = 0.10
 --> Site =   49 .. Mmps =   25 Ndav =   5 E =   -206.8844365695 Error = 6.50e-26 FLOPS = 1.12e+10 Tdav = 0.00 T = 0.09
 --> Site =   50 .. Mmps =   25 Ndav =   7 E =   -206.8844366029 Error = 6.46e-26 FLOPS = 1.17e+10 Tdav = 0.00 T = 0.08
 --> Site =   51 .. Mmps =   25 Ndav =   6 E =   -206.8844366397 Error = 9.32e-26 FLOPS = 1.16e+10 Tdav = 0.00 T = 0.09
 --> Site =   52 .. Mmps =   25 Ndav =   7 E =   -206.8844367053 Error = 5.05e-25 FLOPS = 1.20e+10 Tdav = 0.00 T = 0.11
 --> Site =   53 .. Mmps =   25 Ndav =   8 E =   -206.8844367954 Error = 6.15e-25 FLOPS = 1.20e+10 Tdav = 0.00 T = 0.10
 --> Site =   54 .. Mmps =   25 Ndav =   6 E =   -206.8844368965 Error = 9.05e-25 FLOPS = 1.20e+10 Tdav = 0.00 T = 0.08
 --> Site =   55 .. Mmps =   25 Ndav =   9 E =   -206.8844371058 Error = 4.68e-25 FLOPS = 1.22e+10 Tdav = 0.00 T = 0.09
 --> Site =   56 .. Mmps =   25 Ndav =  10 E =   -206.8844374277 Error = 1.78e-24 FLOPS = 1.20e+10 Tdav = 0.00 T = 0.10
 --> Site =   57 .. Mmps =   25 Ndav =   7 E =   -206.8844375130 Error = 2.75e-25 FLOPS = 1.20e+10 Tdav = 0.00 T = 0.09
 --> Site =   58 .. Mmps =   25 Ndav =   8 E =   -206.8844376692 Error = 6.50e-25 FLOPS = 1.22e+10 Tdav = 0.00 T = 0.10
 --> Site =   59 .. Mmps =   25 Ndav =   8 E =   -206.8844377410 Error = 6.80e-25 FLOPS = 1.23e+10 Tdav = 0.00 T = 0.20
 --> Site =   60 .. Mmps =   25 Ndav =   8 E =   -206.8844378755 Error = 4.47e-25 FLOPS = 1.20e+10 Tdav = 0.00 T = 0.11
 --> Site =   61 .. Mmps =   25 Ndav =  10 E =   -206.8844381354 Error = 9.30e-25 FLOPS = 1.21e+10 Tdav = 0.00 T = 0.09
 --> Site =   62 .. Mmps =   25 Ndav =   8 E =   -206.8844383645 Error = 5.16e-25 FLOPS = 1.21e+10 Tdav = 0.00 T = 0.09
 --> Site =   63 .. Mmps =   25 Ndav =   7 E =   -206.8844384429 Error = 3.20e-25 FLOPS = 1.21e+10 Tdav = 0.00 T = 0.13
 --> Site =   64 .. Mmps =   25 Ndav =   7 E =   -206.8844385553 Error = 1.06e-24 FLOPS = 1.22e+10 Tdav = 0.00 T = 0.09
 --> Site =   65 .. Mmps =   25 Ndav =   8 E =   -206.8844385749 Error = 2.34e-25 FLOPS = 1.21e+10 Tdav = 0.00 T = 0.13
 --> Site =   66 .. Mmps =   25 Ndav =   7 E =   -206.8844386313 Error = 3.64e-24 FLOPS = 1.18e+10 Tdav = 0.00 T = 0.11
 --> Site =   67 .. Mmps =   25 Ndav =   5 E =   -206.8844386494 Error = 2.39e-26 FLOPS = 1.17e+10 Tdav = 0.00 T = 0.12
 --> Site =   68 .. Mmps =   25 Ndav =   7 E =   -206.8844387207 Error = 1.74e-25 FLOPS = 1.23e+10 Tdav = 0.00 T = 0.10
 --> Site =   69 .. Mmps =   25 Ndav =   5 E =   -206.8844387781 Error = 9.39e-26 FLOPS = 1.18e+10 Tdav = 0.00 T = 0.11
 --> Site =   70 .. Mmps =   25 Ndav =   6 E =   -206.8844388240 Error = 2.79e-24 FLOPS = 1.18e+10 Tdav = 0.00 T = 0.11
 --> Site =   71 .. Mmps =   25 Ndav =   6 E =   -206.8844388769 Error = 1.36e-25 FLOPS = 1.21e+10 Tdav = 0.00 T = 0.14
 --> Site =   72 .. Mmps =   25 Ndav =   7 E =   -206.8844389595 Error = 1.34e-25 FLOPS = 1.22e+10 Tdav = 0.00 T = 0.11
 --> Site =   73 .. Mmps =   25 Ndav =   6 E =   -206.8844389845 Error = 1.10e-25 FLOPS = 1.21e+10 Tdav = 0.00 T = 0.10
 --> Site =   74 .. Mmps =   25 Ndav =   7 E =   -206.8844390666 Error = 3.96e-25 FLOPS = 1.24e+10 Tdav = 0.00 T = 0.10
 --> Site =   75 .. Mmps =   25 Ndav =   6 E =   -206.8844391293 Error = 4.38e-26 FLOPS = 1.22e+10 Tdav = 0.00 T = 0.10
 --> Site =   76 .. Mmps =   25 Ndav =   6 E =   -206.8844391431 Error = 8.59e-25 FLOPS = 1.22e+10 Tdav = 0.00 T = 0.11
 --> Site =   77 .. Mmps =   25 Ndav =   8 E =   -206.8844392230 Error = 1.43e-25 FLOPS = 1.24e+10 Tdav = 0.00 T = 0.11
 --> Site =   78 .. Mmps =   25 Ndav =   6 E =   -206.8844393053 Error = 8.14e-26 FLOPS = 1.20e+10 Tdav = 0.00 T = 0.10
 --> Site =   79 .. Mmps =   25 Ndav =   7 E =   -206.8844393868 Error = 1.13e-24 FLOPS = 1.20e+10 Tdav = 0.00 T = 0.12
 --> Site =   80 .. Mmps =   25 Ndav =   9 E =   -206.8844395197 Error = 7.06e-25 FLOPS = 1.22e+10 Tdav = 0.00 T = 0.10
 --> Site =   81 .. Mmps =   25 Ndav =   8 E =   -206.8844396891 Error = 1.87e-24 FLOPS = 1.22e+10 Tdav = 0.00 T = 0.13
 --> Site =   82 .. Mmps =   25 Ndav =   9 E =   -206.8844398704 Error = 4.16e-25 FLOPS = 1.22e+10 Tdav = 0.00 T = 0.11
 --> Site =   83 .. Mmps =   25 Ndav =   8 E =   -206.8844400339 Error = 2.03e-25 FLOPS = 1.23e+10 Tdav = 0.00 T = 0.10
 --> Site =   84 .. Mmps =   25 Ndav =   8 E =   -206.8844401435 Error = 7.72e-25 FLOPS = 1.22e+10 Tdav = 0.00 T = 0.10
 --> Site =   85 .. Mmps =   25 Ndav =   9 E =   -206.8844403977 Error = 1.62e-24 FLOPS = 1.23e+10 Tdav = 0.00 T = 0.11
 --> Site =   86 .. Mmps =   25 Ndav =   9 E =   -206.8844406257 Error = 3.51e-25 FLOPS = 1.24e+10 Tdav = 0.00 T = 0.12
 --> Site =   87 .. Mmps =   25 Ndav =   7 E =   -206.8844407265 Error = 1.08e-24 FLOPS = 1.22e+10 Tdav = 0.00 T = 0.12
 --> Site =   88 .. Mmps =   25 Ndav =   9 E =   -206.8844410795 Error = 1.32e-24 FLOPS = 1.23e+10 Tdav = 0.00 T = 0.11
 --> Site =   89 .. Mmps =   25 Ndav =   8 E =   -206.8844412031 Error = 2.40e-24 FLOPS = 1.22e+10 Tdav = 0.00 T = 0.14
 --> Site =   90 .. Mmps =   25 Ndav =   8 E =   -206.8844414656 Error = 1.09e-23 FLOPS = 1.23e+10 Tdav = 0.00 T = 0.10
 --> Site =   91 .. Mmps =   25 Ndav =   8 E =   -206.8844415310 Error = 4.67e-25 FLOPS = 1.19e+10 Tdav = 0.00 T = 0.11
 --> Site =   92 .. Mmps =   25 Ndav =   7 E =   -206.8844416092 Error = 8.07e-25 FLOPS = 1.23e+10 Tdav = 0.00 T = 0.11
 --> Site =   93 .. Mmps =   25 Ndav =   6 E =   -206.8844416264 Error = 2.20e-26 FLOPS = 1.22e+10 Tdav = 0.00 T = 0.12
 --> Site =   94 .. Mmps =   25 Ndav =   8 E =   -206.8844417059 Error = 1.49e-24 FLOPS = 1.22e+10 Tdav = 0.00 T = 0.12
 --> Site =   95 .. Mmps =   25 Ndav =   6 E =   -206.8844417846 Error = 9.48e-26 FLOPS = 1.23e+10 Tdav = 0.00 T = 0.13
 --> Site =   96 .. Mmps =   25 Ndav =   7 E =   -206.8844418763 Error = 3.61e-24 FLOPS = 1.21e+10 Tdav = 0.00 T = 0.12
 --> Site =   97 .. Mmps =   25 Ndav =   5 E =   -206.8844419323 Error = 1.79e-25 FLOPS = 1.16e+10 Tdav = 0.00 T = 0.13
 --> Site =   98 .. Mmps =   25 Ndav =   6 E =   -206.8844419677 Error = 2.66e-25 FLOPS = 1.22e+10 Tdav = 0.00 T = 0.13
 --> Site =   99 .. Mmps =   25 Ndav =   5 E =   -206.8844420277 Error = 9.83e-26 FLOPS = 1.19e+10 Tdav = 0.00 T = 0.10
 --> Site =  100 .. Mmps =   25 Ndav =   7 E =   -206.8844420769 Error = 4.17e-25 FLOPS = 1.23e+10 Tdav = 0.00 T = 0.11
 --> Site =  101 .. Mmps =   25 Ndav =   6 E =   -206.8844421608 Error = 1.80e-25 FLOPS = 1.21e+10 Tdav = 0.00 T = 0.10
 --> Site =  102 .. Mmps =   25 Ndav =   6 E =   -206.8844421869 Error = 9.64e-26 FLOPS = 1.20e+10 Tdav = 0.00 T = 0.12
 --> Site =  103 .. Mmps =   25 Ndav =   5 E =   -206.8844422140 Error = 5.41e-26 FLOPS = 1.17e+10 Tdav = 0.00 T = 0.10
 --> Site =  104 .. Mmps =   25 Ndav =   7 E =   -206.8844423104 Error = 3.59e-25 FLOPS = 1.24e+10 Tdav = 0.00 T = 0.10
 --> Site =  105 .. Mmps =   25 Ndav =   6 E =   -206.8844423448 Error = 1.90e-25 FLOPS = 1.21e+10 Tdav = 0.00 T = 0.10
 --> Site =  106 .. Mmps =   25 Ndav =   6 E =   -206.8844424602 Error = 5.62e-25 FLOPS = 1.19e+10 Tdav = 0.00 T = 0.10
 --> Site =  107 .. Mmps =   25 Ndav =  10 E =   -206.8844426756 Error = 1.38e-24 FLOPS = 1.21e+10 Tdav = 0.00 T = 0.09
 --> Site =  108 .. Mmps =   25 Ndav =   9 E =   -206.8844428877 Error = 7.15e-24 FLOPS = 1.19e+10 Tdav = 0.00 T = 0.11
 --> Site =  109 .. Mmps =   25 Ndav =  10 E =   -206.8844431193 Error = 3.47e-24 FLOPS = 1.18e+10 Tdav = 0.00 T = 0.11
 --> Site =  110 .. Mmps =   25 Ndav =   9 E =   -206.8844433606 Error = 2.55e-24 FLOPS = 1.21e+10 Tdav = 0.00 T = 0.11
 --> Site =  111 .. Mmps =   25 Ndav =  10 E =   -206.8844437443 Error = 4.08e-24 FLOPS = 1.20e+10 Tdav = 0.00 T = 0.16
 --> Site =  112 .. Mmps =   25 Ndav =   9 E =   -206.8844440100 Error = 1.47e-24 FLOPS = 1.21e+10 Tdav = 0.00 T = 0.11
 --> Site =  113 .. Mmps =   25 Ndav =   9 E =   -206.8844441854 Error = 9.43e-25 FLOPS = 1.22e+10 Tdav = 0.00 T = 0.10
 --> Site =  114 .. Mmps =   25 Ndav =   8 E =   -206.8844443117 Error = 6.73e-25 FLOPS = 1.22e+10 Tdav = 0.00 T = 0.09
 --> Site =  115 .. Mmps =   25 Ndav =   8 E =   -206.8844444288 Error = 2.97e-24 FLOPS = 1.20e+10 Tdav = 0.00 T = 0.09
 --> Site =  116 .. Mmps =   25 Ndav =   8 E =   -206.8844445626 Error = 2.02e-24 FLOPS = 1.18e+10 Tdav = 0.00 T = 0.10
 --> Site =  117 .. Mmps =   25 Ndav =   8 E =   -206.8844446202 Error = 9.71e-25 FLOPS = 1.17e+10 Tdav = 0.00 T = 0.09
 --> Site =  118 .. Mmps =   25 Ndav =   8 E =   -206.8844447145 Error = 1.06e-24 FLOPS = 1.18e+10 Tdav = 0.00 T = 0.12
 --> Site =  119 .. Mmps =   25 Ndav =   5 E =   -206.8844447374 Error = 1.63e-25 FLOPS = 1.17e+10 Tdav = 0.00 T = 0.08
 --> Site =  120 .. Mmps =   25 Ndav =   7 E =   -206.8844448088 Error = 1.76e-24 FLOPS = 1.19e+10 Tdav = 0.00 T = 0.12
 --> Site =  121 .. Mmps =   25 Ndav =   5 E =   -206.8844448262 Error = 4.45e-26 FLOPS = 1.13e+10 Tdav = 0.00 T = 0.10
 --> Site =  122 .. Mmps =   25 Ndav =   4 E =   -206.8844448393 Error = 1.07e-25 FLOPS = 1.11e+10 Tdav = 0.00 T = 0.09
 --> Site =  123 .. Mmps =   25 Ndav =   5 E =   -206.8844448591 Error = 1.48e-25 FLOPS = 1.15e+10 Tdav = 0.00 T = 0.10
 --> Site =  124 .. Mmps =   25 Ndav =   5 E =   -206.8844448758 Error = 2.16e-24 FLOPS = 1.13e+10 Tdav = 0.00 T = 0.11
 --> Site =  125 .. Mmps =   25 Ndav =   6 E =   -206.8844449778 Error = 2.52e-25 FLOPS = 1.16e+10 Tdav = 0.00 T = 0.09
 --> Site =  126 .. Mmps =   25 Ndav =   6 E =   -206.8844450075 Error = 4.90e-25 FLOPS = 1.16e+10 Tdav = 0.00 T = 0.08
 --> Site =  127 .. Mmps =   25 Ndav =   5 E =   -206.8844450764 Error = 1.45e-25 FLOPS = 1.11e+10 Tdav = 0.00 T = 0.08
 --> Site =  128 .. Mmps =   25 Ndav =   7 E =   -206.8844450997 Error = 3.19e-25 FLOPS = 1.15e+10 Tdav = 0.00 T = 0.08
 --> Site =  129 .. Mmps =   25 Ndav =   7 E =   -206.8844451541 Error = 1.12e-25 FLOPS = 1.17e+10 Tdav = 0.00 T = 0.12
 --> Site =  130 .. Mmps =   25 Ndav =   7 E =   -206.8844452195 Error = 2.69e-25 FLOPS = 1.16e+10 Tdav = 0.00 T = 0.08
 --> Site =  131 .. Mmps =   25 Ndav =   7 E =   -206.8844453218 Error = 2.37e-24 FLOPS = 1.15e+10 Tdav = 0.00 T = 0.11
 --> Site =  132 .. Mmps =   25 Ndav =   9 E =   -206.8844454885 Error = 3.92e-25 FLOPS = 1.14e+10 Tdav = 0.00 T = 0.07
 --> Site =  133 .. Mmps =   25 Ndav =   7 E =   -206.8844455780 Error = 9.15e-25 FLOPS = 1.09e+10 Tdav = 0.00 T = 0.10
 --> Site =  134 .. Mmps =   25 Ndav =   9 E =   -206.8844457627 Error = 2.37e-24 FLOPS = 1.12e+10 Tdav = 0.00 T = 0.06
 --> Site =  135 .. Mmps =   25 Ndav =  10 E =   -206.8844461031 Error = 3.27e-24 FLOPS = 1.11e+10 Tdav = 0.00 T = 0.07
 --> Site =  136 .. Mmps =   25 Ndav =   9 E =   -206.8844462914 Error = 1.28e-24 FLOPS = 1.11e+10 Tdav = 0.00 T = 0.10
 --> Site =  137 .. Mmps =   25 Ndav =   9 E =   -206.8844465912 Error = 1.12e-24 FLOPS = 1.09e+10 Tdav = 0.00 T = 0.09
 --> Site =  138 .. Mmps =   25 Ndav =   9 E =   -206.8844469299 Error = 7.56e-25 FLOPS = 1.11e+10 Tdav = 0.00 T = 0.06
 --> Site =  139 .. Mmps =   25 Ndav =   8 E =   -206.8844471498 Error = 2.50e-24 FLOPS = 1.08e+10 Tdav = 0.00 T = 0.13
 --> Site =  140 .. Mmps =   25 Ndav =   8 E =   -206.8844472541 Error = 3.55e-25 FLOPS = 1.07e+10 Tdav = 0.00 T = 0.06
 --> Site =  141 .. Mmps =   25 Ndav =   8 E =   -206.8844473568 Error = 1.57e-24 FLOPS = 1.06e+10 Tdav = 0.00 T = 0.14
 --> Site =  142 .. Mmps =   25 Ndav =   7 E =   -206.8844475093 Error = 2.81e-24 FLOPS = 1.05e+10 Tdav = 0.00 T = 0.07
 --> Site =  143 .. Mmps =   25 Ndav =   8 E =   -206.8844475665 Error = 4.72e-25 FLOPS = 1.04e+10 Tdav = 0.00 T = 0.17
 --> Site =  144 .. Mmps =   25 Ndav =   6 E =   -206.8844475949 Error = 2.31e-25 FLOPS = 9.98e+09 Tdav = 0.00 T = 0.13
 --> Site =  145 .. Mmps =   25 Ndav =   6 E =   -206.8844476119 Error = 6.77e-26 FLOPS = 9.94e+09 Tdav = 0.00 T = 0.10
 --> Site =  146 .. Mmps =   25 Ndav =   5 E =   -206.8844476297 Error = 1.72e-25 FLOPS = 9.75e+09 Tdav = 0.00 T = 0.09
 --> Site =  147 .. Mmps =   25 Ndav =   5 E =   -206.8844476628 Error = 7.07e-26 FLOPS = 9.49e+09 Tdav = 0.00 T = 0.05
 --> Site =  148 .. Mmps =   25 Ndav =   5 E =   -206.8844476904 Error = 3.48e-25 FLOPS = 9.26e+09 Tdav = 0.00 T = 0.05
 --> Site =  149 .. Mmps =   25 Ndav =   5 E =   -206.8844477153 Error = 5.52e-26 FLOPS = 9.06e+09 Tdav = 0.00 T = 0.05
 --> Site =  150 .. Mmps =   25 Ndav =   7 E =   -206.8844477784 Error = 1.28e-24 FLOPS = 9.34e+09 Tdav = 0.00 T = 0.05
 --> Site =  151 .. Mmps =   25 Ndav =   5 E =   -206.8844478109 Error = 2.37e-26 FLOPS = 8.71e+09 Tdav = 0.00 T = 0.06
 --> Site =  152 .. Mmps =   25 Ndav =   5 E =   -206.8844478278 Error = 9.22e-25 FLOPS = 8.47e+09 Tdav = 0.00 T = 0.05
 --> Site =  153 .. Mmps =   25 Ndav =   5 E =   -206.8844478579 Error = 8.11e-26 FLOPS = 8.39e+09 Tdav = 0.00 T = 0.04
 --> Site =  154 .. Mmps =   25 Ndav =   7 E =   -206.8844478848 Error = 1.71e-25 FLOPS = 8.52e+09 Tdav = 0.00 T = 0.04
 --> Site =  155 .. Mmps =   25 Ndav =   5 E =   -206.8844478943 Error = 3.74e-26 FLOPS = 7.84e+09 Tdav = 0.00 T = 0.04
 --> Site =  156 .. Mmps =   25 Ndav =   6 E =   -206.8844479521 Error = 7.50e-25 FLOPS = 7.68e+09 Tdav = 0.00 T = 0.05
 --> Site =  157 .. Mmps =   25 Ndav =   7 E =   -206.8844479883 Error = 6.66e-26 FLOPS = 7.45e+09 Tdav = 0.00 T = 0.04
 --> Site =  158 .. Mmps =   25 Ndav =   5 E =   -206.8844480032 Error = 7.44e-26 FLOPS = 6.83e+09 Tdav = 0.00 T = 0.05
 --> Site =  159 .. Mmps =   25 Ndav =   7 E =   -206.8844480099 Error = 1.04e-26 FLOPS = 6.99e+09 Tdav = 0.00 T = 0.05
 --> Site =  160 .. Mmps =   25 Ndav =   4 E =   -206.8844480106 Error = 1.53e-26 FLOPS = 5.55e+09 Tdav = 0.00 T = 0.04
 --> Site =  161 .. Mmps =   25 Ndav =   3 E =   -206.8844480108 Error = 1.20e-27 FLOPS = 4.51e+09 Tdav = 0.00 T = 0.04
 --> Site =  162 .. Mmps =   25 Ndav =   3 E =   -206.8844480108 Error = 6.92e-28 FLOPS = 4.06e+09 Tdav = 0.00 T = 0.07
 --> Site =  163 .. Mmps =   25 Ndav =   2 E =   -206.8844480108 Error = 1.42e-29 FLOPS = 3.01e+09 Tdav = 0.00 T = 0.05
 --> Site =  164 .. Mmps =   25 Ndav =   2 E =   -206.8844480108 Error = 1.04e-29 FLOPS = 2.71e+09 Tdav = 0.00 T = 0.04
 --> Site =  165 .. Mmps =   25 Ndav =   1 E =   -206.8844480108 Error = 1.50e-50 FLOPS = 9.43e+08 Tdav = 0.00 T = 0.05
 --> Site =  166 .. Mmps =   25 Ndav =   1 E =   -206.8844480108 Error = 0.00e+00 FLOPS = 5.68e+08 Tdav = 0.00 T = 0.07
 --> Site =  167 .. Mmps =   25 Ndav =   1 E =   -206.8844480108 Error = 1.59e-100 FLOPS = 2.65e+08 Tdav = 0.00 T = 0.06
 --> Site =  168 .. Mmps =   25 Ndav =   1 E =   -206.8844480108 Error = 9.26e-122 FLOPS = 7.94e+07 Tdav = 0.00 T = 0.03
Time elapsed =    194.103 | E =    -206.8844480108 | DE = -1.48e-05 | DW = 1.08726e-23
Time sweep =       15.784 | 2.04 GFLOP/SWP
 | Dmem = 289 KB (2%) | Imem = 232 B (79%) | Hmem = 1.19 MB | Wmem = 5.86 KB | Pmem = 5.86 KB
 | Tread = 0.249 | Twrite = 2.164 | Tfpread = 0.056 | Tfpwrite = 0.049 | Tmporead = 0.000 | Tasync = 0.000
 | data = 31.2 MB | cpsd = 23.5 MB
 | Trot = 0.065 | Tctr = 0.010 | Tint = 0.008 | Tmid = 0.000 | Tdctr = 0.171 | Tdiag = 0.026 | Tinfo = 0.245
 | Teff = 5.266 | Tprt = 0.137 | Teig = 0.193 | Tblk = 11.985 | Tmve = 3.789 | Tdm = 0.003 | Tsplt = 0.043 | Tsvd = 0.000 | Torth = 0.000

Sweep =    5 | Direction = backward | Bond dimension =   25 | Noise =  1.00e-05 | Dav threshold =  1.00e-10
 <-- Site =  168 .. Mmps =    2 Ndav =   1 E =   -206.8844480108 Error = 0.00e+00 FLOPS = 8.62e+07 Tdav = 0.00 T = 0.03
 <-- Site =  167 .. Mmps =    4 Ndav =   1 E =   -206.8844480108 Error = 0.00e+00 FLOPS = 2.83e+08 Tdav = 0.00 T = 0.04
 <-- Site =  166 .. Mmps =    8 Ndav =   1 E =   -206.8844480108 Error = 0.00e+00 FLOPS = 6.16e+08 Tdav = 0.00 T = 0.06
 <-- Site =  165 .. Mmps =   16 Ndav =   1 E =   -206.8844480108 Error = 0.00e+00 FLOPS = 1.04e+09 Tdav = 0.00 T = 0.05
 <-- Site =  164 .. Mmps =   25 Ndav =   1 E =   -206.8844480108 Error = 5.13e-21 FLOPS = 1.89e+09 Tdav = 0.00 T = 0.04
 <-- Site =  163 .. Mmps =   25 Ndav =   1 E =   -206.8844480108 Error = 7.93e-24 FLOPS = 2.62e+09 Tdav = 0.00 T = 0.04
 <-- Site =  162 .. Mmps =   25 Ndav =   2 E =   -206.8844480109 Error = 1.01e-23 FLOPS = 4.44e+09 Tdav = 0.00 T = 0.06
 <-- Site =  161 .. Mmps =   25 Ndav =   2 E =   -206.8844480109 Error = 2.53e-22 FLOPS = 4.99e+09 Tdav = 0.00 T = 0.05
 <-- Site =  160 .. Mmps =   25 Ndav =   3 E =   -206.8844480111 Error = 8.31e-23 FLOPS = 6.03e+09 Tdav = 0.00 T = 0.04
 <-- Site =  159 .. Mmps =   25 Ndav =   5 E =   -206.8844480120 Error = 1.75e-21 FLOPS = 8.02e+09 Tdav = 0.00 T = 0.03
 <-- Site =  158 .. Mmps =   25 Ndav =   6 E =   -206.8844480195 Error = 1.06e-22 FLOPS = 8.58e+09 Tdav = 0.00 T = 0.06
 <-- Site =  157 .. Mmps =   25 Ndav =   9 E =   -206.8844480324 Error = 3.38e-21 FLOPS = 8.78e+09 Tdav = 0.00 T = 0.04
 <-- Site =  156 .. Mmps =   25 Ndav =   7 E =   -206.8844480839 Error = 2.82e-19 FLOPS = 9.10e+09 Tdav = 0.00 T = 0.04
 <-- Site =  155 .. Mmps =   25 Ndav =   7 E =   -206.8844481564 Error = 6.26e-21 FLOPS = 9.41e+09 Tdav = 0.00 T = 0.06
 <-- Site =  154 .. Mmps =   25 Ndav =   8 E =   -206.8844483147 Error = 1.28e-20 FLOPS = 9.55e+09 Tdav = 0.00 T = 0.05
 <-- Site =  153 .. Mmps =   25 Ndav =   6 E =   -206.8844483578 Error = 4.13e-21 FLOPS = 9.86e+09 Tdav = 0.00 T = 0.06
 <-- Site =  152 .. Mmps =   25 Ndav =   7 E =   -206.8844484404 Error = 1.74e-20 FLOPS = 1.02e+10 Tdav = 0.00 T = 0.06
 <-- Site =  151 .. Mmps =   25 Ndav =   6 E =   -206.8844485509 Error = 1.50e-21 FLOPS = 1.04e+10 Tdav = 0.00 T = 0.04
 <-- Site =  150 .. Mmps =   25 Ndav =   7 E =   -206.8844486734 Error = 2.29e-20 FLOPS = 1.06e+10 Tdav = 0.00 T = 0.05
 <-- Site =  149 .. Mmps =   25 Ndav =   6 E =   -206.8844487720 Error = 4.91e-21 FLOPS = 1.08e+10 Tdav = 0.00 T = 0.07
 <-- Site =  148 .. Mmps =   25 Ndav =   7 E =   -206.8844488866 Error = 1.86e-20 FLOPS = 1.09e+10 Tdav = 0.00 T = 0.06
 <-- Site =  147 .. Mmps =   25 Ndav =   6 E =   -206.8844489758 Error = 1.04e-21 FLOPS = 1.09e+10 Tdav = 0.00 T = 0.06
 <-- Site =  146 .. Mmps =   25 Ndav =   8 E =   -206.8844491059 Error = 2.37e-20 FLOPS = 1.13e+10 Tdav = 0.00 T = 0.06
 <-- Site =  145 .. Mmps =   25 Ndav =   6 E =   -206.8844492421 Error = 9.06e-22 FLOPS = 1.13e+10 Tdav = 0.00 T = 0.05
 <-- Site =  144 .. Mmps =   25 Ndav =   7 E =   -206.8844493143 Error = 3.07e-21 FLOPS = 1.13e+10 Tdav = 0.00 T = 0.06
 <-- Site =  143 .. Mmps =   25 Ndav =   9 E =   -206.8844495184 Error = 3.76e-22 FLOPS = 1.14e+10 Tdav = 0.00 T = 0.05
 <-- Site =  142 .. Mmps =   25 Ndav =   8 E =   -206.8844496541 Error = 1.07e-19 FLOPS = 1.16e+10 Tdav = 0.00 T = 0.05
 <-- Site =  141 .. Mmps =   25 Ndav =  10 E =   -206.8844499240 Error = 7.48e-22 FLOPS = 1.13e+10 Tdav = 0.00 T = 0.06
 <-- Site =  140 .. Mmps =   25 Ndav =   9 E =   -206.8844502393 Error = 3.59e-18 FLOPS = 1.14e+10 Tdav = 0.00 T = 0.06
 <-- Site =  139 .. Mmps =   25 Ndav =  11 E =   -206.8844507318 Error = 3.99e-21 FLOPS = 1.13e+10 Tdav = 0.00 T = 0.07
 <-- Site =  138 .. Mmps =   25 Ndav =  10 E =   -206.8844510831 Error = 4.26e-18 FLOPS = 1.15e+10 Tdav = 0.00 T = 0.06
 <-- Site =  137 .. Mmps =   25 Ndav =  11 E =   -206.8844514023 Error = 1.98e-21 FLOPS = 1.15e+10 Tdav = 0.00 T = 0.13
 <-- Site =  136 .. Mmps =   25 Ndav =  10 E =   -206.8844518423 Error = 2.91e-20 FLOPS = 1.19e+10 Tdav = 0.00 T = 0.13
 <-- Site =  135 .. Mmps =   25 Ndav =  12 E =   -206.8844524190 Error = 3.37e-21 FLOPS = 1.17e+10 Tdav = 0.00 T = 0.09
 <-- Site =  134 .. Mmps =   25 Ndav =   9 E =   -206.8844526700 Error = 3.36e-17 FLOPS = 1.20e+10 Tdav = 0.00 T = 0.06
 <-- Site =  133 .. Mmps =   25 Ndav =  11 E =   -206.8844529997 Error = 3.63e-21 FLOPS = 1.18e+10 Tdav = 0.00 T = 0.11
 <-- Site =  132 .. Mmps =   25 Ndav =   9 E =   -206.8844536936 Error = 6.40e-21 FLOPS = 1.22e+10 Tdav = 0.00 T = 0.08
 <-- Site =  131 .. Mmps =   25 Ndav =   9 E =   -206.8844538959 Error = 9.76e-21 FLOPS = 1.22e+10 Tdav = 0.00 T = 0.10
 <-- Site =  130 .. Mmps =   25 Ndav =   8 E =   -206.8844542369 Error = 1.51e-20 FLOPS = 1.22e+10 Tdav = 0.00 T = 0.08
 <-- Site =  129 .. Mmps =   25 Ndav =   7 E =   -206.8844543315 Error = 2.22e-20 FLOPS = 1.24e+10 Tdav = 0.00 T = 0.09
 <-- Site =  128 .. Mmps =   25 Ndav =   8 E =   -206.8844546309 Error = 8.73e-21 FLOPS = 1.25e+10 Tdav = 0.00 T = 0.08
 <-- Site =  127 .. Mmps =   25 Ndav =   7 E =   -206.8844546968 Error = 1.87e-20 FLOPS = 1.25e+10 Tdav = 0.00 T = 0.11
 <-- Site =  126 .. Mmps =   25 Ndav =   8 E =   -206.8844548154 Error = 1.66e-19 FLOPS = 1.25e+10 Tdav = 0.00 T = 0.11
 <-- Site =  125 .. Mmps =   25 Ndav =   6 E =   -206.8844549744 Error = 1.18e-20 FLOPS = 1.25e+10 Tdav = 0.00 T = 0.08
 <-- Site =  124 .. Mmps =   25 Ndav =   8 E =   -206.8844550605 Error = 9.76e-21 FLOPS = 1.26e+10 Tdav = 0.00 T = 0.08
 <-- Site =  123 .. Mmps =   25 Ndav =   7 E =   -206.8844552723 Error = 3.63e-20 FLOPS = 1.26e+10 Tdav = 0.00 T = 0.08
 <-- Site =  122 .. Mmps =   25 Ndav =   7 E =   -206.8844554227 Error = 3.83e-20 FLOPS = 1.26e+10 Tdav = 0.00 T = 0.09
 <-- Site =  121 .. Mmps =   25 Ndav =   8 E =   -206.8844556200 Error = 6.61e-21 FLOPS = 1.27e+10 Tdav = 0.00 T = 0.08
 <-- Site =  120 .. Mmps =   25 Ndav =   8 E =   -206.8844558125 Error = 1.51e-20 FLOPS = 1.26e+10 Tdav = 0.00 T = 0.08
 <-- Site =  119 .. Mmps =   25 Ndav =   8 E =   -206.8844559039 Error = 1.03e-21 FLOPS = 1.28e+10 Tdav = 0.00 T = 0.09
 <-- Site =  118 .. Mmps =   25 Ndav =   8 E =   -206.8844560444 Error = 6.68e-21 FLOPS = 1.27e+10 Tdav = 0.00 T = 0.08
 <-- Site =  117 .. Mmps =   25 Ndav =   7 E =   -206.8844561835 Error = 4.68e-21 FLOPS = 1.25e+10 Tdav = 0.00 T = 0.13
 <-- Site =  116 .. Mmps =   25 Ndav =   8 E =   -206.8844563803 Error = 4.59e-20 FLOPS = 1.27e+10 Tdav = 0.00 T = 0.15
 <-- Site =  115 .. Mmps =   25 Ndav =  10 E =   -206.8844567420 Error = 4.14e-21 FLOPS = 1.26e+10 Tdav = 0.00 T = 0.09
 <-- Site =  114 .. Mmps =   25 Ndav =   9 E =   -206.8844570313 Error = 1.29e-18 FLOPS = 1.27e+10 Tdav = 0.00 T = 0.10
 <-- Site =  113 .. Mmps =   25 Ndav =  11 E =   -206.8844573979 Error = 6.79e-21 FLOPS = 1.26e+10 Tdav = 0.00 T = 0.10
 <-- Site =  112 .. Mmps =   25 Ndav =   9 E =   -206.8844579311 Error = 4.93e-18 FLOPS = 1.29e+10 Tdav = 0.00 T = 0.10
 <-- Site =  111 .. Mmps =   25 Ndav =  12 E =   -206.8844584723 Error = 1.55e-21 FLOPS = 1.24e+10 Tdav = 0.00 T = 0.16
 <-- Site =  110 .. Mmps =   25 Ndav =   9 E =   -206.8844586606 Error = 1.53e-21 FLOPS = 1.28e+10 Tdav = 0.00 T = 0.12
 <-- Site =  109 .. Mmps =   25 Ndav =  12 E =   -206.8844590173 Error = 1.88e-21 FLOPS = 1.25e+10 Tdav = 0.00 T = 0.13
 <-- Site =  108 .. Mmps =   25 Ndav =   9 E =   -206.8844594983 Error = 1.22e-19 FLOPS = 1.29e+10 Tdav = 0.00 T = 0.11
 <-- Site =  107 .. Mmps =   25 Ndav =  11 E =   -206.8844598679 Error = 4.27e-21 FLOPS = 1.28e+10 Tdav = 0.00 T = 0.12
 <-- Site =  106 .. Mmps =   25 Ndav =   8 E =   -206.8844602841 Error = 6.32e-19 FLOPS = 1.31e+10 Tdav = 0.00 T = 0.11
 <-- Site =  105 .. Mmps =   25 Ndav =  11 E =   -206.8844604925 Error = 3.17e-21 FLOPS = 1.28e+10 Tdav = 0.00 T = 0.11
 <-- Site =  104 .. Mmps =   25 Ndav =   9 E =   -206.8844609923 Error = 7.02e-21 FLOPS = 1.29e+10 Tdav = 0.00 T = 0.13
 <-- Site =  103 .. Mmps =   25 Ndav =   8 E =   -206.8844612818 Error = 3.06e-20 FLOPS = 1.29e+10 Tdav = 0.00 T = 0.11
 <-- Site =  102 .. Mmps =   25 Ndav =   8 E =   -206.8844614311 Error = 3.01e-20 FLOPS = 1.31e+10 Tdav = 0.00 T = 0.11
 <-- Site =  101 .. Mmps =   25 Ndav =   8 E =   -206.8844615487 Error = 5.61e-21 FLOPS = 1.29e+10 Tdav = 0.00 T = 0.10
 <-- Site =  100 .. Mmps =   25 Ndav =   7 E =   -206.8844616867 Error = 3.34e-20 FLOPS = 1.29e+10 Tdav = 0.00 T = 0.11
 <-- Site =   99 .. Mmps =   25 Ndav =   6 E =   -206.8844617892 Error = 2.92e-21 FLOPS = 1.29e+10 Tdav = 0.00 T = 0.15
 <-- Site =   98 .. Mmps =   25 Ndav =   8 E =   -206.8844619565 Error = 2.02e-19 FLOPS = 1.30e+10 Tdav = 0.00 T = 0.11
 <-- Site =   97 .. Mmps =   25 Ndav =   6 E =   -206.8844621328 Error = 4.31e-21 FLOPS = 1.29e+10 Tdav = 0.00 T = 0.14
 <-- Site =   96 .. Mmps =   25 Ndav =   8 E =   -206.8844623145 Error = 5.90e-20 FLOPS = 1.29e+10 Tdav = 0.00 T = 0.13
 <-- Site =   95 .. Mmps =   25 Ndav =   5 E =   -206.8844623779 Error = 2.76e-21 FLOPS = 1.27e+10 Tdav = 0.00 T = 0.10
 <-- Site =   94 .. Mmps =   25 Ndav =   8 E =   -206.8844625737 Error = 4.51e-20 FLOPS = 1.31e+10 Tdav = 0.00 T = 0.11
 <-- Site =   93 .. Mmps =   25 Ndav =   8 E =   -206.8844626815 Error = 8.66e-21 FLOPS = 1.30e+10 Tdav = 0.00 T = 0.13
 <-- Site =   92 .. Mmps =   25 Ndav =   8 E =   -206.8844628039 Error = 1.54e-20 FLOPS = 1.31e+10 Tdav = 0.00 T = 0.12
 <-- Site =   91 .. Mmps =   25 Ndav =   7 E =   -206.8844630133 Error = 7.60e-21 FLOPS = 1.32e+10 Tdav = 0.00 T = 0.10
 <-- Site =   90 .. Mmps =   25 Ndav =   8 E =   -206.8844631519 Error = 9.71e-20 FLOPS = 1.31e+10 Tdav = 0.00 T = 0.12
 <-- Site =   89 .. Mmps =   25 Ndav =  10 E =   -206.8844634248 Error = 3.27e-22 FLOPS = 1.28e+10 Tdav = 0.00 T = 0.10
 <-- Site =   88 .. Mmps =   25 Ndav =  10 E =   -206.8844636603 Error = 1.35e-18 FLOPS = 1.30e+10 Tdav = 0.00 T = 0.11
 <-- Site =   87 .. Mmps =   25 Ndav =  10 E =   -206.8844638394 Error = 3.21e-21 FLOPS = 1.29e+10 Tdav = 0.00 T = 0.15
 <-- Site =   86 .. Mmps =   25 Ndav =  10 E =   -206.8844643181 Error = 2.40e-19 FLOPS = 1.30e+10 Tdav = 0.00 T = 0.13
 <-- Site =   85 .. Mmps =   25 Ndav =  12 E =   -206.8844648700 Error = 1.98e-21 FLOPS = 1.28e+10 Tdav = 0.00 T = 0.10
 <-- Site =   84 .. Mmps =   25 Ndav =   9 E =   -206.8844652727 Error = 2.16e-20 FLOPS = 1.29e+10 Tdav = 0.00 T = 0.14
 <-- Site =   83 .. Mmps =   25 Ndav =  11 E =   -206.8844658452 Error = 1.38e-21 FLOPS = 1.25e+10 Tdav = 0.00 T = 0.45
 <-- Site =   82 .. Mmps =   25 Ndav =  10 E =   -206.8844663754 Error = 1.86e-21 FLOPS = 1.28e+10 Tdav = 0.00 T = 0.13
 <-- Site =   81 .. Mmps =   25 Ndav =  12 E =   -206.8844669050 Error = 1.18e-20 FLOPS = 1.27e+10 Tdav = 0.00 T = 0.11
 <-- Site =   80 .. Mmps =   25 Ndav =  10 E =   -206.8844674159 Error = 7.55e-21 FLOPS = 1.30e+10 Tdav = 0.00 T = 0.11
 <-- Site =   79 .. Mmps =   25 Ndav =   9 E =   -206.8844675538 Error = 2.13e-21 FLOPS = 1.29e+10 Tdav = 0.00 T = 0.13
 <-- Site =   78 .. Mmps =   25 Ndav =   9 E =   -206.8844679985 Error = 3.22e-18 FLOPS = 1.31e+10 Tdav = 0.00 T = 0.10
 <-- Site =   77 .. Mmps =   25 Ndav =   8 E =   -206.8844681944 Error = 2.75e-20 FLOPS = 1.31e+10 Tdav = 0.00 T = 0.10
 <-- Site =   76 .. Mmps =   25 Ndav =   8 E =   -206.8844683370 Error = 7.65e-21 FLOPS = 1.31e+10 Tdav = 0.00 T = 0.16
 <-- Site =   75 .. Mmps =   25 Ndav =   7 E =   -206.8844684160 Error = 6.01e-21 FLOPS = 1.20e+10 Tdav = 0.00 T = 0.13
 <-- Site =   74 .. Mmps =   25 Ndav =   8 E =   -206.8844685566 Error = 1.18e-21 FLOPS = 1.31e+10 Tdav = 0.00 T = 0.13
 <-- Site =   73 .. Mmps =   25 Ndav =   7 E =   -206.8844686515 Error = 2.81e-21 FLOPS = 1.31e+10 Tdav = 0.00 T = 0.10
 <-- Site =   72 .. Mmps =   25 Ndav =   8 E =   -206.8844688633 Error = 2.63e-20 FLOPS = 1.30e+10 Tdav = 0.00 T = 0.12
 <-- Site =   71 .. Mmps =   25 Ndav =   8 E =   -206.8844689921 Error = 4.15e-21 FLOPS = 1.30e+10 Tdav = 0.00 T = 0.17
 <-- Site =   70 .. Mmps =   25 Ndav =   8 E =   -206.8844691595 Error = 2.38e-19 FLOPS = 1.30e+10 Tdav = 0.00 T = 0.13
 <-- Site =   69 .. Mmps =   25 Ndav =   6 E =   -206.8844692904 Error = 1.05e-21 FLOPS = 1.29e+10 Tdav = 0.00 T = 0.10
 <-- Site =   68 .. Mmps =   25 Ndav =   8 E =   -206.8844694857 Error = 4.23e-20 FLOPS = 1.29e+10 Tdav = 0.00 T = 0.12
 <-- Site =   67 .. Mmps =   25 Ndav =   7 E =   -206.8844696369 Error = 4.02e-20 FLOPS = 1.19e+10 Tdav = 0.00 T = 0.27
 <-- Site =   66 .. Mmps =   25 Ndav =   8 E =   -206.8844697365 Error = 3.19e-21 FLOPS = 1.29e+10 Tdav = 0.00 T = 0.11
 <-- Site =   65 .. Mmps =   25 Ndav =  10 E =   -206.8844698501 Error = 2.36e-20 FLOPS = 1.29e+10 Tdav = 0.00 T = 0.22
 <-- Site =   64 .. Mmps =   25 Ndav =   7 E =   -206.8844700885 Error = 1.11e-19 FLOPS = 1.31e+10 Tdav = 0.00 T = 0.10
 <-- Site =   63 .. Mmps =   25 Ndav =  11 E =   -206.8844704970 Error = 7.72e-22 FLOPS = 1.28e+10 Tdav = 0.00 T = 0.10
 <-- Site =   62 .. Mmps =   25 Ndav =  10 E =   -206.8844707715 Error = 2.53e-18 FLOPS = 1.29e+10 Tdav = 0.00 T = 0.12
 <-- Site =   61 .. Mmps =   25 Ndav =  11 E =   -206.8844712024 Error = 2.39e-21 FLOPS = 1.28e+10 Tdav = 0.00 T = 0.17
 <-- Site =   60 .. Mmps =   25 Ndav =   9 E =   -206.8844715492 Error = 7.57e-18 FLOPS = 1.28e+10 Tdav = 0.00 T = 0.13
 <-- Site =   59 .. Mmps =   25 Ndav =  12 E =   -206.8844720580 Error = 2.42e-20 FLOPS = 1.27e+10 Tdav = 0.00 T = 0.14
 <-- Site =   58 .. Mmps =   25 Ndav =  10 E =   -206.8844726965 Error = 5.90e-19 FLOPS = 1.29e+10 Tdav = 0.00 T = 0.10
 <-- Site =   57 .. Mmps =   25 Ndav =  11 E =   -206.8844731154 Error = 2.36e-21 FLOPS = 1.26e+10 Tdav = 0.00 T = 0.09
 <-- Site =   56 .. Mmps =   25 Ndav =  10 E =   -206.8844738588 Error = 2.40e-18 FLOPS = 1.27e+10 Tdav = 0.00 T = 0.13
 <-- Site =   55 .. Mmps =   25 Ndav =  12 E =   -206.8844741587 Error = 2.78e-21 FLOPS = 1.25e+10 Tdav = 0.00 T = 0.10
 <-- Site =   54 .. Mmps =   25 Ndav =   9 E =   -206.8844746804 Error = 5.47e-19 FLOPS = 1.29e+10 Tdav = 0.00 T = 0.12
 <-- Site =   53 .. Mmps =   25 Ndav =  10 E =   -206.8844748962 Error = 4.45e-21 FLOPS = 1.27e+10 Tdav = 0.00 T = 0.10
 <-- Site =   52 .. Mmps =   25 Ndav =   8 E =   -206.8844753844 Error = 2.02e-18 FLOPS = 1.29e+10 Tdav = 0.00 T = 0.14
 <-- Site =   51 .. Mmps =   25 Ndav =   8 E =   -206.8844756600 Error = 6.49e-20 FLOPS = 1.29e+10 Tdav = 0.00 T = 0.10
 <-- Site =   50 .. Mmps =   25 Ndav =   8 E =   -206.8844758509 Error = 5.80e-20 FLOPS = 1.29e+10 Tdav = 0.00 T = 0.10
 <-- Site =   49 .. Mmps =   25 Ndav =   6 E =   -206.8844759315 Error = 6.01e-21 FLOPS = 1.25e+10 Tdav = 0.00 T = 0.11
 <-- Site =   48 .. Mmps =   25 Ndav =   9 E =   -206.8844761615 Error = 1.33e-20 FLOPS = 1.28e+10 Tdav = 0.00 T = 0.10
 <-- Site =   47 .. Mmps =   25 Ndav =   6 E =   -206.8844762459 Error = 3.84e-21 FLOPS = 1.25e+10 Tdav = 0.00 T = 0.15
 <-- Site =   46 .. Mmps =   25 Ndav =   7 E =   -206.8844764585 Error = 5.88e-21 FLOPS = 1.25e+10 Tdav = 0.00 T = 0.12
 <-- Site =   45 .. Mmps =   25 Ndav =   7 E =   -206.8844766937 Error = 1.65e-20 FLOPS = 1.26e+10 Tdav = 0.00 T = 0.10
 <-- Site =   44 .. Mmps =   25 Ndav =   8 E =   -206.8844769011 Error = 1.80e-19 FLOPS = 1.24e+10 Tdav = 0.00 T = 0.10
 <-- Site =   43 .. Mmps =   25 Ndav =   6 E =   -206.8844770270 Error = 4.84e-21 FLOPS = 1.10e+10 Tdav = 0.00 T = 0.10
 <-- Site =   42 .. Mmps =   25 Ndav =   7 E =   -206.8844771612 Error = 2.68e-20 FLOPS = 1.26e+10 Tdav = 0.00 T = 0.14
 <-- Site =   41 .. Mmps =   25 Ndav =   8 E =   -206.8844773036 Error = 1.64e-21 FLOPS = 1.26e+10 Tdav = 0.00 T = 0.17
 <-- Site =   40 .. Mmps =   25 Ndav =   8 E =   -206.8844774396 Error = 6.86e-21 FLOPS = 1.25e+10 Tdav = 0.00 T = 0.10
 <-- Site =   39 .. Mmps =   25 Ndav =   9 E =   -206.8844777000 Error = 6.36e-21 FLOPS = 1.22e+10 Tdav = 0.00 T = 0.14
 <-- Site =   38 .. Mmps =   25 Ndav =   7 E =   -206.8844778588 Error = 2.69e-19 FLOPS = 1.25e+10 Tdav = 0.00 T = 0.09
 <-- Site =   37 .. Mmps =   25 Ndav =  11 E =   -206.8844783216 Error = 5.42e-22 FLOPS = 1.21e+10 Tdav = 0.00 T = 0.08
 <-- Site =   36 .. Mmps =   25 Ndav =   9 E =   -206.8844784301 Error = 1.51e-19 FLOPS = 1.25e+10 Tdav = 0.00 T = 0.10
 <-- Site =   35 .. Mmps =   25 Ndav =  12 E =   -206.8844790308 Error = 1.27e-21 FLOPS = 1.15e+10 Tdav = 0.00 T = 0.08
 <-- Site =   34 .. Mmps =   25 Ndav =  10 E =   -206.8844792532 Error = 4.87e-19 FLOPS = 1.20e+10 Tdav = 0.00 T = 0.11
 <-- Site =   33 .. Mmps =   25 Ndav =  11 E =   -206.8844796089 Error = 1.55e-21 FLOPS = 1.18e+10 Tdav = 0.00 T = 0.12
 <-- Site =   32 .. Mmps =   25 Ndav =  10 E =   -206.8844802454 Error = 2.68e-18 FLOPS = 1.20e+10 Tdav = 0.00 T = 0.14
 <-- Site =   31 .. Mmps =   25 Ndav =  11 E =   -206.8844807313 Error = 1.12e-20 FLOPS = 1.17e+10 Tdav = 0.00 T = 0.11
 <-- Site =   30 .. Mmps =   25 Ndav =  10 E =   -206.8844812462 Error = 5.26e-18 FLOPS = 1.18e+10 Tdav = 0.00 T = 0.09
 <-- Site =   29 .. Mmps =   25 Ndav =  12 E =   -206.8844817689 Error = 2.85e-21 FLOPS = 1.13e+10 Tdav = 0.00 T = 0.08
 <-- Site =   28 .. Mmps =   25 Ndav =  10 E =   -206.8844821159 Error = 1.75e-19 FLOPS = 1.16e+10 Tdav = 0.00 T = 0.07
 <-- Site =   27 .. Mmps =   25 Ndav =   9 E =   -206.8844823029 Error = 2.15e-21 FLOPS = 1.16e+10 Tdav = 0.00 T = 0.10
 <-- Site =   26 .. Mmps =   25 Ndav =   8 E =   -206.8844826538 Error = 1.30e-21 FLOPS = 1.17e+10 Tdav = 0.00 T = 0.08
 <-- Site =   25 .. Mmps =   25 Ndav =   7 E =   -206.8844828114 Error = 2.21e-20 FLOPS = 1.18e+10 Tdav = 0.00 T = 0.08
 <-- Site =   24 .. Mmps =   25 Ndav =   8 E =   -206.8844830215 Error = 7.93e-21 FLOPS = 1.18e+10 Tdav = 0.00 T = 0.07
 <-- Site =   23 .. Mmps =   25 Ndav =   8 E =   -206.8844830845 Error = 2.95e-20 FLOPS = 1.15e+10 Tdav = 0.00 T = 0.07
 <-- Site =   22 .. Mmps =   25 Ndav =   9 E =   -206.8844834152 Error = 1.67e-19 FLOPS = 1.13e+10 Tdav = 0.00 T = 0.06
 <-- Site =   21 .. Mmps =   25 Ndav =   6 E =   -206.8844834646 Error = 5.12e-21 FLOPS = 1.11e+10 Tdav = 0.00 T = 0.10
 <-- Site =   20 .. Mmps =   25 Ndav =   8 E =   -206.8844836143 Error = 8.76e-21 FLOPS = 1.11e+10 Tdav = 0.00 T = 0.07
 <-- Site =   19 .. Mmps =   25 Ndav =   6 E =   -206.8844836976 Error = 1.66e-21 FLOPS = 1.08e+10 Tdav = 0.00 T = 0.05
 <-- Site =   18 .. Mmps =   25 Ndav =   8 E =   -206.8844838345 Error = 1.06e-20 FLOPS = 1.08e+10 Tdav = 0.00 T = 0.05
 <-- Site =   17 .. Mmps =   25 Ndav =   6 E =   -206.8844839316 Error = 8.79e-21 FLOPS = 1.04e+10 Tdav = 0.00 T = 0.06
 <-- Site =   16 .. Mmps =   25 Ndav =   7 E =   -206.8844840741 Error = 1.03e-20 FLOPS = 1.04e+10 Tdav = 0.00 T = 0.09
 <-- Site =   15 .. Mmps =   25 Ndav =   6 E =   -206.8844842311 Error = 7.46e-22 FLOPS = 1.02e+10 Tdav = 0.00 T = 0.07
 <-- Site =   14 .. Mmps =   25 Ndav =   7 E =   -206.8844843096 Error = 6.76e-21 FLOPS = 1.01e+10 Tdav = 0.00 T = 0.06
 <-- Site =   13 .. Mmps =   25 Ndav =   8 E =   -206.8844844090 Error = 9.25e-22 FLOPS = 9.82e+09 Tdav = 0.00 T = 0.06
 <-- Site =   12 .. Mmps =   25 Ndav =   6 E =   -206.8844845637 Error = 1.80e-19 FLOPS = 9.51e+09 Tdav = 0.00 T = 0.05
 <-- Site =   11 .. Mmps =   25 Ndav =  10 E =   -206.8844847035 Error = 4.12e-21 FLOPS = 8.95e+09 Tdav = 0.00 T = 0.07
 <-- Site =   10 .. Mmps =   25 Ndav =   7 E =   -206.8844847261 Error = 1.63e-20 FLOPS = 8.86e+09 Tdav = 0.00 T = 0.05
 <-- Site =    9 .. Mmps =   25 Ndav =   8 E =   -206.8844847438 Error = 9.14e-23 FLOPS = 8.64e+09 Tdav = 0.00 T = 0.06
 <-- Site =    8 .. Mmps =   25 Ndav =   5 E =   -206.8844847447 Error = 1.27e-20 FLOPS = 7.74e+09 Tdav = 0.00 T = 0.04
 <-- Site =    7 .. Mmps =   25 Ndav =   5 E =   -206.8844847459 Error = 1.61e-21 FLOPS = 7.48e+09 Tdav = 0.00 T = 0.05
 <-- Site =    6 .. Mmps =   25 Ndav =   4 E =   -206.8844847462 Error = 3.91e-18 FLOPS = 6.57e+09 Tdav = 0.00 T = 0.07
 <-- Site =    5 .. Mmps =   25 Ndav =   4 E =   -206.8844847464 Error = 1.68e-25 FLOPS = 5.43e+09 Tdav = 0.00 T = 0.05
 <-- Site =    4 .. Mmps =   25 Ndav =   3 E =   -206.8844847464 Error = 2.28e-29 FLOPS = 3.19e+09 Tdav = 0.00 T = 0.04
 <-- Site =    3 .. Mmps =   25 Ndav =   1 E =   -206.8844847464 Error = 1.92e-50 FLOPS = 7.74e+08 Tdav = 0.00 T = 0.06
 <-- Site =    2 .. Mmps =   25 Ndav =   1 E =   -206.8844847464 Error = 1.17e-55 FLOPS = 3.59e+08 Tdav = 0.00 T = 0.20
 <-- Site =    1 .. Mmps =   24 Ndav =   1 E =   -206.8844847464 Error = 0.00e+00 FLOPS = 2.27e+08 Tdav = 0.00 T = 0.07
 <-- Site =    0 .. Mmps =   25 Ndav =   1 E =   -206.8844847464 Error = 6.27e-56 FLOPS = 8.14e+07 Tdav = 0.00 T = 0.04
Time elapsed =    210.556 | E =    -206.8844847464 | DE = -3.67e-05 | DW = 3.36082e-17
Time sweep =       16.453 | 4.76 GFLOP/SWP
 | Dmem = 293 KB (3%) | Imem = 232 B (79%) | Hmem = 1.36 MB | Wmem = 9.77 KB | Pmem = 9.77 KB
 | Tread = 0.263 | Twrite = 2.613 | Tfpread = 0.077 | Tfpwrite = 0.047 | Tmporead = 0.000 | Tasync = 0.000
 | data = 31.2 MB | cpsd = 21.0 MB
 | Trot = 0.059 | Tctr = 0.606 | Tint = 0.008 | Tmid = 0.000 | Tdctr = 0.009 | Tdiag = 0.030 | Tinfo = 0.256
 | Teff = 5.147 | Tprt = 0.163 | Teig = 0.416 | Tblk = 11.642 | Tmve = 4.800 | Tdm = 0.005 | Tsplt = 0.045 | Tsvd = 0.000 | Torth = 0.000

Sweep =    6 | Direction =  forward | Bond dimension =  550 | Noise =  1.00e-05 | Dav threshold =  1.00e-10
 --> Site =    0 .. Mmps =    2 Ndav =   1 E =   -206.8844847464 Error = 0.00e+00 FLOPS = 9.13e+07 Tdav = 0.00 T = 0.05
 --> Site =    1 .. Mmps =    4 Ndav =   1 E =   -206.8844847464 Error = 0.00e+00 FLOPS = 1.73e+08 Tdav = 0.00 T = 0.06
 --> Site =    2 .. Mmps =    8 Ndav =   1 E =   -206.8844847464 Error = 0.00e+00 FLOPS = 3.79e+08 Tdav = 0.00 T = 0.04
 --> Site =    3 .. Mmps =   15 Ndav =   1 E =   -206.8844847464 Error = 0.00e+00 FLOPS = 7.63e+08 Tdav = 0.00 T = 0.31
 --> Site =    4 .. Mmps =   26 Ndav =   1 E =   -206.8844847464 Error = 0.00e+00 FLOPS = 1.60e+09 Tdav = 0.00 T = 0.06
 --> Site =    5 .. Mmps =   39 Ndav =   1 E =   -206.8844847464 Error = 0.00e+00 FLOPS = 2.99e+09 Tdav = 0.00 T = 0.04
 --> Site =    6 .. Mmps =   53 Ndav =   1 E =   -206.8844847464 Error = 0.00e+00 FLOPS = 4.76e+09 Tdav = 0.00 T = 0.04
 --> Site =    7 .. Mmps =   65 Ndav =   2 E =   -206.8844847464 Error = 0.00e+00 FLOPS = 8.68e+09 Tdav = 0.00 T = 0.05
 --> Site =    8 .. Mmps =   78 Ndav =   2 E =   -206.8844847465 Error = 0.00e+00 FLOPS = 1.03e+10 Tdav = 0.00 T = 0.06
 --> Site =    9 .. Mmps =   91 Ndav =   3 E =   -206.8844847465 Error = 0.00e+00 FLOPS = 1.24e+10 Tdav = 0.00 T = 0.07
 --> Site =   10 .. Mmps =  106 Ndav =   4 E =   -206.8844847467 Error = 0.00e+00 FLOPS = 1.43e+10 Tdav = 0.00 T = 0.30
 --> Site =   11 .. Mmps =  118 Ndav =   6 E =   -206.8844847491 Error = 0.00e+00 FLOPS = 1.50e+10 Tdav = 0.01 T = 0.11
 --> Site =   12 .. Mmps =  130 Ndav =   6 E =   -206.8844847729 Error = 0.00e+00 FLOPS = 1.60e+10 Tdav = 0.01 T = 0.15
 --> Site =   13 .. Mmps =  142 Ndav =   8 E =   -206.8844848336 Error = 0.00e+00 FLOPS = 1.44e+10 Tdav = 0.02 T = 0.22
 --> Site =   14 .. Mmps =  154 Ndav =   7 E =   -206.8844849259 Error = 0.00e+00 FLOPS = 1.50e+10 Tdav = 0.02 T = 0.22
 --> Site =   15 .. Mmps =  169 Ndav =   6 E =   -206.8844849744 Error = 0.00e+00 FLOPS = 1.46e+10 Tdav = 0.02 T = 0.32
 --> Site =   16 .. Mmps =  182 Ndav =   7 E =   -206.8844850371 Error = 0.00e+00 FLOPS = 1.46e+10 Tdav = 0.03 T = 0.39
 --> Site =   17 .. Mmps =  195 Ndav =   6 E =   -206.8844850690 Error = 0.00e+00 FLOPS = 1.56e+10 Tdav = 0.03 T = 0.59
 --> Site =   18 .. Mmps =  207 Ndav =   7 E =   -206.8844850967 Error = 0.00e+00 FLOPS = 1.59e+10 Tdav = 0.04 T = 0.63
 --> Site =   19 .. Mmps =  222 Ndav =   6 E =   -206.8844851474 Error = 0.00e+00 FLOPS = 1.57e+10 Tdav = 0.04 T = 0.71
 --> Site =   20 .. Mmps =  234 Ndav =   7 E =   -206.8844852009 Error = 0.00e+00 FLOPS = 1.67e+10 Tdav = 0.05 T = 0.89
 --> Site =   21 .. Mmps =  246 Ndav =   6 E =   -206.8844852704 Error = 0.00e+00 FLOPS = 1.64e+10 Tdav = 0.05 T = 1.04
 --> Site =   22 .. Mmps =  259 Ndav =   7 E =   -206.8844853596 Error = 0.00e+00 FLOPS = 1.68e+10 Tdav = 0.07 T = 1.23
 --> Site =   23 .. Mmps =  271 Ndav =   7 E =   -206.8844854181 Error = 0.00e+00 FLOPS = 1.65e+10 Tdav = 0.08 T = 1.46
 --> Site =   24 .. Mmps =  283 Ndav =   7 E =   -206.8844854586 Error = 0.00e+00 FLOPS = 1.68e+10 Tdav = 0.09 T = 1.70
 --> Site =   25 .. Mmps =  295 Ndav =   7 E =   -206.8844855012 Error = 0.00e+00 FLOPS = 1.73e+10 Tdav = 0.09 T = 2.01
 --> Site =   26 .. Mmps =  307 Ndav =   8 E =   -206.8844855793 Error = 0.00e+00 FLOPS = 1.72e+10 Tdav = 0.12 T = 2.36
 --> Site =   27 .. Mmps =  321 Ndav =   9 E =   -206.8844858647 Error = 0.00e+00 FLOPS = 1.70e+10 Tdav = 0.16 T = 2.68
 --> Site =   28 .. Mmps =  333 Ndav =   9 E =   -206.8844859269 Error = 0.00e+00 FLOPS = 1.74e+10 Tdav = 0.17 T = 3.29
 --> Site =   29 .. Mmps =  345 Ndav =   9 E =   -206.8844859828 Error = 0.00e+00 FLOPS = 1.73e+10 Tdav = 0.19 T = 3.76
 --> Site =   30 .. Mmps =  357 Ndav =   9 E =   -206.8844861266 Error = 0.00e+00 FLOPS = 1.72e+10 Tdav = 0.21 T = 4.07
 --> Site =   31 .. Mmps =  370 Ndav =  10 E =   -206.8844862219 Error = 0.00e+00 FLOPS = 1.75e+10 Tdav = 0.26 T = 4.57
 --> Site =   32 .. Mmps =  385 Ndav =   9 E =   -206.8844863062 Error = 0.00e+00 FLOPS = 1.72e+10 Tdav = 0.26 T = 5.16
 --> Site =   33 .. Mmps =  397 Ndav =  10 E =   -206.8844864225 Error = 0.00e+00 FLOPS = 1.73e+10 Tdav = 0.32 T = 5.94
 --> Site =   34 .. Mmps =  409 Ndav =  10 E =   -206.8844865150 Error = 0.00e+00 FLOPS = 1.68e+10 Tdav = 0.36 T = 6.78
 --> Site =   35 .. Mmps =  422 Ndav =   8 E =   -206.8844866375 Error = 0.00e+00 FLOPS = 1.72e+10 Tdav = 0.30 T = 7.49
 --> Site =   36 .. Mmps =  432 Ndav =   8 E =   -206.8844867787 Error = 0.00e+00 FLOPS = 1.75e+10 Tdav = 0.33 T = 8.22
 --> Site =   37 .. Mmps =  446 Ndav =   9 E =   -206.8844868096 Error = 0.00e+00 FLOPS = 1.76e+10 Tdav = 0.39 T = 9.31
 --> Site =   38 .. Mmps =  458 Ndav =   8 E =   -206.8844869490 Error = 0.00e+00 FLOPS = 1.75e+10 Tdav = 0.38 T = 10.17
 --> Site =   39 .. Mmps =  469 Ndav =   8 E =   -206.8844870623 Error = 0.00e+00 FLOPS = 1.76e+10 Tdav = 0.41 T = 11.16
 --> Site =   40 .. Mmps =  480 Ndav =   8 E =   -206.8844872039 Error = 0.00e+00 FLOPS = 1.77e+10 Tdav = 0.44 T = 12.48
 --> Site =   41 .. Mmps =  493 Ndav =   7 E =   -206.8844872793 Error = 0.00e+00 FLOPS = 1.81e+10 Tdav = 0.40 T = 13.45
 --> Site =   42 .. Mmps =  505 Ndav =   8 E =   -206.8844873709 Error = 0.00e+00 FLOPS = 1.76e+10 Tdav = 0.51 T = 15.07
 --> Site =   43 .. Mmps =  519 Ndav =   6 E =   -206.8844874158 Error = 0.00e+00 FLOPS = 1.74e+10 Tdav = 0.41 T = 15.75
 --> Site =   44 .. Mmps =  531 Ndav =   7 E =   -206.8844874719 Error = 0.00e+00 FLOPS = 1.76e+10 Tdav = 0.51 T = 17.34
 --> Site =   45 .. Mmps =  543 Ndav =   6 E =   -206.8844875446 Error = 0.00e+00 FLOPS = 1.78e+10 Tdav = 0.45 T = 18.27
 --> Site =   46 .. Mmps =  550 Ndav =   7 E =   -206.8844876101 Error = 3.52e-34 FLOPS = 1.77e+10 Tdav = 0.56 T = 19.72
 --> Site =   47 .. Mmps =  550 Ndav =   6 E =   -206.8844876712 Error = 1.11e-33 FLOPS = 1.80e+10 Tdav = 0.49 T = 20.79
 --> Site =   48 .. Mmps =  550 Ndav =   8 E =   -206.8844877571 Error = 6.56e-34 FLOPS = 1.75e+10 Tdav = 0.68 T = 21.08
 --> Site =   49 .. Mmps =  550 Ndav =   7 E =   -206.8844878614 Error = 6.73e-34 FLOPS = 1.81e+10 Tdav = 0.59 T = 21.75
 --> Site =   50 .. Mmps =  550 Ndav =   7 E =   -206.8844879408 Error = 7.03e-34 FLOPS = 1.82e+10 Tdav = 0.58 T = 22.74
 --> Site =   51 .. Mmps =  550 Ndav =   9 E =   -206.8844880072 Error = 3.26e-34 FLOPS = 1.80e+10 Tdav = 0.77 T = 22.77
 --> Site =   52 .. Mmps =  550 Ndav =   7 E =   -206.8844881406 Error = 6.03e-34 FLOPS = 1.81e+10 Tdav = 0.61 T = 23.39
 --> Site =   53 .. Mmps =  550 Ndav =  10 E =   -206.8844883465 Error = 2.35e-34 FLOPS = 1.78e+10 Tdav = 0.89 T = 24.21
 --> Site =   54 .. Mmps =  550 Ndav =   9 E =   -206.8844884338 Error = 2.04e-33 FLOPS = 1.81e+10 Tdav = 0.80 T = 24.42
 --> Site =   55 .. Mmps =  550 Ndav =   9 E =   -206.8844885786 Error = 8.69e-34 FLOPS = 1.82e+10 Tdav = 0.80 T = 24.94
 --> Site =   56 .. Mmps =  550 Ndav =   9 E =   -206.8844886887 Error = 1.18e-33 FLOPS = 1.81e+10 Tdav = 0.80 T = 24.95
 --> Site =   57 .. Mmps =  550 Ndav =  10 E =   -206.8844888405 Error = 3.18e-34 FLOPS = 1.78e+10 Tdav = 0.90 T = 25.16
 --> Site =   58 .. Mmps =  550 Ndav =   9 E =   -206.8844888894 Error = 6.79e-34 FLOPS = 1.81e+10 Tdav = 0.82 T = 25.31
 --> Site =   59 .. Mmps =  550 Ndav =  10 E =   -206.8844891186 Error = 5.09e-34 FLOPS = 1.81e+10 Tdav = 0.92 T = 26.45
 --> Site =   60 .. Mmps =  550 Ndav =   9 E =   -206.8844892006 Error = 5.93e-34 FLOPS = 1.81e+10 Tdav = 0.81 T = 26.24
 --> Site =   61 .. Mmps =  550 Ndav =  10 E =   -206.8844893645 Error = 6.08e-34 FLOPS = 1.80e+10 Tdav = 0.93 T = 26.32
 --> Site =   62 .. Mmps =  550 Ndav =   9 E =   -206.8844894377 Error = 4.51e-34 FLOPS = 1.80e+10 Tdav = 0.83 T = 26.77
 --> Site =   63 .. Mmps =  550 Ndav =  11 E =   -206.8844895690 Error = 3.71e-34 FLOPS = 1.80e+10 Tdav = 1.02 T = 27.04
 --> Site =   64 .. Mmps =  550 Ndav =   8 E =   -206.8844896912 Error = 7.25e-34 FLOPS = 1.80e+10 Tdav = 0.76 T = 27.03
 --> Site =   65 .. Mmps =  550 Ndav =   9 E =   -206.8844898029 Error = 1.06e-34 FLOPS = 1.81e+10 Tdav = 0.84 T = 27.64
 --> Site =   66 .. Mmps =  550 Ndav =   8 E =   -206.8844899769 Error = 1.38e-33 FLOPS = 1.79e+10 Tdav = 0.76 T = 27.46
 --> Site =   67 .. Mmps =  550 Ndav =   8 E =   -206.8844900737 Error = 6.33e-34 FLOPS = 1.82e+10 Tdav = 0.76 T = 27.80
 --> Site =   68 .. Mmps =  550 Ndav =   8 E =   -206.8844901843 Error = 5.54e-33 FLOPS = 1.82e+10 Tdav = 0.76 T = 28.38
 --> Site =   69 .. Mmps =  550 Ndav =   6 E =   -206.8844902213 Error = 1.29e-33 FLOPS = 1.82e+10 Tdav = 0.56 T = 27.70
 --> Site =   70 .. Mmps =  550 Ndav =   7 E =   -206.8844903090 Error = 7.02e-33 FLOPS = 1.82e+10 Tdav = 0.65 T = 27.57
 --> Site =   71 .. Mmps =  550 Ndav =   7 E =   -206.8844903774 Error = 6.87e-34 FLOPS = 1.80e+10 Tdav = 0.66 T = 27.38
 --> Site =   72 .. Mmps =  550 Ndav =   7 E =   -206.8844904544 Error = 2.39e-33 FLOPS = 1.83e+10 Tdav = 0.66 T = 27.85
 --> Site =   73 .. Mmps =  550 Ndav =   6 E =   -206.8844905131 Error = 8.19e-34 FLOPS = 1.82e+10 Tdav = 0.57 T = 28.37
 --> Site =   74 .. Mmps =  550 Ndav =   7 E =   -206.8844905841 Error = 4.71e-34 FLOPS = 1.81e+10 Tdav = 0.67 T = 28.34
 --> Site =   75 .. Mmps =  550 Ndav =   6 E =   -206.8844906919 Error = 4.26e-34 FLOPS = 1.82e+10 Tdav = 0.57 T = 28.18
 --> Site =   76 .. Mmps =  550 Ndav =   7 E =   -206.8844907602 Error = 5.94e-34 FLOPS = 1.82e+10 Tdav = 0.66 T = 28.38
 --> Site =   77 .. Mmps =  550 Ndav =   8 E =   -206.8844908546 Error = 6.40e-34 FLOPS = 1.82e+10 Tdav = 0.76 T = 28.37
 --> Site =   78 .. Mmps =  550 Ndav =   8 E =   -206.8844909865 Error = 6.91e-34 FLOPS = 1.80e+10 Tdav = 0.77 T = 28.64
 --> Site =   79 .. Mmps =  550 Ndav =   9 E =   -206.8844911756 Error = 2.97e-34 FLOPS = 1.82e+10 Tdav = 0.86 T = 28.65
 --> Site =   80 .. Mmps =  550 Ndav =   8 E =   -206.8844913672 Error = 9.63e-34 FLOPS = 1.82e+10 Tdav = 0.76 T = 28.54
 --> Site =   81 .. Mmps =  550 Ndav =  10 E =   -206.8844914760 Error = 3.48e-34 FLOPS = 1.77e+10 Tdav = 0.98 T = 28.69
 --> Site =   82 .. Mmps =  550 Ndav =   9 E =   -206.8844915451 Error = 6.73e-34 FLOPS = 1.79e+10 Tdav = 0.86 T = 28.13
 --> Site =   83 .. Mmps =  550 Ndav =  11 E =   -206.8844916314 Error = 3.79e-34 FLOPS = 1.81e+10 Tdav = 1.05 T = 28.19
 --> Site =   84 .. Mmps =  550 Ndav =   9 E =   -206.8844917809 Error = 5.78e-34 FLOPS = 1.81e+10 Tdav = 0.86 T = 28.36
 --> Site =   85 .. Mmps =  550 Ndav =   9 E =   -206.8844918745 Error = 2.33e-34 FLOPS = 1.79e+10 Tdav = 0.87 T = 28.82
 --> Site =   86 .. Mmps =  550 Ndav =  10 E =   -206.8844920616 Error = 8.14e-34 FLOPS = 1.81e+10 Tdav = 0.98 T = 29.29
 --> Site =   87 .. Mmps =  550 Ndav =  11 E =   -206.8844923464 Error = 5.84e-34 FLOPS = 1.80e+10 Tdav = 1.06 T = 29.21
 --> Site =   88 .. Mmps =  550 Ndav =   8 E =   -206.8844924181 Error = 8.44e-34 FLOPS = 1.81e+10 Tdav = 0.77 T = 28.37
 --> Site =   89 .. Mmps =  550 Ndav =   8 E =   -206.8844924472 Error = 5.24e-34 FLOPS = 1.78e+10 Tdav = 0.78 T = 28.40
 --> Site =   90 .. Mmps =  550 Ndav =   8 E =   -206.8844925922 Error = 6.84e-34 FLOPS = 1.81e+10 Tdav = 0.77 T = 28.49
 --> Site =   91 .. Mmps =  550 Ndav =   7 E =   -206.8844926724 Error = 1.27e-34 FLOPS = 1.82e+10 Tdav = 0.67 T = 28.32
 --> Site =   92 .. Mmps =  550 Ndav =   8 E =   -206.8844928303 Error = 2.10e-33 FLOPS = 1.81e+10 Tdav = 0.77 T = 28.46
 --> Site =   93 .. Mmps =  550 Ndav =   7 E =   -206.8844929041 Error = 5.84e-34 FLOPS = 1.79e+10 Tdav = 0.68 T = 28.32
 --> Site =   94 .. Mmps =  550 Ndav =   9 E =   -206.8844930691 Error = 5.87e-33 FLOPS = 1.80e+10 Tdav = 0.87 T = 28.52
 --> Site =   95 .. Mmps =  550 Ndav =   6 E =   -206.8844931058 Error = 1.03e-33 FLOPS = 1.83e+10 Tdav = 0.56 T = 27.85
 --> Site =   96 .. Mmps =  550 Ndav =   7 E =   -206.8844931589 Error = 2.72e-33 FLOPS = 1.82e+10 Tdav = 0.65 T = 27.38
 --> Site =   97 .. Mmps =  550 Ndav =   6 E =   -206.8844932178 Error = 1.02e-33 FLOPS = 1.82e+10 Tdav = 0.56 T = 27.47
 --> Site =   98 .. Mmps =  550 Ndav =   7 E =   -206.8844933449 Error = 7.71e-34 FLOPS = 1.82e+10 Tdav = 0.66 T = 27.40
 --> Site =   99 .. Mmps =  550 Ndav =   7 E =   -206.8844934396 Error = 4.75e-34 FLOPS = 1.84e+10 Tdav = 0.66 T = 27.81
 --> Site =  100 .. Mmps =  550 Ndav =   7 E =   -206.8844935085 Error = 2.80e-34 FLOPS = 1.83e+10 Tdav = 0.65 T = 27.80
 --> Site =  101 .. Mmps =  550 Ndav =   7 E =   -206.8844935630 Error = 2.45e-34 FLOPS = 1.83e+10 Tdav = 0.65 T = 27.28
 --> Site =  102 .. Mmps =  550 Ndav =   8 E =   -206.8844937004 Error = 4.31e-34 FLOPS = 1.82e+10 Tdav = 0.75 T = 27.38
 --> Site =  103 .. Mmps =  550 Ndav =   9 E =   -206.8844937798 Error = 2.20e-34 FLOPS = 1.83e+10 Tdav = 0.82 T = 27.05
 --> Site =  104 .. Mmps =  550 Ndav =   8 E =   -206.8844938783 Error = 3.21e-34 FLOPS = 1.84e+10 Tdav = 0.73 T = 26.45
 --> Site =  105 .. Mmps =  550 Ndav =  10 E =   -206.8844941700 Error = 1.44e-34 FLOPS = 1.82e+10 Tdav = 0.92 T = 26.66
 --> Site =  106 .. Mmps =  550 Ndav =   9 E =   -206.8844942799 Error = 1.68e-33 FLOPS = 1.82e+10 Tdav = 0.82 T = 26.58
 --> Site =  107 .. Mmps =  550 Ndav =   9 E =   -206.8844944385 Error = 4.65e-34 FLOPS = 1.82e+10 Tdav = 0.81 T = 26.17
 --> Site =  108 .. Mmps =  550 Ndav =   9 E =   -206.8844944803 Error = 4.68e-34 FLOPS = 1.85e+10 Tdav = 0.80 T = 25.66
 --> Site =  109 .. Mmps =  550 Ndav =   8 E =   -206.8844946394 Error = 1.34e-34 FLOPS = 1.82e+10 Tdav = 0.71 T = 25.15
 --> Site =  110 .. Mmps =  550 Ndav =   9 E =   -206.8844947431 Error = 3.99e-34 FLOPS = 1.83e+10 Tdav = 0.79 T = 24.77
 --> Site =  111 .. Mmps =  550 Ndav =   9 E =   -206.8844948898 Error = 1.73e-34 FLOPS = 1.83e+10 Tdav = 0.79 T = 24.72
 --> Site =  112 .. Mmps =  550 Ndav =  10 E =   -206.8844950721 Error = 2.47e-34 FLOPS = 1.82e+10 Tdav = 0.89 T = 24.93
 --> Site =  113 .. Mmps =  550 Ndav =  10 E =   -206.8844952256 Error = 4.70e-34 FLOPS = 1.82e+10 Tdav = 0.87 T = 24.40
 --> Site =  114 .. Mmps =  550 Ndav =  10 E =   -206.8844953382 Error = 6.40e-34 FLOPS = 1.83e+10 Tdav = 0.86 T = 23.96
 --> Site =  115 .. Mmps =  550 Ndav =   9 E =   -206.8844953965 Error = 3.38e-34 FLOPS = 1.82e+10 Tdav = 0.78 T = 24.06
 --> Site =  116 .. Mmps =  550 Ndav =   9 E =   -206.8844956000 Error = 8.71e-34 FLOPS = 1.84e+10 Tdav = 0.76 T = 23.67
 --> Site =  117 .. Mmps =  550 Ndav =   7 E =   -206.8844957050 Error = 1.12e-34 FLOPS = 1.83e+10 Tdav = 0.58 T = 22.49
 --> Site =  118 .. Mmps =  550 Ndav =   9 E =   -206.8844959086 Error = 2.45e-33 FLOPS = 1.83e+10 Tdav = 0.75 T = 22.29
 --> Site =  119 .. Mmps =  550 Ndav =   7 E =   -206.8844959972 Error = 8.07e-34 FLOPS = 1.84e+10 Tdav = 0.56 T = 21.62
 --> Site =  120 .. Mmps =  550 Ndav =   8 E =   -206.8844960780 Error = 3.71e-33 FLOPS = 1.83e+10 Tdav = 0.64 T = 21.02
 --> Site =  121 .. Mmps =  550 Ndav =   6 E =   -206.8844961319 Error = 1.07e-33 FLOPS = 1.84e+10 Tdav = 0.47 T = 20.36
 --> Site =  122 .. Mmps =  550 Ndav =   7 E =   -206.8844962281 Error = 2.77e-33 FLOPS = 1.83e+10 Tdav = 0.54 T = 19.97
 --> Site =  123 .. Mmps =  550 Ndav =   8 E =   -206.8844963049 Error = 9.16e-34 FLOPS = 1.82e+10 Tdav = 0.62 T = 19.89
 --> Site =  124 .. Mmps =  550 Ndav =   8 E =   -206.8844963809 Error = 7.63e-34 FLOPS = 1.83e+10 Tdav = 0.61 T = 19.42
 --> Site =  125 .. Mmps =  550 Ndav =   6 E =   -206.8844964795 Error = 3.28e-34 FLOPS = 1.84e+10 Tdav = 0.45 T = 18.86
 --> Site =  126 .. Mmps =  550 Ndav =   8 E =   -206.8844965776 Error = 5.66e-34 FLOPS = 1.83e+10 Tdav = 0.59 T = 18.62
 --> Site =  127 .. Mmps =  550 Ndav =   7 E =   -206.8844966491 Error = 2.96e-34 FLOPS = 1.82e+10 Tdav = 0.51 T = 17.74
 --> Site =  128 .. Mmps =  550 Ndav =   7 E =   -206.8844967065 Error = 4.69e-34 FLOPS = 1.82e+10 Tdav = 0.50 T = 17.08
 --> Site =  129 .. Mmps =  550 Ndav =   8 E =   -206.8844967795 Error = 2.08e-34 FLOPS = 1.82e+10 Tdav = 0.56 T = 16.45
 --> Site =  130 .. Mmps =  550 Ndav =   8 E =   -206.8844969024 Error = 3.42e-34 FLOPS = 1.83e+10 Tdav = 0.54 T = 15.64
 --> Site =  131 .. Mmps =  550 Ndav =   9 E =   -206.8844971642 Error = 1.91e-34 FLOPS = 1.79e+10 Tdav = 0.61 T = 15.20
 --> Site =  132 .. Mmps =  550 Ndav =   8 E =   -206.8844972963 Error = 8.45e-34 FLOPS = 1.81e+10 Tdav = 0.52 T = 14.38
 --> Site =  133 .. Mmps =  550 Ndav =   9 E =   -206.8844974199 Error = 3.19e-34 FLOPS = 1.81e+10 Tdav = 0.57 T = 13.72
 --> Site =  134 .. Mmps =  550 Ndav =  10 E =   -206.8844975135 Error = 6.17e-34 FLOPS = 1.80e+10 Tdav = 0.62 T = 13.15
 --> Site =  135 .. Mmps =  550 Ndav =   9 E =   -206.8844975933 Error = 2.93e-34 FLOPS = 1.81e+10 Tdav = 0.54 T = 12.44
 --> Site =  136 .. Mmps =  550 Ndav =  10 E =   -206.8844976924 Error = 6.26e-34 FLOPS = 1.79e+10 Tdav = 0.59 T = 11.89
 --> Site =  137 .. Mmps =  550 Ndav =  10 E =   -206.8844978141 Error = 2.65e-34 FLOPS = 1.78e+10 Tdav = 0.57 T = 11.29
 --> Site =  138 .. Mmps =  550 Ndav =  10 E =   -206.8844978903 Error = 3.94e-34 FLOPS = 1.77e+10 Tdav = 0.56 T = 10.83
 --> Site =  139 .. Mmps =  550 Ndav =   9 E =   -206.8844980361 Error = 2.54e-34 FLOPS = 1.78e+10 Tdav = 0.48 T = 10.08
 --> Site =  140 .. Mmps =  550 Ndav =   8 E =   -206.8844982087 Error = 4.13e-34 FLOPS = 1.80e+10 Tdav = 0.41 T = 9.47
 --> Site =  141 .. Mmps =  550 Ndav =   8 E =   -206.8844983046 Error = 5.30e-34 FLOPS = 1.80e+10 Tdav = 0.40 T = 8.96
 --> Site =  142 .. Mmps =  550 Ndav =   8 E =   -206.8844984553 Error = 5.93e-34 FLOPS = 1.79e+10 Tdav = 0.39 T = 8.48
 --> Site =  143 .. Mmps =  550 Ndav =   7 E =   -206.8844985187 Error = 6.36e-35 FLOPS = 1.81e+10 Tdav = 0.32 T = 7.90
 --> Site =  144 .. Mmps =  550 Ndav =   8 E =   -206.8844986435 Error = 1.59e-33 FLOPS = 1.79e+10 Tdav = 0.36 T = 7.53
 --> Site =  145 .. Mmps =  550 Ndav =   7 E =   -206.8844987662 Error = 6.87e-34 FLOPS = 1.80e+10 Tdav = 0.30 T = 7.00
 --> Site =  146 .. Mmps =  550 Ndav =   8 E =   -206.8844988208 Error = 3.23e-33 FLOPS = 1.78e+10 Tdav = 0.33 T = 6.53
 --> Site =  147 .. Mmps =  550 Ndav =   6 E =   -206.8844988495 Error = 9.64e-34 FLOPS = 1.80e+10 Tdav = 0.24 T = 6.06
 --> Site =  148 .. Mmps =  550 Ndav =   7 E =   -206.8844989405 Error = 5.47e-33 FLOPS = 1.81e+10 Tdav = 0.26 T = 5.64
 --> Site =  149 .. Mmps =  550 Ndav =   6 E =   -206.8844990001 Error = 1.11e-33 FLOPS = 1.78e+10 Tdav = 0.22 T = 5.22
 --> Site =  150 .. Mmps =  550 Ndav =   7 E =   -206.8844990506 Error = 1.24e-33 FLOPS = 1.80e+10 Tdav = 0.24 T = 5.01
 --> Site =  151 .. Mmps =  550 Ndav =   7 E =   -206.8844991242 Error = 3.33e-34 FLOPS = 1.79e+10 Tdav = 0.23 T = 4.53
 --> Site =  152 .. Mmps =  550 Ndav =   7 E =   -206.8844991850 Error = 1.08e-33 FLOPS = 1.77e+10 Tdav = 0.22 T = 4.16
 --> Site =  153 .. Mmps =  550 Ndav =   7 E =   -206.8844992320 Error = 5.48e-34 FLOPS = 1.78e+10 Tdav = 0.21 T = 3.88
 --> Site =  154 .. Mmps =  550 Ndav =   7 E =   -206.8844993005 Error = 6.27e-34 FLOPS = 1.78e+10 Tdav = 0.20 T = 3.57
 --> Site =  155 .. Mmps =  550 Ndav =   8 E =   -206.8844993526 Error = 2.77e-34 FLOPS = 1.72e+10 Tdav = 0.22 T = 3.22
 --> Site =  156 .. Mmps =  550 Ndav =   7 E =   -206.8844993923 Error = 2.39e-34 FLOPS = 1.74e+10 Tdav = 0.17 T = 2.87
 --> Site =  157 .. Mmps =  550 Ndav =  10 E =   -206.8844995452 Error = 1.04e-34 FLOPS = 1.66e+10 Tdav = 0.24 T = 2.73
 --> Site =  158 .. Mmps =  550 Ndav =   7 E =   -206.8844995809 Error = 1.03e-34 FLOPS = 1.72e+10 Tdav = 0.15 T = 2.44
 --> Site =  159 .. Mmps =  550 Ndav =   7 E =   -206.8844996074 Error = 2.49e-35 FLOPS = 1.72e+10 Tdav = 0.14 T = 2.10
 --> Site =  160 .. Mmps =  550 Ndav =   5 E =   -206.8844996079 Error = 3.54e-35 FLOPS = 1.71e+10 Tdav = 0.09 T = 1.87
 --> Site =  161 .. Mmps =  550 Ndav =   5 E =   -206.8844996081 Error = 5.88e-36 FLOPS = 1.69e+10 Tdav = 0.08 T = 1.66
 --> Site =  162 .. Mmps =  550 Ndav =   4 E =   -206.8844996083 Error = 3.49e-36 FLOPS = 1.65e+10 Tdav = 0.06 T = 1.46
 --> Site =  163 .. Mmps =  550 Ndav =   3 E =   -206.8844996083 Error = 7.19e-37 FLOPS = 1.64e+10 Tdav = 0.04 T = 1.27
 --> Site =  164 .. Mmps =  550 Ndav =   1 E =   -206.8844996083 Error = 6.78e-60 FLOPS = 1.33e+10 Tdav = 0.01 T = 1.10
 --> Site =  165 .. Mmps =  550 Ndav =   1 E =   -206.8844996083 Error = 8.28e-84 FLOPS = 7.76e+09 Tdav = 0.01 T = 0.95
 --> Site =  166 .. Mmps =  550 Ndav =   1 E =   -206.8844996083 Error = 0.00e+00 FLOPS = 4.29e+09 Tdav = 0.00 T = 0.85
 --> Site =  167 .. Mmps =  550 Ndav =   1 E =   -206.8844996083 Error = 4.77e-133 FLOPS = 2.22e+09 Tdav = 0.00 T = 0.67
 --> Site =  168 .. Mmps =  548 Ndav =   1 E =   -206.8844996083 Error = 0.00e+00 FLOPS = 1.93e+09 Tdav = 0.00 T = 0.55
Time elapsed =   2787.192 | E =    -206.8844996083 | DE = -1.49e-05 | DW = 7.02334e-33
Time sweep =     2576.637 | 1.31 TFLOP/SWP
 | Dmem = 134 MB (0%) | Imem = 232 B (79%) | Hmem = 526 MB | Wmem = 215 KB | Pmem = 215 KB
 | Tread = 62.332 | Twrite = 33.053 | Tfpread = 61.398 | Tfpwrite = 18.210 | Tmporead = 0.000 | Tasync = 0.000
 | data = 13.3 GB | cpsd = 9.65 GB
 | Trot = 176.886 | Tctr = 1.266 | Tint = 0.018 | Tmid = 0.000 | Tdctr = 62.230 | Tdiag = 0.549 | Tinfo = 2.036
 | Teff = 2219.545 | Tprt = 9.568 | Teig = 80.008 | Tblk = 2362.139 | Tmve = 214.486 | Tdm = 0.681 | Tsplt = 42.700 | Tsvd = 0.000 | Torth = 0.000

Sweep =    7 | Direction = backward | Bond dimension =  550 | Noise =  1.00e-05 | Dav threshold =  1.00e-10
 <-- Site =  168 .. Mmps =    2 Ndav =   1 E =   -206.8844996083 Error = 0.00e+00 FLOPS = 1.99e+09 Tdav = 0.00 T = 0.04
 <-- Site =  167 .. Mmps =    4 Ndav =   1 E =   -206.8844996083 Error = 0.00e+00 FLOPS = 2.28e+09 Tdav = 0.00 T = 0.13
 <-- Site =  166 .. Mmps =    8 Ndav =   1 E =   -206.8844996083 Error = 0.00e+00 FLOPS = 4.56e+09 Tdav = 0.00 T = 0.20
 <-- Site =  165 .. Mmps =   16 Ndav =   1 E =   -206.8844996083 Error = 0.00e+00 FLOPS = 7.93e+09 Tdav = 0.01 T = 0.31
 <-- Site =  164 .. Mmps =   29 Ndav =   1 E =   -206.8844996083 Error = 0.00e+00 FLOPS = 1.36e+10 Tdav = 0.01 T = 0.38
 <-- Site =  163 .. Mmps =   54 Ndav =   1 E =   -206.8844996083 Error = 0.00e+00 FLOPS = 1.62e+10 Tdav = 0.02 T = 0.51
 <-- Site =  162 .. Mmps =  107 Ndav =   1 E =   -206.8844996083 Error = 0.00e+00 FLOPS = 1.93e+10 Tdav = 0.03 T = 0.65
 <-- Site =  161 .. Mmps =  214 Ndav =   2 E =   -206.8844996083 Error = 0.00e+00 FLOPS = 2.52e+10 Tdav = 0.10 T = 0.95
 <-- Site =  160 .. Mmps =  420 Ndav =   2 E =   -206.8844996083 Error = 0.00e+00 FLOPS = 2.59e+10 Tdav = 0.24 T = 1.24
 <-- Site =  159 .. Mmps =  550 Ndav =   4 E =   -206.8844996084 Error = 1.98e-27 FLOPS = 2.99e+10 Tdav = 1.03 T = 2.50
 <-- Site =  158 .. Mmps =  550 Ndav =   5 E =   -206.8844996095 Error = 1.96e-26 FLOPS = 3.02e+10 Tdav = 1.98 T = 4.19
 <-- Site =  157 .. Mmps =  550 Ndav =   6 E =   -206.8844996140 Error = 8.78e-26 FLOPS = 3.00e+10 Tdav = 2.60 T = 5.29
 <-- Site =  156 .. Mmps =  550 Ndav =   9 E =   -206.8844996712 Error = 5.92e-24 FLOPS = 2.87e+10 Tdav = 4.38 T = 7.37
 <-- Site =  155 .. Mmps =  550 Ndav =   8 E =   -206.8844997324 Error = 1.09e-23 FLOPS = 2.96e+10 Tdav = 4.04 T = 7.54
 <-- Site =  154 .. Mmps =  550 Ndav =  10 E =   -206.8844998596 Error = 1.41e-23 FLOPS = 2.88e+10 Tdav = 5.55 T = 9.17
 <-- Site =  153 .. Mmps =  550 Ndav =  10 E =   -206.8845000084 Error = 1.03e-23 FLOPS = 2.90e+10 Tdav = 5.85 T = 9.86
 <-- Site =  152 .. Mmps =  550 Ndav =  10 E =   -206.8845002144 Error = 7.77e-24 FLOPS = 2.92e+10 Tdav = 6.16 T = 10.46
 <-- Site =  151 .. Mmps =  550 Ndav =  13 E =   -206.8845004768 Error = 8.84e-24 FLOPS = 2.77e+10 Tdav = 8.90 T = 13.61
 <-- Site =  150 .. Mmps =  550 Ndav =  10 E =   -206.8845006398 Error = 1.41e-23 FLOPS = 2.96e+10 Tdav = 6.75 T = 11.85
 <-- Site =  149 .. Mmps =  550 Ndav =  11 E =   -206.8845008413 Error = 8.23e-24 FLOPS = 2.93e+10 Tdav = 7.86 T = 13.42
 <-- Site =  148 .. Mmps =  550 Ndav =  10 E =   -206.8845010282 Error = 1.17e-23 FLOPS = 2.99e+10 Tdav = 7.33 T = 13.25
 <-- Site =  147 .. Mmps =  550 Ndav =  13 E =   -206.8845012179 Error = 9.41e-24 FLOPS = 2.87e+10 Tdav = 10.42 T = 16.84
 <-- Site =  146 .. Mmps =  550 Ndav =  10 E =   -206.8845013779 Error = 9.30e-24 FLOPS = 3.02e+10 Tdav = 7.94 T = 14.89
 <-- Site =  145 .. Mmps =  550 Ndav =  12 E =   -206.8845014990 Error = 1.00e-23 FLOPS = 2.95e+10 Tdav = 10.16 T = 17.51
 <-- Site =  144 .. Mmps =  550 Ndav =  10 E =   -206.8845016035 Error = 1.17e-23 FLOPS = 3.05e+10 Tdav = 8.50 T = 16.41
 <-- Site =  143 .. Mmps =  550 Ndav =  10 E =   -206.8845017560 Error = 2.28e-23 FLOPS = 3.06e+10 Tdav = 8.80 T = 17.27
 <-- Site =  142 .. Mmps =  550 Ndav =  10 E =   -206.8845018601 Error = 5.34e-23 FLOPS = 3.08e+10 Tdav = 9.08 T = 17.98
 <-- Site =  141 .. Mmps =  550 Ndav =  12 E =   -206.8845022509 Error = 2.28e-23 FLOPS = 3.00e+10 Tdav = 11.56 T = 20.99
 <-- Site =  140 .. Mmps =  550 Ndav =  11 E =   -206.8845025537 Error = 3.46e-23 FLOPS = 3.06e+10 Tdav = 10.75 T = 20.80
 <-- Site =  139 .. Mmps =  550 Ndav =  12 E =   -206.8845032495 Error = 2.06e-23 FLOPS = 3.03e+10 Tdav = 12.27 T = 22.81
 <-- Site =  138 .. Mmps =  550 Ndav =  10 E =   -206.8845034560 Error = 3.28e-23 FLOPS = 3.12e+10 Tdav = 10.24 T = 21.34
 <-- Site =  137 .. Mmps =  550 Ndav =  12 E =   -206.8845041518 Error = 1.51e-23 FLOPS = 3.05e+10 Tdav = 12.95 T = 24.79
 <-- Site =  136 .. Mmps =  550 Ndav =  11 E =   -206.8845044090 Error = 2.34e-23 FLOPS = 3.10e+10 Tdav = 12.05 T = 24.43
 <-- Site =  135 .. Mmps =  550 Ndav =  12 E =   -206.8845048201 Error = 1.24e-23 FLOPS = 3.06e+10 Tdav = 13.69 T = 26.79
 <-- Site =  134 .. Mmps =  550 Ndav =  11 E =   -206.8845050509 Error = 1.71e-23 FLOPS = 3.11e+10 Tdav = 12.72 T = 26.35
 <-- Site =  133 .. Mmps =  550 Ndav =  12 E =   -206.8845053642 Error = 1.07e-23 FLOPS = 3.09e+10 Tdav = 14.37 T = 28.87
 <-- Site =  132 .. Mmps =  550 Ndav =  11 E =   -206.8845055646 Error = 1.89e-23 FLOPS = 3.13e+10 Tdav = 13.32 T = 28.39
 <-- Site =  131 .. Mmps =  550 Ndav =  10 E =   -206.8845058115 Error = 2.48e-23 FLOPS = 3.16e+10 Tdav = 12.31 T = 28.27
 <-- Site =  130 .. Mmps =  550 Ndav =  12 E =   -206.8845060175 Error = 8.89e-23 FLOPS = 3.11e+10 Tdav = 15.42 T = 31.93
 <-- Site =  129 .. Mmps =  550 Ndav =  11 E =   -206.8845062253 Error = 4.01e-23 FLOPS = 3.14e+10 Tdav = 14.34 T = 31.58
 <-- Site =  128 .. Mmps =  550 Ndav =  11 E =   -206.8845065072 Error = 3.22e-23 FLOPS = 3.14e+10 Tdav = 14.68 T = 32.72
 <-- Site =  127 .. Mmps =  550 Ndav =  12 E =   -206.8845068574 Error = 2.27e-23 FLOPS = 3.13e+10 Tdav = 16.48 T = 35.27
 <-- Site =  126 .. Mmps =  550 Ndav =  11 E =   -206.8845072225 Error = 3.05e-23 FLOPS = 3.16e+10 Tdav = 15.28 T = 34.84
 <-- Site =  125 .. Mmps =  550 Ndav =  12 E =   -206.8845075790 Error = 1.71e-23 FLOPS = 3.14e+10 Tdav = 17.17 T = 37.29
 <-- Site =  124 .. Mmps =  550 Ndav =  12 E =   -206.8845080957 Error = 3.28e-23 FLOPS = 3.15e+10 Tdav = 17.11 T = 37.73
 <-- Site =  123 .. Mmps =  550 Ndav =  13 E =   -206.8845085362 Error = 1.90e-23 FLOPS = 3.13e+10 Tdav = 19.10 T = 40.08
 <-- Site =  122 .. Mmps =  550 Ndav =  11 E =   -206.8845088245 Error = 3.18e-23 FLOPS = 3.19e+10 Tdav = 15.85 T = 37.20
 <-- Site =  121 .. Mmps =  550 Ndav =  11 E =   -206.8845091387 Error = 1.04e-23 FLOPS = 3.19e+10 Tdav = 16.19 T = 37.90
 <-- Site =  120 .. Mmps =  550 Ndav =  11 E =   -206.8845093816 Error = 1.94e-23 FLOPS = 3.19e+10 Tdav = 16.20 T = 38.36
 <-- Site =  119 .. Mmps =  550 Ndav =  10 E =   -206.8845094996 Error = 1.51e-23 FLOPS = 3.22e+10 Tdav = 14.89 T = 37.89
 <-- Site =  118 .. Mmps =  550 Ndav =  11 E =   -206.8845098507 Error = 2.78e-23 FLOPS = 3.20e+10 Tdav = 16.84 T = 40.34
 <-- Site =  117 .. Mmps =  550 Ndav =  12 E =   -206.8845100359 Error = 3.74e-23 FLOPS = 3.17e+10 Tdav = 18.50 T = 42.38
 <-- Site =  116 .. Mmps =  550 Ndav =  11 E =   -206.8845102073 Error = 9.50e-23 FLOPS = 3.20e+10 Tdav = 17.15 T = 41.87
 <-- Site =  115 .. Mmps =  550 Ndav =  13 E =   -206.8845105400 Error = 2.30e-23 FLOPS = 3.14e+10 Tdav = 21.07 T = 46.31
 <-- Site =  114 .. Mmps =  550 Ndav =  11 E =   -206.8845107917 Error = 4.87e-23 FLOPS = 3.19e+10 Tdav = 17.54 T = 42.74
 <-- Site =  113 .. Mmps =  550 Ndav =  12 E =   -206.8845114622 Error = 2.04e-23 FLOPS = 3.16e+10 Tdav = 19.31 T = 45.04
 <-- Site =  112 .. Mmps =  550 Ndav =  11 E =   -206.8845117831 Error = 2.43e-23 FLOPS = 3.20e+10 Tdav = 17.84 T = 43.97
 <-- Site =  111 .. Mmps =  550 Ndav =  14 E =   -206.8845125116 Error = 1.34e-23 FLOPS = 3.12e+10 Tdav = 23.33 T = 49.56
 <-- Site =  110 .. Mmps =  550 Ndav =  11 E =   -206.8845128393 Error = 2.45e-23 FLOPS = 3.19e+10 Tdav = 17.87 T = 44.35
 <-- Site =  109 .. Mmps =  550 Ndav =  13 E =   -206.8845133095 Error = 1.74e-23 FLOPS = 3.15e+10 Tdav = 21.44 T = 47.93
 <-- Site =  108 .. Mmps =  550 Ndav =  12 E =   -206.8845136499 Error = 2.46e-23 FLOPS = 3.18e+10 Tdav = 19.96 T = 47.06
 <-- Site =  107 .. Mmps =  550 Ndav =  13 E =   -206.8845141242 Error = 1.52e-23 FLOPS = 3.16e+10 Tdav = 21.78 T = 49.18
 <-- Site =  106 .. Mmps =  550 Ndav =  10 E =   -206.8845142595 Error = 3.13e-23 FLOPS = 3.23e+10 Tdav = 16.70 T = 44.75
 <-- Site =  105 .. Mmps =  550 Ndav =  10 E =   -206.8845145698 Error = 2.54e-23 FLOPS = 3.23e+10 Tdav = 16.71 T = 44.79
 <-- Site =  104 .. Mmps =  550 Ndav =  14 E =   -206.8845147766 Error = 9.18e-23 FLOPS = 3.13e+10 Tdav = 24.11 T = 52.29
 <-- Site =  103 .. Mmps =  550 Ndav =  10 E =   -206.8845148851 Error = 3.27e-23 FLOPS = 3.24e+10 Tdav = 16.65 T = 45.19
 <-- Site =  102 .. Mmps =  550 Ndav =  11 E =   -206.8845151081 Error = 5.09e-23 FLOPS = 3.22e+10 Tdav = 18.77 T = 47.78
 <-- Site =  101 .. Mmps =  550 Ndav =  12 E =   -206.8845154357 Error = 2.36e-23 FLOPS = 3.19e+10 Tdav = 20.63 T = 49.67
 <-- Site =  100 .. Mmps =  550 Ndav =  12 E =   -206.8845158277 Error = 3.06e-23 FLOPS = 3.19e+10 Tdav = 20.65 T = 50.41
 <-- Site =   99 .. Mmps =  550 Ndav =  13 E =   -206.8845163004 Error = 1.47e-23 FLOPS = 3.17e+10 Tdav = 22.91 T = 52.60
 <-- Site =   98 .. Mmps =  550 Ndav =  12 E =   -206.8845167946 Error = 1.80e-23 FLOPS = 3.20e+10 Tdav = 20.61 T = 49.66
 <-- Site =   97 .. Mmps =  550 Ndav =  12 E =   -206.8845171106 Error = 1.06e-23 FLOPS = 3.19e+10 Tdav = 20.63 T = 49.67
 <-- Site =   96 .. Mmps =  550 Ndav =  12 E =   -206.8845174565 Error = 3.75e-23 FLOPS = 3.20e+10 Tdav = 20.61 T = 49.64
 <-- Site =   95 .. Mmps =  550 Ndav =  12 E =   -206.8845178310 Error = 1.27e-23 FLOPS = 3.19e+10 Tdav = 20.62 T = 50.18
 <-- Site =   94 .. Mmps =  550 Ndav =  10 E =   -206.8845180654 Error = 1.86e-23 FLOPS = 3.25e+10 Tdav = 17.22 T = 47.18
 <-- Site =   93 .. Mmps =  550 Ndav =  13 E =   -206.8845183658 Error = 1.54e-23 FLOPS = 3.17e+10 Tdav = 22.91 T = 53.02
 <-- Site =   92 .. Mmps =  550 Ndav =  10 E =   -206.8845184848 Error = 3.17e-23 FLOPS = 3.25e+10 Tdav = 17.22 T = 47.22
 <-- Site =   91 .. Mmps =  550 Ndav =  12 E =   -206.8845186703 Error = 4.01e-23 FLOPS = 3.20e+10 Tdav = 20.96 T = 51.06
 <-- Site =   90 .. Mmps =  550 Ndav =  11 E =   -206.8845188129 Error = 8.03e-23 FLOPS = 3.23e+10 Tdav = 19.06 T = 49.25
 <-- Site =   89 .. Mmps =  550 Ndav =  12 E =   -206.8845192373 Error = 2.71e-23 FLOPS = 3.20e+10 Tdav = 20.96 T = 51.12
 <-- Site =   88 .. Mmps =  550 Ndav =  12 E =   -206.8845195229 Error = 9.42e-23 FLOPS = 3.20e+10 Tdav = 20.95 T = 50.96
 <-- Site =   87 .. Mmps =  550 Ndav =  13 E =   -206.8845201478 Error = 3.35e-23 FLOPS = 3.17e+10 Tdav = 22.90 T = 53.54
 <-- Site =   86 .. Mmps =  550 Ndav =  12 E =   -206.8845205062 Error = 5.06e-23 FLOPS = 3.20e+10 Tdav = 21.32 T = 51.88
 <-- Site =   85 .. Mmps =  550 Ndav =  13 E =   -206.8845212181 Error = 2.75e-23 FLOPS = 3.17e+10 Tdav = 22.93 T = 52.97
 <-- Site =   84 .. Mmps =  550 Ndav =  11 E =   -206.8845215748 Error = 4.38e-23 FLOPS = 3.22e+10 Tdav = 19.08 T = 49.06
 <-- Site =   83 .. Mmps =  550 Ndav =  13 E =   -206.8845220853 Error = 1.80e-23 FLOPS = 3.17e+10 Tdav = 22.90 T = 52.59
 <-- Site =   82 .. Mmps =  550 Ndav =  11 E =   -206.8845222632 Error = 3.03e-23 FLOPS = 3.22e+10 Tdav = 18.76 T = 48.27
 <-- Site =   81 .. Mmps =  550 Ndav =  12 E =   -206.8845226594 Error = 1.54e-23 FLOPS = 3.20e+10 Tdav = 20.99 T = 51.13
 <-- Site =   80 .. Mmps =  550 Ndav =  11 E =   -206.8845228260 Error = 2.34e-23 FLOPS = 3.23e+10 Tdav = 19.07 T = 49.13
 <-- Site =   79 .. Mmps =  550 Ndav =  11 E =   -206.8845230857 Error = 2.69e-23 FLOPS = 3.22e+10 Tdav = 19.09 T = 49.22
 <-- Site =   78 .. Mmps =  550 Ndav =  12 E =   -206.8845232891 Error = 1.45e-22 FLOPS = 3.19e+10 Tdav = 21.00 T = 51.20
 <-- Site =   77 .. Mmps =  550 Ndav =  11 E =   -206.8845234373 Error = 6.53e-23 FLOPS = 3.22e+10 Tdav = 19.11 T = 49.19
 <-- Site =   76 .. Mmps =  550 Ndav =  10 E =   -206.8845237985 Error = 5.15e-23 FLOPS = 3.24e+10 Tdav = 17.26 T = 47.31
 <-- Site =   75 .. Mmps =  550 Ndav =  15 E =   -206.8845241356 Error = 4.53e-23 FLOPS = 3.11e+10 Tdav = 26.95 T = 56.86
 <-- Site =   74 .. Mmps =  550 Ndav =  13 E =   -206.8845245727 Error = 4.66e-23 FLOPS = 3.16e+10 Tdav = 22.98 T = 53.06
 <-- Site =   73 .. Mmps =  550 Ndav =  12 E =   -206.8845250591 Error = 2.41e-23 FLOPS = 3.19e+10 Tdav = 21.01 T = 51.18
 <-- Site =   72 .. Mmps =  550 Ndav =  11 E =   -206.8845253870 Error = 3.94e-23 FLOPS = 3.22e+10 Tdav = 19.12 T = 48.62
 <-- Site =   71 .. Mmps =  550 Ndav =  15 E =   -206.8845259147 Error = 2.42e-23 FLOPS = 3.11e+10 Tdav = 26.52 T = 55.49
 <-- Site =   70 .. Mmps =  550 Ndav =  12 E =   -206.8845262133 Error = 3.49e-23 FLOPS = 3.19e+10 Tdav = 20.67 T = 49.67
 <-- Site =   69 .. Mmps =  550 Ndav =  12 E =   -206.8845264888 Error = 1.60e-23 FLOPS = 3.18e+10 Tdav = 20.69 T = 50.13
 <-- Site =   68 .. Mmps =  550 Ndav =  11 E =   -206.8845267618 Error = 2.19e-23 FLOPS = 3.21e+10 Tdav = 19.16 T = 49.20
 <-- Site =   67 .. Mmps =  550 Ndav =  13 E =   -206.8845269688 Error = 2.61e-23 FLOPS = 3.16e+10 Tdav = 22.97 T = 52.53
 <-- Site =   66 .. Mmps =  550 Ndav =  10 E =   -206.8845271768 Error = 3.80e-23 FLOPS = 3.23e+10 Tdav = 17.00 T = 46.06
 <-- Site =   65 .. Mmps =  550 Ndav =  12 E =   -206.8845273821 Error = 3.60e-23 FLOPS = 3.19e+10 Tdav = 20.68 T = 49.77
 <-- Site =   64 .. Mmps =  550 Ndav =  10 E =   -206.8845275302 Error = 1.34e-22 FLOPS = 3.23e+10 Tdav = 17.00 T = 45.47
 <-- Site =   63 .. Mmps =  550 Ndav =  13 E =   -206.8845279472 Error = 3.39e-23 FLOPS = 3.15e+10 Tdav = 22.22 T = 50.27
 <-- Site =   62 .. Mmps =  550 Ndav =  10 E =   -206.8845282276 Error = 6.70e-23 FLOPS = 3.23e+10 Tdav = 16.71 T = 44.80
 <-- Site =   61 .. Mmps =  550 Ndav =  12 E =   -206.8845289537 Error = 2.59e-23 FLOPS = 3.18e+10 Tdav = 20.36 T = 47.94
 <-- Site =   60 .. Mmps =  550 Ndav =  11 E =   -206.8845292880 Error = 6.96e-23 FLOPS = 3.20e+10 Tdav = 18.19 T = 45.72
 <-- Site =   59 .. Mmps =  550 Ndav =  12 E =   -206.8845298492 Error = 2.36e-23 FLOPS = 3.18e+10 Tdav = 20.36 T = 48.15
 <-- Site =   58 .. Mmps =  550 Ndav =  12 E =   -206.8845301625 Error = 4.65e-23 FLOPS = 3.18e+10 Tdav = 19.99 T = 46.76
 <-- Site =   57 .. Mmps =  550 Ndav =  12 E =   -206.8845307032 Error = 2.51e-23 FLOPS = 3.17e+10 Tdav = 19.64 T = 45.85
 <-- Site =   56 .. Mmps =  550 Ndav =  12 E =   -206.8845310043 Error = 3.98e-23 FLOPS = 3.17e+10 Tdav = 19.63 T = 45.85
 <-- Site =   55 .. Mmps =  550 Ndav =  12 E =   -206.8845313513 Error = 1.70e-23 FLOPS = 3.17e+10 Tdav = 19.65 T = 46.05
 <-- Site =   54 .. Mmps =  550 Ndav =  11 E =   -206.8845315407 Error = 5.41e-23 FLOPS = 3.19e+10 Tdav = 17.90 T = 43.71
 <-- Site =   53 .. Mmps =  550 Ndav =  11 E =   -206.8845317729 Error = 3.46e-23 FLOPS = 3.19e+10 Tdav = 17.54 T = 42.90
 <-- Site =   52 .. Mmps =  550 Ndav =  12 E =   -206.8845319216 Error = 2.33e-22 FLOPS = 3.16e+10 Tdav = 19.32 T = 44.15
 <-- Site =   51 .. Mmps =  550 Ndav =  10 E =   -206.8845321046 Error = 4.89e-23 FLOPS = 3.21e+10 Tdav = 15.55 T = 39.46
 <-- Site =   50 .. Mmps =  550 Ndav =  11 E =   -206.8845324154 Error = 9.50e-23 FLOPS = 3.19e+10 Tdav = 16.89 T = 40.28
 <-- Site =   49 .. Mmps =  550 Ndav =  11 E =   -206.8845326657 Error = 4.21e-23 FLOPS = 3.18e+10 Tdav = 16.92 T = 39.99
 <-- Site =   48 .. Mmps =  550 Ndav =  12 E =   -206.8845330342 Error = 5.81e-23 FLOPS = 3.15e+10 Tdav = 18.23 T = 40.70
 <-- Site =   47 .. Mmps =  550 Ndav =  12 E =   -206.8845334202 Error = 3.47e-23 FLOPS = 3.15e+10 Tdav = 17.88 T = 39.65
 <-- Site =   46 .. Mmps =  550 Ndav =  12 E =   -206.8845340214 Error = 1.34e-23 FLOPS = 3.15e+10 Tdav = 17.50 T = 38.44
 <-- Site =   45 .. Mmps =  550 Ndav =  13 E =   -206.8845344579 Error = 5.08e-26 FLOPS = 3.11e+10 Tdav = 18.11 T = 37.89
 <-- Site =   44 .. Mmps =  550 Ndav =  12 E =   -206.8845347548 Error = 6.41e-25 FLOPS = 3.13e+10 Tdav = 15.98 T = 34.62
 <-- Site =   43 .. Mmps =  550 Ndav =  12 E =   -206.8845350482 Error = 7.58e-27 FLOPS = 3.11e+10 Tdav = 15.07 T = 32.55
 <-- Site =   42 .. Mmps =  550 Ndav =  11 E =   -206.8845352549 Error = 5.33e-26 FLOPS = 3.14e+10 Tdav = 13.14 T = 29.72
 <-- Site =   41 .. Mmps =  550 Ndav =  12 E =   -206.8845354170 Error = 4.46e-27 FLOPS = 3.10e+10 Tdav = 13.57 T = 28.93
 <-- Site =   40 .. Mmps =  550 Ndav =  10 E =   -206.8845356504 Error = 8.38e-26 FLOPS = 3.14e+10 Tdav = 10.51 T = 24.72
 <-- Site =   39 .. Mmps =  550 Ndav =  11 E =   -206.8845357961 Error = 8.61e-27 FLOPS = 3.09e+10 Tdav = 11.03 T = 24.08
 <-- Site =   38 .. Mmps =  550 Ndav =  11 E =   -206.8845360562 Error = 9.58e-27 FLOPS = 3.07e+10 Tdav = 10.40 T = 22.47
 <-- Site =   37 .. Mmps =  550 Ndav =  12 E =   -206.8845364066 Error = 9.75e-27 FLOPS = 2.97e+10 Tdav = 10.85 T = 21.89
 <-- Site =   36 .. Mmps =  550 Ndav =  12 E =   -206.8845367206 Error = 7.78e-27 FLOPS = 2.95e+10 Tdav = 10.25 T = 20.56
 <-- Site =   35 .. Mmps =  550 Ndav =  13 E =   -206.8845374633 Error = 7.21e-27 FLOPS = 2.90e+10 Tdav = 10.48 T = 19.95
 <-- Site =   34 .. Mmps =  550 Ndav =  11 E =   -206.8845376294 Error = 3.30e-27 FLOPS = 2.96e+10 Tdav = 8.06 T = 16.73
 <-- Site =   33 .. Mmps =  550 Ndav =  12 E =   -206.8845383930 Error = 5.75e-27 FLOPS = 2.92e+10 Tdav = 8.27 T = 16.32
 <-- Site =   32 .. Mmps =  550 Ndav =  11 E =   -206.8845386496 Error = 1.67e-27 FLOPS = 3.01e+10 Tdav = 6.72 T = 13.94
 <-- Site =   31 .. Mmps =  550 Ndav =  12 E =   -206.8845391939 Error = 1.94e-27 FLOPS = 2.96e+10 Tdav = 6.85 T = 13.46
 <-- Site =   30 .. Mmps =  550 Ndav =  11 E =   -206.8845395124 Error = 6.80e-28 FLOPS = 2.98e+10 Tdav = 5.73 T = 11.72
 <-- Site =   29 .. Mmps =  550 Ndav =  11 E =   -206.8845399158 Error = 1.08e-27 FLOPS = 2.97e+10 Tdav = 5.27 T = 10.88
 <-- Site =   28 .. Mmps =  550 Ndav =  11 E =   -206.8845400718 Error = 5.37e-28 FLOPS = 2.95e+10 Tdav = 4.87 T = 9.95
 <-- Site =   27 .. Mmps =  550 Ndav =  10 E =   -206.8845402916 Error = 3.70e-28 FLOPS = 2.96e+10 Tdav = 3.99 T = 8.64
 <-- Site =   26 .. Mmps =  550 Ndav =  11 E =   -206.8845404478 Error = 4.57e-28 FLOPS = 2.87e+10 Tdav = 4.11 T = 8.34
 <-- Site =   25 .. Mmps =  550 Ndav =  12 E =   -206.8845406018 Error = 1.34e-27 FLOPS = 2.85e+10 Tdav = 4.10 T = 8.05
 <-- Site =   24 .. Mmps =  550 Ndav =  12 E =   -206.8845408391 Error = 6.19e-27 FLOPS = 2.83e+10 Tdav = 3.73 T = 7.33
 <-- Site =   23 .. Mmps =  550 Ndav =  12 E =   -206.8845411510 Error = 9.23e-29 FLOPS = 2.76e+10 Tdav = 3.43 T = 6.76
 <-- Site =   22 .. Mmps =  550 Ndav =  12 E =   -206.8845415487 Error = 1.72e-26 FLOPS = 2.77e+10 Tdav = 3.05 T = 6.10
 <-- Site =   21 .. Mmps =  550 Ndav =  12 E =   -206.8845420977 Error = 2.70e-29 FLOPS = 2.74e+10 Tdav = 2.75 T = 5.57
 <-- Site =   20 .. Mmps =  550 Ndav =  11 E =   -206.8845423696 Error = 7.62e-28 FLOPS = 2.76e+10 Tdav = 2.22 T = 4.80
 <-- Site =   19 .. Mmps =  550 Ndav =  12 E =   -206.8845427197 Error = 7.44e-30 FLOPS = 2.60e+10 Tdav = 2.23 T = 4.63
 <-- Site =   18 .. Mmps =  550 Ndav =  11 E =   -206.8845430179 Error = 1.13e-28 FLOPS = 2.65e+10 Tdav = 1.76 T = 4.02
 <-- Site =   17 .. Mmps =  550 Ndav =  11 E =   -206.8845432505 Error = 2.47e-30 FLOPS = 2.63e+10 Tdav = 1.53 T = 3.61
 <-- Site =   16 .. Mmps =  550 Ndav =  10 E =   -206.8845434419 Error = 2.28e-28 FLOPS = 2.68e+10 Tdav = 1.17 T = 3.05
 <-- Site =   15 .. Mmps =  550 Ndav =  12 E =   -206.8845436100 Error = 2.03e-30 FLOPS = 2.44e+10 Tdav = 1.29 T = 3.03
 <-- Site =   14 .. Mmps =  550 Ndav =   9 E =   -206.8845437614 Error = 8.98e-30 FLOPS = 2.66e+10 Tdav = 0.75 T = 2.42
 <-- Site =   13 .. Mmps =  550 Ndav =  10 E =   -206.8845439146 Error = 1.72e-30 FLOPS = 2.50e+10 Tdav = 0.74 T = 2.27
 <-- Site =   12 .. Mmps =  550 Ndav =   9 E =   -206.8845440657 Error = 2.65e-30 FLOPS = 2.49e+10 Tdav = 0.55 T = 2.01
 <-- Site =   11 .. Mmps =  550 Ndav =  11 E =   -206.8845443797 Error = 8.46e-31 FLOPS = 2.25e+10 Tdav = 0.61 T = 1.95
 <-- Site =   10 .. Mmps =  550 Ndav =  10 E =   -206.8845445420 Error = 1.67e-31 FLOPS = 2.24e+10 Tdav = 0.42 T = 1.72
 <-- Site =    9 .. Mmps =  550 Ndav =   9 E =   -206.8845448101 Error = 4.91e-32 FLOPS = 2.19e+10 Tdav = 0.30 T = 1.54
 <-- Site =    8 .. Mmps =  550 Ndav =  10 E =   -206.8845449482 Error = 8.99e-33 FLOPS = 2.12e+10 Tdav = 0.25 T = 1.39
 <-- Site =    7 .. Mmps =  550 Ndav =   8 E =   -206.8845450414 Error = 1.42e-33 FLOPS = 2.13e+10 Tdav = 0.14 T = 1.20
 <-- Site =    6 .. Mmps =  550 Ndav =   8 E =   -206.8845450635 Error = 1.23e-34 FLOPS = 1.94e+10 Tdav = 0.10 T = 1.07
 <-- Site =    5 .. Mmps =  550 Ndav =   6 E =   -206.8845450662 Error = 5.87e-36 FLOPS = 1.78e+10 Tdav = 0.05 T = 0.98
 <-- Site =    4 .. Mmps =  550 Ndav =   3 E =   -206.8845450663 Error = 2.91e-37 FLOPS = 1.45e+10 Tdav = 0.01 T = 0.83
 <-- Site =    3 .. Mmps =  550 Ndav =   1 E =   -206.8845450663 Error = 4.35e-58 FLOPS = 8.55e+09 Tdav = 0.00 T = 0.76
 <-- Site =    2 .. Mmps =  550 Ndav =   1 E =   -206.8845450663 Error = 0.00e+00 FLOPS = 5.64e+09 Tdav = 0.00 T = 0.71
 <-- Site =    1 .. Mmps =  550 Ndav =   1 E =   -206.8845450663 Error = 0.00e+00 FLOPS = 3.23e+09 Tdav = 0.00 T = 0.65
 <-- Site =    0 .. Mmps =  550 Ndav =   1 E =   -206.8845450663 Error = 4.42e-74 FLOPS = 2.22e+09 Tdav = 0.00 T = 0.58
Time elapsed =   7673.410 | E =    -206.8845450663 | DE = -4.55e-05 | DW = 2.32506e-22
Time sweep =     4886.217 | 60.5 TFLOP/SWP
 | Dmem = 138 MB (3%) | Imem = 232 B (79%) | Hmem = 660 MB | Wmem = 4.62 MB | Pmem = 4.62 MB
 | Tread = 76.847 | Twrite = 33.026 | Tfpread = 75.830 | Tfpwrite = 19.375 | Tmporead = 0.000 | Tasync = 0.000
 | data = 14.7 GB | cpsd = 9.69 GB
 | Trot = 194.164 | Tctr = 178.339 | Tint = 0.008 | Tmid = 0.000 | Tdctr = 0.010 | Tdiag = 1.517 | Tinfo = 2.224
 | Teff = 2177.334 | Tprt = 56.992 | Teig = 2116.300 | Tblk = 4415.871 | Tmve = 470.334 | Tdm = 3.338 | Tsplt = 47.580 | Tsvd = 0.000 | Torth = 0.000

Sweep =    8 | Direction =  forward | Bond dimension =  550 | Noise =  0.00e+00 | Dav threshold =  1.00e-08
 --> Site =    0 .. Mmps =    2 Ndav =   1 E =   -206.8845450663 Error = 0.00e+00 FLOPS = 2.15e+09 Tdav = 0.00 T = 0.03
 --> Site =    1 .. Mmps =    4 Ndav =   1 E =   -206.8845450663 Error = 0.00e+00 FLOPS = 3.29e+09 Tdav = 0.00 T = 0.05
 --> Site =    2 .. Mmps =    8 Ndav =   1 E =   -206.8845450663 Error = 0.00e+00 FLOPS = 5.42e+09 Tdav = 0.00 T = 0.07
 --> Site =    3 .. Mmps =   15 Ndav =   1 E =   -206.8845450663 Error = 0.00e+00 FLOPS = 8.38e+09 Tdav = 0.00 T = 0.06
 --> Site =    4 .. Mmps =   30 Ndav =   1 E =   -206.8845450663 Error = 0.00e+00 FLOPS = 1.10e+10 Tdav = 0.01 T = 0.07
 --> Site =    5 .. Mmps =   60 Ndav =   1 E =   -206.8845450663 Error = 0.00e+00 FLOPS = 1.44e+10 Tdav = 0.01 T = 0.08
 --> Site =    6 .. Mmps =  120 Ndav =   1 E =   -206.8845450663 Error = 0.00e+00 FLOPS = 1.78e+10 Tdav = 0.02 T = 0.11
 --> Site =    7 .. Mmps =  240 Ndav =   1 E =   -206.8845450663 Error = 0.00e+00 FLOPS = 2.10e+10 Tdav = 0.05 T = 0.18
 --> Site =    8 .. Mmps =  480 Ndav =   1 E =   -206.8845450663 Error = 0.00e+00 FLOPS = 2.46e+10 Tdav = 0.12 T = 0.47
 --> Site =    9 .. Mmps =  550 Ndav =   1 E =   -206.8845450663 Error = 4.68e-27 FLOPS = 2.76e+10 Tdav = 0.35 T = 1.65
 --> Site =   10 .. Mmps =  550 Ndav =   2 E =   -206.8845450666 Error = 8.69e-27 FLOPS = 3.04e+10 Tdav = 0.85 T = 3.00
 --> Site =   11 .. Mmps =  550 Ndav =   1 E =   -206.8845450666 Error = 1.01e-25 FLOPS = 2.87e+10 Tdav = 0.49 T = 2.99
 --> Site =   12 .. Mmps =  550 Ndav =   2 E =   -206.8845450679 Error = 2.47e-25 FLOPS = 3.09e+10 Tdav = 0.97 T = 3.76
 --> Site =   13 .. Mmps =  550 Ndav =   3 E =   -206.8845450703 Error = 3.74e-23 FLOPS = 3.13e+10 Tdav = 1.53 T = 4.65
 --> Site =   14 .. Mmps =  550 Ndav =   3 E =   -206.8845450739 Error = 2.40e-23 FLOPS = 3.11e+10 Tdav = 1.64 T = 4.95
 --> Site =   15 .. Mmps =  550 Ndav =   4 E =   -206.8845450791 Error = 7.55e-23 FLOPS = 3.13e+10 Tdav = 2.30 T = 5.93
 --> Site =   16 .. Mmps =  550 Ndav =   4 E =   -206.8845450849 Error = 1.52e-24 FLOPS = 3.16e+10 Tdav = 2.40 T = 6.36
 --> Site =   17 .. Mmps =  550 Ndav =   4 E =   -206.8845450903 Error = 1.74e-23 FLOPS = 3.17e+10 Tdav = 2.52 T = 6.84
 --> Site =   18 .. Mmps =  550 Ndav =   4 E =   -206.8845450962 Error = 1.91e-23 FLOPS = 3.18e+10 Tdav = 2.64 T = 7.32
 --> Site =   19 .. Mmps =  550 Ndav =   4 E =   -206.8845451025 Error = 6.64e-23 FLOPS = 3.18e+10 Tdav = 2.76 T = 7.91
 --> Site =   20 .. Mmps =  550 Ndav =   4 E =   -206.8845451079 Error = 2.36e-23 FLOPS = 3.20e+10 Tdav = 2.87 T = 8.32
 --> Site =   21 .. Mmps =  550 Ndav =   4 E =   -206.8845451124 Error = 4.98e-23 FLOPS = 3.21e+10 Tdav = 2.99 T = 8.87
 --> Site =   22 .. Mmps =  550 Ndav =   3 E =   -206.8845451162 Error = 1.46e-23 FLOPS = 3.21e+10 Tdav = 2.33 T = 8.58
 --> Site =   23 .. Mmps =  550 Ndav =   3 E =   -206.8845451184 Error = 6.38e-23 FLOPS = 3.22e+10 Tdav = 2.42 T = 9.10
 --> Site =   24 .. Mmps =  550 Ndav =   3 E =   -206.8845451205 Error = 4.37e-24 FLOPS = 3.23e+10 Tdav = 2.50 T = 9.72
 --> Site =   25 .. Mmps =  550 Ndav =   3 E =   -206.8845451228 Error = 5.46e-23 FLOPS = 3.23e+10 Tdav = 2.60 T = 10.25
 --> Site =   26 .. Mmps =  550 Ndav =   3 E =   -206.8845451245 Error = 4.01e-22 FLOPS = 3.24e+10 Tdav = 2.68 T = 10.81
 --> Site =   27 .. Mmps =  550 Ndav =   3 E =   -206.8845451263 Error = 2.25e-22 FLOPS = 3.25e+10 Tdav = 2.77 T = 11.54
 --> Site =   28 .. Mmps =  550 Ndav =   3 E =   -206.8845451298 Error = 3.08e-23 FLOPS = 3.25e+10 Tdav = 2.86 T = 12.02
 --> Site =   29 .. Mmps =  550 Ndav =   3 E =   -206.8845451323 Error = 1.06e-22 FLOPS = 3.26e+10 Tdav = 2.94 T = 12.63
 --> Site =   30 .. Mmps =  550 Ndav =   4 E =   -206.8845451374 Error = 8.21e-22 FLOPS = 3.26e+10 Tdav = 4.04 T = 14.28
 --> Site =   31 .. Mmps =  550 Ndav =   3 E =   -206.8845451403 Error = 3.75e-23 FLOPS = 3.26e+10 Tdav = 3.12 T = 13.92
 --> Site =   32 .. Mmps =  550 Ndav =   4 E =   -206.8845451483 Error = 1.94e-22 FLOPS = 3.26e+10 Tdav = 4.28 T = 15.71
 --> Site =   33 .. Mmps =  550 Ndav =   3 E =   -206.8845451514 Error = 3.33e-22 FLOPS = 3.27e+10 Tdav = 3.29 T = 15.28
 --> Site =   34 .. Mmps =  550 Ndav =   4 E =   -206.8845451617 Error = 1.46e-22 FLOPS = 3.27e+10 Tdav = 4.52 T = 17.07
 --> Site =   35 .. Mmps =  550 Ndav =   4 E =   -206.8845451650 Error = 3.67e-23 FLOPS = 3.28e+10 Tdav = 4.62 T = 17.83
 --> Site =   36 .. Mmps =  550 Ndav =   4 E =   -206.8845451718 Error = 3.55e-23 FLOPS = 3.28e+10 Tdav = 4.75 T = 18.66
 --> Site =   37 .. Mmps =  550 Ndav =   3 E =   -206.8845451736 Error = 6.15e-23 FLOPS = 3.27e+10 Tdav = 3.66 T = 18.15
 --> Site =   38 .. Mmps =  550 Ndav =   3 E =   -206.8845451766 Error = 1.58e-23 FLOPS = 3.28e+10 Tdav = 3.74 T = 19.10
 --> Site =   39 .. Mmps =  550 Ndav =   3 E =   -206.8845451778 Error = 2.77e-23 FLOPS = 3.29e+10 Tdav = 3.82 T = 19.70
 --> Site =   40 .. Mmps =  550 Ndav =   3 E =   -206.8845451793 Error = 7.98e-23 FLOPS = 3.29e+10 Tdav = 3.91 T = 20.49
 --> Site =   41 .. Mmps =  550 Ndav =   3 E =   -206.8845451813 Error = 8.69e-23 FLOPS = 3.29e+10 Tdav = 4.01 T = 21.32
 --> Site =   42 .. Mmps =  550 Ndav =   3 E =   -206.8845451843 Error = 7.54e-23 FLOPS = 3.29e+10 Tdav = 4.10 T = 22.14
 --> Site =   43 .. Mmps =  550 Ndav =   4 E =   -206.8845451878 Error = 3.97e-22 FLOPS = 3.30e+10 Tdav = 5.45 T = 23.88
 --> Site =   44 .. Mmps =  550 Ndav =   4 E =   -206.8845451920 Error = 5.14e-23 FLOPS = 3.30e+10 Tdav = 5.57 T = 24.33
 --> Site =   45 .. Mmps =  550 Ndav =   4 E =   -206.8845451958 Error = 5.38e-23 FLOPS = 3.30e+10 Tdav = 5.56 T = 24.79
 --> Site =   46 .. Mmps =  550 Ndav =   4 E =   -206.8845451998 Error = 1.70e-23 FLOPS = 3.30e+10 Tdav = 5.68 T = 25.25
 --> Site =   47 .. Mmps =  550 Ndav =   4 E =   -206.8845452028 Error = 1.87e-22 FLOPS = 3.30e+10 Tdav = 5.68 T = 25.65
 --> Site =   48 .. Mmps =  550 Ndav =   3 E =   -206.8845452068 Error = 6.06e-24 FLOPS = 3.30e+10 Tdav = 4.35 T = 24.72
 --> Site =   49 .. Mmps =  550 Ndav =   3 E =   -206.8845452084 Error = 4.39e-23 FLOPS = 3.31e+10 Tdav = 4.43 T = 25.64
 --> Site =   50 .. Mmps =  550 Ndav =   3 E =   -206.8845452119 Error = 4.03e-24 FLOPS = 3.31e+10 Tdav = 4.44 T = 26.13
 --> Site =   51 .. Mmps =  550 Ndav =   2 E =   -206.8845452124 Error = 2.47e-22 FLOPS = 3.28e+10 Tdav = 3.05 T = 24.98
 --> Site =   52 .. Mmps =  550 Ndav =   3 E =   -206.8845452134 Error = 7.79e-22 FLOPS = 3.31e+10 Tdav = 4.62 T = 27.59
 --> Site =   53 .. Mmps =  550 Ndav =   2 E =   -206.8845452139 Error = 7.83e-23 FLOPS = 3.28e+10 Tdav = 3.10 T = 26.37
 --> Site =   54 .. Mmps =  550 Ndav =   3 E =   -206.8845452163 Error = 1.44e-21 FLOPS = 3.31e+10 Tdav = 4.70 T = 28.52
 --> Site =   55 .. Mmps =  550 Ndav =   2 E =   -206.8845452172 Error = 1.85e-22 FLOPS = 3.29e+10 Tdav = 3.16 T = 27.26
 --> Site =   56 .. Mmps =  550 Ndav =   4 E =   -206.8845452210 Error = 6.90e-24 FLOPS = 3.32e+10 Tdav = 6.26 T = 30.38
 --> Site =   57 .. Mmps =  550 Ndav =   3 E =   -206.8845452227 Error = 7.16e-23 FLOPS = 3.31e+10 Tdav = 4.71 T = 28.84
 --> Site =   58 .. Mmps =  550 Ndav =   4 E =   -206.8845452284 Error = 4.67e-22 FLOPS = 3.32e+10 Tdav = 6.37 T = 31.08
 --> Site =   59 .. Mmps =  550 Ndav =   3 E =   -206.8845452308 Error = 6.33e-22 FLOPS = 3.32e+10 Tdav = 4.87 T = 30.32
 --> Site =   60 .. Mmps =  550 Ndav =   4 E =   -206.8845452400 Error = 8.43e-22 FLOPS = 3.32e+10 Tdav = 6.37 T = 31.77
 --> Site =   61 .. Mmps =  550 Ndav =   3 E =   -206.8845452418 Error = 3.53e-22 FLOPS = 3.32e+10 Tdav = 4.88 T = 30.24
 --> Site =   62 .. Mmps =  550 Ndav =   5 E =   -206.8845452524 Error = 5.77e-23 FLOPS = 3.32e+10 Tdav = 8.13 T = 33.98
 --> Site =   63 .. Mmps =  550 Ndav =   3 E =   -206.8845452542 Error = 1.65e-22 FLOPS = 3.32e+10 Tdav = 4.87 T = 30.76
 --> Site =   64 .. Mmps =  550 Ndav =   3 E =   -206.8845452575 Error = 7.88e-24 FLOPS = 3.32e+10 Tdav = 4.97 T = 31.26
 --> Site =   65 .. Mmps =  550 Ndav =   3 E =   -206.8845452588 Error = 6.28e-23 FLOPS = 3.32e+10 Tdav = 4.96 T = 31.89
 --> Site =   66 .. Mmps =  550 Ndav =   3 E =   -206.8845452603 Error = 1.64e-23 FLOPS = 3.33e+10 Tdav = 4.95 T = 31.75
 --> Site =   67 .. Mmps =  550 Ndav =   3 E =   -206.8845452620 Error = 3.80e-23 FLOPS = 3.32e+10 Tdav = 5.05 T = 32.24
 --> Site =   68 .. Mmps =  550 Ndav =   3 E =   -206.8845452648 Error = 4.42e-23 FLOPS = 3.32e+10 Tdav = 5.05 T = 32.64
 --> Site =   69 .. Mmps =  550 Ndav =   4 E =   -206.8845452684 Error = 3.49e-22 FLOPS = 3.32e+10 Tdav = 6.61 T = 33.82
 --> Site =   70 .. Mmps =  550 Ndav =   4 E =   -206.8845452726 Error = 2.45e-22 FLOPS = 3.33e+10 Tdav = 6.60 T = 33.37
 --> Site =   71 .. Mmps =  550 Ndav =   4 E =   -206.8845452768 Error = 2.48e-22 FLOPS = 3.32e+10 Tdav = 6.61 T = 33.34
 --> Site =   72 .. Mmps =  550 Ndav =   4 E =   -206.8845452827 Error = 7.91e-24 FLOPS = 3.33e+10 Tdav = 6.72 T = 33.93
 --> Site =   73 .. Mmps =  550 Ndav =   5 E =   -206.8845452870 Error = 7.20e-23 FLOPS = 3.32e+10 Tdav = 8.42 T = 36.10
 --> Site =   74 .. Mmps =  550 Ndav =   4 E =   -206.8845452950 Error = 1.01e-23 FLOPS = 3.32e+10 Tdav = 6.73 T = 34.42
 --> Site =   75 .. Mmps =  550 Ndav =   3 E =   -206.8845452965 Error = 3.53e-23 FLOPS = 3.32e+10 Tdav = 5.05 T = 32.73
 --> Site =   76 .. Mmps =  550 Ndav =   3 E =   -206.8845453001 Error = 8.60e-24 FLOPS = 3.32e+10 Tdav = 5.05 T = 32.75
 --> Site =   77 .. Mmps =  550 Ndav =   3 E =   -206.8845453010 Error = 9.32e-23 FLOPS = 3.32e+10 Tdav = 5.05 T = 32.69
 --> Site =   78 .. Mmps =  550 Ndav =   2 E =   -206.8845453020 Error = 1.13e-21 FLOPS = 3.30e+10 Tdav = 3.39 T = 31.05
 --> Site =   79 .. Mmps =  550 Ndav =   2 E =   -206.8845453027 Error = 2.82e-22 FLOPS = 3.30e+10 Tdav = 3.39 T = 31.12
 --> Site =   80 .. Mmps =  550 Ndav =   4 E =   -206.8845453069 Error = 1.07e-22 FLOPS = 3.32e+10 Tdav = 6.73 T = 34.39
 --> Site =   81 .. Mmps =  550 Ndav =   2 E =   -206.8845453079 Error = 8.09e-23 FLOPS = 3.29e+10 Tdav = 3.40 T = 31.07
 --> Site =   82 .. Mmps =  550 Ndav =   4 E =   -206.8845453143 Error = 2.10e-21 FLOPS = 3.32e+10 Tdav = 6.61 T = 33.83
 --> Site =   83 .. Mmps =  550 Ndav =   3 E =   -206.8845453165 Error = 3.61e-22 FLOPS = 3.32e+10 Tdav = 5.06 T = 32.30
 --> Site =   84 .. Mmps =  550 Ndav =   4 E =   -206.8845453251 Error = 1.48e-22 FLOPS = 3.32e+10 Tdav = 6.73 T = 34.33
 --> Site =   85 .. Mmps =  550 Ndav =   4 E =   -206.8845453280 Error = 2.51e-22 FLOPS = 3.32e+10 Tdav = 6.73 T = 34.38
 --> Site =   86 .. Mmps =  550 Ndav =   5 E =   -206.8845453396 Error = 4.73e-22 FLOPS = 3.32e+10 Tdav = 8.58 T = 36.80
 --> Site =   87 .. Mmps =  550 Ndav =   4 E =   -206.8845453425 Error = 7.20e-23 FLOPS = 3.32e+10 Tdav = 6.74 T = 34.89
 --> Site =   88 .. Mmps =  550 Ndav =   4 E =   -206.8845453486 Error = 2.08e-22 FLOPS = 3.32e+10 Tdav = 6.74 T = 34.36
 --> Site =   89 .. Mmps =  550 Ndav =   3 E =   -206.8845453501 Error = 1.83e-22 FLOPS = 3.31e+10 Tdav = 5.06 T = 32.80
 --> Site =   90 .. Mmps =  550 Ndav =   4 E =   -206.8845453543 Error = 1.09e-23 FLOPS = 3.32e+10 Tdav = 6.73 T = 34.49
 --> Site =   91 .. Mmps =  550 Ndav =   2 E =   -206.8845453549 Error = 4.02e-23 FLOPS = 3.29e+10 Tdav = 3.40 T = 31.05
 --> Site =   92 .. Mmps =  550 Ndav =   3 E =   -206.8845453564 Error = 4.07e-23 FLOPS = 3.32e+10 Tdav = 5.05 T = 32.82
 --> Site =   93 .. Mmps =  550 Ndav =   3 E =   -206.8845453579 Error = 7.15e-23 FLOPS = 3.33e+10 Tdav = 5.04 T = 32.86
 --> Site =   94 .. Mmps =  550 Ndav =   3 E =   -206.8845453610 Error = 1.67e-23 FLOPS = 3.32e+10 Tdav = 5.05 T = 32.75
 --> Site =   95 .. Mmps =  550 Ndav =   4 E =   -206.8845453643 Error = 1.03e-22 FLOPS = 3.32e+10 Tdav = 6.61 T = 33.86
 --> Site =   96 .. Mmps =  550 Ndav =   4 E =   -206.8845453686 Error = 2.25e-23 FLOPS = 3.33e+10 Tdav = 6.59 T = 33.42
 --> Site =   97 .. Mmps =  550 Ndav =   4 E =   -206.8845453722 Error = 3.19e-23 FLOPS = 3.33e+10 Tdav = 6.60 T = 33.31
 --> Site =   98 .. Mmps =  550 Ndav =   4 E =   -206.8845453765 Error = 2.95e-23 FLOPS = 3.33e+10 Tdav = 6.60 T = 33.30
 --> Site =   99 .. Mmps =  550 Ndav =   4 E =   -206.8845453797 Error = 1.99e-22 FLOPS = 3.33e+10 Tdav = 6.72 T = 33.91
 --> Site =  100 .. Mmps =  550 Ndav =   3 E =   -206.8845453825 Error = 5.28e-24 FLOPS = 3.33e+10 Tdav = 4.95 T = 32.25
 --> Site =  101 .. Mmps =  550 Ndav =   4 E =   -206.8845453844 Error = 4.22e-23 FLOPS = 3.33e+10 Tdav = 6.60 T = 33.38
 --> Site =  102 .. Mmps =  550 Ndav =   4 E =   -206.8845453902 Error = 1.48e-23 FLOPS = 3.33e+10 Tdav = 6.60 T = 33.35
 --> Site =  103 .. Mmps =  550 Ndav =   2 E =   -206.8845453907 Error = 5.90e-23 FLOPS = 3.30e+10 Tdav = 3.27 T = 29.70
 --> Site =  104 .. Mmps =  550 Ndav =   3 E =   -206.8845453919 Error = 1.18e-21 FLOPS = 3.33e+10 Tdav = 4.86 T = 30.66
 --> Site =  105 .. Mmps =  550 Ndav =   2 E =   -206.8845453925 Error = 1.32e-22 FLOPS = 3.30e+10 Tdav = 3.27 T = 29.42
 --> Site =  106 .. Mmps =  550 Ndav =   3 E =   -206.8845453960 Error = 4.02e-23 FLOPS = 3.32e+10 Tdav = 4.87 T = 30.77
 --> Site =  107 .. Mmps =  550 Ndav =   3 E =   -206.8845453974 Error = 6.47e-23 FLOPS = 3.32e+10 Tdav = 4.77 T = 30.15
 --> Site =  108 .. Mmps =  550 Ndav =   3 E =   -206.8845454011 Error = 7.33e-22 FLOPS = 3.32e+10 Tdav = 4.77 T = 29.85
 --> Site =  109 .. Mmps =  550 Ndav =   3 E =   -206.8845454031 Error = 8.69e-23 FLOPS = 3.32e+10 Tdav = 4.69 T = 29.24
 --> Site =  110 .. Mmps =  550 Ndav =   4 E =   -206.8845454136 Error = 1.01e-22 FLOPS = 3.32e+10 Tdav = 6.25 T = 30.28
 --> Site =  111 .. Mmps =  550 Ndav =   3 E =   -206.8845454163 Error = 3.32e-22 FLOPS = 3.31e+10 Tdav = 4.70 T = 28.86
 --> Site =  112 .. Mmps =  550 Ndav =   5 E =   -206.8845454292 Error = 6.48e-23 FLOPS = 3.32e+10 Tdav = 7.82 T = 31.99
 --> Site =  113 .. Mmps =  550 Ndav =   3 E =   -206.8845454313 Error = 5.52e-22 FLOPS = 3.31e+10 Tdav = 4.61 T = 28.33
 --> Site =  114 .. Mmps =  550 Ndav =   5 E =   -206.8845454387 Error = 1.11e-23 FLOPS = 3.32e+10 Tdav = 7.68 T = 31.03
 --> Site =  115 .. Mmps =  550 Ndav =   3 E =   -206.8845454405 Error = 6.29e-23 FLOPS = 3.32e+10 Tdav = 4.60 T = 27.91
 --> Site =  116 .. Mmps =  550 Ndav =   3 E =   -206.8845454434 Error = 1.85e-23 FLOPS = 3.31e+10 Tdav = 4.52 T = 27.33
 --> Site =  117 .. Mmps =  550 Ndav =   2 E =   -206.8845454441 Error = 4.34e-23 FLOPS = 3.29e+10 Tdav = 2.97 T = 24.96
 --> Site =  118 .. Mmps =  550 Ndav =   3 E =   -206.8845454454 Error = 1.47e-23 FLOPS = 3.31e+10 Tdav = 4.43 T = 26.00
 --> Site =  119 .. Mmps =  550 Ndav =   3 E =   -206.8845454472 Error = 6.86e-23 FLOPS = 3.30e+10 Tdav = 4.36 T = 25.52
 --> Site =  120 .. Mmps =  550 Ndav =   3 E =   -206.8845454498 Error = 7.61e-24 FLOPS = 3.30e+10 Tdav = 4.27 T = 24.65
 --> Site =  121 .. Mmps =  550 Ndav =   4 E =   -206.8845454529 Error = 6.34e-22 FLOPS = 3.30e+10 Tdav = 5.68 T = 25.89
 --> Site =  122 .. Mmps =  550 Ndav =   3 E =   -206.8845454561 Error = 2.19e-23 FLOPS = 3.29e+10 Tdav = 4.18 T = 23.80
 --> Site =  123 .. Mmps =  550 Ndav =   5 E =   -206.8845454603 Error = 8.09e-23 FLOPS = 3.30e+10 Tdav = 6.97 T = 26.10
 --> Site =  124 .. Mmps =  550 Ndav =   4 E =   -206.8845454654 Error = 7.72e-23 FLOPS = 3.30e+10 Tdav = 5.44 T = 24.29
 --> Site =  125 .. Mmps =  550 Ndav =   4 E =   -206.8845454688 Error = 3.08e-22 FLOPS = 3.30e+10 Tdav = 5.44 T = 23.97
 --> Site =  126 .. Mmps =  550 Ndav =   3 E =   -206.8845454750 Error = 1.44e-23 FLOPS = 3.29e+10 Tdav = 4.00 T = 22.07
 --> Site =  127 .. Mmps =  550 Ndav =   3 E =   -206.8845454764 Error = 1.46e-22 FLOPS = 3.30e+10 Tdav = 3.91 T = 21.20
 --> Site =  128 .. Mmps =  550 Ndav =   3 E =   -206.8845454792 Error = 8.68e-24 FLOPS = 3.29e+10 Tdav = 3.83 T = 20.44
 --> Site =  129 .. Mmps =  550 Ndav =   2 E =   -206.8845454797 Error = 1.39e-22 FLOPS = 3.26e+10 Tdav = 2.51 T = 18.46
 --> Site =  130 .. Mmps =  550 Ndav =   2 E =   -206.8845454804 Error = 9.33e-23 FLOPS = 3.25e+10 Tdav = 2.46 T = 17.63
 --> Site =  131 .. Mmps =  550 Ndav =   2 E =   -206.8845454809 Error = 1.78e-23 FLOPS = 3.25e+10 Tdav = 2.40 T = 17.02
 --> Site =  132 .. Mmps =  550 Ndav =   3 E =   -206.8845454839 Error = 5.67e-22 FLOPS = 3.27e+10 Tdav = 3.48 T = 17.35
 --> Site =  133 .. Mmps =  550 Ndav =   3 E =   -206.8845454850 Error = 4.87e-23 FLOPS = 3.27e+10 Tdav = 3.39 T = 16.63
 --> Site =  134 .. Mmps =  550 Ndav =   3 E =   -206.8845454893 Error = 2.59e-23 FLOPS = 3.28e+10 Tdav = 3.29 T = 15.97
 --> Site =  135 .. Mmps =  550 Ndav =   3 E =   -206.8845454908 Error = 1.61e-22 FLOPS = 3.28e+10 Tdav = 3.20 T = 15.18
 --> Site =  136 .. Mmps =  550 Ndav =   4 E =   -206.8845454979 Error = 6.40e-24 FLOPS = 3.27e+10 Tdav = 4.15 T = 15.56
 --> Site =  137 .. Mmps =  550 Ndav =   3 E =   -206.8845454994 Error = 3.79e-23 FLOPS = 3.26e+10 Tdav = 3.03 T = 13.85
 --> Site =  138 .. Mmps =  550 Ndav =   4 E =   -206.8845455064 Error = 3.94e-23 FLOPS = 3.26e+10 Tdav = 3.92 T = 14.23
 --> Site =  139 .. Mmps =  550 Ndav =   3 E =   -206.8845455080 Error = 2.95e-22 FLOPS = 3.26e+10 Tdav = 2.85 T = 12.50
 --> Site =  140 .. Mmps =  550 Ndav =   4 E =   -206.8845455138 Error = 5.64e-22 FLOPS = 3.27e+10 Tdav = 3.67 T = 12.81
 --> Site =  141 .. Mmps =  550 Ndav =   3 E =   -206.8845455156 Error = 2.52e-23 FLOPS = 3.24e+10 Tdav = 2.68 T = 11.30
 --> Site =  142 .. Mmps =  550 Ndav =   4 E =   -206.8845455191 Error = 4.93e-24 FLOPS = 3.25e+10 Tdav = 3.44 T = 11.71
 --> Site =  143 .. Mmps =  550 Ndav =   2 E =   -206.8845455196 Error = 6.18e-23 FLOPS = 3.21e+10 Tdav = 1.68 T = 9.31
 --> Site =  144 .. Mmps =  550 Ndav =   2 E =   -206.8845455203 Error = 7.12e-23 FLOPS = 3.19e+10 Tdav = 1.63 T = 8.78
 --> Site =  145 .. Mmps =  550 Ndav =   3 E =   -206.8845455214 Error = 1.93e-22 FLOPS = 3.21e+10 Tdav = 2.33 T = 9.03
 --> Site =  146 .. Mmps =  550 Ndav =   3 E =   -206.8845455229 Error = 6.24e-23 FLOPS = 3.21e+10 Tdav = 2.24 T = 8.52
 --> Site =  147 .. Mmps =  550 Ndav =   3 E =   -206.8845455245 Error = 5.32e-23 FLOPS = 3.19e+10 Tdav = 2.16 T = 8.09
 --> Site =  148 .. Mmps =  550 Ndav =   3 E =   -206.8845455267 Error = 3.41e-23 FLOPS = 3.19e+10 Tdav = 2.06 T = 7.48
 --> Site =  149 .. Mmps =  550 Ndav =   3 E =   -206.8845455285 Error = 5.81e-23 FLOPS = 3.18e+10 Tdav = 1.98 T = 6.99
 --> Site =  150 .. Mmps =  550 Ndav =   3 E =   -206.8845455314 Error = 1.15e-23 FLOPS = 3.16e+10 Tdav = 1.89 T = 6.54
 --> Site =  151 .. Mmps =  550 Ndav =   3 E =   -206.8845455327 Error = 1.73e-23 FLOPS = 3.15e+10 Tdav = 1.81 T = 6.19
 --> Site =  152 .. Mmps =  550 Ndav =   3 E =   -206.8845455341 Error = 7.90e-24 FLOPS = 3.13e+10 Tdav = 1.72 T = 5.66
 --> Site =  153 .. Mmps =  550 Ndav =   2 E =   -206.8845455345 Error = 6.75e-23 FLOPS = 3.07e+10 Tdav = 1.11 T = 4.72
 --> Site =  154 .. Mmps =  550 Ndav =   3 E =   -206.8845455360 Error = 8.68e-24 FLOPS = 3.14e+10 Tdav = 1.53 T = 4.85
 --> Site =  155 .. Mmps =  550 Ndav =   1 E =   -206.8845455360 Error = 6.70e-22 FLOPS = 2.91e+10 Tdav = 0.51 T = 3.52
 --> Site =  156 .. Mmps =  550 Ndav =   2 E =   -206.8845455365 Error = 1.09e-19 FLOPS = 3.05e+10 Tdav = 0.92 T = 3.68
 --> Site =  157 .. Mmps =  550 Ndav =   1 E =   -206.8845455365 Error = 2.08e-21 FLOPS = 2.82e+10 Tdav = 0.46 T = 2.95
 --> Site =  158 .. Mmps =  550 Ndav =   1 E =   -206.8845455365 Error = 1.82e-22 FLOPS = 2.78e+10 Tdav = 0.43 T = 2.69
 --> Site =  159 .. Mmps =  550 Ndav =   1 E =   -206.8845455365 Error = 2.97e-31 FLOPS = 2.65e+10 Tdav = 0.29 T = 2.27
 --> Site =  160 .. Mmps =  550 Ndav =   2 E =   -206.8845455369 Error = 3.70e-29 FLOPS = 2.62e+10 Tdav = 0.24 T = 1.99
 --> Site =  161 .. Mmps =  550 Ndav =   1 E =   -206.8845455369 Error = 5.05e-55 FLOPS = 2.28e+10 Tdav = 0.06 T = 1.56
 --> Site =  162 .. Mmps =  550 Ndav =   1 E =   -206.8845455369 Error = 8.62e-81 FLOPS = 1.95e+10 Tdav = 0.03 T = 1.34
 --> Site =  163 .. Mmps =  550 Ndav =   2 E =   -206.8845455373 Error = 3.72e-33 FLOPS = 1.81e+10 Tdav = 0.03 T = 1.26
 --> Site =  164 .. Mmps =  550 Ndav =   1 E =   -206.8845455373 Error = 1.33e-58 FLOPS = 1.35e+10 Tdav = 0.01 T = 1.07
 --> Site =  165 .. Mmps =  550 Ndav =   1 E =   -206.8845455373 Error = 1.22e-83 FLOPS = 8.05e+09 Tdav = 0.01 T = 0.94
 --> Site =  166 .. Mmps =  550 Ndav =   1 E =   -206.8845455373 Error = 4.84e-107 FLOPS = 4.33e+09 Tdav = 0.00 T = 0.86
 --> Site =  167 .. Mmps =  550 Ndav =   1 E =   -206.8845455373 Error = 1.59e-134 FLOPS = 2.05e+09 Tdav = 0.00 T = 0.70
 --> Site =  168 .. Mmps =  546 Ndav =   1 E =   -206.8845455373 Error = 0.00e+00 FLOPS = 1.96e+09 Tdav = 0.00 T = 0.39
Time elapsed =  10968.925 | E =    -206.8845455373 | DE = -4.71e-07 | DW = 1.09449e-19
Time sweep =     3295.515 | 18.8 TFLOP/SWP
 | Dmem = 138 MB (3%) | Imem = 232 B (79%) | Hmem = 660 MB | Wmem = 4.62 MB | Pmem = 0 B
 | Tread = 82.761 | Twrite = 33.108 | Tfpread = 81.596 | Tfpwrite = 20.318 | Tmporead = 0.000 | Tasync = 0.000
 | data = 14.7 GB | cpsd = 11.0 GB
 | Trot = 197.538 | Tctr = 1.561 | Tint = 0.008 | Tmid = 0.000 | Tdctr = 65.837 | Tdiag = 1.620 | Tinfo = 2.333
 | Teff = 2373.350 | Tprt = 0.000 | Teig = 627.034 | Tblk = 3059.300 | Tmve = 236.204 | Tdm = 2.999 | Tsplt = 43.593 | Tsvd = 0.000 | Torth = 0.000

Sweep =    9 | Direction = backward | Bond dimension =  550 | Noise =  0.00e+00 | Dav threshold =  1.00e-08
 <-- Site =  168 .. Mmps =    2 Ndav =   1 E =   -206.8845455373 Error = 0.00e+00 FLOPS = 1.96e+09 Tdav = 0.00 T = 0.03
 <-- Site =  167 .. Mmps =    4 Ndav =   1 E =   -206.8845455373 Error = 0.00e+00 FLOPS = 2.33e+09 Tdav = 0.00 T = 0.13
 <-- Site =  166 .. Mmps =    8 Ndav =   1 E =   -206.8845455373 Error = 0.00e+00 FLOPS = 4.62e+09 Tdav = 0.00 T = 0.18
 <-- Site =  165 .. Mmps =   16 Ndav =   1 E =   -206.8845455373 Error = 0.00e+00 FLOPS = 7.93e+09 Tdav = 0.01 T = 0.26
 <-- Site =  164 .. Mmps =   29 Ndav =   1 E =   -206.8845455373 Error = 0.00e+00 FLOPS = 1.37e+10 Tdav = 0.01 T = 0.36
 <-- Site =  163 .. Mmps =   58 Ndav =   1 E =   -206.8845455373 Error = 0.00e+00 FLOPS = 1.61e+10 Tdav = 0.02 T = 0.47
 <-- Site =  162 .. Mmps =  116 Ndav =   1 E =   -206.8845455373 Error = 0.00e+00 FLOPS = 1.98e+10 Tdav = 0.03 T = 0.63
 <-- Site =  161 .. Mmps =  232 Ndav =   1 E =   -206.8845455373 Error = 0.00e+00 FLOPS = 2.38e+10 Tdav = 0.06 T = 0.81
 <-- Site =  160 .. Mmps =  464 Ndav =   1 E =   -206.8845455373 Error = 0.00e+00 FLOPS = 2.51e+10 Tdav = 0.14 T = 1.11
 <-- Site =  159 .. Mmps =  550 Ndav =   1 E =   -206.8845455373 Error = 1.56e-26 FLOPS = 2.73e+10 Tdav = 0.32 T = 1.79
 <-- Site =  158 .. Mmps =  550 Ndav =   1 E =   -206.8845455373 Error = 2.32e-21 FLOPS = 2.78e+10 Tdav = 0.43 T = 2.57
 <-- Site =  157 .. Mmps =  550 Ndav =   1 E =   -206.8845455373 Error = 9.24e-26 FLOPS = 2.82e+10 Tdav = 0.46 T = 3.01
 <-- Site =  156 .. Mmps =  550 Ndav =   1 E =   -206.8845455373 Error = 1.92e-20 FLOPS = 2.86e+10 Tdav = 0.49 T = 3.32
 <-- Site =  155 .. Mmps =  550 Ndav =   1 E =   -206.8845455373 Error = 3.65e-24 FLOPS = 2.93e+10 Tdav = 0.51 T = 3.62
 <-- Site =  154 .. Mmps =  550 Ndav =   1 E =   -206.8845455373 Error = 1.26e-21 FLOPS = 2.91e+10 Tdav = 0.55 T = 4.12
 <-- Site =  153 .. Mmps =  550 Ndav =   1 E =   -206.8845455373 Error = 1.07e-23 FLOPS = 2.96e+10 Tdav = 0.57 T = 4.35
 <-- Site =  152 .. Mmps =  550 Ndav =   1 E =   -206.8845455373 Error = 1.26e-21 FLOPS = 2.89e+10 Tdav = 0.62 T = 4.74
 <-- Site =  151 .. Mmps =  550 Ndav =   1 E =   -206.8845455373 Error = 9.93e-24 FLOPS = 2.91e+10 Tdav = 0.65 T = 5.13
 <-- Site =  150 .. Mmps =  550 Ndav =   1 E =   -206.8845455373 Error = 1.11e-21 FLOPS = 2.94e+10 Tdav = 0.68 T = 5.55
 <-- Site =  149 .. Mmps =  550 Ndav =   1 E =   -206.8845455373 Error = 2.19e-23 FLOPS = 2.96e+10 Tdav = 0.71 T = 6.01
 <-- Site =  148 .. Mmps =  550 Ndav =   1 E =   -206.8845455373 Error = 2.48e-21 FLOPS = 2.97e+10 Tdav = 0.74 T = 6.39
 <-- Site =  147 .. Mmps =  550 Ndav =   1 E =   -206.8845455373 Error = 1.41e-23 FLOPS = 3.00e+10 Tdav = 0.77 T = 6.85
 <-- Site =  146 .. Mmps =  550 Ndav =   1 E =   -206.8845455373 Error = 2.86e-21 FLOPS = 3.01e+10 Tdav = 0.80 T = 7.32
 <-- Site =  145 .. Mmps =  550 Ndav =   1 E =   -206.8845455373 Error = 1.07e-23 FLOPS = 3.02e+10 Tdav = 0.83 T = 7.96
 <-- Site =  144 .. Mmps =  550 Ndav =   1 E =   -206.8845455373 Error = 3.64e-21 FLOPS = 3.03e+10 Tdav = 0.86 T = 8.44
 <-- Site =  143 .. Mmps =  550 Ndav =   1 E =   -206.8845455373 Error = 1.68e-23 FLOPS = 3.05e+10 Tdav = 0.88 T = 8.91
 <-- Site =  142 .. Mmps =  550 Ndav =   1 E =   -206.8845455373 Error = 3.69e-19 FLOPS = 3.03e+10 Tdav = 0.92 T = 9.51
 <-- Site =  141 .. Mmps =  550 Ndav =   1 E =   -206.8845455373 Error = 3.50e-23 FLOPS = 3.07e+10 Tdav = 0.94 T = 10.02
 <-- Site =  140 .. Mmps =  550 Ndav =   1 E =   -206.8845455373 Error = 1.92e-18 FLOPS = 3.10e+10 Tdav = 0.97 T = 10.65
 <-- Site =  139 .. Mmps =  550 Ndav =   1 E =   -206.8845455373 Error = 1.15e-22 FLOPS = 3.09e+10 Tdav = 1.00 T = 11.20
 <-- Site =  138 .. Mmps =  550 Ndav =   1 E =   -206.8845455373 Error = 5.39e-19 FLOPS = 3.12e+10 Tdav = 1.02 T = 11.84
 <-- Site =  137 .. Mmps =  550 Ndav =   1 E =   -206.8845455373 Error = 5.63e-23 FLOPS = 3.11e+10 Tdav = 1.06 T = 12.49
 <-- Site =  136 .. Mmps =  550 Ndav =   1 E =   -206.8845455373 Error = 1.13e-18 FLOPS = 3.13e+10 Tdav = 1.09 T = 13.07
 <-- Site =  135 .. Mmps =  550 Ndav =   1 E =   -206.8845455373 Error = 7.02e-23 FLOPS = 3.13e+10 Tdav = 1.12 T = 13.71
 <-- Site =  134 .. Mmps =  550 Ndav =   1 E =   -206.8845455373 Error = 1.55e-18 FLOPS = 3.11e+10 Tdav = 1.15 T = 14.48
 <-- Site =  133 .. Mmps =  550 Ndav =   1 E =   -206.8845455373 Error = 3.99e-23 FLOPS = 3.13e+10 Tdav = 1.18 T = 15.09
 <-- Site =  132 .. Mmps =  550 Ndav =   1 E =   -206.8845455373 Error = 2.67e-19 FLOPS = 3.09e+10 Tdav = 1.23 T = 15.89
 <-- Site =  131 .. Mmps =  550 Ndav =   1 E =   -206.8845455373 Error = 4.41e-23 FLOPS = 3.12e+10 Tdav = 1.25 T = 16.59
 <-- Site =  130 .. Mmps =  550 Ndav =   1 E =   -206.8845455373 Error = 7.62e-19 FLOPS = 3.13e+10 Tdav = 1.27 T = 17.34
 <-- Site =  129 .. Mmps =  550 Ndav =   1 E =   -206.8845455373 Error = 3.12e-23 FLOPS = 3.14e+10 Tdav = 1.31 T = 18.06
 <-- Site =  128 .. Mmps =  550 Ndav =   1 E =   -206.8845455373 Error = 3.33e-20 FLOPS = 3.14e+10 Tdav = 1.34 T = 18.96
 <-- Site =  127 .. Mmps =  550 Ndav =   1 E =   -206.8845455373 Error = 9.29e-23 FLOPS = 3.15e+10 Tdav = 1.36 T = 19.78
 <-- Site =  126 .. Mmps =  550 Ndav =   1 E =   -206.8845455373 Error = 9.69e-21 FLOPS = 3.15e+10 Tdav = 1.39 T = 20.50
 <-- Site =  125 .. Mmps =  550 Ndav =   1 E =   -206.8845455373 Error = 1.06e-22 FLOPS = 3.16e+10 Tdav = 1.42 T = 20.92
 <-- Site =  124 .. Mmps =  550 Ndav =   1 E =   -206.8845455373 Error = 1.10e-20 FLOPS = 3.16e+10 Tdav = 1.42 T = 21.32
 <-- Site =  123 .. Mmps =  550 Ndav =   1 E =   -206.8845455373 Error = 5.90e-23 FLOPS = 3.16e+10 Tdav = 1.45 T = 21.83
 <-- Site =  122 .. Mmps =  550 Ndav =   1 E =   -206.8845455373 Error = 1.48e-20 FLOPS = 3.17e+10 Tdav = 1.45 T = 22.17
 <-- Site =  121 .. Mmps =  550 Ndav =   1 E =   -206.8845455373 Error = 6.19e-23 FLOPS = 3.17e+10 Tdav = 1.48 T = 22.58
 <-- Site =  120 .. Mmps =  550 Ndav =   1 E =   -206.8845455373 Error = 1.35e-20 FLOPS = 3.17e+10 Tdav = 1.48 T = 23.04
 <-- Site =  119 .. Mmps =  550 Ndav =   1 E =   -206.8845455373 Error = 4.21e-23 FLOPS = 3.18e+10 Tdav = 1.51 T = 23.83
 <-- Site =  118 .. Mmps =  550 Ndav =   1 E =   -206.8845455373 Error = 8.19e-21 FLOPS = 3.18e+10 Tdav = 1.54 T = 24.45
 <-- Site =  117 .. Mmps =  550 Ndav =   1 E =   -206.8845455373 Error = 1.03e-22 FLOPS = 3.18e+10 Tdav = 1.54 T = 24.83
 <-- Site =  116 .. Mmps =  550 Ndav =   1 E =   -206.8845455373 Error = 2.95e-19 FLOPS = 3.20e+10 Tdav = 1.56 T = 25.75
 <-- Site =  115 .. Mmps =  550 Ndav =   1 E =   -206.8845455373 Error = 1.58e-22 FLOPS = 3.20e+10 Tdav = 1.59 T = 26.21
 <-- Site =  114 .. Mmps =  550 Ndav =   1 E =   -206.8845455373 Error = 1.17e-18 FLOPS = 3.19e+10 Tdav = 1.60 T = 26.31
 <-- Site =  113 .. Mmps =  550 Ndav =   1 E =   -206.8845455373 Error = 7.50e-23 FLOPS = 3.19e+10 Tdav = 1.60 T = 26.64
 <-- Site =  112 .. Mmps =  550 Ndav =   1 E =   -206.8845455373 Error = 1.27e-18 FLOPS = 3.19e+10 Tdav = 1.63 T = 27.21
 <-- Site =  111 .. Mmps =  550 Ndav =   1 E =   -206.8845455373 Error = 3.52e-23 FLOPS = 3.19e+10 Tdav = 1.63 T = 27.16
 <-- Site =  110 .. Mmps =  550 Ndav =   1 E =   -206.8845455373 Error = 1.34e-18 FLOPS = 3.20e+10 Tdav = 1.62 T = 27.21
 <-- Site =  109 .. Mmps =  550 Ndav =   1 E =   -206.8845455373 Error = 9.30e-23 FLOPS = 3.19e+10 Tdav = 1.63 T = 27.63
 <-- Site =  108 .. Mmps =  550 Ndav =   1 E =   -206.8845455373 Error = 1.08e-18 FLOPS = 3.19e+10 Tdav = 1.66 T = 28.17
 <-- Site =  107 .. Mmps =  550 Ndav =   1 E =   -206.8845455373 Error = 6.37e-23 FLOPS = 3.19e+10 Tdav = 1.66 T = 28.67
 <-- Site =  106 .. Mmps =  550 Ndav =   1 E =   -206.8845455373 Error = 8.71e-19 FLOPS = 3.20e+10 Tdav = 1.69 T = 29.17
 <-- Site =  105 .. Mmps =  550 Ndav =   1 E =   -206.8845455373 Error = 4.84e-23 FLOPS = 3.20e+10 Tdav = 1.69 T = 29.14
 <-- Site =  104 .. Mmps =  550 Ndav =   1 E =   -206.8845455373 Error = 8.92e-20 FLOPS = 3.20e+10 Tdav = 1.69 T = 29.29
 <-- Site =  103 .. Mmps =  550 Ndav =   1 E =   -206.8845455373 Error = 3.61e-23 FLOPS = 3.19e+10 Tdav = 1.69 T = 29.63
 <-- Site =  102 .. Mmps =  550 Ndav =   1 E =   -206.8845455373 Error = 9.01e-22 FLOPS = 3.21e+10 Tdav = 1.71 T = 30.11
 <-- Site =  101 .. Mmps =  550 Ndav =   1 E =   -206.8845455373 Error = 9.55e-23 FLOPS = 3.20e+10 Tdav = 1.72 T = 30.13
 <-- Site =  100 .. Mmps =  550 Ndav =   1 E =   -206.8845455373 Error = 9.96e-21 FLOPS = 3.20e+10 Tdav = 1.71 T = 30.57
 <-- Site =   99 .. Mmps =  550 Ndav =   1 E =   -206.8845455373 Error = 5.98e-23 FLOPS = 3.21e+10 Tdav = 1.74 T = 30.64
 <-- Site =   98 .. Mmps =  550 Ndav =   1 E =   -206.8845455373 Error = 1.21e-20 FLOPS = 3.20e+10 Tdav = 1.72 T = 30.22
 <-- Site =   97 .. Mmps =  550 Ndav =   1 E =   -206.8845455373 Error = 5.27e-23 FLOPS = 3.20e+10 Tdav = 1.71 T = 30.14
 <-- Site =   96 .. Mmps =  550 Ndav =   1 E =   -206.8845455373 Error = 3.92e-20 FLOPS = 3.21e+10 Tdav = 1.71 T = 30.13
 <-- Site =   95 .. Mmps =  550 Ndav =   1 E =   -206.8845455373 Error = 4.17e-23 FLOPS = 3.18e+10 Tdav = 1.73 T = 30.59
 <-- Site =   94 .. Mmps =  550 Ndav =   1 E =   -206.8845455373 Error = 2.76e-20 FLOPS = 3.20e+10 Tdav = 1.75 T = 31.10
 <-- Site =   93 .. Mmps =  550 Ndav =   1 E =   -206.8845455373 Error = 3.98e-23 FLOPS = 3.20e+10 Tdav = 1.75 T = 31.22
 <-- Site =   92 .. Mmps =  550 Ndav =   1 E =   -206.8845455373 Error = 3.01e-20 FLOPS = 3.20e+10 Tdav = 1.75 T = 31.21
 <-- Site =   91 .. Mmps =  550 Ndav =   1 E =   -206.8845455373 Error = 6.23e-23 FLOPS = 3.20e+10 Tdav = 1.75 T = 31.17
 <-- Site =   90 .. Mmps =  550 Ndav =   1 E =   -206.8845455373 Error = 4.38e-19 FLOPS = 3.20e+10 Tdav = 1.75 T = 31.43
 <-- Site =   89 .. Mmps =  550 Ndav =   1 E =   -206.8845455373 Error = 8.07e-23 FLOPS = 3.20e+10 Tdav = 1.75 T = 31.14
 <-- Site =   88 .. Mmps =  550 Ndav =   1 E =   -206.8845455373 Error = 3.25e-18 FLOPS = 3.19e+10 Tdav = 1.75 T = 31.16
 <-- Site =   87 .. Mmps =  550 Ndav =   1 E =   -206.8845455373 Error = 6.14e-23 FLOPS = 3.18e+10 Tdav = 1.76 T = 31.66
 <-- Site =   86 .. Mmps =  550 Ndav =   1 E =   -206.8845455373 Error = 1.41e-18 FLOPS = 3.20e+10 Tdav = 1.78 T = 31.85
 <-- Site =   85 .. Mmps =  550 Ndav =   1 E =   -206.8845455373 Error = 7.40e-23 FLOPS = 3.20e+10 Tdav = 1.74 T = 31.14
 <-- Site =   84 .. Mmps =  550 Ndav =   1 E =   -206.8845455373 Error = 6.15e-19 FLOPS = 3.21e+10 Tdav = 1.74 T = 31.08
 <-- Site =   83 .. Mmps =  550 Ndav =   1 E =   -206.8845455373 Error = 9.23e-23 FLOPS = 3.20e+10 Tdav = 1.75 T = 30.73
 <-- Site =   82 .. Mmps =  550 Ndav =   1 E =   -206.8845455373 Error = 3.93e-18 FLOPS = 3.20e+10 Tdav = 1.71 T = 30.66
 <-- Site =   81 .. Mmps =  550 Ndav =   1 E =   -206.8845455373 Error = 6.34e-23 FLOPS = 3.20e+10 Tdav = 1.75 T = 31.15
 <-- Site =   80 .. Mmps =  550 Ndav =   1 E =   -206.8845455373 Error = 1.61e-18 FLOPS = 3.21e+10 Tdav = 1.74 T = 31.30
 <-- Site =   79 .. Mmps =  550 Ndav =   1 E =   -206.8845455373 Error = 1.07e-22 FLOPS = 3.20e+10 Tdav = 1.75 T = 31.20
 <-- Site =   78 .. Mmps =  550 Ndav =   1 E =   -206.8845455373 Error = 6.82e-19 FLOPS = 3.21e+10 Tdav = 1.74 T = 31.22
 <-- Site =   77 .. Mmps =  550 Ndav =   1 E =   -206.8845455373 Error = 5.42e-23 FLOPS = 3.21e+10 Tdav = 1.74 T = 31.24
 <-- Site =   76 .. Mmps =  550 Ndav =   1 E =   -206.8845455373 Error = 1.11e-20 FLOPS = 3.21e+10 Tdav = 1.74 T = 31.13
 <-- Site =   75 .. Mmps =  550 Ndav =   1 E =   -206.8845455373 Error = 1.40e-22 FLOPS = 3.22e+10 Tdav = 1.74 T = 31.15
 <-- Site =   74 .. Mmps =  550 Ndav =   1 E =   -206.8845455373 Error = 7.34e-21 FLOPS = 3.21e+10 Tdav = 1.74 T = 31.19
 <-- Site =   73 .. Mmps =  550 Ndav =   1 E =   -206.8845455373 Error = 1.27e-22 FLOPS = 3.21e+10 Tdav = 1.74 T = 31.13
 <-- Site =   72 .. Mmps =  550 Ndav =   1 E =   -206.8845455373 Error = 1.11e-20 FLOPS = 3.21e+10 Tdav = 1.74 T = 30.82
 <-- Site =   71 .. Mmps =  550 Ndav =   1 E =   -206.8845455373 Error = 6.67e-23 FLOPS = 3.21e+10 Tdav = 1.71 T = 30.28
 <-- Site =   70 .. Mmps =  550 Ndav =   1 E =   -206.8845455373 Error = 3.09e-20 FLOPS = 3.22e+10 Tdav = 1.71 T = 30.17
 <-- Site =   69 .. Mmps =  550 Ndav =   1 E =   -206.8845455373 Error = 4.53e-23 FLOPS = 3.22e+10 Tdav = 1.71 T = 30.72
 <-- Site =   68 .. Mmps =  550 Ndav =   1 E =   -206.8845455373 Error = 6.44e-21 FLOPS = 3.22e+10 Tdav = 1.74 T = 31.12
 <-- Site =   67 .. Mmps =  550 Ndav =   1 E =   -206.8845455373 Error = 4.50e-23 FLOPS = 3.22e+10 Tdav = 1.74 T = 30.76
 <-- Site =   66 .. Mmps =  550 Ndav =   1 E =   -206.8845455373 Error = 1.98e-20 FLOPS = 3.21e+10 Tdav = 1.71 T = 30.24
 <-- Site =   65 .. Mmps =  550 Ndav =   1 E =   -206.8845455373 Error = 8.30e-23 FLOPS = 3.21e+10 Tdav = 1.71 T = 30.26
 <-- Site =   64 .. Mmps =  550 Ndav =   1 E =   -206.8845455373 Error = 1.63e-19 FLOPS = 3.20e+10 Tdav = 1.71 T = 29.87
 <-- Site =   63 .. Mmps =  550 Ndav =   1 E =   -206.8845455373 Error = 5.38e-23 FLOPS = 3.20e+10 Tdav = 1.68 T = 29.18
 <-- Site =   62 .. Mmps =  550 Ndav =   1 E =   -206.8845455373 Error = 3.32e-18 FLOPS = 3.20e+10 Tdav = 1.68 T = 29.27
 <-- Site =   61 .. Mmps =  550 Ndav =   1 E =   -206.8845455373 Error = 5.91e-23 FLOPS = 3.19e+10 Tdav = 1.69 T = 28.81
 <-- Site =   60 .. Mmps =  550 Ndav =   1 E =   -206.8845455373 Error = 1.26e-18 FLOPS = 3.20e+10 Tdav = 1.65 T = 28.60
 <-- Site =   59 .. Mmps =  550 Ndav =   1 E =   -206.8845455373 Error = 6.69e-23 FLOPS = 3.20e+10 Tdav = 1.68 T = 28.69
 <-- Site =   58 .. Mmps =  550 Ndav =   1 E =   -206.8845455373 Error = 9.28e-19 FLOPS = 3.20e+10 Tdav = 1.65 T = 27.78
 <-- Site =   57 .. Mmps =  550 Ndav =   1 E =   -206.8845455373 Error = 8.86e-23 FLOPS = 3.19e+10 Tdav = 1.63 T = 27.26
 <-- Site =   56 .. Mmps =  550 Ndav =   1 E =   -206.8845455373 Error = 1.39e-18 FLOPS = 3.20e+10 Tdav = 1.62 T = 27.25
 <-- Site =   55 .. Mmps =  550 Ndav =   1 E =   -206.8845455373 Error = 6.35e-23 FLOPS = 3.19e+10 Tdav = 1.63 T = 27.24
 <-- Site =   54 .. Mmps =  550 Ndav =   1 E =   -206.8845455373 Error = 1.01e-18 FLOPS = 3.19e+10 Tdav = 1.63 T = 26.88
 <-- Site =   53 .. Mmps =  550 Ndav =   1 E =   -206.8845455373 Error = 7.17e-23 FLOPS = 3.19e+10 Tdav = 1.60 T = 26.37
 <-- Site =   52 .. Mmps =  550 Ndav =   1 E =   -206.8845455373 Error = 1.06e-18 FLOPS = 3.20e+10 Tdav = 1.59 T = 25.92
 <-- Site =   51 .. Mmps =  550 Ndav =   1 E =   -206.8845455373 Error = 3.27e-23 FLOPS = 3.19e+10 Tdav = 1.56 T = 25.01
 <-- Site =   50 .. Mmps =  550 Ndav =   1 E =   -206.8845455373 Error = 1.11e-20 FLOPS = 3.20e+10 Tdav = 1.53 T = 24.45
 <-- Site =   49 .. Mmps =  550 Ndav =   1 E =   -206.8845455373 Error = 1.04e-22 FLOPS = 3.18e+10 Tdav = 1.54 T = 24.15
 <-- Site =   48 .. Mmps =  550 Ndav =   1 E =   -206.8845455373 Error = 9.27e-21 FLOPS = 3.18e+10 Tdav = 1.51 T = 23.21
 <-- Site =   47 .. Mmps =  550 Ndav =   1 E =   -206.8845455373 Error = 9.14e-23 FLOPS = 3.16e+10 Tdav = 1.48 T = 22.71
 <-- Site =   46 .. Mmps =  550 Ndav =   1 E =   -206.8845455373 Error = 1.15e-20 FLOPS = 3.18e+10 Tdav = 1.47 T = 22.30
 <-- Site =   45 .. Mmps =  550 Ndav =   1 E =   -206.8845455373 Error = 7.48e-23 FLOPS = 3.16e+10 Tdav = 1.45 T = 21.88
 <-- Site =   44 .. Mmps =  550 Ndav =   1 E =   -206.8845455373 Error = 1.57e-20 FLOPS = 3.17e+10 Tdav = 1.45 T = 21.49
 <-- Site =   43 .. Mmps =  550 Ndav =   1 E =   -206.8845455373 Error = 4.05e-23 FLOPS = 3.16e+10 Tdav = 1.42 T = 21.06
 <-- Site =   42 .. Mmps =  550 Ndav =   1 E =   -206.8845455373 Error = 1.96e-20 FLOPS = 3.15e+10 Tdav = 1.43 T = 20.68
 <-- Site =   41 .. Mmps =  550 Ndav =   1 E =   -206.8845455373 Error = 4.49e-23 FLOPS = 3.14e+10 Tdav = 1.40 T = 19.88
 <-- Site =   40 .. Mmps =  550 Ndav =   1 E =   -206.8845455373 Error = 1.12e-20 FLOPS = 3.11e+10 Tdav = 1.38 T = 19.07
 <-- Site =   39 .. Mmps =  550 Ndav =   1 E =   -206.8845455373 Error = 1.55e-22 FLOPS = 3.15e+10 Tdav = 1.33 T = 18.26
 <-- Site =   38 .. Mmps =  550 Ndav =   1 E =   -206.8845455373 Error = 9.41e-19 FLOPS = 3.14e+10 Tdav = 1.30 T = 17.53
 <-- Site =   37 .. Mmps =  550 Ndav =   1 E =   -206.8845455373 Error = 9.19e-23 FLOPS = 3.12e+10 Tdav = 1.28 T = 16.82
 <-- Site =   36 .. Mmps =  550 Ndav =   1 E =   -206.8845455373 Error = 1.81e-18 FLOPS = 3.13e+10 Tdav = 1.24 T = 16.05
 <-- Site =   35 .. Mmps =  550 Ndav =   1 E =   -206.8845455373 Error = 1.85e-23 FLOPS = 3.11e+10 Tdav = 1.22 T = 15.31
 <-- Site =   34 .. Mmps =  550 Ndav =   1 E =   -206.8845455373 Error = 7.95e-19 FLOPS = 3.14e+10 Tdav = 1.17 T = 14.60
 <-- Site =   33 .. Mmps =  550 Ndav =   1 E =   -206.8845455373 Error = 1.06e-22 FLOPS = 3.13e+10 Tdav = 1.15 T = 13.91
 <-- Site =   32 .. Mmps =  550 Ndav =   1 E =   -206.8845455373 Error = 1.55e-18 FLOPS = 3.12e+10 Tdav = 1.12 T = 13.23
 <-- Site =   31 .. Mmps =  550 Ndav =   1 E =   -206.8845455373 Error = 3.73e-23 FLOPS = 3.12e+10 Tdav = 1.09 T = 12.58
 <-- Site =   30 .. Mmps =  550 Ndav =   1 E =   -206.8845455373 Error = 1.12e-18 FLOPS = 3.12e+10 Tdav = 1.06 T = 11.98
 <-- Site =   29 .. Mmps =  550 Ndav =   1 E =   -206.8845455373 Error = 8.00e-23 FLOPS = 3.11e+10 Tdav = 1.03 T = 11.29
 <-- Site =   28 .. Mmps =  550 Ndav =   1 E =   -206.8845455373 Error = 1.11e-18 FLOPS = 3.09e+10 Tdav = 1.00 T = 10.80
 <-- Site =   27 .. Mmps =  550 Ndav =   1 E =   -206.8845455373 Error = 8.89e-23 FLOPS = 3.07e+10 Tdav = 0.97 T = 10.21
 <-- Site =   26 .. Mmps =  550 Ndav =   1 E =   -206.8845455373 Error = 2.47e-19 FLOPS = 3.08e+10 Tdav = 0.94 T = 9.61
 <-- Site =   25 .. Mmps =  550 Ndav =   1 E =   -206.8845455373 Error = 4.20e-23 FLOPS = 3.05e+10 Tdav = 0.92 T = 9.12
 <-- Site =   24 .. Mmps =  550 Ndav =   1 E =   -206.8845455373 Error = 7.87e-20 FLOPS = 3.07e+10 Tdav = 0.88 T = 8.52
 <-- Site =   23 .. Mmps =  550 Ndav =   1 E =   -206.8845455373 Error = 1.25e-22 FLOPS = 3.04e+10 Tdav = 0.85 T = 8.11
 <-- Site =   22 .. Mmps =  550 Ndav =   1 E =   -206.8845455373 Error = 5.36e-20 FLOPS = 3.01e+10 Tdav = 0.83 T = 7.58
 <-- Site =   21 .. Mmps =  550 Ndav =   1 E =   -206.8845455373 Error = 1.61e-22 FLOPS = 3.00e+10 Tdav = 0.80 T = 7.04
 <-- Site =   20 .. Mmps =  550 Ndav =   1 E =   -206.8845455373 Error = 1.97e-20 FLOPS = 3.00e+10 Tdav = 0.77 T = 6.54
 <-- Site =   19 .. Mmps =  550 Ndav =   1 E =   -206.8845455373 Error = 3.15e-23 FLOPS = 2.98e+10 Tdav = 0.74 T = 6.26
 <-- Site =   18 .. Mmps =  550 Ndav =   1 E =   -206.8845455373 Error = 7.81e-20 FLOPS = 2.95e+10 Tdav = 0.71 T = 5.68
 <-- Site =   17 .. Mmps =  550 Ndav =   1 E =   -206.8845455373 Error = 5.77e-23 FLOPS = 2.91e+10 Tdav = 0.69 T = 5.48
 <-- Site =   16 .. Mmps =  550 Ndav =   1 E =   -206.8845455373 Error = 1.66e-20 FLOPS = 2.93e+10 Tdav = 0.65 T = 4.89
 <-- Site =   15 .. Mmps =  550 Ndav =   1 E =   -206.8845455373 Error = 1.20e-22 FLOPS = 2.89e+10 Tdav = 0.62 T = 4.59
 <-- Site =   14 .. Mmps =  550 Ndav =   1 E =   -206.8845455373 Error = 9.61e-21 FLOPS = 2.92e+10 Tdav = 0.58 T = 4.19
 <-- Site =   13 .. Mmps =  550 Ndav =   1 E =   -206.8845455373 Error = 3.95e-22 FLOPS = 2.94e+10 Tdav = 0.54 T = 3.77
 <-- Site =   12 .. Mmps =  550 Ndav =   1 E =   -206.8845455373 Error = 4.85e-19 FLOPS = 2.91e+10 Tdav = 0.51 T = 3.47
 <-- Site =   11 .. Mmps =  550 Ndav =   1 E =   -206.8845455373 Error = 2.84e-22 FLOPS = 2.91e+10 Tdav = 0.48 T = 3.17
 <-- Site =   10 .. Mmps =  550 Ndav =   1 E =   -206.8845455373 Error = 1.22e-19 FLOPS = 2.84e+10 Tdav = 0.46 T = 2.86
 <-- Site =    9 .. Mmps =  550 Ndav =   1 E =   -206.8845455373 Error = 8.97e-30 FLOPS = 2.74e+10 Tdav = 0.35 T = 2.25
 <-- Site =    8 .. Mmps =  550 Ndav =   1 E =   -206.8845455373 Error = 2.88e-34 FLOPS = 2.44e+10 Tdav = 0.12 T = 1.33
 <-- Site =    7 .. Mmps =  550 Ndav =   1 E =   -206.8845455373 Error = 9.36e-56 FLOPS = 2.12e+10 Tdav = 0.05 T = 1.10
 <-- Site =    6 .. Mmps =  550 Ndav =   1 E =   -206.8845455373 Error = 4.90e-77 FLOPS = 1.78e+10 Tdav = 0.02 T = 0.92
 <-- Site =    5 .. Mmps =  550 Ndav =   1 E =   -206.8845455373 Error = 1.12e-90 FLOPS = 1.47e+10 Tdav = 0.01 T = 0.84
 <-- Site =    4 .. Mmps =  550 Ndav =   1 E =   -206.8845455373 Error = 1.37e-104 FLOPS = 1.12e+10 Tdav = 0.01 T = 0.77
 <-- Site =    3 .. Mmps =  550 Ndav =   1 E =   -206.8845455373 Error = 3.14e-105 FLOPS = 8.61e+09 Tdav = 0.00 T = 0.73
 <-- Site =    2 .. Mmps =  550 Ndav =   1 E =   -206.8845455373 Error = 1.28e-101 FLOPS = 5.55e+09 Tdav = 0.00 T = 0.65
 <-- Site =    1 .. Mmps =  550 Ndav =   1 E =   -206.8845455373 Error = 2.65e-101 FLOPS = 3.39e+09 Tdav = 0.00 T = 0.68
 <-- Site =    0 .. Mmps =  548 Ndav =   1 E =   -206.8845455373 Error = 0.00e+00 FLOPS = 2.21e+09 Tdav = 0.00 T = 0.63
Time elapsed =  14000.907 | E =    -206.8845455373 | DE = -3.98e-13 | DW = 3.92978e-18
Time sweep =     3031.982 | 5.72 TFLOP/SWP
 | Dmem = 138 MB (3%) | Imem = 232 B (79%) | Hmem = 660 MB | Wmem = 4.62 MB | Pmem = 0 B
 | Tread = 75.633 | Twrite = 32.012 | Tfpread = 74.598 | Tfpwrite = 19.490 | Tmporead = 0.000 | Tasync = 0.000
 | data = 14.7 GB | cpsd = 9.72 GB
 | Trot = 193.314 | Tctr = 177.019 | Tint = 0.008 | Tmid = 0.000 | Tdctr = 0.010 | Tdiag = 1.623 | Tinfo = 2.255
 | Teff = 2309.601 | Tprt = 0.000 | Teig = 199.438 | Tblk = 2568.039 | Tmve = 463.931 | Tdm = 3.014 | Tsplt = 42.809 | Tsvd = 0.000 | Torth = 0.000

DMRG energy = -206.88454553730801

Local densities:
0.9847639880330948
0.0003317419759810257
0.9817381546296039
0.00033874276506213767
0.9816758328805633
0.0003388747530850868
0.9816703613932234
0.00033887482632006437
0.9816758366430104
0.0003387432076943991
0.9817381519622662
0.0003317421327862273
0.984763989068249
0.0003317390290993254
0.017709876702789222
0.000336524324937243
0.017588165718569318
0.00033677375824430524
0.01757318534655419
0.0003367935292998538
0.017573183353169857
0.00033677324657402835
0.017588166507240495
0.0003365248606325471
0.017709875589058628
0.00033174176567220184
0.9817381562323735
0.0003365254979762778
0.976573804702379
0.0003520359053294373
0.9764559802765191
0.00035241309531833134
0.9764459440322809
0.0003524134204834549
0.9764559683185015
0.0003520362585756463
0.976573804164674
0.0003365256204411571
0.9817381603372486
0.00033873938705646686
0.01758816930162572
0.00035203390881900505
0.017509187080100564
0.00035253116435671276
0.017493019882684736
0.00035257332694187636
0.017493019020126458
0.00035253043023700416
0.01750919079386143
0.0003520354849795996
0.017588169547199006
0.00033874251154783686
0.981675834049336
0.0003367742527026666
0.9764559743479498
0.00035253217789341714
0.9763287707267705
0.00035294141269878173
0.9763176001747365
0.0003529414078283297
0.9763287707202137
0.000352532402688248
0.976455966599767
0.0003367747280476553
0.9816758417137182
0.0003388711635676406
0.017573183452068566
0.00035241082295324894
0.017493014487712254
0.00035294063260772173
0.01747626452118935
0.0003529856135678646
0.017476263738618294
0.00035293927534272494
0.017493020150263237
0.0003524109704243883
0.017573184452362573
0.0003388743973575687
0.9816703664143285
0.0003367946689804998
0.9764459511662993
0.00035257414165555884
0.9763175977853065
0.00035298720503641615
0.9763061763741123
0.000352987286966546
0.9763175988250713
0.0003525744157641605
0.9764459518006973
0.00033679492318451816
0.9816703722755131
0.00033887122537362485
0.01757318837026235
0.0003524106693965002
0.017493020507368073
0.00035294023053204814
0.01747626537234416
0.0003529854665934113
0.017476272884011615
0.0003529401019926996
0.017493016718535443
0.00035241181400674884
0.017573186380895486
0.00033887450772799416
0.9816758422743216
0.0003367742867211072
0.9764559705895467
0.0003525318858614262
0.9763287731446308
0.0003529417723475658
0.9763175947539863
0.0003529415787210462
0.9763287757904484
0.0003525327128501997
0.9764559749593211
0.00033677504992477914
0.98167583955651
0.000338739022145486
0.017588163451288552
0.00035203453513311315
0.017509198882655525
0.0003525315702787998
0.01749302534146246
0.00035257366135944563
0.017493021861333367
0.0003525312641125201
0.01750918324705577
0.0003520347966303533
0.017588172939608737
0.0003387427291294739
0.9817381577324573
0.0003365259157391259
0.9765738167386978
0.0003520364470473299
0.9764559763975201
0.00035241374647518645
0.9764459497287066
0.0003524135505194747
0.9764559805121611
0.0003520367584186642
0.976573797185352
0.0003365261179567608
0.981738155860516
0.0003317417195549455
0.017709874456080466
0.00033652570919059027
0.017588166485926177
0.00033677418620298963
0.0175731828581376
0.0003367945966303733
0.017573184330140105
0.00033677390918450303
0.01758816419779587
0.0003365239202287086
0.01770987015668494
0.00033174133079213515
0.9847639843857743
0.0003317419953374286
0.9817381538406317
0.0003387428253583848
0.9816758354919649
0.0003388748191859179
0.9816703615936322
0.00033887454544305327
0.9816758361339711
0.00033874265727630023
0.981738154471066
0.0003317416909043939
0.9847639860459204

corresponding 2D coords:
[(0, 0), (0, 1), (0, 2), (0, 3), (0, 4), (0, 5), (0, 6), (0, 7), (0, 8), (0, 9), (0, 10), (0, 11), (0, 12), (1, 12), (1, 11), (1, 10), (1, 9), (1, 8), (1, 7), (1, 6), (1, 5), (1, 4), (1, 3), (1, 2), (1, 1), (1, 0), (2, 0), (2, 1), (2, 2), (2, 3), (2, 4), (2, 5), (2, 6), (2, 7), (2, 8), (2, 9), (2, 10), (2, 11), (2, 12), (3, 12), (3, 11), (3, 10), (3, 9), (3, 8), (3, 7), (3, 6), (3, 5), (3, 4), (3, 3), (3, 2), (3, 1), (3, 0), (4, 0), (4, 1), (4, 2), (4, 3), (4, 4), (4, 5), (4, 6), (4, 7), (4, 8), (4, 9), (4, 10), (4, 11), (4, 12), (5, 12), (5, 11), (5, 10), (5, 9), (5, 8), (5, 7), (5, 6), (5, 5), (5, 4), (5, 3), (5, 2), (5, 1), (5, 0), (6, 0), (6, 1), (6, 2), (6, 3), (6, 4), (6, 5), (6, 6), (6, 7), (6, 8), (6, 9), (6, 10), (6, 11), (6, 12), (7, 12), (7, 11), (7, 10), (7, 9), (7, 8), (7, 7), (7, 6), (7, 5), (7, 4), (7, 3), (7, 2), (7, 1), (7, 0), (8, 0), (8, 1), (8, 2), (8, 3), (8, 4), (8, 5), (8, 6), (8, 7), (8, 8), (8, 9), (8, 10), (8, 11), (8, 12), (9, 12), (9, 11), (9, 10), (9, 9), (9, 8), (9, 7), (9, 6), (9, 5), (9, 4), (9, 3), (9, 2), (9, 1), (9, 0), (10, 0), (10, 1), (10, 2), (10, 3), (10, 4), (10, 5), (10, 6), (10, 7), (10, 8), (10, 9), (10, 10), (10, 11), (10, 12), (11, 12), (11, 11), (11, 10), (11, 9), (11, 8), (11, 7), (11, 6), (11, 5), (11, 4), (11, 3), (11, 2), (11, 1), (11, 0), (12, 0), (12, 1), (12, 2), (12, 3), (12, 4), (12, 5), (12, 6), (12, 7), (12, 8), (12, 9), (12, 10), (12, 11), (12, 12)]

Saved density data:
PKL → /users/ylokare/2D_DMRG_calculations/results/13_by_13_lattice/Local_densities/Uniform_Hamiltonian/Rb1.6/density_Lx13_Ly13_Dmax550_delta4.6_Rb1.6_uniform_hamiltonian.pkl
CSV → /users/ylokare/2D_DMRG_calculations/results/13_by_13_lattice/Local_densities/Uniform_Hamiltonian/Rb1.6/density_Lx13_Ly13_Dmax550_delta4.6_Rb1.6_uniform_hamiltonian.csv
