Lx=13, Ly=13, delta=4.3, Rb=1.6, alpha=0.05, n_edge=0, delta_boundary=1.8, USE_STAR_MODULATION=False
running Lx=13, Ly=13, delta=4.3, Rb=1.6, alpha=0.05, n_edge=0, delta_boundary=1.8
scratch id=922547
Copying previous MPS/MPO data from /users/ylokare/2D_DMRG_calculations/data/tmp748855 to /oscar/scratch/ylokare/tmp922547

Build MPO | Nsites =   169 | Nterms =      14534 | Algorithm = FastSVD | Cutoff = 1.00e-16 | Max bond dimension =    -1
 Site =     0 /   169 .. Mmpo =     3 DW = 0.00e+00 Error = 5.04e-15 NNZ =        3 SPT = 0.0000 Tsvd = 0.001 T = 0.003
 Site =     1 /   169 .. Mmpo =     4 DW = 4.85e-35 Error = 1.60e-14 NNZ =       10 SPT = 0.1667 Tsvd = 0.000 T = 0.004
 Site =     2 /   169 .. Mmpo =     5 DW = 6.97e-30 Error = 8.79e-14 NNZ =       17 SPT = 0.1500 Tsvd = 0.000 T = 0.005
 Site =     3 /   169 .. Mmpo =     6 DW = 1.35e-30 Error = 2.45e-14 NNZ =       26 SPT = 0.1333 Tsvd = 0.000 T = 0.006
 Site =     4 /   169 .. Mmpo =     7 DW = 6.09e-30 Error = 4.53e-14 NNZ =       37 SPT = 0.1190 Tsvd = 0.000 T = 0.007
 Site =     5 /   169 .. Mmpo =     8 DW = 1.51e-30 Error = 4.29e-14 NNZ =       50 SPT = 0.1071 Tsvd = 0.000 T = 0.008
 Site =     6 /   169 .. Mmpo =     9 DW = 1.22e-30 Error = 7.06e-14 NNZ =       65 SPT = 0.0972 Tsvd = 0.000 T = 0.010
 Site =     7 /   169 .. Mmpo =    10 DW = 4.60e-30 Error = 1.09e-13 NNZ =       82 SPT = 0.0889 Tsvd = 0.000 T = 0.011
 Site =     8 /   169 .. Mmpo =    11 DW = 4.52e-30 Error = 4.94e-13 NNZ =      101 SPT = 0.0818 Tsvd = 0.000 T = 0.012
 Site =     9 /   169 .. Mmpo =    12 DW = 6.70e-30 Error = 1.92e-13 NNZ =      122 SPT = 0.0758 Tsvd = 0.000 T = 0.013
 Site =    10 /   169 .. Mmpo =    13 DW = 5.20e-30 Error = 1.20e-13 NNZ =      145 SPT = 0.0705 Tsvd = 0.000 T = 0.014
 Site =    11 /   169 .. Mmpo =    14 DW = 3.52e-30 Error = 1.53e-13 NNZ =      170 SPT = 0.0659 Tsvd = 0.000 T = 0.015
 Site =    12 /   169 .. Mmpo =    15 DW = 5.18e-30 Error = 1.36e-13 NNZ =      197 SPT = 0.0619 Tsvd = 0.000 T = 0.016
 Site =    13 /   169 .. Mmpo =    16 DW = 1.98e-29 Error = 2.11e-13 NNZ =      226 SPT = 0.0583 Tsvd = 0.000 T = 0.017
 Site =    14 /   169 .. Mmpo =    17 DW = 1.28e-29 Error = 2.12e-13 NNZ =      257 SPT = 0.0551 Tsvd = 0.000 T = 0.019
 Site =    15 /   169 .. Mmpo =    18 DW = 4.83e-29 Error = 2.94e-13 NNZ =      290 SPT = 0.0523 Tsvd = 0.001 T = 0.020
 Site =    16 /   169 .. Mmpo =    19 DW = 8.36e-29 Error = 4.92e-13 NNZ =      325 SPT = 0.0497 Tsvd = 0.000 T = 0.021
 Site =    17 /   169 .. Mmpo =    20 DW = 1.31e-28 Error = 1.70e-13 NNZ =      362 SPT = 0.0474 Tsvd = 0.000 T = 0.022
 Site =    18 /   169 .. Mmpo =    21 DW = 1.00e-28 Error = 4.51e-13 NNZ =      401 SPT = 0.0452 Tsvd = 0.000 T = 0.023
 Site =    19 /   169 .. Mmpo =    22 DW = 6.99e-29 Error = 2.09e-13 NNZ =      442 SPT = 0.0433 Tsvd = 0.001 T = 0.024
 Site =    20 /   169 .. Mmpo =    23 DW = 8.14e-29 Error = 9.77e-13 NNZ =      485 SPT = 0.0415 Tsvd = 0.001 T = 0.025
 Site =    21 /   169 .. Mmpo =    24 DW = 1.00e-28 Error = 3.83e-13 NNZ =      530 SPT = 0.0399 Tsvd = 0.001 T = 0.026
 Site =    22 /   169 .. Mmpo =    25 DW = 9.21e-29 Error = 1.81e-13 NNZ =      577 SPT = 0.0383 Tsvd = 0.001 T = 0.027
 Site =    23 /   169 .. Mmpo =    26 DW = 5.69e-29 Error = 1.17e-13 NNZ =      626 SPT = 0.0369 Tsvd = 0.001 T = 0.028
 Site =    24 /   169 .. Mmpo =    27 DW = 1.24e-28 Error = 4.68e-13 NNZ =      677 SPT = 0.0356 Tsvd = 0.001 T = 0.029
 Site =    25 /   169 .. Mmpo =    28 DW = 2.08e-29 Error = 1.92e-13 NNZ =      730 SPT = 0.0344 Tsvd = 0.001 T = 0.030
 Site =    26 /   169 .. Mmpo =    29 DW = 1.43e-29 Error = 2.63e-13 NNZ =      785 SPT = 0.0333 Tsvd = 0.001 T = 0.031
 Site =    27 /   169 .. Mmpo =    30 DW = 2.74e-29 Error = 2.15e-13 NNZ =      842 SPT = 0.0322 Tsvd = 0.001 T = 0.032
 Site =    28 /   169 .. Mmpo =    31 DW = 9.75e-30 Error = 1.56e-13 NNZ =      901 SPT = 0.0312 Tsvd = 0.001 T = 0.033
 Site =    29 /   169 .. Mmpo =    32 DW = 2.98e-29 Error = 1.19e-13 NNZ =      962 SPT = 0.0302 Tsvd = 0.001 T = 0.034
 Site =    30 /   169 .. Mmpo =    33 DW = 4.78e-30 Error = 8.98e-13 NNZ =     1025 SPT = 0.0294 Tsvd = 0.001 T = 0.035
 Site =    31 /   169 .. Mmpo =    34 DW = 5.54e-30 Error = 6.29e-13 NNZ =     1090 SPT = 0.0285 Tsvd = 0.001 T = 0.036
 Site =    32 /   169 .. Mmpo =    35 DW = 1.67e-29 Error = 4.15e-13 NNZ =     1157 SPT = 0.0277 Tsvd = 0.001 T = 0.037
 Site =    33 /   169 .. Mmpo =    36 DW = 1.53e-29 Error = 2.88e-13 NNZ =     1226 SPT = 0.0270 Tsvd = 0.001 T = 0.038
 Site =    34 /   169 .. Mmpo =    37 DW = 2.11e-29 Error = 2.29e-13 NNZ =     1297 SPT = 0.0263 Tsvd = 0.001 T = 0.039
 Site =    35 /   169 .. Mmpo =    38 DW = 4.12e-30 Error = 1.87e-13 NNZ =     1370 SPT = 0.0256 Tsvd = 0.001 T = 0.040
 Site =    36 /   169 .. Mmpo =    39 DW = 4.38e-29 Error = 1.49e-13 NNZ =     1445 SPT = 0.0250 Tsvd = 0.001 T = 0.041
 Site =    37 /   169 .. Mmpo =    40 DW = 3.84e-29 Error = 1.20e-12 NNZ =     1522 SPT = 0.0244 Tsvd = 0.002 T = 0.042
 Site =    38 /   169 .. Mmpo =    41 DW = 4.69e-29 Error = 1.29e-13 NNZ =     1601 SPT = 0.0238 Tsvd = 0.001 T = 0.042
 Site =    39 /   169 .. Mmpo =    42 DW = 7.29e-29 Error = 9.83e-13 NNZ =     1682 SPT = 0.0232 Tsvd = 0.002 T = 0.043
 Site =    40 /   169 .. Mmpo =    43 DW = 1.02e-28 Error = 9.85e-13 NNZ =     1765 SPT = 0.0227 Tsvd = 0.001 T = 0.043
 Site =    41 /   169 .. Mmpo =    44 DW = 8.69e-29 Error = 7.18e-13 NNZ =     1850 SPT = 0.0222 Tsvd = 0.001 T = 0.044
 Site =    42 /   169 .. Mmpo =    45 DW = 1.61e-28 Error = 6.13e-13 NNZ =     1937 SPT = 0.0217 Tsvd = 0.001 T = 0.045
 Site =    43 /   169 .. Mmpo =    45 DW = 4.31e-17 Error = 6.56e-09 NNZ =     1981 SPT = 0.0217 Tsvd = 0.001 T = 0.046
 Site =    44 /   169 .. Mmpo =    46 DW = 1.07e-28 Error = 3.79e-13 NNZ =     2026 SPT = 0.0213 Tsvd = 0.001 T = 0.046
 Site =    45 /   169 .. Mmpo =    46 DW = 5.25e-17 Error = 7.24e-09 NNZ =     2071 SPT = 0.0213 Tsvd = 0.001 T = 0.046
 Site =    46 /   169 .. Mmpo =    47 DW = 2.72e-29 Error = 2.58e-13 NNZ =     2117 SPT = 0.0208 Tsvd = 0.001 T = 0.046
 Site =    47 /   169 .. Mmpo =    47 DW = 9.38e-17 Error = 9.68e-09 NNZ =     2163 SPT = 0.0208 Tsvd = 0.001 T = 0.047
 Site =    48 /   169 .. Mmpo =    48 DW = 1.45e-28 Error = 1.97e-13 NNZ =     2210 SPT = 0.0204 Tsvd = 0.001 T = 0.047
 Site =    49 /   169 .. Mmpo =    49 DW = 6.44e-29 Error = 2.64e-13 NNZ =     2305 SPT = 0.0200 Tsvd = 0.001 T = 0.048
 Site =    50 /   169 .. Mmpo =    49 DW = 4.00e-17 Error = 6.33e-09 NNZ =     2353 SPT = 0.0200 Tsvd = 0.002 T = 0.049
 Site =    51 /   169 .. Mmpo =    50 DW = 2.20e-28 Error = 2.45e-13 NNZ =     2402 SPT = 0.0196 Tsvd = 0.002 T = 0.048
 Site =    52 /   169 .. Mmpo =    51 DW = 8.23e-29 Error = 1.76e-13 NNZ =     2500 SPT = 0.0196 Tsvd = 0.002 T = 0.049
 Site =    53 /   169 .. Mmpo =    51 DW = 6.73e-17 Error = 8.21e-09 NNZ =     2551 SPT = 0.0192 Tsvd = 0.002 T = 0.050
 Site =    54 /   169 .. Mmpo =    52 DW = 8.44e-28 Error = 1.53e-13 NNZ =     2602 SPT = 0.0189 Tsvd = 0.002 T = 0.049
 Site =    55 /   169 .. Mmpo =    52 DW = 8.81e-17 Error = 9.39e-09 NNZ =     2652 SPT = 0.0192 Tsvd = 0.002 T = 0.050
 Site =    56 /   169 .. Mmpo =    52 DW = 2.50e-17 Error = 5.00e-09 NNZ =     2653 SPT = 0.0189 Tsvd = 0.002 T = 0.050
 Site =    57 /   169 .. Mmpo =    52 DW = 7.09e-17 Error = 8.42e-09 NNZ =     2653 SPT = 0.0189 Tsvd = 0.002 T = 0.049
 Site =    58 /   169 .. Mmpo =    53 DW = 9.16e-28 Error = 1.01e-12 NNZ =     2705 SPT = 0.0185 Tsvd = 0.002 T = 0.049
 Site =    59 /   169 .. Mmpo =    54 DW = 3.48e-28 Error = 8.58e-13 NNZ =     2809 SPT = 0.0185 Tsvd = 0.002 T = 0.049
 Site =    60 /   169 .. Mmpo =    53 DW = 1.26e-16 Error = 1.12e-08 NNZ =     2809 SPT = 0.0185 Tsvd = 0.002 T = 0.050
 Site =    61 /   169 .. Mmpo =    54 DW = 2.47e-28 Error = 6.74e-13 NNZ =     2809 SPT = 0.0185 Tsvd = 0.002 T = 0.049
 Site =    62 /   169 .. Mmpo =    54 DW = 7.44e-17 Error = 8.63e-09 NNZ =     2863 SPT = 0.0182 Tsvd = 0.002 T = 0.049
 Site =    63 /   169 .. Mmpo =    54 DW = 5.21e-17 Error = 7.22e-09 NNZ =     2863 SPT = 0.0182 Tsvd = 0.002 T = 0.049
 Site =    64 /   169 .. Mmpo =    55 DW = 4.75e-27 Error = 1.19e-12 NNZ =     2916 SPT = 0.0182 Tsvd = 0.002 T = 0.048
 Site =    65 /   169 .. Mmpo =    55 DW = 4.36e-17 Error = 6.60e-09 NNZ =     2970 SPT = 0.0182 Tsvd = 0.002 T = 0.049
 Site =    66 /   169 .. Mmpo =    55 DW = 4.46e-17 Error = 6.68e-09 NNZ =     2971 SPT = 0.0179 Tsvd = 0.002 T = 0.049
 Site =    67 /   169 .. Mmpo =    56 DW = 8.74e-26 Error = 4.06e-13 NNZ =     3020 SPT = 0.0195 Tsvd = 0.002 T = 0.049
 Site =    68 /   169 .. Mmpo =    56 DW = 8.16e-17 Error = 9.04e-09 NNZ =     3080 SPT = 0.0179 Tsvd = 0.002 T = 0.050
 Site =    69 /   169 .. Mmpo =    55 DW = 1.05e-16 Error = 1.02e-08 NNZ =     3024 SPT = 0.0182 Tsvd = 0.002 T = 0.049
 Site =    70 /   169 .. Mmpo =    55 DW = 5.96e-17 Error = 7.72e-09 NNZ =     2970 SPT = 0.0182 Tsvd = 0.002 T = 0.050
 Site =    71 /   169 .. Mmpo =    55 DW = 8.59e-17 Error = 9.27e-09 NNZ =     2970 SPT = 0.0182 Tsvd = 0.002 T = 0.048
 Site =    72 /   169 .. Mmpo =    56 DW = 1.04e-24 Error = 1.04e-12 NNZ =     3026 SPT = 0.0175 Tsvd = 0.002 T = 0.047
 Site =    73 /   169 .. Mmpo =    56 DW = 9.61e-17 Error = 9.81e-09 NNZ =     3079 SPT = 0.0182 Tsvd = 0.002 T = 0.048
 Site =    74 /   169 .. Mmpo =    56 DW = 9.49e-17 Error = 9.74e-09 NNZ =     3078 SPT = 0.0185 Tsvd = 0.002 T = 0.047
 Site =    75 /   169 .. Mmpo =    56 DW = 6.73e-17 Error = 8.20e-09 NNZ =     3080 SPT = 0.0179 Tsvd = 0.002 T = 0.047
 Site =    76 /   169 .. Mmpo =    56 DW = 8.56e-17 Error = 9.25e-09 NNZ =     3081 SPT = 0.0175 Tsvd = 0.002 T = 0.046
 Site =    77 /   169 .. Mmpo =    56 DW = 6.81e-17 Error = 8.25e-09 NNZ =     3081 SPT = 0.0175 Tsvd = 0.002 T = 0.046
 Site =    78 /   169 .. Mmpo =    56 DW = 1.25e-17 Error = 3.53e-09 NNZ =     3081 SPT = 0.0175 Tsvd = 0.002 T = 0.045
 Site =    79 /   169 .. Mmpo =    56 DW = 4.39e-17 Error = 6.62e-09 NNZ =     3081 SPT = 0.0175 Tsvd = 0.002 T = 0.045
 Site =    80 /   169 .. Mmpo =    56 DW = 9.66e-17 Error = 9.83e-09 NNZ =     3081 SPT = 0.0175 Tsvd = 0.002 T = 0.045
 Site =    81 /   169 .. Mmpo =    56 DW = 9.03e-17 Error = 9.50e-09 NNZ =     3079 SPT = 0.0182 Tsvd = 0.002 T = 0.045
 Site =    82 /   169 .. Mmpo =    55 DW = 1.70e-16 Error = 1.31e-08 NNZ =     3024 SPT = 0.0182 Tsvd = 0.001 T = 0.044
 Site =    83 /   169 .. Mmpo =    56 DW = 2.95e-24 Error = 1.72e-12 NNZ =     3024 SPT = 0.0182 Tsvd = 0.002 T = 0.043
 Site =    84 /   169 .. Mmpo =    56 DW = 7.80e-17 Error = 8.83e-09 NNZ =     3074 SPT = 0.0198 Tsvd = 0.002 T = 0.043
 Site =    85 /   169 .. Mmpo =    56 DW = 9.50e-17 Error = 9.75e-09 NNZ =     3075 SPT = 0.0195 Tsvd = 0.001 T = 0.043
 Site =    86 /   169 .. Mmpo =    57 DW = 2.52e-24 Error = 2.49e-12 NNZ =     3134 SPT = 0.0182 Tsvd = 0.001 T = 0.043
 Site =    87 /   169 .. Mmpo =    56 DW = 1.23e-16 Error = 1.11e-08 NNZ =     3132 SPT = 0.0188 Tsvd = 0.001 T = 0.043
 Site =    88 /   169 .. Mmpo =    56 DW = 6.18e-17 Error = 7.86e-09 NNZ =     3077 SPT = 0.0188 Tsvd = 0.001 T = 0.042
 Site =    89 /   169 .. Mmpo =    56 DW = 9.00e-17 Error = 9.49e-09 NNZ =     3080 SPT = 0.0179 Tsvd = 0.001 T = 0.041
 Site =    90 /   169 .. Mmpo =    56 DW = 6.59e-17 Error = 8.12e-09 NNZ =     3081 SPT = 0.0175 Tsvd = 0.002 T = 0.041
 Site =    91 /   169 .. Mmpo =    56 DW = 1.87e-17 Error = 4.32e-09 NNZ =     3081 SPT = 0.0175 Tsvd = 0.001 T = 0.040
 Site =    92 /   169 .. Mmpo =    56 DW = 2.84e-17 Error = 5.33e-09 NNZ =     3081 SPT = 0.0175 Tsvd = 0.001 T = 0.040
 Site =    93 /   169 .. Mmpo =    56 DW = 6.11e-17 Error = 7.81e-09 NNZ =     3081 SPT = 0.0175 Tsvd = 0.001 T = 0.040
 Site =    94 /   169 .. Mmpo =    56 DW = 5.88e-17 Error = 7.66e-09 NNZ =     3079 SPT = 0.0182 Tsvd = 0.001 T = 0.040
 Site =    95 /   169 .. Mmpo =    55 DW = 1.05e-16 Error = 1.02e-08 NNZ =     3024 SPT = 0.0182 Tsvd = 0.001 T = 0.039
 Site =    96 /   169 .. Mmpo =    55 DW = 3.06e-17 Error = 5.53e-09 NNZ =     2969 SPT = 0.0185 Tsvd = 0.001 T = 0.039
 Site =    97 /   169 .. Mmpo =    55 DW = 6.88e-17 Error = 8.29e-09 NNZ =     2970 SPT = 0.0182 Tsvd = 0.001 T = 0.038
 Site =    98 /   169 .. Mmpo =    55 DW = 6.72e-17 Error = 8.20e-09 NNZ =     2970 SPT = 0.0182 Tsvd = 0.001 T = 0.037
 Site =    99 /   169 .. Mmpo =    56 DW = 3.14e-24 Error = 1.90e-12 NNZ =     3024 SPT = 0.0182 Tsvd = 0.001 T = 0.037
 Site =   100 /   169 .. Mmpo =    55 DW = 1.21e-16 Error = 1.10e-08 NNZ =     3022 SPT = 0.0188 Tsvd = 0.001 T = 0.037
 Site =   101 /   169 .. Mmpo =    55 DW = 6.17e-17 Error = 7.85e-09 NNZ =     2970 SPT = 0.0182 Tsvd = 0.001 T = 0.037
 Site =   102 /   169 .. Mmpo =    55 DW = 3.13e-17 Error = 5.60e-09 NNZ =     2970 SPT = 0.0182 Tsvd = 0.001 T = 0.035
 Site =   103 /   169 .. Mmpo =    54 DW = 7.04e-17 Error = 8.39e-09 NNZ =     2915 SPT = 0.0185 Tsvd = 0.001 T = 0.034
 Site =   104 /   169 .. Mmpo =    54 DW = 8.42e-18 Error = 2.90e-09 NNZ =     2863 SPT = 0.0182 Tsvd = 0.001 T = 0.034
 Site =   105 /   169 .. Mmpo =    54 DW = 4.16e-17 Error = 6.45e-09 NNZ =     2862 SPT = 0.0185 Tsvd = 0.001 T = 0.033
 Site =   106 /   169 .. Mmpo =    54 DW = 2.90e-17 Error = 5.38e-09 NNZ =     2862 SPT = 0.0185 Tsvd = 0.001 T = 0.033
 Site =   107 /   169 .. Mmpo =    53 DW = 6.83e-17 Error = 8.26e-09 NNZ =     2807 SPT = 0.0192 Tsvd = 0.001 T = 0.032
 Site =   108 /   169 .. Mmpo =    53 DW = 9.03e-17 Error = 9.50e-09 NNZ =     2756 SPT = 0.0189 Tsvd = 0.001 T = 0.032
 Site =   109 /   169 .. Mmpo =    52 DW = 4.12e-17 Error = 6.42e-09 NNZ =     2702 SPT = 0.0196 Tsvd = 0.001 T = 0.031
 Site =   110 /   169 .. Mmpo =    52 DW = 6.12e-17 Error = 7.82e-09 NNZ =     2645 SPT = 0.0218 Tsvd = 0.001 T = 0.030
 Site =   111 /   169 .. Mmpo =    52 DW = 4.04e-17 Error = 6.36e-09 NNZ =     2651 SPT = 0.0196 Tsvd = 0.001 T = 0.030
 Site =   112 /   169 .. Mmpo =    52 DW = 9.07e-17 Error = 9.52e-09 NNZ =     2652 SPT = 0.0192 Tsvd = 0.001 T = 0.030
 Site =   113 /   169 .. Mmpo =    51 DW = 7.36e-17 Error = 8.58e-09 NNZ =     2598 SPT = 0.0204 Tsvd = 0.001 T = 0.029
 Site =   114 /   169 .. Mmpo =    51 DW = 2.51e-17 Error = 5.01e-09 NNZ =     2551 SPT = 0.0192 Tsvd = 0.001 T = 0.028
 Site =   115 /   169 .. Mmpo =    51 DW = 5.17e-20 Error = 2.27e-10 NNZ =     2551 SPT = 0.0192 Tsvd = 0.001 T = 0.028
 Site =   116 /   169 .. Mmpo =    50 DW = 1.61e-18 Error = 1.27e-09 NNZ =     2498 SPT = 0.0204 Tsvd = 0.001 T = 0.027
 Site =   117 /   169 .. Mmpo =    49 DW = 3.28e-17 Error = 5.72e-09 NNZ =     2400 SPT = 0.0204 Tsvd = 0.001 T = 0.026
 Site =   118 /   169 .. Mmpo =    49 DW = 1.31e-17 Error = 3.62e-09 NNZ =     2351 SPT = 0.0208 Tsvd = 0.001 T = 0.026
 Site =   119 /   169 .. Mmpo =    48 DW = 2.44e-18 Error = 1.56e-09 NNZ =     2303 SPT = 0.0208 Tsvd = 0.001 T = 0.024
 Site =   120 /   169 .. Mmpo =    47 DW = 5.46e-17 Error = 7.39e-09 NNZ =     2208 SPT = 0.0213 Tsvd = 0.001 T = 0.024
 Site =   121 /   169 .. Mmpo =    47 DW = 1.79e-18 Error = 1.34e-09 NNZ =     2162 SPT = 0.0213 Tsvd = 0.001 T = 0.023
 Site =   122 /   169 .. Mmpo =    46 DW = 3.10e-17 Error = 5.57e-09 NNZ =     2114 SPT = 0.0222 Tsvd = 0.001 T = 0.022
 Site =   123 /   169 .. Mmpo =    46 DW = 1.18e-18 Error = 1.08e-09 NNZ =     2069 SPT = 0.0222 Tsvd = 0.001 T = 0.022
 Site =   124 /   169 .. Mmpo =    45 DW = 2.33e-17 Error = 4.83e-09 NNZ =     2022 SPT = 0.0232 Tsvd = 0.001 T = 0.021
 Site =   125 /   169 .. Mmpo =    45 DW = 2.43e-37 Error = 2.39e-13 NNZ =     1980 SPT = 0.0222 Tsvd = 0.001 T = 0.020
 Site =   126 /   169 .. Mmpo =    44 DW = 1.37e-36 Error = 1.92e-13 NNZ =     1933 SPT = 0.0237 Tsvd = 0.001 T = 0.020
 Site =   127 /   169 .. Mmpo =    43 DW = 5.05e-37 Error = 1.79e-13 NNZ =     1849 SPT = 0.0227 Tsvd = 0.001 T = 0.019
 Site =   128 /   169 .. Mmpo =    42 DW = 1.09e-37 Error = 1.90e-13 NNZ =     1763 SPT = 0.0238 Tsvd = 0.001 T = 0.018
 Site =   129 /   169 .. Mmpo =    41 DW = 5.38e-38 Error = 1.03e-12 NNZ =     1680 SPT = 0.0244 Tsvd = 0.001 T = 0.017
 Site =   130 /   169 .. Mmpo =    40 DW = 2.03e-36 Error = 2.17e-13 NNZ =     1600 SPT = 0.0244 Tsvd = 0.001 T = 0.017
 Site =   131 /   169 .. Mmpo =    39 DW = 7.09e-37 Error = 2.25e-13 NNZ =     1521 SPT = 0.0250 Tsvd = 0.001 T = 0.016
 Site =   132 /   169 .. Mmpo =    38 DW = 4.88e-37 Error = 1.52e-13 NNZ =     1444 SPT = 0.0256 Tsvd = 0.001 T = 0.015
 Site =   133 /   169 .. Mmpo =    37 DW = 3.87e-37 Error = 1.99e-13 NNZ =     1369 SPT = 0.0263 Tsvd = 0.001 T = 0.014
 Site =   134 /   169 .. Mmpo =    36 DW = 6.45e-38 Error = 1.16e-13 NNZ =     1296 SPT = 0.0270 Tsvd = 0.001 T = 0.013
 Site =   135 /   169 .. Mmpo =    35 DW = 5.17e-38 Error = 1.62e-13 NNZ =     1225 SPT = 0.0278 Tsvd = 0.001 T = 0.013
 Site =   136 /   169 .. Mmpo =    34 DW = 8.28e-37 Error = 1.60e-13 NNZ =     1156 SPT = 0.0286 Tsvd = 0.001 T = 0.012
 Site =   137 /   169 .. Mmpo =    33 DW = 9.13e-38 Error = 1.41e-13 NNZ =     1089 SPT = 0.0294 Tsvd = 0.000 T = 0.011
 Site =   138 /   169 .. Mmpo =    32 DW = 3.11e-39 Error = 1.95e-13 NNZ =     1024 SPT = 0.0303 Tsvd = 0.000 T = 0.011
 Site =   139 /   169 .. Mmpo =    31 DW = 3.06e-38 Error = 1.79e-13 NNZ =      961 SPT = 0.0312 Tsvd = 0.000 T = 0.010
 Site =   140 /   169 .. Mmpo =    30 DW = 3.65e-37 Error = 1.54e-13 NNZ =      900 SPT = 0.0323 Tsvd = 0.000 T = 0.009
 Site =   141 /   169 .. Mmpo =    29 DW = 3.92e-39 Error = 1.69e-13 NNZ =      841 SPT = 0.0333 Tsvd = 0.000 T = 0.009
 Site =   142 /   169 .. Mmpo =    28 DW = 6.80e-38 Error = 5.68e-13 NNZ =      784 SPT = 0.0345 Tsvd = 0.000 T = 0.008
 Site =   143 /   169 .. Mmpo =    27 DW = 6.44e-38 Error = 1.67e-13 NNZ =      729 SPT = 0.0357 Tsvd = 0.000 T = 0.008
 Site =   144 /   169 .. Mmpo =    26 DW = 1.61e-38 Error = 1.84e-13 NNZ =      676 SPT = 0.0370 Tsvd = 0.000 T = 0.007
 Site =   145 /   169 .. Mmpo =    25 DW = 7.36e-38 Error = 1.35e-13 NNZ =      625 SPT = 0.0385 Tsvd = 0.000 T = 0.007
 Site =   146 /   169 .. Mmpo =    24 DW = 2.87e-39 Error = 2.05e-13 NNZ =      576 SPT = 0.0400 Tsvd = 0.000 T = 0.006
 Site =   147 /   169 .. Mmpo =    23 DW = 6.02e-39 Error = 1.64e-13 NNZ =      529 SPT = 0.0417 Tsvd = 0.000 T = 0.006
 Site =   148 /   169 .. Mmpo =    22 DW = 4.26e-40 Error = 2.11e-13 NNZ =      484 SPT = 0.0435 Tsvd = 0.000 T = 0.005
 Site =   149 /   169 .. Mmpo =    21 DW = 2.46e-37 Error = 1.52e-13 NNZ =      441 SPT = 0.0455 Tsvd = 0.000 T = 0.005
 Site =   150 /   169 .. Mmpo =    20 DW = 2.06e-38 Error = 1.18e-13 NNZ =      400 SPT = 0.0476 Tsvd = 0.000 T = 0.004
 Site =   151 /   169 .. Mmpo =    19 DW = 1.19e-37 Error = 2.01e-13 NNZ =      361 SPT = 0.0500 Tsvd = 0.000 T = 0.004
 Site =   152 /   169 .. Mmpo =    18 DW = 9.77e-38 Error = 1.26e-13 NNZ =      324 SPT = 0.0526 Tsvd = 0.000 T = 0.004
 Site =   153 /   169 .. Mmpo =    17 DW = 5.01e-37 Error = 9.40e-14 NNZ =      289 SPT = 0.0556 Tsvd = 0.000 T = 0.003
 Site =   154 /   169 .. Mmpo =    16 DW = 3.33e-37 Error = 3.00e-12 NNZ =      256 SPT = 0.0588 Tsvd = 0.000 T = 0.003
 Site =   155 /   169 .. Mmpo =    15 DW = 5.77e-38 Error = 2.00e-12 NNZ =      225 SPT = 0.0625 Tsvd = 0.000 T = 0.003
 Site =   156 /   169 .. Mmpo =    14 DW = 7.10e-38 Error = 2.09e-13 NNZ =      196 SPT = 0.0667 Tsvd = 0.000 T = 0.002
 Site =   157 /   169 .. Mmpo =    13 DW = 9.51e-38 Error = 2.24e-13 NNZ =      169 SPT = 0.0714 Tsvd = 0.000 T = 0.002
 Site =   158 /   169 .. Mmpo =    12 DW = 2.33e-37 Error = 3.42e-13 NNZ =      144 SPT = 0.0769 Tsvd = 0.000 T = 0.002
 Site =   159 /   169 .. Mmpo =    11 DW = 1.04e-38 Error = 1.62e-13 NNZ =      121 SPT = 0.0833 Tsvd = 0.000 T = 0.002
 Site =   160 /   169 .. Mmpo =    10 DW = 9.53e-38 Error = 1.45e-13 NNZ =      100 SPT = 0.0909 Tsvd = 0.000 T = 0.001
 Site =   161 /   169 .. Mmpo =     9 DW = 5.61e-38 Error = 1.79e-13 NNZ =       81 SPT = 0.1000 Tsvd = 0.000 T = 0.001
 Site =   162 /   169 .. Mmpo =     8 DW = 6.25e-40 Error = 1.17e-13 NNZ =       64 SPT = 0.1111 Tsvd = 0.000 T = 0.001
 Site =   163 /   169 .. Mmpo =     7 DW = 3.29e-39 Error = 1.33e-13 NNZ =       49 SPT = 0.1250 Tsvd = 0.000 T = 0.001
 Site =   164 /   169 .. Mmpo =     6 DW = 3.70e-37 Error = 1.00e-13 NNZ =       36 SPT = 0.1429 Tsvd = 0.000 T = 0.001
 Site =   165 /   169 .. Mmpo =     5 DW = 3.27e-40 Error = 1.34e-13 NNZ =       25 SPT = 0.1667 Tsvd = 0.000 T = 0.000
 Site =   166 /   169 .. Mmpo =     4 DW = 1.79e-38 Error = 2.60e-14 NNZ =       16 SPT = 0.2000 Tsvd = 0.000 T = 0.000
 Site =   167 /   169 .. Mmpo =     3 DW = 0.00e+00 Error = 2.28e-14 NNZ =        9 SPT = 0.2500 Tsvd = 0.000 T = 0.000
 Site =   168 /   169 .. Mmpo =     1 DW = 0.00e+00 Error = 6.15e-14 NNZ =        3 SPT = 0.0000 Tsvd = 0.000 T = 0.000
Ttotal =      4.752 Tsvd-total = 0.160 MPO bond dimension =    57 MaxDW = 1.70e-16 Total error = 6.28e-08
NNZ =       287002 SIZE =       293345 SPT = 0.0216

Rank =     0 Ttotal =      4.763 MPO method = FastSVD bond dimension =      57 NNZ =       287002 SIZE =       293345 SPT = 0.0216
Environment initialization | Nsites =   169 | Center =     0
 INIT-R <-- Site =  167 ..  Bmem =   128 B Rmem =   128 B T = 0.01
 INIT-R <-- Site =  166 ..  Bmem =   640 B Rmem =   640 B T = 0.02
 INIT-R <-- Site =  165 ..  Bmem = 3.00 KB Rmem = 3.00 KB T = 0.02
 INIT-R <-- Site =  164 ..  Bmem = 14.0 KB Rmem = 14.0 KB T = 0.01
 INIT-R <-- Site =  163 ..  Bmem = 64.0 KB Rmem = 64.0 KB T = 0.01
 INIT-R <-- Site =  162 ..  Bmem =  288 KB Rmem =  288 KB T = 0.01
 INIT-R <-- Site =  161 ..  Bmem = 1.25 MB Rmem = 1.25 MB T = 0.02
 INIT-R <-- Site =  160 ..  Bmem = 5.50 MB Rmem = 5.50 MB T = 0.05
 INIT-R <-- Site =  159 ..  Bmem = 24.0 MB Rmem = 22.9 MB T = 0.24
 INIT-R <-- Site =  158 ..  Bmem = 99.2 MB Rmem = 24.8 MB T = 0.55
 INIT-R <-- Site =  157 ..  Bmem =  107 MB Rmem = 26.7 MB T = 0.57
 INIT-R <-- Site =  156 ..  Bmem =  114 MB Rmem = 28.6 MB T = 0.60
 INIT-R <-- Site =  155 ..  Bmem =  122 MB Rmem = 30.5 MB T = 0.68
 INIT-R <-- Site =  154 ..  Bmem =  130 MB Rmem = 32.4 MB T = 0.71
 INIT-R <-- Site =  153 ..  Bmem =  137 MB Rmem = 34.3 MB T = 0.77
 INIT-R <-- Site =  152 ..  Bmem =  145 MB Rmem = 36.2 MB T = 0.81
 INIT-R <-- Site =  151 ..  Bmem =  153 MB Rmem = 38.1 MB T = 0.88
 INIT-R <-- Site =  150 ..  Bmem =  160 MB Rmem = 40.1 MB T = 0.96
 INIT-R <-- Site =  149 ..  Bmem =  168 MB Rmem = 42.0 MB T = 0.98
 INIT-R <-- Site =  148 ..  Bmem =  175 MB Rmem = 43.9 MB T = 1.06
 INIT-R <-- Site =  147 ..  Bmem =  183 MB Rmem = 45.8 MB T = 1.13
 INIT-R <-- Site =  146 ..  Bmem =  191 MB Rmem = 47.7 MB T = 1.17
 INIT-R <-- Site =  145 ..  Bmem =  198 MB Rmem = 49.6 MB T = 1.25
 INIT-R <-- Site =  144 ..  Bmem =  206 MB Rmem = 51.5 MB T = 1.30
 INIT-R <-- Site =  143 ..  Bmem =  214 MB Rmem = 53.4 MB T = 1.37
 INIT-R <-- Site =  142 ..  Bmem =  221 MB Rmem = 55.3 MB T = 1.50
 INIT-R <-- Site =  141 ..  Bmem =  229 MB Rmem = 57.2 MB T = 1.61
 INIT-R <-- Site =  140 ..  Bmem =  237 MB Rmem = 59.1 MB T = 1.60
 INIT-R <-- Site =  139 ..  Bmem =  244 MB Rmem = 61.0 MB T = 1.63
 INIT-R <-- Site =  138 ..  Bmem =  252 MB Rmem = 62.9 MB T = 1.71
 INIT-R <-- Site =  137 ..  Bmem =  259 MB Rmem = 64.8 MB T = 1.74
 INIT-R <-- Site =  136 ..  Bmem =  267 MB Rmem = 66.8 MB T = 1.90
 INIT-R <-- Site =  135 ..  Bmem =  275 MB Rmem = 68.7 MB T = 1.93
 INIT-R <-- Site =  134 ..  Bmem =  282 MB Rmem = 70.6 MB T = 2.08
 INIT-R <-- Site =  133 ..  Bmem =  290 MB Rmem = 72.5 MB T = 2.11
 INIT-R <-- Site =  132 ..  Bmem =  298 MB Rmem = 74.4 MB T = 2.13
 INIT-R <-- Site =  131 ..  Bmem =  305 MB Rmem = 76.3 MB T = 2.25
 INIT-R <-- Site =  130 ..  Bmem =  313 MB Rmem = 78.2 MB T = 2.26
 INIT-R <-- Site =  129 ..  Bmem =  320 MB Rmem = 80.1 MB T = 2.41
 INIT-R <-- Site =  128 ..  Bmem =  328 MB Rmem = 82.0 MB T = 2.48
 INIT-R <-- Site =  127 ..  Bmem =  336 MB Rmem = 83.9 MB T = 2.56
 INIT-R <-- Site =  126 ..  Bmem =  343 MB Rmem = 85.8 MB T = 2.65
 INIT-R <-- Site =  125 ..  Bmem =  351 MB Rmem = 87.7 MB T = 2.74
 INIT-R <-- Site =  124 ..  Bmem =  351 MB Rmem = 87.7 MB T = 2.64
 INIT-R <-- Site =  123 ..  Bmem =  359 MB Rmem = 89.6 MB T = 2.77
 INIT-R <-- Site =  122 ..  Bmem =  359 MB Rmem = 89.6 MB T = 2.92
 INIT-R <-- Site =  121 ..  Bmem =  366 MB Rmem = 91.6 MB T = 2.87
 INIT-R <-- Site =  120 ..  Bmem =  366 MB Rmem = 91.6 MB T = 2.87
 INIT-R <-- Site =  119 ..  Bmem =  374 MB Rmem = 93.5 MB T = 2.95
 INIT-R <-- Site =  118 ..  Bmem =  381 MB Rmem = 95.4 MB T = 3.09
 INIT-R <-- Site =  117 ..  Bmem =  381 MB Rmem = 95.4 MB T = 3.10
 INIT-R <-- Site =  116 ..  Bmem =  389 MB Rmem = 97.3 MB T = 3.29
 INIT-R <-- Site =  115 ..  Bmem =  397 MB Rmem = 99.2 MB T = 3.17
 INIT-R <-- Site =  114 ..  Bmem =  397 MB Rmem = 99.2 MB T = 3.12
 INIT-R <-- Site =  113 ..  Bmem =  397 MB Rmem = 99.2 MB T = 3.16
 INIT-R <-- Site =  112 ..  Bmem =  404 MB Rmem =  101 MB T = 3.16
 INIT-R <-- Site =  111 ..  Bmem =  404 MB Rmem =  101 MB T = 3.36
 INIT-R <-- Site =  110 ..  Bmem =  404 MB Rmem =  101 MB T = 3.37
 INIT-R <-- Site =  109 ..  Bmem =  404 MB Rmem =  101 MB T = 3.31
 INIT-R <-- Site =  108 ..  Bmem =  412 MB Rmem =  103 MB T = 3.37
 INIT-R <-- Site =  107 ..  Bmem =  412 MB Rmem =  103 MB T = 3.33
 INIT-R <-- Site =  106 ..  Bmem =  420 MB Rmem =  105 MB T = 3.43
 INIT-R <-- Site =  105 ..  Bmem =  420 MB Rmem =  105 MB T = 3.36
 INIT-R <-- Site =  104 ..  Bmem =  420 MB Rmem =  105 MB T = 3.37
 INIT-R <-- Site =  103 ..  Bmem =  420 MB Rmem =  105 MB T = 3.36
 INIT-R <-- Site =  102 ..  Bmem =  427 MB Rmem =  107 MB T = 3.43
 INIT-R <-- Site =  101 ..  Bmem =  427 MB Rmem =  107 MB T = 3.49
 INIT-R <-- Site =  100 ..  Bmem =  427 MB Rmem =  107 MB T = 3.48
 INIT-R <-- Site =   99 ..  Bmem =  435 MB Rmem =  109 MB T = 3.55
 INIT-R <-- Site =   98 ..  Bmem =  427 MB Rmem =  107 MB T = 3.52
 INIT-R <-- Site =   97 ..  Bmem =  427 MB Rmem =  107 MB T = 3.46
 INIT-R <-- Site =   96 ..  Bmem =  427 MB Rmem =  107 MB T = 3.48
 INIT-R <-- Site =   95 ..  Bmem =  427 MB Rmem =  107 MB T = 3.50
 INIT-R <-- Site =   94 ..  Bmem =  435 MB Rmem =  109 MB T = 3.63
 INIT-R <-- Site =   93 ..  Bmem =  435 MB Rmem =  109 MB T = 3.63
 INIT-R <-- Site =   92 ..  Bmem =  435 MB Rmem =  109 MB T = 3.62
 INIT-R <-- Site =   91 ..  Bmem =  435 MB Rmem =  109 MB T = 3.59
 INIT-R <-- Site =   90 ..  Bmem =  435 MB Rmem =  109 MB T = 3.54
 INIT-R <-- Site =   89 ..  Bmem =  435 MB Rmem =  109 MB T = 3.56
 INIT-R <-- Site =   88 ..  Bmem =  435 MB Rmem =  109 MB T = 3.65
 INIT-R <-- Site =   87 ..  Bmem =  435 MB Rmem =  109 MB T = 3.64
 INIT-R <-- Site =   86 ..  Bmem =  443 MB Rmem =  111 MB T = 3.57
 INIT-R <-- Site =   85 ..  Bmem =  435 MB Rmem =  109 MB T = 3.57
 INIT-R <-- Site =   84 ..  Bmem =  435 MB Rmem =  109 MB T = 3.64
 INIT-R <-- Site =   83 ..  Bmem =  435 MB Rmem =  109 MB T = 3.61
 INIT-R <-- Site =   82 ..  Bmem =  427 MB Rmem =  107 MB T = 3.56
 INIT-R <-- Site =   81 ..  Bmem =  435 MB Rmem =  109 MB T = 3.58
 INIT-R <-- Site =   80 ..  Bmem =  435 MB Rmem =  109 MB T = 3.62
 INIT-R <-- Site =   79 ..  Bmem =  435 MB Rmem =  109 MB T = 3.70
 INIT-R <-- Site =   78 ..  Bmem =  435 MB Rmem =  109 MB T = 3.58
 INIT-R <-- Site =   77 ..  Bmem =  435 MB Rmem =  109 MB T = 3.55
 INIT-R <-- Site =   76 ..  Bmem =  435 MB Rmem =  109 MB T = 3.57
 INIT-R <-- Site =   75 ..  Bmem =  435 MB Rmem =  109 MB T = 3.61
 INIT-R <-- Site =   74 ..  Bmem =  435 MB Rmem =  109 MB T = 3.62
 INIT-R <-- Site =   73 ..  Bmem =  435 MB Rmem =  109 MB T = 3.61
 INIT-R <-- Site =   72 ..  Bmem =  435 MB Rmem =  109 MB T = 3.63
 INIT-R <-- Site =   71 ..  Bmem =  427 MB Rmem =  107 MB T = 3.58
 INIT-R <-- Site =   70 ..  Bmem =  427 MB Rmem =  107 MB T = 3.48
 INIT-R <-- Site =   69 ..  Bmem =  427 MB Rmem =  107 MB T = 3.54
 INIT-R <-- Site =   68 ..  Bmem =  435 MB Rmem =  109 MB T = 3.50
 INIT-R <-- Site =   67 ..  Bmem =  435 MB Rmem =  109 MB T = 3.53
 INIT-R <-- Site =   66 ..  Bmem =  427 MB Rmem =  107 MB T = 3.40
 INIT-R <-- Site =   65 ..  Bmem =  427 MB Rmem =  107 MB T = 3.38
 INIT-R <-- Site =   64 ..  Bmem =  427 MB Rmem =  107 MB T = 3.40
 INIT-R <-- Site =   63 ..  Bmem =  420 MB Rmem =  105 MB T = 3.33
 INIT-R <-- Site =   62 ..  Bmem =  420 MB Rmem =  105 MB T = 3.40
 INIT-R <-- Site =   61 ..  Bmem =  420 MB Rmem =  105 MB T = 3.31
 INIT-R <-- Site =   60 ..  Bmem =  412 MB Rmem =  103 MB T = 3.25
 INIT-R <-- Site =   59 ..  Bmem =  420 MB Rmem =  105 MB T = 3.31
 INIT-R <-- Site =   58 ..  Bmem =  412 MB Rmem =  103 MB T = 3.22
 INIT-R <-- Site =   57 ..  Bmem =  404 MB Rmem =  101 MB T = 3.13
 INIT-R <-- Site =   56 ..  Bmem =  404 MB Rmem =  101 MB T = 3.15
 INIT-R <-- Site =   55 ..  Bmem =  404 MB Rmem =  101 MB T = 3.21
 INIT-R <-- Site =   54 ..  Bmem =  404 MB Rmem =  101 MB T = 3.15
 INIT-R <-- Site =   53 ..  Bmem =  397 MB Rmem = 99.2 MB T = 3.12
 INIT-R <-- Site =   52 ..  Bmem =  397 MB Rmem = 99.2 MB T = 3.03
 INIT-R <-- Site =   51 ..  Bmem =  389 MB Rmem = 97.3 MB T = 3.02
 INIT-R <-- Site =   50 ..  Bmem =  381 MB Rmem = 95.4 MB T = 2.90
 INIT-R <-- Site =   49 ..  Bmem =  381 MB Rmem = 95.4 MB T = 2.98
 INIT-R <-- Site =   48 ..  Bmem =  374 MB Rmem = 93.5 MB T = 2.84
 INIT-R <-- Site =   47 ..  Bmem =  366 MB Rmem = 91.6 MB T = 2.74
 INIT-R <-- Site =   46 ..  Bmem =  366 MB Rmem = 91.6 MB T = 2.73
 INIT-R <-- Site =   45 ..  Bmem =  359 MB Rmem = 89.6 MB T = 2.71
 INIT-R <-- Site =   44 ..  Bmem =  359 MB Rmem = 89.6 MB T = 2.61
 INIT-R <-- Site =   43 ..  Bmem =  351 MB Rmem = 87.7 MB T = 2.62
 INIT-R <-- Site =   42 ..  Bmem =  351 MB Rmem = 87.7 MB T = 2.71
 INIT-R <-- Site =   41 ..  Bmem =  343 MB Rmem = 85.8 MB T = 2.49
 INIT-R <-- Site =   40 ..  Bmem =  336 MB Rmem = 83.9 MB T = 2.41
 INIT-R <-- Site =   39 ..  Bmem =  328 MB Rmem = 82.0 MB T = 2.43
 INIT-R <-- Site =   38 ..  Bmem =  320 MB Rmem = 80.1 MB T = 2.27
 INIT-R <-- Site =   37 ..  Bmem =  313 MB Rmem = 78.2 MB T = 2.21
 INIT-R <-- Site =   36 ..  Bmem =  305 MB Rmem = 76.3 MB T = 2.16
 INIT-R <-- Site =   35 ..  Bmem =  298 MB Rmem = 74.4 MB T = 2.06
 INIT-R <-- Site =   34 ..  Bmem =  290 MB Rmem = 72.5 MB T = 1.95
 INIT-R <-- Site =   33 ..  Bmem =  282 MB Rmem = 70.6 MB T = 1.94
 INIT-R <-- Site =   32 ..  Bmem =  275 MB Rmem = 68.7 MB T = 1.85
 INIT-R <-- Site =   31 ..  Bmem =  267 MB Rmem = 66.8 MB T = 1.79
 INIT-R <-- Site =   30 ..  Bmem =  259 MB Rmem = 64.8 MB T = 1.71
 INIT-R <-- Site =   29 ..  Bmem =  252 MB Rmem = 62.9 MB T = 1.73
 INIT-R <-- Site =   28 ..  Bmem =  244 MB Rmem = 61.0 MB T = 1.56
 INIT-R <-- Site =   27 ..  Bmem =  237 MB Rmem = 59.1 MB T = 1.50
 INIT-R <-- Site =   26 ..  Bmem =  229 MB Rmem = 57.2 MB T = 1.43
 INIT-R <-- Site =   25 ..  Bmem =  221 MB Rmem = 55.3 MB T = 1.36
 INIT-R <-- Site =   24 ..  Bmem =  214 MB Rmem = 53.4 MB T = 1.33
 INIT-R <-- Site =   23 ..  Bmem =  206 MB Rmem = 51.5 MB T = 1.29
 INIT-R <-- Site =   22 ..  Bmem =  198 MB Rmem = 49.6 MB T = 1.19
 INIT-R <-- Site =   21 ..  Bmem =  191 MB Rmem = 47.7 MB T = 1.16
 INIT-R <-- Site =   20 ..  Bmem =  183 MB Rmem = 45.8 MB T = 1.08
 INIT-R <-- Site =   19 ..  Bmem =  175 MB Rmem = 43.9 MB T = 1.01
 INIT-R <-- Site =   18 ..  Bmem =  168 MB Rmem = 42.0 MB T = 0.99
 INIT-R <-- Site =   17 ..  Bmem =  160 MB Rmem = 40.1 MB T = 0.91
 INIT-R <-- Site =   16 ..  Bmem =  153 MB Rmem = 38.1 MB T = 0.90
 INIT-R <-- Site =   15 ..  Bmem =  145 MB Rmem = 36.2 MB T = 0.80
 INIT-R <-- Site =   14 ..  Bmem =  137 MB Rmem = 34.3 MB T = 2.26
 INIT-R <-- Site =   13 ..  Bmem =  130 MB Rmem = 32.4 MB T = 0.72
 INIT-R <-- Site =   12 ..  Bmem =  122 MB Rmem = 30.5 MB T = 0.67
 INIT-R <-- Site =   11 ..  Bmem =  114 MB Rmem = 28.6 MB T = 0.62
 INIT-R <-- Site =   10 ..  Bmem =  107 MB Rmem = 26.7 MB T = 0.57
 INIT-R <-- Site =    9 ..  Bmem = 99.2 MB Rmem = 24.8 MB T = 0.51
 INIT-R <-- Site =    8 ..  Bmem = 91.6 MB Rmem = 22.9 MB T = 0.49
 INIT-R <-- Site =    7 ..  Bmem = 83.9 MB Rmem = 5.50 MB T = 0.25
 INIT-R <-- Site =    6 ..  Bmem = 20.0 MB Rmem = 1.25 MB T = 0.05
 INIT-R <-- Site =    5 ..  Bmem = 4.50 MB Rmem =  288 KB T = 0.01
 INIT-R <-- Site =    4 ..  Bmem = 1.00 MB Rmem = 64.0 KB T = 0.01
 INIT-R <-- Site =    3 ..  Bmem =  224 KB Rmem = 14.0 KB T = 0.01
 INIT-R <-- Site =    2 ..  Bmem = 48.0 KB Rmem = 3.00 KB T = 0.01
 INIT-R <-- Site =    1 ..  Bmem = 10.0 KB Rmem =   640 B T = 0.01
 INIT-R <-- Site =    0 ..  Bmem = 2.00 KB Rmem =   128 B T = 0.01
Time init sweep =      376.635 | MaxBmem =  443 MB | MaxRmem =  111 MB
 | Tread = 0.000 | Twrite = 28.970 | Tfpread = 0.000 | Tfpwrite = 16.843 | data = 12.0 GB | cpsd = 7.97 GB | Tasync = 0.000


Sweep =    0 | Direction =  forward | Bond dimension =   15 | Noise =  1.00e-04 | Dav threshold =  1.00e-10
 --> Site =    0 .. Mmps =    2 Ndav =   4 E =   -191.4368214360 Error = 0.00e+00 FLOPS = 7.97e+05 Tdav = 0.00 T = 0.02
 --> Site =    1 .. Mmps =    4 Ndav =  10 E =   -191.4485069675 Error = 0.00e+00 FLOPS = 1.75e+07 Tdav = 0.00 T = 0.03
 --> Site =    2 .. Mmps =    8 Ndav =  14 E =   -191.4717716502 Error = 0.00e+00 FLOPS = 1.28e+08 Tdav = 0.00 T = 0.03
 --> Site =    3 .. Mmps =   15 Ndav =  17 E =   -191.4818508717 Error = 3.96e-16 FLOPS = 8.35e+08 Tdav = 0.00 T = 0.10
 --> Site =    4 .. Mmps =   15 Ndav =  19 E =   -191.5060498236 Error = 5.75e-11 FLOPS = 2.99e+09 Tdav = 0.00 T = 0.04
 --> Site =    5 .. Mmps =   15 Ndav =  22 E =   -191.5121893813 Error = 8.30e-10 FLOPS = 4.44e+09 Tdav = 0.01 T = 0.04
 --> Site =    6 .. Mmps =   15 Ndav =  19 E =   -191.5365102602 Error = 3.40e-09 FLOPS = 7.36e+09 Tdav = 0.01 T = 0.06
 --> Site =    7 .. Mmps =   15 Ndav =  22 E =   -191.5447209481 Error = 1.33e-08 FLOPS = 8.06e+09 Tdav = 0.06 T = 0.13
 --> Site =    8 .. Mmps =   15 Ndav =  20 E =   -191.5700961913 Error = 2.73e-08 FLOPS = 1.04e+10 Tdav = 0.17 T = 0.33
 --> Site =    9 .. Mmps =   15 Ndav =  21 E =   -191.5781448437 Error = 2.61e-08 FLOPS = 1.04e+10 Tdav = 0.19 T = 0.37
 --> Site =   10 .. Mmps =   15 Ndav =  20 E =   -191.5953818770 Error = 6.08e-08 FLOPS = 1.13e+10 Tdav = 0.18 T = 0.40
 --> Site =   11 .. Mmps =   15 Ndav =  20 E =   -191.5989313167 Error = 4.06e-08 FLOPS = 1.16e+10 Tdav = 0.19 T = 0.39
 --> Site =   12 .. Mmps =   15 Ndav =  19 E =   -191.6044729462 Error = 3.38e-08 FLOPS = 1.18e+10 Tdav = 0.19 T = 0.43
 --> Site =   13 .. Mmps =   15 Ndav =  21 E =   -191.6286677110 Error = 1.32e-08 FLOPS = 1.18e+10 Tdav = 0.23 T = 0.48
 --> Site =   14 .. Mmps =   15 Ndav =  22 E =   -191.6508776289 Error = 6.92e-08 FLOPS = 1.18e+10 Tdav = 0.25 T = 0.49
 --> Site =   15 .. Mmps =   15 Ndav =  25 E =   -191.6612929495 Error = 1.57e-08 FLOPS = 1.09e+10 Tdav = 0.33 T = 0.56
 --> Site =   16 .. Mmps =   15 Ndav =  22 E =   -191.6828906177 Error = 7.46e-08 FLOPS = 1.19e+10 Tdav = 0.28 T = 0.52
 --> Site =   17 .. Mmps =   15 Ndav =  24 E =   -191.6923740731 Error = 1.65e-08 FLOPS = 1.15e+10 Tdav = 0.33 T = 0.59
 --> Site =   18 .. Mmps =   15 Ndav =  22 E =   -191.7142336745 Error = 7.89e-08 FLOPS = 1.22e+10 Tdav = 0.30 T = 0.71
 --> Site =   19 .. Mmps =   15 Ndav =  27 E =   -191.7223281048 Error = 1.61e-08 FLOPS = 1.11e+10 Tdav = 0.43 T = 0.69
 --> Site =   20 .. Mmps =   15 Ndav =  22 E =   -191.7388060941 Error = 8.46e-08 FLOPS = 1.28e+10 Tdav = 0.32 T = 0.62
 --> Site =   21 .. Mmps =   15 Ndav =  25 E =   -191.7498193559 Error = 1.56e-08 FLOPS = 1.23e+10 Tdav = 0.39 T = 0.70
 --> Site =   22 .. Mmps =   15 Ndav =  23 E =   -191.7634848615 Error = 8.59e-08 FLOPS = 1.27e+10 Tdav = 0.36 T = 0.69
 --> Site =   23 .. Mmps =   15 Ndav =  26 E =   -191.7705533086 Error = 1.56e-08 FLOPS = 1.21e+10 Tdav = 0.45 T = 0.75
 --> Site =   24 .. Mmps =   15 Ndav =  21 E =   -191.7762756260 Error = 7.11e-08 FLOPS = 1.33e+10 Tdav = 0.34 T = 0.65
 --> Site =   25 .. Mmps =   15 Ndav =  21 E =   -191.7779252984 Error = 8.54e-09 FLOPS = 1.35e+10 Tdav = 0.35 T = 0.71
 --> Site =   26 .. Mmps =   15 Ndav =  19 E =   -191.7822472402 Error = 1.23e-07 FLOPS = 1.40e+10 Tdav = 0.31 T = 0.67
 --> Site =   27 .. Mmps =   15 Ndav =  24 E =   -191.7949447584 Error = 2.24e-08 FLOPS = 1.30e+10 Tdav = 0.44 T = 0.79
 --> Site =   28 .. Mmps =   15 Ndav =  20 E =   -191.8075460265 Error = 1.79e-07 FLOPS = 1.41e+10 Tdav = 0.35 T = 0.70
 --> Site =   29 .. Mmps =   15 Ndav =  22 E =   -191.8197307039 Error = 7.38e-08 FLOPS = 1.35e+10 Tdav = 0.42 T = 0.77
 --> Site =   30 .. Mmps =   15 Ndav =  22 E =   -191.8376512541 Error = 1.75e-07 FLOPS = 1.35e+10 Tdav = 0.43 T = 0.81
 --> Site =   31 .. Mmps =   15 Ndav =  23 E =   -191.8447537175 Error = 7.52e-08 FLOPS = 1.37e+10 Tdav = 0.45 T = 0.92
 --> Site =   32 .. Mmps =   15 Ndav =  22 E =   -191.8539520377 Error = 1.77e-07 FLOPS = 1.40e+10 Tdav = 0.44 T = 0.88
 --> Site =   33 .. Mmps =   15 Ndav =  23 E =   -191.8592351909 Error = 7.24e-08 FLOPS = 1.40e+10 Tdav = 0.47 T = 0.85
 --> Site =   34 .. Mmps =   15 Ndav =  21 E =   -191.8654529743 Error = 1.73e-07 FLOPS = 1.44e+10 Tdav = 0.43 T = 0.90
 --> Site =   35 .. Mmps =   15 Ndav =  23 E =   -191.8713786359 Error = 6.91e-08 FLOPS = 1.41e+10 Tdav = 0.49 T = 0.93
 --> Site =   36 .. Mmps =   15 Ndav =  23 E =   -191.8788276782 Error = 1.43e-07 FLOPS = 1.42e+10 Tdav = 0.50 T = 0.96
 --> Site =   37 .. Mmps =   15 Ndav =  22 E =   -191.8817763780 Error = 4.18e-08 FLOPS = 1.42e+10 Tdav = 0.49 T = 0.94
 --> Site =   38 .. Mmps =   15 Ndav =  22 E =   -191.8904993970 Error = 3.63e-08 FLOPS = 1.43e+10 Tdav = 0.50 T = 0.97
 --> Site =   39 .. Mmps =   15 Ndav =  23 E =   -191.8976656397 Error = 2.14e-08 FLOPS = 1.41e+10 Tdav = 0.54 T = 1.00
 --> Site =   40 .. Mmps =   15 Ndav =  23 E =   -191.9131447833 Error = 8.25e-08 FLOPS = 1.45e+10 Tdav = 0.54 T = 1.06
 --> Site =   41 .. Mmps =   15 Ndav =  26 E =   -191.9297879866 Error = 3.05e-08 FLOPS = 1.38e+10 Tdav = 0.66 T = 1.15
 --> Site =   42 .. Mmps =   15 Ndav =  23 E =   -191.9453521784 Error = 1.01e-07 FLOPS = 1.45e+10 Tdav = 0.57 T = 1.09
 --> Site =   43 .. Mmps =   15 Ndav =  26 E =   -191.9559493164 Error = 2.86e-08 FLOPS = 1.41e+10 Tdav = 0.66 T = 1.16
 --> Site =   44 .. Mmps =   15 Ndav =  23 E =   -191.9659982385 Error = 1.00e-07 FLOPS = 1.44e+10 Tdav = 0.59 T = 1.13
 --> Site =   45 .. Mmps =   15 Ndav =  27 E =   -191.9781926165 Error = 2.66e-08 FLOPS = 1.39e+10 Tdav = 0.71 T = 1.20
 --> Site =   46 .. Mmps =   15 Ndav =  22 E =   -191.9915085306 Error = 9.88e-08 FLOPS = 1.48e+10 Tdav = 0.55 T = 1.05
 --> Site =   47 .. Mmps =   15 Ndav =  26 E =   -192.0005328579 Error = 2.43e-08 FLOPS = 1.40e+10 Tdav = 0.69 T = 1.16
 --> Site =   48 .. Mmps =   15 Ndav =  21 E =   -192.0057997444 Error = 1.01e-07 FLOPS = 1.49e+10 Tdav = 0.54 T = 0.99
 --> Site =   49 .. Mmps =   15 Ndav =  27 E =   -192.0129286603 Error = 1.79e-08 FLOPS = 1.41e+10 Tdav = 0.75 T = 1.25
 --> Site =   50 .. Mmps =   15 Ndav =  20 E =   -192.0161279816 Error = 6.54e-08 FLOPS = 1.49e+10 Tdav = 0.52 T = 1.02
 --> Site =   51 .. Mmps =   15 Ndav =  22 E =   -192.0177862559 Error = 1.05e-08 FLOPS = 1.48e+10 Tdav = 0.59 T = 1.06
 --> Site =   52 .. Mmps =   15 Ndav =  17 E =   -192.0200564388 Error = 1.05e-07 FLOPS = 1.57e+10 Tdav = 0.44 T = 0.95
 --> Site =   53 .. Mmps =   15 Ndav =  19 E =   -192.0210669618 Error = 2.36e-08 FLOPS = 1.54e+10 Tdav = 0.50 T = 0.99
 --> Site =   54 .. Mmps =   15 Ndav =  19 E =   -192.0247666469 Error = 1.81e-07 FLOPS = 1.53e+10 Tdav = 0.51 T = 1.08
 --> Site =   55 .. Mmps =   15 Ndav =  22 E =   -192.0270564483 Error = 6.32e-08 FLOPS = 1.50e+10 Tdav = 0.61 T = 1.17
 --> Site =   56 .. Mmps =   15 Ndav =  20 E =   -192.0310440569 Error = 1.88e-07 FLOPS = 1.54e+10 Tdav = 0.54 T = 1.02
 --> Site =   57 .. Mmps =   15 Ndav =  20 E =   -192.0334513809 Error = 6.53e-08 FLOPS = 1.53e+10 Tdav = 0.54 T = 1.19
 --> Site =   58 .. Mmps =   15 Ndav =  20 E =   -192.0385993451 Error = 1.86e-07 FLOPS = 1.54e+10 Tdav = 0.55 T = 1.07
 --> Site =   59 .. Mmps =   15 Ndav =  21 E =   -192.0405234929 Error = 6.51e-08 FLOPS = 1.52e+10 Tdav = 0.59 T = 1.16
 --> Site =   60 .. Mmps =   15 Ndav =  21 E =   -192.0452382919 Error = 1.86e-07 FLOPS = 1.50e+10 Tdav = 0.59 T = 1.15
 --> Site =   61 .. Mmps =   15 Ndav =  21 E =   -192.0478382804 Error = 6.03e-08 FLOPS = 1.53e+10 Tdav = 0.59 T = 1.14
 --> Site =   62 .. Mmps =   15 Ndav =  22 E =   -192.0537040305 Error = 1.43e-07 FLOPS = 1.52e+10 Tdav = 0.62 T = 1.16
 --> Site =   63 .. Mmps =   15 Ndav =  20 E =   -192.0548276550 Error = 4.15e-08 FLOPS = 1.54e+10 Tdav = 0.56 T = 1.27
 --> Site =   64 .. Mmps =   15 Ndav =  21 E =   -192.0567109802 Error = 3.53e-08 FLOPS = 1.54e+10 Tdav = 0.60 T = 1.20
 --> Site =   65 .. Mmps =   15 Ndav =  22 E =   -192.0592055607 Error = 1.73e-08 FLOPS = 1.52e+10 Tdav = 0.63 T = 1.18
 --> Site =   66 .. Mmps =   15 Ndav =  24 E =   -192.0732349806 Error = 6.68e-08 FLOPS = 1.47e+10 Tdav = 0.71 T = 1.27
 --> Site =   67 .. Mmps =   15 Ndav =  24 E =   -192.0840595463 Error = 2.34e-08 FLOPS = 1.49e+10 Tdav = 0.72 T = 1.29
 --> Site =   68 .. Mmps =   15 Ndav =  23 E =   -192.0924931057 Error = 8.96e-08 FLOPS = 1.51e+10 Tdav = 0.68 T = 1.27
 --> Site =   69 .. Mmps =   15 Ndav =  26 E =   -192.0994066299 Error = 2.41e-08 FLOPS = 1.46e+10 Tdav = 0.78 T = 1.34
 --> Site =   70 .. Mmps =   15 Ndav =  23 E =   -192.1079407895 Error = 9.43e-08 FLOPS = 1.50e+10 Tdav = 0.67 T = 1.23
 --> Site =   71 .. Mmps =   15 Ndav =  26 E =   -192.1121632125 Error = 2.58e-08 FLOPS = 1.44e+10 Tdav = 0.79 T = 1.34
 --> Site =   72 .. Mmps =   15 Ndav =  22 E =   -192.1219290759 Error = 9.86e-08 FLOPS = 1.52e+10 Tdav = 0.65 T = 1.19
 --> Site =   73 .. Mmps =   15 Ndav =  27 E =   -192.1301093158 Error = 2.38e-08 FLOPS = 1.44e+10 Tdav = 0.83 T = 1.37
 --> Site =   74 .. Mmps =   15 Ndav =  21 E =   -192.1371337164 Error = 9.97e-08 FLOPS = 1.53e+10 Tdav = 0.61 T = 1.19
 --> Site =   75 .. Mmps =   15 Ndav =  24 E =   -192.1401832422 Error = 1.74e-08 FLOPS = 1.49e+10 Tdav = 0.72 T = 1.24
 --> Site =   76 .. Mmps =   15 Ndav =  20 E =   -192.1430615715 Error = 6.57e-08 FLOPS = 1.55e+10 Tdav = 0.57 T = 1.15
 --> Site =   77 .. Mmps =   15 Ndav =  22 E =   -192.1445931730 Error = 1.01e-08 FLOPS = 1.51e+10 Tdav = 0.65 T = 1.25
 --> Site =   78 .. Mmps =   15 Ndav =  17 E =   -192.1457261512 Error = 1.09e-07 FLOPS = 1.60e+10 Tdav = 0.47 T = 1.02
 --> Site =   79 .. Mmps =   15 Ndav =  19 E =   -192.1466391937 Error = 2.35e-08 FLOPS = 1.57e+10 Tdav = 0.54 T = 1.08
 --> Site =   80 .. Mmps =   15 Ndav =  20 E =   -192.1500052733 Error = 1.86e-07 FLOPS = 1.54e+10 Tdav = 0.58 T = 1.12
 --> Site =   81 .. Mmps =   15 Ndav =  20 E =   -192.1514514694 Error = 6.59e-08 FLOPS = 1.55e+10 Tdav = 0.57 T = 1.11
 --> Site =   82 .. Mmps =   15 Ndav =  20 E =   -192.1548152862 Error = 1.93e-07 FLOPS = 1.53e+10 Tdav = 0.57 T = 1.17
 --> Site =   83 .. Mmps =   15 Ndav =  21 E =   -192.1572283534 Error = 6.65e-08 FLOPS = 1.55e+10 Tdav = 0.60 T = 1.15
 --> Site =   84 .. Mmps =   15 Ndav =  20 E =   -192.1604259864 Error = 1.89e-07 FLOPS = 1.52e+10 Tdav = 0.59 T = 1.21
 --> Site =   85 .. Mmps =   15 Ndav =  21 E =   -192.1624310618 Error = 6.80e-08 FLOPS = 1.49e+10 Tdav = 0.63 T = 1.23
 --> Site =   86 .. Mmps =   15 Ndav =  21 E =   -192.1678066033 Error = 1.86e-07 FLOPS = 1.49e+10 Tdav = 0.64 T = 1.21
 --> Site =   87 .. Mmps =   15 Ndav =  21 E =   -192.1699561896 Error = 6.14e-08 FLOPS = 1.51e+10 Tdav = 0.62 T = 1.15
 --> Site =   88 .. Mmps =   15 Ndav =  21 E =   -192.1743550664 Error = 1.47e-07 FLOPS = 1.49e+10 Tdav = 0.63 T = 1.25
 --> Site =   89 .. Mmps =   15 Ndav =  20 E =   -192.1751257029 Error = 4.21e-08 FLOPS = 1.53e+10 Tdav = 0.58 T = 1.34
 --> Site =   90 .. Mmps =   15 Ndav =  20 E =   -192.1765719338 Error = 3.68e-08 FLOPS = 1.52e+10 Tdav = 0.59 T = 1.18
 --> Site =   91 .. Mmps =   15 Ndav =  23 E =   -192.1783965967 Error = 1.77e-08 FLOPS = 1.49e+10 Tdav = 0.69 T = 1.27
 --> Site =   92 .. Mmps =   15 Ndav =  23 E =   -192.1858152028 Error = 6.68e-08 FLOPS = 1.46e+10 Tdav = 0.70 T = 1.31
 --> Site =   93 .. Mmps =   15 Ndav =  25 E =   -192.1928243840 Error = 2.40e-08 FLOPS = 1.43e+10 Tdav = 0.78 T = 1.40
 --> Site =   94 .. Mmps =   15 Ndav =  23 E =   -192.1985477142 Error = 9.17e-08 FLOPS = 1.47e+10 Tdav = 0.70 T = 1.34
 --> Site =   95 .. Mmps =   15 Ndav =  24 E =   -192.2021585368 Error = 2.70e-08 FLOPS = 1.45e+10 Tdav = 0.72 T = 1.32
 --> Site =   96 .. Mmps =   15 Ndav =  22 E =   -192.2093595628 Error = 9.89e-08 FLOPS = 1.49e+10 Tdav = 0.65 T = 1.21
 --> Site =   97 .. Mmps =   15 Ndav =  24 E =   -192.2156072608 Error = 2.52e-08 FLOPS = 1.44e+10 Tdav = 0.73 T = 1.29
 --> Site =   98 .. Mmps =   15 Ndav =  22 E =   -192.2219134181 Error = 9.71e-08 FLOPS = 1.48e+10 Tdav = 0.65 T = 1.18
 --> Site =   99 .. Mmps =   15 Ndav =  25 E =   -192.2284512972 Error = 2.25e-08 FLOPS = 1.43e+10 Tdav = 0.78 T = 1.35
 --> Site =  100 .. Mmps =   15 Ndav =  22 E =   -192.2338081503 Error = 1.01e-07 FLOPS = 1.48e+10 Tdav = 0.65 T = 1.35
 --> Site =  101 .. Mmps =   15 Ndav =  25 E =   -192.2374853712 Error = 1.66e-08 FLOPS = 1.44e+10 Tdav = 0.76 T = 1.46
 --> Site =  102 .. Mmps =   15 Ndav =  20 E =   -192.2395833277 Error = 6.66e-08 FLOPS = 1.51e+10 Tdav = 0.58 T = 1.15
 --> Site =  103 .. Mmps =   15 Ndav =  21 E =   -192.2402108486 Error = 1.00e-08 FLOPS = 1.47e+10 Tdav = 0.61 T = 1.22
 --> Site =  104 .. Mmps =   15 Ndav =  17 E =   -192.2410611861 Error = 1.14e-07 FLOPS = 1.56e+10 Tdav = 0.47 T = 0.98
 --> Site =  105 .. Mmps =   15 Ndav =  19 E =   -192.2417392964 Error = 2.22e-08 FLOPS = 1.50e+10 Tdav = 0.54 T = 1.11
 --> Site =  106 .. Mmps =   15 Ndav =  18 E =   -192.2432032082 Error = 1.89e-07 FLOPS = 1.54e+10 Tdav = 0.50 T = 1.07
 --> Site =  107 .. Mmps =   15 Ndav =  20 E =   -192.2439338694 Error = 7.11e-08 FLOPS = 1.49e+10 Tdav = 0.56 T = 1.15
 --> Site =  108 .. Mmps =   15 Ndav =  20 E =   -192.2471324812 Error = 1.94e-07 FLOPS = 1.49e+10 Tdav = 0.56 T = 1.10
 --> Site =  109 .. Mmps =   15 Ndav =  21 E =   -192.2489776883 Error = 7.29e-08 FLOPS = 1.48e+10 Tdav = 0.59 T = 1.13
 --> Site =  110 .. Mmps =   15 Ndav =  20 E =   -192.2522299362 Error = 1.97e-07 FLOPS = 1.48e+10 Tdav = 0.56 T = 1.14
 --> Site =  111 .. Mmps =   15 Ndav =  20 E =   -192.2537476176 Error = 7.31e-08 FLOPS = 1.50e+10 Tdav = 0.55 T = 1.06
 --> Site =  112 .. Mmps =   15 Ndav =  21 E =   -192.2582482937 Error = 1.94e-07 FLOPS = 1.46e+10 Tdav = 0.59 T = 1.19
 --> Site =  113 .. Mmps =   15 Ndav =  20 E =   -192.2598106461 Error = 6.69e-08 FLOPS = 1.48e+10 Tdav = 0.55 T = 1.05
 --> Site =  114 .. Mmps =   15 Ndav =  21 E =   -192.2645877542 Error = 1.55e-07 FLOPS = 1.48e+10 Tdav = 0.58 T = 1.13
 --> Site =  115 .. Mmps =   15 Ndav =  20 E =   -192.2652400846 Error = 4.23e-08 FLOPS = 1.50e+10 Tdav = 0.54 T = 1.09
 --> Site =  116 .. Mmps =   15 Ndav =  20 E =   -192.2666071975 Error = 3.87e-08 FLOPS = 1.49e+10 Tdav = 0.53 T = 1.06
 --> Site =  117 .. Mmps =   15 Ndav =  22 E =   -192.2684980924 Error = 1.72e-08 FLOPS = 1.44e+10 Tdav = 0.60 T = 1.21
 --> Site =  118 .. Mmps =   15 Ndav =  23 E =   -192.2744475236 Error = 6.87e-08 FLOPS = 1.44e+10 Tdav = 0.62 T = 1.14
 --> Site =  119 .. Mmps =   15 Ndav =  23 E =   -192.2779791221 Error = 1.89e-08 FLOPS = 1.45e+10 Tdav = 0.61 T = 1.17
 --> Site =  120 .. Mmps =   15 Ndav =  23 E =   -192.2840950551 Error = 9.27e-08 FLOPS = 1.42e+10 Tdav = 0.61 T = 1.07
 --> Site =  121 .. Mmps =   15 Ndav =  23 E =   -192.2870741184 Error = 1.90e-08 FLOPS = 1.44e+10 Tdav = 0.59 T = 1.18
 --> Site =  122 .. Mmps =   15 Ndav =  23 E =   -192.2943324920 Error = 9.54e-08 FLOPS = 1.40e+10 Tdav = 0.60 T = 1.17
 --> Site =  123 .. Mmps =   15 Ndav =  23 E =   -192.2982717331 Error = 1.88e-08 FLOPS = 1.43e+10 Tdav = 0.59 T = 1.09
 --> Site =  124 .. Mmps =   15 Ndav =  23 E =   -192.3039593962 Error = 9.62e-08 FLOPS = 1.40e+10 Tdav = 0.59 T = 1.06
 --> Site =  125 .. Mmps =   15 Ndav =  26 E =   -192.3081086637 Error = 1.87e-08 FLOPS = 1.37e+10 Tdav = 0.68 T = 1.16
 --> Site =  126 .. Mmps =   15 Ndav =  21 E =   -192.3128147137 Error = 9.98e-08 FLOPS = 1.43e+10 Tdav = 0.51 T = 1.00
 --> Site =  127 .. Mmps =   15 Ndav =  25 E =   -192.3156060545 Error = 1.40e-08 FLOPS = 1.35e+10 Tdav = 0.63 T = 1.11
 --> Site =  128 .. Mmps =   15 Ndav =  20 E =   -192.3176731939 Error = 6.66e-08 FLOPS = 1.47e+10 Tdav = 0.45 T = 0.88
 --> Site =  129 .. Mmps =   15 Ndav =  20 E =   -192.3179782560 Error = 9.46e-09 FLOPS = 1.43e+10 Tdav = 0.45 T = 0.87
 --> Site =  130 .. Mmps =   15 Ndav =  16 E =   -192.3183574518 Error = 1.10e-07 FLOPS = 1.51e+10 Tdav = 0.34 T = 0.84
 --> Site =  131 .. Mmps =   15 Ndav =  16 E =   -192.3186542957 Error = 1.92e-08 FLOPS = 1.51e+10 Tdav = 0.33 T = 0.79
 --> Site =  132 .. Mmps =   15 Ndav =  17 E =   -192.3193061398 Error = 1.76e-07 FLOPS = 1.50e+10 Tdav = 0.34 T = 0.76
 --> Site =  133 .. Mmps =   15 Ndav =  21 E =   -192.3196658545 Error = 7.05e-08 FLOPS = 1.41e+10 Tdav = 0.44 T = 0.86
 --> Site =  134 .. Mmps =   15 Ndav =  18 E =   -192.3204544781 Error = 1.79e-07 FLOPS = 1.43e+10 Tdav = 0.36 T = 0.80
 --> Site =  135 .. Mmps =   15 Ndav =  20 E =   -192.3211206560 Error = 7.16e-08 FLOPS = 1.42e+10 Tdav = 0.39 T = 0.91
 --> Site =  136 .. Mmps =   15 Ndav =  19 E =   -192.3222168505 Error = 1.78e-07 FLOPS = 1.42e+10 Tdav = 0.36 T = 0.77
 --> Site =  137 .. Mmps =   15 Ndav =  19 E =   -192.3227417164 Error = 7.21e-08 FLOPS = 1.42e+10 Tdav = 0.35 T = 0.75
 --> Site =  138 .. Mmps =   15 Ndav =  18 E =   -192.3238343452 Error = 1.75e-07 FLOPS = 1.38e+10 Tdav = 0.33 T = 0.76
 --> Site =  139 .. Mmps =   15 Ndav =  19 E =   -192.3246628180 Error = 6.64e-08 FLOPS = 1.31e+10 Tdav = 0.36 T = 0.72
 --> Site =  140 .. Mmps =   15 Ndav =  19 E =   -192.3257472697 Error = 1.43e-07 FLOPS = 1.38e+10 Tdav = 0.33 T = 0.74
 --> Site =  141 .. Mmps =   15 Ndav =  18 E =   -192.3260573004 Error = 3.69e-08 FLOPS = 1.39e+10 Tdav = 0.30 T = 0.64
 --> Site =  142 .. Mmps =   15 Ndav =  17 E =   -192.3262283004 Error = 3.41e-08 FLOPS = 1.39e+10 Tdav = 0.27 T = 0.61
 --> Site =  143 .. Mmps =   15 Ndav =  18 E =   -192.3263431022 Error = 1.01e-08 FLOPS = 1.40e+10 Tdav = 0.28 T = 0.58
 --> Site =  144 .. Mmps =   15 Ndav =  18 E =   -192.3264942438 Error = 4.60e-08 FLOPS = 1.39e+10 Tdav = 0.27 T = 0.60
 --> Site =  145 .. Mmps =   15 Ndav =  19 E =   -192.3266288477 Error = 9.77e-09 FLOPS = 1.35e+10 Tdav = 0.28 T = 0.61
 --> Site =  146 .. Mmps =   15 Ndav =  18 E =   -192.3268642755 Error = 5.35e-08 FLOPS = 1.38e+10 Tdav = 0.25 T = 0.60
 --> Site =  147 .. Mmps =   15 Ndav =  18 E =   -192.3270473383 Error = 9.65e-09 FLOPS = 1.38e+10 Tdav = 0.24 T = 0.52
 --> Site =  148 .. Mmps =   15 Ndav =  19 E =   -192.3273430646 Error = 5.10e-08 FLOPS = 1.32e+10 Tdav = 0.25 T = 0.54
 --> Site =  149 .. Mmps =   15 Ndav =  18 E =   -192.3275602730 Error = 9.33e-09 FLOPS = 1.33e+10 Tdav = 0.23 T = 0.58
 --> Site =  150 .. Mmps =   15 Ndav =  18 E =   -192.3277905012 Error = 4.76e-08 FLOPS = 1.27e+10 Tdav = 0.22 T = 0.48
 --> Site =  151 .. Mmps =   15 Ndav =  19 E =   -192.3278962486 Error = 8.83e-09 FLOPS = 1.25e+10 Tdav = 0.23 T = 0.48
 --> Site =  152 .. Mmps =   15 Ndav =  17 E =   -192.3279751359 Error = 4.71e-08 FLOPS = 1.33e+10 Tdav = 0.18 T = 0.41
 --> Site =  153 .. Mmps =   15 Ndav =  15 E =   -192.3279889450 Error = 4.89e-09 FLOPS = 1.32e+10 Tdav = 0.15 T = 0.39
 --> Site =  154 .. Mmps =   15 Ndav =  13 E =   -192.3279922782 Error = 3.28e-08 FLOPS = 1.40e+10 Tdav = 0.12 T = 0.37
 --> Site =  155 .. Mmps =   15 Ndav =  10 E =   -192.3279920969 Error = 2.93e-09 FLOPS = 1.42e+10 Tdav = 0.08 T = 0.33
 --> Site =  156 .. Mmps =   15 Ndav =  11 E =   -192.3279924923 Error = 9.18e-09 FLOPS = 1.39e+10 Tdav = 0.09 T = 0.31
 --> Site =  157 .. Mmps =   15 Ndav =  10 E =   -192.3279923904 Error = 1.34e-09 FLOPS = 1.39e+10 Tdav = 0.07 T = 0.27
 --> Site =  158 .. Mmps =   15 Ndav =   9 E =   -192.3279923602 Error = 1.56e-09 FLOPS = 1.42e+10 Tdav = 0.06 T = 0.24
 --> Site =  159 .. Mmps =   15 Ndav =   6 E =   -192.3279923338 Error = 6.70e-11 FLOPS = 1.47e+10 Tdav = 0.04 T = 0.26
 --> Site =  160 .. Mmps =   15 Ndav =   7 E =   -192.3279923375 Error = 2.11e-11 FLOPS = 1.37e+10 Tdav = 0.01 T = 0.12
 --> Site =  161 .. Mmps =   15 Ndav =   3 E =   -192.3279923370 Error = 3.03e-12 FLOPS = 9.98e+09 Tdav = 0.00 T = 0.05
 --> Site =  162 .. Mmps =   15 Ndav =   2 E =   -192.3279923369 Error = 3.97e-13 FLOPS = 5.33e+09 Tdav = 0.00 T = 0.04
 --> Site =  163 .. Mmps =   15 Ndav =   1 E =   -192.3279923368 Error = 1.02e-13 FLOPS = 1.69e+09 Tdav = 0.00 T = 0.05
 --> Site =  164 .. Mmps =   15 Ndav =   1 E =   -192.3279923368 Error = 3.19e-17 FLOPS = 9.34e+08 Tdav = 0.00 T = 0.04
 --> Site =  165 .. Mmps =   15 Ndav =   1 E =   -192.3279923368 Error = 2.19e-29 FLOPS = 3.74e+08 Tdav = 0.00 T = 0.03
 --> Site =  166 .. Mmps =   15 Ndav =   1 E =   -192.3279923368 Error = 7.22e-55 FLOPS = 1.67e+08 Tdav = 0.00 T = 0.03
 --> Site =  167 .. Mmps =   15 Ndav =   1 E =   -192.3279923368 Error = 4.80e-82 FLOPS = 7.57e+07 Tdav = 0.00 T = 0.06
 --> Site =  168 .. Mmps =   15 Ndav =   1 E =   -192.3279923368 Error = 0.00e+00 FLOPS = 2.19e+07 Tdav = 0.00 T = 0.05
Time elapsed =    145.337 | E =    -192.3279924923 | DW = 1.96883e-07
Time sweep =      145.337 | 995 GFLOP/SWP
 | Dmem = 111 MB (0%) | Imem = 232 B (79%) | Hmem = 111 MB | Wmem = 117 KB | Pmem = 117 KB
 | Tread = 55.035 | Twrite = 1.423 | Tfpread = 53.771 | Tfpwrite = 0.023 | Tmporead = 0.000 | Tasync = 0.000
 | data = 11.3 MB | cpsd = 8.63 MB
 | Trot = 0.032 | Tctr = 0.007 | Tint = 0.029 | Tmid = 0.000 | Tdctr = 0.160 | Tdiag = 0.119 | Tinfo = 0.260
 | Teff = 61.870 | Tprt = 0.280 | Teig = 74.046 | Tblk = 142.134 | Tmve = 3.191 | Tdm = 0.011 | Tsplt = 0.030 | Tsvd = 0.000 | Torth = 0.000

Sweep =    1 | Direction = backward | Bond dimension =   15 | Noise =  1.00e-04 | Dav threshold =  1.00e-10
 <-- Site =  168 .. Mmps =    2 Ndav =   1 E =   -192.3279923368 Error = 0.00e+00 FLOPS = 2.28e+07 Tdav = 0.00 T = 0.02
 <-- Site =  167 .. Mmps =    4 Ndav =   1 E =   -192.3279923368 Error = 0.00e+00 FLOPS = 9.29e+07 Tdav = 0.00 T = 0.05
 <-- Site =  166 .. Mmps =    8 Ndav =   1 E =   -192.3279923368 Error = 0.00e+00 FLOPS = 2.39e+08 Tdav = 0.00 T = 0.05
 <-- Site =  165 .. Mmps =   15 Ndav =   1 E =   -192.3279923368 Error = 0.00e+00 FLOPS = 4.65e+08 Tdav = 0.00 T = 0.05
 <-- Site =  164 .. Mmps =   15 Ndav =   1 E =   -192.3279923368 Error = 4.81e-21 FLOPS = 8.94e+08 Tdav = 0.00 T = 0.06
 <-- Site =  163 .. Mmps =   15 Ndav =   1 E =   -192.3279923368 Error = 2.06e-23 FLOPS = 1.12e+09 Tdav = 0.00 T = 0.05
 <-- Site =  162 .. Mmps =   15 Ndav =   1 E =   -192.3279923368 Error = 6.21e-23 FLOPS = 1.09e+09 Tdav = 0.00 T = 0.06
 <-- Site =  161 .. Mmps =   15 Ndav =   2 E =   -192.3279923369 Error = 1.36e-21 FLOPS = 1.76e+09 Tdav = 0.00 T = 0.04
 <-- Site =  160 .. Mmps =   15 Ndav =   2 E =   -192.3279923369 Error = 4.79e-21 FLOPS = 1.76e+09 Tdav = 0.00 T = 0.04
 <-- Site =  159 .. Mmps =   15 Ndav =   4 E =   -192.3279923370 Error = 4.93e-21 FLOPS = 3.02e+09 Tdav = 0.00 T = 0.04
 <-- Site =  158 .. Mmps =   15 Ndav =   4 E =   -192.3279923397 Error = 5.00e-18 FLOPS = 3.07e+09 Tdav = 0.00 T = 0.03
 <-- Site =  157 .. Mmps =   15 Ndav =   5 E =   -192.3279923429 Error = 1.98e-20 FLOPS = 3.62e+09 Tdav = 0.00 T = 0.06
 <-- Site =  156 .. Mmps =   15 Ndav =   5 E =   -192.3279923489 Error = 7.67e-17 FLOPS = 3.83e+09 Tdav = 0.00 T = 0.05
 <-- Site =  155 .. Mmps =   15 Ndav =   4 E =   -192.3279923511 Error = 1.22e-20 FLOPS = 3.56e+09 Tdav = 0.00 T = 0.03
 <-- Site =  154 .. Mmps =   15 Ndav =   6 E =   -192.3279923756 Error = 2.11e-20 FLOPS = 4.21e+09 Tdav = 0.00 T = 0.07
 <-- Site =  153 .. Mmps =   15 Ndav =   4 E =   -192.3279923773 Error = 1.47e-19 FLOPS = 3.93e+09 Tdav = 0.00 T = 0.04
 <-- Site =  152 .. Mmps =   15 Ndav =   6 E =   -192.3279924057 Error = 2.64e-20 FLOPS = 4.63e+09 Tdav = 0.00 T = 0.03
 <-- Site =  151 .. Mmps =   15 Ndav =   4 E =   -192.3279924089 Error = 7.33e-21 FLOPS = 4.14e+09 Tdav = 0.00 T = 0.04
 <-- Site =  150 .. Mmps =   15 Ndav =   6 E =   -192.3279924434 Error = 2.77e-20 FLOPS = 4.94e+09 Tdav = 0.00 T = 0.04
 <-- Site =  149 .. Mmps =   15 Ndav =   4 E =   -192.3279924472 Error = 3.11e-20 FLOPS = 4.03e+09 Tdav = 0.00 T = 0.04
 <-- Site =  148 .. Mmps =   15 Ndav =   6 E =   -192.3279924856 Error = 4.58e-20 FLOPS = 5.08e+09 Tdav = 0.00 T = 0.05
 <-- Site =  147 .. Mmps =   15 Ndav =   4 E =   -192.3279924896 Error = 2.73e-21 FLOPS = 4.60e+09 Tdav = 0.00 T = 0.05
 <-- Site =  146 .. Mmps =   15 Ndav =   7 E =   -192.3279925230 Error = 2.81e-20 FLOPS = 5.56e+09 Tdav = 0.00 T = 0.05
 <-- Site =  145 .. Mmps =   15 Ndav =   4 E =   -192.3279925270 Error = 3.74e-20 FLOPS = 5.04e+09 Tdav = 0.00 T = 0.06
 <-- Site =  144 .. Mmps =   15 Ndav =   6 E =   -192.3279925409 Error = 2.14e-20 FLOPS = 5.30e+09 Tdav = 0.00 T = 0.04
 <-- Site =  143 .. Mmps =   15 Ndav =   6 E =   -192.3279925466 Error = 3.83e-20 FLOPS = 5.76e+09 Tdav = 0.00 T = 0.07
 <-- Site =  142 .. Mmps =   15 Ndav =   6 E =   -192.3279925592 Error = 4.99e-20 FLOPS = 5.96e+09 Tdav = 0.00 T = 0.09
 <-- Site =  141 .. Mmps =   15 Ndav =   6 E =   -192.3279925744 Error = 1.26e-20 FLOPS = 6.07e+09 Tdav = 0.00 T = 0.04
 <-- Site =  140 .. Mmps =   15 Ndav =   8 E =   -192.3279926211 Error = 8.89e-19 FLOPS = 6.10e+09 Tdav = 0.00 T = 0.05
 <-- Site =  139 .. Mmps =   15 Ndav =   7 E =   -192.3279926743 Error = 1.70e-20 FLOPS = 6.23e+09 Tdav = 0.00 T = 0.04
 <-- Site =  138 .. Mmps =   15 Ndav =   9 E =   -192.3279931611 Error = 1.04e-16 FLOPS = 6.15e+09 Tdav = 0.00 T = 0.06
 <-- Site =  137 .. Mmps =   15 Ndav =   7 E =   -192.3279932256 Error = 7.97e-21 FLOPS = 6.20e+09 Tdav = 0.00 T = 0.06
 <-- Site =  136 .. Mmps =   15 Ndav =  10 E =   -192.3279938305 Error = 9.35e-19 FLOPS = 6.46e+09 Tdav = 0.00 T = 0.06
 <-- Site =  135 .. Mmps =   15 Ndav =   7 E =   -192.3279938937 Error = 1.12e-21 FLOPS = 5.89e+09 Tdav = 0.00 T = 0.06
 <-- Site =  134 .. Mmps =   15 Ndav =   9 E =   -192.3279944869 Error = 4.21e-17 FLOPS = 6.24e+09 Tdav = 0.00 T = 0.09
 <-- Site =  133 .. Mmps =   15 Ndav =   7 E =   -192.3279945513 Error = 1.96e-20 FLOPS = 6.45e+09 Tdav = 0.00 T = 0.07
 <-- Site =  132 .. Mmps =   15 Ndav =   9 E =   -192.3279951203 Error = 1.06e-18 FLOPS = 6.65e+09 Tdav = 0.00 T = 0.05
 <-- Site =  131 .. Mmps =   15 Ndav =   6 E =   -192.3279951477 Error = 1.01e-20 FLOPS = 6.28e+09 Tdav = 0.00 T = 0.08
 <-- Site =  130 .. Mmps =   15 Ndav =   6 E =   -192.3279952029 Error = 8.68e-19 FLOPS = 6.38e+09 Tdav = 0.00 T = 0.05
 <-- Site =  129 .. Mmps =   15 Ndav =   7 E =   -192.3279952155 Error = 9.24e-20 FLOPS = 6.57e+09 Tdav = 0.00 T = 0.06
 <-- Site =  128 .. Mmps =   15 Ndav =   7 E =   -192.3279952599 Error = 6.23e-20 FLOPS = 6.72e+09 Tdav = 0.00 T = 0.05
 <-- Site =  127 .. Mmps =   15 Ndav =   7 E =   -192.3279952679 Error = 8.46e-21 FLOPS = 6.68e+09 Tdav = 0.00 T = 0.11
 <-- Site =  126 .. Mmps =   15 Ndav =   7 E =   -192.3279953113 Error = 5.42e-20 FLOPS = 6.80e+09 Tdav = 0.00 T = 0.08
 <-- Site =  125 .. Mmps =   15 Ndav =   8 E =   -192.3279953220 Error = 9.69e-21 FLOPS = 6.84e+09 Tdav = 0.00 T = 0.05
 <-- Site =  124 .. Mmps =   15 Ndav =   7 E =   -192.3279953692 Error = 3.77e-20 FLOPS = 6.96e+09 Tdav = 0.00 T = 0.05
 <-- Site =  123 .. Mmps =   15 Ndav =   8 E =   -192.3279953812 Error = 1.06e-20 FLOPS = 7.26e+09 Tdav = 0.00 T = 0.07
 <-- Site =  122 .. Mmps =   15 Ndav =   6 E =   -192.3279954370 Error = 6.49e-20 FLOPS = 6.86e+09 Tdav = 0.00 T = 0.06
 <-- Site =  121 .. Mmps =   15 Ndav =   8 E =   -192.3279954509 Error = 7.63e-20 FLOPS = 7.10e+09 Tdav = 0.00 T = 0.06
 <-- Site =  120 .. Mmps =   15 Ndav =   7 E =   -192.3279954965 Error = 1.27e-20 FLOPS = 6.82e+09 Tdav = 0.00 T = 0.06
 <-- Site =  119 .. Mmps =   15 Ndav =   8 E =   -192.3279955103 Error = 7.88e-21 FLOPS = 6.96e+09 Tdav = 0.00 T = 0.06
 <-- Site =  118 .. Mmps =   15 Ndav =   7 E =   -192.3279955310 Error = 2.09e-20 FLOPS = 6.95e+09 Tdav = 0.00 T = 0.06
 <-- Site =  117 .. Mmps =   15 Ndav =   8 E =   -192.3279955480 Error = 4.66e-21 FLOPS = 7.07e+09 Tdav = 0.00 T = 0.07
 <-- Site =  116 .. Mmps =   15 Ndav =   6 E =   -192.3279955612 Error = 1.09e-16 FLOPS = 7.16e+09 Tdav = 0.00 T = 0.10
 <-- Site =  115 .. Mmps =   15 Ndav =   7 E =   -192.3279955852 Error = 1.07e-21 FLOPS = 7.23e+09 Tdav = 0.00 T = 0.09
 <-- Site =  114 .. Mmps =   15 Ndav =   8 E =   -192.3279956315 Error = 1.16e-16 FLOPS = 7.42e+09 Tdav = 0.00 T = 0.09
 <-- Site =  113 .. Mmps =   15 Ndav =   8 E =   -192.3279956853 Error = 3.86e-21 FLOPS = 7.48e+09 Tdav = 0.00 T = 0.06
 <-- Site =  112 .. Mmps =   15 Ndav =   9 E =   -192.3279960074 Error = 5.46e-20 FLOPS = 7.57e+09 Tdav = 0.00 T = 0.10
 <-- Site =  111 .. Mmps =   15 Ndav =   9 E =   -192.3279960655 Error = 1.14e-20 FLOPS = 7.47e+09 Tdav = 0.00 T = 0.08
 <-- Site =  110 .. Mmps =   15 Ndav =   9 E =   -192.3279965010 Error = 5.86e-18 FLOPS = 7.06e+09 Tdav = 0.00 T = 0.06
 <-- Site =  109 .. Mmps =   15 Ndav =   9 E =   -192.3279965595 Error = 4.14e-20 FLOPS = 7.51e+09 Tdav = 0.00 T = 0.06
 <-- Site =  108 .. Mmps =   15 Ndav =  10 E =   -192.3279970084 Error = 2.18e-16 FLOPS = 7.48e+09 Tdav = 0.00 T = 0.07
 <-- Site =  107 .. Mmps =   15 Ndav =   7 E =   -192.3279970717 Error = 5.11e-20 FLOPS = 7.70e+09 Tdav = 0.00 T = 0.07
 <-- Site =  106 .. Mmps =   15 Ndav =   9 E =   -192.3279974935 Error = 1.67e-16 FLOPS = 7.79e+09 Tdav = 0.00 T = 0.06
 <-- Site =  105 .. Mmps =   15 Ndav =   8 E =   -192.3279975255 Error = 1.73e-20 FLOPS = 7.80e+09 Tdav = 0.00 T = 0.08
 <-- Site =  104 .. Mmps =   15 Ndav =   6 E =   -192.3279975681 Error = 5.49e-20 FLOPS = 7.45e+09 Tdav = 0.00 T = 0.06
 <-- Site =  103 .. Mmps =   15 Ndav =   8 E =   -192.3279975855 Error = 2.26e-20 FLOPS = 7.61e+09 Tdav = 0.00 T = 0.07
 <-- Site =  102 .. Mmps =   15 Ndav =   7 E =   -192.3279976279 Error = 5.62e-20 FLOPS = 7.73e+09 Tdav = 0.00 T = 0.06
 <-- Site =  101 .. Mmps =   15 Ndav =   8 E =   -192.3279976541 Error = 1.53e-19 FLOPS = 7.61e+09 Tdav = 0.00 T = 0.07
 <-- Site =  100 .. Mmps =   15 Ndav =   7 E =   -192.3279976963 Error = 8.23e-20 FLOPS = 7.60e+09 Tdav = 0.00 T = 0.07
 <-- Site =   99 .. Mmps =   15 Ndav =   8 E =   -192.3279977298 Error = 4.92e-20 FLOPS = 7.90e+09 Tdav = 0.00 T = 0.07
 <-- Site =   98 .. Mmps =   15 Ndav =   7 E =   -192.3279977698 Error = 1.53e-19 FLOPS = 7.51e+09 Tdav = 0.00 T = 0.10
 <-- Site =   97 .. Mmps =   15 Ndav =   9 E =   -192.3279978155 Error = 5.38e-21 FLOPS = 7.72e+09 Tdav = 0.00 T = 0.06
 <-- Site =   96 .. Mmps =   15 Ndav =   7 E =   -192.3279978565 Error = 2.26e-20 FLOPS = 7.71e+09 Tdav = 0.00 T = 0.06
 <-- Site =   95 .. Mmps =   15 Ndav =   9 E =   -192.3279979126 Error = 1.10e-19 FLOPS = 7.78e+09 Tdav = 0.00 T = 0.08
 <-- Site =   94 .. Mmps =   15 Ndav =   7 E =   -192.3279979576 Error = 2.53e-20 FLOPS = 7.23e+09 Tdav = 0.00 T = 0.08
 <-- Site =   93 .. Mmps =   15 Ndav =   9 E =   -192.3279980112 Error = 3.57e-20 FLOPS = 7.26e+09 Tdav = 0.00 T = 0.10
 <-- Site =   92 .. Mmps =   15 Ndav =   7 E =   -192.3279980321 Error = 4.41e-21 FLOPS = 7.22e+09 Tdav = 0.00 T = 0.08
 <-- Site =   91 .. Mmps =   15 Ndav =   8 E =   -192.3279980706 Error = 1.19e-20 FLOPS = 7.64e+09 Tdav = 0.00 T = 0.07
 <-- Site =   90 .. Mmps =   15 Ndav =   6 E =   -192.3279980849 Error = 1.63e-16 FLOPS = 7.04e+09 Tdav = 0.00 T = 0.07
 <-- Site =   89 .. Mmps =   15 Ndav =   8 E =   -192.3279981160 Error = 1.19e-21 FLOPS = 7.64e+09 Tdav = 0.00 T = 0.07
 <-- Site =   88 .. Mmps =   15 Ndav =   8 E =   -192.3279981608 Error = 1.04e-18 FLOPS = 7.37e+09 Tdav = 0.00 T = 0.08
 <-- Site =   87 .. Mmps =   15 Ndav =   9 E =   -192.3279982193 Error = 4.42e-21 FLOPS = 7.63e+09 Tdav = 0.00 T = 0.08
 <-- Site =   86 .. Mmps =   15 Ndav =   9 E =   -192.3279984038 Error = 4.35e-19 FLOPS = 7.57e+09 Tdav = 0.00 T = 0.07
 <-- Site =   85 .. Mmps =   15 Ndav =   9 E =   -192.3279984670 Error = 3.28e-21 FLOPS = 7.89e+09 Tdav = 0.00 T = 0.09
 <-- Site =   84 .. Mmps =   15 Ndav =   9 E =   -192.3279987742 Error = 7.73e-17 FLOPS = 7.35e+09 Tdav = 0.00 T = 0.07
 <-- Site =   83 .. Mmps =   15 Ndav =   9 E =   -192.3279988373 Error = 2.04e-20 FLOPS = 7.40e+09 Tdav = 0.00 T = 0.08
 <-- Site =   82 .. Mmps =   15 Ndav =   9 E =   -192.3279991093 Error = 8.94e-20 FLOPS = 7.41e+09 Tdav = 0.00 T = 0.08
 <-- Site =   81 .. Mmps =   15 Ndav =   9 E =   -192.3279991776 Error = 1.43e-20 FLOPS = 7.52e+09 Tdav = 0.00 T = 0.08
 <-- Site =   80 .. Mmps =   15 Ndav =   9 E =   -192.3279994874 Error = 6.92e-17 FLOPS = 7.73e+09 Tdav = 0.00 T = 0.10
 <-- Site =   79 .. Mmps =   15 Ndav =   9 E =   -192.3279995333 Error = 7.91e-21 FLOPS = 7.80e+09 Tdav = 0.00 T = 0.07
 <-- Site =   78 .. Mmps =   15 Ndav =   6 E =   -192.3279995689 Error = 2.14e-20 FLOPS = 7.58e+09 Tdav = 0.00 T = 0.07
 <-- Site =   77 .. Mmps =   15 Ndav =   8 E =   -192.3279996007 Error = 3.92e-20 FLOPS = 7.71e+09 Tdav = 0.00 T = 0.11
 <-- Site =   76 .. Mmps =   15 Ndav =   7 E =   -192.3279996439 Error = 1.53e-20 FLOPS = 7.57e+09 Tdav = 0.00 T = 0.08
 <-- Site =   75 .. Mmps =   15 Ndav =   8 E =   -192.3279997092 Error = 3.43e-20 FLOPS = 7.69e+09 Tdav = 0.00 T = 0.06
 <-- Site =   74 .. Mmps =   15 Ndav =   7 E =   -192.3279997524 Error = 8.99e-20 FLOPS = 7.79e+09 Tdav = 0.00 T = 0.12
 <-- Site =   73 .. Mmps =   15 Ndav =   9 E =   -192.3279998357 Error = 1.02e-19 FLOPS = 7.42e+09 Tdav = 0.00 T = 0.09
 <-- Site =   72 .. Mmps =   15 Ndav =   7 E =   -192.3279998800 Error = 2.76e-21 FLOPS = 7.80e+09 Tdav = 0.00 T = 0.06
 <-- Site =   71 .. Mmps =   15 Ndav =   9 E =   -192.3279999650 Error = 9.35e-21 FLOPS = 7.72e+09 Tdav = 0.00 T = 0.07
 <-- Site =   70 .. Mmps =   15 Ndav =   7 E =   -192.3280000130 Error = 3.55e-20 FLOPS = 7.73e+09 Tdav = 0.00 T = 0.07
 <-- Site =   69 .. Mmps =   15 Ndav =   9 E =   -192.3280001016 Error = 3.10e-21 FLOPS = 7.75e+09 Tdav = 0.00 T = 0.08
 <-- Site =   68 .. Mmps =   15 Ndav =   7 E =   -192.3280001476 Error = 1.49e-20 FLOPS = 7.53e+09 Tdav = 0.00 T = 0.08
 <-- Site =   67 .. Mmps =   15 Ndav =   9 E =   -192.3280002399 Error = 5.66e-20 FLOPS = 7.79e+09 Tdav = 0.00 T = 0.07
 <-- Site =   66 .. Mmps =   15 Ndav =   7 E =   -192.3280002621 Error = 5.33e-20 FLOPS = 7.35e+09 Tdav = 0.00 T = 0.08
 <-- Site =   65 .. Mmps =   15 Ndav =   8 E =   -192.3280003162 Error = 1.28e-20 FLOPS = 7.43e+09 Tdav = 0.00 T = 0.08
 <-- Site =   64 .. Mmps =   15 Ndav =   6 E =   -192.3280003312 Error = 1.95e-19 FLOPS = 7.32e+09 Tdav = 0.00 T = 0.07
 <-- Site =   63 .. Mmps =   15 Ndav =   9 E =   -192.3280003689 Error = 1.33e-21 FLOPS = 7.46e+09 Tdav = 0.00 T = 0.06
 <-- Site =   62 .. Mmps =   15 Ndav =   8 E =   -192.3280004139 Error = 8.57e-19 FLOPS = 7.45e+09 Tdav = 0.00 T = 0.07
 <-- Site =   61 .. Mmps =   15 Ndav =   9 E =   -192.3280004841 Error = 3.68e-20 FLOPS = 7.42e+09 Tdav = 0.00 T = 0.07
 <-- Site =   60 .. Mmps =   15 Ndav =   9 E =   -192.3280006194 Error = 6.94e-20 FLOPS = 7.47e+09 Tdav = 0.00 T = 0.08
 <-- Site =   59 .. Mmps =   15 Ndav =   9 E =   -192.3280006889 Error = 2.74e-20 FLOPS = 7.34e+09 Tdav = 0.00 T = 0.09
 <-- Site =   58 .. Mmps =   15 Ndav =   9 E =   -192.3280009332 Error = 6.63e-17 FLOPS = 7.51e+09 Tdav = 0.00 T = 0.09
 <-- Site =   57 .. Mmps =   15 Ndav =   9 E =   -192.3280010089 Error = 1.25e-20 FLOPS = 7.35e+09 Tdav = 0.00 T = 0.07
 <-- Site =   56 .. Mmps =   15 Ndav =   9 E =   -192.3280012474 Error = 1.60e-18 FLOPS = 7.56e+09 Tdav = 0.00 T = 0.08
 <-- Site =   55 .. Mmps =   15 Ndav =   9 E =   -192.3280013231 Error = 4.34e-21 FLOPS = 7.46e+09 Tdav = 0.00 T = 0.06
 <-- Site =   54 .. Mmps =   15 Ndav =   9 E =   -192.3280015781 Error = 2.08e-16 FLOPS = 7.53e+09 Tdav = 0.00 T = 0.07
 <-- Site =   53 .. Mmps =   15 Ndav =  10 E =   -192.3280016377 Error = 1.52e-20 FLOPS = 7.27e+09 Tdav = 0.00 T = 0.06
 <-- Site =   52 .. Mmps =   15 Ndav =   6 E =   -192.3280016740 Error = 2.38e-20 FLOPS = 6.99e+09 Tdav = 0.00 T = 0.09
 <-- Site =   51 .. Mmps =   15 Ndav =   8 E =   -192.3280017155 Error = 2.28e-20 FLOPS = 7.29e+09 Tdav = 0.00 T = 0.07
 <-- Site =   50 .. Mmps =   15 Ndav =   7 E =   -192.3280017592 Error = 2.55e-20 FLOPS = 7.48e+09 Tdav = 0.00 T = 0.06
 <-- Site =   49 .. Mmps =   15 Ndav =   9 E =   -192.3280018515 Error = 2.48e-20 FLOPS = 7.63e+09 Tdav = 0.00 T = 0.08
 <-- Site =   48 .. Mmps =   15 Ndav =   7 E =   -192.3280018977 Error = 8.58e-20 FLOPS = 7.47e+09 Tdav = 0.00 T = 0.06
 <-- Site =   47 .. Mmps =   15 Ndav =   9 E =   -192.3280020044 Error = 1.04e-20 FLOPS = 7.45e+09 Tdav = 0.00 T = 0.05
 <-- Site =   46 .. Mmps =   15 Ndav =   7 E =   -192.3280020499 Error = 1.80e-20 FLOPS = 7.31e+09 Tdav = 0.00 T = 0.06
 <-- Site =   45 .. Mmps =   15 Ndav =   9 E =   -192.3280021527 Error = 8.01e-21 FLOPS = 7.45e+09 Tdav = 0.00 T = 0.07
 <-- Site =   44 .. Mmps =   15 Ndav =   7 E =   -192.3280022010 Error = 1.04e-20 FLOPS = 7.38e+09 Tdav = 0.00 T = 0.06
 <-- Site =   43 .. Mmps =   15 Ndav =   9 E =   -192.3280023090 Error = 2.85e-21 FLOPS = 7.35e+09 Tdav = 0.00 T = 0.06
 <-- Site =   42 .. Mmps =   15 Ndav =   7 E =   -192.3280023559 Error = 9.18e-20 FLOPS = 6.82e+09 Tdav = 0.00 T = 0.06
 <-- Site =   41 .. Mmps =   15 Ndav =   9 E =   -192.3280024713 Error = 1.76e-20 FLOPS = 7.22e+09 Tdav = 0.00 T = 0.07
 <-- Site =   40 .. Mmps =   15 Ndav =   8 E =   -192.3280025380 Error = 4.58e-20 FLOPS = 7.25e+09 Tdav = 0.00 T = 0.05
 <-- Site =   39 .. Mmps =   15 Ndav =   5 E =   -192.3280025513 Error = 6.22e-20 FLOPS = 6.66e+09 Tdav = 0.00 T = 0.05
 <-- Site =   38 .. Mmps =   15 Ndav =   6 E =   -192.3280025598 Error = 9.18e-17 FLOPS = 6.75e+09 Tdav = 0.00 T = 0.06
 <-- Site =   37 .. Mmps =   15 Ndav =   8 E =   -192.3280025902 Error = 6.94e-22 FLOPS = 7.02e+09 Tdav = 0.00 T = 0.07
 <-- Site =   36 .. Mmps =   15 Ndav =   8 E =   -192.3280026333 Error = 2.23e-18 FLOPS = 7.03e+09 Tdav = 0.00 T = 0.07
 <-- Site =   35 .. Mmps =   15 Ndav =   9 E =   -192.3280026823 Error = 3.43e-20 FLOPS = 6.97e+09 Tdav = 0.00 T = 0.07
 <-- Site =   34 .. Mmps =   15 Ndav =   9 E =   -192.3280031041 Error = 2.17e-16 FLOPS = 7.00e+09 Tdav = 0.00 T = 0.07
 <-- Site =   33 .. Mmps =   15 Ndav =   9 E =   -192.3280031613 Error = 9.00e-21 FLOPS = 6.51e+09 Tdav = 0.00 T = 0.08
 <-- Site =   32 .. Mmps =   15 Ndav =  10 E =   -192.3280036193 Error = 3.80e-20 FLOPS = 6.30e+09 Tdav = 0.00 T = 0.06
 <-- Site =   31 .. Mmps =   15 Ndav =   9 E =   -192.3280036723 Error = 6.80e-21 FLOPS = 6.38e+09 Tdav = 0.00 T = 0.05
 <-- Site =   30 .. Mmps =   15 Ndav =   9 E =   -192.3280041376 Error = 4.74e-19 FLOPS = 6.26e+09 Tdav = 0.00 T = 0.04
 <-- Site =   29 .. Mmps =   15 Ndav =   8 E =   -192.3280041916 Error = 9.97e-21 FLOPS = 6.21e+09 Tdav = 0.00 T = 0.09
 <-- Site =   28 .. Mmps =   15 Ndav =   9 E =   -192.3280046640 Error = 2.36e-17 FLOPS = 6.06e+09 Tdav = 0.00 T = 0.07
 <-- Site =   27 .. Mmps =   15 Ndav =   9 E =   -192.3280046853 Error = 1.48e-20 FLOPS = 6.40e+09 Tdav = 0.00 T = 0.06
 <-- Site =   26 .. Mmps =   15 Ndav =   6 E =   -192.3280047355 Error = 1.61e-18 FLOPS = 5.80e+09 Tdav = 0.00 T = 0.05
 <-- Site =   25 .. Mmps =   15 Ndav =   7 E =   -192.3280047642 Error = 1.77e-20 FLOPS = 5.94e+09 Tdav = 0.00 T = 0.05
 <-- Site =   24 .. Mmps =   15 Ndav =   7 E =   -192.3280048667 Error = 4.72e-20 FLOPS = 5.86e+09 Tdav = 0.00 T = 0.04
 <-- Site =   23 .. Mmps =   15 Ndav =   8 E =   -192.3280048906 Error = 7.84e-20 FLOPS = 5.76e+09 Tdav = 0.00 T = 0.05
 <-- Site =   22 .. Mmps =   15 Ndav =   7 E =   -192.3280049795 Error = 5.03e-20 FLOPS = 5.69e+09 Tdav = 0.00 T = 0.05
 <-- Site =   21 .. Mmps =   15 Ndav =   8 E =   -192.3280049910 Error = 5.09e-21 FLOPS = 5.64e+09 Tdav = 0.00 T = 0.06
 <-- Site =   20 .. Mmps =   15 Ndav =   6 E =   -192.3280050430 Error = 1.85e-19 FLOPS = 5.05e+09 Tdav = 0.00 T = 0.05
 <-- Site =   19 .. Mmps =   15 Ndav =   8 E =   -192.3280050526 Error = 6.56e-21 FLOPS = 5.44e+09 Tdav = 0.00 T = 0.09
 <-- Site =   18 .. Mmps =   15 Ndav =   7 E =   -192.3280051020 Error = 1.59e-19 FLOPS = 4.94e+09 Tdav = 0.00 T = 0.09
 <-- Site =   17 .. Mmps =   15 Ndav =   8 E =   -192.3280051116 Error = 3.66e-20 FLOPS = 5.10e+09 Tdav = 0.00 T = 0.04
 <-- Site =   16 .. Mmps =   15 Ndav =   6 E =   -192.3280051460 Error = 2.14e-19 FLOPS = 4.60e+09 Tdav = 0.00 T = 0.06
 <-- Site =   15 .. Mmps =   15 Ndav =   7 E =   -192.3280051548 Error = 1.35e-19 FLOPS = 4.72e+09 Tdav = 0.00 T = 0.05
 <-- Site =   14 .. Mmps =   15 Ndav =   6 E =   -192.3280051715 Error = 8.19e-21 FLOPS = 4.47e+09 Tdav = 0.00 T = 0.05
 <-- Site =   13 .. Mmps =   15 Ndav =   7 E =   -192.3280051797 Error = 2.59e-21 FLOPS = 4.55e+09 Tdav = 0.00 T = 0.06
 <-- Site =   12 .. Mmps =   15 Ndav =   6 E =   -192.3280052376 Error = 3.72e-17 FLOPS = 4.34e+09 Tdav = 0.00 T = 0.07
 <-- Site =   11 .. Mmps =   15 Ndav =   5 E =   -192.3280052953 Error = 1.27e-19 FLOPS = 3.46e+09 Tdav = 0.00 T = 0.04
 <-- Site =   10 .. Mmps =   15 Ndav =   7 E =   -192.3280053386 Error = 1.91e-18 FLOPS = 3.61e+09 Tdav = 0.00 T = 0.04
 <-- Site =    9 .. Mmps =   15 Ndav =   8 E =   -192.3280054207 Error = 4.86e-21 FLOPS = 3.40e+09 Tdav = 0.00 T = 0.10
 <-- Site =    8 .. Mmps =   15 Ndav =   7 E =   -192.3280054661 Error = 3.07e-17 FLOPS = 3.23e+09 Tdav = 0.00 T = 0.04
 <-- Site =    7 .. Mmps =   15 Ndav =  10 E =   -192.3280055689 Error = 3.10e-20 FLOPS = 3.01e+09 Tdav = 0.00 T = 0.07
 <-- Site =    6 .. Mmps =   15 Ndav =   7 E =   -192.3280055786 Error = 5.97e-22 FLOPS = 2.80e+09 Tdav = 0.00 T = 0.04
 <-- Site =    5 .. Mmps =   15 Ndav =   7 E =   -192.3280055867 Error = 3.80e-22 FLOPS = 2.60e+09 Tdav = 0.00 T = 0.05
 <-- Site =    4 .. Mmps =   15 Ndav =   4 E =   -192.3280055869 Error = 1.43e-18 FLOPS = 1.80e+09 Tdav = 0.00 T = 0.04
 <-- Site =    3 .. Mmps =   15 Ndav =   1 E =   -192.3280055869 Error = 1.02e-29 FLOPS = 4.21e+08 Tdav = 0.00 T = 0.04
 <-- Site =    2 .. Mmps =   15 Ndav =   1 E =   -192.3280055869 Error = 5.94e-55 FLOPS = 1.16e+08 Tdav = 0.00 T = 0.06
 <-- Site =    1 .. Mmps =   15 Ndav =   1 E =   -192.3280055869 Error = 1.05e-83 FLOPS = 4.61e+07 Tdav = 0.00 T = 0.05
 <-- Site =    0 .. Mmps =   15 Ndav =   1 E =   -192.3280055869 Error = 0.00e+00 FLOPS = 2.10e+07 Tdav = 0.00 T = 0.03
Time elapsed =    156.211 | E =    -192.3280055869 | DE = -1.31e-05 | DW = 2.17780e-16
Time sweep =       10.874 | 951 MFLOP/SWP
 | Dmem = 105 KB (3%) | Imem = 232 B (79%) | Hmem = 503 KB | Wmem = 3.52 KB | Pmem = 3.52 KB
 | Tread = 0.221 | Twrite = 1.467 | Tfpread = 0.031 | Tfpwrite = 0.023 | Tmporead = 0.000 | Tasync = 0.000
 | data = 11.3 MB | cpsd = 7.68 MB
 | Trot = 0.034 | Tctr = 0.503 | Tint = 0.026 | Tmid = 0.000 | Tdctr = 0.011 | Tdiag = 0.028 | Tinfo = 0.289
 | Teff = 2.218 | Tprt = 0.203 | Teig = 0.147 | Tblk = 7.493 | Tmve = 3.366 | Tdm = 0.005 | Tsplt = 0.026 | Tsvd = 0.000 | Torth = 0.000

Sweep =    2 | Direction =  forward | Bond dimension =   15 | Noise =  1.00e-04 | Dav threshold =  1.00e-10
 --> Site =    0 .. Mmps =    2 Ndav =   1 E =   -192.3280055869 Error = 0.00e+00 FLOPS = 1.76e+07 Tdav = 0.00 T = 0.02
 --> Site =    1 .. Mmps =    4 Ndav =   1 E =   -192.3280055869 Error = 0.00e+00 FLOPS = 4.56e+07 Tdav = 0.00 T = 0.04
 --> Site =    2 .. Mmps =    8 Ndav =   1 E =   -192.3280055869 Error = 0.00e+00 FLOPS = 1.33e+08 Tdav = 0.00 T = 0.04
 --> Site =    3 .. Mmps =   15 Ndav =   1 E =   -192.3280055869 Error = 0.00e+00 FLOPS = 3.63e+08 Tdav = 0.00 T = 0.04
 --> Site =    4 .. Mmps =   15 Ndav =   1 E =   -192.3280055869 Error = 9.48e-24 FLOPS = 8.23e+08 Tdav = 0.00 T = 0.04
 --> Site =    5 .. Mmps =   15 Ndav =   2 E =   -192.3280055869 Error = 1.30e-22 FLOPS = 1.45e+09 Tdav = 0.00 T = 0.06
 --> Site =    6 .. Mmps =   15 Ndav =   4 E =   -192.3280055872 Error = 1.53e-22 FLOPS = 2.24e+09 Tdav = 0.00 T = 0.05
 --> Site =    7 .. Mmps =   15 Ndav =   6 E =   -192.3280055877 Error = 4.10e-21 FLOPS = 2.89e+09 Tdav = 0.00 T = 0.06
 --> Site =    8 .. Mmps =   15 Ndav =   6 E =   -192.3280055984 Error = 1.08e-20 FLOPS = 3.24e+09 Tdav = 0.00 T = 0.03
 --> Site =    9 .. Mmps =   15 Ndav =   9 E =   -192.3280056112 Error = 2.35e-21 FLOPS = 3.54e+09 Tdav = 0.00 T = 0.03
 --> Site =   10 .. Mmps =   15 Ndav =   5 E =   -192.3280056316 Error = 4.79e-22 FLOPS = 3.25e+09 Tdav = 0.00 T = 0.03
 --> Site =   11 .. Mmps =   15 Ndav =   5 E =   -192.3280056407 Error = 5.24e-22 FLOPS = 3.48e+09 Tdav = 0.00 T = 0.07
 --> Site =   12 .. Mmps =   15 Ndav =   3 E =   -192.3280056410 Error = 1.15e-19 FLOPS = 2.91e+09 Tdav = 0.00 T = 0.05
 --> Site =   13 .. Mmps =   15 Ndav =   3 E =   -192.3280056424 Error = 2.19e-19 FLOPS = 2.98e+09 Tdav = 0.00 T = 0.04
 --> Site =   14 .. Mmps =   15 Ndav =   4 E =   -192.3280056455 Error = 3.72e-20 FLOPS = 3.72e+09 Tdav = 0.00 T = 0.06
 --> Site =   15 .. Mmps =   15 Ndav =   3 E =   -192.3280056462 Error = 2.55e-20 FLOPS = 3.20e+09 Tdav = 0.00 T = 0.05
 --> Site =   16 .. Mmps =   15 Ndav =   4 E =   -192.3280056472 Error = 3.20e-20 FLOPS = 3.98e+09 Tdav = 0.00 T = 0.05
 --> Site =   17 .. Mmps =   15 Ndav =   4 E =   -192.3280056491 Error = 5.42e-20 FLOPS = 3.91e+09 Tdav = 0.00 T = 0.05
 --> Site =   18 .. Mmps =   15 Ndav =   4 E =   -192.3280056499 Error = 5.50e-20 FLOPS = 3.96e+09 Tdav = 0.00 T = 0.05
 --> Site =   19 .. Mmps =   15 Ndav =   4 E =   -192.3280056519 Error = 1.73e-19 FLOPS = 4.04e+09 Tdav = 0.00 T = 0.04
 --> Site =   20 .. Mmps =   15 Ndav =   3 E =   -192.3280056524 Error = 6.54e-20 FLOPS = 3.64e+09 Tdav = 0.00 T = 0.06
 --> Site =   21 .. Mmps =   15 Ndav =   4 E =   -192.3280056554 Error = 9.64e-20 FLOPS = 4.19e+09 Tdav = 0.00 T = 0.04
 --> Site =   22 .. Mmps =   15 Ndav =   3 E =   -192.3280056556 Error = 3.82e-20 FLOPS = 3.73e+09 Tdav = 0.00 T = 0.07
 --> Site =   23 .. Mmps =   15 Ndav =   4 E =   -192.3280056637 Error = 1.07e-19 FLOPS = 4.49e+09 Tdav = 0.00 T = 0.04
 --> Site =   24 .. Mmps =   15 Ndav =   5 E =   -192.3280056949 Error = 2.91e-20 FLOPS = 5.21e+09 Tdav = 0.00 T = 0.04
 --> Site =   25 .. Mmps =   15 Ndav =   3 E =   -192.3280056967 Error = 2.24e-21 FLOPS = 4.33e+09 Tdav = 0.00 T = 0.05
 --> Site =   26 .. Mmps =   15 Ndav =   5 E =   -192.3280057006 Error = 3.84e-19 FLOPS = 5.26e+09 Tdav = 0.00 T = 0.04
 --> Site =   27 .. Mmps =   15 Ndav =   4 E =   -192.3280057012 Error = 1.74e-20 FLOPS = 4.85e+09 Tdav = 0.00 T = 0.05
 --> Site =   28 .. Mmps =   15 Ndav =   5 E =   -192.3280057024 Error = 1.35e-19 FLOPS = 5.38e+09 Tdav = 0.00 T = 0.07
 --> Site =   29 .. Mmps =   15 Ndav =   6 E =   -192.3280057379 Error = 4.48e-20 FLOPS = 6.17e+09 Tdav = 0.00 T = 0.04
 --> Site =   30 .. Mmps =   15 Ndav =   7 E =   -192.3280057511 Error = 8.91e-19 FLOPS = 6.42e+09 Tdav = 0.00 T = 0.05
 --> Site =   31 .. Mmps =   15 Ndav =   6 E =   -192.3280057851 Error = 1.50e-20 FLOPS = 6.51e+09 Tdav = 0.00 T = 0.07
 --> Site =   32 .. Mmps =   15 Ndav =   7 E =   -192.3280057994 Error = 6.54e-20 FLOPS = 6.65e+09 Tdav = 0.00 T = 0.05
 --> Site =   33 .. Mmps =   15 Ndav =   6 E =   -192.3280058321 Error = 2.67e-20 FLOPS = 6.43e+09 Tdav = 0.00 T = 0.04
 --> Site =   34 .. Mmps =   15 Ndav =   7 E =   -192.3280058470 Error = 9.13e-19 FLOPS = 6.65e+09 Tdav = 0.00 T = 0.04
 --> Site =   35 .. Mmps =   15 Ndav =   6 E =   -192.3280058768 Error = 1.67e-20 FLOPS = 6.57e+09 Tdav = 0.00 T = 0.06
 --> Site =   36 .. Mmps =   15 Ndav =   7 E =   -192.3280058885 Error = 6.97e-19 FLOPS = 6.99e+09 Tdav = 0.00 T = 0.09
 --> Site =   37 .. Mmps =   15 Ndav =   3 E =   -192.3280058891 Error = 6.76e-20 FLOPS = 5.38e+09 Tdav = 0.00 T = 0.05
 --> Site =   38 .. Mmps =   15 Ndav =   5 E =   -192.3280058909 Error = 1.62e-18 FLOPS = 6.74e+09 Tdav = 0.00 T = 0.04
 --> Site =   39 .. Mmps =   15 Ndav =   3 E =   -192.3280058910 Error = 3.72e-20 FLOPS = 5.66e+09 Tdav = 0.00 T = 0.05
 --> Site =   40 .. Mmps =   15 Ndav =   3 E =   -192.3280058914 Error = 2.12e-20 FLOPS = 5.92e+09 Tdav = 0.00 T = 0.05
 --> Site =   41 .. Mmps =   15 Ndav =   4 E =   -192.3280058922 Error = 5.10e-21 FLOPS = 6.34e+09 Tdav = 0.00 T = 0.05
 --> Site =   42 .. Mmps =   15 Ndav =   5 E =   -192.3280058941 Error = 6.05e-20 FLOPS = 6.93e+09 Tdav = 0.00 T = 0.05
 --> Site =   43 .. Mmps =   15 Ndav =   4 E =   -192.3280058954 Error = 1.20e-19 FLOPS = 6.36e+09 Tdav = 0.00 T = 0.06
 --> Site =   44 .. Mmps =   15 Ndav =   4 E =   -192.3280058973 Error = 3.11e-20 FLOPS = 6.61e+09 Tdav = 0.00 T = 0.05
 --> Site =   45 .. Mmps =   15 Ndav =   4 E =   -192.3280058987 Error = 8.40e-20 FLOPS = 6.56e+09 Tdav = 0.00 T = 0.05
 --> Site =   46 .. Mmps =   15 Ndav =   4 E =   -192.3280058999 Error = 1.04e-20 FLOPS = 6.64e+09 Tdav = 0.00 T = 0.07
 --> Site =   47 .. Mmps =   15 Ndav =   4 E =   -192.3280059012 Error = 2.27e-20 FLOPS = 6.53e+09 Tdav = 0.00 T = 0.07
 --> Site =   48 .. Mmps =   15 Ndav =   4 E =   -192.3280059022 Error = 3.57e-20 FLOPS = 6.42e+09 Tdav = 0.00 T = 0.07
 --> Site =   49 .. Mmps =   15 Ndav =   3 E =   -192.3280059043 Error = 1.17e-19 FLOPS = 5.87e+09 Tdav = 0.00 T = 0.06
 --> Site =   50 .. Mmps =   15 Ndav =   3 E =   -192.3280059045 Error = 2.32e-20 FLOPS = 5.92e+09 Tdav = 0.00 T = 0.05
 --> Site =   51 .. Mmps =   15 Ndav =   3 E =   -192.3280059067 Error = 7.30e-20 FLOPS = 6.13e+09 Tdav = 0.00 T = 0.06
 --> Site =   52 .. Mmps =   15 Ndav =   5 E =   -192.3280059099 Error = 1.12e-18 FLOPS = 7.19e+09 Tdav = 0.00 T = 0.07
 --> Site =   53 .. Mmps =   15 Ndav =   4 E =   -192.3280059107 Error = 2.90e-20 FLOPS = 6.59e+09 Tdav = 0.00 T = 0.05
 --> Site =   54 .. Mmps =   15 Ndav =   5 E =   -192.3280059135 Error = 3.70e-20 FLOPS = 7.22e+09 Tdav = 0.00 T = 0.05
 --> Site =   55 .. Mmps =   15 Ndav =   6 E =   -192.3280059267 Error = 1.61e-20 FLOPS = 7.33e+09 Tdav = 0.00 T = 0.07
 --> Site =   56 .. Mmps =   15 Ndav =   7 E =   -192.3280059466 Error = 1.48e-19 FLOPS = 7.58e+09 Tdav = 0.00 T = 0.05
 --> Site =   57 .. Mmps =   15 Ndav =   6 E =   -192.3280059586 Error = 1.48e-20 FLOPS = 7.32e+09 Tdav = 0.00 T = 0.07
 --> Site =   58 .. Mmps =   15 Ndav =   7 E =   -192.3280059782 Error = 3.56e-20 FLOPS = 7.53e+09 Tdav = 0.00 T = 0.05
 --> Site =   59 .. Mmps =   15 Ndav =   6 E =   -192.3280059910 Error = 1.34e-20 FLOPS = 7.48e+09 Tdav = 0.00 T = 0.06
 --> Site =   60 .. Mmps =   15 Ndav =   7 E =   -192.3280060072 Error = 3.32e-19 FLOPS = 7.62e+09 Tdav = 0.00 T = 0.07
 --> Site =   61 .. Mmps =   15 Ndav =   5 E =   -192.3280060124 Error = 9.46e-21 FLOPS = 7.23e+09 Tdav = 0.00 T = 0.07
 --> Site =   62 .. Mmps =   15 Ndav =   7 E =   -192.3280060279 Error = 1.08e-18 FLOPS = 7.60e+09 Tdav = 0.00 T = 0.06
 --> Site =   63 .. Mmps =   15 Ndav =   4 E =   -192.3280060284 Error = 2.24e-20 FLOPS = 6.98e+09 Tdav = 0.00 T = 0.06
 --> Site =   64 .. Mmps =   15 Ndav =   5 E =   -192.3280060311 Error = 3.35e-20 FLOPS = 7.10e+09 Tdav = 0.00 T = 0.07
 --> Site =   65 .. Mmps =   15 Ndav =   4 E =   -192.3280060318 Error = 6.29e-20 FLOPS = 6.94e+09 Tdav = 0.00 T = 0.07
 --> Site =   66 .. Mmps =   15 Ndav =   4 E =   -192.3280060361 Error = 7.89e-20 FLOPS = 6.85e+09 Tdav = 0.00 T = 0.13
 --> Site =   67 .. Mmps =   15 Ndav =   4 E =   -192.3280060368 Error = 1.58e-19 FLOPS = 6.96e+09 Tdav = 0.00 T = 0.06
 --> Site =   68 .. Mmps =   15 Ndav =   4 E =   -192.3280060376 Error = 4.93e-20 FLOPS = 7.16e+09 Tdav = 0.00 T = 0.06
 --> Site =   69 .. Mmps =   15 Ndav =   4 E =   -192.3280060390 Error = 2.19e-19 FLOPS = 6.54e+09 Tdav = 0.00 T = 0.13
 --> Site =   70 .. Mmps =   15 Ndav =   3 E =   -192.3280060396 Error = 1.16e-20 FLOPS = 5.82e+09 Tdav = 0.00 T = 0.20
 --> Site =   71 .. Mmps =   15 Ndav =   4 E =   -192.3280060412 Error = 1.22e-19 FLOPS = 6.45e+09 Tdav = 0.00 T = 0.07
 --> Site =   72 .. Mmps =   15 Ndav =   4 E =   -192.3280060421 Error = 9.85e-20 FLOPS = 6.53e+09 Tdav = 0.00 T = 0.07
 --> Site =   73 .. Mmps =   15 Ndav =   4 E =   -192.3280060434 Error = 1.16e-19 FLOPS = 6.47e+09 Tdav = 0.00 T = 0.08
 --> Site =   74 .. Mmps =   15 Ndav =   4 E =   -192.3280060442 Error = 2.50e-20 FLOPS = 6.78e+09 Tdav = 0.00 T = 0.06
 --> Site =   75 .. Mmps =   15 Ndav =   4 E =   -192.3280060463 Error = 2.30e-20 FLOPS = 6.70e+09 Tdav = 0.00 T = 0.13
 --> Site =   76 .. Mmps =   15 Ndav =   3 E =   -192.3280060464 Error = 6.26e-21 FLOPS = 6.44e+09 Tdav = 0.00 T = 0.06
 --> Site =   77 .. Mmps =   15 Ndav =   3 E =   -192.3280060487 Error = 1.39e-20 FLOPS = 5.90e+09 Tdav = 0.00 T = 0.07
 --> Site =   78 .. Mmps =   15 Ndav =   5 E =   -192.3280060520 Error = 1.44e-19 FLOPS = 6.98e+09 Tdav = 0.00 T = 0.08
 --> Site =   79 .. Mmps =   15 Ndav =   4 E =   -192.3280060526 Error = 3.04e-20 FLOPS = 6.49e+09 Tdav = 0.00 T = 0.11
 --> Site =   80 .. Mmps =   15 Ndav =   5 E =   -192.3280060550 Error = 2.70e-18 FLOPS = 7.25e+09 Tdav = 0.00 T = 0.06
 --> Site =   81 .. Mmps =   15 Ndav =   6 E =   -192.3280060720 Error = 1.88e-20 FLOPS = 7.44e+09 Tdav = 0.00 T = 0.09
 --> Site =   82 .. Mmps =   15 Ndav =   7 E =   -192.3280060929 Error = 1.66e-18 FLOPS = 7.43e+09 Tdav = 0.00 T = 0.08
 --> Site =   83 .. Mmps =   15 Ndav =   6 E =   -192.3280061075 Error = 6.36e-20 FLOPS = 7.40e+09 Tdav = 0.00 T = 0.06
 --> Site =   84 .. Mmps =   15 Ndav =   7 E =   -192.3280061253 Error = 1.23e-18 FLOPS = 7.36e+09 Tdav = 0.00 T = 0.09
 --> Site =   85 .. Mmps =   15 Ndav =   6 E =   -192.3280061424 Error = 7.19e-20 FLOPS = 7.40e+09 Tdav = 0.00 T = 0.07
 --> Site =   86 .. Mmps =   15 Ndav =   7 E =   -192.3280061621 Error = 6.39e-20 FLOPS = 7.17e+09 Tdav = 0.00 T = 0.06
 --> Site =   87 .. Mmps =   15 Ndav =   6 E =   -192.3280061708 Error = 3.10e-20 FLOPS = 7.12e+09 Tdav = 0.00 T = 0.09
 --> Site =   88 .. Mmps =   15 Ndav =   7 E =   -192.3280061868 Error = 1.69e-20 FLOPS = 7.82e+09 Tdav = 0.00 T = 0.09
 --> Site =   89 .. Mmps =   15 Ndav =   4 E =   -192.3280061874 Error = 7.65e-20 FLOPS = 6.62e+09 Tdav = 0.00 T = 0.06
 --> Site =   90 .. Mmps =   15 Ndav =   5 E =   -192.3280061900 Error = 2.20e-20 FLOPS = 6.66e+09 Tdav = 0.00 T = 0.06
 --> Site =   91 .. Mmps =   15 Ndav =   4 E =   -192.3280061908 Error = 8.59e-20 FLOPS = 7.10e+09 Tdav = 0.00 T = 0.06
 --> Site =   92 .. Mmps =   15 Ndav =   4 E =   -192.3280061950 Error = 3.92e-20 FLOPS = 6.59e+09 Tdav = 0.00 T = 0.08
 --> Site =   93 .. Mmps =   15 Ndav =   4 E =   -192.3280061959 Error = 6.72e-20 FLOPS = 7.04e+09 Tdav = 0.00 T = 0.06
 --> Site =   94 .. Mmps =   15 Ndav =   4 E =   -192.3280061966 Error = 1.46e-20 FLOPS = 7.00e+09 Tdav = 0.00 T = 0.08
 --> Site =   95 .. Mmps =   15 Ndav =   4 E =   -192.3280061981 Error = 1.17e-19 FLOPS = 6.57e+09 Tdav = 0.00 T = 0.08
 --> Site =   96 .. Mmps =   15 Ndav =   4 E =   -192.3280061996 Error = 9.97e-20 FLOPS = 6.94e+09 Tdav = 0.00 T = 0.08
 --> Site =   97 .. Mmps =   15 Ndav =   4 E =   -192.3280062011 Error = 1.40e-19 FLOPS = 6.75e+09 Tdav = 0.00 T = 0.05
 --> Site =   98 .. Mmps =   15 Ndav =   4 E =   -192.3280062021 Error = 1.82e-20 FLOPS = 6.93e+09 Tdav = 0.00 T = 0.05
 --> Site =   99 .. Mmps =   15 Ndav =   4 E =   -192.3280062034 Error = 3.10e-19 FLOPS = 7.06e+09 Tdav = 0.00 T = 0.08
 --> Site =  100 .. Mmps =   15 Ndav =   3 E =   -192.3280062039 Error = 1.05e-20 FLOPS = 6.54e+09 Tdav = 0.00 T = 0.07
 --> Site =  101 .. Mmps =   15 Ndav =   4 E =   -192.3280062055 Error = 2.15e-20 FLOPS = 7.06e+09 Tdav = 0.00 T = 0.06
 --> Site =  102 .. Mmps =   15 Ndav =   3 E =   -192.3280062056 Error = 1.44e-20 FLOPS = 6.43e+09 Tdav = 0.00 T = 0.06
 --> Site =  103 .. Mmps =   15 Ndav =   3 E =   -192.3280062079 Error = 1.24e-19 FLOPS = 6.44e+09 Tdav = 0.00 T = 0.06
 --> Site =  104 .. Mmps =   15 Ndav =   5 E =   -192.3280062113 Error = 3.10e-20 FLOPS = 7.32e+09 Tdav = 0.00 T = 0.07
 --> Site =  105 .. Mmps =   15 Ndav =   4 E =   -192.3280062119 Error = 9.65e-20 FLOPS = 7.06e+09 Tdav = 0.00 T = 0.08
 --> Site =  106 .. Mmps =   15 Ndav =   5 E =   -192.3280062139 Error = 2.63e-20 FLOPS = 7.31e+09 Tdav = 0.00 T = 0.06
 --> Site =  107 .. Mmps =   15 Ndav =   6 E =   -192.3280062396 Error = 4.45e-20 FLOPS = 7.57e+09 Tdav = 0.00 T = 0.06
 --> Site =  108 .. Mmps =   15 Ndav =   7 E =   -192.3280062615 Error = 2.21e-19 FLOPS = 7.65e+09 Tdav = 0.00 T = 0.09
 --> Site =  109 .. Mmps =   15 Ndav =   6 E =   -192.3280062901 Error = 1.19e-20 FLOPS = 7.56e+09 Tdav = 0.00 T = 0.06
 --> Site =  110 .. Mmps =   15 Ndav =   7 E =   -192.3280063114 Error = 6.61e-20 FLOPS = 7.58e+09 Tdav = 0.00 T = 0.08
 --> Site =  111 .. Mmps =   15 Ndav =   6 E =   -192.3280063387 Error = 2.39e-20 FLOPS = 7.55e+09 Tdav = 0.00 T = 0.05
 --> Site =  112 .. Mmps =   15 Ndav =   7 E =   -192.3280063600 Error = 4.62e-20 FLOPS = 7.45e+09 Tdav = 0.00 T = 0.06
 --> Site =  113 .. Mmps =   15 Ndav =   6 E =   -192.3280063782 Error = 1.61e-20 FLOPS = 7.58e+09 Tdav = 0.00 T = 0.09
 --> Site =  114 .. Mmps =   15 Ndav =   7 E =   -192.3280063969 Error = 5.60e-20 FLOPS = 7.43e+09 Tdav = 0.00 T = 0.06
 --> Site =  115 .. Mmps =   15 Ndav =   3 E =   -192.3280063974 Error = 8.48e-20 FLOPS = 6.10e+09 Tdav = 0.00 T = 0.05
 --> Site =  116 .. Mmps =   15 Ndav =   5 E =   -192.3280063998 Error = 5.52e-20 FLOPS = 7.27e+09 Tdav = 0.00 T = 0.07
 --> Site =  117 .. Mmps =   15 Ndav =   4 E =   -192.3280064005 Error = 2.37e-20 FLOPS = 6.95e+09 Tdav = 0.00 T = 0.07
 --> Site =  118 .. Mmps =   15 Ndav =   4 E =   -192.3280064046 Error = 5.81e-20 FLOPS = 6.85e+09 Tdav = 0.00 T = 0.06
 --> Site =  119 .. Mmps =   15 Ndav =   4 E =   -192.3280064055 Error = 1.32e-19 FLOPS = 6.59e+09 Tdav = 0.00 T = 0.05
 --> Site =  120 .. Mmps =   15 Ndav =   4 E =   -192.3280064062 Error = 7.18e-21 FLOPS = 6.63e+09 Tdav = 0.00 T = 0.06
 --> Site =  121 .. Mmps =   15 Ndav =   4 E =   -192.3280064078 Error = 1.46e-19 FLOPS = 6.48e+09 Tdav = 0.00 T = 0.05
 --> Site =  122 .. Mmps =   15 Ndav =   3 E =   -192.3280064086 Error = 3.23e-20 FLOPS = 5.76e+09 Tdav = 0.00 T = 0.05
 --> Site =  123 .. Mmps =   15 Ndav =   4 E =   -192.3280064102 Error = 8.18e-20 FLOPS = 6.47e+09 Tdav = 0.00 T = 0.06
 --> Site =  124 .. Mmps =   15 Ndav =   3 E =   -192.3280064109 Error = 4.84e-20 FLOPS = 6.09e+09 Tdav = 0.00 T = 0.05
 --> Site =  125 .. Mmps =   15 Ndav =   4 E =   -192.3280064123 Error = 1.50e-19 FLOPS = 6.51e+09 Tdav = 0.00 T = 0.05
 --> Site =  126 .. Mmps =   15 Ndav =   3 E =   -192.3280064127 Error = 1.99e-20 FLOPS = 6.02e+09 Tdav = 0.00 T = 0.05
 --> Site =  127 .. Mmps =   15 Ndav =   4 E =   -192.3280064140 Error = 1.60e-19 FLOPS = 6.52e+09 Tdav = 0.00 T = 0.07
 --> Site =  128 .. Mmps =   15 Ndav =   2 E =   -192.3280064141 Error = 7.73e-21 FLOPS = 4.87e+09 Tdav = 0.00 T = 0.06
 --> Site =  129 .. Mmps =   15 Ndav =   3 E =   -192.3280064165 Error = 3.09e-19 FLOPS = 5.63e+09 Tdav = 0.00 T = 0.05
 --> Site =  130 .. Mmps =   15 Ndav =   5 E =   -192.3280064199 Error = 1.02e-19 FLOPS = 6.72e+09 Tdav = 0.00 T = 0.08
 --> Site =  131 .. Mmps =   15 Ndav =   5 E =   -192.3280064212 Error = 8.18e-20 FLOPS = 6.81e+09 Tdav = 0.00 T = 0.05
 --> Site =  132 .. Mmps =   15 Ndav =   6 E =   -192.3280064235 Error = 4.59e-20 FLOPS = 6.81e+09 Tdav = 0.00 T = 0.04
 --> Site =  133 .. Mmps =   15 Ndav =   7 E =   -192.3280064587 Error = 3.22e-20 FLOPS = 6.99e+09 Tdav = 0.00 T = 0.05
 --> Site =  134 .. Mmps =   15 Ndav =   7 E =   -192.3280064832 Error = 3.89e-20 FLOPS = 6.71e+09 Tdav = 0.00 T = 0.07
 --> Site =  135 .. Mmps =   15 Ndav =   7 E =   -192.3280065210 Error = 4.37e-20 FLOPS = 6.74e+09 Tdav = 0.00 T = 0.05
 --> Site =  136 .. Mmps =   15 Ndav =   7 E =   -192.3280065446 Error = 2.54e-20 FLOPS = 6.23e+09 Tdav = 0.00 T = 0.05
 --> Site =  137 .. Mmps =   15 Ndav =   6 E =   -192.3280065838 Error = 3.75e-20 FLOPS = 6.26e+09 Tdav = 0.00 T = 0.06
 --> Site =  138 .. Mmps =   15 Ndav =   7 E =   -192.3280066071 Error = 1.85e-18 FLOPS = 6.44e+09 Tdav = 0.00 T = 0.04
 --> Site =  139 .. Mmps =   15 Ndav =   6 E =   -192.3280066373 Error = 6.20e-20 FLOPS = 6.37e+09 Tdav = 0.00 T = 0.04
 --> Site =  140 .. Mmps =   15 Ndav =   7 E =   -192.3280066558 Error = 3.48e-20 FLOPS = 6.34e+09 Tdav = 0.00 T = 0.04
 --> Site =  141 .. Mmps =   15 Ndav =   4 E =   -192.3280066564 Error = 1.18e-20 FLOPS = 5.19e+09 Tdav = 0.00 T = 0.05
 --> Site =  142 .. Mmps =   15 Ndav =   5 E =   -192.3280066574 Error = 2.21e-20 FLOPS = 5.72e+09 Tdav = 0.00 T = 0.07
 --> Site =  143 .. Mmps =   15 Ndav =   4 E =   -192.3280066581 Error = 1.70e-20 FLOPS = 5.09e+09 Tdav = 0.00 T = 0.04
 --> Site =  144 .. Mmps =   15 Ndav =   4 E =   -192.3280066618 Error = 3.37e-20 FLOPS = 4.44e+09 Tdav = 0.00 T = 0.04
 --> Site =  145 .. Mmps =   15 Ndav =   4 E =   -192.3280066624 Error = 2.88e-20 FLOPS = 5.05e+09 Tdav = 0.00 T = 0.05
 --> Site =  146 .. Mmps =   15 Ndav =   3 E =   -192.3280066631 Error = 4.91e-20 FLOPS = 4.46e+09 Tdav = 0.00 T = 0.04
 --> Site =  147 .. Mmps =   15 Ndav =   4 E =   -192.3280066641 Error = 6.02e-20 FLOPS = 4.88e+09 Tdav = 0.00 T = 0.04
 --> Site =  148 .. Mmps =   15 Ndav =   4 E =   -192.3280066649 Error = 8.39e-20 FLOPS = 4.72e+09 Tdav = 0.00 T = 0.04
 --> Site =  149 .. Mmps =   15 Ndav =   4 E =   -192.3280066659 Error = 5.15e-20 FLOPS = 4.56e+09 Tdav = 0.00 T = 0.05
 --> Site =  150 .. Mmps =   15 Ndav =   4 E =   -192.3280066667 Error = 2.87e-20 FLOPS = 4.40e+09 Tdav = 0.00 T = 0.05
 --> Site =  151 .. Mmps =   15 Ndav =   4 E =   -192.3280066675 Error = 5.62e-20 FLOPS = 4.07e+09 Tdav = 0.00 T = 0.03
 --> Site =  152 .. Mmps =   15 Ndav =   3 E =   -192.3280066679 Error = 1.13e-20 FLOPS = 3.61e+09 Tdav = 0.00 T = 0.04
 --> Site =  153 .. Mmps =   15 Ndav =   4 E =   -192.3280066684 Error = 2.24e-20 FLOPS = 3.93e+09 Tdav = 0.00 T = 0.04
 --> Site =  154 .. Mmps =   15 Ndav =   3 E =   -192.3280066685 Error = 1.64e-21 FLOPS = 3.46e+09 Tdav = 0.00 T = 0.04
 --> Site =  155 .. Mmps =   15 Ndav =   3 E =   -192.3280066688 Error = 7.94e-20 FLOPS = 2.86e+09 Tdav = 0.00 T = 0.04
 --> Site =  156 .. Mmps =   15 Ndav =   4 E =   -192.3280066702 Error = 4.22e-18 FLOPS = 3.34e+09 Tdav = 0.00 T = 0.04
 --> Site =  157 .. Mmps =   15 Ndav =   4 E =   -192.3280066720 Error = 7.37e-20 FLOPS = 3.09e+09 Tdav = 0.00 T = 0.03
 --> Site =  158 .. Mmps =   15 Ndav =   4 E =   -192.3280066729 Error = 3.66e-20 FLOPS = 2.88e+09 Tdav = 0.00 T = 0.03
 --> Site =  159 .. Mmps =   15 Ndav =   5 E =   -192.3280066735 Error = 8.09e-21 FLOPS = 2.89e+09 Tdav = 0.00 T = 0.03
 --> Site =  160 .. Mmps =   15 Ndav =   4 E =   -192.3280066737 Error = 9.20e-19 FLOPS = 2.32e+09 Tdav = 0.00 T = 0.03
 --> Site =  161 .. Mmps =   15 Ndav =   4 E =   -192.3280066741 Error = 2.40e-20 FLOPS = 2.17e+09 Tdav = 0.00 T = 0.03
 --> Site =  162 .. Mmps =   15 Ndav =   5 E =   -192.3280066745 Error = 1.02e-23 FLOPS = 2.38e+09 Tdav = 0.00 T = 0.04
 --> Site =  163 .. Mmps =   15 Ndav =   3 E =   -192.3280066747 Error = 7.37e-21 FLOPS = 1.58e+09 Tdav = 0.00 T = 0.04
 --> Site =  164 .. Mmps =   15 Ndav =   4 E =   -192.3280066748 Error = 2.98e-19 FLOPS = 1.66e+09 Tdav = 0.00 T = 0.03
 --> Site =  165 .. Mmps =   15 Ndav =   1 E =   -192.3280066748 Error = 1.19e-29 FLOPS = 4.19e+08 Tdav = 0.00 T = 0.03
 --> Site =  166 .. Mmps =   15 Ndav =   1 E =   -192.3280066748 Error = 6.38e-53 FLOPS = 1.68e+08 Tdav = 0.00 T = 0.03
 --> Site =  167 .. Mmps =   15 Ndav =   1 E =   -192.3280066748 Error = 3.72e-80 FLOPS = 8.33e+07 Tdav = 0.00 T = 0.07
 --> Site =  168 .. Mmps =   15 Ndav =   1 E =   -192.3280066748 Error = 0.00e+00 FLOPS = 2.07e+07 Tdav = 0.00 T = 0.06
Time elapsed =    166.084 | E =    -192.3280066748 | DE = -1.09e-06 | DW = 4.21869e-18
Time sweep =        9.874 | 578 MFLOP/SWP
 | Dmem = 105 KB (3%) | Imem = 232 B (79%) | Hmem = 503 KB | Wmem = 3.52 KB | Pmem = 3.52 KB
 | Tread = 0.220 | Twrite = 1.478 | Tfpread = 0.033 | Tfpwrite = 0.023 | Tmporead = 0.000 | Tasync = 0.000
 | data = 11.3 MB | cpsd = 8.62 MB
 | Trot = 0.032 | Tctr = 0.006 | Tint = 0.009 | Tmid = 0.000 | Tdctr = 0.136 | Tdiag = 0.027 | Tinfo = 0.276
 | Teff = 2.332 | Tprt = 0.176 | Teig = 0.098 | Tblk = 7.168 | Tmve = 2.692 | Tdm = 0.004 | Tsplt = 0.021 | Tsvd = 0.000 | Torth = 0.000

Sweep =    3 | Direction = backward | Bond dimension =   15 | Noise =  1.00e-04 | Dav threshold =  1.00e-10
 <-- Site =  168 .. Mmps =    2 Ndav =   1 E =   -192.3280066748 Error = 0.00e+00 FLOPS = 2.28e+07 Tdav = 0.00 T = 0.03
 <-- Site =  167 .. Mmps =    4 Ndav =   1 E =   -192.3280066748 Error = 0.00e+00 FLOPS = 6.94e+07 Tdav = 0.00 T = 0.04
 <-- Site =  166 .. Mmps =    8 Ndav =   1 E =   -192.3280066748 Error = 0.00e+00 FLOPS = 2.12e+08 Tdav = 0.00 T = 0.04
 <-- Site =  165 .. Mmps =   15 Ndav =   1 E =   -192.3280066748 Error = 0.00e+00 FLOPS = 5.24e+08 Tdav = 0.00 T = 0.03
 <-- Site =  164 .. Mmps =   15 Ndav =   1 E =   -192.3280066748 Error = 1.43e-23 FLOPS = 8.44e+08 Tdav = 0.00 T = 0.03
 <-- Site =  163 .. Mmps =   15 Ndav =   1 E =   -192.3280066748 Error = 4.61e-22 FLOPS = 1.03e+09 Tdav = 0.00 T = 0.05
 <-- Site =  162 .. Mmps =   15 Ndav =   1 E =   -192.3280066748 Error = 1.62e-22 FLOPS = 1.14e+09 Tdav = 0.00 T = 0.05
 <-- Site =  161 .. Mmps =   15 Ndav =   1 E =   -192.3280066748 Error = 4.32e-21 FLOPS = 1.12e+09 Tdav = 0.00 T = 0.06
 <-- Site =  160 .. Mmps =   15 Ndav =   1 E =   -192.3280066748 Error = 4.86e-19 FLOPS = 1.39e+09 Tdav = 0.00 T = 0.05
 <-- Site =  159 .. Mmps =   15 Ndav =   1 E =   -192.3280066748 Error = 7.34e-21 FLOPS = 1.33e+09 Tdav = 0.00 T = 0.06
 <-- Site =  158 .. Mmps =   15 Ndav =   2 E =   -192.3280066748 Error = 7.82e-18 FLOPS = 2.27e+09 Tdav = 0.00 T = 0.04
 <-- Site =  157 .. Mmps =   15 Ndav =   4 E =   -192.3280066751 Error = 1.07e-20 FLOPS = 3.24e+09 Tdav = 0.00 T = 0.05
 <-- Site =  156 .. Mmps =   15 Ndav =   3 E =   -192.3280066754 Error = 8.98e-17 FLOPS = 3.01e+09 Tdav = 0.00 T = 0.07
 <-- Site =  155 .. Mmps =   15 Ndav =   3 E =   -192.3280066755 Error = 5.72e-20 FLOPS = 3.19e+09 Tdav = 0.00 T = 0.04
 <-- Site =  154 .. Mmps =   15 Ndav =   4 E =   -192.3280066774 Error = 6.94e-20 FLOPS = 3.73e+09 Tdav = 0.00 T = 0.06
 <-- Site =  153 .. Mmps =   15 Ndav =   1 E =   -192.3280066774 Error = 6.35e-20 FLOPS = 1.90e+09 Tdav = 0.00 T = 0.04
 <-- Site =  152 .. Mmps =   15 Ndav =   3 E =   -192.3280066774 Error = 6.20e-20 FLOPS = 3.46e+09 Tdav = 0.00 T = 0.05
 <-- Site =  151 .. Mmps =   15 Ndav =   2 E =   -192.3280066775 Error = 8.97e-20 FLOPS = 2.82e+09 Tdav = 0.00 T = 0.05
 <-- Site =  150 .. Mmps =   15 Ndav =   3 E =   -192.3280066776 Error = 1.10e-19 FLOPS = 3.70e+09 Tdav = 0.00 T = 0.06
 <-- Site =  149 .. Mmps =   15 Ndav =   2 E =   -192.3280066776 Error = 5.56e-21 FLOPS = 3.13e+09 Tdav = 0.00 T = 0.05
 <-- Site =  148 .. Mmps =   15 Ndav =   3 E =   -192.3280066778 Error = 1.92e-20 FLOPS = 3.93e+09 Tdav = 0.00 T = 0.04
 <-- Site =  147 .. Mmps =   15 Ndav =   2 E =   -192.3280066778 Error = 1.05e-21 FLOPS = 3.41e+09 Tdav = 0.00 T = 0.04
 <-- Site =  146 .. Mmps =   15 Ndav =   3 E =   -192.3280066779 Error = 5.06e-20 FLOPS = 4.14e+09 Tdav = 0.00 T = 0.04
 <-- Site =  145 .. Mmps =   15 Ndav =   2 E =   -192.3280066780 Error = 2.68e-19 FLOPS = 3.63e+09 Tdav = 0.00 T = 0.05
 <-- Site =  144 .. Mmps =   15 Ndav =   3 E =   -192.3280066781 Error = 1.20e-20 FLOPS = 4.28e+09 Tdav = 0.00 T = 0.04
 <-- Site =  143 .. Mmps =   15 Ndav =   3 E =   -192.3280066787 Error = 9.59e-20 FLOPS = 4.48e+09 Tdav = 0.00 T = 0.04
 <-- Site =  142 .. Mmps =   15 Ndav =   4 E =   -192.3280066822 Error = 1.77e-16 FLOPS = 5.03e+09 Tdav = 0.00 T = 0.05
 <-- Site =  141 .. Mmps =   15 Ndav =   4 E =   -192.3280066825 Error = 6.27e-22 FLOPS = 5.06e+09 Tdav = 0.00 T = 0.04
 <-- Site =  140 .. Mmps =   15 Ndav =   4 E =   -192.3280066826 Error = 1.22e-16 FLOPS = 5.23e+09 Tdav = 0.00 T = 0.05
 <-- Site =  139 .. Mmps =   15 Ndav =   5 E =   -192.3280066876 Error = 1.91e-21 FLOPS = 5.63e+09 Tdav = 0.00 T = 0.08
 <-- Site =  138 .. Mmps =   15 Ndav =   6 E =   -192.3280066939 Error = 8.76e-17 FLOPS = 5.94e+09 Tdav = 0.00 T = 0.05
 <-- Site =  137 .. Mmps =   15 Ndav =   5 E =   -192.3280066999 Error = 2.17e-21 FLOPS = 5.83e+09 Tdav = 0.00 T = 0.06
 <-- Site =  136 .. Mmps =   15 Ndav =   6 E =   -192.3280067080 Error = 8.02e-19 FLOPS = 6.18e+09 Tdav = 0.00 T = 0.06
 <-- Site =  135 .. Mmps =   15 Ndav =   5 E =   -192.3280067140 Error = 6.41e-21 FLOPS = 5.95e+09 Tdav = 0.00 T = 0.04
 <-- Site =  134 .. Mmps =   15 Ndav =   6 E =   -192.3280067218 Error = 1.27e-16 FLOPS = 6.38e+09 Tdav = 0.00 T = 0.05
 <-- Site =  133 .. Mmps =   15 Ndav =   5 E =   -192.3280067279 Error = 2.37e-20 FLOPS = 6.26e+09 Tdav = 0.00 T = 0.05
 <-- Site =  132 .. Mmps =   15 Ndav =   6 E =   -192.3280067354 Error = 7.38e-17 FLOPS = 6.38e+09 Tdav = 0.00 T = 0.06
 <-- Site =  131 .. Mmps =   15 Ndav =   4 E =   -192.3280067356 Error = 3.33e-20 FLOPS = 5.93e+09 Tdav = 0.00 T = 0.05
 <-- Site =  130 .. Mmps =   15 Ndav =   3 E =   -192.3280067358 Error = 1.01e-17 FLOPS = 5.20e+09 Tdav = 0.00 T = 0.05
 <-- Site =  129 .. Mmps =   15 Ndav =   3 E =   -192.3280067363 Error = 1.61e-20 FLOPS = 5.40e+09 Tdav = 0.00 T = 0.05
 <-- Site =  128 .. Mmps =   15 Ndav =   4 E =   -192.3280067399 Error = 2.22e-20 FLOPS = 5.71e+09 Tdav = 0.00 T = 0.07
 <-- Site =  127 .. Mmps =   15 Ndav =   2 E =   -192.3280067399 Error = 7.88e-20 FLOPS = 4.81e+09 Tdav = 0.00 T = 0.08
 <-- Site =  126 .. Mmps =   15 Ndav =   4 E =   -192.3280067402 Error = 2.23e-20 FLOPS = 6.01e+09 Tdav = 0.00 T = 0.07
 <-- Site =  125 .. Mmps =   15 Ndav =   2 E =   -192.3280067402 Error = 1.20e-20 FLOPS = 4.72e+09 Tdav = 0.00 T = 0.06
 <-- Site =  124 .. Mmps =   15 Ndav =   3 E =   -192.3280067405 Error = 8.31e-21 FLOPS = 5.47e+09 Tdav = 0.00 T = 0.14
 <-- Site =  123 .. Mmps =   15 Ndav =   2 E =   -192.3280067405 Error = 5.11e-21 FLOPS = 4.88e+09 Tdav = 0.00 T = 0.09
 <-- Site =  122 .. Mmps =   15 Ndav =   3 E =   -192.3280067408 Error = 5.21e-20 FLOPS = 5.62e+09 Tdav = 0.00 T = 0.05
 <-- Site =  121 .. Mmps =   15 Ndav =   2 E =   -192.3280067409 Error = 1.90e-20 FLOPS = 4.81e+09 Tdav = 0.00 T = 0.06
 <-- Site =  120 .. Mmps =   15 Ndav =   3 E =   -192.3280067411 Error = 1.06e-20 FLOPS = 5.58e+09 Tdav = 0.00 T = 0.07
 <-- Site =  119 .. Mmps =   15 Ndav =   2 E =   -192.3280067411 Error = 7.04e-20 FLOPS = 4.97e+09 Tdav = 0.00 T = 0.06
 <-- Site =  118 .. Mmps =   15 Ndav =   3 E =   -192.3280067413 Error = 5.15e-20 FLOPS = 5.97e+09 Tdav = 0.00 T = 0.07
 <-- Site =  117 .. Mmps =   15 Ndav =   3 E =   -192.3280067419 Error = 3.94e-20 FLOPS = 5.89e+09 Tdav = 0.00 T = 0.09
 <-- Site =  116 .. Mmps =   15 Ndav =   4 E =   -192.3280067458 Error = 3.10e-16 FLOPS = 6.45e+09 Tdav = 0.00 T = 0.06
 <-- Site =  115 .. Mmps =   15 Ndav =   4 E =   -192.3280067466 Error = 3.40e-22 FLOPS = 6.26e+09 Tdav = 0.00 T = 0.07
 <-- Site =  114 .. Mmps =   15 Ndav =   3 E =   -192.3280067466 Error = 1.91e-19 FLOPS = 5.52e+09 Tdav = 0.00 T = 0.07
 <-- Site =  113 .. Mmps =   15 Ndav =   5 E =   -192.3280067516 Error = 1.08e-20 FLOPS = 6.51e+09 Tdav = 0.00 T = 0.06
 <-- Site =  112 .. Mmps =   15 Ndav =   6 E =   -192.3280067562 Error = 1.01e-16 FLOPS = 6.84e+09 Tdav = 0.00 T = 0.09
 <-- Site =  111 .. Mmps =   15 Ndav =   5 E =   -192.3280067617 Error = 2.34e-20 FLOPS = 6.58e+09 Tdav = 0.00 T = 0.07
 <-- Site =  110 .. Mmps =   15 Ndav =   6 E =   -192.3280067681 Error = 1.56e-17 FLOPS = 6.77e+09 Tdav = 0.00 T = 0.06
 <-- Site =  109 .. Mmps =   15 Ndav =   5 E =   -192.3280067736 Error = 1.60e-20 FLOPS = 6.57e+09 Tdav = 0.00 T = 0.06
 <-- Site =  108 .. Mmps =   15 Ndav =   6 E =   -192.3280067802 Error = 1.69e-16 FLOPS = 6.73e+09 Tdav = 0.00 T = 0.07
 <-- Site =  107 .. Mmps =   15 Ndav =   5 E =   -192.3280067856 Error = 8.58e-21 FLOPS = 6.76e+09 Tdav = 0.00 T = 0.09
 <-- Site =  106 .. Mmps =   15 Ndav =   6 E =   -192.3280067917 Error = 2.41e-18 FLOPS = 7.23e+09 Tdav = 0.00 T = 0.06
 <-- Site =  105 .. Mmps =   15 Ndav =   4 E =   -192.3280067920 Error = 5.63e-20 FLOPS = 6.27e+09 Tdav = 0.00 T = 0.09
 <-- Site =  104 .. Mmps =   15 Ndav =   3 E =   -192.3280067921 Error = 4.90e-18 FLOPS = 5.82e+09 Tdav = 0.00 T = 0.06
 <-- Site =  103 .. Mmps =   15 Ndav =   3 E =   -192.3280067926 Error = 1.62e-20 FLOPS = 5.66e+09 Tdav = 0.00 T = 0.06
 <-- Site =  102 .. Mmps =   15 Ndav =   4 E =   -192.3280067961 Error = 4.31e-20 FLOPS = 6.25e+09 Tdav = 0.00 T = 0.07
 <-- Site =  101 .. Mmps =   15 Ndav =   2 E =   -192.3280067961 Error = 9.09e-21 FLOPS = 4.74e+09 Tdav = 0.00 T = 0.07
 <-- Site =  100 .. Mmps =   15 Ndav =   4 E =   -192.3280067964 Error = 6.54e-20 FLOPS = 6.31e+09 Tdav = 0.00 T = 0.06
 <-- Site =   99 .. Mmps =   15 Ndav =   2 E =   -192.3280067964 Error = 8.02e-21 FLOPS = 4.88e+09 Tdav = 0.00 T = 0.07
 <-- Site =   98 .. Mmps =   15 Ndav =   3 E =   -192.3280067967 Error = 3.47e-21 FLOPS = 5.81e+09 Tdav = 0.00 T = 0.09
 <-- Site =   97 .. Mmps =   15 Ndav =   3 E =   -192.3280067968 Error = 2.02e-19 FLOPS = 5.57e+09 Tdav = 0.00 T = 0.07
 <-- Site =   96 .. Mmps =   15 Ndav =   3 E =   -192.3280067970 Error = 1.38e-19 FLOPS = 5.62e+09 Tdav = 0.00 T = 0.07
 <-- Site =   95 .. Mmps =   15 Ndav =   3 E =   -192.3280067972 Error = 6.43e-20 FLOPS = 5.55e+09 Tdav = 0.00 T = 0.13
 <-- Site =   94 .. Mmps =   15 Ndav =   3 E =   -192.3280067974 Error = 9.18e-20 FLOPS = 5.82e+09 Tdav = 0.00 T = 0.09
 <-- Site =   93 .. Mmps =   15 Ndav =   2 E =   -192.3280067974 Error = 1.42e-19 FLOPS = 5.51e+09 Tdav = 0.00 T = 0.08
 <-- Site =   92 .. Mmps =   15 Ndav =   2 E =   -192.3280067975 Error = 6.04e-21 FLOPS = 5.57e+09 Tdav = 0.00 T = 0.08
 <-- Site =   91 .. Mmps =   15 Ndav =   3 E =   -192.3280067981 Error = 5.51e-20 FLOPS = 6.17e+09 Tdav = 0.00 T = 0.08
 <-- Site =   90 .. Mmps =   15 Ndav =   4 E =   -192.3280068019 Error = 1.55e-16 FLOPS = 6.44e+09 Tdav = 0.00 T = 0.09
 <-- Site =   89 .. Mmps =   15 Ndav =   4 E =   -192.3280068028 Error = 6.28e-21 FLOPS = 6.79e+09 Tdav = 0.00 T = 0.09
 <-- Site =   88 .. Mmps =   15 Ndav =   2 E =   -192.3280068028 Error = 1.75e-18 FLOPS = 5.14e+09 Tdav = 0.00 T = 0.07
 <-- Site =   87 .. Mmps =   15 Ndav =   5 E =   -192.3280068072 Error = 5.39e-21 FLOPS = 7.22e+09 Tdav = 0.00 T = 0.07
 <-- Site =   86 .. Mmps =   15 Ndav =   6 E =   -192.3280068098 Error = 1.08e-18 FLOPS = 7.28e+09 Tdav = 0.00 T = 0.08
 <-- Site =   85 .. Mmps =   15 Ndav =   5 E =   -192.3280068150 Error = 4.82e-21 FLOPS = 7.18e+09 Tdav = 0.00 T = 0.06
 <-- Site =   84 .. Mmps =   15 Ndav =   6 E =   -192.3280068195 Error = 5.74e-17 FLOPS = 7.40e+09 Tdav = 0.00 T = 0.07
 <-- Site =   83 .. Mmps =   15 Ndav =   5 E =   -192.3280068242 Error = 9.35e-21 FLOPS = 6.89e+09 Tdav = 0.00 T = 0.06
 <-- Site =   82 .. Mmps =   15 Ndav =   6 E =   -192.3280068280 Error = 1.36e-16 FLOPS = 7.19e+09 Tdav = 0.00 T = 0.06
 <-- Site =   81 .. Mmps =   15 Ndav =   5 E =   -192.3280068334 Error = 3.77e-20 FLOPS = 6.83e+09 Tdav = 0.00 T = 0.08
 <-- Site =   80 .. Mmps =   15 Ndav =   6 E =   -192.3280068378 Error = 1.30e-17 FLOPS = 7.10e+09 Tdav = 0.00 T = 0.13
 <-- Site =   79 .. Mmps =   15 Ndav =   4 E =   -192.3280068382 Error = 3.20e-20 FLOPS = 6.19e+09 Tdav = 0.00 T = 0.07
 <-- Site =   78 .. Mmps =   15 Ndav =   3 E =   -192.3280068383 Error = 1.81e-17 FLOPS = 5.64e+09 Tdav = 0.00 T = 0.07
 <-- Site =   77 .. Mmps =   15 Ndav =   3 E =   -192.3280068388 Error = 1.69e-20 FLOPS = 5.57e+09 Tdav = 0.00 T = 0.13
 <-- Site =   76 .. Mmps =   15 Ndav =   4 E =   -192.3280068422 Error = 8.86e-20 FLOPS = 6.28e+09 Tdav = 0.00 T = 0.06
 <-- Site =   75 .. Mmps =   15 Ndav =   2 E =   -192.3280068422 Error = 1.23e-20 FLOPS = 5.00e+09 Tdav = 0.00 T = 0.07
 <-- Site =   74 .. Mmps =   15 Ndav =   4 E =   -192.3280068426 Error = 6.48e-20 FLOPS = 6.44e+09 Tdav = 0.00 T = 0.08
 <-- Site =   73 .. Mmps =   15 Ndav =   3 E =   -192.3280068427 Error = 1.33e-19 FLOPS = 6.19e+09 Tdav = 0.00 T = 0.07
 <-- Site =   72 .. Mmps =   15 Ndav =   3 E =   -192.3280068429 Error = 1.33e-19 FLOPS = 6.25e+09 Tdav = 0.00 T = 0.09
 <-- Site =   71 .. Mmps =   15 Ndav =   3 E =   -192.3280068430 Error = 7.90e-21 FLOPS = 5.95e+09 Tdav = 0.00 T = 0.08
 <-- Site =   70 .. Mmps =   15 Ndav =   3 E =   -192.3280068432 Error = 8.25e-20 FLOPS = 6.45e+09 Tdav = 0.00 T = 0.08
 <-- Site =   69 .. Mmps =   15 Ndav =   2 E =   -192.3280068432 Error = 8.35e-21 FLOPS = 5.35e+09 Tdav = 0.00 T = 0.07
 <-- Site =   68 .. Mmps =   15 Ndav =   3 E =   -192.3280068434 Error = 8.41e-21 FLOPS = 6.14e+09 Tdav = 0.00 T = 0.07
 <-- Site =   67 .. Mmps =   15 Ndav =   2 E =   -192.3280068435 Error = 4.57e-21 FLOPS = 5.66e+09 Tdav = 0.00 T = 0.07
 <-- Site =   66 .. Mmps =   15 Ndav =   2 E =   -192.3280068435 Error = 1.43e-20 FLOPS = 5.39e+09 Tdav = 0.00 T = 0.07
 <-- Site =   65 .. Mmps =   15 Ndav =   3 E =   -192.3280068441 Error = 1.85e-19 FLOPS = 6.20e+09 Tdav = 0.00 T = 0.07
 <-- Site =   64 .. Mmps =   15 Ndav =   4 E =   -192.3280068480 Error = 4.33e-17 FLOPS = 6.96e+09 Tdav = 0.00 T = 0.08
 <-- Site =   63 .. Mmps =   15 Ndav =   4 E =   -192.3280068489 Error = 5.21e-22 FLOPS = 6.33e+09 Tdav = 0.00 T = 0.08
 <-- Site =   62 .. Mmps =   15 Ndav =   2 E =   -192.3280068489 Error = 7.86e-17 FLOPS = 5.21e+09 Tdav = 0.00 T = 0.06
 <-- Site =   61 .. Mmps =   15 Ndav =   5 E =   -192.3280068530 Error = 1.16e-20 FLOPS = 6.85e+09 Tdav = 0.00 T = 0.06
 <-- Site =   60 .. Mmps =   15 Ndav =   5 E =   -192.3280068548 Error = 1.14e-18 FLOPS = 7.30e+09 Tdav = 0.00 T = 0.07
 <-- Site =   59 .. Mmps =   15 Ndav =   5 E =   -192.3280068590 Error = 7.51e-21 FLOPS = 7.38e+09 Tdav = 0.00 T = 0.08
 <-- Site =   58 .. Mmps =   15 Ndav =   6 E =   -192.3280068624 Error = 3.05e-17 FLOPS = 7.28e+09 Tdav = 0.00 T = 0.07
 <-- Site =   57 .. Mmps =   15 Ndav =   5 E =   -192.3280068677 Error = 7.91e-21 FLOPS = 7.01e+09 Tdav = 0.00 T = 0.06
 <-- Site =   56 .. Mmps =   15 Ndav =   6 E =   -192.3280068711 Error = 4.24e-19 FLOPS = 7.35e+09 Tdav = 0.00 T = 0.06
 <-- Site =   55 .. Mmps =   15 Ndav =   5 E =   -192.3280068763 Error = 1.01e-20 FLOPS = 7.08e+09 Tdav = 0.00 T = 0.07
 <-- Site =   54 .. Mmps =   15 Ndav =   6 E =   -192.3280068800 Error = 5.19e-17 FLOPS = 7.18e+09 Tdav = 0.00 T = 0.07
 <-- Site =   53 .. Mmps =   15 Ndav =   4 E =   -192.3280068805 Error = 3.39e-21 FLOPS = 6.64e+09 Tdav = 0.00 T = 0.07
 <-- Site =   52 .. Mmps =   15 Ndav =   3 E =   -192.3280068806 Error = 5.09e-17 FLOPS = 6.03e+09 Tdav = 0.00 T = 0.07
 <-- Site =   51 .. Mmps =   15 Ndav =   3 E =   -192.3280068810 Error = 3.40e-20 FLOPS = 6.10e+09 Tdav = 0.00 T = 0.06
 <-- Site =   50 .. Mmps =   15 Ndav =   4 E =   -192.3280068843 Error = 5.31e-20 FLOPS = 6.49e+09 Tdav = 0.00 T = 0.09
 <-- Site =   49 .. Mmps =   15 Ndav =   2 E =   -192.3280068843 Error = 1.43e-20 FLOPS = 5.18e+09 Tdav = 0.00 T = 0.07
 <-- Site =   48 .. Mmps =   15 Ndav =   4 E =   -192.3280068847 Error = 3.90e-20 FLOPS = 6.57e+09 Tdav = 0.00 T = 0.06
 <-- Site =   47 .. Mmps =   15 Ndav =   3 E =   -192.3280068848 Error = 9.13e-21 FLOPS = 5.88e+09 Tdav = 0.00 T = 0.06
 <-- Site =   46 .. Mmps =   15 Ndav =   3 E =   -192.3280068850 Error = 4.39e-20 FLOPS = 6.05e+09 Tdav = 0.00 T = 0.06
 <-- Site =   45 .. Mmps =   15 Ndav =   3 E =   -192.3280068851 Error = 1.13e-19 FLOPS = 5.92e+09 Tdav = 0.00 T = 0.09
 <-- Site =   44 .. Mmps =   15 Ndav =   3 E =   -192.3280068853 Error = 3.75e-20 FLOPS = 5.95e+09 Tdav = 0.00 T = 0.06
 <-- Site =   43 .. Mmps =   15 Ndav =   3 E =   -192.3280068855 Error = 5.03e-21 FLOPS = 5.74e+09 Tdav = 0.00 T = 0.06
 <-- Site =   42 .. Mmps =   15 Ndav =   3 E =   -192.3280068856 Error = 5.98e-20 FLOPS = 5.87e+09 Tdav = 0.00 T = 0.06
 <-- Site =   41 .. Mmps =   15 Ndav =   3 E =   -192.3280068858 Error = 1.50e-19 FLOPS = 5.82e+09 Tdav = 0.00 T = 0.06
 <-- Site =   40 .. Mmps =   15 Ndav =   3 E =   -192.3280068859 Error = 1.04e-20 FLOPS = 5.79e+09 Tdav = 0.00 T = 0.06
 <-- Site =   39 .. Mmps =   15 Ndav =   3 E =   -192.3280068860 Error = 1.69e-20 FLOPS = 5.67e+09 Tdav = 0.00 T = 0.08
 <-- Site =   38 .. Mmps =   15 Ndav =   2 E =   -192.3280068861 Error = 2.78e-20 FLOPS = 4.46e+09 Tdav = 0.00 T = 0.05
 <-- Site =   37 .. Mmps =   15 Ndav =   4 E =   -192.3280068866 Error = 4.67e-22 FLOPS = 5.60e+09 Tdav = 0.00 T = 0.05
 <-- Site =   36 .. Mmps =   15 Ndav =   3 E =   -192.3280068867 Error = 1.30e-16 FLOPS = 5.05e+09 Tdav = 0.00 T = 0.06
 <-- Site =   35 .. Mmps =   15 Ndav =   5 E =   -192.3280068897 Error = 1.64e-20 FLOPS = 6.14e+09 Tdav = 0.00 T = 0.06
 <-- Site =   34 .. Mmps =   15 Ndav =   7 E =   -192.3280068958 Error = 3.79e-20 FLOPS = 6.52e+09 Tdav = 0.00 T = 0.05
 <-- Site =   33 .. Mmps =   15 Ndav =   5 E =   -192.3280068993 Error = 1.30e-20 FLOPS = 5.81e+09 Tdav = 0.00 T = 0.05
 <-- Site =   32 .. Mmps =   15 Ndav =   7 E =   -192.3280069062 Error = 4.27e-17 FLOPS = 6.69e+09 Tdav = 0.00 T = 0.05
 <-- Site =   31 .. Mmps =   15 Ndav =   5 E =   -192.3280069096 Error = 1.38e-21 FLOPS = 6.12e+09 Tdav = 0.00 T = 0.09
 <-- Site =   30 .. Mmps =   15 Ndav =   7 E =   -192.3280069166 Error = 3.62e-20 FLOPS = 5.85e+09 Tdav = 0.00 T = 0.06
 <-- Site =   29 .. Mmps =   15 Ndav =   5 E =   -192.3280069196 Error = 1.03e-20 FLOPS = 6.05e+09 Tdav = 0.00 T = 0.10
 <-- Site =   28 .. Mmps =   15 Ndav =   6 E =   -192.3280069266 Error = 2.75e-19 FLOPS = 6.41e+09 Tdav = 0.00 T = 0.04
 <-- Site =   27 .. Mmps =   15 Ndav =   3 E =   -192.3280069267 Error = 1.08e-20 FLOPS = 4.46e+09 Tdav = 0.00 T = 0.08
 <-- Site =   26 .. Mmps =   15 Ndav =   3 E =   -192.3280069268 Error = 1.11e-18 FLOPS = 4.52e+09 Tdav = 0.00 T = 0.06
 <-- Site =   25 .. Mmps =   15 Ndav =   4 E =   -192.3280069274 Error = 5.88e-20 FLOPS = 5.41e+09 Tdav = 0.00 T = 0.05
 <-- Site =   24 .. Mmps =   15 Ndav =   4 E =   -192.3280069307 Error = 4.72e-20 FLOPS = 5.19e+09 Tdav = 0.00 T = 0.04
 <-- Site =   23 .. Mmps =   15 Ndav =   5 E =   -192.3280069534 Error = 7.28e-21 FLOPS = 5.74e+09 Tdav = 0.00 T = 0.05
 <-- Site =   22 .. Mmps =   15 Ndav =   6 E =   -192.3280069852 Error = 1.18e-19 FLOPS = 5.25e+09 Tdav = 0.00 T = 0.08
 <-- Site =   21 .. Mmps =   15 Ndav =   3 E =   -192.3280069852 Error = 9.40e-21 FLOPS = 4.46e+09 Tdav = 0.00 T = 0.05
 <-- Site =   20 .. Mmps =   15 Ndav =   4 E =   -192.3280069859 Error = 2.09e-20 FLOPS = 4.48e+09 Tdav = 0.00 T = 0.13
 <-- Site =   19 .. Mmps =   15 Ndav =   2 E =   -192.3280069859 Error = 1.05e-20 FLOPS = 3.28e+09 Tdav = 0.00 T = 0.05
 <-- Site =   18 .. Mmps =   15 Ndav =   4 E =   -192.3280069864 Error = 6.04e-20 FLOPS = 4.19e+09 Tdav = 0.00 T = 0.04
 <-- Site =   17 .. Mmps =   15 Ndav =   3 E =   -192.3280069864 Error = 8.70e-20 FLOPS = 4.18e+09 Tdav = 0.00 T = 0.06
 <-- Site =   16 .. Mmps =   15 Ndav =   4 E =   -192.3280069867 Error = 1.74e-19 FLOPS = 3.74e+09 Tdav = 0.00 T = 0.04
 <-- Site =   15 .. Mmps =   15 Ndav =   3 E =   -192.3280069868 Error = 5.37e-21 FLOPS = 3.34e+09 Tdav = 0.00 T = 0.06
 <-- Site =   14 .. Mmps =   15 Ndav =   3 E =   -192.3280069869 Error = 6.71e-21 FLOPS = 2.85e+09 Tdav = 0.00 T = 0.07
 <-- Site =   13 .. Mmps =   15 Ndav =   3 E =   -192.3280069871 Error = 9.42e-20 FLOPS = 3.32e+09 Tdav = 0.00 T = 0.04
 <-- Site =   12 .. Mmps =   15 Ndav =   3 E =   -192.3280069882 Error = 1.17e-16 FLOPS = 3.13e+09 Tdav = 0.00 T = 0.05
 <-- Site =   11 .. Mmps =   15 Ndav =   3 E =   -192.3280069889 Error = 1.23e-21 FLOPS = 2.63e+09 Tdav = 0.00 T = 0.05
 <-- Site =   10 .. Mmps =   15 Ndav =   3 E =   -192.3280069900 Error = 3.60e-18 FLOPS = 3.21e+09 Tdav = 0.00 T = 0.07
 <-- Site =    9 .. Mmps =   15 Ndav =   7 E =   -192.3280069972 Error = 3.59e-19 FLOPS = 3.84e+09 Tdav = 0.00 T = 0.05
 <-- Site =    8 .. Mmps =   15 Ndav =   5 E =   -192.3280069984 Error = 5.34e-21 FLOPS = 3.53e+09 Tdav = 0.00 T = 0.08
 <-- Site =    7 .. Mmps =   15 Ndav =   6 E =   -192.3280070006 Error = 5.37e-21 FLOPS = 3.42e+09 Tdav = 0.00 T = 0.05
 <-- Site =    6 .. Mmps =   15 Ndav =   3 E =   -192.3280070008 Error = 4.04e-19 FLOPS = 2.12e+09 Tdav = 0.00 T = 0.04
 <-- Site =    5 .. Mmps =   15 Ndav =   3 E =   -192.3280070008 Error = 8.97e-21 FLOPS = 1.88e+09 Tdav = 0.00 T = 0.07
 <-- Site =    4 .. Mmps =   15 Ndav =   2 E =   -192.3280070008 Error = 4.57e-20 FLOPS = 1.40e+09 Tdav = 0.00 T = 0.03
 <-- Site =    3 .. Mmps =   15 Ndav =   1 E =   -192.3280070008 Error = 1.94e-29 FLOPS = 4.25e+08 Tdav = 0.00 T = 0.04
 <-- Site =    2 .. Mmps =   15 Ndav =   1 E =   -192.3280070008 Error = 3.41e-52 FLOPS = 1.33e+08 Tdav = 0.00 T = 0.04
 <-- Site =    1 .. Mmps =   13 Ndav =   1 E =   -192.3280070008 Error = 0.00e+00 FLOPS = 7.59e+07 Tdav = 0.00 T = 0.04
 <-- Site =    0 .. Mmps =   15 Ndav =   1 E =   -192.3280070008 Error = 1.84e-108 FLOPS = 2.12e+07 Tdav = 0.00 T = 0.04
Time elapsed =    176.868 | E =    -192.3280070008 | DE = -3.26e-07 | DW = 3.10405e-16
Time sweep =       10.783 | 465 MFLOP/SWP
 | Dmem = 105 KB (3%) | Imem = 232 B (79%) | Hmem = 503 KB | Wmem = 3.52 KB | Pmem = 3.52 KB
 | Tread = 0.235 | Twrite = 1.607 | Tfpread = 0.031 | Tfpwrite = 0.022 | Tmporead = 0.000 | Tasync = 0.000
 | data = 11.3 MB | cpsd = 7.68 MB
 | Trot = 0.035 | Tctr = 0.504 | Tint = 0.009 | Tmid = 0.000 | Tdctr = 0.010 | Tdiag = 0.028 | Tinfo = 0.265
 | Teff = 2.276 | Tprt = 0.153 | Teig = 0.085 | Tblk = 7.332 | Tmve = 3.437 | Tdm = 0.005 | Tsplt = 0.026 | Tsvd = 0.000 | Torth = 0.000

Sweep =    4 | Direction =  forward | Bond dimension =   25 | Noise =  1.00e-05 | Dav threshold =  1.00e-10
 --> Site =    0 .. Mmps =    2 Ndav =   1 E =   -192.3280070008 Error = 0.00e+00 FLOPS = 2.34e+07 Tdav = 0.00 T = 0.02
 --> Site =    1 .. Mmps =    4 Ndav =   1 E =   -192.3280070008 Error = 0.00e+00 FLOPS = 6.53e+07 Tdav = 0.00 T = 0.04
 --> Site =    2 .. Mmps =    8 Ndav =   1 E =   -192.3280070008 Error = 0.00e+00 FLOPS = 1.24e+08 Tdav = 0.00 T = 0.04
 --> Site =    3 .. Mmps =   16 Ndav =   1 E =   -192.3280070008 Error = 0.00e+00 FLOPS = 3.69e+08 Tdav = 0.00 T = 0.03
 --> Site =    4 .. Mmps =   23 Ndav =   1 E =   -192.3280070008 Error = 0.00e+00 FLOPS = 1.13e+09 Tdav = 0.00 T = 0.04
 --> Site =    5 .. Mmps =   25 Ndav =   1 E =   -192.3280070008 Error = 8.60e-55 FLOPS = 1.88e+09 Tdav = 0.00 T = 0.05
 --> Site =    6 .. Mmps =   25 Ndav =   2 E =   -192.3280070008 Error = 1.17e-29 FLOPS = 3.32e+09 Tdav = 0.00 T = 0.05
 --> Site =    7 .. Mmps =   25 Ndav =   3 E =   -192.3280070009 Error = 3.34e-28 FLOPS = 4.45e+09 Tdav = 0.00 T = 0.05
 --> Site =    8 .. Mmps =   25 Ndav =   4 E =   -192.3280070014 Error = 7.30e-27 FLOPS = 5.66e+09 Tdav = 0.00 T = 0.07
 --> Site =    9 .. Mmps =   25 Ndav =   7 E =   -192.3280070029 Error = 2.97e-27 FLOPS = 6.85e+09 Tdav = 0.00 T = 0.04
 --> Site =   10 .. Mmps =   25 Ndav =   6 E =   -192.3280070118 Error = 3.95e-26 FLOPS = 7.08e+09 Tdav = 0.00 T = 0.03
 --> Site =   11 .. Mmps =   25 Ndav =   5 E =   -192.3280070224 Error = 1.42e-26 FLOPS = 7.17e+09 Tdav = 0.00 T = 0.04
 --> Site =   12 .. Mmps =   25 Ndav =   6 E =   -192.3280070761 Error = 4.47e-25 FLOPS = 7.59e+09 Tdav = 0.00 T = 0.06
 --> Site =   13 .. Mmps =   25 Ndav =   7 E =   -192.3280071163 Error = 5.26e-26 FLOPS = 7.68e+09 Tdav = 0.00 T = 0.10
 --> Site =   14 .. Mmps =   25 Ndav =   7 E =   -192.3280071822 Error = 1.83e-25 FLOPS = 8.00e+09 Tdav = 0.00 T = 0.04
 --> Site =   15 .. Mmps =   25 Ndav =   5 E =   -192.3280071954 Error = 1.66e-25 FLOPS = 7.60e+09 Tdav = 0.00 T = 0.04
 --> Site =   16 .. Mmps =   25 Ndav =   7 E =   -192.3280072515 Error = 4.14e-25 FLOPS = 8.40e+09 Tdav = 0.00 T = 0.06
 --> Site =   17 .. Mmps =   25 Ndav =   6 E =   -192.3280073290 Error = 1.64e-25 FLOPS = 8.64e+09 Tdav = 0.00 T = 0.06
 --> Site =   18 .. Mmps =   25 Ndav =   6 E =   -192.3280073492 Error = 1.35e-24 FLOPS = 8.66e+09 Tdav = 0.00 T = 0.04
 --> Site =   19 .. Mmps =   25 Ndav =   6 E =   -192.3280074139 Error = 1.10e-25 FLOPS = 9.16e+09 Tdav = 0.00 T = 0.04
 --> Site =   20 .. Mmps =   25 Ndav =   5 E =   -192.3280074264 Error = 4.83e-25 FLOPS = 9.01e+09 Tdav = 0.00 T = 0.04
 --> Site =   21 .. Mmps =   25 Ndav =   6 E =   -192.3280074694 Error = 2.72e-25 FLOPS = 9.26e+09 Tdav = 0.00 T = 0.07
 --> Site =   22 .. Mmps =   25 Ndav =   7 E =   -192.3280075206 Error = 5.29e-25 FLOPS = 9.50e+09 Tdav = 0.00 T = 0.22
 --> Site =   23 .. Mmps =   25 Ndav =   7 E =   -192.3280076862 Error = 5.94e-26 FLOPS = 9.62e+09 Tdav = 0.00 T = 0.05
 --> Site =   24 .. Mmps =   25 Ndav =   8 E =   -192.3280077551 Error = 1.99e-25 FLOPS = 9.99e+09 Tdav = 0.00 T = 0.05
 --> Site =   25 .. Mmps =   25 Ndav =   6 E =   -192.3280078130 Error = 4.71e-26 FLOPS = 1.01e+10 Tdav = 0.00 T = 0.05
 --> Site =   26 .. Mmps =   25 Ndav =   7 E =   -192.3280079037 Error = 6.88e-25 FLOPS = 9.97e+09 Tdav = 0.00 T = 0.06
 --> Site =   27 .. Mmps =   25 Ndav =   8 E =   -192.3280080507 Error = 9.17e-25 FLOPS = 1.02e+10 Tdav = 0.00 T = 0.09
 --> Site =   28 .. Mmps =   25 Ndav =   7 E =   -192.3280081655 Error = 2.70e-24 FLOPS = 1.00e+10 Tdav = 0.00 T = 0.06
 --> Site =   29 .. Mmps =   25 Ndav =  10 E =   -192.3280084908 Error = 1.83e-24 FLOPS = 1.03e+10 Tdav = 0.00 T = 0.08
 --> Site =   30 .. Mmps =   25 Ndav =   8 E =   -192.3280087134 Error = 9.53e-25 FLOPS = 1.05e+10 Tdav = 0.00 T = 0.09
 --> Site =   31 .. Mmps =   25 Ndav =   8 E =   -192.3280088427 Error = 2.15e-24 FLOPS = 1.05e+10 Tdav = 0.00 T = 0.05
 --> Site =   32 .. Mmps =   25 Ndav =   8 E =   -192.3280090878 Error = 3.33e-24 FLOPS = 1.09e+10 Tdav = 0.00 T = 0.05
 --> Site =   33 .. Mmps =   25 Ndav =  10 E =   -192.3280093562 Error = 4.87e-24 FLOPS = 1.06e+10 Tdav = 0.00 T = 0.09
 --> Site =   34 .. Mmps =   25 Ndav =  10 E =   -192.3280097611 Error = 3.70e-24 FLOPS = 1.07e+10 Tdav = 0.00 T = 0.12
 --> Site =   35 .. Mmps =   25 Ndav =  10 E =   -192.3280100018 Error = 8.79e-24 FLOPS = 1.07e+10 Tdav = 0.00 T = 0.06
 --> Site =   36 .. Mmps =   25 Ndav =   9 E =   -192.3280103354 Error = 2.52e-24 FLOPS = 1.10e+10 Tdav = 0.00 T = 0.09
 --> Site =   37 .. Mmps =   25 Ndav =   8 E =   -192.3280104954 Error = 2.27e-24 FLOPS = 1.08e+10 Tdav = 0.00 T = 0.08
 --> Site =   38 .. Mmps =   25 Ndav =   6 E =   -192.3280105683 Error = 5.06e-25 FLOPS = 1.05e+10 Tdav = 0.00 T = 0.06
 --> Site =   39 .. Mmps =   25 Ndav =   6 E =   -192.3280106071 Error = 2.32e-25 FLOPS = 1.09e+10 Tdav = 0.00 T = 0.07
 --> Site =   40 .. Mmps =   25 Ndav =   6 E =   -192.3280106674 Error = 1.57e-24 FLOPS = 1.06e+10 Tdav = 0.00 T = 0.07
 --> Site =   41 .. Mmps =   25 Ndav =   5 E =   -192.3280107041 Error = 7.41e-26 FLOPS = 1.07e+10 Tdav = 0.00 T = 0.07
 --> Site =   42 .. Mmps =   25 Ndav =   7 E =   -192.3280107490 Error = 8.05e-24 FLOPS = 1.12e+10 Tdav = 0.00 T = 0.10
 --> Site =   43 .. Mmps =   25 Ndav =   6 E =   -192.3280108220 Error = 5.33e-25 FLOPS = 1.04e+10 Tdav = 0.00 T = 0.07
 --> Site =   44 .. Mmps =   25 Ndav =   6 E =   -192.3280108574 Error = 2.79e-24 FLOPS = 1.02e+10 Tdav = 0.00 T = 0.08
 --> Site =   45 .. Mmps =   25 Ndav =   5 E =   -192.3280108875 Error = 9.42e-26 FLOPS = 1.01e+10 Tdav = 0.00 T = 0.09
 --> Site =   46 .. Mmps =   25 Ndav =   7 E =   -192.3280110004 Error = 1.51e-23 FLOPS = 1.10e+10 Tdav = 0.00 T = 0.10
 --> Site =   47 .. Mmps =   25 Ndav =   5 E =   -192.3280110632 Error = 2.89e-25 FLOPS = 9.95e+09 Tdav = 0.00 T = 0.10
 --> Site =   48 .. Mmps =   25 Ndav =   8 E =   -192.3280111964 Error = 1.19e-24 FLOPS = 1.09e+10 Tdav = 0.00 T = 0.08
 --> Site =   49 .. Mmps =   25 Ndav =   6 E =   -192.3280112943 Error = 2.54e-25 FLOPS = 1.05e+10 Tdav = 0.00 T = 0.11
 --> Site =   50 .. Mmps =   25 Ndav =   7 E =   -192.3280113365 Error = 1.37e-24 FLOPS = 1.12e+10 Tdav = 0.00 T = 0.08
 --> Site =   51 .. Mmps =   25 Ndav =   6 E =   -192.3280113797 Error = 1.29e-25 FLOPS = 1.09e+10 Tdav = 0.00 T = 0.08
 --> Site =   52 .. Mmps =   25 Ndav =   7 E =   -192.3280114651 Error = 5.39e-25 FLOPS = 1.10e+10 Tdav = 0.00 T = 0.09
 --> Site =   53 .. Mmps =   25 Ndav =   9 E =   -192.3280116811 Error = 3.89e-24 FLOPS = 1.12e+10 Tdav = 0.00 T = 0.08
 --> Site =   54 .. Mmps =   25 Ndav =   9 E =   -192.3280118955 Error = 8.55e-25 FLOPS = 1.16e+10 Tdav = 0.00 T = 0.09
 --> Site =   55 .. Mmps =   25 Ndav =   8 E =   -192.3280120511 Error = 1.11e-24 FLOPS = 1.13e+10 Tdav = 0.00 T = 0.10
 --> Site =   56 .. Mmps =   25 Ndav =  10 E =   -192.3280123830 Error = 6.28e-25 FLOPS = 1.10e+10 Tdav = 0.00 T = 0.11
 --> Site =   57 .. Mmps =   25 Ndav =  10 E =   -192.3280126853 Error = 1.77e-24 FLOPS = 1.15e+10 Tdav = 0.00 T = 0.13
 --> Site =   58 .. Mmps =   25 Ndav =   9 E =   -192.3280129269 Error = 1.19e-24 FLOPS = 1.16e+10 Tdav = 0.00 T = 0.10
 --> Site =   59 .. Mmps =   25 Ndav =   9 E =   -192.3280131211 Error = 8.30e-25 FLOPS = 1.16e+10 Tdav = 0.00 T = 0.09
 --> Site =   60 .. Mmps =   25 Ndav =   9 E =   -192.3280133736 Error = 3.38e-24 FLOPS = 1.14e+10 Tdav = 0.00 T = 0.11
 --> Site =   61 .. Mmps =   25 Ndav =   9 E =   -192.3280137886 Error = 1.33e-23 FLOPS = 1.14e+10 Tdav = 0.00 T = 0.09
 --> Site =   62 .. Mmps =   25 Ndav =   9 E =   -192.3280142401 Error = 1.52e-24 FLOPS = 1.17e+10 Tdav = 0.00 T = 0.11
 --> Site =   63 .. Mmps =   25 Ndav =   7 E =   -192.3280143555 Error = 2.88e-24 FLOPS = 1.13e+10 Tdav = 0.00 T = 0.10
 --> Site =   64 .. Mmps =   25 Ndav =   9 E =   -192.3280146107 Error = 3.98e-24 FLOPS = 1.16e+10 Tdav = 0.00 T = 0.10
 --> Site =   65 .. Mmps =   25 Ndav =   7 E =   -192.3280146900 Error = 3.21e-25 FLOPS = 1.16e+10 Tdav = 0.00 T = 0.10
 --> Site =   66 .. Mmps =   25 Ndav =   7 E =   -192.3280147821 Error = 1.20e-24 FLOPS = 1.13e+10 Tdav = 0.00 T = 0.11
 --> Site =   67 .. Mmps =   25 Ndav =   6 E =   -192.3280147995 Error = 5.71e-26 FLOPS = 1.08e+10 Tdav = 0.00 T = 0.10
 --> Site =   68 .. Mmps =   25 Ndav =   6 E =   -192.3280148328 Error = 1.35e-24 FLOPS = 1.13e+10 Tdav = 0.00 T = 0.10
 --> Site =   69 .. Mmps =   25 Ndav =   6 E =   -192.3280149160 Error = 1.50e-25 FLOPS = 1.16e+10 Tdav = 0.00 T = 0.12
 --> Site =   70 .. Mmps =   25 Ndav =   7 E =   -192.3280150250 Error = 1.25e-24 FLOPS = 1.14e+10 Tdav = 0.00 T = 0.19
 --> Site =   71 .. Mmps =   25 Ndav =   6 E =   -192.3280150902 Error = 3.04e-25 FLOPS = 1.12e+10 Tdav = 0.00 T = 0.11
 --> Site =   72 .. Mmps =   25 Ndav =   6 E =   -192.3280151598 Error = 2.32e-24 FLOPS = 1.12e+10 Tdav = 0.00 T = 0.09
 --> Site =   73 .. Mmps =   25 Ndav =   6 E =   -192.3280152743 Error = 6.99e-25 FLOPS = 1.14e+10 Tdav = 0.00 T = 0.09
 --> Site =   74 .. Mmps =   25 Ndav =   7 E =   -192.3280153665 Error = 3.12e-25 FLOPS = 1.15e+10 Tdav = 0.00 T = 0.11
 --> Site =   75 .. Mmps =   25 Ndav =   6 E =   -192.3280154683 Error = 5.92e-26 FLOPS = 1.10e+10 Tdav = 0.00 T = 0.10
 --> Site =   76 .. Mmps =   25 Ndav =   6 E =   -192.3280154917 Error = 3.50e-25 FLOPS = 1.12e+10 Tdav = 0.00 T = 0.09
 --> Site =   77 .. Mmps =   25 Ndav =   5 E =   -192.3280155147 Error = 5.15e-26 FLOPS = 1.11e+10 Tdav = 0.00 T = 0.13
 --> Site =   78 .. Mmps =   25 Ndav =   7 E =   -192.3280156144 Error = 3.10e-25 FLOPS = 1.16e+10 Tdav = 0.00 T = 0.09
 --> Site =   79 .. Mmps =   25 Ndav =   8 E =   -192.3280157749 Error = 1.12e-24 FLOPS = 1.17e+10 Tdav = 0.00 T = 0.10
 --> Site =   80 .. Mmps =   25 Ndav =   9 E =   -192.3280159626 Error = 2.17e-24 FLOPS = 1.17e+10 Tdav = 0.00 T = 0.09
 --> Site =   81 .. Mmps =   25 Ndav =   9 E =   -192.3280161883 Error = 4.45e-24 FLOPS = 1.19e+10 Tdav = 0.00 T = 0.09
 --> Site =   82 .. Mmps =   25 Ndav =   9 E =   -192.3280164794 Error = 5.26e-24 FLOPS = 1.15e+10 Tdav = 0.00 T = 0.10
 --> Site =   83 .. Mmps =   25 Ndav =   7 E =   -192.3280166022 Error = 6.87e-25 FLOPS = 1.12e+10 Tdav = 0.00 T = 0.10
 --> Site =   84 .. Mmps =   25 Ndav =   9 E =   -192.3280167636 Error = 8.93e-25 FLOPS = 1.16e+10 Tdav = 0.00 T = 0.10
 --> Site =   85 .. Mmps =   25 Ndav =  10 E =   -192.3280170581 Error = 3.09e-24 FLOPS = 1.15e+10 Tdav = 0.00 T = 0.09
 --> Site =   86 .. Mmps =   25 Ndav =  10 E =   -192.3280175441 Error = 1.33e-24 FLOPS = 1.16e+10 Tdav = 0.00 T = 0.10
 --> Site =   87 .. Mmps =   25 Ndav =   7 E =   -192.3280177201 Error = 4.64e-24 FLOPS = 1.13e+10 Tdav = 0.00 T = 0.10
 --> Site =   88 .. Mmps =   25 Ndav =   8 E =   -192.3280179992 Error = 9.01e-24 FLOPS = 1.13e+10 Tdav = 0.00 T = 0.09
 --> Site =   89 .. Mmps =   25 Ndav =   8 E =   -192.3280181888 Error = 5.56e-24 FLOPS = 1.12e+10 Tdav = 0.00 T = 0.10
 --> Site =   90 .. Mmps =   25 Ndav =   7 E =   -192.3280183538 Error = 2.40e-24 FLOPS = 1.16e+10 Tdav = 0.00 T = 0.10
 --> Site =   91 .. Mmps =   25 Ndav =   8 E =   -192.3280184214 Error = 6.74e-25 FLOPS = 1.16e+10 Tdav = 0.00 T = 0.12
 --> Site =   92 .. Mmps =   25 Ndav =   6 E =   -192.3280184516 Error = 4.57e-24 FLOPS = 1.12e+10 Tdav = 0.00 T = 0.09
 --> Site =   93 .. Mmps =   25 Ndav =   6 E =   -192.3280184861 Error = 8.39e-26 FLOPS = 1.10e+10 Tdav = 0.00 T = 0.09
 --> Site =   94 .. Mmps =   25 Ndav =   8 E =   -192.3280186105 Error = 4.58e-25 FLOPS = 1.14e+10 Tdav = 0.00 T = 0.11
 --> Site =   95 .. Mmps =   25 Ndav =   6 E =   -192.3280187103 Error = 2.96e-25 FLOPS = 1.12e+10 Tdav = 0.00 T = 0.10
 --> Site =   96 .. Mmps =   25 Ndav =   5 E =   -192.3280187336 Error = 4.68e-25 FLOPS = 1.11e+10 Tdav = 0.00 T = 0.09
 --> Site =   97 .. Mmps =   25 Ndav =   6 E =   -192.3280188179 Error = 5.53e-25 FLOPS = 1.11e+10 Tdav = 0.00 T = 0.09
 --> Site =   98 .. Mmps =   25 Ndav =   5 E =   -192.3280188359 Error = 7.29e-25 FLOPS = 1.11e+10 Tdav = 0.00 T = 0.10
 --> Site =   99 .. Mmps =   25 Ndav =   6 E =   -192.3280189224 Error = 2.13e-25 FLOPS = 1.13e+10 Tdav = 0.00 T = 0.09
 --> Site =  100 .. Mmps =   25 Ndav =   7 E =   -192.3280190151 Error = 2.21e-25 FLOPS = 1.17e+10 Tdav = 0.00 T = 0.10
 --> Site =  101 .. Mmps =   25 Ndav =   5 E =   -192.3280190965 Error = 1.62e-25 FLOPS = 1.14e+10 Tdav = 0.00 T = 0.09
 --> Site =  102 .. Mmps =   25 Ndav =   7 E =   -192.3280191464 Error = 4.20e-25 FLOPS = 1.18e+10 Tdav = 0.00 T = 0.11
 --> Site =  103 .. Mmps =   25 Ndav =   5 E =   -192.3280191724 Error = 8.76e-26 FLOPS = 1.14e+10 Tdav = 0.00 T = 0.09
 --> Site =  104 .. Mmps =   25 Ndav =   6 E =   -192.3280192616 Error = 6.11e-25 FLOPS = 1.16e+10 Tdav = 0.00 T = 0.10
 --> Site =  105 .. Mmps =   25 Ndav =   7 E =   -192.3280193921 Error = 9.59e-25 FLOPS = 1.18e+10 Tdav = 0.00 T = 0.09
 --> Site =  106 .. Mmps =   25 Ndav =   8 E =   -192.3280195704 Error = 1.20e-24 FLOPS = 1.16e+10 Tdav = 0.00 T = 0.10
 --> Site =  107 .. Mmps =   25 Ndav =   8 E =   -192.3280197011 Error = 4.63e-25 FLOPS = 1.17e+10 Tdav = 0.00 T = 0.09
 --> Site =  108 .. Mmps =   25 Ndav =   9 E =   -192.3280199111 Error = 1.47e-24 FLOPS = 1.16e+10 Tdav = 0.00 T = 0.09
 --> Site =  109 .. Mmps =   25 Ndav =   8 E =   -192.3280201320 Error = 1.40e-24 FLOPS = 1.15e+10 Tdav = 0.00 T = 0.10
 --> Site =  110 .. Mmps =   25 Ndav =   8 E =   -192.3280203354 Error = 1.88e-24 FLOPS = 1.15e+10 Tdav = 0.00 T = 0.10
 --> Site =  111 .. Mmps =   25 Ndav =   7 E =   -192.3280204560 Error = 2.92e-24 FLOPS = 1.14e+10 Tdav = 0.00 T = 0.09
 --> Site =  112 .. Mmps =   25 Ndav =  10 E =   -192.3280207697 Error = 7.65e-25 FLOPS = 1.16e+10 Tdav = 0.00 T = 0.10
 --> Site =  113 .. Mmps =   25 Ndav =   7 E =   -192.3280208436 Error = 1.25e-24 FLOPS = 1.17e+10 Tdav = 0.00 T = 0.09
 --> Site =  114 .. Mmps =   25 Ndav =   9 E =   -192.3280211876 Error = 1.07e-24 FLOPS = 1.18e+10 Tdav = 0.00 T = 0.08
 --> Site =  115 .. Mmps =   25 Ndav =   7 E =   -192.3280213065 Error = 2.77e-24 FLOPS = 1.16e+10 Tdav = 0.00 T = 0.10
 --> Site =  116 .. Mmps =   25 Ndav =   7 E =   -192.3280214480 Error = 7.31e-25 FLOPS = 1.14e+10 Tdav = 0.00 T = 0.09
 --> Site =  117 .. Mmps =   25 Ndav =   8 E =   -192.3280215054 Error = 2.40e-25 FLOPS = 1.16e+10 Tdav = 0.00 T = 0.11
 --> Site =  118 .. Mmps =   25 Ndav =   7 E =   -192.3280216150 Error = 1.29e-24 FLOPS = 1.15e+10 Tdav = 0.00 T = 0.11
 --> Site =  119 .. Mmps =   25 Ndav =   5 E =   -192.3280216329 Error = 3.10e-26 FLOPS = 1.07e+10 Tdav = 0.00 T = 0.08
 --> Site =  120 .. Mmps =   25 Ndav =   7 E =   -192.3280216702 Error = 2.17e-25 FLOPS = 1.07e+10 Tdav = 0.00 T = 0.10
 --> Site =  121 .. Mmps =   25 Ndav =   7 E =   -192.3280217384 Error = 5.21e-26 FLOPS = 1.13e+10 Tdav = 0.00 T = 0.08
 --> Site =  122 .. Mmps =   25 Ndav =   6 E =   -192.3280217583 Error = 5.92e-25 FLOPS = 1.12e+10 Tdav = 0.00 T = 0.09
 --> Site =  123 .. Mmps =   25 Ndav =   6 E =   -192.3280218516 Error = 6.56e-26 FLOPS = 1.10e+10 Tdav = 0.00 T = 0.14
 --> Site =  124 .. Mmps =   25 Ndav =   7 E =   -192.3280219535 Error = 2.96e-25 FLOPS = 1.08e+10 Tdav = 0.00 T = 0.08
 --> Site =  125 .. Mmps =   25 Ndav =   6 E =   -192.3280220593 Error = 2.34e-25 FLOPS = 1.12e+10 Tdav = 0.00 T = 0.11
 --> Site =  126 .. Mmps =   25 Ndav =   7 E =   -192.3280221659 Error = 6.85e-25 FLOPS = 1.11e+10 Tdav = 0.00 T = 0.14
 --> Site =  127 .. Mmps =   25 Ndav =   6 E =   -192.3280222385 Error = 5.22e-26 FLOPS = 1.07e+10 Tdav = 0.00 T = 0.08
 --> Site =  128 .. Mmps =   25 Ndav =   7 E =   -192.3280222760 Error = 1.17e-24 FLOPS = 1.09e+10 Tdav = 0.00 T = 0.06
 --> Site =  129 .. Mmps =   25 Ndav =   9 E =   -192.3280223659 Error = 8.13e-26 FLOPS = 1.09e+10 Tdav = 0.00 T = 0.07
 --> Site =  130 .. Mmps =   25 Ndav =   5 E =   -192.3280224691 Error = 5.21e-25 FLOPS = 1.03e+10 Tdav = 0.00 T = 0.07
 --> Site =  131 .. Mmps =   25 Ndav =   6 E =   -192.3280225038 Error = 1.69e-25 FLOPS = 1.07e+10 Tdav = 0.00 T = 0.07
 --> Site =  132 .. Mmps =   25 Ndav =   6 E =   -192.3280225819 Error = 2.73e-24 FLOPS = 1.08e+10 Tdav = 0.00 T = 0.07
 --> Site =  133 .. Mmps =   25 Ndav =  10 E =   -192.3280229809 Error = 7.75e-24 FLOPS = 1.08e+10 Tdav = 0.00 T = 0.07
 --> Site =  134 .. Mmps =   25 Ndav =   9 E =   -192.3280231575 Error = 2.29e-24 FLOPS = 1.06e+10 Tdav = 0.00 T = 0.07
 --> Site =  135 .. Mmps =   25 Ndav =  10 E =   -192.3280233844 Error = 3.51e-25 FLOPS = 1.05e+10 Tdav = 0.00 T = 0.07
 --> Site =  136 .. Mmps =   25 Ndav =   9 E =   -192.3280235942 Error = 1.21e-24 FLOPS = 1.03e+10 Tdav = 0.00 T = 0.06
 --> Site =  137 .. Mmps =   25 Ndav =   9 E =   -192.3280238602 Error = 1.47e-24 FLOPS = 1.03e+10 Tdav = 0.00 T = 0.07
 --> Site =  138 .. Mmps =   25 Ndav =   9 E =   -192.3280240475 Error = 1.49e-24 FLOPS = 1.05e+10 Tdav = 0.00 T = 0.05
 --> Site =  139 .. Mmps =   25 Ndav =   7 E =   -192.3280241557 Error = 1.01e-24 FLOPS = 1.04e+10 Tdav = 0.00 T = 0.05
 --> Site =  140 .. Mmps =   25 Ndav =   7 E =   -192.3280242728 Error = 4.66e-25 FLOPS = 1.04e+10 Tdav = 0.00 T = 0.05
 --> Site =  141 .. Mmps =   25 Ndav =   9 E =   -192.3280244504 Error = 4.21e-24 FLOPS = 1.01e+10 Tdav = 0.00 T = 0.13
 --> Site =  142 .. Mmps =   25 Ndav =   7 E =   -192.3280246257 Error = 1.27e-24 FLOPS = 9.86e+09 Tdav = 0.00 T = 0.08
 --> Site =  143 .. Mmps =   25 Ndav =   8 E =   -192.3280246756 Error = 3.50e-25 FLOPS = 9.90e+09 Tdav = 0.00 T = 0.05
 --> Site =  144 .. Mmps =   25 Ndav =   8 E =   -192.3280247803 Error = 1.74e-24 FLOPS = 9.49e+09 Tdav = 0.00 T = 0.05
 --> Site =  145 .. Mmps =   25 Ndav =   5 E =   -192.3280248012 Error = 3.97e-26 FLOPS = 9.25e+09 Tdav = 0.00 T = 0.07
 --> Site =  146 .. Mmps =   25 Ndav =   7 E =   -192.3280248641 Error = 2.04e-24 FLOPS = 9.36e+09 Tdav = 0.00 T = 0.09
 --> Site =  147 .. Mmps =   25 Ndav =   6 E =   -192.3280249226 Error = 1.36e-25 FLOPS = 9.36e+09 Tdav = 0.00 T = 0.07
 --> Site =  148 .. Mmps =   25 Ndav =   6 E =   -192.3280249560 Error = 1.39e-25 FLOPS = 9.23e+09 Tdav = 0.00 T = 0.06
 --> Site =  149 .. Mmps =   25 Ndav =   6 E =   -192.3280249979 Error = 1.37e-25 FLOPS = 9.11e+09 Tdav = 0.00 T = 0.05
 --> Site =  150 .. Mmps =   25 Ndav =   6 E =   -192.3280250309 Error = 1.63e-25 FLOPS = 8.88e+09 Tdav = 0.00 T = 0.06
 --> Site =  151 .. Mmps =   25 Ndav =   5 E =   -192.3280250597 Error = 1.33e-25 FLOPS = 7.93e+09 Tdav = 0.00 T = 0.05
 --> Site =  152 .. Mmps =   25 Ndav =   6 E =   -192.3280251069 Error = 7.02e-25 FLOPS = 8.31e+09 Tdav = 0.00 T = 0.04
 --> Site =  153 .. Mmps =   25 Ndav =   6 E =   -192.3280251375 Error = 9.05e-26 FLOPS = 8.23e+09 Tdav = 0.00 T = 0.04
 --> Site =  154 .. Mmps =   25 Ndav =   6 E =   -192.3280251637 Error = 3.82e-26 FLOPS = 7.88e+09 Tdav = 0.00 T = 0.04
 --> Site =  155 .. Mmps =   25 Ndav =   5 E =   -192.3280251712 Error = 5.09e-26 FLOPS = 7.54e+09 Tdav = 0.00 T = 0.04
 --> Site =  156 .. Mmps =   25 Ndav =   6 E =   -192.3280252094 Error = 1.07e-25 FLOPS = 7.29e+09 Tdav = 0.00 T = 0.03
 --> Site =  157 .. Mmps =   25 Ndav =   7 E =   -192.3280252461 Error = 9.08e-27 FLOPS = 7.27e+09 Tdav = 0.00 T = 0.03
 --> Site =  158 .. Mmps =   25 Ndav =   4 E =   -192.3280252575 Error = 1.01e-25 FLOPS = 6.06e+09 Tdav = 0.00 T = 0.07
 --> Site =  159 .. Mmps =   25 Ndav =   6 E =   -192.3280252621 Error = 2.91e-27 FLOPS = 6.13e+09 Tdav = 0.00 T = 0.04
 --> Site =  160 .. Mmps =   25 Ndav =   4 E =   -192.3280252629 Error = 1.95e-27 FLOPS = 5.23e+09 Tdav = 0.00 T = 0.05
 --> Site =  161 .. Mmps =   25 Ndav =   4 E =   -192.3280252631 Error = 3.99e-28 FLOPS = 5.01e+09 Tdav = 0.00 T = 0.03
 --> Site =  162 .. Mmps =   25 Ndav =   5 E =   -192.3280252636 Error = 1.26e-27 FLOPS = 4.84e+09 Tdav = 0.00 T = 0.03
 --> Site =  163 .. Mmps =   25 Ndav =   4 E =   -192.3280252638 Error = 8.70e-30 FLOPS = 4.03e+09 Tdav = 0.00 T = 0.04
 --> Site =  164 .. Mmps =   25 Ndav =   3 E =   -192.3280252638 Error = 6.54e-30 FLOPS = 3.07e+09 Tdav = 0.00 T = 0.04
 --> Site =  165 .. Mmps =   25 Ndav =   1 E =   -192.3280252638 Error = 1.25e-55 FLOPS = 8.98e+08 Tdav = 0.00 T = 0.04
 --> Site =  166 .. Mmps =   25 Ndav =   1 E =   -192.3280252638 Error = 1.67e-77 FLOPS = 4.27e+08 Tdav = 0.00 T = 0.03
 --> Site =  167 .. Mmps =   25 Ndav =   1 E =   -192.3280252638 Error = 2.73e-102 FLOPS = 2.44e+08 Tdav = 0.00 T = 0.04
 --> Site =  168 .. Mmps =   25 Ndav =   1 E =   -192.3280252638 Error = 0.00e+00 FLOPS = 7.11e+07 Tdav = 0.00 T = 0.03
Time elapsed =    190.193 | E =    -192.3280252638 | DE = -1.83e-05 | DW = 1.51490e-23
Time sweep =       13.325 | 2.08 GFLOP/SWP
 | Dmem = 289 KB (2%) | Imem = 232 B (79%) | Hmem = 1.19 MB | Wmem = 5.86 KB | Pmem = 5.86 KB
 | Tread = 0.296 | Twrite = 1.648 | Tfpread = 0.058 | Tfpwrite = 0.051 | Tmporead = 0.000 | Tasync = 0.000
 | data = 31.2 MB | cpsd = 23.5 MB
 | Trot = 0.071 | Tctr = 0.011 | Tint = 0.009 | Tmid = 0.000 | Tdctr = 0.203 | Tdiag = 0.032 | Tinfo = 0.231
 | Teff = 5.405 | Tprt = 0.160 | Teig = 0.208 | Tblk = 10.392 | Tmve = 2.918 | Tdm = 0.004 | Tsplt = 0.051 | Tsvd = 0.000 | Torth = 0.000

Sweep =    5 | Direction = backward | Bond dimension =   25 | Noise =  1.00e-05 | Dav threshold =  1.00e-10
 <-- Site =  168 .. Mmps =    2 Ndav =   1 E =   -192.3280252638 Error = 0.00e+00 FLOPS = 7.65e+07 Tdav = 0.00 T = 0.02
 <-- Site =  167 .. Mmps =    4 Ndav =   1 E =   -192.3280252638 Error = 0.00e+00 FLOPS = 2.65e+08 Tdav = 0.00 T = 0.03
 <-- Site =  166 .. Mmps =    8 Ndav =   1 E =   -192.3280252638 Error = 0.00e+00 FLOPS = 5.83e+08 Tdav = 0.00 T = 0.05
 <-- Site =  165 .. Mmps =   15 Ndav =   1 E =   -192.3280252638 Error = 0.00e+00 FLOPS = 9.60e+08 Tdav = 0.00 T = 0.03
 <-- Site =  164 .. Mmps =   25 Ndav =   1 E =   -192.3280252638 Error = 1.18e-21 FLOPS = 1.72e+09 Tdav = 0.00 T = 0.04
 <-- Site =  163 .. Mmps =   25 Ndav =   2 E =   -192.3280252638 Error = 1.34e-22 FLOPS = 3.79e+09 Tdav = 0.00 T = 0.08
 <-- Site =  162 .. Mmps =   25 Ndav =   2 E =   -192.3280252638 Error = 1.50e-20 FLOPS = 4.31e+09 Tdav = 0.00 T = 0.04
 <-- Site =  161 .. Mmps =   25 Ndav =   3 E =   -192.3280252639 Error = 9.31e-22 FLOPS = 5.63e+09 Tdav = 0.00 T = 0.03
 <-- Site =  160 .. Mmps =   25 Ndav =   3 E =   -192.3280252643 Error = 1.61e-20 FLOPS = 5.82e+09 Tdav = 0.00 T = 0.04
 <-- Site =  159 .. Mmps =   25 Ndav =   5 E =   -192.3280252658 Error = 2.26e-21 FLOPS = 7.53e+09 Tdav = 0.00 T = 0.04
 <-- Site =  158 .. Mmps =   25 Ndav =   7 E =   -192.3280252832 Error = 5.39e-22 FLOPS = 7.99e+09 Tdav = 0.00 T = 0.06
 <-- Site =  157 .. Mmps =   25 Ndav =   8 E =   -192.3280253151 Error = 6.12e-21 FLOPS = 8.55e+09 Tdav = 0.00 T = 0.04
 <-- Site =  156 .. Mmps =   25 Ndav =   7 E =   -192.3280254009 Error = 2.37e-18 FLOPS = 8.79e+09 Tdav = 0.00 T = 0.05
 <-- Site =  155 .. Mmps =   25 Ndav =   7 E =   -192.3280254846 Error = 8.74e-21 FLOPS = 9.17e+09 Tdav = 0.00 T = 0.06
 <-- Site =  154 .. Mmps =   25 Ndav =   8 E =   -192.3280256480 Error = 5.24e-20 FLOPS = 9.17e+09 Tdav = 0.00 T = 0.04
 <-- Site =  153 .. Mmps =   25 Ndav =   7 E =   -192.3280256999 Error = 1.00e-20 FLOPS = 9.62e+09 Tdav = 0.00 T = 0.04
 <-- Site =  152 .. Mmps =   25 Ndav =   7 E =   -192.3280258224 Error = 1.88e-20 FLOPS = 9.74e+09 Tdav = 0.00 T = 0.04
 <-- Site =  151 .. Mmps =   25 Ndav =   7 E =   -192.3280259092 Error = 2.04e-20 FLOPS = 9.93e+09 Tdav = 0.00 T = 0.04
 <-- Site =  150 .. Mmps =   25 Ndav =   8 E =   -192.3280260719 Error = 1.87e-21 FLOPS = 1.01e+10 Tdav = 0.00 T = 0.04
 <-- Site =  149 .. Mmps =   25 Ndav =   6 E =   -192.3280262630 Error = 5.95e-20 FLOPS = 1.01e+10 Tdav = 0.00 T = 0.08
 <-- Site =  148 .. Mmps =   25 Ndav =   7 E =   -192.3280263694 Error = 3.37e-21 FLOPS = 1.05e+10 Tdav = 0.00 T = 0.06
 <-- Site =  147 .. Mmps =   25 Ndav =   6 E =   -192.3280264798 Error = 9.77e-21 FLOPS = 1.05e+10 Tdav = 0.00 T = 0.06
 <-- Site =  146 .. Mmps =   25 Ndav =   8 E =   -192.3280266273 Error = 1.72e-20 FLOPS = 1.06e+10 Tdav = 0.00 T = 0.05
 <-- Site =  145 .. Mmps =   25 Ndav =   7 E =   -192.3280267104 Error = 2.63e-21 FLOPS = 1.10e+10 Tdav = 0.00 T = 0.04
 <-- Site =  144 .. Mmps =   25 Ndav =   9 E =   -192.3280268527 Error = 3.35e-21 FLOPS = 1.10e+10 Tdav = 0.00 T = 0.08
 <-- Site =  143 .. Mmps =   25 Ndav =   8 E =   -192.3280269879 Error = 1.45e-21 FLOPS = 1.13e+10 Tdav = 0.00 T = 0.05
 <-- Site =  142 .. Mmps =   25 Ndav =   7 E =   -192.3280270812 Error = 5.91e-19 FLOPS = 1.14e+10 Tdav = 0.00 T = 0.05
 <-- Site =  141 .. Mmps =   25 Ndav =  10 E =   -192.3280274454 Error = 1.44e-21 FLOPS = 1.12e+10 Tdav = 0.00 T = 0.06
 <-- Site =  140 .. Mmps =   25 Ndav =   9 E =   -192.3280276813 Error = 5.15e-21 FLOPS = 1.13e+10 Tdav = 0.00 T = 0.05
 <-- Site =  139 .. Mmps =   25 Ndav =  11 E =   -192.3280281522 Error = 1.81e-21 FLOPS = 1.11e+10 Tdav = 0.00 T = 0.05
 <-- Site =  138 .. Mmps =   25 Ndav =  10 E =   -192.3280288064 Error = 1.54e-18 FLOPS = 1.15e+10 Tdav = 0.00 T = 0.07
 <-- Site =  137 .. Mmps =   25 Ndav =  13 E =   -192.3280293583 Error = 1.31e-21 FLOPS = 1.09e+10 Tdav = 0.00 T = 0.06
 <-- Site =  136 .. Mmps =   25 Ndav =  10 E =   -192.3280299170 Error = 1.24e-17 FLOPS = 1.14e+10 Tdav = 0.00 T = 0.06
 <-- Site =  135 .. Mmps =   25 Ndav =  12 E =   -192.3280303708 Error = 2.82e-21 FLOPS = 1.13e+10 Tdav = 0.00 T = 0.07
 <-- Site =  134 .. Mmps =   25 Ndav =  10 E =   -192.3280310908 Error = 8.96e-19 FLOPS = 1.16e+10 Tdav = 0.00 T = 0.12
 <-- Site =  133 .. Mmps =   25 Ndav =  13 E =   -192.3280317241 Error = 6.95e-21 FLOPS = 1.14e+10 Tdav = 0.00 T = 0.09
 <-- Site =  132 .. Mmps =   25 Ndav =   8 E =   -192.3280319520 Error = 3.95e-19 FLOPS = 1.20e+10 Tdav = 0.00 T = 0.07
 <-- Site =  131 .. Mmps =   25 Ndav =  11 E =   -192.3280321830 Error = 6.09e-21 FLOPS = 1.17e+10 Tdav = 0.00 T = 0.11
 <-- Site =  130 .. Mmps =   25 Ndav =   8 E =   -192.3280326791 Error = 6.70e-21 FLOPS = 1.20e+10 Tdav = 0.00 T = 0.07
 <-- Site =  129 .. Mmps =   25 Ndav =   8 E =   -192.3280328961 Error = 9.84e-21 FLOPS = 1.21e+10 Tdav = 0.00 T = 0.10
 <-- Site =  128 .. Mmps =   25 Ndav =   8 E =   -192.3280331128 Error = 1.18e-20 FLOPS = 1.22e+10 Tdav = 0.00 T = 0.07
 <-- Site =  127 .. Mmps =   25 Ndav =   6 E =   -192.3280332166 Error = 1.03e-20 FLOPS = 1.20e+10 Tdav = 0.00 T = 0.08
 <-- Site =  126 .. Mmps =   25 Ndav =   8 E =   -192.3280333861 Error = 6.46e-21 FLOPS = 1.21e+10 Tdav = 0.00 T = 0.09
 <-- Site =  125 .. Mmps =   25 Ndav =   8 E =   -192.3280334994 Error = 4.73e-21 FLOPS = 1.24e+10 Tdav = 0.00 T = 0.07
 <-- Site =  124 .. Mmps =   25 Ndav =   7 E =   -192.3280336659 Error = 1.56e-20 FLOPS = 1.22e+10 Tdav = 0.00 T = 0.07
 <-- Site =  123 .. Mmps =   25 Ndav =   8 E =   -192.3280337733 Error = 2.37e-21 FLOPS = 1.25e+10 Tdav = 0.00 T = 0.08
 <-- Site =  122 .. Mmps =   25 Ndav =   8 E =   -192.3280339951 Error = 2.95e-20 FLOPS = 1.25e+10 Tdav = 0.00 T = 0.08
 <-- Site =  121 .. Mmps =   25 Ndav =  10 E =   -192.3280342327 Error = 3.08e-21 FLOPS = 1.20e+10 Tdav = 0.00 T = 0.09
 <-- Site =  120 .. Mmps =   25 Ndav =   8 E =   -192.3280344220 Error = 1.75e-20 FLOPS = 1.24e+10 Tdav = 0.00 T = 0.09
 <-- Site =  119 .. Mmps =   25 Ndav =   6 E =   -192.3280345557 Error = 1.35e-21 FLOPS = 1.22e+10 Tdav = 0.00 T = 0.10
 <-- Site =  118 .. Mmps =   25 Ndav =   8 E =   -192.3280347311 Error = 7.10e-21 FLOPS = 1.24e+10 Tdav = 0.00 T = 0.10
 <-- Site =  117 .. Mmps =   25 Ndav =   7 E =   -192.3280349243 Error = 7.21e-22 FLOPS = 1.25e+10 Tdav = 0.00 T = 0.09
 <-- Site =  116 .. Mmps =   25 Ndav =   8 E =   -192.3280351072 Error = 3.59e-20 FLOPS = 1.26e+10 Tdav = 0.00 T = 0.10
 <-- Site =  115 .. Mmps =   25 Ndav =  10 E =   -192.3280355264 Error = 1.10e-21 FLOPS = 1.26e+10 Tdav = 0.00 T = 0.09
 <-- Site =  114 .. Mmps =   25 Ndav =  10 E =   -192.3280358550 Error = 3.60e-19 FLOPS = 1.26e+10 Tdav = 0.00 T = 0.11
 <-- Site =  113 .. Mmps =   25 Ndav =  11 E =   -192.3280361415 Error = 1.45e-21 FLOPS = 1.26e+10 Tdav = 0.00 T = 0.12
 <-- Site =  112 .. Mmps =   25 Ndav =  11 E =   -192.3280368849 Error = 2.05e-20 FLOPS = 1.26e+10 Tdav = 0.00 T = 0.11
 <-- Site =  111 .. Mmps =   25 Ndav =  12 E =   -192.3280372521 Error = 4.21e-21 FLOPS = 1.25e+10 Tdav = 0.00 T = 0.09
 <-- Site =  110 .. Mmps =   25 Ndav =  11 E =   -192.3280381129 Error = 7.30e-21 FLOPS = 1.25e+10 Tdav = 0.00 T = 0.11
 <-- Site =  109 .. Mmps =   25 Ndav =  13 E =   -192.3280388085 Error = 4.13e-21 FLOPS = 1.23e+10 Tdav = 0.01 T = 0.11
 <-- Site =  108 .. Mmps =   25 Ndav =  10 E =   -192.3280395068 Error = 7.75e-21 FLOPS = 1.28e+10 Tdav = 0.00 T = 0.15
 <-- Site =  107 .. Mmps =   25 Ndav =  11 E =   -192.3280400188 Error = 6.37e-21 FLOPS = 1.26e+10 Tdav = 0.00 T = 0.10
 <-- Site =  106 .. Mmps =   25 Ndav =  10 E =   -192.3280407637 Error = 3.60e-19 FLOPS = 1.28e+10 Tdav = 0.00 T = 0.12
 <-- Site =  105 .. Mmps =   25 Ndav =  10 E =   -192.3280410309 Error = 4.71e-20 FLOPS = 1.28e+10 Tdav = 0.00 T = 0.12
 <-- Site =  104 .. Mmps =   25 Ndav =   8 E =   -192.3280415140 Error = 7.54e-18 FLOPS = 1.28e+10 Tdav = 0.00 T = 0.09
 <-- Site =  103 .. Mmps =   25 Ndav =   8 E =   -192.3280417089 Error = 1.78e-20 FLOPS = 1.26e+10 Tdav = 0.00 T = 0.11
 <-- Site =  102 .. Mmps =   25 Ndav =   9 E =   -192.3280419771 Error = 3.45e-20 FLOPS = 1.27e+10 Tdav = 0.00 T = 0.10
 <-- Site =  101 .. Mmps =   25 Ndav =   6 E =   -192.3280420213 Error = 5.62e-21 FLOPS = 1.26e+10 Tdav = 0.00 T = 0.10
 <-- Site =  100 .. Mmps =   25 Ndav =   8 E =   -192.3280422203 Error = 6.83e-20 FLOPS = 1.28e+10 Tdav = 0.00 T = 0.12
 <-- Site =   99 .. Mmps =   25 Ndav =   6 E =   -192.3280423370 Error = 5.87e-21 FLOPS = 1.26e+10 Tdav = 0.00 T = 0.14
 <-- Site =   98 .. Mmps =   25 Ndav =   8 E =   -192.3280425331 Error = 8.33e-20 FLOPS = 1.28e+10 Tdav = 0.00 T = 0.16
 <-- Site =   97 .. Mmps =   25 Ndav =   8 E =   -192.3280427804 Error = 5.86e-21 FLOPS = 1.28e+10 Tdav = 0.00 T = 0.11
 <-- Site =   96 .. Mmps =   25 Ndav =   8 E =   -192.3280430397 Error = 1.44e-21 FLOPS = 1.27e+10 Tdav = 0.00 T = 0.14
 <-- Site =   95 .. Mmps =   25 Ndav =   7 E =   -192.3280432514 Error = 2.57e-21 FLOPS = 1.27e+10 Tdav = 0.00 T = 0.18
 <-- Site =   94 .. Mmps =   25 Ndav =   8 E =   -192.3280435037 Error = 2.34e-20 FLOPS = 1.30e+10 Tdav = 0.00 T = 0.12
 <-- Site =   93 .. Mmps =   25 Ndav =   6 E =   -192.3280436138 Error = 2.44e-20 FLOPS = 1.27e+10 Tdav = 0.00 T = 0.10
 <-- Site =   92 .. Mmps =   25 Ndav =   8 E =   -192.3280437423 Error = 8.43e-21 FLOPS = 1.28e+10 Tdav = 0.00 T = 0.10
 <-- Site =   91 .. Mmps =   25 Ndav =  11 E =   -192.3280439593 Error = 9.47e-21 FLOPS = 1.28e+10 Tdav = 0.00 T = 0.15
 <-- Site =   90 .. Mmps =   25 Ndav =   7 E =   -192.3280441320 Error = 8.68e-21 FLOPS = 1.28e+10 Tdav = 0.00 T = 0.10
 <-- Site =   89 .. Mmps =   25 Ndav =  11 E =   -192.3280446483 Error = 1.57e-21 FLOPS = 1.27e+10 Tdav = 0.00 T = 0.11
 <-- Site =   88 .. Mmps =   25 Ndav =  10 E =   -192.3280448390 Error = 1.57e-19 FLOPS = 1.26e+10 Tdav = 0.00 T = 0.12
 <-- Site =   87 .. Mmps =   25 Ndav =  12 E =   -192.3280453403 Error = 3.74e-21 FLOPS = 1.25e+10 Tdav = 0.01 T = 0.12
 <-- Site =   86 .. Mmps =   25 Ndav =  11 E =   -192.3280460066 Error = 6.33e-18 FLOPS = 1.27e+10 Tdav = 0.00 T = 0.13
 <-- Site =   85 .. Mmps =   25 Ndav =  12 E =   -192.3280463992 Error = 5.78e-21 FLOPS = 1.25e+10 Tdav = 0.01 T = 0.13
 <-- Site =   84 .. Mmps =   25 Ndav =  10 E =   -192.3280469405 Error = 1.71e-17 FLOPS = 1.27e+10 Tdav = 0.00 T = 0.11
 <-- Site =   83 .. Mmps =   25 Ndav =  13 E =   -192.3280475170 Error = 2.44e-21 FLOPS = 1.25e+10 Tdav = 0.01 T = 0.12
 <-- Site =   82 .. Mmps =   25 Ndav =  11 E =   -192.3280483553 Error = 1.09e-18 FLOPS = 1.26e+10 Tdav = 0.00 T = 0.11
 <-- Site =   81 .. Mmps =   25 Ndav =  11 E =   -192.3280488544 Error = 1.76e-20 FLOPS = 1.26e+10 Tdav = 0.00 T = 0.10
 <-- Site =   80 .. Mmps =   25 Ndav =  10 E =   -192.3280494100 Error = 9.04e-21 FLOPS = 1.28e+10 Tdav = 0.00 T = 0.10
 <-- Site =   79 .. Mmps =   25 Ndav =  10 E =   -192.3280496366 Error = 8.33e-21 FLOPS = 1.28e+10 Tdav = 0.00 T = 0.11
 <-- Site =   78 .. Mmps =   25 Ndav =   8 E =   -192.3280499962 Error = 9.86e-21 FLOPS = 1.28e+10 Tdav = 0.00 T = 0.11
 <-- Site =   77 .. Mmps =   25 Ndav =   7 E =   -192.3280501324 Error = 4.79e-20 FLOPS = 1.28e+10 Tdav = 0.00 T = 0.10
 <-- Site =   76 .. Mmps =   25 Ndav =   9 E =   -192.3280504670 Error = 1.30e-20 FLOPS = 1.26e+10 Tdav = 0.00 T = 0.13
 <-- Site =   75 .. Mmps =   25 Ndav =   7 E =   -192.3280505711 Error = 3.54e-21 FLOPS = 1.23e+10 Tdav = 0.00 T = 0.10
 <-- Site =   74 .. Mmps =   25 Ndav =   8 E =   -192.3280506918 Error = 2.76e-20 FLOPS = 1.25e+10 Tdav = 0.00 T = 0.11
 <-- Site =   73 .. Mmps =   25 Ndav =   7 E =   -192.3280508308 Error = 2.19e-21 FLOPS = 1.23e+10 Tdav = 0.00 T = 0.11
 <-- Site =   72 .. Mmps =   25 Ndav =   7 E =   -192.3280509498 Error = 2.20e-20 FLOPS = 1.25e+10 Tdav = 0.00 T = 0.15
 <-- Site =   71 .. Mmps =   25 Ndav =   7 E =   -192.3280510872 Error = 2.00e-21 FLOPS = 1.19e+10 Tdav = 0.00 T = 0.11
 <-- Site =   70 .. Mmps =   25 Ndav =   8 E =   -192.3280513505 Error = 2.09e-20 FLOPS = 1.23e+10 Tdav = 0.00 T = 0.10
 <-- Site =   69 .. Mmps =   25 Ndav =   7 E =   -192.3280514638 Error = 3.25e-21 FLOPS = 1.20e+10 Tdav = 0.00 T = 0.10
 <-- Site =   68 .. Mmps =   25 Ndav =   8 E =   -192.3280517115 Error = 9.87e-21 FLOPS = 1.22e+10 Tdav = 0.00 T = 0.14
 <-- Site =   67 .. Mmps =   25 Ndav =   7 E =   -192.3280519075 Error = 3.85e-21 FLOPS = 1.26e+10 Tdav = 0.00 T = 0.11
 <-- Site =   66 .. Mmps =   25 Ndav =   8 E =   -192.3280520691 Error = 9.20e-21 FLOPS = 1.22e+10 Tdav = 0.00 T = 0.15
 <-- Site =   65 .. Mmps =   25 Ndav =   7 E =   -192.3280523110 Error = 6.35e-20 FLOPS = 1.20e+10 Tdav = 0.00 T = 0.10
 <-- Site =   64 .. Mmps =   25 Ndav =   8 E =   -192.3280524586 Error = 1.01e-17 FLOPS = 1.27e+10 Tdav = 0.00 T = 0.11
 <-- Site =   63 .. Mmps =   25 Ndav =   9 E =   -192.3280527063 Error = 9.58e-22 FLOPS = 1.25e+10 Tdav = 0.00 T = 0.10
 <-- Site =   62 .. Mmps =   25 Ndav =  10 E =   -192.3280530769 Error = 3.30e-19 FLOPS = 1.24e+10 Tdav = 0.00 T = 0.10
 <-- Site =   61 .. Mmps =   25 Ndav =  12 E =   -192.3280536274 Error = 1.49e-21 FLOPS = 1.23e+10 Tdav = 0.00 T = 0.10
 <-- Site =   60 .. Mmps =   25 Ndav =   9 E =   -192.3280537942 Error = 1.88e-17 FLOPS = 1.23e+10 Tdav = 0.00 T = 0.12
 <-- Site =   59 .. Mmps =   25 Ndav =  11 E =   -192.3280542104 Error = 3.57e-21 FLOPS = 1.23e+10 Tdav = 0.00 T = 0.12
 <-- Site =   58 .. Mmps =   25 Ndav =  10 E =   -192.3280548617 Error = 3.01e-18 FLOPS = 1.23e+10 Tdav = 0.00 T = 0.13
 <-- Site =   57 .. Mmps =   25 Ndav =  13 E =   -192.3280555242 Error = 4.06e-21 FLOPS = 1.20e+10 Tdav = 0.01 T = 0.10
 <-- Site =   56 .. Mmps =   25 Ndav =  11 E =   -192.3280560837 Error = 1.11e-17 FLOPS = 1.22e+10 Tdav = 0.00 T = 0.11
 <-- Site =   55 .. Mmps =   25 Ndav =  10 E =   -192.3280564340 Error = 3.99e-21 FLOPS = 1.23e+10 Tdav = 0.00 T = 0.12
 <-- Site =   54 .. Mmps =   25 Ndav =  10 E =   -192.3280571610 Error = 5.17e-19 FLOPS = 1.22e+10 Tdav = 0.00 T = 0.10
 <-- Site =   53 .. Mmps =   25 Ndav =  10 E =   -192.3280574043 Error = 8.37e-21 FLOPS = 1.19e+10 Tdav = 0.00 T = 0.10
 <-- Site =   52 .. Mmps =   25 Ndav =   8 E =   -192.3280578095 Error = 5.52e-18 FLOPS = 1.22e+10 Tdav = 0.00 T = 0.12
 <-- Site =   51 .. Mmps =   25 Ndav =   7 E =   -192.3280579509 Error = 2.25e-20 FLOPS = 1.21e+10 Tdav = 0.00 T = 0.12
 <-- Site =   50 .. Mmps =   25 Ndav =   8 E =   -192.3280582405 Error = 1.08e-20 FLOPS = 1.21e+10 Tdav = 0.00 T = 0.11
 <-- Site =   49 .. Mmps =   25 Ndav =   6 E =   -192.3280583436 Error = 8.58e-21 FLOPS = 1.19e+10 Tdav = 0.00 T = 0.10
 <-- Site =   48 .. Mmps =   25 Ndav =   8 E =   -192.3280585166 Error = 2.13e-20 FLOPS = 1.22e+10 Tdav = 0.00 T = 0.09
 <-- Site =   47 .. Mmps =   25 Ndav =   6 E =   -192.3280585678 Error = 3.34e-21 FLOPS = 1.18e+10 Tdav = 0.00 T = 0.14
 <-- Site =   46 .. Mmps =   25 Ndav =   8 E =   -192.3280587775 Error = 2.31e-21 FLOPS = 1.22e+10 Tdav = 0.00 T = 0.09
 <-- Site =   45 .. Mmps =   25 Ndav =   6 E =   -192.3280588459 Error = 2.01e-20 FLOPS = 1.18e+10 Tdav = 0.00 T = 0.09
 <-- Site =   44 .. Mmps =   25 Ndav =   8 E =   -192.3280591326 Error = 4.40e-20 FLOPS = 1.21e+10 Tdav = 0.00 T = 0.09
 <-- Site =   43 .. Mmps =   25 Ndav =   8 E =   -192.3280594080 Error = 4.39e-21 FLOPS = 1.17e+10 Tdav = 0.00 T = 0.08
 <-- Site =   42 .. Mmps =   25 Ndav =   8 E =   -192.3280596213 Error = 3.96e-20 FLOPS = 1.18e+10 Tdav = 0.00 T = 0.09
 <-- Site =   41 .. Mmps =   25 Ndav =   6 E =   -192.3280598008 Error = 1.39e-21 FLOPS = 1.14e+10 Tdav = 0.00 T = 0.12
 <-- Site =   40 .. Mmps =   25 Ndav =   7 E =   -192.3280598766 Error = 1.82e-21 FLOPS = 1.19e+10 Tdav = 0.00 T = 0.07
 <-- Site =   39 .. Mmps =   25 Ndav =   7 E =   -192.3280601340 Error = 4.45e-20 FLOPS = 1.15e+10 Tdav = 0.00 T = 0.07
 <-- Site =   38 .. Mmps =   25 Ndav =   8 E =   -192.3280603526 Error = 2.14e-19 FLOPS = 1.17e+10 Tdav = 0.00 T = 0.10
 <-- Site =   37 .. Mmps =   25 Ndav =  11 E =   -192.3280609010 Error = 1.59e-21 FLOPS = 1.14e+10 Tdav = 0.00 T = 0.09
 <-- Site =   36 .. Mmps =   25 Ndav =  10 E =   -192.3280611012 Error = 2.25e-19 FLOPS = 1.15e+10 Tdav = 0.00 T = 0.08
 <-- Site =   35 .. Mmps =   25 Ndav =  12 E =   -192.3280615470 Error = 4.04e-21 FLOPS = 1.13e+10 Tdav = 0.00 T = 0.07
 <-- Site =   34 .. Mmps =   25 Ndav =  10 E =   -192.3280619545 Error = 7.89e-21 FLOPS = 1.14e+10 Tdav = 0.00 T = 0.06
 <-- Site =   33 .. Mmps =   25 Ndav =  13 E =   -192.3280623406 Error = 9.03e-21 FLOPS = 1.09e+10 Tdav = 0.00 T = 0.11
 <-- Site =   32 .. Mmps =   25 Ndav =  10 E =   -192.3280628468 Error = 1.35e-18 FLOPS = 1.13e+10 Tdav = 0.00 T = 0.10
 <-- Site =   31 .. Mmps =   25 Ndav =  12 E =   -192.3280633804 Error = 2.23e-21 FLOPS = 1.09e+10 Tdav = 0.00 T = 0.10
 <-- Site =   30 .. Mmps =   25 Ndav =  10 E =   -192.3280641762 Error = 1.55e-18 FLOPS = 1.11e+10 Tdav = 0.00 T = 0.06
 <-- Site =   29 .. Mmps =   25 Ndav =  12 E =   -192.3280648226 Error = 2.62e-21 FLOPS = 1.07e+10 Tdav = 0.00 T = 0.06
 <-- Site =   28 .. Mmps =   25 Ndav =   9 E =   -192.3280652926 Error = 7.95e-18 FLOPS = 1.12e+10 Tdav = 0.00 T = 0.06
 <-- Site =   27 .. Mmps =   25 Ndav =  11 E =   -192.3280655765 Error = 1.02e-20 FLOPS = 1.09e+10 Tdav = 0.00 T = 0.06
 <-- Site =   26 .. Mmps =   25 Ndav =   8 E =   -192.3280659590 Error = 3.50e-20 FLOPS = 1.10e+10 Tdav = 0.00 T = 0.06
 <-- Site =   25 .. Mmps =   25 Ndav =   7 E =   -192.3280660713 Error = 3.03e-20 FLOPS = 1.09e+10 Tdav = 0.00 T = 0.06
 <-- Site =   24 .. Mmps =   25 Ndav =   9 E =   -192.3280663443 Error = 1.68e-20 FLOPS = 1.09e+10 Tdav = 0.00 T = 0.08
 <-- Site =   23 .. Mmps =   25 Ndav =   7 E =   -192.3280664061 Error = 3.76e-21 FLOPS = 1.05e+10 Tdav = 0.00 T = 0.09
 <-- Site =   22 .. Mmps =   25 Ndav =   8 E =   -192.3280666395 Error = 8.31e-21 FLOPS = 1.04e+10 Tdav = 0.00 T = 0.06
 <-- Site =   21 .. Mmps =   25 Ndav =   8 E =   -192.3280667199 Error = 5.07e-21 FLOPS = 1.03e+10 Tdav = 0.00 T = 0.04
 <-- Site =   20 .. Mmps =   25 Ndav =   8 E =   -192.3280668798 Error = 7.15e-21 FLOPS = 9.97e+09 Tdav = 0.00 T = 0.06
 <-- Site =   19 .. Mmps =   25 Ndav =   8 E =   -192.3280670833 Error = 1.41e-20 FLOPS = 9.95e+09 Tdav = 0.00 T = 0.05
 <-- Site =   18 .. Mmps =   25 Ndav =   8 E =   -192.3280671744 Error = 7.94e-21 FLOPS = 9.75e+09 Tdav = 0.00 T = 0.06
 <-- Site =   17 .. Mmps =   25 Ndav =   8 E =   -192.3280672754 Error = 2.68e-20 FLOPS = 9.75e+09 Tdav = 0.00 T = 0.06
 <-- Site =   16 .. Mmps =   25 Ndav =   7 E =   -192.3280674436 Error = 3.58e-19 FLOPS = 9.51e+09 Tdav = 0.00 T = 0.06
 <-- Site =   15 .. Mmps =   25 Ndav =   6 E =   -192.3280675029 Error = 2.57e-21 FLOPS = 9.02e+09 Tdav = 0.00 T = 0.04
 <-- Site =   14 .. Mmps =   25 Ndav =   7 E =   -192.3280676502 Error = 1.01e-20 FLOPS = 9.01e+09 Tdav = 0.00 T = 0.04
 <-- Site =   13 .. Mmps =   25 Ndav =   7 E =   -192.3280677694 Error = 1.54e-21 FLOPS = 8.85e+09 Tdav = 0.00 T = 0.05
 <-- Site =   12 .. Mmps =   25 Ndav =   6 E =   -192.3280678911 Error = 6.47e-18 FLOPS = 8.22e+09 Tdav = 0.00 T = 0.05
 <-- Site =   11 .. Mmps =   25 Ndav =   8 E =   -192.3280680119 Error = 1.89e-20 FLOPS = 8.29e+09 Tdav = 0.00 T = 0.05
 <-- Site =   10 .. Mmps =   25 Ndav =   7 E =   -192.3280680641 Error = 3.39e-17 FLOPS = 7.96e+09 Tdav = 0.00 T = 0.05
 <-- Site =    9 .. Mmps =   25 Ndav =   8 E =   -192.3280680856 Error = 4.95e-22 FLOPS = 7.66e+09 Tdav = 0.00 T = 0.04
 <-- Site =    8 .. Mmps =   25 Ndav =   6 E =   -192.3280680869 Error = 3.68e-21 FLOPS = 7.14e+09 Tdav = 0.00 T = 0.04
 <-- Site =    7 .. Mmps =   25 Ndav =   5 E =   -192.3280680874 Error = 1.16e-20 FLOPS = 6.47e+09 Tdav = 0.00 T = 0.03
 <-- Site =    6 .. Mmps =   25 Ndav =   5 E =   -192.3280680880 Error = 5.43e-20 FLOPS = 5.95e+09 Tdav = 0.00 T = 0.04
 <-- Site =    5 .. Mmps =   25 Ndav =   5 E =   -192.3280680884 Error = 3.53e-23 FLOPS = 5.12e+09 Tdav = 0.00 T = 0.04
 <-- Site =    4 .. Mmps =   25 Ndav =   3 E =   -192.3280680884 Error = 3.61e-29 FLOPS = 2.58e+09 Tdav = 0.00 T = 0.04
 <-- Site =    3 .. Mmps =   25 Ndav =   1 E =   -192.3280680884 Error = 7.32e-50 FLOPS = 5.26e+08 Tdav = 0.00 T = 0.07
 <-- Site =    2 .. Mmps =   25 Ndav =   1 E =   -192.3280680884 Error = 4.79e-54 FLOPS = 2.39e+08 Tdav = 0.00 T = 0.05
 <-- Site =    1 .. Mmps =   25 Ndav =   1 E =   -192.3280680884 Error = 0.00e+00 FLOPS = 9.60e+07 Tdav = 0.00 T = 0.04
 <-- Site =    0 .. Mmps =   25 Ndav =   1 E =   -192.3280680884 Error = 3.07e-71 FLOPS = 4.72e+07 Tdav = 0.00 T = 0.03
Time elapsed =    204.562 | E =    -192.3280680884 | DE = -4.28e-05 | DW = 3.38934e-17
Time sweep =       14.369 | 4.88 GFLOP/SWP
 | Dmem = 293 KB (3%) | Imem = 232 B (79%) | Hmem = 1.36 MB | Wmem = 9.77 KB | Pmem = 9.77 KB
 | Tread = 0.291 | Twrite = 1.551 | Tfpread = 0.080 | Tfpwrite = 0.050 | Tmporead = 0.000 | Tasync = 0.000
 | data = 31.2 MB | cpsd = 21.0 MB
 | Trot = 0.070 | Tctr = 0.652 | Tint = 0.009 | Tmid = 0.000 | Tdctr = 0.012 | Tdiag = 0.039 | Tinfo = 0.261
 | Teff = 5.251 | Tprt = 0.182 | Teig = 0.443 | Tblk = 10.873 | Tmve = 3.481 | Tdm = 0.007 | Tsplt = 0.062 | Tsvd = 0.000 | Torth = 0.000

Sweep =    6 | Direction =  forward | Bond dimension =  550 | Noise =  1.00e-05 | Dav threshold =  1.00e-10
 --> Site =    0 .. Mmps =    2 Ndav =   1 E =   -192.3280680884 Error = 0.00e+00 FLOPS = 4.09e+07 Tdav = 0.00 T = 0.03
 --> Site =    1 .. Mmps =    4 Ndav =   1 E =   -192.3280680884 Error = 0.00e+00 FLOPS = 8.93e+07 Tdav = 0.00 T = 0.04
 --> Site =    2 .. Mmps =    8 Ndav =   1 E =   -192.3280680884 Error = 0.00e+00 FLOPS = 2.26e+08 Tdav = 0.00 T = 0.04
 --> Site =    3 .. Mmps =   16 Ndav =   1 E =   -192.3280680884 Error = 0.00e+00 FLOPS = 5.53e+08 Tdav = 0.00 T = 0.06
 --> Site =    4 .. Mmps =   28 Ndav =   1 E =   -192.3280680884 Error = 0.00e+00 FLOPS = 1.35e+09 Tdav = 0.00 T = 0.04
 --> Site =    5 .. Mmps =   40 Ndav =   1 E =   -192.3280680884 Error = 0.00e+00 FLOPS = 2.73e+09 Tdav = 0.00 T = 0.04
 --> Site =    6 .. Mmps =   51 Ndav =   2 E =   -192.3280680884 Error = 0.00e+00 FLOPS = 6.03e+09 Tdav = 0.00 T = 0.06
 --> Site =    7 .. Mmps =   63 Ndav =   2 E =   -192.3280680884 Error = 0.00e+00 FLOPS = 7.19e+09 Tdav = 0.00 T = 0.07
 --> Site =    8 .. Mmps =   76 Ndav =   2 E =   -192.3280680884 Error = 0.00e+00 FLOPS = 8.09e+09 Tdav = 0.00 T = 0.06
 --> Site =    9 .. Mmps =   89 Ndav =   3 E =   -192.3280680885 Error = 0.00e+00 FLOPS = 9.58e+09 Tdav = 0.00 T = 0.06
 --> Site =   10 .. Mmps =  102 Ndav =   4 E =   -192.3280680887 Error = 0.00e+00 FLOPS = 1.17e+10 Tdav = 0.00 T = 0.09
 --> Site =   11 .. Mmps =  115 Ndav =  10 E =   -192.3280680989 Error = 0.00e+00 FLOPS = 1.46e+10 Tdav = 0.01 T = 0.11
 --> Site =   12 .. Mmps =  129 Ndav =   7 E =   -192.3280681355 Error = 0.00e+00 FLOPS = 1.22e+10 Tdav = 0.01 T = 0.16
 --> Site =   13 .. Mmps =  142 Ndav =   8 E =   -192.3280681922 Error = 0.00e+00 FLOPS = 1.25e+10 Tdav = 0.02 T = 0.20
 --> Site =   14 .. Mmps =  156 Ndav =   8 E =   -192.3280682818 Error = 0.00e+00 FLOPS = 1.18e+10 Tdav = 0.03 T = 0.27
 --> Site =   15 .. Mmps =  168 Ndav =   7 E =   -192.3280683405 Error = 0.00e+00 FLOPS = 1.22e+10 Tdav = 0.03 T = 0.34
 --> Site =   16 .. Mmps =  182 Ndav =   8 E =   -192.3280684967 Error = 0.00e+00 FLOPS = 1.26e+10 Tdav = 0.04 T = 0.41
 --> Site =   17 .. Mmps =  197 Ndav =   6 E =   -192.3280685326 Error = 0.00e+00 FLOPS = 1.40e+10 Tdav = 0.03 T = 0.49
 --> Site =   18 .. Mmps =  209 Ndav =   7 E =   -192.3280685681 Error = 0.00e+00 FLOPS = 1.41e+10 Tdav = 0.04 T = 0.60
 --> Site =   19 .. Mmps =  220 Ndav =   6 E =   -192.3280686392 Error = 0.00e+00 FLOPS = 1.36e+10 Tdav = 0.04 T = 0.72
 --> Site =   20 .. Mmps =  234 Ndav =   7 E =   -192.3280686830 Error = 0.00e+00 FLOPS = 1.37e+10 Tdav = 0.06 T = 0.89
 --> Site =   21 .. Mmps =  246 Ndav =   6 E =   -192.3280687492 Error = 0.00e+00 FLOPS = 1.50e+10 Tdav = 0.06 T = 1.06
 --> Site =   22 .. Mmps =  259 Ndav =   7 E =   -192.3280688035 Error = 0.00e+00 FLOPS = 1.57e+10 Tdav = 0.07 T = 1.28
 --> Site =   23 .. Mmps =  272 Ndav =   8 E =   -192.3280688856 Error = 0.00e+00 FLOPS = 1.49e+10 Tdav = 0.10 T = 1.57
 --> Site =   24 .. Mmps =  284 Ndav =   7 E =   -192.3280689367 Error = 0.00e+00 FLOPS = 1.45e+10 Tdav = 0.10 T = 1.80
 --> Site =   25 .. Mmps =  297 Ndav =   9 E =   -192.3280689985 Error = 0.00e+00 FLOPS = 1.54e+10 Tdav = 0.14 T = 2.14
 --> Site =   26 .. Mmps =  310 Ndav =   8 E =   -192.3280691158 Error = 0.00e+00 FLOPS = 1.55e+10 Tdav = 0.14 T = 2.49
 --> Site =   27 .. Mmps =  322 Ndav =  10 E =   -192.3280694421 Error = 0.00e+00 FLOPS = 1.46e+10 Tdav = 0.21 T = 2.96
 --> Site =   28 .. Mmps =  333 Ndav =   8 E =   -192.3280695924 Error = 0.00e+00 FLOPS = 1.65e+10 Tdav = 0.16 T = 3.30
 --> Site =   29 .. Mmps =  345 Ndav =   9 E =   -192.3280697090 Error = 0.00e+00 FLOPS = 1.55e+10 Tdav = 0.21 T = 3.86
 --> Site =   30 .. Mmps =  358 Ndav =   9 E =   -192.3280697694 Error = 0.00e+00 FLOPS = 1.58e+10 Tdav = 0.23 T = 4.25
 --> Site =   31 .. Mmps =  369 Ndav =  10 E =   -192.3280698602 Error = 0.00e+00 FLOPS = 1.56e+10 Tdav = 0.29 T = 4.85
 --> Site =   32 .. Mmps =  382 Ndav =   9 E =   -192.3280699405 Error = 0.00e+00 FLOPS = 1.51e+10 Tdav = 0.29 T = 5.41
 --> Site =   33 .. Mmps =  393 Ndav =  10 E =   -192.3280701149 Error = 0.00e+00 FLOPS = 1.58e+10 Tdav = 0.34 T = 6.16
 --> Site =   34 .. Mmps =  406 Ndav =   8 E =   -192.3280701976 Error = 0.00e+00 FLOPS = 1.60e+10 Tdav = 0.29 T = 6.82
 --> Site =   35 .. Mmps =  418 Ndav =  11 E =   -192.3280705042 Error = 0.00e+00 FLOPS = 1.48e+10 Tdav = 0.48 T = 7.83
 --> Site =   36 .. Mmps =  432 Ndav =   8 E =   -192.3280705733 Error = 0.00e+00 FLOPS = 1.61e+10 Tdav = 0.35 T = 9.22
 --> Site =   37 .. Mmps =  444 Ndav =   9 E =   -192.3280707038 Error = 0.00e+00 FLOPS = 1.50e+10 Tdav = 0.46 T = 10.84
 --> Site =   38 .. Mmps =  458 Ndav =   8 E =   -192.3280708870 Error = 0.00e+00 FLOPS = 1.55e+10 Tdav = 0.43 T = 10.51
 --> Site =   39 .. Mmps =  469 Ndav =  10 E =   -192.3280709843 Error = 0.00e+00 FLOPS = 1.55e+10 Tdav = 0.58 T = 11.92
 --> Site =   40 .. Mmps =  481 Ndav =   9 E =   -192.3280712020 Error = 0.00e+00 FLOPS = 1.51e+10 Tdav = 0.58 T = 12.94
 --> Site =   41 .. Mmps =  495 Ndav =   7 E =   -192.3280713617 Error = 0.00e+00 FLOPS = 1.54e+10 Tdav = 0.48 T = 13.96
 --> Site =   42 .. Mmps =  508 Ndav =   8 E =   -192.3280714622 Error = 0.00e+00 FLOPS = 1.57e+10 Tdav = 0.58 T = 15.78
 --> Site =   43 .. Mmps =  520 Ndav =   6 E =   -192.3280714922 Error = 0.00e+00 FLOPS = 1.51e+10 Tdav = 0.47 T = 16.67
 --> Site =   44 .. Mmps =  534 Ndav =   7 E =   -192.3280715470 Error = 0.00e+00 FLOPS = 1.52e+10 Tdav = 0.59 T = 17.79
 --> Site =   45 .. Mmps =  545 Ndav =   6 E =   -192.3280716053 Error = 0.00e+00 FLOPS = 1.52e+10 Tdav = 0.53 T = 19.14
 --> Site =   46 .. Mmps =  550 Ndav =   7 E =   -192.3280717696 Error = 1.19e-33 FLOPS = 1.58e+10 Tdav = 0.63 T = 20.46
 --> Site =   47 .. Mmps =  550 Ndav =   6 E =   -192.3280719210 Error = 2.19e-33 FLOPS = 1.54e+10 Tdav = 0.57 T = 21.31
 --> Site =   48 .. Mmps =  550 Ndav =   7 E =   -192.3280719803 Error = 1.17e-33 FLOPS = 1.57e+10 Tdav = 0.66 T = 21.91
 --> Site =   49 .. Mmps =  550 Ndav =   8 E =   -192.3280720497 Error = 8.46e-34 FLOPS = 1.54e+10 Tdav = 0.79 T = 22.77
 --> Site =   50 .. Mmps =  550 Ndav =   7 E =   -192.3280721405 Error = 1.38e-33 FLOPS = 1.54e+10 Tdav = 0.69 T = 23.02
 --> Site =   51 .. Mmps =  550 Ndav =  10 E =   -192.3280722434 Error = 3.55e-34 FLOPS = 1.55e+10 Tdav = 1.00 T = 23.72
 --> Site =   52 .. Mmps =  550 Ndav =   8 E =   -192.3280724006 Error = 1.28e-33 FLOPS = 1.56e+10 Tdav = 0.81 T = 24.27
 --> Site =   53 .. Mmps =  550 Ndav =  11 E =   -192.3280728152 Error = 4.48e-34 FLOPS = 1.55e+10 Tdav = 1.12 T = 25.16
 --> Site =   54 .. Mmps =  550 Ndav =   8 E =   -192.3280729186 Error = 1.11e-33 FLOPS = 1.54e+10 Tdav = 0.83 T = 25.15
 --> Site =   55 .. Mmps =  550 Ndav =  10 E =   -192.3280731044 Error = 9.42e-34 FLOPS = 1.55e+10 Tdav = 1.04 T = 25.95
 --> Site =   56 .. Mmps =  550 Ndav =  10 E =   -192.3280732895 Error = 1.09e-33 FLOPS = 1.58e+10 Tdav = 1.02 T = 25.76
 --> Site =   57 .. Mmps =  550 Ndav =  11 E =   -192.3280734442 Error = 5.30e-34 FLOPS = 1.55e+10 Tdav = 1.14 T = 26.03
 --> Site =   58 .. Mmps =  550 Ndav =   9 E =   -192.3280735550 Error = 8.98e-34 FLOPS = 1.55e+10 Tdav = 0.95 T = 26.22
 --> Site =   59 .. Mmps =  550 Ndav =  10 E =   -192.3280737433 Error = 6.81e-34 FLOPS = 1.59e+10 Tdav = 1.05 T = 27.23
 --> Site =   60 .. Mmps =  550 Ndav =  10 E =   -192.3280739293 Error = 9.83e-34 FLOPS = 1.56e+10 Tdav = 1.05 T = 27.27
 --> Site =   61 .. Mmps =  550 Ndav =  10 E =   -192.3280741469 Error = 8.75e-34 FLOPS = 1.51e+10 Tdav = 1.10 T = 27.45
 --> Site =   62 .. Mmps =  550 Ndav =   8 E =   -192.3280742342 Error = 8.34e-34 FLOPS = 1.54e+10 Tdav = 0.87 T = 27.53
 --> Site =   63 .. Mmps =  550 Ndav =   9 E =   -192.3280743349 Error = 7.68e-34 FLOPS = 1.63e+10 Tdav = 0.92 T = 27.58
 --> Site =   64 .. Mmps =  550 Ndav =   8 E =   -192.3280745218 Error = 1.20e-33 FLOPS = 1.62e+10 Tdav = 0.84 T = 27.85
 --> Site =   65 .. Mmps =  550 Ndav =   9 E =   -192.3280746160 Error = 2.07e-34 FLOPS = 1.53e+10 Tdav = 1.00 T = 28.58
 --> Site =   66 .. Mmps =  550 Ndav =   8 E =   -192.3280747847 Error = 2.14e-33 FLOPS = 1.54e+10 Tdav = 0.89 T = 28.56
 --> Site =   67 .. Mmps =  550 Ndav =   8 E =   -192.3280749587 Error = 1.02e-33 FLOPS = 1.58e+10 Tdav = 0.88 T = 29.12
 --> Site =   68 .. Mmps =  550 Ndav =   8 E =   -192.3280750636 Error = 3.48e-33 FLOPS = 1.62e+10 Tdav = 0.86 T = 29.31
 --> Site =   69 .. Mmps =  550 Ndav =   5 E =   -192.3280751019 Error = 1.75e-33 FLOPS = 1.52e+10 Tdav = 0.56 T = 28.69
 --> Site =   70 .. Mmps =  550 Ndav =   7 E =   -192.3280751746 Error = 6.61e-33 FLOPS = 1.55e+10 Tdav = 0.77 T = 28.42
 --> Site =   71 .. Mmps =  550 Ndav =   7 E =   -192.3280752661 Error = 1.45e-33 FLOPS = 1.58e+10 Tdav = 0.75 T = 28.46
 --> Site =   72 .. Mmps =  550 Ndav =   8 E =   -192.3280753863 Error = 3.33e-33 FLOPS = 1.62e+10 Tdav = 0.86 T = 28.98
 --> Site =   73 .. Mmps =  550 Ndav =   8 E =   -192.3280755218 Error = 6.21e-34 FLOPS = 1.52e+10 Tdav = 0.91 T = 29.64
 --> Site =   74 .. Mmps =  550 Ndav =   8 E =   -192.3280756067 Error = 9.66e-34 FLOPS = 1.53e+10 Tdav = 0.91 T = 29.56
 --> Site =   75 .. Mmps =  550 Ndav =   7 E =   -192.3280757092 Error = 5.25e-34 FLOPS = 1.59e+10 Tdav = 0.76 T = 29.51
 --> Site =   76 .. Mmps =  550 Ndav =   7 E =   -192.3280757563 Error = 5.03e-34 FLOPS = 1.54e+10 Tdav = 0.79 T = 29.45
 --> Site =   77 .. Mmps =  550 Ndav =   8 E =   -192.3280758343 Error = 1.73e-34 FLOPS = 1.54e+10 Tdav = 0.90 T = 29.81
 --> Site =   78 .. Mmps =  550 Ndav =   8 E =   -192.3280759662 Error = 5.57e-34 FLOPS = 1.58e+10 Tdav = 0.88 T = 29.65
 --> Site =   79 .. Mmps =  550 Ndav =  10 E =   -192.3280763122 Error = 1.88e-34 FLOPS = 1.57e+10 Tdav = 1.10 T = 29.75
 --> Site =   80 .. Mmps =  550 Ndav =   9 E =   -192.3280765550 Error = 1.18e-33 FLOPS = 1.53e+10 Tdav = 1.02 T = 29.68
 --> Site =   81 .. Mmps =  550 Ndav =  10 E =   -192.3280766937 Error = 2.43e-34 FLOPS = 1.56e+10 Tdav = 1.11 T = 29.72
 --> Site =   82 .. Mmps =  550 Ndav =   9 E =   -192.3280767582 Error = 6.94e-34 FLOPS = 1.58e+10 Tdav = 0.97 T = 29.11
 --> Site =   83 .. Mmps =  550 Ndav =  10 E =   -192.3280769527 Error = 3.40e-34 FLOPS = 1.57e+10 Tdav = 1.11 T = 29.06
 --> Site =   84 .. Mmps =  550 Ndav =   9 E =   -192.3280770549 Error = 4.43e-34 FLOPS = 1.56e+10 Tdav = 1.00 T = 29.45
 --> Site =   85 .. Mmps =  550 Ndav =  11 E =   -192.3280772187 Error = 3.52e-34 FLOPS = 1.58e+10 Tdav = 1.21 T = 29.75
 --> Site =   86 .. Mmps =  550 Ndav =  10 E =   -192.3280773655 Error = 3.18e-34 FLOPS = 1.59e+10 Tdav = 1.11 T = 30.08
 --> Site =   87 .. Mmps =  550 Ndav =  11 E =   -192.3280775543 Error = 6.09e-34 FLOPS = 1.58e+10 Tdav = 1.20 T = 30.17
 --> Site =   88 .. Mmps =  550 Ndav =   8 E =   -192.3280776003 Error = 8.56e-34 FLOPS = 1.57e+10 Tdav = 0.88 T = 29.60
 --> Site =   89 .. Mmps =  550 Ndav =  10 E =   -192.3280776978 Error = 5.23e-34 FLOPS = 1.59e+10 Tdav = 1.09 T = 29.56
 --> Site =   90 .. Mmps =  550 Ndav =   8 E =   -192.3280778558 Error = 4.26e-34 FLOPS = 1.58e+10 Tdav = 0.88 T = 29.42
 --> Site =   91 .. Mmps =  550 Ndav =   8 E =   -192.3280779913 Error = 9.63e-35 FLOPS = 1.55e+10 Tdav = 0.89 T = 29.60
 --> Site =   92 .. Mmps =  550 Ndav =   8 E =   -192.3280782380 Error = 1.26e-33 FLOPS = 1.54e+10 Tdav = 0.90 T = 29.59
 --> Site =   93 .. Mmps =  550 Ndav =   8 E =   -192.3280783864 Error = 8.07e-34 FLOPS = 1.62e+10 Tdav = 0.85 T = 29.43
 --> Site =   94 .. Mmps =  550 Ndav =   8 E =   -192.3280784759 Error = 1.79e-33 FLOPS = 1.59e+10 Tdav = 0.87 T = 29.32
 --> Site =   95 .. Mmps =  550 Ndav =   6 E =   -192.3280785065 Error = 1.04e-33 FLOPS = 1.52e+10 Tdav = 0.67 T = 28.83
 --> Site =   96 .. Mmps =  550 Ndav =   7 E =   -192.3280785659 Error = 4.20e-33 FLOPS = 1.56e+10 Tdav = 0.77 T = 28.46
 --> Site =   97 .. Mmps =  550 Ndav =   7 E =   -192.3280786511 Error = 2.04e-33 FLOPS = 1.56e+10 Tdav = 0.76 T = 28.45
 --> Site =   98 .. Mmps =  550 Ndav =   8 E =   -192.3280787341 Error = 2.44e-33 FLOPS = 1.58e+10 Tdav = 0.86 T = 28.54
 --> Site =   99 .. Mmps =  550 Ndav =   6 E =   -192.3280788419 Error = 1.07e-33 FLOPS = 1.51e+10 Tdav = 0.69 T = 28.84
 --> Site =  100 .. Mmps =  550 Ndav =   7 E =   -192.3280788641 Error = 9.18e-34 FLOPS = 1.53e+10 Tdav = 0.78 T = 29.24
 --> Site =  101 .. Mmps =  550 Ndav =   7 E =   -192.3280790034 Error = 5.25e-34 FLOPS = 1.57e+10 Tdav = 0.76 T = 28.44
 --> Site =  102 .. Mmps =  550 Ndav =   7 E =   -192.3280790639 Error = 4.85e-34 FLOPS = 1.58e+10 Tdav = 0.75 T = 28.62
 --> Site =  103 .. Mmps =  550 Ndav =   9 E =   -192.3280791776 Error = 2.90e-34 FLOPS = 1.54e+10 Tdav = 0.98 T = 28.15
 --> Site =  104 .. Mmps =  550 Ndav =   8 E =   -192.3280793416 Error = 1.10e-33 FLOPS = 1.53e+10 Tdav = 0.87 T = 27.57
 --> Site =  105 .. Mmps =  550 Ndav =  10 E =   -192.3280796091 Error = 2.73e-34 FLOPS = 1.59e+10 Tdav = 1.05 T = 27.63
 --> Site =  106 .. Mmps =  550 Ndav =   9 E =   -192.3280797542 Error = 1.53e-33 FLOPS = 1.58e+10 Tdav = 0.95 T = 27.66
 --> Site =  107 .. Mmps =  550 Ndav =  10 E =   -192.3280799096 Error = 5.03e-34 FLOPS = 1.53e+10 Tdav = 1.07 T = 27.12
 --> Site =  108 .. Mmps =  550 Ndav =  10 E =   -192.3280800042 Error = 4.61e-34 FLOPS = 1.56e+10 Tdav = 1.05 T = 26.78
 --> Site =  109 .. Mmps =  550 Ndav =  12 E =   -192.3280802471 Error = 5.00e-34 FLOPS = 1.55e+10 Tdav = 1.24 T = 26.53
 --> Site =  110 .. Mmps =  550 Ndav =  10 E =   -192.3280803746 Error = 9.31e-34 FLOPS = 1.58e+10 Tdav = 1.02 T = 25.98
 --> Site =  111 .. Mmps =  550 Ndav =  11 E =   -192.3280805739 Error = 3.52e-34 FLOPS = 1.54e+10 Tdav = 1.15 T = 25.91
 --> Site =  112 .. Mmps =  550 Ndav =  10 E =   -192.3280806630 Error = 6.18e-34 FLOPS = 1.57e+10 Tdav = 1.03 T = 25.96
 --> Site =  113 .. Mmps =  550 Ndav =  10 E =   -192.3280809443 Error = 5.32e-34 FLOPS = 1.56e+10 Tdav = 1.01 T = 25.49
 --> Site =  114 .. Mmps =  550 Ndav =   9 E =   -192.3280810705 Error = 9.29e-34 FLOPS = 1.55e+10 Tdav = 0.92 T = 25.07
 --> Site =  115 .. Mmps =  550 Ndav =   9 E =   -192.3280812005 Error = 5.26e-34 FLOPS = 1.62e+10 Tdav = 0.88 T = 24.82
 --> Site =  116 .. Mmps =  550 Ndav =   8 E =   -192.3280813646 Error = 6.45e-34 FLOPS = 1.56e+10 Tdav = 0.79 T = 24.18
 --> Site =  117 .. Mmps =  550 Ndav =  10 E =   -192.3280814692 Error = 1.38e-34 FLOPS = 1.55e+10 Tdav = 0.98 T = 23.69
 --> Site =  118 .. Mmps =  550 Ndav =   9 E =   -192.3280816474 Error = 3.28e-33 FLOPS = 1.57e+10 Tdav = 0.87 T = 23.27
 --> Site =  119 .. Mmps =  550 Ndav =   8 E =   -192.3280817970 Error = 1.18e-33 FLOPS = 1.57e+10 Tdav = 0.76 T = 22.81
 --> Site =  120 .. Mmps =  550 Ndav =   8 E =   -192.3280819384 Error = 7.52e-33 FLOPS = 1.58e+10 Tdav = 0.74 T = 22.07
 --> Site =  121 .. Mmps =  550 Ndav =   6 E =   -192.3280819641 Error = 3.18e-33 FLOPS = 1.55e+10 Tdav = 0.56 T = 21.40
 --> Site =  122 .. Mmps =  550 Ndav =   7 E =   -192.3280820403 Error = 1.19e-32 FLOPS = 1.56e+10 Tdav = 0.64 T = 20.97
 --> Site =  123 .. Mmps =  550 Ndav =   7 E =   -192.3280821306 Error = 1.49e-33 FLOPS = 1.57e+10 Tdav = 0.63 T = 20.53
 --> Site =  124 .. Mmps =  550 Ndav =   8 E =   -192.3280822872 Error = 2.17e-33 FLOPS = 1.55e+10 Tdav = 0.72 T = 20.35
 --> Site =  125 .. Mmps =  550 Ndav =   6 E =   -192.3280824302 Error = 1.30e-33 FLOPS = 1.60e+10 Tdav = 0.52 T = 19.84
 --> Site =  126 .. Mmps =  550 Ndav =   7 E =   -192.3280824911 Error = 1.33e-33 FLOPS = 1.49e+10 Tdav = 0.64 T = 19.48
 --> Site =  127 .. Mmps =  550 Ndav =   6 E =   -192.3280825553 Error = 8.89e-34 FLOPS = 1.61e+10 Tdav = 0.49 T = 18.40
 --> Site =  128 .. Mmps =  550 Ndav =   8 E =   -192.3280826652 Error = 1.01e-33 FLOPS = 1.55e+10 Tdav = 0.67 T = 17.83
 --> Site =  129 .. Mmps =  550 Ndav =   8 E =   -192.3280827734 Error = 5.44e-34 FLOPS = 1.56e+10 Tdav = 0.65 T = 17.06
 --> Site =  130 .. Mmps =  550 Ndav =   8 E =   -192.3280828827 Error = 1.01e-33 FLOPS = 1.51e+10 Tdav = 0.66 T = 16.40
 --> Site =  131 .. Mmps =  550 Ndav =  11 E =   -192.3280832850 Error = 5.22e-34 FLOPS = 1.53e+10 Tdav = 0.87 T = 16.04
 --> Site =  132 .. Mmps =  550 Ndav =   9 E =   -192.3280835191 Error = 1.29e-33 FLOPS = 1.55e+10 Tdav = 0.68 T = 15.03
 --> Site =  133 .. Mmps =  550 Ndav =   9 E =   -192.3280836319 Error = 5.17e-34 FLOPS = 1.53e+10 Tdav = 0.67 T = 14.37
 --> Site =  134 .. Mmps =  550 Ndav =  10 E =   -192.3280837949 Error = 1.15e-33 FLOPS = 1.62e+10 Tdav = 0.69 T = 13.66
 --> Site =  135 .. Mmps =  550 Ndav =  11 E =   -192.3280840751 Error = 5.63e-34 FLOPS = 1.57e+10 Tdav = 0.76 T = 13.17
 --> Site =  136 .. Mmps =  550 Ndav =   9 E =   -192.3280842609 Error = 7.95e-34 FLOPS = 1.53e+10 Tdav = 0.62 T = 12.36
 --> Site =  137 .. Mmps =  550 Ndav =  10 E =   -192.3280844010 Error = 3.98e-34 FLOPS = 1.54e+10 Tdav = 0.66 T = 11.78
 --> Site =  138 .. Mmps =  550 Ndav =  10 E =   -192.3280845480 Error = 7.13e-34 FLOPS = 1.54e+10 Tdav = 0.64 T = 11.16
 --> Site =  139 .. Mmps =  550 Ndav =  10 E =   -192.3280849356 Error = 9.83e-34 FLOPS = 1.50e+10 Tdav = 0.64 T = 10.62
 --> Site =  140 .. Mmps =  550 Ndav =   9 E =   -192.3280850528 Error = 7.56e-34 FLOPS = 1.56e+10 Tdav = 0.53 T = 9.97
 --> Site =  141 .. Mmps =  550 Ndav =  10 E =   -192.3280851503 Error = 2.79e-34 FLOPS = 1.54e+10 Tdav = 0.58 T = 9.50
 --> Site =  142 .. Mmps =  550 Ndav =   8 E =   -192.3280853237 Error = 8.95e-34 FLOPS = 1.58e+10 Tdav = 0.44 T = 8.81
 --> Site =  143 .. Mmps =  550 Ndav =   9 E =   -192.3280854111 Error = 3.63e-35 FLOPS = 1.57e+10 Tdav = 0.48 T = 8.49
 --> Site =  144 .. Mmps =  550 Ndav =   8 E =   -192.3280856397 Error = 1.19e-33 FLOPS = 1.58e+10 Tdav = 0.41 T = 7.87
 --> Site =  145 .. Mmps =  550 Ndav =   8 E =   -192.3280857314 Error = 5.08e-34 FLOPS = 1.59e+10 Tdav = 0.39 T = 7.35
 --> Site =  146 .. Mmps =  550 Ndav =   8 E =   -192.3280858061 Error = 4.43e-33 FLOPS = 1.49e+10 Tdav = 0.40 T = 6.92
 --> Site =  147 .. Mmps =  550 Ndav =   6 E =   -192.3280858469 Error = 1.43e-33 FLOPS = 1.52e+10 Tdav = 0.28 T = 6.48
 --> Site =  148 .. Mmps =  550 Ndav =   7 E =   -192.3280859125 Error = 4.43e-33 FLOPS = 1.51e+10 Tdav = 0.31 T = 5.96
 --> Site =  149 .. Mmps =  550 Ndav =   6 E =   -192.3280859635 Error = 1.04e-33 FLOPS = 1.63e+10 Tdav = 0.24 T = 5.54
 --> Site =  150 .. Mmps =  550 Ndav =   7 E =   -192.3280860298 Error = 9.73e-34 FLOPS = 1.51e+10 Tdav = 0.29 T = 5.37
 --> Site =  151 .. Mmps =  550 Ndav =   7 E =   -192.3280861184 Error = 5.06e-34 FLOPS = 1.54e+10 Tdav = 0.27 T = 4.77
 --> Site =  152 .. Mmps =  550 Ndav =   7 E =   -192.3280861416 Error = 6.29e-34 FLOPS = 1.58e+10 Tdav = 0.25 T = 4.37
 --> Site =  153 .. Mmps =  550 Ndav =   8 E =   -192.3280861890 Error = 4.76e-34 FLOPS = 1.58e+10 Tdav = 0.27 T = 4.14
 --> Site =  154 .. Mmps =  550 Ndav =   7 E =   -192.3280862916 Error = 5.41e-34 FLOPS = 1.47e+10 Tdav = 0.24 T = 3.71
 --> Site =  155 .. Mmps =  550 Ndav =   9 E =   -192.3280863485 Error = 2.15e-34 FLOPS = 1.49e+10 Tdav = 0.28 T = 3.45
 --> Site =  156 .. Mmps =  550 Ndav =   7 E =   -192.3280864539 Error = 5.98e-34 FLOPS = 1.63e+10 Tdav = 0.19 T = 3.11
 --> Site =  157 .. Mmps =  550 Ndav =  10 E =   -192.3280865987 Error = 1.23e-34 FLOPS = 1.45e+10 Tdav = 0.28 T = 2.94
 --> Site =  158 .. Mmps =  550 Ndav =   7 E =   -192.3280866404 Error = 1.92e-34 FLOPS = 1.47e+10 Tdav = 0.18 T = 2.51
 --> Site =  159 .. Mmps =  550 Ndav =   9 E =   -192.3280866637 Error = 9.45e-35 FLOPS = 1.43e+10 Tdav = 0.21 T = 2.31
 --> Site =  160 .. Mmps =  550 Ndav =   6 E =   -192.3280866642 Error = 3.44e-35 FLOPS = 1.45e+10 Tdav = 0.13 T = 2.03
 --> Site =  161 .. Mmps =  550 Ndav =   5 E =   -192.3280866644 Error = 1.01e-35 FLOPS = 1.49e+10 Tdav = 0.09 T = 1.81
 --> Site =  162 .. Mmps =  550 Ndav =   4 E =   -192.3280866646 Error = 1.03e-35 FLOPS = 1.42e+10 Tdav = 0.07 T = 1.58
 --> Site =  163 .. Mmps =  550 Ndav =   3 E =   -192.3280866646 Error = 1.91e-36 FLOPS = 1.44e+10 Tdav = 0.05 T = 1.42
 --> Site =  164 .. Mmps =  550 Ndav =   1 E =   -192.3280866646 Error = 4.13e-60 FLOPS = 1.13e+10 Tdav = 0.01 T = 1.16
 --> Site =  165 .. Mmps =  550 Ndav =   1 E =   -192.3280866646 Error = 4.61e-84 FLOPS = 6.96e+09 Tdav = 0.01 T = 0.98
 --> Site =  166 .. Mmps =  550 Ndav =   1 E =   -192.3280866646 Error = 3.37e-109 FLOPS = 3.88e+09 Tdav = 0.01 T = 0.91
 --> Site =  167 .. Mmps =  550 Ndav =   1 E =   -192.3280866646 Error = 1.87e-137 FLOPS = 1.86e+09 Tdav = 0.00 T = 0.77
 --> Site =  168 .. Mmps =  543 Ndav =   1 E =   -192.3280866646 Error = 0.00e+00 FLOPS = 1.75e+09 Tdav = 0.00 T = 0.44
Time elapsed =   2886.791 | E =    -192.3280866646 | DE = -1.86e-05 | DW = 1.19465e-32
Time sweep =     2682.229 | 1.36 TFLOP/SWP
 | Dmem = 134 MB (0%) | Imem = 232 B (79%) | Hmem = 526 MB | Wmem = 215 KB | Pmem = 215 KB
 | Tread = 72.764 | Twrite = 34.605 | Tfpread = 69.547 | Tfpwrite = 18.813 | Tmporead = 0.000 | Tasync = 0.000
 | data = 13.3 GB | cpsd = 9.66 GB
 | Trot = 194.287 | Tctr = 1.388 | Tint = 0.031 | Tmid = 0.000 | Tdctr = 71.087 | Tdiag = 1.091 | Tinfo = 2.425
 | Teff = 2283.834 | Tprt = 10.996 | Teig = 96.142 | Tblk = 2448.182 | Tmve = 234.028 | Tdm = 0.826 | Tsplt = 46.964 | Tsvd = 0.000 | Torth = 0.000

Sweep =    7 | Direction = backward | Bond dimension =  550 | Noise =  1.00e-05 | Dav threshold =  1.00e-10
 <-- Site =  168 .. Mmps =    2 Ndav =   1 E =   -192.3280866646 Error = 0.00e+00 FLOPS = 1.72e+09 Tdav = 0.00 T = 0.04
 <-- Site =  167 .. Mmps =    4 Ndav =   1 E =   -192.3280866646 Error = 0.00e+00 FLOPS = 1.74e+09 Tdav = 0.00 T = 0.16
 <-- Site =  166 .. Mmps =    8 Ndav =   1 E =   -192.3280866646 Error = 0.00e+00 FLOPS = 3.58e+09 Tdav = 0.01 T = 0.22
 <-- Site =  165 .. Mmps =   16 Ndav =   1 E =   -192.3280866646 Error = 0.00e+00 FLOPS = 6.85e+09 Tdav = 0.01 T = 0.30
 <-- Site =  164 .. Mmps =   27 Ndav =   1 E =   -192.3280866646 Error = 0.00e+00 FLOPS = 1.10e+10 Tdav = 0.01 T = 0.40
 <-- Site =  163 .. Mmps =   54 Ndav =   1 E =   -192.3280866646 Error = 0.00e+00 FLOPS = 1.36e+10 Tdav = 0.02 T = 0.52
 <-- Site =  162 .. Mmps =  106 Ndav =   1 E =   -192.3280866646 Error = 0.00e+00 FLOPS = 1.76e+10 Tdav = 0.03 T = 0.68
 <-- Site =  161 .. Mmps =  212 Ndav =   2 E =   -192.3280866646 Error = 0.00e+00 FLOPS = 2.18e+10 Tdav = 0.12 T = 0.92
 <-- Site =  160 .. Mmps =  417 Ndav =   3 E =   -192.3280866646 Error = 0.00e+00 FLOPS = 2.46e+10 Tdav = 0.37 T = 1.42
 <-- Site =  159 .. Mmps =  550 Ndav =   4 E =   -192.3280866647 Error = 3.41e-27 FLOPS = 2.51e+10 Tdav = 1.22 T = 2.74
 <-- Site =  158 .. Mmps =  550 Ndav =   5 E =   -192.3280866673 Error = 2.01e-26 FLOPS = 2.72e+10 Tdav = 2.20 T = 4.61
 <-- Site =  157 .. Mmps =  550 Ndav =   6 E =   -192.3280866722 Error = 1.36e-25 FLOPS = 2.74e+10 Tdav = 2.84 T = 5.76
 <-- Site =  156 .. Mmps =  550 Ndav =   9 E =   -192.3280867279 Error = 1.07e-23 FLOPS = 2.61e+10 Tdav = 4.82 T = 8.14
 <-- Site =  155 .. Mmps =  550 Ndav =   9 E =   -192.3280867923 Error = 1.00e-23 FLOPS = 2.60e+10 Tdav = 5.19 T = 8.79
 <-- Site =  154 .. Mmps =  550 Ndav =  10 E =   -192.3280869390 Error = 2.26e-23 FLOPS = 2.58e+10 Tdav = 6.18 T = 10.13
 <-- Site =  153 .. Mmps =  550 Ndav =  10 E =   -192.3280871009 Error = 1.39e-23 FLOPS = 2.63e+10 Tdav = 6.45 T = 10.74
 <-- Site =  152 .. Mmps =  550 Ndav =  11 E =   -192.3280873445 Error = 1.53e-23 FLOPS = 2.57e+10 Tdav = 7.68 T = 12.28
 <-- Site =  151 .. Mmps =  550 Ndav =  11 E =   -192.3280875977 Error = 9.04e-24 FLOPS = 2.61e+10 Tdav = 8.00 T = 13.05
 <-- Site =  150 .. Mmps =  550 Ndav =  11 E =   -192.3280878526 Error = 1.64e-23 FLOPS = 2.63e+10 Tdav = 8.35 T = 13.89
 <-- Site =  149 .. Mmps =  550 Ndav =  11 E =   -192.3280880369 Error = 7.91e-24 FLOPS = 2.66e+10 Tdav = 8.65 T = 14.53
 <-- Site =  148 .. Mmps =  550 Ndav =  11 E =   -192.3280883323 Error = 1.66e-23 FLOPS = 2.65e+10 Tdav = 9.10 T = 15.41
 <-- Site =  147 .. Mmps =  550 Ndav =  12 E =   -192.3280884711 Error = 8.95e-24 FLOPS = 2.63e+10 Tdav = 10.46 T = 17.34
 <-- Site =  146 .. Mmps =  550 Ndav =  11 E =   -192.3280885982 Error = 1.43e-23 FLOPS = 2.69e+10 Tdav = 9.78 T = 17.21
 <-- Site =  145 .. Mmps =  550 Ndav =  10 E =   -192.3280888359 Error = 7.97e-24 FLOPS = 2.78e+10 Tdav = 8.98 T = 16.81
 <-- Site =  144 .. Mmps =  550 Ndav =  10 E =   -192.3280889656 Error = 1.26e-23 FLOPS = 2.80e+10 Tdav = 9.27 T = 17.55
 <-- Site =  143 .. Mmps =  550 Ndav =  12 E =   -192.3280891543 Error = 3.54e-23 FLOPS = 2.72e+10 Tdav = 11.89 T = 20.80
 <-- Site =  142 .. Mmps =  550 Ndav =  10 E =   -192.3280892639 Error = 8.31e-23 FLOPS = 2.81e+10 Tdav = 9.94 T = 19.37
 <-- Site =  141 .. Mmps =  550 Ndav =  12 E =   -192.3280898147 Error = 2.14e-23 FLOPS = 2.72e+10 Tdav = 12.75 T = 22.65
 <-- Site =  140 .. Mmps =  550 Ndav =  12 E =   -192.3280902291 Error = 3.99e-23 FLOPS = 2.76e+10 Tdav = 13.00 T = 23.56
 <-- Site =  139 .. Mmps =  550 Ndav =  12 E =   -192.3280908546 Error = 3.33e-23 FLOPS = 2.77e+10 Tdav = 13.40 T = 24.63
 <-- Site =  138 .. Mmps =  550 Ndav =  11 E =   -192.3280912290 Error = 5.32e-23 FLOPS = 2.82e+10 Tdav = 12.44 T = 24.27
 <-- Site =  137 .. Mmps =  550 Ndav =  13 E =   -192.3280918880 Error = 2.28e-23 FLOPS = 2.75e+10 Tdav = 15.57 T = 27.94
 <-- Site =  136 .. Mmps =  550 Ndav =  12 E =   -192.3280921658 Error = 4.40e-23 FLOPS = 2.79e+10 Tdav = 14.60 T = 27.60
 <-- Site =  135 .. Mmps =  550 Ndav =  12 E =   -192.3280928268 Error = 1.91e-23 FLOPS = 2.85e+10 Tdav = 14.73 T = 28.55
 <-- Site =  134 .. Mmps =  550 Ndav =  12 E =   -192.3280931040 Error = 3.54e-23 FLOPS = 2.83e+10 Tdav = 15.26 T = 29.86
 <-- Site =  133 .. Mmps =  550 Ndav =  13 E =   -192.3280935199 Error = 1.71e-23 FLOPS = 2.77e+10 Tdav = 17.31 T = 32.46
 <-- Site =  132 .. Mmps =  550 Ndav =  10 E =   -192.3280936809 Error = 4.77e-23 FLOPS = 2.89e+10 Tdav = 13.11 T = 28.97
 <-- Site =  131 .. Mmps =  550 Ndav =  11 E =   -192.3280940427 Error = 3.08e-23 FLOPS = 2.86e+10 Tdav = 14.95 T = 31.55
 <-- Site =  130 .. Mmps =  550 Ndav =  10 E =   -192.3280942137 Error = 1.38e-22 FLOPS = 2.90e+10 Tdav = 13.79 T = 31.17
 <-- Site =  129 .. Mmps =  550 Ndav =  15 E =   -192.3280944014 Error = 8.42e-23 FLOPS = 2.75e+10 Tdav = 22.30 T = 40.30
 <-- Site =  128 .. Mmps =  550 Ndav =  13 E =   -192.3280947134 Error = 5.61e-23 FLOPS = 2.82e+10 Tdav = 19.34 T = 38.09
 <-- Site =  127 .. Mmps =  550 Ndav =  11 E =   -192.3280950420 Error = 4.03e-23 FLOPS = 2.94e+10 Tdav = 16.06 T = 35.83
 <-- Site =  126 .. Mmps =  550 Ndav =  12 E =   -192.3280955644 Error = 6.16e-23 FLOPS = 2.92e+10 Tdav = 18.05 T = 38.68
 <-- Site =  125 .. Mmps =  550 Ndav =  14 E =   -192.3280961200 Error = 3.28e-23 FLOPS = 2.82e+10 Tdav = 22.27 T = 43.32
 <-- Site =  124 .. Mmps =  550 Ndav =  12 E =   -192.3280966148 Error = 4.18e-23 FLOPS = 2.91e+10 Tdav = 18.54 T = 39.99
 <-- Site =  123 .. Mmps =  550 Ndav =  13 E =   -192.3280970684 Error = 2.19e-23 FLOPS = 2.85e+10 Tdav = 20.93 T = 42.82
 <-- Site =  122 .. Mmps =  550 Ndav =  12 E =   -192.3280974929 Error = 6.41e-23 FLOPS = 2.90e+10 Tdav = 18.98 T = 41.37
 <-- Site =  121 .. Mmps =  550 Ndav =  14 E =   -192.3280978603 Error = 2.42e-23 FLOPS = 2.84e+10 Tdav = 23.13 T = 46.05
 <-- Site =  120 .. Mmps =  550 Ndav =  10 E =   -192.3280980996 Error = 3.94e-23 FLOPS = 2.96e+10 Tdav = 15.85 T = 39.12
 <-- Site =  119 .. Mmps =  550 Ndav =  13 E =   -192.3280982916 Error = 2.55e-23 FLOPS = 2.88e+10 Tdav = 21.62 T = 45.73
 <-- Site =  118 .. Mmps =  550 Ndav =  11 E =   -192.3280986304 Error = 3.26e-23 FLOPS = 2.96e+10 Tdav = 18.18 T = 42.67
 <-- Site =  117 .. Mmps =  550 Ndav =  12 E =   -192.3280988291 Error = 4.90e-23 FLOPS = 2.90e+10 Tdav = 20.24 T = 45.28
 <-- Site =  116 .. Mmps =  550 Ndav =  10 E =   -192.3280990574 Error = 1.12e-22 FLOPS = 2.96e+10 Tdav = 16.88 T = 42.79
 <-- Site =  115 .. Mmps =  550 Ndav =  13 E =   -192.3280996180 Error = 3.56e-23 FLOPS = 2.91e+10 Tdav = 22.78 T = 49.03
 <-- Site =  114 .. Mmps =  550 Ndav =  12 E =   -192.3281000635 Error = 5.53e-23 FLOPS = 2.91e+10 Tdav = 21.00 T = 47.38
 <-- Site =  113 .. Mmps =  550 Ndav =  13 E =   -192.3281006836 Error = 3.04e-23 FLOPS = 2.89e+10 Tdav = 22.90 T = 49.59
 <-- Site =  112 .. Mmps =  550 Ndav =  11 E =   -192.3281010203 Error = 4.60e-23 FLOPS = 2.94e+10 Tdav = 19.40 T = 46.90
 <-- Site =  111 .. Mmps =  550 Ndav =  13 E =   -192.3281019463 Error = 3.22e-23 FLOPS = 2.91e+10 Tdav = 23.23 T = 50.58
 <-- Site =  110 .. Mmps =  550 Ndav =  12 E =   -192.3281023925 Error = 4.87e-23 FLOPS = 2.94e+10 Tdav = 21.17 T = 48.96
 <-- Site =  109 .. Mmps =  550 Ndav =  12 E =   -192.3281030708 Error = 2.29e-23 FLOPS = 2.96e+10 Tdav = 21.06 T = 49.11
 <-- Site =  108 .. Mmps =  550 Ndav =  11 E =   -192.3281032878 Error = 2.82e-23 FLOPS = 2.97e+10 Tdav = 19.57 T = 48.09
 <-- Site =  107 .. Mmps =  550 Ndav =  13 E =   -192.3281037750 Error = 1.85e-23 FLOPS = 2.94e+10 Tdav = 23.41 T = 52.31
 <-- Site =  106 .. Mmps =  550 Ndav =  11 E =   -192.3281039894 Error = 4.56e-23 FLOPS = 2.98e+10 Tdav = 19.88 T = 49.37
 <-- Site =  105 .. Mmps =  550 Ndav =  11 E =   -192.3281043249 Error = 3.38e-23 FLOPS = 2.99e+10 Tdav = 19.85 T = 49.28
 <-- Site =  104 .. Mmps =  550 Ndav =  14 E =   -192.3281045770 Error = 2.04e-22 FLOPS = 2.91e+10 Tdav = 25.94 T = 55.41
 <-- Site =  103 .. Mmps =  550 Ndav =  12 E =   -192.3281047949 Error = 4.45e-23 FLOPS = 2.96e+10 Tdav = 21.84 T = 51.66
 <-- Site =  102 .. Mmps =  550 Ndav =  13 E =   -192.3281052407 Error = 6.21e-23 FLOPS = 2.94e+10 Tdav = 24.28 T = 54.75
 <-- Site =  101 .. Mmps =  550 Ndav =  12 E =   -192.3281055423 Error = 4.13e-23 FLOPS = 2.94e+10 Tdav = 22.38 T = 52.89
 <-- Site =  100 .. Mmps =  550 Ndav =  13 E =   -192.3281058466 Error = 6.03e-23 FLOPS = 2.91e+10 Tdav = 24.55 T = 55.44
 <-- Site =   99 .. Mmps =  550 Ndav =  13 E =   -192.3281065024 Error = 2.61e-23 FLOPS = 2.92e+10 Tdav = 24.87 T = 55.89
 <-- Site =   98 .. Mmps =  550 Ndav =  11 E =   -192.3281069077 Error = 4.15e-23 FLOPS = 2.96e+10 Tdav = 20.38 T = 50.95
 <-- Site =   97 .. Mmps =  550 Ndav =  15 E =   -192.3281074350 Error = 2.59e-23 FLOPS = 2.85e+10 Tdav = 28.90 T = 59.55
 <-- Site =   96 .. Mmps =  550 Ndav =  12 E =   -192.3281080103 Error = 4.83e-23 FLOPS = 2.94e+10 Tdav = 22.43 T = 53.13
 <-- Site =   95 .. Mmps =  550 Ndav =  12 E =   -192.3281083304 Error = 1.51e-23 FLOPS = 2.92e+10 Tdav = 22.56 T = 53.57
 <-- Site =   94 .. Mmps =  550 Ndav =  11 E =   -192.3281086297 Error = 2.88e-23 FLOPS = 2.97e+10 Tdav = 20.73 T = 52.19
 <-- Site =   93 .. Mmps =  550 Ndav =  13 E =   -192.3281088697 Error = 1.50e-23 FLOPS = 2.91e+10 Tdav = 25.00 T = 56.55
 <-- Site =   92 .. Mmps =  550 Ndav =  11 E =   -192.3281091023 Error = 3.49e-23 FLOPS = 3.00e+10 Tdav = 20.48 T = 51.92
 <-- Site =   91 .. Mmps =  550 Ndav =  13 E =   -192.3281094212 Error = 5.04e-23 FLOPS = 2.93e+10 Tdav = 24.77 T = 56.24
 <-- Site =   90 .. Mmps =  550 Ndav =  10 E =   -192.3281095863 Error = 1.23e-22 FLOPS = 2.99e+10 Tdav = 18.67 T = 50.10
 <-- Site =   89 .. Mmps =  550 Ndav =  13 E =   -192.3281100653 Error = 3.77e-23 FLOPS = 2.93e+10 Tdav = 24.78 T = 56.23
 <-- Site =   88 .. Mmps =  550 Ndav =  12 E =   -192.3281103982 Error = 6.49e-23 FLOPS = 2.96e+10 Tdav = 22.67 T = 54.05
 <-- Site =   87 .. Mmps =  550 Ndav =  13 E =   -192.3281112423 Error = 3.42e-23 FLOPS = 2.94e+10 Tdav = 24.74 T = 56.67
 <-- Site =   86 .. Mmps =  550 Ndav =  11 E =   -192.3281115767 Error = 6.87e-23 FLOPS = 2.96e+10 Tdav = 21.12 T = 53.19
 <-- Site =   85 .. Mmps =  550 Ndav =  14 E =   -192.3281125418 Error = 3.43e-23 FLOPS = 2.91e+10 Tdav = 26.88 T = 58.44
 <-- Site =   84 .. Mmps =  550 Ndav =  11 E =   -192.3281129018 Error = 4.11e-23 FLOPS = 2.97e+10 Tdav = 20.74 T = 52.11
 <-- Site =   83 .. Mmps =  550 Ndav =  12 E =   -192.3281133953 Error = 2.04e-23 FLOPS = 2.97e+10 Tdav = 22.62 T = 53.88
 <-- Site =   82 .. Mmps =  550 Ndav =  12 E =   -192.3281138313 Error = 2.76e-23 FLOPS = 2.96e+10 Tdav = 22.28 T = 53.10
 <-- Site =   81 .. Mmps =  550 Ndav =  12 E =   -192.3281145360 Error = 1.77e-23 FLOPS = 2.95e+10 Tdav = 22.73 T = 54.03
 <-- Site =   80 .. Mmps =  550 Ndav =  10 E =   -192.3281147430 Error = 3.14e-23 FLOPS = 2.98e+10 Tdav = 18.74 T = 50.34
 <-- Site =   79 .. Mmps =  550 Ndav =  10 E =   -192.3281150081 Error = 2.63e-23 FLOPS = 2.99e+10 Tdav = 18.72 T = 50.17
 <-- Site =   78 .. Mmps =  550 Ndav =  13 E =   -192.3281152035 Error = 1.28e-22 FLOPS = 2.91e+10 Tdav = 24.96 T = 56.29
 <-- Site =   77 .. Mmps =  550 Ndav =  11 E =   -192.3281153832 Error = 5.31e-23 FLOPS = 3.00e+10 Tdav = 20.48 T = 52.12
 <-- Site =   76 .. Mmps =  550 Ndav =  12 E =   -192.3281156420 Error = 6.58e-23 FLOPS = 2.98e+10 Tdav = 22.54 T = 54.20
 <-- Site =   75 .. Mmps =  550 Ndav =  15 E =   -192.3281160029 Error = 5.60e-23 FLOPS = 2.90e+10 Tdav = 28.95 T = 60.61
 <-- Site =   74 .. Mmps =  550 Ndav =  13 E =   -192.3281166956 Error = 5.88e-23 FLOPS = 2.95e+10 Tdav = 24.66 T = 56.30
 <-- Site =   73 .. Mmps =  550 Ndav =  14 E =   -192.3281174353 Error = 2.81e-23 FLOPS = 2.92e+10 Tdav = 26.77 T = 58.38
 <-- Site =   72 .. Mmps =  550 Ndav =  12 E =   -192.3281178269 Error = 6.51e-23 FLOPS = 2.97e+10 Tdav = 22.57 T = 53.65
 <-- Site =   71 .. Mmps =  550 Ndav =  16 E =   -192.3281183011 Error = 3.01e-23 FLOPS = 2.85e+10 Tdav = 30.79 T = 61.36
 <-- Site =   70 .. Mmps =  550 Ndav =  12 E =   -192.3281187661 Error = 5.45e-23 FLOPS = 2.96e+10 Tdav = 22.28 T = 53.14
 <-- Site =   69 .. Mmps =  550 Ndav =  12 E =   -192.3281191010 Error = 1.94e-23 FLOPS = 2.98e+10 Tdav = 22.13 T = 53.06
 <-- Site =   68 .. Mmps =  550 Ndav =  11 E =   -192.3281193619 Error = 4.92e-23 FLOPS = 3.00e+10 Tdav = 20.48 T = 51.99
 <-- Site =   67 .. Mmps =  550 Ndav =  11 E =   -192.3281195516 Error = 1.94e-23 FLOPS = 3.01e+10 Tdav = 20.42 T = 51.65
 <-- Site =   66 .. Mmps =  550 Ndav =  11 E =   -192.3281198534 Error = 4.29e-23 FLOPS = 3.00e+10 Tdav = 20.16 T = 50.83
 <-- Site =   65 .. Mmps =  550 Ndav =  13 E =   -192.3281200541 Error = 6.81e-23 FLOPS = 2.94e+10 Tdav = 24.29 T = 55.00
 <-- Site =   64 .. Mmps =  550 Ndav =  11 E =   -192.3281202390 Error = 1.54e-22 FLOPS = 2.98e+10 Tdav = 20.24 T = 50.35
 <-- Site =   63 .. Mmps =  550 Ndav =  13 E =   -192.3281207628 Error = 5.49e-23 FLOPS = 2.94e+10 Tdav = 23.84 T = 53.30
 <-- Site =   62 .. Mmps =  550 Ndav =  12 E =   -192.3281211949 Error = 1.00e-22 FLOPS = 2.96e+10 Tdav = 21.88 T = 51.50
 <-- Site =   61 .. Mmps =  550 Ndav =  12 E =   -192.3281220379 Error = 4.48e-23 FLOPS = 2.94e+10 Tdav = 21.97 T = 51.19
 <-- Site =   60 .. Mmps =  550 Ndav =  12 E =   -192.3281224222 Error = 1.44e-22 FLOPS = 2.95e+10 Tdav = 21.56 T = 50.60
 <-- Site =   59 .. Mmps =  550 Ndav =  12 E =   -192.3281231895 Error = 3.48e-23 FLOPS = 2.95e+10 Tdav = 21.93 T = 51.12
 <-- Site =   58 .. Mmps =  550 Ndav =  11 E =   -192.3281234873 Error = 8.44e-23 FLOPS = 2.96e+10 Tdav = 19.66 T = 47.80
 <-- Site =   57 .. Mmps =  550 Ndav =  12 E =   -192.3281244067 Error = 3.30e-23 FLOPS = 2.93e+10 Tdav = 21.26 T = 48.78
 <-- Site =   56 .. Mmps =  550 Ndav =  12 E =   -192.3281247188 Error = 7.11e-23 FLOPS = 2.95e+10 Tdav = 21.15 T = 48.64
 <-- Site =   55 .. Mmps =  550 Ndav =  12 E =   -192.3281251486 Error = 2.49e-23 FLOPS = 2.96e+10 Tdav = 21.03 T = 48.49
 <-- Site =   54 .. Mmps =  550 Ndav =  11 E =   -192.3281253622 Error = 5.98e-23 FLOPS = 2.97e+10 Tdav = 19.23 T = 46.30
 <-- Site =   53 .. Mmps =  550 Ndav =  12 E =   -192.3281257076 Error = 4.44e-23 FLOPS = 2.96e+10 Tdav = 20.65 T = 47.20
 <-- Site =   52 .. Mmps =  550 Ndav =  12 E =   -192.3281258681 Error = 2.47e-22 FLOPS = 2.94e+10 Tdav = 20.81 T = 46.88
 <-- Site =   51 .. Mmps =  550 Ndav =  13 E =   -192.3281260889 Error = 7.74e-23 FLOPS = 2.92e+10 Tdav = 22.21 T = 47.49
 <-- Site =   50 .. Mmps =  550 Ndav =  13 E =   -192.3281263930 Error = 1.14e-22 FLOPS = 2.89e+10 Tdav = 21.99 T = 46.71
 <-- Site =   49 .. Mmps =  550 Ndav =  11 E =   -192.3281266556 Error = 6.84e-23 FLOPS = 2.95e+10 Tdav = 18.22 T = 42.85
 <-- Site =   48 .. Mmps =  550 Ndav =  13 E =   -192.3281272088 Error = 1.16e-22 FLOPS = 2.86e+10 Tdav = 21.75 T = 45.67
 <-- Site =   47 .. Mmps =  550 Ndav =  13 E =   -192.3281276131 Error = 6.14e-23 FLOPS = 2.90e+10 Tdav = 21.07 T = 44.53
 <-- Site =   46 .. Mmps =  550 Ndav =  13 E =   -192.3281283871 Error = 5.59e-23 FLOPS = 2.88e+10 Tdav = 20.85 T = 43.52
 <-- Site =   45 .. Mmps =  550 Ndav =  13 E =   -192.3281287422 Error = 1.20e-25 FLOPS = 2.89e+10 Tdav = 19.66 T = 41.32
 <-- Site =   44 .. Mmps =  550 Ndav =  12 E =   -192.3281293063 Error = 2.14e-24 FLOPS = 2.90e+10 Tdav = 17.33 T = 37.69
 <-- Site =   43 .. Mmps =  550 Ndav =  15 E =   -192.3281297000 Error = 5.38e-26 FLOPS = 2.75e+10 Tdav = 21.45 T = 40.61
 <-- Site =   42 .. Mmps =  550 Ndav =  12 E =   -192.3281300321 Error = 2.77e-26 FLOPS = 2.84e+10 Tdav = 15.94 T = 34.08
 <-- Site =   41 .. Mmps =  550 Ndav =  10 E =   -192.3281303014 Error = 7.78e-27 FLOPS = 2.87e+10 Tdav = 12.25 T = 29.08
 <-- Site =   40 .. Mmps =  550 Ndav =  10 E =   -192.3281304369 Error = 2.43e-25 FLOPS = 2.86e+10 Tdav = 11.53 T = 27.01
 <-- Site =   39 .. Mmps =  550 Ndav =  13 E =   -192.3281306992 Error = 1.37e-26 FLOPS = 2.77e+10 Tdav = 14.57 T = 28.88
 <-- Site =   38 .. Mmps =  550 Ndav =  10 E =   -192.3281308792 Error = 1.29e-26 FLOPS = 2.83e+10 Tdav = 10.17 T = 23.45
 <-- Site =   37 .. Mmps =  550 Ndav =  13 E =   -192.3281314332 Error = 2.08e-26 FLOPS = 2.66e+10 Tdav = 13.15 T = 25.35
 <-- Site =   36 .. Mmps =  550 Ndav =  11 E =   -192.3281318873 Error = 6.76e-27 FLOPS = 2.70e+10 Tdav = 10.14 T = 21.47
 <-- Site =   35 .. Mmps =  550 Ndav =  12 E =   -192.3281326492 Error = 1.16e-26 FLOPS = 2.67e+10 Tdav = 10.39 T = 20.98
 <-- Site =   34 .. Mmps =  550 Ndav =  11 E =   -192.3281330073 Error = 1.49e-26 FLOPS = 2.67e+10 Tdav = 8.80 T = 18.27
 <-- Site =   33 .. Mmps =  550 Ndav =  13 E =   -192.3281336986 Error = 9.62e-27 FLOPS = 2.70e+10 Tdav = 9.58 T = 18.38
 <-- Site =   32 .. Mmps =  550 Ndav =  12 E =   -192.3281339781 Error = 5.24e-27 FLOPS = 2.71e+10 Tdav = 8.09 T = 16.22
 <-- Site =   31 .. Mmps =  550 Ndav =  12 E =   -192.3281347701 Error = 4.66e-27 FLOPS = 2.70e+10 Tdav = 7.55 T = 15.00
 <-- Site =   30 .. Mmps =  550 Ndav =  10 E =   -192.3281349521 Error = 7.77e-28 FLOPS = 2.77e+10 Tdav = 5.60 T = 12.34
 <-- Site =   29 .. Mmps =  550 Ndav =  13 E =   -192.3281355048 Error = 2.25e-27 FLOPS = 2.63e+10 Tdav = 7.04 T = 13.23
 <-- Site =   28 .. Mmps =  550 Ndav =  11 E =   -192.3281357054 Error = 9.70e-28 FLOPS = 2.70e+10 Tdav = 5.34 T = 11.13
 <-- Site =   27 .. Mmps =  550 Ndav =  11 E =   -192.3281360338 Error = 1.40e-27 FLOPS = 2.67e+10 Tdav = 4.92 T = 10.25
 <-- Site =   26 .. Mmps =  550 Ndav =  12 E =   -192.3281361987 Error = 3.59e-28 FLOPS = 2.60e+10 Tdav = 5.01 T = 9.92
 <-- Site =   25 .. Mmps =  550 Ndav =  11 E =   -192.3281363840 Error = 6.56e-28 FLOPS = 2.58e+10 Tdav = 4.16 T = 8.66
 <-- Site =   24 .. Mmps =  550 Ndav =  12 E =   -192.3281366637 Error = 6.44e-27 FLOPS = 2.50e+10 Tdav = 4.24 T = 8.40
 <-- Site =   23 .. Mmps =  550 Ndav =  13 E =   -192.3281370975 Error = 1.86e-28 FLOPS = 2.39e+10 Tdav = 4.31 T = 8.13
 <-- Site =   22 .. Mmps =  550 Ndav =  11 E =   -192.3281375184 Error = 2.47e-27 FLOPS = 2.47e+10 Tdav = 3.14 T = 6.65
 <-- Site =   21 .. Mmps =  550 Ndav =  14 E =   -192.3281379952 Error = 1.35e-28 FLOPS = 2.27e+10 Tdav = 3.88 T = 7.00
 <-- Site =   20 .. Mmps =  550 Ndav =  12 E =   -192.3281384529 Error = 3.69e-27 FLOPS = 2.34e+10 Tdav = 2.82 T = 5.81
 <-- Site =   19 .. Mmps =  550 Ndav =  11 E =   -192.3281388029 Error = 2.31e-29 FLOPS = 2.35e+10 Tdav = 2.29 T = 5.07
 <-- Site =   18 .. Mmps =  550 Ndav =  12 E =   -192.3281391241 Error = 2.52e-28 FLOPS = 2.30e+10 Tdav = 2.24 T = 4.78
 <-- Site =   17 .. Mmps =  550 Ndav =  12 E =   -192.3281394478 Error = 3.15e-30 FLOPS = 2.26e+10 Tdav = 1.94 T = 4.27
 <-- Site =   16 .. Mmps =  550 Ndav =  10 E =   -192.3281396447 Error = 6.12e-30 FLOPS = 2.36e+10 Tdav = 1.32 T = 3.49
 <-- Site =   15 .. Mmps =  550 Ndav =  12 E =   -192.3281398151 Error = 3.23e-30 FLOPS = 2.17e+10 Tdav = 1.47 T = 3.53
 <-- Site =   14 .. Mmps =  550 Ndav =  10 E =   -192.3281400501 Error = 1.15e-29 FLOPS = 2.32e+10 Tdav = 0.96 T = 2.84
 <-- Site =   13 .. Mmps =  550 Ndav =  10 E =   -192.3281401962 Error = 9.19e-31 FLOPS = 2.24e+10 Tdav = 0.82 T = 2.51
 <-- Site =   12 .. Mmps =  550 Ndav =   9 E =   -192.3281403972 Error = 1.49e-30 FLOPS = 2.24e+10 Tdav = 0.60 T = 2.25
 <-- Site =   11 .. Mmps =  550 Ndav =  10 E =   -192.3281406009 Error = 5.61e-31 FLOPS = 2.10e+10 Tdav = 0.56 T = 2.08
 <-- Site =   10 .. Mmps =  550 Ndav =  10 E =   -192.3281408412 Error = 2.52e-31 FLOPS = 1.98e+10 Tdav = 0.47 T = 1.88
 <-- Site =    9 .. Mmps =  550 Ndav =   9 E =   -192.3281411203 Error = 3.57e-32 FLOPS = 2.02e+10 Tdav = 0.31 T = 1.62
 <-- Site =    8 .. Mmps =  550 Ndav =  11 E =   -192.3281413465 Error = 1.12e-32 FLOPS = 1.82e+10 Tdav = 0.31 T = 1.57
 <-- Site =    7 .. Mmps =  550 Ndav =   9 E =   -192.3281415033 Error = 2.67e-33 FLOPS = 1.83e+10 Tdav = 0.18 T = 1.33
 <-- Site =    6 .. Mmps =  550 Ndav =   8 E =   -192.3281415239 Error = 3.01e-34 FLOPS = 1.88e+10 Tdav = 0.11 T = 1.22
 <-- Site =    5 .. Mmps =  550 Ndav =   6 E =   -192.3281415288 Error = 8.68e-36 FLOPS = 1.73e+10 Tdav = 0.05 T = 1.03
 <-- Site =    4 .. Mmps =  550 Ndav =   2 E =   -192.3281415288 Error = 2.01e-37 FLOPS = 1.30e+10 Tdav = 0.01 T = 0.94
 <-- Site =    3 .. Mmps =  550 Ndav =   1 E =   -192.3281415288 Error = 2.27e-58 FLOPS = 8.14e+09 Tdav = 0.00 T = 0.83
 <-- Site =    2 .. Mmps =  550 Ndav =   1 E =   -192.3281415288 Error = 1.39e-67 FLOPS = 5.06e+09 Tdav = 0.00 T = 0.76
 <-- Site =    1 .. Mmps =  550 Ndav =   1 E =   -192.3281415288 Error = 0.00e+00 FLOPS = 2.95e+09 Tdav = 0.00 T = 0.74
 <-- Site =    0 .. Mmps =  550 Ndav =   1 E =   -192.3281415288 Error = 1.05e-74 FLOPS = 2.09e+09 Tdav = 0.00 T = 0.64
Time elapsed =   8203.130 | E =    -192.3281415288 | DE = -5.49e-05 | DW = 2.46942e-22
Time sweep =     5316.338 | 62.7 TFLOP/SWP
 | Dmem = 138 MB (3%) | Imem = 232 B (79%) | Hmem = 660 MB | Wmem = 4.62 MB | Pmem = 4.62 MB
 | Tread = 93.445 | Twrite = 36.461 | Tfpread = 92.176 | Tfpwrite = 20.073 | Tmporead = 0.000 | Tasync = 0.000
 | data = 14.7 GB | cpsd = 9.69 GB
 | Trot = 210.568 | Tctr = 230.247 | Tint = 0.030 | Tmid = 0.000 | Tdctr = 0.018 | Tdiag = 2.691 | Tinfo = 2.752
 | Teff = 2238.899 | Tprt = 63.347 | Teig = 2390.419 | Tblk = 4766.115 | Tmve = 550.202 | Tdm = 3.659 | Tsplt = 51.608 | Tsvd = 0.000 | Torth = 0.000

Sweep =    8 | Direction =  forward | Bond dimension =  550 | Noise =  0.00e+00 | Dav threshold =  1.00e-08
 --> Site =    0 .. Mmps =    2 Ndav =   1 E =   -192.3281415288 Error = 0.00e+00 FLOPS = 1.78e+09 Tdav = 0.00 T = 0.03
 --> Site =    1 .. Mmps =    4 Ndav =   1 E =   -192.3281415288 Error = 0.00e+00 FLOPS = 2.78e+09 Tdav = 0.00 T = 0.06
 --> Site =    2 .. Mmps =    8 Ndav =   1 E =   -192.3281415288 Error = 0.00e+00 FLOPS = 4.96e+09 Tdav = 0.00 T = 0.07
 --> Site =    3 .. Mmps =   16 Ndav =   1 E =   -192.3281415288 Error = 0.00e+00 FLOPS = 7.77e+09 Tdav = 0.00 T = 0.07
 --> Site =    4 .. Mmps =   32 Ndav =   1 E =   -192.3281415288 Error = 0.00e+00 FLOPS = 1.10e+10 Tdav = 0.01 T = 0.09
 --> Site =    5 .. Mmps =   64 Ndav =   1 E =   -192.3281415288 Error = 0.00e+00 FLOPS = 1.37e+10 Tdav = 0.01 T = 0.10
 --> Site =    6 .. Mmps =  128 Ndav =   1 E =   -192.3281415288 Error = 0.00e+00 FLOPS = 1.67e+10 Tdav = 0.03 T = 0.13
 --> Site =    7 .. Mmps =  256 Ndav =   1 E =   -192.3281415288 Error = 0.00e+00 FLOPS = 2.00e+10 Tdav = 0.06 T = 0.23
 --> Site =    8 .. Mmps =  512 Ndav =   1 E =   -192.3281415288 Error = 0.00e+00 FLOPS = 2.25e+10 Tdav = 0.15 T = 0.59
 --> Site =    9 .. Mmps =  550 Ndav =   1 E =   -192.3281415288 Error = 1.18e-26 FLOPS = 2.29e+10 Tdav = 0.47 T = 2.10
 --> Site =   10 .. Mmps =  550 Ndav =   2 E =   -192.3281415293 Error = 8.99e-27 FLOPS = 2.81e+10 Tdav = 0.92 T = 3.26
 --> Site =   11 .. Mmps =  550 Ndav =   2 E =   -192.3281415295 Error = 8.39e-26 FLOPS = 2.85e+10 Tdav = 0.98 T = 3.72
 --> Site =   12 .. Mmps =  550 Ndav =   3 E =   -192.3281415319 Error = 2.63e-25 FLOPS = 2.76e+10 Tdav = 1.63 T = 4.53
 --> Site =   13 .. Mmps =  550 Ndav =   3 E =   -192.3281415345 Error = 3.08e-23 FLOPS = 2.76e+10 Tdav = 1.74 T = 4.93
 --> Site =   14 .. Mmps =  550 Ndav =   4 E =   -192.3281415395 Error = 5.14e-24 FLOPS = 2.76e+10 Tdav = 2.46 T = 6.00
 --> Site =   15 .. Mmps =  550 Ndav =   4 E =   -192.3281415466 Error = 8.30e-23 FLOPS = 2.81e+10 Tdav = 2.56 T = 6.39
 --> Site =   16 .. Mmps =  550 Ndav =   4 E =   -192.3281415555 Error = 6.01e-24 FLOPS = 2.80e+10 Tdav = 2.71 T = 6.85
 --> Site =   17 .. Mmps =  550 Ndav =   5 E =   -192.3281415663 Error = 2.63e-23 FLOPS = 2.89e+10 Tdav = 3.45 T = 7.97
 --> Site =   18 .. Mmps =  550 Ndav =   4 E =   -192.3281415752 Error = 4.21e-24 FLOPS = 2.93e+10 Tdav = 2.86 T = 7.83
 --> Site =   19 .. Mmps =  550 Ndav =   6 E =   -192.3281415869 Error = 2.11e-23 FLOPS = 2.90e+10 Tdav = 4.54 T = 9.90
 --> Site =   20 .. Mmps =  550 Ndav =   4 E =   -192.3281415950 Error = 1.45e-23 FLOPS = 2.96e+10 Tdav = 3.10 T = 8.85
 --> Site =   21 .. Mmps =  550 Ndav =   5 E =   -192.3281416010 Error = 9.98e-23 FLOPS = 2.97e+10 Tdav = 4.03 T = 10.19
 --> Site =   22 .. Mmps =  550 Ndav =   4 E =   -192.3281416057 Error = 9.29e-24 FLOPS = 2.99e+10 Tdav = 3.34 T = 9.99
 --> Site =   23 .. Mmps =  550 Ndav =   4 E =   -192.3281416088 Error = 4.83e-23 FLOPS = 3.00e+10 Tdav = 3.46 T = 10.70
 --> Site =   24 .. Mmps =  550 Ndav =   3 E =   -192.3281416114 Error = 7.65e-24 FLOPS = 3.02e+10 Tdav = 2.68 T = 10.14
 --> Site =   25 .. Mmps =  550 Ndav =   3 E =   -192.3281416137 Error = 3.09e-22 FLOPS = 3.01e+10 Tdav = 2.78 T = 10.95
 --> Site =   26 .. Mmps =  550 Ndav =   3 E =   -192.3281416154 Error = 5.97e-22 FLOPS = 3.00e+10 Tdav = 2.90 T = 11.55
 --> Site =   27 .. Mmps =  550 Ndav =   3 E =   -192.3281416173 Error = 1.33e-22 FLOPS = 2.98e+10 Tdav = 3.02 T = 12.04
 --> Site =   28 .. Mmps =  550 Ndav =   4 E =   -192.3281416214 Error = 2.80e-23 FLOPS = 3.03e+10 Tdav = 4.09 T = 13.75
 --> Site =   29 .. Mmps =  550 Ndav =   3 E =   -192.3281416242 Error = 7.36e-23 FLOPS = 3.04e+10 Tdav = 3.15 T = 13.26
 --> Site =   30 .. Mmps =  550 Ndav =   4 E =   -192.3281416299 Error = 2.61e-23 FLOPS = 3.04e+10 Tdav = 4.34 T = 15.38
 --> Site =   31 .. Mmps =  550 Ndav =   3 E =   -192.3281416336 Error = 2.11e-22 FLOPS = 3.04e+10 Tdav = 3.35 T = 14.77
 --> Site =   32 .. Mmps =  550 Ndav =   4 E =   -192.3281416421 Error = 2.30e-22 FLOPS = 3.00e+10 Tdav = 4.67 T = 16.55
 --> Site =   33 .. Mmps =  550 Ndav =   4 E =   -192.3281416461 Error = 4.65e-22 FLOPS = 3.02e+10 Tdav = 4.76 T = 17.28
 --> Site =   34 .. Mmps =  550 Ndav =   4 E =   -192.3281416549 Error = 4.02e-23 FLOPS = 3.03e+10 Tdav = 4.87 T = 18.12
 --> Site =   35 .. Mmps =  550 Ndav =   4 E =   -192.3281416589 Error = 1.30e-22 FLOPS = 3.03e+10 Tdav = 5.00 T = 18.75
 --> Site =   36 .. Mmps =  550 Ndav =   4 E =   -192.3281416648 Error = 6.93e-24 FLOPS = 3.04e+10 Tdav = 5.12 T = 19.66
 --> Site =   37 .. Mmps =  550 Ndav =   4 E =   -192.3281416679 Error = 6.79e-23 FLOPS = 3.04e+10 Tdav = 5.25 T = 20.33
 --> Site =   38 .. Mmps =  550 Ndav =   4 E =   -192.3281416732 Error = 1.72e-23 FLOPS = 3.02e+10 Tdav = 5.43 T = 21.46
 --> Site =   39 .. Mmps =  550 Ndav =   3 E =   -192.3281416746 Error = 9.70e-23 FLOPS = 3.06e+10 Tdav = 4.11 T = 20.79
 --> Site =   40 .. Mmps =  550 Ndav =   3 E =   -192.3281416768 Error = 9.89e-23 FLOPS = 3.07e+10 Tdav = 4.20 T = 21.38
 --> Site =   41 .. Mmps =  550 Ndav =   3 E =   -192.3281416795 Error = 9.00e-23 FLOPS = 3.05e+10 Tdav = 4.32 T = 22.24
 --> Site =   42 .. Mmps =  550 Ndav =   4 E =   -192.3281416846 Error = 5.22e-23 FLOPS = 3.08e+10 Tdav = 5.84 T = 24.63
 --> Site =   43 .. Mmps =  550 Ndav =   5 E =   -192.3281416915 Error = 4.62e-22 FLOPS = 3.08e+10 Tdav = 7.29 T = 26.44
 --> Site =   44 .. Mmps =  550 Ndav =   4 E =   -192.3281416978 Error = 9.00e-23 FLOPS = 3.10e+10 Tdav = 5.93 T = 25.42
 --> Site =   45 .. Mmps =  550 Ndav =   6 E =   -192.3281417049 Error = 5.02e-22 FLOPS = 3.05e+10 Tdav = 9.04 T = 28.95
 --> Site =   46 .. Mmps =  550 Ndav =   4 E =   -192.3281417113 Error = 1.73e-23 FLOPS = 3.08e+10 Tdav = 6.09 T = 26.53
 --> Site =   47 .. Mmps =  550 Ndav =   5 E =   -192.3281417174 Error = 4.06e-22 FLOPS = 3.09e+10 Tdav = 7.60 T = 28.38
 --> Site =   48 .. Mmps =  550 Ndav =   4 E =   -192.3281417250 Error = 1.25e-23 FLOPS = 3.07e+10 Tdav = 6.25 T = 27.45
 --> Site =   49 .. Mmps =  550 Ndav =   4 E =   -192.3281417276 Error = 7.06e-23 FLOPS = 3.10e+10 Tdav = 6.32 T = 28.32
 --> Site =   50 .. Mmps =  550 Ndav =   4 E =   -192.3281417339 Error = 4.78e-24 FLOPS = 3.12e+10 Tdav = 6.27 T = 28.76
 --> Site =   51 .. Mmps =  550 Ndav =   2 E =   -192.3281417347 Error = 2.08e-22 FLOPS = 2.95e+10 Tdav = 3.38 T = 26.09
 --> Site =   52 .. Mmps =  550 Ndav =   3 E =   -192.3281417362 Error = 5.57e-23 FLOPS = 3.01e+10 Tdav = 5.07 T = 28.62
 --> Site =   53 .. Mmps =  550 Ndav =   2 E =   -192.3281417369 Error = 9.23e-23 FLOPS = 2.98e+10 Tdav = 3.41 T = 27.53
 --> Site =   54 .. Mmps =  550 Ndav =   3 E =   -192.3281417394 Error = 1.40e-21 FLOPS = 3.00e+10 Tdav = 5.19 T = 29.72
 --> Site =   55 .. Mmps =  550 Ndav =   3 E =   -192.3281417409 Error = 2.38e-22 FLOPS = 3.03e+10 Tdav = 5.15 T = 30.08
 --> Site =   56 .. Mmps =  550 Ndav =   4 E =   -192.3281417459 Error = 1.49e-21 FLOPS = 3.06e+10 Tdav = 6.79 T = 31.66
 --> Site =   57 .. Mmps =  550 Ndav =   3 E =   -192.3281417484 Error = 2.33e-22 FLOPS = 3.00e+10 Tdav = 5.18 T = 30.11
 --> Site =   58 .. Mmps =  550 Ndav =   5 E =   -192.3281417583 Error = 1.01e-22 FLOPS = 3.11e+10 Tdav = 8.51 T = 33.89
 --> Site =   59 .. Mmps =  550 Ndav =   4 E =   -192.3281417620 Error = 2.99e-22 FLOPS = 3.13e+10 Tdav = 6.89 T = 33.15
 --> Site =   60 .. Mmps =  550 Ndav =   4 E =   -192.3281417714 Error = 7.12e-22 FLOPS = 3.08e+10 Tdav = 6.86 T = 33.37
 --> Site =   61 .. Mmps =  550 Ndav =   4 E =   -192.3281417743 Error = 5.01e-23 FLOPS = 3.09e+10 Tdav = 6.98 T = 33.21
 --> Site =   62 .. Mmps =  550 Ndav =   6 E =   -192.3281417956 Error = 3.40e-24 FLOPS = 3.10e+10 Tdav = 10.44 T = 37.21
 --> Site =   63 .. Mmps =  550 Ndav =   3 E =   -192.3281417980 Error = 8.30e-23 FLOPS = 3.05e+10 Tdav = 5.31 T = 32.29
 --> Site =   64 .. Mmps =  550 Ndav =   5 E =   -192.3281418059 Error = 1.18e-21 FLOPS = 3.10e+10 Tdav = 8.85 T = 36.10
 --> Site =   65 .. Mmps =  550 Ndav =   2 E =   -192.3281418069 Error = 6.41e-23 FLOPS = 2.98e+10 Tdav = 3.69 T = 31.35
 --> Site =   66 .. Mmps =  550 Ndav =   3 E =   -192.3281418092 Error = 1.09e-23 FLOPS = 3.07e+10 Tdav = 5.36 T = 33.33
 --> Site =   67 .. Mmps =  550 Ndav =   3 E =   -192.3281418121 Error = 1.04e-22 FLOPS = 3.09e+10 Tdav = 5.43 T = 33.62
 --> Site =   68 .. Mmps =  550 Ndav =   4 E =   -192.3281418169 Error = 1.92e-23 FLOPS = 3.04e+10 Tdav = 7.34 T = 36.10
 --> Site =   69 .. Mmps =  550 Ndav =   5 E =   -192.3281418231 Error = 6.43e-22 FLOPS = 3.09e+10 Tdav = 8.89 T = 37.19
 --> Site =   70 .. Mmps =  550 Ndav =   4 E =   -192.3281418297 Error = 2.84e-23 FLOPS = 3.04e+10 Tdav = 7.23 T = 35.07
 --> Site =   71 .. Mmps =  550 Ndav =   6 E =   -192.3281418382 Error = 3.94e-22 FLOPS = 3.05e+10 Tdav = 10.80 T = 38.81
 --> Site =   72 .. Mmps =  550 Ndav =   4 E =   -192.3281418449 Error = 3.26e-23 FLOPS = 3.09e+10 Tdav = 7.23 T = 35.48
 --> Site =   73 .. Mmps =  550 Ndav =   6 E =   -192.3281418519 Error = 1.78e-22 FLOPS = 3.10e+10 Tdav = 10.83 T = 39.63
 --> Site =   74 .. Mmps =  550 Ndav =   4 E =   -192.3281418609 Error = 4.02e-23 FLOPS = 3.08e+10 Tdav = 7.25 T = 36.10
 --> Site =   75 .. Mmps =  550 Ndav =   4 E =   -192.3281418634 Error = 1.74e-22 FLOPS = 3.07e+10 Tdav = 7.28 T = 36.15
 --> Site =   76 .. Mmps =  550 Ndav =   3 E =   -192.3281418666 Error = 4.68e-23 FLOPS = 3.05e+10 Tdav = 5.50 T = 34.40
 --> Site =   77 .. Mmps =  550 Ndav =   3 E =   -192.3281418678 Error = 1.45e-22 FLOPS = 3.12e+10 Tdav = 5.38 T = 33.90
 --> Site =   78 .. Mmps =  550 Ndav =   3 E =   -192.3281418696 Error = 1.44e-21 FLOPS = 3.07e+10 Tdav = 5.46 T = 34.12
 --> Site =   79 .. Mmps =  550 Ndav =   3 E =   -192.3281418707 Error = 1.54e-22 FLOPS = 3.10e+10 Tdav = 5.42 T = 34.14
 --> Site =   80 .. Mmps =  550 Ndav =   3 E =   -192.3281418742 Error = 9.74e-23 FLOPS = 3.07e+10 Tdav = 5.47 T = 34.19
 --> Site =   81 .. Mmps =  550 Ndav =   3 E =   -192.3281418758 Error = 5.52e-23 FLOPS = 3.07e+10 Tdav = 5.47 T = 34.11
 --> Site =   82 .. Mmps =  550 Ndav =   5 E =   -192.3281418843 Error = 7.27e-22 FLOPS = 3.11e+10 Tdav = 8.83 T = 37.05
 --> Site =   83 .. Mmps =  550 Ndav =   3 E =   -192.3281418876 Error = 3.48e-22 FLOPS = 3.07e+10 Tdav = 5.46 T = 33.56
 --> Site =   84 .. Mmps =  550 Ndav =   5 E =   -192.3281418982 Error = 1.95e-21 FLOPS = 3.06e+10 Tdav = 9.14 T = 37.99
 --> Site =   85 .. Mmps =  550 Ndav =   4 E =   -192.3281419022 Error = 2.12e-22 FLOPS = 3.08e+10 Tdav = 7.25 T = 36.20
 --> Site =   86 .. Mmps =  550 Ndav =   5 E =   -192.3281419177 Error = 9.64e-22 FLOPS = 3.01e+10 Tdav = 9.46 T = 38.85
 --> Site =   87 .. Mmps =  550 Ndav =   3 E =   -192.3281419204 Error = 1.92e-22 FLOPS = 3.03e+10 Tdav = 5.53 T = 34.87
 --> Site =   88 .. Mmps =  550 Ndav =   6 E =   -192.3281419422 Error = 7.11e-24 FLOPS = 3.00e+10 Tdav = 11.18 T = 40.13
 --> Site =   89 .. Mmps =  550 Ndav =   3 E =   -192.3281419447 Error = 1.26e-22 FLOPS = 3.07e+10 Tdav = 5.47 T = 34.60
 --> Site =   90 .. Mmps =  550 Ndav =   6 E =   -192.3281419573 Error = 8.07e-22 FLOPS = 3.08e+10 Tdav = 10.90 T = 39.80
 --> Site =   91 .. Mmps =  550 Ndav =   3 E =   -192.3281419585 Error = 1.08e-22 FLOPS = 3.07e+10 Tdav = 5.46 T = 34.30
 --> Site =   92 .. Mmps =  550 Ndav =   3 E =   -192.3281419604 Error = 1.01e-22 FLOPS = 3.11e+10 Tdav = 5.38 T = 34.18
 --> Site =   93 .. Mmps =  550 Ndav =   4 E =   -192.3281419638 Error = 1.33e-22 FLOPS = 3.10e+10 Tdav = 7.22 T = 36.06
 --> Site =   94 .. Mmps =  550 Ndav =   4 E =   -192.3281419694 Error = 1.48e-23 FLOPS = 3.12e+10 Tdav = 7.18 T = 36.06
 --> Site =   95 .. Mmps =  550 Ndav =   5 E =   -192.3281419759 Error = 2.13e-22 FLOPS = 3.14e+10 Tdav = 8.75 T = 37.09
 --> Site =   96 .. Mmps =  550 Ndav =   4 E =   -192.3281419830 Error = 1.03e-22 FLOPS = 3.04e+10 Tdav = 7.24 T = 35.08
 --> Site =   97 .. Mmps =  550 Ndav =   6 E =   -192.3281419915 Error = 4.34e-22 FLOPS = 3.11e+10 Tdav = 10.59 T = 38.38
 --> Site =   98 .. Mmps =  550 Ndav =   4 E =   -192.3281419977 Error = 1.58e-23 FLOPS = 3.09e+10 Tdav = 7.11 T = 34.92
 --> Site =   99 .. Mmps =  550 Ndav =   6 E =   -192.3281420038 Error = 5.49e-22 FLOPS = 3.11e+10 Tdav = 10.77 T = 39.14
 --> Site =  100 .. Mmps =  550 Ndav =   4 E =   -192.3281420081 Error = 4.11e-23 FLOPS = 3.12e+10 Tdav = 7.05 T = 35.36
 --> Site =  101 .. Mmps =  550 Ndav =   4 E =   -192.3281420105 Error = 6.05e-23 FLOPS = 3.12e+10 Tdav = 7.03 T = 34.97
 --> Site =  102 .. Mmps =  550 Ndav =   4 E =   -192.3281420164 Error = 8.01e-24 FLOPS = 3.09e+10 Tdav = 7.10 T = 35.07
 --> Site =  103 .. Mmps =  550 Ndav =   2 E =   -192.3281420172 Error = 1.88e-22 FLOPS = 3.08e+10 Tdav = 3.50 T = 30.84
 --> Site =  104 .. Mmps =  550 Ndav =   3 E =   -192.3281420189 Error = 2.17e-22 FLOPS = 3.11e+10 Tdav = 5.20 T = 32.12
 --> Site =  105 .. Mmps =  550 Ndav =   2 E =   -192.3281420197 Error = 6.29e-23 FLOPS = 3.07e+10 Tdav = 3.51 T = 30.46
 --> Site =  106 .. Mmps =  550 Ndav =   3 E =   -192.3281420230 Error = 1.09e-22 FLOPS = 3.13e+10 Tdav = 5.17 T = 31.95
 --> Site =  107 .. Mmps =  550 Ndav =   3 E =   -192.3281420250 Error = 1.66e-22 FLOPS = 3.08e+10 Tdav = 5.16 T = 31.48
 --> Site =  108 .. Mmps =  550 Ndav =   4 E =   -192.3281420328 Error = 4.57e-22 FLOPS = 3.07e+10 Tdav = 6.90 T = 33.01
 --> Site =  109 .. Mmps =  550 Ndav =   4 E =   -192.3281420360 Error = 8.66e-23 FLOPS = 3.13e+10 Tdav = 6.64 T = 32.03
 --> Site =  110 .. Mmps =  550 Ndav =   5 E =   -192.3281420509 Error = 1.74e-22 FLOPS = 3.06e+10 Tdav = 8.47 T = 33.34
 --> Site =  111 .. Mmps =  550 Ndav =   4 E =   -192.3281420545 Error = 2.10e-22 FLOPS = 3.09e+10 Tdav = 6.73 T = 31.88
 --> Site =  112 .. Mmps =  550 Ndav =   5 E =   -192.3281420686 Error = 1.18e-21 FLOPS = 3.07e+10 Tdav = 8.47 T = 33.54
 --> Site =  113 .. Mmps =  550 Ndav =   4 E =   -192.3281420716 Error = 1.20e-22 FLOPS = 3.02e+10 Tdav = 6.74 T = 31.42
 --> Site =  114 .. Mmps =  550 Ndav =   6 E =   -192.3281420870 Error = 6.36e-24 FLOPS = 3.02e+10 Tdav = 10.12 T = 34.36
 --> Site =  115 .. Mmps =  550 Ndav =   3 E =   -192.3281420893 Error = 1.67e-22 FLOPS = 3.03e+10 Tdav = 5.04 T = 29.52
 --> Site =  116 .. Mmps =  550 Ndav =   4 E =   -192.3281420955 Error = 1.62e-23 FLOPS = 3.02e+10 Tdav = 6.61 T = 30.22
 --> Site =  117 .. Mmps =  550 Ndav =   3 E =   -192.3281420968 Error = 7.39e-23 FLOPS = 3.09e+10 Tdav = 4.75 T = 27.89
 --> Site =  118 .. Mmps =  550 Ndav =   3 E =   -192.3281420988 Error = 5.96e-23 FLOPS = 3.07e+10 Tdav = 4.79 T = 27.35
 --> Site =  119 .. Mmps =  550 Ndav =   3 E =   -192.3281421018 Error = 2.10e-22 FLOPS = 3.06e+10 Tdav = 4.69 T = 26.77
 --> Site =  120 .. Mmps =  550 Ndav =   4 E =   -192.3281421072 Error = 1.69e-23 FLOPS = 3.05e+10 Tdav = 6.15 T = 27.50
 --> Site =  121 .. Mmps =  550 Ndav =   5 E =   -192.3281421130 Error = 2.62e-22 FLOPS = 3.09e+10 Tdav = 7.60 T = 28.31
 --> Site =  122 .. Mmps =  550 Ndav =   4 E =   -192.3281421190 Error = 2.58e-23 FLOPS = 3.09e+10 Tdav = 5.94 T = 26.35
 --> Site =  123 .. Mmps =  550 Ndav =   6 E =   -192.3281421269 Error = 1.02e-22 FLOPS = 3.05e+10 Tdav = 9.04 T = 28.92
 --> Site =  124 .. Mmps =  550 Ndav =   4 E =   -192.3281421331 Error = 5.17e-23 FLOPS = 3.07e+10 Tdav = 5.86 T = 25.49
 --> Site =  125 .. Mmps =  550 Ndav =   6 E =   -192.3281421384 Error = 3.49e-22 FLOPS = 3.02e+10 Tdav = 8.93 T = 28.00
 --> Site =  126 .. Mmps =  550 Ndav =   4 E =   -192.3281421462 Error = 7.00e-23 FLOPS = 2.99e+10 Tdav = 5.87 T = 24.51
 --> Site =  127 .. Mmps =  550 Ndav =   4 E =   -192.3281421485 Error = 1.98e-22 FLOPS = 3.08e+10 Tdav = 5.57 T = 23.78
 --> Site =  128 .. Mmps =  550 Ndav =   4 E =   -192.3281421541 Error = 9.73e-24 FLOPS = 3.05e+10 Tdav = 5.51 T = 23.18
 --> Site =  129 .. Mmps =  550 Ndav =   2 E =   -192.3281421548 Error = 3.53e-22 FLOPS = 3.02e+10 Tdav = 2.71 T = 19.36
 --> Site =  130 .. Mmps =  550 Ndav =   3 E =   -192.3281421565 Error = 3.68e-23 FLOPS = 3.09e+10 Tdav = 3.87 T = 19.71
 --> Site =  131 .. Mmps =  550 Ndav =   2 E =   -192.3281421571 Error = 5.77e-22 FLOPS = 3.04e+10 Tdav = 2.56 T = 17.73
 --> Site =  132 .. Mmps =  550 Ndav =   3 E =   -192.3281421597 Error = 3.55e-23 FLOPS = 3.02e+10 Tdav = 3.76 T = 18.35
 --> Site =  133 .. Mmps =  550 Ndav =   3 E =   -192.3281421609 Error = 4.13e-22 FLOPS = 3.04e+10 Tdav = 3.65 T = 17.52
 --> Site =  134 .. Mmps =  550 Ndav =   4 E =   -192.3281421661 Error = 9.42e-23 FLOPS = 3.06e+10 Tdav = 4.70 T = 17.84
 --> Site =  135 .. Mmps =  550 Ndav =   3 E =   -192.3281421678 Error = 7.14e-23 FLOPS = 3.02e+10 Tdav = 3.47 T = 16.21
 --> Site =  136 .. Mmps =  550 Ndav =   4 E =   -192.3281421760 Error = 1.55e-23 FLOPS = 2.99e+10 Tdav = 4.54 T = 16.93
 --> Site =  137 .. Mmps =  550 Ndav =   3 E =   -192.3281421786 Error = 6.83e-22 FLOPS = 2.98e+10 Tdav = 3.31 T = 14.97
 --> Site =  138 .. Mmps =  550 Ndav =   5 E =   -192.3281421911 Error = 5.92e-22 FLOPS = 3.00e+10 Tdav = 5.32 T = 16.48
 --> Site =  139 .. Mmps =  550 Ndav =   3 E =   -192.3281421933 Error = 4.12e-22 FLOPS = 3.05e+10 Tdav = 3.05 T = 13.54
 --> Site =  140 .. Mmps =  550 Ndav =   4 E =   -192.3281422013 Error = 3.93e-24 FLOPS = 3.01e+10 Tdav = 3.98 T = 14.07
 --> Site =  141 .. Mmps =  550 Ndav =   3 E =   -192.3281422029 Error = 1.21e-22 FLOPS = 3.00e+10 Tdav = 2.89 T = 12.60
 --> Site =  142 .. Mmps =  550 Ndav =   5 E =   -192.3281422092 Error = 5.95e-22 FLOPS = 2.99e+10 Tdav = 4.68 T = 13.60
 --> Site =  143 .. Mmps =  550 Ndav =   2 E =   -192.3281422098 Error = 1.16e-22 FLOPS = 2.98e+10 Tdav = 1.81 T = 10.22
 --> Site =  144 .. Mmps =  550 Ndav =   3 E =   -192.3281422113 Error = 1.76e-23 FLOPS = 2.92e+10 Tdav = 2.67 T = 10.56
 --> Site =  145 .. Mmps =  550 Ndav =   3 E =   -192.3281422127 Error = 3.26e-22 FLOPS = 2.98e+10 Tdav = 2.51 T = 9.90
 --> Site =  146 .. Mmps =  550 Ndav =   3 E =   -192.3281422154 Error = 1.06e-22 FLOPS = 2.97e+10 Tdav = 2.42 T = 9.36
 --> Site =  147 .. Mmps =  550 Ndav =   4 E =   -192.3281422184 Error = 1.89e-22 FLOPS = 2.95e+10 Tdav = 3.11 T = 9.59
 --> Site =  148 .. Mmps =  550 Ndav =   3 E =   -192.3281422215 Error = 9.40e-24 FLOPS = 2.98e+10 Tdav = 2.21 T = 8.41
 --> Site =  149 .. Mmps =  550 Ndav =   4 E =   -192.3281422247 Error = 1.79e-22 FLOPS = 2.93e+10 Tdav = 2.86 T = 8.42
 --> Site =  150 .. Mmps =  550 Ndav =   4 E =   -192.3281422302 Error = 4.25e-23 FLOPS = 2.95e+10 Tdav = 2.71 T = 8.00
 --> Site =  151 .. Mmps =  550 Ndav =   3 E =   -192.3281422322 Error = 1.58e-23 FLOPS = 2.92e+10 Tdav = 1.95 T = 6.93
 --> Site =  152 .. Mmps =  550 Ndav =   3 E =   -192.3281422346 Error = 1.17e-23 FLOPS = 2.91e+10 Tdav = 1.85 T = 6.41
 --> Site =  153 .. Mmps =  550 Ndav =   2 E =   -192.3281422352 Error = 1.81e-22 FLOPS = 2.84e+10 Tdav = 1.20 T = 5.36
 --> Site =  154 .. Mmps =  550 Ndav =   2 E =   -192.3281422359 Error = 2.77e-23 FLOPS = 2.79e+10 Tdav = 1.14 T = 4.94
 --> Site =  155 .. Mmps =  550 Ndav =   2 E =   -192.3281422362 Error = 1.41e-21 FLOPS = 2.84e+10 Tdav = 1.05 T = 4.53
 --> Site =  156 .. Mmps =  550 Ndav =   2 E =   -192.3281422365 Error = 9.13e-20 FLOPS = 2.70e+10 Tdav = 1.03 T = 4.27
 --> Site =  157 .. Mmps =  550 Ndav =   1 E =   -192.3281422365 Error = 3.43e-21 FLOPS = 2.62e+10 Tdav = 0.49 T = 3.33
 --> Site =  158 .. Mmps =  550 Ndav =   2 E =   -192.3281422369 Error = 2.27e-21 FLOPS = 2.76e+10 Tdav = 0.87 T = 3.51
 --> Site =  159 .. Mmps =  550 Ndav =   1 E =   -192.3281422369 Error = 1.38e-31 FLOPS = 2.06e+10 Tdav = 0.37 T = 2.60
 --> Site =  160 .. Mmps =  550 Ndav =   1 E =   -192.3281422369 Error = 4.20e-50 FLOPS = 2.24e+10 Tdav = 0.14 T = 2.10
 --> Site =  161 .. Mmps =  550 Ndav =   1 E =   -192.3281422369 Error = 4.07e-62 FLOPS = 2.04e+10 Tdav = 0.06 T = 1.72
 --> Site =  162 .. Mmps =  550 Ndav =   1 E =   -192.3281422369 Error = 2.31e-83 FLOPS = 1.70e+10 Tdav = 0.03 T = 1.48
 --> Site =  163 .. Mmps =  550 Ndav =   1 E =   -192.3281422369 Error = 1.81e-107 FLOPS = 1.30e+10 Tdav = 0.02 T = 1.32
 --> Site =  164 .. Mmps =  550 Ndav =   1 E =   -192.3281422369 Error = 8.60e-130 FLOPS = 1.24e+10 Tdav = 0.01 T = 1.16
 --> Site =  165 .. Mmps =  550 Ndav =   1 E =   -192.3281422369 Error = 1.05e-153 FLOPS = 7.06e+09 Tdav = 0.01 T = 0.98
 --> Site =  166 .. Mmps =  550 Ndav =   1 E =   -192.3281422369 Error = 0.00e+00 FLOPS = 3.44e+09 Tdav = 0.01 T = 0.74
 --> Site =  167 .. Mmps =  537 Ndav =   1 E =   -192.3281422369 Error = 0.00e+00 FLOPS = 1.79e+09 Tdav = 0.00 T = 0.62
 --> Site =  168 .. Mmps =  546 Ndav =   1 E =   -192.3281422369 Error = 0.00e+00 FLOPS = 1.50e+09 Tdav = 0.00 T = 0.41
Time elapsed =  11775.406 | E =    -192.3281422369 | DE = -7.08e-07 | DW = 9.12711e-20
Time sweep =     3572.277 | 21.8 TFLOP/SWP
 | Dmem = 138 MB (3%) | Imem = 232 B (79%) | Hmem = 660 MB | Wmem = 4.62 MB | Pmem = 0 B
 | Tread = 106.891 | Twrite = 39.312 | Tfpread = 103.675 | Tfpwrite = 20.999 | Tmporead = 0.000 | Tasync = 0.000
 | data = 14.7 GB | cpsd = 11.0 GB
 | Trot = 216.386 | Tctr = 1.720 | Tint = 0.031 | Tmid = 0.000 | Tdctr = 80.720 | Tdiag = 2.640 | Tinfo = 2.894
 | Teff = 2454.932 | Tprt = 0.000 | Teig = 785.269 | Tblk = 3310.190 | Tmve = 262.065 | Tdm = 3.215 | Tsplt = 47.907 | Tsvd = 0.000 | Torth = 0.000

Sweep =    9 | Direction = backward | Bond dimension =  550 | Noise =  0.00e+00 | Dav threshold =  1.00e-08
 <-- Site =  168 .. Mmps =    2 Ndav =   1 E =   -192.3281422369 Error = 0.00e+00 FLOPS = 1.51e+09 Tdav = 0.00 T = 0.03
 <-- Site =  167 .. Mmps =    4 Ndav =   1 E =   -192.3281422369 Error = 0.00e+00 FLOPS = 1.76e+09 Tdav = 0.00 T = 0.14
 <-- Site =  166 .. Mmps =    8 Ndav =   1 E =   -192.3281422369 Error = 0.00e+00 FLOPS = 3.46e+09 Tdav = 0.01 T = 0.22
 <-- Site =  165 .. Mmps =   16 Ndav =   1 E =   -192.3281422369 Error = 0.00e+00 FLOPS = 5.90e+09 Tdav = 0.01 T = 0.28
 <-- Site =  164 .. Mmps =   31 Ndav =   1 E =   -192.3281422369 Error = 0.00e+00 FLOPS = 9.63e+09 Tdav = 0.01 T = 0.39
 <-- Site =  163 .. Mmps =   56 Ndav =   1 E =   -192.3281422369 Error = 0.00e+00 FLOPS = 1.23e+10 Tdav = 0.02 T = 0.51
 <-- Site =  162 .. Mmps =  109 Ndav =   1 E =   -192.3281422369 Error = 0.00e+00 FLOPS = 1.72e+10 Tdav = 0.03 T = 0.65
 <-- Site =  161 .. Mmps =  216 Ndav =   1 E =   -192.3281422369 Error = 0.00e+00 FLOPS = 1.97e+10 Tdav = 0.07 T = 0.89
 <-- Site =  160 .. Mmps =  423 Ndav =   1 E =   -192.3281422369 Error = 0.00e+00 FLOPS = 2.32e+10 Tdav = 0.13 T = 1.13
 <-- Site =  159 .. Mmps =  550 Ndav =   1 E =   -192.3281422369 Error = 2.15e-27 FLOPS = 2.39e+10 Tdav = 0.33 T = 1.79
 <-- Site =  158 .. Mmps =  550 Ndav =   1 E =   -192.3281422369 Error = 1.43e-21 FLOPS = 2.47e+10 Tdav = 0.49 T = 2.74
 <-- Site =  157 .. Mmps =  550 Ndav =   1 E =   -192.3281422369 Error = 2.75e-26 FLOPS = 2.64e+10 Tdav = 0.49 T = 3.23
 <-- Site =  156 .. Mmps =  550 Ndav =   1 E =   -192.3281422369 Error = 1.82e-20 FLOPS = 2.68e+10 Tdav = 0.52 T = 3.62
 <-- Site =  155 .. Mmps =  550 Ndav =   1 E =   -192.3281422369 Error = 2.86e-24 FLOPS = 2.68e+10 Tdav = 0.56 T = 4.00
 <-- Site =  154 .. Mmps =  550 Ndav =   1 E =   -192.3281422369 Error = 6.37e-22 FLOPS = 2.74e+10 Tdav = 0.58 T = 4.28
 <-- Site =  153 .. Mmps =  550 Ndav =   1 E =   -192.3281422369 Error = 1.38e-23 FLOPS = 2.42e+10 Tdav = 0.70 T = 4.89
 <-- Site =  152 .. Mmps =  550 Ndav =   1 E =   -192.3281422369 Error = 5.79e-22 FLOPS = 2.42e+10 Tdav = 0.74 T = 5.30
 <-- Site =  151 .. Mmps =  550 Ndav =   1 E =   -192.3281422369 Error = 1.97e-23 FLOPS = 2.45e+10 Tdav = 0.77 T = 5.64
 <-- Site =  150 .. Mmps =  550 Ndav =   1 E =   -192.3281422369 Error = 1.96e-21 FLOPS = 2.52e+10 Tdav = 0.79 T = 6.07
 <-- Site =  149 .. Mmps =  550 Ndav =   1 E =   -192.3281422369 Error = 1.90e-23 FLOPS = 2.57e+10 Tdav = 0.82 T = 6.43
 <-- Site =  148 .. Mmps =  550 Ndav =   1 E =   -192.3281422369 Error = 1.09e-21 FLOPS = 2.77e+10 Tdav = 0.79 T = 6.86
 <-- Site =  147 .. Mmps =  550 Ndav =   1 E =   -192.3281422369 Error = 2.96e-23 FLOPS = 2.80e+10 Tdav = 0.82 T = 7.23
 <-- Site =  146 .. Mmps =  550 Ndav =   1 E =   -192.3281422369 Error = 1.84e-21 FLOPS = 2.80e+10 Tdav = 0.85 T = 7.90
 <-- Site =  145 .. Mmps =  550 Ndav =   1 E =   -192.3281422369 Error = 2.00e-23 FLOPS = 2.81e+10 Tdav = 0.89 T = 8.46
 <-- Site =  144 .. Mmps =  550 Ndav =   1 E =   -192.3281422369 Error = 1.46e-21 FLOPS = 2.68e+10 Tdav = 0.97 T = 9.03
 <-- Site =  143 .. Mmps =  550 Ndav =   1 E =   -192.3281422369 Error = 3.74e-23 FLOPS = 2.82e+10 Tdav = 0.96 T = 9.48
 <-- Site =  142 .. Mmps =  550 Ndav =   1 E =   -192.3281422369 Error = 7.15e-19 FLOPS = 2.84e+10 Tdav = 0.99 T = 10.02
 <-- Site =  141 .. Mmps =  550 Ndav =   1 E =   -192.3281422369 Error = 1.90e-23 FLOPS = 2.83e+10 Tdav = 1.02 T = 10.57
 <-- Site =  140 .. Mmps =  550 Ndav =   1 E =   -192.3281422369 Error = 5.87e-19 FLOPS = 2.88e+10 Tdav = 1.04 T = 11.17
 <-- Site =  139 .. Mmps =  550 Ndav =   1 E =   -192.3281422369 Error = 2.47e-22 FLOPS = 2.89e+10 Tdav = 1.07 T = 11.86
 <-- Site =  138 .. Mmps =  550 Ndav =   1 E =   -192.3281422369 Error = 1.30e-18 FLOPS = 2.89e+10 Tdav = 1.11 T = 12.63
 <-- Site =  137 .. Mmps =  550 Ndav =   1 E =   -192.3281422369 Error = 5.36e-23 FLOPS = 2.81e+10 Tdav = 1.17 T = 13.18
 <-- Site =  136 .. Mmps =  550 Ndav =   1 E =   -192.3281422369 Error = 5.03e-19 FLOPS = 2.83e+10 Tdav = 1.20 T = 13.87
 <-- Site =  135 .. Mmps =  550 Ndav =   1 E =   -192.3281422369 Error = 8.05e-23 FLOPS = 2.83e+10 Tdav = 1.24 T = 14.65
 <-- Site =  134 .. Mmps =  550 Ndav =   1 E =   -192.3281422369 Error = 1.17e-18 FLOPS = 2.91e+10 Tdav = 1.23 T = 15.28
 <-- Site =  133 .. Mmps =  550 Ndav =   1 E =   -192.3281422369 Error = 7.10e-23 FLOPS = 2.88e+10 Tdav = 1.28 T = 15.96
 <-- Site =  132 .. Mmps =  550 Ndav =   1 E =   -192.3281422369 Error = 2.32e-18 FLOPS = 2.89e+10 Tdav = 1.31 T = 16.77
 <-- Site =  131 .. Mmps =  550 Ndav =   1 E =   -192.3281422369 Error = 5.99e-23 FLOPS = 2.85e+10 Tdav = 1.36 T = 17.69
 <-- Site =  130 .. Mmps =  550 Ndav =   1 E =   -192.3281422369 Error = 1.16e-18 FLOPS = 2.93e+10 Tdav = 1.36 T = 18.29
 <-- Site =  129 .. Mmps =  550 Ndav =   1 E =   -192.3281422369 Error = 3.66e-23 FLOPS = 2.93e+10 Tdav = 1.40 T = 19.12
 <-- Site =  128 .. Mmps =  550 Ndav =   1 E =   -192.3281422369 Error = 5.32e-21 FLOPS = 2.85e+10 Tdav = 1.47 T = 19.83
 <-- Site =  127 .. Mmps =  550 Ndav =   1 E =   -192.3281422369 Error = 9.49e-23 FLOPS = 2.79e+10 Tdav = 1.54 T = 21.03
 <-- Site =  126 .. Mmps =  550 Ndav =   1 E =   -192.3281422369 Error = 9.46e-21 FLOPS = 2.72e+10 Tdav = 1.61 T = 21.86
 <-- Site =  125 .. Mmps =  550 Ndav =   1 E =   -192.3281422369 Error = 7.94e-23 FLOPS = 2.72e+10 Tdav = 1.65 T = 22.28
 <-- Site =  124 .. Mmps =  550 Ndav =   1 E =   -192.3281422369 Error = 5.24e-21 FLOPS = 2.70e+10 Tdav = 1.66 T = 22.67
 <-- Site =  123 .. Mmps =  550 Ndav =   1 E =   -192.3281422369 Error = 5.03e-23 FLOPS = 2.96e+10 Tdav = 1.55 T = 23.11
 <-- Site =  122 .. Mmps =  550 Ndav =   1 E =   -192.3281422369 Error = 6.29e-21 FLOPS = 2.91e+10 Tdav = 1.58 T = 23.47
 <-- Site =  121 .. Mmps =  550 Ndav =   1 E =   -192.3281422369 Error = 9.36e-23 FLOPS = 2.92e+10 Tdav = 1.61 T = 24.13
 <-- Site =  120 .. Mmps =  550 Ndav =   1 E =   -192.3281422369 Error = 6.30e-21 FLOPS = 2.94e+10 Tdav = 1.60 T = 24.57
 <-- Site =  119 .. Mmps =  550 Ndav =   1 E =   -192.3281422369 Error = 2.84e-23 FLOPS = 2.95e+10 Tdav = 1.62 T = 25.23
 <-- Site =  118 .. Mmps =  550 Ndav =   1 E =   -192.3281422369 Error = 2.32e-20 FLOPS = 2.88e+10 Tdav = 1.70 T = 26.10
 <-- Site =  117 .. Mmps =  550 Ndav =   1 E =   -192.3281422369 Error = 4.53e-23 FLOPS = 2.72e+10 Tdav = 1.80 T = 26.46
 <-- Site =  116 .. Mmps =  550 Ndav =   1 E =   -192.3281422369 Error = 8.52e-19 FLOPS = 2.81e+10 Tdav = 1.78 T = 27.40
 <-- Site =  115 .. Mmps =  550 Ndav =   1 E =   -192.3281422369 Error = 1.07e-22 FLOPS = 2.85e+10 Tdav = 1.79 T = 27.85
 <-- Site =  114 .. Mmps =  550 Ndav =   1 E =   -192.3281422369 Error = 1.70e-18 FLOPS = 2.80e+10 Tdav = 1.82 T = 27.74
 <-- Site =  113 .. Mmps =  550 Ndav =   1 E =   -192.3281422369 Error = 9.29e-23 FLOPS = 2.78e+10 Tdav = 1.83 T = 28.25
 <-- Site =  112 .. Mmps =  550 Ndav =   1 E =   -192.3281422369 Error = 1.03e-18 FLOPS = 2.98e+10 Tdav = 1.74 T = 28.56
 <-- Site =  111 .. Mmps =  550 Ndav =   1 E =   -192.3281422369 Error = 9.69e-23 FLOPS = 2.92e+10 Tdav = 1.78 T = 28.77
 <-- Site =  110 .. Mmps =  550 Ndav =   1 E =   -192.3281422369 Error = 1.51e-18 FLOPS = 2.98e+10 Tdav = 1.74 T = 28.51
 <-- Site =  109 .. Mmps =  550 Ndav =   1 E =   -192.3281422369 Error = 1.70e-22 FLOPS = 2.98e+10 Tdav = 1.74 T = 29.13
 <-- Site =  108 .. Mmps =  550 Ndav =   1 E =   -192.3281422369 Error = 3.11e-18 FLOPS = 2.94e+10 Tdav = 1.80 T = 29.75
 <-- Site =  107 .. Mmps =  550 Ndav =   1 E =   -192.3281422369 Error = 7.06e-23 FLOPS = 2.99e+10 Tdav = 1.77 T = 30.17
 <-- Site =  106 .. Mmps =  550 Ndav =   1 E =   -192.3281422369 Error = 6.18e-19 FLOPS = 2.99e+10 Tdav = 1.80 T = 30.75
 <-- Site =  105 .. Mmps =  550 Ndav =   1 E =   -192.3281422369 Error = 1.06e-22 FLOPS = 2.95e+10 Tdav = 1.83 T = 30.74
 <-- Site =  104 .. Mmps =  550 Ndav =   1 E =   -192.3281422369 Error = 8.26e-19 FLOPS = 2.98e+10 Tdav = 1.81 T = 30.91
 <-- Site =  103 .. Mmps =  550 Ndav =   1 E =   -192.3281422369 Error = 2.58e-23 FLOPS = 3.01e+10 Tdav = 1.79 T = 31.16
 <-- Site =  102 .. Mmps =  550 Ndav =   1 E =   -192.3281422369 Error = 2.52e-21 FLOPS = 2.82e+10 Tdav = 1.94 T = 32.08
 <-- Site =  101 .. Mmps =  550 Ndav =   1 E =   -192.3281422369 Error = 1.65e-22 FLOPS = 2.97e+10 Tdav = 1.85 T = 31.83
 <-- Site =  100 .. Mmps =  550 Ndav =   1 E =   -192.3281422369 Error = 8.58e-21 FLOPS = 2.94e+10 Tdav = 1.86 T = 32.33
 <-- Site =   99 .. Mmps =  550 Ndav =   1 E =   -192.3281422369 Error = 1.45e-22 FLOPS = 2.96e+10 Tdav = 1.89 T = 32.33
 <-- Site =   98 .. Mmps =  550 Ndav =   1 E =   -192.3281422369 Error = 5.11e-21 FLOPS = 3.00e+10 Tdav = 1.83 T = 31.70
 <-- Site =   97 .. Mmps =  550 Ndav =   1 E =   -192.3281422369 Error = 9.67e-23 FLOPS = 3.03e+10 Tdav = 1.81 T = 31.55
 <-- Site =   96 .. Mmps =  550 Ndav =   1 E =   -192.3281422369 Error = 2.14e-20 FLOPS = 2.96e+10 Tdav = 1.86 T = 31.84
 <-- Site =   95 .. Mmps =  550 Ndav =   1 E =   -192.3281422369 Error = 1.04e-22 FLOPS = 3.01e+10 Tdav = 1.83 T = 31.97
 <-- Site =   94 .. Mmps =  550 Ndav =   1 E =   -192.3281422369 Error = 3.29e-20 FLOPS = 3.01e+10 Tdav = 1.86 T = 32.72
 <-- Site =   93 .. Mmps =  550 Ndav =   1 E =   -192.3281422369 Error = 7.90e-23 FLOPS = 2.84e+10 Tdav = 1.97 T = 32.77
 <-- Site =   92 .. Mmps =  550 Ndav =   1 E =   -192.3281422369 Error = 2.01e-20 FLOPS = 2.95e+10 Tdav = 1.90 T = 32.75
 <-- Site =   91 .. Mmps =  550 Ndav =   1 E =   -192.3281422369 Error = 3.80e-23 FLOPS = 2.85e+10 Tdav = 1.96 T = 32.76
 <-- Site =   90 .. Mmps =  550 Ndav =   1 E =   -192.3281422369 Error = 5.78e-19 FLOPS = 2.77e+10 Tdav = 2.02 T = 32.90
 <-- Site =   89 .. Mmps =  550 Ndav =   1 E =   -192.3281422369 Error = 5.27e-23 FLOPS = 2.80e+10 Tdav = 2.00 T = 32.79
 <-- Site =   88 .. Mmps =  550 Ndav =   1 E =   -192.3281422369 Error = 2.32e-18 FLOPS = 2.80e+10 Tdav = 2.00 T = 32.84
 <-- Site =   87 .. Mmps =  550 Ndav =   1 E =   -192.3281422369 Error = 3.28e-22 FLOPS = 2.81e+10 Tdav = 1.99 T = 33.26
 <-- Site =   86 .. Mmps =  550 Ndav =   1 E =   -192.3281422369 Error = 1.21e-18 FLOPS = 3.00e+10 Tdav = 1.90 T = 33.13
 <-- Site =   85 .. Mmps =  550 Ndav =   1 E =   -192.3281422369 Error = 1.81e-22 FLOPS = 2.94e+10 Tdav = 1.90 T = 32.77
 <-- Site =   84 .. Mmps =  550 Ndav =   1 E =   -192.3281422369 Error = 2.13e-18 FLOPS = 2.99e+10 Tdav = 1.87 T = 32.67
 <-- Site =   83 .. Mmps =  550 Ndav =   1 E =   -192.3281422369 Error = 1.09e-22 FLOPS = 3.00e+10 Tdav = 1.86 T = 32.29
 <-- Site =   82 .. Mmps =  550 Ndav =   1 E =   -192.3281422369 Error = 4.25e-18 FLOPS = 2.90e+10 Tdav = 1.89 T = 32.29
 <-- Site =   81 .. Mmps =  550 Ndav =   1 E =   -192.3281422369 Error = 1.28e-22 FLOPS = 3.00e+10 Tdav = 1.86 T = 32.75
 <-- Site =   80 .. Mmps =  550 Ndav =   1 E =   -192.3281422369 Error = 4.32e-19 FLOPS = 3.02e+10 Tdav = 1.85 T = 32.52
 <-- Site =   79 .. Mmps =  550 Ndav =   1 E =   -192.3281422369 Error = 6.25e-23 FLOPS = 2.96e+10 Tdav = 1.89 T = 32.77
 <-- Site =   78 .. Mmps =  550 Ndav =   1 E =   -192.3281422369 Error = 1.13e-18 FLOPS = 2.99e+10 Tdav = 1.87 T = 32.62
 <-- Site =   77 .. Mmps =  550 Ndav =   1 E =   -192.3281422369 Error = 2.84e-23 FLOPS = 2.97e+10 Tdav = 1.88 T = 32.76
 <-- Site =   76 .. Mmps =  550 Ndav =   1 E =   -192.3281422369 Error = 7.82e-21 FLOPS = 2.97e+10 Tdav = 1.88 T = 32.90
 <-- Site =   75 .. Mmps =  550 Ndav =   1 E =   -192.3281422369 Error = 1.15e-22 FLOPS = 2.94e+10 Tdav = 1.90 T = 33.11
 <-- Site =   74 .. Mmps =  550 Ndav =   1 E =   -192.3281422369 Error = 1.60e-20 FLOPS = 2.98e+10 Tdav = 1.87 T = 32.67
 <-- Site =   73 .. Mmps =  550 Ndav =   1 E =   -192.3281422369 Error = 9.78e-23 FLOPS = 2.97e+10 Tdav = 1.88 T = 32.83
 <-- Site =   72 .. Mmps =  550 Ndav =   1 E =   -192.3281422369 Error = 9.87e-21 FLOPS = 2.93e+10 Tdav = 1.91 T = 32.26
 <-- Site =   71 .. Mmps =  550 Ndav =   1 E =   -192.3281422369 Error = 9.52e-23 FLOPS = 2.79e+10 Tdav = 1.97 T = 31.76
 <-- Site =   70 .. Mmps =  550 Ndav =   1 E =   -192.3281422369 Error = 8.29e-21 FLOPS = 2.97e+10 Tdav = 1.85 T = 31.71
 <-- Site =   69 .. Mmps =  550 Ndav =   1 E =   -192.3281422369 Error = 6.64e-23 FLOPS = 2.88e+10 Tdav = 1.91 T = 32.23
 <-- Site =   68 .. Mmps =  550 Ndav =   1 E =   -192.3281422369 Error = 1.19e-21 FLOPS = 2.91e+10 Tdav = 1.92 T = 32.71
 <-- Site =   67 .. Mmps =  550 Ndav =   1 E =   -192.3281422369 Error = 7.64e-23 FLOPS = 3.01e+10 Tdav = 1.86 T = 32.23
 <-- Site =   66 .. Mmps =  550 Ndav =   1 E =   -192.3281422369 Error = 1.14e-20 FLOPS = 2.91e+10 Tdav = 1.88 T = 31.79
 <-- Site =   65 .. Mmps =  550 Ndav =   1 E =   -192.3281422369 Error = 5.52e-23 FLOPS = 2.80e+10 Tdav = 1.96 T = 31.77
 <-- Site =   64 .. Mmps =  550 Ndav =   1 E =   -192.3281422369 Error = 4.35e-19 FLOPS = 2.94e+10 Tdav = 1.87 T = 31.21
 <-- Site =   63 .. Mmps =  550 Ndav =   1 E =   -192.3281422369 Error = 3.81e-23 FLOPS = 2.99e+10 Tdav = 1.80 T = 30.87
 <-- Site =   62 .. Mmps =  550 Ndav =   1 E =   -192.3281422369 Error = 5.65e-19 FLOPS = 2.90e+10 Tdav = 1.86 T = 30.83
 <-- Site =   61 .. Mmps =  550 Ndav =   1 E =   -192.3281422369 Error = 1.32e-22 FLOPS = 2.94e+10 Tdav = 1.83 T = 30.17
 <-- Site =   60 .. Mmps =  550 Ndav =   1 E =   -192.3281422369 Error = 4.76e-19 FLOPS = 2.96e+10 Tdav = 1.79 T = 30.60
 <-- Site =   59 .. Mmps =  550 Ndav =   1 E =   -192.3281422369 Error = 8.71e-23 FLOPS = 2.95e+10 Tdav = 1.83 T = 30.80
 <-- Site =   58 .. Mmps =  550 Ndav =   1 E =   -192.3281422369 Error = 2.26e-18 FLOPS = 3.01e+10 Tdav = 1.76 T = 29.81
 <-- Site =   57 .. Mmps =  550 Ndav =   1 E =   -192.3281422369 Error = 1.40e-22 FLOPS = 2.98e+10 Tdav = 1.74 T = 28.73
 <-- Site =   56 .. Mmps =  550 Ndav =   1 E =   -192.3281422369 Error = 2.53e-18 FLOPS = 2.89e+10 Tdav = 1.80 T = 28.76
 <-- Site =   55 .. Mmps =  550 Ndav =   1 E =   -192.3281422369 Error = 1.58e-22 FLOPS = 2.95e+10 Tdav = 1.76 T = 28.74
 <-- Site =   54 .. Mmps =  550 Ndav =   1 E =   -192.3281422369 Error = 1.55e-18 FLOPS = 2.85e+10 Tdav = 1.82 T = 28.29
 <-- Site =   53 .. Mmps =  550 Ndav =   1 E =   -192.3281422369 Error = 1.61e-22 FLOPS = 2.96e+10 Tdav = 1.72 T = 27.75
 <-- Site =   52 .. Mmps =  550 Ndav =   1 E =   -192.3281422369 Error = 1.06e-18 FLOPS = 2.97e+10 Tdav = 1.71 T = 27.32
 <-- Site =   51 .. Mmps =  550 Ndav =   1 E =   -192.3281422369 Error = 3.18e-23 FLOPS = 2.96e+10 Tdav = 1.69 T = 26.49
 <-- Site =   50 .. Mmps =  550 Ndav =   1 E =   -192.3281422369 Error = 5.68e-21 FLOPS = 2.94e+10 Tdav = 1.66 T = 25.91
 <-- Site =   49 .. Mmps =  550 Ndav =   1 E =   -192.3281422369 Error = 1.32e-22 FLOPS = 2.90e+10 Tdav = 1.69 T = 25.65
 <-- Site =   48 .. Mmps =  550 Ndav =   1 E =   -192.3281422369 Error = 8.22e-21 FLOPS = 2.97e+10 Tdav = 1.61 T = 24.60
 <-- Site =   47 .. Mmps =  550 Ndav =   1 E =   -192.3281422369 Error = 7.29e-23 FLOPS = 2.94e+10 Tdav = 1.60 T = 23.90
 <-- Site =   46 .. Mmps =  550 Ndav =   1 E =   -192.3281422369 Error = 8.73e-21 FLOPS = 2.94e+10 Tdav = 1.60 T = 23.51
 <-- Site =   45 .. Mmps =  550 Ndav =   1 E =   -192.3281422369 Error = 1.02e-22 FLOPS = 2.91e+10 Tdav = 1.58 T = 23.31
 <-- Site =   44 .. Mmps =  550 Ndav =   1 E =   -192.3281422369 Error = 1.56e-21 FLOPS = 2.93e+10 Tdav = 1.57 T = 22.83
 <-- Site =   43 .. Mmps =  550 Ndav =   1 E =   -192.3281422369 Error = 8.60e-23 FLOPS = 2.93e+10 Tdav = 1.53 T = 22.32
 <-- Site =   42 .. Mmps =  550 Ndav =   1 E =   -192.3281422369 Error = 3.53e-20 FLOPS = 2.95e+10 Tdav = 1.52 T = 22.02
 <-- Site =   41 .. Mmps =  550 Ndav =   1 E =   -192.3281422369 Error = 4.56e-23 FLOPS = 2.87e+10 Tdav = 1.53 T = 21.20
 <-- Site =   40 .. Mmps =  550 Ndav =   1 E =   -192.3281422369 Error = 1.89e-20 FLOPS = 2.90e+10 Tdav = 1.48 T = 20.27
 <-- Site =   39 .. Mmps =  550 Ndav =   1 E =   -192.3281422369 Error = 8.27e-23 FLOPS = 2.92e+10 Tdav = 1.44 T = 19.32
 <-- Site =   38 .. Mmps =  550 Ndav =   1 E =   -192.3281422369 Error = 7.27e-19 FLOPS = 2.93e+10 Tdav = 1.40 T = 18.47
 <-- Site =   37 .. Mmps =  550 Ndav =   1 E =   -192.3281422369 Error = 5.99e-23 FLOPS = 2.95e+10 Tdav = 1.35 T = 17.74
 <-- Site =   36 .. Mmps =  550 Ndav =   1 E =   -192.3281422369 Error = 1.69e-18 FLOPS = 2.86e+10 Tdav = 1.36 T = 17.51
 <-- Site =   35 .. Mmps =  550 Ndav =   1 E =   -192.3281422369 Error = 1.39e-22 FLOPS = 2.86e+10 Tdav = 1.33 T = 16.33
 <-- Site =   34 .. Mmps =  550 Ndav =   1 E =   -192.3281422369 Error = 6.74e-19 FLOPS = 2.88e+10 Tdav = 1.28 T = 15.49
 <-- Site =   33 .. Mmps =  550 Ndav =   1 E =   -192.3281422369 Error = 1.46e-22 FLOPS = 2.81e+10 Tdav = 1.28 T = 14.75
 <-- Site =   32 .. Mmps =  550 Ndav =   1 E =   -192.3281422369 Error = 1.04e-18 FLOPS = 2.91e+10 Tdav = 1.20 T = 14.26
 <-- Site =   31 .. Mmps =  550 Ndav =   1 E =   -192.3281422369 Error = 1.63e-22 FLOPS = 2.89e+10 Tdav = 1.17 T = 13.46
 <-- Site =   30 .. Mmps =  550 Ndav =   1 E =   -192.3281422369 Error = 2.15e-18 FLOPS = 2.87e+10 Tdav = 1.15 T = 12.90
 <-- Site =   29 .. Mmps =  550 Ndav =   1 E =   -192.3281422369 Error = 1.08e-22 FLOPS = 2.79e+10 Tdav = 1.14 T = 12.22
 <-- Site =   28 .. Mmps =  550 Ndav =   1 E =   -192.3281422369 Error = 1.52e-18 FLOPS = 2.86e+10 Tdav = 1.08 T = 11.51
 <-- Site =   27 .. Mmps =  550 Ndav =   1 E =   -192.3281422369 Error = 1.48e-22 FLOPS = 2.84e+10 Tdav = 1.05 T = 10.86
 <-- Site =   26 .. Mmps =  550 Ndav =   1 E =   -192.3281422369 Error = 3.70e-19 FLOPS = 2.84e+10 Tdav = 1.02 T = 10.30
 <-- Site =   25 .. Mmps =  550 Ndav =   1 E =   -192.3281422369 Error = 5.59e-23 FLOPS = 2.88e+10 Tdav = 0.97 T = 9.65
 <-- Site =   24 .. Mmps =  550 Ndav =   1 E =   -192.3281422369 Error = 3.74e-20 FLOPS = 2.82e+10 Tdav = 0.95 T = 9.16
 <-- Site =   23 .. Mmps =  550 Ndav =   1 E =   -192.3281422369 Error = 2.09e-22 FLOPS = 2.82e+10 Tdav = 0.92 T = 8.73
 <-- Site =   22 .. Mmps =  550 Ndav =   1 E =   -192.3281422369 Error = 4.00e-20 FLOPS = 2.84e+10 Tdav = 0.88 T = 8.24
 <-- Site =   21 .. Mmps =  550 Ndav =   1 E =   -192.3281422369 Error = 8.27e-23 FLOPS = 2.84e+10 Tdav = 0.84 T = 7.92
 <-- Site =   20 .. Mmps =  550 Ndav =   1 E =   -192.3281422369 Error = 1.79e-20 FLOPS = 2.80e+10 Tdav = 0.82 T = 7.49
 <-- Site =   19 .. Mmps =  550 Ndav =   1 E =   -192.3281422369 Error = 1.05e-22 FLOPS = 2.61e+10 Tdav = 0.84 T = 6.94
 <-- Site =   18 .. Mmps =  550 Ndav =   1 E =   -192.3281422369 Error = 1.20e-19 FLOPS = 2.77e+10 Tdav = 0.76 T = 6.30
 <-- Site =   17 .. Mmps =  550 Ndav =   1 E =   -192.3281422369 Error = 6.74e-23 FLOPS = 2.74e+10 Tdav = 0.73 T = 6.06
 <-- Site =   16 .. Mmps =  550 Ndav =   1 E =   -192.3281422369 Error = 3.58e-20 FLOPS = 2.72e+10 Tdav = 0.70 T = 5.47
 <-- Site =   15 .. Mmps =  550 Ndav =   1 E =   -192.3281422369 Error = 7.61e-23 FLOPS = 2.66e+10 Tdav = 0.67 T = 5.13
 <-- Site =   14 .. Mmps =  550 Ndav =   1 E =   -192.3281422369 Error = 6.99e-20 FLOPS = 2.66e+10 Tdav = 0.64 T = 4.61
 <-- Site =   13 .. Mmps =  550 Ndav =   1 E =   -192.3281422369 Error = 1.08e-21 FLOPS = 2.59e+10 Tdav = 0.62 T = 4.38
 <-- Site =   12 .. Mmps =  550 Ndav =   1 E =   -192.3281422369 Error = 8.29e-19 FLOPS = 2.69e+10 Tdav = 0.56 T = 4.01
 <-- Site =   11 .. Mmps =  550 Ndav =   1 E =   -192.3281422369 Error = 1.33e-20 FLOPS = 2.68e+10 Tdav = 0.52 T = 3.59
 <-- Site =   10 .. Mmps =  550 Ndav =   1 E =   -192.3281422369 Error = 1.15e-19 FLOPS = 2.63e+10 Tdav = 0.49 T = 3.30
 <-- Site =    9 .. Mmps =  550 Ndav =   1 E =   -192.3281422369 Error = 2.31e-28 FLOPS = 2.57e+10 Tdav = 0.41 T = 2.69
 <-- Site =    8 .. Mmps =  550 Ndav =   1 E =   -192.3281422369 Error = 8.14e-34 FLOPS = 2.24e+10 Tdav = 0.15 T = 1.56
 <-- Site =    7 .. Mmps =  550 Ndav =   1 E =   -192.3281422369 Error = 1.01e-55 FLOPS = 1.95e+10 Tdav = 0.06 T = 1.20
 <-- Site =    6 .. Mmps =  550 Ndav =   1 E =   -192.3281422369 Error = 7.89e-76 FLOPS = 1.64e+10 Tdav = 0.03 T = 1.03
 <-- Site =    5 .. Mmps =  550 Ndav =   1 E =   -192.3281422369 Error = 1.97e-91 FLOPS = 1.37e+10 Tdav = 0.01 T = 0.98
 <-- Site =    4 .. Mmps =  550 Ndav =   1 E =   -192.3281422369 Error = 2.07e-107 FLOPS = 1.08e+10 Tdav = 0.01 T = 0.88
 <-- Site =    3 .. Mmps =  550 Ndav =   1 E =   -192.3281422369 Error = 3.01e-111 FLOPS = 7.48e+09 Tdav = 0.00 T = 0.89
 <-- Site =    2 .. Mmps =  550 Ndav =   1 E =   -192.3281422369 Error = 4.38e-107 FLOPS = 4.76e+09 Tdav = 0.00 T = 0.73
 <-- Site =    1 .. Mmps =  550 Ndav =   1 E =   -192.3281422369 Error = 0.00e+00 FLOPS = 3.02e+09 Tdav = 0.00 T = 0.71
 <-- Site =    0 .. Mmps =  550 Ndav =   1 E =   -192.3281422369 Error = 8.32e-105 FLOPS = 2.06e+09 Tdav = 0.00 T = 0.65
Time elapsed =  14984.408 | E =    -192.3281422369 | DE = 5.68e-14 | DW = 4.25047e-18
Time sweep =     3209.002 | 5.72 TFLOP/SWP
 | Dmem = 138 MB (3%) | Imem = 232 B (79%) | Hmem = 660 MB | Wmem = 4.62 MB | Pmem = 0 B
 | Tread = 93.152 | Twrite = 36.527 | Tfpread = 91.822 | Tfpwrite = 20.209 | Tmporead = 0.000 | Tasync = 0.000
 | data = 14.7 GB | cpsd = 9.72 GB
 | Trot = 209.943 | Tctr = 228.713 | Tint = 0.030 | Tmid = 0.000 | Tdctr = 0.018 | Tdiag = 3.479 | Tinfo = 2.828
 | Teff = 2370.827 | Tprt = 0.000 | Teig = 217.857 | Tblk = 2657.911 | Tmve = 551.068 | Tdm = 3.287 | Tsplt = 46.668 | Tsvd = 0.000 | Torth = 0.000

DMRG energy = -192.32814223689002

Local densities:
0.9823689825877783
0.0003361705561641902
0.9786656070832652
0.0003464222568714334
0.9785844834239406
0.0003466501660509741
0.9785775021232557
0.000346650334711701
0.978584476131577
0.00034642251658941213
0.9786656103885539
0.00033617046531835416
0.9823689780870389
0.00033616711313872604
0.015558372580136554
0.0003477060517016142
0.015510754575746473
0.00034815474416955886
0.015500210876581665
0.00034819191895160283
0.015500213858810454
0.0003481542938004987
0.015510760352646272
0.0003477066382280612
0.015558372324180086
0.00033617025834746473
0.9786656114370853
0.0003477074935440382
0.9723328147676624
0.0003714303383448106
0.9721726897543103
0.0003721235641607048
0.9721594088036064
0.00037212378790507
0.9721726705725382
0.00037143074120557425
0.97233281538685
0.00034770811595977077
0.978665619571436
0.00034641698741395274
0.015510753588462186
0.0003714280316311868
0.015512203900042487
0.0003723423755013894
0.015501389618032314
0.0003724187265145032
0.015501386430873919
0.000372341922523404
0.015512204498767387
0.00037142900637972216
0.015510762705917946
0.00034642178925826494
0.978584481566674
0.00034815579507919774
0.9721726879028967
0.0003723436602045371
0.9720001237668273
0.00037309455078778797
0.9719853243075075
0.0003730943541196503
0.9720001279231447
0.0003723438730156649
0.9721726805194308
0.00034815668111296704
0.9785844874876002
0.00034664530399049215
0.015500218029257372
0.0003721202859807718
0.015501387613794835
0.0003730927177569695
0.015490201144391279
0.00037317566234815007
0.015490203575340897
0.0003730916543524223
0.015501391272774289
0.0003721209141473607
0.015500212887064506
0.0003466495811143178
0.9785775033728019
0.00034819252651238284
0.9721594089227875
0.0003724200168625305
0.9719853319593736
0.0003731771187490002
0.9719701996274194
0.000373177313739279
0.9719853205178897
0.00037242024194085433
0.9721594084511938
0.0003481931548093695
0.9785775141578333
0.00034664518147554924
0.015500210355884024
0.0003721207428024279
0.015501386686606933
0.000373092966047426
0.01549020226139674
0.00037317556708755286
0.01549020426147115
0.0003730920457804555
0.015501393132048527
0.000372121428905133
0.01550021523841852
0.0003466496625254578
0.9785844833097358
0.0003481556116547569
0.9721726946383187
0.00037234385442874815
0.972000135858986
0.000373094389251282
0.9719853116903826
0.0003730946171735078
0.9720001346630672
0.0003723442425903486
0.9721726891961989
0.0003481561152518628
0.9785844910778866
0.00034641673425378657
0.015510763237754296
0.0003714286532385211
0.015512202510853168
0.0003723428236592372
0.015501390018829166
0.0003724194787081811
0.015501379956630352
0.0003723417389900387
0.015512219072394173
0.00037143010689344794
0.015510763285962912
0.0003464222497658293
0.9786655971200793
0.0003477066975129288
0.9723328596727969
0.00037143147778534165
0.9721726782594506
0.0003721218287276891
0.9721594149845436
0.00037212328227539975
0.972172683390275
0.0003714315274050063
0.9723328219381953
0.0003477081283683599
0.9786656105949975
0.000336170407430658
0.015558371643917648
0.0003477073065288174
0.015510759834662222
0.0003481560112902917
0.015500211066054025
0.00034819282434080524
0.015500210625931097
0.0003481535924965455
0.015510755628103685
0.0003477060870656394
0.015558369627459418
0.00033616904909734933
0.9823689811681249
0.0003361698698989292
0.978665612467746
0.00034642160263960166
0.9785844764790097
0.0003466496489951435
0.9785775006695453
0.0003466497744071262
0.9785844786403696
0.0003464217714164438
0.9786656132157248
0.0003361700602051127
0.9823689773993186

corresponding 2D coords:
[(0, 0), (0, 1), (0, 2), (0, 3), (0, 4), (0, 5), (0, 6), (0, 7), (0, 8), (0, 9), (0, 10), (0, 11), (0, 12), (1, 12), (1, 11), (1, 10), (1, 9), (1, 8), (1, 7), (1, 6), (1, 5), (1, 4), (1, 3), (1, 2), (1, 1), (1, 0), (2, 0), (2, 1), (2, 2), (2, 3), (2, 4), (2, 5), (2, 6), (2, 7), (2, 8), (2, 9), (2, 10), (2, 11), (2, 12), (3, 12), (3, 11), (3, 10), (3, 9), (3, 8), (3, 7), (3, 6), (3, 5), (3, 4), (3, 3), (3, 2), (3, 1), (3, 0), (4, 0), (4, 1), (4, 2), (4, 3), (4, 4), (4, 5), (4, 6), (4, 7), (4, 8), (4, 9), (4, 10), (4, 11), (4, 12), (5, 12), (5, 11), (5, 10), (5, 9), (5, 8), (5, 7), (5, 6), (5, 5), (5, 4), (5, 3), (5, 2), (5, 1), (5, 0), (6, 0), (6, 1), (6, 2), (6, 3), (6, 4), (6, 5), (6, 6), (6, 7), (6, 8), (6, 9), (6, 10), (6, 11), (6, 12), (7, 12), (7, 11), (7, 10), (7, 9), (7, 8), (7, 7), (7, 6), (7, 5), (7, 4), (7, 3), (7, 2), (7, 1), (7, 0), (8, 0), (8, 1), (8, 2), (8, 3), (8, 4), (8, 5), (8, 6), (8, 7), (8, 8), (8, 9), (8, 10), (8, 11), (8, 12), (9, 12), (9, 11), (9, 10), (9, 9), (9, 8), (9, 7), (9, 6), (9, 5), (9, 4), (9, 3), (9, 2), (9, 1), (9, 0), (10, 0), (10, 1), (10, 2), (10, 3), (10, 4), (10, 5), (10, 6), (10, 7), (10, 8), (10, 9), (10, 10), (10, 11), (10, 12), (11, 12), (11, 11), (11, 10), (11, 9), (11, 8), (11, 7), (11, 6), (11, 5), (11, 4), (11, 3), (11, 2), (11, 1), (11, 0), (12, 0), (12, 1), (12, 2), (12, 3), (12, 4), (12, 5), (12, 6), (12, 7), (12, 8), (12, 9), (12, 10), (12, 11), (12, 12)]

Saved density data:
PKL → /users/ylokare/2D_DMRG_calculations/results/13_by_13_lattice/Local_densities/Uniform_Hamiltonian/Rb1.6/density_Lx13_Ly13_Dmax550_delta4.3_Rb1.6_uniform_hamiltonian.pkl
CSV → /users/ylokare/2D_DMRG_calculations/results/13_by_13_lattice/Local_densities/Uniform_Hamiltonian/Rb1.6/density_Lx13_Ly13_Dmax550_delta4.3_Rb1.6_uniform_hamiltonian.csv
