Lx=13, Ly=13, delta=4.6, Rb=1.65, alpha=0.05, n_edge=4, delta_boundary=1.8, USE_STAR_MODULATION=False
running Lx=13, Ly=13, delta=4.6, Rb=1.65, alpha=0.05, n_edge=4, delta_boundary=1.8
scratch id=396797
Copying previous MPS/MPO data from /users/ylokare/2D_DMRG_calculations/data/tmp434740 to /oscar/scratch/ylokare/tmp396797

Build MPO | Nsites =   169 | Nterms =      14534 | Algorithm = FastSVD | Cutoff = 1.00e-16 | Max bond dimension =    -1
 Site =     0 /   169 .. Mmpo =     3 DW = 0.00e+00 Error = 1.01e-14 NNZ =        3 SPT = 0.0000 Tsvd = 0.001 T = 0.002
 Site =     1 /   169 .. Mmpo =     4 DW = 1.98e-34 Error = 1.20e-14 NNZ =       10 SPT = 0.1667 Tsvd = 0.000 T = 0.004
 Site =     2 /   169 .. Mmpo =     5 DW = 1.46e-29 Error = 4.41e-14 NNZ =       17 SPT = 0.1500 Tsvd = 0.000 T = 0.005
 Site =     3 /   169 .. Mmpo =     6 DW = 1.75e-29 Error = 5.30e-14 NNZ =       26 SPT = 0.1333 Tsvd = 0.000 T = 0.006
 Site =     4 /   169 .. Mmpo =     7 DW = 3.22e-30 Error = 4.38e-14 NNZ =       37 SPT = 0.1190 Tsvd = 0.000 T = 0.007
 Site =     5 /   169 .. Mmpo =     8 DW = 1.04e-29 Error = 1.45e-13 NNZ =       50 SPT = 0.1071 Tsvd = 0.000 T = 0.008
 Site =     6 /   169 .. Mmpo =     9 DW = 1.89e-30 Error = 1.55e-13 NNZ =       65 SPT = 0.0972 Tsvd = 0.000 T = 0.009
 Site =     7 /   169 .. Mmpo =    10 DW = 4.38e-30 Error = 1.15e-13 NNZ =       82 SPT = 0.0889 Tsvd = 0.000 T = 0.010
 Site =     8 /   169 .. Mmpo =    11 DW = 1.27e-29 Error = 8.31e-14 NNZ =      101 SPT = 0.0818 Tsvd = 0.000 T = 0.012
 Site =     9 /   169 .. Mmpo =    12 DW = 1.81e-29 Error = 3.26e-13 NNZ =      122 SPT = 0.0758 Tsvd = 0.000 T = 0.013
 Site =    10 /   169 .. Mmpo =    13 DW = 1.11e-29 Error = 2.08e-13 NNZ =      145 SPT = 0.0705 Tsvd = 0.000 T = 0.014
 Site =    11 /   169 .. Mmpo =    14 DW = 9.89e-30 Error = 2.50e-13 NNZ =      170 SPT = 0.0659 Tsvd = 0.000 T = 0.015
 Site =    12 /   169 .. Mmpo =    15 DW = 6.32e-30 Error = 3.78e-13 NNZ =      197 SPT = 0.0619 Tsvd = 0.000 T = 0.016
 Site =    13 /   169 .. Mmpo =    16 DW = 1.81e-29 Error = 3.86e-13 NNZ =      226 SPT = 0.0583 Tsvd = 0.000 T = 0.017
 Site =    14 /   169 .. Mmpo =    17 DW = 1.14e-29 Error = 3.51e-13 NNZ =      257 SPT = 0.0551 Tsvd = 0.000 T = 0.018
 Site =    15 /   169 .. Mmpo =    18 DW = 3.52e-29 Error = 4.95e-13 NNZ =      290 SPT = 0.0523 Tsvd = 0.000 T = 0.019
 Site =    16 /   169 .. Mmpo =    19 DW = 1.39e-28 Error = 7.06e-13 NNZ =      325 SPT = 0.0497 Tsvd = 0.000 T = 0.020
 Site =    17 /   169 .. Mmpo =    20 DW = 1.22e-28 Error = 2.03e-13 NNZ =      362 SPT = 0.0474 Tsvd = 0.000 T = 0.021
 Site =    18 /   169 .. Mmpo =    21 DW = 3.41e-28 Error = 6.24e-13 NNZ =      401 SPT = 0.0452 Tsvd = 0.000 T = 0.022
 Site =    19 /   169 .. Mmpo =    22 DW = 1.66e-28 Error = 2.23e-13 NNZ =      442 SPT = 0.0433 Tsvd = 0.000 T = 0.023
 Site =    20 /   169 .. Mmpo =    23 DW = 2.41e-28 Error = 9.72e-13 NNZ =      485 SPT = 0.0415 Tsvd = 0.000 T = 0.024
 Site =    21 /   169 .. Mmpo =    24 DW = 1.35e-28 Error = 3.47e-13 NNZ =      530 SPT = 0.0399 Tsvd = 0.000 T = 0.025
 Site =    22 /   169 .. Mmpo =    25 DW = 2.81e-28 Error = 2.66e-13 NNZ =      577 SPT = 0.0383 Tsvd = 0.001 T = 0.026
 Site =    23 /   169 .. Mmpo =    26 DW = 1.86e-28 Error = 1.06e-12 NNZ =      626 SPT = 0.0369 Tsvd = 0.001 T = 0.027
 Site =    24 /   169 .. Mmpo =    27 DW = 2.70e-29 Error = 5.77e-13 NNZ =      677 SPT = 0.0356 Tsvd = 0.001 T = 0.028
 Site =    25 /   169 .. Mmpo =    28 DW = 5.42e-29 Error = 1.74e-13 NNZ =      730 SPT = 0.0344 Tsvd = 0.001 T = 0.029
 Site =    26 /   169 .. Mmpo =    29 DW = 1.81e-29 Error = 1.96e-13 NNZ =      785 SPT = 0.0333 Tsvd = 0.001 T = 0.030
 Site =    27 /   169 .. Mmpo =    30 DW = 1.23e-29 Error = 1.76e-13 NNZ =      842 SPT = 0.0322 Tsvd = 0.001 T = 0.031
 Site =    28 /   169 .. Mmpo =    31 DW = 4.12e-29 Error = 2.61e-13 NNZ =      901 SPT = 0.0312 Tsvd = 0.001 T = 0.032
 Site =    29 /   169 .. Mmpo =    32 DW = 6.03e-29 Error = 1.22e-12 NNZ =      962 SPT = 0.0302 Tsvd = 0.001 T = 0.033
 Site =    30 /   169 .. Mmpo =    33 DW = 6.42e-30 Error = 1.04e-12 NNZ =     1025 SPT = 0.0294 Tsvd = 0.001 T = 0.034
 Site =    31 /   169 .. Mmpo =    34 DW = 1.14e-29 Error = 5.37e-13 NNZ =     1090 SPT = 0.0285 Tsvd = 0.001 T = 0.035
 Site =    32 /   169 .. Mmpo =    35 DW = 3.11e-29 Error = 5.26e-13 NNZ =     1157 SPT = 0.0277 Tsvd = 0.001 T = 0.036
 Site =    33 /   169 .. Mmpo =    36 DW = 3.80e-29 Error = 3.39e-13 NNZ =     1226 SPT = 0.0270 Tsvd = 0.001 T = 0.037
 Site =    34 /   169 .. Mmpo =    37 DW = 3.31e-29 Error = 2.52e-13 NNZ =     1297 SPT = 0.0263 Tsvd = 0.001 T = 0.038
 Site =    35 /   169 .. Mmpo =    38 DW = 8.17e-29 Error = 1.70e-13 NNZ =     1370 SPT = 0.0256 Tsvd = 0.002 T = 0.039
 Site =    36 /   169 .. Mmpo =    39 DW = 1.17e-28 Error = 1.53e-13 NNZ =     1445 SPT = 0.0250 Tsvd = 0.001 T = 0.039
 Site =    37 /   169 .. Mmpo =    40 DW = 8.62e-29 Error = 9.58e-13 NNZ =     1522 SPT = 0.0244 Tsvd = 0.001 T = 0.040
 Site =    38 /   169 .. Mmpo =    41 DW = 6.87e-29 Error = 1.77e-13 NNZ =     1601 SPT = 0.0238 Tsvd = 0.001 T = 0.040
 Site =    39 /   169 .. Mmpo =    42 DW = 7.55e-29 Error = 7.28e-13 NNZ =     1682 SPT = 0.0232 Tsvd = 0.001 T = 0.041
 Site =    40 /   169 .. Mmpo =    43 DW = 1.53e-28 Error = 9.20e-13 NNZ =     1765 SPT = 0.0227 Tsvd = 0.001 T = 0.042
 Site =    41 /   169 .. Mmpo =    44 DW = 8.47e-29 Error = 7.75e-13 NNZ =     1850 SPT = 0.0222 Tsvd = 0.001 T = 0.043
 Site =    42 /   169 .. Mmpo =    45 DW = 1.25e-28 Error = 7.06e-13 NNZ =     1937 SPT = 0.0217 Tsvd = 0.001 T = 0.044
 Site =    43 /   169 .. Mmpo =    45 DW = 6.23e-17 Error = 7.89e-09 NNZ =     1981 SPT = 0.0217 Tsvd = 0.001 T = 0.044
 Site =    44 /   169 .. Mmpo =    46 DW = 3.58e-28 Error = 4.58e-13 NNZ =     2026 SPT = 0.0213 Tsvd = 0.001 T = 0.044
 Site =    45 /   169 .. Mmpo =    46 DW = 7.59e-17 Error = 8.71e-09 NNZ =     2071 SPT = 0.0213 Tsvd = 0.001 T = 0.044
 Site =    46 /   169 .. Mmpo =    47 DW = 2.01e-27 Error = 3.12e-13 NNZ =     2117 SPT = 0.0208 Tsvd = 0.001 T = 0.044
 Site =    47 /   169 .. Mmpo =    48 DW = 1.05e-27 Error = 2.61e-13 NNZ =     2210 SPT = 0.0204 Tsvd = 0.001 T = 0.046
 Site =    48 /   169 .. Mmpo =    48 DW = 4.75e-17 Error = 6.89e-09 NNZ =     2257 SPT = 0.0204 Tsvd = 0.001 T = 0.046
 Site =    49 /   169 .. Mmpo =    49 DW = 5.29e-27 Error = 2.14e-13 NNZ =     2305 SPT = 0.0200 Tsvd = 0.001 T = 0.046
 Site =    50 /   169 .. Mmpo =    49 DW = 6.11e-17 Error = 7.81e-09 NNZ =     2353 SPT = 0.0200 Tsvd = 0.001 T = 0.047
 Site =    51 /   169 .. Mmpo =    50 DW = 2.83e-27 Error = 2.29e-13 NNZ =     2402 SPT = 0.0196 Tsvd = 0.001 T = 0.046
 Site =    52 /   169 .. Mmpo =    51 DW = 1.52e-27 Error = 1.22e-12 NNZ =     2500 SPT = 0.0196 Tsvd = 0.001 T = 0.048
 Site =    53 /   169 .. Mmpo =    52 DW = 2.61e-27 Error = 1.57e-12 NNZ =     2601 SPT = 0.0192 Tsvd = 0.001 T = 0.048
 Site =    54 /   169 .. Mmpo =    52 DW = 4.50e-17 Error = 6.71e-09 NNZ =     2653 SPT = 0.0189 Tsvd = 0.001 T = 0.048
 Site =    55 /   169 .. Mmpo =    53 DW = 6.15e-26 Error = 2.05e-12 NNZ =     2704 SPT = 0.0189 Tsvd = 0.001 T = 0.048
 Site =    56 /   169 .. Mmpo =    53 DW = 2.89e-17 Error = 5.37e-09 NNZ =     2756 SPT = 0.0189 Tsvd = 0.002 T = 0.049
 Site =    57 /   169 .. Mmpo =    53 DW = 3.51e-17 Error = 5.93e-09 NNZ =     2757 SPT = 0.0185 Tsvd = 0.001 T = 0.048
 Site =    58 /   169 .. Mmpo =    53 DW = 2.39e-17 Error = 4.88e-09 NNZ =     2757 SPT = 0.0185 Tsvd = 0.002 T = 0.048
 Site =    59 /   169 .. Mmpo =    54 DW = 9.02e-26 Error = 1.17e-12 NNZ =     2809 SPT = 0.0185 Tsvd = 0.001 T = 0.048
 Site =    60 /   169 .. Mmpo =    54 DW = 3.99e-17 Error = 6.32e-09 NNZ =     2863 SPT = 0.0182 Tsvd = 0.002 T = 0.048
 Site =    61 /   169 .. Mmpo =    54 DW = 6.39e-17 Error = 7.99e-09 NNZ =     2862 SPT = 0.0185 Tsvd = 0.001 T = 0.048
 Site =    62 /   169 .. Mmpo =    55 DW = 4.88e-25 Error = 8.74e-13 NNZ =     2917 SPT = 0.0178 Tsvd = 0.002 T = 0.048
 Site =    63 /   169 .. Mmpo =    55 DW = 2.82e-17 Error = 5.31e-09 NNZ =     2970 SPT = 0.0182 Tsvd = 0.002 T = 0.048
 Site =    64 /   169 .. Mmpo =    55 DW = 4.68e-17 Error = 6.84e-09 NNZ =     2969 SPT = 0.0185 Tsvd = 0.002 T = 0.047
 Site =    65 /   169 .. Mmpo =    56 DW = 8.19e-26 Error = 4.07e-13 NNZ =     3025 SPT = 0.0179 Tsvd = 0.002 T = 0.047
 Site =    66 /   169 .. Mmpo =    55 DW = 1.36e-16 Error = 1.17e-08 NNZ =     3024 SPT = 0.0182 Tsvd = 0.002 T = 0.048
 Site =    67 /   169 .. Mmpo =    56 DW = 2.78e-24 Error = 1.71e-12 NNZ =     3022 SPT = 0.0188 Tsvd = 0.002 T = 0.047
 Site =    68 /   169 .. Mmpo =    57 DW = 1.29e-24 Error = 1.18e-12 NNZ =     3136 SPT = 0.0175 Tsvd = 0.002 T = 0.047
 Site =    69 /   169 .. Mmpo =    57 DW = 1.29e-17 Error = 3.59e-09 NNZ =     3191 SPT = 0.0179 Tsvd = 0.002 T = 0.048
 Site =    70 /   169 .. Mmpo =    56 DW = 9.76e-17 Error = 9.88e-09 NNZ =     3134 SPT = 0.0182 Tsvd = 0.002 T = 0.047
 Site =    71 /   169 .. Mmpo =    56 DW = 7.79e-17 Error = 8.83e-09 NNZ =     3079 SPT = 0.0182 Tsvd = 0.002 T = 0.046
 Site =    72 /   169 .. Mmpo =    57 DW = 2.16e-24 Error = 1.49e-12 NNZ =     3133 SPT = 0.0185 Tsvd = 0.002 T = 0.046
 Site =    73 /   169 .. Mmpo =    57 DW = 4.65e-17 Error = 6.82e-09 NNZ =     3188 SPT = 0.0188 Tsvd = 0.002 T = 0.046
 Site =    74 /   169 .. Mmpo =    57 DW = 3.54e-17 Error = 5.95e-09 NNZ =     3191 SPT = 0.0179 Tsvd = 0.001 T = 0.045
 Site =    75 /   169 .. Mmpo =    57 DW = 8.16e-17 Error = 9.04e-09 NNZ =     3190 SPT = 0.0182 Tsvd = 0.002 T = 0.045
 Site =    76 /   169 .. Mmpo =    57 DW = 5.85e-17 Error = 7.65e-09 NNZ =     3192 SPT = 0.0175 Tsvd = 0.001 T = 0.045
 Site =    77 /   169 .. Mmpo =    57 DW = 4.97e-17 Error = 7.05e-09 NNZ =     3192 SPT = 0.0175 Tsvd = 0.001 T = 0.043
 Site =    78 /   169 .. Mmpo =    57 DW = 1.68e-17 Error = 4.10e-09 NNZ =     3192 SPT = 0.0175 Tsvd = 0.001 T = 0.043
 Site =    79 /   169 .. Mmpo =    56 DW = 1.23e-16 Error = 1.11e-08 NNZ =     3134 SPT = 0.0182 Tsvd = 0.001 T = 0.044
 Site =    80 /   169 .. Mmpo =    57 DW = 3.16e-24 Error = 1.79e-12 NNZ =     3137 SPT = 0.0172 Tsvd = 0.001 T = 0.042
 Site =    81 /   169 .. Mmpo =    58 DW = 2.44e-24 Error = 1.57e-12 NNZ =     3248 SPT = 0.0175 Tsvd = 0.001 T = 0.043
 Site =    82 /   169 .. Mmpo =    58 DW = 7.99e-18 Error = 2.83e-09 NNZ =     3304 SPT = 0.0178 Tsvd = 0.001 T = 0.043
 Site =    83 /   169 .. Mmpo =    57 DW = 5.65e-17 Error = 7.52e-09 NNZ =     3244 SPT = 0.0188 Tsvd = 0.001 T = 0.043
 Site =    84 /   169 .. Mmpo =    57 DW = 1.45e-17 Error = 3.80e-09 NNZ =     3180 SPT = 0.0212 Tsvd = 0.001 T = 0.041
 Site =    85 /   169 .. Mmpo =    58 DW = 7.39e-25 Error = 8.80e-13 NNZ =     3245 SPT = 0.0185 Tsvd = 0.001 T = 0.041
 Site =    86 /   169 .. Mmpo =    58 DW = 1.48e-17 Error = 3.85e-09 NNZ =     3302 SPT = 0.0184 Tsvd = 0.001 T = 0.042
 Site =    87 /   169 .. Mmpo =    57 DW = 6.54e-17 Error = 8.09e-09 NNZ =     3244 SPT = 0.0188 Tsvd = 0.001 T = 0.041
 Site =    88 /   169 .. Mmpo =    56 DW = 1.61e-16 Error = 1.27e-08 NNZ =     3133 SPT = 0.0185 Tsvd = 0.001 T = 0.040
 Site =    89 /   169 .. Mmpo =    57 DW = 1.56e-24 Error = 1.62e-12 NNZ =     3135 SPT = 0.0179 Tsvd = 0.001 T = 0.039
 Site =    90 /   169 .. Mmpo =    57 DW = 3.25e-17 Error = 5.70e-09 NNZ =     3192 SPT = 0.0175 Tsvd = 0.001 T = 0.038
 Site =    91 /   169 .. Mmpo =    57 DW = 2.28e-17 Error = 4.77e-09 NNZ =     3192 SPT = 0.0175 Tsvd = 0.001 T = 0.038
 Site =    92 /   169 .. Mmpo =    56 DW = 7.57e-17 Error = 8.70e-09 NNZ =     3134 SPT = 0.0182 Tsvd = 0.001 T = 0.038
 Site =    93 /   169 .. Mmpo =    57 DW = 1.91e-24 Error = 2.01e-12 NNZ =     3137 SPT = 0.0172 Tsvd = 0.001 T = 0.037
 Site =    94 /   169 .. Mmpo =    57 DW = 8.01e-17 Error = 8.95e-09 NNZ =     3190 SPT = 0.0182 Tsvd = 0.001 T = 0.038
 Site =    95 /   169 .. Mmpo =    57 DW = 1.75e-17 Error = 4.18e-09 NNZ =     3191 SPT = 0.0179 Tsvd = 0.001 T = 0.037
 Site =    96 /   169 .. Mmpo =    56 DW = 6.99e-17 Error = 8.36e-09 NNZ =     3133 SPT = 0.0185 Tsvd = 0.001 T = 0.037
 Site =    97 /   169 .. Mmpo =    56 DW = 1.69e-17 Error = 4.11e-09 NNZ =     3077 SPT = 0.0188 Tsvd = 0.001 T = 0.036
 Site =    98 /   169 .. Mmpo =    56 DW = 8.67e-17 Error = 9.31e-09 NNZ =     3068 SPT = 0.0217 Tsvd = 0.001 T = 0.035
 Site =    99 /   169 .. Mmpo =    57 DW = 1.12e-24 Error = 1.50e-12 NNZ =     3133 SPT = 0.0185 Tsvd = 0.001 T = 0.035
 Site =   100 /   169 .. Mmpo =    56 DW = 4.79e-17 Error = 6.92e-09 NNZ =     3132 SPT = 0.0188 Tsvd = 0.001 T = 0.035
 Site =   101 /   169 .. Mmpo =    55 DW = 1.37e-16 Error = 1.17e-08 NNZ =     3023 SPT = 0.0185 Tsvd = 0.001 T = 0.034
 Site =   102 /   169 .. Mmpo =    55 DW = 4.11e-17 Error = 6.41e-09 NNZ =     2970 SPT = 0.0182 Tsvd = 0.001 T = 0.033
 Site =   103 /   169 .. Mmpo =    55 DW = 1.81e-18 Error = 1.35e-09 NNZ =     2970 SPT = 0.0182 Tsvd = 0.001 T = 0.032
 Site =   104 /   169 .. Mmpo =    54 DW = 3.91e-17 Error = 6.25e-09 NNZ =     2915 SPT = 0.0185 Tsvd = 0.001 T = 0.032
 Site =   105 /   169 .. Mmpo =    54 DW = 5.51e-17 Error = 7.42e-09 NNZ =     2862 SPT = 0.0185 Tsvd = 0.001 T = 0.031
 Site =   106 /   169 .. Mmpo =    54 DW = 4.45e-17 Error = 6.67e-09 NNZ =     2862 SPT = 0.0185 Tsvd = 0.001 T = 0.031
 Site =   107 /   169 .. Mmpo =    53 DW = 1.19e-16 Error = 1.09e-08 NNZ =     2807 SPT = 0.0192 Tsvd = 0.001 T = 0.030
 Site =   108 /   169 .. Mmpo =    54 DW = 1.15e-25 Error = 6.64e-13 NNZ =     2809 SPT = 0.0185 Tsvd = 0.001 T = 0.029
 Site =   109 /   169 .. Mmpo =    53 DW = 2.63e-17 Error = 5.13e-09 NNZ =     2806 SPT = 0.0196 Tsvd = 0.001 T = 0.030
 Site =   110 /   169 .. Mmpo =    52 DW = 9.93e-17 Error = 9.96e-09 NNZ =     2700 SPT = 0.0203 Tsvd = 0.001 T = 0.028
 Site =   111 /   169 .. Mmpo =    52 DW = 6.25e-17 Error = 7.91e-09 NNZ =     2651 SPT = 0.0196 Tsvd = 0.001 T = 0.028
 Site =   112 /   169 .. Mmpo =    53 DW = 3.00e-24 Error = 1.80e-12 NNZ =     2704 SPT = 0.0189 Tsvd = 0.001 T = 0.028
 Site =   113 /   169 .. Mmpo =    52 DW = 4.48e-17 Error = 6.70e-09 NNZ =     2700 SPT = 0.0203 Tsvd = 0.001 T = 0.027
 Site =   114 /   169 .. Mmpo =    51 DW = 1.01e-16 Error = 1.01e-08 NNZ =     2600 SPT = 0.0196 Tsvd = 0.001 T = 0.026
 Site =   115 /   169 .. Mmpo =    51 DW = 4.01e-19 Error = 6.34e-10 NNZ =     2551 SPT = 0.0192 Tsvd = 0.001 T = 0.025
 Site =   116 /   169 .. Mmpo =    50 DW = 2.83e-18 Error = 1.68e-09 NNZ =     2498 SPT = 0.0204 Tsvd = 0.001 T = 0.024
 Site =   117 /   169 .. Mmpo =    49 DW = 5.54e-17 Error = 7.44e-09 NNZ =     2400 SPT = 0.0204 Tsvd = 0.001 T = 0.024
 Site =   118 /   169 .. Mmpo =    49 DW = 2.16e-17 Error = 4.64e-09 NNZ =     2351 SPT = 0.0208 Tsvd = 0.001 T = 0.023
 Site =   119 /   169 .. Mmpo =    48 DW = 4.11e-18 Error = 2.03e-09 NNZ =     2303 SPT = 0.0208 Tsvd = 0.001 T = 0.023
 Site =   120 /   169 .. Mmpo =    47 DW = 8.68e-17 Error = 9.32e-09 NNZ =     2208 SPT = 0.0213 Tsvd = 0.001 T = 0.022
 Site =   121 /   169 .. Mmpo =    47 DW = 2.45e-18 Error = 1.57e-09 NNZ =     2162 SPT = 0.0213 Tsvd = 0.001 T = 0.021
 Site =   122 /   169 .. Mmpo =    46 DW = 4.81e-17 Error = 6.93e-09 NNZ =     2114 SPT = 0.0222 Tsvd = 0.001 T = 0.021
 Site =   123 /   169 .. Mmpo =    46 DW = 1.71e-18 Error = 1.31e-09 NNZ =     2070 SPT = 0.0217 Tsvd = 0.001 T = 0.020
 Site =   124 /   169 .. Mmpo =    45 DW = 3.47e-17 Error = 5.89e-09 NNZ =     2022 SPT = 0.0232 Tsvd = 0.001 T = 0.020
 Site =   125 /   169 .. Mmpo =    45 DW = 2.30e-38 Error = 3.97e-13 NNZ =     1980 SPT = 0.0222 Tsvd = 0.001 T = 0.019
 Site =   126 /   169 .. Mmpo =    44 DW = 4.35e-37 Error = 2.22e-13 NNZ =     1933 SPT = 0.0237 Tsvd = 0.001 T = 0.019
 Site =   127 /   169 .. Mmpo =    43 DW = 6.05e-40 Error = 1.54e-13 NNZ =     1849 SPT = 0.0227 Tsvd = 0.001 T = 0.018
 Site =   128 /   169 .. Mmpo =    42 DW = 8.83e-38 Error = 1.84e-13 NNZ =     1763 SPT = 0.0238 Tsvd = 0.000 T = 0.017
 Site =   129 /   169 .. Mmpo =    41 DW = 2.35e-37 Error = 1.09e-12 NNZ =     1680 SPT = 0.0244 Tsvd = 0.000 T = 0.016
 Site =   130 /   169 .. Mmpo =    40 DW = 1.64e-36 Error = 1.48e-13 NNZ =     1600 SPT = 0.0244 Tsvd = 0.000 T = 0.015
 Site =   131 /   169 .. Mmpo =    39 DW = 1.00e-38 Error = 2.00e-13 NNZ =     1521 SPT = 0.0250 Tsvd = 0.000 T = 0.015
 Site =   132 /   169 .. Mmpo =    38 DW = 2.32e-37 Error = 1.42e-13 NNZ =     1444 SPT = 0.0256 Tsvd = 0.000 T = 0.014
 Site =   133 /   169 .. Mmpo =    37 DW = 1.53e-37 Error = 2.54e-13 NNZ =     1369 SPT = 0.0263 Tsvd = 0.000 T = 0.013
 Site =   134 /   169 .. Mmpo =    36 DW = 2.00e-37 Error = 1.78e-13 NNZ =     1296 SPT = 0.0270 Tsvd = 0.000 T = 0.013
 Site =   135 /   169 .. Mmpo =    35 DW = 4.41e-39 Error = 1.46e-13 NNZ =     1225 SPT = 0.0278 Tsvd = 0.000 T = 0.012
 Site =   136 /   169 .. Mmpo =    34 DW = 3.63e-37 Error = 1.93e-13 NNZ =     1156 SPT = 0.0286 Tsvd = 0.000 T = 0.011
 Site =   137 /   169 .. Mmpo =    33 DW = 1.97e-37 Error = 1.61e-13 NNZ =     1089 SPT = 0.0294 Tsvd = 0.000 T = 0.011
 Site =   138 /   169 .. Mmpo =    32 DW = 2.87e-38 Error = 2.24e-13 NNZ =     1024 SPT = 0.0303 Tsvd = 0.000 T = 0.010
 Site =   139 /   169 .. Mmpo =    31 DW = 5.78e-38 Error = 2.37e-13 NNZ =      961 SPT = 0.0312 Tsvd = 0.000 T = 0.010
 Site =   140 /   169 .. Mmpo =    30 DW = 2.06e-37 Error = 1.61e-13 NNZ =      900 SPT = 0.0323 Tsvd = 0.000 T = 0.009
 Site =   141 /   169 .. Mmpo =    29 DW = 5.56e-37 Error = 3.40e-12 NNZ =      841 SPT = 0.0333 Tsvd = 0.000 T = 0.008
 Site =   142 /   169 .. Mmpo =    28 DW = 1.83e-39 Error = 5.17e-13 NNZ =      784 SPT = 0.0345 Tsvd = 0.000 T = 0.008
 Site =   143 /   169 .. Mmpo =    27 DW = 3.64e-37 Error = 1.61e-13 NNZ =      729 SPT = 0.0357 Tsvd = 0.000 T = 0.007
 Site =   144 /   169 .. Mmpo =    26 DW = 2.66e-37 Error = 1.92e-13 NNZ =      676 SPT = 0.0370 Tsvd = 0.000 T = 0.007
 Site =   145 /   169 .. Mmpo =    25 DW = 1.63e-38 Error = 2.07e-13 NNZ =      625 SPT = 0.0385 Tsvd = 0.000 T = 0.006
 Site =   146 /   169 .. Mmpo =    24 DW = 5.94e-41 Error = 2.03e-13 NNZ =      576 SPT = 0.0400 Tsvd = 0.000 T = 0.006
 Site =   147 /   169 .. Mmpo =    23 DW = 2.76e-38 Error = 2.09e-13 NNZ =      529 SPT = 0.0417 Tsvd = 0.000 T = 0.005
 Site =   148 /   169 .. Mmpo =    22 DW = 5.00e-38 Error = 2.37e-13 NNZ =      484 SPT = 0.0435 Tsvd = 0.000 T = 0.005
 Site =   149 /   169 .. Mmpo =    21 DW = 1.34e-38 Error = 1.62e-13 NNZ =      441 SPT = 0.0455 Tsvd = 0.000 T = 0.005
 Site =   150 /   169 .. Mmpo =    20 DW = 3.25e-40 Error = 1.29e-13 NNZ =      400 SPT = 0.0476 Tsvd = 0.000 T = 0.004
 Site =   151 /   169 .. Mmpo =    19 DW = 6.46e-38 Error = 1.62e-13 NNZ =      361 SPT = 0.0500 Tsvd = 0.000 T = 0.004
 Site =   152 /   169 .. Mmpo =    18 DW = 9.92e-38 Error = 3.04e-12 NNZ =      324 SPT = 0.0526 Tsvd = 0.000 T = 0.004
 Site =   153 /   169 .. Mmpo =    17 DW = 1.06e-37 Error = 2.57e-12 NNZ =      289 SPT = 0.0556 Tsvd = 0.000 T = 0.003
 Site =   154 /   169 .. Mmpo =    16 DW = 1.24e-38 Error = 2.45e-12 NNZ =      256 SPT = 0.0588 Tsvd = 0.000 T = 0.003
 Site =   155 /   169 .. Mmpo =    15 DW = 1.53e-38 Error = 1.08e-12 NNZ =      225 SPT = 0.0625 Tsvd = 0.000 T = 0.002
 Site =   156 /   169 .. Mmpo =    14 DW = 8.98e-39 Error = 1.44e-13 NNZ =      196 SPT = 0.0667 Tsvd = 0.000 T = 0.002
 Site =   157 /   169 .. Mmpo =    13 DW = 6.45e-39 Error = 1.57e-13 NNZ =      169 SPT = 0.0714 Tsvd = 0.000 T = 0.002
 Site =   158 /   169 .. Mmpo =    12 DW = 2.11e-39 Error = 1.93e-13 NNZ =      144 SPT = 0.0769 Tsvd = 0.000 T = 0.002
 Site =   159 /   169 .. Mmpo =    11 DW = 1.95e-38 Error = 1.19e-13 NNZ =      121 SPT = 0.0833 Tsvd = 0.000 T = 0.001
 Site =   160 /   169 .. Mmpo =    10 DW = 4.01e-38 Error = 1.19e-13 NNZ =      100 SPT = 0.0909 Tsvd = 0.000 T = 0.001
 Site =   161 /   169 .. Mmpo =     9 DW = 2.35e-39 Error = 1.35e-13 NNZ =       81 SPT = 0.1000 Tsvd = 0.000 T = 0.001
 Site =   162 /   169 .. Mmpo =     8 DW = 6.56e-39 Error = 1.24e-13 NNZ =       64 SPT = 0.1111 Tsvd = 0.000 T = 0.001
 Site =   163 /   169 .. Mmpo =     7 DW = 5.83e-38 Error = 6.37e-14 NNZ =       49 SPT = 0.1250 Tsvd = 0.000 T = 0.001
 Site =   164 /   169 .. Mmpo =     6 DW = 5.12e-40 Error = 1.53e-13 NNZ =       36 SPT = 0.1429 Tsvd = 0.000 T = 0.001
 Site =   165 /   169 .. Mmpo =     5 DW = 1.83e-39 Error = 7.39e-14 NNZ =       25 SPT = 0.1667 Tsvd = 0.000 T = 0.000
 Site =   166 /   169 .. Mmpo =     4 DW = 3.45e-41 Error = 1.21e-13 NNZ =       16 SPT = 0.2000 Tsvd = 0.000 T = 0.000
 Site =   167 /   169 .. Mmpo =     3 DW = 0.00e+00 Error = 1.17e-13 NNZ =        9 SPT = 0.2500 Tsvd = 0.000 T = 0.000
 Site =   168 /   169 .. Mmpo =     1 DW = 0.00e+00 Error = 2.46e-14 NNZ =        3 SPT = 0.0000 Tsvd = 0.000 T = 0.000
Ttotal =      4.543 Tsvd-total = 0.137 MPO bond dimension =    58 MaxDW = 1.61e-16 Total error = 5.56e-08
NNZ =       292425 SIZE =       298875 SPT = 0.0216

Rank =     0 Ttotal =      4.548 MPO method = FastSVD bond dimension =      58 NNZ =       292425 SIZE =       298875 SPT = 0.0216
Environment initialization | Nsites =   169 | Center =     0
 INIT-R <-- Site =  167 ..  Bmem =   128 B Rmem =   128 B T = 0.01
 INIT-R <-- Site =  166 ..  Bmem =   640 B Rmem =   640 B T = 0.01
 INIT-R <-- Site =  165 ..  Bmem = 3.00 KB Rmem = 3.00 KB T = 0.01
 INIT-R <-- Site =  164 ..  Bmem = 14.0 KB Rmem = 14.0 KB T = 0.01
 INIT-R <-- Site =  163 ..  Bmem = 64.0 KB Rmem = 64.0 KB T = 0.01
 INIT-R <-- Site =  162 ..  Bmem =  288 KB Rmem =  288 KB T = 0.01
 INIT-R <-- Site =  161 ..  Bmem = 1.25 MB Rmem = 1.25 MB T = 0.01
 INIT-R <-- Site =  160 ..  Bmem = 5.50 MB Rmem = 5.50 MB T = 0.04
 INIT-R <-- Site =  159 ..  Bmem = 24.0 MB Rmem = 24.0 MB T = 0.18
 INIT-R <-- Site =  158 ..  Bmem =  104 MB Rmem = 30.0 MB T = 0.52
 INIT-R <-- Site =  157 ..  Bmem =  129 MB Rmem = 32.3 MB T = 0.59
 INIT-R <-- Site =  156 ..  Bmem =  138 MB Rmem = 34.6 MB T = 0.63
 INIT-R <-- Site =  155 ..  Bmem =  148 MB Rmem = 36.9 MB T = 0.68
 INIT-R <-- Site =  154 ..  Bmem =  157 MB Rmem = 39.2 MB T = 0.72
 INIT-R <-- Site =  153 ..  Bmem =  166 MB Rmem = 41.5 MB T = 0.81
 INIT-R <-- Site =  152 ..  Bmem =  175 MB Rmem = 43.8 MB T = 0.85
 INIT-R <-- Site =  151 ..  Bmem =  185 MB Rmem = 46.2 MB T = 0.89
 INIT-R <-- Site =  150 ..  Bmem =  194 MB Rmem = 48.5 MB T = 0.98
 INIT-R <-- Site =  149 ..  Bmem =  203 MB Rmem = 50.8 MB T = 1.03
 INIT-R <-- Site =  148 ..  Bmem =  212 MB Rmem = 53.1 MB T = 1.06
 INIT-R <-- Site =  147 ..  Bmem =  222 MB Rmem = 55.4 MB T = 1.15
 INIT-R <-- Site =  146 ..  Bmem =  231 MB Rmem = 57.7 MB T = 1.18
 INIT-R <-- Site =  145 ..  Bmem =  240 MB Rmem = 60.0 MB T = 1.24
 INIT-R <-- Site =  144 ..  Bmem =  249 MB Rmem = 62.3 MB T = 1.30
 INIT-R <-- Site =  143 ..  Bmem =  258 MB Rmem = 64.6 MB T = 1.36
 INIT-R <-- Site =  142 ..  Bmem =  268 MB Rmem = 66.9 MB T = 1.43
 INIT-R <-- Site =  141 ..  Bmem =  277 MB Rmem = 69.2 MB T = 1.50
 INIT-R <-- Site =  140 ..  Bmem =  286 MB Rmem = 71.5 MB T = 1.58
 INIT-R <-- Site =  139 ..  Bmem =  295 MB Rmem = 73.9 MB T = 1.63
 INIT-R <-- Site =  138 ..  Bmem =  305 MB Rmem = 76.2 MB T = 1.72
 INIT-R <-- Site =  137 ..  Bmem =  314 MB Rmem = 78.5 MB T = 1.77
 INIT-R <-- Site =  136 ..  Bmem =  323 MB Rmem = 80.8 MB T = 1.84
 INIT-R <-- Site =  135 ..  Bmem =  332 MB Rmem = 83.1 MB T = 1.91
 INIT-R <-- Site =  134 ..  Bmem =  342 MB Rmem = 85.4 MB T = 1.99
 INIT-R <-- Site =  133 ..  Bmem =  351 MB Rmem = 87.7 MB T = 2.06
 INIT-R <-- Site =  132 ..  Bmem =  360 MB Rmem = 90.0 MB T = 2.14
 INIT-R <-- Site =  131 ..  Bmem =  369 MB Rmem = 92.3 MB T = 2.26
 INIT-R <-- Site =  130 ..  Bmem =  378 MB Rmem = 94.6 MB T = 2.28
 INIT-R <-- Site =  129 ..  Bmem =  388 MB Rmem = 96.9 MB T = 2.39
 INIT-R <-- Site =  128 ..  Bmem =  397 MB Rmem = 99.2 MB T = 2.47
 INIT-R <-- Site =  127 ..  Bmem =  406 MB Rmem =  102 MB T = 2.54
 INIT-R <-- Site =  126 ..  Bmem =  415 MB Rmem =  104 MB T = 2.62
 INIT-R <-- Site =  125 ..  Bmem =  425 MB Rmem =  106 MB T = 2.68
 INIT-R <-- Site =  124 ..  Bmem =  425 MB Rmem =  106 MB T = 2.72
 INIT-R <-- Site =  123 ..  Bmem =  434 MB Rmem =  108 MB T = 2.76
 INIT-R <-- Site =  122 ..  Bmem =  434 MB Rmem =  108 MB T = 2.79
 INIT-R <-- Site =  121 ..  Bmem =  443 MB Rmem =  111 MB T = 2.86
 INIT-R <-- Site =  120 ..  Bmem =  443 MB Rmem =  111 MB T = 2.87
 INIT-R <-- Site =  119 ..  Bmem =  452 MB Rmem =  113 MB T = 2.96
 INIT-R <-- Site =  118 ..  Bmem =  462 MB Rmem =  115 MB T = 3.01
 INIT-R <-- Site =  117 ..  Bmem =  462 MB Rmem =  115 MB T = 3.05
 INIT-R <-- Site =  116 ..  Bmem =  471 MB Rmem =  118 MB T = 3.16
 INIT-R <-- Site =  115 ..  Bmem =  480 MB Rmem =  120 MB T = 3.19
 INIT-R <-- Site =  114 ..  Bmem =  480 MB Rmem =  120 MB T = 3.21
 INIT-R <-- Site =  113 ..  Bmem =  489 MB Rmem =  122 MB T = 3.30
 INIT-R <-- Site =  112 ..  Bmem =  499 MB Rmem =  125 MB T = 3.39
 INIT-R <-- Site =  111 ..  Bmem =  489 MB Rmem =  122 MB T = 3.34
 INIT-R <-- Site =  110 ..  Bmem =  489 MB Rmem =  122 MB T = 3.36
 INIT-R <-- Site =  109 ..  Bmem =  499 MB Rmem =  125 MB T = 3.41
 INIT-R <-- Site =  108 ..  Bmem =  508 MB Rmem =  127 MB T = 3.45
 INIT-R <-- Site =  107 ..  Bmem =  499 MB Rmem =  125 MB T = 3.46
 INIT-R <-- Site =  106 ..  Bmem =  508 MB Rmem =  127 MB T = 3.49
 INIT-R <-- Site =  105 ..  Bmem =  508 MB Rmem =  127 MB T = 3.49
 INIT-R <-- Site =  104 ..  Bmem =  508 MB Rmem =  127 MB T = 3.49
 INIT-R <-- Site =  103 ..  Bmem =  517 MB Rmem =  129 MB T = 3.59
 INIT-R <-- Site =  102 ..  Bmem =  517 MB Rmem =  129 MB T = 3.64
 INIT-R <-- Site =  101 ..  Bmem =  517 MB Rmem =  129 MB T = 3.57
 INIT-R <-- Site =  100 ..  Bmem =  526 MB Rmem =  132 MB T = 3.65
 INIT-R <-- Site =   99 ..  Bmem =  535 MB Rmem =  134 MB T = 3.82
 INIT-R <-- Site =   98 ..  Bmem =  526 MB Rmem =  132 MB T = 3.71
 INIT-R <-- Site =   97 ..  Bmem =  526 MB Rmem =  132 MB T = 3.66
 INIT-R <-- Site =   96 ..  Bmem =  526 MB Rmem =  132 MB T = 3.67
 INIT-R <-- Site =   95 ..  Bmem =  535 MB Rmem =  134 MB T = 3.76
 INIT-R <-- Site =   94 ..  Bmem =  535 MB Rmem =  134 MB T = 3.77
 INIT-R <-- Site =   93 ..  Bmem =  535 MB Rmem =  134 MB T = 3.78
 INIT-R <-- Site =   92 ..  Bmem =  526 MB Rmem =  132 MB T = 3.71
 INIT-R <-- Site =   91 ..  Bmem =  535 MB Rmem =  134 MB T = 3.74
 INIT-R <-- Site =   90 ..  Bmem =  535 MB Rmem =  134 MB T = 3.78
 INIT-R <-- Site =   89 ..  Bmem =  535 MB Rmem =  134 MB T = 3.76
 INIT-R <-- Site =   88 ..  Bmem =  526 MB Rmem =  132 MB T = 3.76
 INIT-R <-- Site =   87 ..  Bmem =  535 MB Rmem =  134 MB T = 3.74
 INIT-R <-- Site =   86 ..  Bmem =  545 MB Rmem =  136 MB T = 3.87
 INIT-R <-- Site =   85 ..  Bmem =  545 MB Rmem =  136 MB T = 3.86
 INIT-R <-- Site =   84 ..  Bmem =  535 MB Rmem =  134 MB T = 3.80
 INIT-R <-- Site =   83 ..  Bmem =  535 MB Rmem =  134 MB T = 3.77
 INIT-R <-- Site =   82 ..  Bmem =  545 MB Rmem =  136 MB T = 3.86
 INIT-R <-- Site =   81 ..  Bmem =  545 MB Rmem =  136 MB T = 3.86
 INIT-R <-- Site =   80 ..  Bmem =  535 MB Rmem =  134 MB T = 3.79
 INIT-R <-- Site =   79 ..  Bmem =  526 MB Rmem =  132 MB T = 3.72
 INIT-R <-- Site =   78 ..  Bmem =  535 MB Rmem =  134 MB T = 3.78
 INIT-R <-- Site =   77 ..  Bmem =  535 MB Rmem =  134 MB T = 3.77
 INIT-R <-- Site =   76 ..  Bmem =  535 MB Rmem =  134 MB T = 3.76
 INIT-R <-- Site =   75 ..  Bmem =  535 MB Rmem =  134 MB T = 3.76
 INIT-R <-- Site =   74 ..  Bmem =  535 MB Rmem =  134 MB T = 3.79
 INIT-R <-- Site =   73 ..  Bmem =  535 MB Rmem =  134 MB T = 3.79
 INIT-R <-- Site =   72 ..  Bmem =  535 MB Rmem =  134 MB T = 3.77
 INIT-R <-- Site =   71 ..  Bmem =  526 MB Rmem =  132 MB T = 3.70
 INIT-R <-- Site =   70 ..  Bmem =  526 MB Rmem =  132 MB T = 3.68
 INIT-R <-- Site =   69 ..  Bmem =  535 MB Rmem =  134 MB T = 3.75
 INIT-R <-- Site =   68 ..  Bmem =  535 MB Rmem =  134 MB T = 3.76
 INIT-R <-- Site =   67 ..  Bmem =  526 MB Rmem =  132 MB T = 3.71
 INIT-R <-- Site =   66 ..  Bmem =  517 MB Rmem =  129 MB T = 3.61
 INIT-R <-- Site =   65 ..  Bmem =  526 MB Rmem =  132 MB T = 3.65
 INIT-R <-- Site =   64 ..  Bmem =  517 MB Rmem =  129 MB T = 3.60
 INIT-R <-- Site =   63 ..  Bmem =  517 MB Rmem =  129 MB T = 3.59
 INIT-R <-- Site =   62 ..  Bmem =  517 MB Rmem =  129 MB T = 3.61
 INIT-R <-- Site =   61 ..  Bmem =  508 MB Rmem =  127 MB T = 3.54
 INIT-R <-- Site =   60 ..  Bmem =  508 MB Rmem =  127 MB T = 3.52
 INIT-R <-- Site =   59 ..  Bmem =  508 MB Rmem =  127 MB T = 3.50
 INIT-R <-- Site =   58 ..  Bmem =  499 MB Rmem =  125 MB T = 3.42
 INIT-R <-- Site =   57 ..  Bmem =  499 MB Rmem =  125 MB T = 3.39
 INIT-R <-- Site =   56 ..  Bmem =  499 MB Rmem =  125 MB T = 3.39
 INIT-R <-- Site =   55 ..  Bmem =  499 MB Rmem =  125 MB T = 3.42
 INIT-R <-- Site =   54 ..  Bmem =  489 MB Rmem =  122 MB T = 3.40
 INIT-R <-- Site =   53 ..  Bmem =  489 MB Rmem =  122 MB T = 3.30
 INIT-R <-- Site =   52 ..  Bmem =  480 MB Rmem =  120 MB T = 3.30
 INIT-R <-- Site =   51 ..  Bmem =  471 MB Rmem =  118 MB T = 3.15
 INIT-R <-- Site =   50 ..  Bmem =  462 MB Rmem =  115 MB T = 3.07
 INIT-R <-- Site =   49 ..  Bmem =  462 MB Rmem =  115 MB T = 3.04
 INIT-R <-- Site =   48 ..  Bmem =  452 MB Rmem =  113 MB T = 2.99
 INIT-R <-- Site =   47 ..  Bmem =  452 MB Rmem =  113 MB T = 2.98
 INIT-R <-- Site =   46 ..  Bmem =  443 MB Rmem =  111 MB T = 2.90
 INIT-R <-- Site =   45 ..  Bmem =  434 MB Rmem =  108 MB T = 2.80
 INIT-R <-- Site =   44 ..  Bmem =  434 MB Rmem =  108 MB T = 2.82
 INIT-R <-- Site =   43 ..  Bmem =  425 MB Rmem =  106 MB T = 2.72
 INIT-R <-- Site =   42 ..  Bmem =  425 MB Rmem =  106 MB T = 2.71
 INIT-R <-- Site =   41 ..  Bmem =  415 MB Rmem =  104 MB T = 2.64
 INIT-R <-- Site =   40 ..  Bmem =  406 MB Rmem =  102 MB T = 2.58
 INIT-R <-- Site =   39 ..  Bmem =  397 MB Rmem = 99.2 MB T = 2.49
 INIT-R <-- Site =   38 ..  Bmem =  388 MB Rmem = 96.9 MB T = 2.41
 INIT-R <-- Site =   37 ..  Bmem =  378 MB Rmem = 94.6 MB T = 2.32
 INIT-R <-- Site =   36 ..  Bmem =  369 MB Rmem = 92.3 MB T = 2.25
 INIT-R <-- Site =   35 ..  Bmem =  360 MB Rmem = 90.0 MB T = 2.20
 INIT-R <-- Site =   34 ..  Bmem =  351 MB Rmem = 87.7 MB T = 2.10
 INIT-R <-- Site =   33 ..  Bmem =  342 MB Rmem = 85.4 MB T = 2.04
 INIT-R <-- Site =   32 ..  Bmem =  332 MB Rmem = 83.1 MB T = 1.97
 INIT-R <-- Site =   31 ..  Bmem =  323 MB Rmem = 80.8 MB T = 1.87
 INIT-R <-- Site =   30 ..  Bmem =  314 MB Rmem = 78.5 MB T = 1.83
 INIT-R <-- Site =   29 ..  Bmem =  305 MB Rmem = 76.2 MB T = 1.74
 INIT-R <-- Site =   28 ..  Bmem =  295 MB Rmem = 73.9 MB T = 1.66
 INIT-R <-- Site =   27 ..  Bmem =  286 MB Rmem = 71.5 MB T = 1.60
 INIT-R <-- Site =   26 ..  Bmem =  277 MB Rmem = 69.2 MB T = 1.53
 INIT-R <-- Site =   25 ..  Bmem =  268 MB Rmem = 66.9 MB T = 1.51
 INIT-R <-- Site =   24 ..  Bmem =  258 MB Rmem = 64.6 MB T = 1.39
 INIT-R <-- Site =   23 ..  Bmem =  249 MB Rmem = 62.3 MB T = 1.33
 INIT-R <-- Site =   22 ..  Bmem =  240 MB Rmem = 60.0 MB T = 1.27
 INIT-R <-- Site =   21 ..  Bmem =  231 MB Rmem = 57.7 MB T = 1.21
 INIT-R <-- Site =   20 ..  Bmem =  222 MB Rmem = 55.4 MB T = 1.16
 INIT-R <-- Site =   19 ..  Bmem =  212 MB Rmem = 53.1 MB T = 1.09
 INIT-R <-- Site =   18 ..  Bmem =  203 MB Rmem = 50.8 MB T = 1.03
 INIT-R <-- Site =   17 ..  Bmem =  194 MB Rmem = 48.5 MB T = 0.97
 INIT-R <-- Site =   16 ..  Bmem =  185 MB Rmem = 46.2 MB T = 0.93
 INIT-R <-- Site =   15 ..  Bmem =  175 MB Rmem = 43.8 MB T = 0.87
 INIT-R <-- Site =   14 ..  Bmem =  166 MB Rmem = 41.5 MB T = 0.80
 INIT-R <-- Site =   13 ..  Bmem =  157 MB Rmem = 39.2 MB T = 0.76
 INIT-R <-- Site =   12 ..  Bmem =  148 MB Rmem = 36.9 MB T = 0.71
 INIT-R <-- Site =   11 ..  Bmem =  138 MB Rmem = 34.6 MB T = 0.64
 INIT-R <-- Site =   10 ..  Bmem =  129 MB Rmem = 32.3 MB T = 0.59
 INIT-R <-- Site =    9 ..  Bmem =  120 MB Rmem = 30.0 MB T = 0.54
 INIT-R <-- Site =    8 ..  Bmem =  111 MB Rmem = 27.7 MB T = 0.49
 INIT-R <-- Site =    7 ..  Bmem =  102 MB Rmem = 25.4 MB T = 0.45
 INIT-R <-- Site =    6 ..  Bmem = 92.3 MB Rmem = 23.1 MB T = 0.41
 INIT-R <-- Site =    5 ..  Bmem = 83.1 MB Rmem = 20.8 MB T = 0.36
 INIT-R <-- Site =    4 ..  Bmem = 73.9 MB Rmem = 18.5 MB T = 0.32
 INIT-R <-- Site =    3 ..  Bmem = 64.6 MB Rmem = 16.2 MB T = 0.31
 INIT-R <-- Site =    2 ..  Bmem = 55.4 MB Rmem = 13.8 MB T = 0.23
 INIT-R <-- Site =    1 ..  Bmem = 46.2 MB Rmem = 11.5 MB T = 0.20
 INIT-R <-- Site =    0 ..  Bmem = 36.9 MB Rmem = 9.23 MB T = 0.16
Time init sweep =      391.909 | MaxBmem =  545 MB | MaxRmem =  136 MB
 | Tread = 0.000 | Twrite = 29.017 | Tfpread = 0.000 | Tfpwrite = 19.421 | data = 14.8 GB | cpsd = 9.73 GB | Tasync = 0.000


Sweep =    0 | Direction =  forward | Bond dimension =   15 | Noise =  1.00e-04 | Dav threshold =  1.00e-10
 --> Site =    0 .. Mmps =    2 Ndav =  11 E =   -123.1059601113 Error = 0.00e+00 FLOPS = 4.00e+09 Tdav = 0.01 T = 0.16
 --> Site =    1 .. Mmps =    4 Ndav =  23 E =   -123.1153919993 Error = 0.00e+00 FLOPS = 4.23e+09 Tdav = 0.03 T = 0.11
 --> Site =    2 .. Mmps =    8 Ndav =  24 E =   -123.1186282946 Error = 0.00e+00 FLOPS = 6.40e+09 Tdav = 0.05 T = 0.14
 --> Site =    3 .. Mmps =   15 Ndav =  40 E =   -123.1281372265 Error = 1.07e-13 FLOPS = 4.38e+09 Tdav = 0.27 T = 0.38
 --> Site =    4 .. Mmps =   15 Ndav =  33 E =   -123.1386283713 Error = 1.26e-08 FLOPS = 6.70e+09 Tdav = 0.33 T = 0.47
 --> Site =    5 .. Mmps =   15 Ndav =  50 E =   -123.1439229882 Error = 2.04e-06 FLOPS = 4.12e+09 Tdav = 0.93 T = 1.06
 --> Site =    6 .. Mmps =   15 Ndav =  39 E =   -123.1537070232 Error = 9.67e-06 FLOPS = 6.33e+09 Tdav = 0.53 T = 0.68
 --> Site =    7 .. Mmps =   15 Ndav =  47 E =   -123.1585032234 Error = 1.89e-05 FLOPS = 5.31e+09 Tdav = 0.85 T = 1.01
 --> Site =    8 .. Mmps =   15 Ndav =  37 E =   -123.1613850339 Error = 1.64e-05 FLOPS = 7.67e+09 Tdav = 0.51 T = 0.67
 --> Site =    9 .. Mmps =   15 Ndav =  41 E =   -123.1626151785 Error = 4.31e-05 FLOPS = 7.15e+09 Tdav = 0.66 T = 0.84
 --> Site =   10 .. Mmps =   15 Ndav =  30 E =   -123.1650871505 Error = 2.57e-05 FLOPS = 1.03e+10 Tdav = 0.36 T = 0.57
 --> Site =   11 .. Mmps =   15 Ndav =  28 E =   -123.1653418207 Error = 1.96e-05 FLOPS = 1.12e+10 Tdav = 0.33 T = 0.54
 --> Site =   12 .. Mmps =   15 Ndav =  30 E =   -123.1675778756 Error = 3.29e-05 FLOPS = 1.08e+10 Tdav = 0.40 T = 0.63
 --> Site =   13 .. Mmps =   15 Ndav =  30 E =   -123.1677857577 Error = 3.23e-06 FLOPS = 1.11e+10 Tdav = 0.41 T = 0.65
 --> Site =   14 .. Mmps =   15 Ndav =  29 E =   -123.1703719830 Error = 3.95e-06 FLOPS = 1.16e+10 Tdav = 0.41 T = 0.64
 --> Site =   15 .. Mmps =   15 Ndav =  35 E =   -123.1726412641 Error = 1.91e-06 FLOPS = 1.02e+10 Tdav = 0.59 T = 0.85
 --> Site =   16 .. Mmps =   15 Ndav =  30 E =   -123.1743276452 Error = 1.72e-06 FLOPS = 1.17e+10 Tdav = 0.47 T = 0.73
 --> Site =   17 .. Mmps =   15 Ndav =  32 E =   -123.1754477283 Error = 1.66e-06 FLOPS = 1.13e+10 Tdav = 0.54 T = 0.79
 --> Site =   18 .. Mmps =   15 Ndav =  28 E =   -123.1764060909 Error = 1.41e-06 FLOPS = 1.26e+10 Tdav = 0.45 T = 0.72
 --> Site =   19 .. Mmps =   15 Ndav =  29 E =   -123.1776503583 Error = 1.44e-06 FLOPS = 1.24e+10 Tdav = 0.49 T = 0.79
 --> Site =   20 .. Mmps =   15 Ndav =  31 E =   -123.1787075578 Error = 1.33e-06 FLOPS = 1.21e+10 Tdav = 0.57 T = 0.86
 --> Site =   21 .. Mmps =   15 Ndav =  31 E =   -123.1799403945 Error = 1.44e-06 FLOPS = 1.22e+10 Tdav = 0.58 T = 0.89
 --> Site =   22 .. Mmps =   15 Ndav =  34 E =   -123.1822095655 Error = 1.38e-06 FLOPS = 1.16e+10 Tdav = 0.70 T = 1.02
 --> Site =   23 .. Mmps =   15 Ndav =  35 E =   -123.1830877866 Error = 1.77e-06 FLOPS = 1.15e+10 Tdav = 0.76 T = 1.10
 --> Site =   24 .. Mmps =   15 Ndav =  29 E =   -123.1837129394 Error = 3.18e-06 FLOPS = 1.31e+10 Tdav = 0.57 T = 0.93
 --> Site =   25 .. Mmps =   15 Ndav =  30 E =   -123.1840850002 Error = 2.28e-06 FLOPS = 1.29e+10 Tdav = 0.62 T = 0.98
 --> Site =   26 .. Mmps =   15 Ndav =  31 E =   -123.1843749861 Error = 3.31e-05 FLOPS = 1.28e+10 Tdav = 0.67 T = 1.04
 --> Site =   27 .. Mmps =   15 Ndav =  31 E =   -123.1840821888 Error = 4.97e-06 FLOPS = 1.29e+10 Tdav = 0.69 T = 1.09
 --> Site =   28 .. Mmps =   15 Ndav =  31 E =   -123.1843799401 Error = 1.17e-05 FLOPS = 1.30e+10 Tdav = 0.70 T = 1.09
 --> Site =   29 .. Mmps =   15 Ndav =  31 E =   -123.1844460588 Error = 4.04e-06 FLOPS = 1.32e+10 Tdav = 0.72 T = 1.12
 --> Site =   30 .. Mmps =   15 Ndav =  33 E =   -123.1848278511 Error = 9.42e-06 FLOPS = 1.28e+10 Tdav = 0.81 T = 1.26
 --> Site =   31 .. Mmps =   15 Ndav =  31 E =   -123.1849516438 Error = 2.41e-06 FLOPS = 1.33e+10 Tdav = 0.76 T = 1.14
 --> Site =   32 .. Mmps =   15 Ndav =  29 E =   -123.1853278315 Error = 1.38e-05 FLOPS = 1.38e+10 Tdav = 0.71 T = 1.15
 --> Site =   33 .. Mmps =   15 Ndav =  27 E =   -123.1854100891 Error = 4.17e-06 FLOPS = 1.43e+10 Tdav = 0.65 T = 1.11
 --> Site =   34 .. Mmps =   15 Ndav =  32 E =   -123.1858705810 Error = 1.13e-05 FLOPS = 1.34e+10 Tdav = 0.85 T = 1.28
 --> Site =   35 .. Mmps =   15 Ndav =  28 E =   -123.1859780098 Error = 3.64e-06 FLOPS = 1.42e+10 Tdav = 0.72 T = 1.16
 --> Site =   36 .. Mmps =   15 Ndav =  33 E =   -123.1864962246 Error = 1.36e-05 FLOPS = 1.33e+10 Tdav = 0.92 T = 1.39
 --> Site =   37 .. Mmps =   15 Ndav =  33 E =   -123.1868451410 Error = 1.07e-06 FLOPS = 1.34e+10 Tdav = 0.94 T = 1.40
 --> Site =   38 .. Mmps =   15 Ndav =  41 E =   -123.1884684833 Error = 5.60e-05 FLOPS = 1.21e+10 Tdav = 1.33 T = 1.85
 --> Site =   39 .. Mmps =   15 Ndav =  38 E =   -123.1898101371 Error = 9.55e-06 FLOPS = 1.27e+10 Tdav = 1.20 T = 1.67
 --> Site =   40 .. Mmps =   15 Ndav =  37 E =   -123.1910045217 Error = 7.71e-06 FLOPS = 1.30e+10 Tdav = 1.18 T = 1.66
 --> Site =   41 .. Mmps =   15 Ndav =  33 E =   -123.1920529687 Error = 1.44e-07 FLOPS = 1.37e+10 Tdav = 1.01 T = 1.51
 --> Site =   42 .. Mmps =   15 Ndav =  32 E =   -123.1926980147 Error = 5.55e-06 FLOPS = 1.40e+10 Tdav = 0.99 T = 1.49
 --> Site =   43 .. Mmps =   15 Ndav =  31 E =   -123.1933956528 Error = 3.32e-06 FLOPS = 1.41e+10 Tdav = 0.94 T = 1.44
 --> Site =   44 .. Mmps =   15 Ndav =  32 E =   -123.1939295802 Error = 3.38e-06 FLOPS = 1.40e+10 Tdav = 1.00 T = 1.57
 --> Site =   45 .. Mmps =   15 Ndav =  33 E =   -123.1948063662 Error = 4.05e-06 FLOPS = 1.39e+10 Tdav = 1.05 T = 1.56
 --> Site =   46 .. Mmps =   15 Ndav =  34 E =   -123.1959529039 Error = 2.82e-06 FLOPS = 1.38e+10 Tdav = 1.11 T = 1.64
 --> Site =   47 .. Mmps =   15 Ndav =  34 E =   -123.1970848912 Error = 2.61e-07 FLOPS = 1.38e+10 Tdav = 1.13 T = 1.65
 --> Site =   48 .. Mmps =   15 Ndav =  32 E =   -123.1980113294 Error = 3.11e-06 FLOPS = 1.42e+10 Tdav = 1.04 T = 1.57
 --> Site =   49 .. Mmps =   15 Ndav =  30 E =   -123.1991034003 Error = 6.39e-07 FLOPS = 1.45e+10 Tdav = 0.97 T = 1.52
 --> Site =   50 .. Mmps =   15 Ndav =  28 E =   -123.1995145868 Error = 1.13e-05 FLOPS = 1.49e+10 Tdav = 0.88 T = 1.43
 --> Site =   51 .. Mmps =   15 Ndav =  27 E =   -123.1997911178 Error = 1.12e-06 FLOPS = 1.51e+10 Tdav = 0.86 T = 1.40
 --> Site =   52 .. Mmps =   15 Ndav =  29 E =   -123.2000407755 Error = 8.04e-06 FLOPS = 1.48e+10 Tdav = 0.96 T = 1.51
 --> Site =   53 .. Mmps =   15 Ndav =  29 E =   -123.2007020833 Error = 6.52e-06 FLOPS = 1.48e+10 Tdav = 0.97 T = 1.56
 --> Site =   54 .. Mmps =   15 Ndav =  30 E =   -123.2010959127 Error = 3.73e-06 FLOPS = 1.47e+10 Tdav = 1.01 T = 1.57
 --> Site =   55 .. Mmps =   15 Ndav =  26 E =   -123.2016953713 Error = 3.45e-06 FLOPS = 1.53e+10 Tdav = 0.86 T = 1.44
 --> Site =   56 .. Mmps =   15 Ndav =  26 E =   -123.2019200949 Error = 6.55e-07 FLOPS = 1.53e+10 Tdav = 0.86 T = 1.44
 --> Site =   57 .. Mmps =   15 Ndav =  24 E =   -123.2023504928 Error = 4.13e-06 FLOPS = 1.56e+10 Tdav = 0.78 T = 1.35
 --> Site =   58 .. Mmps =   15 Ndav =  29 E =   -123.2025549662 Error = 5.85e-07 FLOPS = 1.49e+10 Tdav = 0.99 T = 1.56
 --> Site =   59 .. Mmps =   15 Ndav =  25 E =   -123.2029536646 Error = 4.55e-06 FLOPS = 1.55e+10 Tdav = 0.83 T = 1.42
 --> Site =   60 .. Mmps =   15 Ndav =  25 E =   -123.2032344640 Error = 9.07e-07 FLOPS = 1.55e+10 Tdav = 0.83 T = 1.43
 --> Site =   61 .. Mmps =   15 Ndav =  28 E =   -123.2038098640 Error = 6.33e-06 FLOPS = 1.50e+10 Tdav = 0.96 T = 1.55
 --> Site =   62 .. Mmps =   15 Ndav =  29 E =   -123.2050584526 Error = 1.71e-06 FLOPS = 1.49e+10 Tdav = 1.02 T = 1.61
 --> Site =   63 .. Mmps =   15 Ndav =  33 E =   -123.2067401517 Error = 1.13e-05 FLOPS = 1.44e+10 Tdav = 1.21 T = 1.80
 --> Site =   64 .. Mmps =   15 Ndav =  32 E =   -123.2080105161 Error = 5.11e-06 FLOPS = 1.45e+10 Tdav = 1.16 T = 1.76
 --> Site =   65 .. Mmps =   15 Ndav =  28 E =   -123.2085365889 Error = 1.30e-05 FLOPS = 1.51e+10 Tdav = 0.99 T = 1.59
 --> Site =   66 .. Mmps =   15 Ndav =  29 E =   -123.2097054389 Error = 5.72e-07 FLOPS = 1.50e+10 Tdav = 1.02 T = 1.62
 --> Site =   67 .. Mmps =   15 Ndav =  27 E =   -123.2105824050 Error = 5.08e-06 FLOPS = 1.53e+10 Tdav = 0.95 T = 1.54
 --> Site =   68 .. Mmps =   15 Ndav =  26 E =   -123.2112251836 Error = 9.15e-08 FLOPS = 1.55e+10 Tdav = 0.92 T = 1.51
 --> Site =   69 .. Mmps =   15 Ndav =  28 E =   -123.2119773863 Error = 2.53e-06 FLOPS = 1.52e+10 Tdav = 1.01 T = 1.59
 --> Site =   70 .. Mmps =   15 Ndav =  28 E =   -123.2128563621 Error = 1.53e-06 FLOPS = 1.52e+10 Tdav = 0.99 T = 1.60
 --> Site =   71 .. Mmps =   15 Ndav =  27 E =   -123.2135383791 Error = 6.77e-06 FLOPS = 1.53e+10 Tdav = 0.95 T = 1.55
 --> Site =   72 .. Mmps =   15 Ndav =  28 E =   -123.2141151177 Error = 1.52e-06 FLOPS = 1.52e+10 Tdav = 1.01 T = 1.63
 --> Site =   73 .. Mmps =   15 Ndav =  27 E =   -123.2149936933 Error = 5.26e-06 FLOPS = 1.53e+10 Tdav = 0.96 T = 1.61
 --> Site =   74 .. Mmps =   15 Ndav =  27 E =   -123.2159534852 Error = 2.72e-06 FLOPS = 1.53e+10 Tdav = 0.96 T = 1.63
 --> Site =   75 .. Mmps =   15 Ndav =  26 E =   -123.2163194062 Error = 9.40e-06 FLOPS = 1.55e+10 Tdav = 0.92 T = 1.53
 --> Site =   76 .. Mmps =   15 Ndav =  24 E =   -123.2165378083 Error = 3.59e-06 FLOPS = 1.57e+10 Tdav = 0.83 T = 1.44
 --> Site =   77 .. Mmps =   15 Ndav =  32 E =   -123.2169948564 Error = 1.24e-05 FLOPS = 1.46e+10 Tdav = 1.20 T = 1.81
 --> Site =   78 .. Mmps =   15 Ndav =  33 E =   -123.2173619728 Error = 1.49e-05 FLOPS = 1.45e+10 Tdav = 1.24 T = 1.90
 --> Site =   79 .. Mmps =   15 Ndav =  31 E =   -123.2174521880 Error = 2.63e-06 FLOPS = 1.47e+10 Tdav = 1.13 T = 1.73
 --> Site =   80 .. Mmps =   15 Ndav =  34 E =   -123.2182574678 Error = 3.26e-06 FLOPS = 1.43e+10 Tdav = 1.30 T = 1.92
 --> Site =   81 .. Mmps =   15 Ndav =  30 E =   -123.2185861902 Error = 3.80e-06 FLOPS = 1.49e+10 Tdav = 1.11 T = 1.74
 --> Site =   82 .. Mmps =   15 Ndav =  29 E =   -123.2189643028 Error = 1.06e-05 FLOPS = 1.51e+10 Tdav = 1.07 T = 1.71
 --> Site =   83 .. Mmps =   15 Ndav =  28 E =   -123.2191015678 Error = 5.48e-07 FLOPS = 1.52e+10 Tdav = 1.01 T = 1.68
 --> Site =   84 .. Mmps =   15 Ndav =  29 E =   -123.2194873999 Error = 1.02e-05 FLOPS = 1.50e+10 Tdav = 1.05 T = 1.76
 --> Site =   85 .. Mmps =   15 Ndav =  31 E =   -123.2195820779 Error = 8.80e-07 FLOPS = 1.48e+10 Tdav = 1.16 T = 1.77
 --> Site =   86 .. Mmps =   15 Ndav =  29 E =   -123.2199548586 Error = 1.11e-05 FLOPS = 1.51e+10 Tdav = 1.07 T = 1.66
 --> Site =   87 .. Mmps =   15 Ndav =  35 E =   -123.2203837255 Error = 1.54e-06 FLOPS = 1.42e+10 Tdav = 1.35 T = 1.97
 --> Site =   88 .. Mmps =   15 Ndav =  40 E =   -123.2217848610 Error = 3.97e-06 FLOPS = 1.33e+10 Tdav = 1.61 T = 2.20
 --> Site =   89 .. Mmps =   15 Ndav =  37 E =   -123.2229888764 Error = 5.55e-07 FLOPS = 1.39e+10 Tdav = 1.45 T = 2.05
 --> Site =   90 .. Mmps =   15 Ndav =  44 E =   -123.2266764045 Error = 1.27e-05 FLOPS = 1.28e+10 Tdav = 1.88 T = 2.49
 --> Site =   91 .. Mmps =   15 Ndav =  34 E =   -123.2281603516 Error = 3.74e-06 FLOPS = 1.43e+10 Tdav = 1.29 T = 1.93
 --> Site =   92 .. Mmps =   15 Ndav =  34 E =   -123.2299857885 Error = 3.78e-06 FLOPS = 1.43e+10 Tdav = 1.28 T = 1.87
 --> Site =   93 .. Mmps =   15 Ndav =  32 E =   -123.2317974550 Error = 2.38e-07 FLOPS = 1.46e+10 Tdav = 1.19 T = 1.77
 --> Site =   94 .. Mmps =   15 Ndav =  31 E =   -123.2330529860 Error = 2.41e-06 FLOPS = 1.47e+10 Tdav = 1.15 T = 1.79
 --> Site =   95 .. Mmps =   15 Ndav =  31 E =   -123.2346813001 Error = 1.55e-06 FLOPS = 1.48e+10 Tdav = 1.14 T = 1.76
 --> Site =   96 .. Mmps =   15 Ndav =  34 E =   -123.2358019193 Error = 4.81e-06 FLOPS = 1.43e+10 Tdav = 1.28 T = 1.86
 --> Site =   97 .. Mmps =   15 Ndav =  31 E =   -123.2371972383 Error = 1.45e-06 FLOPS = 1.47e+10 Tdav = 1.13 T = 1.74
 --> Site =   98 .. Mmps =   15 Ndav =  31 E =   -123.2381282787 Error = 5.75e-06 FLOPS = 1.47e+10 Tdav = 1.13 T = 1.83
 --> Site =   99 .. Mmps =   15 Ndav =  31 E =   -123.2392977953 Error = 1.53e-06 FLOPS = 1.48e+10 Tdav = 1.14 T = 1.73
 --> Site =  100 .. Mmps =   15 Ndav =  33 E =   -123.2400642997 Error = 6.87e-06 FLOPS = 1.44e+10 Tdav = 1.23 T = 1.82
 --> Site =  101 .. Mmps =   15 Ndav =  30 E =   -123.2408390464 Error = 1.09e-06 FLOPS = 1.48e+10 Tdav = 1.07 T = 1.66
 --> Site =  102 .. Mmps =   15 Ndav =  28 E =   -123.2412410132 Error = 7.48e-06 FLOPS = 1.51e+10 Tdav = 0.98 T = 1.57
 --> Site =  103 .. Mmps =   15 Ndav =  27 E =   -123.2416420921 Error = 1.13e-06 FLOPS = 1.53e+10 Tdav = 0.93 T = 1.55
 --> Site =  104 .. Mmps =   15 Ndav =  30 E =   -123.2419900750 Error = 8.36e-06 FLOPS = 1.48e+10 Tdav = 1.05 T = 1.66
 --> Site =  105 .. Mmps =   15 Ndav =  25 E =   -123.2424901644 Error = 5.95e-06 FLOPS = 1.56e+10 Tdav = 0.83 T = 1.42
 --> Site =  106 .. Mmps =   15 Ndav =  28 E =   -123.2426177647 Error = 4.44e-06 FLOPS = 1.51e+10 Tdav = 0.96 T = 1.56
 --> Site =  107 .. Mmps =   15 Ndav =  25 E =   -123.2435593983 Error = 3.78e-06 FLOPS = 1.55e+10 Tdav = 0.82 T = 1.40
 --> Site =  108 .. Mmps =   15 Ndav =  26 E =   -123.2442488446 Error = 8.05e-07 FLOPS = 1.54e+10 Tdav = 0.87 T = 1.49
 --> Site =  109 .. Mmps =   15 Ndav =  27 E =   -123.2458521170 Error = 4.85e-06 FLOPS = 1.52e+10 Tdav = 0.90 T = 1.48
 --> Site =  110 .. Mmps =   15 Ndav =  28 E =   -123.2467499139 Error = 7.39e-07 FLOPS = 1.50e+10 Tdav = 0.93 T = 1.50
 --> Site =  111 .. Mmps =   15 Ndav =  29 E =   -123.2486968829 Error = 5.21e-06 FLOPS = 1.48e+10 Tdav = 0.97 T = 1.53
 --> Site =  112 .. Mmps =   15 Ndav =  27 E =   -123.2493768353 Error = 1.88e-06 FLOPS = 1.52e+10 Tdav = 0.90 T = 1.47
 --> Site =  113 .. Mmps =   15 Ndav =  30 E =   -123.2508622840 Error = 7.16e-06 FLOPS = 1.47e+10 Tdav = 1.02 T = 1.59
 --> Site =  114 .. Mmps =   15 Ndav =  31 E =   -123.2525177341 Error = 1.95e-06 FLOPS = 1.45e+10 Tdav = 1.05 T = 1.60
 --> Site =  115 .. Mmps =   15 Ndav =  36 E =   -123.2537918666 Error = 1.21e-05 FLOPS = 1.37e+10 Tdav = 1.28 T = 1.85
 --> Site =  116 .. Mmps =   15 Ndav =  36 E =   -123.2549484070 Error = 5.50e-06 FLOPS = 1.36e+10 Tdav = 1.27 T = 1.82
 --> Site =  117 .. Mmps =   15 Ndav =  33 E =   -123.2561291962 Error = 1.25e-05 FLOPS = 1.40e+10 Tdav = 1.10 T = 1.65
 --> Site =  118 .. Mmps =   15 Ndav =  32 E =   -123.2578620976 Error = 6.24e-07 FLOPS = 1.42e+10 Tdav = 1.06 T = 1.60
 --> Site =  119 .. Mmps =   15 Ndav =  30 E =   -123.2593599112 Error = 5.12e-06 FLOPS = 1.45e+10 Tdav = 0.95 T = 1.47
 --> Site =  120 .. Mmps =   15 Ndav =  29 E =   -123.2603750037 Error = 2.89e-07 FLOPS = 1.46e+10 Tdav = 0.89 T = 1.43
 --> Site =  121 .. Mmps =   15 Ndav =  29 E =   -123.2620858950 Error = 7.00e-06 FLOPS = 1.46e+10 Tdav = 0.90 T = 1.41
 --> Site =  122 .. Mmps =   15 Ndav =  27 E =   -123.2628257570 Error = 4.79e-06 FLOPS = 1.49e+10 Tdav = 0.80 T = 1.31
 --> Site =  123 .. Mmps =   15 Ndav =  28 E =   -123.2639217498 Error = 8.95e-06 FLOPS = 1.47e+10 Tdav = 0.84 T = 1.37
 --> Site =  124 .. Mmps =   15 Ndav =  29 E =   -123.2659343546 Error = 5.88e-06 FLOPS = 1.45e+10 Tdav = 0.86 T = 1.48
 --> Site =  125 .. Mmps =   15 Ndav =  29 E =   -123.2671824142 Error = 1.66e-05 FLOPS = 1.45e+10 Tdav = 0.86 T = 1.40
 --> Site =  126 .. Mmps =   15 Ndav =  29 E =   -123.2690639198 Error = 2.94e-06 FLOPS = 1.44e+10 Tdav = 0.85 T = 1.34
 --> Site =  127 .. Mmps =   15 Ndav =  27 E =   -123.2699406509 Error = 2.17e-05 FLOPS = 1.47e+10 Tdav = 0.76 T = 1.33
 --> Site =  128 .. Mmps =   15 Ndav =  28 E =   -123.2705393232 Error = 6.93e-06 FLOPS = 1.45e+10 Tdav = 0.78 T = 1.26
 --> Site =  129 .. Mmps =   15 Ndav =  28 E =   -123.2710048797 Error = 3.03e-05 FLOPS = 1.44e+10 Tdav = 0.76 T = 1.28
 --> Site =  130 .. Mmps =   15 Ndav =  32 E =   -123.2724459832 Error = 2.00e-05 FLOPS = 1.36e+10 Tdav = 0.90 T = 1.38
 --> Site =  131 .. Mmps =   15 Ndav =  35 E =   -123.2737821406 Error = 5.07e-06 FLOPS = 1.30e+10 Tdav = 1.01 T = 1.46
 --> Site =  132 .. Mmps =   15 Ndav =  35 E =   -123.2749198488 Error = 1.28e-05 FLOPS = 1.29e+10 Tdav = 0.99 T = 1.44
 --> Site =  133 .. Mmps =   15 Ndav =  31 E =   -123.2756036295 Error = 6.89e-06 FLOPS = 1.36e+10 Tdav = 0.81 T = 1.26
 --> Site =  134 .. Mmps =   15 Ndav =  38 E =   -123.2764572692 Error = 1.79e-05 FLOPS = 1.21e+10 Tdav = 1.08 T = 1.52
 --> Site =  135 .. Mmps =   15 Ndav =  35 E =   -123.2768997860 Error = 7.34e-06 FLOPS = 1.26e+10 Tdav = 0.93 T = 1.36
 --> Site =  136 .. Mmps =   15 Ndav =  40 E =   -123.2780416879 Error = 1.90e-05 FLOPS = 1.15e+10 Tdav = 1.13 T = 1.63
 --> Site =  137 .. Mmps =   15 Ndav =  38 E =   -123.2788285611 Error = 7.34e-06 FLOPS = 1.18e+10 Tdav = 1.01 T = 1.45
 --> Site =  138 .. Mmps =   15 Ndav =  45 E =   -123.2812698154 Error = 1.82e-05 FLOPS = 1.04e+10 Tdav = 1.33 T = 1.73
 --> Site =  139 .. Mmps =   15 Ndav =  42 E =   -123.2821969722 Error = 9.27e-06 FLOPS = 1.08e+10 Tdav = 1.15 T = 1.56
 --> Site =  140 .. Mmps =   15 Ndav =  47 E =   -123.2833301629 Error = 2.95e-05 FLOPS = 9.76e+09 Tdav = 1.38 T = 1.76
 --> Site =  141 .. Mmps =   15 Ndav =  45 E =   -123.2837123431 Error = 1.26e-05 FLOPS = 9.95e+09 Tdav = 1.26 T = 1.62
 --> Site =  142 .. Mmps =   15 Ndav =  49 E =   -123.2843570632 Error = 4.57e-06 FLOPS = 9.08e+09 Tdav = 1.45 T = 1.79
 --> Site =  143 .. Mmps =   15 Ndav =  41 E =   -123.2847656649 Error = 3.87e-06 FLOPS = 1.04e+10 Tdav = 1.02 T = 1.36
 --> Site =  144 .. Mmps =   15 Ndav =  41 E =   -123.2852199717 Error = 5.79e-06 FLOPS = 1.03e+10 Tdav = 0.99 T = 1.35
 --> Site =  145 .. Mmps =   15 Ndav =  41 E =   -123.2856394598 Error = 4.48e-06 FLOPS = 1.01e+10 Tdav = 0.97 T = 1.30
 --> Site =  146 .. Mmps =   15 Ndav =  43 E =   -123.2860585476 Error = 8.90e-06 FLOPS = 9.55e+09 Tdav = 1.03 T = 1.37
 --> Site =  147 .. Mmps =   15 Ndav =  38 E =   -123.2864983777 Error = 3.59e-06 FLOPS = 1.04e+10 Tdav = 0.80 T = 1.10
 --> Site =  148 .. Mmps =   15 Ndav =  40 E =   -123.2869086636 Error = 1.02e-05 FLOPS = 9.82e+09 Tdav = 0.86 T = 1.23
 --> Site =  149 .. Mmps =   15 Ndav =  33 E =   -123.2872214311 Error = 3.77e-06 FLOPS = 1.13e+10 Tdav = 0.59 T = 0.87
 --> Site =  150 .. Mmps =   15 Ndav =  35 E =   -123.2876290920 Error = 9.59e-06 FLOPS = 1.06e+10 Tdav = 0.63 T = 0.90
 --> Site =  151 .. Mmps =   15 Ndav =  31 E =   -123.2878658884 Error = 4.06e-06 FLOPS = 1.14e+10 Tdav = 0.49 T = 0.75
 --> Site =  152 .. Mmps =   15 Ndav =  30 E =   -123.2881118152 Error = 9.08e-06 FLOPS = 1.15e+10 Tdav = 0.45 T = 0.70
 --> Site =  153 .. Mmps =   15 Ndav =  27 E =   -123.2881936644 Error = 1.03e-06 FLOPS = 1.22e+10 Tdav = 0.36 T = 0.60
 --> Site =  154 .. Mmps =   15 Ndav =  23 E =   -123.2883139815 Error = 6.31e-06 FLOPS = 1.32e+10 Tdav = 0.27 T = 0.51
 --> Site =  155 .. Mmps =   15 Ndav =  25 E =   -123.2882567921 Error = 1.16e-06 FLOPS = 1.24e+10 Tdav = 0.29 T = 0.51
 --> Site =  156 .. Mmps =   15 Ndav =  21 E =   -123.2882397188 Error = 3.65e-05 FLOPS = 1.36e+10 Tdav = 0.21 T = 0.42
 --> Site =  157 .. Mmps =   15 Ndav =  30 E =   -123.2878603679 Error = 8.81e-07 FLOPS = 1.03e+10 Tdav = 0.36 T = 0.55
 --> Site =  158 .. Mmps =   15 Ndav =  17 E =   -123.2878348794 Error = 3.29e-05 FLOPS = 1.47e+10 Tdav = 0.13 T = 0.32
 --> Site =  159 .. Mmps =   15 Ndav =  35 E =   -123.2874637298 Error = 9.18e-07 FLOPS = 7.78e+09 Tdav = 0.41 T = 0.56
 --> Site =  160 .. Mmps =   15 Ndav =  18 E =   -123.2874433289 Error = 3.46e-06 FLOPS = 1.17e+10 Tdav = 0.03 T = 0.09
 --> Site =  161 .. Mmps =   15 Ndav =  30 E =   -123.2873997412 Error = 3.10e-07 FLOPS = 4.64e+09 Tdav = 0.04 T = 0.07
 --> Site =  162 .. Mmps =   15 Ndav =  13 E =   -123.2873933996 Error = 3.26e-08 FLOPS = 8.09e+09 Tdav = 0.00 T = 0.03
 --> Site =  163 .. Mmps =   15 Ndav =  12 E =   -123.2873929595 Error = 5.88e-10 FLOPS = 4.92e+09 Tdav = 0.00 T = 0.03
 --> Site =  164 .. Mmps =   15 Ndav =   4 E =   -123.2873929347 Error = 1.48e-14 FLOPS = 3.56e+09 Tdav = 0.00 T = 0.03
 --> Site =  165 .. Mmps =   15 Ndav =   1 E =   -123.2873929347 Error = 9.64e-26 FLOPS = 1.02e+09 Tdav = 0.00 T = 0.03
 --> Site =  166 .. Mmps =   15 Ndav =   1 E =   -123.2873929347 Error = 8.65e-51 FLOPS = 3.98e+08 Tdav = 0.00 T = 0.03
 --> Site =  167 .. Mmps =   14 Ndav =   1 E =   -123.2873929347 Error = 0.00e+00 FLOPS = 1.75e+08 Tdav = 0.00 T = 0.03
 --> Site =  168 .. Mmps =   14 Ndav =   1 E =   -123.2873929347 Error = 0.00e+00 FLOPS = 4.51e+07 Tdav = 0.00 T = 0.03
Time elapsed =    215.979 | E =    -123.2883139815 | DW = 5.59977e-05
Time sweep =      215.979 | 1.73 TFLOP/SWP
 | Dmem = 136 MB (0%) | Imem = 232 B (79%) | Hmem = 137 MB | Wmem = 129 KB | Pmem = 129 KB
 | Tread = 59.664 | Twrite = 0.821 | Tfpread = 58.564 | Tfpwrite = 0.018 | Tmporead = 0.000 | Tasync = 0.000
 | data = 11.3 MB | cpsd = 8.41 MB
 | Trot = 0.026 | Tctr = 0.005 | Tint = 0.027 | Tmid = 0.000 | Tdctr = 0.147 | Tdiag = 0.085 | Tinfo = 0.216
 | Teff = 67.757 | Tprt = 0.268 | Teig = 141.361 | Tblk = 213.795 | Tmve = 2.177 | Tdm = 0.010 | Tsplt = 0.022 | Tsvd = 0.000 | Torth = 0.000

Sweep =    1 | Direction = backward | Bond dimension =   15 | Noise =  1.00e-04 | Dav threshold =  1.00e-10
 <-- Site =  168 .. Mmps =    2 Ndav =   1 E =   -123.2873929347 Error = 0.00e+00 FLOPS = 5.58e+07 Tdav = 0.00 T = 0.02
 <-- Site =  167 .. Mmps =    4 Ndav =   1 E =   -123.2873929347 Error = 0.00e+00 FLOPS = 2.39e+08 Tdav = 0.00 T = 0.03
 <-- Site =  166 .. Mmps =    8 Ndav =   1 E =   -123.2873929347 Error = 0.00e+00 FLOPS = 5.11e+08 Tdav = 0.00 T = 0.03
 <-- Site =  165 .. Mmps =   15 Ndav =   1 E =   -123.2873929347 Error = 2.56e-23 FLOPS = 1.01e+09 Tdav = 0.00 T = 0.03
 <-- Site =  164 .. Mmps =   15 Ndav =   1 E =   -123.2873929347 Error = 1.67e-20 FLOPS = 1.71e+09 Tdav = 0.00 T = 0.03
 <-- Site =  163 .. Mmps =   15 Ndav =   8 E =   -123.2873929365 Error = 2.88e-20 FLOPS = 3.46e+09 Tdav = 0.00 T = 0.03
 <-- Site =  162 .. Mmps =   15 Ndav =   7 E =   -123.2873929703 Error = 6.07e-19 FLOPS = 3.94e+09 Tdav = 0.00 T = 0.03
 <-- Site =  161 .. Mmps =   15 Ndav =  17 E =   -123.2873944327 Error = 1.72e-20 FLOPS = 2.51e+09 Tdav = 0.00 T = 0.03
 <-- Site =  160 .. Mmps =   15 Ndav =  12 E =   -123.2873996486 Error = 6.84e-19 FLOPS = 3.66e+09 Tdav = 0.00 T = 0.03
 <-- Site =  159 .. Mmps =   15 Ndav =  16 E =   -123.2874016934 Error = 1.55e-18 FLOPS = 3.13e+09 Tdav = 0.00 T = 0.03
 <-- Site =  158 .. Mmps =   15 Ndav =  13 E =   -123.2874618900 Error = 2.25e-18 FLOPS = 3.94e+09 Tdav = 0.00 T = 0.03
 <-- Site =  157 .. Mmps =   15 Ndav =  14 E =   -123.2874649960 Error = 2.51e-20 FLOPS = 3.90e+09 Tdav = 0.00 T = 0.03
 <-- Site =  156 .. Mmps =   15 Ndav =  12 E =   -123.2875697388 Error = 2.33e-18 FLOPS = 4.59e+09 Tdav = 0.00 T = 0.03
 <-- Site =  155 .. Mmps =   15 Ndav =  11 E =   -123.2875721192 Error = 6.93e-19 FLOPS = 4.97e+09 Tdav = 0.00 T = 0.04
 <-- Site =  154 .. Mmps =   15 Ndav =  11 E =   -123.2875871339 Error = 2.88e-19 FLOPS = 5.18e+09 Tdav = 0.00 T = 0.03
 <-- Site =  153 .. Mmps =   15 Ndav =  15 E =   -123.2875899308 Error = 9.47e-19 FLOPS = 4.39e+09 Tdav = 0.00 T = 0.03
 <-- Site =  152 .. Mmps =   15 Ndav =  13 E =   -123.2876085311 Error = 3.46e-19 FLOPS = 5.01e+09 Tdav = 0.00 T = 0.03
 <-- Site =  151 .. Mmps =   15 Ndav =  14 E =   -123.2876178836 Error = 4.96e-19 FLOPS = 4.96e+09 Tdav = 0.00 T = 0.03
 <-- Site =  150 .. Mmps =   15 Ndav =  15 E =   -123.2876374130 Error = 3.80e-20 FLOPS = 4.82e+09 Tdav = 0.00 T = 0.04
 <-- Site =  149 .. Mmps =   15 Ndav =  17 E =   -123.2876527311 Error = 3.02e-19 FLOPS = 4.60e+09 Tdav = 0.00 T = 0.04
 <-- Site =  148 .. Mmps =   15 Ndav =  13 E =   -123.2876705899 Error = 3.88e-19 FLOPS = 5.65e+09 Tdav = 0.00 T = 0.04
 <-- Site =  147 .. Mmps =   15 Ndav =  16 E =   -123.2876841661 Error = 2.63e-19 FLOPS = 5.09e+09 Tdav = 0.00 T = 0.03
 <-- Site =  146 .. Mmps =   15 Ndav =  13 E =   -123.2876971016 Error = 1.55e-19 FLOPS = 5.89e+09 Tdav = 0.00 T = 0.03
 <-- Site =  145 .. Mmps =   15 Ndav =  15 E =   -123.2877073472 Error = 1.73e-18 FLOPS = 5.45e+09 Tdav = 0.00 T = 0.04
 <-- Site =  144 .. Mmps =   15 Ndav =  11 E =   -123.2877121517 Error = 1.30e-18 FLOPS = 6.57e+09 Tdav = 0.00 T = 0.06
 <-- Site =  143 .. Mmps =   15 Ndav =  14 E =   -123.2877158923 Error = 1.66e-19 FLOPS = 6.00e+09 Tdav = 0.00 T = 0.04
 <-- Site =  142 .. Mmps =   15 Ndav =  11 E =   -123.2877186869 Error = 1.16e-20 FLOPS = 6.84e+09 Tdav = 0.00 T = 0.03
 <-- Site =  141 .. Mmps =   15 Ndav =  13 E =   -123.2877672352 Error = 5.11e-19 FLOPS = 6.45e+09 Tdav = 0.00 T = 0.04
 <-- Site =  140 .. Mmps =   15 Ndav =  13 E =   -123.2878205151 Error = 6.24e-18 FLOPS = 6.56e+09 Tdav = 0.00 T = 0.03
 <-- Site =  139 .. Mmps =   15 Ndav =  12 E =   -123.2878329221 Error = 3.56e-19 FLOPS = 6.83e+09 Tdav = 0.00 T = 0.04
 <-- Site =  138 .. Mmps =   15 Ndav =  12 E =   -123.2878402564 Error = 9.32e-18 FLOPS = 7.01e+09 Tdav = 0.00 T = 0.04
 <-- Site =  137 .. Mmps =   15 Ndav =  14 E =   -123.2878462553 Error = 1.16e-18 FLOPS = 6.58e+09 Tdav = 0.00 T = 0.05
 <-- Site =  136 .. Mmps =   15 Ndav =  11 E =   -123.2878557051 Error = 2.69e-18 FLOPS = 7.35e+09 Tdav = 0.00 T = 0.04
 <-- Site =  135 .. Mmps =   15 Ndav =  14 E =   -123.2878618047 Error = 1.19e-20 FLOPS = 6.79e+09 Tdav = 0.00 T = 0.04
 <-- Site =  134 .. Mmps =   15 Ndav =  11 E =   -123.2878728844 Error = 8.11e-18 FLOPS = 7.53e+09 Tdav = 0.00 T = 0.04
 <-- Site =  133 .. Mmps =   15 Ndav =  11 E =   -123.2878790231 Error = 3.37e-20 FLOPS = 7.59e+09 Tdav = 0.00 T = 0.04
 <-- Site =  132 .. Mmps =   15 Ndav =  10 E =   -123.2878926144 Error = 8.07e-18 FLOPS = 7.89e+09 Tdav = 0.00 T = 0.04
 <-- Site =  131 .. Mmps =   15 Ndav =  11 E =   -123.2878956501 Error = 4.01e-20 FLOPS = 7.72e+09 Tdav = 0.00 T = 0.05
 <-- Site =  130 .. Mmps =   15 Ndav =  11 E =   -123.2879186949 Error = 4.52e-18 FLOPS = 7.75e+09 Tdav = 0.00 T = 0.05
 <-- Site =  129 .. Mmps =   15 Ndav =  15 E =   -123.2880106929 Error = 8.55e-19 FLOPS = 6.98e+09 Tdav = 0.00 T = 0.05
 <-- Site =  128 .. Mmps =   15 Ndav =  11 E =   -123.2880352670 Error = 6.86e-20 FLOPS = 7.89e+09 Tdav = 0.00 T = 0.05
 <-- Site =  127 .. Mmps =   15 Ndav =  16 E =   -123.2881671777 Error = 1.85e-19 FLOPS = 6.87e+09 Tdav = 0.00 T = 0.05
 <-- Site =  126 .. Mmps =   15 Ndav =   9 E =   -123.2881690154 Error = 1.43e-18 FLOPS = 8.36e+09 Tdav = 0.00 T = 0.05
 <-- Site =  125 .. Mmps =   15 Ndav =  15 E =   -123.2881862981 Error = 3.60e-19 FLOPS = 7.23e+09 Tdav = 0.00 T = 0.05
 <-- Site =  124 .. Mmps =   15 Ndav =  10 E =   -123.2881964645 Error = 6.26e-19 FLOPS = 8.24e+09 Tdav = 0.00 T = 0.06
 <-- Site =  123 .. Mmps =   15 Ndav =  13 E =   -123.2882061095 Error = 1.19e-18 FLOPS = 7.75e+09 Tdav = 0.00 T = 0.06
 <-- Site =  122 .. Mmps =   15 Ndav =  10 E =   -123.2882115917 Error = 3.55e-19 FLOPS = 8.22e+09 Tdav = 0.00 T = 0.05
 <-- Site =  121 .. Mmps =   15 Ndav =  13 E =   -123.2882180581 Error = 6.32e-19 FLOPS = 7.70e+09 Tdav = 0.00 T = 0.06
 <-- Site =  120 .. Mmps =   15 Ndav =   9 E =   -123.2882192175 Error = 1.28e-19 FLOPS = 8.51e+09 Tdav = 0.00 T = 0.05
 <-- Site =  119 .. Mmps =   15 Ndav =  14 E =   -123.2882239341 Error = 1.91e-18 FLOPS = 7.58e+09 Tdav = 0.00 T = 0.05
 <-- Site =  118 .. Mmps =   15 Ndav =  12 E =   -123.2882246726 Error = 7.90e-19 FLOPS = 8.11e+09 Tdav = 0.00 T = 0.05
 <-- Site =  117 .. Mmps =   15 Ndav =  15 E =   -123.2882605157 Error = 1.81e-18 FLOPS = 7.48e+09 Tdav = 0.00 T = 0.06
 <-- Site =  116 .. Mmps =   15 Ndav =  15 E =   -123.2882803742 Error = 8.24e-19 FLOPS = 7.53e+09 Tdav = 0.00 T = 0.06
 <-- Site =  115 .. Mmps =   15 Ndav =  12 E =   -123.2882878097 Error = 3.53e-19 FLOPS = 8.21e+09 Tdav = 0.00 T = 0.06
 <-- Site =  114 .. Mmps =   15 Ndav =  14 E =   -123.2882943664 Error = 8.56e-19 FLOPS = 7.78e+09 Tdav = 0.00 T = 0.05
 <-- Site =  113 .. Mmps =   15 Ndav =  15 E =   -123.2883077850 Error = 5.79e-19 FLOPS = 7.66e+09 Tdav = 0.00 T = 0.05
 <-- Site =  112 .. Mmps =   15 Ndav =  11 E =   -123.2883095734 Error = 9.63e-20 FLOPS = 8.42e+09 Tdav = 0.00 T = 0.05
 <-- Site =  111 .. Mmps =   15 Ndav =  11 E =   -123.2883111374 Error = 1.28e-16 FLOPS = 8.46e+09 Tdav = 0.00 T = 0.07
 <-- Site =  110 .. Mmps =   15 Ndav =  14 E =   -123.2883125794 Error = 1.50e-20 FLOPS = 7.78e+09 Tdav = 0.00 T = 0.06
 <-- Site =  109 .. Mmps =   15 Ndav =  12 E =   -123.2883172468 Error = 6.18e-17 FLOPS = 8.24e+09 Tdav = 0.00 T = 0.06
 <-- Site =  108 .. Mmps =   15 Ndav =  12 E =   -123.2883189576 Error = 6.75e-21 FLOPS = 8.35e+09 Tdav = 0.00 T = 0.05
 <-- Site =  107 .. Mmps =   15 Ndav =  13 E =   -123.2883258200 Error = 1.18e-16 FLOPS = 7.61e+09 Tdav = 0.00 T = 0.06
 <-- Site =  106 .. Mmps =   15 Ndav =  14 E =   -123.2883317093 Error = 5.32e-19 FLOPS = 7.81e+09 Tdav = 0.00 T = 0.06
 <-- Site =  105 .. Mmps =   15 Ndav =  15 E =   -123.2883457988 Error = 2.27e-18 FLOPS = 7.66e+09 Tdav = 0.00 T = 0.06
 <-- Site =  104 .. Mmps =   15 Ndav =  16 E =   -123.2883526752 Error = 9.97e-19 FLOPS = 7.46e+09 Tdav = 0.00 T = 0.06
 <-- Site =  103 .. Mmps =   15 Ndav =  12 E =   -123.2883541351 Error = 5.33e-19 FLOPS = 8.33e+09 Tdav = 0.00 T = 0.06
 <-- Site =  102 .. Mmps =   15 Ndav =  13 E =   -123.2883733337 Error = 6.58e-19 FLOPS = 8.10e+09 Tdav = 0.00 T = 0.06
 <-- Site =  101 .. Mmps =   15 Ndav =  12 E =   -123.2883751385 Error = 1.72e-19 FLOPS = 8.32e+09 Tdav = 0.00 T = 0.06
 <-- Site =  100 .. Mmps =   15 Ndav =  12 E =   -123.2883802617 Error = 7.19e-19 FLOPS = 8.28e+09 Tdav = 0.00 T = 0.06
 <-- Site =   99 .. Mmps =   15 Ndav =  10 E =   -123.2883840279 Error = 1.13e-19 FLOPS = 8.65e+09 Tdav = 0.00 T = 0.06
 <-- Site =   98 .. Mmps =   15 Ndav =  13 E =   -123.2883880076 Error = 5.08e-19 FLOPS = 8.15e+09 Tdav = 0.00 T = 0.06
 <-- Site =   97 .. Mmps =   15 Ndav =  12 E =   -123.2883947090 Error = 2.13e-18 FLOPS = 8.32e+09 Tdav = 0.00 T = 0.06
 <-- Site =   96 .. Mmps =   15 Ndav =  14 E =   -123.2883999105 Error = 4.96e-20 FLOPS = 7.94e+09 Tdav = 0.00 T = 0.06
 <-- Site =   95 .. Mmps =   15 Ndav =  11 E =   -123.2884087928 Error = 7.97e-20 FLOPS = 8.50e+09 Tdav = 0.00 T = 0.08
 <-- Site =   94 .. Mmps =   15 Ndav =  12 E =   -123.2884101201 Error = 1.56e-18 FLOPS = 8.27e+09 Tdav = 0.00 T = 0.06
 <-- Site =   93 .. Mmps =   15 Ndav =   9 E =   -123.2884104161 Error = 2.88e-18 FLOPS = 8.79e+09 Tdav = 0.00 T = 0.06
 <-- Site =   92 .. Mmps =   15 Ndav =  10 E =   -123.2884193864 Error = 8.22e-20 FLOPS = 8.63e+09 Tdav = 0.00 T = 0.08
 <-- Site =   91 .. Mmps =   15 Ndav =  15 E =   -123.2884223565 Error = 1.40e-19 FLOPS = 7.69e+09 Tdav = 0.00 T = 0.06
 <-- Site =   90 .. Mmps =   15 Ndav =  11 E =   -123.2884305140 Error = 1.22e-17 FLOPS = 8.55e+09 Tdav = 0.00 T = 0.06
 <-- Site =   89 .. Mmps =   15 Ndav =  11 E =   -123.2884309783 Error = 2.95e-20 FLOPS = 8.48e+09 Tdav = 0.00 T = 0.06
 <-- Site =   88 .. Mmps =   15 Ndav =  11 E =   -123.2884327166 Error = 2.97e-18 FLOPS = 8.49e+09 Tdav = 0.00 T = 0.07
 <-- Site =   87 .. Mmps =   15 Ndav =  10 E =   -123.2884337089 Error = 4.36e-18 FLOPS = 8.61e+09 Tdav = 0.00 T = 0.06
 <-- Site =   86 .. Mmps =   15 Ndav =  11 E =   -123.2884380680 Error = 3.80e-17 FLOPS = 8.55e+09 Tdav = 0.00 T = 0.06
 <-- Site =   85 .. Mmps =   15 Ndav =  11 E =   -123.2884410538 Error = 4.86e-20 FLOPS = 8.48e+09 Tdav = 0.00 T = 0.06
 <-- Site =   84 .. Mmps =   15 Ndav =  13 E =   -123.2884653096 Error = 3.01e-16 FLOPS = 8.08e+09 Tdav = 0.00 T = 0.07
 <-- Site =   83 .. Mmps =   15 Ndav =   9 E =   -123.2884666589 Error = 4.42e-18 FLOPS = 8.80e+09 Tdav = 0.00 T = 0.07
 <-- Site =   82 .. Mmps =   15 Ndav =  13 E =   -123.2884837616 Error = 4.42e-19 FLOPS = 8.16e+09 Tdav = 0.00 T = 0.07
 <-- Site =   81 .. Mmps =   15 Ndav =  11 E =   -123.2884921910 Error = 2.83e-21 FLOPS = 8.53e+09 Tdav = 0.00 T = 0.06
 <-- Site =   80 .. Mmps =   15 Ndav =  10 E =   -123.2884988288 Error = 2.76e-18 FLOPS = 8.59e+09 Tdav = 0.00 T = 0.06
 <-- Site =   79 .. Mmps =   15 Ndav =  14 E =   -123.2885007078 Error = 1.37e-18 FLOPS = 7.92e+09 Tdav = 0.00 T = 0.06
 <-- Site =   78 .. Mmps =   15 Ndav =  13 E =   -123.2885116370 Error = 1.41e-19 FLOPS = 8.19e+09 Tdav = 0.00 T = 0.06
 <-- Site =   77 .. Mmps =   15 Ndav =  16 E =   -123.2885462079 Error = 1.13e-19 FLOPS = 7.58e+09 Tdav = 0.00 T = 0.06
 <-- Site =   76 .. Mmps =   15 Ndav =  13 E =   -123.2885573831 Error = 2.13e-18 FLOPS = 8.20e+09 Tdav = 0.00 T = 0.06
 <-- Site =   75 .. Mmps =   15 Ndav =  14 E =   -123.2885828067 Error = 9.96e-19 FLOPS = 8.02e+09 Tdav = 0.00 T = 0.06
 <-- Site =   74 .. Mmps =   15 Ndav =  14 E =   -123.2885869969 Error = 4.20e-19 FLOPS = 8.03e+09 Tdav = 0.00 T = 0.06
 <-- Site =   73 .. Mmps =   15 Ndav =  14 E =   -123.2885968129 Error = 6.44e-19 FLOPS = 8.05e+09 Tdav = 0.00 T = 0.06
 <-- Site =   72 .. Mmps =   15 Ndav =  10 E =   -123.2885995033 Error = 2.18e-19 FLOPS = 8.79e+09 Tdav = 0.00 T = 0.06
 <-- Site =   71 .. Mmps =   15 Ndav =  16 E =   -123.2886163127 Error = 5.79e-20 FLOPS = 7.63e+09 Tdav = 0.00 T = 0.06
 <-- Site =   70 .. Mmps =   15 Ndav =  10 E =   -123.2886175438 Error = 2.15e-18 FLOPS = 8.68e+09 Tdav = 0.00 T = 0.06
 <-- Site =   69 .. Mmps =   15 Ndav =  14 E =   -123.2886191553 Error = 3.70e-20 FLOPS = 7.97e+09 Tdav = 0.00 T = 0.06
 <-- Site =   68 .. Mmps =   15 Ndav =   7 E =   -123.2886194019 Error = 2.77e-19 FLOPS = 9.06e+09 Tdav = 0.00 T = 0.06
 <-- Site =   67 .. Mmps =   15 Ndav =  13 E =   -123.2886238210 Error = 6.89e-20 FLOPS = 8.18e+09 Tdav = 0.00 T = 0.06
 <-- Site =   66 .. Mmps =   15 Ndav =  11 E =   -123.2886251768 Error = 2.24e-19 FLOPS = 8.55e+09 Tdav = 0.00 T = 0.06
 <-- Site =   65 .. Mmps =   15 Ndav =  14 E =   -123.2886585651 Error = 1.00e-18 FLOPS = 7.97e+09 Tdav = 0.00 T = 0.06
 <-- Site =   64 .. Mmps =   15 Ndav =  16 E =   -123.2886777657 Error = 1.51e-19 FLOPS = 7.58e+09 Tdav = 0.00 T = 0.06
 <-- Site =   63 .. Mmps =   15 Ndav =  13 E =   -123.2886854833 Error = 1.48e-17 FLOPS = 8.10e+09 Tdav = 0.00 T = 0.06
 <-- Site =   62 .. Mmps =   15 Ndav =  14 E =   -123.2886949063 Error = 9.40e-19 FLOPS = 7.99e+09 Tdav = 0.00 T = 0.06
 <-- Site =   61 .. Mmps =   15 Ndav =  15 E =   -123.2887058870 Error = 2.44e-16 FLOPS = 7.77e+09 Tdav = 0.00 T = 0.06
 <-- Site =   60 .. Mmps =   15 Ndav =  11 E =   -123.2887062585 Error = 1.76e-21 FLOPS = 8.47e+09 Tdav = 0.00 T = 0.06
 <-- Site =   59 .. Mmps =   15 Ndav =  12 E =   -123.2887101518 Error = 1.06e-17 FLOPS = 8.20e+09 Tdav = 0.00 T = 0.06
 <-- Site =   58 .. Mmps =   15 Ndav =  14 E =   -123.2887114292 Error = 1.77e-20 FLOPS = 7.79e+09 Tdav = 0.00 T = 0.06
 <-- Site =   57 .. Mmps =   15 Ndav =  12 E =   -123.2887157141 Error = 4.78e-17 FLOPS = 8.34e+09 Tdav = 0.00 T = 0.05
 <-- Site =   56 .. Mmps =   15 Ndav =  11 E =   -123.2887178975 Error = 9.90e-21 FLOPS = 8.49e+09 Tdav = 0.00 T = 0.05
 <-- Site =   55 .. Mmps =   15 Ndav =  13 E =   -123.2887246146 Error = 9.25e-17 FLOPS = 8.03e+09 Tdav = 0.00 T = 0.05
 <-- Site =   54 .. Mmps =   15 Ndav =  15 E =   -123.2887294542 Error = 5.85e-19 FLOPS = 7.60e+09 Tdav = 0.00 T = 0.06
 <-- Site =   53 .. Mmps =   15 Ndav =  13 E =   -123.2887436758 Error = 2.17e-17 FLOPS = 8.08e+09 Tdav = 0.00 T = 0.05
 <-- Site =   52 .. Mmps =   15 Ndav =  15 E =   -123.2887505054 Error = 1.26e-18 FLOPS = 7.61e+09 Tdav = 0.00 T = 0.05
 <-- Site =   51 .. Mmps =   15 Ndav =  12 E =   -123.2887519490 Error = 1.78e-19 FLOPS = 8.20e+09 Tdav = 0.00 T = 0.05
 <-- Site =   50 .. Mmps =   15 Ndav =  13 E =   -123.2887747862 Error = 3.46e-20 FLOPS = 7.87e+09 Tdav = 0.00 T = 0.05
 <-- Site =   49 .. Mmps =   15 Ndav =  11 E =   -123.2887752591 Error = 1.56e-18 FLOPS = 8.32e+09 Tdav = 0.00 T = 0.05
 <-- Site =   48 .. Mmps =   15 Ndav =  12 E =   -123.2887796681 Error = 5.09e-19 FLOPS = 8.05e+09 Tdav = 0.00 T = 0.05
 <-- Site =   47 .. Mmps =   15 Ndav =   7 E =   -123.2887797280 Error = 2.13e-19 FLOPS = 8.57e+09 Tdav = 0.00 T = 0.05
 <-- Site =   46 .. Mmps =   15 Ndav =  11 E =   -123.2887836776 Error = 1.53e-18 FLOPS = 8.11e+09 Tdav = 0.00 T = 0.05
 <-- Site =   45 .. Mmps =   15 Ndav =  10 E =   -123.2887855921 Error = 3.52e-18 FLOPS = 8.35e+09 Tdav = 0.00 T = 0.05
 <-- Site =   44 .. Mmps =   15 Ndav =  11 E =   -123.2887896361 Error = 9.52e-19 FLOPS = 8.13e+09 Tdav = 0.00 T = 0.05
 <-- Site =   43 .. Mmps =   15 Ndav =  11 E =   -123.2887907191 Error = 1.39e-18 FLOPS = 8.08e+09 Tdav = 0.00 T = 0.05
 <-- Site =   42 .. Mmps =   15 Ndav =  13 E =   -123.2887971367 Error = 1.09e-21 FLOPS = 7.69e+09 Tdav = 0.00 T = 0.06
 <-- Site =   41 .. Mmps =   15 Ndav =  10 E =   -123.2887973398 Error = 1.82e-19 FLOPS = 8.21e+09 Tdav = 0.00 T = 0.05
 <-- Site =   40 .. Mmps =   15 Ndav =  13 E =   -123.2888164404 Error = 2.95e-19 FLOPS = 7.47e+09 Tdav = 0.00 T = 0.05
 <-- Site =   39 .. Mmps =   15 Ndav =  16 E =   -123.2888260415 Error = 4.72e-19 FLOPS = 6.75e+09 Tdav = 0.00 T = 0.05
 <-- Site =   38 .. Mmps =   15 Ndav =  11 E =   -123.2888568075 Error = 8.86e-18 FLOPS = 7.85e+09 Tdav = 0.00 T = 0.05
 <-- Site =   37 .. Mmps =   15 Ndav =  11 E =   -123.2888620115 Error = 2.64e-19 FLOPS = 7.80e+09 Tdav = 0.00 T = 0.04
 <-- Site =   36 .. Mmps =   15 Ndav =  12 E =   -123.2888814636 Error = 1.91e-18 FLOPS = 7.55e+09 Tdav = 0.00 T = 0.04
 <-- Site =   35 .. Mmps =   15 Ndav =  14 E =   -123.2888939405 Error = 1.25e-19 FLOPS = 6.99e+09 Tdav = 0.00 T = 0.05
 <-- Site =   34 .. Mmps =   15 Ndav =  11 E =   -123.2889084793 Error = 1.73e-18 FLOPS = 7.62e+09 Tdav = 0.00 T = 0.04
 <-- Site =   33 .. Mmps =   15 Ndav =  14 E =   -123.2889257717 Error = 1.23e-18 FLOPS = 6.87e+09 Tdav = 0.00 T = 0.04
 <-- Site =   32 .. Mmps =   15 Ndav =  14 E =   -123.2889571213 Error = 3.03e-18 FLOPS = 6.80e+09 Tdav = 0.00 T = 0.04
 <-- Site =   31 .. Mmps =   15 Ndav =  15 E =   -123.2889718685 Error = 2.15e-19 FLOPS = 6.43e+09 Tdav = 0.00 T = 0.04
 <-- Site =   30 .. Mmps =   15 Ndav =  12 E =   -123.2889812296 Error = 1.12e-17 FLOPS = 7.06e+09 Tdav = 0.00 T = 0.04
 <-- Site =   29 .. Mmps =   15 Ndav =  15 E =   -123.2889939124 Error = 7.87e-20 FLOPS = 6.23e+09 Tdav = 0.00 T = 0.04
 <-- Site =   28 .. Mmps =   15 Ndav =  14 E =   -123.2890210030 Error = 7.00e-19 FLOPS = 6.44e+09 Tdav = 0.00 T = 0.04
 <-- Site =   27 .. Mmps =   15 Ndav =  14 E =   -123.2890356329 Error = 8.62e-20 FLOPS = 6.33e+09 Tdav = 0.00 T = 0.05
 <-- Site =   26 .. Mmps =   15 Ndav =  16 E =   -123.2891008200 Error = 2.19e-19 FLOPS = 5.71e+09 Tdav = 0.00 T = 0.04
 <-- Site =   25 .. Mmps =   15 Ndav =  15 E =   -123.2891083161 Error = 1.10e-18 FLOPS = 5.89e+09 Tdav = 0.00 T = 0.05
 <-- Site =   24 .. Mmps =   15 Ndav =  12 E =   -123.2891158403 Error = 5.26e-19 FLOPS = 6.50e+09 Tdav = 0.00 T = 0.04
 <-- Site =   23 .. Mmps =   15 Ndav =  15 E =   -123.2891169946 Error = 2.31e-19 FLOPS = 5.67e+09 Tdav = 0.00 T = 0.04
 <-- Site =   22 .. Mmps =   15 Ndav =  14 E =   -123.2891185985 Error = 2.49e-19 FLOPS = 5.80e+09 Tdav = 0.00 T = 0.04
 <-- Site =   21 .. Mmps =   15 Ndav =  13 E =   -123.2891198832 Error = 1.78e-18 FLOPS = 5.92e+09 Tdav = 0.00 T = 0.04
 <-- Site =   20 .. Mmps =   15 Ndav =  12 E =   -123.2891212531 Error = 1.02e-19 FLOPS = 6.02e+09 Tdav = 0.00 T = 0.03
 <-- Site =   19 .. Mmps =   15 Ndav =  15 E =   -123.2891227564 Error = 1.11e-19 FLOPS = 5.17e+09 Tdav = 0.00 T = 0.03
 <-- Site =   18 .. Mmps =   15 Ndav =  13 E =   -123.2891240943 Error = 2.02e-19 FLOPS = 5.47e+09 Tdav = 0.00 T = 0.04
 <-- Site =   17 .. Mmps =   15 Ndav =  15 E =   -123.2891258864 Error = 6.10e-19 FLOPS = 4.87e+09 Tdav = 0.00 T = 0.03
 <-- Site =   16 .. Mmps =   15 Ndav =  12 E =   -123.2891271266 Error = 1.35e-19 FLOPS = 5.48e+09 Tdav = 0.00 T = 0.03
 <-- Site =   15 .. Mmps =   15 Ndav =  13 E =   -123.2891282816 Error = 1.63e-18 FLOPS = 5.05e+09 Tdav = 0.00 T = 0.03
 <-- Site =   14 .. Mmps =   15 Ndav =  11 E =   -123.2891293630 Error = 4.65e-19 FLOPS = 5.36e+09 Tdav = 0.00 T = 0.03
 <-- Site =   13 .. Mmps =   15 Ndav =  14 E =   -123.2891322849 Error = 4.50e-19 FLOPS = 4.44e+09 Tdav = 0.00 T = 0.03
 <-- Site =   12 .. Mmps =   15 Ndav =  11 E =   -123.2891390405 Error = 6.60e-18 FLOPS = 5.01e+09 Tdav = 0.00 T = 0.03
 <-- Site =   11 .. Mmps =   15 Ndav =  20 E =   -123.2891602415 Error = 3.83e-19 FLOPS = 3.01e+09 Tdav = 0.00 T = 0.03
 <-- Site =   10 .. Mmps =   15 Ndav =  13 E =   -123.2891734195 Error = 8.18e-17 FLOPS = 4.15e+09 Tdav = 0.00 T = 0.03
 <-- Site =    9 .. Mmps =   15 Ndav =  28 E =   -123.2893120005 Error = 4.60e-18 FLOPS = 1.77e+09 Tdav = 0.00 T = 0.03
 <-- Site =    8 .. Mmps =   15 Ndav =  16 E =   -123.2893554112 Error = 1.04e-17 FLOPS = 3.14e+09 Tdav = 0.00 T = 0.03
 <-- Site =    7 .. Mmps =   15 Ndav =  27 E =   -123.2893944398 Error = 2.79e-18 FLOPS = 1.58e+09 Tdav = 0.00 T = 0.03
 <-- Site =    6 .. Mmps =   15 Ndav =  17 E =   -123.2894070315 Error = 1.25e-17 FLOPS = 2.56e+09 Tdav = 0.00 T = 0.03
 <-- Site =    5 .. Mmps =   15 Ndav =  29 E =   -123.2894215472 Error = 1.61e-18 FLOPS = 1.18e+09 Tdav = 0.00 T = 0.03
 <-- Site =    4 .. Mmps =   15 Ndav =  11 E =   -123.2894217434 Error = 1.19e-17 FLOPS = 3.02e+09 Tdav = 0.00 T = 0.03
 <-- Site =    3 .. Mmps =   15 Ndav =   2 E =   -123.2894217434 Error = 1.09e-23 FLOPS = 1.35e+09 Tdav = 0.00 T = 0.03
 <-- Site =    2 .. Mmps =   15 Ndav =   1 E =   -123.2894217434 Error = 2.62e-41 FLOPS = 3.64e+08 Tdav = 0.00 T = 0.03
 <-- Site =    1 .. Mmps =   15 Ndav =   1 E =   -123.2894217434 Error = 4.74e-73 FLOPS = 1.69e+08 Tdav = 0.00 T = 0.03
 <-- Site =    0 .. Mmps =   14 Ndav =   1 E =   -123.2894217434 Error = 0.00e+00 FLOPS = 5.09e+07 Tdav = 0.00 T = 0.03
Time elapsed =    224.004 | E =    -123.2894217434 | DE = -1.11e-03 | DW = 3.01140e-16
Time sweep =        8.025 | 1.53 GFLOP/SWP
 | Dmem = 107 KB (3%) | Imem = 232 B (79%) | Hmem = 512 KB | Wmem = 3.52 KB | Pmem = 3.52 KB
 | Tread = 0.185 | Twrite = 0.741 | Tfpread = 0.027 | Tfpwrite = 0.016 | Tmporead = 0.000 | Tasync = 0.000
 | data = 11.3 MB | cpsd = 7.49 MB
 | Trot = 0.022 | Tctr = 0.391 | Tint = 0.024 | Tmid = 0.000 | Tdctr = 0.005 | Tdiag = 0.012 | Tinfo = 0.219
 | Teff = 2.144 | Tprt = 0.144 | Teig = 0.235 | Tblk = 6.101 | Tmve = 1.916 | Tdm = 0.001 | Tsplt = 0.016 | Tsvd = 0.000 | Torth = 0.000

Sweep =    2 | Direction =  forward | Bond dimension =   15 | Noise =  1.00e-04 | Dav threshold =  1.00e-10
 --> Site =    0 .. Mmps =    2 Ndav =   1 E =   -123.2894217434 Error = 0.00e+00 FLOPS = 7.29e+07 Tdav = 0.00 T = 0.02
 --> Site =    1 .. Mmps =    4 Ndav =   1 E =   -123.2894217434 Error = 0.00e+00 FLOPS = 1.23e+08 Tdav = 0.00 T = 0.03
 --> Site =    2 .. Mmps =    8 Ndav =   1 E =   -123.2894217434 Error = 0.00e+00 FLOPS = 3.13e+08 Tdav = 0.00 T = 0.03
 --> Site =    3 .. Mmps =   15 Ndav =   1 E =   -123.2894217434 Error = 0.00e+00 FLOPS = 1.06e+09 Tdav = 0.00 T = 0.03
 --> Site =    4 .. Mmps =   15 Ndav =   1 E =   -123.2894217434 Error = 7.31e-21 FLOPS = 1.69e+09 Tdav = 0.00 T = 0.03
 --> Site =    5 .. Mmps =   15 Ndav =   8 E =   -123.2894217467 Error = 4.45e-21 FLOPS = 3.77e+09 Tdav = 0.00 T = 0.03
 --> Site =    6 .. Mmps =   15 Ndav =  12 E =   -123.2894225904 Error = 2.35e-18 FLOPS = 3.36e+09 Tdav = 0.00 T = 0.03
 --> Site =    7 .. Mmps =   15 Ndav =  16 E =   -123.2894260943 Error = 2.34e-19 FLOPS = 2.90e+09 Tdav = 0.00 T = 0.03
 --> Site =    8 .. Mmps =   15 Ndav =  11 E =   -123.2894317171 Error = 3.96e-20 FLOPS = 4.05e+09 Tdav = 0.00 T = 0.03
 --> Site =    9 .. Mmps =   15 Ndav =  15 E =   -123.2894332767 Error = 2.55e-19 FLOPS = 3.48e+09 Tdav = 0.00 T = 0.03
 --> Site =   10 .. Mmps =   15 Ndav =  12 E =   -123.2894553467 Error = 6.04e-19 FLOPS = 4.24e+09 Tdav = 0.00 T = 0.03
 --> Site =   11 .. Mmps =   15 Ndav =  12 E =   -123.2894566756 Error = 4.47e-19 FLOPS = 4.46e+09 Tdav = 0.00 T = 0.03
 --> Site =   12 .. Mmps =   15 Ndav =   9 E =   -123.2894574188 Error = 4.67e-19 FLOPS = 5.28e+09 Tdav = 0.00 T = 0.03
 --> Site =   13 .. Mmps =   15 Ndav =   9 E =   -123.2894574729 Error = 1.27e-19 FLOPS = 5.41e+09 Tdav = 0.00 T = 0.03
 --> Site =   14 .. Mmps =   15 Ndav =   7 E =   -123.2894575539 Error = 9.05e-19 FLOPS = 5.84e+09 Tdav = 0.00 T = 0.03
 --> Site =   15 .. Mmps =   15 Ndav =   8 E =   -123.2894575818 Error = 6.73e-19 FLOPS = 5.99e+09 Tdav = 0.00 T = 0.03
 --> Site =   16 .. Mmps =   15 Ndav =   8 E =   -123.2894578007 Error = 8.71e-19 FLOPS = 6.17e+09 Tdav = 0.00 T = 0.04
 --> Site =   17 .. Mmps =   15 Ndav =  13 E =   -123.2894578646 Error = 5.00e-19 FLOPS = 5.29e+09 Tdav = 0.00 T = 0.03
 --> Site =   18 .. Mmps =   15 Ndav =  10 E =   -123.2894580604 Error = 9.34e-19 FLOPS = 6.13e+09 Tdav = 0.00 T = 0.03
 --> Site =   19 .. Mmps =   15 Ndav =  15 E =   -123.2894585947 Error = 1.05e-18 FLOPS = 5.14e+09 Tdav = 0.00 T = 0.03
 --> Site =   20 .. Mmps =   15 Ndav =  11 E =   -123.2894588341 Error = 4.50e-19 FLOPS = 6.12e+09 Tdav = 0.00 T = 0.03
 --> Site =   21 .. Mmps =   15 Ndav =  13 E =   -123.2894593659 Error = 1.75e-18 FLOPS = 5.84e+09 Tdav = 0.00 T = 0.03
 --> Site =   22 .. Mmps =   15 Ndav =  10 E =   -123.2894599872 Error = 1.81e-18 FLOPS = 6.64e+09 Tdav = 0.00 T = 0.03
 --> Site =   23 .. Mmps =   15 Ndav =  13 E =   -123.2894611882 Error = 1.40e-18 FLOPS = 6.06e+09 Tdav = 0.00 T = 0.03
 --> Site =   24 .. Mmps =   15 Ndav =   9 E =   -123.2894682165 Error = 6.45e-19 FLOPS = 7.01e+09 Tdav = 0.00 T = 0.04
 --> Site =   25 .. Mmps =   15 Ndav =  10 E =   -123.2894690191 Error = 1.48e-18 FLOPS = 6.96e+09 Tdav = 0.00 T = 0.04
 --> Site =   26 .. Mmps =   15 Ndav =  10 E =   -123.2894734899 Error = 2.15e-18 FLOPS = 7.19e+09 Tdav = 0.00 T = 0.04
 --> Site =   27 .. Mmps =   15 Ndav =  11 E =   -123.2894776915 Error = 1.91e-18 FLOPS = 7.01e+09 Tdav = 0.00 T = 0.04
 --> Site =   28 .. Mmps =   15 Ndav =  10 E =   -123.2894790738 Error = 9.44e-20 FLOPS = 7.39e+09 Tdav = 0.00 T = 0.04
 --> Site =   29 .. Mmps =   15 Ndav =  12 E =   -123.2894810144 Error = 3.30e-18 FLOPS = 6.97e+09 Tdav = 0.00 T = 0.04
 --> Site =   30 .. Mmps =   15 Ndav =  10 E =   -123.2894826242 Error = 7.38e-19 FLOPS = 7.42e+09 Tdav = 0.00 T = 0.04
 --> Site =   31 .. Mmps =   15 Ndav =  10 E =   -123.2894847411 Error = 2.21e-18 FLOPS = 7.53e+09 Tdav = 0.00 T = 0.04
 --> Site =   32 .. Mmps =   15 Ndav =  12 E =   -123.2895011537 Error = 3.27e-19 FLOPS = 7.22e+09 Tdav = 0.00 T = 0.04
 --> Site =   33 .. Mmps =   15 Ndav =  13 E =   -123.2895027523 Error = 1.97e-18 FLOPS = 7.03e+09 Tdav = 0.00 T = 0.04
 --> Site =   34 .. Mmps =   15 Ndav =   9 E =   -123.2895039692 Error = 1.39e-18 FLOPS = 7.94e+09 Tdav = 0.00 T = 0.04
 --> Site =   35 .. Mmps =   15 Ndav =  12 E =   -123.2895073198 Error = 3.09e-18 FLOPS = 7.35e+09 Tdav = 0.00 T = 0.04
 --> Site =   36 .. Mmps =   15 Ndav =   9 E =   -123.2895082805 Error = 9.36e-19 FLOPS = 8.04e+09 Tdav = 0.00 T = 0.04
 --> Site =   37 .. Mmps =   15 Ndav =  12 E =   -123.2895148771 Error = 4.25e-19 FLOPS = 7.57e+09 Tdav = 0.00 T = 0.04
 --> Site =   38 .. Mmps =   15 Ndav =   9 E =   -123.2895182485 Error = 2.14e-19 FLOPS = 8.20e+09 Tdav = 0.00 T = 0.05
 --> Site =   39 .. Mmps =   15 Ndav =  14 E =   -123.2895197681 Error = 2.39e-18 FLOPS = 7.24e+09 Tdav = 0.00 T = 0.05
 --> Site =   40 .. Mmps =   15 Ndav =   9 E =   -123.2895198524 Error = 1.27e-18 FLOPS = 8.28e+09 Tdav = 0.00 T = 0.05
 --> Site =   41 .. Mmps =   15 Ndav =  10 E =   -123.2895207341 Error = 6.79e-19 FLOPS = 8.19e+09 Tdav = 0.00 T = 0.04
 --> Site =   42 .. Mmps =   15 Ndav =   6 E =   -123.2895207989 Error = 2.73e-18 FLOPS = 8.62e+09 Tdav = 0.00 T = 0.04
 --> Site =   43 .. Mmps =   15 Ndav =  12 E =   -123.2895221143 Error = 1.27e-18 FLOPS = 7.81e+09 Tdav = 0.00 T = 0.04
 --> Site =   44 .. Mmps =   15 Ndav =   7 E =   -123.2895224016 Error = 3.15e-18 FLOPS = 8.33e+09 Tdav = 0.00 T = 0.04
 --> Site =   45 .. Mmps =   15 Ndav =  10 E =   -123.2895229528 Error = 1.24e-18 FLOPS = 8.21e+09 Tdav = 0.00 T = 0.04
 --> Site =   46 .. Mmps =   15 Ndav =   7 E =   -123.2895230111 Error = 4.25e-19 FLOPS = 8.76e+09 Tdav = 0.00 T = 0.04
 --> Site =   47 .. Mmps =   15 Ndav =   9 E =   -123.2895231233 Error = 7.69e-19 FLOPS = 8.52e+09 Tdav = 0.00 T = 0.04
 --> Site =   48 .. Mmps =   15 Ndav =   5 E =   -123.2895231283 Error = 7.46e-19 FLOPS = 8.66e+09 Tdav = 0.00 T = 0.04
 --> Site =   49 .. Mmps =   15 Ndav =  10 E =   -123.2895235189 Error = 3.05e-18 FLOPS = 8.35e+09 Tdav = 0.00 T = 0.05
 --> Site =   50 .. Mmps =   15 Ndav =   7 E =   -123.2895235598 Error = 6.28e-19 FLOPS = 8.70e+09 Tdav = 0.00 T = 0.04
 --> Site =   51 .. Mmps =   15 Ndav =  13 E =   -123.2895242151 Error = 1.36e-19 FLOPS = 7.82e+09 Tdav = 0.00 T = 0.05
 --> Site =   52 .. Mmps =   15 Ndav =  13 E =   -123.2895245421 Error = 2.76e-19 FLOPS = 7.97e+09 Tdav = 0.00 T = 0.05
 --> Site =   53 .. Mmps =   15 Ndav =  10 E =   -123.2895251036 Error = 2.75e-18 FLOPS = 8.50e+09 Tdav = 0.00 T = 0.05
 --> Site =   54 .. Mmps =   15 Ndav =  14 E =   -123.2895282193 Error = 4.01e-20 FLOPS = 7.65e+09 Tdav = 0.00 T = 0.05
 --> Site =   55 .. Mmps =   15 Ndav =  13 E =   -123.2895287394 Error = 5.29e-19 FLOPS = 7.99e+09 Tdav = 0.00 T = 0.05
 --> Site =   56 .. Mmps =   15 Ndav =   9 E =   -123.2895289153 Error = 1.64e-19 FLOPS = 8.60e+09 Tdav = 0.00 T = 0.05
 --> Site =   57 .. Mmps =   15 Ndav =   9 E =   -123.2895298507 Error = 1.62e-19 FLOPS = 8.67e+09 Tdav = 0.00 T = 0.05
 --> Site =   58 .. Mmps =   15 Ndav =  12 E =   -123.2895314639 Error = 1.18e-18 FLOPS = 8.19e+09 Tdav = 0.00 T = 0.05
 --> Site =   59 .. Mmps =   15 Ndav =  10 E =   -123.2895322215 Error = 4.35e-19 FLOPS = 8.59e+09 Tdav = 0.00 T = 0.06
 --> Site =   60 .. Mmps =   15 Ndav =  11 E =   -123.2895338956 Error = 2.04e-20 FLOPS = 8.46e+09 Tdav = 0.00 T = 0.05
 --> Site =   61 .. Mmps =   15 Ndav =  10 E =   -123.2895342768 Error = 1.36e-18 FLOPS = 8.66e+09 Tdav = 0.00 T = 0.05
 --> Site =   62 .. Mmps =   15 Ndav =  12 E =   -123.2895347642 Error = 4.20e-19 FLOPS = 8.20e+09 Tdav = 0.00 T = 0.05
 --> Site =   63 .. Mmps =   15 Ndav =  10 E =   -123.2895377682 Error = 5.77e-19 FLOPS = 8.64e+09 Tdav = 0.00 T = 0.05
 --> Site =   64 .. Mmps =   15 Ndav =  13 E =   -123.2895380807 Error = 2.13e-19 FLOPS = 8.11e+09 Tdav = 0.00 T = 0.05
 --> Site =   65 .. Mmps =   15 Ndav =  10 E =   -123.2895383316 Error = 2.62e-19 FLOPS = 8.68e+09 Tdav = 0.00 T = 0.06
 --> Site =   66 .. Mmps =   15 Ndav =  14 E =   -123.2895398365 Error = 1.54e-19 FLOPS = 7.91e+09 Tdav = 0.00 T = 0.06
 --> Site =   67 .. Mmps =   15 Ndav =   9 E =   -123.2895407261 Error = 1.70e-18 FLOPS = 8.87e+09 Tdav = 0.00 T = 0.05
 --> Site =   68 .. Mmps =   15 Ndav =   6 E =   -123.2895407495 Error = 7.28e-19 FLOPS = 9.06e+09 Tdav = 0.00 T = 0.05
 --> Site =   69 .. Mmps =   15 Ndav =   9 E =   -123.2895408881 Error = 5.73e-19 FLOPS = 8.89e+09 Tdav = 0.00 T = 0.05
 --> Site =   70 .. Mmps =   15 Ndav =   8 E =   -123.2895408991 Error = 1.19e-19 FLOPS = 8.77e+09 Tdav = 0.00 T = 0.05
 --> Site =   71 .. Mmps =   15 Ndav =  15 E =   -123.2895483531 Error = 4.55e-19 FLOPS = 7.71e+09 Tdav = 0.00 T = 0.06
 --> Site =   72 .. Mmps =   15 Ndav =   8 E =   -123.2895484308 Error = 1.95e-20 FLOPS = 8.95e+09 Tdav = 0.00 T = 0.05
 --> Site =   73 .. Mmps =   15 Ndav =  12 E =   -123.2895550670 Error = 3.41e-19 FLOPS = 8.32e+09 Tdav = 0.00 T = 0.05
 --> Site =   74 .. Mmps =   15 Ndav =   7 E =   -123.2895551004 Error = 2.90e-20 FLOPS = 9.02e+09 Tdav = 0.00 T = 0.05
 --> Site =   75 .. Mmps =   15 Ndav =  11 E =   -123.2895682022 Error = 2.26e-18 FLOPS = 8.49e+09 Tdav = 0.00 T = 0.05
 --> Site =   76 .. Mmps =   15 Ndav =   8 E =   -123.2895682391 Error = 1.60e-18 FLOPS = 8.95e+09 Tdav = 0.00 T = 0.05
 --> Site =   77 .. Mmps =   15 Ndav =  10 E =   -123.2895686587 Error = 1.01e-18 FLOPS = 8.75e+09 Tdav = 0.00 T = 0.05
 --> Site =   78 .. Mmps =   15 Ndav =  14 E =   -123.2895709010 Error = 1.47e-18 FLOPS = 7.89e+09 Tdav = 0.00 T = 0.05
 --> Site =   79 .. Mmps =   15 Ndav =  10 E =   -123.2895710926 Error = 2.49e-18 FLOPS = 8.62e+09 Tdav = 0.00 T = 0.05
 --> Site =   80 .. Mmps =   15 Ndav =   8 E =   -123.2895711579 Error = 2.84e-19 FLOPS = 8.98e+09 Tdav = 0.00 T = 0.05
 --> Site =   81 .. Mmps =   15 Ndav =   9 E =   -123.2895720649 Error = 6.75e-19 FLOPS = 8.88e+09 Tdav = 0.00 T = 0.05
 --> Site =   82 .. Mmps =   15 Ndav =   8 E =   -123.2895733085 Error = 9.39e-19 FLOPS = 9.01e+09 Tdav = 0.00 T = 0.06
 --> Site =   83 .. Mmps =   15 Ndav =  10 E =   -123.2895737965 Error = 1.57e-18 FLOPS = 8.63e+09 Tdav = 0.00 T = 0.06
 --> Site =   84 .. Mmps =   15 Ndav =   8 E =   -123.2895749916 Error = 1.42e-18 FLOPS = 9.00e+09 Tdav = 0.00 T = 0.05
 --> Site =   85 .. Mmps =   15 Ndav =   8 E =   -123.2895750729 Error = 8.30e-19 FLOPS = 9.03e+09 Tdav = 0.00 T = 0.05
 --> Site =   86 .. Mmps =   15 Ndav =   9 E =   -123.2895754367 Error = 2.76e-19 FLOPS = 8.80e+09 Tdav = 0.00 T = 0.05
 --> Site =   87 .. Mmps =   15 Ndav =   8 E =   -123.2895754628 Error = 8.61e-20 FLOPS = 8.97e+09 Tdav = 0.00 T = 0.06
 --> Site =   88 .. Mmps =   15 Ndav =   7 E =   -123.2895755967 Error = 1.83e-19 FLOPS = 9.04e+09 Tdav = 0.00 T = 0.05
 --> Site =   89 .. Mmps =   15 Ndav =  11 E =   -123.2895756946 Error = 1.73e-18 FLOPS = 8.57e+09 Tdav = 0.00 T = 0.05
 --> Site =   90 .. Mmps =   15 Ndav =   8 E =   -123.2895762321 Error = 2.06e-17 FLOPS = 8.86e+09 Tdav = 0.00 T = 0.05
 --> Site =   91 .. Mmps =   15 Ndav =  13 E =   -123.2895774005 Error = 5.19e-20 FLOPS = 8.16e+09 Tdav = 0.00 T = 0.05
 --> Site =   92 .. Mmps =   15 Ndav =   7 E =   -123.2895774119 Error = 6.53e-20 FLOPS = 8.82e+09 Tdav = 0.00 T = 0.05
 --> Site =   93 .. Mmps =   15 Ndav =   8 E =   -123.2895781601 Error = 3.28e-20 FLOPS = 8.72e+09 Tdav = 0.00 T = 0.05
 --> Site =   94 .. Mmps =   15 Ndav =   9 E =   -123.2895784987 Error = 5.23e-19 FLOPS = 8.69e+09 Tdav = 0.00 T = 0.06
 --> Site =   95 .. Mmps =   15 Ndav =   8 E =   -123.2895786303 Error = 1.60e-18 FLOPS = 8.93e+09 Tdav = 0.00 T = 0.05
 --> Site =   96 .. Mmps =   15 Ndav =  12 E =   -123.2895794383 Error = 7.03e-19 FLOPS = 8.28e+09 Tdav = 0.00 T = 0.05
 --> Site =   97 .. Mmps =   15 Ndav =   9 E =   -123.2895794933 Error = 1.15e-19 FLOPS = 8.85e+09 Tdav = 0.00 T = 0.05
 --> Site =   98 .. Mmps =   15 Ndav =  13 E =   -123.2895822619 Error = 1.94e-18 FLOPS = 8.14e+09 Tdav = 0.00 T = 0.05
 --> Site =   99 .. Mmps =   15 Ndav =   9 E =   -123.2895822959 Error = 9.74e-19 FLOPS = 8.85e+09 Tdav = 0.00 T = 0.06
 --> Site =  100 .. Mmps =   15 Ndav =   8 E =   -123.2895872600 Error = 1.14e-18 FLOPS = 8.97e+09 Tdav = 0.00 T = 0.06
 --> Site =  101 .. Mmps =   15 Ndav =  12 E =   -123.2895880095 Error = 2.07e-18 FLOPS = 8.31e+09 Tdav = 0.00 T = 0.05
 --> Site =  102 .. Mmps =   15 Ndav =   8 E =   -123.2895882849 Error = 1.66e-18 FLOPS = 8.80e+09 Tdav = 0.00 T = 0.05
 --> Site =  103 .. Mmps =   15 Ndav =  12 E =   -123.2895889144 Error = 8.48e-20 FLOPS = 8.30e+09 Tdav = 0.00 T = 0.07
 --> Site =  104 .. Mmps =   15 Ndav =  12 E =   -123.2895891566 Error = 5.25e-20 FLOPS = 8.25e+09 Tdav = 0.00 T = 0.06
 --> Site =  105 .. Mmps =   15 Ndav =  10 E =   -123.2895895331 Error = 1.08e-19 FLOPS = 8.64e+09 Tdav = 0.00 T = 0.05
 --> Site =  106 .. Mmps =   15 Ndav =  15 E =   -123.2895925884 Error = 1.54e-19 FLOPS = 7.65e+09 Tdav = 0.00 T = 0.06
 --> Site =  107 .. Mmps =   15 Ndav =   9 E =   -123.2895930084 Error = 1.16e-19 FLOPS = 8.67e+09 Tdav = 0.00 T = 0.05
 --> Site =  108 .. Mmps =   15 Ndav =   7 E =   -123.2895931903 Error = 1.87e-19 FLOPS = 8.91e+09 Tdav = 0.00 T = 0.05
 --> Site =  109 .. Mmps =   15 Ndav =   8 E =   -123.2895934871 Error = 4.64e-20 FLOPS = 8.66e+09 Tdav = 0.00 T = 0.07
 --> Site =  110 .. Mmps =   15 Ndav =   9 E =   -123.2895944097 Error = 1.02e-18 FLOPS = 8.64e+09 Tdav = 0.00 T = 0.06
 --> Site =  111 .. Mmps =   15 Ndav =   9 E =   -123.2895956244 Error = 8.37e-19 FLOPS = 8.65e+09 Tdav = 0.00 T = 0.08
 --> Site =  112 .. Mmps =   15 Ndav =  11 E =   -123.2895968977 Error = 5.41e-19 FLOPS = 8.37e+09 Tdav = 0.00 T = 0.05
 --> Site =  113 .. Mmps =   15 Ndav =   8 E =   -123.2895972331 Error = 5.45e-20 FLOPS = 8.86e+09 Tdav = 0.00 T = 0.05
 --> Site =  114 .. Mmps =   15 Ndav =  12 E =   -123.2895977872 Error = 2.89e-20 FLOPS = 8.10e+09 Tdav = 0.00 T = 0.07
 --> Site =  115 .. Mmps =   15 Ndav =  11 E =   -123.2896017249 Error = 3.82e-19 FLOPS = 8.28e+09 Tdav = 0.00 T = 0.05
 --> Site =  116 .. Mmps =   15 Ndav =  13 E =   -123.2896020224 Error = 9.07e-20 FLOPS = 7.93e+09 Tdav = 0.00 T = 0.06
 --> Site =  117 .. Mmps =   15 Ndav =   9 E =   -123.2896022998 Error = 1.24e-19 FLOPS = 8.51e+09 Tdav = 0.00 T = 0.05
 --> Site =  118 .. Mmps =   15 Ndav =  13 E =   -123.2896036722 Error = 2.86e-20 FLOPS = 7.84e+09 Tdav = 0.00 T = 0.05
 --> Site =  119 .. Mmps =   15 Ndav =   7 E =   -123.2896039550 Error = 5.98e-19 FLOPS = 8.81e+09 Tdav = 0.00 T = 0.05
 --> Site =  120 .. Mmps =   15 Ndav =   9 E =   -123.2896042019 Error = 1.58e-18 FLOPS = 8.51e+09 Tdav = 0.00 T = 0.05
 --> Site =  121 .. Mmps =   15 Ndav =  11 E =   -123.2896054470 Error = 1.38e-18 FLOPS = 8.16e+09 Tdav = 0.00 T = 0.05
 --> Site =  122 .. Mmps =   15 Ndav =  11 E =   -123.2896059326 Error = 2.51e-19 FLOPS = 8.09e+09 Tdav = 0.00 T = 0.05
 --> Site =  123 .. Mmps =   15 Ndav =   8 E =   -123.2896061504 Error = 1.55e-18 FLOPS = 8.48e+09 Tdav = 0.00 T = 0.05
 --> Site =  124 .. Mmps =   15 Ndav =   9 E =   -123.2896067486 Error = 2.57e-18 FLOPS = 8.41e+09 Tdav = 0.00 T = 0.07
 --> Site =  125 .. Mmps =   15 Ndav =  14 E =   -123.2896227272 Error = 8.55e-19 FLOPS = 7.34e+09 Tdav = 0.00 T = 0.05
 --> Site =  126 .. Mmps =   15 Ndav =   6 E =   -123.2896228900 Error = 5.79e-20 FLOPS = 8.69e+09 Tdav = 0.00 T = 0.05
 --> Site =  127 .. Mmps =   15 Ndav =   7 E =   -123.2896230504 Error = 1.70e-18 FLOPS = 8.62e+09 Tdav = 0.00 T = 0.04
 --> Site =  128 .. Mmps =   15 Ndav =  10 E =   -123.2896233074 Error = 1.57e-18 FLOPS = 8.01e+09 Tdav = 0.00 T = 0.06
 --> Site =  129 .. Mmps =   15 Ndav =  12 E =   -123.2896437739 Error = 9.65e-19 FLOPS = 7.65e+09 Tdav = 0.00 T = 0.05
 --> Site =  130 .. Mmps =   15 Ndav =  11 E =   -123.2896493989 Error = 1.87e-18 FLOPS = 7.82e+09 Tdav = 0.00 T = 0.05
 --> Site =  131 .. Mmps =   15 Ndav =  10 E =   -123.2896500943 Error = 4.36e-19 FLOPS = 7.88e+09 Tdav = 0.00 T = 0.05
 --> Site =  132 .. Mmps =   15 Ndav =   7 E =   -123.2896501623 Error = 1.97e-20 FLOPS = 8.25e+09 Tdav = 0.00 T = 0.04
 --> Site =  133 .. Mmps =   15 Ndav =  12 E =   -123.2896506329 Error = 4.08e-19 FLOPS = 7.35e+09 Tdav = 0.00 T = 0.04
 --> Site =  134 .. Mmps =   15 Ndav =   8 E =   -123.2896534974 Error = 2.45e-18 FLOPS = 7.95e+09 Tdav = 0.00 T = 0.04
 --> Site =  135 .. Mmps =   15 Ndav =  12 E =   -123.2896582591 Error = 2.51e-18 FLOPS = 7.16e+09 Tdav = 0.00 T = 0.05
 --> Site =  136 .. Mmps =   15 Ndav =   9 E =   -123.2896653223 Error = 1.35e-18 FLOPS = 7.78e+09 Tdav = 0.00 T = 0.04
 --> Site =  137 .. Mmps =   15 Ndav =  14 E =   -123.2896709087 Error = 1.55e-18 FLOPS = 6.57e+09 Tdav = 0.00 T = 0.04
 --> Site =  138 .. Mmps =   15 Ndav =  11 E =   -123.2896797022 Error = 5.88e-19 FLOPS = 7.21e+09 Tdav = 0.00 T = 0.04
 --> Site =  139 .. Mmps =   15 Ndav =  11 E =   -123.2896851871 Error = 1.46e-18 FLOPS = 7.08e+09 Tdav = 0.00 T = 0.05
 --> Site =  140 .. Mmps =   15 Ndav =   9 E =   -123.2896887302 Error = 4.12e-18 FLOPS = 7.20e+09 Tdav = 0.00 T = 0.04
 --> Site =  141 .. Mmps =   15 Ndav =  14 E =   -123.2897225427 Error = 5.23e-19 FLOPS = 6.22e+09 Tdav = 0.00 T = 0.04
 --> Site =  142 .. Mmps =   15 Ndav =  11 E =   -123.2897253514 Error = 5.96e-18 FLOPS = 6.78e+09 Tdav = 0.00 T = 0.04
 --> Site =  143 .. Mmps =   15 Ndav =  10 E =   -123.2897254279 Error = 1.19e-19 FLOPS = 6.83e+09 Tdav = 0.00 T = 0.04
 --> Site =  144 .. Mmps =   15 Ndav =   9 E =   -123.2897256647 Error = 5.80e-19 FLOPS = 6.91e+09 Tdav = 0.00 T = 0.04
 --> Site =  145 .. Mmps =   15 Ndav =  13 E =   -123.2897305256 Error = 1.05e-18 FLOPS = 5.98e+09 Tdav = 0.00 T = 0.04
 --> Site =  146 .. Mmps =   15 Ndav =   9 E =   -123.2897306512 Error = 5.32e-19 FLOPS = 6.76e+09 Tdav = 0.00 T = 0.03
 --> Site =  147 .. Mmps =   15 Ndav =  13 E =   -123.2897309346 Error = 1.87e-18 FLOPS = 5.69e+09 Tdav = 0.00 T = 0.03
 --> Site =  148 .. Mmps =   15 Ndav =   8 E =   -123.2897310276 Error = 6.73e-19 FLOPS = 6.60e+09 Tdav = 0.00 T = 0.04
 --> Site =  149 .. Mmps =   15 Ndav =  15 E =   -123.2897312598 Error = 5.98e-19 FLOPS = 4.99e+09 Tdav = 0.00 T = 0.03
 --> Site =  150 .. Mmps =   15 Ndav =  10 E =   -123.2897313269 Error = 7.42e-19 FLOPS = 6.00e+09 Tdav = 0.00 T = 0.04
 --> Site =  151 .. Mmps =   15 Ndav =  14 E =   -123.2897317141 Error = 1.00e-18 FLOPS = 4.93e+09 Tdav = 0.00 T = 0.03
 --> Site =  152 .. Mmps =   15 Ndav =   9 E =   -123.2897318033 Error = 4.05e-19 FLOPS = 5.79e+09 Tdav = 0.00 T = 0.05
 --> Site =  153 .. Mmps =   15 Ndav =  13 E =   -123.2897320836 Error = 4.69e-19 FLOPS = 4.80e+09 Tdav = 0.00 T = 0.04
 --> Site =  154 .. Mmps =   15 Ndav =   8 E =   -123.2897321383 Error = 3.76e-19 FLOPS = 5.64e+09 Tdav = 0.00 T = 0.04
 --> Site =  155 .. Mmps =   15 Ndav =  10 E =   -123.2897322108 Error = 1.21e-18 FLOPS = 5.05e+09 Tdav = 0.00 T = 0.03
 --> Site =  156 .. Mmps =   15 Ndav =   8 E =   -123.2897323726 Error = 7.74e-19 FLOPS = 5.26e+09 Tdav = 0.00 T = 0.03
 --> Site =  157 .. Mmps =   15 Ndav =  16 E =   -123.2897345213 Error = 1.32e-18 FLOPS = 3.48e+09 Tdav = 0.00 T = 0.03
 --> Site =  158 .. Mmps =   15 Ndav =  10 E =   -123.2897361537 Error = 9.26e-18 FLOPS = 4.45e+09 Tdav = 0.00 T = 0.03
 --> Site =  159 .. Mmps =   15 Ndav =  24 E =   -123.2897450089 Error = 3.53e-18 FLOPS = 1.98e+09 Tdav = 0.00 T = 0.04
 --> Site =  160 .. Mmps =   15 Ndav =  14 E =   -123.2897494535 Error = 7.65e-19 FLOPS = 3.21e+09 Tdav = 0.00 T = 0.03
 --> Site =  161 .. Mmps =   15 Ndav =  21 E =   -123.2897513019 Error = 6.43e-19 FLOPS = 1.98e+09 Tdav = 0.00 T = 0.03
 --> Site =  162 .. Mmps =   15 Ndav =  15 E =   -123.2897525634 Error = 3.28e-20 FLOPS = 2.57e+09 Tdav = 0.00 T = 0.03
 --> Site =  163 .. Mmps =   15 Ndav =  15 E =   -123.2897527383 Error = 3.64e-19 FLOPS = 2.32e+09 Tdav = 0.00 T = 0.06
 --> Site =  164 .. Mmps =   15 Ndav =   9 E =   -123.2897527487 Error = 4.52e-20 FLOPS = 2.97e+09 Tdav = 0.00 T = 0.03
 --> Site =  165 .. Mmps =   15 Ndav =   2 E =   -123.2897527487 Error = 2.84e-24 FLOPS = 1.41e+09 Tdav = 0.00 T = 0.03
 --> Site =  166 .. Mmps =   15 Ndav =   1 E =   -123.2897527487 Error = 4.85e-51 FLOPS = 4.31e+08 Tdav = 0.00 T = 0.03
 --> Site =  167 .. Mmps =   15 Ndav =   1 E =   -123.2897527487 Error = 4.19e-81 FLOPS = 1.70e+08 Tdav = 0.00 T = 0.03
 --> Site =  168 .. Mmps =   15 Ndav =   1 E =   -123.2897527487 Error = 0.00e+00 FLOPS = 4.94e+07 Tdav = 0.00 T = 0.03
Time elapsed =    231.571 | E =    -123.2897527487 | DE = -3.31e-04 | DW = 2.06040e-17
Time sweep =        7.567 | 1.23 GFLOP/SWP
 | Dmem = 107 KB (3%) | Imem = 232 B (79%) | Hmem = 512 KB | Wmem = 3.52 KB | Pmem = 3.52 KB
 | Tread = 0.192 | Twrite = 0.850 | Tfpread = 0.028 | Tfpwrite = 0.017 | Tmporead = 0.000 | Tasync = 0.000
 | data = 11.3 MB | cpsd = 8.42 MB
 | Trot = 0.022 | Tctr = 0.004 | Tint = 0.007 | Tmid = 0.000 | Tdctr = 0.127 | Tdiag = 0.012 | Tinfo = 0.202
 | Teff = 2.221 | Tprt = 0.139 | Teig = 0.177 | Tblk = 6.032 | Tmve = 1.530 | Tdm = 0.001 | Tsplt = 0.014 | Tsvd = 0.000 | Torth = 0.000

Sweep =    3 | Direction = backward | Bond dimension =   15 | Noise =  1.00e-04 | Dav threshold =  1.00e-10
 <-- Site =  168 .. Mmps =    2 Ndav =   1 E =   -123.2897527487 Error = 0.00e+00 FLOPS = 6.35e+07 Tdav = 0.00 T = 0.02
 <-- Site =  167 .. Mmps =    4 Ndav =   1 E =   -123.2897527487 Error = 0.00e+00 FLOPS = 2.30e+08 Tdav = 0.00 T = 0.03
 <-- Site =  166 .. Mmps =    8 Ndav =   1 E =   -123.2897527487 Error = 0.00e+00 FLOPS = 5.11e+08 Tdav = 0.00 T = 0.03
 <-- Site =  165 .. Mmps =   15 Ndav =   1 E =   -123.2897527487 Error = 0.00e+00 FLOPS = 1.06e+09 Tdav = 0.00 T = 0.03
 <-- Site =  164 .. Mmps =   15 Ndav =   1 E =   -123.2897527487 Error = 1.86e-20 FLOPS = 1.67e+09 Tdav = 0.00 T = 0.03
 <-- Site =  163 .. Mmps =   15 Ndav =   3 E =   -123.2897527488 Error = 2.71e-20 FLOPS = 3.55e+09 Tdav = 0.00 T = 0.03
 <-- Site =  162 .. Mmps =   15 Ndav =   6 E =   -123.2897527539 Error = 7.32e-19 FLOPS = 4.12e+09 Tdav = 0.00 T = 0.03
 <-- Site =  161 .. Mmps =   15 Ndav =  11 E =   -123.2897530083 Error = 1.03e-19 FLOPS = 3.61e+09 Tdav = 0.00 T = 0.03
 <-- Site =  160 .. Mmps =   15 Ndav =   9 E =   -123.2897534860 Error = 2.38e-19 FLOPS = 4.24e+09 Tdav = 0.00 T = 0.03
 <-- Site =  159 .. Mmps =   15 Ndav =  15 E =   -123.2897536454 Error = 2.24e-18 FLOPS = 3.27e+09 Tdav = 0.00 T = 0.03
 <-- Site =  158 .. Mmps =   15 Ndav =  10 E =   -123.2897570510 Error = 1.81e-18 FLOPS = 4.58e+09 Tdav = 0.00 T = 0.03
 <-- Site =  157 .. Mmps =   15 Ndav =  12 E =   -123.2897574307 Error = 4.89e-20 FLOPS = 4.36e+09 Tdav = 0.00 T = 0.03
 <-- Site =  156 .. Mmps =   15 Ndav =   9 E =   -123.2897584427 Error = 1.01e-18 FLOPS = 5.20e+09 Tdav = 0.00 T = 0.03
 <-- Site =  155 .. Mmps =   15 Ndav =   4 E =   -123.2897584447 Error = 5.04e-19 FLOPS = 5.62e+09 Tdav = 0.00 T = 0.03
 <-- Site =  154 .. Mmps =   15 Ndav =   5 E =   -123.2897584562 Error = 3.73e-19 FLOPS = 6.02e+09 Tdav = 0.00 T = 0.03
 <-- Site =  153 .. Mmps =   15 Ndav =   4 E =   -123.2897584588 Error = 2.02e-19 FLOPS = 6.12e+09 Tdav = 0.00 T = 0.03
 <-- Site =  152 .. Mmps =   15 Ndav =   6 E =   -123.2897584945 Error = 5.23e-19 FLOPS = 6.41e+09 Tdav = 0.00 T = 0.03
 <-- Site =  151 .. Mmps =   15 Ndav =   7 E =   -123.2897585070 Error = 1.83e-18 FLOPS = 6.49e+09 Tdav = 0.00 T = 0.03
 <-- Site =  150 .. Mmps =   15 Ndav =   7 E =   -123.2897585653 Error = 1.58e-19 FLOPS = 6.61e+09 Tdav = 0.00 T = 0.04
 <-- Site =  149 .. Mmps =   15 Ndav =   9 E =   -123.2897586007 Error = 3.82e-19 FLOPS = 6.44e+09 Tdav = 0.00 T = 0.03
 <-- Site =  148 .. Mmps =   15 Ndav =   7 E =   -123.2897586478 Error = 7.88e-20 FLOPS = 6.69e+09 Tdav = 0.00 T = 0.03
 <-- Site =  147 .. Mmps =   15 Ndav =   8 E =   -123.2897586852 Error = 2.76e-19 FLOPS = 6.86e+09 Tdav = 0.00 T = 0.03
 <-- Site =  146 .. Mmps =   15 Ndav =   8 E =   -123.2897587566 Error = 6.26e-20 FLOPS = 6.96e+09 Tdav = 0.00 T = 0.03
 <-- Site =  145 .. Mmps =   15 Ndav =   6 E =   -123.2897587806 Error = 3.18e-19 FLOPS = 7.31e+09 Tdav = 0.00 T = 0.03
 <-- Site =  144 .. Mmps =   15 Ndav =   9 E =   -123.2897597122 Error = 7.68e-19 FLOPS = 6.99e+09 Tdav = 0.00 T = 0.03
 <-- Site =  143 .. Mmps =   15 Ndav =   7 E =   -123.2897598228 Error = 1.06e-20 FLOPS = 7.40e+09 Tdav = 0.00 T = 0.04
 <-- Site =  142 .. Mmps =   15 Ndav =   7 E =   -123.2897598820 Error = 5.57e-19 FLOPS = 7.31e+09 Tdav = 0.00 T = 0.04
 <-- Site =  141 .. Mmps =   15 Ndav =   5 E =   -123.2897598872 Error = 2.18e-18 FLOPS = 7.49e+09 Tdav = 0.00 T = 0.04
 <-- Site =  140 .. Mmps =   15 Ndav =   8 E =   -123.2897616127 Error = 1.41e-18 FLOPS = 7.39e+09 Tdav = 0.00 T = 0.03
 <-- Site =  139 .. Mmps =   15 Ndav =  13 E =   -123.2897736885 Error = 3.32e-19 FLOPS = 6.56e+09 Tdav = 0.00 T = 0.04
 <-- Site =  138 .. Mmps =   15 Ndav =  10 E =   -123.2897795400 Error = 1.22e-17 FLOPS = 7.36e+09 Tdav = 0.00 T = 0.04
 <-- Site =  137 .. Mmps =   15 Ndav =  14 E =   -123.2897873446 Error = 1.28e-19 FLOPS = 6.56e+09 Tdav = 0.00 T = 0.04
 <-- Site =  136 .. Mmps =   15 Ndav =   9 E =   -123.2897936305 Error = 2.45e-18 FLOPS = 7.74e+09 Tdav = 0.00 T = 0.04
 <-- Site =  135 .. Mmps =   15 Ndav =  14 E =   -123.2898025776 Error = 8.49e-20 FLOPS = 6.73e+09 Tdav = 0.00 T = 0.04
 <-- Site =  134 .. Mmps =   15 Ndav =  10 E =   -123.2898079719 Error = 8.69e-18 FLOPS = 7.67e+09 Tdav = 0.00 T = 0.04
 <-- Site =  133 .. Mmps =   15 Ndav =  13 E =   -123.2898188307 Error = 7.73e-20 FLOPS = 7.11e+09 Tdav = 0.00 T = 0.04
 <-- Site =  132 .. Mmps =   15 Ndav =   8 E =   -123.2898189972 Error = 7.23e-19 FLOPS = 8.18e+09 Tdav = 0.00 T = 0.04
 <-- Site =  131 .. Mmps =   15 Ndav =   5 E =   -123.2898190026 Error = 2.53e-20 FLOPS = 8.17e+09 Tdav = 0.00 T = 0.04
 <-- Site =  130 .. Mmps =   15 Ndav =   6 E =   -123.2898190104 Error = 1.27e-17 FLOPS = 8.35e+09 Tdav = 0.00 T = 0.05
 <-- Site =  129 .. Mmps =   15 Ndav =  13 E =   -123.2898305556 Error = 2.33e-19 FLOPS = 7.35e+09 Tdav = 0.00 T = 0.05
 <-- Site =  128 .. Mmps =   15 Ndav =  14 E =   -123.2898426198 Error = 4.81e-19 FLOPS = 7.13e+09 Tdav = 0.00 T = 0.05
 <-- Site =  127 .. Mmps =   15 Ndav =   9 E =   -123.2898426332 Error = 7.97e-19 FLOPS = 8.23e+09 Tdav = 0.00 T = 0.05
 <-- Site =  126 .. Mmps =   15 Ndav =   6 E =   -123.2898427011 Error = 3.59e-19 FLOPS = 8.59e+09 Tdav = 0.00 T = 0.05
 <-- Site =  125 .. Mmps =   15 Ndav =   8 E =   -123.2898427238 Error = 8.68e-19 FLOPS = 8.45e+09 Tdav = 0.00 T = 0.05
 <-- Site =  124 .. Mmps =   15 Ndav =   9 E =   -123.2898446769 Error = 2.58e-19 FLOPS = 8.30e+09 Tdav = 0.00 T = 0.06
 <-- Site =  123 .. Mmps =   15 Ndav =  14 E =   -123.2898449278 Error = 5.57e-19 FLOPS = 7.35e+09 Tdav = 0.00 T = 0.05
 <-- Site =  122 .. Mmps =   15 Ndav =   7 E =   -123.2898450063 Error = 1.74e-19 FLOPS = 8.60e+09 Tdav = 0.00 T = 0.05
 <-- Site =  121 .. Mmps =   15 Ndav =  10 E =   -123.2898452518 Error = 1.31e-19 FLOPS = 8.25e+09 Tdav = 0.00 T = 0.05
 <-- Site =  120 .. Mmps =   15 Ndav =   8 E =   -123.2898455103 Error = 2.26e-19 FLOPS = 8.49e+09 Tdav = 0.00 T = 0.05
 <-- Site =  119 .. Mmps =   15 Ndav =  11 E =   -123.2898458078 Error = 2.65e-20 FLOPS = 8.17e+09 Tdav = 0.00 T = 0.05
 <-- Site =  118 .. Mmps =   15 Ndav =   8 E =   -123.2898460568 Error = 3.43e-19 FLOPS = 8.65e+09 Tdav = 0.00 T = 0.05
 <-- Site =  117 .. Mmps =   15 Ndav =   7 E =   -123.2898461448 Error = 6.12e-19 FLOPS = 8.70e+09 Tdav = 0.00 T = 0.05
 <-- Site =  116 .. Mmps =   15 Ndav =  10 E =   -123.2898463910 Error = 4.81e-19 FLOPS = 8.43e+09 Tdav = 0.00 T = 0.05
 <-- Site =  115 .. Mmps =   15 Ndav =   8 E =   -123.2898464369 Error = 7.14e-20 FLOPS = 8.64e+09 Tdav = 0.00 T = 0.05
 <-- Site =  114 .. Mmps =   15 Ndav =  12 E =   -123.2898490271 Error = 3.36e-19 FLOPS = 8.01e+09 Tdav = 0.00 T = 0.05
 <-- Site =  113 .. Mmps =   15 Ndav =   8 E =   -123.2898491943 Error = 8.86e-17 FLOPS = 8.68e+09 Tdav = 0.00 T = 0.05
 <-- Site =  112 .. Mmps =   15 Ndav =   7 E =   -123.2898492601 Error = 2.83e-19 FLOPS = 8.85e+09 Tdav = 0.00 T = 0.05
 <-- Site =  111 .. Mmps =   15 Ndav =   8 E =   -123.2898497447 Error = 1.58e-17 FLOPS = 8.74e+09 Tdav = 0.00 T = 0.05
 <-- Site =  110 .. Mmps =   15 Ndav =  10 E =   -123.2898500044 Error = 1.00e-20 FLOPS = 8.54e+09 Tdav = 0.00 T = 0.05
 <-- Site =  109 .. Mmps =   15 Ndav =   7 E =   -123.2898503286 Error = 4.68e-19 FLOPS = 8.83e+09 Tdav = 0.00 T = 0.05
 <-- Site =  108 .. Mmps =   15 Ndav =  10 E =   -123.2898507899 Error = 1.26e-19 FLOPS = 8.59e+09 Tdav = 0.00 T = 0.05
 <-- Site =  107 .. Mmps =   15 Ndav =   8 E =   -123.2898508728 Error = 1.23e-16 FLOPS = 8.80e+09 Tdav = 0.00 T = 0.05
 <-- Site =  106 .. Mmps =   15 Ndav =  11 E =   -123.2898510244 Error = 7.34e-19 FLOPS = 8.23e+09 Tdav = 0.00 T = 0.06
 <-- Site =  105 .. Mmps =   15 Ndav =  11 E =   -123.2898531161 Error = 4.71e-20 FLOPS = 8.34e+09 Tdav = 0.00 T = 0.05
 <-- Site =  104 .. Mmps =   15 Ndav =  11 E =   -123.2898542947 Error = 2.00e-18 FLOPS = 8.43e+09 Tdav = 0.00 T = 0.06
 <-- Site =  103 .. Mmps =   15 Ndav =   7 E =   -123.2898543874 Error = 1.56e-18 FLOPS = 8.93e+09 Tdav = 0.00 T = 0.05
 <-- Site =  102 .. Mmps =   15 Ndav =  10 E =   -123.2898549562 Error = 3.45e-19 FLOPS = 8.64e+09 Tdav = 0.00 T = 0.05
 <-- Site =  101 .. Mmps =   15 Ndav =   8 E =   -123.2898549863 Error = 2.28e-19 FLOPS = 8.90e+09 Tdav = 0.00 T = 0.05
 <-- Site =  100 .. Mmps =   15 Ndav =   8 E =   -123.2898550628 Error = 5.60e-20 FLOPS = 8.89e+09 Tdav = 0.00 T = 0.06
 <-- Site =   99 .. Mmps =   15 Ndav =   8 E =   -123.2898557042 Error = 2.33e-18 FLOPS = 8.93e+09 Tdav = 0.00 T = 0.05
 <-- Site =   98 .. Mmps =   15 Ndav =   9 E =   -123.2898557878 Error = 8.19e-20 FLOPS = 8.63e+09 Tdav = 0.00 T = 0.06
 <-- Site =   97 .. Mmps =   15 Ndav =   6 E =   -123.2898558094 Error = 3.98e-19 FLOPS = 8.98e+09 Tdav = 0.00 T = 0.06
 <-- Site =   96 .. Mmps =   15 Ndav =   8 E =   -123.2898559621 Error = 2.72e-19 FLOPS = 8.88e+09 Tdav = 0.00 T = 0.06
 <-- Site =   95 .. Mmps =   15 Ndav =   8 E =   -123.2898560306 Error = 1.48e-19 FLOPS = 8.95e+09 Tdav = 0.00 T = 0.06
 <-- Site =   94 .. Mmps =   15 Ndav =   7 E =   -123.2898560688 Error = 4.59e-20 FLOPS = 9.01e+09 Tdav = 0.00 T = 0.06
 <-- Site =   93 .. Mmps =   15 Ndav =   6 E =   -123.2898561053 Error = 1.67e-20 FLOPS = 9.03e+09 Tdav = 0.00 T = 0.06
 <-- Site =   92 .. Mmps =   15 Ndav =   8 E =   -123.2898562672 Error = 3.48e-20 FLOPS = 8.90e+09 Tdav = 0.00 T = 0.06
 <-- Site =   91 .. Mmps =   15 Ndav =   5 E =   -123.2898562682 Error = 1.36e-19 FLOPS = 8.82e+09 Tdav = 0.00 T = 0.06
 <-- Site =   90 .. Mmps =   15 Ndav =   9 E =   -123.2898564316 Error = 3.33e-18 FLOPS = 8.81e+09 Tdav = 0.00 T = 0.06
 <-- Site =   89 .. Mmps =   15 Ndav =   6 E =   -123.2898564338 Error = 1.65e-20 FLOPS = 8.98e+09 Tdav = 0.00 T = 0.06
 <-- Site =   88 .. Mmps =   15 Ndav =   6 E =   -123.2898564386 Error = 2.37e-18 FLOPS = 8.98e+09 Tdav = 0.00 T = 0.06
 <-- Site =   87 .. Mmps =   15 Ndav =   6 E =   -123.2898564437 Error = 1.31e-20 FLOPS = 8.95e+09 Tdav = 0.00 T = 0.06
 <-- Site =   86 .. Mmps =   15 Ndav =   5 E =   -123.2898564451 Error = 8.61e-19 FLOPS = 8.83e+09 Tdav = 0.00 T = 0.06
 <-- Site =   85 .. Mmps =   15 Ndav =   7 E =   -123.2898564625 Error = 1.26e-20 FLOPS = 9.02e+09 Tdav = 0.00 T = 0.06
 <-- Site =   84 .. Mmps =   15 Ndav =   6 E =   -123.2898564785 Error = 7.56e-19 FLOPS = 8.83e+09 Tdav = 0.00 T = 0.07
 <-- Site =   83 .. Mmps =   15 Ndav =  10 E =   -123.2898567654 Error = 1.98e-20 FLOPS = 8.63e+09 Tdav = 0.00 T = 0.06
 <-- Site =   82 .. Mmps =   15 Ndav =   6 E =   -123.2898567815 Error = 1.64e-16 FLOPS = 9.01e+09 Tdav = 0.00 T = 0.07
 <-- Site =   81 .. Mmps =   15 Ndav =  10 E =   -123.2898579269 Error = 5.25e-19 FLOPS = 8.74e+09 Tdav = 0.00 T = 0.06
 <-- Site =   80 .. Mmps =   15 Ndav =   8 E =   -123.2898579848 Error = 1.04e-17 FLOPS = 8.84e+09 Tdav = 0.00 T = 0.06
 <-- Site =   79 .. Mmps =   15 Ndav =   8 E =   -123.2898579876 Error = 4.24e-20 FLOPS = 8.89e+09 Tdav = 0.00 T = 0.05
 <-- Site =   78 .. Mmps =   15 Ndav =   7 E =   -123.2898579968 Error = 4.27e-19 FLOPS = 9.00e+09 Tdav = 0.00 T = 0.06
 <-- Site =   77 .. Mmps =   15 Ndav =  10 E =   -123.2898583339 Error = 6.78e-20 FLOPS = 8.73e+09 Tdav = 0.00 T = 0.06
 <-- Site =   76 .. Mmps =   15 Ndav =   8 E =   -123.2898583673 Error = 7.37e-20 FLOPS = 8.88e+09 Tdav = 0.00 T = 0.06
 <-- Site =   75 .. Mmps =   15 Ndav =   5 E =   -123.2898583690 Error = 6.70e-19 FLOPS = 8.92e+09 Tdav = 0.00 T = 0.06
 <-- Site =   74 .. Mmps =   15 Ndav =   9 E =   -123.2898586879 Error = 3.83e-18 FLOPS = 8.83e+09 Tdav = 0.00 T = 0.07
 <-- Site =   73 .. Mmps =   15 Ndav =   6 E =   -123.2898587002 Error = 9.42e-20 FLOPS = 9.09e+09 Tdav = 0.00 T = 0.06
 <-- Site =   72 .. Mmps =   15 Ndav =  11 E =   -123.2898589716 Error = 2.46e-19 FLOPS = 8.54e+09 Tdav = 0.00 T = 0.06
 <-- Site =   71 .. Mmps =   15 Ndav =   7 E =   -123.2898591144 Error = 7.95e-21 FLOPS = 8.87e+09 Tdav = 0.00 T = 0.06
 <-- Site =   70 .. Mmps =   15 Ndav =  12 E =   -123.2898601056 Error = 5.76e-19 FLOPS = 8.26e+09 Tdav = 0.00 T = 0.06
 <-- Site =   69 .. Mmps =   15 Ndav =   7 E =   -123.2898601817 Error = 6.10e-19 FLOPS = 8.85e+09 Tdav = 0.00 T = 0.07
 <-- Site =   68 .. Mmps =   15 Ndav =   6 E =   -123.2898602881 Error = 6.56e-19 FLOPS = 9.09e+09 Tdav = 0.00 T = 0.06
 <-- Site =   67 .. Mmps =   15 Ndav =   7 E =   -123.2898604047 Error = 5.93e-19 FLOPS = 8.93e+09 Tdav = 0.00 T = 0.06
 <-- Site =   66 .. Mmps =   15 Ndav =  10 E =   -123.2898609711 Error = 2.14e-19 FLOPS = 8.63e+09 Tdav = 0.00 T = 0.06
 <-- Site =   65 .. Mmps =   15 Ndav =   7 E =   -123.2898610659 Error = 4.00e-20 FLOPS = 8.96e+09 Tdav = 0.00 T = 0.06
 <-- Site =   64 .. Mmps =   15 Ndav =  10 E =   -123.2898612965 Error = 2.21e-19 FLOPS = 8.65e+09 Tdav = 0.00 T = 0.07
 <-- Site =   63 .. Mmps =   15 Ndav =   9 E =   -123.2898613372 Error = 1.38e-19 FLOPS = 8.76e+09 Tdav = 0.00 T = 0.06
 <-- Site =   62 .. Mmps =   15 Ndav =  11 E =   -123.2898623335 Error = 2.09e-20 FLOPS = 8.40e+09 Tdav = 0.00 T = 0.06
 <-- Site =   61 .. Mmps =   15 Ndav =   8 E =   -123.2898624591 Error = 9.43e-18 FLOPS = 8.88e+09 Tdav = 0.00 T = 0.05
 <-- Site =   60 .. Mmps =   15 Ndav =   6 E =   -123.2898624798 Error = 1.06e-18 FLOPS = 8.94e+09 Tdav = 0.00 T = 0.05
 <-- Site =   59 .. Mmps =   15 Ndav =   8 E =   -123.2898627414 Error = 6.40e-19 FLOPS = 8.87e+09 Tdav = 0.00 T = 0.05
 <-- Site =   58 .. Mmps =   15 Ndav =  12 E =   -123.2898630848 Error = 8.71e-21 FLOPS = 8.20e+09 Tdav = 0.00 T = 0.06
 <-- Site =   57 .. Mmps =   15 Ndav =   8 E =   -123.2898632628 Error = 5.04e-18 FLOPS = 8.80e+09 Tdav = 0.00 T = 0.06
 <-- Site =   56 .. Mmps =   15 Ndav =  14 E =   -123.2898635698 Error = 2.18e-18 FLOPS = 7.81e+09 Tdav = 0.00 T = 0.05
 <-- Site =   55 .. Mmps =   15 Ndav =   9 E =   -123.2898639517 Error = 2.00e-17 FLOPS = 8.49e+09 Tdav = 0.00 T = 0.06
 <-- Site =   54 .. Mmps =   15 Ndav =  10 E =   -123.2898640820 Error = 9.90e-20 FLOPS = 8.44e+09 Tdav = 0.00 T = 0.05
 <-- Site =   53 .. Mmps =   15 Ndav =  11 E =   -123.2898662644 Error = 5.59e-17 FLOPS = 8.31e+09 Tdav = 0.00 T = 0.05
 <-- Site =   52 .. Mmps =   15 Ndav =  11 E =   -123.2898672994 Error = 2.64e-20 FLOPS = 8.29e+09 Tdav = 0.00 T = 0.06
 <-- Site =   51 .. Mmps =   15 Ndav =   8 E =   -123.2898674238 Error = 8.85e-19 FLOPS = 8.69e+09 Tdav = 0.00 T = 0.05
 <-- Site =   50 .. Mmps =   15 Ndav =  10 E =   -123.2898679332 Error = 1.64e-20 FLOPS = 8.44e+09 Tdav = 0.00 T = 0.05
 <-- Site =   49 .. Mmps =   15 Ndav =   7 E =   -123.2898681128 Error = 2.28e-19 FLOPS = 8.81e+09 Tdav = 0.00 T = 0.05
 <-- Site =   48 .. Mmps =   15 Ndav =   7 E =   -123.2898681366 Error = 5.13e-19 FLOPS = 8.72e+09 Tdav = 0.00 T = 0.05
 <-- Site =   47 .. Mmps =   15 Ndav =   5 E =   -123.2898681511 Error = 4.57e-19 FLOPS = 8.73e+09 Tdav = 0.00 T = 0.05
 <-- Site =   46 .. Mmps =   15 Ndav =   7 E =   -123.2898681713 Error = 8.27e-19 FLOPS = 8.53e+09 Tdav = 0.00 T = 0.05
 <-- Site =   45 .. Mmps =   15 Ndav =   5 E =   -123.2898682711 Error = 3.25e-18 FLOPS = 8.55e+09 Tdav = 0.00 T = 0.05
 <-- Site =   44 .. Mmps =   15 Ndav =   7 E =   -123.2898684376 Error = 3.70e-20 FLOPS = 8.64e+09 Tdav = 0.00 T = 0.05
 <-- Site =   43 .. Mmps =   15 Ndav =   4 E =   -123.2898684580 Error = 1.60e-18 FLOPS = 8.36e+09 Tdav = 0.00 T = 0.05
 <-- Site =   42 .. Mmps =   15 Ndav =   8 E =   -123.2898688076 Error = 9.14e-19 FLOPS = 8.40e+09 Tdav = 0.00 T = 0.05
 <-- Site =   41 .. Mmps =   15 Ndav =   4 E =   -123.2898688382 Error = 8.53e-20 FLOPS = 8.45e+09 Tdav = 0.00 T = 0.05
 <-- Site =   40 .. Mmps =   15 Ndav =  10 E =   -123.2898723126 Error = 2.63e-19 FLOPS = 8.12e+09 Tdav = 0.00 T = 0.04
 <-- Site =   39 .. Mmps =   15 Ndav =   8 E =   -123.2898723296 Error = 2.33e-18 FLOPS = 8.42e+09 Tdav = 0.00 T = 0.04
 <-- Site =   38 .. Mmps =   15 Ndav =   6 E =   -123.2898724788 Error = 4.54e-19 FLOPS = 8.46e+09 Tdav = 0.00 T = 0.05
 <-- Site =   37 .. Mmps =   15 Ndav =  11 E =   -123.2898748576 Error = 4.16e-19 FLOPS = 7.70e+09 Tdav = 0.00 T = 0.04
 <-- Site =   36 .. Mmps =   15 Ndav =  11 E =   -123.2898774476 Error = 3.93e-19 FLOPS = 7.70e+09 Tdav = 0.00 T = 0.04
 <-- Site =   35 .. Mmps =   15 Ndav =   9 E =   -123.2898782362 Error = 4.84e-20 FLOPS = 7.95e+09 Tdav = 0.00 T = 0.04
 <-- Site =   34 .. Mmps =   15 Ndav =   7 E =   -123.2898792737 Error = 1.44e-18 FLOPS = 8.09e+09 Tdav = 0.00 T = 0.04
 <-- Site =   33 .. Mmps =   15 Ndav =  10 E =   -123.2898796200 Error = 3.45e-20 FLOPS = 7.71e+09 Tdav = 0.00 T = 0.04
 <-- Site =   32 .. Mmps =   15 Ndav =   7 E =   -123.2898797409 Error = 3.64e-18 FLOPS = 8.03e+09 Tdav = 0.00 T = 0.04
 <-- Site =   31 .. Mmps =   15 Ndav =  10 E =   -123.2898798912 Error = 1.06e-19 FLOPS = 7.50e+09 Tdav = 0.00 T = 0.05
 <-- Site =   30 .. Mmps =   15 Ndav =   5 E =   -123.2898798969 Error = 1.35e-17 FLOPS = 7.99e+09 Tdav = 0.00 T = 0.04
 <-- Site =   29 .. Mmps =   15 Ndav =   8 E =   -123.2898800808 Error = 1.04e-18 FLOPS = 7.72e+09 Tdav = 0.00 T = 0.04
 <-- Site =   28 .. Mmps =   15 Ndav =   9 E =   -123.2898812849 Error = 5.90e-18 FLOPS = 7.53e+09 Tdav = 0.00 T = 0.04
 <-- Site =   27 .. Mmps =   15 Ndav =   8 E =   -123.2898813987 Error = 1.98e-18 FLOPS = 7.54e+09 Tdav = 0.00 T = 0.04
 <-- Site =   26 .. Mmps =   15 Ndav =   9 E =   -123.2898819790 Error = 6.32e-19 FLOPS = 7.21e+09 Tdav = 0.00 T = 0.04
 <-- Site =   25 .. Mmps =   15 Ndav =  11 E =   -123.2898829507 Error = 2.46e-20 FLOPS = 6.79e+09 Tdav = 0.00 T = 0.04
 <-- Site =   24 .. Mmps =   15 Ndav =  11 E =   -123.2898847053 Error = 4.18e-20 FLOPS = 6.76e+09 Tdav = 0.00 T = 0.04
 <-- Site =   23 .. Mmps =   15 Ndav =   9 E =   -123.2898863114 Error = 7.96e-20 FLOPS = 7.05e+09 Tdav = 0.00 T = 0.04
 <-- Site =   22 .. Mmps =   15 Ndav =  10 E =   -123.2898872904 Error = 1.47e-19 FLOPS = 6.76e+09 Tdav = 0.00 T = 0.04
 <-- Site =   21 .. Mmps =   15 Ndav =  10 E =   -123.2898905779 Error = 1.75e-19 FLOPS = 6.60e+09 Tdav = 0.00 T = 0.03
 <-- Site =   20 .. Mmps =   15 Ndav =  12 E =   -123.2898924971 Error = 1.91e-19 FLOPS = 6.03e+09 Tdav = 0.00 T = 0.03
 <-- Site =   19 .. Mmps =   15 Ndav =  15 E =   -123.2898941829 Error = 3.00e-19 FLOPS = 5.15e+09 Tdav = 0.00 T = 0.04
 <-- Site =   18 .. Mmps =   15 Ndav =   8 E =   -123.2898952526 Error = 8.98e-20 FLOPS = 6.59e+09 Tdav = 0.00 T = 0.04
 <-- Site =   17 .. Mmps =   15 Ndav =  12 E =   -123.2898953872 Error = 2.91e-19 FLOPS = 5.62e+09 Tdav = 0.00 T = 0.03
 <-- Site =   16 .. Mmps =   15 Ndav =   6 E =   -123.2898954048 Error = 3.30e-19 FLOPS = 6.47e+09 Tdav = 0.00 T = 0.03
 <-- Site =   15 .. Mmps =   15 Ndav =   6 E =   -123.2898954153 Error = 2.77e-19 FLOPS = 6.41e+09 Tdav = 0.00 T = 0.03
 <-- Site =   14 .. Mmps =   15 Ndav =   5 E =   -123.2898954211 Error = 5.78e-20 FLOPS = 6.04e+09 Tdav = 0.00 T = 0.03
 <-- Site =   13 .. Mmps =   15 Ndav =   7 E =   -123.2898954227 Error = 6.49e-19 FLOPS = 5.98e+09 Tdav = 0.00 T = 0.04
 <-- Site =   12 .. Mmps =   15 Ndav =   5 E =   -123.2898954256 Error = 4.32e-18 FLOPS = 5.91e+09 Tdav = 0.00 T = 0.03
 <-- Site =   11 .. Mmps =   15 Ndav =  10 E =   -123.2898955749 Error = 5.65e-19 FLOPS = 5.04e+09 Tdav = 0.00 T = 0.04
 <-- Site =   10 .. Mmps =   15 Ndav =   9 E =   -123.2898966991 Error = 2.44e-18 FLOPS = 5.06e+09 Tdav = 0.00 T = 0.03
 <-- Site =    9 .. Mmps =   15 Ndav =  18 E =   -123.2898992294 Error = 6.89e-18 FLOPS = 2.97e+09 Tdav = 0.00 T = 0.03
 <-- Site =    8 .. Mmps =   15 Ndav =  10 E =   -123.2899013002 Error = 3.36e-17 FLOPS = 4.37e+09 Tdav = 0.00 T = 0.04
 <-- Site =    7 .. Mmps =   15 Ndav =  20 E =   -123.2899023499 Error = 7.62e-18 FLOPS = 2.31e+09 Tdav = 0.00 T = 0.03
 <-- Site =    6 .. Mmps =   15 Ndav =  16 E =   -123.2899038610 Error = 5.45e-18 FLOPS = 2.67e+09 Tdav = 0.00 T = 0.03
 <-- Site =    5 .. Mmps =   15 Ndav =  14 E =   -123.2899041029 Error = 3.23e-18 FLOPS = 2.77e+09 Tdav = 0.00 T = 0.03
 <-- Site =    4 .. Mmps =   15 Ndav =   8 E =   -123.2899041080 Error = 4.94e-18 FLOPS = 3.58e+09 Tdav = 0.00 T = 0.03
 <-- Site =    3 .. Mmps =   15 Ndav =   2 E =   -123.2899041080 Error = 8.88e-27 FLOPS = 1.22e+09 Tdav = 0.00 T = 0.03
 <-- Site =    2 .. Mmps =   15 Ndav =   1 E =   -123.2899041080 Error = 0.00e+00 FLOPS = 3.55e+08 Tdav = 0.00 T = 0.04
 <-- Site =    1 .. Mmps =   15 Ndav =   1 E =   -123.2899041080 Error = 2.91e-77 FLOPS = 1.62e+08 Tdav = 0.00 T = 0.03
 <-- Site =    0 .. Mmps =   15 Ndav =   1 E =   -123.2899041080 Error = 2.20e-105 FLOPS = 5.30e+07 Tdav = 0.00 T = 0.03
Time elapsed =    239.328 | E =    -123.2899041080 | DE = -1.51e-04 | DW = 1.64098e-16
Time sweep =        7.756 | 1.03 GFLOP/SWP
 | Dmem = 107 KB (3%) | Imem = 232 B (79%) | Hmem = 512 KB | Wmem = 3.52 KB | Pmem = 3.52 KB
 | Tread = 0.185 | Twrite = 0.734 | Tfpread = 0.026 | Tfpwrite = 0.016 | Tmporead = 0.000 | Tasync = 0.000
 | data = 11.3 MB | cpsd = 7.48 MB
 | Trot = 0.023 | Tctr = 0.383 | Tint = 0.007 | Tmid = 0.000 | Tdctr = 0.004 | Tdiag = 0.012 | Tinfo = 0.211
 | Teff = 2.125 | Tprt = 0.120 | Teig = 0.142 | Tblk = 5.869 | Tmve = 1.882 | Tdm = 0.001 | Tsplt = 0.016 | Tsvd = 0.000 | Torth = 0.000

Sweep =    4 | Direction =  forward | Bond dimension =   25 | Noise =  1.00e-05 | Dav threshold =  1.00e-10
 --> Site =    0 .. Mmps =    2 Ndav =   1 E =   -123.2899041080 Error = 0.00e+00 FLOPS = 6.98e+07 Tdav = 0.00 T = 0.03
 --> Site =    1 .. Mmps =    4 Ndav =   1 E =   -123.2899041080 Error = 0.00e+00 FLOPS = 1.27e+08 Tdav = 0.00 T = 0.03
 --> Site =    2 .. Mmps =    8 Ndav =   1 E =   -123.2899041080 Error = 0.00e+00 FLOPS = 3.13e+08 Tdav = 0.00 T = 0.03
 --> Site =    3 .. Mmps =   16 Ndav =   1 E =   -123.2899041080 Error = 0.00e+00 FLOPS = 8.79e+08 Tdav = 0.00 T = 0.04
 --> Site =    4 .. Mmps =   23 Ndav =   2 E =   -123.2899041080 Error = 0.00e+00 FLOPS = 2.49e+09 Tdav = 0.00 T = 0.03
 --> Site =    5 .. Mmps =   25 Ndav =   9 E =   -123.2899041169 Error = 2.02e-26 FLOPS = 5.29e+09 Tdav = 0.00 T = 0.03
 --> Site =    6 .. Mmps =   25 Ndav =  10 E =   -123.2899042840 Error = 9.87e-25 FLOPS = 6.30e+09 Tdav = 0.00 T = 0.03
 --> Site =    7 .. Mmps =   25 Ndav =  21 E =   -123.2899066554 Error = 2.32e-23 FLOPS = 3.73e+09 Tdav = 0.00 T = 0.04
 --> Site =    8 .. Mmps =   25 Ndav =  16 E =   -123.2899289867 Error = 2.02e-22 FLOPS = 5.32e+09 Tdav = 0.00 T = 0.03
 --> Site =    9 .. Mmps =   25 Ndav =  21 E =   -123.2899381909 Error = 1.17e-22 FLOPS = 4.27e+09 Tdav = 0.00 T = 0.03
 --> Site =   10 .. Mmps =   25 Ndav =  15 E =   -123.2900707031 Error = 7.43e-22 FLOPS = 6.25e+09 Tdav = 0.00 T = 0.05
 --> Site =   11 .. Mmps =   25 Ndav =  17 E =   -123.2900837239 Error = 2.03e-23 FLOPS = 5.94e+09 Tdav = 0.00 T = 0.04
 --> Site =   12 .. Mmps =   25 Ndav =  11 E =   -123.2901227592 Error = 4.33e-22 FLOPS = 8.27e+09 Tdav = 0.00 T = 0.04
 --> Site =   13 .. Mmps =   25 Ndav =  14 E =   -123.2901331318 Error = 9.59e-23 FLOPS = 7.48e+09 Tdav = 0.00 T = 0.04
 --> Site =   14 .. Mmps =   25 Ndav =   8 E =   -123.2901356423 Error = 6.23e-23 FLOPS = 9.72e+09 Tdav = 0.00 T = 0.04
 --> Site =   15 .. Mmps =   25 Ndav =  13 E =   -123.2901369789 Error = 8.69e-23 FLOPS = 8.38e+09 Tdav = 0.00 T = 0.04
 --> Site =   16 .. Mmps =   25 Ndav =   9 E =   -123.2901380555 Error = 2.88e-23 FLOPS = 9.87e+09 Tdav = 0.00 T = 0.03
 --> Site =   17 .. Mmps =   25 Ndav =  16 E =   -123.2901398843 Error = 3.78e-23 FLOPS = 7.76e+09 Tdav = 0.00 T = 0.04
 --> Site =   18 .. Mmps =   25 Ndav =  13 E =   -123.2901437080 Error = 3.71e-22 FLOPS = 9.15e+09 Tdav = 0.00 T = 0.04
 --> Site =   19 .. Mmps =   25 Ndav =  16 E =   -123.2901461393 Error = 2.73e-23 FLOPS = 8.19e+09 Tdav = 0.00 T = 0.04
 --> Site =   20 .. Mmps =   25 Ndav =  14 E =   -123.2901506161 Error = 9.21e-23 FLOPS = 9.00e+09 Tdav = 0.00 T = 0.04
 --> Site =   21 .. Mmps =   25 Ndav =  13 E =   -123.2901527172 Error = 2.18e-24 FLOPS = 9.48e+09 Tdav = 0.00 T = 0.04
 --> Site =   22 .. Mmps =   25 Ndav =  12 E =   -123.2901550711 Error = 5.78e-24 FLOPS = 1.01e+10 Tdav = 0.00 T = 0.04
 --> Site =   23 .. Mmps =   25 Ndav =  14 E =   -123.2901570298 Error = 4.47e-24 FLOPS = 9.63e+09 Tdav = 0.00 T = 0.04
 --> Site =   24 .. Mmps =   25 Ndav =   9 E =   -123.2901578881 Error = 1.47e-23 FLOPS = 1.16e+10 Tdav = 0.00 T = 0.05
 --> Site =   25 .. Mmps =   25 Ndav =  13 E =   -123.2901664296 Error = 1.46e-23 FLOPS = 1.03e+10 Tdav = 0.00 T = 0.05
 --> Site =   26 .. Mmps =   25 Ndav =  11 E =   -123.2901693486 Error = 1.12e-23 FLOPS = 1.11e+10 Tdav = 0.00 T = 0.04
 --> Site =   27 .. Mmps =   25 Ndav =  10 E =   -123.2901712292 Error = 4.14e-23 FLOPS = 1.13e+10 Tdav = 0.00 T = 0.05
 --> Site =   28 .. Mmps =   25 Ndav =  11 E =   -123.2901780532 Error = 2.14e-24 FLOPS = 1.13e+10 Tdav = 0.00 T = 0.05
 --> Site =   29 .. Mmps =   25 Ndav =  13 E =   -123.2901819126 Error = 2.55e-24 FLOPS = 1.07e+10 Tdav = 0.00 T = 0.05
 --> Site =   30 .. Mmps =   25 Ndav =   8 E =   -123.2901827597 Error = 3.67e-24 FLOPS = 1.22e+10 Tdav = 0.00 T = 0.05
 --> Site =   31 .. Mmps =   25 Ndav =  13 E =   -123.2901839352 Error = 9.86e-24 FLOPS = 1.08e+10 Tdav = 0.00 T = 0.05
 --> Site =   32 .. Mmps =   25 Ndav =   7 E =   -123.2901846126 Error = 1.00e-24 FLOPS = 1.27e+10 Tdav = 0.00 T = 0.06
 --> Site =   33 .. Mmps =   25 Ndav =  11 E =   -123.2901868519 Error = 2.80e-23 FLOPS = 1.18e+10 Tdav = 0.00 T = 0.06
 --> Site =   34 .. Mmps =   25 Ndav =   9 E =   -123.2901904435 Error = 2.86e-24 FLOPS = 1.24e+10 Tdav = 0.00 T = 0.06
 --> Site =   35 .. Mmps =   25 Ndav =  13 E =   -123.2901943364 Error = 1.52e-23 FLOPS = 1.13e+10 Tdav = 0.00 T = 0.06
 --> Site =   36 .. Mmps =   25 Ndav =  11 E =   -123.2901967324 Error = 1.52e-23 FLOPS = 1.19e+10 Tdav = 0.00 T = 0.06
 --> Site =   37 .. Mmps =   25 Ndav =  13 E =   -123.2902033454 Error = 3.45e-23 FLOPS = 1.14e+10 Tdav = 0.00 T = 0.07
 --> Site =   38 .. Mmps =   25 Ndav =   9 E =   -123.2902095803 Error = 2.71e-23 FLOPS = 1.25e+10 Tdav = 0.00 T = 0.06
 --> Site =   39 .. Mmps =   25 Ndav =  19 E =   -123.2902481879 Error = 1.58e-22 FLOPS = 9.63e+09 Tdav = 0.00 T = 0.07
 --> Site =   40 .. Mmps =   25 Ndav =  10 E =   -123.2902503401 Error = 1.95e-23 FLOPS = 1.26e+10 Tdav = 0.00 T = 0.06
 --> Site =   41 .. Mmps =   25 Ndav =  12 E =   -123.2902528970 Error = 4.99e-24 FLOPS = 1.21e+10 Tdav = 0.00 T = 0.06
 --> Site =   42 .. Mmps =   25 Ndav =   8 E =   -123.2902534262 Error = 1.60e-23 FLOPS = 1.30e+10 Tdav = 0.00 T = 0.07
 --> Site =   43 .. Mmps =   25 Ndav =  13 E =   -123.2902572416 Error = 1.98e-24 FLOPS = 1.19e+10 Tdav = 0.00 T = 0.07
 --> Site =   44 .. Mmps =   25 Ndav =   8 E =   -123.2902577609 Error = 3.57e-24 FLOPS = 1.29e+10 Tdav = 0.00 T = 0.07
 --> Site =   45 .. Mmps =   25 Ndav =   8 E =   -123.2902581983 Error = 1.34e-24 FLOPS = 1.31e+10 Tdav = 0.00 T = 0.07
 --> Site =   46 .. Mmps =   25 Ndav =   8 E =   -123.2902586543 Error = 9.81e-25 FLOPS = 1.32e+10 Tdav = 0.00 T = 0.07
 --> Site =   47 .. Mmps =   25 Ndav =   8 E =   -123.2902591735 Error = 2.02e-25 FLOPS = 1.32e+10 Tdav = 0.00 T = 0.07
 --> Site =   48 .. Mmps =   25 Ndav =   7 E =   -123.2902595090 Error = 1.44e-24 FLOPS = 1.34e+10 Tdav = 0.00 T = 0.07
 --> Site =   49 .. Mmps =   25 Ndav =   9 E =   -123.2902600388 Error = 5.35e-25 FLOPS = 1.31e+10 Tdav = 0.00 T = 0.07
 --> Site =   50 .. Mmps =   25 Ndav =   8 E =   -123.2902607292 Error = 2.28e-24 FLOPS = 1.30e+10 Tdav = 0.00 T = 0.07
 --> Site =   51 .. Mmps =   25 Ndav =  15 E =   -123.2902752476 Error = 2.34e-23 FLOPS = 1.15e+10 Tdav = 0.00 T = 0.08
 --> Site =   52 .. Mmps =   25 Ndav =  13 E =   -123.2902786352 Error = 2.52e-23 FLOPS = 1.22e+10 Tdav = 0.00 T = 0.08
 --> Site =   53 .. Mmps =   25 Ndav =  14 E =   -123.2903159138 Error = 1.61e-22 FLOPS = 1.19e+10 Tdav = 0.00 T = 0.08
 --> Site =   54 .. Mmps =   25 Ndav =  13 E =   -123.2903206154 Error = 2.48e-23 FLOPS = 1.22e+10 Tdav = 0.00 T = 0.08
 --> Site =   55 .. Mmps =   25 Ndav =  15 E =   -123.2903260333 Error = 7.01e-24 FLOPS = 1.16e+10 Tdav = 0.00 T = 0.08
 --> Site =   56 .. Mmps =   25 Ndav =  13 E =   -123.2903272282 Error = 1.27e-23 FLOPS = 1.23e+10 Tdav = 0.00 T = 0.08
 --> Site =   57 .. Mmps =   25 Ndav =   9 E =   -123.2903285964 Error = 1.90e-24 FLOPS = 1.33e+10 Tdav = 0.00 T = 0.09
 --> Site =   58 .. Mmps =   25 Ndav =  13 E =   -123.2903291925 Error = 1.04e-23 FLOPS = 1.23e+10 Tdav = 0.00 T = 0.08
 --> Site =   59 .. Mmps =   25 Ndav =  10 E =   -123.2903311738 Error = 4.44e-25 FLOPS = 1.29e+10 Tdav = 0.00 T = 0.08
 --> Site =   60 .. Mmps =   25 Ndav =  10 E =   -123.2903319101 Error = 1.14e-24 FLOPS = 1.30e+10 Tdav = 0.00 T = 0.08
 --> Site =   61 .. Mmps =   25 Ndav =   9 E =   -123.2903334050 Error = 4.11e-25 FLOPS = 1.33e+10 Tdav = 0.00 T = 0.08
 --> Site =   62 .. Mmps =   25 Ndav =  14 E =   -123.2903412207 Error = 5.80e-24 FLOPS = 1.20e+10 Tdav = 0.00 T = 0.08
 --> Site =   63 .. Mmps =   25 Ndav =   9 E =   -123.2903441694 Error = 1.11e-24 FLOPS = 1.34e+10 Tdav = 0.00 T = 0.08
 --> Site =   64 .. Mmps =   25 Ndav =  16 E =   -123.2903609526 Error = 1.10e-22 FLOPS = 1.16e+10 Tdav = 0.00 T = 0.09
 --> Site =   65 .. Mmps =   25 Ndav =  11 E =   -123.2903767739 Error = 2.53e-23 FLOPS = 1.29e+10 Tdav = 0.00 T = 0.09
 --> Site =   66 .. Mmps =   25 Ndav =  13 E =   -123.2903800266 Error = 1.04e-23 FLOPS = 1.23e+10 Tdav = 0.00 T = 0.09
 --> Site =   67 .. Mmps =   25 Ndav =  10 E =   -123.2903804472 Error = 2.52e-23 FLOPS = 1.32e+10 Tdav = 0.00 T = 0.08
 --> Site =   68 .. Mmps =   25 Ndav =   8 E =   -123.2903807994 Error = 6.29e-24 FLOPS = 1.35e+10 Tdav = 0.00 T = 0.08
 --> Site =   69 .. Mmps =   25 Ndav =  11 E =   -123.2903811428 Error = 2.98e-23 FLOPS = 1.29e+10 Tdav = 0.00 T = 0.09
 --> Site =   70 .. Mmps =   25 Ndav =   8 E =   -123.2903812660 Error = 5.47e-26 FLOPS = 1.32e+10 Tdav = 0.00 T = 0.09
 --> Site =   71 .. Mmps =   25 Ndav =   8 E =   -123.2903813122 Error = 8.59e-26 FLOPS = 1.34e+10 Tdav = 0.00 T = 0.09
 --> Site =   72 .. Mmps =   25 Ndav =   6 E =   -123.2903813326 Error = 1.01e-25 FLOPS = 1.36e+10 Tdav = 0.00 T = 0.09
 --> Site =   73 .. Mmps =   25 Ndav =   7 E =   -123.2903813876 Error = 5.11e-25 FLOPS = 1.36e+10 Tdav = 0.00 T = 0.09
 --> Site =   74 .. Mmps =   25 Ndav =   8 E =   -123.2903815250 Error = 7.94e-25 FLOPS = 1.35e+10 Tdav = 0.00 T = 0.09
 --> Site =   75 .. Mmps =   25 Ndav =   8 E =   -123.2903818968 Error = 7.01e-25 FLOPS = 1.24e+10 Tdav = 0.00 T = 0.09
 --> Site =   76 .. Mmps =   25 Ndav =   9 E =   -123.2903830205 Error = 8.56e-24 FLOPS = 1.30e+10 Tdav = 0.00 T = 0.09
 --> Site =   77 .. Mmps =   25 Ndav =  11 E =   -123.2903876641 Error = 4.92e-24 FLOPS = 1.27e+10 Tdav = 0.00 T = 0.09
 --> Site =   78 .. Mmps =   25 Ndav =  13 E =   -123.2904020613 Error = 1.27e-23 FLOPS = 1.23e+10 Tdav = 0.00 T = 0.09
 --> Site =   79 .. Mmps =   25 Ndav =  13 E =   -123.2904044302 Error = 2.65e-23 FLOPS = 1.22e+10 Tdav = 0.00 T = 0.09
 --> Site =   80 .. Mmps =   25 Ndav =   9 E =   -123.2904076497 Error = 3.42e-23 FLOPS = 1.31e+10 Tdav = 0.00 T = 0.09
 --> Site =   81 .. Mmps =   25 Ndav =  10 E =   -123.2904092507 Error = 5.03e-24 FLOPS = 1.30e+10 Tdav = 0.00 T = 0.09
 --> Site =   82 .. Mmps =   25 Ndav =   9 E =   -123.2904122979 Error = 7.30e-25 FLOPS = 1.31e+10 Tdav = 0.00 T = 0.09
 --> Site =   83 .. Mmps =   25 Ndav =  13 E =   -123.2904131916 Error = 1.70e-24 FLOPS = 1.23e+10 Tdav = 0.00 T = 0.09
 --> Site =   84 .. Mmps =   25 Ndav =   9 E =   -123.2904144791 Error = 5.43e-25 FLOPS = 1.30e+10 Tdav = 0.00 T = 0.09
 --> Site =   85 .. Mmps =   25 Ndav =  12 E =   -123.2904169822 Error = 2.48e-24 FLOPS = 1.25e+10 Tdav = 0.00 T = 0.09
 --> Site =   86 .. Mmps =   25 Ndav =  10 E =   -123.2904194199 Error = 2.75e-23 FLOPS = 1.28e+10 Tdav = 0.00 T = 0.09
 --> Site =   87 .. Mmps =   25 Ndav =  13 E =   -123.2904251654 Error = 9.55e-24 FLOPS = 1.22e+10 Tdav = 0.00 T = 0.09
 --> Site =   88 .. Mmps =   25 Ndav =  10 E =   -123.2904273211 Error = 2.34e-24 FLOPS = 1.29e+10 Tdav = 0.00 T = 0.09
 --> Site =   89 .. Mmps =   25 Ndav =  13 E =   -123.2904321292 Error = 2.71e-23 FLOPS = 1.23e+10 Tdav = 0.00 T = 0.09
 --> Site =   90 .. Mmps =   25 Ndav =   9 E =   -123.2904354249 Error = 8.48e-25 FLOPS = 1.31e+10 Tdav = 0.00 T = 0.09
 --> Site =   91 .. Mmps =   25 Ndav =  11 E =   -123.2904365592 Error = 6.98e-24 FLOPS = 1.27e+10 Tdav = 0.00 T = 0.09
 --> Site =   92 .. Mmps =   25 Ndav =  12 E =   -123.2904383251 Error = 1.12e-24 FLOPS = 1.25e+10 Tdav = 0.00 T = 0.09
 --> Site =   93 .. Mmps =   25 Ndav =   7 E =   -123.2904384046 Error = 1.19e-24 FLOPS = 1.32e+10 Tdav = 0.00 T = 0.08
 --> Site =   94 .. Mmps =   25 Ndav =   7 E =   -123.2904384557 Error = 8.39e-25 FLOPS = 1.33e+10 Tdav = 0.00 T = 0.09
 --> Site =   95 .. Mmps =   25 Ndav =   5 E =   -123.2904384742 Error = 1.34e-25 FLOPS = 1.34e+10 Tdav = 0.00 T = 0.09
 --> Site =   96 .. Mmps =   25 Ndav =   5 E =   -123.2904385200 Error = 4.70e-26 FLOPS = 1.34e+10 Tdav = 0.00 T = 0.08
 --> Site =   97 .. Mmps =   25 Ndav =   6 E =   -123.2904385383 Error = 1.02e-24 FLOPS = 1.33e+10 Tdav = 0.00 T = 0.09
 --> Site =   98 .. Mmps =   25 Ndav =   5 E =   -123.2904385583 Error = 1.62e-23 FLOPS = 1.37e+10 Tdav = 0.00 T = 0.09
 --> Site =   99 .. Mmps =   25 Ndav =   8 E =   -123.2904387192 Error = 2.92e-25 FLOPS = 1.36e+10 Tdav = 0.00 T = 0.09
 --> Site =  100 .. Mmps =   25 Ndav =   8 E =   -123.2904391382 Error = 2.95e-25 FLOPS = 1.36e+10 Tdav = 0.00 T = 0.09
 --> Site =  101 .. Mmps =   25 Ndav =  10 E =   -123.2904396136 Error = 3.03e-25 FLOPS = 1.31e+10 Tdav = 0.00 T = 0.09
 --> Site =  102 .. Mmps =   25 Ndav =   7 E =   -123.2904399333 Error = 5.31e-25 FLOPS = 1.35e+10 Tdav = 0.00 T = 0.08
 --> Site =  103 .. Mmps =   25 Ndav =  15 E =   -123.2904706415 Error = 3.69e-23 FLOPS = 1.17e+10 Tdav = 0.00 T = 0.08
 --> Site =  104 .. Mmps =   25 Ndav =  15 E =   -123.2904792395 Error = 1.04e-22 FLOPS = 1.18e+10 Tdav = 0.00 T = 0.08
 --> Site =  105 .. Mmps =   25 Ndav =  15 E =   -123.2905015190 Error = 1.41e-22 FLOPS = 1.18e+10 Tdav = 0.00 T = 0.09
 --> Site =  106 .. Mmps =   25 Ndav =  15 E =   -123.2905108788 Error = 5.16e-23 FLOPS = 1.18e+10 Tdav = 0.00 T = 0.08
 --> Site =  107 .. Mmps =   25 Ndav =  13 E =   -123.2905197803 Error = 4.17e-23 FLOPS = 1.22e+10 Tdav = 0.00 T = 0.08
 --> Site =  108 .. Mmps =   25 Ndav =  11 E =   -123.2905210803 Error = 1.22e-23 FLOPS = 1.29e+10 Tdav = 0.00 T = 0.08
 --> Site =  109 .. Mmps =   25 Ndav =   9 E =   -123.2905228500 Error = 1.01e-23 FLOPS = 1.32e+10 Tdav = 0.00 T = 0.08
 --> Site =  110 .. Mmps =   25 Ndav =  13 E =   -123.2905240367 Error = 1.21e-24 FLOPS = 1.23e+10 Tdav = 0.00 T = 0.09
 --> Site =  111 .. Mmps =   25 Ndav =   8 E =   -123.2905254351 Error = 1.93e-25 FLOPS = 1.34e+10 Tdav = 0.00 T = 0.08
 --> Site =  112 .. Mmps =   25 Ndav =  16 E =   -123.2905269224 Error = 1.50e-24 FLOPS = 1.13e+10 Tdav = 0.00 T = 0.08
 --> Site =  113 .. Mmps =   25 Ndav =   9 E =   -123.2905283298 Error = 4.54e-24 FLOPS = 1.32e+10 Tdav = 0.00 T = 0.09
 --> Site =  114 .. Mmps =   25 Ndav =  16 E =   -123.2905371692 Error = 4.24e-23 FLOPS = 1.13e+10 Tdav = 0.00 T = 0.08
 --> Site =  115 .. Mmps =   25 Ndav =  11 E =   -123.2905428816 Error = 9.50e-24 FLOPS = 1.28e+10 Tdav = 0.00 T = 0.08
 --> Site =  116 .. Mmps =   25 Ndav =  16 E =   -123.2905643831 Error = 9.82e-22 FLOPS = 1.14e+10 Tdav = 0.00 T = 0.08
 --> Site =  117 .. Mmps =   25 Ndav =  11 E =   -123.2905794509 Error = 3.03e-23 FLOPS = 1.26e+10 Tdav = 0.00 T = 0.07
 --> Site =  118 .. Mmps =   25 Ndav =  12 E =   -123.2905829573 Error = 1.04e-23 FLOPS = 1.24e+10 Tdav = 0.00 T = 0.08
 --> Site =  119 .. Mmps =   25 Ndav =  10 E =   -123.2905836363 Error = 2.03e-23 FLOPS = 1.28e+10 Tdav = 0.00 T = 0.07
 --> Site =  120 .. Mmps =   25 Ndav =   8 E =   -123.2905837128 Error = 1.75e-24 FLOPS = 1.32e+10 Tdav = 0.00 T = 0.07
 --> Site =  121 .. Mmps =   25 Ndav =   9 E =   -123.2905838058 Error = 1.13e-24 FLOPS = 1.31e+10 Tdav = 0.00 T = 0.07
 --> Site =  122 .. Mmps =   25 Ndav =   6 E =   -123.2905838342 Error = 2.80e-25 FLOPS = 1.35e+10 Tdav = 0.00 T = 0.07
 --> Site =  123 .. Mmps =   25 Ndav =  10 E =   -123.2905842958 Error = 2.87e-25 FLOPS = 1.27e+10 Tdav = 0.00 T = 0.07
 --> Site =  124 .. Mmps =   25 Ndav =   6 E =   -123.2905843104 Error = 1.14e-26 FLOPS = 1.31e+10 Tdav = 0.00 T = 0.07
 --> Site =  125 .. Mmps =   25 Ndav =  10 E =   -123.2905848695 Error = 1.15e-23 FLOPS = 1.25e+10 Tdav = 0.00 T = 0.06
 --> Site =  126 .. Mmps =   25 Ndav =   9 E =   -123.2905854187 Error = 7.46e-26 FLOPS = 1.29e+10 Tdav = 0.00 T = 0.07
 --> Site =  127 .. Mmps =   25 Ndav =   9 E =   -123.2905855802 Error = 2.62e-24 FLOPS = 1.28e+10 Tdav = 0.00 T = 0.06
 --> Site =  128 .. Mmps =   25 Ndav =  10 E =   -123.2905876186 Error = 3.59e-25 FLOPS = 1.26e+10 Tdav = 0.00 T = 0.07
 --> Site =  129 .. Mmps =   25 Ndav =  15 E =   -123.2905982877 Error = 3.36e-23 FLOPS = 1.08e+10 Tdav = 0.00 T = 0.07
 --> Site =  130 .. Mmps =   25 Ndav =  13 E =   -123.2906621931 Error = 1.81e-22 FLOPS = 1.13e+10 Tdav = 0.00 T = 0.07
 --> Site =  131 .. Mmps =   25 Ndav =  11 E =   -123.2906637780 Error = 1.32e-23 FLOPS = 1.20e+10 Tdav = 0.00 T = 0.06
 --> Site =  132 .. Mmps =   25 Ndav =  11 E =   -123.2906689616 Error = 5.50e-23 FLOPS = 1.19e+10 Tdav = 0.00 T = 0.07
 --> Site =  133 .. Mmps =   25 Ndav =  15 E =   -123.2906774451 Error = 2.33e-24 FLOPS = 1.05e+10 Tdav = 0.00 T = 0.06
 --> Site =  134 .. Mmps =   25 Ndav =  11 E =   -123.2906885152 Error = 7.56e-24 FLOPS = 1.17e+10 Tdav = 0.00 T = 0.06
 --> Site =  135 .. Mmps =   25 Ndav =  16 E =   -123.2906929315 Error = 9.00e-24 FLOPS = 9.96e+09 Tdav = 0.00 T = 0.05
 --> Site =  136 .. Mmps =   25 Ndav =  13 E =   -123.2906972307 Error = 1.07e-23 FLOPS = 1.10e+10 Tdav = 0.00 T = 0.05
 --> Site =  137 .. Mmps =   25 Ndav =  17 E =   -123.2907007987 Error = 2.28e-24 FLOPS = 9.38e+09 Tdav = 0.00 T = 0.05
 --> Site =  138 .. Mmps =   25 Ndav =  13 E =   -123.2907045961 Error = 1.93e-23 FLOPS = 1.08e+10 Tdav = 0.00 T = 0.05
 --> Site =  139 .. Mmps =   25 Ndav =  13 E =   -123.2907090009 Error = 2.29e-23 FLOPS = 1.06e+10 Tdav = 0.00 T = 0.05
 --> Site =  140 .. Mmps =   25 Ndav =  13 E =   -123.2907173982 Error = 1.07e-22 FLOPS = 1.06e+10 Tdav = 0.00 T = 0.05
 --> Site =  141 .. Mmps =   25 Ndav =  13 E =   -123.2907222424 Error = 1.26e-23 FLOPS = 1.03e+10 Tdav = 0.00 T = 0.04
 --> Site =  142 .. Mmps =   25 Ndav =  11 E =   -123.2907232941 Error = 9.04e-24 FLOPS = 1.10e+10 Tdav = 0.00 T = 0.05
 --> Site =  143 .. Mmps =   25 Ndav =  13 E =   -123.2907277536 Error = 2.93e-23 FLOPS = 1.01e+10 Tdav = 0.00 T = 0.05
 --> Site =  144 .. Mmps =   25 Ndav =  12 E =   -123.2907313692 Error = 1.51e-22 FLOPS = 1.04e+10 Tdav = 0.00 T = 0.04
 --> Site =  145 .. Mmps =   25 Ndav =  13 E =   -123.2907368046 Error = 2.40e-23 FLOPS = 9.83e+09 Tdav = 0.00 T = 0.04
 --> Site =  146 .. Mmps =   25 Ndav =  12 E =   -123.2907382867 Error = 4.63e-23 FLOPS = 9.91e+09 Tdav = 0.00 T = 0.04
 --> Site =  147 .. Mmps =   25 Ndav =  14 E =   -123.2907431793 Error = 7.93e-24 FLOPS = 8.90e+09 Tdav = 0.00 T = 0.05
 --> Site =  148 .. Mmps =   25 Ndav =  10 E =   -123.2907439973 Error = 5.49e-24 FLOPS = 1.04e+10 Tdav = 0.00 T = 0.04
 --> Site =  149 .. Mmps =   25 Ndav =  16 E =   -123.2907489154 Error = 5.47e-24 FLOPS = 7.91e+09 Tdav = 0.00 T = 0.04
 --> Site =  150 .. Mmps =   25 Ndav =   9 E =   -123.2907497130 Error = 1.53e-23 FLOPS = 1.03e+10 Tdav = 0.00 T = 0.04
 --> Site =  151 .. Mmps =   25 Ndav =  15 E =   -123.2907522202 Error = 2.37e-23 FLOPS = 7.75e+09 Tdav = 0.00 T = 0.04
 --> Site =  152 .. Mmps =   25 Ndav =   8 E =   -123.2907525173 Error = 3.06e-24 FLOPS = 1.01e+10 Tdav = 0.00 T = 0.03
 --> Site =  153 .. Mmps =   25 Ndav =  12 E =   -123.2907534886 Error = 2.25e-24 FLOPS = 8.39e+09 Tdav = 0.00 T = 0.03
 --> Site =  154 .. Mmps =   25 Ndav =   8 E =   -123.2907544259 Error = 5.63e-24 FLOPS = 9.58e+09 Tdav = 0.00 T = 0.04
 --> Site =  155 .. Mmps =   25 Ndav =  12 E =   -123.2907587354 Error = 1.44e-23 FLOPS = 7.92e+09 Tdav = 0.00 T = 0.03
 --> Site =  156 .. Mmps =   25 Ndav =  10 E =   -123.2907719171 Error = 1.32e-23 FLOPS = 8.27e+09 Tdav = 0.00 T = 0.03
 --> Site =  157 .. Mmps =   25 Ndav =  17 E =   -123.2907890710 Error = 1.48e-22 FLOPS = 5.62e+09 Tdav = 0.00 T = 0.03
 --> Site =  158 .. Mmps =   25 Ndav =  13 E =   -123.2908063651 Error = 1.07e-22 FLOPS = 6.60e+09 Tdav = 0.00 T = 0.04
 --> Site =  159 .. Mmps =   25 Ndav =  26 E =   -123.2908599268 Error = 2.61e-22 FLOPS = 3.08e+09 Tdav = 0.00 T = 0.03
 --> Site =  160 .. Mmps =   25 Ndav =  15 E =   -123.2908864023 Error = 4.71e-23 FLOPS = 5.22e+09 Tdav = 0.00 T = 0.04
 --> Site =  161 .. Mmps =   25 Ndav =  27 E =   -123.2908945034 Error = 2.52e-23 FLOPS = 2.51e+09 Tdav = 0.00 T = 0.04
 --> Site =  162 .. Mmps =   25 Ndav =  15 E =   -123.2908959926 Error = 1.78e-23 FLOPS = 4.51e+09 Tdav = 0.00 T = 0.04
 --> Site =  163 .. Mmps =   25 Ndav =  18 E =   -123.2908963096 Error = 1.84e-24 FLOPS = 3.36e+09 Tdav = 0.00 T = 0.04
 --> Site =  164 .. Mmps =   25 Ndav =  10 E =   -123.2908963385 Error = 1.63e-25 FLOPS = 4.92e+09 Tdav = 0.00 T = 0.03
 --> Site =  165 .. Mmps =   25 Ndav =   2 E =   -123.2908963385 Error = 5.07e-31 FLOPS = 2.52e+09 Tdav = 0.00 T = 0.03
 --> Site =  166 .. Mmps =   25 Ndav =   1 E =   -123.2908963385 Error = 1.11e-59 FLOPS = 9.59e+08 Tdav = 0.00 T = 0.03
 --> Site =  167 .. Mmps =   25 Ndav =   1 E =   -123.2908963385 Error = 9.53e-85 FLOPS = 4.09e+08 Tdav = 0.00 T = 0.03
 --> Site =  168 .. Mmps =   25 Ndav =   1 E =   -123.2908963385 Error = 1.69e-110 FLOPS = 1.23e+08 Tdav = 0.00 T = 0.03
Time elapsed =    250.026 | E =    -123.2908963385 | DE = -9.92e-04 | DW = 9.82076e-22
Time sweep =       10.699 | 3.19 GFLOP/SWP
 | Dmem = 294 KB (1%) | Imem = 232 B (79%) | Hmem = 1.21 MB | Wmem = 5.86 KB | Pmem = 5.86 KB
 | Tread = 0.214 | Twrite = 0.829 | Tfpread = 0.051 | Tfpwrite = 0.044 | Tmporead = 0.000 | Tasync = 0.000
 | data = 31.5 MB | cpsd = 23.2 MB
 | Trot = 0.048 | Tctr = 0.008 | Tint = 0.007 | Tmid = 0.000 | Tdctr = 0.145 | Tdiag = 0.015 | Tinfo = 0.197
 | Teff = 5.301 | Tprt = 0.131 | Teig = 0.310 | Tblk = 9.221 | Tmve = 1.473 | Tdm = 0.002 | Tsplt = 0.037 | Tsvd = 0.000 | Torth = 0.000

Sweep =    5 | Direction = backward | Bond dimension =   25 | Noise =  1.00e-05 | Dav threshold =  1.00e-10
 <-- Site =  168 .. Mmps =    2 Ndav =   1 E =   -123.2908963385 Error = 0.00e+00 FLOPS = 1.70e+08 Tdav = 0.00 T = 0.02
 <-- Site =  167 .. Mmps =    4 Ndav =   1 E =   -123.2908963385 Error = 0.00e+00 FLOPS = 5.36e+08 Tdav = 0.00 T = 0.03
 <-- Site =  166 .. Mmps =    8 Ndav =   1 E =   -123.2908963385 Error = 0.00e+00 FLOPS = 1.17e+09 Tdav = 0.00 T = 0.03
 <-- Site =  165 .. Mmps =   16 Ndav =   1 E =   -123.2908963385 Error = 0.00e+00 FLOPS = 1.93e+09 Tdav = 0.00 T = 0.03
 <-- Site =  164 .. Mmps =   25 Ndav =   2 E =   -123.2908963385 Error = 2.56e-24 FLOPS = 3.91e+09 Tdav = 0.00 T = 0.03
 <-- Site =  163 .. Mmps =   25 Ndav =   9 E =   -123.2908963549 Error = 1.67e-20 FLOPS = 6.88e+09 Tdav = 0.00 T = 0.03
 <-- Site =  162 .. Mmps =   25 Ndav =  12 E =   -123.2908965780 Error = 4.33e-19 FLOPS = 6.76e+09 Tdav = 0.00 T = 0.03
 <-- Site =  161 .. Mmps =   25 Ndav =  22 E =   -123.2908986317 Error = 3.89e-20 FLOPS = 4.19e+09 Tdav = 0.00 T = 0.03
 <-- Site =  160 .. Mmps =   25 Ndav =  18 E =   -123.2909231963 Error = 4.44e-19 FLOPS = 5.65e+09 Tdav = 0.00 T = 0.03
 <-- Site =  159 .. Mmps =   25 Ndav =  28 E =   -123.2909533006 Error = 2.31e-20 FLOPS = 3.62e+09 Tdav = 0.01 T = 0.04
 <-- Site =  158 .. Mmps =   25 Ndav =  18 E =   -123.2911435278 Error = 2.61e-19 FLOPS = 6.40e+09 Tdav = 0.00 T = 0.04
 <-- Site =  157 .. Mmps =   25 Ndav =  20 E =   -123.2911566677 Error = 5.89e-19 FLOPS = 6.04e+09 Tdav = 0.00 T = 0.03
 <-- Site =  156 .. Mmps =   25 Ndav =  14 E =   -123.2913041044 Error = 7.15e-19 FLOPS = 8.48e+09 Tdav = 0.00 T = 0.04
 <-- Site =  155 .. Mmps =   25 Ndav =  15 E =   -123.2913203510 Error = 1.62e-19 FLOPS = 8.41e+09 Tdav = 0.00 T = 0.04
 <-- Site =  154 .. Mmps =   25 Ndav =  12 E =   -123.2913298018 Error = 4.78e-19 FLOPS = 9.84e+09 Tdav = 0.00 T = 0.03
 <-- Site =  153 .. Mmps =   25 Ndav =  16 E =   -123.2913412866 Error = 3.24e-19 FLOPS = 8.52e+09 Tdav = 0.00 T = 0.03
 <-- Site =  152 .. Mmps =   25 Ndav =  14 E =   -123.2913571591 Error = 4.25e-19 FLOPS = 9.54e+09 Tdav = 0.00 T = 0.04
 <-- Site =  151 .. Mmps =   25 Ndav =  17 E =   -123.2913645513 Error = 2.73e-19 FLOPS = 8.59e+09 Tdav = 0.00 T = 0.04
 <-- Site =  150 .. Mmps =   25 Ndav =  14 E =   -123.2913764012 Error = 3.02e-19 FLOPS = 9.92e+09 Tdav = 0.00 T = 0.04
 <-- Site =  149 .. Mmps =   25 Ndav =  19 E =   -123.2913844083 Error = 5.68e-19 FLOPS = 8.29e+09 Tdav = 0.00 T = 0.04
 <-- Site =  148 .. Mmps =   25 Ndav =  15 E =   -123.2913928546 Error = 4.39e-19 FLOPS = 1.00e+10 Tdav = 0.00 T = 0.04
 <-- Site =  147 .. Mmps =   25 Ndav =  17 E =   -123.2913991889 Error = 7.06e-20 FLOPS = 9.47e+09 Tdav = 0.00 T = 0.04
 <-- Site =  146 .. Mmps =   25 Ndav =  16 E =   -123.2914097496 Error = 1.18e-19 FLOPS = 9.90e+09 Tdav = 0.00 T = 0.04
 <-- Site =  145 .. Mmps =   25 Ndav =  16 E =   -123.2914119066 Error = 8.11e-20 FLOPS = 1.01e+10 Tdav = 0.00 T = 0.04
 <-- Site =  144 .. Mmps =   25 Ndav =  12 E =   -123.2914159663 Error = 9.10e-20 FLOPS = 1.18e+10 Tdav = 0.00 T = 0.05
 <-- Site =  143 .. Mmps =   25 Ndav =  15 E =   -123.2914318098 Error = 1.73e-19 FLOPS = 1.08e+10 Tdav = 0.00 T = 0.05
 <-- Site =  142 .. Mmps =   25 Ndav =  13 E =   -123.2914399238 Error = 3.02e-19 FLOPS = 1.17e+10 Tdav = 0.00 T = 0.05
 <-- Site =  141 .. Mmps =   25 Ndav =  14 E =   -123.2914651584 Error = 2.52e-19 FLOPS = 1.13e+10 Tdav = 0.00 T = 0.05
 <-- Site =  140 .. Mmps =   25 Ndav =  15 E =   -123.2915024601 Error = 2.58e-18 FLOPS = 1.11e+10 Tdav = 0.00 T = 0.05
 <-- Site =  139 .. Mmps =   25 Ndav =  18 E =   -123.2915118525 Error = 3.34e-20 FLOPS = 1.02e+10 Tdav = 0.01 T = 0.05
 <-- Site =  138 .. Mmps =   25 Ndav =  10 E =   -123.2915162897 Error = 2.11e-18 FLOPS = 1.30e+10 Tdav = 0.00 T = 0.06
 <-- Site =  137 .. Mmps =   25 Ndav =  16 E =   -123.2915204700 Error = 4.57e-19 FLOPS = 1.11e+10 Tdav = 0.00 T = 0.06
 <-- Site =  136 .. Mmps =   25 Ndav =  10 E =   -123.2915270381 Error = 4.15e-19 FLOPS = 1.30e+10 Tdav = 0.00 T = 0.05
 <-- Site =  135 .. Mmps =   25 Ndav =  16 E =   -123.2915336506 Error = 1.59e-19 FLOPS = 1.14e+10 Tdav = 0.00 T = 0.06
 <-- Site =  134 .. Mmps =   25 Ndav =  10 E =   -123.2915391936 Error = 6.93e-19 FLOPS = 1.33e+10 Tdav = 0.00 T = 0.05
 <-- Site =  133 .. Mmps =   25 Ndav =  17 E =   -123.2915464654 Error = 1.95e-19 FLOPS = 1.11e+10 Tdav = 0.01 T = 0.06
 <-- Site =  132 .. Mmps =   25 Ndav =  14 E =   -123.2915589482 Error = 6.97e-19 FLOPS = 1.22e+10 Tdav = 0.00 T = 0.06
 <-- Site =  131 .. Mmps =   25 Ndav =  15 E =   -123.2915846746 Error = 9.10e-20 FLOPS = 1.20e+10 Tdav = 0.00 T = 0.07
 <-- Site =  130 .. Mmps =   25 Ndav =  12 E =   -123.2915944731 Error = 4.85e-19 FLOPS = 1.30e+10 Tdav = 0.00 T = 0.07
 <-- Site =  129 .. Mmps =   25 Ndav =  19 E =   -123.2917182883 Error = 3.26e-19 FLOPS = 1.10e+10 Tdav = 0.01 T = 0.07
 <-- Site =  128 .. Mmps =   25 Ndav =  18 E =   -123.2917517444 Error = 5.34e-19 FLOPS = 1.14e+10 Tdav = 0.01 T = 0.07
 <-- Site =  127 .. Mmps =   25 Ndav =  21 E =   -123.2917883686 Error = 1.34e-19 FLOPS = 1.05e+10 Tdav = 0.01 T = 0.07
 <-- Site =  126 .. Mmps =   25 Ndav =  13 E =   -123.2918042030 Error = 8.87e-19 FLOPS = 1.29e+10 Tdav = 0.00 T = 0.07
 <-- Site =  125 .. Mmps =   25 Ndav =  15 E =   -123.2918145746 Error = 1.48e-19 FLOPS = 1.24e+10 Tdav = 0.01 T = 0.07
 <-- Site =  124 .. Mmps =   25 Ndav =   8 E =   -123.2918151161 Error = 1.26e-19 FLOPS = 1.41e+10 Tdav = 0.00 T = 0.07
 <-- Site =  123 .. Mmps =   25 Ndav =  17 E =   -123.2918178452 Error = 2.30e-20 FLOPS = 1.19e+10 Tdav = 0.01 T = 0.07
 <-- Site =  122 .. Mmps =   25 Ndav =  12 E =   -123.2918189757 Error = 4.63e-20 FLOPS = 1.33e+10 Tdav = 0.00 T = 0.08
 <-- Site =  121 .. Mmps =   25 Ndav =   9 E =   -123.2918197733 Error = 4.38e-21 FLOPS = 1.38e+10 Tdav = 0.00 T = 0.07
 <-- Site =  120 .. Mmps =   25 Ndav =  12 E =   -123.2918207112 Error = 1.56e-19 FLOPS = 1.33e+10 Tdav = 0.00 T = 0.08
 <-- Site =  119 .. Mmps =   25 Ndav =  12 E =   -123.2918227816 Error = 1.12e-21 FLOPS = 1.34e+10 Tdav = 0.00 T = 0.08
 <-- Site =  118 .. Mmps =   25 Ndav =  11 E =   -123.2918247725 Error = 8.44e-20 FLOPS = 1.37e+10 Tdav = 0.00 T = 0.08
 <-- Site =  117 .. Mmps =   25 Ndav =  16 E =   -123.2918457236 Error = 3.81e-19 FLOPS = 1.24e+10 Tdav = 0.01 T = 0.08
 <-- Site =  116 .. Mmps =   25 Ndav =  19 E =   -123.2918743871 Error = 5.23e-20 FLOPS = 1.16e+10 Tdav = 0.01 T = 0.09
 <-- Site =  115 .. Mmps =   25 Ndav =  16 E =   -123.2919033730 Error = 5.62e-20 FLOPS = 1.24e+10 Tdav = 0.01 T = 0.09
 <-- Site =  114 .. Mmps =   25 Ndav =  12 E =   -123.2919042808 Error = 2.74e-20 FLOPS = 1.35e+10 Tdav = 0.00 T = 0.09
 <-- Site =  113 .. Mmps =   25 Ndav =  16 E =   -123.2919160293 Error = 2.65e-18 FLOPS = 1.26e+10 Tdav = 0.01 T = 0.09
 <-- Site =  112 .. Mmps =   25 Ndav =  17 E =   -123.2919194325 Error = 5.66e-20 FLOPS = 1.24e+10 Tdav = 0.01 T = 0.09
 <-- Site =  111 .. Mmps =   25 Ndav =  10 E =   -123.2919210353 Error = 5.34e-19 FLOPS = 1.40e+10 Tdav = 0.00 T = 0.09
 <-- Site =  110 .. Mmps =   25 Ndav =  14 E =   -123.2919225390 Error = 1.35e-19 FLOPS = 1.31e+10 Tdav = 0.01 T = 0.09
 <-- Site =  109 .. Mmps =   25 Ndav =  10 E =   -123.2919239801 Error = 9.98e-20 FLOPS = 1.41e+10 Tdav = 0.00 T = 0.09
 <-- Site =  108 .. Mmps =   25 Ndav =  13 E =   -123.2919262044 Error = 6.15e-21 FLOPS = 1.35e+10 Tdav = 0.00 T = 0.09
 <-- Site =  107 .. Mmps =   25 Ndav =  11 E =   -123.2919276772 Error = 6.83e-19 FLOPS = 1.39e+10 Tdav = 0.00 T = 0.11
 <-- Site =  106 .. Mmps =   25 Ndav =  18 E =   -123.2919370330 Error = 4.24e-21 FLOPS = 1.21e+10 Tdav = 0.01 T = 0.12
 <-- Site =  105 .. Mmps =   25 Ndav =  13 E =   -123.2919429080 Error = 5.77e-19 FLOPS = 1.35e+10 Tdav = 0.00 T = 0.10
 <-- Site =  104 .. Mmps =   25 Ndav =  18 E =   -123.2919676176 Error = 1.79e-18 FLOPS = 1.23e+10 Tdav = 0.01 T = 0.09
 <-- Site =  103 .. Mmps =   25 Ndav =  17 E =   -123.2919970726 Error = 2.87e-19 FLOPS = 1.25e+10 Tdav = 0.01 T = 0.09
 <-- Site =  102 .. Mmps =   25 Ndav =  16 E =   -123.2920167358 Error = 7.87e-19 FLOPS = 1.27e+10 Tdav = 0.01 T = 0.09
 <-- Site =  101 .. Mmps =   25 Ndav =  12 E =   -123.2920205714 Error = 1.70e-19 FLOPS = 1.37e+10 Tdav = 0.00 T = 0.09
 <-- Site =  100 .. Mmps =   25 Ndav =  12 E =   -123.2920219148 Error = 8.45e-20 FLOPS = 1.39e+10 Tdav = 0.00 T = 0.10
 <-- Site =   99 .. Mmps =   25 Ndav =   8 E =   -123.2920222176 Error = 3.35e-19 FLOPS = 1.46e+10 Tdav = 0.00 T = 0.10
 <-- Site =   98 .. Mmps =   25 Ndav =  10 E =   -123.2920229166 Error = 2.29e-19 FLOPS = 1.43e+10 Tdav = 0.00 T = 0.09
 <-- Site =   97 .. Mmps =   25 Ndav =   9 E =   -123.2920232170 Error = 1.86e-19 FLOPS = 1.41e+10 Tdav = 0.00 T = 0.10
 <-- Site =   96 .. Mmps =   25 Ndav =   9 E =   -123.2920238010 Error = 1.31e-20 FLOPS = 1.43e+10 Tdav = 0.00 T = 0.10
 <-- Site =   95 .. Mmps =   25 Ndav =   7 E =   -123.2920238601 Error = 7.55e-20 FLOPS = 1.46e+10 Tdav = 0.00 T = 0.09
 <-- Site =   94 .. Mmps =   25 Ndav =  10 E =   -123.2920246889 Error = 9.31e-20 FLOPS = 1.42e+10 Tdav = 0.00 T = 0.11
 <-- Site =   93 .. Mmps =   25 Ndav =  11 E =   -123.2920259894 Error = 8.49e-20 FLOPS = 1.39e+10 Tdav = 0.00 T = 0.10
 <-- Site =   92 .. Mmps =   25 Ndav =  13 E =   -123.2920338897 Error = 1.41e-19 FLOPS = 1.36e+10 Tdav = 0.01 T = 0.10
 <-- Site =   91 .. Mmps =   25 Ndav =  11 E =   -123.2920362524 Error = 3.79e-19 FLOPS = 1.41e+10 Tdav = 0.00 T = 0.10
 <-- Site =   90 .. Mmps =   25 Ndav =  13 E =   -123.2920667913 Error = 3.67e-17 FLOPS = 1.36e+10 Tdav = 0.01 T = 0.10
 <-- Site =   89 .. Mmps =   25 Ndav =  14 E =   -123.2920698851 Error = 1.74e-20 FLOPS = 1.35e+10 Tdav = 0.01 T = 0.10
 <-- Site =   88 .. Mmps =   25 Ndav =  13 E =   -123.2920747893 Error = 2.31e-18 FLOPS = 1.35e+10 Tdav = 0.01 T = 0.09
 <-- Site =   87 .. Mmps =   25 Ndav =  12 E =   -123.2920820008 Error = 1.07e-20 FLOPS = 1.39e+10 Tdav = 0.00 T = 0.10
 <-- Site =   86 .. Mmps =   25 Ndav =  14 E =   -123.2920893382 Error = 1.84e-20 FLOPS = 1.35e+10 Tdav = 0.01 T = 0.10
 <-- Site =   85 .. Mmps =   25 Ndav =  14 E =   -123.2920918631 Error = 1.30e-19 FLOPS = 1.35e+10 Tdav = 0.01 T = 0.11
 <-- Site =   84 .. Mmps =   25 Ndav =  13 E =   -123.2920942502 Error = 1.95e-18 FLOPS = 1.35e+10 Tdav = 0.01 T = 0.10
 <-- Site =   83 .. Mmps =   25 Ndav =  14 E =   -123.2920973092 Error = 7.89e-20 FLOPS = 1.34e+10 Tdav = 0.01 T = 0.11
 <-- Site =   82 .. Mmps =   25 Ndav =  11 E =   -123.2921003063 Error = 4.56e-19 FLOPS = 1.41e+10 Tdav = 0.00 T = 0.11
 <-- Site =   81 .. Mmps =   25 Ndav =  17 E =   -123.2921102109 Error = 2.15e-19 FLOPS = 1.27e+10 Tdav = 0.01 T = 0.11
 <-- Site =   80 .. Mmps =   25 Ndav =  12 E =   -123.2921134109 Error = 5.54e-20 FLOPS = 1.37e+10 Tdav = 0.00 T = 0.10
 <-- Site =   79 .. Mmps =   25 Ndav =  16 E =   -123.2921179236 Error = 1.81e-20 FLOPS = 1.29e+10 Tdav = 0.01 T = 0.11
 <-- Site =   78 .. Mmps =   25 Ndav =  14 E =   -123.2921285557 Error = 2.40e-19 FLOPS = 1.34e+10 Tdav = 0.01 T = 0.10
 <-- Site =   77 .. Mmps =   25 Ndav =  19 E =   -123.2921775738 Error = 6.91e-20 FLOPS = 1.22e+10 Tdav = 0.01 T = 0.12
 <-- Site =   76 .. Mmps =   25 Ndav =  15 E =   -123.2921981292 Error = 5.58e-19 FLOPS = 1.31e+10 Tdav = 0.01 T = 0.10
 <-- Site =   75 .. Mmps =   25 Ndav =  12 E =   -123.2922010622 Error = 1.72e-19 FLOPS = 1.38e+10 Tdav = 0.00 T = 0.10
 <-- Site =   74 .. Mmps =   25 Ndav =  11 E =   -123.2922051957 Error = 9.96e-19 FLOPS = 1.41e+10 Tdav = 0.00 T = 0.11
 <-- Site =   73 .. Mmps =   25 Ndav =  10 E =   -123.2922062527 Error = 1.83e-20 FLOPS = 1.43e+10 Tdav = 0.00 T = 0.11
 <-- Site =   72 .. Mmps =   25 Ndav =   8 E =   -123.2922064098 Error = 5.37e-19 FLOPS = 1.43e+10 Tdav = 0.00 T = 0.10
 <-- Site =   71 .. Mmps =   25 Ndav =  11 E =   -123.2922071715 Error = 4.42e-21 FLOPS = 1.40e+10 Tdav = 0.00 T = 0.10
 <-- Site =   70 .. Mmps =   25 Ndav =   8 E =   -123.2922072992 Error = 9.38e-20 FLOPS = 1.45e+10 Tdav = 0.00 T = 0.13
 <-- Site =   69 .. Mmps =   25 Ndav =  13 E =   -123.2922082461 Error = 6.73e-21 FLOPS = 1.36e+10 Tdav = 0.01 T = 0.10
 <-- Site =   68 .. Mmps =   25 Ndav =   9 E =   -123.2922083839 Error = 1.66e-19 FLOPS = 1.43e+10 Tdav = 0.00 T = 0.10
 <-- Site =   67 .. Mmps =   25 Ndav =  12 E =   -123.2922092292 Error = 2.51e-21 FLOPS = 1.38e+10 Tdav = 0.00 T = 0.10
 <-- Site =   66 .. Mmps =   25 Ndav =  11 E =   -123.2922099067 Error = 1.44e-19 FLOPS = 1.39e+10 Tdav = 0.00 T = 0.10
 <-- Site =   65 .. Mmps =   25 Ndav =  15 E =   -123.2922272806 Error = 2.14e-19 FLOPS = 1.32e+10 Tdav = 0.01 T = 0.10
 <-- Site =   64 .. Mmps =   25 Ndav =  19 E =   -123.2922588076 Error = 8.41e-20 FLOPS = 1.20e+10 Tdav = 0.01 T = 0.10
 <-- Site =   63 .. Mmps =   25 Ndav =  15 E =   -123.2922856797 Error = 3.23e-18 FLOPS = 1.30e+10 Tdav = 0.01 T = 0.10
 <-- Site =   62 .. Mmps =   25 Ndav =  14 E =   -123.2922894683 Error = 2.05e-19 FLOPS = 1.32e+10 Tdav = 0.01 T = 0.10
 <-- Site =   61 .. Mmps =   25 Ndav =  15 E =   -123.2923008726 Error = 2.37e-19 FLOPS = 1.31e+10 Tdav = 0.01 T = 0.10
 <-- Site =   60 .. Mmps =   25 Ndav =  14 E =   -123.2923035052 Error = 1.27e-20 FLOPS = 1.33e+10 Tdav = 0.01 T = 0.09
 <-- Site =   59 .. Mmps =   25 Ndav =  12 E =   -123.2923068056 Error = 4.65e-19 FLOPS = 1.36e+10 Tdav = 0.00 T = 0.10
 <-- Site =   58 .. Mmps =   25 Ndav =  13 E =   -123.2923075298 Error = 4.79e-21 FLOPS = 1.34e+10 Tdav = 0.00 T = 0.09
 <-- Site =   57 .. Mmps =   25 Ndav =  11 E =   -123.2923101851 Error = 1.10e-19 FLOPS = 1.39e+10 Tdav = 0.00 T = 0.09
 <-- Site =   56 .. Mmps =   25 Ndav =  14 E =   -123.2923109486 Error = 1.02e-20 FLOPS = 1.32e+10 Tdav = 0.01 T = 0.09
 <-- Site =   55 .. Mmps =   25 Ndav =  12 E =   -123.2923138729 Error = 4.62e-19 FLOPS = 1.37e+10 Tdav = 0.00 T = 0.09
 <-- Site =   54 .. Mmps =   25 Ndav =  18 E =   -123.2923293652 Error = 4.16e-21 FLOPS = 1.20e+10 Tdav = 0.01 T = 0.09
 <-- Site =   53 .. Mmps =   25 Ndav =  14 E =   -123.2923474203 Error = 1.61e-18 FLOPS = 1.31e+10 Tdav = 0.01 T = 0.09
 <-- Site =   52 .. Mmps =   25 Ndav =  18 E =   -123.2923648115 Error = 3.97e-19 FLOPS = 1.20e+10 Tdav = 0.01 T = 0.09
 <-- Site =   51 .. Mmps =   25 Ndav =  17 E =   -123.2923839562 Error = 1.44e-19 FLOPS = 1.22e+10 Tdav = 0.01 T = 0.08
 <-- Site =   50 .. Mmps =   25 Ndav =  15 E =   -123.2924099750 Error = 1.28e-20 FLOPS = 1.27e+10 Tdav = 0.01 T = 0.09
 <-- Site =   49 .. Mmps =   25 Ndav =  13 E =   -123.2924145238 Error = 1.22e-18 FLOPS = 1.31e+10 Tdav = 0.00 T = 0.08
 <-- Site =   48 .. Mmps =   25 Ndav =  11 E =   -123.2924153590 Error = 2.01e-20 FLOPS = 1.37e+10 Tdav = 0.00 T = 0.08
 <-- Site =   47 .. Mmps =   25 Ndav =  12 E =   -123.2924178712 Error = 1.16e-19 FLOPS = 1.34e+10 Tdav = 0.00 T = 0.08
 <-- Site =   46 .. Mmps =   25 Ndav =   9 E =   -123.2924189426 Error = 1.12e-20 FLOPS = 1.39e+10 Tdav = 0.00 T = 0.08
 <-- Site =   45 .. Mmps =   25 Ndav =   8 E =   -123.2924201611 Error = 5.88e-20 FLOPS = 1.42e+10 Tdav = 0.00 T = 0.08
 <-- Site =   44 .. Mmps =   25 Ndav =  10 E =   -123.2924239072 Error = 9.64e-21 FLOPS = 1.38e+10 Tdav = 0.00 T = 0.08
 <-- Site =   43 .. Mmps =   25 Ndav =   9 E =   -123.2924245780 Error = 2.00e-20 FLOPS = 1.38e+10 Tdav = 0.00 T = 0.08
 <-- Site =   42 .. Mmps =   25 Ndav =  12 E =   -123.2924263947 Error = 3.61e-21 FLOPS = 1.33e+10 Tdav = 0.00 T = 0.08
 <-- Site =   41 .. Mmps =   25 Ndav =  13 E =   -123.2924360362 Error = 1.72e-19 FLOPS = 1.30e+10 Tdav = 0.00 T = 0.08
 <-- Site =   40 .. Mmps =   25 Ndav =  13 E =   -123.2924512155 Error = 3.58e-19 FLOPS = 1.29e+10 Tdav = 0.00 T = 0.07
 <-- Site =   39 .. Mmps =   25 Ndav =  18 E =   -123.2924633153 Error = 8.91e-20 FLOPS = 1.14e+10 Tdav = 0.01 T = 0.07
 <-- Site =   38 .. Mmps =   25 Ndav =  13 E =   -123.2925250981 Error = 3.28e-18 FLOPS = 1.27e+10 Tdav = 0.00 T = 0.07
 <-- Site =   37 .. Mmps =   25 Ndav =  17 E =   -123.2925410541 Error = 9.44e-20 FLOPS = 1.14e+10 Tdav = 0.01 T = 0.07
 <-- Site =   36 .. Mmps =   25 Ndav =  15 E =   -123.2925674813 Error = 1.15e-19 FLOPS = 1.20e+10 Tdav = 0.00 T = 0.07
 <-- Site =   35 .. Mmps =   25 Ndav =  13 E =   -123.2925710364 Error = 8.35e-20 FLOPS = 1.25e+10 Tdav = 0.00 T = 0.07
 <-- Site =   34 .. Mmps =   25 Ndav =  14 E =   -123.2925938268 Error = 3.07e-19 FLOPS = 1.22e+10 Tdav = 0.00 T = 0.06
 <-- Site =   33 .. Mmps =   25 Ndav =  15 E =   -123.2926021157 Error = 5.12e-20 FLOPS = 1.17e+10 Tdav = 0.00 T = 0.06
 <-- Site =   32 .. Mmps =   25 Ndav =  13 E =   -123.2926100099 Error = 1.35e-18 FLOPS = 1.23e+10 Tdav = 0.00 T = 0.06
 <-- Site =   31 .. Mmps =   25 Ndav =  16 E =   -123.2926125662 Error = 3.47e-19 FLOPS = 1.11e+10 Tdav = 0.00 T = 0.06
 <-- Site =   30 .. Mmps =   25 Ndav =  14 E =   -123.2926190706 Error = 5.28e-18 FLOPS = 1.18e+10 Tdav = 0.00 T = 0.08
 <-- Site =   29 .. Mmps =   25 Ndav =  14 E =   -123.2926245483 Error = 6.39e-20 FLOPS = 1.17e+10 Tdav = 0.00 T = 0.05
 <-- Site =   28 .. Mmps =   25 Ndav =  15 E =   -123.2926340622 Error = 1.00e-19 FLOPS = 1.13e+10 Tdav = 0.00 T = 0.05
 <-- Site =   27 .. Mmps =   25 Ndav =  17 E =   -123.2926525027 Error = 3.27e-19 FLOPS = 1.05e+10 Tdav = 0.00 T = 0.05
 <-- Site =   26 .. Mmps =   25 Ndav =  13 E =   -123.2926664928 Error = 9.70e-19 FLOPS = 1.16e+10 Tdav = 0.00 T = 0.05
 <-- Site =   25 .. Mmps =   25 Ndav =  14 E =   -123.2926884911 Error = 2.09e-19 FLOPS = 1.13e+10 Tdav = 0.00 T = 0.05
 <-- Site =   24 .. Mmps =   25 Ndav =  15 E =   -123.2927063931 Error = 7.90e-20 FLOPS = 1.08e+10 Tdav = 0.00 T = 0.05
 <-- Site =   23 .. Mmps =   25 Ndav =  16 E =   -123.2927131968 Error = 1.30e-19 FLOPS = 1.03e+10 Tdav = 0.00 T = 0.05
 <-- Site =   22 .. Mmps =   25 Ndav =  13 E =   -123.2927149871 Error = 7.44e-20 FLOPS = 1.12e+10 Tdav = 0.00 T = 0.04
 <-- Site =   21 .. Mmps =   25 Ndav =  14 E =   -123.2927165696 Error = 1.24e-20 FLOPS = 1.08e+10 Tdav = 0.00 T = 0.04
 <-- Site =   20 .. Mmps =   25 Ndav =  14 E =   -123.2927186828 Error = 8.06e-20 FLOPS = 1.06e+10 Tdav = 0.00 T = 0.04
 <-- Site =   19 .. Mmps =   25 Ndav =  15 E =   -123.2927211250 Error = 5.56e-20 FLOPS = 1.00e+10 Tdav = 0.00 T = 0.04
 <-- Site =   18 .. Mmps =   25 Ndav =  15 E =   -123.2927243638 Error = 6.35e-20 FLOPS = 9.83e+09 Tdav = 0.00 T = 0.04
 <-- Site =   17 .. Mmps =   25 Ndav =  17 E =   -123.2927298233 Error = 4.76e-20 FLOPS = 8.83e+09 Tdav = 0.00 T = 0.04
 <-- Site =   16 .. Mmps =   25 Ndav =  13 E =   -123.2927338219 Error = 4.51e-20 FLOPS = 1.02e+10 Tdav = 0.00 T = 0.04
 <-- Site =   15 .. Mmps =   25 Ndav =  16 E =   -123.2927449760 Error = 3.26e-19 FLOPS = 8.83e+09 Tdav = 0.00 T = 0.04
 <-- Site =   14 .. Mmps =   25 Ndav =  13 E =   -123.2927547738 Error = 1.65e-19 FLOPS = 9.76e+09 Tdav = 0.00 T = 0.03
 <-- Site =   13 .. Mmps =   25 Ndav =  17 E =   -123.2927781920 Error = 3.42e-20 FLOPS = 7.92e+09 Tdav = 0.00 T = 0.04
 <-- Site =   12 .. Mmps =   25 Ndav =  13 E =   -123.2928014752 Error = 3.69e-18 FLOPS = 9.12e+09 Tdav = 0.00 T = 0.03
 <-- Site =   11 .. Mmps =   25 Ndav =  24 E =   -123.2929387769 Error = 1.41e-18 FLOPS = 5.25e+09 Tdav = 0.01 T = 0.04
 <-- Site =   10 .. Mmps =   25 Ndav =  14 E =   -123.2929882827 Error = 4.78e-17 FLOPS = 8.15e+09 Tdav = 0.00 T = 0.03
 <-- Site =    9 .. Mmps =   25 Ndav =  31 E =   -123.2931037976 Error = 8.07e-19 FLOPS = 3.38e+09 Tdav = 0.01 T = 0.04
 <-- Site =    8 .. Mmps =   25 Ndav =  21 E =   -123.2931677146 Error = 2.40e-18 FLOPS = 5.14e+09 Tdav = 0.00 T = 0.04
 <-- Site =    7 .. Mmps =   25 Ndav =  29 E =   -123.2931743309 Error = 3.05e-18 FLOPS = 3.20e+09 Tdav = 0.01 T = 0.05
 <-- Site =    6 .. Mmps =   25 Ndav =  18 E =   -123.2931766460 Error = 1.98e-17 FLOPS = 5.25e+09 Tdav = 0.00 T = 0.04
 <-- Site =    5 .. Mmps =   25 Ndav =  27 E =   -123.2931778040 Error = 8.74e-21 FLOPS = 2.73e+09 Tdav = 0.01 T = 0.04
 <-- Site =    4 .. Mmps =   25 Ndav =  10 E =   -123.2931778353 Error = 1.52e-25 FLOPS = 4.90e+09 Tdav = 0.00 T = 0.03
 <-- Site =    3 .. Mmps =   25 Ndav =   1 E =   -123.2931778353 Error = 2.03e-42 FLOPS = 1.43e+09 Tdav = 0.00 T = 0.06
 <-- Site =    2 .. Mmps =   25 Ndav =   1 E =   -123.2931778353 Error = 0.00e+00 FLOPS = 8.29e+08 Tdav = 0.00 T = 0.04
 <-- Site =    1 .. Mmps =   24 Ndav =   1 E =   -123.2931778353 Error = 0.00e+00 FLOPS = 3.86e+08 Tdav = 0.00 T = 0.03
 <-- Site =    0 .. Mmps =   24 Ndav =   1 E =   -123.2931778353 Error = 0.00e+00 FLOPS = 1.29e+08 Tdav = 0.00 T = 0.04
Time elapsed =    261.943 | E =    -123.2931778353 | DE = -2.28e-03 | DW = 4.78376e-17
Time sweep =       11.917 | 7.61 GFLOP/SWP
 | Dmem = 298 KB (3%) | Imem = 232 B (79%) | Hmem = 1.39 MB | Wmem = 9.77 KB | Pmem = 9.77 KB
 | Tread = 0.230 | Twrite = 0.873 | Tfpread = 0.071 | Tfpwrite = 0.041 | Tmporead = 0.000 | Tasync = 0.000
 | data = 31.5 MB | cpsd = 20.9 MB
 | Trot = 0.050 | Tctr = 0.524 | Tint = 0.007 | Tmid = 0.000 | Tdctr = 0.005 | Tdiag = 0.015 | Tinfo = 0.205
 | Teff = 5.191 | Tprt = 0.134 | Teig = 0.701 | Tblk = 9.653 | Tmve = 2.257 | Tdm = 0.002 | Tsplt = 0.038 | Tsvd = 0.000 | Torth = 0.000

Sweep =    6 | Direction =  forward | Bond dimension =  550 | Noise =  1.00e-05 | Dav threshold =  1.00e-10
 --> Site =    0 .. Mmps =    2 Ndav =   1 E =   -123.2931778353 Error = 0.00e+00 FLOPS = 1.69e+08 Tdav = 0.00 T = 0.02
 --> Site =    1 .. Mmps =    4 Ndav =   1 E =   -123.2931778353 Error = 0.00e+00 FLOPS = 2.83e+08 Tdav = 0.00 T = 0.03
 --> Site =    2 .. Mmps =    8 Ndav =   1 E =   -123.2931778353 Error = 0.00e+00 FLOPS = 6.75e+08 Tdav = 0.00 T = 0.03
 --> Site =    3 .. Mmps =   16 Ndav =   1 E =   -123.2931778353 Error = 0.00e+00 FLOPS = 1.23e+09 Tdav = 0.00 T = 0.03
 --> Site =    4 .. Mmps =   29 Ndav =   1 E =   -123.2931778353 Error = 0.00e+00 FLOPS = 2.33e+09 Tdav = 0.00 T = 0.03
 --> Site =    5 .. Mmps =   41 Ndav =   4 E =   -123.2931778355 Error = 0.00e+00 FLOPS = 8.66e+09 Tdav = 0.00 T = 0.04
 --> Site =    6 .. Mmps =   53 Ndav =  12 E =   -123.2931778518 Error = 0.00e+00 FLOPS = 9.35e+09 Tdav = 0.00 T = 0.04
 --> Site =    7 .. Mmps =   64 Ndav =  19 E =   -123.2931779675 Error = 0.00e+00 FLOPS = 7.31e+09 Tdav = 0.01 T = 0.05
 --> Site =    8 .. Mmps =   76 Ndav =  14 E =   -123.2931782242 Error = 0.00e+00 FLOPS = 1.13e+10 Tdav = 0.01 T = 0.05
 --> Site =    9 .. Mmps =   89 Ndav =  25 E =   -123.2931805304 Error = 0.00e+00 FLOPS = 7.62e+09 Tdav = 0.03 T = 0.08
 --> Site =   10 .. Mmps =   99 Ndav =  15 E =   -123.2931834844 Error = 0.00e+00 FLOPS = 1.32e+10 Tdav = 0.01 T = 0.08
 --> Site =   11 .. Mmps =  112 Ndav =  21 E =   -123.2931868684 Error = 0.00e+00 FLOPS = 1.15e+10 Tdav = 0.03 T = 0.12
 --> Site =   12 .. Mmps =  121 Ndav =  15 E =   -123.2932263698 Error = 0.00e+00 FLOPS = 1.53e+10 Tdav = 0.02 T = 0.14
 --> Site =   13 .. Mmps =  133 Ndav =  17 E =   -123.2932418633 Error = 0.00e+00 FLOPS = 1.47e+10 Tdav = 0.03 T = 0.17
 --> Site =   14 .. Mmps =  146 Ndav =  14 E =   -123.2932554525 Error = 0.00e+00 FLOPS = 1.70e+10 Tdav = 0.03 T = 0.20
 --> Site =   15 .. Mmps =  158 Ndav =  16 E =   -123.2932622783 Error = 0.00e+00 FLOPS = 1.64e+10 Tdav = 0.04 T = 0.27
 --> Site =   16 .. Mmps =  171 Ndav =  14 E =   -123.2932746251 Error = 0.00e+00 FLOPS = 1.75e+10 Tdav = 0.04 T = 0.34
 --> Site =   17 .. Mmps =  182 Ndav =  14 E =   -123.2932862941 Error = 0.00e+00 FLOPS = 1.79e+10 Tdav = 0.05 T = 0.43
 --> Site =   18 .. Mmps =  194 Ndav =  14 E =   -123.2932921446 Error = 0.00e+00 FLOPS = 1.81e+10 Tdav = 0.06 T = 0.52
 --> Site =   19 .. Mmps =  205 Ndav =  12 E =   -123.2932936821 Error = 0.00e+00 FLOPS = 1.86e+10 Tdav = 0.06 T = 0.62
 --> Site =   20 .. Mmps =  217 Ndav =  14 E =   -123.2932949060 Error = 0.00e+00 FLOPS = 1.74e+10 Tdav = 0.08 T = 0.76
 --> Site =   21 .. Mmps =  230 Ndav =  11 E =   -123.2932957670 Error = 0.00e+00 FLOPS = 1.78e+10 Tdav = 0.07 T = 0.89
 --> Site =   22 .. Mmps =  243 Ndav =  13 E =   -123.2932965908 Error = 0.00e+00 FLOPS = 1.77e+10 Tdav = 0.10 T = 1.08
 --> Site =   23 .. Mmps =  252 Ndav =  11 E =   -123.2932972444 Error = 0.00e+00 FLOPS = 1.80e+10 Tdav = 0.10 T = 1.27
 --> Site =   24 .. Mmps =  266 Ndav =  11 E =   -123.2932979693 Error = 0.00e+00 FLOPS = 1.74e+10 Tdav = 0.11 T = 1.48
 --> Site =   25 .. Mmps =  279 Ndav =  16 E =   -123.2933033888 Error = 0.00e+00 FLOPS = 1.66e+10 Tdav = 0.20 T = 1.81
 --> Site =   26 .. Mmps =  294 Ndav =  12 E =   -123.2933065045 Error = 0.00e+00 FLOPS = 1.76e+10 Tdav = 0.16 T = 2.06
 --> Site =   27 .. Mmps =  308 Ndav =  17 E =   -123.2933194096 Error = 0.00e+00 FLOPS = 1.68e+10 Tdav = 0.27 T = 2.51
 --> Site =   28 .. Mmps =  318 Ndav =  16 E =   -123.2933260605 Error = 0.00e+00 FLOPS = 1.70e+10 Tdav = 0.29 T = 2.90
 --> Site =   29 .. Mmps =  329 Ndav =  16 E =   -123.2933307690 Error = 0.00e+00 FLOPS = 1.70e+10 Tdav = 0.32 T = 3.28
 --> Site =   30 .. Mmps =  341 Ndav =  14 E =   -123.2933388267 Error = 0.00e+00 FLOPS = 1.74e+10 Tdav = 0.30 T = 3.66
 --> Site =   31 .. Mmps =  353 Ndav =  16 E =   -123.2933415829 Error = 0.00e+00 FLOPS = 1.72e+10 Tdav = 0.38 T = 4.20
 --> Site =   32 .. Mmps =  367 Ndav =  11 E =   -123.2933437484 Error = 0.00e+00 FLOPS = 1.81e+10 Tdav = 0.27 T = 4.62
 --> Site =   33 .. Mmps =  379 Ndav =  14 E =   -123.2933490690 Error = 0.00e+00 FLOPS = 1.77e+10 Tdav = 0.40 T = 5.39
 --> Site =   34 .. Mmps =  391 Ndav =  11 E =   -123.2933501814 Error = 0.00e+00 FLOPS = 1.83e+10 Tdav = 0.33 T = 5.90
 --> Site =   35 .. Mmps =  403 Ndav =  15 E =   -123.2933535712 Error = 0.00e+00 FLOPS = 1.72e+10 Tdav = 0.52 T = 6.83
 --> Site =   36 .. Mmps =  417 Ndav =  15 E =   -123.2933669014 Error = 0.00e+00 FLOPS = 1.73e+10 Tdav = 0.57 T = 7.63
 --> Site =   37 .. Mmps =  429 Ndav =  18 E =   -123.2933767950 Error = 0.00e+00 FLOPS = 1.70e+10 Tdav = 0.76 T = 8.70
 --> Site =   38 .. Mmps =  441 Ndav =  13 E =   -123.2933806930 Error = 0.00e+00 FLOPS = 1.74e+10 Tdav = 0.58 T = 9.40
 --> Site =   39 .. Mmps =  454 Ndav =  18 E =   -123.2933885817 Error = 0.00e+00 FLOPS = 1.71e+10 Tdav = 0.88 T = 10.61
 --> Site =   40 .. Mmps =  467 Ndav =  14 E =   -123.2934139439 Error = 0.00e+00 FLOPS = 1.77e+10 Tdav = 0.72 T = 11.51
 --> Site =   41 .. Mmps =  479 Ndav =  15 E =   -123.2934429200 Error = 0.00e+00 FLOPS = 1.78e+10 Tdav = 0.83 T = 12.78
 --> Site =   42 .. Mmps =  491 Ndav =  13 E =   -123.2934456985 Error = 0.00e+00 FLOPS = 1.82e+10 Tdav = 0.76 T = 13.89
 --> Site =   43 .. Mmps =  505 Ndav =  14 E =   -123.2934500339 Error = 0.00e+00 FLOPS = 1.81e+10 Tdav = 0.86 T = 14.91
 --> Site =   44 .. Mmps =  519 Ndav =  14 E =   -123.2934638540 Error = 0.00e+00 FLOPS = 1.77e+10 Tdav = 0.95 T = 16.16
 --> Site =   45 .. Mmps =  532 Ndav =  11 E =   -123.2934656084 Error = 0.00e+00 FLOPS = 1.80e+10 Tdav = 0.78 T = 17.25
 --> Site =   46 .. Mmps =  545 Ndav =   8 E =   -123.2934658826 Error = 0.00e+00 FLOPS = 1.85e+10 Tdav = 0.59 T = 18.23
 --> Site =   47 .. Mmps =  550 Ndav =   9 E =   -123.2934665550 Error = 1.63e-32 FLOPS = 1.87e+10 Tdav = 0.70 T = 19.95
 --> Site =   48 .. Mmps =  550 Ndav =  11 E =   -123.2934686863 Error = 1.64e-32 FLOPS = 1.85e+10 Tdav = 0.88 T = 21.00
 --> Site =   49 .. Mmps =  550 Ndav =  13 E =   -123.2934717941 Error = 1.58e-32 FLOPS = 1.85e+10 Tdav = 1.06 T = 21.55
 --> Site =   50 .. Mmps =  550 Ndav =  13 E =   -123.2934762060 Error = 3.27e-32 FLOPS = 1.85e+10 Tdav = 1.07 T = 21.89
 --> Site =   51 .. Mmps =  550 Ndav =  19 E =   -123.2935029024 Error = 1.74e-32 FLOPS = 1.81e+10 Tdav = 1.62 T = 22.86
 --> Site =   52 .. Mmps =  550 Ndav =  19 E =   -123.2935246517 Error = 4.62e-32 FLOPS = 1.81e+10 Tdav = 1.66 T = 23.67
 --> Site =   53 .. Mmps =  550 Ndav =  13 E =   -123.2935262249 Error = 7.33e-32 FLOPS = 1.85e+10 Tdav = 1.13 T = 24.09
 --> Site =   54 .. Mmps =  550 Ndav =  14 E =   -123.2935303685 Error = 6.91e-32 FLOPS = 1.85e+10 Tdav = 1.22 T = 24.54
 --> Site =   55 .. Mmps =  550 Ndav =  13 E =   -123.2935342472 Error = 1.49e-31 FLOPS = 1.86e+10 Tdav = 1.15 T = 24.89
 --> Site =   56 .. Mmps =  550 Ndav =  16 E =   -123.2935385533 Error = 5.11e-32 FLOPS = 1.84e+10 Tdav = 1.43 T = 25.61
 --> Site =   57 .. Mmps =  550 Ndav =   9 E =   -123.2935387511 Error = 3.85e-32 FLOPS = 1.87e+10 Tdav = 0.79 T = 24.98
 --> Site =   58 .. Mmps =  550 Ndav =  14 E =   -123.2935409236 Error = 3.68e-32 FLOPS = 1.85e+10 Tdav = 1.24 T = 25.48
 --> Site =   59 .. Mmps =  550 Ndav =   8 E =   -123.2935410538 Error = 2.34e-32 FLOPS = 1.87e+10 Tdav = 0.72 T = 25.32
 --> Site =   60 .. Mmps =  550 Ndav =  13 E =   -123.2935418148 Error = 1.13e-32 FLOPS = 1.86e+10 Tdav = 1.17 T = 26.26
 --> Site =   61 .. Mmps =  550 Ndav =  11 E =   -123.2935424366 Error = 9.09e-33 FLOPS = 1.87e+10 Tdav = 0.98 T = 26.04
 --> Site =   62 .. Mmps =  550 Ndav =  16 E =   -123.2935493818 Error = 9.80e-33 FLOPS = 1.84e+10 Tdav = 1.48 T = 26.93
 --> Site =   63 .. Mmps =  550 Ndav =  12 E =   -123.2935548453 Error = 4.60e-33 FLOPS = 1.86e+10 Tdav = 1.10 T = 27.01
 --> Site =   64 .. Mmps =  550 Ndav =  17 E =   -123.2935610048 Error = 1.06e-33 FLOPS = 1.83e+10 Tdav = 1.58 T = 27.53
 --> Site =   65 .. Mmps =  550 Ndav =  14 E =   -123.2935641887 Error = 2.43e-33 FLOPS = 1.86e+10 Tdav = 1.31 T = 27.67
 --> Site =   66 .. Mmps =  550 Ndav =  16 E =   -123.2935735065 Error = 7.95e-33 FLOPS = 1.84e+10 Tdav = 1.48 T = 27.84
 --> Site =   67 .. Mmps =  550 Ndav =  11 E =   -123.2935747719 Error = 5.40e-33 FLOPS = 1.87e+10 Tdav = 1.02 T = 27.32
 --> Site =   68 .. Mmps =  550 Ndav =  12 E =   -123.2935809906 Error = 1.50e-32 FLOPS = 1.86e+10 Tdav = 1.14 T = 28.39
 --> Site =   69 .. Mmps =  550 Ndav =  13 E =   -123.2935972799 Error = 2.61e-33 FLOPS = 1.86e+10 Tdav = 1.23 T = 28.94
 --> Site =   70 .. Mmps =  550 Ndav =  11 E =   -123.2935984421 Error = 3.71e-33 FLOPS = 1.87e+10 Tdav = 1.02 T = 28.29
 --> Site =   71 .. Mmps =  550 Ndav =   9 E =   -123.2936006685 Error = 2.97e-33 FLOPS = 1.87e+10 Tdav = 0.83 T = 27.64
 --> Site =   72 .. Mmps =  550 Ndav =  10 E =   -123.2936009150 Error = 2.38e-33 FLOPS = 1.88e+10 Tdav = 0.94 T = 28.21
 --> Site =   73 .. Mmps =  550 Ndav =   9 E =   -123.2936013543 Error = 1.43e-33 FLOPS = 1.88e+10 Tdav = 0.84 T = 28.67
 --> Site =   74 .. Mmps =  550 Ndav =   9 E =   -123.2936014914 Error = 8.56e-34 FLOPS = 1.88e+10 Tdav = 0.84 T = 28.49
 --> Site =   75 .. Mmps =  550 Ndav =  11 E =   -123.2936017874 Error = 1.99e-33 FLOPS = 1.87e+10 Tdav = 1.04 T = 28.66
 --> Site =   76 .. Mmps =  550 Ndav =  12 E =   -123.2936058461 Error = 5.34e-32 FLOPS = 1.86e+10 Tdav = 1.14 T = 28.86
 --> Site =   77 .. Mmps =  550 Ndav =  17 E =   -123.2936092811 Error = 1.41e-31 FLOPS = 1.84e+10 Tdav = 1.63 T = 29.37
 --> Site =   78 .. Mmps =  550 Ndav =  14 E =   -123.2936211911 Error = 8.12e-32 FLOPS = 1.86e+10 Tdav = 1.33 T = 29.07
 --> Site =   79 .. Mmps =  550 Ndav =  16 E =   -123.2936268667 Error = 5.17e-32 FLOPS = 1.85e+10 Tdav = 1.50 T = 28.75
 --> Site =   80 .. Mmps =  550 Ndav =  12 E =   -123.2936309472 Error = 1.08e-31 FLOPS = 1.87e+10 Tdav = 1.13 T = 28.33
 --> Site =   81 .. Mmps =  550 Ndav =  14 E =   -123.2936476794 Error = 2.80e-32 FLOPS = 1.85e+10 Tdav = 1.36 T = 29.45
 --> Site =   82 .. Mmps =  550 Ndav =  12 E =   -123.2936485472 Error = 3.12e-32 FLOPS = 1.87e+10 Tdav = 1.15 T = 29.82
 --> Site =   83 .. Mmps =  550 Ndav =  14 E =   -123.2936502022 Error = 1.80e-32 FLOPS = 1.86e+10 Tdav = 1.33 T = 29.54
 --> Site =   84 .. Mmps =  550 Ndav =  12 E =   -123.2936515540 Error = 1.20e-31 FLOPS = 1.87e+10 Tdav = 1.13 T = 28.65
 --> Site =   85 .. Mmps =  550 Ndav =  14 E =   -123.2936527709 Error = 3.46e-32 FLOPS = 1.86e+10 Tdav = 1.35 T = 29.50
 --> Site =   86 .. Mmps =  550 Ndav =  10 E =   -123.2936528590 Error = 2.01e-32 FLOPS = 1.88e+10 Tdav = 0.96 T = 29.67
 --> Site =   87 .. Mmps =  550 Ndav =  12 E =   -123.2936551715 Error = 6.08e-32 FLOPS = 1.87e+10 Tdav = 1.13 T = 29.29
 --> Site =   88 .. Mmps =  550 Ndav =  13 E =   -123.2936569626 Error = 5.33e-32 FLOPS = 1.86e+10 Tdav = 1.21 T = 28.51
 --> Site =   89 .. Mmps =  550 Ndav =  14 E =   -123.2936593485 Error = 4.17e-32 FLOPS = 1.85e+10 Tdav = 1.33 T = 28.53
 --> Site =   90 .. Mmps =  550 Ndav =  13 E =   -123.2936618153 Error = 4.20e-32 FLOPS = 1.86e+10 Tdav = 1.23 T = 28.95
 --> Site =   91 .. Mmps =  550 Ndav =  19 E =   -123.2936831653 Error = 4.52e-32 FLOPS = 1.82e+10 Tdav = 1.84 T = 29.50
 --> Site =   92 .. Mmps =  550 Ndav =  13 E =   -123.2936857124 Error = 3.59e-32 FLOPS = 1.86e+10 Tdav = 1.21 T = 28.44
 --> Site =   93 .. Mmps =  550 Ndav =  10 E =   -123.2936866238 Error = 2.49e-32 FLOPS = 1.88e+10 Tdav = 0.94 T = 28.14
 --> Site =   94 .. Mmps =  550 Ndav =  12 E =   -123.2936917432 Error = 3.22e-33 FLOPS = 1.85e+10 Tdav = 1.14 T = 28.87
 --> Site =   95 .. Mmps =  550 Ndav =  12 E =   -123.2936942873 Error = 1.02e-32 FLOPS = 1.87e+10 Tdav = 1.13 T = 28.85
 --> Site =   96 .. Mmps =  550 Ndav =  11 E =   -123.2936966186 Error = 2.07e-33 FLOPS = 1.87e+10 Tdav = 1.02 T = 28.29
 --> Site =   97 .. Mmps =  550 Ndav =  13 E =   -123.2936999716 Error = 1.21e-32 FLOPS = 1.86e+10 Tdav = 1.21 T = 28.03
 --> Site =   98 .. Mmps =  550 Ndav =   9 E =   -123.2937005425 Error = 1.80e-33 FLOPS = 1.87e+10 Tdav = 0.83 T = 27.61
 --> Site =   99 .. Mmps =  550 Ndav =  12 E =   -123.2937009419 Error = 2.59e-33 FLOPS = 1.87e+10 Tdav = 1.13 T = 28.33
 --> Site =  100 .. Mmps =  550 Ndav =   9 E =   -123.2937017654 Error = 2.14e-33 FLOPS = 1.88e+10 Tdav = 0.83 T = 28.02
 --> Site =  101 .. Mmps =  550 Ndav =  11 E =   -123.2937022018 Error = 7.19e-33 FLOPS = 1.87e+10 Tdav = 1.00 T = 27.30
 --> Site =  102 .. Mmps =  550 Ndav =  13 E =   -123.2937027222 Error = 4.72e-33 FLOPS = 1.86e+10 Tdav = 1.19 T = 27.06
 --> Site =  103 .. Mmps =  550 Ndav =  15 E =   -123.2937103174 Error = 1.20e-32 FLOPS = 1.84e+10 Tdav = 1.39 T = 27.48
 --> Site =  104 .. Mmps =  550 Ndav =  16 E =   -123.2937146608 Error = 5.06e-32 FLOPS = 1.83e+10 Tdav = 1.46 T = 27.04
 --> Site =  105 .. Mmps =  550 Ndav =  14 E =   -123.2937155716 Error = 1.68e-31 FLOPS = 1.84e+10 Tdav = 1.27 T = 26.40
 --> Site =  106 .. Mmps =  550 Ndav =  14 E =   -123.2937169228 Error = 1.59e-31 FLOPS = 1.85e+10 Tdav = 1.27 T = 26.49
 --> Site =  107 .. Mmps =  550 Ndav =  12 E =   -123.2937189107 Error = 3.04e-31 FLOPS = 1.86e+10 Tdav = 1.06 T = 25.83
 --> Site =  108 .. Mmps =  550 Ndav =  14 E =   -123.2937283083 Error = 2.56e-32 FLOPS = 1.86e+10 Tdav = 1.26 T = 25.99
 --> Site =  109 .. Mmps =  550 Ndav =  10 E =   -123.2937285223 Error = 2.63e-32 FLOPS = 1.87e+10 Tdav = 0.87 T = 25.53
 --> Site =  110 .. Mmps =  550 Ndav =  15 E =   -123.2937296317 Error = 1.01e-32 FLOPS = 1.81e+10 Tdav = 1.33 T = 25.18
 --> Site =  111 .. Mmps =  550 Ndav =   8 E =   -123.2937297080 Error = 1.13e-32 FLOPS = 1.88e+10 Tdav = 0.68 T = 24.07
 --> Site =  112 .. Mmps =  550 Ndav =  13 E =   -123.2937301428 Error = 8.16e-33 FLOPS = 1.85e+10 Tdav = 1.15 T = 25.23
 --> Site =  113 .. Mmps =  550 Ndav =  12 E =   -123.2937310080 Error = 1.61e-32 FLOPS = 1.86e+10 Tdav = 1.04 T = 24.84
 --> Site =  114 .. Mmps =  550 Ndav =  14 E =   -123.2937382060 Error = 1.56e-32 FLOPS = 1.85e+10 Tdav = 1.20 T = 24.22
 --> Site =  115 .. Mmps =  550 Ndav =  13 E =   -123.2937432355 Error = 8.18e-33 FLOPS = 1.83e+10 Tdav = 1.12 T = 23.76
 --> Site =  116 .. Mmps =  550 Ndav =  17 E =   -123.2937455471 Error = 1.99e-33 FLOPS = 1.83e+10 Tdav = 1.44 T = 23.61
 --> Site =  117 .. Mmps =  550 Ndav =  14 E =   -123.2937490936 Error = 3.65e-33 FLOPS = 1.85e+10 Tdav = 1.15 T = 22.50
 --> Site =  118 .. Mmps =  550 Ndav =  16 E =   -123.2937584328 Error = 1.93e-32 FLOPS = 1.83e+10 Tdav = 1.32 T = 22.29
 --> Site =  119 .. Mmps =  550 Ndav =  11 E =   -123.2937594706 Error = 6.63e-33 FLOPS = 1.86e+10 Tdav = 0.88 T = 21.42
 --> Site =  120 .. Mmps =  550 Ndav =  10 E =   -123.2937608698 Error = 1.17e-32 FLOPS = 1.86e+10 Tdav = 0.78 T = 20.58
 --> Site =  121 .. Mmps =  550 Ndav =  11 E =   -123.2937642887 Error = 1.34e-32 FLOPS = 1.86e+10 Tdav = 0.86 T = 20.26
 --> Site =  122 .. Mmps =  550 Ndav =  14 E =   -123.2937756267 Error = 1.66e-32 FLOPS = 1.84e+10 Tdav = 1.08 T = 20.10
 --> Site =  123 .. Mmps =  550 Ndav =  13 E =   -123.2937768693 Error = 1.53e-32 FLOPS = 1.85e+10 Tdav = 1.00 T = 19.69
 --> Site =  124 .. Mmps =  550 Ndav =  10 E =   -123.2937794850 Error = 6.20e-32 FLOPS = 1.85e+10 Tdav = 0.75 T = 18.99
 --> Site =  125 .. Mmps =  550 Ndav =   9 E =   -123.2937799874 Error = 3.38e-32 FLOPS = 1.87e+10 Tdav = 0.67 T = 18.56
 --> Site =  126 .. Mmps =  550 Ndav =  11 E =   -123.2937821938 Error = 2.83e-32 FLOPS = 1.83e+10 Tdav = 0.82 T = 18.44
 --> Site =  127 .. Mmps =  550 Ndav =  12 E =   -123.2937861224 Error = 2.46e-32 FLOPS = 1.85e+10 Tdav = 0.86 T = 17.68
 --> Site =  128 .. Mmps =  550 Ndav =  13 E =   -123.2938005660 Error = 1.69e-31 FLOPS = 1.84e+10 Tdav = 0.92 T = 17.04
 --> Site =  129 .. Mmps =  550 Ndav =  20 E =   -123.2938286732 Error = 2.67e-31 FLOPS = 1.78e+10 Tdav = 1.43 T = 16.82
 --> Site =  130 .. Mmps =  550 Ndav =  20 E =   -123.2938734139 Error = 2.35e-31 FLOPS = 1.78e+10 Tdav = 1.39 T = 16.10
 --> Site =  131 .. Mmps =  550 Ndav =  16 E =   -123.2938981187 Error = 8.27e-32 FLOPS = 1.81e+10 Tdav = 1.07 T = 15.16
 --> Site =  132 .. Mmps =  550 Ndav =  13 E =   -123.2939068787 Error = 8.65e-32 FLOPS = 1.83e+10 Tdav = 0.83 T = 14.26
 --> Site =  133 .. Mmps =  550 Ndav =  16 E =   -123.2939233387 Error = 2.03e-32 FLOPS = 1.80e+10 Tdav = 1.02 T = 13.80
 --> Site =  134 .. Mmps =  550 Ndav =  10 E =   -123.2939253865 Error = 4.01e-32 FLOPS = 1.85e+10 Tdav = 0.60 T = 12.84
 --> Site =  135 .. Mmps =  550 Ndav =  14 E =   -123.2939267612 Error = 2.15e-32 FLOPS = 1.82e+10 Tdav = 0.83 T = 12.42
 --> Site =  136 .. Mmps =  550 Ndav =  10 E =   -123.2939291771 Error = 1.62e-32 FLOPS = 1.84e+10 Tdav = 0.57 T = 11.57
 --> Site =  137 .. Mmps =  550 Ndav =  18 E =   -123.2939330085 Error = 1.43e-32 FLOPS = 1.77e+10 Tdav = 1.04 T = 11.48
 --> Site =  138 .. Mmps =  550 Ndav =   9 E =   -123.2939339218 Error = 2.33e-32 FLOPS = 1.85e+10 Tdav = 0.48 T = 10.44
 --> Site =  139 .. Mmps =  550 Ndav =  14 E =   -123.2939368476 Error = 1.48e-32 FLOPS = 1.79e+10 Tdav = 0.75 T = 10.14
 --> Site =  140 .. Mmps =  550 Ndav =  12 E =   -123.2939397476 Error = 4.06e-32 FLOPS = 1.82e+10 Tdav = 0.61 T = 9.46
 --> Site =  141 .. Mmps =  550 Ndav =  18 E =   -123.2939475395 Error = 3.89e-32 FLOPS = 1.74e+10 Tdav = 0.93 T = 9.32
 --> Site =  142 .. Mmps =  550 Ndav =  13 E =   -123.2939494873 Error = 1.46e-31 FLOPS = 1.80e+10 Tdav = 0.62 T = 8.49
 --> Site =  143 .. Mmps =  550 Ndav =  15 E =   -123.2939518546 Error = 1.54e-32 FLOPS = 1.78e+10 Tdav = 0.71 T = 8.07
 --> Site =  144 .. Mmps =  550 Ndav =  14 E =   -123.2939646564 Error = 2.15e-31 FLOPS = 1.79e+10 Tdav = 0.63 T = 7.58
 --> Site =  145 .. Mmps =  550 Ndav =  17 E =   -123.2939671600 Error = 7.49e-32 FLOPS = 1.74e+10 Tdav = 0.75 T = 7.19
 --> Site =  146 .. Mmps =  550 Ndav =  16 E =   -123.2939722521 Error = 5.19e-31 FLOPS = 1.75e+10 Tdav = 0.68 T = 6.67
 --> Site =  147 .. Mmps =  550 Ndav =  14 E =   -123.2939736394 Error = 8.48e-32 FLOPS = 1.74e+10 Tdav = 0.57 T = 6.22
 --> Site =  148 .. Mmps =  550 Ndav =  13 E =   -123.2939746325 Error = 9.03e-32 FLOPS = 1.77e+10 Tdav = 0.50 T = 5.73
 --> Site =  149 .. Mmps =  550 Ndav =  15 E =   -123.2939754711 Error = 2.47e-32 FLOPS = 1.74e+10 Tdav = 0.56 T = 5.47
 --> Site =  150 .. Mmps =  550 Ndav =  15 E =   -123.2939774812 Error = 7.63e-32 FLOPS = 1.73e+10 Tdav = 0.54 T = 5.03
 --> Site =  151 .. Mmps =  550 Ndav =  15 E =   -123.2939798710 Error = 7.38e-32 FLOPS = 1.73e+10 Tdav = 0.51 T = 4.68
 --> Site =  152 .. Mmps =  550 Ndav =  14 E =   -123.2939834080 Error = 1.82e-31 FLOPS = 1.70e+10 Tdav = 0.46 T = 4.31
 --> Site =  153 .. Mmps =  550 Ndav =  15 E =   -123.2939869658 Error = 9.89e-32 FLOPS = 1.70e+10 Tdav = 0.46 T = 4.05
 --> Site =  154 .. Mmps =  550 Ndav =  13 E =   -123.2939904851 Error = 1.27e-31 FLOPS = 1.72e+10 Tdav = 0.37 T = 3.55
 --> Site =  155 .. Mmps =  550 Ndav =  19 E =   -123.2940085297 Error = 2.03e-31 FLOPS = 1.59e+10 Tdav = 0.55 T = 3.45
 --> Site =  156 .. Mmps =  550 Ndav =  13 E =   -123.2940318039 Error = 1.12e-30 FLOPS = 1.70e+10 Tdav = 0.33 T = 2.94
 --> Site =  157 .. Mmps =  550 Ndav =  25 E =   -123.2941188084 Error = 2.22e-30 FLOPS = 1.41e+10 Tdav = 0.71 T = 3.07
 --> Site =  158 .. Mmps =  550 Ndav =  16 E =   -123.2941302756 Error = 2.65e-30 FLOPS = 1.60e+10 Tdav = 0.37 T = 2.49
 --> Site =  159 .. Mmps =  550 Ndav =  28 E =   -123.2941394633 Error = 8.18e-31 FLOPS = 1.27e+10 Tdav = 0.75 T = 2.69
 --> Site =  160 .. Mmps =  550 Ndav =  20 E =   -123.2941472768 Error = 7.80e-31 FLOPS = 1.46e+10 Tdav = 0.42 T = 2.14
 --> Site =  161 .. Mmps =  550 Ndav =  34 E =   -123.2941504161 Error = 1.57e-31 FLOPS = 9.92e+09 Tdav = 0.95 T = 2.49
 --> Site =  162 .. Mmps =  550 Ndav =  20 E =   -123.2941521907 Error = 3.40e-32 FLOPS = 1.39e+10 Tdav = 0.36 T = 1.70
 --> Site =  163 .. Mmps =  550 Ndav =  19 E =   -123.2941523154 Error = 1.89e-33 FLOPS = 1.37e+10 Tdav = 0.30 T = 1.55
 --> Site =  164 .. Mmps =  550 Ndav =   3 E =   -123.2941523156 Error = 6.60e-36 FLOPS = 1.71e+10 Tdav = 0.02 T = 1.08
 --> Site =  165 .. Mmps =  550 Ndav =   1 E =   -123.2941523156 Error = 1.26e-59 FLOPS = 8.34e+09 Tdav = 0.01 T = 0.88
 --> Site =  166 .. Mmps =  550 Ndav =   1 E =   -123.2941523156 Error = 1.31e-87 FLOPS = 4.73e+09 Tdav = 0.00 T = 0.76
 --> Site =  167 .. Mmps =  550 Ndav =   1 E =   -123.2941523156 Error = 2.35e-113 FLOPS = 2.54e+09 Tdav = 0.00 T = 0.64
 --> Site =  168 .. Mmps =  550 Ndav =   1 E =   -123.2941523156 Error = 0.00e+00 FLOPS = 2.23e+09 Tdav = 0.00 T = 0.50
Time elapsed =   2839.861 | E =    -123.2941523156 | DE = -9.74e-04 | DW = 2.64739e-30
Time sweep =     2577.918 | 2.13 TFLOP/SWP
 | Dmem = 136 MB (0%) | Imem = 232 B (79%) | Hmem = 536 MB | Wmem = 215 KB | Pmem = 215 KB
 | Tread = 62.217 | Twrite = 29.784 | Tfpread = 59.335 | Tfpwrite = 17.895 | Tmporead = 0.000 | Tasync = 0.000
 | data = 13.4 GB | cpsd = 9.69 GB
 | Trot = 165.400 | Tctr = 1.216 | Tint = 0.027 | Tmid = 0.000 | Tdctr = 61.141 | Tdiag = 0.508 | Tinfo = 1.809
 | Teff = 2193.820 | Tprt = 9.232 | Teig = 129.005 | Tblk = 2378.713 | Tmve = 199.195 | Tdm = 0.617 | Tsplt = 39.971 | Tsvd = 0.000 | Torth = 0.000

Sweep =    7 | Direction = backward | Bond dimension =  550 | Noise =  1.00e-05 | Dav threshold =  1.00e-10
 <-- Site =  168 .. Mmps =    2 Ndav =   1 E =   -123.2941523156 Error = 0.00e+00 FLOPS = 2.25e+09 Tdav = 0.00 T = 0.03
 <-- Site =  167 .. Mmps =    4 Ndav =   1 E =   -123.2941523156 Error = 0.00e+00 FLOPS = 3.07e+09 Tdav = 0.00 T = 0.12
 <-- Site =  166 .. Mmps =    8 Ndav =   1 E =   -123.2941523156 Error = 0.00e+00 FLOPS = 5.23e+09 Tdav = 0.00 T = 0.18
 <-- Site =  165 .. Mmps =   16 Ndav =   1 E =   -123.2941523156 Error = 0.00e+00 FLOPS = 8.99e+09 Tdav = 0.01 T = 0.26
 <-- Site =  164 .. Mmps =   32 Ndav =   1 E =   -123.2941523156 Error = 0.00e+00 FLOPS = 1.46e+10 Tdav = 0.01 T = 0.35
 <-- Site =  163 .. Mmps =   64 Ndav =   2 E =   -123.2941523156 Error = 0.00e+00 FLOPS = 1.99e+10 Tdav = 0.03 T = 0.48
 <-- Site =  162 .. Mmps =  128 Ndav =   7 E =   -123.2941523171 Error = 0.00e+00 FLOPS = 2.45e+10 Tdav = 0.19 T = 0.77
 <-- Site =  161 .. Mmps =  256 Ndav =  20 E =   -123.2941523530 Error = 0.00e+00 FLOPS = 1.77e+10 Tdav = 1.76 T = 2.51
 <-- Site =  160 .. Mmps =  509 Ndav =  17 E =   -123.2941524754 Error = 0.00e+00 FLOPS = 2.08e+10 Tdav = 3.12 T = 4.11
 <-- Site =  159 .. Mmps =  550 Ndav =  24 E =   -123.2941527798 Error = 4.11e-25 FLOPS = 1.72e+10 Tdav = 13.81 T = 15.44
 <-- Site =  158 .. Mmps =  550 Ndav =  18 E =   -123.2941533729 Error = 6.19e-23 FLOPS = 2.28e+10 Tdav = 9.45 T = 11.77
 <-- Site =  157 .. Mmps =  550 Ndav =  28 E =   -123.2941553631 Error = 6.80e-23 FLOPS = 1.67e+10 Tdav = 21.79 T = 24.43
 <-- Site =  156 .. Mmps =  550 Ndav =  27 E =   -123.2941840247 Error = 1.32e-20 FLOPS = 1.79e+10 Tdav = 21.06 T = 24.02
 <-- Site =  155 .. Mmps =  550 Ndav =  25 E =   -123.2942082811 Error = 6.35e-21 FLOPS = 1.97e+10 Tdav = 18.97 T = 22.17
 <-- Site =  154 .. Mmps =  550 Ndav =  27 E =   -123.2942532543 Error = 1.71e-20 FLOPS = 1.91e+10 Tdav = 22.55 T = 26.08
 <-- Site =  153 .. Mmps =  550 Ndav =  28 E =   -123.2943022864 Error = 6.75e-21 FLOPS = 1.91e+10 Tdav = 24.89 T = 28.76
 <-- Site =  152 .. Mmps =  550 Ndav =  28 E =   -123.2943595458 Error = 1.07e-20 FLOPS = 1.96e+10 Tdav = 25.67 T = 29.91
 <-- Site =  151 .. Mmps =  550 Ndav =  30 E =   -123.2944202547 Error = 3.38e-21 FLOPS = 1.90e+10 Tdav = 29.98 T = 34.64
 <-- Site =  150 .. Mmps =  550 Ndav =  28 E =   -123.2944932021 Error = 5.61e-21 FLOPS = 2.05e+10 Tdav = 27.22 T = 32.23
 <-- Site =  149 .. Mmps =  550 Ndav =  31 E =   -123.2945697106 Error = 2.11e-21 FLOPS = 1.93e+10 Tdav = 33.61 T = 39.01
 <-- Site =  148 .. Mmps =  550 Ndav =  30 E =   -123.2946199325 Error = 4.23e-21 FLOPS = 2.03e+10 Tdav = 32.47 T = 38.31
 <-- Site =  147 .. Mmps =  550 Ndav =  29 E =   -123.2946786803 Error = 7.33e-22 FLOPS = 2.12e+10 Tdav = 31.44 T = 37.71
 <-- Site =  146 .. Mmps =  550 Ndav =  30 E =   -123.2947191585 Error = 2.57e-21 FLOPS = 2.11e+10 Tdav = 34.13 T = 40.85
 <-- Site =  145 .. Mmps =  550 Ndav =  28 E =   -123.2947433621 Error = 8.60e-22 FLOPS = 2.24e+10 Tdav = 31.13 T = 38.30
 <-- Site =  144 .. Mmps =  550 Ndav =  26 E =   -123.2947694452 Error = 2.55e-21 FLOPS = 2.38e+10 Tdav = 28.31 T = 35.98
 <-- Site =  143 .. Mmps =  550 Ndav =  29 E =   -123.2948035458 Error = 4.08e-21 FLOPS = 2.26e+10 Tdav = 34.63 T = 42.78
 <-- Site =  142 .. Mmps =  550 Ndav =  21 E =   -123.2948128263 Error = 6.55e-21 FLOPS = 2.70e+10 Tdav = 21.70 T = 30.29
 <-- Site =  141 .. Mmps =  550 Ndav =  24 E =   -123.2948456086 Error = 2.80e-21 FLOPS = 2.57e+10 Tdav = 27.01 T = 36.15
 <-- Site =  140 .. Mmps =  550 Ndav =  21 E =   -123.2948678865 Error = 3.65e-21 FLOPS = 2.75e+10 Tdav = 22.88 T = 32.65
 <-- Site =  139 .. Mmps =  550 Ndav =  24 E =   -123.2949327813 Error = 2.04e-21 FLOPS = 2.62e+10 Tdav = 28.34 T = 38.62
 <-- Site =  138 .. Mmps =  550 Ndav =  20 E =   -123.2949503346 Error = 1.10e-21 FLOPS = 2.84e+10 Tdav = 22.47 T = 33.29
 <-- Site =  137 .. Mmps =  550 Ndav =  25 E =   -123.2950198680 Error = 1.57e-21 FLOPS = 2.61e+10 Tdav = 31.52 T = 42.89
 <-- Site =  136 .. Mmps =  550 Ndav =  21 E =   -123.2950517927 Error = 1.04e-21 FLOPS = 2.83e+10 Tdav = 25.19 T = 37.23
 <-- Site =  135 .. Mmps =  550 Ndav =  21 E =   -123.2951078122 Error = 6.84e-22 FLOPS = 2.85e+10 Tdav = 25.75 T = 38.42
 <-- Site =  134 .. Mmps =  550 Ndav =  23 E =   -123.2951761534 Error = 9.04e-22 FLOPS = 2.77e+10 Tdav = 29.83 T = 43.20
 <-- Site =  133 .. Mmps =  550 Ndav =  25 E =   -123.2952228001 Error = 1.02e-21 FLOPS = 2.69e+10 Tdav = 34.35 T = 48.29
 <-- Site =  132 .. Mmps =  550 Ndav =  20 E =   -123.2952393994 Error = 2.08e-21 FLOPS = 2.94e+10 Tdav = 25.78 T = 40.49
 <-- Site =  131 .. Mmps =  550 Ndav =  27 E =   -123.2953056158 Error = 1.76e-21 FLOPS = 2.64e+10 Tdav = 39.79 T = 55.16
 <-- Site =  130 .. Mmps =  550 Ndav =  22 E =   -123.2953307791 Error = 6.55e-21 FLOPS = 2.88e+10 Tdav = 30.46 T = 46.58
 <-- Site =  129 .. Mmps =  550 Ndav =  25 E =   -123.2953439812 Error = 2.90e-21 FLOPS = 2.76e+10 Tdav = 37.03 T = 53.88
 <-- Site =  128 .. Mmps =  550 Ndav =  24 E =   -123.2953677276 Error = 2.86e-21 FLOPS = 2.83e+10 Tdav = 35.61 T = 53.17
 <-- Site =  127 .. Mmps =  550 Ndav =  23 E =   -123.2953969657 Error = 1.19e-21 FLOPS = 2.88e+10 Tdav = 34.32 T = 52.62
 <-- Site =  126 .. Mmps =  550 Ndav =  20 E =   -123.2954116514 Error = 4.04e-22 FLOPS = 3.01e+10 Tdav = 29.18 T = 48.17
 <-- Site =  125 .. Mmps =  550 Ndav =  23 E =   -123.2954512401 Error = 2.22e-21 FLOPS = 2.91e+10 Tdav = 35.53 T = 55.13
 <-- Site =  124 .. Mmps =  550 Ndav =  22 E =   -123.2954782233 Error = 2.27e-22 FLOPS = 2.94e+10 Tdav = 33.57 T = 53.44
 <-- Site =  123 .. Mmps =  550 Ndav =  22 E =   -123.2955133375 Error = 8.49e-22 FLOPS = 2.96e+10 Tdav = 34.18 T = 54.52
 <-- Site =  122 .. Mmps =  550 Ndav =  19 E =   -123.2955286968 Error = 1.52e-22 FLOPS = 3.08e+10 Tdav = 28.35 T = 49.12
 <-- Site =  121 .. Mmps =  550 Ndav =  22 E =   -123.2955647232 Error = 6.64e-22 FLOPS = 2.96e+10 Tdav = 34.84 T = 55.96
 <-- Site =  120 .. Mmps =  550 Ndav =  18 E =   -123.2955994888 Error = 1.28e-22 FLOPS = 3.11e+10 Tdav = 27.12 T = 48.64
 <-- Site =  119 .. Mmps =  550 Ndav =  23 E =   -123.2956495400 Error = 5.74e-22 FLOPS = 2.93e+10 Tdav = 37.57 T = 59.90
 <-- Site =  118 .. Mmps =  550 Ndav =  19 E =   -123.2956673392 Error = 5.09e-22 FLOPS = 3.09e+10 Tdav = 30.12 T = 52.98
 <-- Site =  117 .. Mmps =  550 Ndav =  20 E =   -123.2957132959 Error = 8.69e-22 FLOPS = 3.05e+10 Tdav = 32.12 T = 55.37
 <-- Site =  116 .. Mmps =  550 Ndav =  20 E =   -123.2957301574 Error = 9.94e-22 FLOPS = 3.10e+10 Tdav = 32.22 T = 56.40
 <-- Site =  115 .. Mmps =  550 Ndav =  17 E =   -123.2957354309 Error = 1.42e-21 FLOPS = 3.15e+10 Tdav = 27.51 T = 52.07
 <-- Site =  114 .. Mmps =  550 Ndav =  20 E =   -123.2957562052 Error = 1.10e-21 FLOPS = 3.04e+10 Tdav = 33.55 T = 58.69
 <-- Site =  113 .. Mmps =  550 Ndav =  19 E =   -123.2957719393 Error = 1.26e-21 FLOPS = 3.08e+10 Tdav = 32.02 T = 58.02
 <-- Site =  112 .. Mmps =  550 Ndav =  21 E =   -123.2957926612 Error = 7.66e-22 FLOPS = 3.02e+10 Tdav = 36.84 T = 63.05
 <-- Site =  111 .. Mmps =  550 Ndav =  20 E =   -123.2958046549 Error = 5.26e-22 FLOPS = 3.04e+10 Tdav = 34.10 T = 59.88
 <-- Site =  110 .. Mmps =  550 Ndav =  21 E =   -123.2958411776 Error = 3.31e-22 FLOPS = 3.01e+10 Tdav = 36.26 T = 62.31
 <-- Site =  109 .. Mmps =  550 Ndav =  21 E =   -123.2958748221 Error = 2.73e-22 FLOPS = 3.02e+10 Tdav = 36.78 T = 63.82
 <-- Site =  108 .. Mmps =  550 Ndav =  24 E =   -123.2959131779 Error = 3.35e-22 FLOPS = 2.92e+10 Tdav = 44.28 T = 71.32
 <-- Site =  107 .. Mmps =  550 Ndav =  18 E =   -123.2959199291 Error = 1.02e-21 FLOPS = 3.14e+10 Tdav = 30.29 T = 57.23
 <-- Site =  106 .. Mmps =  550 Ndav =  24 E =   -123.2959459146 Error = 4.67e-22 FLOPS = 2.92e+10 Tdav = 44.35 T = 71.75
 <-- Site =  105 .. Mmps =  550 Ndav =  23 E =   -123.2959635995 Error = 1.92e-21 FLOPS = 2.96e+10 Tdav = 41.87 T = 69.43
 <-- Site =  104 .. Mmps =  550 Ndav =  21 E =   -123.2959661173 Error = 1.92e-21 FLOPS = 3.03e+10 Tdav = 37.39 T = 65.31
 <-- Site =  103 .. Mmps =  550 Ndav =  17 E =   -123.2959691594 Error = 1.16e-21 FLOPS = 3.17e+10 Tdav = 29.44 T = 57.93
 <-- Site =  102 .. Mmps =  550 Ndav =  20 E =   -123.2959964691 Error = 6.18e-22 FLOPS = 3.08e+10 Tdav = 35.67 T = 64.13
 <-- Site =  101 .. Mmps =  550 Ndav =  20 E =   -123.2960152112 Error = 1.81e-22 FLOPS = 3.08e+10 Tdav = 35.62 T = 64.48
 <-- Site =  100 .. Mmps =  550 Ndav =  19 E =   -123.2960321514 Error = 2.00e-22 FLOPS = 3.13e+10 Tdav = 33.93 T = 63.80
 <-- Site =   99 .. Mmps =  550 Ndav =  18 E =   -123.2960439959 Error = 3.32e-23 FLOPS = 3.17e+10 Tdav = 32.31 T = 62.13
 <-- Site =   98 .. Mmps =  550 Ndav =  19 E =   -123.2960592031 Error = 1.44e-22 FLOPS = 3.13e+10 Tdav = 33.92 T = 63.39
 <-- Site =   97 .. Mmps =  550 Ndav =  21 E =   -123.2960983200 Error = 4.96e-23 FLOPS = 3.07e+10 Tdav = 38.26 T = 67.58
 <-- Site =   96 .. Mmps =  550 Ndav =  19 E =   -123.2961193025 Error = 1.16e-22 FLOPS = 3.13e+10 Tdav = 33.98 T = 63.80
 <-- Site =   95 .. Mmps =  550 Ndav =  17 E =   -123.2961375812 Error = 5.84e-23 FLOPS = 3.21e+10 Tdav = 30.17 T = 60.37
 <-- Site =   94 .. Mmps =  550 Ndav =  19 E =   -123.2961646462 Error = 2.49e-22 FLOPS = 3.15e+10 Tdav = 34.37 T = 64.79
 <-- Site =   93 .. Mmps =  550 Ndav =  18 E =   -123.2961777090 Error = 2.01e-22 FLOPS = 3.18e+10 Tdav = 32.23 T = 62.07
 <-- Site =   92 .. Mmps =  550 Ndav =  23 E =   -123.2962095557 Error = 6.49e-22 FLOPS = 3.00e+10 Tdav = 42.80 T = 72.60
 <-- Site =   91 .. Mmps =  550 Ndav =  24 E =   -123.2962308286 Error = 2.17e-21 FLOPS = 2.96e+10 Tdav = 46.06 T = 76.28
 <-- Site =   90 .. Mmps =  550 Ndav =  15 E =   -123.2962355528 Error = 2.14e-21 FLOPS = 3.28e+10 Tdav = 25.99 T = 56.23
 <-- Site =   89 .. Mmps =  550 Ndav =  19 E =   -123.2962478582 Error = 1.44e-21 FLOPS = 3.16e+10 Tdav = 34.25 T = 64.21
 <-- Site =   88 .. Mmps =  550 Ndav =  16 E =   -123.2962545727 Error = 1.27e-21 FLOPS = 3.24e+10 Tdav = 27.61 T = 57.37
 <-- Site =   87 .. Mmps =  550 Ndav =  20 E =   -123.2962910101 Error = 9.52e-22 FLOPS = 3.10e+10 Tdav = 36.66 T = 67.23
 <-- Site =   86 .. Mmps =  550 Ndav =  18 E =   -123.2963079742 Error = 1.37e-21 FLOPS = 3.18e+10 Tdav = 32.74 T = 63.87
 <-- Site =   85 .. Mmps =  550 Ndav =  21 E =   -123.2963552780 Error = 4.16e-22 FLOPS = 3.10e+10 Tdav = 39.24 T = 70.02
 <-- Site =   84 .. Mmps =  550 Ndav =  17 E =   -123.2963696449 Error = 4.53e-22 FLOPS = 3.23e+10 Tdav = 29.96 T = 60.27
 <-- Site =   83 .. Mmps =  550 Ndav =  21 E =   -123.2964258283 Error = 2.17e-22 FLOPS = 3.08e+10 Tdav = 38.74 T = 69.50
 <-- Site =   82 .. Mmps =  550 Ndav =  16 E =   -123.2964327218 Error = 5.26e-22 FLOPS = 3.25e+10 Tdav = 28.54 T = 59.79
 <-- Site =   81 .. Mmps =  550 Ndav =  24 E =   -123.2964855891 Error = 4.42e-22 FLOPS = 2.99e+10 Tdav = 46.50 T = 77.21
 <-- Site =   80 .. Mmps =  550 Ndav =  19 E =   -123.2964998446 Error = 8.86e-22 FLOPS = 3.16e+10 Tdav = 34.18 T = 64.07
 <-- Site =   79 .. Mmps =  550 Ndav =  24 E =   -123.2965575241 Error = 9.75e-22 FLOPS = 2.98e+10 Tdav = 45.07 T = 74.95
 <-- Site =   78 .. Mmps =  550 Ndav =  18 E =   -123.2965674331 Error = 1.86e-21 FLOPS = 3.19e+10 Tdav = 32.06 T = 62.40
 <-- Site =   77 .. Mmps =  550 Ndav =  21 E =   -123.2965708414 Error = 1.50e-21 FLOPS = 3.10e+10 Tdav = 38.59 T = 68.96
 <-- Site =   76 .. Mmps =  550 Ndav =  18 E =   -123.2965793572 Error = 4.77e-22 FLOPS = 3.20e+10 Tdav = 32.03 T = 62.45
 <-- Site =   75 .. Mmps =  550 Ndav =  19 E =   -123.2965927502 Error = 2.22e-22 FLOPS = 3.16e+10 Tdav = 34.17 T = 64.58
 <-- Site =   74 .. Mmps =  550 Ndav =  20 E =   -123.2966178346 Error = 3.12e-23 FLOPS = 3.13e+10 Tdav = 36.38 T = 66.71
 <-- Site =   73 .. Mmps =  550 Ndav =  19 E =   -123.2966277463 Error = 2.38e-22 FLOPS = 3.16e+10 Tdav = 34.21 T = 64.51
 <-- Site =   72 .. Mmps =  550 Ndav =  20 E =   -123.2966415539 Error = 5.02e-23 FLOPS = 3.13e+10 Tdav = 36.35 T = 66.18
 <-- Site =   71 .. Mmps =  550 Ndav =  21 E =   -123.2966774347 Error = 2.40e-22 FLOPS = 3.09e+10 Tdav = 37.99 T = 67.43
 <-- Site =   70 .. Mmps =  550 Ndav =  19 E =   -123.2966945278 Error = 6.56e-23 FLOPS = 3.15e+10 Tdav = 33.69 T = 63.52
 <-- Site =   69 .. Mmps =  550 Ndav =  21 E =   -123.2967334686 Error = 1.22e-22 FLOPS = 3.09e+10 Tdav = 38.73 T = 68.94
 <-- Site =   68 .. Mmps =  550 Ndav =  19 E =   -123.2967476202 Error = 1.01e-22 FLOPS = 3.13e+10 Tdav = 34.56 T = 64.39
 <-- Site =   67 .. Mmps =  550 Ndav =  24 E =   -123.2967894680 Error = 4.50e-22 FLOPS = 2.98e+10 Tdav = 44.99 T = 73.97
 <-- Site =   66 .. Mmps =  550 Ndav =  19 E =   -123.2967975219 Error = 4.16e-22 FLOPS = 3.15e+10 Tdav = 33.08 T = 62.01
 <-- Site =   65 .. Mmps =  550 Ndav =  21 E =   -123.2968523548 Error = 7.80e-22 FLOPS = 3.09e+10 Tdav = 38.01 T = 66.84
 <-- Site =   64 .. Mmps =  550 Ndav =  18 E =   -123.2968593886 Error = 7.23e-22 FLOPS = 3.18e+10 Tdav = 31.12 T = 59.52
 <-- Site =   63 .. Mmps =  550 Ndav =  16 E =   -123.2968651454 Error = 1.27e-21 FLOPS = 3.22e+10 Tdav = 27.30 T = 55.66
 <-- Site =   62 .. Mmps =  550 Ndav =  20 E =   -123.2968823167 Error = 1.02e-21 FLOPS = 3.10e+10 Tdav = 35.44 T = 63.17
 <-- Site =   61 .. Mmps =  550 Ndav =  16 E =   -123.2968905856 Error = 8.04e-22 FLOPS = 3.24e+10 Tdav = 26.64 T = 54.02
 <-- Site =   60 .. Mmps =  550 Ndav =  20 E =   -123.2969148902 Error = 3.86e-22 FLOPS = 3.11e+10 Tdav = 34.65 T = 62.08
 <-- Site =   59 .. Mmps =  550 Ndav =  18 E =   -123.2969227210 Error = 4.73e-22 FLOPS = 3.18e+10 Tdav = 30.47 T = 57.52
 <-- Site =   58 .. Mmps =  550 Ndav =  20 E =   -123.2969478827 Error = 2.22e-22 FLOPS = 3.09e+10 Tdav = 34.23 T = 60.71
 <-- Site =   57 .. Mmps =  550 Ndav =  20 E =   -123.2969658978 Error = 6.02e-22 FLOPS = 3.09e+10 Tdav = 34.30 T = 60.64
 <-- Site =   56 .. Mmps =  550 Ndav =  23 E =   -123.2970159609 Error = 1.37e-22 FLOPS = 2.97e+10 Tdav = 40.93 T = 67.27
 <-- Site =   55 .. Mmps =  550 Ndav =  17 E =   -123.2970223610 Error = 1.71e-21 FLOPS = 3.19e+10 Tdav = 28.20 T = 54.13
 <-- Site =   54 .. Mmps =  550 Ndav =  24 E =   -123.2970496987 Error = 7.50e-22 FLOPS = 2.94e+10 Tdav = 42.43 T = 68.02
 <-- Site =   53 .. Mmps =  550 Ndav =  20 E =   -123.2970645077 Error = 3.05e-21 FLOPS = 3.09e+10 Tdav = 33.62 T = 58.73
 <-- Site =   52 .. Mmps =  550 Ndav =  20 E =   -123.2970677212 Error = 3.55e-21 FLOPS = 3.09e+10 Tdav = 32.94 T = 57.23
 <-- Site =   51 .. Mmps =  550 Ndav =  19 E =   -123.2970725699 Error = 2.33e-21 FLOPS = 3.10e+10 Tdav = 30.58 T = 54.06
 <-- Site =   50 .. Mmps =  550 Ndav =  22 E =   -123.2970840343 Error = 1.21e-21 FLOPS = 2.98e+10 Tdav = 36.15 T = 58.96
 <-- Site =   49 .. Mmps =  550 Ndav =  20 E =   -123.2970998272 Error = 4.20e-22 FLOPS = 3.05e+10 Tdav = 32.11 T = 54.55
 <-- Site =   48 .. Mmps =  550 Ndav =  20 E =   -123.2971097996 Error = 1.01e-21 FLOPS = 3.07e+10 Tdav = 31.26 T = 53.40
 <-- Site =   47 .. Mmps =  550 Ndav =  18 E =   -123.2971231026 Error = 3.86e-23 FLOPS = 3.10e+10 Tdav = 27.38 T = 48.71
 <-- Site =   46 .. Mmps =  550 Ndav =  21 E =   -123.2971401315 Error = 5.91e-23 FLOPS = 2.99e+10 Tdav = 31.19 T = 50.93
 <-- Site =   45 .. Mmps =  550 Ndav =  18 E =   -123.2971589301 Error = 1.12e-24 FLOPS = 3.09e+10 Tdav = 24.26 T = 42.87
 <-- Site =   44 .. Mmps =  550 Ndav =  18 E =   -123.2971717066 Error = 3.86e-23 FLOPS = 3.06e+10 Tdav = 23.47 T = 40.94
 <-- Site =   43 .. Mmps =  550 Ndav =  23 E =   -123.2972103801 Error = 9.22e-25 FLOPS = 2.84e+10 Tdav = 30.19 T = 46.61
 <-- Site =   42 .. Mmps =  550 Ndav =  23 E =   -123.2972566379 Error = 1.49e-23 FLOPS = 2.86e+10 Tdav = 28.76 T = 44.23
 <-- Site =   41 .. Mmps =  550 Ndav =  19 E =   -123.2972720696 Error = 1.14e-23 FLOPS = 2.98e+10 Tdav = 21.39 T = 35.77
 <-- Site =   40 .. Mmps =  550 Ndav =  21 E =   -123.2973273757 Error = 1.10e-23 FLOPS = 2.91e+10 Tdav = 22.62 T = 35.80
 <-- Site =   39 .. Mmps =  550 Ndav =  25 E =   -123.2973747670 Error = 5.91e-23 FLOPS = 2.65e+10 Tdav = 27.50 T = 39.65
 <-- Site =   38 .. Mmps =  550 Ndav =  20 E =   -123.2973848620 Error = 1.90e-24 FLOPS = 2.89e+10 Tdav = 18.86 T = 30.07
 <-- Site =   37 .. Mmps =  550 Ndav =  21 E =   -123.2974086663 Error = 3.99e-24 FLOPS = 2.79e+10 Tdav = 19.11 T = 29.46
 <-- Site =   36 .. Mmps =  550 Ndav =  20 E =   -123.2974411805 Error = 2.42e-25 FLOPS = 2.80e+10 Tdav = 16.75 T = 26.21
 <-- Site =   35 .. Mmps =  550 Ndav =  21 E =   -123.2975115471 Error = 5.79e-24 FLOPS = 2.75e+10 Tdav = 16.65 T = 25.34
 <-- Site =   34 .. Mmps =  550 Ndav =  22 E =   -123.2975681305 Error = 6.50e-25 FLOPS = 2.68e+10 Tdav = 16.54 T = 24.54
 <-- Site =   33 .. Mmps =  550 Ndav =  22 E =   -123.2976211274 Error = 1.25e-24 FLOPS = 2.64e+10 Tdav = 15.55 T = 22.94
 <-- Site =   32 .. Mmps =  550 Ndav =  16 E =   -123.2976303881 Error = 6.75e-26 FLOPS = 2.96e+10 Tdav = 9.23 T = 16.05
 <-- Site =   31 .. Mmps =  550 Ndav =  24 E =   -123.2976714672 Error = 7.51e-25 FLOPS = 2.49e+10 Tdav = 15.17 T = 21.40
 <-- Site =   30 .. Mmps =  550 Ndav =  18 E =   -123.2976897441 Error = 5.75e-26 FLOPS = 2.77e+10 Tdav = 9.37 T = 15.07
 <-- Site =   29 .. Mmps =  550 Ndav =  23 E =   -123.2977553919 Error = 1.14e-24 FLOPS = 2.46e+10 Tdav = 12.42 T = 17.67
 <-- Site =   28 .. Mmps =  550 Ndav =  21 E =   -123.2977754036 Error = 1.75e-25 FLOPS = 2.57e+10 Tdav = 10.00 T = 14.87
 <-- Site =   27 .. Mmps =  550 Ndav =  25 E =   -123.2979155578 Error = 4.18e-25 FLOPS = 2.29e+10 Tdav = 12.03 T = 16.43
 <-- Site =   26 .. Mmps =  550 Ndav =  21 E =   -123.2979290463 Error = 2.00e-24 FLOPS = 2.47e+10 Tdav = 8.37 T = 12.42
 <-- Site =   25 .. Mmps =  550 Ndav =  21 E =   -123.2979450819 Error = 7.87e-26 FLOPS = 2.43e+10 Tdav = 7.65 T = 11.37
 <-- Site =   24 .. Mmps =  550 Ndav =  20 E =   -123.2979614076 Error = 8.50e-26 FLOPS = 2.44e+10 Tdav = 6.46 T = 9.83
 <-- Site =   23 .. Mmps =  550 Ndav =  27 E =   -123.2979897841 Error = 1.01e-25 FLOPS = 1.99e+10 Tdav = 9.79 T = 12.94
 <-- Site =   22 .. Mmps =  550 Ndav =  22 E =   -123.2980051519 Error = 1.06e-25 FLOPS = 2.25e+10 Tdav = 6.25 T = 9.12
 <-- Site =   21 .. Mmps =  550 Ndav =  24 E =   -123.2980243227 Error = 1.35e-26 FLOPS = 2.06e+10 Tdav = 6.56 T = 9.22
 <-- Site =   20 .. Mmps =  550 Ndav =  21 E =   -123.2980741462 Error = 2.32e-26 FLOPS = 2.17e+10 Tdav = 4.82 T = 7.26
 <-- Site =   19 .. Mmps =  550 Ndav =  25 E =   -123.2980989698 Error = 2.54e-27 FLOPS = 1.86e+10 Tdav = 5.92 T = 8.23
 <-- Site =   18 .. Mmps =  550 Ndav =  20 E =   -123.2981351148 Error = 1.85e-26 FLOPS = 2.16e+10 Tdav = 3.56 T = 5.75
 <-- Site =   17 .. Mmps =  550 Ndav =  26 E =   -123.2981644194 Error = 9.75e-28 FLOPS = 1.70e+10 Tdav = 5.14 T = 7.10
 <-- Site =   16 .. Mmps =  550 Ndav =  19 E =   -123.2981864142 Error = 1.54e-26 FLOPS = 2.11e+10 Tdav = 2.58 T = 4.39
 <-- Site =   15 .. Mmps =  550 Ndav =  23 E =   -123.2982222999 Error = 1.92e-27 FLOPS = 1.77e+10 Tdav = 3.17 T = 4.83
 <-- Site =   14 .. Mmps =  550 Ndav =  19 E =   -123.2982728698 Error = 6.82e-27 FLOPS = 1.96e+10 Tdav = 1.97 T = 3.52
 <-- Site =   13 .. Mmps =  550 Ndav =  24 E =   -123.2983732300 Error = 4.33e-27 FLOPS = 1.55e+10 Tdav = 2.62 T = 4.09
 <-- Site =   12 .. Mmps =  550 Ndav =  20 E =   -123.2984516589 Error = 3.40e-27 FLOPS = 1.73e+10 Tdav = 1.65 T = 3.02
 <-- Site =   11 .. Mmps =  550 Ndav =  27 E =   -123.2985397740 Error = 2.71e-27 FLOPS = 1.23e+10 Tdav = 2.51 T = 3.79
 <-- Site =   10 .. Mmps =  550 Ndav =  20 E =   -123.2986125253 Error = 1.21e-27 FLOPS = 1.58e+10 Tdav = 1.17 T = 2.37
 <-- Site =    9 .. Mmps =  550 Ndav =  30 E =   -123.2986826334 Error = 5.36e-28 FLOPS = 1.03e+10 Tdav = 2.05 T = 3.16
 <-- Site =    8 .. Mmps =  550 Ndav =  24 E =   -123.2987287878 Error = 1.43e-28 FLOPS = 1.34e+10 Tdav = 0.94 T = 1.97
 <-- Site =    7 .. Mmps =  550 Ndav =  29 E =   -123.2987773586 Error = 3.65e-29 FLOPS = 1.09e+10 Tdav = 1.02 T = 1.99
 <-- Site =    6 .. Mmps =  550 Ndav =  23 E =   -123.2988104734 Error = 7.20e-30 FLOPS = 1.29e+10 Tdav = 0.46 T = 1.38
 <-- Site =    5 .. Mmps =  550 Ndav =  19 E =   -123.2988178156 Error = 1.15e-31 FLOPS = 1.38e+10 Tdav = 0.21 T = 1.04
 <-- Site =    4 .. Mmps =  550 Ndav =   5 E =   -123.2988178181 Error = 3.43e-35 FLOPS = 1.77e+10 Tdav = 0.02 T = 0.82
 <-- Site =    3 .. Mmps =  550 Ndav =   1 E =   -123.2988178181 Error = 3.05e-56 FLOPS = 8.83e+09 Tdav = 0.00 T = 0.75
 <-- Site =    2 .. Mmps =  550 Ndav =   1 E =   -123.2988178181 Error = 2.71e-65 FLOPS = 5.82e+09 Tdav = 0.00 T = 0.69
 <-- Site =    1 .. Mmps =  549 Ndav =   1 E =   -123.2988178181 Error = 0.00e+00 FLOPS = 3.45e+09 Tdav = 0.00 T = 0.60
 <-- Site =    0 .. Mmps =  549 Ndav =   1 E =   -123.2988178181 Error = 0.00e+00 FLOPS = 2.33e+09 Tdav = 0.00 T = 0.54
Time elapsed =   9724.896 | E =    -123.2988178181 | DE = -4.67e-03 | DW = 1.71489e-20
Time sweep =     6885.035 | 109 TFLOP/SWP
 | Dmem = 141 MB (3%) | Imem = 232 B (79%) | Hmem = 672 MB | Wmem = 4.62 MB | Pmem = 4.62 MB
 | Tread = 75.576 | Twrite = 32.058 | Tfpread = 74.508 | Tfpwrite = 19.364 | Tmporead = 0.000 | Tasync = 0.000
 | data = 14.8 GB | cpsd = 9.82 GB
 | Trot = 187.651 | Tctr = 175.924 | Tint = 0.024 | Tmid = 0.000 | Tdctr = 0.012 | Tdiag = 1.524 | Tinfo = 2.199
 | Teff = 2161.144 | Tprt = 57.161 | Teig = 4147.049 | Tblk = 6426.299 | Tmve = 458.719 | Tdm = 3.122 | Tsplt = 44.150 | Tsvd = 0.000 | Torth = 0.000

Sweep =    8 | Direction =  forward | Bond dimension =  550 | Noise =  0.00e+00 | Dav threshold =  1.00e-08
 --> Site =    0 .. Mmps =    2 Ndav =   1 E =   -123.2988178181 Error = 0.00e+00 FLOPS = 2.66e+09 Tdav = 0.00 T = 0.02
 --> Site =    1 .. Mmps =    4 Ndav =   1 E =   -123.2988178181 Error = 0.00e+00 FLOPS = 3.75e+09 Tdav = 0.00 T = 0.04
 --> Site =    2 .. Mmps =    8 Ndav =   1 E =   -123.2988178181 Error = 0.00e+00 FLOPS = 5.87e+09 Tdav = 0.00 T = 0.05
 --> Site =    3 .. Mmps =   16 Ndav =   1 E =   -123.2988178181 Error = 0.00e+00 FLOPS = 8.96e+09 Tdav = 0.00 T = 0.06
 --> Site =    4 .. Mmps =   32 Ndav =   1 E =   -123.2988178181 Error = 0.00e+00 FLOPS = 1.21e+10 Tdav = 0.01 T = 0.07
 --> Site =    5 .. Mmps =   64 Ndav =   1 E =   -123.2988178181 Error = 0.00e+00 FLOPS = 1.53e+10 Tdav = 0.01 T = 0.08
 --> Site =    6 .. Mmps =  128 Ndav =   4 E =   -123.2988178313 Error = 0.00e+00 FLOPS = 2.43e+10 Tdav = 0.07 T = 0.16
 --> Site =    7 .. Mmps =  256 Ndav =   6 E =   -123.2988179009 Error = 0.00e+00 FLOPS = 2.54e+10 Tdav = 0.27 T = 0.41
 --> Site =    8 .. Mmps =  512 Ndav =   9 E =   -123.2988182789 Error = 0.00e+00 FLOPS = 2.67e+10 Tdav = 1.11 T = 1.49
 --> Site =    9 .. Mmps =  550 Ndav =  10 E =   -123.2988186438 Error = 3.56e-25 FLOPS = 2.85e+10 Tdav = 3.73 T = 5.22
 --> Site =   10 .. Mmps =  550 Ndav =  11 E =   -123.2988197844 Error = 2.03e-23 FLOPS = 2.86e+10 Tdav = 5.00 T = 7.19
 --> Site =   11 .. Mmps =  550 Ndav =  14 E =   -123.2988210884 Error = 4.40e-22 FLOPS = 2.67e+10 Tdav = 7.33 T = 9.79
 --> Site =   12 .. Mmps =  550 Ndav =  13 E =   -123.2988261952 Error = 1.01e-21 FLOPS = 2.77e+10 Tdav = 7.02 T = 9.73
 --> Site =   13 .. Mmps =  550 Ndav =  17 E =   -123.2988312080 Error = 1.63e-20 FLOPS = 2.53e+10 Tdav = 10.73 T = 13.73
 --> Site =   14 .. Mmps =  550 Ndav =  16 E =   -123.2988400826 Error = 9.70e-21 FLOPS = 2.63e+10 Tdav = 10.31 T = 13.58
 --> Site =   15 .. Mmps =  550 Ndav =  19 E =   -123.2988523168 Error = 6.41e-20 FLOPS = 2.51e+10 Tdav = 13.58 T = 17.18
 --> Site =   16 .. Mmps =  550 Ndav =  14 E =   -123.2988631668 Error = 1.81e-20 FLOPS = 2.87e+10 Tdav = 9.25 T = 13.11
 --> Site =   17 .. Mmps =  550 Ndav =  20 E =   -123.2988805715 Error = 5.93e-20 FLOPS = 2.51e+10 Tdav = 15.93 T = 20.17
 --> Site =   18 .. Mmps =  550 Ndav =  15 E =   -123.2988910698 Error = 2.15e-20 FLOPS = 2.84e+10 Tdav = 11.08 T = 15.70
 --> Site =   19 .. Mmps =  550 Ndav =  20 E =   -123.2989069899 Error = 9.13e-20 FLOPS = 2.58e+10 Tdav = 17.04 T = 22.01
 --> Site =   20 .. Mmps =  550 Ndav =  14 E =   -123.2989138507 Error = 2.56e-20 FLOPS = 2.97e+10 Tdav = 10.81 T = 16.14
 --> Site =   21 .. Mmps =  550 Ndav =  20 E =   -123.2989273974 Error = 4.63e-20 FLOPS = 2.64e+10 Tdav = 18.16 T = 23.91
 --> Site =   22 .. Mmps =  550 Ndav =  15 E =   -123.2989319727 Error = 1.92e-20 FLOPS = 2.93e+10 Tdav = 12.78 T = 18.92
 --> Site =   23 .. Mmps =  550 Ndav =  18 E =   -123.2989383616 Error = 2.52e-20 FLOPS = 2.82e+10 Tdav = 16.55 T = 23.11
 --> Site =   24 .. Mmps =  550 Ndav =  12 E =   -123.2989400261 Error = 8.03e-21 FLOPS = 3.12e+10 Tdav = 10.36 T = 17.40
 --> Site =   25 .. Mmps =  550 Ndav =  16 E =   -123.2989419260 Error = 9.61e-20 FLOPS = 2.94e+10 Tdav = 15.23 T = 22.78
 --> Site =   26 .. Mmps =  550 Ndav =  11 E =   -123.2989425683 Error = 9.75e-21 FLOPS = 3.21e+10 Tdav = 9.91 T = 17.88
 --> Site =   27 .. Mmps =  550 Ndav =  12 E =   -123.2989432618 Error = 3.38e-20 FLOPS = 3.18e+10 Tdav = 11.32 T = 19.76
 --> Site =   28 .. Mmps =  550 Ndav =  11 E =   -123.2989443462 Error = 1.54e-20 FLOPS = 3.20e+10 Tdav = 10.63 T = 19.64
 --> Site =   29 .. Mmps =  550 Ndav =  12 E =   -123.2989453582 Error = 1.07e-20 FLOPS = 3.17e+10 Tdav = 12.08 T = 21.65
 --> Site =   30 .. Mmps =  550 Ndav =  12 E =   -123.2989467588 Error = 4.48e-20 FLOPS = 3.22e+10 Tdav = 12.29 T = 22.30
 --> Site =   31 .. Mmps =  550 Ndav =  13 E =   -123.2989481040 Error = 2.77e-20 FLOPS = 3.16e+10 Tdav = 13.96 T = 24.58
 --> Site =   32 .. Mmps =  550 Ndav =  13 E =   -123.2989496059 Error = 9.88e-21 FLOPS = 3.18e+10 Tdav = 14.29 T = 25.49
 --> Site =   33 .. Mmps =  550 Ndav =  14 E =   -123.2989509679 Error = 2.93e-20 FLOPS = 3.16e+10 Tdav = 15.92 T = 27.63
 --> Site =   34 .. Mmps =  550 Ndav =  14 E =   -123.2989528009 Error = 2.21e-20 FLOPS = 3.15e+10 Tdav = 16.43 T = 29.01
 --> Site =   35 .. Mmps =  550 Ndav =  13 E =   -123.2989539062 Error = 1.19e-20 FLOPS = 3.22e+10 Tdav = 15.31 T = 28.27
 --> Site =   36 .. Mmps =  550 Ndav =  14 E =   -123.2989554861 Error = 4.47e-21 FLOPS = 3.17e+10 Tdav = 17.19 T = 30.73
 --> Site =   37 .. Mmps =  550 Ndav =  13 E =   -123.2989560391 Error = 6.09e-21 FLOPS = 3.24e+10 Tdav = 16.05 T = 30.32
 --> Site =   38 .. Mmps =  550 Ndav =  12 E =   -123.2989566048 Error = 3.22e-20 FLOPS = 3.26e+10 Tdav = 15.08 T = 29.96
 --> Site =   39 .. Mmps =  550 Ndav =  11 E =   -123.2989570300 Error = 1.63e-21 FLOPS = 3.29e+10 Tdav = 14.01 T = 29.61
 --> Site =   40 .. Mmps =  550 Ndav =  11 E =   -123.2989576054 Error = 8.92e-21 FLOPS = 3.31e+10 Tdav = 14.27 T = 30.48
 --> Site =   41 .. Mmps =  550 Ndav =  12 E =   -123.2989584149 Error = 4.21e-21 FLOPS = 3.27e+10 Tdav = 16.14 T = 33.17
 --> Site =   42 .. Mmps =  550 Ndav =  10 E =   -123.2989589739 Error = 3.19e-20 FLOPS = 3.35e+10 Tdav = 13.41 T = 31.07
 --> Site =   43 .. Mmps =  550 Ndav =  12 E =   -123.2989603769 Error = 1.10e-20 FLOPS = 3.28e+10 Tdav = 16.44 T = 34.50
 --> Site =   44 .. Mmps =  550 Ndav =  10 E =   -123.2989611623 Error = 2.46e-20 FLOPS = 3.35e+10 Tdav = 13.72 T = 32.14
 --> Site =   45 .. Mmps =  550 Ndav =  11 E =   -123.2989621675 Error = 5.31e-21 FLOPS = 3.30e+10 Tdav = 15.32 T = 34.16
 --> Site =   46 .. Mmps =  550 Ndav =  10 E =   -123.2989625500 Error = 2.04e-20 FLOPS = 3.36e+10 Tdav = 13.96 T = 33.10
 --> Site =   47 .. Mmps =  550 Ndav =  12 E =   -123.2989631619 Error = 2.48e-21 FLOPS = 3.29e+10 Tdav = 17.48 T = 37.39
 --> Site =   48 .. Mmps =  550 Ndav =  11 E =   -123.2989636002 Error = 8.69e-21 FLOPS = 3.33e+10 Tdav = 15.84 T = 36.14
 --> Site =   49 .. Mmps =  550 Ndav =  12 E =   -123.2989644106 Error = 2.59e-21 FLOPS = 3.28e+10 Tdav = 17.89 T = 38.73
 --> Site =   50 .. Mmps =  550 Ndav =  13 E =   -123.2989647842 Error = 1.17e-20 FLOPS = 3.28e+10 Tdav = 19.36 T = 40.50
 --> Site =   51 .. Mmps =  550 Ndav =  13 E =   -123.2989650636 Error = 2.29e-20 FLOPS = 3.29e+10 Tdav = 19.75 T = 41.55
 --> Site =   52 .. Mmps =  550 Ndav =   7 E =   -123.2989651372 Error = 3.19e-21 FLOPS = 3.41e+10 Tdav = 10.45 T = 32.76
 --> Site =   53 .. Mmps =  550 Ndav =   7 E =   -123.2989652463 Error = 1.32e-20 FLOPS = 3.43e+10 Tdav = 10.58 T = 33.80
 --> Site =   54 .. Mmps =  550 Ndav =   7 E =   -123.2989653005 Error = 6.90e-21 FLOPS = 3.42e+10 Tdav = 10.63 T = 34.21
 --> Site =   55 .. Mmps =  550 Ndav =   7 E =   -123.2989654309 Error = 5.66e-21 FLOPS = 3.44e+10 Tdav = 10.78 T = 34.92
 --> Site =   56 .. Mmps =  550 Ndav =   7 E =   -123.2989655293 Error = 4.94e-21 FLOPS = 3.42e+10 Tdav = 10.82 T = 35.19
 --> Site =   57 .. Mmps =  550 Ndav =   8 E =   -123.2989657441 Error = 1.09e-20 FLOPS = 3.42e+10 Tdav = 12.36 T = 36.94
 --> Site =   58 .. Mmps =  550 Ndav =  10 E =   -123.2989659131 Error = 4.25e-21 FLOPS = 3.36e+10 Tdav = 15.76 T = 40.19
 --> Site =   59 .. Mmps =  550 Ndav =  12 E =   -123.2989664421 Error = 1.04e-20 FLOPS = 3.34e+10 Tdav = 19.38 T = 44.39
 --> Site =   60 .. Mmps =  550 Ndav =   9 E =   -123.2989668785 Error = 1.67e-21 FLOPS = 3.40e+10 Tdav = 14.25 T = 39.66
 --> Site =   61 .. Mmps =  550 Ndav =  12 E =   -123.2989674393 Error = 9.67e-21 FLOPS = 3.32e+10 Tdav = 19.51 T = 44.75
 --> Site =   62 .. Mmps =  550 Ndav =  15 E =   -123.2989680218 Error = 3.03e-21 FLOPS = 3.26e+10 Tdav = 25.24 T = 51.02
 --> Site =   63 .. Mmps =  550 Ndav =  12 E =   -123.2989691971 Error = 1.18e-20 FLOPS = 3.35e+10 Tdav = 19.65 T = 46.01
 --> Site =   64 .. Mmps =  550 Ndav =  10 E =   -123.2989693252 Error = 1.11e-20 FLOPS = 3.36e+10 Tdav = 16.35 T = 42.58
 --> Site =   65 .. Mmps =  550 Ndav =   7 E =   -123.2989693886 Error = 5.95e-21 FLOPS = 3.44e+10 Tdav = 11.38 T = 37.99
 --> Site =   66 .. Mmps =  550 Ndav =   7 E =   -123.2989694753 Error = 8.28e-22 FLOPS = 3.41e+10 Tdav = 11.28 T = 38.01
 --> Site =   67 .. Mmps =  550 Ndav =   7 E =   -123.2989695671 Error = 1.88e-20 FLOPS = 3.43e+10 Tdav = 11.40 T = 37.85
 --> Site =   68 .. Mmps =  550 Ndav =   7 E =   -123.2989697230 Error = 1.16e-20 FLOPS = 3.41e+10 Tdav = 11.69 T = 39.38
 --> Site =   69 .. Mmps =  550 Ndav =   6 E =   -123.2989698395 Error = 8.48e-21 FLOPS = 3.46e+10 Tdav = 9.87 T = 37.96
 --> Site =   70 .. Mmps =  550 Ndav =   9 E =   -123.2989700635 Error = 7.09e-21 FLOPS = 3.38e+10 Tdav = 14.89 T = 42.48
 --> Site =   71 .. Mmps =  550 Ndav =   7 E =   -123.2989702547 Error = 9.10e-21 FLOPS = 3.43e+10 Tdav = 11.40 T = 38.44
 --> Site =   72 .. Mmps =  550 Ndav =  10 E =   -123.2989707081 Error = 5.09e-21 FLOPS = 3.37e+10 Tdav = 16.87 T = 44.50
 --> Site =   73 .. Mmps =  550 Ndav =   9 E =   -123.2989710620 Error = 1.08e-20 FLOPS = 3.39e+10 Tdav = 15.09 T = 43.11
 --> Site =   74 .. Mmps =  550 Ndav =  13 E =   -123.2989724731 Error = 3.70e-21 FLOPS = 3.32e+10 Tdav = 22.26 T = 50.34
 --> Site =   75 .. Mmps =  550 Ndav =  11 E =   -123.2989728979 Error = 8.89e-21 FLOPS = 3.36e+10 Tdav = 18.61 T = 46.76
 --> Site =   76 .. Mmps =  550 Ndav =  11 E =   -123.2989734037 Error = 3.79e-21 FLOPS = 3.35e+10 Tdav = 18.70 T = 46.69
 --> Site =   77 .. Mmps =  550 Ndav =  10 E =   -123.2989735792 Error = 4.61e-20 FLOPS = 3.38e+10 Tdav = 16.84 T = 44.79
 --> Site =   78 .. Mmps =  550 Ndav =   8 E =   -123.2989736901 Error = 5.58e-21 FLOPS = 3.44e+10 Tdav = 13.23 T = 41.30
 --> Site =   79 .. Mmps =  550 Ndav =   6 E =   -123.2989737235 Error = 9.13e-21 FLOPS = 3.42e+10 Tdav = 9.81 T = 37.44
 --> Site =   80 .. Mmps =  550 Ndav =   8 E =   -123.2989738639 Error = 1.02e-20 FLOPS = 3.42e+10 Tdav = 13.32 T = 40.80
 --> Site =   81 .. Mmps =  550 Ndav =   7 E =   -123.2989739298 Error = 7.28e-21 FLOPS = 3.45e+10 Tdav = 11.74 T = 40.21
 --> Site =   82 .. Mmps =  550 Ndav =   7 E =   -123.2989741036 Error = 9.24e-22 FLOPS = 3.45e+10 Tdav = 11.75 T = 40.76
 --> Site =   83 .. Mmps =  550 Ndav =   8 E =   -123.2989742230 Error = 2.50e-21 FLOPS = 3.40e+10 Tdav = 13.39 T = 41.85
 --> Site =   84 .. Mmps =  550 Ndav =   8 E =   -123.2989743989 Error = 1.79e-21 FLOPS = 3.41e+10 Tdav = 13.35 T = 41.20
 --> Site =   85 .. Mmps =  550 Ndav =   9 E =   -123.2989745476 Error = 4.86e-21 FLOPS = 3.40e+10 Tdav = 15.33 T = 43.69
 --> Site =   86 .. Mmps =  550 Ndav =   9 E =   -123.2989750173 Error = 2.84e-20 FLOPS = 3.41e+10 Tdav = 15.27 T = 44.29
 --> Site =   87 .. Mmps =  550 Ndav =  10 E =   -123.2989752511 Error = 1.02e-20 FLOPS = 3.40e+10 Tdav = 16.75 T = 45.28
 --> Site =   88 .. Mmps =  550 Ndav =  12 E =   -123.2989756844 Error = 5.26e-21 FLOPS = 3.35e+10 Tdav = 20.03 T = 47.66
 --> Site =   89 .. Mmps =  550 Ndav =  13 E =   -123.2989760040 Error = 1.39e-21 FLOPS = 3.32e+10 Tdav = 22.27 T = 49.83
 --> Site =   90 .. Mmps =  550 Ndav =  11 E =   -123.2989764921 Error = 3.35e-21 FLOPS = 3.37e+10 Tdav = 18.55 T = 46.65
 --> Site =   91 .. Mmps =  550 Ndav =   9 E =   -123.2989766888 Error = 4.90e-21 FLOPS = 3.41e+10 Tdav = 15.00 T = 43.07
 --> Site =   92 .. Mmps =  550 Ndav =   8 E =   -123.2989768795 Error = 2.80e-20 FLOPS = 3.43e+10 Tdav = 13.05 T = 40.68
 --> Site =   93 .. Mmps =  550 Ndav =   9 E =   -123.2989771894 Error = 6.00e-20 FLOPS = 3.41e+10 Tdav = 15.01 T = 42.68
 --> Site =   94 .. Mmps =  550 Ndav =   7 E =   -123.2989774200 Error = 3.27e-20 FLOPS = 3.41e+10 Tdav = 11.67 T = 39.74
 --> Site =   95 .. Mmps =  550 Ndav =  10 E =   -123.2989778702 Error = 1.89e-21 FLOPS = 3.36e+10 Tdav = 16.93 T = 44.92
 --> Site =   96 .. Mmps =  550 Ndav =   9 E =   -123.2989782549 Error = 7.17e-21 FLOPS = 3.39e+10 Tdav = 14.83 T = 42.39
 --> Site =   97 .. Mmps =  550 Ndav =  11 E =   -123.2989787129 Error = 6.03e-21 FLOPS = 3.34e+10 Tdav = 18.41 T = 45.57
 --> Site =   98 .. Mmps =  550 Ndav =   9 E =   -123.2989791673 Error = 9.35e-21 FLOPS = 3.41e+10 Tdav = 14.76 T = 41.82
 --> Site =   99 .. Mmps =  550 Ndav =  12 E =   -123.2989798167 Error = 2.79e-21 FLOPS = 3.33e+10 Tdav = 20.50 T = 48.22
 --> Site =  100 .. Mmps =  550 Ndav =  11 E =   -123.2989804354 Error = 7.69e-21 FLOPS = 3.34e+10 Tdav = 18.39 T = 46.11
 --> Site =  101 .. Mmps =  550 Ndav =  12 E =   -123.2989821423 Error = 1.96e-21 FLOPS = 3.32e+10 Tdav = 19.84 T = 46.52
 --> Site =  102 .. Mmps =  550 Ndav =  11 E =   -123.2989827622 Error = 1.15e-20 FLOPS = 3.34e+10 Tdav = 18.10 T = 44.44
 --> Site =  103 .. Mmps =  550 Ndav =  13 E =   -123.2989831425 Error = 1.14e-20 FLOPS = 3.29e+10 Tdav = 21.68 T = 47.96
 --> Site =  104 .. Mmps =  550 Ndav =   7 E =   -123.2989831872 Error = 6.65e-21 FLOPS = 3.40e+10 Tdav = 11.08 T = 36.94
 --> Site =  105 .. Mmps =  550 Ndav =   7 E =   -123.2989832707 Error = 1.72e-20 FLOPS = 3.42e+10 Tdav = 11.05 T = 36.34
 --> Site =  106 .. Mmps =  550 Ndav =   6 E =   -123.2989833155 Error = 1.63e-21 FLOPS = 3.42e+10 Tdav = 9.45 T = 34.97
 --> Site =  107 .. Mmps =  550 Ndav =   7 E =   -123.2989834199 Error = 7.36e-21 FLOPS = 3.39e+10 Tdav = 10.91 T = 36.05
 --> Site =  108 .. Mmps =  550 Ndav =   6 E =   -123.2989834873 Error = 2.09e-21 FLOPS = 3.40e+10 Tdav = 9.52 T = 34.54
 --> Site =  109 .. Mmps =  550 Ndav =   7 E =   -123.2989836562 Error = 6.48e-22 FLOPS = 3.39e+10 Tdav = 10.92 T = 35.89
 --> Site =  110 .. Mmps =  550 Ndav =   8 E =   -123.2989837908 Error = 3.68e-21 FLOPS = 3.40e+10 Tdav = 12.20 T = 36.28
 --> Site =  111 .. Mmps =  550 Ndav =  10 E =   -123.2989841256 Error = 5.12e-21 FLOPS = 3.36e+10 Tdav = 15.45 T = 39.11
 --> Site =  112 .. Mmps =  550 Ndav =  10 E =   -123.2989845837 Error = 1.46e-21 FLOPS = 3.36e+10 Tdav = 15.76 T = 39.80
 --> Site =  113 .. Mmps =  550 Ndav =  13 E =   -123.2989852263 Error = 5.48e-21 FLOPS = 3.29e+10 Tdav = 20.50 T = 44.58
 --> Site =  114 .. Mmps =  550 Ndav =  15 E =   -123.2989860147 Error = 9.63e-22 FLOPS = 3.23e+10 Tdav = 23.65 T = 46.75
 --> Site =  115 .. Mmps =  550 Ndav =  13 E =   -123.2989876728 Error = 3.76e-21 FLOPS = 3.29e+10 Tdav = 20.13 T = 42.85
 --> Site =  116 .. Mmps =  550 Ndav =   8 E =   -123.2989877896 Error = 1.09e-20 FLOPS = 3.40e+10 Tdav = 11.75 T = 34.10
 --> Site =  117 .. Mmps =  550 Ndav =   8 E =   -123.2989878774 Error = 2.60e-21 FLOPS = 3.41e+10 Tdav = 11.46 T = 33.02
 --> Site =  118 .. Mmps =  550 Ndav =   7 E =   -123.2989879835 Error = 1.74e-20 FLOPS = 3.43e+10 Tdav = 9.98 T = 31.13
 --> Site =  119 .. Mmps =  550 Ndav =   7 E =   -123.2989881024 Error = 1.34e-20 FLOPS = 3.43e+10 Tdav = 9.78 T = 30.56
 --> Site =  120 .. Mmps =  550 Ndav =   9 E =   -123.2989883579 Error = 3.89e-21 FLOPS = 3.39e+10 Tdav = 12.47 T = 32.49
 --> Site =  121 .. Mmps =  550 Ndav =   7 E =   -123.2989885183 Error = 3.61e-20 FLOPS = 3.43e+10 Tdav = 9.59 T = 29.20
 --> Site =  122 .. Mmps =  550 Ndav =  10 E =   -123.2989888860 Error = 7.59e-21 FLOPS = 3.36e+10 Tdav = 13.65 T = 32.88
 --> Site =  123 .. Mmps =  550 Ndav =   9 E =   -123.2989892234 Error = 3.23e-20 FLOPS = 3.39e+10 Tdav = 12.20 T = 31.29
 --> Site =  124 .. Mmps =  550 Ndav =  10 E =   -123.2989897532 Error = 3.73e-21 FLOPS = 3.35e+10 Tdav = 13.42 T = 31.91
 --> Site =  125 .. Mmps =  550 Ndav =  12 E =   -123.2989904747 Error = 2.47e-20 FLOPS = 3.29e+10 Tdav = 16.37 T = 34.45
 --> Site =  126 .. Mmps =  550 Ndav =  11 E =   -123.2989916490 Error = 2.43e-21 FLOPS = 3.30e+10 Tdav = 14.64 T = 32.48
 --> Site =  127 .. Mmps =  550 Ndav =  11 E =   -123.2989920862 Error = 1.62e-20 FLOPS = 3.29e+10 Tdav = 14.34 T = 31.32
 --> Site =  128 .. Mmps =  550 Ndav =  12 E =   -123.2989930790 Error = 8.80e-21 FLOPS = 3.26e+10 Tdav = 15.46 T = 31.76
 --> Site =  129 .. Mmps =  550 Ndav =  13 E =   -123.2989934581 Error = 1.66e-19 FLOPS = 3.23e+10 Tdav = 16.49 T = 32.10
 --> Site =  130 .. Mmps =  550 Ndav =   9 E =   -123.2989936711 Error = 1.43e-20 FLOPS = 3.36e+10 Tdav = 10.70 T = 25.68
 --> Site =  131 .. Mmps =  550 Ndav =   9 E =   -123.2989937828 Error = 1.05e-20 FLOPS = 3.33e+10 Tdav = 10.52 T = 24.74
 --> Site =  132 .. Mmps =  550 Ndav =   8 E =   -123.2989940144 Error = 9.11e-22 FLOPS = 3.35e+10 Tdav = 9.06 T = 22.59
 --> Site =  133 .. Mmps =  550 Ndav =   8 E =   -123.2989941397 Error = 9.12e-21 FLOPS = 3.37e+10 Tdav = 8.77 T = 21.78
 --> Site =  134 .. Mmps =  550 Ndav =   9 E =   -123.2989944751 Error = 1.07e-20 FLOPS = 3.30e+10 Tdav = 9.80 T = 22.13
 --> Site =  135 .. Mmps =  550 Ndav =   9 E =   -123.2989947143 Error = 1.55e-20 FLOPS = 3.33e+10 Tdav = 9.44 T = 21.37
 --> Site =  136 .. Mmps =  550 Ndav =  10 E =   -123.2989951866 Error = 2.58e-21 FLOPS = 3.26e+10 Tdav = 10.40 T = 21.56
 --> Site =  137 .. Mmps =  550 Ndav =  11 E =   -123.2989956332 Error = 5.85e-21 FLOPS = 3.25e+10 Tdav = 11.15 T = 21.78
 --> Site =  138 .. Mmps =  550 Ndav =  14 E =   -123.2989967290 Error = 8.50e-22 FLOPS = 3.10e+10 Tdav = 14.43 T = 24.47
 --> Site =  139 .. Mmps =  550 Ndav =  14 E =   -123.2989975671 Error = 4.06e-21 FLOPS = 3.11e+10 Tdav = 13.92 T = 23.48
 --> Site =  140 .. Mmps =  550 Ndav =  16 E =   -123.2989997922 Error = 5.36e-21 FLOPS = 2.96e+10 Tdav = 16.20 T = 25.16
 --> Site =  141 .. Mmps =  550 Ndav =  12 E =   -123.2990005235 Error = 1.02e-20 FLOPS = 3.07e+10 Tdav = 11.31 T = 19.76
 --> Site =  142 .. Mmps =  550 Ndav =  13 E =   -123.2990019085 Error = 1.39e-20 FLOPS = 3.00e+10 Tdav = 12.12 T = 20.24
 --> Site =  143 .. Mmps =  550 Ndav =  11 E =   -123.2990024174 Error = 1.54e-20 FLOPS = 3.13e+10 Tdav = 9.47 T = 17.03
 --> Site =  144 .. Mmps =  550 Ndav =  11 E =   -123.2990035253 Error = 4.53e-21 FLOPS = 3.12e+10 Tdav = 9.15 T = 16.20
 --> Site =  145 .. Mmps =  550 Ndav =  14 E =   -123.2990051425 Error = 1.38e-20 FLOPS = 2.93e+10 Tdav = 11.92 T = 18.53
 --> Site =  146 .. Mmps =  550 Ndav =  13 E =   -123.2990071135 Error = 2.88e-21 FLOPS = 3.00e+10 Tdav = 10.39 T = 16.54
 --> Site =  147 .. Mmps =  550 Ndav =  16 E =   -123.2990110254 Error = 2.33e-20 FLOPS = 2.80e+10 Tdav = 13.11 T = 18.85
 --> Site =  148 .. Mmps =  550 Ndav =  15 E =   -123.2990141165 Error = 2.05e-21 FLOPS = 2.84e+10 Tdav = 11.58 T = 16.96
 --> Site =  149 .. Mmps =  550 Ndav =  16 E =   -123.2990200594 Error = 3.21e-20 FLOPS = 2.74e+10 Tdav = 12.24 T = 17.20
 --> Site =  150 .. Mmps =  550 Ndav =  13 E =   -123.2990234530 Error = 4.85e-21 FLOPS = 2.89e+10 Tdav = 8.98 T = 13.59
 --> Site =  151 .. Mmps =  550 Ndav =  19 E =   -123.2990332402 Error = 2.33e-20 FLOPS = 2.52e+10 Tdav = 14.30 T = 18.58
 --> Site =  152 .. Mmps =  550 Ndav =  12 E =   -123.2990348958 Error = 6.74e-21 FLOPS = 2.94e+10 Tdav = 7.32 T = 11.19
 --> Site =  153 .. Mmps =  550 Ndav =  16 E =   -123.2990368177 Error = 6.30e-20 FLOPS = 2.68e+10 Tdav = 10.15 T = 13.80
 --> Site =  154 .. Mmps =  550 Ndav =  12 E =   -123.2990375263 Error = 2.00e-20 FLOPS = 2.90e+10 Tdav = 6.61 T = 9.88
 --> Site =  155 .. Mmps =  550 Ndav =  13 E =   -123.2990382154 Error = 4.07e-19 FLOPS = 2.78e+10 Tdav = 7.00 T = 9.99
 --> Site =  156 .. Mmps =  550 Ndav =   9 E =   -123.2990383941 Error = 3.49e-19 FLOPS = 2.99e+10 Tdav = 4.20 T = 6.91
 --> Site =  157 .. Mmps =  550 Ndav =   9 E =   -123.2990384884 Error = 6.10e-19 FLOPS = 2.97e+10 Tdav = 3.94 T = 6.39
 --> Site =  158 .. Mmps =  550 Ndav =   5 E =   -123.2990385041 Error = 8.00e-20 FLOPS = 3.13e+10 Tdav = 1.92 T = 4.12
 --> Site =  159 .. Mmps =  550 Ndav =   2 E =   -123.2990385045 Error = 6.20e-25 FLOPS = 2.91e+10 Tdav = 0.68 T = 2.66
 --> Site =  160 .. Mmps =  550 Ndav =   2 E =   -123.2990385049 Error = 4.48e-29 FLOPS = 2.75e+10 Tdav = 0.28 T = 2.02
 --> Site =  161 .. Mmps =  550 Ndav =   1 E =   -123.2990385049 Error = 6.82e-54 FLOPS = 2.09e+10 Tdav = 0.07 T = 1.59
 --> Site =  162 .. Mmps =  550 Ndav =   1 E =   -123.2990385049 Error = 2.02e-81 FLOPS = 2.00e+10 Tdav = 0.03 T = 1.36
 --> Site =  163 .. Mmps =  550 Ndav =   1 E =   -123.2990385049 Error = 2.30e-107 FLOPS = 1.80e+10 Tdav = 0.02 T = 1.16
 --> Site =  164 .. Mmps =  550 Ndav =   1 E =   -123.2990385049 Error = 5.62e-132 FLOPS = 1.56e+10 Tdav = 0.01 T = 1.01
 --> Site =  165 .. Mmps =  550 Ndav =   1 E =   -123.2990385049 Error = 1.21e-154 FLOPS = 8.63e+09 Tdav = 0.01 T = 0.87
 --> Site =  166 .. Mmps =  548 Ndav =   1 E =   -123.2990385049 Error = 0.00e+00 FLOPS = 4.86e+09 Tdav = 0.00 T = 0.66
 --> Site =  167 .. Mmps =  550 Ndav =   1 E =   -123.2990385049 Error = 7.64e-202 FLOPS = 2.66e+09 Tdav = 0.00 T = 0.52
 --> Site =  168 .. Mmps =  550 Ndav =   1 E =   -123.2990385049 Error = 6.04e-226 FLOPS = 2.12e+09 Tdav = 0.00 T = 0.36
Time elapsed =  14412.018 | E =    -123.2990385049 | DE = -2.21e-04 | DW = 6.09815e-19
Time sweep =     4687.122 | 59.6 TFLOP/SWP
 | Dmem = 141 MB (3%) | Imem = 232 B (79%) | Hmem = 672 MB | Wmem = 4.62 MB | Pmem = 0 B
 | Tread = 88.357 | Twrite = 34.821 | Tfpread = 85.268 | Tfpwrite = 20.984 | Tmporead = 0.000 | Tasync = 0.000
 | data = 14.8 GB | cpsd = 11.1 GB
 | Trot = 190.046 | Tctr = 1.437 | Tint = 0.029 | Tmid = 0.000 | Tdctr = 69.757 | Tdiag = 1.677 | Tinfo = 2.384
 | Teff = 2371.448 | Tprt = 0.000 | Teig = 2026.801 | Tblk = 4456.474 | Tmve = 230.635 | Tdm = 2.910 | Tsplt = 40.114 | Tsvd = 0.000 | Torth = 0.000

Sweep =    9 | Direction = backward | Bond dimension =  550 | Noise =  0.00e+00 | Dav threshold =  1.00e-08
 <-- Site =  168 .. Mmps =    2 Ndav =   1 E =   -123.2990385049 Error = 0.00e+00 FLOPS = 2.25e+09 Tdav = 0.00 T = 0.02
 <-- Site =  167 .. Mmps =    4 Ndav =   1 E =   -123.2990385049 Error = 0.00e+00 FLOPS = 3.06e+09 Tdav = 0.00 T = 0.11
 <-- Site =  166 .. Mmps =    8 Ndav =   1 E =   -123.2990385049 Error = 0.00e+00 FLOPS = 5.20e+09 Tdav = 0.00 T = 0.17
 <-- Site =  165 .. Mmps =   16 Ndav =   1 E =   -123.2990385049 Error = 0.00e+00 FLOPS = 8.83e+09 Tdav = 0.01 T = 0.25
 <-- Site =  164 .. Mmps =   32 Ndav =   1 E =   -123.2990385049 Error = 0.00e+00 FLOPS = 1.47e+10 Tdav = 0.01 T = 0.34
 <-- Site =  163 .. Mmps =   64 Ndav =   1 E =   -123.2990385049 Error = 0.00e+00 FLOPS = 1.54e+10 Tdav = 0.02 T = 0.47
 <-- Site =  162 .. Mmps =  128 Ndav =   1 E =   -123.2990385049 Error = 0.00e+00 FLOPS = 1.85e+10 Tdav = 0.04 T = 0.63
 <-- Site =  161 .. Mmps =  256 Ndav =   1 E =   -123.2990385049 Error = 0.00e+00 FLOPS = 2.19e+10 Tdav = 0.07 T = 0.82
 <-- Site =  160 .. Mmps =  512 Ndav =   1 E =   -123.2990385049 Error = 0.00e+00 FLOPS = 2.35e+10 Tdav = 0.16 T = 1.14
 <-- Site =  159 .. Mmps =  550 Ndav =   1 E =   -123.2990385049 Error = 2.17e-26 FLOPS = 2.60e+10 Tdav = 0.38 T = 1.96
 <-- Site =  158 .. Mmps =  550 Ndav =   1 E =   -123.2990385049 Error = 2.39e-23 FLOPS = 2.69e+10 Tdav = 0.45 T = 2.63
 <-- Site =  157 .. Mmps =  550 Ndav =   1 E =   -123.2990385049 Error = 8.24e-24 FLOPS = 2.74e+10 Tdav = 0.47 T = 2.96
 <-- Site =  156 .. Mmps =  550 Ndav =   1 E =   -123.2990385049 Error = 5.05e-21 FLOPS = 2.77e+10 Tdav = 0.50 T = 3.28
 <-- Site =  155 .. Mmps =  550 Ndav =   2 E =   -123.2990385052 Error = 1.51e-21 FLOPS = 3.08e+10 Tdav = 0.97 T = 4.03
 <-- Site =  154 .. Mmps =  550 Ndav =   3 E =   -123.2990385065 Error = 8.92e-21 FLOPS = 3.18e+10 Tdav = 1.51 T = 4.90
 <-- Site =  153 .. Mmps =  550 Ndav =   3 E =   -123.2990385080 Error = 1.47e-20 FLOPS = 3.20e+10 Tdav = 1.59 T = 5.29
 <-- Site =  152 .. Mmps =  550 Ndav =   3 E =   -123.2990385105 Error = 1.51e-20 FLOPS = 3.13e+10 Tdav = 1.72 T = 5.80
 <-- Site =  151 .. Mmps =  550 Ndav =   3 E =   -123.2990385128 Error = 3.56e-20 FLOPS = 3.27e+10 Tdav = 1.74 T = 6.15
 <-- Site =  150 .. Mmps =  550 Ndav =   3 E =   -123.2990385161 Error = 1.65e-20 FLOPS = 3.28e+10 Tdav = 1.82 T = 6.60
 <-- Site =  149 .. Mmps =  550 Ndav =   3 E =   -123.2990385194 Error = 5.52e-20 FLOPS = 3.30e+10 Tdav = 1.91 T = 7.10
 <-- Site =  148 .. Mmps =  550 Ndav =   4 E =   -123.2990385235 Error = 8.01e-21 FLOPS = 3.31e+10 Tdav = 2.66 T = 8.29
 <-- Site =  147 .. Mmps =  550 Ndav =   3 E =   -123.2990385271 Error = 8.83e-21 FLOPS = 3.30e+10 Tdav = 2.09 T = 8.13
 <-- Site =  146 .. Mmps =  550 Ndav =   4 E =   -123.2990385315 Error = 7.18e-21 FLOPS = 3.29e+10 Tdav = 2.91 T = 9.40
 <-- Site =  145 .. Mmps =  550 Ndav =   4 E =   -123.2990385360 Error = 7.45e-21 FLOPS = 3.31e+10 Tdav = 3.02 T = 9.99
 <-- Site =  144 .. Mmps =  550 Ndav =   4 E =   -123.2990385402 Error = 1.74e-21 FLOPS = 3.31e+10 Tdav = 3.14 T = 10.57
 <-- Site =  143 .. Mmps =  550 Ndav =   4 E =   -123.2990385456 Error = 7.17e-21 FLOPS = 3.33e+10 Tdav = 3.24 T = 11.18
 <-- Site =  142 .. Mmps =  550 Ndav =   4 E =   -123.2990385511 Error = 9.43e-19 FLOPS = 3.33e+10 Tdav = 3.36 T = 11.81
 <-- Site =  141 .. Mmps =  550 Ndav =   4 E =   -123.2990385597 Error = 8.55e-21 FLOPS = 3.33e+10 Tdav = 3.47 T = 12.42
 <-- Site =  140 .. Mmps =  550 Ndav =   6 E =   -123.2990385782 Error = 1.22e-18 FLOPS = 3.37e+10 Tdav = 5.33 T = 14.85
 <-- Site =  139 .. Mmps =  550 Ndav =   5 E =   -123.2990385921 Error = 1.06e-20 FLOPS = 3.38e+10 Tdav = 4.58 T = 14.62
 <-- Site =  138 .. Mmps =  550 Ndav =   6 E =   -123.2990386113 Error = 3.26e-18 FLOPS = 3.35e+10 Tdav = 5.72 T = 16.32
 <-- Site =  137 .. Mmps =  550 Ndav =   5 E =   -123.2990386246 Error = 1.74e-20 FLOPS = 3.36e+10 Tdav = 4.90 T = 16.11
 <-- Site =  136 .. Mmps =  550 Ndav =   6 E =   -123.2990386427 Error = 3.45e-18 FLOPS = 3.35e+10 Tdav = 6.08 T = 17.88
 <-- Site =  135 .. Mmps =  550 Ndav =   6 E =   -123.2990386545 Error = 7.30e-21 FLOPS = 3.35e+10 Tdav = 6.26 T = 18.68
 <-- Site =  134 .. Mmps =  550 Ndav =   5 E =   -123.2990386638 Error = 3.16e-18 FLOPS = 3.40e+10 Tdav = 5.29 T = 18.34
 <-- Site =  133 .. Mmps =  550 Ndav =   4 E =   -123.2990386679 Error = 3.94e-21 FLOPS = 3.42e+10 Tdav = 4.32 T = 17.95
 <-- Site =  132 .. Mmps =  550 Ndav =   5 E =   -123.2990386725 Error = 8.88e-19 FLOPS = 3.40e+10 Tdav = 5.58 T = 19.92
 <-- Site =  131 .. Mmps =  550 Ndav =   3 E =   -123.2990386747 Error = 5.99e-21 FLOPS = 3.37e+10 Tdav = 3.47 T = 18.54
 <-- Site =  130 .. Mmps =  550 Ndav =   4 E =   -123.2990386778 Error = 1.99e-18 FLOPS = 3.38e+10 Tdav = 4.73 T = 20.52
 <-- Site =  129 .. Mmps =  550 Ndav =   4 E =   -123.2990386805 Error = 2.57e-21 FLOPS = 3.39e+10 Tdav = 4.83 T = 21.48
 <-- Site =  128 .. Mmps =  550 Ndav =   4 E =   -123.2990386839 Error = 2.47e-21 FLOPS = 3.38e+10 Tdav = 4.96 T = 22.19
 <-- Site =  127 .. Mmps =  550 Ndav =   5 E =   -123.2990386894 Error = 1.49e-20 FLOPS = 3.38e+10 Tdav = 6.34 T = 24.39
 <-- Site =  126 .. Mmps =  550 Ndav =   4 E =   -123.2990386927 Error = 4.17e-21 FLOPS = 3.43e+10 Tdav = 5.13 T = 23.85
 <-- Site =  125 .. Mmps =  550 Ndav =   5 E =   -123.2990386994 Error = 7.10e-21 FLOPS = 3.41e+10 Tdav = 6.58 T = 25.77
 <-- Site =  124 .. Mmps =  550 Ndav =   4 E =   -123.2990387045 Error = 1.49e-20 FLOPS = 3.43e+10 Tdav = 5.24 T = 24.69
 <-- Site =  123 .. Mmps =  550 Ndav =   5 E =   -123.2990387117 Error = 6.89e-21 FLOPS = 3.40e+10 Tdav = 6.75 T = 26.71
 <-- Site =  122 .. Mmps =  550 Ndav =   4 E =   -123.2990387170 Error = 4.25e-21 FLOPS = 3.41e+10 Tdav = 5.39 T = 25.78
 <-- Site =  121 .. Mmps =  550 Ndav =   5 E =   -123.2990387229 Error = 5.56e-21 FLOPS = 3.41e+10 Tdav = 6.89 T = 27.71
 <-- Site =  120 .. Mmps =  550 Ndav =   3 E =   -123.2990387257 Error = 1.05e-20 FLOPS = 3.40e+10 Tdav = 4.15 T = 25.36
 <-- Site =  119 .. Mmps =  550 Ndav =   5 E =   -123.2990387301 Error = 2.74e-21 FLOPS = 3.39e+10 Tdav = 7.06 T = 29.04
 <-- Site =  118 .. Mmps =  550 Ndav =   3 E =   -123.2990387312 Error = 5.06e-21 FLOPS = 3.44e+10 Tdav = 4.26 T = 26.56
 <-- Site =  117 .. Mmps =  550 Ndav =   3 E =   -123.2990387336 Error = 1.61e-20 FLOPS = 3.42e+10 Tdav = 4.29 T = 27.20
 <-- Site =  116 .. Mmps =  550 Ndav =   3 E =   -123.2990387350 Error = 5.85e-20 FLOPS = 3.40e+10 Tdav = 4.40 T = 28.14
 <-- Site =  115 .. Mmps =  550 Ndav =   3 E =   -123.2990387379 Error = 2.41e-19 FLOPS = 3.45e+10 Tdav = 4.43 T = 28.57
 <-- Site =  114 .. Mmps =  550 Ndav =   3 E =   -123.2990387399 Error = 1.06e-21 FLOPS = 3.43e+10 Tdav = 4.46 T = 29.04
 <-- Site =  113 .. Mmps =  550 Ndav =   4 E =   -123.2990387443 Error = 2.01e-18 FLOPS = 3.47e+10 Tdav = 5.98 T = 31.49
 <-- Site =  112 .. Mmps =  550 Ndav =   3 E =   -123.2990387473 Error = 1.67e-21 FLOPS = 3.44e+10 Tdav = 4.62 T = 30.14
 <-- Site =  111 .. Mmps =  550 Ndav =   4 E =   -123.2990387525 Error = 1.27e-19 FLOPS = 3.41e+10 Tdav = 6.08 T = 31.20
 <-- Site =  110 .. Mmps =  550 Ndav =   3 E =   -123.2990387555 Error = 1.10e-21 FLOPS = 3.44e+10 Tdav = 4.53 T = 29.86
 <-- Site =  109 .. Mmps =  550 Ndav =   5 E =   -123.2990387604 Error = 2.26e-19 FLOPS = 3.42e+10 Tdav = 7.74 T = 34.08
 <-- Site =  108 .. Mmps =  550 Ndav =   4 E =   -123.2990387633 Error = 4.03e-22 FLOPS = 3.46e+10 Tdav = 6.24 T = 32.61
 <-- Site =  107 .. Mmps =  550 Ndav =   3 E =   -123.2990387659 Error = 1.14e-18 FLOPS = 3.39e+10 Tdav = 4.68 T = 31.12
 <-- Site =  106 .. Mmps =  550 Ndav =   4 E =   -123.2990387688 Error = 6.04e-22 FLOPS = 3.46e+10 Tdav = 6.24 T = 33.07
 <-- Site =  105 .. Mmps =  550 Ndav =   3 E =   -123.2990387709 Error = 6.35e-19 FLOPS = 3.46e+10 Tdav = 4.67 T = 31.65
 <-- Site =  104 .. Mmps =  550 Ndav =   3 E =   -123.2990387722 Error = 1.29e-19 FLOPS = 3.45e+10 Tdav = 4.69 T = 31.91
 <-- Site =  103 .. Mmps =  550 Ndav =   2 E =   -123.2990387730 Error = 2.98e-21 FLOPS = 3.43e+10 Tdav = 3.20 T = 31.10
 <-- Site =  102 .. Mmps =  550 Ndav =   3 E =   -123.2990387749 Error = 2.22e-21 FLOPS = 3.45e+10 Tdav = 4.78 T = 32.57
 <-- Site =  101 .. Mmps =  550 Ndav =   3 E =   -123.2990387771 Error = 3.95e-21 FLOPS = 3.47e+10 Tdav = 4.75 T = 33.03
 <-- Site =  100 .. Mmps =  550 Ndav =   3 E =   -123.2990387799 Error = 2.40e-21 FLOPS = 3.43e+10 Tdav = 4.89 T = 34.01
 <-- Site =   99 .. Mmps =  550 Ndav =   3 E =   -123.2990387821 Error = 3.56e-20 FLOPS = 3.47e+10 Tdav = 4.92 T = 34.20
 <-- Site =   98 .. Mmps =  550 Ndav =   4 E =   -123.2990387857 Error = 4.23e-21 FLOPS = 3.42e+10 Tdav = 6.53 T = 35.20
 <-- Site =   97 .. Mmps =  550 Ndav =   3 E =   -123.2990387884 Error = 3.88e-21 FLOPS = 3.44e+10 Tdav = 4.88 T = 33.56
 <-- Site =   96 .. Mmps =  550 Ndav =   3 E =   -123.2990387905 Error = 3.47e-21 FLOPS = 3.40e+10 Tdav = 4.93 T = 34.12
 <-- Site =   95 .. Mmps =  550 Ndav =   3 E =   -123.2990387924 Error = 9.31e-21 FLOPS = 3.45e+10 Tdav = 4.94 T = 34.59
 <-- Site =   94 .. Mmps =  550 Ndav =   4 E =   -123.2990387958 Error = 4.12e-21 FLOPS = 3.48e+10 Tdav = 6.54 T = 36.37
 <-- Site =   93 .. Mmps =  550 Ndav =   3 E =   -123.2990387974 Error = 4.65e-21 FLOPS = 3.45e+10 Tdav = 4.95 T = 34.21
 <-- Site =   92 .. Mmps =  550 Ndav =   3 E =   -123.2990387993 Error = 2.08e-21 FLOPS = 3.47e+10 Tdav = 4.84 T = 34.16
 <-- Site =   91 .. Mmps =  550 Ndav =   3 E =   -123.2990388005 Error = 8.25e-20 FLOPS = 3.45e+10 Tdav = 4.95 T = 34.63
 <-- Site =   90 .. Mmps =  550 Ndav =   2 E =   -123.2990388013 Error = 1.39e-18 FLOPS = 3.44e+10 Tdav = 3.30 T = 33.10
 <-- Site =   89 .. Mmps =  550 Ndav =   3 E =   -123.2990388023 Error = 4.49e-21 FLOPS = 3.43e+10 Tdav = 4.98 T = 34.27
 <-- Site =   88 .. Mmps =  550 Ndav =   3 E =   -123.2990388039 Error = 2.53e-18 FLOPS = 3.47e+10 Tdav = 4.83 T = 34.16
 <-- Site =   87 .. Mmps =  550 Ndav =   3 E =   -123.2990388051 Error = 2.90e-21 FLOPS = 3.44e+10 Tdav = 4.96 T = 35.24
 <-- Site =   86 .. Mmps =  550 Ndav =   3 E =   -123.2990388070 Error = 2.08e-19 FLOPS = 3.47e+10 Tdav = 5.00 T = 35.71
 <-- Site =   85 .. Mmps =  550 Ndav =   3 E =   -123.2990388085 Error = 4.03e-21 FLOPS = 3.47e+10 Tdav = 5.01 T = 35.32
 <-- Site =   84 .. Mmps =  550 Ndav =   3 E =   -123.2990388102 Error = 1.49e-19 FLOPS = 3.45e+10 Tdav = 4.95 T = 34.57
 <-- Site =   83 .. Mmps =  550 Ndav =   3 E =   -123.2990388118 Error = 5.22e-22 FLOPS = 3.45e+10 Tdav = 4.95 T = 35.08
 <-- Site =   82 .. Mmps =  550 Ndav =   4 E =   -123.2990388145 Error = 2.65e-19 FLOPS = 3.48e+10 Tdav = 6.66 T = 37.38
 <-- Site =   81 .. Mmps =  550 Ndav =   4 E =   -123.2990388170 Error = 1.12e-21 FLOPS = 3.48e+10 Tdav = 6.66 T = 37.00
 <-- Site =   80 .. Mmps =  550 Ndav =   4 E =   -123.2990388196 Error = 6.82e-19 FLOPS = 3.44e+10 Tdav = 6.63 T = 36.01
 <-- Site =   79 .. Mmps =  550 Ndav =   4 E =   -123.2990388218 Error = 1.44e-21 FLOPS = 3.46e+10 Tdav = 6.47 T = 35.61
 <-- Site =   78 .. Mmps =  550 Ndav =   3 E =   -123.2990388237 Error = 3.57e-19 FLOPS = 3.47e+10 Tdav = 4.91 T = 34.66
 <-- Site =   77 .. Mmps =  550 Ndav =   3 E =   -123.2990388249 Error = 3.49e-21 FLOPS = 3.46e+10 Tdav = 4.93 T = 34.73
 <-- Site =   76 .. Mmps =  550 Ndav =   3 E =   -123.2990388262 Error = 3.84e-21 FLOPS = 3.45e+10 Tdav = 4.95 T = 34.67
 <-- Site =   75 .. Mmps =  550 Ndav =   3 E =   -123.2990388277 Error = 8.81e-21 FLOPS = 3.46e+10 Tdav = 4.93 T = 34.72
 <-- Site =   74 .. Mmps =  550 Ndav =   2 E =   -123.2990388286 Error = 4.75e-21 FLOPS = 3.40e+10 Tdav = 3.35 T = 33.08
 <-- Site =   73 .. Mmps =  550 Ndav =   3 E =   -123.2990388302 Error = 2.09e-21 FLOPS = 3.43e+10 Tdav = 4.98 T = 34.58
 <-- Site =   72 .. Mmps =  550 Ndav =   2 E =   -123.2990388311 Error = 5.23e-21 FLOPS = 3.39e+10 Tdav = 3.35 T = 32.92
 <-- Site =   71 .. Mmps =  550 Ndav =   3 E =   -123.2990388328 Error = 4.18e-21 FLOPS = 3.39e+10 Tdav = 4.94 T = 33.82
 <-- Site =   70 .. Mmps =  550 Ndav =   3 E =   -123.2990388345 Error = 1.19e-21 FLOPS = 3.42e+10 Tdav = 4.90 T = 34.40
 <-- Site =   69 .. Mmps =  550 Ndav =   3 E =   -123.2990388365 Error = 2.11e-21 FLOPS = 3.40e+10 Tdav = 5.02 T = 34.82
 <-- Site =   68 .. Mmps =  550 Ndav =   3 E =   -123.2990388384 Error = 4.01e-21 FLOPS = 3.43e+10 Tdav = 4.98 T = 34.55
 <-- Site =   67 .. Mmps =  550 Ndav =   5 E =   -123.2990388420 Error = 2.79e-21 FLOPS = 3.41e+10 Tdav = 8.19 T = 36.64
 <-- Site =   66 .. Mmps =  550 Ndav =   2 E =   -123.2990388428 Error = 3.93e-21 FLOPS = 3.39e+10 Tdav = 3.24 T = 31.78
 <-- Site =   65 .. Mmps =  550 Ndav =   3 E =   -123.2990388450 Error = 5.57e-21 FLOPS = 3.41e+10 Tdav = 4.91 T = 33.32
 <-- Site =   64 .. Mmps =  550 Ndav =   2 E =   -123.2990388459 Error = 2.62e-20 FLOPS = 3.40e+10 Tdav = 3.23 T = 31.27
 <-- Site =   63 .. Mmps =  550 Ndav =   3 E =   -123.2990388480 Error = 6.90e-19 FLOPS = 3.36e+10 Tdav = 4.90 T = 32.89
 <-- Site =   62 .. Mmps =  550 Ndav =   3 E =   -123.2990388494 Error = 2.20e-21 FLOPS = 3.40e+10 Tdav = 4.85 T = 32.31
 <-- Site =   61 .. Mmps =  550 Ndav =   3 E =   -123.2990388523 Error = 1.15e-19 FLOPS = 3.40e+10 Tdav = 4.76 T = 31.88
 <-- Site =   60 .. Mmps =  550 Ndav =   3 E =   -123.2990388545 Error = 4.51e-22 FLOPS = 3.38e+10 Tdav = 4.78 T = 31.77
 <-- Site =   59 .. Mmps =  550 Ndav =   4 E =   -123.2990388576 Error = 2.46e-20 FLOPS = 3.41e+10 Tdav = 6.32 T = 32.81
 <-- Site =   58 .. Mmps =  550 Ndav =   3 E =   -123.2990388598 Error = 2.51e-22 FLOPS = 3.42e+10 Tdav = 4.65 T = 30.83
 <-- Site =   57 .. Mmps =  550 Ndav =   3 E =   -123.2990388625 Error = 1.54e-18 FLOPS = 3.40e+10 Tdav = 4.67 T = 30.70
 <-- Site =   56 .. Mmps =  550 Ndav =   4 E =   -123.2990388658 Error = 2.58e-22 FLOPS = 3.41e+10 Tdav = 6.20 T = 32.29
 <-- Site =   55 .. Mmps =  550 Ndav =   3 E =   -123.2990388689 Error = 1.48e-18 FLOPS = 3.41e+10 Tdav = 4.65 T = 30.41
 <-- Site =   54 .. Mmps =  550 Ndav =   4 E =   -123.2990388721 Error = 1.56e-21 FLOPS = 3.41e+10 Tdav = 6.09 T = 31.24
 <-- Site =   53 .. Mmps =  550 Ndav =   4 E =   -123.2990388755 Error = 1.31e-18 FLOPS = 3.42e+10 Tdav = 6.07 T = 30.92
 <-- Site =   52 .. Mmps =  550 Ndav =   3 E =   -123.2990388770 Error = 9.91e-20 FLOPS = 3.38e+10 Tdav = 4.52 T = 28.41
 <-- Site =   51 .. Mmps =  550 Ndav =   2 E =   -123.2990388777 Error = 6.81e-21 FLOPS = 3.40e+10 Tdav = 2.93 T = 26.08
 <-- Site =   50 .. Mmps =  550 Ndav =   3 E =   -123.2990388794 Error = 2.24e-21 FLOPS = 3.39e+10 Tdav = 4.33 T = 26.97
 <-- Site =   49 .. Mmps =  550 Ndav =   3 E =   -123.2990388811 Error = 5.39e-20 FLOPS = 3.39e+10 Tdav = 4.33 T = 26.56
 <-- Site =   48 .. Mmps =  550 Ndav =   3 E =   -123.2990388832 Error = 2.61e-21 FLOPS = 3.38e+10 Tdav = 4.26 T = 25.96
 <-- Site =   47 .. Mmps =  550 Ndav =   3 E =   -123.2990388858 Error = 1.07e-20 FLOPS = 3.41e+10 Tdav = 4.22 T = 25.67
 <-- Site =   46 .. Mmps =  550 Ndav =   4 E =   -123.2990388905 Error = 2.01e-21 FLOPS = 3.39e+10 Tdav = 5.53 T = 26.03
 <-- Site =   45 .. Mmps =  550 Ndav =   4 E =   -123.2990388941 Error = 4.90e-21 FLOPS = 3.37e+10 Tdav = 5.46 T = 25.60
 <-- Site =   44 .. Mmps =  550 Ndav =   4 E =   -123.2990388978 Error = 1.39e-21 FLOPS = 3.40e+10 Tdav = 5.39 T = 25.04
 <-- Site =   43 .. Mmps =  550 Ndav =   3 E =   -123.2990389004 Error = 4.11e-21 FLOPS = 3.37e+10 Tdav = 4.00 T = 23.33
 <-- Site =   42 .. Mmps =  550 Ndav =   4 E =   -123.2990389038 Error = 2.58e-21 FLOPS = 3.40e+10 Tdav = 5.29 T = 24.22
 <-- Site =   41 .. Mmps =  550 Ndav =   4 E =   -123.2990389068 Error = 3.07e-21 FLOPS = 3.37e+10 Tdav = 5.22 T = 23.40
 <-- Site =   40 .. Mmps =  550 Ndav =   4 E =   -123.2990389103 Error = 5.83e-21 FLOPS = 3.40e+10 Tdav = 5.04 T = 22.47
 <-- Site =   39 .. Mmps =  550 Ndav =   4 E =   -123.2990389133 Error = 5.45e-20 FLOPS = 3.38e+10 Tdav = 4.96 T = 21.58
 <-- Site =   38 .. Mmps =  550 Ndav =   3 E =   -123.2990389158 Error = 8.29e-19 FLOPS = 3.39e+10 Tdav = 3.62 T = 19.59
 <-- Site =   37 .. Mmps =  550 Ndav =   3 E =   -123.2990389188 Error = 5.08e-21 FLOPS = 3.37e+10 Tdav = 3.55 T = 18.78
 <-- Site =   36 .. Mmps =  550 Ndav =   4 E =   -123.2990389238 Error = 7.22e-19 FLOPS = 3.39e+10 Tdav = 4.60 T = 19.20
 <-- Site =   35 .. Mmps =  550 Ndav =   4 E =   -123.2990389283 Error = 5.03e-21 FLOPS = 3.37e+10 Tdav = 4.51 T = 18.43
 <-- Site =   34 .. Mmps =  550 Ndav =   5 E =   -123.2990389356 Error = 5.47e-19 FLOPS = 3.35e+10 Tdav = 5.51 T = 18.78
 <-- Site =   33 .. Mmps =  550 Ndav =   4 E =   -123.2990389407 Error = 2.35e-21 FLOPS = 3.37e+10 Tdav = 4.26 T = 16.82
 <-- Site =   32 .. Mmps =  550 Ndav =   4 E =   -123.2990389466 Error = 2.75e-18 FLOPS = 3.35e+10 Tdav = 4.17 T = 16.10
 <-- Site =   31 .. Mmps =  550 Ndav =   4 E =   -123.2990389522 Error = 2.43e-21 FLOPS = 3.36e+10 Tdav = 4.04 T = 15.41
 <-- Site =   30 .. Mmps =  550 Ndav =   5 E =   -123.2990389609 Error = 8.40e-19 FLOPS = 3.35e+10 Tdav = 4.92 T = 15.65
 <-- Site =   29 .. Mmps =  550 Ndav =   5 E =   -123.2990389688 Error = 4.84e-21 FLOPS = 3.33e+10 Tdav = 4.80 T = 15.00
 <-- Site =   28 .. Mmps =  550 Ndav =   5 E =   -123.2990389804 Error = 6.06e-19 FLOPS = 3.31e+10 Tdav = 4.68 T = 14.38
 <-- Site =   27 .. Mmps =  550 Ndav =   5 E =   -123.2990389898 Error = 4.29e-21 FLOPS = 3.32e+10 Tdav = 4.50 T = 13.64
 <-- Site =   26 .. Mmps =  550 Ndav =   5 E =   -123.2990390024 Error = 9.59e-19 FLOPS = 3.32e+10 Tdav = 4.36 T = 12.88
 <-- Site =   25 .. Mmps =  550 Ndav =   4 E =   -123.2990390076 Error = 2.69e-21 FLOPS = 3.31e+10 Tdav = 3.38 T = 11.45
 <-- Site =   24 .. Mmps =  550 Ndav =   5 E =   -123.2990390182 Error = 2.64e-21 FLOPS = 3.29e+10 Tdav = 4.10 T = 11.67
 <-- Site =   23 .. Mmps =  550 Ndav =   5 E =   -123.2990390313 Error = 6.37e-21 FLOPS = 3.28e+10 Tdav = 3.96 T = 11.04
 <-- Site =   22 .. Mmps =  550 Ndav =   5 E =   -123.2990390460 Error = 5.21e-21 FLOPS = 3.25e+10 Tdav = 3.84 T = 10.47
 <-- Site =   21 .. Mmps =  550 Ndav =   7 E =   -123.2990390704 Error = 7.77e-21 FLOPS = 3.21e+10 Tdav = 5.23 T = 11.46
 <-- Site =   20 .. Mmps =  550 Ndav =   5 E =   -123.2990390927 Error = 2.04e-21 FLOPS = 3.29e+10 Tdav = 3.49 T = 9.25
 <-- Site =   19 .. Mmps =  550 Ndav =   8 E =   -123.2990391348 Error = 9.36e-21 FLOPS = 3.18e+10 Tdav = 5.52 T = 10.87
 <-- Site =   18 .. Mmps =  550 Ndav =   6 E =   -123.2990391645 Error = 7.04e-21 FLOPS = 3.28e+10 Tdav = 3.83 T = 8.79
 <-- Site =   17 .. Mmps =  550 Ndav =   9 E =   -123.2990392141 Error = 1.05e-20 FLOPS = 3.17e+10 Tdav = 5.68 T = 10.25
 <-- Site =   16 .. Mmps =  550 Ndav =   6 E =   -123.2990392494 Error = 8.63e-21 FLOPS = 3.26e+10 Tdav = 3.49 T = 7.69
 <-- Site =   15 .. Mmps =  550 Ndav =   9 E =   -123.2990393063 Error = 6.79e-21 FLOPS = 3.11e+10 Tdav = 5.20 T = 9.05
 <-- Site =   14 .. Mmps =  550 Ndav =   6 E =   -123.2990393475 Error = 1.01e-20 FLOPS = 3.20e+10 Tdav = 3.18 T = 6.69
 <-- Site =   13 .. Mmps =  550 Ndav =   8 E =   -123.2990394222 Error = 5.99e-20 FLOPS = 3.09e+10 Tdav = 4.13 T = 7.33
 <-- Site =   12 .. Mmps =  550 Ndav =   6 E =   -123.2990394510 Error = 3.95e-17 FLOPS = 3.14e+10 Tdav = 2.86 T = 5.73
 <-- Site =   11 .. Mmps =  550 Ndav =   5 E =   -123.2990394599 Error = 5.59e-19 FLOPS = 3.14e+10 Tdav = 2.23 T = 4.90
 <-- Site =   10 .. Mmps =  550 Ndav =   2 E =   -123.2990394609 Error = 3.32e-18 FLOPS = 3.02e+10 Tdav = 0.86 T = 3.20
 <-- Site =    9 .. Mmps =  550 Ndav =   1 E =   -123.2990394609 Error = 3.52e-24 FLOPS = 2.64e+10 Tdav = 0.40 T = 2.40
 <-- Site =    8 .. Mmps =  550 Ndav =   1 E =   -123.2990394609 Error = 4.03e-33 FLOPS = 2.25e+10 Tdav = 0.15 T = 1.38
 <-- Site =    7 .. Mmps =  550 Ndav =   1 E =   -123.2990394609 Error = 8.81e-54 FLOPS = 1.88e+10 Tdav = 0.06 T = 1.06
 <-- Site =    6 .. Mmps =  550 Ndav =   1 E =   -123.2990394609 Error = 3.13e-74 FLOPS = 1.60e+10 Tdav = 0.03 T = 0.98
 <-- Site =    5 .. Mmps =  550 Ndav =   1 E =   -123.2990394609 Error = 4.63e-93 FLOPS = 1.41e+10 Tdav = 0.01 T = 0.83
 <-- Site =    4 .. Mmps =  550 Ndav =   1 E =   -123.2990394609 Error = 8.63e-108 FLOPS = 1.21e+10 Tdav = 0.01 T = 0.75
 <-- Site =    3 .. Mmps =  550 Ndav =   1 E =   -123.2990394609 Error = 4.41e-112 FLOPS = 8.74e+09 Tdav = 0.00 T = 0.76
 <-- Site =    2 .. Mmps =  550 Ndav =   1 E =   -123.2990394609 Error = 4.80e-110 FLOPS = 5.80e+09 Tdav = 0.00 T = 0.67
 <-- Site =    1 .. Mmps =  550 Ndav =   1 E =   -123.2990394609 Error = 6.29e-109 FLOPS = 3.46e+09 Tdav = 0.00 T = 0.62
 <-- Site =    0 .. Mmps =  549 Ndav =   1 E =   -123.2990394609 Error = 0.00e+00 FLOPS = 2.27e+09 Tdav = 0.00 T = 0.59
Time elapsed =  17914.898 | E =    -123.2990394609 | DE = -9.56e-07 | DW = 3.94897e-17
Time sweep =     3502.880 | 20.8 TFLOP/SWP
 | Dmem = 141 MB (3%) | Imem = 232 B (79%) | Hmem = 672 MB | Wmem = 4.62 MB | Pmem = 0 B
 | Tread = 78.251 | Twrite = 31.670 | Tfpread = 77.219 | Tfpwrite = 20.207 | Tmporead = 0.000 | Tasync = 0.000
 | data = 14.8 GB | cpsd = 9.71 GB
 | Trot = 188.851 | Tctr = 176.638 | Tint = 0.027 | Tmid = 0.000 | Tdctr = 0.013 | Tdiag = 1.679 | Tinfo = 2.364
 | Teff = 2306.899 | Tprt = 0.000 | Teig = 677.034 | Tblk = 3041.575 | Tmve = 461.292 | Tdm = 2.894 | Tsplt = 39.723 | Tsvd = 0.000 | Torth = 0.000

Sweep =   10 | Direction =  forward | Bond dimension =  550 | Noise =  0.00e+00 | Dav threshold =  1.00e-08
 --> Site =    0 .. Mmps =    2 Ndav =   1 E =   -123.2990394609 Error = 0.00e+00 FLOPS = 2.42e+09 Tdav = 0.00 T = 0.02
 --> Site =    1 .. Mmps =    4 Ndav =   1 E =   -123.2990394609 Error = 0.00e+00 FLOPS = 3.35e+09 Tdav = 0.00 T = 0.05
 --> Site =    2 .. Mmps =    8 Ndav =   1 E =   -123.2990394609 Error = 0.00e+00 FLOPS = 5.62e+09 Tdav = 0.00 T = 0.05
 --> Site =    3 .. Mmps =   16 Ndav =   1 E =   -123.2990394609 Error = 0.00e+00 FLOPS = 8.65e+09 Tdav = 0.00 T = 0.06
 --> Site =    4 .. Mmps =   32 Ndav =   1 E =   -123.2990394609 Error = 0.00e+00 FLOPS = 1.19e+10 Tdav = 0.01 T = 0.07
 --> Site =    5 .. Mmps =   64 Ndav =   1 E =   -123.2990394609 Error = 0.00e+00 FLOPS = 1.51e+10 Tdav = 0.01 T = 0.08
 --> Site =    6 .. Mmps =  128 Ndav =   1 E =   -123.2990394609 Error = 0.00e+00 FLOPS = 1.83e+10 Tdav = 0.02 T = 0.11
 --> Site =    7 .. Mmps =  256 Ndav =   1 E =   -123.2990394609 Error = 0.00e+00 FLOPS = 1.87e+10 Tdav = 0.06 T = 0.21
 --> Site =    8 .. Mmps =  512 Ndav =   1 E =   -123.2990394609 Error = 0.00e+00 FLOPS = 2.25e+10 Tdav = 0.15 T = 0.53
 --> Site =    9 .. Mmps =  550 Ndav =   1 E =   -123.2990394609 Error = 6.99e-25 FLOPS = 2.61e+10 Tdav = 0.41 T = 1.89
 --> Site =   10 .. Mmps =  550 Ndav =   1 E =   -123.2990394609 Error = 2.17e-24 FLOPS = 2.70e+10 Tdav = 0.48 T = 2.61
 --> Site =   11 .. Mmps =  550 Ndav =   1 E =   -123.2990394609 Error = 2.37e-23 FLOPS = 2.73e+10 Tdav = 0.51 T = 2.91
 --> Site =   12 .. Mmps =  550 Ndav =   1 E =   -123.2990394609 Error = 1.64e-22 FLOPS = 2.83e+10 Tdav = 0.53 T = 3.19
 --> Site =   13 .. Mmps =  550 Ndav =   1 E =   -123.2990394609 Error = 4.64e-21 FLOPS = 2.86e+10 Tdav = 0.56 T = 3.51
 --> Site =   14 .. Mmps =  550 Ndav =   2 E =   -123.2990394615 Error = 1.32e-20 FLOPS = 3.09e+10 Tdav = 1.10 T = 4.34
 --> Site =   15 .. Mmps =  550 Ndav =   2 E =   -123.2990394621 Error = 9.44e-20 FLOPS = 3.17e+10 Tdav = 1.13 T = 4.67
 --> Site =   16 .. Mmps =  550 Ndav =   2 E =   -123.2990394632 Error = 2.88e-20 FLOPS = 3.14e+10 Tdav = 1.21 T = 5.06
 --> Site =   17 .. Mmps =  550 Ndav =   2 E =   -123.2990394640 Error = 2.93e-20 FLOPS = 3.09e+10 Tdav = 1.29 T = 5.50
 --> Site =   18 .. Mmps =  550 Ndav =   3 E =   -123.2990394652 Error = 1.54e-20 FLOPS = 3.30e+10 Tdav = 1.91 T = 6.45
 --> Site =   19 .. Mmps =  550 Ndav =   2 E =   -123.2990394660 Error = 1.01e-19 FLOPS = 3.25e+10 Tdav = 1.35 T = 6.24
 --> Site =   20 .. Mmps =  550 Ndav =   3 E =   -123.2990394670 Error = 1.11e-20 FLOPS = 3.31e+10 Tdav = 2.08 T = 7.36
 --> Site =   21 .. Mmps =  550 Ndav =   2 E =   -123.2990394676 Error = 6.80e-20 FLOPS = 3.26e+10 Tdav = 1.47 T = 7.12
 --> Site =   22 .. Mmps =  550 Ndav =   2 E =   -123.2990394682 Error = 1.72e-20 FLOPS = 3.26e+10 Tdav = 1.53 T = 7.61
 --> Site =   23 .. Mmps =  550 Ndav =   3 E =   -123.2990394689 Error = 5.82e-20 FLOPS = 3.33e+10 Tdav = 2.34 T = 8.99
 --> Site =   24 .. Mmps =  550 Ndav =   2 E =   -123.2990394693 Error = 5.74e-21 FLOPS = 3.27e+10 Tdav = 1.65 T = 8.70
 --> Site =   25 .. Mmps =  550 Ndav =   3 E =   -123.2990394700 Error = 2.69e-20 FLOPS = 3.32e+10 Tdav = 2.53 T = 10.03
 --> Site =   26 .. Mmps =  550 Ndav =   2 E =   -123.2990394704 Error = 8.35e-21 FLOPS = 3.27e+10 Tdav = 1.77 T = 9.75
 --> Site =   27 .. Mmps =  550 Ndav =   2 E =   -123.2990394708 Error = 2.37e-20 FLOPS = 3.28e+10 Tdav = 1.83 T = 10.32
 --> Site =   28 .. Mmps =  550 Ndav =   3 E =   -123.2990394718 Error = 4.32e-20 FLOPS = 3.34e+10 Tdav = 2.78 T = 11.79
 --> Site =   29 .. Mmps =  550 Ndav =   2 E =   -123.2990394729 Error = 3.16e-20 FLOPS = 3.30e+10 Tdav = 1.94 T = 11.47
 --> Site =   30 .. Mmps =  550 Ndav =   3 E =   -123.2990394749 Error = 1.71e-20 FLOPS = 3.35e+10 Tdav = 2.95 T = 13.01
 --> Site =   31 .. Mmps =  550 Ndav =   3 E =   -123.2990394766 Error = 1.65e-20 FLOPS = 3.34e+10 Tdav = 3.05 T = 13.70
 --> Site =   32 .. Mmps =  550 Ndav =   3 E =   -123.2990394784 Error = 8.16e-21 FLOPS = 3.35e+10 Tdav = 3.13 T = 14.30
 --> Site =   33 .. Mmps =  550 Ndav =   3 E =   -123.2990394796 Error = 9.59e-21 FLOPS = 3.37e+10 Tdav = 3.20 T = 14.98
 --> Site =   34 .. Mmps =  550 Ndav =   3 E =   -123.2990394809 Error = 1.25e-20 FLOPS = 3.38e+10 Tdav = 3.28 T = 15.57
 --> Site =   35 .. Mmps =  550 Ndav =   2 E =   -123.2990394814 Error = 8.05e-21 FLOPS = 3.33e+10 Tdav = 2.27 T = 15.25
 --> Site =   36 .. Mmps =  550 Ndav =   2 E =   -123.2990394818 Error = 1.76e-20 FLOPS = 3.37e+10 Tdav = 2.31 T = 15.88
 --> Site =   37 .. Mmps =  550 Ndav =   2 E =   -123.2990394822 Error = 2.67e-20 FLOPS = 3.36e+10 Tdav = 2.37 T = 16.54
 --> Site =   38 .. Mmps =  550 Ndav =   2 E =   -123.2990394825 Error = 5.65e-20 FLOPS = 3.36e+10 Tdav = 2.44 T = 17.31
 --> Site =   39 .. Mmps =  550 Ndav =   2 E =   -123.2990394828 Error = 5.15e-21 FLOPS = 3.35e+10 Tdav = 2.50 T = 18.09
 --> Site =   40 .. Mmps =  550 Ndav =   2 E =   -123.2990394832 Error = 4.61e-20 FLOPS = 3.35e+10 Tdav = 2.56 T = 18.84
 --> Site =   41 .. Mmps =  550 Ndav =   2 E =   -123.2990394836 Error = 2.12e-20 FLOPS = 3.35e+10 Tdav = 2.62 T = 19.61
 --> Site =   42 .. Mmps =  550 Ndav =   2 E =   -123.2990394840 Error = 1.50e-20 FLOPS = 3.37e+10 Tdav = 2.67 T = 20.39
 --> Site =   43 .. Mmps =  550 Ndav =   3 E =   -123.2990394852 Error = 3.17e-20 FLOPS = 3.44e+10 Tdav = 3.91 T = 21.97
 --> Site =   44 .. Mmps =  550 Ndav =   2 E =   -123.2990394858 Error = 1.98e-20 FLOPS = 3.38e+10 Tdav = 2.72 T = 21.10
 --> Site =   45 .. Mmps =  550 Ndav =   3 E =   -123.2990394868 Error = 6.37e-21 FLOPS = 3.40e+10 Tdav = 4.05 T = 22.94
 --> Site =   46 .. Mmps =  550 Ndav =   2 E =   -123.2990394872 Error = 1.49e-20 FLOPS = 3.38e+10 Tdav = 2.78 T = 22.03
 --> Site =   47 .. Mmps =  550 Ndav =   2 E =   -123.2990394876 Error = 3.34e-21 FLOPS = 3.42e+10 Tdav = 2.80 T = 22.78
 --> Site =   48 .. Mmps =  550 Ndav =   2 E =   -123.2990394879 Error = 2.17e-20 FLOPS = 3.41e+10 Tdav = 2.81 T = 23.02
 --> Site =   49 .. Mmps =  550 Ndav =   2 E =   -123.2990394882 Error = 2.01e-21 FLOPS = 3.38e+10 Tdav = 2.90 T = 23.70
 --> Site =   50 .. Mmps =  550 Ndav =   1 E =   -123.2990394882 Error = 8.83e-21 FLOPS = 3.32e+10 Tdav = 1.48 T = 22.62
 --> Site =   51 .. Mmps =  550 Ndav =   2 E =   -123.2990394886 Error = 2.02e-20 FLOPS = 3.41e+10 Tdav = 2.93 T = 24.52
 --> Site =   52 .. Mmps =  550 Ndav =   2 E =   -123.2990394888 Error = 1.05e-20 FLOPS = 3.36e+10 Tdav = 3.03 T = 25.43
 --> Site =   53 .. Mmps =  550 Ndav =   2 E =   -123.2990394890 Error = 3.42e-20 FLOPS = 3.42e+10 Tdav = 3.03 T = 26.15
 --> Site =   54 .. Mmps =  550 Ndav =   2 E =   -123.2990394892 Error = 1.21e-20 FLOPS = 3.39e+10 Tdav = 3.06 T = 26.71
 --> Site =   55 .. Mmps =  550 Ndav =   2 E =   -123.2990394896 Error = 1.69e-21 FLOPS = 3.43e+10 Tdav = 3.08 T = 27.15
 --> Site =   56 .. Mmps =  550 Ndav =   2 E =   -123.2990394898 Error = 1.57e-21 FLOPS = 3.39e+10 Tdav = 3.12 T = 27.62
 --> Site =   57 .. Mmps =  550 Ndav =   2 E =   -123.2990394904 Error = 9.17e-21 FLOPS = 3.43e+10 Tdav = 3.08 T = 27.63
 --> Site =   58 .. Mmps =  550 Ndav =   2 E =   -123.2990394908 Error = 4.65e-21 FLOPS = 3.41e+10 Tdav = 3.10 T = 27.53
 --> Site =   59 .. Mmps =  550 Ndav =   2 E =   -123.2990394913 Error = 4.23e-21 FLOPS = 3.41e+10 Tdav = 3.16 T = 28.00
 --> Site =   60 .. Mmps =  550 Ndav =   2 E =   -123.2990394917 Error = 5.40e-22 FLOPS = 3.40e+10 Tdav = 3.17 T = 28.54
 --> Site =   61 .. Mmps =  550 Ndav =   1 E =   -123.2990394917 Error = 2.17e-21 FLOPS = 3.32e+10 Tdav = 1.62 T = 26.93
 --> Site =   62 .. Mmps =  550 Ndav =   1 E =   -123.2990394917 Error = 1.57e-21 FLOPS = 3.30e+10 Tdav = 1.66 T = 27.45
 --> Site =   63 .. Mmps =  550 Ndav =   2 E =   -123.2990394920 Error = 6.42e-21 FLOPS = 3.42e+10 Tdav = 3.21 T = 29.44
 --> Site =   64 .. Mmps =  550 Ndav =   1 E =   -123.2990394920 Error = 4.51e-21 FLOPS = 3.26e+10 Tdav = 1.68 T = 27.87
 --> Site =   65 .. Mmps =  550 Ndav =   1 E =   -123.2990394920 Error = 3.20e-21 FLOPS = 3.32e+10 Tdav = 1.68 T = 28.17
 --> Site =   66 .. Mmps =  550 Ndav =   2 E =   -123.2990394923 Error = 1.14e-20 FLOPS = 3.43e+10 Tdav = 3.20 T = 29.95
 --> Site =   67 .. Mmps =  550 Ndav =   1 E =   -123.2990394923 Error = 1.65e-20 FLOPS = 3.32e+10 Tdav = 1.68 T = 28.25
 --> Site =   68 .. Mmps =  550 Ndav =   2 E =   -123.2990394927 Error = 8.52e-21 FLOPS = 3.44e+10 Tdav = 3.31 T = 30.92
 --> Site =   69 .. Mmps =  550 Ndav =   1 E =   -123.2990394927 Error = 4.69e-20 FLOPS = 3.31e+10 Tdav = 1.72 T = 29.74
 --> Site =   70 .. Mmps =  550 Ndav =   2 E =   -123.2990394930 Error = 5.10e-21 FLOPS = 3.42e+10 Tdav = 3.27 T = 30.87
 --> Site =   71 .. Mmps =  550 Ndav =   2 E =   -123.2990394933 Error = 1.10e-20 FLOPS = 3.39e+10 Tdav = 3.30 T = 30.44
 --> Site =   72 .. Mmps =  550 Ndav =   2 E =   -123.2990394935 Error = 5.04e-21 FLOPS = 3.41e+10 Tdav = 3.33 T = 30.75
 --> Site =   73 .. Mmps =  550 Ndav =   2 E =   -123.2990394937 Error = 2.09e-20 FLOPS = 3.45e+10 Tdav = 3.30 T = 31.38
 --> Site =   74 .. Mmps =  550 Ndav =   2 E =   -123.2990394939 Error = 3.80e-21 FLOPS = 3.40e+10 Tdav = 3.35 T = 31.38
 --> Site =   75 .. Mmps =  550 Ndav =   1 E =   -123.2990394939 Error = 1.51e-20 FLOPS = 3.33e+10 Tdav = 1.71 T = 29.73
 --> Site =   76 .. Mmps =  550 Ndav =   2 E =   -123.2990394941 Error = 1.74e-21 FLOPS = 3.44e+10 Tdav = 3.31 T = 31.32
 --> Site =   77 .. Mmps =  550 Ndav =   1 E =   -123.2990394941 Error = 2.83e-20 FLOPS = 3.33e+10 Tdav = 1.71 T = 29.73
 --> Site =   78 .. Mmps =  550 Ndav =   2 E =   -123.2990394943 Error = 2.86e-21 FLOPS = 3.44e+10 Tdav = 3.30 T = 31.31
 --> Site =   79 .. Mmps =  550 Ndav =   1 E =   -123.2990394943 Error = 1.09e-20 FLOPS = 3.33e+10 Tdav = 1.68 T = 29.24
 --> Site =   80 .. Mmps =  550 Ndav =   2 E =   -123.2990394945 Error = 6.47e-21 FLOPS = 3.44e+10 Tdav = 3.31 T = 30.85
 --> Site =   81 .. Mmps =  550 Ndav =   1 E =   -123.2990394945 Error = 7.33e-21 FLOPS = 3.34e+10 Tdav = 1.73 T = 30.18
 --> Site =   82 .. Mmps =  550 Ndav =   2 E =   -123.2990394948 Error = 1.09e-20 FLOPS = 3.44e+10 Tdav = 3.37 T = 32.34
 --> Site =   83 .. Mmps =  550 Ndav =   1 E =   -123.2990394948 Error = 4.38e-21 FLOPS = 3.33e+10 Tdav = 1.71 T = 30.14
 --> Site =   84 .. Mmps =  550 Ndav =   2 E =   -123.2990394950 Error = 2.52e-20 FLOPS = 3.43e+10 Tdav = 3.32 T = 31.26
 --> Site =   85 .. Mmps =  550 Ndav =   2 E =   -123.2990394952 Error = 1.82e-21 FLOPS = 3.42e+10 Tdav = 3.39 T = 31.89
 --> Site =   86 .. Mmps =  550 Ndav =   2 E =   -123.2990394955 Error = 1.32e-20 FLOPS = 3.43e+10 Tdav = 3.37 T = 32.35
 --> Site =   87 .. Mmps =  550 Ndav =   2 E =   -123.2990394957 Error = 3.03e-21 FLOPS = 3.42e+10 Tdav = 3.33 T = 31.86
 --> Site =   88 .. Mmps =  550 Ndav =   2 E =   -123.2990394959 Error = 1.14e-20 FLOPS = 3.44e+10 Tdav = 3.25 T = 30.78
 --> Site =   89 .. Mmps =  550 Ndav =   2 E =   -123.2990394961 Error = 3.72e-21 FLOPS = 3.44e+10 Tdav = 3.31 T = 30.79
 --> Site =   90 .. Mmps =  550 Ndav =   1 E =   -123.2990394961 Error = 5.19e-20 FLOPS = 3.31e+10 Tdav = 1.72 T = 29.74
 --> Site =   91 .. Mmps =  550 Ndav =   1 E =   -123.2990394961 Error = 4.86e-21 FLOPS = 3.34e+10 Tdav = 1.70 T = 29.73
 --> Site =   92 .. Mmps =  550 Ndav =   1 E =   -123.2990394961 Error = 3.00e-21 FLOPS = 3.33e+10 Tdav = 1.68 T = 29.20
 --> Site =   93 .. Mmps =  550 Ndav =   2 E =   -123.2990394965 Error = 2.86e-20 FLOPS = 3.41e+10 Tdav = 3.34 T = 30.93
 --> Site =   94 .. Mmps =  550 Ndav =   1 E =   -123.2990394965 Error = 1.06e-20 FLOPS = 3.31e+10 Tdav = 1.72 T = 29.82
 --> Site =   95 .. Mmps =  550 Ndav =   2 E =   -123.2990394968 Error = 1.95e-21 FLOPS = 3.39e+10 Tdav = 3.36 T = 31.35
 --> Site =   96 .. Mmps =  550 Ndav =   1 E =   -123.2990394968 Error = 9.25e-21 FLOPS = 3.29e+10 Tdav = 1.70 T = 29.35
 --> Site =   97 .. Mmps =  550 Ndav =   2 E =   -123.2990394970 Error = 2.42e-21 FLOPS = 3.38e+10 Tdav = 3.30 T = 30.52
 --> Site =   98 .. Mmps =  550 Ndav =   1 E =   -123.2990394970 Error = 1.35e-20 FLOPS = 3.33e+10 Tdav = 1.68 T = 28.62
 --> Site =   99 .. Mmps =  550 Ndav =   1 E =   -123.2990394970 Error = 3.52e-21 FLOPS = 3.34e+10 Tdav = 1.70 T = 29.08
 --> Site =  100 .. Mmps =  550 Ndav =   1 E =   -123.2990394970 Error = 1.32e-20 FLOPS = 3.32e+10 Tdav = 1.69 T = 29.15
 --> Site =  101 .. Mmps =  550 Ndav =   2 E =   -123.2990394973 Error = 1.18e-21 FLOPS = 3.44e+10 Tdav = 3.19 T = 29.68
 --> Site =  102 .. Mmps =  550 Ndav =   1 E =   -123.2990394973 Error = 1.29e-20 FLOPS = 3.33e+10 Tdav = 1.65 T = 27.71
 --> Site =  103 .. Mmps =  550 Ndav =   1 E =   -123.2990394973 Error = 1.87e-20 FLOPS = 3.32e+10 Tdav = 1.65 T = 27.75
 --> Site =  104 .. Mmps =  550 Ndav =   1 E =   -123.2990394973 Error = 4.89e-21 FLOPS = 3.31e+10 Tdav = 1.63 T = 27.24
 --> Site =  105 .. Mmps =  550 Ndav =   1 E =   -123.2990394973 Error = 2.26e-21 FLOPS = 3.33e+10 Tdav = 1.62 T = 26.79
 --> Site =  106 .. Mmps =  550 Ndav =   2 E =   -123.2990394975 Error = 1.13e-20 FLOPS = 3.42e+10 Tdav = 3.15 T = 28.36
 --> Site =  107 .. Mmps =  550 Ndav =   2 E =   -123.2990394977 Error = 1.02e-20 FLOPS = 3.43e+10 Tdav = 3.08 T = 27.85
 --> Site =  108 .. Mmps =  550 Ndav =   1 E =   -123.2990394977 Error = 2.84e-21 FLOPS = 3.31e+10 Tdav = 1.63 T = 26.34
 --> Site =  109 .. Mmps =  550 Ndav =   2 E =   -123.2990394981 Error = 5.49e-22 FLOPS = 3.43e+10 Tdav = 3.08 T = 27.99
 --> Site =  110 .. Mmps =  550 Ndav =   2 E =   -123.2990394984 Error = 3.12e-21 FLOPS = 3.43e+10 Tdav = 3.02 T = 26.92
 --> Site =  111 .. Mmps =  550 Ndav =   2 E =   -123.2990394987 Error = 8.51e-21 FLOPS = 3.42e+10 Tdav = 3.04 T = 26.53
 --> Site =  112 .. Mmps =  550 Ndav =   2 E =   -123.2990394989 Error = 2.23e-21 FLOPS = 3.41e+10 Tdav = 3.10 T = 27.00
 --> Site =  113 .. Mmps =  550 Ndav =   1 E =   -123.2990394989 Error = 1.83e-21 FLOPS = 3.31e+10 Tdav = 1.57 T = 25.44
 --> Site =  114 .. Mmps =  550 Ndav =   2 E =   -123.2990394991 Error = 1.74e-21 FLOPS = 3.42e+10 Tdav = 2.98 T = 26.08
 --> Site =  115 .. Mmps =  550 Ndav =   1 E =   -123.2990394991 Error = 1.16e-20 FLOPS = 3.32e+10 Tdav = 1.53 T = 24.16
 --> Site =  116 .. Mmps =  550 Ndav =   2 E =   -123.2990394994 Error = 7.17e-21 FLOPS = 3.41e+10 Tdav = 2.93 T = 25.18
 --> Site =  117 .. Mmps =  550 Ndav =   1 E =   -123.2990394994 Error = 2.16e-21 FLOPS = 3.30e+10 Tdav = 1.48 T = 22.90
 --> Site =  118 .. Mmps =  550 Ndav =   2 E =   -123.2990394997 Error = 1.74e-20 FLOPS = 3.41e+10 Tdav = 2.87 T = 23.93
 --> Site =  119 .. Mmps =  550 Ndav =   2 E =   -123.2990394999 Error = 8.55e-21 FLOPS = 3.41e+10 Tdav = 2.81 T = 23.45
 --> Site =  120 .. Mmps =  550 Ndav =   2 E =   -123.2990395003 Error = 5.35e-21 FLOPS = 3.41e+10 Tdav = 2.75 T = 22.62
 --> Site =  121 .. Mmps =  550 Ndav =   2 E =   -123.2990395006 Error = 1.49e-20 FLOPS = 3.41e+10 Tdav = 2.75 T = 22.26
 --> Site =  122 .. Mmps =  550 Ndav =   3 E =   -123.2990395014 Error = 1.81e-21 FLOPS = 3.44e+10 Tdav = 4.00 T = 23.18
 --> Site =  123 .. Mmps =  550 Ndav =   2 E =   -123.2990395019 Error = 8.57e-21 FLOPS = 3.40e+10 Tdav = 2.70 T = 21.36
 --> Site =  124 .. Mmps =  550 Ndav =   3 E =   -123.2990395029 Error = 4.68e-21 FLOPS = 3.42e+10 Tdav = 3.94 T = 22.28
 --> Site =  125 .. Mmps =  550 Ndav =   2 E =   -123.2990395033 Error = 2.43e-20 FLOPS = 3.41e+10 Tdav = 2.64 T = 20.64
 --> Site =  126 .. Mmps =  550 Ndav =   2 E =   -123.2990395038 Error = 1.25e-20 FLOPS = 3.40e+10 Tdav = 2.58 T = 20.20
 --> Site =  127 .. Mmps =  550 Ndav =   2 E =   -123.2990395040 Error = 1.35e-20 FLOPS = 3.39e+10 Tdav = 2.53 T = 19.46
 --> Site =  128 .. Mmps =  550 Ndav =   2 E =   -123.2990395043 Error = 8.44e-21 FLOPS = 3.40e+10 Tdav = 2.47 T = 18.67
 --> Site =  129 .. Mmps =  550 Ndav =   2 E =   -123.2990395045 Error = 7.29e-20 FLOPS = 3.39e+10 Tdav = 2.41 T = 17.89
 --> Site =  130 .. Mmps =  550 Ndav =   2 E =   -123.2990395048 Error = 7.46e-21 FLOPS = 3.38e+10 Tdav = 2.36 T = 17.16
 --> Site =  131 .. Mmps =  550 Ndav =   2 E =   -123.2990395050 Error = 2.46e-20 FLOPS = 3.39e+10 Tdav = 2.30 T = 16.45
 --> Site =  132 .. Mmps =  550 Ndav =   2 E =   -123.2990395053 Error = 1.47e-20 FLOPS = 3.37e+10 Tdav = 2.25 T = 15.79
 --> Site =  133 .. Mmps =  550 Ndav =   2 E =   -123.2990395056 Error = 9.62e-21 FLOPS = 3.35e+10 Tdav = 2.21 T = 15.17
 --> Site =  134 .. Mmps =  550 Ndav =   2 E =   -123.2990395061 Error = 5.88e-21 FLOPS = 3.33e+10 Tdav = 2.16 T = 14.55
 --> Site =  135 .. Mmps =  550 Ndav =   2 E =   -123.2990395066 Error = 1.95e-20 FLOPS = 3.36e+10 Tdav = 2.08 T = 13.79
 --> Site =  136 .. Mmps =  550 Ndav =   3 E =   -123.2990395079 Error = 4.55e-21 FLOPS = 3.40e+10 Tdav = 2.99 T = 14.11
 --> Site =  137 .. Mmps =  550 Ndav =   2 E =   -123.2990395085 Error = 1.86e-20 FLOPS = 3.34e+10 Tdav = 1.97 T = 12.57
 --> Site =  138 .. Mmps =  550 Ndav =   2 E =   -123.2990395093 Error = 2.48e-21 FLOPS = 3.32e+10 Tdav = 1.92 T = 12.02
 --> Site =  139 .. Mmps =  550 Ndav =   2 E =   -123.2990395098 Error = 8.73e-21 FLOPS = 3.30e+10 Tdav = 1.87 T = 11.49
 --> Site =  140 .. Mmps =  550 Ndav =   2 E =   -123.2990395105 Error = 5.05e-21 FLOPS = 3.29e+10 Tdav = 1.82 T = 10.88
 --> Site =  141 .. Mmps =  550 Ndav =   2 E =   -123.2990395110 Error = 5.93e-21 FLOPS = 3.31e+10 Tdav = 1.75 T = 10.21
 --> Site =  142 .. Mmps =  550 Ndav =   3 E =   -123.2990395120 Error = 1.65e-20 FLOPS = 3.36e+10 Tdav = 2.50 T = 10.48
 --> Site =  143 .. Mmps =  550 Ndav =   1 E =   -123.2990395120 Error = 2.56e-20 FLOPS = 3.12e+10 Tdav = 0.86 T = 8.31
 --> Site =  144 .. Mmps =  550 Ndav =   2 E =   -123.2990395125 Error = 3.65e-21 FLOPS = 3.28e+10 Tdav = 1.58 T = 8.65
 --> Site =  145 .. Mmps =  550 Ndav =   3 E =   -123.2990395133 Error = 3.42e-20 FLOPS = 3.32e+10 Tdav = 2.26 T = 8.83
 --> Site =  146 .. Mmps =  550 Ndav =   2 E =   -123.2990395139 Error = 4.06e-21 FLOPS = 3.25e+10 Tdav = 1.47 T = 7.65
 --> Site =  147 .. Mmps =  550 Ndav =   3 E =   -123.2990395151 Error = 1.83e-20 FLOPS = 3.28e+10 Tdav = 2.10 T = 7.82
 --> Site =  148 .. Mmps =  550 Ndav =   2 E =   -123.2990395160 Error = 4.47e-21 FLOPS = 3.21e+10 Tdav = 1.37 T = 6.71
 --> Site =  149 .. Mmps =  550 Ndav =   3 E =   -123.2990395176 Error = 4.23e-20 FLOPS = 3.27e+10 Tdav = 1.93 T = 6.88
 --> Site =  150 .. Mmps =  550 Ndav =   3 E =   -123.2990395189 Error = 2.67e-21 FLOPS = 3.22e+10 Tdav = 1.86 T = 6.44
 --> Site =  151 .. Mmps =  550 Ndav =   3 E =   -123.2990395203 Error = 2.73e-20 FLOPS = 3.23e+10 Tdav = 1.76 T = 5.98
 --> Site =  152 .. Mmps =  550 Ndav =   2 E =   -123.2990395208 Error = 4.50e-21 FLOPS = 3.12e+10 Tdav = 1.15 T = 5.06
 --> Site =  153 .. Mmps =  550 Ndav =   2 E =   -123.2990395216 Error = 4.41e-20 FLOPS = 3.14e+10 Tdav = 1.08 T = 4.66
 --> Site =  154 .. Mmps =  550 Ndav =   2 E =   -123.2990395221 Error = 1.51e-20 FLOPS = 3.07e+10 Tdav = 1.04 T = 4.32
 --> Site =  155 .. Mmps =  550 Ndav =   3 E =   -123.2990395230 Error = 7.31e-19 FLOPS = 3.16e+10 Tdav = 1.42 T = 4.39
 --> Site =  156 .. Mmps =  550 Ndav =   2 E =   -123.2990395233 Error = 3.38e-19 FLOPS = 3.08e+10 Tdav = 0.91 T = 3.60
 --> Site =  157 .. Mmps =  550 Ndav =   1 E =   -123.2990395233 Error = 4.08e-19 FLOPS = 2.76e+10 Tdav = 0.47 T = 2.91
 --> Site =  158 .. Mmps =  550 Ndav =   1 E =   -123.2990395233 Error = 4.16e-20 FLOPS = 2.70e+10 Tdav = 0.44 T = 2.64
 --> Site =  159 .. Mmps =  550 Ndav =   1 E =   -123.2990395233 Error = 4.14e-25 FLOPS = 2.59e+10 Tdav = 0.39 T = 2.43
 --> Site =  160 .. Mmps =  550 Ndav =   1 E =   -123.2990395233 Error = 2.22e-33 FLOPS = 2.33e+10 Tdav = 0.16 T = 1.92
 --> Site =  161 .. Mmps =  550 Ndav =   1 E =   -123.2990395233 Error = 1.05e-58 FLOPS = 2.09e+10 Tdav = 0.07 T = 1.56
 --> Site =  162 .. Mmps =  550 Ndav =   1 E =   -123.2990395233 Error = 1.44e-84 FLOPS = 1.98e+10 Tdav = 0.03 T = 1.35
 --> Site =  163 .. Mmps =  550 Ndav =   1 E =   -123.2990395233 Error = 1.37e-109 FLOPS = 1.81e+10 Tdav = 0.02 T = 1.18
 --> Site =  164 .. Mmps =  550 Ndav =   1 E =   -123.2990395233 Error = 1.04e-133 FLOPS = 1.55e+10 Tdav = 0.01 T = 1.00
 --> Site =  165 .. Mmps =  550 Ndav =   1 E =   -123.2990395233 Error = 5.56e-155 FLOPS = 8.58e+09 Tdav = 0.01 T = 0.87
 --> Site =  166 .. Mmps =  550 Ndav =   1 E =   -123.2990395233 Error = 6.61e-175 FLOPS = 4.85e+09 Tdav = 0.00 T = 0.66
 --> Site =  167 .. Mmps =  545 Ndav =   1 E =   -123.2990395233 Error = 0.00e+00 FLOPS = 2.66e+09 Tdav = 0.00 T = 0.51
 --> Site =  168 .. Mmps =  547 Ndav =   1 E =   -123.2990395233 Error = 0.00e+00 FLOPS = 2.08e+09 Tdav = 0.00 T = 0.35
Time elapsed =  20914.500 | E =    -123.2990395233 | DE = -6.25e-08 | DW = 7.31419e-19
Time sweep =     2999.602 | 10.6 TFLOP/SWP
 | Dmem = 141 MB (3%) | Imem = 232 B (79%) | Hmem = 672 MB | Wmem = 4.62 MB | Pmem = 0 B
 | Tread = 88.043 | Twrite = 33.739 | Tfpread = 84.900 | Tfpwrite = 21.050 | Tmporead = 0.000 | Tasync = 0.000
 | data = 14.8 GB | cpsd = 11.0 GB
 | Trot = 189.879 | Tctr = 1.413 | Tint = 0.029 | Tmid = 0.000 | Tdctr = 69.370 | Tdiag = 1.674 | Tinfo = 2.187
 | Teff = 2369.256 | Tprt = 0.000 | Teig = 347.298 | Tblk = 2770.481 | Tmve = 229.107 | Tdm = 2.912 | Tsplt = 39.472 | Tsvd = 0.000 | Torth = 0.000

DMRG energy = -123.29903952334647

Local densities:
0.8589042095156523
0.008440960947446103
0.7584941576291174
0.029820586258943675
0.7323730289355936
0.03938553314852308
0.7252099756355505
0.03938551730138666
0.7323729539107808
0.029820529080804247
0.7584941290220419
0.008440943688844037
0.8589042952894062
0.006332312135523573
0.009223104178836653
0.0016580006170511619
0.00795248205629128
0.0018326314617122682
0.008050955521120824
0.0018513796332045706
0.008050946465179825
0.0018326284170196334
0.007952510695124797
0.0016580091213321494
0.009223082460934428
0.006332317396114274
0.7886139381328863
0.0013387993189995936
0.9515276091087965
0.0004556651133396913
0.9501544822001198
0.00045307920103076886
0.9500720025166253
0.00045306926492656854
0.9501544988386476
0.0004556779221959134
0.9515276250644109
0.0013387681184899318
0.788613750348753
0.02035030280205244
0.004585704001526775
0.0018720848926547663
0.0011830238077742577
0.0021914413240185053
0.0011416437953778089
0.0021850910412238625
0.0011416466378303325
0.002191441867672907
0.00118302310980729
0.00187207167026873
0.004585726218100773
0.020350307469737147
0.05571723952866006
0.8221173740686296
0.0009227141242336963
0.974166118339986
0.00025447891846443183
0.9751366515288524
0.00024747529420820244
0.9751366350224191
0.00025447839793846277
0.9741661155334078
0.0009227149679428574
0.8221174307105608
0.0557172076022146
0.02060851679277348
0.00455268367634577
0.001817706558908897
0.0011451792561493423
0.0010924724593913777
0.001094245000802202
0.001090025363281772
0.001094244623985868
0.0010924722255008209
0.0011451786894395737
0.0018177077400056427
0.004552676754896824
0.020608609543902104
0.7909555879415298
0.001178679696801862
0.9522729913140425
0.0003437061386750499
0.9752125468305153
0.000247564033128759
0.9751982510887596
0.0002475627291424419
0.9752125389508233
0.00034370761152078747
0.9522730057730668
0.001178655087018067
0.7909556215680632
0.020608521343289173
0.004552680749329468
0.001817710433868418
0.0011451789070833175
0.0010924700463442105
0.001094238614250191
0.001090022976699656
0.0010942503064878873
0.0010924688913028012
0.0011451791163017931
0.001817706885399093
0.004552687116397263
0.020608507150213194
0.05571719529008333
0.822117437609966
0.0009227122925482161
0.9741661179971715
0.00025447893469581395
0.9751366444567744
0.00024747233727241723
0.975136677457645
0.00025447817127944526
0.9741661310157557
0.0009227119505836184
0.8221174536077123
0.05571718872693066
0.020350306356543377
0.004585717459314494
0.0018720713304894955
0.001183025028741985
0.00219144064918887
0.0011416461312523452
0.0021850881375895244
0.0011416431872895362
0.002191438722973936
0.0011830199779914094
0.0018720765910140472
0.004585714024103729
0.02035029998727066
0.7886140053307001
0.0013387732797002045
0.9515276076321865
0.0004556777919812055
0.9501545210667208
0.00045306888011413196
0.9500720303393416
0.00045307149265126336
0.9501545147490457
0.00045568092107227376
0.9515276146847667
0.001338773336867443
0.7886139324156924
0.00633233083558607
0.009223066737556325
0.0016580117781810565
0.007952498151950732
0.0018326324820469764
0.00805095599640935
0.0018513863375410197
0.008050956874976872
0.0018326230766850288
0.007952496339635419
0.0016580007326062974
0.009223065683731352
0.006332299913563929
0.8589043563212694
0.008440916199328196
0.7584940991109353
0.029820546057970486
0.7323730338703149
0.039385545342172604
0.7252099483085047
0.03938550893531312
0.7323729566713252
0.0298206561529316
0.7584940093009953
0.008440937607163664
0.8589042648173786

corresponding 2D coords:
[(0, 0), (0, 1), (0, 2), (0, 3), (0, 4), (0, 5), (0, 6), (0, 7), (0, 8), (0, 9), (0, 10), (0, 11), (0, 12), (1, 12), (1, 11), (1, 10), (1, 9), (1, 8), (1, 7), (1, 6), (1, 5), (1, 4), (1, 3), (1, 2), (1, 1), (1, 0), (2, 0), (2, 1), (2, 2), (2, 3), (2, 4), (2, 5), (2, 6), (2, 7), (2, 8), (2, 9), (2, 10), (2, 11), (2, 12), (3, 12), (3, 11), (3, 10), (3, 9), (3, 8), (3, 7), (3, 6), (3, 5), (3, 4), (3, 3), (3, 2), (3, 1), (3, 0), (4, 0), (4, 1), (4, 2), (4, 3), (4, 4), (4, 5), (4, 6), (4, 7), (4, 8), (4, 9), (4, 10), (4, 11), (4, 12), (5, 12), (5, 11), (5, 10), (5, 9), (5, 8), (5, 7), (5, 6), (5, 5), (5, 4), (5, 3), (5, 2), (5, 1), (5, 0), (6, 0), (6, 1), (6, 2), (6, 3), (6, 4), (6, 5), (6, 6), (6, 7), (6, 8), (6, 9), (6, 10), (6, 11), (6, 12), (7, 12), (7, 11), (7, 10), (7, 9), (7, 8), (7, 7), (7, 6), (7, 5), (7, 4), (7, 3), (7, 2), (7, 1), (7, 0), (8, 0), (8, 1), (8, 2), (8, 3), (8, 4), (8, 5), (8, 6), (8, 7), (8, 8), (8, 9), (8, 10), (8, 11), (8, 12), (9, 12), (9, 11), (9, 10), (9, 9), (9, 8), (9, 7), (9, 6), (9, 5), (9, 4), (9, 3), (9, 2), (9, 1), (9, 0), (10, 0), (10, 1), (10, 2), (10, 3), (10, 4), (10, 5), (10, 6), (10, 7), (10, 8), (10, 9), (10, 10), (10, 11), (10, 12), (11, 12), (11, 11), (11, 10), (11, 9), (11, 8), (11, 7), (11, 6), (11, 5), (11, 4), (11, 3), (11, 2), (11, 1), (11, 0), (12, 0), (12, 1), (12, 2), (12, 3), (12, 4), (12, 5), (12, 6), (12, 7), (12, 8), (12, 9), (12, 10), (12, 11), (12, 12)]

Saved density data:
PKL → /users/ylokare/2D_DMRG_calculations/results/13_by_13_lattice/Local_densities/Parameter_sweep/Rb1.65/density_Lx13_Ly13_Dmax550_delta4.6_Rb1.65_alpha0.05_nedge4_dbound1.8_no_modulated_boundary.pkl
CSV → /users/ylokare/2D_DMRG_calculations/results/13_by_13_lattice/Local_densities/Parameter_sweep/Rb1.65/density_Lx13_Ly13_Dmax550_delta4.6_Rb1.65_alpha0.05_nedge4_dbound1.8_no_modulated_boundary.csv
