Lx=13, Ly=13, delta=3.7, Rb=1.4, alpha=0.05, n_edge=0, delta_boundary=1.8, USE_STAR_MODULATION=False, USE_UNIFORM_OMEGA=True
running Lx=13, Ly=13, delta=3.7, Rb=1.4, alpha=0.05, n_edge=0, delta_boundary=1.8
scratch id=46827
Copying previous MPS/MPO data from /users/ylokare/2D_DMRG_calculations/data/tmp748855 to /oscar/scratch/ylokare/tmp46827

Build MPO | Nsites =   169 | Nterms =      14534 | Algorithm = FastSVD | Cutoff = 1.00e-16 | Max bond dimension =    -1
 Site =     0 /   169 .. Mmpo =     3 DW = 0.00e+00 Error = 1.34e-15 NNZ =        3 SPT = 0.0000 Tsvd = 0.060 T = 0.090
 Site =     1 /   169 .. Mmpo =     4 DW = 1.05e-33 Error = 6.43e-15 NNZ =       10 SPT = 0.1667 Tsvd = 0.002 T = 0.006
 Site =     2 /   169 .. Mmpo =     5 DW = 5.40e-31 Error = 1.08e-14 NNZ =       17 SPT = 0.1500 Tsvd = 0.000 T = 0.006
 Site =     3 /   169 .. Mmpo =     6 DW = 1.92e-31 Error = 2.80e-14 NNZ =       26 SPT = 0.1333 Tsvd = 0.018 T = 0.025
 Site =     4 /   169 .. Mmpo =     7 DW = 5.33e-31 Error = 2.01e-14 NNZ =       37 SPT = 0.1190 Tsvd = 0.000 T = 0.009
 Site =     5 /   169 .. Mmpo =     8 DW = 1.79e-30 Error = 1.98e-14 NNZ =       50 SPT = 0.1071 Tsvd = 0.000 T = 0.010
 Site =     6 /   169 .. Mmpo =     9 DW = 1.54e-30 Error = 2.92e-14 NNZ =       65 SPT = 0.0972 Tsvd = 0.000 T = 0.011
 Site =     7 /   169 .. Mmpo =    10 DW = 9.56e-31 Error = 1.03e-13 NNZ =       82 SPT = 0.0889 Tsvd = 0.000 T = 0.013
 Site =     8 /   169 .. Mmpo =    11 DW = 8.05e-31 Error = 1.13e-13 NNZ =      101 SPT = 0.0818 Tsvd = 0.000 T = 0.014
 Site =     9 /   169 .. Mmpo =    12 DW = 2.66e-30 Error = 6.63e-14 NNZ =      122 SPT = 0.0758 Tsvd = 0.000 T = 0.016
 Site =    10 /   169 .. Mmpo =    13 DW = 3.20e-30 Error = 1.98e-13 NNZ =      145 SPT = 0.0705 Tsvd = 0.000 T = 0.017
 Site =    11 /   169 .. Mmpo =    14 DW = 1.81e-30 Error = 5.46e-14 NNZ =      170 SPT = 0.0659 Tsvd = 0.000 T = 0.018
 Site =    12 /   169 .. Mmpo =    15 DW = 7.84e-31 Error = 5.29e-14 NNZ =      197 SPT = 0.0619 Tsvd = 0.000 T = 0.020
 Site =    13 /   169 .. Mmpo =    16 DW = 1.10e-30 Error = 2.91e-13 NNZ =      226 SPT = 0.0583 Tsvd = 0.000 T = 0.020
 Site =    14 /   169 .. Mmpo =    17 DW = 2.10e-30 Error = 7.85e-14 NNZ =      257 SPT = 0.0551 Tsvd = 0.000 T = 0.022
 Site =    15 /   169 .. Mmpo =    18 DW = 1.93e-29 Error = 1.96e-13 NNZ =      290 SPT = 0.0523 Tsvd = 0.006 T = 0.029
 Site =    16 /   169 .. Mmpo =    19 DW = 3.11e-29 Error = 3.89e-13 NNZ =      325 SPT = 0.0497 Tsvd = 0.000 T = 0.025
 Site =    17 /   169 .. Mmpo =    20 DW = 1.24e-29 Error = 1.33e-13 NNZ =      362 SPT = 0.0474 Tsvd = 0.000 T = 0.026
 Site =    18 /   169 .. Mmpo =    21 DW = 1.56e-29 Error = 8.23e-14 NNZ =      401 SPT = 0.0452 Tsvd = 0.001 T = 0.027
 Site =    19 /   169 .. Mmpo =    22 DW = 1.39e-29 Error = 2.40e-13 NNZ =      442 SPT = 0.0433 Tsvd = 0.001 T = 0.029
 Site =    20 /   169 .. Mmpo =    23 DW = 4.18e-29 Error = 1.45e-13 NNZ =      485 SPT = 0.0415 Tsvd = 0.001 T = 0.030
 Site =    21 /   169 .. Mmpo =    24 DW = 1.34e-29 Error = 8.85e-14 NNZ =      530 SPT = 0.0399 Tsvd = 0.001 T = 0.031
 Site =    22 /   169 .. Mmpo =    25 DW = 1.58e-29 Error = 4.06e-13 NNZ =      577 SPT = 0.0383 Tsvd = 0.006 T = 0.038
 Site =    23 /   169 .. Mmpo =    26 DW = 7.49e-30 Error = 2.23e-13 NNZ =      626 SPT = 0.0369 Tsvd = 0.001 T = 0.033
 Site =    24 /   169 .. Mmpo =    27 DW = 1.37e-29 Error = 9.57e-14 NNZ =      677 SPT = 0.0356 Tsvd = 0.001 T = 0.034
 Site =    25 /   169 .. Mmpo =    28 DW = 3.62e-30 Error = 4.34e-13 NNZ =      730 SPT = 0.0344 Tsvd = 0.001 T = 0.036
 Site =    26 /   169 .. Mmpo =    29 DW = 4.55e-30 Error = 9.33e-14 NNZ =      785 SPT = 0.0333 Tsvd = 0.003 T = 0.038
 Site =    27 /   169 .. Mmpo =    30 DW = 3.52e-30 Error = 9.09e-14 NNZ =      842 SPT = 0.0322 Tsvd = 0.001 T = 0.038
 Site =    28 /   169 .. Mmpo =    31 DW = 4.67e-30 Error = 5.32e-13 NNZ =      901 SPT = 0.0312 Tsvd = 0.001 T = 0.039
 Site =    29 /   169 .. Mmpo =    32 DW = 6.86e-30 Error = 3.50e-13 NNZ =      962 SPT = 0.0302 Tsvd = 0.001 T = 0.040
 Site =    30 /   169 .. Mmpo =    33 DW = 7.42e-30 Error = 2.18e-13 NNZ =     1025 SPT = 0.0294 Tsvd = 0.001 T = 0.042
 Site =    31 /   169 .. Mmpo =    34 DW = 1.05e-30 Error = 2.02e-13 NNZ =     1090 SPT = 0.0285 Tsvd = 0.009 T = 0.051
 Site =    32 /   169 .. Mmpo =    35 DW = 9.36e-30 Error = 1.09e-13 NNZ =     1157 SPT = 0.0277 Tsvd = 0.001 T = 0.044
 Site =    33 /   169 .. Mmpo =    36 DW = 1.05e-29 Error = 1.06e-13 NNZ =     1226 SPT = 0.0270 Tsvd = 0.001 T = 0.045
 Site =    34 /   169 .. Mmpo =    37 DW = 4.69e-30 Error = 8.45e-14 NNZ =     1297 SPT = 0.0263 Tsvd = 0.001 T = 0.046
 Site =    35 /   169 .. Mmpo =    38 DW = 5.51e-30 Error = 7.79e-14 NNZ =     1370 SPT = 0.0256 Tsvd = 0.001 T = 0.047
 Site =    36 /   169 .. Mmpo =    39 DW = 8.64e-30 Error = 6.24e-13 NNZ =     1445 SPT = 0.0250 Tsvd = 0.001 T = 0.048
 Site =    37 /   169 .. Mmpo =    40 DW = 1.57e-29 Error = 3.64e-13 NNZ =     1522 SPT = 0.0244 Tsvd = 0.002 T = 0.049
 Site =    38 /   169 .. Mmpo =    41 DW = 1.20e-29 Error = 5.03e-13 NNZ =     1601 SPT = 0.0238 Tsvd = 0.001 T = 0.049
 Site =    39 /   169 .. Mmpo =    42 DW = 4.28e-30 Error = 3.09e-13 NNZ =     1682 SPT = 0.0232 Tsvd = 0.001 T = 0.050
 Site =    40 /   169 .. Mmpo =    43 DW = 2.96e-30 Error = 3.02e-13 NNZ =     1765 SPT = 0.0227 Tsvd = 0.001 T = 0.052
 Site =    41 /   169 .. Mmpo =    44 DW = 8.86e-30 Error = 2.51e-13 NNZ =     1850 SPT = 0.0222 Tsvd = 0.001 T = 0.052
 Site =    42 /   169 .. Mmpo =    45 DW = 5.53e-29 Error = 1.99e-13 NNZ =     1937 SPT = 0.0217 Tsvd = 0.001 T = 0.053
 Site =    43 /   169 .. Mmpo =    44 DW = 9.12e-17 Error = 9.55e-09 NNZ =     1936 SPT = 0.0222 Tsvd = 0.001 T = 0.054
 Site =    44 /   169 .. Mmpo =    45 DW = 3.13e-29 Error = 1.19e-13 NNZ =     1937 SPT = 0.0217 Tsvd = 0.001 T = 0.053
 Site =    45 /   169 .. Mmpo =    46 DW = 4.65e-30 Error = 1.23e-13 NNZ =     2026 SPT = 0.0213 Tsvd = 0.001 T = 0.054
 Site =    46 /   169 .. Mmpo =    46 DW = 5.05e-17 Error = 7.10e-09 NNZ =     2071 SPT = 0.0213 Tsvd = 0.001 T = 0.054
 Site =    47 /   169 .. Mmpo =    47 DW = 7.13e-29 Error = 9.32e-14 NNZ =     2117 SPT = 0.0208 Tsvd = 0.001 T = 0.054
 Site =    48 /   169 .. Mmpo =    48 DW = 6.40e-29 Error = 1.31e-13 NNZ =     2210 SPT = 0.0204 Tsvd = 0.001 T = 0.055
 Site =    49 /   169 .. Mmpo =    48 DW = 5.07e-17 Error = 7.12e-09 NNZ =     2257 SPT = 0.0204 Tsvd = 0.001 T = 0.056
 Site =    50 /   169 .. Mmpo =    49 DW = 3.94e-29 Error = 6.14e-14 NNZ =     2305 SPT = 0.0200 Tsvd = 0.001 T = 0.056
 Site =    51 /   169 .. Mmpo =    49 DW = 2.46e-17 Error = 4.96e-09 NNZ =     2353 SPT = 0.0200 Tsvd = 0.002 T = 0.056
 Site =    52 /   169 .. Mmpo =    50 DW = 1.45e-28 Error = 8.08e-13 NNZ =     2402 SPT = 0.0196 Tsvd = 0.001 T = 0.056
 Site =    53 /   169 .. Mmpo =    51 DW = 1.53e-28 Error = 8.52e-13 NNZ =     2501 SPT = 0.0192 Tsvd = 0.002 T = 0.057
 Site =    54 /   169 .. Mmpo =    51 DW = 1.84e-17 Error = 4.29e-09 NNZ =     2551 SPT = 0.0192 Tsvd = 0.002 T = 0.058
 Site =    55 /   169 .. Mmpo =    51 DW = 4.96e-17 Error = 7.04e-09 NNZ =     2551 SPT = 0.0192 Tsvd = 0.002 T = 0.057
 Site =    56 /   169 .. Mmpo =    51 DW = 1.74e-17 Error = 4.18e-09 NNZ =     2551 SPT = 0.0192 Tsvd = 0.001 T = 0.057
 Site =    57 /   169 .. Mmpo =    51 DW = 9.34e-17 Error = 9.66e-09 NNZ =     2551 SPT = 0.0192 Tsvd = 0.002 T = 0.057
 Site =    58 /   169 .. Mmpo =    51 DW = 2.53e-17 Error = 5.03e-09 NNZ =     2551 SPT = 0.0192 Tsvd = 0.002 T = 0.057
 Site =    59 /   169 .. Mmpo =    51 DW = 7.19e-17 Error = 8.48e-09 NNZ =     2551 SPT = 0.0192 Tsvd = 0.002 T = 0.056
 Site =    60 /   169 .. Mmpo =    52 DW = 5.52e-26 Error = 3.39e-13 NNZ =     2602 SPT = 0.0189 Tsvd = 0.001 T = 0.056
 Site =    61 /   169 .. Mmpo =    53 DW = 4.20e-26 Error = 3.22e-13 NNZ =     2705 SPT = 0.0185 Tsvd = 0.002 T = 0.057
 Site =    62 /   169 .. Mmpo =    53 DW = 2.57e-17 Error = 5.07e-09 NNZ =     2757 SPT = 0.0185 Tsvd = 0.002 T = 0.057
 Site =    63 /   169 .. Mmpo =    54 DW = 2.04e-26 Error = 2.00e-13 NNZ =     2810 SPT = 0.0182 Tsvd = 0.002 T = 0.056
 Site =    64 /   169 .. Mmpo =    54 DW = 1.83e-17 Error = 4.28e-09 NNZ =     2862 SPT = 0.0185 Tsvd = 0.004 T = 0.059
 Site =    65 /   169 .. Mmpo =    54 DW = 7.46e-17 Error = 8.64e-09 NNZ =     2863 SPT = 0.0182 Tsvd = 0.002 T = 0.056
 Site =    66 /   169 .. Mmpo =    54 DW = 7.43e-17 Error = 8.62e-09 NNZ =     2863 SPT = 0.0182 Tsvd = 0.002 T = 0.057
 Site =    67 /   169 .. Mmpo =    54 DW = 2.60e-17 Error = 5.10e-09 NNZ =     2863 SPT = 0.0182 Tsvd = 0.002 T = 0.056
 Site =    68 /   169 .. Mmpo =    54 DW = 4.06e-17 Error = 6.37e-09 NNZ =     2863 SPT = 0.0182 Tsvd = 0.002 T = 0.055
 Site =    69 /   169 .. Mmpo =    54 DW = 1.82e-17 Error = 4.27e-09 NNZ =     2863 SPT = 0.0182 Tsvd = 0.002 T = 0.055
 Site =    70 /   169 .. Mmpo =    54 DW = 6.94e-17 Error = 8.33e-09 NNZ =     2863 SPT = 0.0182 Tsvd = 0.002 T = 0.055
 Site =    71 /   169 .. Mmpo =    54 DW = 1.74e-17 Error = 4.17e-09 NNZ =     2863 SPT = 0.0182 Tsvd = 0.002 T = 0.054
 Site =    72 /   169 .. Mmpo =    54 DW = 4.53e-17 Error = 6.73e-09 NNZ =     2863 SPT = 0.0182 Tsvd = 0.002 T = 0.054
 Site =    73 /   169 .. Mmpo =    54 DW = 6.63e-17 Error = 8.14e-09 NNZ =     2863 SPT = 0.0182 Tsvd = 0.002 T = 0.054
 Site =    74 /   169 .. Mmpo =    55 DW = 9.83e-24 Error = 3.14e-12 NNZ =     2915 SPT = 0.0185 Tsvd = 0.002 T = 0.053
 Site =    75 /   169 .. Mmpo =    55 DW = 6.25e-17 Error = 7.91e-09 NNZ =     2971 SPT = 0.0179 Tsvd = 0.002 T = 0.053
 Site =    76 /   169 .. Mmpo =    54 DW = 1.66e-16 Error = 1.29e-08 NNZ =     2916 SPT = 0.0182 Tsvd = 0.002 T = 0.053
 Site =    77 /   169 .. Mmpo =    55 DW = 1.99e-23 Error = 4.47e-12 NNZ =     2917 SPT = 0.0178 Tsvd = 0.002 T = 0.050
 Site =    78 /   169 .. Mmpo =    54 DW = 9.51e-17 Error = 9.75e-09 NNZ =     2916 SPT = 0.0182 Tsvd = 0.002 T = 0.051
 Site =    79 /   169 .. Mmpo =    55 DW = 3.52e-23 Error = 5.94e-12 NNZ =     2917 SPT = 0.0178 Tsvd = 0.002 T = 0.051
 Site =    80 /   169 .. Mmpo =    55 DW = 2.49e-17 Error = 4.99e-09 NNZ =     2970 SPT = 0.0182 Tsvd = 0.002 T = 0.051
 Site =    81 /   169 .. Mmpo =    54 DW = 6.08e-17 Error = 7.80e-09 NNZ =     2916 SPT = 0.0182 Tsvd = 0.002 T = 0.051
 Site =    82 /   169 .. Mmpo =    54 DW = 2.06e-17 Error = 4.54e-09 NNZ =     2863 SPT = 0.0182 Tsvd = 0.001 T = 0.049
 Site =    83 /   169 .. Mmpo =    54 DW = 7.94e-17 Error = 8.91e-09 NNZ =     2862 SPT = 0.0185 Tsvd = 0.002 T = 0.049
 Site =    84 /   169 .. Mmpo =    54 DW = 1.58e-17 Error = 3.98e-09 NNZ =     2858 SPT = 0.0199 Tsvd = 0.002 T = 0.048
 Site =    85 /   169 .. Mmpo =    54 DW = 4.52e-17 Error = 6.72e-09 NNZ =     2862 SPT = 0.0185 Tsvd = 0.001 T = 0.049
 Site =    86 /   169 .. Mmpo =    54 DW = 7.02e-17 Error = 8.38e-09 NNZ =     2862 SPT = 0.0185 Tsvd = 0.002 T = 0.047
 Site =    87 /   169 .. Mmpo =    55 DW = 3.74e-23 Error = 6.19e-12 NNZ =     2916 SPT = 0.0182 Tsvd = 0.001 T = 0.047
 Site =    88 /   169 .. Mmpo =    55 DW = 6.57e-17 Error = 8.10e-09 NNZ =     2970 SPT = 0.0182 Tsvd = 0.001 T = 0.047
 Site =    89 /   169 .. Mmpo =    55 DW = 6.88e-17 Error = 8.29e-09 NNZ =     2971 SPT = 0.0179 Tsvd = 0.001 T = 0.047
 Site =    90 /   169 .. Mmpo =    55 DW = 2.43e-17 Error = 4.93e-09 NNZ =     2970 SPT = 0.0182 Tsvd = 0.001 T = 0.046
 Site =    91 /   169 .. Mmpo =    54 DW = 1.37e-16 Error = 1.17e-08 NNZ =     2916 SPT = 0.0182 Tsvd = 0.001 T = 0.046
 Site =    92 /   169 .. Mmpo =    55 DW = 1.37e-22 Error = 1.17e-11 NNZ =     2917 SPT = 0.0178 Tsvd = 0.001 T = 0.045
 Site =    93 /   169 .. Mmpo =    55 DW = 1.93e-17 Error = 4.39e-09 NNZ =     2971 SPT = 0.0179 Tsvd = 0.001 T = 0.045
 Site =    94 /   169 .. Mmpo =    54 DW = 4.21e-17 Error = 6.49e-09 NNZ =     2916 SPT = 0.0182 Tsvd = 0.001 T = 0.044
 Site =    95 /   169 .. Mmpo =    54 DW = 1.24e-17 Error = 3.52e-09 NNZ =     2862 SPT = 0.0185 Tsvd = 0.001 T = 0.043
 Site =    96 /   169 .. Mmpo =    54 DW = 6.74e-17 Error = 8.21e-09 NNZ =     2862 SPT = 0.0185 Tsvd = 0.001 T = 0.043
 Site =    97 /   169 .. Mmpo =    54 DW = 1.22e-17 Error = 3.49e-09 NNZ =     2863 SPT = 0.0182 Tsvd = 0.001 T = 0.042
 Site =    98 /   169 .. Mmpo =    54 DW = 2.84e-17 Error = 5.33e-09 NNZ =     2862 SPT = 0.0185 Tsvd = 0.001 T = 0.041
 Site =    99 /   169 .. Mmpo =    54 DW = 2.99e-17 Error = 5.47e-09 NNZ =     2862 SPT = 0.0185 Tsvd = 0.001 T = 0.042
 Site =   100 /   169 .. Mmpo =    54 DW = 8.21e-17 Error = 9.06e-09 NNZ =     2862 SPT = 0.0185 Tsvd = 0.001 T = 0.041
 Site =   101 /   169 .. Mmpo =    54 DW = 1.22e-17 Error = 3.50e-09 NNZ =     2863 SPT = 0.0182 Tsvd = 0.001 T = 0.040
 Site =   102 /   169 .. Mmpo =    54 DW = 6.19e-17 Error = 7.87e-09 NNZ =     2863 SPT = 0.0182 Tsvd = 0.003 T = 0.041
 Site =   103 /   169 .. Mmpo =    53 DW = 6.81e-17 Error = 8.25e-09 NNZ =     2808 SPT = 0.0189 Tsvd = 0.001 T = 0.038
 Site =   104 /   169 .. Mmpo =    53 DW = 5.71e-17 Error = 7.56e-09 NNZ =     2757 SPT = 0.0185 Tsvd = 0.001 T = 0.038
 Site =   105 /   169 .. Mmpo =    53 DW = 9.00e-18 Error = 3.00e-09 NNZ =     2756 SPT = 0.0189 Tsvd = 0.001 T = 0.037
 Site =   106 /   169 .. Mmpo =    52 DW = 1.26e-16 Error = 1.12e-08 NNZ =     2704 SPT = 0.0189 Tsvd = 0.001 T = 0.036
 Site =   107 /   169 .. Mmpo =    51 DW = 7.89e-17 Error = 8.88e-09 NNZ =     2601 SPT = 0.0192 Tsvd = 0.001 T = 0.036
 Site =   108 /   169 .. Mmpo =    51 DW = 3.24e-17 Error = 5.69e-09 NNZ =     2551 SPT = 0.0192 Tsvd = 0.001 T = 0.035
 Site =   109 /   169 .. Mmpo =    51 DW = 3.86e-17 Error = 6.21e-09 NNZ =     2551 SPT = 0.0192 Tsvd = 0.001 T = 0.035
 Site =   110 /   169 .. Mmpo =    51 DW = 1.89e-17 Error = 4.35e-09 NNZ =     2551 SPT = 0.0192 Tsvd = 0.001 T = 0.034
 Site =   111 /   169 .. Mmpo =    51 DW = 1.79e-17 Error = 4.23e-09 NNZ =     2550 SPT = 0.0196 Tsvd = 0.001 T = 0.034
 Site =   112 /   169 .. Mmpo =    51 DW = 4.00e-17 Error = 6.33e-09 NNZ =     2551 SPT = 0.0192 Tsvd = 0.001 T = 0.033
 Site =   113 /   169 .. Mmpo =    51 DW = 5.52e-18 Error = 2.35e-09 NNZ =     2550 SPT = 0.0196 Tsvd = 0.001 T = 0.032
 Site =   114 /   169 .. Mmpo =    51 DW = 5.84e-18 Error = 2.42e-09 NNZ =     2551 SPT = 0.0192 Tsvd = 0.001 T = 0.031
 Site =   115 /   169 .. Mmpo =    50 DW = 2.50e-17 Error = 5.00e-09 NNZ =     2500 SPT = 0.0196 Tsvd = 0.001 T = 0.031
 Site =   116 /   169 .. Mmpo =    49 DW = 2.37e-18 Error = 1.54e-09 NNZ =     2400 SPT = 0.0204 Tsvd = 0.001 T = 0.029
 Site =   117 /   169 .. Mmpo =    49 DW = 5.37e-18 Error = 2.32e-09 NNZ =     2353 SPT = 0.0200 Tsvd = 0.001 T = 0.029
 Site =   118 /   169 .. Mmpo =    48 DW = 3.26e-17 Error = 5.71e-09 NNZ =     2303 SPT = 0.0208 Tsvd = 0.001 T = 0.028
 Site =   119 /   169 .. Mmpo =    47 DW = 7.86e-17 Error = 8.87e-09 NNZ =     2209 SPT = 0.0208 Tsvd = 0.001 T = 0.027
 Site =   120 /   169 .. Mmpo =    47 DW = 7.37e-18 Error = 2.72e-09 NNZ =     2163 SPT = 0.0208 Tsvd = 0.001 T = 0.027
 Site =   121 /   169 .. Mmpo =    46 DW = 3.37e-17 Error = 5.80e-09 NNZ =     2115 SPT = 0.0217 Tsvd = 0.001 T = 0.026
 Site =   122 /   169 .. Mmpo =    46 DW = 2.66e-18 Error = 1.63e-09 NNZ =     2070 SPT = 0.0217 Tsvd = 0.001 T = 0.025
 Site =   123 /   169 .. Mmpo =    45 DW = 2.23e-17 Error = 4.72e-09 NNZ =     2024 SPT = 0.0222 Tsvd = 0.001 T = 0.024
 Site =   124 /   169 .. Mmpo =    44 DW = 5.48e-17 Error = 7.41e-09 NNZ =     1935 SPT = 0.0227 Tsvd = 0.001 T = 0.023
 Site =   125 /   169 .. Mmpo =    44 DW = 8.19e-17 Error = 9.05e-09 NNZ =     1893 SPT = 0.0222 Tsvd = 0.001 T = 0.022
 Site =   126 /   169 .. Mmpo =    44 DW = 8.97e-39 Error = 9.23e-14 NNZ =     1892 SPT = 0.0227 Tsvd = 0.001 T = 0.022
 Site =   127 /   169 .. Mmpo =    43 DW = 3.24e-36 Error = 7.60e-14 NNZ =     1849 SPT = 0.0227 Tsvd = 0.001 T = 0.022
 Site =   128 /   169 .. Mmpo =    42 DW = 1.11e-35 Error = 7.96e-14 NNZ =     1763 SPT = 0.0238 Tsvd = 0.001 T = 0.023
 Site =   129 /   169 .. Mmpo =    41 DW = 1.83e-36 Error = 4.88e-13 NNZ =     1680 SPT = 0.0244 Tsvd = 0.001 T = 0.020
 Site =   130 /   169 .. Mmpo =    40 DW = 1.52e-36 Error = 6.90e-14 NNZ =     1600 SPT = 0.0244 Tsvd = 0.001 T = 0.019
 Site =   131 /   169 .. Mmpo =    39 DW = 8.67e-37 Error = 6.72e-14 NNZ =     1521 SPT = 0.0250 Tsvd = 0.001 T = 0.018
 Site =   132 /   169 .. Mmpo =    38 DW = 6.38e-37 Error = 6.47e-14 NNZ =     1444 SPT = 0.0256 Tsvd = 0.000 T = 0.017
 Site =   133 /   169 .. Mmpo =    37 DW = 3.22e-37 Error = 6.33e-14 NNZ =     1369 SPT = 0.0263 Tsvd = 0.000 T = 0.016
 Site =   134 /   169 .. Mmpo =    36 DW = 1.20e-37 Error = 6.44e-14 NNZ =     1296 SPT = 0.0270 Tsvd = 0.000 T = 0.015
 Site =   135 /   169 .. Mmpo =    35 DW = 3.04e-36 Error = 7.39e-14 NNZ =     1225 SPT = 0.0278 Tsvd = 0.000 T = 0.014
 Site =   136 /   169 .. Mmpo =    34 DW = 4.58e-36 Error = 5.78e-14 NNZ =     1156 SPT = 0.0286 Tsvd = 0.000 T = 0.014
 Site =   137 /   169 .. Mmpo =    33 DW = 1.13e-36 Error = 6.47e-14 NNZ =     1089 SPT = 0.0294 Tsvd = 0.000 T = 0.013
 Site =   138 /   169 .. Mmpo =    32 DW = 2.33e-37 Error = 9.25e-14 NNZ =     1024 SPT = 0.0303 Tsvd = 0.000 T = 0.012
 Site =   139 /   169 .. Mmpo =    31 DW = 6.65e-38 Error = 6.41e-14 NNZ =      961 SPT = 0.0312 Tsvd = 0.000 T = 0.011
 Site =   140 /   169 .. Mmpo =    30 DW = 8.88e-37 Error = 6.45e-14 NNZ =      900 SPT = 0.0323 Tsvd = 0.000 T = 0.010
 Site =   141 /   169 .. Mmpo =    29 DW = 2.30e-37 Error = 6.66e-14 NNZ =      841 SPT = 0.0333 Tsvd = 0.000 T = 0.010
 Site =   142 /   169 .. Mmpo =    28 DW = 1.47e-36 Error = 2.72e-13 NNZ =      784 SPT = 0.0345 Tsvd = 0.000 T = 0.009
 Site =   143 /   169 .. Mmpo =    27 DW = 6.71e-38 Error = 7.60e-14 NNZ =      729 SPT = 0.0357 Tsvd = 0.000 T = 0.009
 Site =   144 /   169 .. Mmpo =    26 DW = 5.85e-37 Error = 1.11e-13 NNZ =      676 SPT = 0.0370 Tsvd = 0.000 T = 0.008
 Site =   145 /   169 .. Mmpo =    25 DW = 2.05e-38 Error = 6.07e-14 NNZ =      625 SPT = 0.0385 Tsvd = 0.000 T = 0.008
 Site =   146 /   169 .. Mmpo =    24 DW = 7.75e-38 Error = 1.33e-13 NNZ =      576 SPT = 0.0400 Tsvd = 0.000 T = 0.007
 Site =   147 /   169 .. Mmpo =    23 DW = 4.80e-38 Error = 1.15e-13 NNZ =      529 SPT = 0.0417 Tsvd = 0.000 T = 0.006
 Site =   148 /   169 .. Mmpo =    22 DW = 3.42e-39 Error = 8.57e-14 NNZ =      484 SPT = 0.0435 Tsvd = 0.000 T = 0.006
 Site =   149 /   169 .. Mmpo =    21 DW = 7.83e-37 Error = 5.96e-14 NNZ =      441 SPT = 0.0455 Tsvd = 0.000 T = 0.005
 Site =   150 /   169 .. Mmpo =    20 DW = 9.03e-38 Error = 5.26e-14 NNZ =      400 SPT = 0.0476 Tsvd = 0.000 T = 0.005
 Site =   151 /   169 .. Mmpo =    19 DW = 9.39e-39 Error = 6.83e-14 NNZ =      361 SPT = 0.0500 Tsvd = 0.000 T = 0.005
 Site =   152 /   169 .. Mmpo =    18 DW = 1.89e-37 Error = 7.37e-14 NNZ =      324 SPT = 0.0526 Tsvd = 0.000 T = 0.004
 Site =   153 /   169 .. Mmpo =    17 DW = 6.02e-39 Error = 1.00e-13 NNZ =      289 SPT = 0.0556 Tsvd = 0.000 T = 0.004
 Site =   154 /   169 .. Mmpo =    16 DW = 2.35e-38 Error = 1.48e-12 NNZ =      256 SPT = 0.0588 Tsvd = 0.000 T = 0.003
 Site =   155 /   169 .. Mmpo =    15 DW = 9.38e-37 Error = 3.12e-13 NNZ =      225 SPT = 0.0625 Tsvd = 0.000 T = 0.003
 Site =   156 /   169 .. Mmpo =    14 DW = 1.14e-37 Error = 8.31e-14 NNZ =      196 SPT = 0.0667 Tsvd = 0.000 T = 0.003
 Site =   157 /   169 .. Mmpo =    13 DW = 3.22e-37 Error = 1.05e-13 NNZ =      169 SPT = 0.0714 Tsvd = 0.000 T = 0.002
 Site =   158 /   169 .. Mmpo =    12 DW = 7.65e-37 Error = 8.36e-14 NNZ =      144 SPT = 0.0769 Tsvd = 0.000 T = 0.002
 Site =   159 /   169 .. Mmpo =    11 DW = 8.12e-39 Error = 1.17e-13 NNZ =      121 SPT = 0.0833 Tsvd = 0.002 T = 0.004
 Site =   160 /   169 .. Mmpo =    10 DW = 5.52e-40 Error = 8.10e-14 NNZ =      100 SPT = 0.0909 Tsvd = 0.000 T = 0.001
 Site =   161 /   169 .. Mmpo =     9 DW = 3.27e-37 Error = 1.04e-13 NNZ =       81 SPT = 0.1000 Tsvd = 0.000 T = 0.001
 Site =   162 /   169 .. Mmpo =     8 DW = 7.75e-38 Error = 9.83e-14 NNZ =       64 SPT = 0.1111 Tsvd = 0.000 T = 0.001
 Site =   163 /   169 .. Mmpo =     7 DW = 1.63e-37 Error = 4.45e-14 NNZ =       49 SPT = 0.1250 Tsvd = 0.000 T = 0.001
 Site =   164 /   169 .. Mmpo =     6 DW = 2.80e-37 Error = 2.85e-14 NNZ =       36 SPT = 0.1429 Tsvd = 0.000 T = 0.001
 Site =   165 /   169 .. Mmpo =     5 DW = 5.71e-38 Error = 3.81e-14 NNZ =       25 SPT = 0.1667 Tsvd = 0.000 T = 0.000
 Site =   166 /   169 .. Mmpo =     4 DW = 1.82e-37 Error = 3.24e-14 NNZ =       16 SPT = 0.2000 Tsvd = 0.006 T = 0.006
 Site =   167 /   169 .. Mmpo =     3 DW = 0.00e+00 Error = 3.12e-14 NNZ =        9 SPT = 0.2500 Tsvd = 0.000 T = 0.000
 Site =   168 /   169 .. Mmpo =     1 DW = 0.00e+00 Error = 1.14e-14 NNZ =        3 SPT = 0.0000 Tsvd = 0.000 T = 0.000
Ttotal =      5.575 Tsvd-total = 0.263 MPO bond dimension =    55 MaxDW = 1.66e-16 Total error = 5.58e-08
NNZ =       277293 SIZE =       283467 SPT = 0.0218

Rank =     0 Ttotal =      5.604 MPO method = FastSVD bond dimension =      55 NNZ =       277293 SIZE =       283467 SPT = 0.0218
Environment initialization | Nsites =   169 | Center =     0
 INIT-R <-- Site =  167 ..  Bmem =   128 B Rmem =   128 B T = 0.04
 INIT-R <-- Site =  166 ..  Bmem =   640 B Rmem =   640 B T = 0.01
 INIT-R <-- Site =  165 ..  Bmem = 3.00 KB Rmem = 3.00 KB T = 0.01
 INIT-R <-- Site =  164 ..  Bmem = 14.0 KB Rmem = 14.0 KB T = 0.01
 INIT-R <-- Site =  163 ..  Bmem = 64.0 KB Rmem = 64.0 KB T = 0.01
 INIT-R <-- Site =  162 ..  Bmem =  288 KB Rmem =  288 KB T = 0.01
 INIT-R <-- Site =  161 ..  Bmem = 1.25 MB Rmem = 1.25 MB T = 0.01
 INIT-R <-- Site =  160 ..  Bmem = 5.50 MB Rmem = 5.50 MB T = 0.05
 INIT-R <-- Site =  159 ..  Bmem = 24.0 MB Rmem = 22.9 MB T = 0.21
 INIT-R <-- Site =  158 ..  Bmem = 99.2 MB Rmem = 24.8 MB T = 0.52
 INIT-R <-- Site =  157 ..  Bmem =  107 MB Rmem = 26.7 MB T = 0.51
 INIT-R <-- Site =  156 ..  Bmem =  114 MB Rmem = 28.6 MB T = 0.54
 INIT-R <-- Site =  155 ..  Bmem =  122 MB Rmem = 30.5 MB T = 0.58
 INIT-R <-- Site =  154 ..  Bmem =  130 MB Rmem = 32.4 MB T = 0.64
 INIT-R <-- Site =  153 ..  Bmem =  137 MB Rmem = 34.3 MB T = 0.68
 INIT-R <-- Site =  152 ..  Bmem =  145 MB Rmem = 36.2 MB T = 0.73
 INIT-R <-- Site =  151 ..  Bmem =  153 MB Rmem = 38.1 MB T = 0.78
 INIT-R <-- Site =  150 ..  Bmem =  160 MB Rmem = 40.1 MB T = 0.82
 INIT-R <-- Site =  149 ..  Bmem =  168 MB Rmem = 42.0 MB T = 0.90
 INIT-R <-- Site =  148 ..  Bmem =  175 MB Rmem = 43.9 MB T = 0.93
 INIT-R <-- Site =  147 ..  Bmem =  183 MB Rmem = 45.8 MB T = 0.96
 INIT-R <-- Site =  146 ..  Bmem =  191 MB Rmem = 47.7 MB T = 1.02
 INIT-R <-- Site =  145 ..  Bmem =  198 MB Rmem = 49.6 MB T = 1.09
 INIT-R <-- Site =  144 ..  Bmem =  206 MB Rmem = 51.5 MB T = 1.14
 INIT-R <-- Site =  143 ..  Bmem =  214 MB Rmem = 53.4 MB T = 1.22
 INIT-R <-- Site =  142 ..  Bmem =  221 MB Rmem = 55.3 MB T = 1.26
 INIT-R <-- Site =  141 ..  Bmem =  229 MB Rmem = 57.2 MB T = 1.31
 INIT-R <-- Site =  140 ..  Bmem =  237 MB Rmem = 59.1 MB T = 1.39
 INIT-R <-- Site =  139 ..  Bmem =  244 MB Rmem = 61.0 MB T = 1.43
 INIT-R <-- Site =  138 ..  Bmem =  252 MB Rmem = 62.9 MB T = 1.48
 INIT-R <-- Site =  137 ..  Bmem =  259 MB Rmem = 64.8 MB T = 1.58
 INIT-R <-- Site =  136 ..  Bmem =  267 MB Rmem = 66.8 MB T = 1.61
 INIT-R <-- Site =  135 ..  Bmem =  275 MB Rmem = 68.7 MB T = 1.67
 INIT-R <-- Site =  134 ..  Bmem =  282 MB Rmem = 70.6 MB T = 1.76
 INIT-R <-- Site =  133 ..  Bmem =  290 MB Rmem = 72.5 MB T = 1.82
 INIT-R <-- Site =  132 ..  Bmem =  298 MB Rmem = 74.4 MB T = 1.87
 INIT-R <-- Site =  131 ..  Bmem =  305 MB Rmem = 76.3 MB T = 1.93
 INIT-R <-- Site =  130 ..  Bmem =  313 MB Rmem = 78.2 MB T = 2.02
 INIT-R <-- Site =  129 ..  Bmem =  320 MB Rmem = 80.1 MB T = 2.09
 INIT-R <-- Site =  128 ..  Bmem =  328 MB Rmem = 82.0 MB T = 2.19
 INIT-R <-- Site =  127 ..  Bmem =  336 MB Rmem = 83.9 MB T = 2.21
 INIT-R <-- Site =  126 ..  Bmem =  343 MB Rmem = 85.8 MB T = 2.28
 INIT-R <-- Site =  125 ..  Bmem =  343 MB Rmem = 85.8 MB T = 2.34
 INIT-R <-- Site =  124 ..  Bmem =  343 MB Rmem = 85.8 MB T = 2.33
 INIT-R <-- Site =  123 ..  Bmem =  351 MB Rmem = 87.7 MB T = 2.35
 INIT-R <-- Site =  122 ..  Bmem =  359 MB Rmem = 89.6 MB T = 2.44
 INIT-R <-- Site =  121 ..  Bmem =  359 MB Rmem = 89.6 MB T = 2.49
 INIT-R <-- Site =  120 ..  Bmem =  366 MB Rmem = 91.6 MB T = 2.55
 INIT-R <-- Site =  119 ..  Bmem =  366 MB Rmem = 91.6 MB T = 2.57
 INIT-R <-- Site =  118 ..  Bmem =  374 MB Rmem = 93.5 MB T = 2.59
 INIT-R <-- Site =  117 ..  Bmem =  381 MB Rmem = 95.4 MB T = 2.67
 INIT-R <-- Site =  116 ..  Bmem =  381 MB Rmem = 95.4 MB T = 2.70
 INIT-R <-- Site =  115 ..  Bmem =  389 MB Rmem = 97.3 MB T = 2.77
 INIT-R <-- Site =  114 ..  Bmem =  397 MB Rmem = 99.2 MB T = 2.86
 INIT-R <-- Site =  113 ..  Bmem =  397 MB Rmem = 99.2 MB T = 2.87
 INIT-R <-- Site =  112 ..  Bmem =  397 MB Rmem = 99.2 MB T = 2.82
 INIT-R <-- Site =  111 ..  Bmem =  397 MB Rmem = 99.2 MB T = 2.96
 INIT-R <-- Site =  110 ..  Bmem =  397 MB Rmem = 99.2 MB T = 2.88
 INIT-R <-- Site =  109 ..  Bmem =  397 MB Rmem = 99.2 MB T = 2.92
 INIT-R <-- Site =  108 ..  Bmem =  397 MB Rmem = 99.2 MB T = 2.86
 INIT-R <-- Site =  107 ..  Bmem =  397 MB Rmem = 99.2 MB T = 2.93
 INIT-R <-- Site =  106 ..  Bmem =  404 MB Rmem =  101 MB T = 3.06
 INIT-R <-- Site =  105 ..  Bmem =  412 MB Rmem =  103 MB T = 3.08
 INIT-R <-- Site =  104 ..  Bmem =  412 MB Rmem =  103 MB T = 3.06
 INIT-R <-- Site =  103 ..  Bmem =  412 MB Rmem =  103 MB T = 3.07
 INIT-R <-- Site =  102 ..  Bmem =  420 MB Rmem =  105 MB T = 3.11
 INIT-R <-- Site =  101 ..  Bmem =  420 MB Rmem =  105 MB T = 3.13
 INIT-R <-- Site =  100 ..  Bmem =  420 MB Rmem =  105 MB T = 3.19
 INIT-R <-- Site =   99 ..  Bmem =  420 MB Rmem =  105 MB T = 3.16
 INIT-R <-- Site =   98 ..  Bmem =  420 MB Rmem =  105 MB T = 3.14
 INIT-R <-- Site =   97 ..  Bmem =  420 MB Rmem =  105 MB T = 3.15
 INIT-R <-- Site =   96 ..  Bmem =  420 MB Rmem =  105 MB T = 3.12
 INIT-R <-- Site =   95 ..  Bmem =  420 MB Rmem =  105 MB T = 3.10
 INIT-R <-- Site =   94 ..  Bmem =  420 MB Rmem =  105 MB T = 3.12
 INIT-R <-- Site =   93 ..  Bmem =  427 MB Rmem =  107 MB T = 3.16
 INIT-R <-- Site =   92 ..  Bmem =  427 MB Rmem =  107 MB T = 3.24
 INIT-R <-- Site =   91 ..  Bmem =  420 MB Rmem =  105 MB T = 3.15
 INIT-R <-- Site =   90 ..  Bmem =  427 MB Rmem =  107 MB T = 3.17
 INIT-R <-- Site =   89 ..  Bmem =  427 MB Rmem =  107 MB T = 3.19
 INIT-R <-- Site =   88 ..  Bmem =  427 MB Rmem =  107 MB T = 3.26
 INIT-R <-- Site =   87 ..  Bmem =  427 MB Rmem =  107 MB T = 3.22
 INIT-R <-- Site =   86 ..  Bmem =  420 MB Rmem =  105 MB T = 3.21
 INIT-R <-- Site =   85 ..  Bmem =  420 MB Rmem =  105 MB T = 3.11
 INIT-R <-- Site =   84 ..  Bmem =  420 MB Rmem =  105 MB T = 3.22
 INIT-R <-- Site =   83 ..  Bmem =  420 MB Rmem =  105 MB T = 3.07
 INIT-R <-- Site =   82 ..  Bmem =  420 MB Rmem =  105 MB T = 3.12
 INIT-R <-- Site =   81 ..  Bmem =  420 MB Rmem =  105 MB T = 3.09
 INIT-R <-- Site =   80 ..  Bmem =  427 MB Rmem =  107 MB T = 3.14
 INIT-R <-- Site =   79 ..  Bmem =  427 MB Rmem =  107 MB T = 3.17
 INIT-R <-- Site =   78 ..  Bmem =  420 MB Rmem =  105 MB T = 3.17
 INIT-R <-- Site =   77 ..  Bmem =  427 MB Rmem =  107 MB T = 3.17
 INIT-R <-- Site =   76 ..  Bmem =  420 MB Rmem =  105 MB T = 3.16
 INIT-R <-- Site =   75 ..  Bmem =  427 MB Rmem =  107 MB T = 3.23
 INIT-R <-- Site =   74 ..  Bmem =  427 MB Rmem =  107 MB T = 3.38
 INIT-R <-- Site =   73 ..  Bmem =  420 MB Rmem =  105 MB T = 3.36
 INIT-R <-- Site =   72 ..  Bmem =  420 MB Rmem =  105 MB T = 3.39
 INIT-R <-- Site =   71 ..  Bmem =  420 MB Rmem =  105 MB T = 3.32
 INIT-R <-- Site =   70 ..  Bmem =  420 MB Rmem =  105 MB T = 3.35
 INIT-R <-- Site =   69 ..  Bmem =  420 MB Rmem =  105 MB T = 3.38
 INIT-R <-- Site =   68 ..  Bmem =  420 MB Rmem =  105 MB T = 3.43
 INIT-R <-- Site =   67 ..  Bmem =  420 MB Rmem =  105 MB T = 3.39
 INIT-R <-- Site =   66 ..  Bmem =  420 MB Rmem =  105 MB T = 3.39
 INIT-R <-- Site =   65 ..  Bmem =  420 MB Rmem =  105 MB T = 3.39
 INIT-R <-- Site =   64 ..  Bmem =  420 MB Rmem =  105 MB T = 3.39
 INIT-R <-- Site =   63 ..  Bmem =  420 MB Rmem =  105 MB T = 3.39
 INIT-R <-- Site =   62 ..  Bmem =  412 MB Rmem =  103 MB T = 3.31
 INIT-R <-- Site =   61 ..  Bmem =  412 MB Rmem =  103 MB T = 3.25
 INIT-R <-- Site =   60 ..  Bmem =  404 MB Rmem =  101 MB T = 3.21
 INIT-R <-- Site =   59 ..  Bmem =  397 MB Rmem = 99.2 MB T = 3.15
 INIT-R <-- Site =   58 ..  Bmem =  397 MB Rmem = 99.2 MB T = 3.09
 INIT-R <-- Site =   57 ..  Bmem =  397 MB Rmem = 99.2 MB T = 3.07
 INIT-R <-- Site =   56 ..  Bmem =  397 MB Rmem = 99.2 MB T = 3.04
 INIT-R <-- Site =   55 ..  Bmem =  397 MB Rmem = 99.2 MB T = 2.80
 INIT-R <-- Site =   54 ..  Bmem =  397 MB Rmem = 99.2 MB T = 2.79
 INIT-R <-- Site =   53 ..  Bmem =  397 MB Rmem = 99.2 MB T = 2.79
 INIT-R <-- Site =   52 ..  Bmem =  389 MB Rmem = 97.3 MB T = 2.81
 INIT-R <-- Site =   51 ..  Bmem =  381 MB Rmem = 95.4 MB T = 2.68
 INIT-R <-- Site =   50 ..  Bmem =  381 MB Rmem = 95.4 MB T = 2.61
 INIT-R <-- Site =   49 ..  Bmem =  374 MB Rmem = 93.5 MB T = 2.58
 INIT-R <-- Site =   48 ..  Bmem =  374 MB Rmem = 93.5 MB T = 2.59
 INIT-R <-- Site =   47 ..  Bmem =  366 MB Rmem = 91.6 MB T = 2.51
 INIT-R <-- Site =   46 ..  Bmem =  359 MB Rmem = 89.6 MB T = 2.43
 INIT-R <-- Site =   45 ..  Bmem =  359 MB Rmem = 89.6 MB T = 2.46
 INIT-R <-- Site =   44 ..  Bmem =  351 MB Rmem = 87.7 MB T = 2.43
 INIT-R <-- Site =   43 ..  Bmem =  343 MB Rmem = 85.8 MB T = 2.29
 INIT-R <-- Site =   42 ..  Bmem =  351 MB Rmem = 87.7 MB T = 2.34
 INIT-R <-- Site =   41 ..  Bmem =  343 MB Rmem = 85.8 MB T = 2.32
 INIT-R <-- Site =   40 ..  Bmem =  336 MB Rmem = 83.9 MB T = 2.24
 INIT-R <-- Site =   39 ..  Bmem =  328 MB Rmem = 82.0 MB T = 2.17
 INIT-R <-- Site =   38 ..  Bmem =  320 MB Rmem = 80.1 MB T = 2.11
 INIT-R <-- Site =   37 ..  Bmem =  313 MB Rmem = 78.2 MB T = 2.01
 INIT-R <-- Site =   36 ..  Bmem =  305 MB Rmem = 76.3 MB T = 1.93
 INIT-R <-- Site =   35 ..  Bmem =  298 MB Rmem = 74.4 MB T = 1.89
 INIT-R <-- Site =   34 ..  Bmem =  290 MB Rmem = 72.5 MB T = 1.83
 INIT-R <-- Site =   33 ..  Bmem =  282 MB Rmem = 70.6 MB T = 1.76
 INIT-R <-- Site =   32 ..  Bmem =  275 MB Rmem = 68.7 MB T = 1.70
 INIT-R <-- Site =   31 ..  Bmem =  267 MB Rmem = 66.8 MB T = 1.60
 INIT-R <-- Site =   30 ..  Bmem =  259 MB Rmem = 64.8 MB T = 1.54
 INIT-R <-- Site =   29 ..  Bmem =  252 MB Rmem = 62.9 MB T = 1.50
 INIT-R <-- Site =   28 ..  Bmem =  244 MB Rmem = 61.0 MB T = 1.42
 INIT-R <-- Site =   27 ..  Bmem =  237 MB Rmem = 59.1 MB T = 1.38
 INIT-R <-- Site =   26 ..  Bmem =  229 MB Rmem = 57.2 MB T = 1.32
 INIT-R <-- Site =   25 ..  Bmem =  221 MB Rmem = 55.3 MB T = 1.25
 INIT-R <-- Site =   24 ..  Bmem =  214 MB Rmem = 53.4 MB T = 1.25
 INIT-R <-- Site =   23 ..  Bmem =  206 MB Rmem = 51.5 MB T = 1.14
 INIT-R <-- Site =   22 ..  Bmem =  198 MB Rmem = 49.6 MB T = 1.13
 INIT-R <-- Site =   21 ..  Bmem =  191 MB Rmem = 47.7 MB T = 1.04
 INIT-R <-- Site =   20 ..  Bmem =  183 MB Rmem = 45.8 MB T = 0.99
 INIT-R <-- Site =   19 ..  Bmem =  175 MB Rmem = 43.9 MB T = 0.97
 INIT-R <-- Site =   18 ..  Bmem =  168 MB Rmem = 42.0 MB T = 0.90
 INIT-R <-- Site =   17 ..  Bmem =  160 MB Rmem = 40.1 MB T = 0.87
 INIT-R <-- Site =   16 ..  Bmem =  153 MB Rmem = 38.1 MB T = 0.77
 INIT-R <-- Site =   15 ..  Bmem =  145 MB Rmem = 36.2 MB T = 0.73
 INIT-R <-- Site =   14 ..  Bmem =  137 MB Rmem = 34.3 MB T = 0.68
 INIT-R <-- Site =   13 ..  Bmem =  130 MB Rmem = 32.4 MB T = 0.67
 INIT-R <-- Site =   12 ..  Bmem =  122 MB Rmem = 30.5 MB T = 0.59
 INIT-R <-- Site =   11 ..  Bmem =  114 MB Rmem = 28.6 MB T = 0.55
 INIT-R <-- Site =   10 ..  Bmem =  107 MB Rmem = 26.7 MB T = 0.50
 INIT-R <-- Site =    9 ..  Bmem = 99.2 MB Rmem = 24.8 MB T = 0.46
 INIT-R <-- Site =    8 ..  Bmem = 91.6 MB Rmem = 22.9 MB T = 0.42
 INIT-R <-- Site =    7 ..  Bmem = 83.9 MB Rmem = 5.50 MB T = 0.20
 INIT-R <-- Site =    6 ..  Bmem = 20.0 MB Rmem = 1.25 MB T = 0.04
 INIT-R <-- Site =    5 ..  Bmem = 4.50 MB Rmem =  288 KB T = 0.01
 INIT-R <-- Site =    4 ..  Bmem = 1.00 MB Rmem = 64.0 KB T = 0.01
 INIT-R <-- Site =    3 ..  Bmem =  224 KB Rmem = 14.0 KB T = 0.00
 INIT-R <-- Site =    2 ..  Bmem = 48.0 KB Rmem = 3.00 KB T = 0.00
 INIT-R <-- Site =    1 ..  Bmem = 10.0 KB Rmem =   640 B T = 0.00
 INIT-R <-- Site =    0 ..  Bmem = 2.00 KB Rmem =   128 B T = 0.00
Time init sweep =      337.668 | MaxBmem =  427 MB | MaxRmem =  107 MB
 | Tread = 0.000 | Twrite = 28.803 | Tfpread = 0.000 | Tfpwrite = 19.324 | data = 11.9 GB | cpsd = 7.71 GB | Tasync = 0.000


Sweep =    0 | Direction =  forward | Bond dimension =   15 | Noise =  1.00e-04 | Dav threshold =  1.00e-10
 --> Site =    0 .. Mmps =    2 Ndav =   4 E =   -176.6935121779 Error = 0.00e+00 FLOPS = 1.86e+04 Tdav = 0.01 T = 0.06
 --> Site =    1 .. Mmps =    4 Ndav =  10 E =   -176.7969270390 Error = 0.00e+00 FLOPS = 2.12e+07 Tdav = 0.00 T = 0.02
 --> Site =    2 .. Mmps =    8 Ndav =  14 E =   -177.1439566470 Error = 0.00e+00 FLOPS = 1.41e+08 Tdav = 0.00 T = 0.03
 --> Site =    3 .. Mmps =   15 Ndav =  19 E =   -177.2817500273 Error = 6.14e-16 FLOPS = 7.92e+08 Tdav = 0.00 T = 0.03
 --> Site =    4 .. Mmps =   15 Ndav =  20 E =   -177.6002556297 Error = 1.35e-09 FLOPS = 2.84e+09 Tdav = 0.00 T = 0.03
 --> Site =    5 .. Mmps =   15 Ndav =  20 E =   -177.7125752662 Error = 2.25e-08 FLOPS = 5.05e+09 Tdav = 0.01 T = 0.03
 --> Site =    6 .. Mmps =   15 Ndav =  22 E =   -177.9816138805 Error = 8.59e-08 FLOPS = 6.46e+09 Tdav = 0.02 T = 0.05
 --> Site =    7 .. Mmps =   15 Ndav =  22 E =   -178.1073146576 Error = 4.08e-07 FLOPS = 8.87e+09 Tdav = 0.05 T = 0.10
 --> Site =    8 .. Mmps =   15 Ndav =  25 E =   -178.3585106362 Error = 1.29e-06 FLOPS = 9.73e+09 Tdav = 0.22 T = 0.36
 --> Site =    9 .. Mmps =   15 Ndav =  23 E =   -178.4722103371 Error = 1.53e-06 FLOPS = 1.07e+10 Tdav = 0.20 T = 0.36
 --> Site =   10 .. Mmps =   15 Ndav =  24 E =   -178.6136853757 Error = 2.32e-06 FLOPS = 1.06e+10 Tdav = 0.23 T = 0.38
 --> Site =   11 .. Mmps =   15 Ndav =  24 E =   -178.7378731380 Error = 2.29e-06 FLOPS = 1.10e+10 Tdav = 0.24 T = 0.51
 --> Site =   12 .. Mmps =   15 Ndav =  24 E =   -178.8480380086 Error = 2.55e-06 FLOPS = 1.16e+10 Tdav = 0.25 T = 0.53
 --> Site =   13 .. Mmps =   15 Ndav =  20 E =   -178.8853008145 Error = 5.17e-07 FLOPS = 1.28e+10 Tdav = 0.20 T = 0.46
 --> Site =   14 .. Mmps =   15 Ndav =  26 E =   -179.0846449372 Error = 4.16e-06 FLOPS = 1.11e+10 Tdav = 0.32 T = 0.59
 --> Site =   15 .. Mmps =   15 Ndav =  22 E =   -179.1402864202 Error = 4.38e-07 FLOPS = 1.26e+10 Tdav = 0.25 T = 0.55
 --> Site =   16 .. Mmps =   15 Ndav =  27 E =   -179.3360989384 Error = 6.54e-06 FLOPS = 1.12e+10 Tdav = 0.36 T = 0.63
 --> Site =   17 .. Mmps =   15 Ndav =  22 E =   -179.4037420134 Error = 5.55e-07 FLOPS = 1.28e+10 Tdav = 0.27 T = 0.49
 --> Site =   18 .. Mmps =   15 Ndav =  26 E =   -179.6177563486 Error = 6.67e-06 FLOPS = 1.19e+10 Tdav = 0.37 T = 0.60
 --> Site =   19 .. Mmps =   15 Ndav =  22 E =   -179.6742298924 Error = 6.54e-07 FLOPS = 1.31e+10 Tdav = 0.29 T = 0.52
 --> Site =   20 .. Mmps =   15 Ndav =  25 E =   -179.8957032981 Error = 7.59e-06 FLOPS = 1.23e+10 Tdav = 0.37 T = 0.62
 --> Site =   21 .. Mmps =   15 Ndav =  21 E =   -179.9661002286 Error = 5.96e-07 FLOPS = 1.37e+10 Tdav = 0.29 T = 0.54
 --> Site =   22 .. Mmps =   15 Ndav =  26 E =   -180.2389729647 Error = 6.94e-06 FLOPS = 1.25e+10 Tdav = 0.41 T = 0.72
 --> Site =   23 .. Mmps =   15 Ndav =  21 E =   -180.2913724034 Error = 4.36e-07 FLOPS = 1.40e+10 Tdav = 0.31 T = 0.56
 --> Site =   24 .. Mmps =   15 Ndav =  25 E =   -180.5760633817 Error = 5.51e-06 FLOPS = 1.30e+10 Tdav = 0.41 T = 0.67
 --> Site =   25 .. Mmps =   15 Ndav =  19 E =   -180.5945541346 Error = 1.45e-07 FLOPS = 1.45e+10 Tdav = 0.29 T = 0.58
 --> Site =   26 .. Mmps =   15 Ndav =  21 E =   -180.6184759551 Error = 4.73e-06 FLOPS = 1.41e+10 Tdav = 0.34 T = 0.62
 --> Site =   27 .. Mmps =   15 Ndav =  20 E =   -180.6542649889 Error = 1.04e-06 FLOPS = 1.44e+10 Tdav = 0.33 T = 0.63
 --> Site =   28 .. Mmps =   15 Ndav =  24 E =   -180.7291784175 Error = 1.07e-05 FLOPS = 1.34e+10 Tdav = 0.44 T = 0.76
 --> Site =   29 .. Mmps =   15 Ndav =  21 E =   -180.7718592500 Error = 2.70e-06 FLOPS = 1.43e+10 Tdav = 0.37 T = 0.69
 --> Site =   30 .. Mmps =   15 Ndav =  25 E =   -180.8790581287 Error = 1.58e-05 FLOPS = 1.36e+10 Tdav = 0.48 T = 0.81
 --> Site =   31 .. Mmps =   15 Ndav =  23 E =   -180.9263942345 Error = 2.85e-06 FLOPS = 1.41e+10 Tdav = 0.44 T = 0.78
 --> Site =   32 .. Mmps =   15 Ndav =  26 E =   -181.0494667262 Error = 1.89e-05 FLOPS = 1.35e+10 Tdav = 0.53 T = 0.88
 --> Site =   33 .. Mmps =   15 Ndav =  24 E =   -181.1164762507 Error = 3.05e-06 FLOPS = 1.40e+10 Tdav = 0.49 T = 0.97
 --> Site =   34 .. Mmps =   15 Ndav =  26 E =   -181.2127285374 Error = 2.10e-05 FLOPS = 1.36e+10 Tdav = 0.56 T = 0.91
 --> Site =   35 .. Mmps =   15 Ndav =  24 E =   -181.2860768775 Error = 4.44e-06 FLOPS = 1.41e+10 Tdav = 0.51 T = 0.88
 --> Site =   36 .. Mmps =   15 Ndav =  26 E =   -181.3939347510 Error = 2.09e-05 FLOPS = 1.38e+10 Tdav = 0.58 T = 0.95
 --> Site =   37 .. Mmps =   15 Ndav =  23 E =   -181.4561699032 Error = 2.22e-06 FLOPS = 1.44e+10 Tdav = 0.51 T = 0.87
 --> Site =   38 .. Mmps =   15 Ndav =  25 E =   -181.5412119875 Error = 7.40e-06 FLOPS = 1.41e+10 Tdav = 0.58 T = 0.97
 --> Site =   39 .. Mmps =   15 Ndav =  22 E =   -181.5818167438 Error = 1.48e-06 FLOPS = 1.48e+10 Tdav = 0.50 T = 0.90
 --> Site =   40 .. Mmps =   15 Ndav =  27 E =   -181.7753041212 Error = 1.46e-05 FLOPS = 1.39e+10 Tdav = 0.67 T = 1.12
 --> Site =   41 .. Mmps =   15 Ndav =  23 E =   -181.8604970626 Error = 1.96e-06 FLOPS = 1.46e+10 Tdav = 0.55 T = 0.99
 --> Site =   42 .. Mmps =   15 Ndav =  27 E =   -182.0783887326 Error = 1.44e-05 FLOPS = 1.40e+10 Tdav = 0.69 T = 1.07
 --> Site =   43 .. Mmps =   15 Ndav =  23 E =   -182.1422209004 Error = 2.22e-06 FLOPS = 1.47e+10 Tdav = 0.55 T = 0.94
 --> Site =   44 .. Mmps =   15 Ndav =  27 E =   -182.3827430201 Error = 1.16e-05 FLOPS = 1.41e+10 Tdav = 0.69 T = 1.12
 --> Site =   45 .. Mmps =   15 Ndav =  22 E =   -182.4381091854 Error = 2.32e-06 FLOPS = 1.49e+10 Tdav = 0.54 T = 0.96
 --> Site =   46 .. Mmps =   15 Ndav =  25 E =   -182.7106338017 Error = 8.92e-06 FLOPS = 1.44e+10 Tdav = 0.63 T = 1.05
 --> Site =   47 .. Mmps =   15 Ndav =  21 E =   -182.7645515863 Error = 1.63e-06 FLOPS = 1.52e+10 Tdav = 0.52 T = 0.92
 --> Site =   48 .. Mmps =   15 Ndav =  26 E =   -183.0482217955 Error = 6.64e-06 FLOPS = 1.44e+10 Tdav = 0.69 T = 1.13
 --> Site =   49 .. Mmps =   15 Ndav =  20 E =   -183.0986447499 Error = 1.81e-06 FLOPS = 1.54e+10 Tdav = 0.50 T = 0.93
 --> Site =   50 .. Mmps =   15 Ndav =  24 E =   -183.3957476200 Error = 5.57e-06 FLOPS = 1.48e+10 Tdav = 0.63 T = 1.06
 --> Site =   51 .. Mmps =   15 Ndav =  19 E =   -183.4094927630 Error = 1.37e-07 FLOPS = 1.56e+10 Tdav = 0.48 T = 0.91
 --> Site =   52 .. Mmps =   15 Ndav =  21 E =   -183.4273173491 Error = 3.40e-06 FLOPS = 1.53e+10 Tdav = 0.55 T = 0.98
 --> Site =   53 .. Mmps =   15 Ndav =  19 E =   -183.4436505066 Error = 1.17e-06 FLOPS = 1.56e+10 Tdav = 0.49 T = 0.98
 --> Site =   54 .. Mmps =   15 Ndav =  23 E =   -183.4890903635 Error = 9.30e-06 FLOPS = 1.51e+10 Tdav = 0.62 T = 1.09
 --> Site =   55 .. Mmps =   15 Ndav =  21 E =   -183.5242336741 Error = 2.58e-06 FLOPS = 1.53e+10 Tdav = 0.56 T = 1.06
 --> Site =   56 .. Mmps =   15 Ndav =  25 E =   -183.6003881950 Error = 1.29e-05 FLOPS = 1.47e+10 Tdav = 0.69 T = 1.13
 --> Site =   57 .. Mmps =   15 Ndav =  23 E =   -183.6572235673 Error = 3.08e-06 FLOPS = 1.50e+10 Tdav = 0.62 T = 1.08
 --> Site =   58 .. Mmps =   15 Ndav =  26 E =   -183.7593175355 Error = 1.76e-05 FLOPS = 1.46e+10 Tdav = 0.72 T = 1.21
 --> Site =   59 .. Mmps =   15 Ndav =  23 E =   -183.8253222171 Error = 3.27e-06 FLOPS = 1.50e+10 Tdav = 0.62 T = 1.10
 --> Site =   60 .. Mmps =   15 Ndav =  26 E =   -183.9311737635 Error = 2.03e-05 FLOPS = 1.46e+10 Tdav = 0.73 T = 1.20
 --> Site =   61 .. Mmps =   15 Ndav =  24 E =   -184.0011906585 Error = 4.24e-06 FLOPS = 1.49e+10 Tdav = 0.68 T = 1.14
 --> Site =   62 .. Mmps =   15 Ndav =  26 E =   -184.1124980171 Error = 2.17e-05 FLOPS = 1.47e+10 Tdav = 0.75 T = 1.29
 --> Site =   63 .. Mmps =   15 Ndav =  23 E =   -184.1780749863 Error = 2.19e-06 FLOPS = 1.51e+10 Tdav = 0.65 T = 1.11
 --> Site =   64 .. Mmps =   15 Ndav =  24 E =   -184.2503010175 Error = 7.69e-06 FLOPS = 1.50e+10 Tdav = 0.69 T = 1.15
 --> Site =   65 .. Mmps =   15 Ndav =  22 E =   -184.2841616850 Error = 1.57e-06 FLOPS = 1.53e+10 Tdav = 0.62 T = 1.10
 --> Site =   66 .. Mmps =   15 Ndav =  27 E =   -184.5018541340 Error = 1.51e-05 FLOPS = 1.45e+10 Tdav = 0.80 T = 1.28
 --> Site =   67 .. Mmps =   15 Ndav =  23 E =   -184.5702502246 Error = 1.86e-06 FLOPS = 1.52e+10 Tdav = 0.65 T = 1.13
 --> Site =   68 .. Mmps =   15 Ndav =  28 E =   -184.7896990581 Error = 1.66e-05 FLOPS = 1.43e+10 Tdav = 0.84 T = 1.31
 --> Site =   69 .. Mmps =   15 Ndav =  23 E =   -184.8573004090 Error = 2.03e-06 FLOPS = 1.51e+10 Tdav = 0.65 T = 1.12
 --> Site =   70 .. Mmps =   15 Ndav =  28 E =   -185.1150666860 Error = 1.10e-05 FLOPS = 1.44e+10 Tdav = 0.84 T = 1.34
 --> Site =   71 .. Mmps =   15 Ndav =  21 E =   -185.1532871805 Error = 2.67e-06 FLOPS = 1.54e+10 Tdav = 0.59 T = 1.08
 --> Site =   72 .. Mmps =   15 Ndav =  25 E =   -185.4147819130 Error = 8.09e-06 FLOPS = 1.48e+10 Tdav = 0.73 T = 1.24
 --> Site =   73 .. Mmps =   15 Ndav =  21 E =   -185.4665808295 Error = 1.50e-06 FLOPS = 1.54e+10 Tdav = 0.59 T = 1.12
 --> Site =   74 .. Mmps =   15 Ndav =  26 E =   -185.7503762318 Error = 7.72e-06 FLOPS = 1.47e+10 Tdav = 0.77 T = 1.25
 --> Site =   75 .. Mmps =   15 Ndav =  20 E =   -185.7909123936 Error = 2.02e-06 FLOPS = 1.57e+10 Tdav = 0.56 T = 1.11
 --> Site =   76 .. Mmps =   15 Ndav =  24 E =   -186.0743111826 Error = 5.83e-06 FLOPS = 1.50e+10 Tdav = 0.68 T = 1.27
 --> Site =   77 .. Mmps =   15 Ndav =  19 E =   -186.0875551159 Error = 1.58e-07 FLOPS = 1.58e+10 Tdav = 0.53 T = 1.11
 --> Site =   78 .. Mmps =   15 Ndav =  21 E =   -186.1029874867 Error = 3.76e-06 FLOPS = 1.54e+10 Tdav = 0.58 T = 1.13
 --> Site =   79 .. Mmps =   15 Ndav =  19 E =   -186.1192831957 Error = 1.24e-06 FLOPS = 1.57e+10 Tdav = 0.53 T = 1.00
 --> Site =   80 .. Mmps =   15 Ndav =  24 E =   -186.1719046834 Error = 9.55e-06 FLOPS = 1.50e+10 Tdav = 0.70 T = 1.16
 --> Site =   81 .. Mmps =   15 Ndav =  22 E =   -186.2092559921 Error = 2.55e-06 FLOPS = 1.53e+10 Tdav = 0.62 T = 1.09
 --> Site =   82 .. Mmps =   15 Ndav =  25 E =   -186.2935345491 Error = 1.36e-05 FLOPS = 1.48e+10 Tdav = 0.72 T = 1.20
 --> Site =   83 .. Mmps =   15 Ndav =  23 E =   -186.3535344870 Error = 2.78e-06 FLOPS = 1.51e+10 Tdav = 0.65 T = 1.12
 --> Site =   84 .. Mmps =   15 Ndav =  26 E =   -186.4610888337 Error = 1.73e-05 FLOPS = 1.47e+10 Tdav = 0.76 T = 1.23
 --> Site =   85 .. Mmps =   15 Ndav =  23 E =   -186.5201058104 Error = 2.85e-06 FLOPS = 1.51e+10 Tdav = 0.65 T = 1.12
 --> Site =   86 .. Mmps =   15 Ndav =  26 E =   -186.6324540357 Error = 1.92e-05 FLOPS = 1.47e+10 Tdav = 0.76 T = 1.24
 --> Site =   87 .. Mmps =   15 Ndav =  24 E =   -186.6995625241 Error = 4.62e-06 FLOPS = 1.51e+10 Tdav = 0.70 T = 1.20
 --> Site =   88 .. Mmps =   15 Ndav =  26 E =   -186.8115228793 Error = 2.20e-05 FLOPS = 1.38e+10 Tdav = 0.82 T = 1.35
 --> Site =   89 .. Mmps =   15 Ndav =  23 E =   -186.8782635787 Error = 2.10e-06 FLOPS = 1.54e+10 Tdav = 0.65 T = 1.25
 --> Site =   90 .. Mmps =   15 Ndav =  23 E =   -186.9608709677 Error = 7.87e-06 FLOPS = 1.52e+10 Tdav = 0.66 T = 1.12
 --> Site =   91 .. Mmps =   15 Ndav =  22 E =   -186.9868639550 Error = 1.59e-06 FLOPS = 1.53e+10 Tdav = 0.62 T = 1.07
 --> Site =   92 .. Mmps =   15 Ndav =  27 E =   -187.1951867448 Error = 1.55e-05 FLOPS = 1.46e+10 Tdav = 0.81 T = 1.28
 --> Site =   93 .. Mmps =   15 Ndav =  23 E =   -187.2617307528 Error = 2.12e-06 FLOPS = 1.53e+10 Tdav = 0.66 T = 1.12
 --> Site =   94 .. Mmps =   15 Ndav =  28 E =   -187.4781996767 Error = 1.57e-05 FLOPS = 1.44e+10 Tdav = 0.83 T = 1.34
 --> Site =   95 .. Mmps =   15 Ndav =  23 E =   -187.5220484409 Error = 2.24e-06 FLOPS = 1.52e+10 Tdav = 0.65 T = 1.13
 --> Site =   96 .. Mmps =   15 Ndav =  27 E =   -187.7546349939 Error = 1.32e-05 FLOPS = 1.46e+10 Tdav = 0.80 T = 1.27
 --> Site =   97 .. Mmps =   15 Ndav =  22 E =   -187.8003494951 Error = 3.01e-06 FLOPS = 1.54e+10 Tdav = 0.61 T = 1.08
 --> Site =   98 .. Mmps =   15 Ndav =  26 E =   -188.0614743420 Error = 8.39e-06 FLOPS = 1.46e+10 Tdav = 0.77 T = 1.29
 --> Site =   99 .. Mmps =   15 Ndav =  21 E =   -188.1143542675 Error = 1.52e-06 FLOPS = 1.52e+10 Tdav = 0.59 T = 1.06
 --> Site =  100 .. Mmps =   15 Ndav =  26 E =   -188.3961882206 Error = 8.29e-06 FLOPS = 1.45e+10 Tdav = 0.77 T = 1.29
 --> Site =  101 .. Mmps =   15 Ndav =  20 E =   -188.4438933864 Error = 2.19e-06 FLOPS = 1.54e+10 Tdav = 0.56 T = 1.09
 --> Site =  102 .. Mmps =   15 Ndav =  25 E =   -188.7243187408 Error = 6.12e-06 FLOPS = 1.46e+10 Tdav = 0.73 T = 1.29
 --> Site =  103 .. Mmps =   15 Ndav =  19 E =   -188.7356871228 Error = 1.77e-07 FLOPS = 1.55e+10 Tdav = 0.52 T = 1.02
 --> Site =  104 .. Mmps =   15 Ndav =  21 E =   -188.7554548001 Error = 4.45e-06 FLOPS = 1.52e+10 Tdav = 0.58 T = 1.03
 --> Site =  105 .. Mmps =   15 Ndav =  19 E =   -188.7720112057 Error = 1.35e-06 FLOPS = 1.55e+10 Tdav = 0.52 T = 0.97
 --> Site =  106 .. Mmps =   15 Ndav =  24 E =   -188.8265610926 Error = 1.09e-05 FLOPS = 1.47e+10 Tdav = 0.67 T = 1.15
 --> Site =  107 .. Mmps =   15 Ndav =  21 E =   -188.8546366221 Error = 2.86e-06 FLOPS = 1.51e+10 Tdav = 0.56 T = 1.13
 --> Site =  108 .. Mmps =   15 Ndav =  26 E =   -188.9504299984 Error = 1.74e-05 FLOPS = 1.43e+10 Tdav = 0.74 T = 1.20
 --> Site =  109 .. Mmps =   15 Ndav =  23 E =   -189.0031801950 Error = 3.32e-06 FLOPS = 1.48e+10 Tdav = 0.63 T = 1.07
 --> Site =  110 .. Mmps =   15 Ndav =  26 E =   -189.1255015900 Error = 2.21e-05 FLOPS = 1.44e+10 Tdav = 0.73 T = 1.17
 --> Site =  111 .. Mmps =   15 Ndav =  24 E =   -189.1988045668 Error = 3.20e-06 FLOPS = 1.46e+10 Tdav = 0.66 T = 1.13
 --> Site =  112 .. Mmps =   15 Ndav =  26 E =   -189.3027213514 Error = 2.17e-05 FLOPS = 1.43e+10 Tdav = 0.74 T = 1.21
 --> Site =  113 .. Mmps =   15 Ndav =  24 E =   -189.3787521225 Error = 5.09e-06 FLOPS = 1.46e+10 Tdav = 0.67 T = 1.13
 --> Site =  114 .. Mmps =   15 Ndav =  26 E =   -189.5043292011 Error = 2.55e-05 FLOPS = 1.43e+10 Tdav = 0.74 T = 1.19
 --> Site =  115 .. Mmps =   15 Ndav =  23 E =   -189.5739064137 Error = 2.44e-06 FLOPS = 1.48e+10 Tdav = 0.62 T = 1.07
 --> Site =  116 .. Mmps =   15 Ndav =  24 E =   -189.6384493551 Error = 8.31e-06 FLOPS = 1.46e+10 Tdav = 0.64 T = 1.07
 --> Site =  117 .. Mmps =   15 Ndav =  23 E =   -189.6753551394 Error = 1.69e-06 FLOPS = 1.47e+10 Tdav = 0.61 T = 1.04
 --> Site =  118 .. Mmps =   15 Ndav =  27 E =   -189.8618992751 Error = 1.76e-05 FLOPS = 1.40e+10 Tdav = 0.74 T = 1.15
 --> Site =  119 .. Mmps =   15 Ndav =  24 E =   -189.9323405813 Error = 2.36e-06 FLOPS = 1.44e+10 Tdav = 0.62 T = 1.03
 --> Site =  120 .. Mmps =   15 Ndav =  28 E =   -190.1394515587 Error = 1.60e-05 FLOPS = 1.38e+10 Tdav = 0.76 T = 1.23
 --> Site =  121 .. Mmps =   15 Ndav =  23 E =   -190.1900069754 Error = 2.53e-06 FLOPS = 1.45e+10 Tdav = 0.58 T = 1.08
 --> Site =  122 .. Mmps =   15 Ndav =  27 E =   -190.4089009471 Error = 1.47e-05 FLOPS = 1.39e+10 Tdav = 0.71 T = 1.22
 --> Site =  123 .. Mmps =   15 Ndav =  23 E =   -190.4637201489 Error = 2.95e-06 FLOPS = 1.45e+10 Tdav = 0.57 T = 1.01
 --> Site =  124 .. Mmps =   15 Ndav =  26 E =   -190.7139139093 Error = 8.61e-06 FLOPS = 1.40e+10 Tdav = 0.65 T = 1.06
 --> Site =  125 .. Mmps =   15 Ndav =  22 E =   -190.7653049397 Error = 1.75e-06 FLOPS = 1.46e+10 Tdav = 0.53 T = 0.95
 --> Site =  126 .. Mmps =   15 Ndav =  27 E =   -191.0409727765 Error = 9.10e-06 FLOPS = 1.38e+10 Tdav = 0.68 T = 1.11
 --> Site =  127 .. Mmps =   15 Ndav =  21 E =   -191.0840032946 Error = 1.86e-06 FLOPS = 1.50e+10 Tdav = 0.48 T = 0.87
 --> Site =  128 .. Mmps =   15 Ndav =  26 E =   -191.3708414131 Error = 5.17e-06 FLOPS = 1.38e+10 Tdav = 0.63 T = 1.08
 --> Site =  129 .. Mmps =   15 Ndav =  20 E =   -191.3821009048 Error = 2.12e-07 FLOPS = 1.48e+10 Tdav = 0.44 T = 0.85
 --> Site =  130 .. Mmps =   15 Ndav =  22 E =   -191.4047907568 Error = 4.80e-06 FLOPS = 1.44e+10 Tdav = 0.49 T = 0.89
 --> Site =  131 .. Mmps =   15 Ndav =  21 E =   -191.4255216069 Error = 1.24e-06 FLOPS = 1.44e+10 Tdav = 0.45 T = 0.86
 --> Site =  132 .. Mmps =   15 Ndav =  25 E =   -191.4899433621 Error = 1.14e-05 FLOPS = 1.37e+10 Tdav = 0.55 T = 0.90
 --> Site =  133 .. Mmps =   15 Ndav =  23 E =   -191.5323102005 Error = 3.11e-06 FLOPS = 1.40e+10 Tdav = 0.48 T = 0.84
 --> Site =  134 .. Mmps =   15 Ndav =  27 E =   -191.6307218396 Error = 1.85e-05 FLOPS = 1.31e+10 Tdav = 0.59 T = 0.94
 --> Site =  135 .. Mmps =   15 Ndav =  24 E =   -191.6900544198 Error = 3.45e-06 FLOPS = 1.36e+10 Tdav = 0.49 T = 0.85
 --> Site =  136 .. Mmps =   15 Ndav =  28 E =   -191.8311879035 Error = 2.64e-05 FLOPS = 1.28e+10 Tdav = 0.59 T = 0.97
 --> Site =  137 .. Mmps =   15 Ndav =  25 E =   -191.8917539415 Error = 4.02e-06 FLOPS = 1.33e+10 Tdav = 0.49 T = 0.91
 --> Site =  138 .. Mmps =   15 Ndav =  28 E =   -192.0197416550 Error = 2.68e-05 FLOPS = 1.26e+10 Tdav = 0.56 T = 0.95
 --> Site =  139 .. Mmps =   15 Ndav =  25 E =   -192.1171229485 Error = 4.80e-06 FLOPS = 1.32e+10 Tdav = 0.47 T = 0.81
 --> Site =  140 .. Mmps =   15 Ndav =  28 E =   -192.2415491822 Error = 2.74e-05 FLOPS = 1.24e+10 Tdav = 0.54 T = 0.87
 --> Site =  141 .. Mmps =   15 Ndav =  25 E =   -192.3186800422 Error = 2.62e-06 FLOPS = 1.30e+10 Tdav = 0.44 T = 0.77
 --> Site =  142 .. Mmps =   15 Ndav =  26 E =   -192.3886930258 Error = 9.04e-06 FLOPS = 1.26e+10 Tdav = 0.46 T = 0.86
 --> Site =  143 .. Mmps =   15 Ndav =  25 E =   -192.4224994129 Error = 1.61e-06 FLOPS = 1.28e+10 Tdav = 0.42 T = 0.73
 --> Site =  144 .. Mmps =   15 Ndav =  29 E =   -192.5536234012 Error = 1.95e-05 FLOPS = 1.17e+10 Tdav = 0.51 T = 0.86
 --> Site =  145 .. Mmps =   15 Ndav =  26 E =   -192.6126855876 Error = 1.98e-06 FLOPS = 1.23e+10 Tdav = 0.42 T = 0.80
 --> Site =  146 .. Mmps =   15 Ndav =  29 E =   -192.7337870063 Error = 1.63e-05 FLOPS = 1.16e+10 Tdav = 0.48 T = 0.75
 --> Site =  147 .. Mmps =   15 Ndav =  26 E =   -192.7972992163 Error = 2.76e-06 FLOPS = 1.21e+10 Tdav = 0.39 T = 0.66
 --> Site =  148 .. Mmps =   15 Ndav =  28 E =   -192.9010354549 Error = 8.45e-06 FLOPS = 1.14e+10 Tdav = 0.43 T = 0.68
 --> Site =  149 .. Mmps =   15 Ndav =  23 E =   -192.9184052789 Error = 2.07e-06 FLOPS = 1.25e+10 Tdav = 0.31 T = 0.56
 --> Site =  150 .. Mmps =   15 Ndav =  24 E =   -192.9574987535 Error = 8.16e-06 FLOPS = 1.21e+10 Tdav = 0.31 T = 0.55
 --> Site =  151 .. Mmps =   15 Ndav =  18 E =   -192.9632192278 Error = 2.57e-06 FLOPS = 1.39e+10 Tdav = 0.20 T = 0.43
 --> Site =  152 .. Mmps =   15 Ndav =  20 E =   -192.9778462928 Error = 1.01e-05 FLOPS = 1.30e+10 Tdav = 0.22 T = 0.43
 --> Site =  153 .. Mmps =   15 Ndav =  16 E =   -192.9800548524 Error = 2.37e-06 FLOPS = 1.40e+10 Tdav = 0.15 T = 0.36
 --> Site =  154 .. Mmps =   15 Ndav =  13 E =   -192.9815201019 Error = 5.33e-06 FLOPS = 1.48e+10 Tdav = 0.11 T = 0.31
 --> Site =  155 .. Mmps =   15 Ndav =  11 E =   -192.9815370313 Error = 1.59e-07 FLOPS = 1.52e+10 Tdav = 0.09 T = 0.27
 --> Site =  156 .. Mmps =   15 Ndav =  11 E =   -192.9816248110 Error = 2.25e-07 FLOPS = 1.51e+10 Tdav = 0.08 T = 0.25
 --> Site =  157 .. Mmps =   15 Ndav =  11 E =   -192.9816290632 Error = 3.79e-08 FLOPS = 1.48e+10 Tdav = 0.08 T = 0.24
 --> Site =  158 .. Mmps =   15 Ndav =   8 E =   -192.9816300406 Error = 6.56e-08 FLOPS = 1.55e+10 Tdav = 0.05 T = 0.20
 --> Site =  159 .. Mmps =   15 Ndav =   8 E =   -192.9816292692 Error = 5.37e-09 FLOPS = 1.57e+10 Tdav = 0.04 T = 0.19
 --> Site =  160 .. Mmps =   15 Ndav =   7 E =   -192.9816298116 Error = 2.57e-09 FLOPS = 1.60e+10 Tdav = 0.01 T = 0.09
 --> Site =  161 .. Mmps =   15 Ndav =   4 E =   -192.9816297686 Error = 2.09e-10 FLOPS = 1.15e+10 Tdav = 0.00 T = 0.03
 --> Site =  162 .. Mmps =   15 Ndav =   3 E =   -192.9816297652 Error = 4.28e-11 FLOPS = 7.09e+09 Tdav = 0.00 T = 0.03
 --> Site =  163 .. Mmps =   15 Ndav =   2 E =   -192.9816297644 Error = 1.62e-12 FLOPS = 2.93e+09 Tdav = 0.00 T = 0.03
 --> Site =  164 .. Mmps =   15 Ndav =   1 E =   -192.9816297644 Error = 9.08e-16 FLOPS = 1.09e+09 Tdav = 0.00 T = 0.03
 --> Site =  165 .. Mmps =   15 Ndav =   1 E =   -192.9816297644 Error = 3.91e-28 FLOPS = 4.95e+08 Tdav = 0.00 T = 0.03
 --> Site =  166 .. Mmps =   15 Ndav =   1 E =   -192.9816297644 Error = 6.91e-57 FLOPS = 2.30e+08 Tdav = 0.00 T = 0.03
 --> Site =  167 .. Mmps =   15 Ndav =   1 E =   -192.9816297644 Error = 3.31e-86 FLOPS = 1.23e+08 Tdav = 0.00 T = 0.03
 --> Site =  168 .. Mmps =   15 Ndav =   1 E =   -192.9816297644 Error = 1.88e-109 FLOPS = 3.65e+07 Tdav = 0.00 T = 0.03
Time elapsed =    142.583 | E =    -192.9816300406 | DW = 2.74248e-05
Time sweep =      142.583 | 1.06 TFLOP/SWP
 | Dmem = 107 MB (0%) | Imem = 232 B (79%) | Hmem = 107 MB | Wmem = 117 KB | Pmem = 117 KB
 | Tread = 47.512 | Twrite = 0.811 | Tfpread = 46.402 | Tfpwrite = 0.022 | Tmporead = 0.000 | Tasync = 0.000
 | data = 11.1 MB | cpsd = 8.65 MB
 | Trot = 0.029 | Tctr = 0.007 | Tint = 0.020 | Tmid = 0.000 | Tdctr = 0.126 | Tdiag = 0.113 | Tinfo = 0.298
 | Teff = 54.211 | Tprt = 0.275 | Teig = 81.550 | Tblk = 140.301 | Tmve = 2.271 | Tdm = 0.012 | Tsplt = 0.028 | Tsvd = 0.000 | Torth = 0.000

Sweep =    1 | Direction = backward | Bond dimension =   15 | Noise =  1.00e-04 | Dav threshold =  1.00e-10
 <-- Site =  168 .. Mmps =    2 Ndav =   1 E =   -192.9816297644 Error = 0.00e+00 FLOPS = 3.00e+07 Tdav = 0.00 T = 0.03
 <-- Site =  167 .. Mmps =    4 Ndav =   1 E =   -192.9816297644 Error = 0.00e+00 FLOPS = 1.13e+08 Tdav = 0.00 T = 0.03
 <-- Site =  166 .. Mmps =    8 Ndav =   1 E =   -192.9816297644 Error = 0.00e+00 FLOPS = 3.26e+08 Tdav = 0.00 T = 0.05
 <-- Site =  165 .. Mmps =   15 Ndav =   1 E =   -192.9816297644 Error = 2.27e-25 FLOPS = 6.23e+08 Tdav = 0.00 T = 0.03
 <-- Site =  164 .. Mmps =   15 Ndav =   1 E =   -192.9816297644 Error = 1.59e-22 FLOPS = 1.07e+09 Tdav = 0.00 T = 0.03
 <-- Site =  163 .. Mmps =   15 Ndav =   1 E =   -192.9816297644 Error = 6.93e-22 FLOPS = 1.07e+09 Tdav = 0.00 T = 0.03
 <-- Site =  162 .. Mmps =   15 Ndav =   2 E =   -192.9816297645 Error = 7.55e-20 FLOPS = 1.93e+09 Tdav = 0.00 T = 0.03
 <-- Site =  161 .. Mmps =   15 Ndav =   4 E =   -192.9816297647 Error = 1.26e-21 FLOPS = 2.80e+09 Tdav = 0.00 T = 0.03
 <-- Site =  160 .. Mmps =   15 Ndav =   3 E =   -192.9816297655 Error = 1.42e-19 FLOPS = 2.66e+09 Tdav = 0.00 T = 0.03
 <-- Site =  159 .. Mmps =   15 Ndav =   4 E =   -192.9816297686 Error = 6.03e-21 FLOPS = 3.25e+09 Tdav = 0.00 T = 0.03
 <-- Site =  158 .. Mmps =   15 Ndav =   5 E =   -192.9816298063 Error = 3.39e-19 FLOPS = 3.66e+09 Tdav = 0.00 T = 0.03
 <-- Site =  157 .. Mmps =   15 Ndav =   6 E =   -192.9816298371 Error = 1.79e-20 FLOPS = 3.84e+09 Tdav = 0.00 T = 0.03
 <-- Site =  156 .. Mmps =   15 Ndav =   6 E =   -192.9816298683 Error = 6.73e-17 FLOPS = 4.36e+09 Tdav = 0.00 T = 0.03
 <-- Site =  155 .. Mmps =   15 Ndav =   5 E =   -192.9816299453 Error = 1.68e-20 FLOPS = 4.45e+09 Tdav = 0.00 T = 0.03
 <-- Site =  154 .. Mmps =   15 Ndav =   8 E =   -192.9816317994 Error = 1.58e-18 FLOPS = 4.63e+09 Tdav = 0.00 T = 0.03
 <-- Site =  153 .. Mmps =   15 Ndav =  10 E =   -192.9816341453 Error = 2.26e-19 FLOPS = 4.60e+09 Tdav = 0.00 T = 0.03
 <-- Site =  152 .. Mmps =   15 Ndav =   9 E =   -192.9816416773 Error = 9.43e-19 FLOPS = 4.70e+09 Tdav = 0.00 T = 0.03
 <-- Site =  151 .. Mmps =   15 Ndav =  10 E =   -192.9816447234 Error = 1.66e-19 FLOPS = 4.84e+09 Tdav = 0.00 T = 0.03
 <-- Site =  150 .. Mmps =   15 Ndav =   9 E =   -192.9816515485 Error = 1.37e-18 FLOPS = 4.89e+09 Tdav = 0.00 T = 0.03
 <-- Site =  149 .. Mmps =   15 Ndav =  10 E =   -192.9816552809 Error = 3.64e-19 FLOPS = 4.98e+09 Tdav = 0.00 T = 0.03
 <-- Site =  148 .. Mmps =   15 Ndav =   9 E =   -192.9816638563 Error = 1.46e-18 FLOPS = 5.24e+09 Tdav = 0.00 T = 0.03
 <-- Site =  147 .. Mmps =   15 Ndav =  11 E =   -192.9816734025 Error = 2.30e-19 FLOPS = 5.02e+09 Tdav = 0.00 T = 0.05
 <-- Site =  146 .. Mmps =   15 Ndav =  11 E =   -192.9817920956 Error = 5.52e-18 FLOPS = 5.17e+09 Tdav = 0.00 T = 0.04
 <-- Site =  145 .. Mmps =   15 Ndav =  11 E =   -192.9818238491 Error = 7.14e-19 FLOPS = 5.42e+09 Tdav = 0.00 T = 0.04
 <-- Site =  144 .. Mmps =   15 Ndav =  11 E =   -192.9820193835 Error = 6.85e-18 FLOPS = 5.38e+09 Tdav = 0.00 T = 0.04
 <-- Site =  143 .. Mmps =   15 Ndav =  11 E =   -192.9821897415 Error = 8.19e-19 FLOPS = 5.36e+09 Tdav = 0.00 T = 0.04
 <-- Site =  142 .. Mmps =   15 Ndav =  11 E =   -192.9825412417 Error = 8.08e-17 FLOPS = 5.54e+09 Tdav = 0.00 T = 0.04
 <-- Site =  141 .. Mmps =   15 Ndav =  11 E =   -192.9827039797 Error = 2.34e-19 FLOPS = 5.71e+09 Tdav = 0.00 T = 0.05
 <-- Site =  140 .. Mmps =   15 Ndav =  14 E =   -192.9854147623 Error = 9.87e-18 FLOPS = 5.30e+09 Tdav = 0.00 T = 0.04
 <-- Site =  139 .. Mmps =   15 Ndav =  13 E =   -192.9857742055 Error = 1.95e-18 FLOPS = 5.42e+09 Tdav = 0.00 T = 0.06
 <-- Site =  138 .. Mmps =   15 Ndav =  14 E =   -192.9877194500 Error = 1.98e-18 FLOPS = 5.49e+09 Tdav = 0.00 T = 0.04
 <-- Site =  137 .. Mmps =   15 Ndav =  13 E =   -192.9879934983 Error = 4.03e-19 FLOPS = 5.57e+09 Tdav = 0.00 T = 0.04
 <-- Site =  136 .. Mmps =   15 Ndav =  14 E =   -192.9895152920 Error = 1.20e-18 FLOPS = 5.54e+09 Tdav = 0.00 T = 0.04
 <-- Site =  135 .. Mmps =   15 Ndav =  13 E =   -192.9896755662 Error = 8.34e-19 FLOPS = 5.91e+09 Tdav = 0.00 T = 0.04
 <-- Site =  134 .. Mmps =   15 Ndav =  15 E =   -192.9907356024 Error = 8.90e-18 FLOPS = 5.58e+09 Tdav = 0.00 T = 0.04
 <-- Site =  133 .. Mmps =   15 Ndav =  13 E =   -192.9909794404 Error = 2.67e-19 FLOPS = 5.86e+09 Tdav = 0.00 T = 0.05
 <-- Site =  132 .. Mmps =   15 Ndav =  13 E =   -192.9915980191 Error = 5.99e-18 FLOPS = 5.96e+09 Tdav = 0.00 T = 0.04
 <-- Site =  131 .. Mmps =   15 Ndav =  11 E =   -192.9916830746 Error = 6.19e-19 FLOPS = 6.22e+09 Tdav = 0.00 T = 0.04
 <-- Site =  130 .. Mmps =   15 Ndav =  10 E =   -192.9918965834 Error = 1.93e-18 FLOPS = 6.39e+09 Tdav = 0.00 T = 0.05
 <-- Site =  129 .. Mmps =   15 Ndav =  10 E =   -192.9919108986 Error = 2.53e-19 FLOPS = 6.39e+09 Tdav = 0.00 T = 0.04
 <-- Site =  128 .. Mmps =   15 Ndav =  12 E =   -192.9921663779 Error = 2.51e-18 FLOPS = 6.36e+09 Tdav = 0.00 T = 0.08
 <-- Site =  127 .. Mmps =   15 Ndav =  13 E =   -192.9922904276 Error = 2.31e-19 FLOPS = 6.14e+09 Tdav = 0.00 T = 0.05
 <-- Site =  126 .. Mmps =   15 Ndav =  13 E =   -192.9930471746 Error = 6.81e-18 FLOPS = 6.30e+09 Tdav = 0.00 T = 0.05
 <-- Site =  125 .. Mmps =   15 Ndav =  13 E =   -192.9931204131 Error = 8.79e-19 FLOPS = 6.22e+09 Tdav = 0.00 T = 0.05
 <-- Site =  124 .. Mmps =   15 Ndav =  13 E =   -192.9935237694 Error = 3.98e-17 FLOPS = 6.22e+09 Tdav = 0.00 T = 0.05
 <-- Site =  123 .. Mmps =   15 Ndav =  12 E =   -192.9936454596 Error = 4.77e-19 FLOPS = 6.53e+09 Tdav = 0.00 T = 0.05
 <-- Site =  122 .. Mmps =   15 Ndav =  13 E =   -192.9945058728 Error = 4.19e-18 FLOPS = 6.36e+09 Tdav = 0.00 T = 0.05
 <-- Site =  121 .. Mmps =   15 Ndav =  12 E =   -192.9945744844 Error = 2.20e-19 FLOPS = 6.50e+09 Tdav = 0.00 T = 0.06
 <-- Site =  120 .. Mmps =   15 Ndav =  13 E =   -192.9951358410 Error = 9.38e-18 FLOPS = 6.47e+09 Tdav = 0.00 T = 0.05
 <-- Site =  119 .. Mmps =   15 Ndav =  12 E =   -192.9952145756 Error = 9.79e-19 FLOPS = 6.46e+09 Tdav = 0.00 T = 0.05
 <-- Site =  118 .. Mmps =   15 Ndav =  12 E =   -192.9961894215 Error = 5.93e-18 FLOPS = 6.48e+09 Tdav = 0.00 T = 0.05
 <-- Site =  117 .. Mmps =   15 Ndav =  11 E =   -192.9964016825 Error = 5.66e-19 FLOPS = 6.59e+09 Tdav = 0.00 T = 0.05
 <-- Site =  116 .. Mmps =   15 Ndav =  12 E =   -192.9968542982 Error = 1.90e-18 FLOPS = 6.51e+09 Tdav = 0.00 T = 0.06
 <-- Site =  115 .. Mmps =   15 Ndav =  11 E =   -192.9972032858 Error = 3.41e-19 FLOPS = 6.59e+09 Tdav = 0.00 T = 0.06
 <-- Site =  114 .. Mmps =   15 Ndav =  14 E =   -193.0023197358 Error = 1.24e-18 FLOPS = 6.32e+09 Tdav = 0.00 T = 0.06
 <-- Site =  113 .. Mmps =   15 Ndav =  14 E =   -193.0028449590 Error = 1.94e-19 FLOPS = 6.34e+09 Tdav = 0.00 T = 0.06
 <-- Site =  112 .. Mmps =   15 Ndav =  14 E =   -193.0070393761 Error = 1.72e-18 FLOPS = 6.37e+09 Tdav = 0.00 T = 0.06
 <-- Site =  111 .. Mmps =   15 Ndav =  14 E =   -193.0075815124 Error = 6.43e-19 FLOPS = 6.40e+09 Tdav = 0.00 T = 0.06
 <-- Site =  110 .. Mmps =   15 Ndav =  15 E =   -193.0102676613 Error = 7.28e-18 FLOPS = 6.18e+09 Tdav = 0.00 T = 0.07
 <-- Site =  109 .. Mmps =   15 Ndav =  15 E =   -193.0109530043 Error = 2.79e-19 FLOPS = 6.24e+09 Tdav = 0.00 T = 0.06
 <-- Site =  108 .. Mmps =   15 Ndav =  15 E =   -193.0140351156 Error = 1.02e-17 FLOPS = 6.18e+09 Tdav = 0.00 T = 0.06
 <-- Site =  107 .. Mmps =   15 Ndav =  14 E =   -193.0144733885 Error = 1.20e-18 FLOPS = 6.38e+09 Tdav = 0.00 T = 0.08
 <-- Site =  106 .. Mmps =   15 Ndav =  14 E =   -193.0157215240 Error = 1.85e-18 FLOPS = 6.31e+09 Tdav = 0.00 T = 0.06
 <-- Site =  105 .. Mmps =   15 Ndav =  11 E =   -193.0158775759 Error = 2.51e-18 FLOPS = 6.90e+09 Tdav = 0.00 T = 0.06
 <-- Site =  104 .. Mmps =   15 Ndav =  11 E =   -193.0161559094 Error = 2.40e-18 FLOPS = 7.21e+09 Tdav = 0.00 T = 0.05
 <-- Site =  103 .. Mmps =   15 Ndav =  10 E =   -193.0161710542 Error = 9.37e-20 FLOPS = 6.87e+09 Tdav = 0.00 T = 0.06
 <-- Site =  102 .. Mmps =   15 Ndav =  12 E =   -193.0167896141 Error = 1.22e-17 FLOPS = 6.64e+09 Tdav = 0.00 T = 0.06
 <-- Site =  101 .. Mmps =   15 Ndav =  13 E =   -193.0170366148 Error = 3.91e-19 FLOPS = 6.56e+09 Tdav = 0.00 T = 0.06
 <-- Site =  100 .. Mmps =   15 Ndav =  14 E =   -193.0181612600 Error = 3.21e-17 FLOPS = 6.52e+09 Tdav = 0.00 T = 0.06
 <-- Site =   99 .. Mmps =   15 Ndav =  13 E =   -193.0182471650 Error = 4.05e-19 FLOPS = 6.48e+09 Tdav = 0.00 T = 0.06
 <-- Site =   98 .. Mmps =   15 Ndav =  13 E =   -193.0188830408 Error = 2.32e-18 FLOPS = 6.71e+09 Tdav = 0.00 T = 0.06
 <-- Site =   97 .. Mmps =   15 Ndav =  13 E =   -193.0190414380 Error = 4.82e-18 FLOPS = 7.01e+09 Tdav = 0.00 T = 0.06
 <-- Site =   96 .. Mmps =   15 Ndav =  13 E =   -193.0202146096 Error = 1.09e-18 FLOPS = 6.75e+09 Tdav = 0.00 T = 0.06
 <-- Site =   95 .. Mmps =   15 Ndav =  12 E =   -193.0203198975 Error = 2.41e-19 FLOPS = 6.65e+09 Tdav = 0.00 T = 0.06
 <-- Site =   94 .. Mmps =   15 Ndav =  13 E =   -193.0212134645 Error = 3.42e-18 FLOPS = 6.51e+09 Tdav = 0.00 T = 0.06
 <-- Site =   93 .. Mmps =   15 Ndav =  12 E =   -193.0213058426 Error = 4.40e-19 FLOPS = 6.67e+09 Tdav = 0.00 T = 0.06
 <-- Site =   92 .. Mmps =   15 Ndav =  13 E =   -193.0224840129 Error = 3.94e-17 FLOPS = 6.75e+09 Tdav = 0.00 T = 0.06
 <-- Site =   91 .. Mmps =   15 Ndav =   9 E =   -193.0227959704 Error = 1.61e-18 FLOPS = 6.81e+09 Tdav = 0.00 T = 0.06
 <-- Site =   90 .. Mmps =   15 Ndav =  12 E =   -193.0234406346 Error = 8.67e-17 FLOPS = 6.75e+09 Tdav = 0.00 T = 0.06
 <-- Site =   89 .. Mmps =   15 Ndav =  11 E =   -193.0238044803 Error = 1.61e-19 FLOPS = 6.93e+09 Tdav = 0.00 T = 0.07
 <-- Site =   88 .. Mmps =   15 Ndav =  14 E =   -193.0296643605 Error = 1.08e-16 FLOPS = 6.44e+09 Tdav = 0.00 T = 0.07
 <-- Site =   87 .. Mmps =   15 Ndav =  14 E =   -193.0303057460 Error = 7.97e-19 FLOPS = 6.53e+09 Tdav = 0.00 T = 0.09
 <-- Site =   86 .. Mmps =   15 Ndav =  15 E =   -193.0348802390 Error = 3.99e-17 FLOPS = 6.22e+09 Tdav = 0.00 T = 0.07
 <-- Site =   85 .. Mmps =   15 Ndav =  14 E =   -193.0356965467 Error = 8.60e-19 FLOPS = 6.47e+09 Tdav = 0.00 T = 0.06
 <-- Site =   84 .. Mmps =   15 Ndav =  15 E =   -193.0387632427 Error = 6.13e-18 FLOPS = 6.41e+09 Tdav = 0.00 T = 0.06
 <-- Site =   83 .. Mmps =   15 Ndav =  15 E =   -193.0396261210 Error = 4.03e-19 FLOPS = 6.25e+09 Tdav = 0.00 T = 0.06
 <-- Site =   82 .. Mmps =   15 Ndav =  16 E =   -193.0435194917 Error = 9.11e-18 FLOPS = 6.26e+09 Tdav = 0.00 T = 0.06
 <-- Site =   81 .. Mmps =   15 Ndav =  14 E =   -193.0440467589 Error = 3.05e-19 FLOPS = 6.50e+09 Tdav = 0.00 T = 0.06
 <-- Site =   80 .. Mmps =   15 Ndav =  14 E =   -193.0454274882 Error = 1.68e-17 FLOPS = 6.58e+09 Tdav = 0.00 T = 0.06
 <-- Site =   79 .. Mmps =   15 Ndav =  11 E =   -193.0456115415 Error = 8.66e-19 FLOPS = 6.86e+09 Tdav = 0.00 T = 0.06
 <-- Site =   78 .. Mmps =   15 Ndav =  11 E =   -193.0459167453 Error = 3.12e-18 FLOPS = 6.85e+09 Tdav = 0.00 T = 0.06
 <-- Site =   77 .. Mmps =   15 Ndav =  10 E =   -193.0459332872 Error = 2.33e-19 FLOPS = 6.89e+09 Tdav = 0.00 T = 0.06
 <-- Site =   76 .. Mmps =   15 Ndav =  12 E =   -193.0467203393 Error = 1.50e-17 FLOPS = 6.67e+09 Tdav = 0.00 T = 0.07
 <-- Site =   75 .. Mmps =   15 Ndav =  13 E =   -193.0470451956 Error = 2.51e-19 FLOPS = 6.88e+09 Tdav = 0.00 T = 0.07
 <-- Site =   74 .. Mmps =   15 Ndav =  14 E =   -193.0483946293 Error = 5.31e-17 FLOPS = 6.54e+09 Tdav = 0.00 T = 0.06
 <-- Site =   73 .. Mmps =   15 Ndav =  13 E =   -193.0484939729 Error = 1.02e-18 FLOPS = 6.56e+09 Tdav = 0.00 T = 0.06
 <-- Site =   72 .. Mmps =   15 Ndav =  13 E =   -193.0493254178 Error = 4.42e-18 FLOPS = 6.56e+09 Tdav = 0.00 T = 0.06
 <-- Site =   71 .. Mmps =   15 Ndav =  13 E =   -193.0495310232 Error = 1.03e-18 FLOPS = 6.64e+09 Tdav = 0.00 T = 0.06
 <-- Site =   70 .. Mmps =   15 Ndav =  14 E =   -193.0508731252 Error = 7.71e-19 FLOPS = 6.43e+09 Tdav = 0.00 T = 0.06
 <-- Site =   69 .. Mmps =   15 Ndav =  12 E =   -193.0509671860 Error = 4.84e-19 FLOPS = 6.63e+09 Tdav = 0.00 T = 0.06
 <-- Site =   68 .. Mmps =   15 Ndav =  13 E =   -193.0517423087 Error = 4.32e-18 FLOPS = 6.97e+09 Tdav = 0.00 T = 0.06
 <-- Site =   67 .. Mmps =   15 Ndav =  12 E =   -193.0518296117 Error = 3.34e-18 FLOPS = 6.61e+09 Tdav = 0.00 T = 0.06
 <-- Site =   66 .. Mmps =   15 Ndav =  13 E =   -193.0530655932 Error = 1.39e-18 FLOPS = 6.68e+09 Tdav = 0.00 T = 0.06
 <-- Site =   65 .. Mmps =   15 Ndav =  10 E =   -193.0533667552 Error = 3.05e-19 FLOPS = 6.89e+09 Tdav = 0.00 T = 0.06
 <-- Site =   64 .. Mmps =   15 Ndav =  12 E =   -193.0539881830 Error = 5.17e-17 FLOPS = 6.84e+09 Tdav = 0.00 T = 0.08
 <-- Site =   63 .. Mmps =   15 Ndav =  11 E =   -193.0543164438 Error = 2.39e-19 FLOPS = 6.81e+09 Tdav = 0.00 T = 0.06
 <-- Site =   62 .. Mmps =   15 Ndav =  14 E =   -193.0600641701 Error = 6.94e-17 FLOPS = 6.47e+09 Tdav = 0.00 T = 0.06
 <-- Site =   61 .. Mmps =   15 Ndav =  14 E =   -193.0607069889 Error = 2.21e-19 FLOPS = 6.46e+09 Tdav = 0.00 T = 0.06
 <-- Site =   60 .. Mmps =   15 Ndav =  15 E =   -193.0656756082 Error = 4.02e-18 FLOPS = 6.39e+09 Tdav = 0.00 T = 0.06
 <-- Site =   59 .. Mmps =   15 Ndav =  14 E =   -193.0665787233 Error = 7.47e-19 FLOPS = 6.38e+09 Tdav = 0.00 T = 0.06
 <-- Site =   58 .. Mmps =   15 Ndav =  15 E =   -193.0699843451 Error = 1.74e-17 FLOPS = 6.26e+09 Tdav = 0.00 T = 0.06
 <-- Site =   57 .. Mmps =   15 Ndav =  14 E =   -193.0708540636 Error = 3.56e-19 FLOPS = 6.40e+09 Tdav = 0.00 T = 0.06
 <-- Site =   56 .. Mmps =   15 Ndav =  15 E =   -193.0733485503 Error = 3.69e-18 FLOPS = 6.27e+09 Tdav = 0.00 T = 0.06
 <-- Site =   55 .. Mmps =   15 Ndav =  14 E =   -193.0739523906 Error = 8.24e-19 FLOPS = 6.47e+09 Tdav = 0.00 T = 0.06
 <-- Site =   54 .. Mmps =   15 Ndav =  14 E =   -193.0754608842 Error = 8.28e-18 FLOPS = 6.33e+09 Tdav = 0.00 T = 0.07
 <-- Site =   53 .. Mmps =   15 Ndav =  11 E =   -193.0756515785 Error = 2.20e-18 FLOPS = 6.91e+09 Tdav = 0.00 T = 0.06
 <-- Site =   52 .. Mmps =   15 Ndav =  11 E =   -193.0759613878 Error = 1.72e-16 FLOPS = 6.84e+09 Tdav = 0.00 T = 0.06
 <-- Site =   51 .. Mmps =   15 Ndav =  10 E =   -193.0759756566 Error = 3.16e-19 FLOPS = 6.84e+09 Tdav = 0.00 T = 0.06
 <-- Site =   50 .. Mmps =   15 Ndav =  12 E =   -193.0767310586 Error = 2.26e-18 FLOPS = 6.57e+09 Tdav = 0.00 T = 0.06
 <-- Site =   49 .. Mmps =   15 Ndav =  13 E =   -193.0770984224 Error = 9.54e-19 FLOPS = 6.41e+09 Tdav = 0.00 T = 0.06
 <-- Site =   48 .. Mmps =   15 Ndav =  13 E =   -193.0782579523 Error = 1.41e-17 FLOPS = 6.45e+09 Tdav = 0.00 T = 0.06
 <-- Site =   47 .. Mmps =   15 Ndav =  13 E =   -193.0783572616 Error = 3.41e-19 FLOPS = 6.46e+09 Tdav = 0.00 T = 0.07
 <-- Site =   46 .. Mmps =   15 Ndav =  14 E =   -193.0791573999 Error = 5.14e-18 FLOPS = 6.59e+09 Tdav = 0.00 T = 0.06
 <-- Site =   45 .. Mmps =   15 Ndav =  12 E =   -193.0793306889 Error = 1.05e-18 FLOPS = 6.60e+09 Tdav = 0.00 T = 0.06
 <-- Site =   44 .. Mmps =   15 Ndav =  13 E =   -193.0804738769 Error = 2.88e-17 FLOPS = 6.38e+09 Tdav = 0.00 T = 0.08
 <-- Site =   43 .. Mmps =   15 Ndav =  13 E =   -193.0805855312 Error = 1.72e-18 FLOPS = 6.41e+09 Tdav = 0.00 T = 0.06
 <-- Site =   42 .. Mmps =   15 Ndav =  13 E =   -193.0813891890 Error = 8.26e-18 FLOPS = 6.20e+09 Tdav = 0.00 T = 0.06
 <-- Site =   41 .. Mmps =   15 Ndav =  12 E =   -193.0814725086 Error = 2.06e-18 FLOPS = 6.54e+09 Tdav = 0.00 T = 0.06
 <-- Site =   40 .. Mmps =   15 Ndav =  13 E =   -193.0825137460 Error = 3.77e-18 FLOPS = 6.25e+09 Tdav = 0.00 T = 0.05
 <-- Site =   39 .. Mmps =   15 Ndav =  10 E =   -193.0827904480 Error = 1.50e-19 FLOPS = 6.46e+09 Tdav = 0.00 T = 0.05
 <-- Site =   38 .. Mmps =   15 Ndav =  12 E =   -193.0833606537 Error = 2.76e-18 FLOPS = 6.25e+09 Tdav = 0.00 T = 0.05
 <-- Site =   37 .. Mmps =   15 Ndav =  11 E =   -193.0836815317 Error = 1.74e-19 FLOPS = 6.35e+09 Tdav = 0.00 T = 0.05
 <-- Site =   36 .. Mmps =   15 Ndav =  14 E =   -193.0889181240 Error = 1.70e-17 FLOPS = 5.95e+09 Tdav = 0.00 T = 0.04
 <-- Site =   35 .. Mmps =   15 Ndav =  14 E =   -193.0894283907 Error = 3.04e-19 FLOPS = 5.86e+09 Tdav = 0.00 T = 0.08
 <-- Site =   34 .. Mmps =   15 Ndav =  15 E =   -193.0933112128 Error = 1.53e-17 FLOPS = 5.71e+09 Tdav = 0.00 T = 0.05
 <-- Site =   33 .. Mmps =   15 Ndav =  14 E =   -193.0939391216 Error = 8.57e-19 FLOPS = 5.84e+09 Tdav = 0.00 T = 0.04
 <-- Site =   32 .. Mmps =   15 Ndav =  15 E =   -193.0966429057 Error = 8.64e-18 FLOPS = 5.42e+09 Tdav = 0.00 T = 0.05
 <-- Site =   31 .. Mmps =   15 Ndav =  14 E =   -193.0973061911 Error = 1.39e-18 FLOPS = 5.71e+09 Tdav = 0.00 T = 0.04
 <-- Site =   30 .. Mmps =   15 Ndav =  15 E =   -193.0995658508 Error = 1.23e-17 FLOPS = 5.37e+09 Tdav = 0.00 T = 0.04
 <-- Site =   29 .. Mmps =   15 Ndav =  14 E =   -193.1000139761 Error = 1.61e-18 FLOPS = 5.45e+09 Tdav = 0.00 T = 0.05
 <-- Site =   28 .. Mmps =   15 Ndav =  14 E =   -193.1013001561 Error = 7.47e-19 FLOPS = 5.51e+09 Tdav = 0.00 T = 0.04
 <-- Site =   27 .. Mmps =   15 Ndav =  11 E =   -193.1014136472 Error = 4.34e-19 FLOPS = 5.73e+09 Tdav = 0.00 T = 0.04
 <-- Site =   26 .. Mmps =   15 Ndav =  10 E =   -193.1017101971 Error = 3.96e-17 FLOPS = 5.96e+09 Tdav = 0.00 T = 0.04
 <-- Site =   25 .. Mmps =   15 Ndav =  10 E =   -193.1017191785 Error = 7.61e-20 FLOPS = 5.63e+09 Tdav = 0.00 T = 0.04
 <-- Site =   24 .. Mmps =   15 Ndav =  14 E =   -193.1023631280 Error = 2.19e-17 FLOPS = 4.99e+09 Tdav = 0.00 T = 0.04
 <-- Site =   23 .. Mmps =   15 Ndav =  12 E =   -193.1024413682 Error = 2.51e-19 FLOPS = 5.27e+09 Tdav = 0.00 T = 0.04
 <-- Site =   22 .. Mmps =   15 Ndav =  14 E =   -193.1034242563 Error = 1.27e-18 FLOPS = 4.84e+09 Tdav = 0.00 T = 0.04
 <-- Site =   21 .. Mmps =   15 Ndav =  13 E =   -193.1035095079 Error = 1.69e-18 FLOPS = 4.92e+09 Tdav = 0.00 T = 0.03
 <-- Site =   20 .. Mmps =   15 Ndav =  12 E =   -193.1038822478 Error = 1.05e-18 FLOPS = 4.97e+09 Tdav = 0.00 T = 0.05
 <-- Site =   19 .. Mmps =   15 Ndav =  12 E =   -193.1039434742 Error = 2.59e-19 FLOPS = 5.24e+09 Tdav = 0.00 T = 0.04
 <-- Site =   18 .. Mmps =   15 Ndav =  13 E =   -193.1044423911 Error = 2.27e-17 FLOPS = 4.56e+09 Tdav = 0.00 T = 0.04
 <-- Site =   17 .. Mmps =   15 Ndav =  12 E =   -193.1044807241 Error = 1.19e-19 FLOPS = 4.64e+09 Tdav = 0.00 T = 0.03
 <-- Site =   16 .. Mmps =   15 Ndav =  12 E =   -193.1049917367 Error = 4.41e-17 FLOPS = 4.54e+09 Tdav = 0.00 T = 0.03
 <-- Site =   15 .. Mmps =   15 Ndav =  12 E =   -193.1050128966 Error = 1.87e-19 FLOPS = 4.37e+09 Tdav = 0.00 T = 0.03
 <-- Site =   14 .. Mmps =   15 Ndav =  12 E =   -193.1052057977 Error = 5.80e-17 FLOPS = 4.30e+09 Tdav = 0.00 T = 0.03
 <-- Site =   13 .. Mmps =   15 Ndav =  10 E =   -193.1052377200 Error = 8.12e-20 FLOPS = 4.43e+09 Tdav = 0.00 T = 0.03
 <-- Site =   12 .. Mmps =   15 Ndav =   9 E =   -193.1052766031 Error = 4.51e-17 FLOPS = 4.35e+09 Tdav = 0.00 T = 0.03
 <-- Site =   11 .. Mmps =   15 Ndav =  12 E =   -193.1054372204 Error = 3.75e-19 FLOPS = 3.75e+09 Tdav = 0.00 T = 0.04
 <-- Site =   10 .. Mmps =   15 Ndav =  11 E =   -193.1057287360 Error = 5.71e-18 FLOPS = 3.71e+09 Tdav = 0.00 T = 0.03
 <-- Site =    9 .. Mmps =   15 Ndav =  12 E =   -193.1058603773 Error = 3.45e-19 FLOPS = 3.60e+09 Tdav = 0.00 T = 0.03
 <-- Site =    8 .. Mmps =   15 Ndav =  11 E =   -193.1059562388 Error = 3.48e-18 FLOPS = 3.36e+09 Tdav = 0.00 T = 0.03
 <-- Site =    7 .. Mmps =   15 Ndav =  10 E =   -193.1059713614 Error = 1.76e-19 FLOPS = 3.28e+09 Tdav = 0.00 T = 0.04
 <-- Site =    6 .. Mmps =   15 Ndav =  10 E =   -193.1059750070 Error = 4.30e-18 FLOPS = 3.03e+09 Tdav = 0.00 T = 0.05
 <-- Site =    5 .. Mmps =   15 Ndav =  10 E =   -193.1059773687 Error = 4.99e-20 FLOPS = 2.86e+09 Tdav = 0.00 T = 0.03
 <-- Site =    4 .. Mmps =   15 Ndav =   8 E =   -193.1059780574 Error = 2.85e-20 FLOPS = 2.63e+09 Tdav = 0.00 T = 0.06
 <-- Site =    3 .. Mmps =   15 Ndav =   3 E =   -193.1059780576 Error = 7.73e-28 FLOPS = 9.79e+08 Tdav = 0.00 T = 0.05
 <-- Site =    2 .. Mmps =   15 Ndav =   1 E =   -193.1059780576 Error = 6.54e-54 FLOPS = 2.09e+08 Tdav = 0.00 T = 0.04
 <-- Site =    1 .. Mmps =   15 Ndav =   1 E =   -193.1059780576 Error = 9.68e-66 FLOPS = 1.06e+08 Tdav = 0.00 T = 0.03
 <-- Site =    0 .. Mmps =   15 Ndav =   1 E =   -193.1059780576 Error = 2.25e-87 FLOPS = 6.42e+07 Tdav = 0.00 T = 0.04
Time elapsed =    151.093 | E =    -193.1059780576 | DE = -1.24e-01 | DW = 1.72159e-16
Time sweep =        8.510 | 1.48 GFLOP/SWP
 | Dmem = 102 KB (3%) | Imem = 232 B (79%) | Hmem = 485 KB | Wmem = 3.52 KB | Pmem = 3.52 KB
 | Tread = 0.169 | Twrite = 0.895 | Tfpread = 0.033 | Tfpwrite = 0.021 | Tmporead = 0.000 | Tasync = 0.000
 | data = 11.1 MB | cpsd = 7.66 MB
 | Trot = 0.030 | Tctr = 0.461 | Tint = 0.025 | Tmid = 0.000 | Tdctr = 0.007 | Tdiag = 0.022 | Tinfo = 0.316
 | Teff = 2.156 | Tprt = 0.155 | Teig = 0.260 | Tblk = 6.172 | Tmve = 2.324 | Tdm = 0.003 | Tsplt = 0.018 | Tsvd = 0.000 | Torth = 0.000

Sweep =    2 | Direction =  forward | Bond dimension =   15 | Noise =  1.00e-04 | Dav threshold =  1.00e-10
 --> Site =    0 .. Mmps =    2 Ndav =   1 E =   -193.1059780576 Error = 0.00e+00 FLOPS = 4.65e+07 Tdav = 0.00 T = 0.02
 --> Site =    1 .. Mmps =    4 Ndav =   1 E =   -193.1059780576 Error = 0.00e+00 FLOPS = 1.11e+08 Tdav = 0.00 T = 0.03
 --> Site =    2 .. Mmps =    8 Ndav =   1 E =   -193.1059780576 Error = 0.00e+00 FLOPS = 2.55e+08 Tdav = 0.00 T = 0.03
 --> Site =    3 .. Mmps =   15 Ndav =   1 E =   -193.1059780576 Error = 0.00e+00 FLOPS = 4.85e+08 Tdav = 0.00 T = 0.04
 --> Site =    4 .. Mmps =   15 Ndav =   1 E =   -193.1059780576 Error = 2.45e-24 FLOPS = 1.16e+09 Tdav = 0.00 T = 0.03
 --> Site =    5 .. Mmps =   15 Ndav =   3 E =   -193.1059780577 Error = 3.18e-20 FLOPS = 2.17e+09 Tdav = 0.00 T = 0.03
 --> Site =    6 .. Mmps =   15 Ndav =   4 E =   -193.1059780614 Error = 4.17e-21 FLOPS = 2.61e+09 Tdav = 0.00 T = 0.03
 --> Site =    7 .. Mmps =   15 Ndav =   6 E =   -193.1059780744 Error = 1.55e-20 FLOPS = 3.30e+09 Tdav = 0.00 T = 0.03
 --> Site =    8 .. Mmps =   15 Ndav =   7 E =   -193.1059783755 Error = 3.39e-21 FLOPS = 3.50e+09 Tdav = 0.00 T = 0.03
 --> Site =    9 .. Mmps =   15 Ndav =  10 E =   -193.1059789166 Error = 8.19e-20 FLOPS = 3.64e+09 Tdav = 0.00 T = 0.03
 --> Site =   10 .. Mmps =   15 Ndav =   6 E =   -193.1059796706 Error = 5.93e-20 FLOPS = 4.76e+09 Tdav = 0.00 T = 0.03
 --> Site =   11 .. Mmps =   15 Ndav =   8 E =   -193.1059807609 Error = 1.12e-19 FLOPS = 4.21e+09 Tdav = 0.00 T = 0.03
 --> Site =   12 .. Mmps =   15 Ndav =   8 E =   -193.1059814705 Error = 2.69e-19 FLOPS = 4.50e+09 Tdav = 0.00 T = 0.03
 --> Site =   13 .. Mmps =   15 Ndav =   5 E =   -193.1059814944 Error = 1.73e-19 FLOPS = 4.47e+09 Tdav = 0.00 T = 0.03
 --> Site =   14 .. Mmps =   15 Ndav =   9 E =   -193.1059852208 Error = 4.58e-19 FLOPS = 4.50e+09 Tdav = 0.00 T = 0.03
 --> Site =   15 .. Mmps =   15 Ndav =   9 E =   -193.1059887422 Error = 6.57e-19 FLOPS = 4.83e+09 Tdav = 0.00 T = 0.03
 --> Site =   16 .. Mmps =   15 Ndav =   9 E =   -193.1059955996 Error = 4.18e-19 FLOPS = 4.80e+09 Tdav = 0.00 T = 0.03
 --> Site =   17 .. Mmps =   15 Ndav =  10 E =   -193.1060195385 Error = 5.56e-19 FLOPS = 4.83e+09 Tdav = 0.00 T = 0.03
 --> Site =   18 .. Mmps =   15 Ndav =   9 E =   -193.1060285447 Error = 5.04e-19 FLOPS = 5.10e+09 Tdav = 0.00 T = 0.03
 --> Site =   19 .. Mmps =   15 Ndav =  10 E =   -193.1060442225 Error = 1.18e-18 FLOPS = 5.06e+09 Tdav = 0.00 T = 0.03
 --> Site =   20 .. Mmps =   15 Ndav =  11 E =   -193.1061030616 Error = 6.52e-19 FLOPS = 5.23e+09 Tdav = 0.00 T = 0.03
 --> Site =   21 .. Mmps =   15 Ndav =  10 E =   -193.1061157098 Error = 5.32e-19 FLOPS = 5.21e+09 Tdav = 0.00 T = 0.03
 --> Site =   22 .. Mmps =   15 Ndav =  10 E =   -193.1061432634 Error = 3.99e-19 FLOPS = 5.31e+09 Tdav = 0.00 T = 0.03
 --> Site =   23 .. Mmps =   15 Ndav =   9 E =   -193.1061452555 Error = 9.26e-19 FLOPS = 5.59e+09 Tdav = 0.00 T = 0.03
 --> Site =   24 .. Mmps =   15 Ndav =  10 E =   -193.1061602888 Error = 7.87e-19 FLOPS = 5.58e+09 Tdav = 0.00 T = 0.03
 --> Site =   25 .. Mmps =   15 Ndav =   8 E =   -193.1061692437 Error = 2.79e-18 FLOPS = 5.86e+09 Tdav = 0.00 T = 0.03
 --> Site =   26 .. Mmps =   15 Ndav =   8 E =   -193.1061863130 Error = 1.48e-18 FLOPS = 5.98e+09 Tdav = 0.00 T = 0.03
 --> Site =   27 .. Mmps =   15 Ndav =   9 E =   -193.1061967766 Error = 1.42e-18 FLOPS = 5.77e+09 Tdav = 0.00 T = 0.03
 --> Site =   28 .. Mmps =   15 Ndav =  12 E =   -193.1062921190 Error = 9.98e-19 FLOPS = 5.53e+09 Tdav = 0.00 T = 0.04
 --> Site =   29 .. Mmps =   15 Ndav =  12 E =   -193.1063018741 Error = 3.06e-18 FLOPS = 5.67e+09 Tdav = 0.00 T = 0.04
 --> Site =   30 .. Mmps =   15 Ndav =  12 E =   -193.1063694980 Error = 2.78e-18 FLOPS = 5.83e+09 Tdav = 0.00 T = 0.04
 --> Site =   31 .. Mmps =   15 Ndav =  12 E =   -193.1063901020 Error = 1.04e-18 FLOPS = 5.82e+09 Tdav = 0.00 T = 0.04
 --> Site =   32 .. Mmps =   15 Ndav =  13 E =   -193.1066321555 Error = 4.18e-18 FLOPS = 5.74e+09 Tdav = 0.00 T = 0.04
 --> Site =   33 .. Mmps =   15 Ndav =  12 E =   -193.1066446021 Error = 1.99e-18 FLOPS = 5.75e+09 Tdav = 0.00 T = 0.04
 --> Site =   34 .. Mmps =   15 Ndav =  12 E =   -193.1067082253 Error = 4.60e-18 FLOPS = 6.02e+09 Tdav = 0.00 T = 0.04
 --> Site =   35 .. Mmps =   15 Ndav =  12 E =   -193.1067323071 Error = 2.35e-18 FLOPS = 5.89e+09 Tdav = 0.00 T = 0.04
 --> Site =   36 .. Mmps =   15 Ndav =  12 E =   -193.1069995410 Error = 1.67e-18 FLOPS = 6.16e+09 Tdav = 0.00 T = 0.04
 --> Site =   37 .. Mmps =   15 Ndav =   9 E =   -193.1070077648 Error = 1.70e-18 FLOPS = 6.53e+09 Tdav = 0.00 T = 0.05
 --> Site =   38 .. Mmps =   15 Ndav =   9 E =   -193.1070354571 Error = 4.36e-18 FLOPS = 6.42e+09 Tdav = 0.00 T = 0.04
 --> Site =   39 .. Mmps =   15 Ndav =   8 E =   -193.1070378608 Error = 5.21e-19 FLOPS = 6.33e+09 Tdav = 0.00 T = 0.04
 --> Site =   40 .. Mmps =   15 Ndav =  12 E =   -193.1074355840 Error = 5.16e-19 FLOPS = 6.25e+09 Tdav = 0.00 T = 0.05
 --> Site =   41 .. Mmps =   15 Ndav =  11 E =   -193.1074737032 Error = 2.28e-18 FLOPS = 6.50e+09 Tdav = 0.00 T = 0.05
 --> Site =   42 .. Mmps =   15 Ndav =  12 E =   -193.1076754322 Error = 8.40e-19 FLOPS = 6.29e+09 Tdav = 0.00 T = 0.09
 --> Site =   43 .. Mmps =   15 Ndav =  12 E =   -193.1077045738 Error = 2.49e-18 FLOPS = 6.33e+09 Tdav = 0.00 T = 0.06
 --> Site =   44 .. Mmps =   15 Ndav =  12 E =   -193.1078835059 Error = 4.75e-18 FLOPS = 6.34e+09 Tdav = 0.00 T = 0.06
 --> Site =   45 .. Mmps =   15 Ndav =   9 E =   -193.1079026442 Error = 3.59e-18 FLOPS = 6.66e+09 Tdav = 0.00 T = 0.05
 --> Site =   46 .. Mmps =   15 Ndav =  13 E =   -193.1080572215 Error = 6.82e-19 FLOPS = 6.22e+09 Tdav = 0.00 T = 0.04
 --> Site =   47 .. Mmps =   15 Ndav =  12 E =   -193.1080723324 Error = 1.09e-18 FLOPS = 6.44e+09 Tdav = 0.00 T = 0.15
 --> Site =   48 .. Mmps =   15 Ndav =  11 E =   -193.1081986488 Error = 1.57e-18 FLOPS = 6.51e+09 Tdav = 0.00 T = 0.04
 --> Site =   49 .. Mmps =   15 Ndav =  11 E =   -193.1082105149 Error = 4.13e-18 FLOPS = 6.49e+09 Tdav = 0.00 T = 0.04
 --> Site =   50 .. Mmps =   15 Ndav =  12 E =   -193.1084673880 Error = 2.47e-18 FLOPS = 6.64e+09 Tdav = 0.00 T = 0.06
 --> Site =   51 .. Mmps =   15 Ndav =   9 E =   -193.1084794665 Error = 1.31e-18 FLOPS = 6.66e+09 Tdav = 0.00 T = 0.05
 --> Site =   52 .. Mmps =   15 Ndav =   9 E =   -193.1085087829 Error = 4.48e-18 FLOPS = 6.87e+09 Tdav = 0.00 T = 0.05
 --> Site =   53 .. Mmps =   15 Ndav =  10 E =   -193.1085217145 Error = 4.77e-19 FLOPS = 6.72e+09 Tdav = 0.00 T = 0.05
 --> Site =   54 .. Mmps =   15 Ndav =  13 E =   -193.1087417620 Error = 8.74e-20 FLOPS = 6.45e+09 Tdav = 0.00 T = 0.05
 --> Site =   55 .. Mmps =   15 Ndav =  11 E =   -193.1087570372 Error = 4.85e-18 FLOPS = 6.63e+09 Tdav = 0.00 T = 0.08
 --> Site =   56 .. Mmps =   15 Ndav =  13 E =   -193.1089338370 Error = 1.83e-17 FLOPS = 6.57e+09 Tdav = 0.00 T = 0.07
 --> Site =   57 .. Mmps =   15 Ndav =  12 E =   -193.1089708933 Error = 8.24e-19 FLOPS = 6.52e+09 Tdav = 0.00 T = 0.05
 --> Site =   58 .. Mmps =   15 Ndav =  13 E =   -193.1092327347 Error = 2.10e-18 FLOPS = 6.64e+09 Tdav = 0.00 T = 0.05
 --> Site =   59 .. Mmps =   15 Ndav =  12 E =   -193.1092885805 Error = 2.31e-18 FLOPS = 6.63e+09 Tdav = 0.00 T = 0.05
 --> Site =   60 .. Mmps =   15 Ndav =  12 E =   -193.1095213859 Error = 7.18e-19 FLOPS = 6.80e+09 Tdav = 0.00 T = 0.05
 --> Site =   61 .. Mmps =   15 Ndav =  10 E =   -193.1095672296 Error = 2.54e-18 FLOPS = 6.92e+09 Tdav = 0.00 T = 0.06
 --> Site =   62 .. Mmps =   15 Ndav =  12 E =   -193.1101400819 Error = 2.11e-18 FLOPS = 6.62e+09 Tdav = 0.00 T = 0.07
 --> Site =   63 .. Mmps =   15 Ndav =   9 E =   -193.1101542614 Error = 4.59e-19 FLOPS = 6.84e+09 Tdav = 0.00 T = 0.05
 --> Site =   64 .. Mmps =   15 Ndav =  10 E =   -193.1102040099 Error = 4.52e-18 FLOPS = 6.89e+09 Tdav = 0.00 T = 0.06
 --> Site =   65 .. Mmps =   15 Ndav =   7 E =   -193.1102080590 Error = 3.27e-18 FLOPS = 7.13e+09 Tdav = 0.00 T = 0.06
 --> Site =   66 .. Mmps =   15 Ndav =  12 E =   -193.1108241052 Error = 3.67e-18 FLOPS = 6.70e+09 Tdav = 0.00 T = 0.05
 --> Site =   67 .. Mmps =   15 Ndav =  11 E =   -193.1108787105 Error = 4.55e-18 FLOPS = 6.83e+09 Tdav = 0.00 T = 0.05
 --> Site =   68 .. Mmps =   15 Ndav =  12 E =   -193.1112619872 Error = 1.81e-18 FLOPS = 6.80e+09 Tdav = 0.00 T = 0.06
 --> Site =   69 .. Mmps =   15 Ndav =  12 E =   -193.1112964829 Error = 4.82e-19 FLOPS = 6.79e+09 Tdav = 0.00 T = 0.06
 --> Site =   70 .. Mmps =   15 Ndav =  12 E =   -193.1115049222 Error = 3.66e-18 FLOPS = 6.77e+09 Tdav = 0.00 T = 0.06
 --> Site =   71 .. Mmps =   15 Ndav =  11 E =   -193.1115300467 Error = 2.40e-19 FLOPS = 6.84e+09 Tdav = 0.00 T = 0.06
 --> Site =   72 .. Mmps =   15 Ndav =  13 E =   -193.1117121227 Error = 7.80e-19 FLOPS = 6.60e+09 Tdav = 0.00 T = 0.06
 --> Site =   73 .. Mmps =   15 Ndav =  12 E =   -193.1117355849 Error = 2.05e-18 FLOPS = 6.71e+09 Tdav = 0.00 T = 0.06
 --> Site =   74 .. Mmps =   15 Ndav =  11 E =   -193.1119637669 Error = 1.97e-18 FLOPS = 6.75e+09 Tdav = 0.00 T = 0.06
 --> Site =   75 .. Mmps =   15 Ndav =  12 E =   -193.1119772701 Error = 1.14e-18 FLOPS = 6.76e+09 Tdav = 0.00 T = 0.05
 --> Site =   76 .. Mmps =   15 Ndav =  12 E =   -193.1122825105 Error = 5.02e-19 FLOPS = 6.66e+09 Tdav = 0.00 T = 0.06
 --> Site =   77 .. Mmps =   15 Ndav =   9 E =   -193.1122955132 Error = 3.37e-20 FLOPS = 6.89e+09 Tdav = 0.00 T = 0.05
 --> Site =   78 .. Mmps =   15 Ndav =   9 E =   -193.1123266766 Error = 6.07e-18 FLOPS = 6.85e+09 Tdav = 0.00 T = 0.05
 --> Site =   79 .. Mmps =   15 Ndav =  10 E =   -193.1123421497 Error = 4.26e-18 FLOPS = 6.85e+09 Tdav = 0.00 T = 0.05
 --> Site =   80 .. Mmps =   15 Ndav =  12 E =   -193.1124503174 Error = 1.03e-17 FLOPS = 6.77e+09 Tdav = 0.00 T = 0.05
 --> Site =   81 .. Mmps =   15 Ndav =  11 E =   -193.1124665933 Error = 1.76e-18 FLOPS = 6.91e+09 Tdav = 0.00 T = 0.06
 --> Site =   82 .. Mmps =   15 Ndav =  13 E =   -193.1126518232 Error = 1.16e-17 FLOPS = 6.69e+09 Tdav = 0.00 T = 0.05
 --> Site =   83 .. Mmps =   15 Ndav =  12 E =   -193.1126711509 Error = 8.91e-19 FLOPS = 6.75e+09 Tdav = 0.00 T = 0.06
 --> Site =   84 .. Mmps =   15 Ndav =  14 E =   -193.1132089164 Error = 3.17e-18 FLOPS = 6.54e+09 Tdav = 0.00 T = 0.05
 --> Site =   85 .. Mmps =   15 Ndav =  13 E =   -193.1132381340 Error = 2.71e-18 FLOPS = 6.62e+09 Tdav = 0.00 T = 0.05
 --> Site =   86 .. Mmps =   15 Ndav =  13 E =   -193.1134141902 Error = 2.24e-18 FLOPS = 6.75e+09 Tdav = 0.00 T = 0.05
 --> Site =   87 .. Mmps =   15 Ndav =  12 E =   -193.1134619367 Error = 2.19e-18 FLOPS = 6.81e+09 Tdav = 0.00 T = 0.06
 --> Site =   88 .. Mmps =   15 Ndav =  12 E =   -193.1140697314 Error = 2.04e-18 FLOPS = 6.79e+09 Tdav = 0.00 T = 0.06
 --> Site =   89 .. Mmps =   15 Ndav =   9 E =   -193.1140851649 Error = 2.01e-18 FLOPS = 7.16e+09 Tdav = 0.00 T = 0.05
 --> Site =   90 .. Mmps =   15 Ndav =  10 E =   -193.1141395794 Error = 4.97e-18 FLOPS = 7.03e+09 Tdav = 0.00 T = 0.05
 --> Site =   91 .. Mmps =   15 Ndav =   7 E =   -193.1141444168 Error = 1.43e-18 FLOPS = 7.13e+09 Tdav = 0.00 T = 0.05
 --> Site =   92 .. Mmps =   15 Ndav =  12 E =   -193.1147973742 Error = 3.74e-18 FLOPS = 6.79e+09 Tdav = 0.00 T = 0.06
 --> Site =   93 .. Mmps =   15 Ndav =  12 E =   -193.1148565215 Error = 3.07e-18 FLOPS = 6.70e+09 Tdav = 0.00 T = 0.06
 --> Site =   94 .. Mmps =   15 Ndav =  12 E =   -193.1152598756 Error = 8.36e-19 FLOPS = 6.76e+09 Tdav = 0.00 T = 0.05
 --> Site =   95 .. Mmps =   15 Ndav =  12 E =   -193.1152967947 Error = 1.18e-18 FLOPS = 6.87e+09 Tdav = 0.00 T = 0.05
 --> Site =   96 .. Mmps =   15 Ndav =  12 E =   -193.1155763690 Error = 8.74e-18 FLOPS = 6.76e+09 Tdav = 0.00 T = 0.06
 --> Site =   97 .. Mmps =   15 Ndav =  11 E =   -193.1155998660 Error = 1.99e-18 FLOPS = 6.89e+09 Tdav = 0.00 T = 0.06
 --> Site =   98 .. Mmps =   15 Ndav =  13 E =   -193.1158022366 Error = 1.06e-18 FLOPS = 6.54e+09 Tdav = 0.00 T = 0.06
 --> Site =   99 .. Mmps =   15 Ndav =  12 E =   -193.1158299648 Error = 3.55e-19 FLOPS = 6.78e+09 Tdav = 0.00 T = 0.06
 --> Site =  100 .. Mmps =   15 Ndav =  11 E =   -193.1160548941 Error = 2.28e-18 FLOPS = 6.89e+09 Tdav = 0.00 T = 0.05
 --> Site =  101 .. Mmps =   15 Ndav =  12 E =   -193.1160686056 Error = 2.09e-18 FLOPS = 6.71e+09 Tdav = 0.00 T = 0.05
 --> Site =  102 .. Mmps =   15 Ndav =  12 E =   -193.1163613526 Error = 2.37e-18 FLOPS = 6.85e+09 Tdav = 0.00 T = 0.05
 --> Site =  103 .. Mmps =   15 Ndav =   9 E =   -193.1163717871 Error = 2.27e-18 FLOPS = 6.92e+09 Tdav = 0.00 T = 0.05
 --> Site =  104 .. Mmps =   15 Ndav =   9 E =   -193.1163976565 Error = 2.24e-19 FLOPS = 6.96e+09 Tdav = 0.00 T = 0.05
 --> Site =  105 .. Mmps =   15 Ndav =  10 E =   -193.1164124430 Error = 1.29e-18 FLOPS = 6.83e+09 Tdav = 0.00 T = 0.05
 --> Site =  106 .. Mmps =   15 Ndav =  12 E =   -193.1165033107 Error = 9.73e-19 FLOPS = 6.71e+09 Tdav = 0.00 T = 0.06
 --> Site =  107 .. Mmps =   15 Ndav =  12 E =   -193.1165187784 Error = 9.12e-19 FLOPS = 6.73e+09 Tdav = 0.00 T = 0.06
 --> Site =  108 .. Mmps =   15 Ndav =  13 E =   -193.1167058746 Error = 1.44e-18 FLOPS = 6.49e+09 Tdav = 0.00 T = 0.05
 --> Site =  109 .. Mmps =   15 Ndav =  12 E =   -193.1167300425 Error = 2.07e-18 FLOPS = 6.69e+09 Tdav = 0.00 T = 0.05
 --> Site =  110 .. Mmps =   15 Ndav =  14 E =   -193.1172154009 Error = 3.43e-18 FLOPS = 6.44e+09 Tdav = 0.00 T = 0.05
 --> Site =  111 .. Mmps =   15 Ndav =  13 E =   -193.1172438840 Error = 1.98e-18 FLOPS = 6.51e+09 Tdav = 0.00 T = 0.05
 --> Site =  112 .. Mmps =   15 Ndav =  13 E =   -193.1174165832 Error = 1.20e-18 FLOPS = 6.63e+09 Tdav = 0.00 T = 0.06
 --> Site =  113 .. Mmps =   15 Ndav =  12 E =   -193.1174656254 Error = 3.03e-18 FLOPS = 6.72e+09 Tdav = 0.00 T = 0.05
 --> Site =  114 .. Mmps =   15 Ndav =  13 E =   -193.1180043494 Error = 6.45e-18 FLOPS = 6.45e+09 Tdav = 0.00 T = 0.05
 --> Site =  115 .. Mmps =   15 Ndav =   9 E =   -193.1180186464 Error = 8.88e-19 FLOPS = 6.94e+09 Tdav = 0.00 T = 0.06
 --> Site =  116 .. Mmps =   15 Ndav =  10 E =   -193.1180752303 Error = 1.50e-18 FLOPS = 6.68e+09 Tdav = 0.00 T = 0.08
 --> Site =  117 .. Mmps =   15 Ndav =   8 E =   -193.1180796911 Error = 4.40e-18 FLOPS = 6.70e+09 Tdav = 0.00 T = 0.05
 --> Site =  118 .. Mmps =   15 Ndav =  12 E =   -193.1185150717 Error = 1.08e-18 FLOPS = 6.62e+09 Tdav = 0.00 T = 0.05
 --> Site =  119 .. Mmps =   15 Ndav =  12 E =   -193.1185616723 Error = 2.82e-18 FLOPS = 6.53e+09 Tdav = 0.00 T = 0.05
 --> Site =  120 .. Mmps =   15 Ndav =  12 E =   -193.1189292187 Error = 4.20e-19 FLOPS = 6.53e+09 Tdav = 0.00 T = 0.05
 --> Site =  121 .. Mmps =   15 Ndav =  12 E =   -193.1189584509 Error = 2.21e-18 FLOPS = 6.47e+09 Tdav = 0.00 T = 0.07
 --> Site =  122 .. Mmps =   15 Ndav =  12 E =   -193.1192150280 Error = 2.09e-18 FLOPS = 6.38e+09 Tdav = 0.00 T = 0.06
 --> Site =  123 .. Mmps =   15 Ndav =  11 E =   -193.1192439341 Error = 2.42e-18 FLOPS = 6.61e+09 Tdav = 0.00 T = 0.05
 --> Site =  124 .. Mmps =   15 Ndav =  12 E =   -193.1194214676 Error = 1.07e-18 FLOPS = 6.42e+09 Tdav = 0.00 T = 0.05
 --> Site =  125 .. Mmps =   15 Ndav =  11 E =   -193.1194372498 Error = 4.34e-18 FLOPS = 6.27e+09 Tdav = 0.00 T = 0.05
 --> Site =  126 .. Mmps =   15 Ndav =  13 E =   -193.1197018982 Error = 7.11e-18 FLOPS = 6.22e+09 Tdav = 0.00 T = 0.05
 --> Site =  127 .. Mmps =   15 Ndav =  11 E =   -193.1197091980 Error = 2.02e-18 FLOPS = 6.61e+09 Tdav = 0.00 T = 0.05
 --> Site =  128 .. Mmps =   15 Ndav =  11 E =   -193.1198241511 Error = 2.94e-18 FLOPS = 6.40e+09 Tdav = 0.00 T = 0.05
 --> Site =  129 .. Mmps =   15 Ndav =   9 E =   -193.1198321803 Error = 2.02e-18 FLOPS = 6.40e+09 Tdav = 0.00 T = 0.04
 --> Site =  130 .. Mmps =   15 Ndav =   9 E =   -193.1198538309 Error = 1.15e-18 FLOPS = 6.62e+09 Tdav = 0.00 T = 0.04
 --> Site =  131 .. Mmps =   15 Ndav =  10 E =   -193.1198665647 Error = 4.60e-18 FLOPS = 6.28e+09 Tdav = 0.00 T = 0.04
 --> Site =  132 .. Mmps =   15 Ndav =  12 E =   -193.1199639838 Error = 4.51e-18 FLOPS = 5.98e+09 Tdav = 0.00 T = 0.05
 --> Site =  133 .. Mmps =   15 Ndav =  12 E =   -193.1199757682 Error = 1.76e-18 FLOPS = 6.11e+09 Tdav = 0.00 T = 0.04
 --> Site =  134 .. Mmps =   15 Ndav =  13 E =   -193.1200549392 Error = 9.21e-19 FLOPS = 5.86e+09 Tdav = 0.00 T = 0.04
 --> Site =  135 .. Mmps =   15 Ndav =  11 E =   -193.1200657731 Error = 2.59e-18 FLOPS = 6.04e+09 Tdav = 0.00 T = 0.04
 --> Site =  136 .. Mmps =   15 Ndav =  14 E =   -193.1202614913 Error = 7.61e-18 FLOPS = 5.67e+09 Tdav = 0.00 T = 0.05
 --> Site =  137 .. Mmps =   15 Ndav =  12 E =   -193.1202850381 Error = 1.44e-18 FLOPS = 5.78e+09 Tdav = 0.00 T = 0.05
 --> Site =  138 .. Mmps =   15 Ndav =  13 E =   -193.1204039395 Error = 5.81e-19 FLOPS = 5.65e+09 Tdav = 0.00 T = 0.04
 --> Site =  139 .. Mmps =   15 Ndav =  11 E =   -193.1204228182 Error = 1.36e-18 FLOPS = 5.80e+09 Tdav = 0.00 T = 0.04
 --> Site =  140 .. Mmps =   15 Ndav =  12 E =   -193.1206281392 Error = 3.89e-18 FLOPS = 5.64e+09 Tdav = 0.00 T = 0.04
 --> Site =  141 .. Mmps =   15 Ndav =   9 E =   -193.1206336367 Error = 1.38e-18 FLOPS = 5.87e+09 Tdav = 0.00 T = 0.04
 --> Site =  142 .. Mmps =   15 Ndav =   9 E =   -193.1206578998 Error = 5.67e-18 FLOPS = 5.78e+09 Tdav = 0.00 T = 0.04
 --> Site =  143 .. Mmps =   15 Ndav =   7 E =   -193.1206605763 Error = 1.60e-18 FLOPS = 5.80e+09 Tdav = 0.00 T = 0.04
 --> Site =  144 .. Mmps =   15 Ndav =  11 E =   -193.1208713745 Error = 2.18e-18 FLOPS = 5.49e+09 Tdav = 0.00 T = 0.03
 --> Site =  145 .. Mmps =   15 Ndav =  10 E =   -193.1208821322 Error = 1.68e-18 FLOPS = 5.50e+09 Tdav = 0.00 T = 0.03
 --> Site =  146 .. Mmps =   15 Ndav =  12 E =   -193.1210559422 Error = 2.60e-18 FLOPS = 5.12e+09 Tdav = 0.00 T = 0.04
 --> Site =  147 .. Mmps =   15 Ndav =  10 E =   -193.1210648275 Error = 1.63e-18 FLOPS = 5.14e+09 Tdav = 0.00 T = 0.05
 --> Site =  148 .. Mmps =   15 Ndav =  11 E =   -193.1211186154 Error = 4.00e-19 FLOPS = 4.96e+09 Tdav = 0.00 T = 0.05
 --> Site =  149 .. Mmps =   15 Ndav =   8 E =   -193.1211225607 Error = 6.55e-19 FLOPS = 5.08e+09 Tdav = 0.00 T = 0.03
 --> Site =  150 .. Mmps =   15 Ndav =  11 E =   -193.1211553662 Error = 4.16e-18 FLOPS = 4.73e+09 Tdav = 0.00 T = 0.04
 --> Site =  151 .. Mmps =   15 Ndav =  10 E =   -193.1211566407 Error = 6.35e-19 FLOPS = 4.77e+09 Tdav = 0.00 T = 0.03
 --> Site =  152 .. Mmps =   15 Ndav =  10 E =   -193.1212050274 Error = 5.95e-19 FLOPS = 4.52e+09 Tdav = 0.00 T = 0.04
 --> Site =  153 .. Mmps =   15 Ndav =  10 E =   -193.1212058054 Error = 7.69e-19 FLOPS = 4.40e+09 Tdav = 0.00 T = 0.06
 --> Site =  154 .. Mmps =   15 Ndav =   9 E =   -193.1212161249 Error = 2.25e-18 FLOPS = 4.31e+09 Tdav = 0.00 T = 0.04
 --> Site =  155 .. Mmps =   15 Ndav =   7 E =   -193.1212162881 Error = 5.98e-19 FLOPS = 4.38e+09 Tdav = 0.00 T = 0.03
 --> Site =  156 .. Mmps =   15 Ndav =   7 E =   -193.1212167401 Error = 2.02e-18 FLOPS = 4.27e+09 Tdav = 0.00 T = 0.03
 --> Site =  157 .. Mmps =   15 Ndav =   8 E =   -193.1212172853 Error = 5.96e-19 FLOPS = 3.82e+09 Tdav = 0.00 T = 0.05
 --> Site =  158 .. Mmps =   15 Ndav =   8 E =   -193.1212186614 Error = 2.18e-19 FLOPS = 3.82e+09 Tdav = 0.00 T = 0.03
 --> Site =  159 .. Mmps =   15 Ndav =   8 E =   -193.1212197564 Error = 8.00e-20 FLOPS = 3.60e+09 Tdav = 0.00 T = 0.03
 --> Site =  160 .. Mmps =   15 Ndav =   8 E =   -193.1212199664 Error = 1.55e-18 FLOPS = 3.28e+09 Tdav = 0.00 T = 0.05
 --> Site =  161 .. Mmps =   15 Ndav =   8 E =   -193.1212203200 Error = 3.23e-20 FLOPS = 3.08e+09 Tdav = 0.00 T = 0.04
 --> Site =  162 .. Mmps =   15 Ndav =   8 E =   -193.1212205380 Error = 5.17e-20 FLOPS = 2.79e+09 Tdav = 0.00 T = 0.04
 --> Site =  163 .. Mmps =   15 Ndav =   7 E =   -193.1212206337 Error = 9.01e-20 FLOPS = 2.60e+09 Tdav = 0.00 T = 0.05
 --> Site =  164 .. Mmps =   15 Ndav =   5 E =   -193.1212206414 Error = 8.13e-21 FLOPS = 2.08e+09 Tdav = 0.00 T = 0.04
 --> Site =  165 .. Mmps =   15 Ndav =   2 E =   -193.1212206415 Error = 6.24e-29 FLOPS = 7.60e+08 Tdav = 0.00 T = 0.03
 --> Site =  166 .. Mmps =   15 Ndav =   1 E =   -193.1212206415 Error = 9.89e-57 FLOPS = 3.14e+08 Tdav = 0.00 T = 0.03
 --> Site =  167 .. Mmps =   15 Ndav =   1 E =   -193.1212206415 Error = 7.65e-85 FLOPS = 1.34e+08 Tdav = 0.00 T = 0.03
 --> Site =  168 .. Mmps =   14 Ndav =   1 E =   -193.1212206415 Error = 0.00e+00 FLOPS = 3.82e+07 Tdav = 0.00 T = 0.04
Time elapsed =    159.034 | E =    -193.1212206415 | DE = -1.52e-02 | DW = 1.83468e-17
Time sweep =        7.941 | 1.31 GFLOP/SWP
 | Dmem = 102 KB (3%) | Imem = 232 B (79%) | Hmem = 485 KB | Wmem = 3.52 KB | Pmem = 3.52 KB
 | Tread = 0.173 | Twrite = 0.858 | Tfpread = 0.033 | Tfpwrite = 0.026 | Tmporead = 0.000 | Tasync = 0.000
 | data = 11.1 MB | cpsd = 8.69 MB
 | Trot = 0.028 | Tctr = 0.006 | Tint = 0.022 | Tmid = 0.000 | Tdctr = 0.113 | Tdiag = 0.021 | Tinfo = 0.314
 | Teff = 2.237 | Tprt = 0.135 | Teig = 0.224 | Tblk = 6.250 | Tmve = 1.681 | Tdm = 0.002 | Tsplt = 0.016 | Tsvd = 0.000 | Torth = 0.000

Sweep =    3 | Direction = backward | Bond dimension =   15 | Noise =  1.00e-04 | Dav threshold =  1.00e-10
 <-- Site =  168 .. Mmps =    2 Ndav =   1 E =   -193.1212206415 Error = 0.00e+00 FLOPS = 3.63e+07 Tdav = 0.00 T = 0.02
 <-- Site =  167 .. Mmps =    4 Ndav =   1 E =   -193.1212206415 Error = 0.00e+00 FLOPS = 1.40e+08 Tdav = 0.00 T = 0.03
 <-- Site =  166 .. Mmps =    8 Ndav =   1 E =   -193.1212206415 Error = 0.00e+00 FLOPS = 3.64e+08 Tdav = 0.00 T = 0.03
 <-- Site =  165 .. Mmps =   15 Ndav =   1 E =   -193.1212206415 Error = 5.89e-26 FLOPS = 6.71e+08 Tdav = 0.00 T = 0.03
 <-- Site =  164 .. Mmps =   15 Ndav =   1 E =   -193.1212206415 Error = 7.06e-23 FLOPS = 1.01e+09 Tdav = 0.00 T = 0.05
 <-- Site =  163 .. Mmps =   15 Ndav =   1 E =   -193.1212206415 Error = 2.79e-22 FLOPS = 1.21e+09 Tdav = 0.00 T = 0.04
 <-- Site =  162 .. Mmps =   15 Ndav =   2 E =   -193.1212206415 Error = 4.30e-22 FLOPS = 1.91e+09 Tdav = 0.00 T = 0.03
 <-- Site =  161 .. Mmps =   15 Ndav =   3 E =   -193.1212206416 Error = 3.91e-21 FLOPS = 2.33e+09 Tdav = 0.00 T = 0.03
 <-- Site =  160 .. Mmps =   15 Ndav =   3 E =   -193.1212206420 Error = 6.84e-19 FLOPS = 2.64e+09 Tdav = 0.00 T = 0.03
 <-- Site =  159 .. Mmps =   15 Ndav =   4 E =   -193.1212206441 Error = 1.43e-20 FLOPS = 3.28e+09 Tdav = 0.00 T = 0.04
 <-- Site =  158 .. Mmps =   15 Ndav =   4 E =   -193.1212206499 Error = 1.23e-19 FLOPS = 3.45e+09 Tdav = 0.00 T = 0.04
 <-- Site =  157 .. Mmps =   15 Ndav =   5 E =   -193.1212206786 Error = 9.51e-21 FLOPS = 3.68e+09 Tdav = 0.00 T = 0.03
 <-- Site =  156 .. Mmps =   15 Ndav =   4 E =   -193.1212206838 Error = 1.52e-18 FLOPS = 3.83e+09 Tdav = 0.00 T = 0.03
 <-- Site =  155 .. Mmps =   15 Ndav =   4 E =   -193.1212206901 Error = 1.12e-19 FLOPS = 3.83e+09 Tdav = 0.00 T = 0.03
 <-- Site =  154 .. Mmps =   15 Ndav =   6 E =   -193.1212212112 Error = 4.39e-18 FLOPS = 5.13e+09 Tdav = 0.00 T = 0.03
 <-- Site =  153 .. Mmps =   15 Ndav =   6 E =   -193.1212229551 Error = 3.22e-20 FLOPS = 4.82e+09 Tdav = 0.00 T = 0.03
 <-- Site =  152 .. Mmps =   15 Ndav =   8 E =   -193.1212265686 Error = 3.87e-17 FLOPS = 5.01e+09 Tdav = 0.00 T = 0.03
 <-- Site =  151 .. Mmps =   15 Ndav =  10 E =   -193.1212308704 Error = 2.15e-19 FLOPS = 4.88e+09 Tdav = 0.00 T = 0.03
 <-- Site =  150 .. Mmps =   15 Ndav =   8 E =   -193.1212326572 Error = 4.16e-19 FLOPS = 4.96e+09 Tdav = 0.00 T = 0.03
 <-- Site =  149 .. Mmps =   15 Ndav =   8 E =   -193.1212335225 Error = 4.54e-19 FLOPS = 5.23e+09 Tdav = 0.00 T = 0.03
 <-- Site =  148 .. Mmps =   15 Ndav =   8 E =   -193.1212343597 Error = 1.42e-18 FLOPS = 5.06e+09 Tdav = 0.00 T = 0.05
 <-- Site =  147 .. Mmps =   15 Ndav =   7 E =   -193.1212348524 Error = 5.85e-19 FLOPS = 5.35e+09 Tdav = 0.00 T = 0.03
 <-- Site =  146 .. Mmps =   15 Ndav =   8 E =   -193.1212385919 Error = 1.21e-18 FLOPS = 5.57e+09 Tdav = 0.00 T = 0.03
 <-- Site =  145 .. Mmps =   15 Ndav =   9 E =   -193.1212392216 Error = 4.49e-19 FLOPS = 5.33e+09 Tdav = 0.00 T = 0.04
 <-- Site =  144 .. Mmps =   15 Ndav =   8 E =   -193.1212423462 Error = 2.88e-18 FLOPS = 5.50e+09 Tdav = 0.00 T = 0.03
 <-- Site =  143 .. Mmps =   15 Ndav =   7 E =   -193.1212441887 Error = 3.81e-19 FLOPS = 5.87e+09 Tdav = 0.00 T = 0.03
 <-- Site =  142 .. Mmps =   15 Ndav =   8 E =   -193.1212513777 Error = 1.54e-16 FLOPS = 6.37e+09 Tdav = 0.00 T = 0.03
 <-- Site =  141 .. Mmps =   15 Ndav =   7 E =   -193.1212528159 Error = 4.08e-19 FLOPS = 6.55e+09 Tdav = 0.00 T = 0.03
 <-- Site =  140 .. Mmps =   15 Ndav =  10 E =   -193.1212898172 Error = 2.54e-17 FLOPS = 5.80e+09 Tdav = 0.00 T = 0.04
 <-- Site =  139 .. Mmps =   15 Ndav =  10 E =   -193.1212930605 Error = 1.90e-18 FLOPS = 5.72e+09 Tdav = 0.00 T = 0.04
 <-- Site =  138 .. Mmps =   15 Ndav =  11 E =   -193.1213344016 Error = 2.58e-18 FLOPS = 5.77e+09 Tdav = 0.00 T = 0.05
 <-- Site =  137 .. Mmps =   15 Ndav =  11 E =   -193.1213400845 Error = 4.41e-19 FLOPS = 5.75e+09 Tdav = 0.00 T = 0.06
 <-- Site =  136 .. Mmps =   15 Ndav =  11 E =   -193.1213874268 Error = 5.89e-17 FLOPS = 5.88e+09 Tdav = 0.00 T = 0.04
 <-- Site =  135 .. Mmps =   15 Ndav =  10 E =   -193.1213889485 Error = 2.63e-19 FLOPS = 6.29e+09 Tdav = 0.00 T = 0.04
 <-- Site =  134 .. Mmps =   15 Ndav =  10 E =   -193.1214003967 Error = 1.03e-17 FLOPS = 6.30e+09 Tdav = 0.00 T = 0.04
 <-- Site =  133 .. Mmps =   15 Ndav =  10 E =   -193.1214024894 Error = 2.00e-18 FLOPS = 6.24e+09 Tdav = 0.00 T = 0.04
 <-- Site =  132 .. Mmps =   15 Ndav =   9 E =   -193.1214118098 Error = 5.98e-18 FLOPS = 6.47e+09 Tdav = 0.00 T = 0.04
 <-- Site =  131 .. Mmps =   15 Ndav =   7 E =   -193.1214133363 Error = 3.15e-19 FLOPS = 6.44e+09 Tdav = 0.00 T = 0.06
 <-- Site =  130 .. Mmps =   15 Ndav =   9 E =   -193.1214193469 Error = 5.58e-17 FLOPS = 6.48e+09 Tdav = 0.00 T = 0.05
 <-- Site =  129 .. Mmps =   15 Ndav =   7 E =   -193.1214197436 Error = 5.42e-19 FLOPS = 6.69e+09 Tdav = 0.00 T = 0.05
 <-- Site =  128 .. Mmps =   15 Ndav =  10 E =   -193.1214707276 Error = 1.66e-18 FLOPS = 6.23e+09 Tdav = 0.00 T = 0.05
 <-- Site =  127 .. Mmps =   15 Ndav =  11 E =   -193.1214838312 Error = 3.87e-19 FLOPS = 6.35e+09 Tdav = 0.00 T = 0.05
 <-- Site =  126 .. Mmps =   15 Ndav =  11 E =   -193.1215349769 Error = 8.30e-18 FLOPS = 6.31e+09 Tdav = 0.00 T = 0.06
 <-- Site =  125 .. Mmps =   15 Ndav =  11 E =   -193.1215474052 Error = 1.23e-18 FLOPS = 6.44e+09 Tdav = 0.00 T = 0.05
 <-- Site =  124 .. Mmps =   15 Ndav =  10 E =   -193.1215722929 Error = 2.54e-18 FLOPS = 6.50e+09 Tdav = 0.00 T = 0.05
 <-- Site =  123 .. Mmps =   15 Ndav =  10 E =   -193.1215924985 Error = 6.77e-19 FLOPS = 6.71e+09 Tdav = 0.00 T = 0.05
 <-- Site =  122 .. Mmps =   15 Ndav =  11 E =   -193.1216474959 Error = 8.70e-19 FLOPS = 6.38e+09 Tdav = 0.00 T = 0.05
 <-- Site =  121 .. Mmps =   15 Ndav =   8 E =   -193.1216512915 Error = 5.29e-19 FLOPS = 6.71e+09 Tdav = 0.00 T = 0.05
 <-- Site =  120 .. Mmps =   15 Ndav =  10 E =   -193.1216631138 Error = 2.97e-18 FLOPS = 7.12e+09 Tdav = 0.00 T = 0.05
 <-- Site =  119 .. Mmps =   15 Ndav =   8 E =   -193.1216661268 Error = 1.37e-18 FLOPS = 6.64e+09 Tdav = 0.00 T = 0.05
 <-- Site =  118 .. Mmps =   15 Ndav =  11 E =   -193.1217320120 Error = 2.45e-18 FLOPS = 6.58e+09 Tdav = 0.00 T = 0.05
 <-- Site =  117 .. Mmps =   15 Ndav =   8 E =   -193.1217345294 Error = 7.94e-19 FLOPS = 6.78e+09 Tdav = 0.00 T = 0.05
 <-- Site =  116 .. Mmps =   15 Ndav =   8 E =   -193.1217416779 Error = 1.48e-16 FLOPS = 7.01e+09 Tdav = 0.00 T = 0.05
 <-- Site =  115 .. Mmps =   15 Ndav =   8 E =   -193.1217442187 Error = 2.32e-18 FLOPS = 6.68e+09 Tdav = 0.00 T = 0.06
 <-- Site =  114 .. Mmps =   15 Ndav =  11 E =   -193.1218087467 Error = 7.76e-17 FLOPS = 6.60e+09 Tdav = 0.00 T = 0.05
 <-- Site =  113 .. Mmps =   15 Ndav =  11 E =   -193.1218468563 Error = 2.41e-19 FLOPS = 6.66e+09 Tdav = 0.00 T = 0.05
 <-- Site =  112 .. Mmps =   15 Ndav =  13 E =   -193.1219737881 Error = 1.43e-17 FLOPS = 6.36e+09 Tdav = 0.00 T = 0.06
 <-- Site =  111 .. Mmps =   15 Ndav =  12 E =   -193.1219932251 Error = 8.32e-19 FLOPS = 6.60e+09 Tdav = 0.00 T = 0.05
 <-- Site =  110 .. Mmps =   15 Ndav =  11 E =   -193.1220578613 Error = 2.04e-17 FLOPS = 6.67e+09 Tdav = 0.00 T = 0.05
 <-- Site =  109 .. Mmps =   15 Ndav =  11 E =   -193.1220734042 Error = 1.38e-18 FLOPS = 6.59e+09 Tdav = 0.00 T = 0.05
 <-- Site =  108 .. Mmps =   15 Ndav =  12 E =   -193.1221743148 Error = 4.30e-17 FLOPS = 6.60e+09 Tdav = 0.00 T = 0.06
 <-- Site =  107 .. Mmps =   15 Ndav =  11 E =   -193.1221784288 Error = 4.44e-19 FLOPS = 6.61e+09 Tdav = 0.00 T = 0.06
 <-- Site =  106 .. Mmps =   15 Ndav =  10 E =   -193.1222016458 Error = 2.55e-18 FLOPS = 6.95e+09 Tdav = 0.00 T = 0.05
 <-- Site =  105 .. Mmps =   15 Ndav =   8 E =   -193.1222037384 Error = 2.54e-19 FLOPS = 7.04e+09 Tdav = 0.00 T = 0.06
 <-- Site =  104 .. Mmps =   15 Ndav =   8 E =   -193.1222101550 Error = 1.22e-18 FLOPS = 6.73e+09 Tdav = 0.00 T = 0.06
 <-- Site =  103 .. Mmps =   15 Ndav =   8 E =   -193.1222109808 Error = 9.94e-20 FLOPS = 7.08e+09 Tdav = 0.00 T = 0.06
 <-- Site =  102 .. Mmps =   15 Ndav =  11 E =   -193.1222906459 Error = 1.05e-17 FLOPS = 6.82e+09 Tdav = 0.00 T = 0.06
 <-- Site =  101 .. Mmps =   15 Ndav =   9 E =   -193.1223103503 Error = 3.26e-19 FLOPS = 6.82e+09 Tdav = 0.00 T = 0.06
 <-- Site =  100 .. Mmps =   15 Ndav =  11 E =   -193.1224403782 Error = 2.70e-18 FLOPS = 6.80e+09 Tdav = 0.00 T = 0.06
 <-- Site =   99 .. Mmps =   15 Ndav =  12 E =   -193.1224914777 Error = 1.41e-18 FLOPS = 6.69e+09 Tdav = 0.00 T = 0.06
 <-- Site =   98 .. Mmps =   15 Ndav =  11 E =   -193.1225838509 Error = 2.14e-18 FLOPS = 6.89e+09 Tdav = 0.00 T = 0.06
 <-- Site =   97 .. Mmps =   15 Ndav =  10 E =   -193.1226031360 Error = 1.64e-18 FLOPS = 6.92e+09 Tdav = 0.00 T = 0.06
 <-- Site =   96 .. Mmps =   15 Ndav =  12 E =   -193.1226854967 Error = 5.76e-17 FLOPS = 6.69e+09 Tdav = 0.00 T = 0.05
 <-- Site =   95 .. Mmps =   15 Ndav =   9 E =   -193.1226937375 Error = 2.77e-18 FLOPS = 6.87e+09 Tdav = 0.00 T = 0.06
 <-- Site =   94 .. Mmps =   15 Ndav =  11 E =   -193.1227246618 Error = 7.80e-18 FLOPS = 6.96e+09 Tdav = 0.00 T = 0.06
 <-- Site =   93 .. Mmps =   15 Ndav =  10 E =   -193.1227292253 Error = 8.34e-19 FLOPS = 6.78e+09 Tdav = 0.00 T = 0.06
 <-- Site =   92 .. Mmps =   15 Ndav =  11 E =   -193.1228251684 Error = 2.42e-18 FLOPS = 6.81e+09 Tdav = 0.00 T = 0.06
 <-- Site =   91 .. Mmps =   15 Ndav =   9 E =   -193.1228296248 Error = 1.16e-18 FLOPS = 6.77e+09 Tdav = 0.00 T = 0.06
 <-- Site =   90 .. Mmps =   15 Ndav =   9 E =   -193.1228409105 Error = 3.03e-17 FLOPS = 6.83e+09 Tdav = 0.00 T = 0.06
 <-- Site =   89 .. Mmps =   15 Ndav =   9 E =   -193.1228442799 Error = 3.41e-19 FLOPS = 6.89e+09 Tdav = 0.00 T = 0.06
 <-- Site =   88 .. Mmps =   15 Ndav =  11 E =   -193.1229474460 Error = 2.60e-18 FLOPS = 6.72e+09 Tdav = 0.00 T = 0.06
 <-- Site =   87 .. Mmps =   15 Ndav =  11 E =   -193.1229814668 Error = 2.94e-19 FLOPS = 7.01e+09 Tdav = 0.00 T = 0.06
 <-- Site =   86 .. Mmps =   15 Ndav =  13 E =   -193.1231130146 Error = 2.82e-18 FLOPS = 6.56e+09 Tdav = 0.00 T = 0.06
 <-- Site =   85 .. Mmps =   15 Ndav =  12 E =   -193.1231400593 Error = 5.28e-19 FLOPS = 6.64e+09 Tdav = 0.00 T = 0.06
 <-- Site =   84 .. Mmps =   15 Ndav =  12 E =   -193.1232193330 Error = 8.75e-18 FLOPS = 6.78e+09 Tdav = 0.00 T = 0.06
 <-- Site =   83 .. Mmps =   15 Ndav =  11 E =   -193.1232346712 Error = 1.01e-18 FLOPS = 6.87e+09 Tdav = 0.00 T = 0.07
 <-- Site =   82 .. Mmps =   15 Ndav =  12 E =   -193.1233463821 Error = 3.03e-18 FLOPS = 6.64e+09 Tdav = 0.00 T = 0.11
 <-- Site =   81 .. Mmps =   15 Ndav =  11 E =   -193.1233517161 Error = 4.67e-19 FLOPS = 6.82e+09 Tdav = 0.00 T = 0.06
 <-- Site =   80 .. Mmps =   15 Ndav =  11 E =   -193.1233805014 Error = 5.13e-18 FLOPS = 6.86e+09 Tdav = 0.00 T = 0.06
 <-- Site =   79 .. Mmps =   15 Ndav =   8 E =   -193.1233828286 Error = 1.99e-18 FLOPS = 7.07e+09 Tdav = 0.00 T = 0.06
 <-- Site =   78 .. Mmps =   15 Ndav =   8 E =   -193.1233904166 Error = 1.03e-16 FLOPS = 6.80e+09 Tdav = 0.00 T = 0.07
 <-- Site =   77 .. Mmps =   15 Ndav =   8 E =   -193.1233913239 Error = 6.61e-20 FLOPS = 6.96e+09 Tdav = 0.00 T = 0.07
 <-- Site =   76 .. Mmps =   15 Ndav =  11 E =   -193.1234721769 Error = 2.83e-19 FLOPS = 6.73e+09 Tdav = 0.00 T = 0.06
 <-- Site =   75 .. Mmps =   15 Ndav =  11 E =   -193.1234842039 Error = 3.28e-19 FLOPS = 6.84e+09 Tdav = 0.00 T = 0.06
 <-- Site =   74 .. Mmps =   15 Ndav =  11 E =   -193.1236324308 Error = 1.20e-18 FLOPS = 6.90e+09 Tdav = 0.00 T = 0.07
 <-- Site =   73 .. Mmps =   15 Ndav =  11 E =   -193.1236518691 Error = 4.24e-18 FLOPS = 6.68e+09 Tdav = 0.00 T = 0.06
 <-- Site =   72 .. Mmps =   15 Ndav =  11 E =   -193.1237596771 Error = 8.14e-19 FLOPS = 6.68e+09 Tdav = 0.00 T = 0.06
 <-- Site =   71 .. Mmps =   15 Ndav =  11 E =   -193.1237867380 Error = 1.37e-18 FLOPS = 6.75e+09 Tdav = 0.00 T = 0.06
 <-- Site =   70 .. Mmps =   15 Ndav =  12 E =   -193.1239142856 Error = 2.05e-18 FLOPS = 6.63e+09 Tdav = 0.00 T = 0.06
 <-- Site =   69 .. Mmps =   15 Ndav =   9 E =   -193.1239196577 Error = 1.11e-18 FLOPS = 7.00e+09 Tdav = 0.00 T = 0.06
 <-- Site =   68 .. Mmps =   15 Ndav =  10 E =   -193.1239473011 Error = 2.13e-17 FLOPS = 6.99e+09 Tdav = 0.00 T = 0.07
 <-- Site =   67 .. Mmps =   15 Ndav =  10 E =   -193.1239515506 Error = 3.02e-18 FLOPS = 7.01e+09 Tdav = 0.00 T = 0.06
 <-- Site =   66 .. Mmps =   15 Ndav =  11 E =   -193.1240456714 Error = 2.34e-18 FLOPS = 6.91e+09 Tdav = 0.00 T = 0.07
 <-- Site =   65 .. Mmps =   15 Ndav =   9 E =   -193.1240501319 Error = 4.70e-19 FLOPS = 7.01e+09 Tdav = 0.00 T = 0.06
 <-- Site =   64 .. Mmps =   15 Ndav =   9 E =   -193.1240627117 Error = 3.50e-18 FLOPS = 7.03e+09 Tdav = 0.00 T = 0.06
 <-- Site =   63 .. Mmps =   15 Ndav =   9 E =   -193.1240664766 Error = 9.41e-19 FLOPS = 6.92e+09 Tdav = 0.00 T = 0.06
 <-- Site =   62 .. Mmps =   15 Ndav =  11 E =   -193.1241882362 Error = 1.25e-18 FLOPS = 6.77e+09 Tdav = 0.00 T = 0.06
 <-- Site =   61 .. Mmps =   15 Ndav =  12 E =   -193.1242453233 Error = 9.93e-19 FLOPS = 6.68e+09 Tdav = 0.00 T = 0.06
 <-- Site =   60 .. Mmps =   15 Ndav =  13 E =   -193.1244732590 Error = 3.90e-17 FLOPS = 6.53e+09 Tdav = 0.00 T = 0.06
 <-- Site =   59 .. Mmps =   15 Ndav =  12 E =   -193.1245037837 Error = 2.00e-18 FLOPS = 6.72e+09 Tdav = 0.00 T = 0.06
 <-- Site =   58 .. Mmps =   15 Ndav =  12 E =   -193.1246956461 Error = 1.30e-18 FLOPS = 6.73e+09 Tdav = 0.00 T = 0.05
 <-- Site =   57 .. Mmps =   15 Ndav =  11 E =   -193.1247061590 Error = 2.41e-18 FLOPS = 6.93e+09 Tdav = 0.00 T = 0.06
 <-- Site =   56 .. Mmps =   15 Ndav =  12 E =   -193.1248119046 Error = 1.56e-17 FLOPS = 6.75e+09 Tdav = 0.00 T = 0.06
 <-- Site =   55 .. Mmps =   15 Ndav =  12 E =   -193.1248313021 Error = 1.97e-18 FLOPS = 6.54e+09 Tdav = 0.00 T = 0.06
 <-- Site =   54 .. Mmps =   15 Ndav =  11 E =   -193.1248952585 Error = 2.48e-17 FLOPS = 6.81e+09 Tdav = 0.00 T = 0.06
 <-- Site =   53 .. Mmps =   15 Ndav =   8 E =   -193.1248987906 Error = 1.42e-18 FLOPS = 6.76e+09 Tdav = 0.00 T = 0.07
 <-- Site =   52 .. Mmps =   15 Ndav =   9 E =   -193.1249100352 Error = 9.74e-17 FLOPS = 6.75e+09 Tdav = 0.00 T = 0.06
 <-- Site =   51 .. Mmps =   15 Ndav =   8 E =   -193.1249108507 Error = 2.76e-19 FLOPS = 6.94e+09 Tdav = 0.00 T = 0.06
 <-- Site =   50 .. Mmps =   15 Ndav =  11 E =   -193.1250116251 Error = 3.60e-18 FLOPS = 7.13e+09 Tdav = 0.00 T = 0.05
 <-- Site =   49 .. Mmps =   15 Ndav =  10 E =   -193.1250194672 Error = 3.37e-19 FLOPS = 6.84e+09 Tdav = 0.00 T = 0.06
 <-- Site =   48 .. Mmps =   15 Ndav =  12 E =   -193.1251155097 Error = 1.87e-18 FLOPS = 6.64e+09 Tdav = 0.00 T = 0.08
 <-- Site =   47 .. Mmps =   15 Ndav =  11 E =   -193.1251315830 Error = 3.55e-19 FLOPS = 6.56e+09 Tdav = 0.00 T = 0.12
 <-- Site =   46 .. Mmps =   15 Ndav =  11 E =   -193.1251862043 Error = 3.81e-18 FLOPS = 6.37e+09 Tdav = 0.00 T = 0.05
 <-- Site =   45 .. Mmps =   15 Ndav =  11 E =   -193.1252041816 Error = 1.45e-18 FLOPS = 6.49e+09 Tdav = 0.00 T = 0.05
 <-- Site =   44 .. Mmps =   15 Ndav =  12 E =   -193.1253308880 Error = 3.30e-19 FLOPS = 6.12e+09 Tdav = 0.00 T = 0.06
 <-- Site =   43 .. Mmps =   15 Ndav =  10 E =   -193.1253349512 Error = 4.12e-19 FLOPS = 6.45e+09 Tdav = 0.00 T = 0.05
 <-- Site =   42 .. Mmps =   15 Ndav =  10 E =   -193.1253721334 Error = 2.11e-17 FLOPS = 6.46e+09 Tdav = 0.00 T = 0.06
 <-- Site =   41 .. Mmps =   15 Ndav =  10 E =   -193.1253755425 Error = 3.08e-19 FLOPS = 6.40e+09 Tdav = 0.00 T = 0.05
 <-- Site =   40 .. Mmps =   15 Ndav =  10 E =   -193.1254455095 Error = 5.74e-18 FLOPS = 6.37e+09 Tdav = 0.00 T = 0.07
 <-- Site =   39 .. Mmps =   15 Ndav =   9 E =   -193.1254499009 Error = 5.69e-19 FLOPS = 6.37e+09 Tdav = 0.00 T = 0.05
 <-- Site =   38 .. Mmps =   15 Ndav =   8 E =   -193.1254645396 Error = 3.97e-18 FLOPS = 6.78e+09 Tdav = 0.00 T = 0.05
 <-- Site =   37 .. Mmps =   15 Ndav =   9 E =   -193.1254678673 Error = 1.04e-18 FLOPS = 7.02e+09 Tdav = 0.00 T = 0.04
 <-- Site =   36 .. Mmps =   15 Ndav =  12 E =   -193.1255736803 Error = 1.13e-16 FLOPS = 6.56e+09 Tdav = 0.00 T = 0.04
 <-- Site =   35 .. Mmps =   15 Ndav =  11 E =   -193.1256129027 Error = 6.73e-19 FLOPS = 6.69e+09 Tdav = 0.00 T = 0.06
 <-- Site =   34 .. Mmps =   15 Ndav =  14 E =   -193.1257184954 Error = 1.34e-17 FLOPS = 6.09e+09 Tdav = 0.00 T = 0.06
 <-- Site =   33 .. Mmps =   15 Ndav =  11 E =   -193.1257331093 Error = 8.80e-19 FLOPS = 6.58e+09 Tdav = 0.00 T = 0.04
 <-- Site =   32 .. Mmps =   15 Ndav =  12 E =   -193.1257773180 Error = 2.16e-17 FLOPS = 6.31e+09 Tdav = 0.00 T = 0.04
 <-- Site =   31 .. Mmps =   15 Ndav =  11 E =   -193.1257834847 Error = 2.02e-18 FLOPS = 6.44e+09 Tdav = 0.00 T = 0.04
 <-- Site =   30 .. Mmps =   15 Ndav =  12 E =   -193.1258932704 Error = 3.76e-17 FLOPS = 6.21e+09 Tdav = 0.00 T = 0.05
 <-- Site =   29 .. Mmps =   15 Ndav =  11 E =   -193.1258992065 Error = 2.13e-18 FLOPS = 6.16e+09 Tdav = 0.00 T = 0.04
 <-- Site =   28 .. Mmps =   15 Ndav =  11 E =   -193.1259425598 Error = 1.38e-17 FLOPS = 5.89e+09 Tdav = 0.00 T = 0.04
 <-- Site =   27 .. Mmps =   15 Ndav =   9 E =   -193.1259493998 Error = 2.99e-18 FLOPS = 5.96e+09 Tdav = 0.00 T = 0.07
 <-- Site =   26 .. Mmps =   15 Ndav =   9 E =   -193.1259886534 Error = 8.14e-18 FLOPS = 5.85e+09 Tdav = 0.00 T = 0.05
 <-- Site =   25 .. Mmps =   15 Ndav =   7 E =   -193.1259919068 Error = 3.65e-19 FLOPS = 5.78e+09 Tdav = 0.00 T = 0.04
 <-- Site =   24 .. Mmps =   15 Ndav =  10 E =   -193.1260629326 Error = 2.55e-17 FLOPS = 5.54e+09 Tdav = 0.00 T = 0.04
 <-- Site =   23 .. Mmps =   15 Ndav =   8 E =   -193.1260678950 Error = 2.16e-19 FLOPS = 5.69e+09 Tdav = 0.00 T = 0.04
 <-- Site =   22 .. Mmps =   15 Ndav =  10 E =   -193.1261231953 Error = 1.46e-18 FLOPS = 5.40e+09 Tdav = 0.00 T = 0.03
 <-- Site =   21 .. Mmps =   15 Ndav =  10 E =   -193.1261295862 Error = 1.05e-18 FLOPS = 5.20e+09 Tdav = 0.00 T = 0.04
 <-- Site =   20 .. Mmps =   15 Ndav =  10 E =   -193.1261684237 Error = 2.98e-17 FLOPS = 5.30e+09 Tdav = 0.00 T = 0.04
 <-- Site =   19 .. Mmps =   15 Ndav =  11 E =   -193.1261780302 Error = 2.00e-19 FLOPS = 4.91e+09 Tdav = 0.00 T = 0.06
 <-- Site =   18 .. Mmps =   15 Ndav =  10 E =   -193.1262390376 Error = 2.25e-17 FLOPS = 5.11e+09 Tdav = 0.00 T = 0.04
 <-- Site =   17 .. Mmps =   15 Ndav =   9 E =   -193.1262405096 Error = 1.79e-19 FLOPS = 4.88e+09 Tdav = 0.00 T = 0.05
 <-- Site =   16 .. Mmps =   15 Ndav =  11 E =   -193.1262614796 Error = 1.20e-17 FLOPS = 4.69e+09 Tdav = 0.00 T = 0.04
 <-- Site =   15 .. Mmps =   15 Ndav =  10 E =   -193.1262620467 Error = 2.78e-19 FLOPS = 4.59e+09 Tdav = 0.00 T = 0.05
 <-- Site =   14 .. Mmps =   15 Ndav =   8 E =   -193.1262717763 Error = 9.17e-19 FLOPS = 4.61e+09 Tdav = 0.00 T = 0.03
 <-- Site =   13 .. Mmps =   15 Ndav =   8 E =   -193.1262722427 Error = 7.80e-20 FLOPS = 4.36e+09 Tdav = 0.00 T = 0.03
 <-- Site =   12 .. Mmps =   15 Ndav =   8 E =   -193.1262730544 Error = 4.90e-17 FLOPS = 4.40e+09 Tdav = 0.00 T = 0.03
 <-- Site =   11 .. Mmps =   15 Ndav =   7 E =   -193.1262743013 Error = 3.53e-20 FLOPS = 4.12e+09 Tdav = 0.00 T = 0.05
 <-- Site =   10 .. Mmps =   15 Ndav =   8 E =   -193.1262762912 Error = 2.91e-19 FLOPS = 3.95e+09 Tdav = 0.00 T = 0.04
 <-- Site =    9 .. Mmps =   15 Ndav =   8 E =   -193.1262766104 Error = 6.64e-19 FLOPS = 3.59e+09 Tdav = 0.00 T = 0.03
 <-- Site =    8 .. Mmps =   15 Ndav =   7 E =   -193.1262771328 Error = 2.44e-17 FLOPS = 3.51e+09 Tdav = 0.00 T = 0.03
 <-- Site =    7 .. Mmps =   15 Ndav =   9 E =   -193.1262775450 Error = 4.00e-20 FLOPS = 3.52e+09 Tdav = 0.00 T = 0.03
 <-- Site =    6 .. Mmps =   15 Ndav =   6 E =   -193.1262776732 Error = 1.28e-17 FLOPS = 3.29e+09 Tdav = 0.00 T = 0.03
 <-- Site =    5 .. Mmps =   15 Ndav =   7 E =   -193.1262777890 Error = 3.37e-20 FLOPS = 2.91e+09 Tdav = 0.00 T = 0.03
 <-- Site =    4 .. Mmps =   15 Ndav =   5 E =   -193.1262777948 Error = 3.08e-19 FLOPS = 2.48e+09 Tdav = 0.00 T = 0.03
 <-- Site =    3 .. Mmps =   15 Ndav =   2 E =   -193.1262777949 Error = 4.11e-28 FLOPS = 7.69e+08 Tdav = 0.00 T = 0.03
 <-- Site =    2 .. Mmps =   14 Ndav =   1 E =   -193.1262777949 Error = 0.00e+00 FLOPS = 2.18e+08 Tdav = 0.00 T = 0.03
 <-- Site =    1 .. Mmps =   15 Ndav =   1 E =   -193.1262777949 Error = 1.30e-68 FLOPS = 1.15e+08 Tdav = 0.00 T = 0.02
 <-- Site =    0 .. Mmps =   15 Ndav =   1 E =   -193.1262777949 Error = 3.91e-90 FLOPS = 4.94e+07 Tdav = 0.00 T = 0.03
Time elapsed =    167.411 | E =    -193.1262777949 | DE = -5.06e-03 | DW = 1.54449e-16
Time sweep =        8.377 | 1.19 GFLOP/SWP
 | Dmem = 102 KB (3%) | Imem = 232 B (79%) | Hmem = 485 KB | Wmem = 3.52 KB | Pmem = 3.52 KB
 | Tread = 0.170 | Twrite = 0.837 | Tfpread = 0.033 | Tfpwrite = 0.022 | Tmporead = 0.000 | Tasync = 0.000
 | data = 11.1 MB | cpsd = 7.66 MB
 | Trot = 0.031 | Tctr = 0.457 | Tint = 0.019 | Tmid = 0.000 | Tdctr = 0.007 | Tdiag = 0.022 | Tinfo = 0.317
 | Teff = 2.161 | Tprt = 0.144 | Teig = 0.200 | Tblk = 6.133 | Tmve = 2.232 | Tdm = 0.003 | Tsplt = 0.018 | Tsvd = 0.000 | Torth = 0.000

Sweep =    4 | Direction =  forward | Bond dimension =   25 | Noise =  1.00e-05 | Dav threshold =  1.00e-10
 --> Site =    0 .. Mmps =    2 Ndav =   1 E =   -193.1262777949 Error = 0.00e+00 FLOPS = 4.49e+07 Tdav = 0.00 T = 0.02
 --> Site =    1 .. Mmps =    4 Ndav =   1 E =   -193.1262777949 Error = 0.00e+00 FLOPS = 8.95e+07 Tdav = 0.00 T = 0.03
 --> Site =    2 .. Mmps =    8 Ndav =   1 E =   -193.1262777949 Error = 0.00e+00 FLOPS = 2.34e+08 Tdav = 0.00 T = 0.13
 --> Site =    3 .. Mmps =   15 Ndav =   1 E =   -193.1262777949 Error = 0.00e+00 FLOPS = 4.74e+08 Tdav = 0.00 T = 0.03
 --> Site =    4 .. Mmps =   22 Ndav =   1 E =   -193.1262777949 Error = 0.00e+00 FLOPS = 1.13e+09 Tdav = 0.00 T = 0.02
 --> Site =    5 .. Mmps =   25 Ndav =   2 E =   -193.1262777949 Error = 1.01e-28 FLOPS = 2.82e+09 Tdav = 0.00 T = 0.03
 --> Site =    6 .. Mmps =   25 Ndav =   3 E =   -193.1262777961 Error = 1.33e-26 FLOPS = 4.45e+09 Tdav = 0.00 T = 0.03
 --> Site =    7 .. Mmps =   25 Ndav =   6 E =   -193.1262778016 Error = 4.64e-26 FLOPS = 6.01e+09 Tdav = 0.00 T = 0.03
 --> Site =    8 .. Mmps =   25 Ndav =   6 E =   -193.1262778376 Error = 2.31e-25 FLOPS = 6.13e+09 Tdav = 0.00 T = 0.03
 --> Site =    9 .. Mmps =   25 Ndav =   6 E =   -193.1262778525 Error = 6.17e-26 FLOPS = 6.60e+09 Tdav = 0.00 T = 0.03
 --> Site =   10 .. Mmps =   25 Ndav =   8 E =   -193.1262787045 Error = 2.72e-24 FLOPS = 6.95e+09 Tdav = 0.00 T = 0.03
 --> Site =   11 .. Mmps =   25 Ndav =   8 E =   -193.1262792248 Error = 2.07e-25 FLOPS = 7.43e+09 Tdav = 0.00 T = 0.04
 --> Site =   12 .. Mmps =   25 Ndav =   7 E =   -193.1262802926 Error = 1.19e-24 FLOPS = 7.22e+09 Tdav = 0.00 T = 0.03
 --> Site =   13 .. Mmps =   25 Ndav =   8 E =   -193.1262809233 Error = 1.09e-24 FLOPS = 7.78e+09 Tdav = 0.00 T = 0.05
 --> Site =   14 .. Mmps =   25 Ndav =   9 E =   -193.1262884805 Error = 5.48e-23 FLOPS = 7.88e+09 Tdav = 0.00 T = 0.05
 --> Site =   15 .. Mmps =   25 Ndav =   8 E =   -193.1263011421 Error = 6.83e-23 FLOPS = 8.43e+09 Tdav = 0.00 T = 0.03
 --> Site =   16 .. Mmps =   25 Ndav =   9 E =   -193.1263155548 Error = 1.64e-23 FLOPS = 8.23e+09 Tdav = 0.00 T = 0.04
 --> Site =   17 .. Mmps =   25 Ndav =   9 E =   -193.1263267564 Error = 6.55e-23 FLOPS = 8.29e+09 Tdav = 0.00 T = 0.04
 --> Site =   18 .. Mmps =   25 Ndav =  10 E =   -193.1263464047 Error = 1.60e-23 FLOPS = 8.40e+09 Tdav = 0.00 T = 0.04
 --> Site =   19 .. Mmps =   25 Ndav =   8 E =   -193.1263605291 Error = 7.30e-24 FLOPS = 8.78e+09 Tdav = 0.00 T = 0.04
 --> Site =   20 .. Mmps =   25 Ndav =  10 E =   -193.1263852151 Error = 5.31e-23 FLOPS = 9.65e+09 Tdav = 0.00 T = 0.05
 --> Site =   21 .. Mmps =   25 Ndav =  11 E =   -193.1264131017 Error = 1.28e-22 FLOPS = 8.63e+09 Tdav = 0.00 T = 0.04
 --> Site =   22 .. Mmps =   25 Ndav =   9 E =   -193.1264293812 Error = 5.16e-23 FLOPS = 9.41e+09 Tdav = 0.00 T = 0.04
 --> Site =   23 .. Mmps =   25 Ndav =   9 E =   -193.1264387539 Error = 4.95e-23 FLOPS = 8.82e+09 Tdav = 0.00 T = 0.04
 --> Site =   24 .. Mmps =   25 Ndav =  10 E =   -193.1264814289 Error = 2.85e-22 FLOPS = 9.22e+09 Tdav = 0.00 T = 0.04
 --> Site =   25 .. Mmps =   25 Ndav =   9 E =   -193.1264938821 Error = 1.87e-22 FLOPS = 9.35e+09 Tdav = 0.00 T = 0.04
 --> Site =   26 .. Mmps =   25 Ndav =   8 E =   -193.1265182718 Error = 4.04e-22 FLOPS = 9.50e+09 Tdav = 0.00 T = 0.04
 --> Site =   27 .. Mmps =   25 Ndav =   9 E =   -193.1265470726 Error = 5.74e-23 FLOPS = 9.63e+09 Tdav = 0.00 T = 0.05
 --> Site =   28 .. Mmps =   25 Ndav =  11 E =   -193.1266295351 Error = 1.99e-22 FLOPS = 9.10e+09 Tdav = 0.00 T = 0.05
 --> Site =   29 .. Mmps =   25 Ndav =  13 E =   -193.1266584990 Error = 1.01e-22 FLOPS = 8.13e+09 Tdav = 0.00 T = 0.05
 --> Site =   30 .. Mmps =   25 Ndav =  12 E =   -193.1267463677 Error = 1.30e-22 FLOPS = 9.40e+09 Tdav = 0.00 T = 0.05
 --> Site =   31 .. Mmps =   25 Ndav =  13 E =   -193.1267808559 Error = 1.56e-22 FLOPS = 9.33e+09 Tdav = 0.00 T = 0.06
 --> Site =   32 .. Mmps =   25 Ndav =  12 E =   -193.1268931214 Error = 2.65e-22 FLOPS = 9.78e+09 Tdav = 0.00 T = 0.05
 --> Site =   33 .. Mmps =   25 Ndav =  13 E =   -193.1269207190 Error = 4.57e-22 FLOPS = 9.51e+09 Tdav = 0.00 T = 0.06
 --> Site =   34 .. Mmps =   25 Ndav =  12 E =   -193.1269981751 Error = 1.81e-22 FLOPS = 9.79e+09 Tdav = 0.00 T = 0.07
 --> Site =   35 .. Mmps =   25 Ndav =  10 E =   -193.1270374561 Error = 4.90e-22 FLOPS = 1.01e+10 Tdav = 0.00 T = 0.05
 --> Site =   36 .. Mmps =   25 Ndav =  12 E =   -193.1272092314 Error = 3.57e-22 FLOPS = 9.79e+09 Tdav = 0.00 T = 0.06
 --> Site =   37 .. Mmps =   25 Ndav =   9 E =   -193.1272208371 Error = 2.03e-22 FLOPS = 1.05e+10 Tdav = 0.00 T = 0.06
 --> Site =   38 .. Mmps =   25 Ndav =   9 E =   -193.1272390436 Error = 1.51e-22 FLOPS = 1.04e+10 Tdav = 0.00 T = 0.06
 --> Site =   39 .. Mmps =   25 Ndav =   9 E =   -193.1272488059 Error = 1.91e-23 FLOPS = 1.04e+10 Tdav = 0.00 T = 0.06
 --> Site =   40 .. Mmps =   25 Ndav =  10 E =   -193.1272885654 Error = 9.24e-23 FLOPS = 1.03e+10 Tdav = 0.00 T = 0.07
 --> Site =   41 .. Mmps =   25 Ndav =  12 E =   -193.1273137220 Error = 2.22e-22 FLOPS = 1.00e+10 Tdav = 0.00 T = 0.06
 --> Site =   42 .. Mmps =   25 Ndav =  11 E =   -193.1273671957 Error = 2.69e-22 FLOPS = 1.07e+10 Tdav = 0.00 T = 0.07
 --> Site =   43 .. Mmps =   25 Ndav =  11 E =   -193.1273878853 Error = 1.98e-22 FLOPS = 1.05e+10 Tdav = 0.00 T = 0.09
 --> Site =   44 .. Mmps =   25 Ndav =  10 E =   -193.1274134427 Error = 1.00e-22 FLOPS = 1.06e+10 Tdav = 0.00 T = 0.07
 --> Site =   45 .. Mmps =   25 Ndav =  12 E =   -193.1274307463 Error = 4.66e-22 FLOPS = 1.02e+10 Tdav = 0.00 T = 0.07
 --> Site =   46 .. Mmps =   25 Ndav =  11 E =   -193.1275108313 Error = 2.81e-22 FLOPS = 1.06e+10 Tdav = 0.00 T = 0.07
 --> Site =   47 .. Mmps =   25 Ndav =  12 E =   -193.1275324019 Error = 1.52e-22 FLOPS = 1.04e+10 Tdav = 0.00 T = 0.07
 --> Site =   48 .. Mmps =   25 Ndav =  11 E =   -193.1275717029 Error = 1.10e-22 FLOPS = 1.08e+10 Tdav = 0.00 T = 0.07
 --> Site =   49 .. Mmps =   25 Ndav =  12 E =   -193.1275904318 Error = 3.69e-22 FLOPS = 1.05e+10 Tdav = 0.00 T = 0.07
 --> Site =   50 .. Mmps =   25 Ndav =  11 E =   -193.1276859843 Error = 7.67e-22 FLOPS = 1.05e+10 Tdav = 0.00 T = 0.08
 --> Site =   51 .. Mmps =   25 Ndav =   8 E =   -193.1276960479 Error = 6.88e-23 FLOPS = 1.08e+10 Tdav = 0.00 T = 0.07
 --> Site =   52 .. Mmps =   25 Ndav =   8 E =   -193.1277177361 Error = 1.31e-22 FLOPS = 1.07e+10 Tdav = 0.00 T = 0.08
 --> Site =   53 .. Mmps =   25 Ndav =  10 E =   -193.1277461137 Error = 2.82e-22 FLOPS = 1.07e+10 Tdav = 0.00 T = 0.08
 --> Site =   54 .. Mmps =   25 Ndav =  11 E =   -193.1278115992 Error = 1.49e-22 FLOPS = 1.07e+10 Tdav = 0.00 T = 0.08
 --> Site =   55 .. Mmps =   25 Ndav =  13 E =   -193.1278369967 Error = 2.84e-23 FLOPS = 1.06e+10 Tdav = 0.00 T = 0.08
 --> Site =   56 .. Mmps =   25 Ndav =  12 E =   -193.1279631771 Error = 2.25e-22 FLOPS = 1.06e+10 Tdav = 0.00 T = 0.08
 --> Site =   57 .. Mmps =   25 Ndav =  13 E =   -193.1280257530 Error = 6.70e-22 FLOPS = 1.05e+10 Tdav = 0.00 T = 0.08
 --> Site =   58 .. Mmps =   25 Ndav =  12 E =   -193.1282266568 Error = 1.90e-21 FLOPS = 1.07e+10 Tdav = 0.00 T = 0.08
 --> Site =   59 .. Mmps =   25 Ndav =  13 E =   -193.1282783452 Error = 8.74e-22 FLOPS = 1.04e+10 Tdav = 0.00 T = 0.08
 --> Site =   60 .. Mmps =   25 Ndav =  11 E =   -193.1283870805 Error = 3.17e-22 FLOPS = 1.06e+10 Tdav = 0.00 T = 0.08
 --> Site =   61 .. Mmps =   25 Ndav =  12 E =   -193.1284605310 Error = 9.31e-22 FLOPS = 1.07e+10 Tdav = 0.00 T = 0.08
 --> Site =   62 .. Mmps =   25 Ndav =  12 E =   -193.1287147658 Error = 8.94e-22 FLOPS = 1.05e+10 Tdav = 0.00 T = 0.08
 --> Site =   63 .. Mmps =   25 Ndav =   9 E =   -193.1287243466 Error = 7.61e-23 FLOPS = 1.11e+10 Tdav = 0.00 T = 0.09
 --> Site =   64 .. Mmps =   25 Ndav =   9 E =   -193.1287485912 Error = 4.06e-22 FLOPS = 1.12e+10 Tdav = 0.00 T = 0.08
 --> Site =   65 .. Mmps =   25 Ndav =   9 E =   -193.1287612722 Error = 3.70e-23 FLOPS = 1.09e+10 Tdav = 0.00 T = 0.08
 --> Site =   66 .. Mmps =   25 Ndav =  10 E =   -193.1288017194 Error = 1.33e-22 FLOPS = 1.10e+10 Tdav = 0.00 T = 0.08
 --> Site =   67 .. Mmps =   25 Ndav =  12 E =   -193.1288613343 Error = 1.85e-22 FLOPS = 1.08e+10 Tdav = 0.00 T = 0.08
 --> Site =   68 .. Mmps =   25 Ndav =  11 E =   -193.1289799287 Error = 1.45e-21 FLOPS = 1.11e+10 Tdav = 0.00 T = 0.08
 --> Site =   69 .. Mmps =   25 Ndav =   8 E =   -193.1290241851 Error = 3.72e-22 FLOPS = 1.09e+10 Tdav = 0.00 T = 0.09
 --> Site =   70 .. Mmps =   25 Ndav =  12 E =   -193.1290885692 Error = 4.06e-22 FLOPS = 1.08e+10 Tdav = 0.00 T = 0.08
 --> Site =   71 .. Mmps =   25 Ndav =  12 E =   -193.1291188789 Error = 9.23e-22 FLOPS = 1.09e+10 Tdav = 0.00 T = 0.08
 --> Site =   72 .. Mmps =   25 Ndav =  11 E =   -193.1291929223 Error = 4.39e-22 FLOPS = 1.10e+10 Tdav = 0.00 T = 0.09
 --> Site =   73 .. Mmps =   25 Ndav =  12 E =   -193.1292197197 Error = 5.80e-22 FLOPS = 1.08e+10 Tdav = 0.00 T = 0.09
 --> Site =   74 .. Mmps =   25 Ndav =  11 E =   -193.1292684281 Error = 3.22e-22 FLOPS = 1.11e+10 Tdav = 0.00 T = 0.08
 --> Site =   75 .. Mmps =   25 Ndav =  12 E =   -193.1292877576 Error = 1.58e-22 FLOPS = 1.08e+10 Tdav = 0.00 T = 0.09
 --> Site =   76 .. Mmps =   25 Ndav =  11 E =   -193.1293709719 Error = 4.08e-22 FLOPS = 1.11e+10 Tdav = 0.00 T = 0.09
 --> Site =   77 .. Mmps =   25 Ndav =   9 E =   -193.1293788245 Error = 6.29e-23 FLOPS = 1.10e+10 Tdav = 0.00 T = 0.08
 --> Site =   78 .. Mmps =   25 Ndav =   8 E =   -193.1293983937 Error = 1.06e-22 FLOPS = 1.14e+10 Tdav = 0.00 T = 0.08
 --> Site =   79 .. Mmps =   25 Ndav =   9 E =   -193.1294056809 Error = 3.65e-23 FLOPS = 1.10e+10 Tdav = 0.00 T = 0.09
 --> Site =   80 .. Mmps =   25 Ndav =  11 E =   -193.1294795103 Error = 1.85e-22 FLOPS = 1.12e+10 Tdav = 0.00 T = 0.08
 --> Site =   81 .. Mmps =   25 Ndav =  12 E =   -193.1294918935 Error = 1.67e-22 FLOPS = 1.08e+10 Tdav = 0.00 T = 0.08
 --> Site =   82 .. Mmps =   25 Ndav =  12 E =   -193.1295981640 Error = 4.57e-22 FLOPS = 1.06e+10 Tdav = 0.00 T = 0.09
 --> Site =   83 .. Mmps =   25 Ndav =  13 E =   -193.1296292168 Error = 1.87e-22 FLOPS = 1.07e+10 Tdav = 0.00 T = 0.09
 --> Site =   84 .. Mmps =   25 Ndav =  12 E =   -193.1297951732 Error = 6.04e-22 FLOPS = 1.10e+10 Tdav = 0.00 T = 0.08
 --> Site =   85 .. Mmps =   25 Ndav =  12 E =   -193.1298140782 Error = 1.55e-22 FLOPS = 1.06e+10 Tdav = 0.00 T = 0.08
 --> Site =   86 .. Mmps =   25 Ndav =  13 E =   -193.1299154712 Error = 2.18e-22 FLOPS = 1.05e+10 Tdav = 0.00 T = 0.09
 --> Site =   87 .. Mmps =   25 Ndav =  12 E =   -193.1299686808 Error = 2.91e-22 FLOPS = 1.09e+10 Tdav = 0.00 T = 0.09
 --> Site =   88 .. Mmps =   25 Ndav =  12 E =   -193.1302010571 Error = 1.84e-21 FLOPS = 1.11e+10 Tdav = 0.00 T = 0.08
 --> Site =   89 .. Mmps =   25 Ndav =   9 E =   -193.1302140667 Error = 2.12e-22 FLOPS = 1.08e+10 Tdav = 0.00 T = 0.08
 --> Site =   90 .. Mmps =   25 Ndav =  10 E =   -193.1302426024 Error = 4.41e-22 FLOPS = 1.09e+10 Tdav = 0.00 T = 0.08
 --> Site =   91 .. Mmps =   25 Ndav =  10 E =   -193.1302575692 Error = 7.91e-24 FLOPS = 1.10e+10 Tdav = 0.00 T = 0.09
 --> Site =   92 .. Mmps =   25 Ndav =  10 E =   -193.1302968614 Error = 3.82e-22 FLOPS = 1.10e+10 Tdav = 0.00 T = 0.09
 --> Site =   93 .. Mmps =   25 Ndav =  10 E =   -193.1303640675 Error = 1.02e-21 FLOPS = 1.10e+10 Tdav = 0.00 T = 0.09
 --> Site =   94 .. Mmps =   25 Ndav =  12 E =   -193.1304705469 Error = 1.29e-21 FLOPS = 1.14e+10 Tdav = 0.00 T = 0.09
 --> Site =   95 .. Mmps =   25 Ndav =  11 E =   -193.1305049034 Error = 7.92e-22 FLOPS = 1.11e+10 Tdav = 0.00 T = 0.08
 --> Site =   96 .. Mmps =   25 Ndav =  12 E =   -193.1305623528 Error = 2.30e-22 FLOPS = 1.08e+10 Tdav = 0.00 T = 0.08
 --> Site =   97 .. Mmps =   25 Ndav =  12 E =   -193.1305903256 Error = 1.66e-22 FLOPS = 1.10e+10 Tdav = 0.00 T = 0.10
 --> Site =   98 .. Mmps =   25 Ndav =  11 E =   -193.1306473117 Error = 2.53e-22 FLOPS = 1.12e+10 Tdav = 0.00 T = 0.09
 --> Site =   99 .. Mmps =   25 Ndav =  12 E =   -193.1306674171 Error = 1.23e-22 FLOPS = 1.08e+10 Tdav = 0.00 T = 0.10
 --> Site =  100 .. Mmps =   25 Ndav =  11 E =   -193.1307326556 Error = 4.52e-22 FLOPS = 1.07e+10 Tdav = 0.00 T = 0.09
 --> Site =  101 .. Mmps =   25 Ndav =  11 E =   -193.1307521496 Error = 1.23e-21 FLOPS = 1.12e+10 Tdav = 0.00 T = 0.09
 --> Site =  102 .. Mmps =   25 Ndav =  11 E =   -193.1308482892 Error = 7.64e-22 FLOPS = 1.08e+10 Tdav = 0.00 T = 0.08
 --> Site =  103 .. Mmps =   25 Ndav =   9 E =   -193.1308637127 Error = 1.26e-22 FLOPS = 1.10e+10 Tdav = 0.00 T = 0.08
 --> Site =  104 .. Mmps =   25 Ndav =   8 E =   -193.1308932529 Error = 2.78e-22 FLOPS = 1.08e+10 Tdav = 0.00 T = 0.11
 --> Site =  105 .. Mmps =   25 Ndav =  10 E =   -193.1309088929 Error = 4.07e-23 FLOPS = 1.11e+10 Tdav = 0.00 T = 0.09
 --> Site =  106 .. Mmps =   25 Ndav =  11 E =   -193.1309772193 Error = 1.68e-22 FLOPS = 1.09e+10 Tdav = 0.00 T = 0.08
 --> Site =  107 .. Mmps =   25 Ndav =  12 E =   -193.1309894295 Error = 1.42e-22 FLOPS = 1.05e+10 Tdav = 0.00 T = 0.08
 --> Site =  108 .. Mmps =   25 Ndav =  12 E =   -193.1310676732 Error = 8.36e-23 FLOPS = 1.07e+10 Tdav = 0.00 T = 0.09
 --> Site =  109 .. Mmps =   25 Ndav =  12 E =   -193.1310978172 Error = 9.75e-23 FLOPS = 1.06e+10 Tdav = 0.00 T = 0.08
 --> Site =  110 .. Mmps =   25 Ndav =  12 E =   -193.1312641310 Error = 2.85e-22 FLOPS = 1.06e+10 Tdav = 0.00 T = 0.08
 --> Site =  111 .. Mmps =   25 Ndav =  12 E =   -193.1312799415 Error = 7.55e-22 FLOPS = 1.06e+10 Tdav = 0.00 T = 0.08
 --> Site =  112 .. Mmps =   25 Ndav =  12 E =   -193.1313630515 Error = 3.41e-22 FLOPS = 1.07e+10 Tdav = 0.00 T = 0.08
 --> Site =  113 .. Mmps =   25 Ndav =  12 E =   -193.1313831463 Error = 8.71e-23 FLOPS = 1.06e+10 Tdav = 0.00 T = 0.08
 --> Site =  114 .. Mmps =   25 Ndav =  12 E =   -193.1315284341 Error = 5.21e-22 FLOPS = 1.07e+10 Tdav = 0.00 T = 0.08
 --> Site =  115 .. Mmps =   25 Ndav =   9 E =   -193.1315366832 Error = 5.58e-23 FLOPS = 1.09e+10 Tdav = 0.00 T = 0.08
 --> Site =  116 .. Mmps =   25 Ndav =   8 E =   -193.1315534548 Error = 8.77e-23 FLOPS = 1.07e+10 Tdav = 0.00 T = 0.08
 --> Site =  117 .. Mmps =   25 Ndav =   9 E =   -193.1315679389 Error = 5.72e-23 FLOPS = 1.10e+10 Tdav = 0.00 T = 0.08
 --> Site =  118 .. Mmps =   25 Ndav =  10 E =   -193.1316028881 Error = 1.10e-22 FLOPS = 1.06e+10 Tdav = 0.00 T = 0.08
 --> Site =  119 .. Mmps =   25 Ndav =  12 E =   -193.1316473590 Error = 4.74e-22 FLOPS = 1.04e+10 Tdav = 0.00 T = 0.07
 --> Site =  120 .. Mmps =   25 Ndav =  11 E =   -193.1317110509 Error = 1.41e-22 FLOPS = 1.07e+10 Tdav = 0.00 T = 0.07
 --> Site =  121 .. Mmps =   25 Ndav =   9 E =   -193.1317365689 Error = 1.74e-22 FLOPS = 1.07e+10 Tdav = 0.00 T = 0.09
 --> Site =  122 .. Mmps =   25 Ndav =  10 E =   -193.1317793386 Error = 2.33e-22 FLOPS = 1.06e+10 Tdav = 0.00 T = 0.07
 --> Site =  123 .. Mmps =   25 Ndav =  12 E =   -193.1318006308 Error = 3.97e-23 FLOPS = 1.03e+10 Tdav = 0.00 T = 0.07
 --> Site =  124 .. Mmps =   25 Ndav =  11 E =   -193.1318500008 Error = 4.53e-22 FLOPS = 1.03e+10 Tdav = 0.00 T = 0.07
 --> Site =  125 .. Mmps =   25 Ndav =  12 E =   -193.1318835183 Error = 1.85e-22 FLOPS = 1.04e+10 Tdav = 0.00 T = 0.07
 --> Site =  126 .. Mmps =   25 Ndav =  11 E =   -193.1319113493 Error = 2.62e-22 FLOPS = 1.05e+10 Tdav = 0.00 T = 0.07
 --> Site =  127 .. Mmps =   25 Ndav =  12 E =   -193.1319292359 Error = 5.50e-22 FLOPS = 1.04e+10 Tdav = 0.00 T = 0.08
 --> Site =  128 .. Mmps =   25 Ndav =  11 E =   -193.1320049261 Error = 8.45e-22 FLOPS = 1.05e+10 Tdav = 0.00 T = 0.06
 --> Site =  129 .. Mmps =   25 Ndav =   8 E =   -193.1320168918 Error = 9.09e-22 FLOPS = 1.04e+10 Tdav = 0.00 T = 0.06
 --> Site =  130 .. Mmps =   25 Ndav =   8 E =   -193.1320354661 Error = 3.25e-22 FLOPS = 1.05e+10 Tdav = 0.00 T = 0.06
 --> Site =  131 .. Mmps =   25 Ndav =  11 E =   -193.1320546648 Error = 3.08e-22 FLOPS = 1.02e+10 Tdav = 0.00 T = 0.06
 --> Site =  132 .. Mmps =   25 Ndav =  11 E =   -193.1320989427 Error = 2.84e-22 FLOPS = 1.04e+10 Tdav = 0.00 T = 0.06
 --> Site =  133 .. Mmps =   25 Ndav =  13 E =   -193.1321165560 Error = 2.88e-22 FLOPS = 9.80e+09 Tdav = 0.00 T = 0.07
 --> Site =  134 .. Mmps =   25 Ndav =  12 E =   -193.1321569029 Error = 7.82e-22 FLOPS = 9.73e+09 Tdav = 0.00 T = 0.06
 --> Site =  135 .. Mmps =   25 Ndav =  12 E =   -193.1321756478 Error = 3.70e-22 FLOPS = 9.65e+09 Tdav = 0.00 T = 0.06
 --> Site =  136 .. Mmps =   25 Ndav =  12 E =   -193.1322289451 Error = 1.36e-22 FLOPS = 9.65e+09 Tdav = 0.00 T = 0.05
 --> Site =  137 .. Mmps =   25 Ndav =  11 E =   -193.1322396718 Error = 5.80e-23 FLOPS = 9.74e+09 Tdav = 0.00 T = 0.05
 --> Site =  138 .. Mmps =   25 Ndav =  12 E =   -193.1322984365 Error = 2.87e-22 FLOPS = 9.64e+09 Tdav = 0.00 T = 0.05
 --> Site =  139 .. Mmps =   25 Ndav =  12 E =   -193.1323238233 Error = 2.81e-22 FLOPS = 9.23e+09 Tdav = 0.00 T = 0.06
 --> Site =  140 .. Mmps =   25 Ndav =  11 E =   -193.1324122294 Error = 6.95e-22 FLOPS = 9.56e+09 Tdav = 0.00 T = 0.06
 --> Site =  141 .. Mmps =   25 Ndav =   9 E =   -193.1324218955 Error = 8.87e-23 FLOPS = 9.55e+09 Tdav = 0.00 T = 0.05
 --> Site =  142 .. Mmps =   25 Ndav =   9 E =   -193.1324497469 Error = 4.72e-22 FLOPS = 9.33e+09 Tdav = 0.00 T = 0.05
 --> Site =  143 .. Mmps =   25 Ndav =  11 E =   -193.1324660334 Error = 2.72e-23 FLOPS = 9.07e+09 Tdav = 0.00 T = 0.05
 --> Site =  144 .. Mmps =   25 Ndav =  11 E =   -193.1324974955 Error = 6.91e-22 FLOPS = 8.78e+09 Tdav = 0.00 T = 0.04
 --> Site =  145 .. Mmps =   25 Ndav =   9 E =   -193.1325156779 Error = 6.96e-23 FLOPS = 9.35e+09 Tdav = 0.00 T = 0.04
 --> Site =  146 .. Mmps =   25 Ndav =  10 E =   -193.1325420995 Error = 1.03e-22 FLOPS = 8.80e+09 Tdav = 0.00 T = 0.05
 --> Site =  147 .. Mmps =   25 Ndav =   9 E =   -193.1325508636 Error = 1.07e-22 FLOPS = 9.53e+09 Tdav = 0.00 T = 0.04
 --> Site =  148 .. Mmps =   25 Ndav =  10 E =   -193.1325728778 Error = 2.28e-22 FLOPS = 8.61e+09 Tdav = 0.00 T = 0.04
 --> Site =  149 .. Mmps =   25 Ndav =   9 E =   -193.1325750810 Error = 1.67e-23 FLOPS = 8.42e+09 Tdav = 0.00 T = 0.04
 --> Site =  150 .. Mmps =   25 Ndav =   9 E =   -193.1325825765 Error = 4.08e-23 FLOPS = 8.22e+09 Tdav = 0.00 T = 0.04
 --> Site =  151 .. Mmps =   25 Ndav =  10 E =   -193.1325864083 Error = 2.53e-23 FLOPS = 8.15e+09 Tdav = 0.00 T = 0.04
 --> Site =  152 .. Mmps =   25 Ndav =  10 E =   -193.1326012366 Error = 9.06e-23 FLOPS = 8.09e+09 Tdav = 0.00 T = 0.03
 --> Site =  153 .. Mmps =   25 Ndav =   7 E =   -193.1326028160 Error = 1.07e-23 FLOPS = 7.79e+09 Tdav = 0.00 T = 0.03
 --> Site =  154 .. Mmps =   25 Ndav =   9 E =   -193.1326126381 Error = 8.18e-23 FLOPS = 7.57e+09 Tdav = 0.00 T = 0.03
 --> Site =  155 .. Mmps =   25 Ndav =   9 E =   -193.1326140738 Error = 4.40e-23 FLOPS = 7.51e+09 Tdav = 0.00 T = 0.03
 --> Site =  156 .. Mmps =   25 Ndav =   8 E =   -193.1326161376 Error = 1.39e-23 FLOPS = 8.53e+09 Tdav = 0.00 T = 0.03
 --> Site =  157 .. Mmps =   25 Ndav =  10 E =   -193.1326175815 Error = 2.68e-24 FLOPS = 6.91e+09 Tdav = 0.00 T = 0.03
 --> Site =  158 .. Mmps =   25 Ndav =   8 E =   -193.1326188797 Error = 1.07e-24 FLOPS = 6.92e+09 Tdav = 0.00 T = 0.03
 --> Site =  159 .. Mmps =   25 Ndav =   7 E =   -193.1326196233 Error = 3.65e-25 FLOPS = 6.35e+09 Tdav = 0.00 T = 0.04
 --> Site =  160 .. Mmps =   25 Ndav =   6 E =   -193.1326197208 Error = 8.87e-25 FLOPS = 6.10e+09 Tdav = 0.00 T = 0.03
 --> Site =  161 .. Mmps =   25 Ndav =   6 E =   -193.1326197811 Error = 1.05e-24 FLOPS = 5.58e+09 Tdav = 0.00 T = 0.03
 --> Site =  162 .. Mmps =   25 Ndav =   7 E =   -193.1326198129 Error = 3.31e-26 FLOPS = 5.45e+09 Tdav = 0.00 T = 0.03
 --> Site =  163 .. Mmps =   25 Ndav =   6 E =   -193.1326198335 Error = 2.22e-27 FLOPS = 4.99e+09 Tdav = 0.00 T = 0.03
 --> Site =  164 .. Mmps =   25 Ndav =   5 E =   -193.1326198404 Error = 1.46e-27 FLOPS = 4.22e+09 Tdav = 0.00 T = 0.03
 --> Site =  165 .. Mmps =   25 Ndav =   1 E =   -193.1326198404 Error = 2.72e-53 FLOPS = 1.04e+09 Tdav = 0.00 T = 0.03
 --> Site =  166 .. Mmps =   25 Ndav =   1 E =   -193.1326198404 Error = 1.51e-77 FLOPS = 8.63e+08 Tdav = 0.00 T = 0.03
 --> Site =  167 .. Mmps =   25 Ndav =   1 E =   -193.1326198404 Error = 0.00e+00 FLOPS = 3.46e+08 Tdav = 0.00 T = 0.03
 --> Site =  168 .. Mmps =   25 Ndav =   1 E =   -193.1326198404 Error = 0.00e+00 FLOPS = 1.19e+08 Tdav = 0.00 T = 0.02
Time elapsed =    178.124 | E =    -193.1326198404 | DE = -6.34e-03 | DW = 1.90026e-21
Time sweep =       10.713 | 3.04 GFLOP/SWP
 | Dmem = 279 KB (2%) | Imem = 232 B (79%) | Hmem = 1.15 MB | Wmem = 5.86 KB | Pmem = 5.86 KB
 | Tread = 0.213 | Twrite = 0.839 | Tfpread = 0.062 | Tfpwrite = 0.054 | Tmporead = 0.000 | Tasync = 0.000
 | data = 30.8 MB | cpsd = 23.7 MB
 | Trot = 0.064 | Tctr = 0.009 | Tint = 0.008 | Tmid = 0.000 | Tdctr = 0.141 | Tdiag = 0.027 | Tinfo = 0.285
 | Teff = 5.235 | Tprt = 0.116 | Teig = 0.319 | Tblk = 9.054 | Tmve = 1.648 | Tdm = 0.003 | Tsplt = 0.044 | Tsvd = 0.000 | Torth = 0.000

Sweep =    5 | Direction = backward | Bond dimension =   25 | Noise =  1.00e-05 | Dav threshold =  1.00e-10
 <-- Site =  168 .. Mmps =    2 Ndav =   1 E =   -193.1326198404 Error = 0.00e+00 FLOPS = 9.18e+07 Tdav = 0.00 T = 0.02
 <-- Site =  167 .. Mmps =    4 Ndav =   1 E =   -193.1326198404 Error = 0.00e+00 FLOPS = 3.13e+08 Tdav = 0.00 T = 0.03
 <-- Site =  166 .. Mmps =    8 Ndav =   1 E =   -193.1326198404 Error = 0.00e+00 FLOPS = 5.39e+08 Tdav = 0.00 T = 0.03
 <-- Site =  165 .. Mmps =   15 Ndav =   1 E =   -193.1326198404 Error = 0.00e+00 FLOPS = 1.06e+09 Tdav = 0.00 T = 0.03
 <-- Site =  164 .. Mmps =   25 Ndav =   1 E =   -193.1326198404 Error = 1.36e-25 FLOPS = 1.83e+09 Tdav = 0.00 T = 0.03
 <-- Site =  163 .. Mmps =   25 Ndav =   2 E =   -193.1326198404 Error = 1.80e-23 FLOPS = 4.05e+09 Tdav = 0.00 T = 0.03
 <-- Site =  162 .. Mmps =   25 Ndav =   4 E =   -193.1326198410 Error = 1.25e-20 FLOPS = 5.92e+09 Tdav = 0.00 T = 0.03
 <-- Site =  161 .. Mmps =   25 Ndav =   5 E =   -193.1326198433 Error = 9.10e-22 FLOPS = 6.39e+09 Tdav = 0.00 T = 0.03
 <-- Site =  160 .. Mmps =   25 Ndav =   5 E =   -193.1326198620 Error = 1.41e-20 FLOPS = 6.78e+09 Tdav = 0.00 T = 0.03
 <-- Site =  159 .. Mmps =   25 Ndav =   7 E =   -193.1326199123 Error = 8.35e-21 FLOPS = 7.88e+09 Tdav = 0.00 T = 0.04
 <-- Site =  158 .. Mmps =   25 Ndav =   7 E =   -193.1326202980 Error = 1.85e-21 FLOPS = 8.02e+09 Tdav = 0.00 T = 0.03
 <-- Site =  157 .. Mmps =   25 Ndav =   8 E =   -193.1326204794 Error = 1.11e-20 FLOPS = 8.01e+09 Tdav = 0.00 T = 0.03
 <-- Site =  156 .. Mmps =   25 Ndav =   8 E =   -193.1326218833 Error = 1.46e-20 FLOPS = 8.35e+09 Tdav = 0.00 T = 0.06
 <-- Site =  155 .. Mmps =   25 Ndav =   9 E =   -193.1326262319 Error = 1.40e-20 FLOPS = 8.37e+09 Tdav = 0.00 T = 0.05
 <-- Site =  154 .. Mmps =   25 Ndav =   9 E =   -193.1326358976 Error = 1.40e-19 FLOPS = 8.70e+09 Tdav = 0.00 T = 0.04
 <-- Site =  153 .. Mmps =   25 Ndav =  12 E =   -193.1326489923 Error = 4.86e-20 FLOPS = 8.22e+09 Tdav = 0.00 T = 0.04
 <-- Site =  152 .. Mmps =   25 Ndav =  10 E =   -193.1326701011 Error = 3.32e-18 FLOPS = 8.83e+09 Tdav = 0.00 T = 0.04
 <-- Site =  151 .. Mmps =   25 Ndav =  12 E =   -193.1326985513 Error = 4.20e-20 FLOPS = 8.75e+09 Tdav = 0.00 T = 0.04
 <-- Site =  150 .. Mmps =   25 Ndav =  11 E =   -193.1327240919 Error = 9.22e-19 FLOPS = 8.97e+09 Tdav = 0.00 T = 0.04
 <-- Site =  149 .. Mmps =   25 Ndav =  12 E =   -193.1327459097 Error = 2.71e-19 FLOPS = 8.99e+09 Tdav = 0.00 T = 0.04
 <-- Site =  148 .. Mmps =   25 Ndav =  10 E =   -193.1327678526 Error = 3.31e-19 FLOPS = 9.54e+09 Tdav = 0.00 T = 0.04
 <-- Site =  147 .. Mmps =   25 Ndav =  12 E =   -193.1328204221 Error = 3.46e-19 FLOPS = 9.18e+09 Tdav = 0.00 T = 0.04
 <-- Site =  146 .. Mmps =   25 Ndav =  11 E =   -193.1328716460 Error = 3.86e-19 FLOPS = 9.66e+09 Tdav = 0.00 T = 0.04
 <-- Site =  145 .. Mmps =   25 Ndav =  12 E =   -193.1329066165 Error = 7.43e-19 FLOPS = 9.64e+09 Tdav = 0.00 T = 0.04
 <-- Site =  144 .. Mmps =   25 Ndav =  11 E =   -193.1330239208 Error = 6.27e-20 FLOPS = 9.76e+09 Tdav = 0.00 T = 0.05
 <-- Site =  143 .. Mmps =   25 Ndav =  11 E =   -193.1331114703 Error = 4.49e-19 FLOPS = 9.78e+09 Tdav = 0.00 T = 0.05
 <-- Site =  142 .. Mmps =   25 Ndav =  10 E =   -193.1331508502 Error = 1.68e-18 FLOPS = 1.02e+10 Tdav = 0.00 T = 0.05
 <-- Site =  141 .. Mmps =   25 Ndav =  12 E =   -193.1332823725 Error = 4.34e-19 FLOPS = 9.88e+09 Tdav = 0.00 T = 0.05
 <-- Site =  140 .. Mmps =   25 Ndav =  12 E =   -193.1334604053 Error = 1.47e-18 FLOPS = 9.93e+09 Tdav = 0.00 T = 0.05
 <-- Site =  139 .. Mmps =   25 Ndav =  13 E =   -193.1335611785 Error = 7.67e-19 FLOPS = 9.62e+09 Tdav = 0.00 T = 0.05
 <-- Site =  138 .. Mmps =   25 Ndav =  13 E =   -193.1338366264 Error = 2.74e-17 FLOPS = 1.01e+10 Tdav = 0.00 T = 0.06
 <-- Site =  137 .. Mmps =   25 Ndav =  13 E =   -193.1339010435 Error = 1.93e-19 FLOPS = 9.91e+09 Tdav = 0.00 T = 0.06
 <-- Site =  136 .. Mmps =   25 Ndav =  12 E =   -193.1341514283 Error = 5.81e-18 FLOPS = 1.03e+10 Tdav = 0.00 T = 0.06
 <-- Site =  135 .. Mmps =   25 Ndav =  14 E =   -193.1343145135 Error = 5.94e-19 FLOPS = 9.93e+09 Tdav = 0.00 T = 0.06
 <-- Site =  134 .. Mmps =   25 Ndav =  13 E =   -193.1345086560 Error = 1.09e-18 FLOPS = 9.99e+09 Tdav = 0.00 T = 0.06
 <-- Site =  133 .. Mmps =   25 Ndav =  14 E =   -193.1346518791 Error = 7.31e-19 FLOPS = 1.00e+10 Tdav = 0.00 T = 0.06
 <-- Site =  132 .. Mmps =   25 Ndav =  12 E =   -193.1347940654 Error = 2.32e-18 FLOPS = 1.05e+10 Tdav = 0.00 T = 0.06
 <-- Site =  131 .. Mmps =   25 Ndav =  11 E =   -193.1348352965 Error = 1.22e-18 FLOPS = 1.05e+10 Tdav = 0.00 T = 0.07
 <-- Site =  130 .. Mmps =   25 Ndav =  10 E =   -193.1348995268 Error = 1.63e-19 FLOPS = 1.06e+10 Tdav = 0.00 T = 0.07
 <-- Site =  129 .. Mmps =   25 Ndav =  10 E =   -193.1349620198 Error = 1.09e-19 FLOPS = 1.10e+10 Tdav = 0.00 T = 0.07
 <-- Site =  128 .. Mmps =   25 Ndav =  11 E =   -193.1350140045 Error = 2.50e-19 FLOPS = 1.09e+10 Tdav = 0.00 T = 0.07
 <-- Site =  127 .. Mmps =   25 Ndav =  15 E =   -193.1351956522 Error = 5.07e-19 FLOPS = 1.01e+10 Tdav = 0.01 T = 0.07
 <-- Site =  126 .. Mmps =   25 Ndav =  11 E =   -193.1353217853 Error = 4.45e-19 FLOPS = 1.10e+10 Tdav = 0.00 T = 0.07
 <-- Site =  125 .. Mmps =   25 Ndav =  13 E =   -193.1354500960 Error = 1.29e-18 FLOPS = 1.06e+10 Tdav = 0.01 T = 0.07
 <-- Site =  124 .. Mmps =   25 Ndav =  11 E =   -193.1354915377 Error = 2.14e-19 FLOPS = 1.07e+10 Tdav = 0.00 T = 0.07
 <-- Site =  123 .. Mmps =   25 Ndav =  14 E =   -193.1355873140 Error = 1.68e-18 FLOPS = 1.06e+10 Tdav = 0.01 T = 0.08
 <-- Site =  122 .. Mmps =   25 Ndav =  12 E =   -193.1357349959 Error = 1.70e-18 FLOPS = 1.09e+10 Tdav = 0.00 T = 0.08
 <-- Site =  121 .. Mmps =   25 Ndav =  14 E =   -193.1358783424 Error = 3.74e-19 FLOPS = 1.06e+10 Tdav = 0.01 T = 0.08
 <-- Site =  120 .. Mmps =   25 Ndav =  13 E =   -193.1360193296 Error = 6.22e-19 FLOPS = 1.08e+10 Tdav = 0.01 T = 0.08
 <-- Site =  119 .. Mmps =   25 Ndav =  14 E =   -193.1363287629 Error = 4.43e-19 FLOPS = 1.06e+10 Tdav = 0.01 T = 0.08
 <-- Site =  118 .. Mmps =   25 Ndav =  12 E =   -193.1366538326 Error = 4.49e-18 FLOPS = 1.08e+10 Tdav = 0.00 T = 0.08
 <-- Site =  117 .. Mmps =   25 Ndav =   9 E =   -193.1367222184 Error = 2.68e-19 FLOPS = 1.13e+10 Tdav = 0.00 T = 0.08
 <-- Site =  116 .. Mmps =   25 Ndav =   9 E =   -193.1367648521 Error = 4.15e-18 FLOPS = 1.13e+10 Tdav = 0.00 T = 0.08
 <-- Site =  115 .. Mmps =   25 Ndav =  11 E =   -193.1369225043 Error = 8.45e-19 FLOPS = 1.12e+10 Tdav = 0.00 T = 0.09
 <-- Site =  114 .. Mmps =   25 Ndav =  12 E =   -193.1371201971 Error = 2.40e-18 FLOPS = 1.11e+10 Tdav = 0.01 T = 0.10
 <-- Site =  113 .. Mmps =   25 Ndav =  14 E =   -193.1372023582 Error = 3.91e-19 FLOPS = 1.08e+10 Tdav = 0.01 T = 0.13
 <-- Site =  112 .. Mmps =   25 Ndav =  13 E =   -193.1375207293 Error = 2.18e-17 FLOPS = 1.08e+10 Tdav = 0.01 T = 0.09
 <-- Site =  111 .. Mmps =   25 Ndav =  14 E =   -193.1377320687 Error = 4.70e-19 FLOPS = 1.10e+10 Tdav = 0.01 T = 0.09
 <-- Site =  110 .. Mmps =   25 Ndav =  12 E =   -193.1379127347 Error = 1.31e-17 FLOPS = 1.13e+10 Tdav = 0.01 T = 0.09
 <-- Site =  109 .. Mmps =   25 Ndav =  14 E =   -193.1381110734 Error = 5.63e-19 FLOPS = 1.08e+10 Tdav = 0.01 T = 0.16
 <-- Site =  108 .. Mmps =   25 Ndav =  13 E =   -193.1383527878 Error = 8.29e-19 FLOPS = 1.10e+10 Tdav = 0.01 T = 0.09
 <-- Site =  107 .. Mmps =   25 Ndav =  14 E =   -193.1385693886 Error = 3.23e-19 FLOPS = 1.08e+10 Tdav = 0.01 T = 0.09
 <-- Site =  106 .. Mmps =   25 Ndav =  11 E =   -193.1386882559 Error = 3.92e-18 FLOPS = 1.11e+10 Tdav = 0.00 T = 0.10
 <-- Site =  105 .. Mmps =   25 Ndav =  11 E =   -193.1387393738 Error = 5.11e-19 FLOPS = 1.11e+10 Tdav = 0.00 T = 0.10
 <-- Site =  104 .. Mmps =   25 Ndav =  10 E =   -193.1388193422 Error = 2.73e-18 FLOPS = 1.14e+10 Tdav = 0.00 T = 0.09
 <-- Site =  103 .. Mmps =   25 Ndav =  10 E =   -193.1389274365 Error = 5.19e-19 FLOPS = 1.15e+10 Tdav = 0.00 T = 0.09
 <-- Site =  102 .. Mmps =   25 Ndav =  11 E =   -193.1390009696 Error = 1.78e-18 FLOPS = 1.14e+10 Tdav = 0.00 T = 0.10
 <-- Site =  101 .. Mmps =   25 Ndav =  15 E =   -193.1392048887 Error = 6.00e-19 FLOPS = 1.09e+10 Tdav = 0.01 T = 0.10
 <-- Site =  100 .. Mmps =   25 Ndav =  12 E =   -193.1393477975 Error = 1.89e-18 FLOPS = 1.14e+10 Tdav = 0.01 T = 0.10
 <-- Site =   99 .. Mmps =   25 Ndav =  14 E =   -193.1394682601 Error = 1.10e-18 FLOPS = 1.10e+10 Tdav = 0.01 T = 0.10
 <-- Site =   98 .. Mmps =   25 Ndav =  12 E =   -193.1396490915 Error = 5.44e-19 FLOPS = 1.12e+10 Tdav = 0.01 T = 0.09
 <-- Site =   97 .. Mmps =   25 Ndav =  13 E =   -193.1398207508 Error = 2.83e-19 FLOPS = 1.12e+10 Tdav = 0.01 T = 0.10
 <-- Site =   96 .. Mmps =   25 Ndav =  13 E =   -193.1400333611 Error = 2.62e-18 FLOPS = 1.11e+10 Tdav = 0.01 T = 0.09
 <-- Site =   95 .. Mmps =   25 Ndav =  14 E =   -193.1402805818 Error = 3.51e-18 FLOPS = 1.10e+10 Tdav = 0.01 T = 0.09
 <-- Site =   94 .. Mmps =   25 Ndav =  14 E =   -193.1403733697 Error = 2.82e-18 FLOPS = 1.08e+10 Tdav = 0.01 T = 0.10
 <-- Site =   93 .. Mmps =   25 Ndav =  14 E =   -193.1405582440 Error = 1.48e-18 FLOPS = 1.09e+10 Tdav = 0.01 T = 0.10
 <-- Site =   92 .. Mmps =   25 Ndav =  12 E =   -193.1409795552 Error = 1.83e-18 FLOPS = 1.11e+10 Tdav = 0.01 T = 0.12
 <-- Site =   91 .. Mmps =   25 Ndav =  10 E =   -193.1410666321 Error = 2.69e-19 FLOPS = 1.16e+10 Tdav = 0.00 T = 0.10
 <-- Site =   90 .. Mmps =   25 Ndav =  10 E =   -193.1411187768 Error = 9.41e-18 FLOPS = 1.15e+10 Tdav = 0.00 T = 0.10
 <-- Site =   89 .. Mmps =   25 Ndav =  12 E =   -193.1413224929 Error = 9.39e-19 FLOPS = 1.12e+10 Tdav = 0.01 T = 0.10
 <-- Site =   88 .. Mmps =   25 Ndav =  11 E =   -193.1414266268 Error = 1.08e-18 FLOPS = 1.14e+10 Tdav = 0.00 T = 0.10
 <-- Site =   87 .. Mmps =   25 Ndav =  14 E =   -193.1415063633 Error = 5.53e-19 FLOPS = 1.09e+10 Tdav = 0.01 T = 0.11
 <-- Site =   86 .. Mmps =   25 Ndav =  13 E =   -193.1417155365 Error = 2.40e-17 FLOPS = 1.10e+10 Tdav = 0.01 T = 0.09
 <-- Site =   85 .. Mmps =   25 Ndav =  14 E =   -193.1419028646 Error = 4.18e-19 FLOPS = 1.07e+10 Tdav = 0.01 T = 0.09
 <-- Site =   84 .. Mmps =   25 Ndav =  13 E =   -193.1421234817 Error = 1.98e-17 FLOPS = 1.11e+10 Tdav = 0.01 T = 0.10
 <-- Site =   83 .. Mmps =   25 Ndav =  14 E =   -193.1424287784 Error = 2.16e-19 FLOPS = 1.10e+10 Tdav = 0.01 T = 0.11
 <-- Site =   82 .. Mmps =   25 Ndav =  12 E =   -193.1426119337 Error = 7.43e-19 FLOPS = 1.12e+10 Tdav = 0.01 T = 0.09
 <-- Site =   81 .. Mmps =   25 Ndav =  15 E =   -193.1427961038 Error = 2.61e-18 FLOPS = 1.06e+10 Tdav = 0.01 T = 0.10
 <-- Site =   80 .. Mmps =   25 Ndav =  12 E =   -193.1429749672 Error = 8.40e-18 FLOPS = 1.13e+10 Tdav = 0.01 T = 0.11
 <-- Site =   79 .. Mmps =   25 Ndav =  10 E =   -193.1430162702 Error = 2.08e-19 FLOPS = 1.15e+10 Tdav = 0.00 T = 0.10
 <-- Site =   78 .. Mmps =   25 Ndav =  10 E =   -193.1431062062 Error = 2.56e-18 FLOPS = 1.14e+10 Tdav = 0.00 T = 0.10
 <-- Site =   77 .. Mmps =   25 Ndav =  10 E =   -193.1431562763 Error = 9.16e-20 FLOPS = 1.12e+10 Tdav = 0.00 T = 0.10
 <-- Site =   76 .. Mmps =   25 Ndav =  11 E =   -193.1432955988 Error = 6.79e-19 FLOPS = 1.12e+10 Tdav = 0.00 T = 0.10
 <-- Site =   75 .. Mmps =   25 Ndav =  15 E =   -193.1435054148 Error = 5.36e-19 FLOPS = 1.09e+10 Tdav = 0.01 T = 0.10
 <-- Site =   74 .. Mmps =   25 Ndav =  12 E =   -193.1436458009 Error = 6.14e-19 FLOPS = 1.11e+10 Tdav = 0.01 T = 0.10
 <-- Site =   73 .. Mmps =   25 Ndav =  14 E =   -193.1437945784 Error = 7.80e-19 FLOPS = 1.09e+10 Tdav = 0.01 T = 0.10
 <-- Site =   72 .. Mmps =   25 Ndav =  11 E =   -193.1438967471 Error = 2.12e-18 FLOPS = 1.13e+10 Tdav = 0.00 T = 0.11
 <-- Site =   71 .. Mmps =   25 Ndav =  14 E =   -193.1442021345 Error = 3.16e-19 FLOPS = 1.09e+10 Tdav = 0.01 T = 0.11
 <-- Site =   70 .. Mmps =   25 Ndav =  13 E =   -193.1442930016 Error = 4.06e-19 FLOPS = 1.10e+10 Tdav = 0.01 T = 0.10
 <-- Site =   69 .. Mmps =   25 Ndav =  15 E =   -193.1444041817 Error = 1.46e-18 FLOPS = 1.08e+10 Tdav = 0.01 T = 0.09
 <-- Site =   68 .. Mmps =   25 Ndav =  12 E =   -193.1446221762 Error = 1.50e-17 FLOPS = 1.12e+10 Tdav = 0.01 T = 0.13
 <-- Site =   67 .. Mmps =   25 Ndav =  15 E =   -193.1449422991 Error = 1.54e-19 FLOPS = 1.08e+10 Tdav = 0.01 T = 0.10
 <-- Site =   66 .. Mmps =   25 Ndav =  11 E =   -193.1451200032 Error = 9.06e-19 FLOPS = 1.13e+10 Tdav = 0.00 T = 0.10
 <-- Site =   65 .. Mmps =   25 Ndav =   9 E =   -193.1451963338 Error = 2.51e-19 FLOPS = 1.14e+10 Tdav = 0.00 T = 0.09
 <-- Site =   64 .. Mmps =   25 Ndav =  10 E =   -193.1452553042 Error = 1.78e-18 FLOPS = 1.16e+10 Tdav = 0.00 T = 0.09
 <-- Site =   63 .. Mmps =   25 Ndav =  11 E =   -193.1453651665 Error = 1.41e-18 FLOPS = 1.14e+10 Tdav = 0.00 T = 0.10
 <-- Site =   62 .. Mmps =   25 Ndav =  12 E =   -193.1455551924 Error = 2.95e-18 FLOPS = 1.10e+10 Tdav = 0.01 T = 0.12
 <-- Site =   61 .. Mmps =   25 Ndav =  14 E =   -193.1457077616 Error = 2.61e-19 FLOPS = 1.09e+10 Tdav = 0.01 T = 0.12
 <-- Site =   60 .. Mmps =   25 Ndav =  12 E =   -193.1458667323 Error = 9.53e-18 FLOPS = 1.12e+10 Tdav = 0.01 T = 0.09
 <-- Site =   59 .. Mmps =   25 Ndav =  14 E =   -193.1460472340 Error = 7.60e-19 FLOPS = 1.07e+10 Tdav = 0.01 T = 0.09
 <-- Site =   58 .. Mmps =   25 Ndav =  13 E =   -193.1462370004 Error = 1.13e-18 FLOPS = 1.10e+10 Tdav = 0.01 T = 0.09
 <-- Site =   57 .. Mmps =   25 Ndav =  15 E =   -193.1466614701 Error = 3.67e-19 FLOPS = 1.05e+10 Tdav = 0.01 T = 0.09
 <-- Site =   56 .. Mmps =   25 Ndav =  12 E =   -193.1467965407 Error = 1.01e-17 FLOPS = 1.12e+10 Tdav = 0.01 T = 0.09
 <-- Site =   55 .. Mmps =   25 Ndav =  15 E =   -193.1469981135 Error = 2.74e-18 FLOPS = 1.06e+10 Tdav = 0.01 T = 0.09
 <-- Site =   54 .. Mmps =   25 Ndav =  12 E =   -193.1474073218 Error = 3.72e-19 FLOPS = 1.11e+10 Tdav = 0.01 T = 0.09
 <-- Site =   53 .. Mmps =   25 Ndav =  11 E =   -193.1474810398 Error = 1.88e-18 FLOPS = 1.11e+10 Tdav = 0.00 T = 0.09
 <-- Site =   52 .. Mmps =   25 Ndav =   9 E =   -193.1475213259 Error = 8.10e-19 FLOPS = 1.12e+10 Tdav = 0.00 T = 0.09
 <-- Site =   51 .. Mmps =   25 Ndav =  10 E =   -193.1475691894 Error = 9.52e-20 FLOPS = 1.12e+10 Tdav = 0.00 T = 0.09
 <-- Site =   50 .. Mmps =   25 Ndav =  12 E =   -193.1477107846 Error = 1.16e-18 FLOPS = 1.09e+10 Tdav = 0.01 T = 0.08
 <-- Site =   49 .. Mmps =   25 Ndav =  14 E =   -193.1479625362 Error = 2.84e-18 FLOPS = 1.06e+10 Tdav = 0.01 T = 0.09
 <-- Site =   48 .. Mmps =   25 Ndav =  11 E =   -193.1481157711 Error = 4.95e-18 FLOPS = 1.12e+10 Tdav = 0.00 T = 0.08
 <-- Site =   47 .. Mmps =   25 Ndav =  13 E =   -193.1482687984 Error = 4.94e-19 FLOPS = 9.91e+09 Tdav = 0.01 T = 0.08
 <-- Site =   46 .. Mmps =   25 Ndav =  12 E =   -193.1484189018 Error = 1.84e-17 FLOPS = 1.07e+10 Tdav = 0.00 T = 0.11
 <-- Site =   45 .. Mmps =   25 Ndav =  14 E =   -193.1486077650 Error = 2.30e-19 FLOPS = 1.06e+10 Tdav = 0.01 T = 0.08
 <-- Site =   44 .. Mmps =   25 Ndav =  12 E =   -193.1487570686 Error = 7.42e-19 FLOPS = 1.08e+10 Tdav = 0.00 T = 0.08
 <-- Site =   43 .. Mmps =   25 Ndav =  13 E =   -193.1489041506 Error = 5.36e-19 FLOPS = 1.06e+10 Tdav = 0.01 T = 0.08
 <-- Site =   42 .. Mmps =   25 Ndav =  11 E =   -193.1491025091 Error = 1.05e-17 FLOPS = 1.08e+10 Tdav = 0.00 T = 0.08
 <-- Site =   41 .. Mmps =   25 Ndav =  13 E =   -193.1492172869 Error = 9.53e-19 FLOPS = 1.05e+10 Tdav = 0.01 T = 0.07
 <-- Site =   40 .. Mmps =   25 Ndav =  13 E =   -193.1496294818 Error = 3.68e-18 FLOPS = 1.05e+10 Tdav = 0.01 T = 0.07
 <-- Site =   39 .. Mmps =   25 Ndav =  11 E =   -193.1496961207 Error = 3.29e-19 FLOPS = 1.11e+10 Tdav = 0.00 T = 0.07
 <-- Site =   38 .. Mmps =   25 Ndav =  10 E =   -193.1497559766 Error = 4.11e-18 FLOPS = 1.11e+10 Tdav = 0.00 T = 0.06
 <-- Site =   37 .. Mmps =   25 Ndav =  12 E =   -193.1499656888 Error = 4.98e-19 FLOPS = 1.04e+10 Tdav = 0.00 T = 0.07
 <-- Site =   36 .. Mmps =   25 Ndav =  11 E =   -193.1500244261 Error = 3.47e-18 FLOPS = 1.07e+10 Tdav = 0.00 T = 0.06
 <-- Site =   35 .. Mmps =   25 Ndav =  14 E =   -193.1501219744 Error = 1.32e-18 FLOPS = 1.02e+10 Tdav = 0.00 T = 0.06
 <-- Site =   34 .. Mmps =   25 Ndav =  13 E =   -193.1503720853 Error = 1.32e-17 FLOPS = 1.01e+10 Tdav = 0.00 T = 0.06
 <-- Site =   33 .. Mmps =   25 Ndav =  15 E =   -193.1506435368 Error = 4.17e-19 FLOPS = 9.83e+09 Tdav = 0.01 T = 0.06
 <-- Site =   32 .. Mmps =   25 Ndav =  13 E =   -193.1507320601 Error = 2.43e-17 FLOPS = 1.01e+10 Tdav = 0.00 T = 0.06
 <-- Site =   31 .. Mmps =   25 Ndav =  14 E =   -193.1509368024 Error = 1.71e-18 FLOPS = 9.83e+09 Tdav = 0.00 T = 0.06
 <-- Site =   30 .. Mmps =   25 Ndav =  13 E =   -193.1512761338 Error = 2.59e-18 FLOPS = 1.01e+10 Tdav = 0.00 T = 0.05
 <-- Site =   29 .. Mmps =   25 Ndav =  13 E =   -193.1514934612 Error = 3.21e-19 FLOPS = 9.82e+09 Tdav = 0.00 T = 0.05
 <-- Site =   28 .. Mmps =   25 Ndav =  12 E =   -193.1516548058 Error = 7.91e-19 FLOPS = 1.01e+10 Tdav = 0.00 T = 0.05
 <-- Site =   27 .. Mmps =   25 Ndav =  11 E =   -193.1517232273 Error = 2.40e-19 FLOPS = 9.94e+09 Tdav = 0.00 T = 0.05
 <-- Site =   26 .. Mmps =   25 Ndav =  10 E =   -193.1518265158 Error = 1.02e-17 FLOPS = 1.03e+10 Tdav = 0.00 T = 0.05
 <-- Site =   25 .. Mmps =   25 Ndav =  10 E =   -193.1518906559 Error = 4.11e-19 FLOPS = 1.02e+10 Tdav = 0.00 T = 0.05
 <-- Site =   24 .. Mmps =   25 Ndav =  10 E =   -193.1519850365 Error = 5.55e-19 FLOPS = 9.83e+09 Tdav = 0.00 T = 0.04
 <-- Site =   23 .. Mmps =   25 Ndav =  13 E =   -193.1521220873 Error = 3.55e-19 FLOPS = 9.40e+09 Tdav = 0.00 T = 0.04
 <-- Site =   22 .. Mmps =   25 Ndav =  11 E =   -193.1522079690 Error = 8.13e-19 FLOPS = 1.04e+10 Tdav = 0.00 T = 0.04
 <-- Site =   21 .. Mmps =   25 Ndav =  12 E =   -193.1522619788 Error = 5.94e-19 FLOPS = 9.41e+09 Tdav = 0.00 T = 0.04
 <-- Site =   20 .. Mmps =   25 Ndav =  11 E =   -193.1523513329 Error = 5.87e-19 FLOPS = 9.61e+09 Tdav = 0.00 T = 0.04
 <-- Site =   19 .. Mmps =   25 Ndav =  12 E =   -193.1524148772 Error = 1.87e-18 FLOPS = 9.04e+09 Tdav = 0.00 T = 0.04
 <-- Site =   18 .. Mmps =   25 Ndav =  11 E =   -193.1524661640 Error = 5.66e-19 FLOPS = 9.20e+09 Tdav = 0.00 T = 0.04
 <-- Site =   17 .. Mmps =   25 Ndav =  12 E =   -193.1524853998 Error = 6.25e-19 FLOPS = 8.72e+09 Tdav = 0.00 T = 0.04
 <-- Site =   16 .. Mmps =   25 Ndav =  12 E =   -193.1525880638 Error = 3.42e-20 FLOPS = 8.76e+09 Tdav = 0.00 T = 0.04
 <-- Site =   15 .. Mmps =   25 Ndav =  12 E =   -193.1526294354 Error = 4.03e-19 FLOPS = 8.45e+09 Tdav = 0.00 T = 0.05
 <-- Site =   14 .. Mmps =   25 Ndav =  10 E =   -193.1526454357 Error = 1.83e-20 FLOPS = 8.91e+09 Tdav = 0.00 T = 0.04
 <-- Site =   13 .. Mmps =   25 Ndav =  10 E =   -193.1526528626 Error = 9.19e-20 FLOPS = 9.41e+09 Tdav = 0.00 T = 0.04
 <-- Site =   12 .. Mmps =   25 Ndav =  11 E =   -193.1526910089 Error = 5.53e-17 FLOPS = 8.01e+09 Tdav = 0.00 T = 0.04
 <-- Site =   11 .. Mmps =   25 Ndav =  11 E =   -193.1527098908 Error = 9.88e-20 FLOPS = 7.82e+09 Tdav = 0.00 T = 0.04
 <-- Site =   10 .. Mmps =   25 Ndav =  10 E =   -193.1527159252 Error = 7.72e-18 FLOPS = 7.94e+09 Tdav = 0.00 T = 0.03
 <-- Site =    9 .. Mmps =   25 Ndav =  10 E =   -193.1527177540 Error = 3.43e-19 FLOPS = 7.65e+09 Tdav = 0.00 T = 0.03
 <-- Site =    8 .. Mmps =   25 Ndav =   7 E =   -193.1527181274 Error = 7.21e-19 FLOPS = 7.62e+09 Tdav = 0.00 T = 0.03
 <-- Site =    7 .. Mmps =   25 Ndav =   8 E =   -193.1527182970 Error = 2.83e-20 FLOPS = 7.22e+09 Tdav = 0.00 T = 0.03
 <-- Site =    6 .. Mmps =   25 Ndav =   6 E =   -193.1527183684 Error = 8.18e-18 FLOPS = 6.69e+09 Tdav = 0.00 T = 0.03
 <-- Site =    5 .. Mmps =   25 Ndav =   7 E =   -193.1527183983 Error = 9.70e-23 FLOPS = 5.56e+09 Tdav = 0.00 T = 0.04
 <-- Site =    4 .. Mmps =   25 Ndav =   5 E =   -193.1527184004 Error = 2.91e-28 FLOPS = 3.39e+09 Tdav = 0.00 T = 0.03
 <-- Site =    3 .. Mmps =   25 Ndav =   2 E =   -193.1527184004 Error = 3.79e-32 FLOPS = 1.27e+09 Tdav = 0.00 T = 0.03
 <-- Site =    2 .. Mmps =   25 Ndav =   1 E =   -193.1527184004 Error = 3.86e-54 FLOPS = 4.18e+08 Tdav = 0.00 T = 0.03
 <-- Site =    1 .. Mmps =   25 Ndav =   1 E =   -193.1527184004 Error = 5.70e-58 FLOPS = 2.76e+08 Tdav = 0.00 T = 0.03
 <-- Site =    0 .. Mmps =   25 Ndav =   1 E =   -193.1527184004 Error = 1.69e-55 FLOPS = 1.62e+08 Tdav = 0.00 T = 0.03
Time elapsed =    190.052 | E =    -193.1527184004 | DE = -2.01e-02 | DW = 5.52685e-17
Time sweep =       11.929 | 6.62 GFLOP/SWP
 | Dmem = 283 KB (3%) | Imem = 232 B (79%) | Hmem = 1.32 MB | Wmem = 9.77 KB | Pmem = 9.77 KB
 | Tread = 0.247 | Twrite = 0.792 | Tfpread = 0.086 | Tfpwrite = 0.052 | Tmporead = 0.000 | Tasync = 0.000
 | data = 30.8 MB | cpsd = 21.0 MB
 | Trot = 0.070 | Tctr = 0.603 | Tint = 0.014 | Tmid = 0.000 | Tdctr = 0.009 | Tdiag = 0.036 | Tinfo = 0.316
 | Teff = 5.160 | Tprt = 0.167 | Teig = 0.672 | Tblk = 9.526 | Tmve = 2.391 | Tdm = 0.004 | Tsplt = 0.044 | Tsvd = 0.000 | Torth = 0.000

Sweep =    6 | Direction =  forward | Bond dimension =  550 | Noise =  1.00e-05 | Dav threshold =  1.00e-10
 --> Site =    0 .. Mmps =    2 Ndav =   1 E =   -193.1527184004 Error = 0.00e+00 FLOPS = 1.62e+08 Tdav = 0.00 T = 0.02
 --> Site =    1 .. Mmps =    4 Ndav =   1 E =   -193.1527184004 Error = 0.00e+00 FLOPS = 1.54e+08 Tdav = 0.00 T = 0.02
 --> Site =    2 .. Mmps =    8 Ndav =   1 E =   -193.1527184004 Error = 0.00e+00 FLOPS = 3.75e+08 Tdav = 0.00 T = 0.03
 --> Site =    3 .. Mmps =   16 Ndav =   1 E =   -193.1527184004 Error = 0.00e+00 FLOPS = 9.44e+08 Tdav = 0.00 T = 0.03
 --> Site =    4 .. Mmps =   28 Ndav =   1 E =   -193.1527184004 Error = 0.00e+00 FLOPS = 1.71e+09 Tdav = 0.00 T = 0.02
 --> Site =    5 .. Mmps =   41 Ndav =   2 E =   -193.1527184004 Error = 0.00e+00 FLOPS = 4.75e+09 Tdav = 0.00 T = 0.03
 --> Site =    6 .. Mmps =   53 Ndav =   3 E =   -193.1527184006 Error = 0.00e+00 FLOPS = 8.12e+09 Tdav = 0.00 T = 0.03
 --> Site =    7 .. Mmps =   66 Ndav =   3 E =   -193.1527184009 Error = 0.00e+00 FLOPS = 7.80e+09 Tdav = 0.00 T = 0.04
 --> Site =    8 .. Mmps =   80 Ndav =   4 E =   -193.1527184016 Error = 0.00e+00 FLOPS = 1.00e+10 Tdav = 0.00 T = 0.04
 --> Site =    9 .. Mmps =   91 Ndav =   5 E =   -193.1527184148 Error = 0.00e+00 FLOPS = 1.11e+10 Tdav = 0.00 T = 0.06
 --> Site =   10 .. Mmps =  103 Ndav =   6 E =   -193.1527184676 Error = 0.00e+00 FLOPS = 1.44e+10 Tdav = 0.01 T = 0.08
 --> Site =   11 .. Mmps =  118 Ndav =   6 E =   -193.1527185518 Error = 0.00e+00 FLOPS = 1.42e+10 Tdav = 0.01 T = 0.10
 --> Site =   12 .. Mmps =  130 Ndav =   8 E =   -193.1527198629 Error = 0.00e+00 FLOPS = 1.35e+10 Tdav = 0.01 T = 0.14
 --> Site =   13 .. Mmps =  143 Ndav =   9 E =   -193.1527239017 Error = 0.00e+00 FLOPS = 1.34e+10 Tdav = 0.02 T = 0.18
 --> Site =   14 .. Mmps =  155 Ndav =  10 E =   -193.1527360345 Error = 0.00e+00 FLOPS = 1.51e+10 Tdav = 0.02 T = 0.24
 --> Site =   15 .. Mmps =  168 Ndav =  11 E =   -193.1527537899 Error = 0.00e+00 FLOPS = 1.49e+10 Tdav = 0.03 T = 0.31
 --> Site =   16 .. Mmps =  181 Ndav =  10 E =   -193.1527660949 Error = 0.00e+00 FLOPS = 1.64e+10 Tdav = 0.04 T = 0.38
 --> Site =   17 .. Mmps =  196 Ndav =  13 E =   -193.1527792833 Error = 0.00e+00 FLOPS = 1.40e+10 Tdav = 0.06 T = 0.50
 --> Site =   18 .. Mmps =  211 Ndav =  11 E =   -193.1528244621 Error = 0.00e+00 FLOPS = 1.46e+10 Tdav = 0.06 T = 0.60
 --> Site =   19 .. Mmps =  221 Ndav =  12 E =   -193.1528345542 Error = 0.00e+00 FLOPS = 1.43e+10 Tdav = 0.09 T = 0.81
 --> Site =   20 .. Mmps =  234 Ndav =  11 E =   -193.1528769955 Error = 0.00e+00 FLOPS = 1.52e+10 Tdav = 0.09 T = 0.89
 --> Site =   21 .. Mmps =  246 Ndav =  12 E =   -193.1529235308 Error = 0.00e+00 FLOPS = 1.54e+10 Tdav = 0.11 T = 1.09
 --> Site =   22 .. Mmps =  260 Ndav =  11 E =   -193.1529694529 Error = 0.00e+00 FLOPS = 1.55e+10 Tdav = 0.11 T = 1.26
 --> Site =   23 .. Mmps =  272 Ndav =  12 E =   -193.1529867498 Error = 0.00e+00 FLOPS = 1.57e+10 Tdav = 0.14 T = 1.54
 --> Site =   24 .. Mmps =  283 Ndav =  11 E =   -193.1530172748 Error = 0.00e+00 FLOPS = 1.60e+10 Tdav = 0.14 T = 1.80
 --> Site =   25 .. Mmps =  294 Ndav =  12 E =   -193.1530343623 Error = 0.00e+00 FLOPS = 1.57e+10 Tdav = 0.18 T = 2.09
 --> Site =   26 .. Mmps =  308 Ndav =  10 E =   -193.1530792315 Error = 0.00e+00 FLOPS = 1.60e+10 Tdav = 0.16 T = 2.36
 --> Site =   27 .. Mmps =  321 Ndav =  12 E =   -193.1531327955 Error = 0.00e+00 FLOPS = 1.59e+10 Tdav = 0.22 T = 2.86
 --> Site =   28 .. Mmps =  332 Ndav =  12 E =   -193.1533261929 Error = 0.00e+00 FLOPS = 1.61e+10 Tdav = 0.25 T = 3.17
 --> Site =   29 .. Mmps =  344 Ndav =  14 E =   -193.1533959236 Error = 0.00e+00 FLOPS = 1.61e+10 Tdav = 0.32 T = 3.80
 --> Site =   30 .. Mmps =  358 Ndav =  13 E =   -193.1535199714 Error = 0.00e+00 FLOPS = 1.65e+10 Tdav = 0.32 T = 4.16
 --> Site =   31 .. Mmps =  371 Ndav =  15 E =   -193.1535777170 Error = 0.00e+00 FLOPS = 1.62e+10 Tdav = 0.42 T = 4.83
 --> Site =   32 .. Mmps =  385 Ndav =  13 E =   -193.1536628496 Error = 0.00e+00 FLOPS = 1.65e+10 Tdav = 0.39 T = 5.40
 --> Site =   33 .. Mmps =  400 Ndav =  15 E =   -193.1537299814 Error = 0.00e+00 FLOPS = 1.59e+10 Tdav = 0.52 T = 6.23
 --> Site =   34 .. Mmps =  411 Ndav =  13 E =   -193.1539366556 Error = 0.00e+00 FLOPS = 1.63e+10 Tdav = 0.49 T = 7.09
 --> Site =   35 .. Mmps =  423 Ndav =  16 E =   -193.1540212642 Error = 0.00e+00 FLOPS = 1.58e+10 Tdav = 0.67 T = 7.97
 --> Site =   36 .. Mmps =  435 Ndav =  12 E =   -193.1541038706 Error = 0.00e+00 FLOPS = 1.62e+10 Tdav = 0.53 T = 8.65
 --> Site =   37 .. Mmps =  448 Ndav =  12 E =   -193.1541352858 Error = 0.00e+00 FLOPS = 1.64e+10 Tdav = 0.57 T = 9.75
 --> Site =   38 .. Mmps =  461 Ndav =  11 E =   -193.1542114587 Error = 0.00e+00 FLOPS = 1.68e+10 Tdav = 0.55 T = 10.54
 --> Site =   39 .. Mmps =  474 Ndav =  11 E =   -193.1542642188 Error = 0.00e+00 FLOPS = 1.67e+10 Tdav = 0.60 T = 11.73
 --> Site =   40 .. Mmps =  485 Ndav =  12 E =   -193.1543398393 Error = 0.00e+00 FLOPS = 1.68e+10 Tdav = 0.71 T = 13.05
 --> Site =   41 .. Mmps =  498 Ndav =  15 E =   -193.1544558436 Error = 0.00e+00 FLOPS = 1.66e+10 Tdav = 0.96 T = 14.58
 --> Site =   42 .. Mmps =  511 Ndav =  13 E =   -193.1546334607 Error = 0.00e+00 FLOPS = 1.67e+10 Tdav = 0.89 T = 15.90
 --> Site =   43 .. Mmps =  524 Ndav =  15 E =   -193.1546902645 Error = 0.00e+00 FLOPS = 1.58e+10 Tdav = 1.12 T = 17.04
 --> Site =   44 .. Mmps =  537 Ndav =  12 E =   -193.1547892709 Error = 0.00e+00 FLOPS = 1.68e+10 Tdav = 0.90 T = 17.51
 --> Site =   45 .. Mmps =  549 Ndav =  13 E =   -193.1548398692 Error = 0.00e+00 FLOPS = 1.69e+10 Tdav = 1.04 T = 19.26
 --> Site =   46 .. Mmps =  550 Ndav =  12 E =   -193.1549671341 Error = 3.39e-30 FLOPS = 1.70e+10 Tdav = 1.00 T = 20.66
 --> Site =   47 .. Mmps =  550 Ndav =  15 E =   -193.1550670770 Error = 6.42e-31 FLOPS = 1.67e+10 Tdav = 1.31 T = 21.37
 --> Site =   48 .. Mmps =  550 Ndav =  12 E =   -193.1551967234 Error = 1.45e-30 FLOPS = 1.69e+10 Tdav = 1.05 T = 22.01
 --> Site =   49 .. Mmps =  550 Ndav =  15 E =   -193.1552368175 Error = 5.63e-31 FLOPS = 1.69e+10 Tdav = 1.32 T = 22.57
 --> Site =   50 .. Mmps =  550 Ndav =  11 E =   -193.1553261328 Error = 7.35e-31 FLOPS = 1.72e+10 Tdav = 0.97 T = 22.69
 --> Site =   51 .. Mmps =  550 Ndav =  10 E =   -193.1553464328 Error = 2.11e-31 FLOPS = 1.72e+10 Tdav = 0.88 T = 23.00
 --> Site =   52 .. Mmps =  550 Ndav =  11 E =   -193.1554149963 Error = 7.63e-31 FLOPS = 1.71e+10 Tdav = 1.00 T = 23.61
 --> Site =   53 .. Mmps =  550 Ndav =  11 E =   -193.1556613241 Error = 2.81e-31 FLOPS = 1.71e+10 Tdav = 1.02 T = 24.38
 --> Site =   54 .. Mmps =  550 Ndav =  12 E =   -193.1557990380 Error = 1.45e-30 FLOPS = 1.71e+10 Tdav = 1.11 T = 24.88
 --> Site =   55 .. Mmps =  550 Ndav =  15 E =   -193.1558962060 Error = 4.98e-31 FLOPS = 1.70e+10 Tdav = 1.39 T = 25.26
 --> Site =   56 .. Mmps =  550 Ndav =  13 E =   -193.1560764632 Error = 3.51e-30 FLOPS = 1.71e+10 Tdav = 1.20 T = 25.02
 --> Site =   57 .. Mmps =  550 Ndav =  15 E =   -193.1561145200 Error = 7.33e-31 FLOPS = 1.69e+10 Tdav = 1.40 T = 25.15
 --> Site =   58 .. Mmps =  550 Ndav =  13 E =   -193.1562070114 Error = 2.32e-30 FLOPS = 1.70e+10 Tdav = 1.20 T = 25.07
 --> Site =   59 .. Mmps =  550 Ndav =  15 E =   -193.1562938447 Error = 7.88e-31 FLOPS = 1.69e+10 Tdav = 1.40 T = 25.20
 --> Site =   60 .. Mmps =  550 Ndav =  13 E =   -193.1564666568 Error = 1.80e-30 FLOPS = 1.69e+10 Tdav = 1.23 T = 25.72
 --> Site =   61 .. Mmps =  550 Ndav =  14 E =   -193.1565799864 Error = 6.01e-31 FLOPS = 1.71e+10 Tdav = 1.34 T = 26.45
 --> Site =   62 .. Mmps =  550 Ndav =  12 E =   -193.1566602068 Error = 1.33e-30 FLOPS = 1.67e+10 Tdav = 1.18 T = 26.88
 --> Site =   63 .. Mmps =  550 Ndav =  12 E =   -193.1566957768 Error = 2.69e-31 FLOPS = 1.72e+10 Tdav = 1.17 T = 27.17
 --> Site =   64 .. Mmps =  550 Ndav =  11 E =   -193.1568019240 Error = 7.08e-31 FLOPS = 1.72e+10 Tdav = 1.07 T = 27.53
 --> Site =   65 .. Mmps =  550 Ndav =  10 E =   -193.1569107693 Error = 4.35e-32 FLOPS = 1.73e+10 Tdav = 0.97 T = 27.43
 --> Site =   66 .. Mmps =  550 Ndav =  11 E =   -193.1570458956 Error = 2.07e-30 FLOPS = 1.72e+10 Tdav = 1.07 T = 27.85
 --> Site =   67 .. Mmps =  550 Ndav =  15 E =   -193.1572157440 Error = 5.53e-31 FLOPS = 1.70e+10 Tdav = 1.47 T = 28.02
 --> Site =   68 .. Mmps =  550 Ndav =  12 E =   -193.1573472847 Error = 3.74e-30 FLOPS = 1.72e+10 Tdav = 1.16 T = 27.65
 --> Site =   69 .. Mmps =  550 Ndav =  14 E =   -193.1573834216 Error = 4.94e-31 FLOPS = 1.71e+10 Tdav = 1.37 T = 27.86
 --> Site =   70 .. Mmps =  550 Ndav =  12 E =   -193.1575111891 Error = 2.27e-30 FLOPS = 1.72e+10 Tdav = 1.16 T = 27.64
 --> Site =   71 .. Mmps =  550 Ndav =  14 E =   -193.1575677725 Error = 9.21e-31 FLOPS = 1.67e+10 Tdav = 1.40 T = 27.93
 --> Site =   72 .. Mmps =  550 Ndav =  13 E =   -193.1576677337 Error = 1.62e-30 FLOPS = 1.71e+10 Tdav = 1.27 T = 27.92
 --> Site =   73 .. Mmps =  550 Ndav =  15 E =   -193.1577510437 Error = 3.64e-31 FLOPS = 1.68e+10 Tdav = 1.50 T = 28.16
 --> Site =   74 .. Mmps =  550 Ndav =  12 E =   -193.1578661632 Error = 6.95e-31 FLOPS = 1.69e+10 Tdav = 1.21 T = 28.30
 --> Site =   75 .. Mmps =  550 Ndav =  15 E =   -193.1579043654 Error = 2.88e-31 FLOPS = 1.69e+10 Tdav = 1.51 T = 29.24
 --> Site =   76 .. Mmps =  550 Ndav =  12 E =   -193.1579673235 Error = 4.86e-31 FLOPS = 1.68e+10 Tdav = 1.19 T = 28.53
 --> Site =   77 .. Mmps =  550 Ndav =  11 E =   -193.1579853662 Error = 1.48e-31 FLOPS = 1.69e+10 Tdav = 1.11 T = 28.24
 --> Site =   78 .. Mmps =  550 Ndav =  11 E =   -193.1580332787 Error = 7.07e-31 FLOPS = 1.70e+10 Tdav = 1.08 T = 28.18
 --> Site =   79 .. Mmps =  550 Ndav =  13 E =   -193.1582025479 Error = 2.37e-31 FLOPS = 1.70e+10 Tdav = 1.30 T = 28.31
 --> Site =   80 .. Mmps =  550 Ndav =  12 E =   -193.1584101080 Error = 2.35e-30 FLOPS = 1.69e+10 Tdav = 1.20 T = 28.77
 --> Site =   81 .. Mmps =  550 Ndav =  15 E =   -193.1584741689 Error = 5.18e-31 FLOPS = 1.64e+10 Tdav = 1.53 T = 28.62
 --> Site =   82 .. Mmps =  550 Ndav =  13 E =   -193.1586336152 Error = 4.02e-30 FLOPS = 1.68e+10 Tdav = 1.29 T = 28.01
 --> Site =   83 .. Mmps =  550 Ndav =  15 E =   -193.1586977780 Error = 5.79e-31 FLOPS = 1.71e+10 Tdav = 1.47 T = 28.10
 --> Site =   84 .. Mmps =  550 Ndav =  13 E =   -193.1588235625 Error = 2.84e-30 FLOPS = 1.71e+10 Tdav = 1.27 T = 27.70
 --> Site =   85 .. Mmps =  550 Ndav =  14 E =   -193.1588948280 Error = 8.12e-31 FLOPS = 1.71e+10 Tdav = 1.37 T = 27.86
 --> Site =   86 .. Mmps =  550 Ndav =  13 E =   -193.1590362879 Error = 3.65e-30 FLOPS = 1.70e+10 Tdav = 1.27 T = 27.73
 --> Site =   87 .. Mmps =  550 Ndav =  14 E =   -193.1591428182 Error = 9.93e-31 FLOPS = 1.70e+10 Tdav = 1.40 T = 28.31
 --> Site =   88 .. Mmps =  550 Ndav =  12 E =   -193.1592408512 Error = 2.85e-30 FLOPS = 1.71e+10 Tdav = 1.19 T = 28.65
 --> Site =   89 .. Mmps =  550 Ndav =  12 E =   -193.1592735943 Error = 3.40e-31 FLOPS = 1.62e+10 Tdav = 1.26 T = 28.72
 --> Site =   90 .. Mmps =  550 Ndav =  12 E =   -193.1594120763 Error = 1.32e-30 FLOPS = 1.72e+10 Tdav = 1.19 T = 28.51
 --> Site =   91 .. Mmps =  550 Ndav =  10 E =   -193.1594750023 Error = 8.16e-32 FLOPS = 1.72e+10 Tdav = 0.97 T = 27.99
 --> Site =   92 .. Mmps =  550 Ndav =  12 E =   -193.1595836531 Error = 1.71e-30 FLOPS = 1.72e+10 Tdav = 1.19 T = 28.14
 --> Site =   93 .. Mmps =  550 Ndav =  15 E =   -193.1596913326 Error = 4.48e-31 FLOPS = 1.67e+10 Tdav = 1.53 T = 29.18
 --> Site =   94 .. Mmps =  550 Ndav =  12 E =   -193.1598125659 Error = 3.51e-30 FLOPS = 1.68e+10 Tdav = 1.19 T = 28.36
 --> Site =   95 .. Mmps =  550 Ndav =  13 E =   -193.1598425728 Error = 8.80e-31 FLOPS = 1.67e+10 Tdav = 1.30 T = 27.92
 --> Site =   96 .. Mmps =  550 Ndav =  12 E =   -193.1599411300 Error = 2.53e-30 FLOPS = 1.69e+10 Tdav = 1.19 T = 27.87
 --> Site =   97 .. Mmps =  550 Ndav =  14 E =   -193.1599886057 Error = 4.62e-31 FLOPS = 1.69e+10 Tdav = 1.38 T = 28.02
 --> Site =   98 .. Mmps =  550 Ndav =  13 E =   -193.1601001575 Error = 1.42e-30 FLOPS = 1.68e+10 Tdav = 1.29 T = 28.06
 --> Site =   99 .. Mmps =  550 Ndav =  15 E =   -193.1601930555 Error = 4.41e-31 FLOPS = 1.70e+10 Tdav = 1.47 T = 27.99
 --> Site =  100 .. Mmps =  550 Ndav =  13 E =   -193.1603708381 Error = 1.01e-30 FLOPS = 1.68e+10 Tdav = 1.30 T = 27.89
 --> Site =  101 .. Mmps =  550 Ndav =  17 E =   -193.1604978722 Error = 3.72e-31 FLOPS = 1.67e+10 Tdav = 1.70 T = 28.29
 --> Site =  102 .. Mmps =  550 Ndav =  12 E =   -193.1605588778 Error = 5.27e-31 FLOPS = 1.67e+10 Tdav = 1.20 T = 27.81
 --> Site =  103 .. Mmps =  550 Ndav =  11 E =   -193.1605728892 Error = 1.22e-31 FLOPS = 1.69e+10 Tdav = 1.07 T = 27.23
 --> Site =  104 .. Mmps =  550 Ndav =  11 E =   -193.1606195219 Error = 8.31e-31 FLOPS = 1.72e+10 Tdav = 1.05 T = 26.61
 --> Site =  105 .. Mmps =  550 Ndav =  12 E =   -193.1607092529 Error = 2.08e-31 FLOPS = 1.71e+10 Tdav = 1.15 T = 26.80
 --> Site =  106 .. Mmps =  550 Ndav =  13 E =   -193.1609273756 Error = 1.48e-30 FLOPS = 1.70e+10 Tdav = 1.23 T = 26.44
 --> Site =  107 .. Mmps =  550 Ndav =  15 E =   -193.1610089995 Error = 5.04e-31 FLOPS = 1.69e+10 Tdav = 1.40 T = 25.72
 --> Site =  108 .. Mmps =  550 Ndav =  13 E =   -193.1611748252 Error = 3.33e-30 FLOPS = 1.70e+10 Tdav = 1.21 T = 25.03
 --> Site =  109 .. Mmps =  550 Ndav =  15 E =   -193.1612807265 Error = 8.68e-31 FLOPS = 1.68e+10 Tdav = 1.41 T = 25.27
 --> Site =  110 .. Mmps =  550 Ndav =  13 E =   -193.1614019590 Error = 2.50e-30 FLOPS = 1.67e+10 Tdav = 1.23 T = 25.05
 --> Site =  111 .. Mmps =  550 Ndav =  15 E =   -193.1614796417 Error = 9.32e-31 FLOPS = 1.68e+10 Tdav = 1.41 T = 25.29
 --> Site =  112 .. Mmps =  550 Ndav =  13 E =   -193.1616153057 Error = 2.51e-30 FLOPS = 1.71e+10 Tdav = 1.20 T = 25.06
 --> Site =  113 .. Mmps =  550 Ndav =  15 E =   -193.1617477894 Error = 6.16e-31 FLOPS = 1.70e+10 Tdav = 1.40 T = 25.16
 --> Site =  114 .. Mmps =  550 Ndav =  12 E =   -193.1618901650 Error = 1.26e-30 FLOPS = 1.68e+10 Tdav = 1.13 T = 25.09
 --> Site =  115 .. Mmps =  550 Ndav =  12 E =   -193.1619414173 Error = 2.03e-31 FLOPS = 1.67e+10 Tdav = 1.11 T = 24.84
 --> Site =  116 .. Mmps =  550 Ndav =  11 E =   -193.1620260784 Error = 7.53e-31 FLOPS = 1.67e+10 Tdav = 1.00 T = 23.71
 --> Site =  117 .. Mmps =  550 Ndav =  10 E =   -193.1620919493 Error = 4.12e-32 FLOPS = 1.68e+10 Tdav = 0.90 T = 23.17
 --> Site =  118 .. Mmps =  550 Ndav =  12 E =   -193.1622598618 Error = 1.90e-30 FLOPS = 1.69e+10 Tdav = 1.06 T = 22.86
 --> Site =  119 .. Mmps =  550 Ndav =  15 E =   -193.1623568634 Error = 6.95e-31 FLOPS = 1.64e+10 Tdav = 1.33 T = 22.41
 --> Site =  120 .. Mmps =  550 Ndav =  13 E =   -193.1624989439 Error = 2.95e-30 FLOPS = 1.68e+10 Tdav = 1.12 T = 21.69
 --> Site =  121 .. Mmps =  550 Ndav =  14 E =   -193.1625420124 Error = 4.71e-31 FLOPS = 1.70e+10 Tdav = 1.17 T = 21.46
 --> Site =  122 .. Mmps =  550 Ndav =  12 E =   -193.1626547108 Error = 1.93e-30 FLOPS = 1.68e+10 Tdav = 1.01 T = 20.68
 --> Site =  123 .. Mmps =  550 Ndav =  15 E =   -193.1627231176 Error = 5.58e-31 FLOPS = 1.65e+10 Tdav = 1.26 T = 20.77
 --> Site =  124 .. Mmps =  550 Ndav =  13 E =   -193.1628530656 Error = 3.15e-30 FLOPS = 1.65e+10 Tdav = 1.07 T = 19.78
 --> Site =  125 .. Mmps =  550 Ndav =  15 E =   -193.1629369019 Error = 4.24e-31 FLOPS = 1.64e+10 Tdav = 1.24 T = 19.44
 --> Site =  126 .. Mmps =  550 Ndav =  12 E =   -193.1630137751 Error = 1.29e-30 FLOPS = 1.69e+10 Tdav = 0.97 T = 19.23
 --> Site =  127 .. Mmps =  550 Ndav =  15 E =   -193.1630415126 Error = 3.43e-31 FLOPS = 1.64e+10 Tdav = 1.22 T = 19.10
 --> Site =  128 .. Mmps =  550 Ndav =  12 E =   -193.1631249138 Error = 4.13e-31 FLOPS = 1.68e+10 Tdav = 0.93 T = 18.06
 --> Site =  129 .. Mmps =  550 Ndav =  11 E =   -193.1631339383 Error = 1.18e-31 FLOPS = 1.66e+10 Tdav = 0.84 T = 17.23
 --> Site =  130 .. Mmps =  550 Ndav =  11 E =   -193.1631884089 Error = 7.19e-31 FLOPS = 1.66e+10 Tdav = 0.82 T = 16.42
 --> Site =  131 .. Mmps =  550 Ndav =  12 E =   -193.1632774309 Error = 2.16e-31 FLOPS = 1.67e+10 Tdav = 0.87 T = 15.79
 --> Site =  132 .. Mmps =  550 Ndav =  12 E =   -193.1634295497 Error = 1.41e-30 FLOPS = 1.65e+10 Tdav = 0.85 T = 15.09
 --> Site =  133 .. Mmps =  550 Ndav =  14 E =   -193.1635143391 Error = 5.06e-31 FLOPS = 1.64e+10 Tdav = 0.98 T = 14.56
 --> Site =  134 .. Mmps =  550 Ndav =  13 E =   -193.1636892888 Error = 2.69e-30 FLOPS = 1.64e+10 Tdav = 0.89 T = 13.90
 --> Site =  135 .. Mmps =  550 Ndav =  14 E =   -193.1637197386 Error = 8.61e-31 FLOPS = 1.64e+10 Tdav = 0.92 T = 13.22
 --> Site =  136 .. Mmps =  550 Ndav =  13 E =   -193.1638255515 Error = 2.85e-30 FLOPS = 1.66e+10 Tdav = 0.82 T = 12.51
 --> Site =  137 .. Mmps =  550 Ndav =  14 E =   -193.1638723503 Error = 8.20e-31 FLOPS = 1.67e+10 Tdav = 0.86 T = 11.98
 --> Site =  138 .. Mmps =  550 Ndav =  13 E =   -193.1640248500 Error = 1.74e-30 FLOPS = 1.67e+10 Tdav = 0.77 T = 11.17
 --> Site =  139 .. Mmps =  550 Ndav =  14 E =   -193.1640878756 Error = 5.60e-31 FLOPS = 1.66e+10 Tdav = 0.81 T = 10.65
 --> Site =  140 .. Mmps =  550 Ndav =  12 E =   -193.1641773325 Error = 1.76e-30 FLOPS = 1.68e+10 Tdav = 0.66 T = 9.99
 --> Site =  141 .. Mmps =  550 Ndav =  12 E =   -193.1642157400 Error = 2.56e-31 FLOPS = 1.67e+10 Tdav = 0.64 T = 9.40
 --> Site =  142 .. Mmps =  550 Ndav =  11 E =   -193.1643115375 Error = 1.44e-30 FLOPS = 1.68e+10 Tdav = 0.57 T = 8.82
 --> Site =  143 .. Mmps =  550 Ndav =  10 E =   -193.1643727551 Error = 4.63e-32 FLOPS = 1.69e+10 Tdav = 0.50 T = 8.24
 --> Site =  144 .. Mmps =  550 Ndav =  12 E =   -193.1645018548 Error = 2.99e-30 FLOPS = 1.66e+10 Tdav = 0.58 T = 7.85
 --> Site =  145 .. Mmps =  550 Ndav =  13 E =   -193.1646652758 Error = 4.19e-31 FLOPS = 1.66e+10 Tdav = 0.61 T = 7.56
 --> Site =  146 .. Mmps =  550 Ndav =  12 E =   -193.1647382320 Error = 6.80e-31 FLOPS = 1.65e+10 Tdav = 0.54 T = 6.93
 --> Site =  147 .. Mmps =  550 Ndav =  12 E =   -193.1647610447 Error = 1.70e-31 FLOPS = 1.63e+10 Tdav = 0.52 T = 6.46
 --> Site =  148 .. Mmps =  550 Ndav =  12 E =   -193.1648156317 Error = 1.09e-30 FLOPS = 1.65e+10 Tdav = 0.50 T = 6.05
 --> Site =  149 .. Mmps =  550 Ndav =  12 E =   -193.1648365824 Error = 1.25e-31 FLOPS = 1.64e+10 Tdav = 0.48 T = 5.60
 --> Site =  150 .. Mmps =  550 Ndav =  12 E =   -193.1648972619 Error = 5.97e-31 FLOPS = 1.64e+10 Tdav = 0.45 T = 5.17
 --> Site =  151 .. Mmps =  550 Ndav =  13 E =   -193.1649232380 Error = 1.47e-31 FLOPS = 1.62e+10 Tdav = 0.47 T = 4.84
 --> Site =  152 .. Mmps =  550 Ndav =  11 E =   -193.1649476637 Error = 2.20e-31 FLOPS = 1.65e+10 Tdav = 0.37 T = 4.42
 --> Site =  153 .. Mmps =  550 Ndav =  12 E =   -193.1649628338 Error = 5.00e-32 FLOPS = 1.63e+10 Tdav = 0.39 T = 4.09
 --> Site =  154 .. Mmps =  550 Ndav =  11 E =   -193.1649762658 Error = 9.02e-32 FLOPS = 1.62e+10 Tdav = 0.34 T = 3.71
 --> Site =  155 .. Mmps =  550 Ndav =   9 E =   -193.1649858028 Error = 2.81e-32 FLOPS = 1.63e+10 Tdav = 0.26 T = 3.34
 --> Site =  156 .. Mmps =  550 Ndav =  10 E =   -193.1650061805 Error = 5.09e-32 FLOPS = 1.61e+10 Tdav = 0.27 T = 3.09
 --> Site =  157 .. Mmps =  550 Ndav =  11 E =   -193.1650331908 Error = 4.90e-32 FLOPS = 1.58e+10 Tdav = 0.28 T = 2.77
 --> Site =  158 .. Mmps =  550 Ndav =  11 E =   -193.1650498979 Error = 7.55e-32 FLOPS = 1.58e+10 Tdav = 0.26 T = 2.53
 --> Site =  159 .. Mmps =  550 Ndav =  10 E =   -193.1650521556 Error = 1.83e-32 FLOPS = 1.58e+10 Tdav = 0.22 T = 2.21
 --> Site =  160 .. Mmps =  550 Ndav =   9 E =   -193.1650535552 Error = 9.98e-33 FLOPS = 1.59e+10 Tdav = 0.18 T = 1.97
 --> Site =  161 .. Mmps =  550 Ndav =   8 E =   -193.1650540792 Error = 1.13e-33 FLOPS = 1.59e+10 Tdav = 0.14 T = 1.73
 --> Site =  162 .. Mmps =  550 Ndav =   7 E =   -193.1650544863 Error = 6.93e-34 FLOPS = 1.59e+10 Tdav = 0.11 T = 1.53
 --> Site =  163 .. Mmps =  550 Ndav =   7 E =   -193.1650546017 Error = 3.18e-35 FLOPS = 1.60e+10 Tdav = 0.09 T = 1.32
 --> Site =  164 .. Mmps =  550 Ndav =   4 E =   -193.1650546028 Error = 8.39e-37 FLOPS = 1.46e+10 Tdav = 0.03 T = 1.10
 --> Site =  165 .. Mmps =  550 Ndav =   2 E =   -193.1650546028 Error = 6.34e-39 FLOPS = 8.39e+09 Tdav = 0.01 T = 0.98
 --> Site =  166 .. Mmps =  550 Ndav =   1 E =   -193.1650546028 Error = 1.94e-66 FLOPS = 4.10e+09 Tdav = 0.00 T = 0.83
 --> Site =  167 .. Mmps =  550 Ndav =   1 E =   -193.1650546028 Error = 0.00e+00 FLOPS = 1.98e+09 Tdav = 0.00 T = 0.69
 --> Site =  168 .. Mmps =  546 Ndav =   1 E =   -193.1650546028 Error = 0.00e+00 FLOPS = 3.08e+09 Tdav = 0.00 T = 0.57
Time elapsed =   2804.856 | E =    -193.1650546028 | DE = -1.23e-02 | DW = 4.01700e-30
Time sweep =     2614.804 | 2.03 TFLOP/SWP
 | Dmem = 129 MB (0%) | Imem = 232 B (79%) | Hmem = 508 MB | Wmem = 215 KB | Pmem = 215 KB
 | Tread = 56.020 | Twrite = 31.713 | Tfpread = 54.850 | Tfpwrite = 21.938 | Tmporead = 0.000 | Tasync = 0.000
 | data = 13.2 GB | cpsd = 9.53 GB
 | Trot = 175.765 | Tctr = 1.285 | Tint = 0.028 | Tmid = 0.000 | Tdctr = 55.888 | Tdiag = 0.754 | Tinfo = 1.866
 | Teff = 2210.483 | Tprt = 9.959 | Teig = 133.107 | Tblk = 2403.566 | Tmve = 211.227 | Tdm = 0.697 | Tsplt = 43.379 | Tsvd = 0.000 | Torth = 0.000

Sweep =    7 | Direction = backward | Bond dimension =  550 | Noise =  1.00e-05 | Dav threshold =  1.00e-10
 <-- Site =  168 .. Mmps =    2 Ndav =   1 E =   -193.1650546028 Error = 0.00e+00 FLOPS = 1.86e+09 Tdav = 0.00 T = 0.04
 <-- Site =  167 .. Mmps =    4 Ndav =   1 E =   -193.1650546028 Error = 0.00e+00 FLOPS = 2.19e+09 Tdav = 0.00 T = 0.13
 <-- Site =  166 .. Mmps =    8 Ndav =   1 E =   -193.1650546028 Error = 0.00e+00 FLOPS = 3.90e+09 Tdav = 0.00 T = 0.19
 <-- Site =  165 .. Mmps =   16 Ndav =   1 E =   -193.1650546028 Error = 0.00e+00 FLOPS = 7.66e+09 Tdav = 0.01 T = 0.27
 <-- Site =  164 .. Mmps =   32 Ndav =   1 E =   -193.1650546028 Error = 0.00e+00 FLOPS = 1.34e+10 Tdav = 0.01 T = 0.37
 <-- Site =  163 .. Mmps =   64 Ndav =   1 E =   -193.1650546028 Error = 0.00e+00 FLOPS = 1.59e+10 Tdav = 0.02 T = 0.51
 <-- Site =  162 .. Mmps =  128 Ndav =   2 E =   -193.1650546029 Error = 0.00e+00 FLOPS = 2.26e+10 Tdav = 0.06 T = 0.69
 <-- Site =  161 .. Mmps =  256 Ndav =   4 E =   -193.1650546038 Error = 0.00e+00 FLOPS = 2.57e+10 Tdav = 0.24 T = 1.03
 <-- Site =  160 .. Mmps =  504 Ndav =   6 E =   -193.1650546091 Error = 0.00e+00 FLOPS = 2.80e+10 Tdav = 0.82 T = 1.87
 <-- Site =  159 .. Mmps =  550 Ndav =   6 E =   -193.1650546203 Error = 5.95e-27 FLOPS = 2.97e+10 Tdav = 1.97 T = 3.68
 <-- Site =  158 .. Mmps =  550 Ndav =   7 E =   -193.1650546920 Error = 5.77e-24 FLOPS = 2.86e+10 Tdav = 2.93 T = 5.34
 <-- Site =  157 .. Mmps =  550 Ndav =   9 E =   -193.1650552064 Error = 1.46e-24 FLOPS = 2.80e+10 Tdav = 4.18 T = 7.01
 <-- Site =  156 .. Mmps =  550 Ndav =  11 E =   -193.1650586999 Error = 4.84e-21 FLOPS = 2.71e+10 Tdav = 5.67 T = 8.74
 <-- Site =  155 .. Mmps =  550 Ndav =  12 E =   -193.1650692498 Error = 1.13e-21 FLOPS = 2.66e+10 Tdav = 6.74 T = 10.13
 <-- Site =  154 .. Mmps =  550 Ndav =  13 E =   -193.1650869421 Error = 7.13e-21 FLOPS = 2.63e+10 Tdav = 7.90 T = 11.63
 <-- Site =  153 .. Mmps =  550 Ndav =  14 E =   -193.1651035937 Error = 1.19e-21 FLOPS = 2.63e+10 Tdav = 9.04 T = 13.09
 <-- Site =  152 .. Mmps =  550 Ndav =  14 E =   -193.1651392172 Error = 8.20e-21 FLOPS = 2.66e+10 Tdav = 9.46 T = 13.90
 <-- Site =  151 .. Mmps =  550 Ndav =  16 E =   -193.1651746371 Error = 6.65e-22 FLOPS = 2.57e+10 Tdav = 11.81 T = 16.61
 <-- Site =  150 .. Mmps =  550 Ndav =  14 E =   -193.1651956816 Error = 8.19e-21 FLOPS = 2.72e+10 Tdav = 10.29 T = 15.53
 <-- Site =  149 .. Mmps =  550 Ndav =  17 E =   -193.1652450448 Error = 2.07e-21 FLOPS = 2.57e+10 Tdav = 13.88 T = 19.56
 <-- Site =  148 .. Mmps =  550 Ndav =  14 E =   -193.1652652243 Error = 1.10e-20 FLOPS = 2.72e+10 Tdav = 11.32 T = 17.58
 <-- Site =  147 .. Mmps =  550 Ndav =  16 E =   -193.1652978727 Error = 2.65e-21 FLOPS = 2.64e+10 Tdav = 13.90 T = 20.48
 <-- Site =  146 .. Mmps =  550 Ndav =  14 E =   -193.1653405889 Error = 1.10e-20 FLOPS = 2.75e+10 Tdav = 12.20 T = 19.25
 <-- Site =  145 .. Mmps =  550 Ndav =  18 E =   -193.1654101803 Error = 2.16e-21 FLOPS = 2.57e+10 Tdav = 17.45 T = 25.02
 <-- Site =  144 .. Mmps =  550 Ndav =  14 E =   -193.1654543074 Error = 2.91e-20 FLOPS = 2.79e+10 Tdav = 13.04 T = 21.12
 <-- Site =  143 .. Mmps =  550 Ndav =  16 E =   -193.1655057335 Error = 2.22e-20 FLOPS = 2.73e+10 Tdav = 15.80 T = 24.48
 <-- Site =  142 .. Mmps =  550 Ndav =  14 E =   -193.1655555287 Error = 3.77e-20 FLOPS = 2.83e+10 Tdav = 13.82 T = 22.97
 <-- Site =  141 .. Mmps =  550 Ndav =  16 E =   -193.1656493767 Error = 5.81e-21 FLOPS = 2.73e+10 Tdav = 16.95 T = 26.64
 <-- Site =  140 .. Mmps =  550 Ndav =  14 E =   -193.1657703526 Error = 7.54e-20 FLOPS = 2.85e+10 Tdav = 14.72 T = 24.98
 <-- Site =  139 .. Mmps =  550 Ndav =  21 E =   -193.1659703491 Error = 1.47e-20 FLOPS = 2.57e+10 Tdav = 25.24 T = 36.11
 <-- Site =  138 .. Mmps =  550 Ndav =  16 E =   -193.1661205272 Error = 8.73e-20 FLOPS = 2.82e+10 Tdav = 18.12 T = 29.71
 <-- Site =  137 .. Mmps =  550 Ndav =  20 E =   -193.1662392710 Error = 7.37e-21 FLOPS = 2.63e+10 Tdav = 25.01 T = 37.13
 <-- Site =  136 .. Mmps =  550 Ndav =  18 E =   -193.1664557438 Error = 6.64e-20 FLOPS = 2.76e+10 Tdav = 22.17 T = 34.96
 <-- Site =  135 .. Mmps =  550 Ndav =  19 E =   -193.1665758880 Error = 1.13e-20 FLOPS = 2.75e+10 Tdav = 24.14 T = 37.51
 <-- Site =  134 .. Mmps =  550 Ndav =  17 E =   -193.1666714881 Error = 6.14e-20 FLOPS = 2.86e+10 Tdav = 21.39 T = 35.46
 <-- Site =  133 .. Mmps =  550 Ndav =  20 E =   -193.1667630852 Error = 1.02e-20 FLOPS = 2.75e+10 Tdav = 26.89 T = 41.65
 <-- Site =  132 .. Mmps =  550 Ndav =  15 E =   -193.1668415062 Error = 9.18e-20 FLOPS = 2.96e+10 Tdav = 19.22 T = 34.73
 <-- Site =  131 .. Mmps =  550 Ndav =  16 E =   -193.1669300452 Error = 4.53e-20 FLOPS = 2.93e+10 Tdav = 21.23 T = 37.51
 <-- Site =  130 .. Mmps =  550 Ndav =  16 E =   -193.1670255704 Error = 2.00e-19 FLOPS = 2.94e+10 Tdav = 21.70 T = 38.68
 <-- Site =  129 .. Mmps =  550 Ndav =  16 E =   -193.1671399241 Error = 1.59e-20 FLOPS = 2.96e+10 Tdav = 22.14 T = 39.92
 <-- Site =  128 .. Mmps =  550 Ndav =  16 E =   -193.1672625848 Error = 1.24e-19 FLOPS = 2.96e+10 Tdav = 22.67 T = 41.34
 <-- Site =  127 .. Mmps =  550 Ndav =  20 E =   -193.1675065312 Error = 3.02e-20 FLOPS = 2.78e+10 Tdav = 30.87 T = 50.34
 <-- Site =  126 .. Mmps =  550 Ndav =  19 E =   -193.1677547436 Error = 1.53e-19 FLOPS = 2.77e+10 Tdav = 30.14 T = 50.06
 <-- Site =  125 .. Mmps =  550 Ndav =  21 E =   -193.1680826772 Error = 2.53e-20 FLOPS = 2.68e+10 Tdav = 34.36 T = 54.28
 <-- Site =  124 .. Mmps =  550 Ndav =  18 E =   -193.1683941962 Error = 1.14e-19 FLOPS = 2.81e+10 Tdav = 28.11 T = 48.54
 <-- Site =  123 .. Mmps =  550 Ndav =  20 E =   -193.1686112043 Error = 2.20e-20 FLOPS = 2.77e+10 Tdav = 32.40 T = 53.58
 <-- Site =  122 .. Mmps =  550 Ndav =  18 E =   -193.1687733044 Error = 7.26e-20 FLOPS = 2.88e+10 Tdav = 28.69 T = 50.15
 <-- Site =  121 .. Mmps =  550 Ndav =  21 E =   -193.1689463952 Error = 1.22e-20 FLOPS = 2.79e+10 Tdav = 34.59 T = 56.66
 <-- Site =  120 .. Mmps =  550 Ndav =  18 E =   -193.1691550989 Error = 9.38e-20 FLOPS = 2.90e+10 Tdav = 29.11 T = 51.52
 <-- Site =  119 .. Mmps =  550 Ndav =  20 E =   -193.1692231326 Error = 2.36e-20 FLOPS = 2.85e+10 Tdav = 32.97 T = 55.78
 <-- Site =  118 .. Mmps =  550 Ndav =  17 E =   -193.1694036173 Error = 1.17e-19 FLOPS = 2.96e+10 Tdav = 27.56 T = 51.33
 <-- Site =  117 .. Mmps =  550 Ndav =  17 E =   -193.1694795574 Error = 6.15e-20 FLOPS = 2.96e+10 Tdav = 28.07 T = 52.17
 <-- Site =  116 .. Mmps =  550 Ndav =  15 E =   -193.1695498729 Error = 1.06e-19 FLOPS = 3.04e+10 Tdav = 24.10 T = 48.69
 <-- Site =  115 .. Mmps =  550 Ndav =  17 E =   -193.1696937762 Error = 1.82e-20 FLOPS = 2.99e+10 Tdav = 28.37 T = 53.83
 <-- Site =  114 .. Mmps =  550 Ndav =  17 E =   -193.1698914829 Error = 1.24e-19 FLOPS = 2.98e+10 Tdav = 29.02 T = 55.10
 <-- Site =  113 .. Mmps =  550 Ndav =  19 E =   -193.1700778449 Error = 2.03e-20 FLOPS = 2.92e+10 Tdav = 33.17 T = 59.41
 <-- Site =  112 .. Mmps =  550 Ndav =  17 E =   -193.1702719109 Error = 1.44e-19 FLOPS = 2.96e+10 Tdav = 29.21 T = 55.30
 <-- Site =  111 .. Mmps =  550 Ndav =  20 E =   -193.1704463865 Error = 2.65e-20 FLOPS = 2.88e+10 Tdav = 35.39 T = 61.41
 <-- Site =  110 .. Mmps =  550 Ndav =  20 E =   -193.1706837780 Error = 9.69e-20 FLOPS = 2.88e+10 Tdav = 35.38 T = 61.39
 <-- Site =  109 .. Mmps =  550 Ndav =  21 E =   -193.1708028407 Error = 6.94e-21 FLOPS = 2.84e+10 Tdav = 37.63 T = 63.79
 <-- Site =  108 .. Mmps =  550 Ndav =  18 E =   -193.1709552379 Error = 8.94e-20 FLOPS = 2.97e+10 Tdav = 30.91 T = 57.02
 <-- Site =  107 .. Mmps =  550 Ndav =  20 E =   -193.1710653078 Error = 2.66e-20 FLOPS = 2.89e+10 Tdav = 35.26 T = 61.73
 <-- Site =  106 .. Mmps =  550 Ndav =  16 E =   -193.1711636540 Error = 9.88e-20 FLOPS = 3.02e+10 Tdav = 27.46 T = 54.90
 <-- Site =  105 .. Mmps =  550 Ndav =  16 E =   -193.1712302722 Error = 3.30e-20 FLOPS = 3.03e+10 Tdav = 27.95 T = 55.91
 <-- Site =  104 .. Mmps =  550 Ndav =  16 E =   -193.1713456412 Error = 2.13e-19 FLOPS = 3.03e+10 Tdav = 27.98 T = 55.98
 <-- Site =  103 .. Mmps =  550 Ndav =  15 E =   -193.1714530764 Error = 1.50e-20 FLOPS = 3.03e+10 Tdav = 26.15 T = 54.82
 <-- Site =  102 .. Mmps =  550 Ndav =  18 E =   -193.1716216498 Error = 1.62e-19 FLOPS = 2.90e+10 Tdav = 33.48 T = 62.58
 <-- Site =  101 .. Mmps =  550 Ndav =  21 E =   -193.1719024743 Error = 3.03e-20 FLOPS = 2.84e+10 Tdav = 39.86 T = 68.91
 <-- Site =  100 .. Mmps =  550 Ndav =  18 E =   -193.1721314889 Error = 1.35e-19 FLOPS = 2.96e+10 Tdav = 32.81 T = 61.91
 <-- Site =   99 .. Mmps =  550 Ndav =  21 E =   -193.1723034997 Error = 2.17e-20 FLOPS = 2.86e+10 Tdav = 39.61 T = 68.57
 <-- Site =   98 .. Mmps =  550 Ndav =  18 E =   -193.1726355305 Error = 1.15e-19 FLOPS = 2.99e+10 Tdav = 32.46 T = 61.38
 <-- Site =   97 .. Mmps =  550 Ndav =  21 E =   -193.1729473036 Error = 2.11e-20 FLOPS = 2.88e+10 Tdav = 39.30 T = 68.27
 <-- Site =   96 .. Mmps =  550 Ndav =  18 E =   -193.1732192328 Error = 1.35e-19 FLOPS = 2.98e+10 Tdav = 32.55 T = 61.58
 <-- Site =   95 .. Mmps =  550 Ndav =  21 E =   -193.1733832132 Error = 1.89e-20 FLOPS = 2.88e+10 Tdav = 39.29 T = 68.50
 <-- Site =   94 .. Mmps =  550 Ndav =  19 E =   -193.1735926231 Error = 1.16e-19 FLOPS = 2.92e+10 Tdav = 35.12 T = 64.61
 <-- Site =   93 .. Mmps =  550 Ndav =  20 E =   -193.1736704537 Error = 2.50e-20 FLOPS = 2.90e+10 Tdav = 37.92 T = 68.20
 <-- Site =   92 .. Mmps =  550 Ndav =  17 E =   -193.1738163778 Error = 7.96e-20 FLOPS = 3.00e+10 Tdav = 31.12 T = 60.72
 <-- Site =   91 .. Mmps =  550 Ndav =  18 E =   -193.1738752699 Error = 1.06e-19 FLOPS = 2.95e+10 Tdav = 32.87 T = 62.27
 <-- Site =   90 .. Mmps =  550 Ndav =  15 E =   -193.1739516915 Error = 1.77e-19 FLOPS = 3.06e+10 Tdav = 26.90 T = 56.89
 <-- Site =   89 .. Mmps =  550 Ndav =  17 E =   -193.1741272632 Error = 6.39e-21 FLOPS = 3.02e+10 Tdav = 30.87 T = 60.79
 <-- Site =   88 .. Mmps =  550 Ndav =  16 E =   -193.1742640887 Error = 2.33e-19 FLOPS = 3.04e+10 Tdav = 28.85 T = 58.72
 <-- Site =   87 .. Mmps =  550 Ndav =  20 E =   -193.1744478308 Error = 2.31e-20 FLOPS = 2.92e+10 Tdav = 37.66 T = 67.12
 <-- Site =   86 .. Mmps =  550 Ndav =  19 E =   -193.1747295545 Error = 1.53e-19 FLOPS = 2.94e+10 Tdav = 34.78 T = 63.95
 <-- Site =   85 .. Mmps =  550 Ndav =  21 E =   -193.1749521959 Error = 9.70e-21 FLOPS = 2.86e+10 Tdav = 39.57 T = 68.42
 <-- Site =   84 .. Mmps =  550 Ndav =  20 E =   -193.1751681785 Error = 1.33e-19 FLOPS = 2.89e+10 Tdav = 37.34 T = 66.36
 <-- Site =   83 .. Mmps =  550 Ndav =  20 E =   -193.1753016516 Error = 2.23e-20 FLOPS = 2.90e+10 Tdav = 37.16 T = 66.41
 <-- Site =   82 .. Mmps =  550 Ndav =  19 E =   -193.1754327175 Error = 1.28e-19 FLOPS = 2.93e+10 Tdav = 35.00 T = 64.17
 <-- Site =   81 .. Mmps =  550 Ndav =  21 E =   -193.1755509100 Error = 1.45e-20 FLOPS = 2.86e+10 Tdav = 39.54 T = 69.06
 <-- Site =   80 .. Mmps =  550 Ndav =  16 E =   -193.1756456473 Error = 1.29e-19 FLOPS = 3.04e+10 Tdav = 28.89 T = 58.84
 <-- Site =   79 .. Mmps =  550 Ndav =  16 E =   -193.1757267280 Error = 3.53e-20 FLOPS = 3.04e+10 Tdav = 28.90 T = 58.63
 <-- Site =   78 .. Mmps =  550 Ndav =  17 E =   -193.1758582892 Error = 2.13e-19 FLOPS = 3.00e+10 Tdav = 30.56 T = 60.06
 <-- Site =   77 .. Mmps =  550 Ndav =  16 E =   -193.1759729660 Error = 6.08e-21 FLOPS = 3.05e+10 Tdav = 28.82 T = 58.37
 <-- Site =   76 .. Mmps =  550 Ndav =  17 E =   -193.1761275470 Error = 1.84e-19 FLOPS = 3.02e+10 Tdav = 30.37 T = 59.74
 <-- Site =   75 .. Mmps =  550 Ndav =  20 E =   -193.1763239458 Error = 2.60e-20 FLOPS = 2.92e+10 Tdav = 37.65 T = 67.52
 <-- Site =   74 .. Mmps =  550 Ndav =  18 E =   -193.1765945972 Error = 1.51e-19 FLOPS = 2.99e+10 Tdav = 33.02 T = 62.59
 <-- Site =   73 .. Mmps =  550 Ndav =  21 E =   -193.1768813140 Error = 2.25e-20 FLOPS = 2.84e+10 Tdav = 39.83 T = 68.94
 <-- Site =   72 .. Mmps =  550 Ndav =  18 E =   -193.1770823756 Error = 1.54e-19 FLOPS = 2.93e+10 Tdav = 33.07 T = 62.34
 <-- Site =   71 .. Mmps =  550 Ndav =  21 E =   -193.1773165415 Error = 2.20e-20 FLOPS = 2.84e+10 Tdav = 39.87 T = 68.99
 <-- Site =   70 .. Mmps =  550 Ndav =  17 E =   -193.1775050439 Error = 1.38e-19 FLOPS = 2.98e+10 Tdav = 30.79 T = 59.90
 <-- Site =   69 .. Mmps =  550 Ndav =  21 E =   -193.1777491609 Error = 1.68e-20 FLOPS = 2.85e+10 Tdav = 39.69 T = 68.71
 <-- Site =   68 .. Mmps =  550 Ndav =  18 E =   -193.1779787174 Error = 1.05e-19 FLOPS = 2.95e+10 Tdav = 32.94 T = 61.95
 <-- Site =   67 .. Mmps =  550 Ndav =  20 E =   -193.1780681430 Error = 1.87e-20 FLOPS = 2.90e+10 Tdav = 37.24 T = 66.32
 <-- Site =   66 .. Mmps =  550 Ndav =  17 E =   -193.1782408090 Error = 1.12e-19 FLOPS = 2.99e+10 Tdav = 30.65 T = 59.77
 <-- Site =   65 .. Mmps =  550 Ndav =  18 E =   -193.1783065447 Error = 9.28e-20 FLOPS = 2.99e+10 Tdav = 32.45 T = 61.46
 <-- Site =   64 .. Mmps =  550 Ndav =  15 E =   -193.1783783390 Error = 1.57e-19 FLOPS = 3.07e+10 Tdav = 26.32 T = 55.41
 <-- Site =   63 .. Mmps =  550 Ndav =  17 E =   -193.1784830813 Error = 1.81e-20 FLOPS = 3.01e+10 Tdav = 30.47 T = 59.19
 <-- Site =   62 .. Mmps =  550 Ndav =  18 E =   -193.1786581196 Error = 2.21e-19 FLOPS = 2.96e+10 Tdav = 32.22 T = 60.23
 <-- Site =   61 .. Mmps =  550 Ndav =  19 E =   -193.1788830076 Error = 9.27e-21 FLOPS = 2.94e+10 Tdav = 34.25 T = 61.75
 <-- Site =   60 .. Mmps =  550 Ndav =  18 E =   -193.1791387505 Error = 2.44e-19 FLOPS = 2.96e+10 Tdav = 31.62 T = 58.23
 <-- Site =   59 .. Mmps =  550 Ndav =  21 E =   -193.1793382857 Error = 3.31e-20 FLOPS = 2.85e+10 Tdav = 37.54 T = 63.65
 <-- Site =   58 .. Mmps =  550 Ndav =  18 E =   -193.1795214752 Error = 1.75e-19 FLOPS = 2.95e+10 Tdav = 31.07 T = 57.17
 <-- Site =   57 .. Mmps =  550 Ndav =  21 E =   -193.1796719353 Error = 2.45e-20 FLOPS = 2.84e+10 Tdav = 37.70 T = 63.81
 <-- Site =   56 .. Mmps =  550 Ndav =  17 E =   -193.1797946951 Error = 1.55e-19 FLOPS = 2.96e+10 Tdav = 29.20 T = 55.41
 <-- Site =   55 .. Mmps =  550 Ndav =  21 E =   -193.1799061362 Error = 1.88e-20 FLOPS = 2.84e+10 Tdav = 37.67 T = 63.77
 <-- Site =   54 .. Mmps =  550 Ndav =  16 E =   -193.1800018185 Error = 1.27e-19 FLOPS = 3.00e+10 Tdav = 27.13 T = 53.33
 <-- Site =   53 .. Mmps =  550 Ndav =  16 E =   -193.1800782843 Error = 2.69e-20 FLOPS = 3.00e+10 Tdav = 27.16 T = 52.90
 <-- Site =   52 .. Mmps =  550 Ndav =  17 E =   -193.1802253223 Error = 4.32e-19 FLOPS = 2.96e+10 Tdav = 28.65 T = 53.50
 <-- Site =   51 .. Mmps =  550 Ndav =  17 E =   -193.1803767512 Error = 2.64e-20 FLOPS = 2.93e+10 Tdav = 28.37 T = 52.86
 <-- Site =   50 .. Mmps =  550 Ndav =  17 E =   -193.1805246066 Error = 2.15e-19 FLOPS = 2.94e+10 Tdav = 28.27 T = 52.23
 <-- Site =   49 .. Mmps =  550 Ndav =  19 E =   -193.1806984857 Error = 3.90e-20 FLOPS = 2.87e+10 Tdav = 31.77 T = 55.30
 <-- Site =   48 .. Mmps =  550 Ndav =  19 E =   -193.1808879266 Error = 2.03e-19 FLOPS = 2.88e+10 Tdav = 31.63 T = 54.72
 <-- Site =   47 .. Mmps =  550 Ndav =  20 E =   -193.1810817791 Error = 7.71e-21 FLOPS = 2.83e+10 Tdav = 33.20 T = 55.43
 <-- Site =   46 .. Mmps =  550 Ndav =  19 E =   -193.1814018222 Error = 1.83e-19 FLOPS = 2.86e+10 Tdav = 30.45 T = 52.15
 <-- Site =   45 .. Mmps =  550 Ndav =  20 E =   -193.1815647924 Error = 3.15e-22 FLOPS = 2.81e+10 Tdav = 31.39 T = 51.91
 <-- Site =   44 .. Mmps =  550 Ndav =  18 E =   -193.1817651505 Error = 3.90e-22 FLOPS = 2.87e+10 Tdav = 25.97 T = 44.88
 <-- Site =   43 .. Mmps =  550 Ndav =  20 E =   -193.1818718864 Error = 1.18e-22 FLOPS = 2.77e+10 Tdav = 28.07 T = 46.23
 <-- Site =   42 .. Mmps =  550 Ndav =  18 E =   -193.1820435332 Error = 1.25e-22 FLOPS = 2.83e+10 Tdav = 24.26 T = 41.72
 <-- Site =   41 .. Mmps =  550 Ndav =  20 E =   -193.1821190328 Error = 2.91e-23 FLOPS = 2.73e+10 Tdav = 26.17 T = 42.27
 <-- Site =   40 .. Mmps =  550 Ndav =  16 E =   -193.1822445464 Error = 3.23e-23 FLOPS = 2.88e+10 Tdav = 18.68 T = 33.73
 <-- Site =   39 .. Mmps =  550 Ndav =  18 E =   -193.1823145555 Error = 6.80e-23 FLOPS = 2.75e+10 Tdav = 20.52 T = 34.46
 <-- Site =   38 .. Mmps =  550 Ndav =  15 E =   -193.1823571411 Error = 1.13e-22 FLOPS = 2.88e+10 Tdav = 15.24 T = 28.00
 <-- Site =   37 .. Mmps =  550 Ndav =  16 E =   -193.1824781864 Error = 1.71e-23 FLOPS = 2.75e+10 Tdav = 15.82 T = 27.55
 <-- Site =   36 .. Mmps =  550 Ndav =  17 E =   -193.1826186494 Error = 2.65e-23 FLOPS = 2.68e+10 Tdav = 16.04 T = 26.99
 <-- Site =   35 .. Mmps =  550 Ndav =  20 E =   -193.1828120592 Error = 2.47e-23 FLOPS = 2.51e+10 Tdav = 18.78 T = 28.62
 <-- Site =   34 .. Mmps =  550 Ndav =  18 E =   -193.1830344479 Error = 3.69e-23 FLOPS = 2.60e+10 Tdav = 15.23 T = 24.29
 <-- Site =   33 .. Mmps =  550 Ndav =  20 E =   -193.1832284525 Error = 1.07e-23 FLOPS = 2.48e+10 Tdav = 16.25 T = 24.52
 <-- Site =   32 .. Mmps =  550 Ndav =  19 E =   -193.1834382204 Error = 2.19e-23 FLOPS = 2.56e+10 Tdav = 13.67 T = 21.26
 <-- Site =   31 .. Mmps =  550 Ndav =  20 E =   -193.1835651795 Error = 7.38e-24 FLOPS = 2.48e+10 Tdav = 13.69 T = 20.91
 <-- Site =   30 .. Mmps =  550 Ndav =  17 E =   -193.1836811427 Error = 4.25e-24 FLOPS = 2.63e+10 Tdav = 9.97 T = 16.36
 <-- Site =   29 .. Mmps =  550 Ndav =  20 E =   -193.1837867313 Error = 7.56e-24 FLOPS = 2.44e+10 Tdav = 11.61 T = 17.37
 <-- Site =   28 .. Mmps =  550 Ndav =  16 E =   -193.1838700506 Error = 2.24e-24 FLOPS = 2.64e+10 Tdav = 7.92 T = 13.21
 <-- Site =   27 .. Mmps =  550 Ndav =  16 E =   -193.1839405818 Error = 1.86e-24 FLOPS = 2.60e+10 Tdav = 7.28 T = 12.16
 <-- Site =   26 .. Mmps =  550 Ndav =  15 E =   -193.1840365055 Error = 9.87e-25 FLOPS = 2.59e+10 Tdav = 6.18 T = 10.58
 <-- Site =   25 .. Mmps =  550 Ndav =  15 E =   -193.1841416813 Error = 4.18e-25 FLOPS = 2.63e+10 Tdav = 5.55 T = 9.60
 <-- Site =   24 .. Mmps =  550 Ndav =  15 E =   -193.1842632945 Error = 1.99e-24 FLOPS = 2.61e+10 Tdav = 5.07 T = 8.79
 <-- Site =   23 .. Mmps =  550 Ndav =  17 E =   -193.1845036276 Error = 1.14e-24 FLOPS = 2.45e+10 Tdav = 5.51 T = 8.89
 <-- Site =   22 .. Mmps =  550 Ndav =  15 E =   -193.1846355787 Error = 5.12e-25 FLOPS = 2.53e+10 Tdav = 4.18 T = 7.30
 <-- Site =   21 .. Mmps =  550 Ndav =  16 E =   -193.1846960312 Error = 4.83e-26 FLOPS = 2.43e+10 Tdav = 4.14 T = 7.02
 <-- Site =   20 .. Mmps =  550 Ndav =  15 E =   -193.1848757753 Error = 1.32e-25 FLOPS = 2.40e+10 Tdav = 3.47 T = 6.20
 <-- Site =   19 .. Mmps =  550 Ndav =  16 E =   -193.1849666186 Error = 2.06e-26 FLOPS = 2.29e+10 Tdav = 3.47 T = 5.95
 <-- Site =   18 .. Mmps =  550 Ndav =  13 E =   -193.1850290040 Error = 1.82e-26 FLOPS = 2.46e+10 Tdav = 2.26 T = 4.55
 <-- Site =   17 .. Mmps =  550 Ndav =  17 E =   -193.1850906740 Error = 1.05e-26 FLOPS = 2.12e+10 Tdav = 2.91 T = 5.00
 <-- Site =   16 .. Mmps =  550 Ndav =  14 E =   -193.1851942506 Error = 9.86e-27 FLOPS = 2.35e+10 Tdav = 1.85 T = 3.80
 <-- Site =   15 .. Mmps =  550 Ndav =  15 E =   -193.1852214797 Error = 1.20e-27 FLOPS = 2.18e+10 Tdav = 1.82 T = 3.63
 <-- Site =   14 .. Mmps =  550 Ndav =  12 E =   -193.1852444510 Error = 1.12e-27 FLOPS = 2.39e+10 Tdav = 1.12 T = 2.78
 <-- Site =   13 .. Mmps =  550 Ndav =  14 E =   -193.1852588564 Error = 1.18e-27 FLOPS = 2.13e+10 Tdav = 1.22 T = 2.81
 <-- Site =   12 .. Mmps =  550 Ndav =  11 E =   -193.1852767950 Error = 4.29e-28 FLOPS = 2.31e+10 Tdav = 0.73 T = 2.17
 <-- Site =   11 .. Mmps =  550 Ndav =  13 E =   -193.1853057392 Error = 7.19e-28 FLOPS = 2.05e+10 Tdav = 0.76 T = 2.14
 <-- Site =   10 .. Mmps =  550 Ndav =  13 E =   -193.1853464423 Error = 3.26e-28 FLOPS = 1.97e+10 Tdav = 0.63 T = 1.89
 <-- Site =    9 .. Mmps =  550 Ndav =  14 E =   -193.1853814247 Error = 5.61e-29 FLOPS = 1.82e+10 Tdav = 0.58 T = 1.78
 <-- Site =    8 .. Mmps =  550 Ndav =  12 E =   -193.1853990165 Error = 7.16e-30 FLOPS = 1.90e+10 Tdav = 0.34 T = 1.50
 <-- Site =    7 .. Mmps =  550 Ndav =  12 E =   -193.1854078976 Error = 1.17e-30 FLOPS = 1.82e+10 Tdav = 0.25 T = 1.29
 <-- Site =    6 .. Mmps =  550 Ndav =  10 E =   -193.1854093086 Error = 7.99e-32 FLOPS = 1.79e+10 Tdav = 0.14 T = 1.14
 <-- Site =    5 .. Mmps =  550 Ndav =   9 E =   -193.1854096265 Error = 2.67e-33 FLOPS = 1.67e+10 Tdav = 0.08 T = 1.01
 <-- Site =    4 .. Mmps =  550 Ndav =   6 E =   -193.1854096317 Error = 2.74e-35 FLOPS = 1.47e+10 Tdav = 0.03 T = 0.88
 <-- Site =    3 .. Mmps =  550 Ndav =   1 E =   -193.1854096317 Error = 8.71e-57 FLOPS = 8.68e+09 Tdav = 0.00 T = 0.79
 <-- Site =    2 .. Mmps =  550 Ndav =   1 E =   -193.1854096317 Error = 2.22e-67 FLOPS = 5.18e+09 Tdav = 0.00 T = 0.72
 <-- Site =    1 .. Mmps =  550 Ndav =   1 E =   -193.1854096317 Error = 2.10e-71 FLOPS = 4.02e+09 Tdav = 0.00 T = 0.64
 <-- Site =    0 .. Mmps =  549 Ndav =   1 E =   -193.1854096317 Error = 0.00e+00 FLOPS = 3.10e+09 Tdav = 0.00 T = 0.58
Time elapsed =   9120.521 | E =    -193.1854096317 | DE = -2.04e-02 | DW = 4.32200e-19
Time sweep =     6315.665 | 92.5 TFLOP/SWP
 | Dmem = 134 MB (3%) | Imem = 232 B (79%) | Hmem = 637 MB | Wmem = 4.62 MB | Pmem = 4.62 MB
 | Tread = 77.646 | Twrite = 33.444 | Tfpread = 76.399 | Tfpwrite = 23.206 | Tmporead = 0.000 | Tasync = 0.000
 | data = 14.5 GB | cpsd = 9.44 GB
 | Trot = 193.506 | Tctr = 185.523 | Tint = 0.029 | Tmid = 0.000 | Tdctr = 0.014 | Tdiag = 1.966 | Tinfo = 2.342
 | Teff = 2178.405 | Tprt = 56.523 | Teig = 3541.370 | Tblk = 5840.100 | Tmve = 475.547 | Tdm = 3.352 | Tsplt = 48.705 | Tsvd = 0.000 | Torth = 0.000

Sweep =    8 | Direction =  forward | Bond dimension =  550 | Noise =  0.00e+00 | Dav threshold =  1.00e-07
 --> Site =    0 .. Mmps =    2 Ndav =   1 E =   -193.1854096317 Error = 0.00e+00 FLOPS = 2.08e+09 Tdav = 0.00 T = 0.02
 --> Site =    1 .. Mmps =    4 Ndav =   1 E =   -193.1854096317 Error = 0.00e+00 FLOPS = 2.97e+09 Tdav = 0.00 T = 0.05
 --> Site =    2 .. Mmps =    8 Ndav =   1 E =   -193.1854096317 Error = 0.00e+00 FLOPS = 5.18e+09 Tdav = 0.00 T = 0.05
 --> Site =    3 .. Mmps =   16 Ndav =   1 E =   -193.1854096317 Error = 0.00e+00 FLOPS = 7.98e+09 Tdav = 0.00 T = 0.08
 --> Site =    4 .. Mmps =   32 Ndav =   1 E =   -193.1854096317 Error = 0.00e+00 FLOPS = 1.16e+10 Tdav = 0.01 T = 0.08
 --> Site =    5 .. Mmps =   64 Ndav =   1 E =   -193.1854096317 Error = 0.00e+00 FLOPS = 1.42e+10 Tdav = 0.01 T = 0.09
 --> Site =    6 .. Mmps =  128 Ndav =   1 E =   -193.1854096317 Error = 0.00e+00 FLOPS = 1.73e+10 Tdav = 0.02 T = 0.12
 --> Site =    7 .. Mmps =  256 Ndav =   1 E =   -193.1854096317 Error = 0.00e+00 FLOPS = 1.76e+10 Tdav = 0.06 T = 0.21
 --> Site =    8 .. Mmps =  512 Ndav =   1 E =   -193.1854096317 Error = 0.00e+00 FLOPS = 1.74e+10 Tdav = 0.19 T = 0.59
 --> Site =    9 .. Mmps =  550 Ndav =   2 E =   -193.1854096369 Error = 5.31e-26 FLOPS = 2.74e+10 Tdav = 0.78 T = 2.37
 --> Site =   10 .. Mmps =  550 Ndav =   2 E =   -193.1854096658 Error = 4.04e-26 FLOPS = 2.89e+10 Tdav = 0.90 T = 3.18
 --> Site =   11 .. Mmps =  550 Ndav =   2 E =   -193.1854097087 Error = 1.52e-24 FLOPS = 2.97e+10 Tdav = 0.94 T = 3.52
 --> Site =   12 .. Mmps =  550 Ndav =   3 E =   -193.1854099239 Error = 4.27e-24 FLOPS = 2.90e+10 Tdav = 1.55 T = 4.41
 --> Site =   13 .. Mmps =  550 Ndav =   4 E =   -193.1854102756 Error = 1.32e-21 FLOPS = 3.04e+10 Tdav = 2.10 T = 5.25
 --> Site =   14 .. Mmps =  550 Ndav =   4 E =   -193.1854108771 Error = 3.69e-21 FLOPS = 3.04e+10 Tdav = 2.23 T = 5.69
 --> Site =   15 .. Mmps =  550 Ndav =   4 E =   -193.1854114855 Error = 6.10e-21 FLOPS = 3.10e+10 Tdav = 2.32 T = 6.06
 --> Site =   16 .. Mmps =  550 Ndav =   5 E =   -193.1854123449 Error = 2.46e-21 FLOPS = 3.09e+10 Tdav = 3.07 T = 7.16
 --> Site =   17 .. Mmps =  550 Ndav =   5 E =   -193.1854131728 Error = 1.14e-20 FLOPS = 3.10e+10 Tdav = 3.22 T = 7.67
 --> Site =   18 .. Mmps =  550 Ndav =   5 E =   -193.1854140138 Error = 1.85e-21 FLOPS = 3.10e+10 Tdav = 3.38 T = 8.21
 --> Site =   19 .. Mmps =  550 Ndav =   5 E =   -193.1854147829 Error = 1.95e-21 FLOPS = 3.08e+10 Tdav = 3.57 T = 8.80
 --> Site =   20 .. Mmps =  550 Ndav =   5 E =   -193.1854157971 Error = 2.92e-21 FLOPS = 3.11e+10 Tdav = 3.69 T = 9.36
 --> Site =   21 .. Mmps =  550 Ndav =   5 E =   -193.1854165490 Error = 2.03e-20 FLOPS = 3.08e+10 Tdav = 3.89 T = 9.96
 --> Site =   22 .. Mmps =  550 Ndav =   5 E =   -193.1854174301 Error = 1.94e-21 FLOPS = 3.13e+10 Tdav = 3.99 T = 10.51
 --> Site =   23 .. Mmps =  550 Ndav =   5 E =   -193.1854182487 Error = 5.71e-21 FLOPS = 3.15e+10 Tdav = 4.13 T = 11.10
 --> Site =   24 .. Mmps =  550 Ndav =   5 E =   -193.1854194482 Error = 4.50e-21 FLOPS = 3.15e+10 Tdav = 4.28 T = 11.72
 --> Site =   25 .. Mmps =  550 Ndav =   5 E =   -193.1854204275 Error = 1.19e-19 FLOPS = 3.15e+10 Tdav = 4.43 T = 12.34
 --> Site =   26 .. Mmps =  550 Ndav =   5 E =   -193.1854215918 Error = 2.29e-20 FLOPS = 3.18e+10 Tdav = 4.55 T = 12.97
 --> Site =   27 .. Mmps =  550 Ndav =   5 E =   -193.1854234987 Error = 7.04e-20 FLOPS = 3.19e+10 Tdav = 4.70 T = 13.63
 --> Site =   28 .. Mmps =  550 Ndav =   6 E =   -193.1854263997 Error = 2.76e-21 FLOPS = 3.17e+10 Tdav = 5.85 T = 15.38
 --> Site =   29 .. Mmps =  550 Ndav =   6 E =   -193.1854287914 Error = 3.19e-20 FLOPS = 3.18e+10 Tdav = 6.03 T = 16.05
 --> Site =   30 .. Mmps =  550 Ndav =   7 E =   -193.1854323477 Error = 9.78e-21 FLOPS = 3.16e+10 Tdav = 7.29 T = 17.96
 --> Site =   31 .. Mmps =  550 Ndav =   7 E =   -193.1854348094 Error = 5.73e-20 FLOPS = 3.16e+10 Tdav = 7.52 T = 18.69
 --> Site =   32 .. Mmps =  550 Ndav =   7 E =   -193.1854383346 Error = 1.97e-20 FLOPS = 3.18e+10 Tdav = 7.69 T = 19.45
 --> Site =   33 .. Mmps =  550 Ndav =   7 E =   -193.1854408430 Error = 2.73e-20 FLOPS = 3.17e+10 Tdav = 7.95 T = 20.33
 --> Site =   34 .. Mmps =  550 Ndav =   7 E =   -193.1854438275 Error = 1.26e-20 FLOPS = 3.14e+10 Tdav = 8.22 T = 21.25
 --> Site =   35 .. Mmps =  550 Ndav =   7 E =   -193.1854457736 Error = 8.71e-20 FLOPS = 3.15e+10 Tdav = 8.43 T = 22.12
 --> Site =   36 .. Mmps =  550 Ndav =   6 E =   -193.1854476718 Error = 7.11e-21 FLOPS = 3.16e+10 Tdav = 7.38 T = 21.92
 --> Site =   37 .. Mmps =  550 Ndav =   5 E =   -193.1854484281 Error = 1.68e-19 FLOPS = 3.18e+10 Tdav = 6.28 T = 21.31
 --> Site =   38 .. Mmps =  550 Ndav =   5 E =   -193.1854494287 Error = 3.20e-20 FLOPS = 3.18e+10 Tdav = 6.43 T = 22.20
 --> Site =   39 .. Mmps =  550 Ndav =   5 E =   -193.1854501060 Error = 1.87e-20 FLOPS = 3.17e+10 Tdav = 6.61 T = 23.16
 --> Site =   40 .. Mmps =  550 Ndav =   6 E =   -193.1854518066 Error = 8.43e-21 FLOPS = 3.18e+10 Tdav = 8.10 T = 25.26
 --> Site =   41 .. Mmps =  550 Ndav =   6 E =   -193.1854532263 Error = 8.95e-20 FLOPS = 3.19e+10 Tdav = 8.27 T = 26.21
 --> Site =   42 .. Mmps =  550 Ndav =   7 E =   -193.1854556744 Error = 6.04e-20 FLOPS = 3.18e+10 Tdav = 9.89 T = 28.57
 --> Site =   43 .. Mmps =  550 Ndav =   6 E =   -193.1854571997 Error = 3.69e-20 FLOPS = 3.19e+10 Tdav = 8.26 T = 26.99
 --> Site =   44 .. Mmps =  550 Ndav =   7 E =   -193.1854596974 Error = 3.57e-20 FLOPS = 3.20e+10 Tdav = 9.83 T = 28.55
 --> Site =   45 .. Mmps =  550 Ndav =   6 E =   -193.1854610079 Error = 1.77e-19 FLOPS = 3.19e+10 Tdav = 8.64 T = 28.11
 --> Site =   46 .. Mmps =  550 Ndav =   7 E =   -193.1854635272 Error = 6.06e-20 FLOPS = 3.20e+10 Tdav = 10.04 T = 30.03
 --> Site =   47 .. Mmps =  550 Ndav =   7 E =   -193.1854647949 Error = 8.78e-20 FLOPS = 3.19e+10 Tdav = 10.31 T = 30.67
 --> Site =   48 .. Mmps =  550 Ndav =   6 E =   -193.1854666648 Error = 2.35e-20 FLOPS = 3.22e+10 Tdav = 8.91 T = 30.12
 --> Site =   49 .. Mmps =  550 Ndav =   7 E =   -193.1854677879 Error = 1.38e-19 FLOPS = 3.21e+10 Tdav = 10.44 T = 32.08
 --> Site =   50 .. Mmps =  550 Ndav =   6 E =   -193.1854693896 Error = 2.73e-20 FLOPS = 3.21e+10 Tdav = 9.14 T = 31.10
 --> Site =   51 .. Mmps =  550 Ndav =   6 E =   -193.1854701576 Error = 1.27e-19 FLOPS = 3.23e+10 Tdav = 9.08 T = 31.49
 --> Site =   52 .. Mmps =  550 Ndav =   5 E =   -193.1854709837 Error = 4.59e-20 FLOPS = 3.21e+10 Tdav = 7.78 T = 30.57
 --> Site =   53 .. Mmps =  550 Ndav =   5 E =   -193.1854721467 Error = 5.16e-20 FLOPS = 3.19e+10 Tdav = 7.98 T = 31.85
 --> Site =   54 .. Mmps =  550 Ndav =   7 E =   -193.1854748821 Error = 5.90e-21 FLOPS = 3.21e+10 Tdav = 11.10 T = 35.44
 --> Site =   55 .. Mmps =  550 Ndav =   6 E =   -193.1854764481 Error = 1.49e-19 FLOPS = 3.19e+10 Tdav = 9.58 T = 33.97
 --> Site =   56 .. Mmps =  550 Ndav =   7 E =   -193.1854797140 Error = 1.02e-20 FLOPS = 3.20e+10 Tdav = 11.14 T = 35.41
 --> Site =   57 .. Mmps =  550 Ndav =   7 E =   -193.1854817109 Error = 2.02e-19 FLOPS = 3.17e+10 Tdav = 11.25 T = 35.55
 --> Site =   58 .. Mmps =  550 Ndav =   7 E =   -193.1854855716 Error = 2.58e-20 FLOPS = 3.19e+10 Tdav = 11.18 T = 35.34
 --> Site =   59 .. Mmps =  550 Ndav =   8 E =   -193.1854876651 Error = 1.51e-19 FLOPS = 3.20e+10 Tdav = 12.73 T = 37.02
 --> Site =   60 .. Mmps =  550 Ndav =   8 E =   -193.1854910170 Error = 1.25e-20 FLOPS = 3.19e+10 Tdav = 13.00 T = 37.65
 --> Site =   61 .. Mmps =  550 Ndav =   6 E =   -193.1854925120 Error = 2.83e-19 FLOPS = 3.18e+10 Tdav = 9.99 T = 35.56
 --> Site =   62 .. Mmps =  550 Ndav =   6 E =   -193.1854943076 Error = 1.20e-20 FLOPS = 3.16e+10 Tdav = 10.04 T = 36.07
 --> Site =   63 .. Mmps =  550 Ndav =   5 E =   -193.1854950437 Error = 9.07e-20 FLOPS = 3.18e+10 Tdav = 8.47 T = 35.16
 --> Site =   64 .. Mmps =  550 Ndav =   5 E =   -193.1854958621 Error = 1.83e-20 FLOPS = 3.15e+10 Tdav = 8.56 T = 35.49
 --> Site =   65 .. Mmps =  550 Ndav =   5 E =   -193.1854964145 Error = 4.35e-20 FLOPS = 3.19e+10 Tdav = 8.45 T = 35.39
 --> Site =   66 .. Mmps =  550 Ndav =   6 E =   -193.1854979712 Error = 1.49e-20 FLOPS = 3.20e+10 Tdav = 10.11 T = 37.47
 --> Site =   67 .. Mmps =  550 Ndav =   6 E =   -193.1854993622 Error = 2.12e-19 FLOPS = 3.20e+10 Tdav = 10.11 T = 36.98
 --> Site =   68 .. Mmps =  550 Ndav =   7 E =   -193.1855021182 Error = 4.32e-20 FLOPS = 3.20e+10 Tdav = 11.78 T = 38.82
 --> Site =   69 .. Mmps =  550 Ndav =   6 E =   -193.1855037130 Error = 3.26e-20 FLOPS = 3.22e+10 Tdav = 10.04 T = 36.99
 --> Site =   70 .. Mmps =  550 Ndav =   7 E =   -193.1855067175 Error = 4.10e-20 FLOPS = 3.22e+10 Tdav = 11.71 T = 38.59
 --> Site =   71 .. Mmps =  550 Ndav =   7 E =   -193.1855082855 Error = 1.05e-19 FLOPS = 3.23e+10 Tdav = 11.67 T = 38.52
 --> Site =   72 .. Mmps =  550 Ndav =   7 E =   -193.1855109548 Error = 8.25e-21 FLOPS = 3.23e+10 Tdav = 11.67 T = 38.58
 --> Site =   73 .. Mmps =  550 Ndav =   7 E =   -193.1855123400 Error = 1.73e-19 FLOPS = 3.21e+10 Tdav = 11.77 T = 38.69
 --> Site =   74 .. Mmps =  550 Ndav =   6 E =   -193.1855143068 Error = 1.51e-20 FLOPS = 3.45e+10 Tdav = 9.56 T = 36.61
 --> Site =   75 .. Mmps =  550 Ndav =   7 E =   -193.1855153057 Error = 1.06e-19 FLOPS = 3.20e+10 Tdav = 12.00 T = 39.47
 --> Site =   76 .. Mmps =  550 Ndav =   6 E =   -193.1855167843 Error = 2.04e-20 FLOPS = 3.24e+10 Tdav = 9.98 T = 37.13
 --> Site =   77 .. Mmps =  550 Ndav =   6 E =   -193.1855175277 Error = 1.21e-19 FLOPS = 3.23e+10 Tdav = 10.21 T = 37.45
 --> Site =   78 .. Mmps =  550 Ndav =   5 E =   -193.1855183742 Error = 1.28e-20 FLOPS = 3.23e+10 Tdav = 8.34 T = 35.69
 --> Site =   79 .. Mmps =  550 Ndav =   5 E =   -193.1855195217 Error = 2.45e-19 FLOPS = 3.20e+10 Tdav = 8.57 T = 35.80
 --> Site =   80 .. Mmps =  550 Ndav =   7 E =   -193.1855221833 Error = 6.71e-21 FLOPS = 3.14e+10 Tdav = 12.26 T = 40.03
 --> Site =   81 .. Mmps =  550 Ndav =   6 E =   -193.1855239663 Error = 2.21e-19 FLOPS = 3.14e+10 Tdav = 10.31 T = 37.70
 --> Site =   82 .. Mmps =  550 Ndav =   8 E =   -193.1855276835 Error = 1.80e-20 FLOPS = 3.04e+10 Tdav = 14.19 T = 41.05
 --> Site =   83 .. Mmps =  550 Ndav =   7 E =   -193.1855298459 Error = 9.06e-20 FLOPS = 3.05e+10 Tdav = 12.36 T = 39.65
 --> Site =   84 .. Mmps =  550 Ndav =   8 E =   -193.1855341953 Error = 1.47e-20 FLOPS = 3.17e+10 Tdav = 13.59 T = 40.82
 --> Site =   85 .. Mmps =  550 Ndav =   7 E =   -193.1855364575 Error = 2.22e-19 FLOPS = 3.22e+10 Tdav = 11.71 T = 38.67
 --> Site =   86 .. Mmps =  550 Ndav =   8 E =   -193.1855399892 Error = 2.31e-20 FLOPS = 3.19e+10 Tdav = 13.53 T = 40.52
 --> Site =   87 .. Mmps =  550 Ndav =   7 E =   -193.1855417083 Error = 1.84e-19 FLOPS = 3.22e+10 Tdav = 11.95 T = 39.44
 --> Site =   88 .. Mmps =  550 Ndav =   6 E =   -193.1855436563 Error = 1.68e-20 FLOPS = 3.24e+10 Tdav = 10.16 T = 38.12
 --> Site =   89 .. Mmps =  550 Ndav =   5 E =   -193.1855442714 Error = 1.14e-19 FLOPS = 3.35e+10 Tdav = 8.20 T = 35.92
 --> Site =   90 .. Mmps =  550 Ndav =   5 E =   -193.1855450738 Error = 5.15e-20 FLOPS = 3.37e+10 Tdav = 8.13 T = 35.19
 --> Site =   91 .. Mmps =  550 Ndav =   5 E =   -193.1855456157 Error = 1.84e-20 FLOPS = 3.34e+10 Tdav = 8.06 T = 34.74
 --> Site =   92 .. Mmps =  550 Ndav =   6 E =   -193.1855472376 Error = 3.22e-20 FLOPS = 3.36e+10 Tdav = 9.81 T = 36.41
 --> Site =   93 .. Mmps =  550 Ndav =   6 E =   -193.1855486375 Error = 1.70e-19 FLOPS = 3.35e+10 Tdav = 9.84 T = 37.27
 --> Site =   94 .. Mmps =  550 Ndav =   7 E =   -193.1855514169 Error = 3.68e-20 FLOPS = 3.32e+10 Tdav = 11.35 T = 37.99
 --> Site =   95 .. Mmps =  550 Ndav =   6 E =   -193.1855531385 Error = 7.11e-20 FLOPS = 3.37e+10 Tdav = 9.60 T = 35.96
 --> Site =   96 .. Mmps =  550 Ndav =   7 E =   -193.1855563139 Error = 3.07e-20 FLOPS = 3.33e+10 Tdav = 11.32 T = 37.54
 --> Site =   97 .. Mmps =  550 Ndav =   7 E =   -193.1855579030 Error = 2.44e-19 FLOPS = 3.35e+10 Tdav = 11.28 T = 37.70
 --> Site =   98 .. Mmps =  550 Ndav =   7 E =   -193.1855606723 Error = 4.72e-20 FLOPS = 3.31e+10 Tdav = 11.38 T = 37.66
 --> Site =   99 .. Mmps =  550 Ndav =   7 E =   -193.1855621258 Error = 5.92e-20 FLOPS = 3.33e+10 Tdav = 11.34 T = 37.54
 --> Site =  100 .. Mmps =  550 Ndav =   6 E =   -193.1855640632 Error = 2.48e-20 FLOPS = 3.30e+10 Tdav = 9.80 T = 36.30
 --> Site =  101 .. Mmps =  550 Ndav =   7 E =   -193.1855650737 Error = 2.54e-19 FLOPS = 3.41e+10 Tdav = 11.08 T = 37.03
 --> Site =  102 .. Mmps =  550 Ndav =   6 E =   -193.1855666653 Error = 3.17e-20 FLOPS = 3.42e+10 Tdav = 9.45 T = 35.47
 --> Site =  103 .. Mmps =  550 Ndav =   6 E =   -193.1855674812 Error = 2.51e-19 FLOPS = 3.37e+10 Tdav = 9.42 T = 35.08
 --> Site =  104 .. Mmps =  550 Ndav =   5 E =   -193.1855684322 Error = 1.07e-20 FLOPS = 3.39e+10 Tdav = 7.81 T = 33.10
 --> Site =  105 .. Mmps =  550 Ndav =   5 E =   -193.1855697080 Error = 7.47e-20 FLOPS = 3.45e+10 Tdav = 7.68 T = 33.13
 --> Site =  106 .. Mmps =  550 Ndav =   7 E =   -193.1855725660 Error = 5.57e-21 FLOPS = 3.38e+10 Tdav = 10.76 T = 35.39
 --> Site =  107 .. Mmps =  550 Ndav =   6 E =   -193.1855742977 Error = 2.22e-19 FLOPS = 3.39e+10 Tdav = 9.01 T = 32.85
 --> Site =  108 .. Mmps =  550 Ndav =   7 E =   -193.1855781544 Error = 3.20e-20 FLOPS = 3.43e+10 Tdav = 10.38 T = 33.74
 --> Site =  109 .. Mmps =  550 Ndav =   7 E =   -193.1855803730 Error = 1.69e-19 FLOPS = 3.38e+10 Tdav = 10.56 T = 33.82
 --> Site =  110 .. Mmps =  550 Ndav =   8 E =   -193.1855850278 Error = 3.72e-20 FLOPS = 3.37e+10 Tdav = 12.10 T = 35.43
 --> Site =  111 .. Mmps =  550 Ndav =   8 E =   -193.1855871933 Error = 2.00e-19 FLOPS = 3.21e+10 Tdav = 12.71 T = 36.50
 --> Site =  112 .. Mmps =  550 Ndav =   7 E =   -193.1855903096 Error = 1.19e-20 FLOPS = 3.22e+10 Tdav = 11.06 T = 35.14
 --> Site =  113 .. Mmps =  550 Ndav =   6 E =   -193.1855918517 Error = 8.73e-20 FLOPS = 3.24e+10 Tdav = 9.44 T = 33.64
 --> Site =  114 .. Mmps =  550 Ndav =   6 E =   -193.1855936768 Error = 2.86e-20 FLOPS = 3.23e+10 Tdav = 9.44 T = 33.56
 --> Site =  115 .. Mmps =  550 Ndav =   5 E =   -193.1855942598 Error = 4.73e-19 FLOPS = 3.24e+10 Tdav = 7.70 T = 31.39
 --> Site =  116 .. Mmps =  550 Ndav =   5 E =   -193.1855949692 Error = 4.44e-21 FLOPS = 3.23e+10 Tdav = 7.56 T = 30.38
 --> Site =  117 .. Mmps =  550 Ndav =   5 E =   -193.1855954380 Error = 2.94e-20 FLOPS = 3.21e+10 Tdav = 7.63 T = 30.07
 --> Site =  118 .. Mmps =  550 Ndav =   6 E =   -193.1855966684 Error = 4.35e-20 FLOPS = 3.11e+10 Tdav = 9.23 T = 31.44
 --> Site =  119 .. Mmps =  550 Ndav =   6 E =   -193.1855978164 Error = 5.51e-20 FLOPS = 3.12e+10 Tdav = 9.02 T = 30.33
 --> Site =  120 .. Mmps =  550 Ndav =   6 E =   -193.1856001094 Error = 1.54e-20 FLOPS = 3.10e+10 Tdav = 9.08 T = 29.92
 --> Site =  121 .. Mmps =  550 Ndav =   6 E =   -193.1856014197 Error = 5.40e-20 FLOPS = 3.13e+10 Tdav = 8.81 T = 29.42
 --> Site =  122 .. Mmps =  550 Ndav =   7 E =   -193.1856043546 Error = 4.39e-20 FLOPS = 3.10e+10 Tdav = 10.37 T = 30.38
 --> Site =  123 .. Mmps =  550 Ndav =   7 E =   -193.1856058111 Error = 1.46e-19 FLOPS = 3.12e+10 Tdav = 10.09 T = 29.79
 --> Site =  124 .. Mmps =  550 Ndav =   7 E =   -193.1856083286 Error = 3.28e-20 FLOPS = 3.08e+10 Tdav = 9.99 T = 28.79
 --> Site =  125 .. Mmps =  550 Ndav =   7 E =   -193.1856095643 Error = 9.91e-20 FLOPS = 3.11e+10 Tdav = 9.89 T = 28.47
 --> Site =  126 .. Mmps =  550 Ndav =   6 E =   -193.1856113640 Error = 2.70e-20 FLOPS = 3.15e+10 Tdav = 8.36 T = 26.93
 --> Site =  127 .. Mmps =  550 Ndav =   6 E =   -193.1856123023 Error = 1.06e-19 FLOPS = 3.19e+10 Tdav = 8.07 T = 26.20
 --> Site =  128 .. Mmps =  550 Ndav =   6 E =   -193.1856137321 Error = 2.69e-20 FLOPS = 3.21e+10 Tdav = 7.83 T = 25.08
 --> Site =  129 .. Mmps =  550 Ndav =   6 E =   -193.1856143414 Error = 1.91e-19 FLOPS = 3.14e+10 Tdav = 7.83 T = 24.56
 --> Site =  130 .. Mmps =  550 Ndav =   5 E =   -193.1856152206 Error = 9.77e-21 FLOPS = 3.16e+10 Tdav = 6.32 T = 22.22
 --> Site =  131 .. Mmps =  550 Ndav =   5 E =   -193.1856162645 Error = 3.71e-20 FLOPS = 3.16e+10 Tdav = 6.16 T = 21.34
 --> Site =  132 .. Mmps =  550 Ndav =   7 E =   -193.1856189062 Error = 7.53e-21 FLOPS = 3.14e+10 Tdav = 8.45 T = 22.90
 --> Site =  133 .. Mmps =  550 Ndav =   6 E =   -193.1856206409 Error = 9.98e-20 FLOPS = 3.20e+10 Tdav = 6.92 T = 20.75
 --> Site =  134 .. Mmps =  550 Ndav =   7 E =   -193.1856239382 Error = 9.43e-21 FLOPS = 3.14e+10 Tdav = 8.02 T = 21.12
 --> Site =  135 .. Mmps =  550 Ndav =   7 E =   -193.1856258526 Error = 1.43e-19 FLOPS = 3.15e+10 Tdav = 7.75 T = 20.37
 --> Site =  136 .. Mmps =  550 Ndav =   7 E =   -193.1856292954 Error = 2.10e-20 FLOPS = 3.17e+10 Tdav = 7.49 T = 19.48
 --> Site =  137 .. Mmps =  550 Ndav =   7 E =   -193.1856307908 Error = 1.38e-19 FLOPS = 3.15e+10 Tdav = 7.33 T = 18.61
 --> Site =  138 .. Mmps =  550 Ndav =   7 E =   -193.1856328946 Error = 5.20e-20 FLOPS = 3.14e+10 Tdav = 7.12 T = 17.75
 --> Site =  139 .. Mmps =  550 Ndav =   6 E =   -193.1856336483 Error = 6.99e-20 FLOPS = 3.15e+10 Tdav = 5.89 T = 15.97
 --> Site =  140 .. Mmps =  550 Ndav =   5 E =   -193.1856344953 Error = 9.54e-21 FLOPS = 3.18e+10 Tdav = 4.71 T = 14.21
 --> Site =  141 .. Mmps =  550 Ndav =   4 E =   -193.1856347445 Error = 1.35e-19 FLOPS = 3.19e+10 Tdav = 3.63 T = 12.56
 --> Site =  142 .. Mmps =  550 Ndav =   4 E =   -193.1856349344 Error = 2.62e-21 FLOPS = 3.19e+10 Tdav = 3.51 T = 11.93
 --> Site =  143 .. Mmps =  550 Ndav =   3 E =   -193.1856350519 Error = 6.61e-21 FLOPS = 3.17e+10 Tdav = 2.55 T = 10.55
 --> Site =  144 .. Mmps =  550 Ndav =   4 E =   -193.1856353723 Error = 3.91e-20 FLOPS = 3.14e+10 Tdav = 3.31 T = 10.77
 --> Site =  145 .. Mmps =  550 Ndav =   4 E =   -193.1856355996 Error = 1.39e-19 FLOPS = 3.13e+10 Tdav = 3.19 T = 10.17
 --> Site =  146 .. Mmps =  550 Ndav =   5 E =   -193.1856360186 Error = 2.43e-20 FLOPS = 3.11e+10 Tdav = 3.85 T = 10.35
 --> Site =  147 .. Mmps =  550 Ndav =   4 E =   -193.1856362283 Error = 3.46e-20 FLOPS = 3.14e+10 Tdav = 2.93 T = 8.98
 --> Site =  148 .. Mmps =  550 Ndav =   4 E =   -193.1856365856 Error = 3.26e-20 FLOPS = 3.13e+10 Tdav = 2.80 T = 8.48
 --> Site =  149 .. Mmps =  550 Ndav =   4 E =   -193.1856367366 Error = 8.46e-20 FLOPS = 3.13e+10 Tdav = 2.68 T = 7.91
 --> Site =  150 .. Mmps =  550 Ndav =   4 E =   -193.1856369926 Error = 1.29e-20 FLOPS = 3.12e+10 Tdav = 2.56 T = 7.44
 --> Site =  151 .. Mmps =  550 Ndav =   3 E =   -193.1856370777 Error = 2.56e-20 FLOPS = 3.09e+10 Tdav = 1.84 T = 6.37
 --> Site =  152 .. Mmps =  550 Ndav =   3 E =   -193.1856371917 Error = 2.68e-21 FLOPS = 3.08e+10 Tdav = 1.75 T = 5.90
 --> Site =  153 .. Mmps =  550 Ndav =   3 E =   -193.1856372439 Error = 4.71e-21 FLOPS = 2.99e+10 Tdav = 1.70 T = 5.50
 --> Site =  154 .. Mmps =  550 Ndav =   3 E =   -193.1856373101 Error = 3.57e-20 FLOPS = 3.08e+10 Tdav = 1.55 T = 4.97
 --> Site =  155 .. Mmps =  550 Ndav =   3 E =   -193.1856373362 Error = 1.35e-20 FLOPS = 2.98e+10 Tdav = 1.51 T = 4.72
 --> Site =  156 .. Mmps =  550 Ndav =   2 E =   -193.1856373576 Error = 1.61e-18 FLOPS = 3.00e+10 Tdav = 0.93 T = 3.78
 --> Site =  157 .. Mmps =  550 Ndav =   2 E =   -193.1856373660 Error = 3.63e-20 FLOPS = 2.97e+10 Tdav = 0.87 T = 3.45
 --> Site =  158 .. Mmps =  550 Ndav =   2 E =   -193.1856373702 Error = 4.05e-19 FLOPS = 2.82e+10 Tdav = 0.85 T = 3.18
 --> Site =  159 .. Mmps =  550 Ndav =   1 E =   -193.1856373702 Error = 4.10e-26 FLOPS = 2.74e+10 Tdav = 0.36 T = 2.54
 --> Site =  160 .. Mmps =  550 Ndav =   1 E =   -193.1856373702 Error = 4.81e-33 FLOPS = 2.47e+10 Tdav = 0.15 T = 1.96
 --> Site =  161 .. Mmps =  550 Ndav =   1 E =   -193.1856373702 Error = 2.13e-58 FLOPS = 2.19e+10 Tdav = 0.07 T = 1.64
 --> Site =  162 .. Mmps =  550 Ndav =   1 E =   -193.1856373702 Error = 4.14e-84 FLOPS = 2.01e+10 Tdav = 0.03 T = 1.40
 --> Site =  163 .. Mmps =  550 Ndav =   1 E =   -193.1856373702 Error = 3.18e-109 FLOPS = 1.61e+10 Tdav = 0.02 T = 1.26
 --> Site =  164 .. Mmps =  550 Ndav =   1 E =   -193.1856373702 Error = 1.98e-132 FLOPS = 1.26e+10 Tdav = 0.01 T = 1.09
 --> Site =  165 .. Mmps =  550 Ndav =   1 E =   -193.1856373702 Error = 8.77e-156 FLOPS = 7.44e+09 Tdav = 0.01 T = 0.90
 --> Site =  166 .. Mmps =  550 Ndav =   1 E =   -193.1856373702 Error = 2.56e-181 FLOPS = 3.92e+09 Tdav = 0.00 T = 0.68
 --> Site =  167 .. Mmps =  550 Ndav =   1 E =   -193.1856373702 Error = 2.72e-205 FLOPS = 2.21e+09 Tdav = 0.00 T = 0.56
 --> Site =  168 .. Mmps =  550 Ndav =   1 E =   -193.1856373702 Error = 6.73e-231 FLOPS = 1.86e+09 Tdav = 0.00 T = 0.40
Time elapsed =  12959.390 | E =    -193.1856373702 | DE = -2.28e-04 | DW = 1.61410e-18
Time sweep =     3838.869 | 34.0 TFLOP/SWP
 | Dmem = 134 MB (3%) | Imem = 232 B (79%) | Hmem = 637 MB | Wmem = 4.62 MB | Pmem = 0 B
 | Tread = 84.706 | Twrite = 35.056 | Tfpread = 83.110 | Tfpwrite = 24.357 | Tmporead = 0.000 | Tasync = 0.000
 | data = 14.5 GB | cpsd = 10.9 GB
 | Trot = 197.887 | Tctr = 1.637 | Tint = 0.030 | Tmid = 0.000 | Tdctr = 65.290 | Tdiag = 2.487 | Tinfo = 2.213
 | Teff = 2376.281 | Tprt = 0.000 | Teig = 1164.695 | Tblk = 3600.656 | Tmve = 238.196 | Tdm = 3.053 | Tsplt = 44.801 | Tsvd = 0.000 | Torth = 0.000

Sweep =    9 | Direction = backward | Bond dimension =  550 | Noise =  0.00e+00 | Dav threshold =  1.00e-07
 <-- Site =  168 .. Mmps =    2 Ndav =   1 E =   -193.1856373702 Error = 0.00e+00 FLOPS = 1.78e+09 Tdav = 0.00 T = 0.03
 <-- Site =  167 .. Mmps =    4 Ndav =   1 E =   -193.1856373702 Error = 0.00e+00 FLOPS = 2.24e+09 Tdav = 0.00 T = 0.12
 <-- Site =  166 .. Mmps =    8 Ndav =   1 E =   -193.1856373702 Error = 0.00e+00 FLOPS = 4.30e+09 Tdav = 0.00 T = 0.19
 <-- Site =  165 .. Mmps =   16 Ndav =   1 E =   -193.1856373702 Error = 0.00e+00 FLOPS = 7.17e+09 Tdav = 0.01 T = 0.27
 <-- Site =  164 .. Mmps =   32 Ndav =   1 E =   -193.1856373702 Error = 0.00e+00 FLOPS = 1.25e+10 Tdav = 0.01 T = 0.40
 <-- Site =  163 .. Mmps =   64 Ndav =   1 E =   -193.1856373702 Error = 0.00e+00 FLOPS = 1.63e+10 Tdav = 0.02 T = 0.50
 <-- Site =  162 .. Mmps =  128 Ndav =   1 E =   -193.1856373702 Error = 0.00e+00 FLOPS = 1.98e+10 Tdav = 0.03 T = 0.66
 <-- Site =  161 .. Mmps =  256 Ndav =   1 E =   -193.1856373702 Error = 0.00e+00 FLOPS = 2.19e+10 Tdav = 0.07 T = 0.88
 <-- Site =  160 .. Mmps =  507 Ndav =   1 E =   -193.1856373702 Error = 0.00e+00 FLOPS = 2.48e+10 Tdav = 0.15 T = 1.19
 <-- Site =  159 .. Mmps =  550 Ndav =   1 E =   -193.1856373702 Error = 2.66e-26 FLOPS = 2.63e+10 Tdav = 0.37 T = 1.97
 <-- Site =  158 .. Mmps =  550 Ndav =   1 E =   -193.1856373702 Error = 9.36e-22 FLOPS = 2.80e+10 Tdav = 0.43 T = 2.75
 <-- Site =  157 .. Mmps =  550 Ndav =   1 E =   -193.1856373702 Error = 3.58e-25 FLOPS = 2.78e+10 Tdav = 0.47 T = 3.11
 <-- Site =  156 .. Mmps =  550 Ndav =   1 E =   -193.1856373702 Error = 7.51e-21 FLOPS = 2.81e+10 Tdav = 0.50 T = 3.42
 <-- Site =  155 .. Mmps =  550 Ndav =   1 E =   -193.1856373702 Error = 1.15e-22 FLOPS = 2.91e+10 Tdav = 0.51 T = 3.76
 <-- Site =  154 .. Mmps =  550 Ndav =   1 E =   -193.1856373702 Error = 1.18e-18 FLOPS = 2.88e+10 Tdav = 0.55 T = 4.12
 <-- Site =  153 .. Mmps =  550 Ndav =   1 E =   -193.1856373702 Error = 7.24e-22 FLOPS = 2.78e+10 Tdav = 0.61 T = 4.52
 <-- Site =  152 .. Mmps =  550 Ndav =   1 E =   -193.1856373702 Error = 9.73e-19 FLOPS = 2.68e+10 Tdav = 0.67 T = 4.96
 <-- Site =  151 .. Mmps =  550 Ndav =   1 E =   -193.1856373702 Error = 3.87e-21 FLOPS = 2.82e+10 Tdav = 0.67 T = 5.35
 <-- Site =  150 .. Mmps =  550 Ndav =   1 E =   -193.1856373702 Error = 4.41e-19 FLOPS = 2.68e+10 Tdav = 0.75 T = 5.79
 <-- Site =  149 .. Mmps =  550 Ndav =   1 E =   -193.1856373702 Error = 1.02e-20 FLOPS = 2.90e+10 Tdav = 0.72 T = 6.19
 <-- Site =  148 .. Mmps =  550 Ndav =   1 E =   -193.1856373702 Error = 6.50e-19 FLOPS = 2.88e+10 Tdav = 0.76 T = 6.73
 <-- Site =  147 .. Mmps =  550 Ndav =   1 E =   -193.1856373702 Error = 2.81e-21 FLOPS = 2.91e+10 Tdav = 0.79 T = 7.19
 <-- Site =  146 .. Mmps =  550 Ndav =   1 E =   -193.1856373702 Error = 5.16e-19 FLOPS = 2.89e+10 Tdav = 0.83 T = 7.71
 <-- Site =  145 .. Mmps =  550 Ndav =   1 E =   -193.1856373702 Error = 6.54e-21 FLOPS = 2.91e+10 Tdav = 0.86 T = 8.19
 <-- Site =  144 .. Mmps =  550 Ndav =   1 E =   -193.1856373702 Error = 1.73e-18 FLOPS = 2.91e+10 Tdav = 0.89 T = 8.70
 <-- Site =  143 .. Mmps =  550 Ndav =   1 E =   -193.1856373702 Error = 1.52e-19 FLOPS = 2.97e+10 Tdav = 0.91 T = 9.21
 <-- Site =  142 .. Mmps =  550 Ndav =   1 E =   -193.1856373702 Error = 6.97e-19 FLOPS = 2.97e+10 Tdav = 0.94 T = 9.84
 <-- Site =  141 .. Mmps =  550 Ndav =   1 E =   -193.1856373702 Error = 6.54e-21 FLOPS = 2.98e+10 Tdav = 0.97 T = 10.52
 <-- Site =  140 .. Mmps =  550 Ndav =   2 E =   -193.1856373754 Error = 1.39e-18 FLOPS = 3.11e+10 Tdav = 1.93 T = 11.91
 <-- Site =  139 .. Mmps =  550 Ndav =   1 E =   -193.1856373754 Error = 2.06e-20 FLOPS = 3.02e+10 Tdav = 1.02 T = 11.68
 <-- Site =  138 .. Mmps =  550 Ndav =   2 E =   -193.1856373810 Error = 1.66e-18 FLOPS = 2.99e+10 Tdav = 2.14 T = 13.41
 <-- Site =  137 .. Mmps =  550 Ndav =   1 E =   -193.1856373810 Error = 2.19e-20 FLOPS = 2.80e+10 Tdav = 1.18 T = 13.01
 <-- Site =  136 .. Mmps =  550 Ndav =   2 E =   -193.1856373893 Error = 9.43e-19 FLOPS = 3.19e+10 Tdav = 2.13 T = 14.67
 <-- Site =  135 .. Mmps =  550 Ndav =   2 E =   -193.1856373941 Error = 2.34e-20 FLOPS = 3.13e+10 Tdav = 2.23 T = 15.43
 <-- Site =  134 .. Mmps =  550 Ndav =   2 E =   -193.1856374028 Error = 2.32e-18 FLOPS = 3.18e+10 Tdav = 2.26 T = 16.06
 <-- Site =  133 .. Mmps =  550 Ndav =   2 E =   -193.1856374084 Error = 4.05e-20 FLOPS = 3.16e+10 Tdav = 2.34 T = 16.90
 <-- Site =  132 .. Mmps =  550 Ndav =   2 E =   -193.1856374186 Error = 1.46e-18 FLOPS = 3.14e+10 Tdav = 2.41 T = 17.74
 <-- Site =  131 .. Mmps =  550 Ndav =   2 E =   -193.1856374236 Error = 1.16e-20 FLOPS = 3.20e+10 Tdav = 2.43 T = 18.35
 <-- Site =  130 .. Mmps =  550 Ndav =   2 E =   -193.1856374319 Error = 1.18e-18 FLOPS = 3.19e+10 Tdav = 2.50 T = 19.26
 <-- Site =  129 .. Mmps =  550 Ndav =   2 E =   -193.1856374379 Error = 7.13e-21 FLOPS = 3.11e+10 Tdav = 2.63 T = 20.39
 <-- Site =  128 .. Mmps =  550 Ndav =   2 E =   -193.1856374502 Error = 5.77e-18 FLOPS = 3.17e+10 Tdav = 2.64 T = 20.99
 <-- Site =  127 .. Mmps =  550 Ndav =   2 E =   -193.1856374596 Error = 4.06e-20 FLOPS = 3.18e+10 Tdav = 2.70 T = 21.74
 <-- Site =  126 .. Mmps =  550 Ndav =   3 E =   -193.1856374848 Error = 2.16e-18 FLOPS = 3.21e+10 Tdav = 4.10 T = 23.67
 <-- Site =  125 .. Mmps =  550 Ndav =   2 E =   -193.1856374966 Error = 4.15e-20 FLOPS = 3.17e+10 Tdav = 2.77 T = 22.37
 <-- Site =  124 .. Mmps =  550 Ndav =   2 E =   -193.1856375188 Error = 3.17e-18 FLOPS = 3.17e+10 Tdav = 2.77 T = 22.78
 <-- Site =  123 .. Mmps =  550 Ndav =   2 E =   -193.1856375312 Error = 5.65e-20 FLOPS = 3.23e+10 Tdav = 2.78 T = 23.66
 <-- Site =  122 .. Mmps =  550 Ndav =   2 E =   -193.1856375483 Error = 2.36e-18 FLOPS = 3.20e+10 Tdav = 2.87 T = 24.07
 <-- Site =  121 .. Mmps =  550 Ndav =   2 E =   -193.1856375593 Error = 4.58e-20 FLOPS = 3.20e+10 Tdav = 2.87 T = 24.46
 <-- Site =  120 .. Mmps =  550 Ndav =   2 E =   -193.1856375756 Error = 2.36e-18 FLOPS = 3.23e+10 Tdav = 2.91 T = 24.92
 <-- Site =  119 .. Mmps =  550 Ndav =   2 E =   -193.1856375846 Error = 3.47e-20 FLOPS = 3.23e+10 Tdav = 2.91 T = 25.31
 <-- Site =  118 .. Mmps =  550 Ndav =   2 E =   -193.1856375995 Error = 1.93e-18 FLOPS = 3.18e+10 Tdav = 3.02 T = 26.30
 <-- Site =  117 .. Mmps =  550 Ndav =   2 E =   -193.1856376051 Error = 2.46e-19 FLOPS = 3.23e+10 Tdav = 3.03 T = 26.84
 <-- Site =  116 .. Mmps =  550 Ndav =   2 E =   -193.1856376109 Error = 9.42e-19 FLOPS = 3.12e+10 Tdav = 3.14 T = 27.33
 <-- Site =  115 .. Mmps =  550 Ndav =   2 E =   -193.1856376175 Error = 2.13e-20 FLOPS = 3.23e+10 Tdav = 3.09 T = 28.18
 <-- Site =  114 .. Mmps =  550 Ndav =   2 E =   -193.1856376353 Error = 2.66e-18 FLOPS = 3.07e+10 Tdav = 3.32 T = 28.93
 <-- Site =  113 .. Mmps =  550 Ndav =   2 E =   -193.1856376461 Error = 7.33e-20 FLOPS = 3.24e+10 Tdav = 3.15 T = 28.91
 <-- Site =  112 .. Mmps =  550 Ndav =   3 E =   -193.1856376762 Error = 3.07e-18 FLOPS = 3.13e+10 Tdav = 4.88 T = 30.64
 <-- Site =  111 .. Mmps =  550 Ndav =   2 E =   -193.1856376904 Error = 5.90e-20 FLOPS = 3.10e+10 Tdav = 3.29 T = 29.11
 <-- Site =  110 .. Mmps =  550 Ndav =   2 E =   -193.1856377160 Error = 2.28e-18 FLOPS = 3.12e+10 Tdav = 3.26 T = 29.07
 <-- Site =  109 .. Mmps =  550 Ndav =   2 E =   -193.1856377318 Error = 4.73e-20 FLOPS = 3.11e+10 Tdav = 3.27 T = 29.18
 <-- Site =  108 .. Mmps =  550 Ndav =   2 E =   -193.1856377542 Error = 3.93e-18 FLOPS = 3.22e+10 Tdav = 3.16 T = 29.12
 <-- Site =  107 .. Mmps =  550 Ndav =   2 E =   -193.1856377667 Error = 8.03e-20 FLOPS = 3.07e+10 Tdav = 3.31 T = 29.56
 <-- Site =  106 .. Mmps =  550 Ndav =   2 E =   -193.1856377834 Error = 2.78e-18 FLOPS = 3.10e+10 Tdav = 3.35 T = 30.69
 <-- Site =  105 .. Mmps =  550 Ndav =   2 E =   -193.1856377916 Error = 2.08e-20 FLOPS = 3.17e+10 Tdav = 3.33 T = 30.98
 <-- Site =  104 .. Mmps =  550 Ndav =   2 E =   -193.1856378033 Error = 7.18e-19 FLOPS = 3.22e+10 Tdav = 3.28 T = 31.06
 <-- Site =  103 .. Mmps =  550 Ndav =   2 E =   -193.1856378113 Error = 1.07e-20 FLOPS = 3.18e+10 Tdav = 3.32 T = 31.40
 <-- Site =  102 .. Mmps =  550 Ndav =   2 E =   -193.1856378280 Error = 2.02e-18 FLOPS = 3.21e+10 Tdav = 3.36 T = 32.08
 <-- Site =  101 .. Mmps =  550 Ndav =   2 E =   -193.1856378400 Error = 2.65e-20 FLOPS = 3.21e+10 Tdav = 3.35 T = 32.09
 <-- Site =  100 .. Mmps =  550 Ndav =   3 E =   -193.1856378739 Error = 1.36e-18 FLOPS = 3.24e+10 Tdav = 4.98 T = 33.78
 <-- Site =   99 .. Mmps =  550 Ndav =   2 E =   -193.1856378889 Error = 5.12e-20 FLOPS = 3.25e+10 Tdav = 3.32 T = 32.01
 <-- Site =   98 .. Mmps =  550 Ndav =   3 E =   -193.1856379228 Error = 2.60e-18 FLOPS = 3.17e+10 Tdav = 5.10 T = 33.76
 <-- Site =   97 .. Mmps =  550 Ndav =   2 E =   -193.1856379374 Error = 4.82e-20 FLOPS = 3.17e+10 Tdav = 3.41 T = 32.19
 <-- Site =   96 .. Mmps =  550 Ndav =   2 E =   -193.1856379590 Error = 1.09e-18 FLOPS = 3.17e+10 Tdav = 3.40 T = 32.23
 <-- Site =   95 .. Mmps =  550 Ndav =   2 E =   -193.1856379729 Error = 4.43e-20 FLOPS = 3.24e+10 Tdav = 3.33 T = 32.19
 <-- Site =   94 .. Mmps =  550 Ndav =   2 E =   -193.1856379930 Error = 2.20e-18 FLOPS = 3.20e+10 Tdav = 3.36 T = 32.39
 <-- Site =   93 .. Mmps =  550 Ndav =   2 E =   -193.1856380047 Error = 3.74e-20 FLOPS = 3.25e+10 Tdav = 3.38 T = 32.84
 <-- Site =   92 .. Mmps =  550 Ndav =   2 E =   -193.1856380233 Error = 1.88e-18 FLOPS = 3.05e+10 Tdav = 3.60 T = 32.69
 <-- Site =   91 .. Mmps =  550 Ndav =   2 E =   -193.1856380301 Error = 2.95e-19 FLOPS = 3.05e+10 Tdav = 3.53 T = 32.70
 <-- Site =   90 .. Mmps =  550 Ndav =   2 E =   -193.1856380370 Error = 7.25e-19 FLOPS = 3.04e+10 Tdav = 3.61 T = 33.30
 <-- Site =   89 .. Mmps =  550 Ndav =   2 E =   -193.1856380446 Error = 2.40e-20 FLOPS = 3.08e+10 Tdav = 3.57 T = 33.27
 <-- Site =   88 .. Mmps =  550 Ndav =   3 E =   -193.1856380693 Error = 2.45e-18 FLOPS = 3.05e+10 Tdav = 5.41 T = 35.18
 <-- Site =   87 .. Mmps =  550 Ndav =   2 E =   -193.1856380806 Error = 5.24e-20 FLOPS = 3.06e+10 Tdav = 3.59 T = 32.89
 <-- Site =   86 .. Mmps =  550 Ndav =   3 E =   -193.1856381117 Error = 2.18e-18 FLOPS = 3.12e+10 Tdav = 5.19 T = 34.14
 <-- Site =   85 .. Mmps =  550 Ndav =   2 E =   -193.1856381285 Error = 5.54e-20 FLOPS = 3.03e+10 Tdav = 3.55 T = 32.26
 <-- Site =   84 .. Mmps =  550 Ndav =   2 E =   -193.1856381584 Error = 1.80e-18 FLOPS = 3.06e+10 Tdav = 3.52 T = 32.35
 <-- Site =   83 .. Mmps =  550 Ndav =   2 E =   -193.1856381751 Error = 3.58e-20 FLOPS = 3.07e+10 Tdav = 3.51 T = 32.21
 <-- Site =   82 .. Mmps =  550 Ndav =   2 E =   -193.1856381979 Error = 3.41e-18 FLOPS = 3.06e+10 Tdav = 3.52 T = 32.20
 <-- Site =   81 .. Mmps =  550 Ndav =   2 E =   -193.1856382102 Error = 5.16e-20 FLOPS = 3.05e+10 Tdav = 3.53 T = 32.65
 <-- Site =   80 .. Mmps =  550 Ndav =   2 E =   -193.1856382275 Error = 2.40e-18 FLOPS = 3.07e+10 Tdav = 3.58 T = 33.22
 <-- Site =   79 .. Mmps =  550 Ndav =   2 E =   -193.1856382357 Error = 4.26e-20 FLOPS = 3.07e+10 Tdav = 3.57 T = 32.78
 <-- Site =   78 .. Mmps =  550 Ndav =   2 E =   -193.1856382473 Error = 1.06e-18 FLOPS = 3.08e+10 Tdav = 3.51 T = 32.65
 <-- Site =   77 .. Mmps =  550 Ndav =   2 E =   -193.1856382553 Error = 1.69e-20 FLOPS = 3.09e+10 Tdav = 3.56 T = 32.77
 <-- Site =   76 .. Mmps =  550 Ndav =   2 E =   -193.1856382718 Error = 5.37e-19 FLOPS = 3.08e+10 Tdav = 3.50 T = 32.65
 <-- Site =   75 .. Mmps =  550 Ndav =   2 E =   -193.1856382834 Error = 3.25e-20 FLOPS = 3.10e+10 Tdav = 3.54 T = 33.08
 <-- Site =   74 .. Mmps =  550 Ndav =   3 E =   -193.1856383166 Error = 2.79e-18 FLOPS = 3.16e+10 Tdav = 5.22 T = 34.38
 <-- Site =   73 .. Mmps =  550 Ndav =   2 E =   -193.1856383314 Error = 4.11e-20 FLOPS = 3.09e+10 Tdav = 3.48 T = 32.17
 <-- Site =   72 .. Mmps =  550 Ndav =   3 E =   -193.1856383646 Error = 1.20e-18 FLOPS = 3.16e+10 Tdav = 5.12 T = 33.73
 <-- Site =   71 .. Mmps =  550 Ndav =   2 E =   -193.1856383789 Error = 5.46e-20 FLOPS = 3.10e+10 Tdav = 3.48 T = 32.13
 <-- Site =   70 .. Mmps =  550 Ndav =   3 E =   -193.1856384058 Error = 9.39e-19 FLOPS = 3.16e+10 Tdav = 5.11 T = 33.73
 <-- Site =   69 .. Mmps =  550 Ndav =   2 E =   -193.1856384187 Error = 3.45e-20 FLOPS = 3.10e+10 Tdav = 3.48 T = 32.13
 <-- Site =   68 .. Mmps =  550 Ndav =   2 E =   -193.1856384392 Error = 1.69e-18 FLOPS = 3.08e+10 Tdav = 3.50 T = 32.29
 <-- Site =   67 .. Mmps =  550 Ndav =   2 E =   -193.1856384511 Error = 4.04e-20 FLOPS = 3.05e+10 Tdav = 3.54 T = 32.21
 <-- Site =   66 .. Mmps =  550 Ndav =   2 E =   -193.1856384708 Error = 2.25e-18 FLOPS = 3.08e+10 Tdav = 3.50 T = 32.28
 <-- Site =   65 .. Mmps =  550 Ndav =   2 E =   -193.1856384778 Error = 2.37e-19 FLOPS = 3.11e+10 Tdav = 3.47 T = 32.11
 <-- Site =   64 .. Mmps =  550 Ndav =   2 E =   -193.1856384843 Error = 4.95e-19 FLOPS = 3.11e+10 Tdav = 3.47 T = 32.06
 <-- Site =   63 .. Mmps =  550 Ndav =   2 E =   -193.1856384918 Error = 2.64e-20 FLOPS = 3.10e+10 Tdav = 3.48 T = 31.70
 <-- Site =   62 .. Mmps =  550 Ndav =   2 E =   -193.1856385121 Error = 1.84e-18 FLOPS = 3.10e+10 Tdav = 3.42 T = 31.07
 <-- Site =   61 .. Mmps =  550 Ndav =   2 E =   -193.1856385248 Error = 4.83e-20 FLOPS = 3.18e+10 Tdav = 3.33 T = 30.51
 <-- Site =   60 .. Mmps =  550 Ndav =   3 E =   -193.1856385567 Error = 2.50e-18 FLOPS = 3.24e+10 Tdav = 4.80 T = 31.11
 <-- Site =   59 .. Mmps =  550 Ndav =   2 E =   -193.1856385721 Error = 4.89e-20 FLOPS = 3.19e+10 Tdav = 3.19 T = 28.95
 <-- Site =   58 .. Mmps =  550 Ndav =   2 E =   -193.1856386006 Error = 3.24e-18 FLOPS = 3.15e+10 Tdav = 3.23 T = 28.98
 <-- Site =   57 .. Mmps =  550 Ndav =   2 E =   -193.1856386163 Error = 4.84e-20 FLOPS = 3.16e+10 Tdav = 3.22 T = 28.97
 <-- Site =   56 .. Mmps =  550 Ndav =   2 E =   -193.1856386384 Error = 4.34e-18 FLOPS = 3.16e+10 Tdav = 3.22 T = 29.01
 <-- Site =   55 .. Mmps =  550 Ndav =   2 E =   -193.1856386499 Error = 7.71e-20 FLOPS = 3.22e+10 Tdav = 3.16 T = 28.92
 <-- Site =   54 .. Mmps =  550 Ndav =   2 E =   -193.1856386652 Error = 2.13e-18 FLOPS = 3.23e+10 Tdav = 3.15 T = 28.91
 <-- Site =   53 .. Mmps =  550 Ndav =   2 E =   -193.1856386726 Error = 1.69e-20 FLOPS = 3.23e+10 Tdav = 3.15 T = 28.50
 <-- Site =   52 .. Mmps =  550 Ndav =   2 E =   -193.1856386830 Error = 6.21e-19 FLOPS = 3.22e+10 Tdav = 3.10 T = 27.54
 <-- Site =   51 .. Mmps =  550 Ndav =   2 E =   -193.1856386902 Error = 1.22e-20 FLOPS = 3.21e+10 Tdav = 3.05 T = 26.96
 <-- Site =   50 .. Mmps =  550 Ndav =   2 E =   -193.1856387045 Error = 2.94e-18 FLOPS = 3.20e+10 Tdav = 3.06 T = 26.55
 <-- Site =   49 .. Mmps =  550 Ndav =   2 E =   -193.1856387148 Error = 4.04e-20 FLOPS = 3.21e+10 Tdav = 2.99 T = 25.95
 <-- Site =   48 .. Mmps =  550 Ndav =   3 E =   -193.1856387443 Error = 2.42e-18 FLOPS = 3.24e+10 Tdav = 4.43 T = 26.97
 <-- Site =   47 .. Mmps =  550 Ndav =   2 E =   -193.1856387573 Error = 4.01e-20 FLOPS = 3.21e+10 Tdav = 2.93 T = 24.62
 <-- Site =   46 .. Mmps =  550 Ndav =   3 E =   -193.1856387872 Error = 1.63e-18 FLOPS = 3.21e+10 Tdav = 4.29 T = 25.66
 <-- Site =   45 .. Mmps =  550 Ndav =   2 E =   -193.1856388004 Error = 5.10e-20 FLOPS = 3.18e+10 Tdav = 2.88 T = 23.75
 <-- Site =   44 .. Mmps =  550 Ndav =   2 E =   -193.1856388194 Error = 2.46e-18 FLOPS = 3.15e+10 Tdav = 2.85 T = 22.90
 <-- Site =   43 .. Mmps =  550 Ndav =   2 E =   -193.1856388306 Error = 3.27e-20 FLOPS = 3.15e+10 Tdav = 2.79 T = 22.81
 <-- Site =   42 .. Mmps =  550 Ndav =   2 E =   -193.1856388465 Error = 1.20e-18 FLOPS = 3.18e+10 Tdav = 2.82 T = 22.86
 <-- Site =   41 .. Mmps =  550 Ndav =   2 E =   -193.1856388558 Error = 3.09e-20 FLOPS = 3.16e+10 Tdav = 2.78 T = 22.15
 <-- Site =   40 .. Mmps =  550 Ndav =   2 E =   -193.1856388713 Error = 2.63e-18 FLOPS = 3.16e+10 Tdav = 2.72 T = 21.20
 <-- Site =   39 .. Mmps =  550 Ndav =   2 E =   -193.1856388769 Error = 8.80e-19 FLOPS = 3.16e+10 Tdav = 2.65 T = 20.35
 <-- Site =   38 .. Mmps =  550 Ndav =   2 E =   -193.1856388837 Error = 1.19e-19 FLOPS = 3.13e+10 Tdav = 2.62 T = 19.51
 <-- Site =   37 .. Mmps =  550 Ndav =   2 E =   -193.1856388917 Error = 3.43e-20 FLOPS = 3.15e+10 Tdav = 2.54 T = 18.77
 <-- Site =   36 .. Mmps =  550 Ndav =   3 E =   -193.1856389177 Error = 2.17e-18 FLOPS = 3.20e+10 Tdav = 3.65 T = 19.03
 <-- Site =   35 .. Mmps =  550 Ndav =   2 E =   -193.1856389301 Error = 4.86e-20 FLOPS = 3.15e+10 Tdav = 2.41 T = 17.02
 <-- Site =   34 .. Mmps =  550 Ndav =   2 E =   -193.1856389560 Error = 1.83e-18 FLOPS = 3.13e+10 Tdav = 2.36 T = 16.35
 <-- Site =   33 .. Mmps =  550 Ndav =   2 E =   -193.1856389718 Error = 4.97e-20 FLOPS = 3.20e+10 Tdav = 2.25 T = 15.47
 <-- Site =   32 .. Mmps =  550 Ndav =   2 E =   -193.1856389959 Error = 1.44e-18 FLOPS = 3.20e+10 Tdav = 2.18 T = 14.82
 <-- Site =   31 .. Mmps =  550 Ndav =   2 E =   -193.1856390081 Error = 3.88e-20 FLOPS = 3.19e+10 Tdav = 2.13 T = 14.16
 <-- Site =   30 .. Mmps =  550 Ndav =   2 E =   -193.1856390232 Error = 1.34e-18 FLOPS = 3.18e+10 Tdav = 2.07 T = 13.39
 <-- Site =   29 .. Mmps =  550 Ndav =   2 E =   -193.1856390316 Error = 9.39e-20 FLOPS = 3.18e+10 Tdav = 2.01 T = 12.76
 <-- Site =   28 .. Mmps =  550 Ndav =   2 E =   -193.1856390412 Error = 2.03e-18 FLOPS = 3.18e+10 Tdav = 1.95 T = 12.07
 <-- Site =   27 .. Mmps =  550 Ndav =   2 E =   -193.1856390463 Error = 3.70e-20 FLOPS = 3.16e+10 Tdav = 1.89 T = 11.42
 <-- Site =   26 .. Mmps =  550 Ndav =   2 E =   -193.1856390527 Error = 6.35e-19 FLOPS = 3.15e+10 Tdav = 1.84 T = 10.83
 <-- Site =   25 .. Mmps =  550 Ndav =   2 E =   -193.1856390583 Error = 6.54e-21 FLOPS = 3.16e+10 Tdav = 1.77 T = 10.21
 <-- Site =   24 .. Mmps =  550 Ndav =   2 E =   -193.1856390690 Error = 7.41e-18 FLOPS = 3.16e+10 Tdav = 1.71 T = 9.69
 <-- Site =   23 .. Mmps =  550 Ndav =   2 E =   -193.1856390773 Error = 1.64e-20 FLOPS = 3.15e+10 Tdav = 1.65 T = 9.14
 <-- Site =   22 .. Mmps =  550 Ndav =   2 E =   -193.1856390930 Error = 6.90e-18 FLOPS = 3.14e+10 Tdav = 1.59 T = 8.49
 <-- Site =   21 .. Mmps =  550 Ndav =   2 E =   -193.1856391010 Error = 1.80e-20 FLOPS = 3.12e+10 Tdav = 1.53 T = 8.01
 <-- Site =   20 .. Mmps =  550 Ndav =   2 E =   -193.1856391137 Error = 8.11e-18 FLOPS = 3.09e+10 Tdav = 1.49 T = 7.54
 <-- Site =   19 .. Mmps =  550 Ndav =   2 E =   -193.1856391198 Error = 2.53e-20 FLOPS = 3.10e+10 Tdav = 1.42 T = 6.97
 <-- Site =   18 .. Mmps =  550 Ndav =   2 E =   -193.1856391277 Error = 5.95e-18 FLOPS = 3.09e+10 Tdav = 1.36 T = 6.53
 <-- Site =   17 .. Mmps =  550 Ndav =   2 E =   -193.1856391318 Error = 8.94e-21 FLOPS = 3.08e+10 Tdav = 1.30 T = 6.06
 <-- Site =   16 .. Mmps =  550 Ndav =   2 E =   -193.1856391368 Error = 5.16e-18 FLOPS = 3.06e+10 Tdav = 1.24 T = 5.65
 <-- Site =   15 .. Mmps =  550 Ndav =   1 E =   -193.1856391368 Error = 6.56e-21 FLOPS = 2.83e+10 Tdav = 0.64 T = 4.67
 <-- Site =   14 .. Mmps =  550 Ndav =   2 E =   -193.1856391417 Error = 1.04e-17 FLOPS = 3.07e+10 Tdav = 1.11 T = 4.80
 <-- Site =   13 .. Mmps =  550 Ndav =   1 E =   -193.1856391417 Error = 4.05e-20 FLOPS = 2.88e+10 Tdav = 0.56 T = 3.90
 <-- Site =   12 .. Mmps =  550 Ndav =   2 E =   -193.1856391455 Error = 2.67e-17 FLOPS = 3.03e+10 Tdav = 0.99 T = 4.03
 <-- Site =   11 .. Mmps =  550 Ndav =   1 E =   -193.1856391455 Error = 1.24e-19 FLOPS = 2.82e+10 Tdav = 0.50 T = 3.26
 <-- Site =   10 .. Mmps =  550 Ndav =   1 E =   -193.1856391455 Error = 1.24e-17 FLOPS = 2.79e+10 Tdav = 0.47 T = 2.94
 <-- Site =    9 .. Mmps =  550 Ndav =   1 E =   -193.1856391455 Error = 5.37e-25 FLOPS = 2.71e+10 Tdav = 0.39 T = 2.53
 <-- Site =    8 .. Mmps =  550 Ndav =   1 E =   -193.1856391455 Error = 5.42e-31 FLOPS = 2.43e+10 Tdav = 0.14 T = 1.38
 <-- Site =    7 .. Mmps =  550 Ndav =   1 E =   -193.1856391455 Error = 1.01e-54 FLOPS = 2.10e+10 Tdav = 0.05 T = 1.06
 <-- Site =    6 .. Mmps =  550 Ndav =   1 E =   -193.1856391455 Error = 3.55e-75 FLOPS = 1.76e+10 Tdav = 0.02 T = 0.99
 <-- Site =    5 .. Mmps =  550 Ndav =   1 E =   -193.1856391455 Error = 2.65e-95 FLOPS = 1.48e+10 Tdav = 0.01 T = 0.85
 <-- Site =    4 .. Mmps =  550 Ndav =   1 E =   -193.1856391455 Error = 1.47e-110 FLOPS = 1.15e+10 Tdav = 0.01 T = 0.77
 <-- Site =    3 .. Mmps =  550 Ndav =   1 E =   -193.1856391455 Error = 1.94e-110 FLOPS = 9.35e+09 Tdav = 0.00 T = 0.76
 <-- Site =    2 .. Mmps =  550 Ndav =   1 E =   -193.1856391455 Error = 2.29e-108 FLOPS = 5.23e+09 Tdav = 0.00 T = 0.69
 <-- Site =    1 .. Mmps =  550 Ndav =   1 E =   -193.1856391455 Error = 1.21e-108 FLOPS = 3.90e+09 Tdav = 0.00 T = 0.63
 <-- Site =    0 .. Mmps =  550 Ndav =   1 E =   -193.1856391455 Error = 4.74e-105 FLOPS = 2.04e+09 Tdav = 0.00 T = 0.57
Time elapsed =  16220.122 | E =    -193.1856391455 | DE = -1.78e-06 | DW = 2.67259e-17
Time sweep =     3260.731 | 11.4 TFLOP/SWP
 | Dmem = 134 MB (3%) | Imem = 232 B (79%) | Hmem = 637 MB | Wmem = 4.62 MB | Pmem = 0 B
 | Tread = 78.676 | Twrite = 33.570 | Tfpread = 77.329 | Tfpwrite = 23.356 | Tmporead = 0.000 | Tasync = 0.000
 | data = 14.5 GB | cpsd = 9.47 GB
 | Trot = 194.700 | Tctr = 184.597 | Tint = 0.028 | Tmid = 0.000 | Tdctr = 0.014 | Tdiag = 2.146 | Tinfo = 2.367
 | Teff = 2326.736 | Tprt = 0.000 | Teig = 399.491 | Tblk = 2785.642 | Tmve = 475.074 | Tdm = 3.064 | Tsplt = 44.643 | Tsvd = 0.000 | Torth = 0.000

Sweep =   10 | Direction =  forward | Bond dimension =  550 | Noise =  0.00e+00 | Dav threshold =  1.00e-07
 --> Site =    0 .. Mmps =    2 Ndav =   1 E =   -193.1856391455 Error = 0.00e+00 FLOPS = 2.01e+09 Tdav = 0.00 T = 0.02
 --> Site =    1 .. Mmps =    4 Ndav =   1 E =   -193.1856391455 Error = 0.00e+00 FLOPS = 3.07e+09 Tdav = 0.00 T = 0.05
 --> Site =    2 .. Mmps =    8 Ndav =   1 E =   -193.1856391455 Error = 0.00e+00 FLOPS = 5.28e+09 Tdav = 0.00 T = 0.06
 --> Site =    3 .. Mmps =   16 Ndav =   1 E =   -193.1856391455 Error = 0.00e+00 FLOPS = 8.84e+09 Tdav = 0.00 T = 0.06
 --> Site =    4 .. Mmps =   32 Ndav =   1 E =   -193.1856391455 Error = 0.00e+00 FLOPS = 1.12e+10 Tdav = 0.01 T = 0.07
 --> Site =    5 .. Mmps =   64 Ndav =   1 E =   -193.1856391455 Error = 0.00e+00 FLOPS = 1.46e+10 Tdav = 0.01 T = 0.09
 --> Site =    6 .. Mmps =  128 Ndav =   1 E =   -193.1856391455 Error = 0.00e+00 FLOPS = 1.73e+10 Tdav = 0.02 T = 0.13
 --> Site =    7 .. Mmps =  256 Ndav =   1 E =   -193.1856391455 Error = 0.00e+00 FLOPS = 2.10e+10 Tdav = 0.05 T = 0.20
 --> Site =    8 .. Mmps =  512 Ndav =   1 E =   -193.1856391455 Error = 0.00e+00 FLOPS = 2.41e+10 Tdav = 0.14 T = 0.54
 --> Site =    9 .. Mmps =  550 Ndav =   1 E =   -193.1856391455 Error = 6.32e-26 FLOPS = 2.71e+10 Tdav = 0.39 T = 1.96
 --> Site =   10 .. Mmps =  550 Ndav =   1 E =   -193.1856391455 Error = 7.07e-26 FLOPS = 2.78e+10 Tdav = 0.47 T = 2.73
 --> Site =   11 .. Mmps =  550 Ndav =   1 E =   -193.1856391455 Error = 2.04e-24 FLOPS = 2.80e+10 Tdav = 0.50 T = 3.08
 --> Site =   12 .. Mmps =  550 Ndav =   1 E =   -193.1856391455 Error = 1.43e-24 FLOPS = 2.83e+10 Tdav = 0.53 T = 3.32
 --> Site =   13 .. Mmps =  550 Ndav =   1 E =   -193.1856391455 Error = 3.18e-22 FLOPS = 2.91e+10 Tdav = 0.55 T = 3.64
 --> Site =   14 .. Mmps =  550 Ndav =   1 E =   -193.1856391455 Error = 4.89e-22 FLOPS = 2.81e+10 Tdav = 0.60 T = 4.10
 --> Site =   15 .. Mmps =  550 Ndav =   1 E =   -193.1856391455 Error = 9.85e-22 FLOPS = 2.85e+10 Tdav = 0.63 T = 4.36
 --> Site =   16 .. Mmps =  550 Ndav =   1 E =   -193.1856391455 Error = 1.34e-21 FLOPS = 2.86e+10 Tdav = 0.66 T = 4.73
 --> Site =   17 .. Mmps =  550 Ndav =   1 E =   -193.1856391455 Error = 5.46e-21 FLOPS = 2.89e+10 Tdav = 0.69 T = 5.18
 --> Site =   18 .. Mmps =  550 Ndav =   1 E =   -193.1856391455 Error = 1.50e-21 FLOPS = 2.86e+10 Tdav = 0.73 T = 5.64
 --> Site =   19 .. Mmps =  550 Ndav =   1 E =   -193.1856391455 Error = 2.81e-21 FLOPS = 2.92e+10 Tdav = 0.75 T = 5.97
 --> Site =   20 .. Mmps =  550 Ndav =   1 E =   -193.1856391455 Error = 1.49e-21 FLOPS = 2.73e+10 Tdav = 0.84 T = 6.48
 --> Site =   21 .. Mmps =  550 Ndav =   1 E =   -193.1856391455 Error = 4.99e-21 FLOPS = 2.89e+10 Tdav = 0.83 T = 7.02
 --> Site =   22 .. Mmps =  550 Ndav =   1 E =   -193.1856391455 Error = 1.34e-21 FLOPS = 2.97e+10 Tdav = 0.84 T = 7.39
 --> Site =   23 .. Mmps =  550 Ndav =   1 E =   -193.1856391455 Error = 5.51e-21 FLOPS = 2.97e+10 Tdav = 0.87 T = 7.88
 --> Site =   24 .. Mmps =  550 Ndav =   1 E =   -193.1856391455 Error = 6.45e-21 FLOPS = 2.99e+10 Tdav = 0.90 T = 8.38
 --> Site =   25 .. Mmps =  550 Ndav =   1 E =   -193.1856391455 Error = 2.02e-19 FLOPS = 3.00e+10 Tdav = 0.93 T = 8.90
 --> Site =   26 .. Mmps =  550 Ndav =   1 E =   -193.1856391455 Error = 7.92e-21 FLOPS = 3.01e+10 Tdav = 0.96 T = 9.46
 --> Site =   27 .. Mmps =  550 Ndav =   1 E =   -193.1856391455 Error = 4.96e-20 FLOPS = 3.02e+10 Tdav = 0.99 T = 9.94
 --> Site =   28 .. Mmps =  550 Ndav =   1 E =   -193.1856391455 Error = 1.13e-20 FLOPS = 3.03e+10 Tdav = 1.02 T = 10.59
 --> Site =   29 .. Mmps =  550 Ndav =   1 E =   -193.1856391455 Error = 4.97e-20 FLOPS = 3.04e+10 Tdav = 1.05 T = 11.11
 --> Site =   30 .. Mmps =  550 Ndav =   1 E =   -193.1856391455 Error = 3.02e-21 FLOPS = 3.05e+10 Tdav = 1.08 T = 11.67
 --> Site =   31 .. Mmps =  550 Ndav =   1 E =   -193.1856391455 Error = 3.59e-20 FLOPS = 3.05e+10 Tdav = 1.11 T = 12.24
 --> Site =   32 .. Mmps =  550 Ndav =   1 E =   -193.1856391455 Error = 5.56e-21 FLOPS = 3.03e+10 Tdav = 1.15 T = 12.89
 --> Site =   33 .. Mmps =  550 Ndav =   1 E =   -193.1856391455 Error = 2.89e-20 FLOPS = 3.07e+10 Tdav = 1.17 T = 13.58
 --> Site =   34 .. Mmps =  550 Ndav =   2 E =   -193.1856391499 Error = 2.42e-20 FLOPS = 3.15e+10 Tdav = 2.34 T = 15.38
 --> Site =   35 .. Mmps =  550 Ndav =   1 E =   -193.1856391499 Error = 1.03e-19 FLOPS = 3.04e+10 Tdav = 1.25 T = 15.06
 --> Site =   36 .. Mmps =  550 Ndav =   1 E =   -193.1856391499 Error = 8.46e-21 FLOPS = 3.05e+10 Tdav = 1.28 T = 15.64
 --> Site =   37 .. Mmps =  550 Ndav =   1 E =   -193.1856391499 Error = 8.65e-20 FLOPS = 3.04e+10 Tdav = 1.31 T = 16.41
 --> Site =   38 .. Mmps =  550 Ndav =   1 E =   -193.1856391499 Error = 1.93e-21 FLOPS = 3.06e+10 Tdav = 1.34 T = 17.07
 --> Site =   39 .. Mmps =  550 Ndav =   1 E =   -193.1856391499 Error = 1.42e-20 FLOPS = 3.04e+10 Tdav = 1.38 T = 17.86
 --> Site =   40 .. Mmps =  550 Ndav =   2 E =   -193.1856391552 Error = 3.43e-20 FLOPS = 3.19e+10 Tdav = 2.69 T = 19.90
 --> Site =   41 .. Mmps =  550 Ndav =   1 E =   -193.1856391552 Error = 9.43e-20 FLOPS = 3.07e+10 Tdav = 1.43 T = 19.35
 --> Site =   42 .. Mmps =  550 Ndav =   2 E =   -193.1856391608 Error = 3.12e-20 FLOPS = 3.20e+10 Tdav = 2.81 T = 21.62
 --> Site =   43 .. Mmps =  550 Ndav =   1 E =   -193.1856391608 Error = 6.37e-20 FLOPS = 3.06e+10 Tdav = 1.43 T = 20.17
 --> Site =   44 .. Mmps =  550 Ndav =   2 E =   -193.1856391666 Error = 7.33e-21 FLOPS = 3.22e+10 Tdav = 2.79 T = 21.62
 --> Site =   45 .. Mmps =  550 Ndav =   1 E =   -193.1856391666 Error = 2.89e-19 FLOPS = 3.11e+10 Tdav = 1.48 T = 21.01
 --> Site =   46 .. Mmps =  550 Ndav =   1 E =   -193.1856391666 Error = 1.32e-20 FLOPS = 3.12e+10 Tdav = 1.47 T = 21.38
 --> Site =   47 .. Mmps =  550 Ndav =   1 E =   -193.1856391666 Error = 6.36e-20 FLOPS = 3.11e+10 Tdav = 1.51 T = 21.82
 --> Site =   48 .. Mmps =  550 Ndav =   1 E =   -193.1856391666 Error = 1.63e-20 FLOPS = 3.05e+10 Tdav = 1.57 T = 22.75
 --> Site =   49 .. Mmps =  550 Ndav =   1 E =   -193.1856391666 Error = 1.11e-19 FLOPS = 3.07e+10 Tdav = 1.56 T = 23.25
 --> Site =   50 .. Mmps =  550 Ndav =   1 E =   -193.1856391666 Error = 1.19e-20 FLOPS = 3.12e+10 Tdav = 1.57 T = 23.56
 --> Site =   51 .. Mmps =  550 Ndav =   1 E =   -193.1856391666 Error = 3.02e-19 FLOPS = 3.10e+10 Tdav = 1.58 T = 24.12
 --> Site =   52 .. Mmps =  550 Ndav =   1 E =   -193.1856391666 Error = 1.44e-20 FLOPS = 3.10e+10 Tdav = 1.61 T = 24.51
 --> Site =   53 .. Mmps =  550 Ndav =   1 E =   -193.1856391666 Error = 1.13e-19 FLOPS = 3.12e+10 Tdav = 1.63 T = 25.31
 --> Site =   54 .. Mmps =  550 Ndav =   2 E =   -193.1856391732 Error = 5.61e-21 FLOPS = 3.22e+10 Tdav = 3.16 T = 27.32
 --> Site =   55 .. Mmps =  550 Ndav =   1 E =   -193.1856391732 Error = 3.45e-19 FLOPS = 3.11e+10 Tdav = 1.64 T = 25.93
 --> Site =   56 .. Mmps =  550 Ndav =   2 E =   -193.1856391793 Error = 1.73e-20 FLOPS = 3.22e+10 Tdav = 3.16 T = 27.40
 --> Site =   57 .. Mmps =  550 Ndav =   1 E =   -193.1856391793 Error = 1.99e-19 FLOPS = 3.10e+10 Tdav = 1.64 T = 25.89
 --> Site =   58 .. Mmps =  550 Ndav =   2 E =   -193.1856391852 Error = 1.40e-20 FLOPS = 3.22e+10 Tdav = 3.16 T = 27.33
 --> Site =   59 .. Mmps =  550 Ndav =   1 E =   -193.1856391852 Error = 2.52e-19 FLOPS = 3.12e+10 Tdav = 1.63 T = 25.85
 --> Site =   60 .. Mmps =  550 Ndav =   1 E =   -193.1856391852 Error = 7.29e-21 FLOPS = 3.10e+10 Tdav = 1.67 T = 26.24
 --> Site =   61 .. Mmps =  550 Ndav =   1 E =   -193.1856391852 Error = 2.88e-19 FLOPS = 3.11e+10 Tdav = 1.70 T = 27.21
 --> Site =   62 .. Mmps =  550 Ndav =   1 E =   -193.1856391852 Error = 1.41e-20 FLOPS = 3.11e+10 Tdav = 1.70 T = 27.61
 --> Site =   63 .. Mmps =  550 Ndav =   1 E =   -193.1856391852 Error = 1.04e-19 FLOPS = 3.12e+10 Tdav = 1.73 T = 28.07
 --> Site =   64 .. Mmps =  550 Ndav =   1 E =   -193.1856391852 Error = 5.74e-21 FLOPS = 3.10e+10 Tdav = 1.74 T = 28.53
 --> Site =   65 .. Mmps =  550 Ndav =   1 E =   -193.1856391852 Error = 2.26e-20 FLOPS = 3.11e+10 Tdav = 1.73 T = 28.56
 --> Site =   66 .. Mmps =  550 Ndav =   2 E =   -193.1856391910 Error = 1.85e-20 FLOPS = 3.22e+10 Tdav = 3.35 T = 30.21
 --> Site =   67 .. Mmps =  550 Ndav =   1 E =   -193.1856391910 Error = 5.57e-20 FLOPS = 3.10e+10 Tdav = 1.74 T = 28.55
 --> Site =   68 .. Mmps =  550 Ndav =   2 E =   -193.1856391974 Error = 3.70e-20 FLOPS = 3.22e+10 Tdav = 3.35 T = 30.20
 --> Site =   69 .. Mmps =  550 Ndav =   1 E =   -193.1856391974 Error = 1.34e-19 FLOPS = 3.11e+10 Tdav = 1.74 T = 28.64
 --> Site =   70 .. Mmps =  550 Ndav =   2 E =   -193.1856392031 Error = 1.04e-20 FLOPS = 3.21e+10 Tdav = 3.36 T = 30.25
 --> Site =   71 .. Mmps =  550 Ndav =   1 E =   -193.1856392031 Error = 8.15e-20 FLOPS = 3.10e+10 Tdav = 1.74 T = 28.56
 --> Site =   72 .. Mmps =  550 Ndav =   1 E =   -193.1856392031 Error = 3.21e-20 FLOPS = 3.02e+10 Tdav = 1.79 T = 28.68
 --> Site =   73 .. Mmps =  550 Ndav =   1 E =   -193.1856392031 Error = 7.28e-20 FLOPS = 3.09e+10 Tdav = 1.75 T = 28.71
 --> Site =   74 .. Mmps =  550 Ndav =   2 E =   -193.1856392084 Error = 3.80e-20 FLOPS = 3.21e+10 Tdav = 3.43 T = 30.78
 --> Site =   75 .. Mmps =  550 Ndav =   1 E =   -193.1856392084 Error = 2.89e-19 FLOPS = 3.10e+10 Tdav = 1.77 T = 29.72
 --> Site =   76 .. Mmps =  550 Ndav =   1 E =   -193.1856392084 Error = 1.21e-20 FLOPS = 3.12e+10 Tdav = 1.73 T = 29.06
 --> Site =   77 .. Mmps =  550 Ndav =   1 E =   -193.1856392084 Error = 2.48e-19 FLOPS = 3.11e+10 Tdav = 1.77 T = 29.18
 --> Site =   78 .. Mmps =  550 Ndav =   1 E =   -193.1856392084 Error = 9.09e-21 FLOPS = 3.03e+10 Tdav = 1.78 T = 29.28
 --> Site =   79 .. Mmps =  550 Ndav =   1 E =   -193.1856392084 Error = 1.00e-19 FLOPS = 2.97e+10 Tdav = 1.85 T = 29.13
 --> Site =   80 .. Mmps =  550 Ndav =   2 E =   -193.1856392149 Error = 1.22e-20 FLOPS = 3.13e+10 Tdav = 3.51 T = 31.29
 --> Site =   81 .. Mmps =  550 Ndav =   1 E =   -193.1856392149 Error = 6.14e-20 FLOPS = 3.10e+10 Tdav = 1.74 T = 29.21
 --> Site =   82 .. Mmps =  550 Ndav =   2 E =   -193.1856392217 Error = 2.38e-20 FLOPS = 3.22e+10 Tdav = 3.35 T = 30.30
 --> Site =   83 .. Mmps =  550 Ndav =   1 E =   -193.1856392217 Error = 1.31e-19 FLOPS = 3.11e+10 Tdav = 1.73 T = 28.62
 --> Site =   84 .. Mmps =  550 Ndav =   2 E =   -193.1856392285 Error = 9.75e-21 FLOPS = 3.22e+10 Tdav = 3.35 T = 30.27
 --> Site =   85 .. Mmps =  550 Ndav =   1 E =   -193.1856392285 Error = 1.17e-19 FLOPS = 2.96e+10 Tdav = 1.82 T = 28.65
 --> Site =   86 .. Mmps =  550 Ndav =   2 E =   -193.1856392332 Error = 2.53e-20 FLOPS = 3.13e+10 Tdav = 3.44 T = 30.31
 --> Site =   87 .. Mmps =  550 Ndav =   1 E =   -193.1856392332 Error = 1.86e-19 FLOPS = 2.97e+10 Tdav = 1.85 T = 29.15
 --> Site =   88 .. Mmps =  550 Ndav =   1 E =   -193.1856392332 Error = 1.67e-20 FLOPS = 2.97e+10 Tdav = 1.85 T = 29.71
 --> Site =   89 .. Mmps =  550 Ndav =   1 E =   -193.1856392332 Error = 1.71e-19 FLOPS = 2.96e+10 Tdav = 1.85 T = 29.68
 --> Site =   90 .. Mmps =  550 Ndav =   1 E =   -193.1856392332 Error = 3.11e-21 FLOPS = 2.98e+10 Tdav = 1.84 T = 29.70
 --> Site =   91 .. Mmps =  550 Ndav =   1 E =   -193.1856392332 Error = 3.71e-20 FLOPS = 2.96e+10 Tdav = 1.82 T = 29.31
 --> Site =   92 .. Mmps =  550 Ndav =   2 E =   -193.1856392388 Error = 1.02e-20 FLOPS = 3.13e+10 Tdav = 3.51 T = 30.82
 --> Site =   93 .. Mmps =  550 Ndav =   1 E =   -193.1856392388 Error = 7.34e-20 FLOPS = 2.93e+10 Tdav = 1.87 T = 29.67
 --> Site =   94 .. Mmps =  550 Ndav =   2 E =   -193.1856392451 Error = 5.38e-20 FLOPS = 3.21e+10 Tdav = 3.35 T = 30.79
 --> Site =   95 .. Mmps =  550 Ndav =   1 E =   -193.1856392451 Error = 3.33e-19 FLOPS = 3.10e+10 Tdav = 1.74 T = 28.73
 --> Site =   96 .. Mmps =  550 Ndav =   2 E =   -193.1856392516 Error = 5.69e-20 FLOPS = 3.09e+10 Tdav = 3.49 T = 30.46
 --> Site =   97 .. Mmps =  550 Ndav =   1 E =   -193.1856392516 Error = 2.36e-19 FLOPS = 2.90e+10 Tdav = 1.86 T = 28.85
 --> Site =   98 .. Mmps =  550 Ndav =   2 E =   -193.1856392564 Error = 9.59e-21 FLOPS = 2.99e+10 Tdav = 3.61 T = 30.46
 --> Site =   99 .. Mmps =  550 Ndav =   1 E =   -193.1856392564 Error = 1.10e-19 FLOPS = 3.15e+10 Tdav = 1.71 T = 28.63
 --> Site =  100 .. Mmps =  550 Ndav =   1 E =   -193.1856392564 Error = 1.62e-20 FLOPS = 2.68e+10 Tdav = 2.02 T = 28.87
 --> Site =  101 .. Mmps =  550 Ndav =   1 E =   -193.1856392564 Error = 2.26e-19 FLOPS = 2.67e+10 Tdav = 2.02 T = 28.91
 --> Site =  102 .. Mmps =  550 Ndav =   2 E =   -193.1856392613 Error = 1.67e-20 FLOPS = 3.23e+10 Tdav = 3.33 T = 30.25
 --> Site =  103 .. Mmps =  550 Ndav =   1 E =   -193.1856392613 Error = 3.48e-19 FLOPS = 3.12e+10 Tdav = 1.70 T = 28.07
 --> Site =  104 .. Mmps =  550 Ndav =   1 E =   -193.1856392613 Error = 2.76e-20 FLOPS = 2.82e+10 Tdav = 1.88 T = 27.90
 --> Site =  105 .. Mmps =  550 Ndav =   1 E =   -193.1856392613 Error = 7.94e-20 FLOPS = 3.14e+10 Tdav = 1.69 T = 27.64
 --> Site =  106 .. Mmps =  550 Ndav =   2 E =   -193.1856392673 Error = 2.36e-20 FLOPS = 3.12e+10 Tdav = 3.33 T = 28.83
 --> Site =  107 .. Mmps =  550 Ndav =   1 E =   -193.1856392673 Error = 4.68e-20 FLOPS = 2.87e+10 Tdav = 1.77 T = 26.38
 --> Site =  108 .. Mmps =  550 Ndav =   2 E =   -193.1856392742 Error = 6.22e-21 FLOPS = 3.23e+10 Tdav = 3.15 T = 27.38
 --> Site =  109 .. Mmps =  550 Ndav =   1 E =   -193.1856392742 Error = 2.36e-19 FLOPS = 2.88e+10 Tdav = 1.77 T = 26.11
 --> Site =  110 .. Mmps =  550 Ndav =   2 E =   -193.1856392807 Error = 6.24e-21 FLOPS = 3.22e+10 Tdav = 3.16 T = 27.29
 --> Site =  111 .. Mmps =  550 Ndav =   1 E =   -193.1856392807 Error = 1.19e-19 FLOPS = 2.88e+10 Tdav = 1.77 T = 25.93
 --> Site =  112 .. Mmps =  550 Ndav =   2 E =   -193.1856392854 Error = 2.87e-20 FLOPS = 3.23e+10 Tdav = 3.15 T = 27.27
 --> Site =  113 .. Mmps =  550 Ndav =   1 E =   -193.1856392854 Error = 1.96e-19 FLOPS = 2.87e+10 Tdav = 1.77 T = 25.94
 --> Site =  114 .. Mmps =  550 Ndav =   1 E =   -193.1856392854 Error = 1.27e-20 FLOPS = 3.12e+10 Tdav = 1.63 T = 25.87
 --> Site =  115 .. Mmps =  550 Ndav =   1 E =   -193.1856392854 Error = 1.47e-19 FLOPS = 3.06e+10 Tdav = 1.63 T = 25.46
 --> Site =  116 .. Mmps =  550 Ndav =   1 E =   -193.1856392854 Error = 3.76e-21 FLOPS = 3.12e+10 Tdav = 1.57 T = 24.40
 --> Site =  117 .. Mmps =  550 Ndav =   1 E =   -193.1856392854 Error = 1.72e-20 FLOPS = 2.79e+10 Tdav = 1.75 T = 24.12
 --> Site =  118 .. Mmps =  550 Ndav =   2 E =   -193.1856392902 Error = 1.19e-20 FLOPS = 3.19e+10 Tdav = 3.00 T = 25.01
 --> Site =  119 .. Mmps =  550 Ndav =   1 E =   -193.1856392902 Error = 1.11e-19 FLOPS = 3.07e+10 Tdav = 1.53 T = 22.98
 --> Site =  120 .. Mmps =  550 Ndav =   2 E =   -193.1856392955 Error = 9.20e-21 FLOPS = 3.21e+10 Tdav = 2.92 T = 23.68
 --> Site =  121 .. Mmps =  550 Ndav =   1 E =   -193.1856392955 Error = 1.44e-19 FLOPS = 2.85e+10 Tdav = 1.61 T = 22.17
 --> Site =  122 .. Mmps =  550 Ndav =   2 E =   -193.1856393011 Error = 7.81e-20 FLOPS = 3.20e+10 Tdav = 2.87 T = 23.06
 --> Site =  123 .. Mmps =  550 Ndav =   1 E =   -193.1856393011 Error = 8.19e-20 FLOPS = 2.82e+10 Tdav = 1.60 T = 21.32
 --> Site =  124 .. Mmps =  550 Ndav =   2 E =   -193.1856393059 Error = 1.01e-20 FLOPS = 3.04e+10 Tdav = 2.89 T = 21.64
 --> Site =  125 .. Mmps =  550 Ndav =   1 E =   -193.1856393059 Error = 1.32e-19 FLOPS = 3.09e+10 Tdav = 1.42 T = 19.82
 --> Site =  126 .. Mmps =  550 Ndav =   1 E =   -193.1856393059 Error = 2.58e-20 FLOPS = 2.75e+10 Tdav = 1.60 T = 19.93
 --> Site =  127 .. Mmps =  550 Ndav =   1 E =   -193.1856393059 Error = 1.20e-19 FLOPS = 3.08e+10 Tdav = 1.39 T = 19.43
 --> Site =  128 .. Mmps =  550 Ndav =   1 E =   -193.1856393059 Error = 1.27e-20 FLOPS = 3.07e+10 Tdav = 1.36 T = 18.60
 --> Site =  129 .. Mmps =  550 Ndav =   1 E =   -193.1856393059 Error = 1.85e-19 FLOPS = 2.82e+10 Tdav = 1.45 T = 18.06
 --> Site =  130 .. Mmps =  550 Ndav =   1 E =   -193.1856393059 Error = 4.16e-20 FLOPS = 2.80e+10 Tdav = 1.42 T = 17.31
 --> Site =  131 .. Mmps =  550 Ndav =   1 E =   -193.1856393059 Error = 2.18e-19 FLOPS = 3.06e+10 Tdav = 1.27 T = 16.33
 --> Site =  132 .. Mmps =  550 Ndav =   2 E =   -193.1856393107 Error = 2.12e-20 FLOPS = 2.96e+10 Tdav = 2.56 T = 16.92
 --> Site =  133 .. Mmps =  550 Ndav =   1 E =   -193.1856393107 Error = 9.34e-20 FLOPS = 2.64e+10 Tdav = 1.40 T = 15.17
 --> Site =  134 .. Mmps =  550 Ndav =   2 E =   -193.1856393148 Error = 2.53e-20 FLOPS = 3.15e+10 Tdav = 2.28 T = 15.51
 --> Site =  135 .. Mmps =  550 Ndav =   1 E =   -193.1856393148 Error = 1.44e-19 FLOPS = 3.08e+10 Tdav = 1.13 T = 13.57
 --> Site =  136 .. Mmps =  550 Ndav =   1 E =   -193.1856393148 Error = 1.00e-20 FLOPS = 2.97e+10 Tdav = 1.14 T = 12.96
 --> Site =  137 .. Mmps =  550 Ndav =   2 E =   -193.1856393189 Error = 6.38e-20 FLOPS = 3.11e+10 Tdav = 2.12 T = 13.36
 --> Site =  138 .. Mmps =  550 Ndav =   1 E =   -193.1856393189 Error = 8.79e-21 FLOPS = 2.94e+10 Tdav = 1.09 T = 11.76
 --> Site =  139 .. Mmps =  550 Ndav =   1 E =   -193.1856393189 Error = 2.36e-19 FLOPS = 3.04e+10 Tdav = 1.02 T = 11.13
 --> Site =  140 .. Mmps =  550 Ndav =   1 E =   -193.1856393189 Error = 9.21e-21 FLOPS = 3.03e+10 Tdav = 0.99 T = 10.51
 --> Site =  141 .. Mmps =  550 Ndav =   1 E =   -193.1856393189 Error = 3.22e-19 FLOPS = 2.75e+10 Tdav = 1.05 T = 10.00
 --> Site =  142 .. Mmps =  550 Ndav =   1 E =   -193.1856393189 Error = 3.03e-20 FLOPS = 2.73e+10 Tdav = 1.02 T = 9.46
 --> Site =  143 .. Mmps =  550 Ndav =   1 E =   -193.1856393189 Error = 8.88e-21 FLOPS = 2.72e+10 Tdav = 0.99 T = 8.95
 --> Site =  144 .. Mmps =  550 Ndav =   1 E =   -193.1856393189 Error = 1.15e-20 FLOPS = 2.86e+10 Tdav = 0.91 T = 8.46
 --> Site =  145 .. Mmps =  550 Ndav =   1 E =   -193.1856393189 Error = 7.36e-20 FLOPS = 2.97e+10 Tdav = 0.84 T = 7.82
 --> Site =  146 .. Mmps =  550 Ndav =   1 E =   -193.1856393189 Error = 5.79e-20 FLOPS = 2.94e+10 Tdav = 0.81 T = 7.36
 --> Site =  147 .. Mmps =  550 Ndav =   1 E =   -193.1856393189 Error = 2.56e-20 FLOPS = 2.93e+10 Tdav = 0.78 T = 6.84
 --> Site =  148 .. Mmps =  550 Ndav =   1 E =   -193.1856393189 Error = 9.51e-21 FLOPS = 2.72e+10 Tdav = 0.81 T = 6.43
 --> Site =  149 .. Mmps =  550 Ndav =   1 E =   -193.1856393189 Error = 2.71e-20 FLOPS = 2.70e+10 Tdav = 0.78 T = 6.00
 --> Site =  150 .. Mmps =  550 Ndav =   1 E =   -193.1856393189 Error = 2.43e-20 FLOPS = 2.67e+10 Tdav = 0.75 T = 5.65
 --> Site =  151 .. Mmps =  550 Ndav =   1 E =   -193.1856393189 Error = 1.49e-20 FLOPS = 2.65e+10 Tdav = 0.72 T = 5.20
 --> Site =  152 .. Mmps =  550 Ndav =   1 E =   -193.1856393189 Error = 2.79e-21 FLOPS = 2.62e+10 Tdav = 0.69 T = 4.92
 --> Site =  153 .. Mmps =  550 Ndav =   1 E =   -193.1856393189 Error = 3.38e-21 FLOPS = 2.57e+10 Tdav = 0.66 T = 4.43
 --> Site =  154 .. Mmps =  550 Ndav =   1 E =   -193.1856393189 Error = 9.68e-21 FLOPS = 2.86e+10 Tdav = 0.56 T = 4.00
 --> Site =  155 .. Mmps =  550 Ndav =   1 E =   -193.1856393189 Error = 7.10e-20 FLOPS = 2.85e+10 Tdav = 0.52 T = 3.65
 --> Site =  156 .. Mmps =  550 Ndav =   1 E =   -193.1856393189 Error = 2.87e-20 FLOPS = 2.82e+10 Tdav = 0.49 T = 3.33
 --> Site =  157 .. Mmps =  550 Ndav =   1 E =   -193.1856393189 Error = 1.57e-20 FLOPS = 2.77e+10 Tdav = 0.47 T = 3.06
 --> Site =  158 .. Mmps =  550 Ndav =   1 E =   -193.1856393189 Error = 1.66e-19 FLOPS = 2.75e+10 Tdav = 0.44 T = 2.76
 --> Site =  159 .. Mmps =  550 Ndav =   1 E =   -193.1856393189 Error = 4.63e-26 FLOPS = 2.66e+10 Tdav = 0.37 T = 2.46
 --> Site =  160 .. Mmps =  550 Ndav =   1 E =   -193.1856393189 Error = 8.73e-33 FLOPS = 2.48e+10 Tdav = 0.15 T = 1.99
 --> Site =  161 .. Mmps =  550 Ndav =   1 E =   -193.1856393189 Error = 3.65e-58 FLOPS = 2.19e+10 Tdav = 0.07 T = 1.63
 --> Site =  162 .. Mmps =  550 Ndav =   1 E =   -193.1856393189 Error = 9.76e-84 FLOPS = 2.03e+10 Tdav = 0.03 T = 1.39
 --> Site =  163 .. Mmps =  550 Ndav =   1 E =   -193.1856393189 Error = 5.18e-108 FLOPS = 1.59e+10 Tdav = 0.02 T = 1.20
 --> Site =  164 .. Mmps =  550 Ndav =   1 E =   -193.1856393189 Error = 1.41e-131 FLOPS = 1.28e+10 Tdav = 0.01 T = 1.06
 --> Site =  165 .. Mmps =  550 Ndav =   1 E =   -193.1856393189 Error = 5.44e-154 FLOPS = 7.46e+09 Tdav = 0.01 T = 0.87
 --> Site =  166 .. Mmps =  550 Ndav =   1 E =   -193.1856393189 Error = 4.61e-177 FLOPS = 3.89e+09 Tdav = 0.00 T = 0.67
 --> Site =  167 .. Mmps =  550 Ndav =   1 E =   -193.1856393189 Error = 2.05e-206 FLOPS = 2.21e+09 Tdav = 0.00 T = 0.55
 --> Site =  168 .. Mmps =  537 Ndav =   1 E =   -193.1856393189 Error = 0.00e+00 FLOPS = 1.77e+09 Tdav = 0.00 T = 0.39
Time elapsed =  19160.295 | E =    -193.1856393189 | DE = -1.73e-07 | DW = 3.48271e-19
Time sweep =     2940.173 | 7.02 TFLOP/SWP
 | Dmem = 134 MB (3%) | Imem = 232 B (79%) | Hmem = 637 MB | Wmem = 4.62 MB | Pmem = 0 B
 | Tread = 85.522 | Twrite = 34.528 | Tfpread = 83.972 | Tfpwrite = 24.335 | Tmporead = 0.000 | Tasync = 0.000
 | data = 14.5 GB | cpsd = 10.9 GB
 | Trot = 199.109 | Tctr = 1.635 | Tint = 0.030 | Tmid = 0.000 | Tdctr = 66.041 | Tdiag = 2.007 | Tinfo = 2.263
 | Teff = 2389.186 | Tprt = 0.000 | Teig = 252.799 | Tblk = 2701.233 | Tmve = 238.925 | Tdm = 3.056 | Tsplt = 44.639 | Tsvd = 0.000 | Torth = 0.000

DMRG energy = -193.1856393188589

Local densities:
0.9720412132337014
0.0015482644481310823
0.953315561102477
0.0016135587909646594
0.9518975658340256
0.0016062723615310542
0.9516184194954006
0.001606277347702963
0.9518974460071605
0.0016135658076060894
0.9533153917203007
0.001548270193714622
0.9720412646622851
0.0015482299703122916
0.5031446243669639
0.0012423618827285428
0.5327011230813921
0.0012374551859478224
0.5410458202490475
0.0012352870090574842
0.5410454368838432
0.0012374695804612842
0.5327011159949363
0.0012423735688388898
0.503144262068988
0.0015482514664887813
0.9533155537546556
0.001242355823343633
0.8162479353049471
0.0017284939278087534
0.7918029351853179
0.0017804653198925744
0.7868109254479075
0.00178047482889239
0.7918028935443632
0.00172856563077856
0.8162481025205023
0.0012423644256297861
0.9533156139321683
0.0016134982947299725
0.5327012137788378
0.0017285104276245548
0.6092238351111318
0.0016844583839086505
0.6281366819863666
0.001675566584014256
0.6281365719626502
0.0016844473106957733
0.6092238773553822
0.0017284953588703306
0.5327011319137854
0.001613535989698152
0.9518976156116775
0.0012374488448075255
0.7918030340445079
0.0016844577853604862
0.7497077329648195
0.0017571803074125402
0.7406538292069313
0.0017571384686506397
0.7497074869028572
0.001684412482535508
0.7918027391318412
0.0012374247778402848
0.95189767415406
0.0016062148378544637
0.5410456214846528
0.001780425165211977
0.6281366925939582
0.0017571480488733386
0.6528535255288374
0.0017438507807041417
0.6528535937205309
0.001757175681181658
0.6281366349746539
0.0017804310318040666
0.5410454890003388
0.00160623031058142
0.9516185136204338
0.0012352882239619308
0.7868112200758021
0.0016755636943694189
0.7406537429834552
0.0017438562395067155
0.7301569472206669
0.0017438532944428374
0.7406535437106593
0.001675582690109152
0.7868111678243028
0.00123529506489232
0.9516185940221616
0.0016062129133306929
0.5410456064712382
0.0017804402788881785
0.6281366549705742
0.001757157010069935
0.6528536297921139
0.0017438730524681886
0.6528536647631062
0.0017571770928588794
0.6281366241600878
0.0017804417104899423
0.5410454274360728
0.001606232058473148
0.9518976114376826
0.0012374421298020507
0.7918029662760355
0.0016844501190450016
0.7497075535467046
0.0017571895968633857
0.740653712905194
0.001757190426239368
0.7497078879972501
0.0016844544646252737
0.7918030064778793
0.0012374587744890043
0.9518976270091065
0.0016135299434549312
0.5327011910056004
0.0017285084310215211
0.6092238886279403
0.0016844735675534176
0.6281368954854308
0.0016755839433119284
0.6281366341835262
0.0016844522693316554
0.6092237585221779
0.0017285022383519957
0.5327011416129034
0.0016135273036590799
0.9533155457163394
0.001242375105029567
0.8162478836442042
0.0017285513868018714
0.7918027972265501
0.001780467388771506
0.7868108833455312
0.0017804651977725142
0.7918030607455292
0.0017286057080912471
0.8162481534319416
0.0012423487920123228
0.9533154840270288
0.001548287872164079
0.5031443328466844
0.0012423585196708875
0.5327012283940995
0.0012374890080156082
0.5410456032504657
0.0012353573105587507
0.5410457374916818
0.0012374278093279438
0.5327007208866398
0.0012423736053448447
0.5031446357767925
0.0015482537554544927
0.9720412281968727
0.0015482493166546843
0.9533154401413684
0.0016135680581528247
0.9518975593222821
0.0016062726303082734
0.9516185192895734
0.001606242864508042
0.9518974119887943
0.0016135225148070028
0.9533156132638635
0.0015482385908648433
0.9720412200063101

corresponding 2D coords:
[(0, 0), (0, 1), (0, 2), (0, 3), (0, 4), (0, 5), (0, 6), (0, 7), (0, 8), (0, 9), (0, 10), (0, 11), (0, 12), (1, 12), (1, 11), (1, 10), (1, 9), (1, 8), (1, 7), (1, 6), (1, 5), (1, 4), (1, 3), (1, 2), (1, 1), (1, 0), (2, 0), (2, 1), (2, 2), (2, 3), (2, 4), (2, 5), (2, 6), (2, 7), (2, 8), (2, 9), (2, 10), (2, 11), (2, 12), (3, 12), (3, 11), (3, 10), (3, 9), (3, 8), (3, 7), (3, 6), (3, 5), (3, 4), (3, 3), (3, 2), (3, 1), (3, 0), (4, 0), (4, 1), (4, 2), (4, 3), (4, 4), (4, 5), (4, 6), (4, 7), (4, 8), (4, 9), (4, 10), (4, 11), (4, 12), (5, 12), (5, 11), (5, 10), (5, 9), (5, 8), (5, 7), (5, 6), (5, 5), (5, 4), (5, 3), (5, 2), (5, 1), (5, 0), (6, 0), (6, 1), (6, 2), (6, 3), (6, 4), (6, 5), (6, 6), (6, 7), (6, 8), (6, 9), (6, 10), (6, 11), (6, 12), (7, 12), (7, 11), (7, 10), (7, 9), (7, 8), (7, 7), (7, 6), (7, 5), (7, 4), (7, 3), (7, 2), (7, 1), (7, 0), (8, 0), (8, 1), (8, 2), (8, 3), (8, 4), (8, 5), (8, 6), (8, 7), (8, 8), (8, 9), (8, 10), (8, 11), (8, 12), (9, 12), (9, 11), (9, 10), (9, 9), (9, 8), (9, 7), (9, 6), (9, 5), (9, 4), (9, 3), (9, 2), (9, 1), (9, 0), (10, 0), (10, 1), (10, 2), (10, 3), (10, 4), (10, 5), (10, 6), (10, 7), (10, 8), (10, 9), (10, 10), (10, 11), (10, 12), (11, 12), (11, 11), (11, 10), (11, 9), (11, 8), (11, 7), (11, 6), (11, 5), (11, 4), (11, 3), (11, 2), (11, 1), (11, 0), (12, 0), (12, 1), (12, 2), (12, 3), (12, 4), (12, 5), (12, 6), (12, 7), (12, 8), (12, 9), (12, 10), (12, 11), (12, 12)]

Saved density data:
PKL → /users/ylokare/2D_DMRG_calculations/results/13_by_13_lattice/Local_densities/Uniform_Hamiltonian/Rb1.4/density_Lx13_Ly13_Dmax550_delta3.7_Rb1.4_uniform_hamiltonian.pkl
CSV → /users/ylokare/2D_DMRG_calculations/results/13_by_13_lattice/Local_densities/Uniform_Hamiltonian/Rb1.4/density_Lx13_Ly13_Dmax550_delta3.7_Rb1.4_uniform_hamiltonian.csv
