Lx=13, Ly=13, delta=4.0, Rb=1.7, alpha=0.05, n_edge=4, delta_boundary=0.8, USE_STAR_MODULATION=False, USE_UNIFORM_OMEGA=True
running Lx=13, Ly=13, delta=4.0, Rb=1.7, alpha=0.05, n_edge=4, delta_boundary=0.8
scratch id=1947951
Copying previous MPS/MPO data from /users/ylokare/2D_DMRG_calculations/data/tmp748855 to /oscar/scratch/ylokare/tmp1947951

Build MPO | Nsites =   169 | Nterms =      14534 | Algorithm = FastSVD | Cutoff = 1.00e-16 | Max bond dimension =    -1
 Site =     0 /   169 .. Mmpo =     3 DW = 0.00e+00 Error = 1.51e-14 NNZ =        3 SPT = 0.0000 Tsvd = 0.074 T = 0.117
 Site =     1 /   169 .. Mmpo =     4 DW = 1.21e-38 Error = 2.63e-14 NNZ =       10 SPT = 0.1667 Tsvd = 0.003 T = 0.014
 Site =     2 /   169 .. Mmpo =     5 DW = 1.63e-29 Error = 5.72e-14 NNZ =       17 SPT = 0.1500 Tsvd = 0.000 T = 0.014
 Site =     3 /   169 .. Mmpo =     6 DW = 1.57e-29 Error = 5.13e-14 NNZ =       26 SPT = 0.1333 Tsvd = 0.022 T = 0.039
 Site =     4 /   169 .. Mmpo =     7 DW = 3.45e-30 Error = 3.50e-14 NNZ =       37 SPT = 0.1190 Tsvd = 0.000 T = 0.021
 Site =     5 /   169 .. Mmpo =     8 DW = 1.50e-29 Error = 1.40e-13 NNZ =       50 SPT = 0.1071 Tsvd = 0.000 T = 0.020
 Site =     6 /   169 .. Mmpo =     9 DW = 1.29e-29 Error = 1.35e-13 NNZ =       65 SPT = 0.0972 Tsvd = 0.000 T = 0.017
 Site =     7 /   169 .. Mmpo =    10 DW = 1.63e-29 Error = 9.41e-14 NNZ =       82 SPT = 0.0889 Tsvd = 0.000 T = 0.015
 Site =     8 /   169 .. Mmpo =    11 DW = 1.14e-29 Error = 9.38e-14 NNZ =      101 SPT = 0.0818 Tsvd = 0.000 T = 0.014
 Site =     9 /   169 .. Mmpo =    12 DW = 1.89e-29 Error = 2.27e-13 NNZ =      122 SPT = 0.0758 Tsvd = 0.000 T = 0.015
 Site =    10 /   169 .. Mmpo =    13 DW = 2.32e-29 Error = 7.66e-13 NNZ =      145 SPT = 0.0705 Tsvd = 0.000 T = 0.017
 Site =    11 /   169 .. Mmpo =    14 DW = 2.18e-29 Error = 1.70e-13 NNZ =      170 SPT = 0.0659 Tsvd = 0.000 T = 0.018
 Site =    12 /   169 .. Mmpo =    15 DW = 3.92e-29 Error = 1.71e-13 NNZ =      197 SPT = 0.0619 Tsvd = 0.000 T = 0.019
 Site =    13 /   169 .. Mmpo =    16 DW = 1.13e-29 Error = 2.33e-13 NNZ =      226 SPT = 0.0583 Tsvd = 0.000 T = 0.020
 Site =    14 /   169 .. Mmpo =    17 DW = 1.40e-29 Error = 3.31e-13 NNZ =      257 SPT = 0.0551 Tsvd = 0.000 T = 0.022
 Site =    15 /   169 .. Mmpo =    18 DW = 1.29e-28 Error = 3.89e-13 NNZ =      290 SPT = 0.0523 Tsvd = 0.007 T = 0.030
 Site =    16 /   169 .. Mmpo =    19 DW = 1.60e-28 Error = 5.08e-13 NNZ =      325 SPT = 0.0497 Tsvd = 0.001 T = 0.025
 Site =    17 /   169 .. Mmpo =    20 DW = 1.20e-28 Error = 1.13e-12 NNZ =      362 SPT = 0.0474 Tsvd = 0.001 T = 0.026
 Site =    18 /   169 .. Mmpo =    21 DW = 1.41e-28 Error = 3.67e-13 NNZ =      401 SPT = 0.0452 Tsvd = 0.001 T = 0.027
 Site =    19 /   169 .. Mmpo =    22 DW = 2.14e-28 Error = 1.27e-12 NNZ =      442 SPT = 0.0433 Tsvd = 0.001 T = 0.028
 Site =    20 /   169 .. Mmpo =    23 DW = 2.34e-28 Error = 7.53e-13 NNZ =      485 SPT = 0.0415 Tsvd = 0.001 T = 0.030
 Site =    21 /   169 .. Mmpo =    24 DW = 9.33e-29 Error = 2.81e-13 NNZ =      530 SPT = 0.0399 Tsvd = 0.001 T = 0.031
 Site =    22 /   169 .. Mmpo =    25 DW = 1.08e-28 Error = 1.33e-12 NNZ =      577 SPT = 0.0383 Tsvd = 0.007 T = 0.039
 Site =    23 /   169 .. Mmpo =    26 DW = 3.20e-28 Error = 6.93e-13 NNZ =      626 SPT = 0.0369 Tsvd = 0.001 T = 0.033
 Site =    24 /   169 .. Mmpo =    27 DW = 7.15e-29 Error = 3.53e-13 NNZ =      677 SPT = 0.0356 Tsvd = 0.001 T = 0.035
 Site =    25 /   169 .. Mmpo =    28 DW = 1.97e-29 Error = 2.20e-13 NNZ =      730 SPT = 0.0344 Tsvd = 0.001 T = 0.036
 Site =    26 /   169 .. Mmpo =    29 DW = 3.84e-29 Error = 1.79e-13 NNZ =      785 SPT = 0.0333 Tsvd = 0.003 T = 0.039
 Site =    27 /   169 .. Mmpo =    30 DW = 1.39e-28 Error = 2.17e-13 NNZ =      842 SPT = 0.0322 Tsvd = 0.001 T = 0.039
 Site =    28 /   169 .. Mmpo =    31 DW = 1.96e-29 Error = 1.58e-12 NNZ =      901 SPT = 0.0312 Tsvd = 0.001 T = 0.040
 Site =    29 /   169 .. Mmpo =    32 DW = 1.68e-29 Error = 1.22e-12 NNZ =      962 SPT = 0.0302 Tsvd = 0.001 T = 0.040
 Site =    30 /   169 .. Mmpo =    33 DW = 1.76e-29 Error = 8.41e-13 NNZ =     1025 SPT = 0.0294 Tsvd = 0.001 T = 0.042
 Site =    31 /   169 .. Mmpo =    34 DW = 3.69e-29 Error = 5.72e-13 NNZ =     1090 SPT = 0.0285 Tsvd = 0.011 T = 0.053
 Site =    32 /   169 .. Mmpo =    35 DW = 3.37e-29 Error = 5.10e-13 NNZ =     1157 SPT = 0.0277 Tsvd = 0.001 T = 0.046
 Site =    33 /   169 .. Mmpo =    36 DW = 9.79e-30 Error = 2.89e-13 NNZ =     1226 SPT = 0.0270 Tsvd = 0.001 T = 0.045
 Site =    34 /   169 .. Mmpo =    37 DW = 1.25e-28 Error = 2.94e-13 NNZ =     1297 SPT = 0.0263 Tsvd = 0.001 T = 0.046
 Site =    35 /   169 .. Mmpo =    38 DW = 6.76e-29 Error = 2.44e-13 NNZ =     1370 SPT = 0.0256 Tsvd = 0.001 T = 0.047
 Site =    36 /   169 .. Mmpo =    39 DW = 1.63e-28 Error = 1.63e-12 NNZ =     1445 SPT = 0.0250 Tsvd = 0.001 T = 0.049
 Site =    37 /   169 .. Mmpo =    40 DW = 5.18e-29 Error = 8.61e-13 NNZ =     1522 SPT = 0.0244 Tsvd = 0.001 T = 0.046
 Site =    38 /   169 .. Mmpo =    41 DW = 4.83e-29 Error = 1.52e-12 NNZ =     1601 SPT = 0.0238 Tsvd = 0.001 T = 0.041
 Site =    39 /   169 .. Mmpo =    42 DW = 1.02e-28 Error = 4.21e-13 NNZ =     1682 SPT = 0.0232 Tsvd = 0.001 T = 0.042
 Site =    40 /   169 .. Mmpo =    43 DW = 1.24e-28 Error = 5.94e-13 NNZ =     1765 SPT = 0.0227 Tsvd = 0.001 T = 0.042
 Site =    41 /   169 .. Mmpo =    44 DW = 8.37e-29 Error = 5.46e-13 NNZ =     1850 SPT = 0.0222 Tsvd = 0.001 T = 0.043
 Site =    42 /   169 .. Mmpo =    45 DW = 2.85e-28 Error = 6.67e-13 NNZ =     1937 SPT = 0.0217 Tsvd = 0.001 T = 0.044
 Site =    43 /   169 .. Mmpo =    45 DW = 8.92e-17 Error = 9.44e-09 NNZ =     1981 SPT = 0.0217 Tsvd = 0.001 T = 0.045
 Site =    44 /   169 .. Mmpo =    46 DW = 5.43e-28 Error = 4.48e-13 NNZ =     2026 SPT = 0.0213 Tsvd = 0.001 T = 0.045
 Site =    45 /   169 .. Mmpo =    47 DW = 1.58e-28 Error = 3.52e-13 NNZ =     2117 SPT = 0.0208 Tsvd = 0.001 T = 0.046
 Site =    46 /   169 .. Mmpo =    47 DW = 1.75e-17 Error = 4.18e-09 NNZ =     2163 SPT = 0.0208 Tsvd = 0.001 T = 0.046
 Site =    47 /   169 .. Mmpo =    48 DW = 5.08e-28 Error = 2.66e-13 NNZ =     2210 SPT = 0.0204 Tsvd = 0.001 T = 0.047
 Site =    48 /   169 .. Mmpo =    48 DW = 7.75e-17 Error = 8.81e-09 NNZ =     2257 SPT = 0.0204 Tsvd = 0.001 T = 0.047
 Site =    49 /   169 .. Mmpo =    49 DW = 5.11e-27 Error = 2.20e-13 NNZ =     2305 SPT = 0.0200 Tsvd = 0.001 T = 0.047
 Site =    50 /   169 .. Mmpo =    49 DW = 9.16e-17 Error = 9.57e-09 NNZ =     2353 SPT = 0.0200 Tsvd = 0.001 T = 0.048
 Site =    51 /   169 .. Mmpo =    50 DW = 2.79e-27 Error = 2.29e-13 NNZ =     2402 SPT = 0.0196 Tsvd = 0.001 T = 0.046
 Site =    52 /   169 .. Mmpo =    51 DW = 1.83e-27 Error = 9.66e-13 NNZ =     2500 SPT = 0.0196 Tsvd = 0.001 T = 0.048
 Site =    53 /   169 .. Mmpo =    52 DW = 2.37e-27 Error = 1.24e-12 NNZ =     2601 SPT = 0.0192 Tsvd = 0.001 T = 0.050
 Site =    54 /   169 .. Mmpo =    52 DW = 6.61e-17 Error = 8.13e-09 NNZ =     2653 SPT = 0.0189 Tsvd = 0.002 T = 0.050
 Site =    55 /   169 .. Mmpo =    53 DW = 8.51e-26 Error = 1.88e-12 NNZ =     2704 SPT = 0.0189 Tsvd = 0.001 T = 0.050
 Site =    56 /   169 .. Mmpo =    53 DW = 4.14e-17 Error = 6.43e-09 NNZ =     2755 SPT = 0.0192 Tsvd = 0.002 T = 0.051
 Site =    57 /   169 .. Mmpo =    53 DW = 5.16e-17 Error = 7.18e-09 NNZ =     2756 SPT = 0.0189 Tsvd = 0.001 T = 0.049
 Site =    58 /   169 .. Mmpo =    53 DW = 3.44e-17 Error = 5.86e-09 NNZ =     2757 SPT = 0.0185 Tsvd = 0.001 T = 0.048
 Site =    59 /   169 .. Mmpo =    54 DW = 1.18e-25 Error = 1.09e-12 NNZ =     2809 SPT = 0.0185 Tsvd = 0.001 T = 0.048
 Site =    60 /   169 .. Mmpo =    54 DW = 5.75e-17 Error = 7.58e-09 NNZ =     2862 SPT = 0.0185 Tsvd = 0.001 T = 0.048
 Site =    61 /   169 .. Mmpo =    54 DW = 9.11e-17 Error = 9.54e-09 NNZ =     2862 SPT = 0.0185 Tsvd = 0.001 T = 0.047
 Site =    62 /   169 .. Mmpo =    55 DW = 6.40e-25 Error = 9.11e-13 NNZ =     2917 SPT = 0.0178 Tsvd = 0.001 T = 0.048
 Site =    63 /   169 .. Mmpo =    55 DW = 4.04e-17 Error = 6.35e-09 NNZ =     2970 SPT = 0.0182 Tsvd = 0.004 T = 0.051
 Site =    64 /   169 .. Mmpo =    55 DW = 6.69e-17 Error = 8.18e-09 NNZ =     2969 SPT = 0.0185 Tsvd = 0.002 T = 0.047
 Site =    65 /   169 .. Mmpo =    56 DW = 1.08e-25 Error = 3.85e-13 NNZ =     3025 SPT = 0.0179 Tsvd = 0.002 T = 0.047
 Site =    66 /   169 .. Mmpo =    56 DW = 8.06e-17 Error = 8.98e-09 NNZ =     3080 SPT = 0.0179 Tsvd = 0.002 T = 0.050
 Site =    67 /   169 .. Mmpo =    56 DW = 3.77e-17 Error = 6.14e-09 NNZ =     3076 SPT = 0.0191 Tsvd = 0.002 T = 0.050
 Site =    68 /   169 .. Mmpo =    57 DW = 1.44e-24 Error = 1.25e-12 NNZ =     3135 SPT = 0.0179 Tsvd = 0.001 T = 0.048
 Site =    69 /   169 .. Mmpo =    57 DW = 1.84e-17 Error = 4.29e-09 NNZ =     3191 SPT = 0.0179 Tsvd = 0.002 T = 0.048
 Site =    70 /   169 .. Mmpo =    57 DW = 3.04e-17 Error = 5.51e-09 NNZ =     3189 SPT = 0.0185 Tsvd = 0.002 T = 0.048
 Site =    71 /   169 .. Mmpo =    57 DW = 2.34e-17 Error = 4.84e-09 NNZ =     3190 SPT = 0.0182 Tsvd = 0.002 T = 0.048
 Site =    72 /   169 .. Mmpo =    58 DW = 2.63e-25 Error = 5.78e-13 NNZ =     3245 SPT = 0.0185 Tsvd = 0.001 T = 0.047
 Site =    73 /   169 .. Mmpo =    58 DW = 2.72e-17 Error = 5.22e-09 NNZ =     3303 SPT = 0.0181 Tsvd = 0.001 T = 0.047
 Site =    74 /   169 .. Mmpo =    57 DW = 9.78e-17 Error = 9.89e-09 NNZ =     3246 SPT = 0.0181 Tsvd = 0.001 T = 0.047
 Site =    75 /   169 .. Mmpo =    58 DW = 2.44e-25 Error = 5.18e-13 NNZ =     3247 SPT = 0.0178 Tsvd = 0.002 T = 0.046
 Site =    76 /   169 .. Mmpo =    57 DW = 1.29e-16 Error = 1.13e-08 NNZ =     3247 SPT = 0.0178 Tsvd = 0.001 T = 0.047
 Site =    77 /   169 .. Mmpo =    57 DW = 6.03e-17 Error = 7.77e-09 NNZ =     3192 SPT = 0.0175 Tsvd = 0.001 T = 0.044
 Site =    78 /   169 .. Mmpo =    57 DW = 2.75e-17 Error = 5.25e-09 NNZ =     3181 SPT = 0.0209 Tsvd = 0.001 T = 0.044
 Site =    79 /   169 .. Mmpo =    57 DW = 9.58e-17 Error = 9.79e-09 NNZ =     3191 SPT = 0.0179 Tsvd = 0.001 T = 0.045
 Site =    80 /   169 .. Mmpo =    57 DW = 4.01e-17 Error = 6.33e-09 NNZ =     3192 SPT = 0.0175 Tsvd = 0.001 T = 0.045
 Site =    81 /   169 .. Mmpo =    58 DW = 2.50e-24 Error = 1.60e-12 NNZ =     3247 SPT = 0.0178 Tsvd = 0.001 T = 0.046
 Site =    82 /   169 .. Mmpo =    58 DW = 1.40e-17 Error = 3.74e-09 NNZ =     3304 SPT = 0.0178 Tsvd = 0.001 T = 0.046
 Site =    83 /   169 .. Mmpo =    57 DW = 9.00e-17 Error = 9.49e-09 NNZ =     3244 SPT = 0.0188 Tsvd = 0.001 T = 0.044
 Site =    84 /   169 .. Mmpo =    57 DW = 2.18e-17 Error = 4.67e-09 NNZ =     3179 SPT = 0.0215 Tsvd = 0.001 T = 0.042
 Site =    85 /   169 .. Mmpo =    58 DW = 9.84e-25 Error = 3.25e-12 NNZ =     3245 SPT = 0.0185 Tsvd = 0.001 T = 0.042
 Site =    86 /   169 .. Mmpo =    58 DW = 2.16e-17 Error = 4.65e-09 NNZ =     3302 SPT = 0.0184 Tsvd = 0.001 T = 0.043
 Site =    87 /   169 .. Mmpo =    57 DW = 9.01e-17 Error = 9.49e-09 NNZ =     3245 SPT = 0.0185 Tsvd = 0.001 T = 0.041
 Site =    88 /   169 .. Mmpo =    57 DW = 9.46e-17 Error = 9.72e-09 NNZ =     3190 SPT = 0.0182 Tsvd = 0.001 T = 0.040
 Site =    89 /   169 .. Mmpo =    57 DW = 7.96e-17 Error = 8.92e-09 NNZ =     3190 SPT = 0.0182 Tsvd = 0.001 T = 0.040
 Site =    90 /   169 .. Mmpo =    57 DW = 5.18e-17 Error = 7.19e-09 NNZ =     3192 SPT = 0.0175 Tsvd = 0.001 T = 0.039
 Site =    91 /   169 .. Mmpo =    57 DW = 3.53e-17 Error = 5.94e-09 NNZ =     3192 SPT = 0.0175 Tsvd = 0.001 T = 0.039
 Site =    92 /   169 .. Mmpo =    56 DW = 1.21e-16 Error = 1.10e-08 NNZ =     3134 SPT = 0.0182 Tsvd = 0.001 T = 0.040
 Site =    93 /   169 .. Mmpo =    57 DW = 2.21e-24 Error = 1.97e-12 NNZ =     3137 SPT = 0.0172 Tsvd = 0.001 T = 0.038
 Site =    94 /   169 .. Mmpo =    58 DW = 8.28e-25 Error = 1.66e-12 NNZ =     3247 SPT = 0.0178 Tsvd = 0.001 T = 0.038
 Site =    95 /   169 .. Mmpo =    58 DW = 7.10e-18 Error = 2.66e-09 NNZ =     3304 SPT = 0.0178 Tsvd = 0.001 T = 0.038
 Site =    96 /   169 .. Mmpo =    57 DW = 5.67e-17 Error = 7.53e-09 NNZ =     3245 SPT = 0.0185 Tsvd = 0.001 T = 0.038
 Site =    97 /   169 .. Mmpo =    56 DW = 1.04e-16 Error = 1.02e-08 NNZ =     3133 SPT = 0.0185 Tsvd = 0.001 T = 0.038
 Site =    98 /   169 .. Mmpo =    57 DW = 1.19e-24 Error = 1.52e-12 NNZ =     3135 SPT = 0.0179 Tsvd = 0.001 T = 0.036
 Site =    99 /   169 .. Mmpo =    57 DW = 1.38e-17 Error = 3.72e-09 NNZ =     3189 SPT = 0.0185 Tsvd = 0.003 T = 0.038
 Site =   100 /   169 .. Mmpo =    56 DW = 7.82e-17 Error = 8.84e-09 NNZ =     3132 SPT = 0.0188 Tsvd = 0.001 T = 0.035
 Site =   101 /   169 .. Mmpo =    56 DW = 6.93e-17 Error = 8.33e-09 NNZ =     3079 SPT = 0.0182 Tsvd = 0.001 T = 0.035
 Site =   102 /   169 .. Mmpo =    56 DW = 1.65e-17 Error = 4.07e-09 NNZ =     3079 SPT = 0.0182 Tsvd = 0.001 T = 0.035
 Site =   103 /   169 .. Mmpo =    55 DW = 4.56e-17 Error = 6.75e-09 NNZ =     3023 SPT = 0.0185 Tsvd = 0.001 T = 0.034
 Site =   104 /   169 .. Mmpo =    54 DW = 1.12e-16 Error = 1.06e-08 NNZ =     2915 SPT = 0.0185 Tsvd = 0.001 T = 0.033
 Site =   105 /   169 .. Mmpo =    54 DW = 7.42e-17 Error = 8.61e-09 NNZ =     2862 SPT = 0.0185 Tsvd = 0.001 T = 0.032
 Site =   106 /   169 .. Mmpo =    54 DW = 7.05e-17 Error = 8.40e-09 NNZ =     2862 SPT = 0.0185 Tsvd = 0.001 T = 0.031
 Site =   107 /   169 .. Mmpo =    54 DW = 3.35e-17 Error = 5.79e-09 NNZ =     2861 SPT = 0.0189 Tsvd = 0.001 T = 0.031
 Site =   108 /   169 .. Mmpo =    54 DW = 2.41e-18 Error = 1.55e-09 NNZ =     2861 SPT = 0.0189 Tsvd = 0.001 T = 0.031
 Site =   109 /   169 .. Mmpo =    53 DW = 3.95e-17 Error = 6.29e-09 NNZ =     2806 SPT = 0.0196 Tsvd = 0.001 T = 0.030
 Site =   110 /   169 .. Mmpo =    53 DW = 5.92e-18 Error = 2.43e-09 NNZ =     2747 SPT = 0.0221 Tsvd = 0.001 T = 0.029
 Site =   111 /   169 .. Mmpo =    53 DW = 3.20e-17 Error = 5.66e-09 NNZ =     2752 SPT = 0.0203 Tsvd = 0.001 T = 0.029
 Site =   112 /   169 .. Mmpo =    53 DW = 1.06e-17 Error = 3.26e-09 NNZ =     2755 SPT = 0.0192 Tsvd = 0.001 T = 0.028
 Site =   113 /   169 .. Mmpo =    52 DW = 6.13e-17 Error = 7.83e-09 NNZ =     2701 SPT = 0.0200 Tsvd = 0.001 T = 0.028
 Site =   114 /   169 .. Mmpo =    52 DW = 1.78e-17 Error = 4.21e-09 NNZ =     2652 SPT = 0.0192 Tsvd = 0.001 T = 0.027
 Site =   115 /   169 .. Mmpo =    51 DW = 2.30e-18 Error = 1.52e-09 NNZ =     2600 SPT = 0.0196 Tsvd = 0.001 T = 0.026
 Site =   116 /   169 .. Mmpo =    50 DW = 4.44e-18 Error = 2.11e-09 NNZ =     2498 SPT = 0.0204 Tsvd = 0.001 T = 0.025
 Site =   117 /   169 .. Mmpo =    49 DW = 9.57e-17 Error = 9.78e-09 NNZ =     2400 SPT = 0.0204 Tsvd = 0.001 T = 0.024
 Site =   118 /   169 .. Mmpo =    49 DW = 3.55e-17 Error = 5.96e-09 NNZ =     2351 SPT = 0.0208 Tsvd = 0.001 T = 0.024
 Site =   119 /   169 .. Mmpo =    48 DW = 8.94e-18 Error = 2.99e-09 NNZ =     2303 SPT = 0.0208 Tsvd = 0.001 T = 0.023
 Site =   120 /   169 .. Mmpo =    48 DW = 9.79e-19 Error = 9.90e-10 NNZ =     2256 SPT = 0.0208 Tsvd = 0.001 T = 0.022
 Site =   121 /   169 .. Mmpo =    47 DW = 9.05e-18 Error = 3.01e-09 NNZ =     2207 SPT = 0.0217 Tsvd = 0.001 T = 0.022
 Site =   122 /   169 .. Mmpo =    46 DW = 9.14e-17 Error = 9.56e-09 NNZ =     2114 SPT = 0.0222 Tsvd = 0.001 T = 0.021
 Site =   123 /   169 .. Mmpo =    46 DW = 1.98e-18 Error = 1.41e-09 NNZ =     2070 SPT = 0.0217 Tsvd = 0.001 T = 0.020
 Site =   124 /   169 .. Mmpo =    45 DW = 5.19e-17 Error = 7.20e-09 NNZ =     2022 SPT = 0.0232 Tsvd = 0.001 T = 0.020
 Site =   125 /   169 .. Mmpo =    45 DW = 6.00e-38 Error = 2.00e-13 NNZ =     1980 SPT = 0.0222 Tsvd = 0.001 T = 0.019
 Site =   126 /   169 .. Mmpo =    44 DW = 2.35e-37 Error = 2.17e-13 NNZ =     1933 SPT = 0.0237 Tsvd = 0.001 T = 0.019
 Site =   127 /   169 .. Mmpo =    43 DW = 5.41e-39 Error = 2.32e-13 NNZ =     1849 SPT = 0.0227 Tsvd = 0.001 T = 0.018
 Site =   128 /   169 .. Mmpo =    42 DW = 8.74e-42 Error = 1.56e-13 NNZ =     1763 SPT = 0.0238 Tsvd = 0.001 T = 0.017
 Site =   129 /   169 .. Mmpo =    41 DW = 1.06e-38 Error = 9.92e-13 NNZ =     1680 SPT = 0.0244 Tsvd = 0.001 T = 0.016
 Site =   130 /   169 .. Mmpo =    40 DW = 4.95e-39 Error = 1.66e-13 NNZ =     1600 SPT = 0.0244 Tsvd = 0.000 T = 0.016
 Site =   131 /   169 .. Mmpo =    39 DW = 3.44e-38 Error = 1.61e-13 NNZ =     1521 SPT = 0.0250 Tsvd = 0.000 T = 0.015
 Site =   132 /   169 .. Mmpo =    38 DW = 3.13e-37 Error = 2.13e-13 NNZ =     1444 SPT = 0.0256 Tsvd = 0.000 T = 0.014
 Site =   133 /   169 .. Mmpo =    37 DW = 4.71e-40 Error = 2.12e-13 NNZ =     1369 SPT = 0.0263 Tsvd = 0.000 T = 0.013
 Site =   134 /   169 .. Mmpo =    36 DW = 9.40e-38 Error = 1.53e-13 NNZ =     1296 SPT = 0.0270 Tsvd = 0.000 T = 0.013
 Site =   135 /   169 .. Mmpo =    35 DW = 7.71e-38 Error = 1.95e-13 NNZ =     1225 SPT = 0.0278 Tsvd = 0.000 T = 0.012
 Site =   136 /   169 .. Mmpo =    34 DW = 1.96e-37 Error = 3.79e-13 NNZ =     1156 SPT = 0.0286 Tsvd = 0.000 T = 0.011
 Site =   137 /   169 .. Mmpo =    33 DW = 1.27e-37 Error = 2.33e-13 NNZ =     1089 SPT = 0.0294 Tsvd = 0.000 T = 0.011
 Site =   138 /   169 .. Mmpo =    32 DW = 2.40e-39 Error = 1.67e-13 NNZ =     1024 SPT = 0.0303 Tsvd = 0.000 T = 0.010
 Site =   139 /   169 .. Mmpo =    31 DW = 1.15e-39 Error = 1.79e-13 NNZ =      961 SPT = 0.0312 Tsvd = 0.000 T = 0.009
 Site =   140 /   169 .. Mmpo =    30 DW = 7.94e-43 Error = 4.24e-12 NNZ =      900 SPT = 0.0323 Tsvd = 0.000 T = 0.009
 Site =   141 /   169 .. Mmpo =    29 DW = 7.88e-39 Error = 3.04e-12 NNZ =      841 SPT = 0.0333 Tsvd = 0.000 T = 0.008
 Site =   142 /   169 .. Mmpo =    28 DW = 4.75e-39 Error = 4.57e-13 NNZ =      784 SPT = 0.0345 Tsvd = 0.000 T = 0.008
 Site =   143 /   169 .. Mmpo =    27 DW = 3.87e-37 Error = 1.89e-12 NNZ =      729 SPT = 0.0357 Tsvd = 0.000 T = 0.007
 Site =   144 /   169 .. Mmpo =    26 DW = 2.70e-38 Error = 3.33e-12 NNZ =      676 SPT = 0.0370 Tsvd = 0.000 T = 0.007
 Site =   145 /   169 .. Mmpo =    25 DW = 1.25e-38 Error = 3.41e-12 NNZ =      625 SPT = 0.0385 Tsvd = 0.000 T = 0.006
 Site =   146 /   169 .. Mmpo =    24 DW = 1.42e-40 Error = 3.35e-12 NNZ =      576 SPT = 0.0400 Tsvd = 0.000 T = 0.006
 Site =   147 /   169 .. Mmpo =    23 DW = 2.92e-40 Error = 3.14e-12 NNZ =      529 SPT = 0.0417 Tsvd = 0.000 T = 0.005
 Site =   148 /   169 .. Mmpo =    22 DW = 1.35e-39 Error = 3.93e-12 NNZ =      484 SPT = 0.0435 Tsvd = 0.000 T = 0.005
 Site =   149 /   169 .. Mmpo =    21 DW = 3.41e-39 Error = 2.90e-12 NNZ =      441 SPT = 0.0455 Tsvd = 0.000 T = 0.005
 Site =   150 /   169 .. Mmpo =    20 DW = 1.08e-38 Error = 2.75e-12 NNZ =      400 SPT = 0.0476 Tsvd = 0.000 T = 0.004
 Site =   151 /   169 .. Mmpo =    19 DW = 7.24e-39 Error = 3.34e-12 NNZ =      361 SPT = 0.0500 Tsvd = 0.000 T = 0.004
 Site =   152 /   169 .. Mmpo =    18 DW = 1.00e-38 Error = 3.11e-12 NNZ =      324 SPT = 0.0526 Tsvd = 0.000 T = 0.003
 Site =   153 /   169 .. Mmpo =    17 DW = 1.44e-38 Error = 1.81e-12 NNZ =      289 SPT = 0.0556 Tsvd = 0.000 T = 0.003
 Site =   154 /   169 .. Mmpo =    16 DW = 1.78e-38 Error = 1.28e-12 NNZ =      256 SPT = 0.0588 Tsvd = 0.000 T = 0.003
 Site =   155 /   169 .. Mmpo =    15 DW = 1.29e-38 Error = 2.84e-13 NNZ =      225 SPT = 0.0625 Tsvd = 0.000 T = 0.002
 Site =   156 /   169 .. Mmpo =    14 DW = 3.32e-40 Error = 1.85e-13 NNZ =      196 SPT = 0.0667 Tsvd = 0.000 T = 0.002
 Site =   157 /   169 .. Mmpo =    13 DW = 6.84e-39 Error = 1.62e-13 NNZ =      169 SPT = 0.0714 Tsvd = 0.000 T = 0.002
 Site =   158 /   169 .. Mmpo =    12 DW = 1.37e-39 Error = 1.63e-13 NNZ =      144 SPT = 0.0769 Tsvd = 0.000 T = 0.002
 Site =   159 /   169 .. Mmpo =    11 DW = 1.27e-39 Error = 1.14e-13 NNZ =      121 SPT = 0.0833 Tsvd = 0.006 T = 0.007
 Site =   160 /   169 .. Mmpo =    10 DW = 5.97e-40 Error = 2.32e-13 NNZ =      100 SPT = 0.0909 Tsvd = 0.000 T = 0.001
 Site =   161 /   169 .. Mmpo =     9 DW = 3.10e-39 Error = 1.22e-13 NNZ =       81 SPT = 0.1000 Tsvd = 0.000 T = 0.001
 Site =   162 /   169 .. Mmpo =     8 DW = 1.18e-38 Error = 1.81e-13 NNZ =       64 SPT = 0.1111 Tsvd = 0.000 T = 0.001
 Site =   163 /   169 .. Mmpo =     7 DW = 5.91e-42 Error = 1.27e-13 NNZ =       49 SPT = 0.1250 Tsvd = 0.000 T = 0.001
 Site =   164 /   169 .. Mmpo =     6 DW = 5.18e-39 Error = 7.82e-14 NNZ =       36 SPT = 0.1429 Tsvd = 0.000 T = 0.000
 Site =   165 /   169 .. Mmpo =     5 DW = 9.52e-40 Error = 1.16e-13 NNZ =       25 SPT = 0.1667 Tsvd = 0.000 T = 0.000
 Site =   166 /   169 .. Mmpo =     4 DW = 7.47e-42 Error = 2.93e-13 NNZ =       16 SPT = 0.2000 Tsvd = 0.007 T = 0.007
 Site =   167 /   169 .. Mmpo =     3 DW = 0.00e+00 Error = 1.19e-13 NNZ =        9 SPT = 0.2500 Tsvd = 0.000 T = 0.000
 Site =   168 /   169 .. Mmpo =     1 DW = 0.00e+00 Error = 3.61e-14 NNZ =        3 SPT = 0.0000 Tsvd = 0.000 T = 0.000
Ttotal =      5.052 Tsvd-total = 0.283 MPO bond dimension =    58 MaxDW = 1.29e-16 Total error = 5.63e-08
NNZ =       294574 SIZE =       301072 SPT = 0.0216

Rank =     0 Ttotal =      5.089 MPO method = FastSVD bond dimension =      58 NNZ =       294574 SIZE =       301072 SPT = 0.0216
Environment initialization | Nsites =   169 | Center =     0
 INIT-R <-- Site =  167 ..  Bmem =   128 B Rmem =   128 B T = 0.03
 INIT-R <-- Site =  166 ..  Bmem =   640 B Rmem =   640 B T = 0.01
 INIT-R <-- Site =  165 ..  Bmem = 3.00 KB Rmem = 3.00 KB T = 0.01
 INIT-R <-- Site =  164 ..  Bmem = 14.0 KB Rmem = 14.0 KB T = 0.01
 INIT-R <-- Site =  163 ..  Bmem = 64.0 KB Rmem = 64.0 KB T = 0.01
 INIT-R <-- Site =  162 ..  Bmem =  288 KB Rmem =  288 KB T = 0.01
 INIT-R <-- Site =  161 ..  Bmem = 1.25 MB Rmem = 1.25 MB T = 0.01
 INIT-R <-- Site =  160 ..  Bmem = 5.50 MB Rmem = 5.50 MB T = 0.04
 INIT-R <-- Site =  159 ..  Bmem = 24.0 MB Rmem = 22.9 MB T = 0.18
 INIT-R <-- Site =  158 ..  Bmem = 99.2 MB Rmem = 24.8 MB T = 0.42
 INIT-R <-- Site =  157 ..  Bmem =  107 MB Rmem = 26.7 MB T = 0.49
 INIT-R <-- Site =  156 ..  Bmem =  114 MB Rmem = 28.6 MB T = 0.51
 INIT-R <-- Site =  155 ..  Bmem =  122 MB Rmem = 30.5 MB T = 0.52
 INIT-R <-- Site =  154 ..  Bmem =  130 MB Rmem = 32.4 MB T = 0.57
 INIT-R <-- Site =  153 ..  Bmem =  137 MB Rmem = 34.3 MB T = 0.63
 INIT-R <-- Site =  152 ..  Bmem =  145 MB Rmem = 36.2 MB T = 0.64
 INIT-R <-- Site =  151 ..  Bmem =  153 MB Rmem = 38.1 MB T = 0.72
 INIT-R <-- Site =  150 ..  Bmem =  160 MB Rmem = 40.1 MB T = 0.75
 INIT-R <-- Site =  149 ..  Bmem =  168 MB Rmem = 42.0 MB T = 0.82
 INIT-R <-- Site =  148 ..  Bmem =  175 MB Rmem = 43.9 MB T = 0.81
 INIT-R <-- Site =  147 ..  Bmem =  183 MB Rmem = 45.8 MB T = 0.79
 INIT-R <-- Site =  146 ..  Bmem =  191 MB Rmem = 47.7 MB T = 0.81
 INIT-R <-- Site =  145 ..  Bmem =  198 MB Rmem = 49.6 MB T = 0.86
 INIT-R <-- Site =  144 ..  Bmem =  206 MB Rmem = 51.5 MB T = 0.90
 INIT-R <-- Site =  143 ..  Bmem =  214 MB Rmem = 53.4 MB T = 0.95
 INIT-R <-- Site =  142 ..  Bmem =  221 MB Rmem = 55.3 MB T = 1.00
 INIT-R <-- Site =  141 ..  Bmem =  229 MB Rmem = 57.2 MB T = 1.04
 INIT-R <-- Site =  140 ..  Bmem =  237 MB Rmem = 59.1 MB T = 1.08
 INIT-R <-- Site =  139 ..  Bmem =  244 MB Rmem = 61.0 MB T = 1.16
 INIT-R <-- Site =  138 ..  Bmem =  252 MB Rmem = 62.9 MB T = 1.18
 INIT-R <-- Site =  137 ..  Bmem =  259 MB Rmem = 64.8 MB T = 1.24
 INIT-R <-- Site =  136 ..  Bmem =  267 MB Rmem = 66.8 MB T = 1.28
 INIT-R <-- Site =  135 ..  Bmem =  275 MB Rmem = 68.7 MB T = 1.33
 INIT-R <-- Site =  134 ..  Bmem =  282 MB Rmem = 70.6 MB T = 1.39
 INIT-R <-- Site =  133 ..  Bmem =  290 MB Rmem = 72.5 MB T = 1.45
 INIT-R <-- Site =  132 ..  Bmem =  298 MB Rmem = 74.4 MB T = 1.49
 INIT-R <-- Site =  131 ..  Bmem =  305 MB Rmem = 76.3 MB T = 1.57
 INIT-R <-- Site =  130 ..  Bmem =  313 MB Rmem = 78.2 MB T = 1.64
 INIT-R <-- Site =  129 ..  Bmem =  320 MB Rmem = 80.1 MB T = 1.66
 INIT-R <-- Site =  128 ..  Bmem =  328 MB Rmem = 82.0 MB T = 1.75
 INIT-R <-- Site =  127 ..  Bmem =  336 MB Rmem = 83.9 MB T = 1.80
 INIT-R <-- Site =  126 ..  Bmem =  343 MB Rmem = 85.8 MB T = 1.82
 INIT-R <-- Site =  125 ..  Bmem =  351 MB Rmem = 87.7 MB T = 1.89
 INIT-R <-- Site =  124 ..  Bmem =  351 MB Rmem = 87.7 MB T = 1.92
 INIT-R <-- Site =  123 ..  Bmem =  359 MB Rmem = 89.6 MB T = 1.97
 INIT-R <-- Site =  122 ..  Bmem =  359 MB Rmem = 89.6 MB T = 1.95
 INIT-R <-- Site =  121 ..  Bmem =  366 MB Rmem = 91.6 MB T = 2.04
 INIT-R <-- Site =  120 ..  Bmem =  374 MB Rmem = 93.5 MB T = 2.09
 INIT-R <-- Site =  119 ..  Bmem =  374 MB Rmem = 93.5 MB T = 2.11
 INIT-R <-- Site =  118 ..  Bmem =  381 MB Rmem = 95.4 MB T = 2.17
 INIT-R <-- Site =  117 ..  Bmem =  381 MB Rmem = 95.4 MB T = 2.16
 INIT-R <-- Site =  116 ..  Bmem =  389 MB Rmem = 97.3 MB T = 2.28
 INIT-R <-- Site =  115 ..  Bmem =  397 MB Rmem = 99.2 MB T = 2.51
 INIT-R <-- Site =  114 ..  Bmem =  404 MB Rmem =  101 MB T = 2.69
 INIT-R <-- Site =  113 ..  Bmem =  404 MB Rmem =  101 MB T = 2.72
 INIT-R <-- Site =  112 ..  Bmem =  412 MB Rmem =  103 MB T = 2.94
 INIT-R <-- Site =  111 ..  Bmem =  412 MB Rmem =  103 MB T = 2.97
 INIT-R <-- Site =  110 ..  Bmem =  412 MB Rmem =  103 MB T = 2.84
 INIT-R <-- Site =  109 ..  Bmem =  412 MB Rmem =  103 MB T = 2.91
 INIT-R <-- Site =  108 ..  Bmem =  420 MB Rmem =  105 MB T = 2.67
 INIT-R <-- Site =  107 ..  Bmem =  420 MB Rmem =  105 MB T = 2.80
 INIT-R <-- Site =  106 ..  Bmem =  420 MB Rmem =  105 MB T = 2.90
 INIT-R <-- Site =  105 ..  Bmem =  420 MB Rmem =  105 MB T = 2.62
 INIT-R <-- Site =  104 ..  Bmem =  420 MB Rmem =  105 MB T = 2.92
 INIT-R <-- Site =  103 ..  Bmem =  427 MB Rmem =  107 MB T = 3.00
 INIT-R <-- Site =  102 ..  Bmem =  435 MB Rmem =  109 MB T = 2.91
 INIT-R <-- Site =  101 ..  Bmem =  435 MB Rmem =  109 MB T = 3.09
 INIT-R <-- Site =  100 ..  Bmem =  435 MB Rmem =  109 MB T = 3.13
 INIT-R <-- Site =   99 ..  Bmem =  443 MB Rmem =  111 MB T = 2.83
 INIT-R <-- Site =   98 ..  Bmem =  443 MB Rmem =  111 MB T = 2.81
 INIT-R <-- Site =   97 ..  Bmem =  435 MB Rmem =  109 MB T = 2.73
 INIT-R <-- Site =   96 ..  Bmem =  443 MB Rmem =  111 MB T = 2.77
 INIT-R <-- Site =   95 ..  Bmem =  450 MB Rmem =  113 MB T = 2.74
 INIT-R <-- Site =   94 ..  Bmem =  450 MB Rmem =  113 MB T = 2.73
 INIT-R <-- Site =   93 ..  Bmem =  443 MB Rmem =  111 MB T = 2.76
 INIT-R <-- Site =   92 ..  Bmem =  435 MB Rmem =  109 MB T = 3.03
 INIT-R <-- Site =   91 ..  Bmem =  443 MB Rmem =  111 MB T = 3.09
 INIT-R <-- Site =   90 ..  Bmem =  443 MB Rmem =  111 MB T = 2.78
 INIT-R <-- Site =   89 ..  Bmem =  443 MB Rmem =  111 MB T = 2.60
 INIT-R <-- Site =   88 ..  Bmem =  443 MB Rmem =  111 MB T = 2.63
 INIT-R <-- Site =   87 ..  Bmem =  443 MB Rmem =  111 MB T = 2.91
 INIT-R <-- Site =   86 ..  Bmem =  450 MB Rmem =  113 MB T = 3.00
 INIT-R <-- Site =   85 ..  Bmem =  450 MB Rmem =  113 MB T = 3.04
 INIT-R <-- Site =   84 ..  Bmem =  443 MB Rmem =  111 MB T = 2.79
 INIT-R <-- Site =   83 ..  Bmem =  443 MB Rmem =  111 MB T = 2.78
 INIT-R <-- Site =   82 ..  Bmem =  450 MB Rmem =  113 MB T = 2.99
 INIT-R <-- Site =   81 ..  Bmem =  450 MB Rmem =  113 MB T = 3.00
 INIT-R <-- Site =   80 ..  Bmem =  443 MB Rmem =  111 MB T = 2.73
 INIT-R <-- Site =   79 ..  Bmem =  443 MB Rmem =  111 MB T = 2.73
 INIT-R <-- Site =   78 ..  Bmem =  443 MB Rmem =  111 MB T = 3.13
 INIT-R <-- Site =   77 ..  Bmem =  443 MB Rmem =  111 MB T = 3.03
 INIT-R <-- Site =   76 ..  Bmem =  443 MB Rmem =  111 MB T = 3.09
 INIT-R <-- Site =   75 ..  Bmem =  450 MB Rmem =  113 MB T = 3.34
 INIT-R <-- Site =   74 ..  Bmem =  443 MB Rmem =  111 MB T = 3.30
 INIT-R <-- Site =   73 ..  Bmem =  450 MB Rmem =  113 MB T = 3.14
 INIT-R <-- Site =   72 ..  Bmem =  450 MB Rmem =  113 MB T = 3.21
 INIT-R <-- Site =   71 ..  Bmem =  443 MB Rmem =  111 MB T = 3.03
 INIT-R <-- Site =   70 ..  Bmem =  443 MB Rmem =  111 MB T = 2.73
 INIT-R <-- Site =   69 ..  Bmem =  443 MB Rmem =  111 MB T = 2.69
 INIT-R <-- Site =   68 ..  Bmem =  443 MB Rmem =  111 MB T = 2.73
 INIT-R <-- Site =   67 ..  Bmem =  435 MB Rmem =  109 MB T = 2.66
 INIT-R <-- Site =   66 ..  Bmem =  435 MB Rmem =  109 MB T = 2.66
 INIT-R <-- Site =   65 ..  Bmem =  435 MB Rmem =  109 MB T = 2.63
 INIT-R <-- Site =   64 ..  Bmem =  427 MB Rmem =  107 MB T = 2.61
 INIT-R <-- Site =   63 ..  Bmem =  427 MB Rmem =  107 MB T = 2.60
 INIT-R <-- Site =   62 ..  Bmem =  427 MB Rmem =  107 MB T = 2.81
 INIT-R <-- Site =   61 ..  Bmem =  420 MB Rmem =  105 MB T = 2.55
 INIT-R <-- Site =   60 ..  Bmem =  420 MB Rmem =  105 MB T = 2.49
 INIT-R <-- Site =   59 ..  Bmem =  420 MB Rmem =  105 MB T = 2.48
 INIT-R <-- Site =   58 ..  Bmem =  412 MB Rmem =  103 MB T = 2.49
 INIT-R <-- Site =   57 ..  Bmem =  412 MB Rmem =  103 MB T = 2.42
 INIT-R <-- Site =   56 ..  Bmem =  412 MB Rmem =  103 MB T = 2.46
 INIT-R <-- Site =   55 ..  Bmem =  412 MB Rmem =  103 MB T = 2.44
 INIT-R <-- Site =   54 ..  Bmem =  404 MB Rmem =  101 MB T = 2.39
 INIT-R <-- Site =   53 ..  Bmem =  404 MB Rmem =  101 MB T = 2.35
 INIT-R <-- Site =   52 ..  Bmem =  397 MB Rmem = 99.2 MB T = 2.32
 INIT-R <-- Site =   51 ..  Bmem =  389 MB Rmem = 97.3 MB T = 2.40
 INIT-R <-- Site =   50 ..  Bmem =  381 MB Rmem = 95.4 MB T = 2.36
 INIT-R <-- Site =   49 ..  Bmem =  381 MB Rmem = 95.4 MB T = 2.47
 INIT-R <-- Site =   48 ..  Bmem =  374 MB Rmem = 93.5 MB T = 2.42
 INIT-R <-- Site =   47 ..  Bmem =  374 MB Rmem = 93.5 MB T = 2.43
 INIT-R <-- Site =   46 ..  Bmem =  366 MB Rmem = 91.6 MB T = 2.57
 INIT-R <-- Site =   45 ..  Bmem =  366 MB Rmem = 91.6 MB T = 6.22
 INIT-R <-- Site =   44 ..  Bmem =  359 MB Rmem = 89.6 MB T = 2.45
 INIT-R <-- Site =   43 ..  Bmem =  351 MB Rmem = 87.7 MB T = 2.25
 INIT-R <-- Site =   42 ..  Bmem =  351 MB Rmem = 87.7 MB T = 2.25
 INIT-R <-- Site =   41 ..  Bmem =  343 MB Rmem = 85.8 MB T = 2.13
 INIT-R <-- Site =   40 ..  Bmem =  336 MB Rmem = 83.9 MB T = 2.00
 INIT-R <-- Site =   39 ..  Bmem =  328 MB Rmem = 82.0 MB T = 1.94
 INIT-R <-- Site =   38 ..  Bmem =  320 MB Rmem = 80.1 MB T = 1.68
 INIT-R <-- Site =   37 ..  Bmem =  313 MB Rmem = 78.2 MB T = 1.71
 INIT-R <-- Site =   36 ..  Bmem =  305 MB Rmem = 76.3 MB T = 1.84
 INIT-R <-- Site =   35 ..  Bmem =  298 MB Rmem = 74.4 MB T = 1.75
 INIT-R <-- Site =   34 ..  Bmem =  290 MB Rmem = 72.5 MB T = 1.70
 INIT-R <-- Site =   33 ..  Bmem =  282 MB Rmem = 70.6 MB T = 1.63
 INIT-R <-- Site =   32 ..  Bmem =  275 MB Rmem = 68.7 MB T = 1.47
 INIT-R <-- Site =   31 ..  Bmem =  267 MB Rmem = 66.8 MB T = 1.55
 INIT-R <-- Site =   30 ..  Bmem =  259 MB Rmem = 64.8 MB T = 1.39
 INIT-R <-- Site =   29 ..  Bmem =  252 MB Rmem = 62.9 MB T = 1.37
 INIT-R <-- Site =   28 ..  Bmem =  244 MB Rmem = 61.0 MB T = 1.36
 INIT-R <-- Site =   27 ..  Bmem =  237 MB Rmem = 59.1 MB T = 1.32
 INIT-R <-- Site =   26 ..  Bmem =  229 MB Rmem = 57.2 MB T = 1.24
 INIT-R <-- Site =   25 ..  Bmem =  221 MB Rmem = 55.3 MB T = 1.10
 INIT-R <-- Site =   24 ..  Bmem =  214 MB Rmem = 53.4 MB T = 1.00
 INIT-R <-- Site =   23 ..  Bmem =  206 MB Rmem = 51.5 MB T = 0.94
 INIT-R <-- Site =   22 ..  Bmem =  198 MB Rmem = 49.6 MB T = 0.90
 INIT-R <-- Site =   21 ..  Bmem =  191 MB Rmem = 47.7 MB T = 0.85
 INIT-R <-- Site =   20 ..  Bmem =  183 MB Rmem = 45.8 MB T = 0.83
 INIT-R <-- Site =   19 ..  Bmem =  175 MB Rmem = 43.9 MB T = 0.77
 INIT-R <-- Site =   18 ..  Bmem =  168 MB Rmem = 42.0 MB T = 0.74
 INIT-R <-- Site =   17 ..  Bmem =  160 MB Rmem = 40.1 MB T = 0.69
 INIT-R <-- Site =   16 ..  Bmem =  153 MB Rmem = 38.1 MB T = 0.65
 INIT-R <-- Site =   15 ..  Bmem =  145 MB Rmem = 36.2 MB T = 0.63
 INIT-R <-- Site =   14 ..  Bmem =  137 MB Rmem = 34.3 MB T = 0.58
 INIT-R <-- Site =   13 ..  Bmem =  130 MB Rmem = 32.4 MB T = 0.51
 INIT-R <-- Site =   12 ..  Bmem =  122 MB Rmem = 30.5 MB T = 0.47
 INIT-R <-- Site =   11 ..  Bmem =  114 MB Rmem = 28.6 MB T = 0.43
 INIT-R <-- Site =   10 ..  Bmem =  107 MB Rmem = 26.7 MB T = 0.39
 INIT-R <-- Site =    9 ..  Bmem = 99.2 MB Rmem = 24.8 MB T = 0.37
 INIT-R <-- Site =    8 ..  Bmem = 91.6 MB Rmem = 22.9 MB T = 0.33
 INIT-R <-- Site =    7 ..  Bmem = 83.9 MB Rmem = 5.50 MB T = 0.16
 INIT-R <-- Site =    6 ..  Bmem = 20.0 MB Rmem = 1.25 MB T = 0.03
 INIT-R <-- Site =    5 ..  Bmem = 4.50 MB Rmem =  288 KB T = 0.01
 INIT-R <-- Site =    4 ..  Bmem = 1.00 MB Rmem = 64.0 KB T = 0.01
 INIT-R <-- Site =    3 ..  Bmem =  224 KB Rmem = 14.0 KB T = 0.01
 INIT-R <-- Site =    2 ..  Bmem = 48.0 KB Rmem = 3.00 KB T = 0.01
 INIT-R <-- Site =    1 ..  Bmem = 10.0 KB Rmem =   640 B T = 0.01
 INIT-R <-- Site =    0 ..  Bmem = 2.00 KB Rmem =   128 B T = 0.01
Time init sweep =      301.183 | MaxBmem =  450 MB | MaxRmem =  113 MB
 | Tread = 0.000 | Twrite = 30.252 | Tfpread = 0.000 | Tfpwrite = 20.686 | data = 12.2 GB | cpsd = 8.10 GB | Tasync = 0.000


Sweep =    0 | Direction =  forward | Bond dimension =   15 | Noise =  1.00e-04 | Dav threshold =  1.00e-10
 --> Site =    0 .. Mmps =    2 Ndav =   4 E =    -75.1939390799 Error = 0.00e+00 FLOPS = 1.77e+04 Tdav = 0.01 T = 0.06
 --> Site =    1 .. Mmps =    4 Ndav =  16 E =    -75.7501356455 Error = 0.00e+00 FLOPS = 6.93e+06 Tdav = 0.00 T = 0.06
 --> Site =    2 .. Mmps =    8 Ndav =  27 E =    -75.8918827321 Error = 0.00e+00 FLOPS = 3.45e+07 Tdav = 0.00 T = 0.05
 --> Site =    3 .. Mmps =   15 Ndav =  33 E =    -76.3880700351 Error = 1.07e-17 FLOPS = 1.76e+08 Tdav = 0.01 T = 0.05
 --> Site =    4 .. Mmps =   15 Ndav =  40 E =    -76.5435238796 Error = 4.81e-09 FLOPS = 5.10e+08 Tdav = 0.03 T = 0.06
 --> Site =    5 .. Mmps =   15 Ndav =  48 E =    -77.0669114868 Error = 2.33e-06 FLOPS = 9.60e+08 Tdav = 0.07 T = 0.10
 --> Site =    6 .. Mmps =   15 Ndav =  43 E =    -77.2069658217 Error = 1.34e-05 FLOPS = 2.40e+09 Tdav = 0.10 T = 0.13
 --> Site =    7 .. Mmps =   15 Ndav =  49 E =    -77.7116720316 Error = 2.59e-05 FLOPS = 3.01e+09 Tdav = 0.36 T = 0.44
 --> Site =    8 .. Mmps =   15 Ndav =  52 E =    -77.9385144469 Error = 5.44e-05 FLOPS = 5.70e+09 Tdav = 0.80 T = 0.99
 --> Site =    9 .. Mmps =   15 Ndav =  49 E =    -78.3384446645 Error = 1.10e-04 FLOPS = 6.23e+09 Tdav = 0.75 T = 0.94
 --> Site =   10 .. Mmps =   15 Ndav =  50 E =    -78.5243321820 Error = 6.89e-05 FLOPS = 6.36e+09 Tdav = 0.81 T = 1.05
 --> Site =   11 .. Mmps =   15 Ndav =  42 E =    -78.6722924735 Error = 2.71e-04 FLOPS = 8.40e+09 Tdav = 0.56 T = 0.81
 --> Site =   12 .. Mmps =   15 Ndav =  47 E =    -78.8347612961 Error = 7.23e-05 FLOPS = 7.69e+09 Tdav = 0.73 T = 0.97
 --> Site =   13 .. Mmps =   15 Ndav =  47 E =    -79.2453909738 Error = 5.93e-05 FLOPS = 6.78e+09 Tdav = 0.88 T = 1.12
 --> Site =   14 .. Mmps =   15 Ndav =  39 E =    -79.2881909640 Error = 1.95e-05 FLOPS = 8.93e+09 Tdav = 0.59 T = 0.89
 --> Site =   15 .. Mmps =   15 Ndav =  40 E =    -79.3116534763 Error = 3.06e-05 FLOPS = 8.00e+09 Tdav = 0.72 T = 1.11
 --> Site =   16 .. Mmps =   15 Ndav =  37 E =    -79.3213668982 Error = 3.00e-05 FLOPS = 9.77e+09 Tdav = 0.57 T = 0.81
 --> Site =   17 .. Mmps =   15 Ndav =  43 E =    -79.3269381013 Error = 4.31e-05 FLOPS = 8.87e+09 Tdav = 0.77 T = 1.06
 --> Site =   18 .. Mmps =   15 Ndav =  36 E =    -79.3359925839 Error = 3.59e-05 FLOPS = 1.06e+10 Tdav = 0.56 T = 0.85
 --> Site =   19 .. Mmps =   15 Ndav =  41 E =    -79.3422385423 Error = 4.42e-05 FLOPS = 9.67e+09 Tdav = 0.74 T = 1.02
 --> Site =   20 .. Mmps =   15 Ndav =  38 E =    -79.3564811319 Error = 2.86e-05 FLOPS = 1.01e+10 Tdav = 0.69 T = 1.06
 --> Site =   21 .. Mmps =   15 Ndav =  44 E =    -79.4081604029 Error = 3.99e-05 FLOPS = 9.92e+09 Tdav = 0.85 T = 1.25
 --> Site =   22 .. Mmps =   15 Ndav =  46 E =    -79.5696664177 Error = 1.33e-05 FLOPS = 1.06e+10 Tdav = 0.86 T = 1.17
 --> Site =   23 .. Mmps =   15 Ndav =  55 E =    -79.6732568470 Error = 2.88e-05 FLOPS = 1.05e+10 Tdav = 1.08 T = 1.43
 --> Site =   24 .. Mmps =   15 Ndav =  47 E =    -79.8438354182 Error = 1.99e-05 FLOPS = 1.09e+10 Tdav = 0.92 T = 1.21
 --> Site =   25 .. Mmps =   15 Ndav =  58 E =    -79.9599598930 Error = 2.41e-05 FLOPS = 1.09e+10 Tdav = 1.18 T = 1.51
 --> Site =   26 .. Mmps =   15 Ndav =  48 E =    -80.1570492368 Error = 2.04e-04 FLOPS = 9.85e+09 Tdav = 1.12 T = 1.53
 --> Site =   27 .. Mmps =   15 Ndav =  54 E =    -80.1855081992 Error = 7.36e-05 FLOPS = 9.99e+09 Tdav = 1.29 T = 1.61
 --> Site =   28 .. Mmps =   15 Ndav =  47 E =    -80.2075066540 Error = 2.54e-05 FLOPS = 1.04e+10 Tdav = 1.12 T = 1.65
 --> Site =   29 .. Mmps =   15 Ndav =  43 E =    -80.2113693939 Error = 2.32e-05 FLOPS = 1.14e+10 Tdav = 0.96 T = 1.46
 --> Site =   30 .. Mmps =   15 Ndav =  44 E =    -80.2251806544 Error = 4.53e-05 FLOPS = 1.08e+10 Tdav = 1.07 T = 1.64
 --> Site =   31 .. Mmps =   15 Ndav =  40 E =    -80.2293550196 Error = 2.09e-05 FLOPS = 1.16e+10 Tdav = 0.93 T = 1.54
 --> Site =   32 .. Mmps =   15 Ndav =  45 E =    -80.2454899881 Error = 4.28e-05 FLOPS = 1.21e+10 Tdav = 1.04 T = 1.51
 --> Site =   33 .. Mmps =   15 Ndav =  42 E =    -80.2562020392 Error = 1.54e-05 FLOPS = 1.29e+10 Tdav = 0.93 T = 1.34
 --> Site =   34 .. Mmps =   15 Ndav =  46 E =    -80.2937743257 Error = 3.01e-05 FLOPS = 1.15e+10 Tdav = 1.17 T = 1.66
 --> Site =   35 .. Mmps =   15 Ndav =  44 E =    -80.3275090228 Error = 4.25e-06 FLOPS = 1.25e+10 Tdav = 1.06 T = 1.59
 --> Site =   36 .. Mmps =   15 Ndav =  49 E =    -80.4178307242 Error = 1.93e-05 FLOPS = 1.05e+10 Tdav = 1.45 T = 2.17
 --> Site =   37 .. Mmps =   15 Ndav =  58 E =    -80.5921721616 Error = 2.52e-06 FLOPS = 1.13e+10 Tdav = 1.64 T = 2.19
 --> Site =   38 .. Mmps =   15 Ndav =  48 E =    -80.6910825555 Error = 2.40e-05 FLOPS = 1.18e+10 Tdav = 1.33 T = 2.06
 --> Site =   39 .. Mmps =   15 Ndav =  64 E =    -80.8956250365 Error = 2.09e-05 FLOPS = 1.32e+10 Tdav = 1.62 T = 2.14
 --> Site =   40 .. Mmps =   15 Ndav =  44 E =    -80.9224441434 Error = 8.33e-06 FLOPS = 1.23e+10 Tdav = 1.22 T = 1.89
 --> Site =   41 .. Mmps =   15 Ndav =  44 E =    -80.9327913198 Error = 3.12e-06 FLOPS = 1.19e+10 Tdav = 1.29 T = 1.96
 --> Site =   42 .. Mmps =   15 Ndav =  39 E =    -80.9385779929 Error = 4.60e-06 FLOPS = 1.31e+10 Tdav = 1.06 T = 1.77
 --> Site =   43 .. Mmps =   15 Ndav =  42 E =    -80.9438404178 Error = 4.96e-06 FLOPS = 1.24e+10 Tdav = 1.21 T = 1.97
 --> Site =   44 .. Mmps =   15 Ndav =  42 E =    -80.9498785285 Error = 4.04e-06 FLOPS = 1.26e+10 Tdav = 1.22 T = 1.94
 --> Site =   45 .. Mmps =   15 Ndav =  44 E =    -80.9576529221 Error = 3.39e-06 FLOPS = 1.24e+10 Tdav = 1.32 T = 1.95
 --> Site =   46 .. Mmps =   15 Ndav =  48 E =    -80.9727729265 Error = 4.64e-06 FLOPS = 1.22e+10 Tdav = 1.48 T = 2.21
 --> Site =   47 .. Mmps =   15 Ndav =  48 E =    -80.9877148643 Error = 2.86e-06 FLOPS = 1.13e+10 Tdav = 1.62 T = 2.23
 --> Site =   48 .. Mmps =   15 Ndav =  49 E =    -81.0276146967 Error = 7.61e-06 FLOPS = 1.19e+10 Tdav = 1.57 T = 2.20
 --> Site =   49 .. Mmps =   15 Ndav =  49 E =    -81.0671255672 Error = 5.95e-06 FLOPS = 1.23e+10 Tdav = 1.55 T = 2.15
 --> Site =   50 .. Mmps =   15 Ndav =  46 E =    -81.1328835818 Error = 6.50e-06 FLOPS = 1.24e+10 Tdav = 1.44 T = 1.99
 --> Site =   51 .. Mmps =   15 Ndav =  60 E =    -81.1869523372 Error = 1.18e-05 FLOPS = 1.22e+10 Tdav = 1.95 T = 2.69
 --> Site =   52 .. Mmps =   15 Ndav =  49 E =    -81.3940656401 Error = 3.39e-05 FLOPS = 1.25e+10 Tdav = 1.59 T = 2.31
 --> Site =   53 .. Mmps =   15 Ndav =  51 E =    -81.4086922857 Error = 4.65e-06 FLOPS = 1.27e+10 Tdav = 1.66 T = 2.31
 --> Site =   54 .. Mmps =   15 Ndav =  46 E =    -81.4273885679 Error = 6.35e-06 FLOPS = 1.31e+10 Tdav = 1.45 T = 2.12
 --> Site =   55 .. Mmps =   15 Ndav =  45 E =    -81.4322430380 Error = 1.23e-05 FLOPS = 1.41e+10 Tdav = 1.35 T = 1.96
 --> Site =   56 .. Mmps =   15 Ndav =  44 E =    -81.4406799209 Error = 6.78e-06 FLOPS = 1.37e+10 Tdav = 1.36 T = 1.99
 --> Site =   57 .. Mmps =   15 Ndav =  43 E =    -81.4467416140 Error = 4.48e-06 FLOPS = 1.39e+10 Tdav = 1.31 T = 2.00
 --> Site =   58 .. Mmps =   15 Ndav =  47 E =    -81.4676655934 Error = 9.01e-06 FLOPS = 1.33e+10 Tdav = 1.49 T = 2.13
 --> Site =   59 .. Mmps =   15 Ndav =  46 E =    -81.4846410599 Error = 5.56e-06 FLOPS = 1.40e+10 Tdav = 1.41 T = 2.03
 --> Site =   60 .. Mmps =   15 Ndav =  51 E =    -81.5338767866 Error = 1.18e-05 FLOPS = 1.28e+10 Tdav = 1.71 T = 2.37
 --> Site =   61 .. Mmps =   15 Ndav =  46 E =    -81.5564273865 Error = 4.58e-06 FLOPS = 1.34e+10 Tdav = 1.47 T = 2.15
 --> Site =   62 .. Mmps =   15 Ndav =  51 E =    -81.6312178709 Error = 1.25e-05 FLOPS = 1.30e+10 Tdav = 1.72 T = 2.40
 --> Site =   63 .. Mmps =   15 Ndav =  58 E =    -81.8552907984 Error = 2.13e-06 FLOPS = 1.36e+10 Tdav = 1.86 T = 2.51
 --> Site =   64 .. Mmps =   15 Ndav =  51 E =    -81.9593081189 Error = 6.25e-06 FLOPS = 1.29e+10 Tdav = 1.73 T = 2.51
 --> Site =   65 .. Mmps =   15 Ndav =  63 E =    -82.0783234984 Error = 9.40e-06 FLOPS = 1.43e+10 Tdav = 1.96 T = 2.63
 --> Site =   66 .. Mmps =   15 Ndav =  48 E =    -82.1235841254 Error = 6.44e-06 FLOPS = 1.31e+10 Tdav = 1.63 T = 2.42
 --> Site =   67 .. Mmps =   15 Ndav =  47 E =    -82.1348848069 Error = 4.31e-06 FLOPS = 1.35e+10 Tdav = 1.55 T = 2.31
 --> Site =   68 .. Mmps =   15 Ndav =  41 E =    -82.1400667682 Error = 2.80e-06 FLOPS = 1.47e+10 Tdav = 1.27 T = 1.94
 --> Site =   69 .. Mmps =   15 Ndav =  44 E =    -82.1464739301 Error = 4.61e-06 FLOPS = 1.45e+10 Tdav = 1.37 T = 2.07
 --> Site =   70 .. Mmps =   15 Ndav =  40 E =    -82.1507531873 Error = 3.26e-06 FLOPS = 1.45e+10 Tdav = 1.25 T = 2.15
 --> Site =   71 .. Mmps =   15 Ndav =  41 E =    -82.1566351080 Error = 2.55e-06 FLOPS = 1.50e+10 Tdav = 1.24 T = 1.93
 --> Site =   72 .. Mmps =   15 Ndav =  44 E =    -82.1786019222 Error = 2.88e-06 FLOPS = 1.40e+10 Tdav = 1.45 T = 2.23
 --> Site =   73 .. Mmps =   15 Ndav =  46 E =    -82.2044589965 Error = 1.78e-06 FLOPS = 1.38e+10 Tdav = 1.54 T = 2.24
 --> Site =   74 .. Mmps =   15 Ndav =  49 E =    -82.2871540721 Error = 5.76e-06 FLOPS = 1.34e+10 Tdav = 1.66 T = 2.18
 --> Site =   75 .. Mmps =   15 Ndav =  55 E =    -82.3358591943 Error = 8.21e-06 FLOPS = 1.38e+10 Tdav = 1.83 T = 2.33
 --> Site =   76 .. Mmps =   15 Ndav =  48 E =    -82.4357058240 Error = 3.22e-06 FLOPS = 1.36e+10 Tdav = 1.60 T = 2.07
 --> Site =   77 .. Mmps =   15 Ndav =  59 E =    -82.5150234234 Error = 1.15e-05 FLOPS = 1.41e+10 Tdav = 1.90 T = 2.41
 --> Site =   78 .. Mmps =   15 Ndav =  48 E =    -82.7269403096 Error = 1.97e-05 FLOPS = 1.33e+10 Tdav = 1.63 T = 2.18
 --> Site =   79 .. Mmps =   15 Ndav =  48 E =    -82.7377790129 Error = 6.61e-06 FLOPS = 1.25e+10 Tdav = 1.74 T = 2.40
 --> Site =   80 .. Mmps =   15 Ndav =  48 E =    -82.7639667568 Error = 7.72e-06 FLOPS = 1.28e+10 Tdav = 1.71 T = 2.23
 --> Site =   81 .. Mmps =   15 Ndav =  42 E =    -82.7691938141 Error = 1.59e-05 FLOPS = 1.37e+10 Tdav = 1.41 T = 1.98
 --> Site =   82 .. Mmps =   15 Ndav =  43 E =    -82.7791346300 Error = 5.32e-06 FLOPS = 1.39e+10 Tdav = 1.43 T = 2.05
 --> Site =   83 .. Mmps =   15 Ndav =  40 E =    -82.7869133969 Error = 4.18e-06 FLOPS = 1.48e+10 Tdav = 1.23 T = 1.77
 --> Site =   84 .. Mmps =   15 Ndav =  47 E =    -82.8065390163 Error = 8.22e-06 FLOPS = 1.33e+10 Tdav = 1.60 T = 2.35
 --> Site =   85 .. Mmps =   15 Ndav =  40 E =    -82.8134890861 Error = 5.67e-06 FLOPS = 1.45e+10 Tdav = 1.27 T = 1.79
 --> Site =   86 .. Mmps =   15 Ndav =  46 E =    -82.8326924843 Error = 1.05e-05 FLOPS = 1.34e+10 Tdav = 1.58 T = 2.19
 --> Site =   87 .. Mmps =   15 Ndav =  44 E =    -82.8504423046 Error = 3.84e-06 FLOPS = 1.37e+10 Tdav = 1.45 T = 1.98
 --> Site =   88 .. Mmps =   15 Ndav =  51 E =    -82.9279671367 Error = 1.24e-05 FLOPS = 1.30e+10 Tdav = 1.78 T = 2.53
 --> Site =   89 .. Mmps =   15 Ndav =  58 E =    -83.1442490498 Error = 2.54e-06 FLOPS = 1.30e+10 Tdav = 2.02 T = 2.57
 --> Site =   90 .. Mmps =   15 Ndav =  49 E =    -83.2837295520 Error = 5.22e-06 FLOPS = 1.27e+10 Tdav = 1.75 T = 2.26
 --> Site =   91 .. Mmps =   15 Ndav =  58 E =    -83.3902827235 Error = 7.96e-06 FLOPS = 1.35e+10 Tdav = 1.94 T = 2.54
 --> Site =   92 .. Mmps =   15 Ndav =  46 E =    -83.4417549845 Error = 4.26e-06 FLOPS = 1.26e+10 Tdav = 1.62 T = 2.13
 --> Site =   93 .. Mmps =   15 Ndav =  44 E =    -83.4535062672 Error = 3.53e-06 FLOPS = 1.30e+10 Tdav = 1.54 T = 2.06
 --> Site =   94 .. Mmps =   15 Ndav =  41 E =    -83.4609897012 Error = 2.00e-06 FLOPS = 1.35e+10 Tdav = 1.40 T = 2.07
 --> Site =   95 .. Mmps =   15 Ndav =  41 E =    -83.4691912817 Error = 3.61e-06 FLOPS = 1.36e+10 Tdav = 1.39 T = 1.91
 --> Site =   96 .. Mmps =   15 Ndav =  42 E =    -83.4889889918 Error = 2.50e-06 FLOPS = 1.42e+10 Tdav = 1.34 T = 1.82
 --> Site =   97 .. Mmps =   15 Ndav =  44 E =    -83.5067914383 Error = 2.13e-06 FLOPS = 1.29e+10 Tdav = 1.52 T = 2.03
 --> Site =   98 .. Mmps =   15 Ndav =  43 E =    -83.5343320651 Error = 2.28e-06 FLOPS = 1.32e+10 Tdav = 1.48 T = 2.11
 --> Site =   99 .. Mmps =   15 Ndav =  46 E =    -83.5554287600 Error = 1.56e-06 FLOPS = 1.27e+10 Tdav = 1.64 T = 2.17
 --> Site =  100 .. Mmps =   15 Ndav =  46 E =    -83.6121819926 Error = 4.83e-06 FLOPS = 1.31e+10 Tdav = 1.57 T = 2.15
 --> Site =  101 .. Mmps =   15 Ndav =  47 E =    -83.6654477860 Error = 7.46e-06 FLOPS = 1.36e+10 Tdav = 1.54 T = 2.04
 --> Site =  102 .. Mmps =   15 Ndav =  45 E =    -83.7885024478 Error = 3.08e-06 FLOPS = 1.39e+10 Tdav = 1.44 T = 1.91
 --> Site =  103 .. Mmps =   15 Ndav =  60 E =    -83.8720833085 Error = 1.09e-05 FLOPS = 1.38e+10 Tdav = 1.91 T = 2.45
 --> Site =  104 .. Mmps =   15 Ndav =  46 E =    -84.1330435760 Error = 1.57e-05 FLOPS = 1.36e+10 Tdav = 1.45 T = 2.01
 --> Site =  105 .. Mmps =   15 Ndav =  47 E =    -84.1517608563 Error = 5.35e-06 FLOPS = 1.38e+10 Tdav = 1.47 T = 2.03
 --> Site =  106 .. Mmps =   15 Ndav =  46 E =    -84.1871588078 Error = 6.63e-06 FLOPS = 1.41e+10 Tdav = 1.41 T = 1.89
 --> Site =  107 .. Mmps =   15 Ndav =  41 E =    -84.1954887817 Error = 9.62e-06 FLOPS = 1.51e+10 Tdav = 1.17 T = 1.70
 --> Site =  108 .. Mmps =   15 Ndav =  43 E =    -84.2293583995 Error = 1.13e-05 FLOPS = 1.47e+10 Tdav = 1.26 T = 1.75
 --> Site =  109 .. Mmps =   15 Ndav =  40 E =    -84.2482455257 Error = 3.67e-06 FLOPS = 1.52e+10 Tdav = 1.11 T = 1.68
 --> Site =  110 .. Mmps =   15 Ndav =  43 E =    -84.3016172794 Error = 1.10e-05 FLOPS = 1.35e+10 Tdav = 1.34 T = 1.79
 --> Site =  111 .. Mmps =   15 Ndav =  41 E =    -84.3248174958 Error = 4.56e-06 FLOPS = 1.33e+10 Tdav = 1.30 T = 1.92
 --> Site =  112 .. Mmps =   15 Ndav =  45 E =    -84.3751616089 Error = 1.37e-05 FLOPS = 1.24e+10 Tdav = 1.53 T = 2.18
 --> Site =  113 .. Mmps =   15 Ndav =  41 E =    -84.3969927866 Error = 8.34e-06 FLOPS = 1.32e+10 Tdav = 1.29 T = 1.87
 --> Site =  114 .. Mmps =   15 Ndav =  46 E =    -84.4703558402 Error = 1.75e-05 FLOPS = 1.42e+10 Tdav = 1.34 T = 1.83
 --> Site =  115 .. Mmps =   15 Ndav =  51 E =    -84.5697422358 Error = 3.02e-06 FLOPS = 1.30e+10 Tdav = 1.59 T = 2.12
 --> Site =  116 .. Mmps =   15 Ndav =  45 E =    -84.8418104596 Error = 3.91e-06 FLOPS = 1.45e+10 Tdav = 1.23 T = 1.72
 --> Site =  117 .. Mmps =   15 Ndav =  49 E =    -84.9414404446 Error = 5.78e-06 FLOPS = 1.20e+10 Tdav = 1.59 T = 2.27
 --> Site =  118 .. Mmps =   15 Ndav =  43 E =    -84.9811344916 Error = 2.75e-06 FLOPS = 1.35e+10 Tdav = 1.24 T = 1.74
 --> Site =  119 .. Mmps =   15 Ndav =  43 E =    -85.0092452907 Error = 2.52e-06 FLOPS = 1.34e+10 Tdav = 1.22 T = 1.78
 --> Site =  120 .. Mmps =   15 Ndav =  42 E =    -85.0458971652 Error = 3.28e-06 FLOPS = 1.31e+10 Tdav = 1.22 T = 1.87
 --> Site =  121 .. Mmps =   15 Ndav =  43 E =    -85.0687569966 Error = 2.38e-06 FLOPS = 1.33e+10 Tdav = 1.20 T = 1.70
 --> Site =  122 .. Mmps =   15 Ndav =  43 E =    -85.1112352562 Error = 3.86e-06 FLOPS = 1.37e+10 Tdav = 1.15 T = 1.63
 --> Site =  123 .. Mmps =   15 Ndav =  43 E =    -85.1293402934 Error = 5.01e-06 FLOPS = 1.38e+10 Tdav = 1.14 T = 1.58
 --> Site =  124 .. Mmps =   15 Ndav =  45 E =    -85.1624042478 Error = 3.74e-06 FLOPS = 1.29e+10 Tdav = 1.25 T = 1.91
 --> Site =  125 .. Mmps =   15 Ndav =  44 E =    -85.1811117487 Error = 3.97e-06 FLOPS = 1.29e+10 Tdav = 1.22 T = 1.64
 --> Site =  126 .. Mmps =   15 Ndav =  45 E =    -85.2191412671 Error = 5.03e-06 FLOPS = 1.24e+10 Tdav = 1.27 T = 1.68
 --> Site =  127 .. Mmps =   15 Ndav =  45 E =    -85.2314300860 Error = 5.63e-06 FLOPS = 1.21e+10 Tdav = 1.27 T = 1.73
 --> Site =  128 .. Mmps =   15 Ndav =  41 E =    -85.3376122289 Error = 6.52e-06 FLOPS = 1.39e+10 Tdav = 0.98 T = 1.39
 --> Site =  129 .. Mmps =   15 Ndav =  54 E =    -85.4590723887 Error = 1.67e-05 FLOPS = 1.23e+10 Tdav = 1.43 T = 1.86
 --> Site =  130 .. Mmps =   15 Ndav =  44 E =    -85.7115739818 Error = 1.37e-05 FLOPS = 1.24e+10 Tdav = 1.13 T = 1.68
 --> Site =  131 .. Mmps =   15 Ndav =  50 E =    -85.7438423679 Error = 2.70e-06 FLOPS = 1.10e+10 Tdav = 1.41 T = 1.78
 --> Site =  132 .. Mmps =   15 Ndav =  49 E =    -85.8092442545 Error = 8.06e-06 FLOPS = 1.08e+10 Tdav = 1.36 T = 1.75
 --> Site =  133 .. Mmps =   15 Ndav =  49 E =    -85.8373374804 Error = 7.01e-06 FLOPS = 1.03e+10 Tdav = 1.40 T = 2.00
 --> Site =  134 .. Mmps =   15 Ndav =  50 E =    -85.8956738551 Error = 1.36e-05 FLOPS = 1.03e+10 Tdav = 1.38 T = 1.79
 --> Site =  135 .. Mmps =   15 Ndav =  47 E =    -85.9209392827 Error = 1.45e-05 FLOPS = 1.08e+10 Tdav = 1.22 T = 1.60
 --> Site =  136 .. Mmps =   15 Ndav =  51 E =    -85.9897450923 Error = 1.78e-05 FLOPS = 9.86e+09 Tdav = 1.40 T = 1.93
 --> Site =  137 .. Mmps =   15 Ndav =  47 E =    -86.0091143193 Error = 2.71e-05 FLOPS = 1.04e+10 Tdav = 1.18 T = 1.56
 --> Site =  138 .. Mmps =   15 Ndav =  51 E =    -86.0706016057 Error = 1.97e-05 FLOPS = 1.03e+10 Tdav = 1.26 T = 1.65
 --> Site =  139 .. Mmps =   15 Ndav =  48 E =    -86.0905716671 Error = 1.61e-05 FLOPS = 1.00e+10 Tdav = 1.18 T = 1.50
 --> Site =  140 .. Mmps =   15 Ndav =  52 E =    -86.1526515429 Error = 7.28e-05 FLOPS = 9.67e+09 Tdav = 1.28 T = 1.61
 --> Site =  141 .. Mmps =   15 Ndav =  54 E =    -86.1769384059 Error = 4.24e-05 FLOPS = 9.75e+09 Tdav = 1.28 T = 1.64
 --> Site =  142 .. Mmps =   15 Ndav =  41 E =    -86.1966513110 Error = 2.86e-06 FLOPS = 1.03e+10 Tdav = 0.88 T = 1.39
 --> Site =  143 .. Mmps =   15 Ndav =  62 E =    -86.4640096653 Error = 2.27e-05 FLOPS = 9.52e+09 Tdav = 1.40 T = 1.77
 --> Site =  144 .. Mmps =   15 Ndav =  58 E =    -86.6915518651 Error = 8.79e-06 FLOPS = 9.33e+09 Tdav = 1.28 T = 1.60
 --> Site =  145 .. Mmps =   15 Ndav =  51 E =    -86.7237272028 Error = 2.67e-05 FLOPS = 8.53e+09 Tdav = 1.19 T = 1.50
 --> Site =  146 .. Mmps =   15 Ndav =  56 E =    -86.8917808805 Error = 1.67e-05 FLOPS = 8.76e+09 Tdav = 1.22 T = 1.63
 --> Site =  147 .. Mmps =   15 Ndav =  51 E =    -86.9191550789 Error = 2.71e-05 FLOPS = 8.31e+09 Tdav = 1.12 T = 1.53
 --> Site =  148 .. Mmps =   15 Ndav =  60 E =    -87.0785068461 Error = 1.59e-05 FLOPS = 9.59e+09 Tdav = 1.09 T = 1.37
 --> Site =  149 .. Mmps =   15 Ndav =  51 E =    -87.1117964531 Error = 2.04e-05 FLOPS = 8.51e+09 Tdav = 1.00 T = 1.25
 --> Site =  150 .. Mmps =   15 Ndav =  57 E =    -87.2964017345 Error = 1.68e-05 FLOPS = 8.81e+09 Tdav = 1.03 T = 1.26
 --> Site =  151 .. Mmps =   15 Ndav =  51 E =    -87.3432355442 Error = 3.08e-05 FLOPS = 8.08e+09 Tdav = 0.95 T = 1.17
 --> Site =  152 .. Mmps =   15 Ndav =  51 E =    -87.5641536647 Error = 1.69e-05 FLOPS = 7.83e+09 Tdav = 0.93 T = 1.14
 --> Site =  153 .. Mmps =   15 Ndav =  51 E =    -87.6256534272 Error = 4.41e-05 FLOPS = 7.52e+09 Tdav = 0.92 T = 1.19
 --> Site =  154 .. Mmps =   15 Ndav =  48 E =    -87.7781823344 Error = 2.73e-05 FLOPS = 7.54e+09 Tdav = 0.81 T = 1.03
 --> Site =  155 .. Mmps =   15 Ndav =  60 E =    -87.8513610031 Error = 1.06e-04 FLOPS = 7.72e+09 Tdav = 0.93 T = 1.21
 --> Site =  156 .. Mmps =   15 Ndav =  59 E =    -88.0052739359 Error = 2.18e-04 FLOPS = 7.25e+09 Tdav = 0.91 T = 1.10
 --> Site =  157 .. Mmps =   15 Ndav =  65 E =    -88.1168669669 Error = 2.20e-05 FLOPS = 7.23e+09 Tdav = 0.93 T = 1.11
 --> Site =  158 .. Mmps =   15 Ndav =  70 E =    -88.2724415880 Error = 1.03e-04 FLOPS = 6.96e+09 Tdav = 0.96 T = 1.20
 --> Site =  159 .. Mmps =   15 Ndav =  75 E =    -88.3295857466 Error = 1.05e-05 FLOPS = 6.62e+09 Tdav = 0.99 T = 1.18
 --> Site =  160 .. Mmps =   15 Ndav =  65 E =    -88.3614069348 Error = 5.27e-06 FLOPS = 3.90e+09 Tdav = 0.37 T = 0.44
 --> Site =  161 .. Mmps =   15 Ndav =  30 E =    -88.3613276652 Error = 3.05e-07 FLOPS = 5.62e+09 Tdav = 0.03 T = 0.07
 --> Site =  162 .. Mmps =   15 Ndav =  18 E =    -88.3613213118 Error = 6.97e-08 FLOPS = 7.32e+09 Tdav = 0.00 T = 0.04
 --> Site =  163 .. Mmps =   15 Ndav =  13 E =    -88.3613199674 Error = 1.50e-10 FLOPS = 5.63e+09 Tdav = 0.00 T = 0.03
 --> Site =  164 .. Mmps =   15 Ndav =   3 E =    -88.3613199616 Error = 4.51e-16 FLOPS = 2.86e+09 Tdav = 0.00 T = 0.03
 --> Site =  165 .. Mmps =   15 Ndav =   1 E =    -88.3613199616 Error = 3.73e-27 FLOPS = 8.77e+08 Tdav = 0.00 T = 0.03
 --> Site =  166 .. Mmps =   15 Ndav =   1 E =    -88.3613199616 Error = 2.36e-48 FLOPS = 3.46e+08 Tdav = 0.00 T = 0.03
 --> Site =  167 .. Mmps =   15 Ndav =   1 E =    -88.3613199616 Error = 6.87e-80 FLOPS = 1.64e+08 Tdav = 0.00 T = 0.03
 --> Site =  168 .. Mmps =   15 Ndav =   1 E =    -88.3613199616 Error = 0.00e+00 FLOPS = 4.52e+07 Tdav = 0.00 T = 0.03
Time elapsed =    274.757 | E =     -88.3614069348 | DW = 2.70746e-04
Time sweep =      274.757 | 2.17 TFLOP/SWP
 | Dmem = 113 MB (0%) | Imem = 232 B (79%) | Hmem = 113 MB | Wmem = 117 KB | Pmem = 117 KB
 | Tread = 62.841 | Twrite = 0.935 | Tfpread = 61.580 | Tfpwrite = 0.020 | Tmporead = 0.000 | Tasync = 0.000
 | data = 11.4 MB | cpsd = 8.65 MB
 | Trot = 0.027 | Tctr = 0.006 | Tint = 0.008 | Tmid = 0.000 | Tdctr = 0.163 | Tdiag = 0.102 | Tinfo = 0.371
 | Teff = 69.338 | Tprt = 0.276 | Teig = 197.680 | Tblk = 272.330 | Tmve = 2.416 | Tdm = 0.010 | Tsplt = 0.026 | Tsvd = 0.000 | Torth = 0.000

Sweep =    1 | Direction = backward | Bond dimension =   15 | Noise =  1.00e-04 | Dav threshold =  1.00e-10
 <-- Site =  168 .. Mmps =    2 Ndav =   1 E =    -88.3613199616 Error = 0.00e+00 FLOPS = 6.68e+07 Tdav = 0.00 T = 0.03
 <-- Site =  167 .. Mmps =    4 Ndav =   1 E =    -88.3613199616 Error = 0.00e+00 FLOPS = 2.06e+08 Tdav = 0.00 T = 0.05
 <-- Site =  166 .. Mmps =    8 Ndav =   1 E =    -88.3613199616 Error = 0.00e+00 FLOPS = 4.28e+08 Tdav = 0.00 T = 0.04
 <-- Site =  165 .. Mmps =   15 Ndav =   1 E =    -88.3613199616 Error = 0.00e+00 FLOPS = 7.87e+08 Tdav = 0.00 T = 0.05
 <-- Site =  164 .. Mmps =   15 Ndav =   1 E =    -88.3613199616 Error = 2.80e-20 FLOPS = 7.41e+08 Tdav = 0.00 T = 0.06
 <-- Site =  163 .. Mmps =   15 Ndav =   2 E =    -88.3613199616 Error = 3.27e-18 FLOPS = 1.30e+09 Tdav = 0.00 T = 0.04
 <-- Site =  162 .. Mmps =   15 Ndav =  10 E =    -88.3613202638 Error = 4.43e-19 FLOPS = 1.51e+09 Tdav = 0.00 T = 0.04
 <-- Site =  161 .. Mmps =   15 Ndav =  11 E =    -88.3613208010 Error = 6.97e-19 FLOPS = 1.55e+09 Tdav = 0.00 T = 0.06
 <-- Site =  160 .. Mmps =   15 Ndav =  16 E =    -88.3613283292 Error = 3.32e-19 FLOPS = 1.27e+09 Tdav = 0.00 T = 0.04
 <-- Site =  159 .. Mmps =   15 Ndav =  22 E =    -88.3613557874 Error = 1.92e-18 FLOPS = 9.85e+08 Tdav = 0.00 T = 0.05
 <-- Site =  158 .. Mmps =   15 Ndav =  21 E =    -88.3618131187 Error = 3.87e-18 FLOPS = 1.12e+09 Tdav = 0.00 T = 0.03
 <-- Site =  157 .. Mmps =   15 Ndav =  29 E =    -88.3621394534 Error = 5.77e-19 FLOPS = 7.97e+08 Tdav = 0.01 T = 0.06
 <-- Site =  156 .. Mmps =   15 Ndav =  24 E =    -88.3641364120 Error = 4.66e-18 FLOPS = 1.09e+09 Tdav = 0.01 T = 0.04
 <-- Site =  155 .. Mmps =   15 Ndav =  25 E =    -88.3653362811 Error = 2.05e-18 FLOPS = 1.09e+09 Tdav = 0.01 T = 0.07
 <-- Site =  154 .. Mmps =   15 Ndav =  21 E =    -88.3661798509 Error = 1.69e-18 FLOPS = 1.37e+09 Tdav = 0.00 T = 0.06
 <-- Site =  153 .. Mmps =   15 Ndav =  24 E =    -88.3667804781 Error = 1.68e-18 FLOPS = 1.25e+09 Tdav = 0.01 T = 0.07
 <-- Site =  152 .. Mmps =   15 Ndav =  21 E =    -88.3673259423 Error = 1.65e-18 FLOPS = 1.48e+09 Tdav = 0.01 T = 0.05
 <-- Site =  151 .. Mmps =   15 Ndav =  22 E =    -88.3677970539 Error = 1.27e-18 FLOPS = 1.60e+09 Tdav = 0.01 T = 0.05
 <-- Site =  150 .. Mmps =   15 Ndav =  24 E =    -88.3683117159 Error = 1.59e-18 FLOPS = 1.51e+09 Tdav = 0.01 T = 0.04
 <-- Site =  149 .. Mmps =   15 Ndav =  22 E =    -88.3687985991 Error = 1.13e-18 FLOPS = 1.71e+09 Tdav = 0.01 T = 0.04
 <-- Site =  148 .. Mmps =   15 Ndav =  22 E =    -88.3692996661 Error = 1.57e-18 FLOPS = 1.62e+09 Tdav = 0.01 T = 0.06
 <-- Site =  147 .. Mmps =   15 Ndav =  21 E =    -88.3696272043 Error = 1.98e-18 FLOPS = 1.74e+09 Tdav = 0.01 T = 0.06
 <-- Site =  146 .. Mmps =   15 Ndav =  20 E =    -88.3702335806 Error = 1.29e-18 FLOPS = 1.87e+09 Tdav = 0.01 T = 0.06
 <-- Site =  145 .. Mmps =   15 Ndav =  16 E =    -88.3704623261 Error = 6.98e-19 FLOPS = 2.26e+09 Tdav = 0.00 T = 0.06
 <-- Site =  144 .. Mmps =   15 Ndav =  20 E =    -88.3708191847 Error = 2.82e-18 FLOPS = 1.95e+09 Tdav = 0.01 T = 0.08
 <-- Site =  143 .. Mmps =   15 Ndav =  24 E =    -88.3716465952 Error = 4.28e-18 FLOPS = 1.71e+09 Tdav = 0.01 T = 0.06
 <-- Site =  142 .. Mmps =   15 Ndav =  21 E =    -88.3719122654 Error = 4.62e-18 FLOPS = 1.97e+09 Tdav = 0.01 T = 0.05
 <-- Site =  141 .. Mmps =   15 Ndav =  26 E =    -88.3726039155 Error = 3.83e-18 FLOPS = 1.66e+09 Tdav = 0.01 T = 0.07
 <-- Site =  140 .. Mmps =   15 Ndav =  23 E =    -88.3739287085 Error = 1.53e-17 FLOPS = 1.89e+09 Tdav = 0.01 T = 0.07
 <-- Site =  139 .. Mmps =   15 Ndav =  19 E =    -88.3740800956 Error = 1.48e-17 FLOPS = 2.25e+09 Tdav = 0.01 T = 0.06
 <-- Site =  138 .. Mmps =   15 Ndav =  23 E =    -88.3747315813 Error = 1.50e-17 FLOPS = 1.97e+09 Tdav = 0.01 T = 0.08
 <-- Site =  137 .. Mmps =   15 Ndav =  21 E =    -88.3748056713 Error = 2.15e-18 FLOPS = 2.15e+09 Tdav = 0.01 T = 0.06
 <-- Site =  136 .. Mmps =   15 Ndav =  21 E =    -88.3755212861 Error = 7.99e-18 FLOPS = 2.19e+09 Tdav = 0.01 T = 0.06
 <-- Site =  135 .. Mmps =   15 Ndav =  21 E =    -88.3757660865 Error = 1.81e-19 FLOPS = 2.24e+09 Tdav = 0.01 T = 0.07
 <-- Site =  134 .. Mmps =   15 Ndav =  21 E =    -88.3762624204 Error = 5.32e-18 FLOPS = 2.43e+09 Tdav = 0.01 T = 0.07
 <-- Site =  133 .. Mmps =   15 Ndav =  22 E =    -88.3765312560 Error = 1.16e-19 FLOPS = 2.25e+09 Tdav = 0.01 T = 0.07
 <-- Site =  132 .. Mmps =   15 Ndav =  23 E =    -88.3769613415 Error = 7.49e-18 FLOPS = 2.37e+09 Tdav = 0.01 T = 0.07
 <-- Site =  131 .. Mmps =   15 Ndav =  21 E =    -88.3769937808 Error = 2.39e-19 FLOPS = 2.74e+09 Tdav = 0.01 T = 0.07
 <-- Site =  130 .. Mmps =   15 Ndav =  23 E =    -88.3772382281 Error = 9.46e-19 FLOPS = 2.62e+09 Tdav = 0.01 T = 0.06
 <-- Site =  129 .. Mmps =   15 Ndav =  29 E =    -88.3778666026 Error = 3.38e-17 FLOPS = 2.41e+09 Tdav = 0.01 T = 0.07
 <-- Site =  128 .. Mmps =   15 Ndav =  21 E =    -88.3780115636 Error = 1.07e-18 FLOPS = 3.29e+09 Tdav = 0.01 T = 0.06
 <-- Site =  127 .. Mmps =   15 Ndav =  22 E =    -88.3780628938 Error = 7.51e-19 FLOPS = 3.37e+09 Tdav = 0.01 T = 0.06
 <-- Site =  126 .. Mmps =   15 Ndav =  18 E =    -88.3781101154 Error = 6.43e-19 FLOPS = 4.08e+09 Tdav = 0.00 T = 0.06
 <-- Site =  125 .. Mmps =   15 Ndav =  20 E =    -88.3781601096 Error = 1.14e-18 FLOPS = 3.74e+09 Tdav = 0.00 T = 0.06
 <-- Site =  124 .. Mmps =   15 Ndav =  17 E =    -88.3781902973 Error = 1.08e-18 FLOPS = 4.25e+09 Tdav = 0.00 T = 0.07
 <-- Site =  123 .. Mmps =   15 Ndav =  20 E =    -88.3782257420 Error = 5.12e-19 FLOPS = 3.86e+09 Tdav = 0.00 T = 0.06
 <-- Site =  122 .. Mmps =   15 Ndav =  17 E =    -88.3782582915 Error = 2.53e-19 FLOPS = 5.86e+09 Tdav = 0.00 T = 0.05
 <-- Site =  121 .. Mmps =   15 Ndav =  17 E =    -88.3783015566 Error = 1.66e-17 FLOPS = 5.90e+09 Tdav = 0.00 T = 0.06
 <-- Site =  120 .. Mmps =   15 Ndav =  18 E =    -88.3783420029 Error = 2.57e-18 FLOPS = 5.80e+09 Tdav = 0.00 T = 0.06
 <-- Site =  119 .. Mmps =   15 Ndav =  17 E =    -88.3783746115 Error = 7.36e-19 FLOPS = 5.07e+09 Tdav = 0.00 T = 0.06
 <-- Site =  118 .. Mmps =   15 Ndav =  23 E =    -88.3790938348 Error = 5.21e-19 FLOPS = 4.22e+09 Tdav = 0.01 T = 0.06
 <-- Site =  117 .. Mmps =   15 Ndav =  28 E =    -88.3800682177 Error = 4.45e-17 FLOPS = 4.35e+09 Tdav = 0.01 T = 0.06
 <-- Site =  116 .. Mmps =   15 Ndav =  23 E =    -88.3801479535 Error = 7.99e-18 FLOPS = 5.10e+09 Tdav = 0.00 T = 0.06
 <-- Site =  115 .. Mmps =   15 Ndav =  24 E =    -88.3806081302 Error = 5.34e-19 FLOPS = 5.01e+09 Tdav = 0.00 T = 0.06
 <-- Site =  114 .. Mmps =   15 Ndav =  22 E =    -88.3808295372 Error = 1.49e-17 FLOPS = 5.37e+09 Tdav = 0.00 T = 0.06
 <-- Site =  113 .. Mmps =   15 Ndav =  21 E =    -88.3809251400 Error = 2.40e-18 FLOPS = 5.52e+09 Tdav = 0.00 T = 0.08
 <-- Site =  112 .. Mmps =   15 Ndav =  20 E =    -88.3814256241 Error = 1.79e-17 FLOPS = 5.68e+09 Tdav = 0.00 T = 0.06
 <-- Site =  111 .. Mmps =   15 Ndav =  18 E =    -88.3815184339 Error = 4.93e-20 FLOPS = 6.05e+09 Tdav = 0.00 T = 0.06
 <-- Site =  110 .. Mmps =   15 Ndav =  18 E =    -88.3815976754 Error = 1.44e-17 FLOPS = 5.81e+09 Tdav = 0.00 T = 0.07
 <-- Site =  109 .. Mmps =   15 Ndav =  18 E =    -88.3816563563 Error = 1.64e-19 FLOPS = 6.05e+09 Tdav = 0.00 T = 0.06
 <-- Site =  108 .. Mmps =   15 Ndav =  20 E =    -88.3818236907 Error = 9.14e-18 FLOPS = 5.57e+09 Tdav = 0.00 T = 0.06
 <-- Site =  107 .. Mmps =   15 Ndav =  21 E =    -88.3819397009 Error = 1.37e-19 FLOPS = 5.62e+09 Tdav = 0.00 T = 0.06
 <-- Site =  106 .. Mmps =   15 Ndav =  20 E =    -88.3820679118 Error = 6.28e-19 FLOPS = 5.77e+09 Tdav = 0.00 T = 0.06
 <-- Site =  105 .. Mmps =   15 Ndav =  23 E =    -88.3821452386 Error = 1.26e-19 FLOPS = 5.28e+09 Tdav = 0.00 T = 0.06
 <-- Site =  104 .. Mmps =   15 Ndav =  24 E =    -88.3826039514 Error = 1.11e-17 FLOPS = 5.32e+09 Tdav = 0.00 T = 0.06
 <-- Site =  103 .. Mmps =   15 Ndav =  24 E =    -88.3829561736 Error = 2.40e-17 FLOPS = 5.25e+09 Tdav = 0.01 T = 0.07
 <-- Site =  102 .. Mmps =   15 Ndav =  21 E =    -88.3829966576 Error = 1.48e-18 FLOPS = 6.53e+09 Tdav = 0.00 T = 0.07
 <-- Site =  101 .. Mmps =   15 Ndav =  21 E =    -88.3830378686 Error = 7.51e-18 FLOPS = 5.71e+09 Tdav = 0.00 T = 0.06
 <-- Site =  100 .. Mmps =   15 Ndav =  17 E =    -88.3830720236 Error = 2.73e-19 FLOPS = 6.39e+09 Tdav = 0.00 T = 0.07
 <-- Site =   99 .. Mmps =   15 Ndav =  15 E =    -88.3830805234 Error = 3.41e-18 FLOPS = 6.89e+09 Tdav = 0.00 T = 0.08
 <-- Site =   98 .. Mmps =   15 Ndav =  13 E =    -88.3830917295 Error = 2.76e-19 FLOPS = 7.17e+09 Tdav = 0.00 T = 0.07
 <-- Site =   97 .. Mmps =   15 Ndav =  17 E =    -88.3831051785 Error = 4.17e-18 FLOPS = 6.29e+09 Tdav = 0.00 T = 0.06
 <-- Site =   96 .. Mmps =   15 Ndav =  13 E =    -88.3831172437 Error = 1.64e-19 FLOPS = 6.93e+09 Tdav = 0.00 T = 0.06
 <-- Site =   95 .. Mmps =   15 Ndav =  21 E =    -88.3831433578 Error = 5.77e-18 FLOPS = 5.89e+09 Tdav = 0.00 T = 0.06
 <-- Site =   94 .. Mmps =   15 Ndav =  16 E =    -88.3831569716 Error = 2.30e-18 FLOPS = 7.53e+09 Tdav = 0.00 T = 0.06
 <-- Site =   93 .. Mmps =   15 Ndav =  20 E =    -88.3831985269 Error = 1.47e-19 FLOPS = 6.33e+09 Tdav = 0.00 T = 0.06
 <-- Site =   92 .. Mmps =   15 Ndav =  24 E =    -88.3838754494 Error = 1.00e-18 FLOPS = 5.44e+09 Tdav = 0.01 T = 0.07
 <-- Site =   91 .. Mmps =   15 Ndav =  30 E =    -88.3847351130 Error = 4.49e-18 FLOPS = 4.58e+09 Tdav = 0.01 T = 0.07
 <-- Site =   90 .. Mmps =   15 Ndav =  25 E =    -88.3848088852 Error = 1.17e-17 FLOPS = 5.52e+09 Tdav = 0.01 T = 0.06
 <-- Site =   89 .. Mmps =   15 Ndav =  26 E =    -88.3852713817 Error = 1.27e-18 FLOPS = 5.37e+09 Tdav = 0.01 T = 0.06
 <-- Site =   88 .. Mmps =   15 Ndav =  21 E =    -88.3854705689 Error = 5.79e-18 FLOPS = 6.43e+09 Tdav = 0.00 T = 0.06
 <-- Site =   87 .. Mmps =   15 Ndav =  22 E =    -88.3856130218 Error = 5.34e-19 FLOPS = 5.99e+09 Tdav = 0.00 T = 0.06
 <-- Site =   86 .. Mmps =   15 Ndav =  18 E =    -88.3856826955 Error = 5.70e-18 FLOPS = 7.21e+09 Tdav = 0.00 T = 0.06
 <-- Site =   85 .. Mmps =   15 Ndav =  18 E =    -88.3857635304 Error = 6.28e-18 FLOPS = 6.64e+09 Tdav = 0.00 T = 0.06
 <-- Site =   84 .. Mmps =   15 Ndav =  17 E =    -88.3858125950 Error = 1.11e-16 FLOPS = 6.80e+09 Tdav = 0.00 T = 0.07
 <-- Site =   83 .. Mmps =   15 Ndav =  18 E =    -88.3858687445 Error = 5.09e-18 FLOPS = 6.37e+09 Tdav = 0.00 T = 0.06
 <-- Site =   82 .. Mmps =   15 Ndav =  18 E =    -88.3858996914 Error = 2.00e-18 FLOPS = 6.56e+09 Tdav = 0.00 T = 0.06
 <-- Site =   81 .. Mmps =   15 Ndav =  23 E =    -88.3860922571 Error = 2.12e-19 FLOPS = 5.70e+09 Tdav = 0.00 T = 0.07
 <-- Site =   80 .. Mmps =   15 Ndav =  21 E =    -88.3862400743 Error = 8.02e-19 FLOPS = 6.19e+09 Tdav = 0.00 T = 0.06
 <-- Site =   79 .. Mmps =   15 Ndav =  23 E =    -88.3863224864 Error = 3.16e-19 FLOPS = 5.83e+09 Tdav = 0.00 T = 0.06
 <-- Site =   78 .. Mmps =   15 Ndav =  27 E =    -88.3868118222 Error = 3.39e-17 FLOPS = 5.24e+09 Tdav = 0.01 T = 0.07
 <-- Site =   77 .. Mmps =   15 Ndav =  25 E =    -88.3870707266 Error = 2.06e-17 FLOPS = 5.34e+09 Tdav = 0.01 T = 0.06
 <-- Site =   76 .. Mmps =   15 Ndav =  20 E =    -88.3871036454 Error = 2.19e-19 FLOPS = 6.35e+09 Tdav = 0.00 T = 0.06
 <-- Site =   75 .. Mmps =   15 Ndav =  24 E =    -88.3871824379 Error = 3.78e-19 FLOPS = 6.11e+09 Tdav = 0.00 T = 0.06
 <-- Site =   74 .. Mmps =   15 Ndav =  17 E =    -88.3872134324 Error = 2.88e-19 FLOPS = 7.34e+09 Tdav = 0.00 T = 0.06
 <-- Site =   73 .. Mmps =   15 Ndav =  15 E =    -88.3872220167 Error = 4.18e-19 FLOPS = 7.14e+09 Tdav = 0.00 T = 0.06
 <-- Site =   72 .. Mmps =   15 Ndav =  13 E =    -88.3872328444 Error = 3.91e-19 FLOPS = 7.99e+09 Tdav = 0.00 T = 0.06
 <-- Site =   71 .. Mmps =   15 Ndav =  17 E =    -88.3872443708 Error = 2.35e-19 FLOPS = 6.79e+09 Tdav = 0.00 T = 0.06
 <-- Site =   70 .. Mmps =   15 Ndav =  16 E =    -88.3872581618 Error = 1.53e-19 FLOPS = 6.78e+09 Tdav = 0.00 T = 0.06
 <-- Site =   69 .. Mmps =   15 Ndav =  22 E =    -88.3872893707 Error = 3.68e-19 FLOPS = 6.46e+09 Tdav = 0.00 T = 0.06
 <-- Site =   68 .. Mmps =   15 Ndav =  16 E =    -88.3873061424 Error = 1.68e-19 FLOPS = 7.52e+09 Tdav = 0.00 T = 0.06
 <-- Site =   67 .. Mmps =   15 Ndav =  22 E =    -88.3873577818 Error = 4.18e-18 FLOPS = 5.92e+09 Tdav = 0.00 T = 0.06
 <-- Site =   66 .. Mmps =   15 Ndav =  21 E =    -88.3878947772 Error = 8.66e-19 FLOPS = 6.17e+09 Tdav = 0.00 T = 0.06
 <-- Site =   65 .. Mmps =   15 Ndav =  29 E =    -88.3884513303 Error = 7.85e-18 FLOPS = 4.92e+09 Tdav = 0.01 T = 0.07
 <-- Site =   64 .. Mmps =   15 Ndav =  25 E =    -88.3885435127 Error = 5.98e-18 FLOPS = 5.89e+09 Tdav = 0.00 T = 0.06
 <-- Site =   63 .. Mmps =   15 Ndav =  26 E =    -88.3890388802 Error = 1.15e-18 FLOPS = 5.14e+09 Tdav = 0.01 T = 0.06
 <-- Site =   62 .. Mmps =   15 Ndav =  21 E =    -88.3892063286 Error = 4.27e-18 FLOPS = 5.93e+09 Tdav = 0.00 T = 0.06
 <-- Site =   61 .. Mmps =   15 Ndav =  23 E =    -88.3893647336 Error = 4.46e-18 FLOPS = 5.57e+09 Tdav = 0.00 T = 0.11
 <-- Site =   60 .. Mmps =   15 Ndav =  18 E =    -88.3894406569 Error = 3.04e-17 FLOPS = 4.60e+09 Tdav = 0.00 T = 0.08
 <-- Site =   59 .. Mmps =   15 Ndav =  18 E =    -88.3894985707 Error = 2.07e-18 FLOPS = 4.93e+09 Tdav = 0.00 T = 0.07
 <-- Site =   58 .. Mmps =   15 Ndav =  17 E =    -88.3895393438 Error = 1.16e-18 FLOPS = 6.08e+09 Tdav = 0.00 T = 0.07
 <-- Site =   57 .. Mmps =   15 Ndav =  21 E =    -88.3895892662 Error = 5.32e-19 FLOPS = 5.42e+09 Tdav = 0.00 T = 0.06
 <-- Site =   56 .. Mmps =   15 Ndav =  18 E =    -88.3896178200 Error = 1.15e-17 FLOPS = 5.89e+09 Tdav = 0.00 T = 0.07
 <-- Site =   55 .. Mmps =   15 Ndav =  20 E =    -88.3897491714 Error = 1.81e-19 FLOPS = 5.38e+09 Tdav = 0.00 T = 0.09
 <-- Site =   54 .. Mmps =   15 Ndav =  20 E =    -88.3898047356 Error = 1.99e-18 FLOPS = 5.54e+09 Tdav = 0.00 T = 0.08
 <-- Site =   53 .. Mmps =   15 Ndav =  22 E =    -88.3898252279 Error = 6.96e-18 FLOPS = 4.68e+09 Tdav = 0.00 T = 0.08
 <-- Site =   52 .. Mmps =   15 Ndav =  25 E =    -88.3899925619 Error = 3.36e-17 FLOPS = 3.47e+09 Tdav = 0.01 T = 0.11
 <-- Site =   51 .. Mmps =   15 Ndav =  26 E =    -88.3902220433 Error = 2.49e-18 FLOPS = 3.76e+09 Tdav = 0.01 T = 0.07
 <-- Site =   50 .. Mmps =   15 Ndav =  17 E =    -88.3902691795 Error = 1.35e-18 FLOPS = 5.93e+09 Tdav = 0.00 T = 0.06
 <-- Site =   49 .. Mmps =   15 Ndav =  17 E =    -88.3903164519 Error = 2.20e-18 FLOPS = 5.03e+09 Tdav = 0.00 T = 0.08
 <-- Site =   48 .. Mmps =   15 Ndav =  16 E =    -88.3903451573 Error = 5.89e-19 FLOPS = 4.85e+09 Tdav = 0.00 T = 0.07
 <-- Site =   47 .. Mmps =   15 Ndav =  16 E =    -88.3903531476 Error = 1.32e-18 FLOPS = 4.65e+09 Tdav = 0.00 T = 0.08
 <-- Site =   46 .. Mmps =   15 Ndav =  14 E =    -88.3903611979 Error = 7.99e-19 FLOPS = 4.55e+09 Tdav = 0.00 T = 0.09
 <-- Site =   45 .. Mmps =   15 Ndav =  15 E =    -88.3903711925 Error = 1.76e-18 FLOPS = 6.14e+09 Tdav = 0.00 T = 0.06
 <-- Site =   44 .. Mmps =   15 Ndav =  14 E =    -88.3903801815 Error = 5.45e-19 FLOPS = 4.58e+09 Tdav = 0.00 T = 0.06
 <-- Site =   43 .. Mmps =   15 Ndav =  17 E =    -88.3904356767 Error = 3.60e-18 FLOPS = 4.69e+09 Tdav = 0.00 T = 0.06
 <-- Site =   42 .. Mmps =   15 Ndav =  17 E =    -88.3904755328 Error = 2.10e-19 FLOPS = 4.67e+09 Tdav = 0.00 T = 0.06
 <-- Site =   41 .. Mmps =   15 Ndav =  21 E =    -88.3905092812 Error = 2.44e-19 FLOPS = 3.73e+09 Tdav = 0.01 T = 0.07
 <-- Site =   40 .. Mmps =   15 Ndav =  21 E =    -88.3907577782 Error = 1.33e-18 FLOPS = 3.88e+09 Tdav = 0.00 T = 0.06
 <-- Site =   39 .. Mmps =   15 Ndav =  27 E =    -88.3910637743 Error = 5.62e-18 FLOPS = 3.02e+09 Tdav = 0.01 T = 0.06
 <-- Site =   38 .. Mmps =   15 Ndav =  22 E =    -88.3912129856 Error = 7.08e-18 FLOPS = 3.51e+09 Tdav = 0.01 T = 0.06
 <-- Site =   37 .. Mmps =   15 Ndav =  27 E =    -88.3914553866 Error = 2.30e-18 FLOPS = 2.92e+09 Tdav = 0.01 T = 0.06
 <-- Site =   36 .. Mmps =   15 Ndav =  20 E =    -88.3915491674 Error = 8.43e-18 FLOPS = 3.48e+09 Tdav = 0.00 T = 0.06
 <-- Site =   35 .. Mmps =   15 Ndav =  20 E =    -88.3916056932 Error = 3.11e-18 FLOPS = 3.40e+09 Tdav = 0.00 T = 0.05
 <-- Site =   34 .. Mmps =   15 Ndav =  19 E =    -88.3916911443 Error = 7.65e-18 FLOPS = 3.30e+09 Tdav = 0.00 T = 0.05
 <-- Site =   33 .. Mmps =   15 Ndav =  23 E =    -88.3918064600 Error = 5.79e-19 FLOPS = 2.65e+09 Tdav = 0.01 T = 0.09
 <-- Site =   32 .. Mmps =   15 Ndav =  20 E =    -88.3919281446 Error = 1.06e-17 FLOPS = 2.32e+09 Tdav = 0.01 T = 0.06
 <-- Site =   31 .. Mmps =   15 Ndav =  22 E =    -88.3920906786 Error = 4.25e-18 FLOPS = 2.12e+09 Tdav = 0.01 T = 0.06
 <-- Site =   30 .. Mmps =   15 Ndav =  20 E =    -88.3922402190 Error = 4.28e-18 FLOPS = 2.25e+09 Tdav = 0.01 T = 0.06
 <-- Site =   29 .. Mmps =   15 Ndav =  24 E =    -88.3925042206 Error = 2.25e-18 FLOPS = 1.91e+09 Tdav = 0.01 T = 0.06
 <-- Site =   28 .. Mmps =   15 Ndav =  20 E =    -88.3925929517 Error = 1.37e-17 FLOPS = 2.36e+09 Tdav = 0.01 T = 0.07
 <-- Site =   27 .. Mmps =   15 Ndav =  25 E =    -88.3928608470 Error = 1.14e-18 FLOPS = 1.92e+09 Tdav = 0.01 T = 0.06
 <-- Site =   26 .. Mmps =   15 Ndav =  22 E =    -88.3934649547 Error = 1.56e-17 FLOPS = 1.94e+09 Tdav = 0.01 T = 0.06
 <-- Site =   25 .. Mmps =   15 Ndav =  24 E =    -88.3939426148 Error = 2.84e-19 FLOPS = 1.76e+09 Tdav = 0.01 T = 0.05
 <-- Site =   24 .. Mmps =   15 Ndav =  17 E =    -88.3940610478 Error = 2.45e-18 FLOPS = 2.26e+09 Tdav = 0.00 T = 0.05
 <-- Site =   23 .. Mmps =   15 Ndav =  20 E =    -88.3942853579 Error = 6.99e-19 FLOPS = 1.97e+09 Tdav = 0.01 T = 0.05
 <-- Site =   22 .. Mmps =   15 Ndav =  18 E =    -88.3943432120 Error = 9.15e-19 FLOPS = 2.08e+09 Tdav = 0.00 T = 0.05
 <-- Site =   21 .. Mmps =   15 Ndav =  18 E =    -88.3944865462 Error = 8.82e-19 FLOPS = 2.04e+09 Tdav = 0.00 T = 0.05
 <-- Site =   20 .. Mmps =   15 Ndav =  17 E =    -88.3946521089 Error = 6.73e-19 FLOPS = 2.08e+09 Tdav = 0.00 T = 0.04
 <-- Site =   19 .. Mmps =   15 Ndav =  18 E =    -88.3951025105 Error = 1.47e-19 FLOPS = 1.95e+09 Tdav = 0.00 T = 0.05
 <-- Site =   18 .. Mmps =   15 Ndav =  19 E =    -88.3959177983 Error = 3.09e-19 FLOPS = 1.80e+09 Tdav = 0.00 T = 0.04
 <-- Site =   17 .. Mmps =   15 Ndav =  17 E =    -88.3961237313 Error = 1.04e-18 FLOPS = 1.91e+09 Tdav = 0.00 T = 0.04
 <-- Site =   16 .. Mmps =   15 Ndav =  17 E =    -88.3964642920 Error = 3.25e-19 FLOPS = 1.86e+09 Tdav = 0.00 T = 0.04
 <-- Site =   15 .. Mmps =   15 Ndav =  18 E =    -88.3966115272 Error = 1.13e-18 FLOPS = 1.71e+09 Tdav = 0.00 T = 0.05
 <-- Site =   14 .. Mmps =   15 Ndav =  21 E =    -88.3969045778 Error = 8.27e-19 FLOPS = 1.44e+09 Tdav = 0.01 T = 0.04
 <-- Site =   13 .. Mmps =   15 Ndav =  25 E =    -88.3974608323 Error = 2.26e-18 FLOPS = 1.14e+09 Tdav = 0.01 T = 0.04
 <-- Site =   12 .. Mmps =   15 Ndav =  24 E =    -88.3991442034 Error = 8.81e-17 FLOPS = 2.72e+09 Tdav = 0.00 T = 0.03
 <-- Site =   11 .. Mmps =   15 Ndav =  29 E =    -88.4026832849 Error = 3.94e-18 FLOPS = 2.06e+09 Tdav = 0.00 T = 0.03
 <-- Site =   10 .. Mmps =   15 Ndav =  25 E =    -88.4044939174 Error = 6.18e-18 FLOPS = 2.33e+09 Tdav = 0.00 T = 0.05
 <-- Site =    9 .. Mmps =   15 Ndav =  26 E =    -88.4060000817 Error = 1.80e-17 FLOPS = 2.08e+09 Tdav = 0.00 T = 0.03
 <-- Site =    8 .. Mmps =   15 Ndav =  29 E =    -88.4071252735 Error = 6.37e-19 FLOPS = 1.67e+09 Tdav = 0.00 T = 0.04
 <-- Site =    7 .. Mmps =   15 Ndav =  26 E =    -88.4074558126 Error = 1.11e-17 FLOPS = 1.79e+09 Tdav = 0.00 T = 0.03
 <-- Site =    6 .. Mmps =   15 Ndav =  29 E =    -88.4080717384 Error = 7.70e-18 FLOPS = 1.42e+09 Tdav = 0.00 T = 0.04
 <-- Site =    5 .. Mmps =   15 Ndav =  25 E =    -88.4081983350 Error = 3.90e-19 FLOPS = 1.56e+09 Tdav = 0.00 T = 0.05
 <-- Site =    4 .. Mmps =   15 Ndav =  15 E =    -88.4082016601 Error = 1.49e-18 FLOPS = 2.42e+09 Tdav = 0.00 T = 0.03
 <-- Site =    3 .. Mmps =   15 Ndav =   3 E =    -88.4082016602 Error = 2.13e-26 FLOPS = 1.32e+09 Tdav = 0.00 T = 0.04
 <-- Site =    2 .. Mmps =   15 Ndav =   1 E =    -88.4082016602 Error = 1.08e-46 FLOPS = 3.13e+08 Tdav = 0.00 T = 0.04
 <-- Site =    1 .. Mmps =   15 Ndav =   1 E =    -88.4082016602 Error = 1.39e-58 FLOPS = 1.23e+08 Tdav = 0.00 T = 0.04
 <-- Site =    0 .. Mmps =   15 Ndav =   1 E =    -88.4082016602 Error = 0.00e+00 FLOPS = 5.89e+07 Tdav = 0.00 T = 0.04
Time elapsed =    284.900 | E =     -88.4082016602 | DE = -4.68e-02 | DW = 1.10836e-16
Time sweep =       10.143 | 2.49 GFLOP/SWP
 | Dmem = 107 KB (3%) | Imem = 232 B (79%) | Hmem = 512 KB | Wmem = 3.52 KB | Pmem = 3.52 KB
 | Tread = 0.228 | Twrite = 0.895 | Tfpread = 0.047 | Tfpwrite = 0.030 | Tmporead = 0.000 | Tasync = 0.000
 | data = 11.4 MB | cpsd = 7.80 MB
 | Trot = 0.036 | Tctr = 0.577 | Tint = 0.008 | Tmid = 0.000 | Tdctr = 0.007 | Tdiag = 0.023 | Tinfo = 0.374
 | Teff = 2.924 | Tprt = 0.145 | Teig = 0.736 | Tblk = 7.581 | Tmve = 2.550 | Tdm = 0.003 | Tsplt = 0.023 | Tsvd = 0.000 | Torth = 0.000

Sweep =    2 | Direction =  forward | Bond dimension =   15 | Noise =  1.00e-04 | Dav threshold =  1.00e-10
 --> Site =    0 .. Mmps =    2 Ndav =   1 E =    -88.4082016602 Error = 0.00e+00 FLOPS = 5.68e+07 Tdav = 0.00 T = 0.02
 --> Site =    1 .. Mmps =    4 Ndav =   1 E =    -88.4082016602 Error = 0.00e+00 FLOPS = 1.17e+08 Tdav = 0.00 T = 0.03
 --> Site =    2 .. Mmps =    8 Ndav =   1 E =    -88.4082016602 Error = 0.00e+00 FLOPS = 3.00e+08 Tdav = 0.00 T = 0.02
 --> Site =    3 .. Mmps =   15 Ndav =   1 E =    -88.4082016602 Error = 0.00e+00 FLOPS = 7.20e+08 Tdav = 0.00 T = 0.05
 --> Site =    4 .. Mmps =   15 Ndav =   1 E =    -88.4082016602 Error = 2.83e-20 FLOPS = 1.45e+09 Tdav = 0.00 T = 0.03
 --> Site =    5 .. Mmps =   15 Ndav =   6 E =    -88.4082016627 Error = 7.26e-18 FLOPS = 3.70e+09 Tdav = 0.00 T = 0.03
 --> Site =    6 .. Mmps =   15 Ndav =  15 E =    -88.4082039307 Error = 7.42e-20 FLOPS = 2.95e+09 Tdav = 0.00 T = 0.06
 --> Site =    7 .. Mmps =   15 Ndav =  20 E =    -88.4082556453 Error = 5.59e-18 FLOPS = 2.41e+09 Tdav = 0.00 T = 0.04
 --> Site =    8 .. Mmps =   15 Ndav =  20 E =    -88.4082782384 Error = 2.31e-19 FLOPS = 2.63e+09 Tdav = 0.00 T = 0.04
 --> Site =    9 .. Mmps =   15 Ndav =  22 E =    -88.4083392196 Error = 1.02e-17 FLOPS = 2.52e+09 Tdav = 0.00 T = 0.04
 --> Site =   10 .. Mmps =   15 Ndav =  24 E =    -88.4091849089 Error = 1.43e-18 FLOPS = 2.44e+09 Tdav = 0.00 T = 0.03
 --> Site =   11 .. Mmps =   15 Ndav =  27 E =    -88.4094361162 Error = 1.13e-18 FLOPS = 2.26e+09 Tdav = 0.00 T = 0.04
 --> Site =   12 .. Mmps =   15 Ndav =  24 E =    -88.4116316301 Error = 3.45e-18 FLOPS = 2.74e+09 Tdav = 0.00 T = 0.04
 --> Site =   13 .. Mmps =   15 Ndav =  24 E =    -88.4118647318 Error = 2.58e-18 FLOPS = 2.87e+09 Tdav = 0.00 T = 0.04
 --> Site =   14 .. Mmps =   15 Ndav =  19 E =    -88.4120297075 Error = 1.55e-18 FLOPS = 3.78e+09 Tdav = 0.00 T = 0.03
 --> Site =   15 .. Mmps =   15 Ndav =  15 E =    -88.4120403366 Error = 1.78e-18 FLOPS = 4.68e+09 Tdav = 0.00 T = 0.03
 --> Site =   16 .. Mmps =   15 Ndav =  16 E =    -88.4120832380 Error = 1.70e-18 FLOPS = 4.62e+09 Tdav = 0.00 T = 0.06
 --> Site =   17 .. Mmps =   15 Ndav =  15 E =    -88.4120929794 Error = 6.25e-18 FLOPS = 4.91e+09 Tdav = 0.00 T = 0.04
 --> Site =   18 .. Mmps =   15 Ndav =  18 E =    -88.4122088508 Error = 6.68e-18 FLOPS = 4.48e+09 Tdav = 0.00 T = 0.05
 --> Site =   19 .. Mmps =   15 Ndav =  16 E =    -88.4122280243 Error = 3.17e-18 FLOPS = 5.02e+09 Tdav = 0.00 T = 0.03
 --> Site =   20 .. Mmps =   15 Ndav =  17 E =    -88.4122449006 Error = 1.23e-18 FLOPS = 4.91e+09 Tdav = 0.00 T = 0.03
 --> Site =   21 .. Mmps =   15 Ndav =  16 E =    -88.4122543604 Error = 3.02e-18 FLOPS = 5.26e+09 Tdav = 0.00 T = 0.04
 --> Site =   22 .. Mmps =   15 Ndav =  17 E =    -88.4123006997 Error = 7.95e-19 FLOPS = 5.15e+09 Tdav = 0.00 T = 0.03
 --> Site =   23 .. Mmps =   15 Ndav =  18 E =    -88.4123213235 Error = 1.07e-17 FLOPS = 5.11e+09 Tdav = 0.00 T = 0.06
 --> Site =   24 .. Mmps =   15 Ndav =  18 E =    -88.4124528498 Error = 5.00e-19 FLOPS = 5.18e+09 Tdav = 0.00 T = 0.03
 --> Site =   25 .. Mmps =   15 Ndav =  24 E =    -88.4125276161 Error = 5.51e-18 FLOPS = 4.19e+09 Tdav = 0.00 T = 0.03
 --> Site =   26 .. Mmps =   15 Ndav =  22 E =    -88.4126594799 Error = 1.81e-19 FLOPS = 4.68e+09 Tdav = 0.00 T = 0.04
 --> Site =   27 .. Mmps =   15 Ndav =  22 E =    -88.4126715087 Error = 4.48e-18 FLOPS = 4.77e+09 Tdav = 0.00 T = 0.04
 --> Site =   28 .. Mmps =   15 Ndav =  14 E =    -88.4126794479 Error = 1.10e-17 FLOPS = 6.36e+09 Tdav = 0.00 T = 0.04
 --> Site =   29 .. Mmps =   15 Ndav =  16 E =    -88.4126902098 Error = 7.58e-18 FLOPS = 6.02e+09 Tdav = 0.00 T = 0.04
 --> Site =   30 .. Mmps =   15 Ndav =  18 E =    -88.4127621884 Error = 6.01e-18 FLOPS = 5.74e+09 Tdav = 0.00 T = 0.04
 --> Site =   31 .. Mmps =   15 Ndav =  19 E =    -88.4127687095 Error = 2.47e-18 FLOPS = 5.62e+09 Tdav = 0.00 T = 0.04
 --> Site =   32 .. Mmps =   15 Ndav =  14 E =    -88.4127822316 Error = 1.68e-18 FLOPS = 7.56e+09 Tdav = 0.00 T = 0.04
 --> Site =   33 .. Mmps =   15 Ndav =  19 E =    -88.4128039012 Error = 9.09e-18 FLOPS = 6.57e+09 Tdav = 0.00 T = 0.04
 --> Site =   34 .. Mmps =   15 Ndav =  18 E =    -88.4128585212 Error = 8.92e-18 FLOPS = 6.77e+09 Tdav = 0.00 T = 0.04
 --> Site =   35 .. Mmps =   15 Ndav =  18 E =    -88.4128651960 Error = 1.08e-18 FLOPS = 6.98e+09 Tdav = 0.00 T = 0.04
 --> Site =   36 .. Mmps =   15 Ndav =  18 E =    -88.4128925172 Error = 7.39e-18 FLOPS = 7.06e+09 Tdav = 0.00 T = 0.04
 --> Site =   37 .. Mmps =   15 Ndav =  15 E =    -88.4128945679 Error = 1.33e-17 FLOPS = 7.75e+09 Tdav = 0.00 T = 0.04
 --> Site =   38 .. Mmps =   15 Ndav =  20 E =    -88.4129176298 Error = 7.09e-18 FLOPS = 6.74e+09 Tdav = 0.00 T = 0.05
 --> Site =   39 .. Mmps =   15 Ndav =  20 E =    -88.4129426607 Error = 4.46e-19 FLOPS = 6.80e+09 Tdav = 0.00 T = 0.04
 --> Site =   40 .. Mmps =   15 Ndav =  17 E =    -88.4129507948 Error = 1.73e-18 FLOPS = 7.51e+09 Tdav = 0.00 T = 0.05
 --> Site =   41 .. Mmps =   15 Ndav =  20 E =    -88.4129601425 Error = 1.06e-17 FLOPS = 7.00e+09 Tdav = 0.00 T = 0.06
 --> Site =   42 .. Mmps =   15 Ndav =  16 E =    -88.4129684694 Error = 6.25e-18 FLOPS = 7.83e+09 Tdav = 0.00 T = 0.04
 --> Site =   43 .. Mmps =   15 Ndav =  14 E =    -88.4129705216 Error = 2.50e-17 FLOPS = 8.28e+09 Tdav = 0.00 T = 0.04
 --> Site =   44 .. Mmps =   15 Ndav =  13 E =    -88.4129808154 Error = 4.55e-19 FLOPS = 8.55e+09 Tdav = 0.00 T = 0.04
 --> Site =   45 .. Mmps =   15 Ndav =  14 E =    -88.4129837394 Error = 1.07e-17 FLOPS = 8.34e+09 Tdav = 0.00 T = 0.04
 --> Site =   46 .. Mmps =   15 Ndav =  11 E =    -88.4129856531 Error = 5.34e-19 FLOPS = 5.84e+09 Tdav = 0.00 T = 0.04
 --> Site =   47 .. Mmps =   15 Ndav =  16 E =    -88.4129880065 Error = 3.75e-18 FLOPS = 5.21e+09 Tdav = 0.00 T = 0.05
 --> Site =   48 .. Mmps =   15 Ndav =  12 E =    -88.4129913889 Error = 4.20e-19 FLOPS = 5.48e+09 Tdav = 0.00 T = 0.05
 --> Site =   49 .. Mmps =   15 Ndav =  16 E =    -88.4129982224 Error = 4.37e-18 FLOPS = 5.00e+09 Tdav = 0.00 T = 0.05
 --> Site =   50 .. Mmps =   15 Ndav =  20 E =    -88.4130809333 Error = 9.29e-19 FLOPS = 4.23e+09 Tdav = 0.00 T = 0.06
 --> Site =   51 .. Mmps =   15 Ndav =  22 E =    -88.4131430976 Error = 2.55e-17 FLOPS = 4.05e+09 Tdav = 0.01 T = 0.06
 --> Site =   52 .. Mmps =   15 Ndav =  20 E =    -88.4131625930 Error = 2.05e-18 FLOPS = 4.11e+09 Tdav = 0.01 T = 0.06
 --> Site =   53 .. Mmps =   15 Ndav =  17 E =    -88.4131662329 Error = 4.66e-18 FLOPS = 4.94e+09 Tdav = 0.00 T = 0.06
 --> Site =   54 .. Mmps =   15 Ndav =  16 E =    -88.4131748317 Error = 6.97e-19 FLOPS = 6.34e+09 Tdav = 0.00 T = 0.05
 --> Site =   55 .. Mmps =   15 Ndav =  19 E =    -88.4131816013 Error = 1.61e-17 FLOPS = 4.91e+09 Tdav = 0.00 T = 0.06
 --> Site =   56 .. Mmps =   15 Ndav =  15 E =    -88.4131889632 Error = 2.11e-18 FLOPS = 5.79e+09 Tdav = 0.00 T = 0.06
 --> Site =   57 .. Mmps =   15 Ndav =  17 E =    -88.4131920956 Error = 3.86e-18 FLOPS = 5.52e+09 Tdav = 0.00 T = 0.05
 --> Site =   58 .. Mmps =   15 Ndav =  15 E =    -88.4132006110 Error = 2.90e-19 FLOPS = 5.49e+09 Tdav = 0.00 T = 0.06
 --> Site =   59 .. Mmps =   15 Ndav =  14 E =    -88.4132138517 Error = 2.01e-18 FLOPS = 5.96e+09 Tdav = 0.00 T = 0.06
 --> Site =   60 .. Mmps =   15 Ndav =  14 E =    -88.4132268598 Error = 7.03e-19 FLOPS = 5.71e+09 Tdav = 0.00 T = 0.05
 --> Site =   61 .. Mmps =   15 Ndav =  19 E =    -88.4132338325 Error = 7.27e-18 FLOPS = 4.77e+09 Tdav = 0.00 T = 0.07
 --> Site =   62 .. Mmps =   15 Ndav =  17 E =    -88.4132544699 Error = 1.29e-18 FLOPS = 5.30e+09 Tdav = 0.00 T = 0.06
 --> Site =   63 .. Mmps =   15 Ndav =  18 E =    -88.4132590291 Error = 1.31e-18 FLOPS = 5.42e+09 Tdav = 0.00 T = 0.06
 --> Site =   64 .. Mmps =   15 Ndav =  24 E =    -88.4134376711 Error = 4.87e-18 FLOPS = 4.82e+09 Tdav = 0.01 T = 0.06
 --> Site =   65 .. Mmps =   15 Ndav =  20 E =    -88.4134499984 Error = 8.63e-18 FLOPS = 5.38e+09 Tdav = 0.00 T = 0.06
 --> Site =   66 .. Mmps =   15 Ndav =  19 E =    -88.4135070924 Error = 1.11e-18 FLOPS = 5.56e+09 Tdav = 0.00 T = 0.06
 --> Site =   67 .. Mmps =   15 Ndav =  21 E =    -88.4135171793 Error = 7.41e-18 FLOPS = 5.29e+09 Tdav = 0.00 T = 0.06
 --> Site =   68 .. Mmps =   15 Ndav =  15 E =    -88.4135260941 Error = 7.10e-18 FLOPS = 6.17e+09 Tdav = 0.00 T = 0.06
 --> Site =   69 .. Mmps =   15 Ndav =  13 E =    -88.4135271547 Error = 2.03e-17 FLOPS = 6.46e+09 Tdav = 0.00 T = 0.06
 --> Site =   70 .. Mmps =   15 Ndav =  12 E =    -88.4135295055 Error = 9.68e-19 FLOPS = 6.54e+09 Tdav = 0.00 T = 0.06
 --> Site =   71 .. Mmps =   15 Ndav =  13 E =    -88.4135304723 Error = 4.89e-18 FLOPS = 6.46e+09 Tdav = 0.00 T = 0.06
 --> Site =   72 .. Mmps =   15 Ndav =  12 E =    -88.4135326913 Error = 8.63e-19 FLOPS = 6.59e+09 Tdav = 0.00 T = 0.06
 --> Site =   73 .. Mmps =   15 Ndav =  16 E =    -88.4135351583 Error = 3.49e-18 FLOPS = 6.55e+09 Tdav = 0.00 T = 0.06
 --> Site =   74 .. Mmps =   15 Ndav =  14 E =    -88.4135382312 Error = 6.72e-18 FLOPS = 6.58e+09 Tdav = 0.00 T = 0.07
 --> Site =   75 .. Mmps =   15 Ndav =  20 E =    -88.4135525466 Error = 1.27e-18 FLOPS = 5.00e+09 Tdav = 0.00 T = 0.07
 --> Site =   76 .. Mmps =   15 Ndav =  20 E =    -88.4136317405 Error = 7.42e-21 FLOPS = 5.46e+09 Tdav = 0.00 T = 0.06
 --> Site =   77 .. Mmps =   15 Ndav =  21 E =    -88.4136444883 Error = 1.88e-18 FLOPS = 5.31e+09 Tdav = 0.00 T = 0.06
 --> Site =   78 .. Mmps =   15 Ndav =  21 E =    -88.4136566364 Error = 8.58e-20 FLOPS = 5.30e+09 Tdav = 0.00 T = 0.06
 --> Site =   79 .. Mmps =   15 Ndav =  22 E =    -88.4136827564 Error = 1.18e-18 FLOPS = 5.14e+09 Tdav = 0.00 T = 0.06
 --> Site =   80 .. Mmps =   15 Ndav =  18 E =    -88.4137158673 Error = 1.10e-17 FLOPS = 6.22e+09 Tdav = 0.00 T = 0.06
 --> Site =   81 .. Mmps =   15 Ndav =  21 E =    -88.4137507037 Error = 1.03e-17 FLOPS = 5.57e+09 Tdav = 0.00 T = 0.07
 --> Site =   82 .. Mmps =   15 Ndav =  15 E =    -88.4137570593 Error = 1.78e-18 FLOPS = 5.92e+09 Tdav = 0.00 T = 0.06
 --> Site =   83 .. Mmps =   15 Ndav =  14 E =    -88.4137624462 Error = 6.86e-19 FLOPS = 6.26e+09 Tdav = 0.00 T = 0.06
 --> Site =   84 .. Mmps =   15 Ndav =  14 E =    -88.4137726225 Error = 1.86e-18 FLOPS = 6.32e+09 Tdav = 0.00 T = 0.06
 --> Site =   85 .. Mmps =   15 Ndav =  17 E =    -88.4137907716 Error = 1.13e-17 FLOPS = 6.38e+09 Tdav = 0.00 T = 0.06
 --> Site =   86 .. Mmps =   15 Ndav =  16 E =    -88.4138113776 Error = 4.69e-19 FLOPS = 6.25e+09 Tdav = 0.00 T = 0.06
 --> Site =   87 .. Mmps =   15 Ndav =  21 E =    -88.4138461196 Error = 1.06e-17 FLOPS = 5.29e+09 Tdav = 0.00 T = 0.06
 --> Site =   88 .. Mmps =   15 Ndav =  19 E =    -88.4138780304 Error = 4.72e-19 FLOPS = 6.07e+09 Tdav = 0.00 T = 0.06
 --> Site =   89 .. Mmps =   15 Ndav =  17 E =    -88.4138821675 Error = 1.04e-18 FLOPS = 5.89e+09 Tdav = 0.00 T = 0.06
 --> Site =   90 .. Mmps =   15 Ndav =  26 E =    -88.4140033573 Error = 1.22e-17 FLOPS = 4.61e+09 Tdav = 0.01 T = 0.06
 --> Site =   91 .. Mmps =   15 Ndav =  21 E =    -88.4140163433 Error = 2.94e-18 FLOPS = 5.28e+09 Tdav = 0.00 T = 0.06
 --> Site =   92 .. Mmps =   15 Ndav =  19 E =    -88.4140487228 Error = 1.01e-18 FLOPS = 5.56e+09 Tdav = 0.00 T = 0.07
 --> Site =   93 .. Mmps =   15 Ndav =  19 E =    -88.4140552186 Error = 2.40e-18 FLOPS = 5.35e+09 Tdav = 0.00 T = 0.07
 --> Site =   94 .. Mmps =   15 Ndav =  16 E =    -88.4140656844 Error = 2.54e-18 FLOPS = 5.80e+09 Tdav = 0.00 T = 0.06
 --> Site =   95 .. Mmps =   15 Ndav =  14 E =    -88.4140670369 Error = 6.97e-18 FLOPS = 6.33e+09 Tdav = 0.00 T = 0.06
 --> Site =   96 .. Mmps =   15 Ndav =  13 E =    -88.4140696730 Error = 5.47e-18 FLOPS = 6.42e+09 Tdav = 0.00 T = 0.06
 --> Site =   97 .. Mmps =   15 Ndav =  12 E =    -88.4140707750 Error = 4.78e-18 FLOPS = 6.53e+09 Tdav = 0.00 T = 0.06
 --> Site =   98 .. Mmps =   15 Ndav =  12 E =    -88.4140731641 Error = 2.16e-18 FLOPS = 6.52e+09 Tdav = 0.00 T = 0.06
 --> Site =   99 .. Mmps =   15 Ndav =  17 E =    -88.4140758119 Error = 5.76e-18 FLOPS = 5.90e+09 Tdav = 0.00 T = 0.06
 --> Site =  100 .. Mmps =   15 Ndav =  14 E =    -88.4140783750 Error = 4.70e-18 FLOPS = 6.53e+09 Tdav = 0.00 T = 0.06
 --> Site =  101 .. Mmps =   15 Ndav =  17 E =    -88.4140838073 Error = 7.95e-18 FLOPS = 5.62e+09 Tdav = 0.00 T = 0.06
 --> Site =  102 .. Mmps =   15 Ndav =  19 E =    -88.4141348231 Error = 3.89e-19 FLOPS = 5.55e+09 Tdav = 0.00 T = 0.06
 --> Site =  103 .. Mmps =   15 Ndav =  23 E =    -88.4141470837 Error = 2.86e-19 FLOPS = 4.73e+09 Tdav = 0.01 T = 0.06
 --> Site =  104 .. Mmps =   15 Ndav =  23 E =    -88.4141668257 Error = 2.86e-18 FLOPS = 4.70e+09 Tdav = 0.01 T = 0.06
 --> Site =  105 .. Mmps =   15 Ndav =  23 E =    -88.4142411195 Error = 1.04e-18 FLOPS = 4.90e+09 Tdav = 0.01 T = 0.06
 --> Site =  106 .. Mmps =   15 Ndav =  17 E =    -88.4142651038 Error = 8.41e-19 FLOPS = 5.58e+09 Tdav = 0.00 T = 0.12
 --> Site =  107 .. Mmps =   15 Ndav =  18 E =    -88.4142823444 Error = 4.92e-18 FLOPS = 3.91e+09 Tdav = 0.01 T = 0.09
 --> Site =  108 .. Mmps =   15 Ndav =  18 E =    -88.4143926261 Error = 3.64e-18 FLOPS = 4.17e+09 Tdav = 0.00 T = 0.06
 --> Site =  109 .. Mmps =   15 Ndav =  15 E =    -88.4144010561 Error = 8.84e-18 FLOPS = 4.73e+09 Tdav = 0.00 T = 0.11
 --> Site =  110 .. Mmps =   15 Ndav =  15 E =    -88.4144224800 Error = 3.85e-19 FLOPS = 3.96e+09 Tdav = 0.00 T = 0.09
 --> Site =  111 .. Mmps =   15 Ndav =  15 E =    -88.4144297167 Error = 7.10e-19 FLOPS = 4.48e+09 Tdav = 0.00 T = 0.08
 --> Site =  112 .. Mmps =   15 Ndav =  14 E =    -88.4144398435 Error = 2.90e-19 FLOPS = 4.57e+09 Tdav = 0.00 T = 0.07
 --> Site =  113 .. Mmps =   15 Ndav =  21 E =    -88.4145242545 Error = 4.41e-18 FLOPS = 4.25e+09 Tdav = 0.01 T = 0.06
 --> Site =  114 .. Mmps =   15 Ndav =  20 E =    -88.4148414756 Error = 2.88e-18 FLOPS = 4.14e+09 Tdav = 0.01 T = 0.09
 --> Site =  115 .. Mmps =   15 Ndav =  19 E =    -88.4148464977 Error = 1.50e-18 FLOPS = 4.43e+09 Tdav = 0.00 T = 0.07
 --> Site =  116 .. Mmps =   15 Ndav =  23 E =    -88.4148986701 Error = 1.53e-19 FLOPS = 5.13e+09 Tdav = 0.00 T = 0.08
 --> Site =  117 .. Mmps =   15 Ndav =  20 E =    -88.4149074232 Error = 6.12e-18 FLOPS = 3.82e+09 Tdav = 0.01 T = 0.06
 --> Site =  118 .. Mmps =   15 Ndav =  19 E =    -88.4149863853 Error = 4.83e-19 FLOPS = 3.69e+09 Tdav = 0.01 T = 0.09
 --> Site =  119 .. Mmps =   15 Ndav =  14 E =    -88.4149878148 Error = 3.77e-18 FLOPS = 4.17e+09 Tdav = 0.00 T = 0.06
 --> Site =  120 .. Mmps =   15 Ndav =  15 E =    -88.4149981112 Error = 8.46e-19 FLOPS = 4.33e+09 Tdav = 0.00 T = 0.06
 --> Site =  121 .. Mmps =   15 Ndav =  15 E =    -88.4149991296 Error = 2.99e-18 FLOPS = 4.31e+09 Tdav = 0.00 T = 0.06
 --> Site =  122 .. Mmps =   15 Ndav =  12 E =    -88.4150018563 Error = 9.12e-20 FLOPS = 4.57e+09 Tdav = 0.00 T = 0.06
 --> Site =  123 .. Mmps =   15 Ndav =  13 E =    -88.4150025720 Error = 5.60e-18 FLOPS = 4.49e+09 Tdav = 0.00 T = 0.05
 --> Site =  124 .. Mmps =   15 Ndav =  12 E =    -88.4150036272 Error = 2.65e-19 FLOPS = 4.56e+09 Tdav = 0.00 T = 0.06
 --> Site =  125 .. Mmps =   15 Ndav =  16 E =    -88.4150083357 Error = 3.87e-18 FLOPS = 4.11e+09 Tdav = 0.00 T = 0.06
 --> Site =  126 .. Mmps =   15 Ndav =  12 E =    -88.4150099424 Error = 8.02e-19 FLOPS = 4.52e+09 Tdav = 0.00 T = 0.05
 --> Site =  127 .. Mmps =   15 Ndav =  20 E =    -88.4150181096 Error = 3.57e-18 FLOPS = 3.60e+09 Tdav = 0.00 T = 0.06
 --> Site =  128 .. Mmps =   15 Ndav =  17 E =    -88.4150279776 Error = 4.40e-20 FLOPS = 3.66e+09 Tdav = 0.00 T = 0.06
 --> Site =  129 .. Mmps =   15 Ndav =  21 E =    -88.4151147260 Error = 1.54e-17 FLOPS = 2.82e+09 Tdav = 0.01 T = 0.06
 --> Site =  130 .. Mmps =   15 Ndav =  19 E =    -88.4151677371 Error = 7.62e-18 FLOPS = 2.98e+09 Tdav = 0.01 T = 0.06
 --> Site =  131 .. Mmps =   15 Ndav =  20 E =    -88.4151764988 Error = 1.61e-18 FLOPS = 2.65e+09 Tdav = 0.01 T = 0.06
 --> Site =  132 .. Mmps =   15 Ndav =  14 E =    -88.4151862079 Error = 1.28e-18 FLOPS = 3.16e+09 Tdav = 0.00 T = 0.06
 --> Site =  133 .. Mmps =   15 Ndav =  19 E =    -88.4151991407 Error = 4.32e-18 FLOPS = 2.47e+09 Tdav = 0.01 T = 0.06
 --> Site =  134 .. Mmps =   15 Ndav =  17 E =    -88.4152703969 Error = 1.01e-18 FLOPS = 2.59e+09 Tdav = 0.00 T = 0.06
 --> Site =  135 .. Mmps =   15 Ndav =  16 E =    -88.4152801805 Error = 3.14e-18 FLOPS = 2.65e+09 Tdav = 0.00 T = 0.06
 --> Site =  136 .. Mmps =   15 Ndav =  16 E =    -88.4153089632 Error = 8.92e-19 FLOPS = 2.61e+09 Tdav = 0.00 T = 0.06
 --> Site =  137 .. Mmps =   15 Ndav =  19 E =    -88.4153303192 Error = 2.64e-19 FLOPS = 2.33e+09 Tdav = 0.01 T = 0.06
 --> Site =  138 .. Mmps =   15 Ndav =  16 E =    -88.4153402820 Error = 4.51e-18 FLOPS = 2.56e+09 Tdav = 0.00 T = 0.06
 --> Site =  139 .. Mmps =   15 Ndav =  18 E =    -88.4153483442 Error = 4.18e-18 FLOPS = 2.34e+09 Tdav = 0.00 T = 0.05
 --> Site =  140 .. Mmps =   15 Ndav =  19 E =    -88.4154993151 Error = 1.26e-18 FLOPS = 2.23e+09 Tdav = 0.01 T = 0.06
 --> Site =  141 .. Mmps =   15 Ndav =  26 E =    -88.4156823386 Error = 6.20e-19 FLOPS = 1.65e+09 Tdav = 0.01 T = 0.07
 --> Site =  142 .. Mmps =   15 Ndav =  18 E =    -88.4157025812 Error = 6.40e-18 FLOPS = 2.23e+09 Tdav = 0.00 T = 0.06
 --> Site =  143 .. Mmps =   15 Ndav =  19 E =    -88.4157379753 Error = 3.17e-19 FLOPS = 2.09e+09 Tdav = 0.00 T = 0.06
 --> Site =  144 .. Mmps =   15 Ndav =  14 E =    -88.4157652892 Error = 4.44e-18 FLOPS = 2.47e+09 Tdav = 0.00 T = 0.07
 --> Site =  145 .. Mmps =   15 Ndav =  16 E =    -88.4157885491 Error = 3.56e-18 FLOPS = 2.22e+09 Tdav = 0.00 T = 0.06
 --> Site =  146 .. Mmps =   15 Ndav =  12 E =    -88.4157989041 Error = 3.56e-18 FLOPS = 2.57e+09 Tdav = 0.00 T = 0.05
 --> Site =  147 .. Mmps =   15 Ndav =  15 E =    -88.4158054304 Error = 5.08e-18 FLOPS = 2.24e+09 Tdav = 0.00 T = 0.05
 --> Site =  148 .. Mmps =   15 Ndav =  13 E =    -88.4158255256 Error = 3.48e-19 FLOPS = 2.38e+09 Tdav = 0.00 T = 0.06
 --> Site =  149 .. Mmps =   15 Ndav =  16 E =    -88.4158370355 Error = 2.35e-18 FLOPS = 2.04e+09 Tdav = 0.00 T = 0.06
 --> Site =  150 .. Mmps =   15 Ndav =  21 E =    -88.4169682179 Error = 2.08e-18 FLOPS = 1.60e+09 Tdav = 0.01 T = 0.05
 --> Site =  151 .. Mmps =   15 Ndav =  18 E =    -88.4172291295 Error = 2.42e-19 FLOPS = 1.77e+09 Tdav = 0.00 T = 0.05
 --> Site =  152 .. Mmps =   15 Ndav =  19 E =    -88.4174239797 Error = 8.54e-19 FLOPS = 1.63e+09 Tdav = 0.00 T = 0.05
 --> Site =  153 .. Mmps =   15 Ndav =  20 E =    -88.4178839243 Error = 3.39e-19 FLOPS = 1.50e+09 Tdav = 0.00 T = 0.05
 --> Site =  154 .. Mmps =   15 Ndav =  20 E =    -88.4180172332 Error = 9.67e-19 FLOPS = 1.44e+09 Tdav = 0.00 T = 0.04
 --> Site =  155 .. Mmps =   15 Ndav =  33 E =    -88.4207741710 Error = 3.29e-18 FLOPS = 7.58e+08 Tdav = 0.01 T = 0.05
 --> Site =  156 .. Mmps =   15 Ndav =  22 E =    -88.4209632262 Error = 1.16e-17 FLOPS = 1.19e+09 Tdav = 0.01 T = 0.04
 --> Site =  157 .. Mmps =   15 Ndav =  27 E =    -88.4210678958 Error = 9.86e-18 FLOPS = 8.79e+08 Tdav = 0.01 T = 0.13
 --> Site =  158 .. Mmps =   15 Ndav =  23 E =    -88.4211838687 Error = 6.03e-18 FLOPS = 9.99e+08 Tdav = 0.01 T = 0.08
 --> Site =  159 .. Mmps =   15 Ndav =  27 E =    -88.4213255201 Error = 3.06e-17 FLOPS = 7.64e+08 Tdav = 0.01 T = 0.05
 --> Site =  160 .. Mmps =   15 Ndav =  27 E =    -88.4214278032 Error = 7.49e-18 FLOPS = 7.06e+08 Tdav = 0.01 T = 0.06
 --> Site =  161 .. Mmps =   15 Ndav =  22 E =    -88.4214714128 Error = 6.95e-18 FLOPS = 8.31e+08 Tdav = 0.00 T = 0.11
 --> Site =  162 .. Mmps =   15 Ndav =  26 E =    -88.4215312964 Error = 3.99e-19 FLOPS = 6.10e+08 Tdav = 0.01 T = 0.06
 --> Site =  163 .. Mmps =   15 Ndav =  25 E =    -88.4215913079 Error = 6.85e-18 FLOPS = 5.68e+08 Tdav = 0.01 T = 0.06
 --> Site =  164 .. Mmps =   15 Ndav =  16 E =    -88.4215920744 Error = 1.69e-18 FLOPS = 8.39e+08 Tdav = 0.00 T = 0.05
 --> Site =  165 .. Mmps =   15 Ndav =   2 E =    -88.4215920744 Error = 9.20e-28 FLOPS = 5.36e+08 Tdav = 0.00 T = 0.04
 --> Site =  166 .. Mmps =   15 Ndav =   1 E =    -88.4215920744 Error = 5.06e-57 FLOPS = 1.77e+08 Tdav = 0.00 T = 0.06
 --> Site =  167 .. Mmps =   15 Ndav =   1 E =    -88.4215920744 Error = 8.49e-81 FLOPS = 8.72e+07 Tdav = 0.00 T = 0.05
 --> Site =  168 .. Mmps =   15 Ndav =   1 E =    -88.4215920744 Error = 1.51e-105 FLOPS = 2.84e+07 Tdav = 0.00 T = 0.04
Time elapsed =    294.287 | E =     -88.4215920744 | DE = -1.34e-02 | DW = 3.06022e-17
Time sweep =        9.386 | 2.12 GFLOP/SWP
 | Dmem = 107 KB (3%) | Imem = 232 B (79%) | Hmem = 512 KB | Wmem = 3.52 KB | Pmem = 3.52 KB
 | Tread = 0.207 | Twrite = 0.912 | Tfpread = 0.044 | Tfpwrite = 0.029 | Tmporead = 0.000 | Tasync = 0.000
 | data = 11.4 MB | cpsd = 8.68 MB
 | Trot = 0.030 | Tctr = 0.006 | Tint = 0.008 | Tmid = 0.000 | Tdctr = 0.132 | Tdiag = 0.023 | Tinfo = 0.379
 | Teff = 2.885 | Tprt = 0.154 | Teig = 0.569 | Tblk = 7.519 | Tmve = 1.858 | Tdm = 0.003 | Tsplt = 0.020 | Tsvd = 0.000 | Torth = 0.000

Sweep =    3 | Direction = backward | Bond dimension =   15 | Noise =  1.00e-04 | Dav threshold =  1.00e-10
 <-- Site =  168 .. Mmps =    2 Ndav =   1 E =    -88.4215920744 Error = 0.00e+00 FLOPS = 2.60e+07 Tdav = 0.00 T = 0.02
 <-- Site =  167 .. Mmps =    4 Ndav =   1 E =    -88.4215920744 Error = 0.00e+00 FLOPS = 7.90e+07 Tdav = 0.00 T = 0.04
 <-- Site =  166 .. Mmps =    8 Ndav =   1 E =    -88.4215920744 Error = 0.00e+00 FLOPS = 1.65e+08 Tdav = 0.00 T = 0.04
 <-- Site =  165 .. Mmps =   15 Ndav =   1 E =    -88.4215920744 Error = 0.00e+00 FLOPS = 4.00e+08 Tdav = 0.00 T = 0.03
 <-- Site =  164 .. Mmps =   15 Ndav =   1 E =    -88.4215920744 Error = 3.54e-20 FLOPS = 7.99e+08 Tdav = 0.00 T = 0.05
 <-- Site =  163 .. Mmps =   15 Ndav =   3 E =    -88.4215920745 Error = 4.91e-18 FLOPS = 1.47e+09 Tdav = 0.00 T = 0.03
 <-- Site =  162 .. Mmps =   15 Ndav =  12 E =    -88.4215922532 Error = 7.58e-19 FLOPS = 1.35e+09 Tdav = 0.00 T = 0.03
 <-- Site =  161 .. Mmps =   15 Ndav =  10 E =    -88.4215924588 Error = 1.24e-18 FLOPS = 1.64e+09 Tdav = 0.00 T = 0.03
 <-- Site =  160 .. Mmps =   15 Ndav =  17 E =    -88.4215947066 Error = 2.67e-18 FLOPS = 1.19e+09 Tdav = 0.00 T = 0.04
 <-- Site =  159 .. Mmps =   15 Ndav =  18 E =    -88.4215989070 Error = 7.78e-18 FLOPS = 1.22e+09 Tdav = 0.00 T = 0.04
 <-- Site =  158 .. Mmps =   15 Ndav =  18 E =    -88.4216212665 Error = 5.12e-18 FLOPS = 1.30e+09 Tdav = 0.00 T = 0.03
 <-- Site =  157 .. Mmps =   15 Ndav =  22 E =    -88.4216323371 Error = 1.69e-18 FLOPS = 1.13e+09 Tdav = 0.01 T = 0.04
 <-- Site =  156 .. Mmps =   15 Ndav =  19 E =    -88.4216975999 Error = 1.68e-17 FLOPS = 1.39e+09 Tdav = 0.00 T = 0.04
 <-- Site =  155 .. Mmps =   15 Ndav =  22 E =    -88.4217686995 Error = 1.97e-18 FLOPS = 1.26e+09 Tdav = 0.01 T = 0.04
 <-- Site =  154 .. Mmps =   15 Ndav =  24 E =    -88.4225019426 Error = 1.96e-18 FLOPS = 1.19e+09 Tdav = 0.01 T = 0.04
 <-- Site =  153 .. Mmps =   15 Ndav =  15 E =    -88.4225083582 Error = 3.75e-19 FLOPS = 1.89e+09 Tdav = 0.00 T = 0.04
 <-- Site =  152 .. Mmps =   15 Ndav =  16 E =    -88.4225295829 Error = 8.91e-19 FLOPS = 1.87e+09 Tdav = 0.00 T = 0.04
 <-- Site =  151 .. Mmps =   15 Ndav =  16 E =    -88.4225455367 Error = 8.50e-18 FLOPS = 1.94e+09 Tdav = 0.00 T = 0.04
 <-- Site =  150 .. Mmps =   15 Ndav =  16 E =    -88.4225601084 Error = 1.20e-18 FLOPS = 1.99e+09 Tdav = 0.00 T = 0.04
 <-- Site =  149 .. Mmps =   15 Ndav =  23 E =    -88.4233601199 Error = 5.10e-18 FLOPS = 1.51e+09 Tdav = 0.01 T = 0.05
 <-- Site =  148 .. Mmps =   15 Ndav =  19 E =    -88.4234392949 Error = 1.90e-18 FLOPS = 1.85e+09 Tdav = 0.00 T = 0.04
 <-- Site =  147 .. Mmps =   15 Ndav =  18 E =    -88.4234689720 Error = 2.54e-18 FLOPS = 1.98e+09 Tdav = 0.00 T = 0.05
 <-- Site =  146 .. Mmps =   15 Ndav =  16 E =    -88.4234953357 Error = 1.81e-18 FLOPS = 2.20e+09 Tdav = 0.00 T = 0.05
 <-- Site =  145 .. Mmps =   15 Ndav =  16 E =    -88.4235238970 Error = 6.69e-19 FLOPS = 2.25e+09 Tdav = 0.00 T = 0.05
 <-- Site =  144 .. Mmps =   15 Ndav =  20 E =    -88.4236651603 Error = 4.88e-19 FLOPS = 1.96e+09 Tdav = 0.01 T = 0.05
 <-- Site =  143 .. Mmps =   15 Ndav =  28 E =    -88.4240352974 Error = 7.90e-18 FLOPS = 1.46e+09 Tdav = 0.01 T = 0.06
 <-- Site =  142 .. Mmps =   15 Ndav =  17 E =    -88.4240384772 Error = 4.99e-19 FLOPS = 2.30e+09 Tdav = 0.00 T = 0.05
 <-- Site =  141 .. Mmps =   15 Ndav =  19 E =    -88.4240433273 Error = 4.40e-18 FLOPS = 2.16e+09 Tdav = 0.01 T = 0.05
 <-- Site =  140 .. Mmps =   15 Ndav =  18 E =    -88.4241029037 Error = 1.62e-17 FLOPS = 2.29e+09 Tdav = 0.00 T = 0.06
 <-- Site =  139 .. Mmps =   15 Ndav =  25 E =    -88.4241540174 Error = 6.12e-18 FLOPS = 1.80e+09 Tdav = 0.01 T = 0.06
 <-- Site =  138 .. Mmps =   15 Ndav =  14 E =    -88.4241586743 Error = 1.98e-17 FLOPS = 2.72e+09 Tdav = 0.00 T = 0.05
 <-- Site =  137 .. Mmps =   15 Ndav =  16 E =    -88.4241593855 Error = 2.26e-18 FLOPS = 2.57e+09 Tdav = 0.00 T = 0.06
 <-- Site =  136 .. Mmps =   15 Ndav =  13 E =    -88.4241614504 Error = 1.30e-17 FLOPS = 2.86e+09 Tdav = 0.00 T = 0.06
 <-- Site =  135 .. Mmps =   15 Ndav =  11 E =    -88.4241624353 Error = 5.01e-19 FLOPS = 3.05e+09 Tdav = 0.00 T = 0.06
 <-- Site =  134 .. Mmps =   15 Ndav =  13 E =    -88.4241666788 Error = 2.11e-18 FLOPS = 2.94e+09 Tdav = 0.00 T = 0.06
 <-- Site =  133 .. Mmps =   15 Ndav =  22 E =    -88.4243126729 Error = 2.14e-18 FLOPS = 2.47e+09 Tdav = 0.01 T = 0.06
 <-- Site =  132 .. Mmps =   15 Ndav =  17 E =    -88.4243504177 Error = 7.33e-19 FLOPS = 3.09e+09 Tdav = 0.00 T = 0.06
 <-- Site =  131 .. Mmps =   15 Ndav =  16 E =    -88.4243617140 Error = 1.85e-18 FLOPS = 3.23e+09 Tdav = 0.00 T = 0.07
 <-- Site =  130 .. Mmps =   15 Ndav =  18 E =    -88.4243780779 Error = 2.08e-18 FLOPS = 3.00e+09 Tdav = 0.00 T = 0.06
 <-- Site =  129 .. Mmps =   15 Ndav =  22 E =    -88.4244150768 Error = 8.15e-18 FLOPS = 2.95e+09 Tdav = 0.01 T = 0.06
 <-- Site =  128 .. Mmps =   15 Ndav =  17 E =    -88.4244465874 Error = 1.81e-18 FLOPS = 3.64e+09 Tdav = 0.00 T = 0.06
 <-- Site =  127 .. Mmps =   15 Ndav =  19 E =    -88.4244529553 Error = 1.68e-18 FLOPS = 3.63e+09 Tdav = 0.00 T = 0.06
 <-- Site =  126 .. Mmps =   15 Ndav =  15 E =    -88.4244841865 Error = 2.85e-19 FLOPS = 4.18e+09 Tdav = 0.00 T = 0.07
 <-- Site =  125 .. Mmps =   15 Ndav =  15 E =    -88.4244864899 Error = 8.46e-18 FLOPS = 4.14e+09 Tdav = 0.00 T = 0.07
 <-- Site =  124 .. Mmps =   15 Ndav =  15 E =    -88.4244931546 Error = 1.20e-19 FLOPS = 4.20e+09 Tdav = 0.00 T = 0.06
 <-- Site =  123 .. Mmps =   15 Ndav =  16 E =    -88.4244991402 Error = 3.34e-19 FLOPS = 4.37e+09 Tdav = 0.00 T = 0.08
 <-- Site =  122 .. Mmps =   15 Ndav =  12 E =    -88.4245019671 Error = 2.74e-19 FLOPS = 4.84e+09 Tdav = 0.00 T = 0.06
 <-- Site =  121 .. Mmps =   15 Ndav =  13 E =    -88.4245056043 Error = 6.15e-18 FLOPS = 4.59e+09 Tdav = 0.00 T = 0.07
 <-- Site =  120 .. Mmps =   15 Ndav =  13 E =    -88.4245096981 Error = 6.66e-19 FLOPS = 4.77e+09 Tdav = 0.00 T = 0.08
 <-- Site =  119 .. Mmps =   15 Ndav =  17 E =    -88.4245153592 Error = 1.44e-18 FLOPS = 4.32e+09 Tdav = 0.00 T = 0.07
 <-- Site =  118 .. Mmps =   15 Ndav =  16 E =    -88.4245189057 Error = 4.52e-19 FLOPS = 4.63e+09 Tdav = 0.00 T = 0.06
 <-- Site =  117 .. Mmps =   15 Ndav =  21 E =    -88.4245368906 Error = 1.44e-17 FLOPS = 4.28e+09 Tdav = 0.00 T = 0.06
 <-- Site =  116 .. Mmps =   15 Ndav =  19 E =    -88.4245421606 Error = 6.12e-18 FLOPS = 4.85e+09 Tdav = 0.00 T = 0.06
 <-- Site =  115 .. Mmps =   15 Ndav =  20 E =    -88.4246049651 Error = 1.65e-18 FLOPS = 5.65e+09 Tdav = 0.00 T = 0.06
 <-- Site =  114 .. Mmps =   15 Ndav =  14 E =    -88.4246086760 Error = 2.04e-17 FLOPS = 6.58e+09 Tdav = 0.00 T = 0.06
 <-- Site =  113 .. Mmps =   15 Ndav =  19 E =    -88.4246296344 Error = 2.64e-18 FLOPS = 5.82e+09 Tdav = 0.00 T = 0.06
 <-- Site =  112 .. Mmps =   15 Ndav =  17 E =    -88.4246948624 Error = 3.42e-18 FLOPS = 6.17e+09 Tdav = 0.00 T = 0.06
 <-- Site =  111 .. Mmps =   15 Ndav =  14 E =    -88.4247026616 Error = 2.18e-19 FLOPS = 6.64e+09 Tdav = 0.00 T = 0.07
 <-- Site =  110 .. Mmps =   15 Ndav =  14 E =    -88.4247127592 Error = 6.95e-19 FLOPS = 6.61e+09 Tdav = 0.00 T = 0.06
 <-- Site =  109 .. Mmps =   15 Ndav =  15 E =    -88.4247197737 Error = 8.43e-18 FLOPS = 6.47e+09 Tdav = 0.00 T = 0.06
 <-- Site =  108 .. Mmps =   15 Ndav =  14 E =    -88.4247325806 Error = 7.23e-18 FLOPS = 6.63e+09 Tdav = 0.00 T = 0.07
 <-- Site =  107 .. Mmps =   15 Ndav =  21 E =    -88.4247567971 Error = 3.82e-18 FLOPS = 5.57e+09 Tdav = 0.00 T = 0.08
 <-- Site =  106 .. Mmps =   15 Ndav =  16 E =    -88.4247799052 Error = 1.08e-17 FLOPS = 6.39e+09 Tdav = 0.00 T = 0.06
 <-- Site =  105 .. Mmps =   15 Ndav =  17 E =    -88.4247864031 Error = 2.84e-18 FLOPS = 6.20e+09 Tdav = 0.00 T = 0.06
 <-- Site =  104 .. Mmps =   15 Ndav =  23 E =    -88.4248636010 Error = 4.49e-18 FLOPS = 5.29e+09 Tdav = 0.00 T = 0.06
 <-- Site =  103 .. Mmps =   15 Ndav =  19 E =    -88.4248710014 Error = 2.85e-18 FLOPS = 6.81e+09 Tdav = 0.00 T = 0.06
 <-- Site =  102 .. Mmps =   15 Ndav =  13 E =    -88.4248715411 Error = 7.56e-19 FLOPS = 6.89e+09 Tdav = 0.00 T = 0.07
 <-- Site =  101 .. Mmps =   15 Ndav =  18 E =    -88.4249259326 Error = 7.78e-20 FLOPS = 6.15e+09 Tdav = 0.00 T = 0.06
 <-- Site =  100 .. Mmps =   15 Ndav =  14 E =    -88.4249317335 Error = 5.16e-19 FLOPS = 6.74e+09 Tdav = 0.00 T = 0.07
 <-- Site =   99 .. Mmps =   15 Ndav =  12 E =    -88.4249324158 Error = 3.79e-19 FLOPS = 6.79e+09 Tdav = 0.00 T = 0.06
 <-- Site =   98 .. Mmps =   15 Ndav =  11 E =    -88.4249341465 Error = 2.22e-19 FLOPS = 7.13e+09 Tdav = 0.00 T = 0.06
 <-- Site =   97 .. Mmps =   15 Ndav =  12 E =    -88.4249346691 Error = 9.69e-19 FLOPS = 8.01e+09 Tdav = 0.00 T = 0.06
 <-- Site =   96 .. Mmps =   15 Ndav =  12 E =    -88.4249363902 Error = 3.33e-19 FLOPS = 7.26e+09 Tdav = 0.00 T = 0.06
 <-- Site =   95 .. Mmps =   15 Ndav =  19 E =    -88.4249382194 Error = 1.07e-18 FLOPS = 6.33e+09 Tdav = 0.00 T = 0.06
 <-- Site =   94 .. Mmps =   15 Ndav =  16 E =    -88.4249409720 Error = 1.36e-18 FLOPS = 6.99e+09 Tdav = 0.00 T = 0.06
 <-- Site =   93 .. Mmps =   15 Ndav =  19 E =    -88.4249457691 Error = 1.03e-18 FLOPS = 6.51e+09 Tdav = 0.00 T = 0.06
 <-- Site =   92 .. Mmps =   15 Ndav =  17 E =    -88.4249509994 Error = 2.74e-19 FLOPS = 7.26e+09 Tdav = 0.00 T = 0.06
 <-- Site =   91 .. Mmps =   15 Ndav =  22 E =    -88.4250026829 Error = 1.25e-17 FLOPS = 6.44e+09 Tdav = 0.00 T = 0.06
 <-- Site =   90 .. Mmps =   15 Ndav =  21 E =    -88.4250193952 Error = 1.10e-18 FLOPS = 6.18e+09 Tdav = 0.00 T = 0.07
 <-- Site =   89 .. Mmps =   15 Ndav =  24 E =    -88.4251551376 Error = 1.45e-18 FLOPS = 6.06e+09 Tdav = 0.00 T = 0.07
 <-- Site =   88 .. Mmps =   15 Ndav =  17 E =    -88.4251717421 Error = 4.47e-18 FLOPS = 6.59e+09 Tdav = 0.00 T = 0.08
 <-- Site =   87 .. Mmps =   15 Ndav =  20 E =    -88.4251809794 Error = 2.26e-19 FLOPS = 5.87e+09 Tdav = 0.00 T = 0.07
 <-- Site =   86 .. Mmps =   15 Ndav =  16 E =    -88.4251876463 Error = 1.60e-17 FLOPS = 6.55e+09 Tdav = 0.00 T = 0.07
 <-- Site =   85 .. Mmps =   15 Ndav =  15 E =    -88.4251945219 Error = 6.26e-19 FLOPS = 6.65e+09 Tdav = 0.00 T = 0.07
 <-- Site =   84 .. Mmps =   15 Ndav =  14 E =    -88.4252064064 Error = 2.08e-18 FLOPS = 6.80e+09 Tdav = 0.00 T = 0.06
 <-- Site =   83 .. Mmps =   15 Ndav =  14 E =    -88.4252155901 Error = 1.66e-19 FLOPS = 6.78e+09 Tdav = 0.00 T = 0.06
 <-- Site =   82 .. Mmps =   15 Ndav =  15 E =    -88.4252221655 Error = 5.10e-18 FLOPS = 6.74e+09 Tdav = 0.00 T = 0.07
 <-- Site =   81 .. Mmps =   15 Ndav =  18 E =    -88.4252295800 Error = 8.01e-18 FLOPS = 7.18e+09 Tdav = 0.00 T = 0.06
 <-- Site =   80 .. Mmps =   15 Ndav =  16 E =    -88.4252457631 Error = 2.45e-19 FLOPS = 7.52e+09 Tdav = 0.00 T = 0.06
 <-- Site =   79 .. Mmps =   15 Ndav =  20 E =    -88.4252531803 Error = 5.51e-19 FLOPS = 6.32e+09 Tdav = 0.00 T = 0.06
 <-- Site =   78 .. Mmps =   15 Ndav =  24 E =    -88.4252758861 Error = 2.67e-17 FLOPS = 6.08e+09 Tdav = 0.00 T = 0.06
 <-- Site =   77 .. Mmps =   15 Ndav =  18 E =    -88.4252812462 Error = 3.93e-18 FLOPS = 6.70e+09 Tdav = 0.00 T = 0.06
 <-- Site =   76 .. Mmps =   15 Ndav =  12 E =    -88.4252816389 Error = 1.85e-18 FLOPS = 8.05e+09 Tdav = 0.00 T = 0.06
 <-- Site =   75 .. Mmps =   15 Ndav =  16 E =    -88.4252923005 Error = 4.81e-18 FLOPS = 7.05e+09 Tdav = 0.00 T = 0.06
 <-- Site =   74 .. Mmps =   15 Ndav =  14 E =    -88.4252965428 Error = 1.72e-19 FLOPS = 7.04e+09 Tdav = 0.00 T = 0.06
 <-- Site =   73 .. Mmps =   15 Ndav =  12 E =    -88.4252971143 Error = 7.47e-18 FLOPS = 7.05e+09 Tdav = 0.00 T = 0.07
 <-- Site =   72 .. Mmps =   15 Ndav =  11 E =    -88.4252986968 Error = 1.27e-19 FLOPS = 7.13e+09 Tdav = 0.00 T = 0.06
 <-- Site =   71 .. Mmps =   15 Ndav =  12 E =    -88.4252991541 Error = 1.31e-17 FLOPS = 7.00e+09 Tdav = 0.00 T = 0.06
 <-- Site =   70 .. Mmps =   15 Ndav =  11 E =    -88.4253005238 Error = 3.57e-19 FLOPS = 7.17e+09 Tdav = 0.00 T = 0.06
 <-- Site =   69 .. Mmps =   15 Ndav =  16 E =    -88.4253014720 Error = 5.83e-19 FLOPS = 6.46e+09 Tdav = 0.00 T = 0.06
 <-- Site =   68 .. Mmps =   15 Ndav =  13 E =    -88.4253027516 Error = 1.78e-19 FLOPS = 7.22e+09 Tdav = 0.00 T = 0.06
 <-- Site =   67 .. Mmps =   15 Ndav =  18 E =    -88.4253059331 Error = 2.68e-19 FLOPS = 6.41e+09 Tdav = 0.00 T = 0.06
 <-- Site =   66 .. Mmps =   15 Ndav =  17 E =    -88.4253167990 Error = 2.29e-19 FLOPS = 6.46e+09 Tdav = 0.00 T = 0.06
 <-- Site =   65 .. Mmps =   15 Ndav =  21 E =    -88.4253633794 Error = 9.61e-19 FLOPS = 5.91e+09 Tdav = 0.00 T = 0.06
 <-- Site =   64 .. Mmps =   15 Ndav =  21 E =    -88.4253769221 Error = 1.82e-18 FLOPS = 5.66e+09 Tdav = 0.00 T = 0.06
 <-- Site =   63 .. Mmps =   15 Ndav =  24 E =    -88.4255149754 Error = 2.05e-18 FLOPS = 5.41e+09 Tdav = 0.00 T = 0.06
 <-- Site =   62 .. Mmps =   15 Ndav =  16 E =    -88.4255284913 Error = 1.44e-18 FLOPS = 6.70e+09 Tdav = 0.00 T = 0.07
 <-- Site =   61 .. Mmps =   15 Ndav =  17 E =    -88.4255478948 Error = 1.14e-19 FLOPS = 6.22e+09 Tdav = 0.00 T = 0.07
 <-- Site =   60 .. Mmps =   15 Ndav =  14 E =    -88.4255517542 Error = 6.87e-18 FLOPS = 5.94e+09 Tdav = 0.00 T = 0.07
 <-- Site =   59 .. Mmps =   15 Ndav =  13 E =    -88.4255553904 Error = 1.65e-20 FLOPS = 6.85e+09 Tdav = 0.00 T = 0.06
 <-- Site =   58 .. Mmps =   15 Ndav =  15 E =    -88.4255792544 Error = 5.18e-18 FLOPS = 6.48e+09 Tdav = 0.00 T = 0.06
 <-- Site =   57 .. Mmps =   15 Ndav =  16 E =    -88.4255841367 Error = 6.86e-19 FLOPS = 6.33e+09 Tdav = 0.00 T = 0.06
 <-- Site =   56 .. Mmps =   15 Ndav =  14 E =    -88.4255909274 Error = 3.38e-18 FLOPS = 6.66e+09 Tdav = 0.00 T = 0.06
 <-- Site =   55 .. Mmps =   15 Ndav =  17 E =    -88.4255977475 Error = 1.86e-19 FLOPS = 6.22e+09 Tdav = 0.00 T = 0.06
 <-- Site =   54 .. Mmps =   15 Ndav =  16 E =    -88.4256026057 Error = 1.00e-18 FLOPS = 6.35e+09 Tdav = 0.00 T = 0.07
 <-- Site =   53 .. Mmps =   15 Ndav =  15 E =    -88.4256040023 Error = 4.22e-19 FLOPS = 6.46e+09 Tdav = 0.00 T = 0.06
 <-- Site =   52 .. Mmps =   15 Ndav =  21 E =    -88.4256133056 Error = 7.30e-18 FLOPS = 5.51e+09 Tdav = 0.00 T = 0.07
 <-- Site =   51 .. Mmps =   15 Ndav =  18 E =    -88.4256171689 Error = 2.21e-18 FLOPS = 5.93e+09 Tdav = 0.00 T = 0.08
 <-- Site =   50 .. Mmps =   15 Ndav =  15 E =    -88.4256360158 Error = 1.43e-18 FLOPS = 5.63e+09 Tdav = 0.00 T = 0.07
 <-- Site =   49 .. Mmps =   15 Ndav =  19 E =    -88.4256688102 Error = 6.73e-18 FLOPS = 4.54e+09 Tdav = 0.00 T = 0.07
 <-- Site =   48 .. Mmps =   15 Ndav =  15 E =    -88.4256876774 Error = 1.31e-18 FLOPS = 4.82e+09 Tdav = 0.00 T = 0.08
 <-- Site =   47 .. Mmps =   15 Ndav =  13 E =    -88.4256882130 Error = 1.68e-17 FLOPS = 5.30e+09 Tdav = 0.00 T = 0.07
 <-- Site =   46 .. Mmps =   15 Ndav =  11 E =    -88.4256898050 Error = 9.71e-20 FLOPS = 6.82e+09 Tdav = 0.00 T = 0.05
 <-- Site =   45 .. Mmps =   15 Ndav =  12 E =    -88.4256911970 Error = 1.55e-18 FLOPS = 6.71e+09 Tdav = 0.00 T = 0.05
 <-- Site =   44 .. Mmps =   15 Ndav =  12 E =    -88.4256952259 Error = 3.52e-19 FLOPS = 6.63e+09 Tdav = 0.00 T = 0.05
 <-- Site =   43 .. Mmps =   15 Ndav =  15 E =    -88.4256982670 Error = 2.79e-18 FLOPS = 4.96e+09 Tdav = 0.00 T = 0.06
 <-- Site =   42 .. Mmps =   15 Ndav =  12 E =    -88.4257001398 Error = 2.09e-19 FLOPS = 5.38e+09 Tdav = 0.00 T = 0.06
 <-- Site =   41 .. Mmps =   15 Ndav =  17 E =    -88.4257016034 Error = 1.58e-18 FLOPS = 4.44e+09 Tdav = 0.00 T = 0.07
 <-- Site =   40 .. Mmps =   15 Ndav =  15 E =    -88.4257052941 Error = 7.27e-19 FLOPS = 4.17e+09 Tdav = 0.00 T = 0.07
 <-- Site =   39 .. Mmps =   15 Ndav =  22 E =    -88.4257390093 Error = 7.66e-18 FLOPS = 3.33e+09 Tdav = 0.01 T = 0.07
 <-- Site =   38 .. Mmps =   15 Ndav =  19 E =    -88.4257736235 Error = 7.07e-18 FLOPS = 3.64e+09 Tdav = 0.00 T = 0.06
 <-- Site =   37 .. Mmps =   15 Ndav =  17 E =    -88.4257882475 Error = 2.66e-18 FLOPS = 3.60e+09 Tdav = 0.00 T = 0.06
 <-- Site =   36 .. Mmps =   15 Ndav =  13 E =    -88.4257904265 Error = 1.28e-18 FLOPS = 3.77e+09 Tdav = 0.00 T = 0.06
 <-- Site =   35 .. Mmps =   15 Ndav =  18 E =    -88.4257998486 Error = 3.36e-18 FLOPS = 3.23e+09 Tdav = 0.00 T = 0.06
 <-- Site =   34 .. Mmps =   15 Ndav =  12 E =    -88.4258015543 Error = 8.16e-18 FLOPS = 3.58e+09 Tdav = 0.00 T = 0.06
 <-- Site =   33 .. Mmps =   15 Ndav =  20 E =    -88.4258047762 Error = 2.86e-18 FLOPS = 2.75e+09 Tdav = 0.01 T = 0.06
 <-- Site =   32 .. Mmps =   15 Ndav =  14 E =    -88.4258152164 Error = 9.71e-18 FLOPS = 3.06e+09 Tdav = 0.00 T = 0.06
 <-- Site =   31 .. Mmps =   15 Ndav =  19 E =    -88.4258249084 Error = 2.48e-18 FLOPS = 2.56e+09 Tdav = 0.01 T = 0.06
 <-- Site =   30 .. Mmps =   15 Ndav =  15 E =    -88.4258296283 Error = 4.30e-18 FLOPS = 2.91e+09 Tdav = 0.00 T = 0.05
 <-- Site =   29 .. Mmps =   15 Ndav =  20 E =    -88.4258378998 Error = 1.66e-18 FLOPS = 2.22e+09 Tdav = 0.01 T = 0.06
 <-- Site =   28 .. Mmps =   15 Ndav =  13 E =    -88.4258464497 Error = 3.44e-18 FLOPS = 2.80e+09 Tdav = 0.00 T = 0.07
 <-- Site =   27 .. Mmps =   15 Ndav =  15 E =    -88.4258477404 Error = 1.13e-18 FLOPS = 2.54e+09 Tdav = 0.00 T = 0.06
 <-- Site =   26 .. Mmps =   15 Ndav =  17 E =    -88.4258755249 Error = 4.66e-19 FLOPS = 2.34e+09 Tdav = 0.00 T = 0.05
 <-- Site =   25 .. Mmps =   15 Ndav =  20 E =    -88.4259079301 Error = 2.40e-18 FLOPS = 2.06e+09 Tdav = 0.01 T = 0.05
 <-- Site =   24 .. Mmps =   15 Ndav =  16 E =    -88.4259350984 Error = 1.44e-18 FLOPS = 2.36e+09 Tdav = 0.00 T = 0.05
 <-- Site =   23 .. Mmps =   15 Ndav =  16 E =    -88.4259489577 Error = 7.12e-19 FLOPS = 2.31e+09 Tdav = 0.00 T = 0.05
 <-- Site =   22 .. Mmps =   15 Ndav =  13 E =    -88.4259574458 Error = 5.03e-19 FLOPS = 2.55e+09 Tdav = 0.00 T = 0.04
 <-- Site =   21 .. Mmps =   15 Ndav =  13 E =    -88.4259597083 Error = 1.30e-18 FLOPS = 2.50e+09 Tdav = 0.00 T = 0.05
 <-- Site =   20 .. Mmps =   15 Ndav =  10 E =    -88.4259630550 Error = 2.38e-19 FLOPS = 2.73e+09 Tdav = 0.00 T = 0.04
 <-- Site =   19 .. Mmps =   15 Ndav =  13 E =    -88.4259701876 Error = 3.75e-19 FLOPS = 2.37e+09 Tdav = 0.00 T = 0.04
 <-- Site =   18 .. Mmps =   15 Ndav =  11 E =    -88.4259715326 Error = 8.91e-19 FLOPS = 2.52e+09 Tdav = 0.00 T = 0.04
 <-- Site =   17 .. Mmps =   15 Ndav =  16 E =    -88.4260179079 Error = 6.22e-19 FLOPS = 2.00e+09 Tdav = 0.00 T = 0.06
 <-- Site =   16 .. Mmps =   15 Ndav =  12 E =    -88.4260256384 Error = 4.69e-19 FLOPS = 2.31e+09 Tdav = 0.00 T = 0.04
 <-- Site =   15 .. Mmps =   15 Ndav =  12 E =    -88.4260259792 Error = 1.44e-18 FLOPS = 2.25e+09 Tdav = 0.00 T = 0.04
 <-- Site =   14 .. Mmps =   15 Ndav =  14 E =    -88.4260334796 Error = 5.69e-19 FLOPS = 1.99e+09 Tdav = 0.00 T = 0.04
 <-- Site =   13 .. Mmps =   15 Ndav =  22 E =    -88.4260813585 Error = 2.45e-18 FLOPS = 1.33e+09 Tdav = 0.01 T = 0.04
 <-- Site =   12 .. Mmps =   15 Ndav =  20 E =    -88.4263483040 Error = 1.11e-18 FLOPS = 1.39e+09 Tdav = 0.00 T = 0.04
 <-- Site =   11 .. Mmps =   15 Ndav =  30 E =    -88.4268672464 Error = 4.54e-18 FLOPS = 8.17e+08 Tdav = 0.01 T = 0.04
 <-- Site =   10 .. Mmps =   15 Ndav =  24 E =    -88.4275592280 Error = 1.73e-18 FLOPS = 1.02e+09 Tdav = 0.01 T = 0.04
 <-- Site =    9 .. Mmps =   15 Ndav =  26 E =    -88.4283558633 Error = 7.70e-19 FLOPS = 8.74e+08 Tdav = 0.01 T = 0.04
 <-- Site =    8 .. Mmps =   15 Ndav =  21 E =    -88.4284035807 Error = 8.40e-18 FLOPS = 1.05e+09 Tdav = 0.00 T = 0.04
 <-- Site =    7 .. Mmps =   15 Ndav =  18 E =    -88.4284377682 Error = 7.79e-18 FLOPS = 1.15e+09 Tdav = 0.00 T = 0.03
 <-- Site =    6 .. Mmps =   15 Ndav =  21 E =    -88.4284791926 Error = 2.04e-17 FLOPS = 8.91e+08 Tdav = 0.00 T = 0.04
 <-- Site =    5 .. Mmps =   15 Ndav =  24 E =    -88.4284967473 Error = 3.12e-18 FLOPS = 6.84e+08 Tdav = 0.01 T = 0.04
 <-- Site =    4 .. Mmps =   15 Ndav =  13 E =    -88.4284969522 Error = 1.00e-17 FLOPS = 1.18e+09 Tdav = 0.00 T = 0.03
 <-- Site =    3 .. Mmps =   15 Ndav =   1 E =    -88.4284969522 Error = 1.06e-26 FLOPS = 4.17e+08 Tdav = 0.00 T = 0.03
 <-- Site =    2 .. Mmps =   15 Ndav =   1 E =    -88.4284969522 Error = 9.15e-43 FLOPS = 1.60e+08 Tdav = 0.00 T = 0.03
 <-- Site =    1 .. Mmps =   15 Ndav =   1 E =    -88.4284969522 Error = 0.00e+00 FLOPS = 5.07e+07 Tdav = 0.00 T = 0.03
 <-- Site =    0 .. Mmps =   15 Ndav =   1 E =    -88.4284969522 Error = 3.98e-92 FLOPS = 3.19e+07 Tdav = 0.00 T = 0.03
Time elapsed =    303.803 | E =     -88.4284969522 | DE = -6.90e-03 | DW = 2.66900e-17
Time sweep =        9.517 | 2.00 GFLOP/SWP
 | Dmem = 107 KB (3%) | Imem = 232 B (79%) | Hmem = 512 KB | Wmem = 3.52 KB | Pmem = 3.52 KB
 | Tread = 0.190 | Twrite = 0.780 | Tfpread = 0.048 | Tfpwrite = 0.031 | Tmporead = 0.000 | Tasync = 0.000
 | data = 11.4 MB | cpsd = 7.78 MB
 | Trot = 0.037 | Tctr = 0.576 | Tint = 0.008 | Tmid = 0.000 | Tdctr = 0.007 | Tdiag = 0.023 | Tinfo = 0.359
 | Teff = 2.991 | Tprt = 0.138 | Teig = 0.554 | Tblk = 7.198 | Tmve = 2.307 | Tdm = 0.003 | Tsplt = 0.025 | Tsvd = 0.000 | Torth = 0.000

Sweep =    4 | Direction =  forward | Bond dimension =   25 | Noise =  1.00e-05 | Dav threshold =  1.00e-10
 --> Site =    0 .. Mmps =    2 Ndav =   1 E =    -88.4284969522 Error = 0.00e+00 FLOPS = 3.01e+07 Tdav = 0.00 T = 0.03
 --> Site =    1 .. Mmps =    4 Ndav =   1 E =    -88.4284969522 Error = 0.00e+00 FLOPS = 5.56e+07 Tdav = 0.00 T = 0.04
 --> Site =    2 .. Mmps =    8 Ndav =   1 E =    -88.4284969522 Error = 0.00e+00 FLOPS = 1.37e+08 Tdav = 0.00 T = 0.03
 --> Site =    3 .. Mmps =   16 Ndav =   1 E =    -88.4284969522 Error = 0.00e+00 FLOPS = 4.03e+08 Tdav = 0.00 T = 0.03
 --> Site =    4 .. Mmps =   24 Ndav =   2 E =    -88.4284969522 Error = 0.00e+00 FLOPS = 1.42e+09 Tdav = 0.00 T = 0.03
 --> Site =    5 .. Mmps =   25 Ndav =   5 E =    -88.4284969561 Error = 4.75e-27 FLOPS = 2.93e+09 Tdav = 0.00 T = 0.03
 --> Site =    6 .. Mmps =   25 Ndav =  10 E =    -88.4284971843 Error = 2.41e-24 FLOPS = 2.90e+09 Tdav = 0.00 T = 0.03
 --> Site =    7 .. Mmps =   25 Ndav =  16 E =    -88.4284984053 Error = 9.44e-24 FLOPS = 2.25e+09 Tdav = 0.00 T = 0.04
 --> Site =    8 .. Mmps =   25 Ndav =  15 E =    -88.4285082594 Error = 2.67e-23 FLOPS = 2.55e+09 Tdav = 0.00 T = 0.05
 --> Site =    9 .. Mmps =   25 Ndav =  23 E =    -88.4286776893 Error = 1.60e-22 FLOPS = 1.76e+09 Tdav = 0.01 T = 0.05
 --> Site =   10 .. Mmps =   25 Ndav =  22 E =    -88.4291780473 Error = 2.59e-21 FLOPS = 1.97e+09 Tdav = 0.01 T = 0.04
 --> Site =   11 .. Mmps =   25 Ndav =  27 E =    -88.4293184719 Error = 1.68e-22 FLOPS = 1.64e+09 Tdav = 0.01 T = 0.05
 --> Site =   12 .. Mmps =   25 Ndav =  25 E =    -88.4323692438 Error = 1.92e-21 FLOPS = 2.07e+09 Tdav = 0.01 T = 0.05
 --> Site =   13 .. Mmps =   25 Ndav =  27 E =    -88.4335777159 Error = 1.22e-21 FLOPS = 1.96e+09 Tdav = 0.01 T = 0.05
 --> Site =   14 .. Mmps =   25 Ndav =  22 E =    -88.4338574426 Error = 3.62e-22 FLOPS = 2.39e+09 Tdav = 0.01 T = 0.05
 --> Site =   15 .. Mmps =   25 Ndav =  17 E =    -88.4338796942 Error = 6.77e-22 FLOPS = 3.13e+09 Tdav = 0.00 T = 0.05
 --> Site =   16 .. Mmps =   25 Ndav =  17 E =    -88.4339154925 Error = 1.30e-21 FLOPS = 3.42e+09 Tdav = 0.00 T = 0.05
 --> Site =   17 .. Mmps =   25 Ndav =  14 E =    -88.4339290374 Error = 1.68e-22 FLOPS = 7.33e+09 Tdav = 0.00 T = 0.04
 --> Site =   18 .. Mmps =   25 Ndav =  15 E =    -88.4339664443 Error = 7.30e-23 FLOPS = 7.21e+09 Tdav = 0.00 T = 0.05
 --> Site =   19 .. Mmps =   25 Ndav =  15 E =    -88.4339788978 Error = 1.02e-23 FLOPS = 8.45e+09 Tdav = 0.00 T = 0.06
 --> Site =   20 .. Mmps =   25 Ndav =  14 E =    -88.4340015908 Error = 1.34e-23 FLOPS = 8.92e+09 Tdav = 0.00 T = 0.04
 --> Site =   21 .. Mmps =   25 Ndav =  16 E =    -88.4340182406 Error = 2.41e-23 FLOPS = 8.55e+09 Tdav = 0.00 T = 0.05
 --> Site =   22 .. Mmps =   25 Ndav =  19 E =    -88.4342022960 Error = 3.51e-22 FLOPS = 7.80e+09 Tdav = 0.00 T = 0.06
 --> Site =   23 .. Mmps =   25 Ndav =  16 E =    -88.4342290837 Error = 3.13e-22 FLOPS = 5.69e+09 Tdav = 0.00 T = 0.06
 --> Site =   24 .. Mmps =   25 Ndav =  21 E =    -88.4343444859 Error = 2.50e-22 FLOPS = 6.56e+09 Tdav = 0.00 T = 0.09
 --> Site =   25 .. Mmps =   25 Ndav =  27 E =    -88.4347348529 Error = 3.58e-22 FLOPS = 6.19e+09 Tdav = 0.01 T = 0.07
 --> Site =   26 .. Mmps =   25 Ndav =  20 E =    -88.4348225134 Error = 1.89e-22 FLOPS = 4.92e+09 Tdav = 0.01 T = 0.06
 --> Site =   27 .. Mmps =   25 Ndav =  24 E =    -88.4349716803 Error = 2.50e-22 FLOPS = 4.55e+09 Tdav = 0.01 T = 0.07
 --> Site =   28 .. Mmps =   25 Ndav =  18 E =    -88.4350268942 Error = 1.08e-22 FLOPS = 7.79e+09 Tdav = 0.00 T = 0.06
 --> Site =   29 .. Mmps =   25 Ndav =  21 E =    -88.4350558757 Error = 1.88e-22 FLOPS = 4.68e+09 Tdav = 0.01 T = 0.12
 --> Site =   30 .. Mmps =   25 Ndav =  14 E =    -88.4350806121 Error = 1.87e-23 FLOPS = 6.01e+09 Tdav = 0.00 T = 0.09
 --> Site =   31 .. Mmps =   25 Ndav =  22 E =    -88.4350885887 Error = 6.07e-23 FLOPS = 4.92e+09 Tdav = 0.01 T = 0.08
 --> Site =   32 .. Mmps =   25 Ndav =  15 E =    -88.4351124343 Error = 2.36e-23 FLOPS = 7.02e+09 Tdav = 0.00 T = 0.10
 --> Site =   33 .. Mmps =   25 Ndav =  23 E =    -88.4351503202 Error = 1.15e-22 FLOPS = 4.31e+09 Tdav = 0.01 T = 0.12
 --> Site =   34 .. Mmps =   25 Ndav =  17 E =    -88.4351668245 Error = 2.75e-22 FLOPS = 7.22e+09 Tdav = 0.00 T = 0.06
 --> Site =   35 .. Mmps =   25 Ndav =  20 E =    -88.4351862876 Error = 1.46e-22 FLOPS = 7.41e+09 Tdav = 0.00 T = 0.06
 --> Site =   36 .. Mmps =   25 Ndav =  17 E =    -88.4352105182 Error = 2.46e-22 FLOPS = 8.09e+09 Tdav = 0.00 T = 0.07
 --> Site =   37 .. Mmps =   25 Ndav =  21 E =    -88.4352458902 Error = 8.22e-23 FLOPS = 8.03e+09 Tdav = 0.01 T = 0.07
 --> Site =   38 .. Mmps =   25 Ndav =  21 E =    -88.4353110847 Error = 1.62e-22 FLOPS = 8.33e+09 Tdav = 0.01 T = 0.07
 --> Site =   39 .. Mmps =   25 Ndav =  25 E =    -88.4354851014 Error = 2.94e-21 FLOPS = 7.91e+09 Tdav = 0.01 T = 0.07
 --> Site =   40 .. Mmps =   25 Ndav =  19 E =    -88.4355891483 Error = 1.39e-21 FLOPS = 9.55e+09 Tdav = 0.00 T = 0.07
 --> Site =   41 .. Mmps =   25 Ndav =  24 E =    -88.4356656979 Error = 6.88e-22 FLOPS = 8.44e+09 Tdav = 0.01 T = 0.07
 --> Site =   42 .. Mmps =   25 Ndav =  17 E =    -88.4356931678 Error = 4.68e-23 FLOPS = 1.02e+10 Tdav = 0.00 T = 0.09
 --> Site =   43 .. Mmps =   25 Ndav =  13 E =    -88.4356977668 Error = 2.45e-23 FLOPS = 1.07e+10 Tdav = 0.00 T = 0.09
 --> Site =   44 .. Mmps =   25 Ndav =  13 E =    -88.4357054188 Error = 2.16e-24 FLOPS = 1.14e+10 Tdav = 0.00 T = 0.07
 --> Site =   45 .. Mmps =   25 Ndav =  13 E =    -88.4357087865 Error = 1.98e-24 FLOPS = 1.15e+10 Tdav = 0.00 T = 0.08
 --> Site =   46 .. Mmps =   25 Ndav =  15 E =    -88.4357167852 Error = 6.70e-24 FLOPS = 1.11e+10 Tdav = 0.00 T = 0.08
 --> Site =   47 .. Mmps =   25 Ndav =  14 E =    -88.4357201056 Error = 6.54e-24 FLOPS = 1.13e+10 Tdav = 0.00 T = 0.08
 --> Site =   48 .. Mmps =   25 Ndav =  13 E =    -88.4357235563 Error = 2.31e-23 FLOPS = 1.16e+10 Tdav = 0.00 T = 0.08
 --> Site =   49 .. Mmps =   25 Ndav =  20 E =    -88.4357716021 Error = 3.55e-23 FLOPS = 1.00e+10 Tdav = 0.00 T = 0.08
 --> Site =   50 .. Mmps =   25 Ndav =  17 E =    -88.4357945107 Error = 9.02e-22 FLOPS = 1.09e+10 Tdav = 0.00 T = 0.08
 --> Site =   51 .. Mmps =   25 Ndav =  22 E =    -88.4358431135 Error = 4.87e-23 FLOPS = 9.82e+09 Tdav = 0.01 T = 0.12
 --> Site =   52 .. Mmps =   25 Ndav =  20 E =    -88.4359179872 Error = 3.00e-22 FLOPS = 1.11e+10 Tdav = 0.00 T = 0.07
 --> Site =   53 .. Mmps =   25 Ndav =  18 E =    -88.4359315373 Error = 3.25e-21 FLOPS = 1.17e+10 Tdav = 0.00 T = 0.08
 --> Site =   54 .. Mmps =   25 Ndav =  17 E =    -88.4359793761 Error = 1.04e-21 FLOPS = 1.18e+10 Tdav = 0.00 T = 0.09
 --> Site =   55 .. Mmps =   25 Ndav =  20 E =    -88.4359934056 Error = 2.67e-22 FLOPS = 1.13e+10 Tdav = 0.00 T = 0.08
 --> Site =   56 .. Mmps =   25 Ndav =  14 E =    -88.4360083875 Error = 5.44e-22 FLOPS = 1.26e+10 Tdav = 0.00 T = 0.08
 --> Site =   57 .. Mmps =   25 Ndav =  18 E =    -88.4360198700 Error = 1.30e-23 FLOPS = 1.17e+10 Tdav = 0.00 T = 0.09
 --> Site =   58 .. Mmps =   25 Ndav =  17 E =    -88.4360527630 Error = 4.07e-22 FLOPS = 1.20e+10 Tdav = 0.00 T = 0.08
 --> Site =   59 .. Mmps =   25 Ndav =  17 E =    -88.4360723008 Error = 8.08e-23 FLOPS = 1.20e+10 Tdav = 0.00 T = 0.09
 --> Site =   60 .. Mmps =   25 Ndav =  14 E =    -88.4360782339 Error = 1.25e-22 FLOPS = 1.26e+10 Tdav = 0.00 T = 0.08
 --> Site =   61 .. Mmps =   25 Ndav =  20 E =    -88.4361035579 Error = 1.10e-22 FLOPS = 1.15e+10 Tdav = 0.00 T = 0.08
 --> Site =   62 .. Mmps =   25 Ndav =  16 E =    -88.4361215811 Error = 7.45e-23 FLOPS = 1.26e+10 Tdav = 0.00 T = 0.08
 --> Site =   63 .. Mmps =   25 Ndav =  22 E =    -88.4361583953 Error = 1.41e-22 FLOPS = 1.10e+10 Tdav = 0.01 T = 0.09
 --> Site =   64 .. Mmps =   25 Ndav =  24 E =    -88.4362444577 Error = 1.16e-21 FLOPS = 1.04e+10 Tdav = 0.01 T = 0.09
 --> Site =   65 .. Mmps =   25 Ndav =  21 E =    -88.4363195022 Error = 1.54e-22 FLOPS = 1.13e+10 Tdav = 0.01 T = 0.09
 --> Site =   66 .. Mmps =   25 Ndav =  17 E =    -88.4363541578 Error = 5.46e-23 FLOPS = 1.24e+10 Tdav = 0.00 T = 0.08
 --> Site =   67 .. Mmps =   25 Ndav =  21 E =    -88.4364461549 Error = 2.75e-22 FLOPS = 1.13e+10 Tdav = 0.01 T = 0.09
 --> Site =   68 .. Mmps =   25 Ndav =  18 E =    -88.4364955253 Error = 3.57e-22 FLOPS = 1.22e+10 Tdav = 0.00 T = 0.08
 --> Site =   69 .. Mmps =   25 Ndav =  13 E =    -88.4364965322 Error = 1.45e-21 FLOPS = 1.32e+10 Tdav = 0.00 T = 0.08
 --> Site =   70 .. Mmps =   25 Ndav =  13 E =    -88.4364992722 Error = 3.69e-24 FLOPS = 1.31e+10 Tdav = 0.00 T = 0.08
 --> Site =   71 .. Mmps =   25 Ndav =  12 E =    -88.4365003618 Error = 1.28e-23 FLOPS = 1.34e+10 Tdav = 0.00 T = 0.08
 --> Site =   72 .. Mmps =   25 Ndav =  13 E =    -88.4365025327 Error = 1.00e-23 FLOPS = 1.33e+10 Tdav = 0.00 T = 0.08
 --> Site =   73 .. Mmps =   25 Ndav =  14 E =    -88.4365035855 Error = 5.48e-23 FLOPS = 1.30e+10 Tdav = 0.00 T = 0.09
 --> Site =   74 .. Mmps =   25 Ndav =  14 E =    -88.4365058988 Error = 5.12e-24 FLOPS = 1.30e+10 Tdav = 0.00 T = 0.09
 --> Site =   75 .. Mmps =   25 Ndav =  23 E =    -88.4365553208 Error = 7.21e-24 FLOPS = 1.09e+10 Tdav = 0.01 T = 0.10
 --> Site =   76 .. Mmps =   25 Ndav =  14 E =    -88.4365606602 Error = 1.28e-21 FLOPS = 1.29e+10 Tdav = 0.00 T = 0.08
 --> Site =   77 .. Mmps =   25 Ndav =  22 E =    -88.4366317977 Error = 1.03e-22 FLOPS = 1.11e+10 Tdav = 0.01 T = 0.09
 --> Site =   78 .. Mmps =   25 Ndav =  21 E =    -88.4366961984 Error = 1.60e-22 FLOPS = 1.14e+10 Tdav = 0.01 T = 0.08
 --> Site =   79 .. Mmps =   25 Ndav =  17 E =    -88.4367023818 Error = 3.57e-22 FLOPS = 1.25e+10 Tdav = 0.00 T = 0.10
 --> Site =   80 .. Mmps =   25 Ndav =  18 E =    -88.4367612945 Error = 9.87e-23 FLOPS = 1.22e+10 Tdav = 0.00 T = 0.09
 --> Site =   81 .. Mmps =   25 Ndav =  21 E =    -88.4367784537 Error = 5.57e-23 FLOPS = 1.13e+10 Tdav = 0.01 T = 0.09
 --> Site =   82 .. Mmps =   25 Ndav =  15 E =    -88.4367979728 Error = 4.62e-23 FLOPS = 1.29e+10 Tdav = 0.00 T = 0.09
 --> Site =   83 .. Mmps =   25 Ndav =  15 E =    -88.4368024213 Error = 5.21e-23 FLOPS = 1.27e+10 Tdav = 0.00 T = 0.09
 --> Site =   84 .. Mmps =   25 Ndav =  15 E =    -88.4368178282 Error = 1.17e-22 FLOPS = 1.28e+10 Tdav = 0.00 T = 0.09
 --> Site =   85 .. Mmps =   25 Ndav =  16 E =    -88.4368252148 Error = 5.56e-22 FLOPS = 1.28e+10 Tdav = 0.00 T = 0.16
 --> Site =   86 .. Mmps =   25 Ndav =  16 E =    -88.4368441453 Error = 5.26e-22 FLOPS = 1.28e+10 Tdav = 0.00 T = 0.12
 --> Site =   87 .. Mmps =   25 Ndav =  21 E =    -88.4368796607 Error = 4.98e-22 FLOPS = 1.14e+10 Tdav = 0.01 T = 0.10
 --> Site =   88 .. Mmps =   25 Ndav =  18 E =    -88.4369012061 Error = 4.23e-23 FLOPS = 1.22e+10 Tdav = 0.00 T = 0.17
 --> Site =   89 .. Mmps =   25 Ndav =  23 E =    -88.4369646691 Error = 1.73e-22 FLOPS = 9.22e+09 Tdav = 0.01 T = 0.11
 --> Site =   90 .. Mmps =   25 Ndav =  24 E =    -88.4370808158 Error = 4.95e-22 FLOPS = 1.05e+10 Tdav = 0.01 T = 0.09
 --> Site =   91 .. Mmps =   25 Ndav =  22 E =    -88.4371418254 Error = 1.81e-22 FLOPS = 1.11e+10 Tdav = 0.01 T = 0.09
 --> Site =   92 .. Mmps =   25 Ndav =  19 E =    -88.4371946771 Error = 5.54e-22 FLOPS = 1.19e+10 Tdav = 0.00 T = 0.12
 --> Site =   93 .. Mmps =   25 Ndav =  22 E =    -88.4373231322 Error = 1.26e-22 FLOPS = 1.11e+10 Tdav = 0.01 T = 0.10
 --> Site =   94 .. Mmps =   25 Ndav =  18 E =    -88.4373535494 Error = 2.65e-22 FLOPS = 1.22e+10 Tdav = 0.00 T = 0.11
 --> Site =   95 .. Mmps =   25 Ndav =  14 E =    -88.4373547019 Error = 1.97e-23 FLOPS = 1.31e+10 Tdav = 0.00 T = 0.08
 --> Site =   96 .. Mmps =   25 Ndav =  12 E =    -88.4373561972 Error = 1.30e-24 FLOPS = 1.34e+10 Tdav = 0.00 T = 0.08
 --> Site =   97 .. Mmps =   25 Ndav =  11 E =    -88.4373569131 Error = 9.76e-24 FLOPS = 1.32e+10 Tdav = 0.00 T = 0.08
 --> Site =   98 .. Mmps =   25 Ndav =  12 E =    -88.4373581232 Error = 2.49e-24 FLOPS = 1.33e+10 Tdav = 0.00 T = 0.08
 --> Site =   99 .. Mmps =   25 Ndav =  15 E =    -88.4373594369 Error = 1.74e-23 FLOPS = 1.27e+10 Tdav = 0.00 T = 0.08
 --> Site =  100 .. Mmps =   25 Ndav =  14 E =    -88.4373624882 Error = 3.23e-23 FLOPS = 1.29e+10 Tdav = 0.00 T = 0.08
 --> Site =  101 .. Mmps =   25 Ndav =  20 E =    -88.4373975719 Error = 4.45e-23 FLOPS = 1.15e+10 Tdav = 0.00 T = 0.10
 --> Site =  102 .. Mmps =   25 Ndav =  18 E =    -88.4374405909 Error = 3.36e-22 FLOPS = 1.21e+10 Tdav = 0.00 T = 0.08
 --> Site =  103 .. Mmps =   25 Ndav =  24 E =    -88.4375101611 Error = 2.96e-22 FLOPS = 1.03e+10 Tdav = 0.01 T = 0.08
 --> Site =  104 .. Mmps =   25 Ndav =  21 E =    -88.4376032950 Error = 5.86e-22 FLOPS = 1.11e+10 Tdav = 0.00 T = 0.08
 --> Site =  105 .. Mmps =   25 Ndav =  17 E =    -88.4376129961 Error = 3.96e-22 FLOPS = 1.20e+10 Tdav = 0.00 T = 0.08
 --> Site =  106 .. Mmps =   25 Ndav =  16 E =    -88.4376498991 Error = 6.49e-22 FLOPS = 1.24e+10 Tdav = 0.00 T = 0.08
 --> Site =  107 .. Mmps =   25 Ndav =  20 E =    -88.4376731464 Error = 1.66e-22 FLOPS = 1.15e+10 Tdav = 0.00 T = 0.08
 --> Site =  108 .. Mmps =   25 Ndav =  16 E =    -88.4377079617 Error = 4.44e-22 FLOPS = 1.24e+10 Tdav = 0.00 T = 0.09
 --> Site =  109 .. Mmps =   25 Ndav =  18 E =    -88.4377182360 Error = 1.43e-23 FLOPS = 1.19e+10 Tdav = 0.00 T = 0.08
 --> Site =  110 .. Mmps =   25 Ndav =  12 E =    -88.4377238152 Error = 7.47e-23 FLOPS = 1.30e+10 Tdav = 0.00 T = 0.08
 --> Site =  111 .. Mmps =   25 Ndav =  15 E =    -88.4377305213 Error = 2.22e-23 FLOPS = 1.24e+10 Tdav = 0.00 T = 0.09
 --> Site =  112 .. Mmps =   25 Ndav =  16 E =    -88.4377622138 Error = 1.12e-21 FLOPS = 1.23e+10 Tdav = 0.00 T = 0.09
 --> Site =  113 .. Mmps =   25 Ndav =  22 E =    -88.4378298814 Error = 1.09e-21 FLOPS = 1.05e+10 Tdav = 0.01 T = 0.08
 --> Site =  114 .. Mmps =   25 Ndav =  19 E =    -88.4378761295 Error = 3.81e-23 FLOPS = 1.16e+10 Tdav = 0.00 T = 0.09
 --> Site =  115 .. Mmps =   25 Ndav =  21 E =    -88.4379460675 Error = 6.81e-23 FLOPS = 1.09e+10 Tdav = 0.00 T = 0.08
 --> Site =  116 .. Mmps =   25 Ndav =  23 E =    -88.4381623390 Error = 3.12e-22 FLOPS = 1.03e+10 Tdav = 0.01 T = 0.08
 --> Site =  117 .. Mmps =   25 Ndav =  22 E =    -88.4382042419 Error = 2.67e-22 FLOPS = 1.05e+10 Tdav = 0.01 T = 0.08
 --> Site =  118 .. Mmps =   25 Ndav =  18 E =    -88.4382366532 Error = 2.17e-22 FLOPS = 1.15e+10 Tdav = 0.00 T = 0.07
 --> Site =  119 .. Mmps =   25 Ndav =  17 E =    -88.4382453492 Error = 4.05e-23 FLOPS = 1.16e+10 Tdav = 0.00 T = 0.09
 --> Site =  120 .. Mmps =   25 Ndav =  16 E =    -88.4382646242 Error = 3.53e-22 FLOPS = 1.12e+10 Tdav = 0.00 T = 0.10
 --> Site =  121 .. Mmps =   25 Ndav =  14 E =    -88.4382662536 Error = 5.60e-24 FLOPS = 1.10e+10 Tdav = 0.00 T = 0.08
 --> Site =  122 .. Mmps =   25 Ndav =  15 E =    -88.4382791563 Error = 2.28e-22 FLOPS = 1.13e+10 Tdav = 0.00 T = 0.07
 --> Site =  123 .. Mmps =   25 Ndav =  13 E =    -88.4382810228 Error = 4.32e-24 FLOPS = 1.21e+10 Tdav = 0.00 T = 0.07
 --> Site =  124 .. Mmps =   25 Ndav =  10 E =    -88.4382829289 Error = 5.32e-24 FLOPS = 1.26e+10 Tdav = 0.00 T = 0.06
 --> Site =  125 .. Mmps =   25 Ndav =  15 E =    -88.4382850808 Error = 8.03e-25 FLOPS = 1.17e+10 Tdav = 0.00 T = 0.07
 --> Site =  126 .. Mmps =   25 Ndav =  12 E =    -88.4382873878 Error = 7.14e-24 FLOPS = 1.20e+10 Tdav = 0.00 T = 0.07
 --> Site =  127 .. Mmps =   25 Ndav =  14 E =    -88.4382922282 Error = 1.76e-23 FLOPS = 1.12e+10 Tdav = 0.00 T = 0.06
 --> Site =  128 .. Mmps =   25 Ndav =  17 E =    -88.4383408346 Error = 1.81e-23 FLOPS = 1.07e+10 Tdav = 0.00 T = 0.06
 --> Site =  129 .. Mmps =   25 Ndav =  23 E =    -88.4383940034 Error = 4.41e-23 FLOPS = 8.71e+09 Tdav = 0.01 T = 0.06
 --> Site =  130 .. Mmps =   25 Ndav =  22 E =    -88.4387271423 Error = 1.73e-21 FLOPS = 8.82e+09 Tdav = 0.00 T = 0.06
 --> Site =  131 .. Mmps =   25 Ndav =  21 E =    -88.4388246381 Error = 5.66e-22 FLOPS = 8.82e+09 Tdav = 0.00 T = 0.06
 --> Site =  132 .. Mmps =   25 Ndav =  17 E =    -88.4388945455 Error = 3.36e-22 FLOPS = 9.67e+09 Tdav = 0.00 T = 0.06
 --> Site =  133 .. Mmps =   25 Ndav =  19 E =    -88.4389057679 Error = 8.29e-23 FLOPS = 1.01e+10 Tdav = 0.00 T = 0.05
 --> Site =  134 .. Mmps =   25 Ndav =  16 E =    -88.4389368888 Error = 4.81e-22 FLOPS = 9.49e+09 Tdav = 0.00 T = 0.06
 --> Site =  135 .. Mmps =   25 Ndav =  21 E =    -88.4389629135 Error = 8.58e-23 FLOPS = 7.41e+09 Tdav = 0.00 T = 0.06
 --> Site =  136 .. Mmps =   25 Ndav =  17 E =    -88.4390234478 Error = 7.94e-23 FLOPS = 8.10e+09 Tdav = 0.00 T = 0.05
 --> Site =  137 .. Mmps =   25 Ndav =  17 E =    -88.4390305672 Error = 3.59e-23 FLOPS = 7.84e+09 Tdav = 0.00 T = 0.08
 --> Site =  138 .. Mmps =   25 Ndav =  15 E =    -88.4390581457 Error = 4.01e-22 FLOPS = 6.63e+09 Tdav = 0.00 T = 0.05
 --> Site =  139 .. Mmps =   25 Ndav =  25 E =    -88.4391325143 Error = 9.08e-22 FLOPS = 4.92e+09 Tdav = 0.01 T = 0.06
 --> Site =  140 .. Mmps =   25 Ndav =  18 E =    -88.4392099499 Error = 1.15e-22 FLOPS = 6.22e+09 Tdav = 0.00 T = 0.05
 --> Site =  141 .. Mmps =   25 Ndav =  24 E =    -88.4394398342 Error = 1.14e-22 FLOPS = 4.91e+09 Tdav = 0.01 T = 0.05
 --> Site =  142 .. Mmps =   25 Ndav =  16 E =    -88.4394765946 Error = 1.45e-22 FLOPS = 6.09e+09 Tdav = 0.00 T = 0.05
 --> Site =  143 .. Mmps =   25 Ndav =  15 E =    -88.4394972936 Error = 1.47e-22 FLOPS = 5.88e+09 Tdav = 0.00 T = 0.05
 --> Site =  144 .. Mmps =   25 Ndav =  18 E =    -88.4396025432 Error = 5.49e-22 FLOPS = 4.94e+09 Tdav = 0.00 T = 0.05
 --> Site =  145 .. Mmps =   25 Ndav =  15 E =    -88.4396210392 Error = 1.14e-22 FLOPS = 5.09e+09 Tdav = 0.00 T = 0.05
 --> Site =  146 .. Mmps =   25 Ndav =  16 E =    -88.4396324368 Error = 2.88e-23 FLOPS = 7.28e+09 Tdav = 0.00 T = 0.04
 --> Site =  147 .. Mmps =   25 Ndav =  14 E =    -88.4396412829 Error = 2.98e-23 FLOPS = 8.67e+09 Tdav = 0.00 T = 0.06
 --> Site =  148 .. Mmps =   25 Ndav =  13 E =    -88.4396526962 Error = 3.80e-22 FLOPS = 8.72e+09 Tdav = 0.00 T = 0.04
 --> Site =  149 .. Mmps =   25 Ndav =  13 E =    -88.4396582037 Error = 1.78e-23 FLOPS = 8.49e+09 Tdav = 0.00 T = 0.04
 --> Site =  150 .. Mmps =   25 Ndav =  15 E =    -88.4396753598 Error = 5.65e-23 FLOPS = 7.81e+09 Tdav = 0.00 T = 0.05
 --> Site =  151 .. Mmps =   25 Ndav =  15 E =    -88.4396817372 Error = 2.94e-24 FLOPS = 7.65e+09 Tdav = 0.00 T = 0.04
 --> Site =  152 .. Mmps =   25 Ndav =  14 E =    -88.4396962681 Error = 1.05e-22 FLOPS = 7.67e+09 Tdav = 0.00 T = 0.04
 --> Site =  153 .. Mmps =   25 Ndav =  20 E =    -88.4398132500 Error = 2.69e-23 FLOPS = 5.85e+09 Tdav = 0.00 T = 0.04
 --> Site =  154 .. Mmps =   25 Ndav =  19 E =    -88.4398311604 Error = 1.71e-23 FLOPS = 5.95e+09 Tdav = 0.00 T = 0.04
 --> Site =  155 .. Mmps =   25 Ndav =  32 E =    -88.4408373010 Error = 9.88e-22 FLOPS = 3.23e+09 Tdav = 0.01 T = 0.04
 --> Site =  156 .. Mmps =   25 Ndav =  24 E =    -88.4422668079 Error = 5.54e-21 FLOPS = 4.32e+09 Tdav = 0.00 T = 0.04
 --> Site =  157 .. Mmps =   25 Ndav =  33 E =    -88.4442985554 Error = 9.50e-21 FLOPS = 2.73e+09 Tdav = 0.01 T = 0.04
 --> Site =  158 .. Mmps =   25 Ndav =  21 E =    -88.4446986853 Error = 2.68e-21 FLOPS = 4.40e+09 Tdav = 0.00 T = 0.03
 --> Site =  159 .. Mmps =   25 Ndav =  26 E =    -88.4449906452 Error = 2.28e-21 FLOPS = 3.26e+09 Tdav = 0.00 T = 0.03
 --> Site =  160 .. Mmps =   25 Ndav =  26 E =    -88.4451699824 Error = 8.98e-22 FLOPS = 3.05e+09 Tdav = 0.00 T = 0.03
 --> Site =  161 .. Mmps =   25 Ndav =  19 E =    -88.4451927650 Error = 3.22e-22 FLOPS = 3.94e+09 Tdav = 0.00 T = 0.03
 --> Site =  162 .. Mmps =   25 Ndav =  22 E =    -88.4452030192 Error = 1.54e-23 FLOPS = 3.07e+09 Tdav = 0.00 T = 0.03
 --> Site =  163 .. Mmps =   25 Ndav =  21 E =    -88.4452093134 Error = 2.19e-24 FLOPS = 2.87e+09 Tdav = 0.00 T = 0.03
 --> Site =  164 .. Mmps =   25 Ndav =  10 E =    -88.4452093572 Error = 7.90e-27 FLOPS = 4.19e+09 Tdav = 0.00 T = 0.03
 --> Site =  165 .. Mmps =   25 Ndav =   1 E =    -88.4452093572 Error = 5.13e-52 FLOPS = 9.67e+08 Tdav = 0.00 T = 0.03
 --> Site =  166 .. Mmps =   25 Ndav =   1 E =    -88.4452093572 Error = 1.58e-75 FLOPS = 4.69e+08 Tdav = 0.00 T = 0.03
 --> Site =  167 .. Mmps =   25 Ndav =   1 E =    -88.4452093572 Error = 0.00e+00 FLOPS = 2.17e+08 Tdav = 0.00 T = 0.03
 --> Site =  168 .. Mmps =   25 Ndav =   1 E =    -88.4452093572 Error = 0.00e+00 FLOPS = 7.48e+07 Tdav = 0.00 T = 0.03
Time elapsed =    315.556 | E =     -88.4452093572 | DE = -1.67e-02 | DW = 9.49606e-21
Time sweep =       11.753 | 5.19 GFLOP/SWP
 | Dmem = 294 KB (1%) | Imem = 232 B (79%) | Hmem = 1.21 MB | Wmem = 5.86 KB | Pmem = 5.86 KB
 | Tread = 0.227 | Twrite = 0.959 | Tfpread = 0.064 | Tfpwrite = 0.059 | Tmporead = 0.000 | Tasync = 0.000
 | data = 31.6 MB | cpsd = 23.7 MB
 | Trot = 0.066 | Tctr = 0.011 | Tint = 0.008 | Tmid = 0.000 | Tdctr = 0.154 | Tdiag = 0.030 | Tinfo = 0.373
 | Teff = 5.095 | Tprt = 0.142 | Teig = 0.651 | Tblk = 9.826 | Tmve = 1.906 | Tdm = 0.004 | Tsplt = 0.049 | Tsvd = 0.000 | Torth = 0.000

Sweep =    5 | Direction = backward | Bond dimension =   25 | Noise =  1.00e-05 | Dav threshold =  1.00e-10
 <-- Site =  168 .. Mmps =    2 Ndav =   1 E =    -88.4452093572 Error = 0.00e+00 FLOPS = 6.85e+07 Tdav = 0.00 T = 0.02
 <-- Site =  167 .. Mmps =    4 Ndav =   1 E =    -88.4452093572 Error = 0.00e+00 FLOPS = 2.56e+08 Tdav = 0.00 T = 0.03
 <-- Site =  166 .. Mmps =    8 Ndav =   1 E =    -88.4452093572 Error = 0.00e+00 FLOPS = 5.21e+08 Tdav = 0.00 T = 0.03
 <-- Site =  165 .. Mmps =   16 Ndav =   1 E =    -88.4452093572 Error = 0.00e+00 FLOPS = 9.60e+08 Tdav = 0.00 T = 0.03
 <-- Site =  164 .. Mmps =   25 Ndav =   1 E =    -88.4452093572 Error = 4.83e-20 FLOPS = 1.74e+09 Tdav = 0.00 T = 0.03
 <-- Site =  163 .. Mmps =   25 Ndav =   5 E =    -88.4452093606 Error = 6.38e-19 FLOPS = 5.66e+09 Tdav = 0.00 T = 0.03
 <-- Site =  162 .. Mmps =   25 Ndav =  16 E =    -88.4452097742 Error = 4.10e-19 FLOPS = 5.13e+09 Tdav = 0.00 T = 0.03
 <-- Site =  161 .. Mmps =   25 Ndav =  15 E =    -88.4452137126 Error = 1.62e-18 FLOPS = 5.84e+09 Tdav = 0.00 T = 0.04
 <-- Site =  160 .. Mmps =   25 Ndav =  20 E =    -88.4452303308 Error = 9.08e-19 FLOPS = 5.01e+09 Tdav = 0.00 T = 0.03
 <-- Site =  159 .. Mmps =   25 Ndav =  25 E =    -88.4454158651 Error = 3.88e-18 FLOPS = 4.27e+09 Tdav = 0.01 T = 0.05
 <-- Site =  158 .. Mmps =   25 Ndav =  25 E =    -88.4462371283 Error = 1.71e-19 FLOPS = 2.11e+09 Tdav = 0.01 T = 0.05
 <-- Site =  157 .. Mmps =   25 Ndav =  30 E =    -88.4465516968 Error = 2.93e-18 FLOPS = 1.70e+09 Tdav = 0.02 T = 0.06
 <-- Site =  156 .. Mmps =   25 Ndav =  27 E =    -88.4499847653 Error = 5.94e-18 FLOPS = 2.33e+09 Tdav = 0.02 T = 0.05
 <-- Site =  155 .. Mmps =   25 Ndav =  32 E =    -88.4511496483 Error = 2.07e-18 FLOPS = 1.92e+09 Tdav = 0.02 T = 0.06
 <-- Site =  154 .. Mmps =   25 Ndav =  25 E =    -88.4518334219 Error = 4.33e-18 FLOPS = 2.96e+09 Tdav = 0.01 T = 0.05
 <-- Site =  153 .. Mmps =   25 Ndav =  21 E =    -88.4521996010 Error = 4.51e-18 FLOPS = 3.13e+09 Tdav = 0.01 T = 0.05
 <-- Site =  152 .. Mmps =   25 Ndav =  19 E =    -88.4523131427 Error = 1.17e-18 FLOPS = 3.49e+09 Tdav = 0.01 T = 0.06
 <-- Site =  151 .. Mmps =   25 Ndav =  19 E =    -88.4524627522 Error = 1.97e-18 FLOPS = 3.60e+09 Tdav = 0.01 T = 0.06
 <-- Site =  150 .. Mmps =   25 Ndav =  20 E =    -88.4525974501 Error = 3.94e-19 FLOPS = 3.56e+09 Tdav = 0.01 T = 0.06
 <-- Site =  149 .. Mmps =   25 Ndav =  20 E =    -88.4528101381 Error = 1.07e-18 FLOPS = 3.93e+09 Tdav = 0.01 T = 0.06
 <-- Site =  148 .. Mmps =   25 Ndav =  19 E =    -88.4529063912 Error = 2.50e-19 FLOPS = 7.13e+09 Tdav = 0.01 T = 0.05
 <-- Site =  147 .. Mmps =   25 Ndav =  21 E =    -88.4530076977 Error = 6.82e-19 FLOPS = 7.80e+09 Tdav = 0.01 T = 0.05
 <-- Site =  146 .. Mmps =   25 Ndav =  20 E =    -88.4530722600 Error = 4.86e-19 FLOPS = 8.21e+09 Tdav = 0.01 T = 0.05
 <-- Site =  145 .. Mmps =   25 Ndav =  19 E =    -88.4531476807 Error = 6.39e-19 FLOPS = 8.55e+09 Tdav = 0.01 T = 0.05
 <-- Site =  144 .. Mmps =   25 Ndav =  19 E =    -88.4531967445 Error = 9.79e-19 FLOPS = 7.68e+09 Tdav = 0.01 T = 0.06
 <-- Site =  143 .. Mmps =   25 Ndav =  27 E =    -88.4536095869 Error = 1.07e-18 FLOPS = 6.10e+09 Tdav = 0.01 T = 0.06
 <-- Site =  142 .. Mmps =   25 Ndav =  20 E =    -88.4536742278 Error = 9.25e-18 FLOPS = 7.69e+09 Tdav = 0.01 T = 0.06
 <-- Site =  141 .. Mmps =   25 Ndav =  24 E =    -88.4540882473 Error = 1.64e-18 FLOPS = 6.93e+09 Tdav = 0.01 T = 0.06
 <-- Site =  140 .. Mmps =   25 Ndav =  23 E =    -88.4547394451 Error = 8.50e-18 FLOPS = 7.25e+09 Tdav = 0.01 T = 0.06
 <-- Site =  139 .. Mmps =   25 Ndav =  29 E =    -88.4550225227 Error = 2.14e-19 FLOPS = 7.05e+09 Tdav = 0.01 T = 0.06
 <-- Site =  138 .. Mmps =   25 Ndav =  20 E =    -88.4551880084 Error = 5.13e-18 FLOPS = 9.27e+09 Tdav = 0.01 T = 0.07
 <-- Site =  137 .. Mmps =   25 Ndav =  27 E =    -88.4553120720 Error = 1.37e-18 FLOPS = 7.73e+09 Tdav = 0.01 T = 0.07
 <-- Site =  136 .. Mmps =   25 Ndav =  21 E =    -88.4554908706 Error = 1.43e-18 FLOPS = 9.23e+09 Tdav = 0.01 T = 0.07
 <-- Site =  135 .. Mmps =   25 Ndav =  24 E =    -88.4555795013 Error = 1.60e-18 FLOPS = 8.60e+09 Tdav = 0.01 T = 0.07
 <-- Site =  134 .. Mmps =   25 Ndav =  20 E =    -88.4557007189 Error = 1.01e-18 FLOPS = 9.71e+09 Tdav = 0.01 T = 0.07
 <-- Site =  133 .. Mmps =   25 Ndav =  23 E =    -88.4557665846 Error = 2.12e-19 FLOPS = 9.05e+09 Tdav = 0.01 T = 0.07
 <-- Site =  132 .. Mmps =   25 Ndav =  20 E =    -88.4558684538 Error = 6.38e-19 FLOPS = 9.85e+09 Tdav = 0.01 T = 0.07
 <-- Site =  131 .. Mmps =   25 Ndav =  25 E =    -88.4559882333 Error = 1.69e-18 FLOPS = 8.79e+09 Tdav = 0.01 T = 0.07
 <-- Site =  130 .. Mmps =   25 Ndav =  23 E =    -88.4561661062 Error = 1.75e-19 FLOPS = 9.32e+09 Tdav = 0.01 T = 0.08
 <-- Site =  129 .. Mmps =   25 Ndav =  27 E =    -88.4564011199 Error = 1.02e-18 FLOPS = 8.53e+09 Tdav = 0.01 T = 0.08
 <-- Site =  128 .. Mmps =   25 Ndav =  21 E =    -88.4565543018 Error = 1.43e-18 FLOPS = 9.92e+09 Tdav = 0.01 T = 0.08
 <-- Site =  127 .. Mmps =   25 Ndav =  25 E =    -88.4567191745 Error = 1.70e-18 FLOPS = 9.16e+09 Tdav = 0.01 T = 0.08
 <-- Site =  126 .. Mmps =   25 Ndav =  20 E =    -88.4568590368 Error = 1.50e-19 FLOPS = 1.03e+10 Tdav = 0.01 T = 0.08
 <-- Site =  125 .. Mmps =   25 Ndav =  17 E =    -88.4568911560 Error = 3.90e-18 FLOPS = 1.23e+10 Tdav = 0.01 T = 0.07
 <-- Site =  124 .. Mmps =   25 Ndav =  14 E =    -88.4569073630 Error = 1.58e-19 FLOPS = 1.30e+10 Tdav = 0.00 T = 0.07
 <-- Site =  123 .. Mmps =   25 Ndav =  17 E =    -88.4569510035 Error = 3.12e-18 FLOPS = 1.24e+10 Tdav = 0.01 T = 0.07
 <-- Site =  122 .. Mmps =   25 Ndav =  16 E =    -88.4569651550 Error = 1.17e-19 FLOPS = 1.26e+10 Tdav = 0.01 T = 0.07
 <-- Site =  121 .. Mmps =   25 Ndav =  17 E =    -88.4569748368 Error = 1.80e-18 FLOPS = 1.20e+10 Tdav = 0.01 T = 0.11
 <-- Site =  120 .. Mmps =   25 Ndav =  16 E =    -88.4570247223 Error = 1.96e-19 FLOPS = 1.25e+10 Tdav = 0.01 T = 0.08
 <-- Site =  119 .. Mmps =   25 Ndav =  21 E =    -88.4571015376 Error = 8.01e-20 FLOPS = 1.17e+10 Tdav = 0.01 T = 0.08
 <-- Site =  118 .. Mmps =   25 Ndav =  20 E =    -88.4571921194 Error = 2.63e-19 FLOPS = 1.19e+10 Tdav = 0.01 T = 0.08
 <-- Site =  117 .. Mmps =   25 Ndav =  23 E =    -88.4572638131 Error = 6.47e-19 FLOPS = 1.12e+10 Tdav = 0.01 T = 0.09
 <-- Site =  116 .. Mmps =   25 Ndav =  23 E =    -88.4574125906 Error = 6.13e-19 FLOPS = 1.13e+10 Tdav = 0.01 T = 0.08
 <-- Site =  115 .. Mmps =   25 Ndav =  25 E =    -88.4576005019 Error = 4.88e-19 FLOPS = 1.09e+10 Tdav = 0.01 T = 0.09
 <-- Site =  114 .. Mmps =   25 Ndav =  19 E =    -88.4576971835 Error = 6.53e-19 FLOPS = 1.24e+10 Tdav = 0.01 T = 0.08
 <-- Site =  113 .. Mmps =   25 Ndav =  24 E =    -88.4577956108 Error = 3.08e-18 FLOPS = 1.13e+10 Tdav = 0.01 T = 0.09
 <-- Site =  112 .. Mmps =   25 Ndav =  17 E =    -88.4578241224 Error = 2.36e-19 FLOPS = 1.29e+10 Tdav = 0.01 T = 0.09
 <-- Site =  111 .. Mmps =   25 Ndav =  21 E =    -88.4578632524 Error = 1.39e-19 FLOPS = 1.20e+10 Tdav = 0.01 T = 0.09
 <-- Site =  110 .. Mmps =   25 Ndav =  15 E =    -88.4578724326 Error = 1.03e-18 FLOPS = 1.33e+10 Tdav = 0.01 T = 0.08
 <-- Site =  109 .. Mmps =   25 Ndav =  18 E =    -88.4578905092 Error = 1.85e-19 FLOPS = 1.27e+10 Tdav = 0.01 T = 0.11
 <-- Site =  108 .. Mmps =   25 Ndav =  17 E =    -88.4579092058 Error = 1.44e-18 FLOPS = 1.29e+10 Tdav = 0.01 T = 0.09
 <-- Site =  107 .. Mmps =   25 Ndav =  23 E =    -88.4579522750 Error = 4.26e-20 FLOPS = 1.17e+10 Tdav = 0.01 T = 0.09
 <-- Site =  106 .. Mmps =   25 Ndav =  20 E =    -88.4580014551 Error = 3.45e-19 FLOPS = 1.23e+10 Tdav = 0.01 T = 0.09
 <-- Site =  105 .. Mmps =   25 Ndav =  26 E =    -88.4581057067 Error = 1.34e-18 FLOPS = 1.09e+10 Tdav = 0.01 T = 0.09
 <-- Site =  104 .. Mmps =   25 Ndav =  25 E =    -88.4581691147 Error = 2.86e-18 FLOPS = 1.11e+10 Tdav = 0.01 T = 0.09
 <-- Site =  103 .. Mmps =   25 Ndav =  25 E =    -88.4583407332 Error = 1.58e-18 FLOPS = 1.12e+10 Tdav = 0.01 T = 0.10
 <-- Site =  102 .. Mmps =   25 Ndav =  19 E =    -88.4584566376 Error = 8.83e-19 FLOPS = 1.26e+10 Tdav = 0.01 T = 0.09
 <-- Site =  101 .. Mmps =   25 Ndav =  25 E =    -88.4586023045 Error = 2.20e-18 FLOPS = 1.12e+10 Tdav = 0.01 T = 0.10
 <-- Site =  100 .. Mmps =   25 Ndav =  18 E =    -88.4586715335 Error = 2.25e-19 FLOPS = 1.29e+10 Tdav = 0.01 T = 0.10
 <-- Site =   99 .. Mmps =   25 Ndav =  16 E =    -88.4586771132 Error = 1.23e-18 FLOPS = 1.32e+10 Tdav = 0.01 T = 0.12
 <-- Site =   98 .. Mmps =   25 Ndav =  13 E =    -88.4586862043 Error = 4.33e-20 FLOPS = 1.37e+10 Tdav = 0.01 T = 0.11
 <-- Site =   97 .. Mmps =   25 Ndav =  13 E =    -88.4586899571 Error = 7.39e-18 FLOPS = 1.37e+10 Tdav = 0.00 T = 0.12
 <-- Site =   96 .. Mmps =   25 Ndav =  13 E =    -88.4586916556 Error = 1.11e-19 FLOPS = 1.37e+10 Tdav = 0.01 T = 0.14
 <-- Site =   95 .. Mmps =   25 Ndav =  18 E =    -88.4586978440 Error = 4.69e-19 FLOPS = 1.30e+10 Tdav = 0.01 T = 0.12
 <-- Site =   94 .. Mmps =   25 Ndav =  17 E =    -88.4587033000 Error = 4.70e-19 FLOPS = 1.32e+10 Tdav = 0.01 T = 0.11
 <-- Site =   93 .. Mmps =   25 Ndav =  21 E =    -88.4587900797 Error = 2.60e-18 FLOPS = 1.23e+10 Tdav = 0.01 T = 0.10
 <-- Site =   92 .. Mmps =   25 Ndav =  20 E =    -88.4588875230 Error = 2.80e-19 FLOPS = 1.24e+10 Tdav = 0.01 T = 0.11
 <-- Site =   91 .. Mmps =   25 Ndav =  24 E =    -88.4589408766 Error = 3.30e-19 FLOPS = 1.16e+10 Tdav = 0.01 T = 0.13
 <-- Site =   90 .. Mmps =   25 Ndav =  23 E =    -88.4590372635 Error = 6.49e-19 FLOPS = 1.19e+10 Tdav = 0.01 T = 0.10
 <-- Site =   89 .. Mmps =   25 Ndav =  26 E =    -88.4591787923 Error = 8.56e-20 FLOPS = 1.12e+10 Tdav = 0.01 T = 0.10
 <-- Site =   88 .. Mmps =   25 Ndav =  19 E =    -88.4592773667 Error = 3.21e-19 FLOPS = 1.28e+10 Tdav = 0.01 T = 0.09
 <-- Site =   87 .. Mmps =   25 Ndav =  25 E =    -88.4593738643 Error = 4.19e-20 FLOPS = 1.13e+10 Tdav = 0.01 T = 0.10
 <-- Site =   86 .. Mmps =   25 Ndav =  19 E =    -88.4594065668 Error = 9.40e-18 FLOPS = 1.27e+10 Tdav = 0.01 T = 0.10
 <-- Site =   85 .. Mmps =   25 Ndav =  22 E =    -88.4594404352 Error = 1.07e-19 FLOPS = 1.20e+10 Tdav = 0.01 T = 0.11
 <-- Site =   84 .. Mmps =   25 Ndav =  17 E =    -88.4594483532 Error = 1.06e-18 FLOPS = 1.25e+10 Tdav = 0.01 T = 0.10
 <-- Site =   83 .. Mmps =   25 Ndav =  17 E =    -88.4594558664 Error = 8.16e-18 FLOPS = 1.30e+10 Tdav = 0.01 T = 0.10
 <-- Site =   82 .. Mmps =   25 Ndav =  19 E =    -88.4595006307 Error = 1.16e-19 FLOPS = 1.27e+10 Tdav = 0.01 T = 0.10
 <-- Site =   81 .. Mmps =   25 Ndav =  23 E =    -88.4595855735 Error = 1.69e-18 FLOPS = 1.18e+10 Tdav = 0.01 T = 0.10
 <-- Site =   80 .. Mmps =   25 Ndav =  21 E =    -88.4596483162 Error = 7.40e-18 FLOPS = 1.22e+10 Tdav = 0.01 T = 0.10
 <-- Site =   79 .. Mmps =   25 Ndav =  25 E =    -88.4597385833 Error = 1.05e-19 FLOPS = 1.13e+10 Tdav = 0.01 T = 0.10
 <-- Site =   78 .. Mmps =   25 Ndav =  22 E =    -88.4598171599 Error = 1.33e-17 FLOPS = 1.20e+10 Tdav = 0.01 T = 0.10
 <-- Site =   77 .. Mmps =   25 Ndav =  25 E =    -88.4599996011 Error = 6.57e-19 FLOPS = 1.13e+10 Tdav = 0.01 T = 0.10
 <-- Site =   76 .. Mmps =   25 Ndav =  18 E =    -88.4600741723 Error = 2.68e-19 FLOPS = 1.28e+10 Tdav = 0.01 T = 0.11
 <-- Site =   75 .. Mmps =   25 Ndav =  27 E =    -88.4602427674 Error = 1.07e-17 FLOPS = 1.09e+10 Tdav = 0.01 T = 0.11
 <-- Site =   74 .. Mmps =   25 Ndav =  17 E =    -88.4603006449 Error = 4.20e-19 FLOPS = 1.30e+10 Tdav = 0.01 T = 0.10
 <-- Site =   73 .. Mmps =   25 Ndav =  15 E =    -88.4603038847 Error = 2.58e-18 FLOPS = 1.34e+10 Tdav = 0.01 T = 0.10
 <-- Site =   72 .. Mmps =   25 Ndav =  15 E =    -88.4603264178 Error = 6.77e-20 FLOPS = 1.34e+10 Tdav = 0.01 T = 0.09
 <-- Site =   71 .. Mmps =   25 Ndav =  14 E =    -88.4603304597 Error = 3.90e-18 FLOPS = 1.35e+10 Tdav = 0.01 T = 0.10
 <-- Site =   70 .. Mmps =   25 Ndav =  13 E =    -88.4603317232 Error = 1.32e-19 FLOPS = 1.37e+10 Tdav = 0.01 T = 0.10
 <-- Site =   69 .. Mmps =   25 Ndav =  16 E =    -88.4603333701 Error = 2.59e-18 FLOPS = 1.32e+10 Tdav = 0.01 T = 0.10
 <-- Site =   68 .. Mmps =   25 Ndav =  17 E =    -88.4603413257 Error = 5.48e-20 FLOPS = 1.30e+10 Tdav = 0.01 T = 0.10
 <-- Site =   67 .. Mmps =   25 Ndav =  18 E =    -88.4604223508 Error = 1.94e-19 FLOPS = 1.27e+10 Tdav = 0.01 T = 0.10
 <-- Site =   66 .. Mmps =   25 Ndav =  20 E =    -88.4605429639 Error = 1.91e-19 FLOPS = 1.23e+10 Tdav = 0.01 T = 0.09
 <-- Site =   65 .. Mmps =   25 Ndav =  23 E =    -88.4606082188 Error = 2.94e-18 FLOPS = 1.17e+10 Tdav = 0.01 T = 0.10
 <-- Site =   64 .. Mmps =   25 Ndav =  24 E =    -88.4607195307 Error = 4.42e-18 FLOPS = 1.13e+10 Tdav = 0.01 T = 0.11
 <-- Site =   63 .. Mmps =   25 Ndav =  24 E =    -88.4608062924 Error = 3.62e-18 FLOPS = 1.14e+10 Tdav = 0.01 T = 0.17
 <-- Site =   62 .. Mmps =   25 Ndav =  18 E =    -88.4608773811 Error = 2.24e-18 FLOPS = 1.27e+10 Tdav = 0.01 T = 0.09
 <-- Site =   61 .. Mmps =   25 Ndav =  25 E =    -88.4609697052 Error = 6.29e-18 FLOPS = 1.11e+10 Tdav = 0.01 T = 0.10
 <-- Site =   60 .. Mmps =   25 Ndav =  17 E =    -88.4609993607 Error = 1.34e-18 FLOPS = 1.28e+10 Tdav = 0.01 T = 0.09
 <-- Site =   59 .. Mmps =   25 Ndav =  22 E =    -88.4610199038 Error = 7.51e-20 FLOPS = 1.16e+10 Tdav = 0.01 T = 0.09
 <-- Site =   58 .. Mmps =   25 Ndav =  13 E =    -88.4610258335 Error = 1.04e-18 FLOPS = 1.35e+10 Tdav = 0.00 T = 0.09
 <-- Site =   57 .. Mmps =   25 Ndav =  21 E =    -88.4610434017 Error = 1.30e-19 FLOPS = 1.19e+10 Tdav = 0.01 T = 0.09
 <-- Site =   56 .. Mmps =   25 Ndav =  16 E =    -88.4610595643 Error = 6.92e-19 FLOPS = 1.30e+10 Tdav = 0.01 T = 0.09
 <-- Site =   55 .. Mmps =   25 Ndav =  23 E =    -88.4611525278 Error = 2.21e-18 FLOPS = 1.15e+10 Tdav = 0.01 T = 0.09
 <-- Site =   54 .. Mmps =   25 Ndav =  20 E =    -88.4612039326 Error = 4.26e-19 FLOPS = 1.21e+10 Tdav = 0.01 T = 0.09
 <-- Site =   53 .. Mmps =   25 Ndav =  24 E =    -88.4613199431 Error = 1.06e-19 FLOPS = 1.11e+10 Tdav = 0.01 T = 0.09
 <-- Site =   52 .. Mmps =   25 Ndav =  18 E =    -88.4614114570 Error = 6.43e-18 FLOPS = 1.25e+10 Tdav = 0.01 T = 0.09
 <-- Site =   51 .. Mmps =   25 Ndav =  25 E =    -88.4615265467 Error = 3.46e-19 FLOPS = 1.08e+10 Tdav = 0.01 T = 0.09
 <-- Site =   50 .. Mmps =   25 Ndav =  17 E =    -88.4615862902 Error = 6.53e-19 FLOPS = 1.24e+10 Tdav = 0.01 T = 0.08
 <-- Site =   49 .. Mmps =   25 Ndav =  21 E =    -88.4616608544 Error = 8.45e-20 FLOPS = 1.11e+10 Tdav = 0.01 T = 0.08
 <-- Site =   48 .. Mmps =   25 Ndav =  19 E =    -88.4617454489 Error = 7.92e-19 FLOPS = 1.20e+10 Tdav = 0.01 T = 0.08
 <-- Site =   47 .. Mmps =   25 Ndav =  18 E =    -88.4617718140 Error = 3.84e-18 FLOPS = 1.23e+10 Tdav = 0.01 T = 0.08
 <-- Site =   46 .. Mmps =   25 Ndav =  13 E =    -88.4617818923 Error = 1.05e-19 FLOPS = 1.31e+10 Tdav = 0.00 T = 0.07
 <-- Site =   45 .. Mmps =   25 Ndav =  13 E =    -88.4617966639 Error = 9.52e-19 FLOPS = 1.32e+10 Tdav = 0.00 T = 0.08
 <-- Site =   44 .. Mmps =   25 Ndav =  11 E =    -88.4618017981 Error = 3.22e-19 FLOPS = 1.36e+10 Tdav = 0.00 T = 0.07
 <-- Site =   43 .. Mmps =   25 Ndav =  17 E =    -88.4618091081 Error = 4.42e-19 FLOPS = 1.25e+10 Tdav = 0.01 T = 0.07
 <-- Site =   42 .. Mmps =   25 Ndav =  15 E =    -88.4618176041 Error = 1.05e-19 FLOPS = 1.29e+10 Tdav = 0.00 T = 0.07
 <-- Site =   41 .. Mmps =   25 Ndav =  17 E =    -88.4618731061 Error = 2.41e-18 FLOPS = 1.24e+10 Tdav = 0.01 T = 0.07
 <-- Site =   40 .. Mmps =   25 Ndav =  20 E =    -88.4620999638 Error = 2.91e-19 FLOPS = 1.16e+10 Tdav = 0.01 T = 0.07
 <-- Site =   39 .. Mmps =   25 Ndav =  26 E =    -88.4622706003 Error = 2.11e-18 FLOPS = 1.00e+10 Tdav = 0.01 T = 0.07
 <-- Site =   38 .. Mmps =   25 Ndav =  22 E =    -88.4624794842 Error = 2.84e-18 FLOPS = 1.09e+10 Tdav = 0.01 T = 0.07
 <-- Site =   37 .. Mmps =   25 Ndav =  28 E =    -88.4627935245 Error = 8.77e-19 FLOPS = 9.34e+09 Tdav = 0.01 T = 0.07
 <-- Site =   36 .. Mmps =   25 Ndav =  20 E =    -88.4629301559 Error = 5.39e-18 FLOPS = 1.14e+10 Tdav = 0.01 T = 0.07
 <-- Site =   35 .. Mmps =   25 Ndav =  25 E =    -88.4630029034 Error = 5.74e-18 FLOPS = 9.91e+09 Tdav = 0.01 T = 0.07
 <-- Site =   34 .. Mmps =   25 Ndav =  19 E =    -88.4630785175 Error = 4.82e-20 FLOPS = 1.14e+10 Tdav = 0.01 T = 0.06
 <-- Site =   33 .. Mmps =   25 Ndav =  26 E =    -88.4631086294 Error = 1.90e-18 FLOPS = 9.34e+09 Tdav = 0.01 T = 0.06
 <-- Site =   32 .. Mmps =   25 Ndav =  18 E =    -88.4631866102 Error = 3.84e-18 FLOPS = 1.14e+10 Tdav = 0.01 T = 0.06
 <-- Site =   31 .. Mmps =   25 Ndav =  25 E =    -88.4632374024 Error = 5.27e-19 FLOPS = 9.38e+09 Tdav = 0.01 T = 0.06
 <-- Site =   30 .. Mmps =   25 Ndav =  20 E =    -88.4633487795 Error = 8.27e-19 FLOPS = 1.06e+10 Tdav = 0.01 T = 0.05
 <-- Site =   29 .. Mmps =   25 Ndav =  25 E =    -88.4634665571 Error = 2.24e-19 FLOPS = 9.14e+09 Tdav = 0.01 T = 0.06
 <-- Site =   28 .. Mmps =   25 Ndav =  19 E =    -88.4635634886 Error = 1.35e-18 FLOPS = 1.05e+10 Tdav = 0.01 T = 0.06
 <-- Site =   27 .. Mmps =   25 Ndav =  29 E =    -88.4639903599 Error = 4.08e-19 FLOPS = 7.71e+09 Tdav = 0.01 T = 0.06
 <-- Site =   26 .. Mmps =   25 Ndav =  26 E =    -88.4655665719 Error = 5.44e-18 FLOPS = 8.30e+09 Tdav = 0.01 T = 0.05
 <-- Site =   25 .. Mmps =   25 Ndav =  23 E =    -88.4657762657 Error = 1.20e-18 FLOPS = 8.94e+09 Tdav = 0.01 T = 0.05
 <-- Site =   24 .. Mmps =   25 Ndav =  24 E =    -88.4662668513 Error = 4.76e-19 FLOPS = 8.55e+09 Tdav = 0.01 T = 0.05
 <-- Site =   23 .. Mmps =   25 Ndav =  26 E =    -88.4666349839 Error = 4.42e-19 FLOPS = 7.76e+09 Tdav = 0.01 T = 0.05
 <-- Site =   22 .. Mmps =   25 Ndav =  19 E =    -88.4667377406 Error = 3.50e-19 FLOPS = 9.59e+09 Tdav = 0.00 T = 0.05
 <-- Site =   21 .. Mmps =   25 Ndav =  21 E =    -88.4668096711 Error = 8.32e-20 FLOPS = 6.88e+09 Tdav = 0.01 T = 0.06
 <-- Site =   20 .. Mmps =   25 Ndav =  18 E =    -88.4668666595 Error = 2.98e-19 FLOPS = 7.49e+09 Tdav = 0.01 T = 0.05
 <-- Site =   19 .. Mmps =   25 Ndav =  21 E =    -88.4669861310 Error = 3.13e-19 FLOPS = 6.62e+09 Tdav = 0.01 T = 0.05
 <-- Site =   18 .. Mmps =   25 Ndav =  14 E =    -88.4670189702 Error = 1.72e-19 FLOPS = 8.13e+09 Tdav = 0.00 T = 0.05
 <-- Site =   17 .. Mmps =   25 Ndav =  19 E =    -88.4671494564 Error = 8.78e-20 FLOPS = 6.89e+09 Tdav = 0.01 T = 0.05
 <-- Site =   16 .. Mmps =   25 Ndav =  17 E =    -88.4672400204 Error = 1.84e-19 FLOPS = 8.24e+09 Tdav = 0.00 T = 0.05
 <-- Site =   15 .. Mmps =   25 Ndav =  17 E =    -88.4673240445 Error = 1.02e-19 FLOPS = 8.03e+09 Tdav = 0.00 T = 0.04
 <-- Site =   14 .. Mmps =   25 Ndav =  21 E =    -88.4676405930 Error = 5.81e-19 FLOPS = 6.71e+09 Tdav = 0.00 T = 0.04
 <-- Site =   13 .. Mmps =   25 Ndav =  29 E =    -88.4685646177 Error = 2.54e-18 FLOPS = 4.74e+09 Tdav = 0.01 T = 0.05
 <-- Site =   12 .. Mmps =   25 Ndav =  26 E =    -88.4722607017 Error = 5.71e-18 FLOPS = 3.08e+09 Tdav = 0.01 T = 0.05
 <-- Site =   11 .. Mmps =   25 Ndav =  33 E =    -88.4737517869 Error = 1.00e-18 FLOPS = 2.07e+09 Tdav = 0.02 T = 0.06
 <-- Site =   10 .. Mmps =   25 Ndav =  26 E =    -88.4757742675 Error = 1.22e-18 FLOPS = 2.63e+09 Tdav = 0.01 T = 0.06
 <-- Site =    9 .. Mmps =   25 Ndav =  27 E =    -88.4764698710 Error = 5.68e-17 FLOPS = 1.94e+09 Tdav = 0.02 T = 0.05
 <-- Site =    8 .. Mmps =   25 Ndav =  22 E =    -88.4766652608 Error = 1.26e-17 FLOPS = 2.29e+09 Tdav = 0.01 T = 0.05
 <-- Site =    7 .. Mmps =   25 Ndav =  23 E =    -88.4767150551 Error = 1.49e-17 FLOPS = 1.88e+09 Tdav = 0.01 T = 0.05
 <-- Site =    6 .. Mmps =   25 Ndav =  24 E =    -88.4767554927 Error = 6.14e-19 FLOPS = 1.65e+09 Tdav = 0.01 T = 0.05
 <-- Site =    5 .. Mmps =   25 Ndav =  25 E =    -88.4767965175 Error = 5.37e-19 FLOPS = 1.48e+09 Tdav = 0.01 T = 0.05
 <-- Site =    4 .. Mmps =   25 Ndav =  11 E =    -88.4767966074 Error = 1.79e-25 FLOPS = 2.02e+09 Tdav = 0.00 T = 0.05
 <-- Site =    3 .. Mmps =   25 Ndav =   1 E =    -88.4767966074 Error = 5.81e-44 FLOPS = 6.07e+08 Tdav = 0.00 T = 0.03
 <-- Site =    2 .. Mmps =   25 Ndav =   1 E =    -88.4767966074 Error = 7.80e-54 FLOPS = 2.70e+08 Tdav = 0.00 T = 0.03
 <-- Site =    1 .. Mmps =   25 Ndav =   1 E =    -88.4767966074 Error = 1.80e-56 FLOPS = 1.11e+08 Tdav = 0.00 T = 0.03
 <-- Site =    0 .. Mmps =   24 Ndav =   1 E =    -88.4767966074 Error = 0.00e+00 FLOPS = 5.00e+07 Tdav = 0.00 T = 0.03
Time elapsed =    328.195 | E =     -88.4767966074 | DE = -3.16e-02 | DW = 5.68433e-17
Time sweep =       12.638 | 11.4 GFLOP/SWP
 | Dmem = 298 KB (3%) | Imem = 232 B (79%) | Hmem = 1.39 MB | Wmem = 9.77 KB | Pmem = 9.77 KB
 | Tread = 0.229 | Twrite = 0.940 | Tfpread = 0.087 | Tfpwrite = 0.057 | Tmporead = 0.000 | Tasync = 0.000
 | data = 31.6 MB | cpsd = 21.4 MB
 | Trot = 0.072 | Tctr = 0.622 | Tint = 0.008 | Tmid = 0.000 | Tdctr = 0.010 | Tdiag = 0.037 | Tinfo = 0.367
 | Teff = 4.814 | Tprt = 0.183 | Teig = 1.330 | Tblk = 10.004 | Tmve = 2.621 | Tdm = 0.005 | Tsplt = 0.053 | Tsvd = 0.000 | Torth = 0.000

Sweep =    6 | Direction =  forward | Bond dimension =  550 | Noise =  1.00e-05 | Dav threshold =  1.00e-10
 --> Site =    0 .. Mmps =    2 Ndav =   1 E =    -88.4767966074 Error = 0.00e+00 FLOPS = 4.94e+07 Tdav = 0.00 T = 0.02
 --> Site =    1 .. Mmps =    4 Ndav =   1 E =    -88.4767966074 Error = 0.00e+00 FLOPS = 1.10e+08 Tdav = 0.00 T = 0.05
 --> Site =    2 .. Mmps =    8 Ndav =   1 E =    -88.4767966074 Error = 0.00e+00 FLOPS = 2.48e+08 Tdav = 0.00 T = 0.03
 --> Site =    3 .. Mmps =   16 Ndav =   1 E =    -88.4767966074 Error = 0.00e+00 FLOPS = 5.68e+08 Tdav = 0.00 T = 0.03
 --> Site =    4 .. Mmps =   29 Ndav =   1 E =    -88.4767966074 Error = 0.00e+00 FLOPS = 1.21e+09 Tdav = 0.00 T = 0.03
 --> Site =    5 .. Mmps =   41 Ndav =   4 E =    -88.4767966083 Error = 0.00e+00 FLOPS = 3.85e+09 Tdav = 0.00 T = 0.04
 --> Site =    6 .. Mmps =   53 Ndav =  14 E =    -88.4767968124 Error = 0.00e+00 FLOPS = 7.33e+09 Tdav = 0.00 T = 0.04
 --> Site =    7 .. Mmps =   67 Ndav =  13 E =    -88.4767972040 Error = 0.00e+00 FLOPS = 9.80e+09 Tdav = 0.00 T = 0.05
 --> Site =    8 .. Mmps =   79 Ndav =  16 E =    -88.4767980985 Error = 0.00e+00 FLOPS = 1.06e+10 Tdav = 0.01 T = 0.06
 --> Site =    9 .. Mmps =   90 Ndav =  18 E =    -88.4768003371 Error = 0.00e+00 FLOPS = 8.84e+09 Tdav = 0.02 T = 0.09
 --> Site =   10 .. Mmps =  101 Ndav =  19 E =    -88.4768293735 Error = 0.00e+00 FLOPS = 1.13e+10 Tdav = 0.02 T = 0.10
 --> Site =   11 .. Mmps =  113 Ndav =  28 E =    -88.4768989873 Error = 0.00e+00 FLOPS = 7.14e+09 Tdav = 0.06 T = 0.16
 --> Site =   12 .. Mmps =  125 Ndav =  24 E =    -88.4771635425 Error = 0.00e+00 FLOPS = 1.10e+10 Tdav = 0.05 T = 0.19
 --> Site =   13 .. Mmps =  135 Ndav =  32 E =    -88.4784258682 Error = 0.00e+00 FLOPS = 7.76e+09 Tdav = 0.11 T = 0.27
 --> Site =   14 .. Mmps =  147 Ndav =  23 E =    -88.4788220890 Error = 0.00e+00 FLOPS = 1.04e+10 Tdav = 0.08 T = 0.29
 --> Site =   15 .. Mmps =  159 Ndav =  21 E =    -88.4790128766 Error = 0.00e+00 FLOPS = 1.13e+10 Tdav = 0.08 T = 0.29
 --> Site =   16 .. Mmps =  171 Ndav =  21 E =    -88.4793262564 Error = 0.00e+00 FLOPS = 1.08e+10 Tdav = 0.10 T = 0.37
 --> Site =   17 .. Mmps =  184 Ndav =  18 E =    -88.4795114091 Error = 0.00e+00 FLOPS = 1.40e+10 Tdav = 0.08 T = 0.42
 --> Site =   18 .. Mmps =  196 Ndav =  19 E =    -88.4797772433 Error = 0.00e+00 FLOPS = 1.43e+10 Tdav = 0.10 T = 0.50
 --> Site =   19 .. Mmps =  209 Ndav =  21 E =    -88.4799896649 Error = 0.00e+00 FLOPS = 1.22e+10 Tdav = 0.16 T = 0.66
 --> Site =   20 .. Mmps =  223 Ndav =  22 E =    -88.4802519131 Error = 0.00e+00 FLOPS = 1.30e+10 Tdav = 0.18 T = 0.81
 --> Site =   21 .. Mmps =  236 Ndav =  23 E =    -88.4805516209 Error = 0.00e+00 FLOPS = 1.67e+10 Tdav = 0.17 T = 0.92
 --> Site =   22 .. Mmps =  248 Ndav =  22 E =    -88.4808468344 Error = 0.00e+00 FLOPS = 1.56e+10 Tdav = 0.21 T = 1.12
 --> Site =   23 .. Mmps =  262 Ndav =  27 E =    -88.4814308476 Error = 0.00e+00 FLOPS = 1.27e+10 Tdav = 0.36 T = 1.45
 --> Site =   24 .. Mmps =  274 Ndav =  27 E =    -88.4827516120 Error = 0.00e+00 FLOPS = 1.31e+10 Tdav = 0.40 T = 1.77
 --> Site =   25 .. Mmps =  285 Ndav =  31 E =    -88.4832759207 Error = 0.00e+00 FLOPS = 1.24e+10 Tdav = 0.55 T = 2.14
 --> Site =   26 .. Mmps =  298 Ndav =  23 E =    -88.4833648464 Error = 0.00e+00 FLOPS = 1.48e+10 Tdav = 0.38 T = 2.19
 --> Site =   27 .. Mmps =  310 Ndav =  31 E =    -88.4836187367 Error = 0.00e+00 FLOPS = 1.31e+10 Tdav = 0.66 T = 2.71
 --> Site =   28 .. Mmps =  322 Ndav =  27 E =    -88.4847242688 Error = 0.00e+00 FLOPS = 1.40e+10 Tdav = 0.60 T = 3.01
 --> Site =   29 .. Mmps =  335 Ndav =  29 E =    -88.4854799255 Error = 0.00e+00 FLOPS = 1.59e+10 Tdav = 0.63 T = 3.40
 --> Site =   30 .. Mmps =  347 Ndav =  25 E =    -88.4865017471 Error = 0.00e+00 FLOPS = 1.69e+10 Tdav = 0.57 T = 3.65
 --> Site =   31 .. Mmps =  360 Ndav =  29 E =    -88.4867831783 Error = 0.00e+00 FLOPS = 1.63e+10 Tdav = 0.75 T = 4.20
 --> Site =   32 .. Mmps =  372 Ndav =  19 E =    -88.4868699704 Error = 0.00e+00 FLOPS = 1.94e+10 Tdav = 0.46 T = 4.35
 --> Site =   33 .. Mmps =  386 Ndav =  27 E =    -88.4869078371 Error = 0.00e+00 FLOPS = 1.79e+10 Tdav = 0.77 T = 5.17
 --> Site =   34 .. Mmps =  397 Ndav =  18 E =    -88.4869326593 Error = 0.00e+00 FLOPS = 1.73e+10 Tdav = 0.59 T = 5.91
 --> Site =   35 .. Mmps =  411 Ndav =  25 E =    -88.4869668885 Error = 0.00e+00 FLOPS = 1.82e+10 Tdav = 0.85 T = 6.31
 --> Site =   36 .. Mmps =  423 Ndav =  19 E =    -88.4869836188 Error = 0.00e+00 FLOPS = 1.74e+10 Tdav = 0.74 T = 7.18
 --> Site =   37 .. Mmps =  437 Ndav =  24 E =    -88.4870222304 Error = 0.00e+00 FLOPS = 1.79e+10 Tdav = 0.99 T = 8.41
 --> Site =   38 .. Mmps =  450 Ndav =  23 E =    -88.4870560341 Error = 0.00e+00 FLOPS = 1.85e+10 Tdav = 1.00 T = 9.06
 --> Site =   39 .. Mmps =  462 Ndav =  23 E =    -88.4870844432 Error = 0.00e+00 FLOPS = 1.64e+10 Tdav = 1.22 T = 10.20
 --> Site =   40 .. Mmps =  474 Ndav =  20 E =    -88.4871189575 Error = 0.00e+00 FLOPS = 1.76e+10 Tdav = 1.07 T = 11.07
 --> Site =   41 .. Mmps =  484 Ndav =  24 E =    -88.4871578255 Error = 0.00e+00 FLOPS = 1.82e+10 Tdav = 1.34 T = 12.29
 --> Site =   42 .. Mmps =  497 Ndav =  17 E =    -88.4872136718 Error = 0.00e+00 FLOPS = 1.92e+10 Tdav = 0.96 T = 12.52
 --> Site =   43 .. Mmps =  509 Ndav =  17 E =    -88.4872268444 Error = 0.00e+00 FLOPS = 1.93e+10 Tdav = 1.01 T = 13.46
 --> Site =   44 .. Mmps =  522 Ndav =  17 E =    -88.4872633649 Error = 0.00e+00 FLOPS = 1.86e+10 Tdav = 1.11 T = 14.62
 --> Site =   45 .. Mmps =  536 Ndav =  17 E =    -88.4872973608 Error = 0.00e+00 FLOPS = 1.63e+10 Tdav = 1.37 T = 17.02
 --> Site =   46 .. Mmps =  548 Ndav =  16 E =    -88.4873173119 Error = 0.00e+00 FLOPS = 1.55e+10 Tdav = 1.42 T = 18.06
 --> Site =   47 .. Mmps =  550 Ndav =  20 E =    -88.4873239680 Error = 1.53e-31 FLOPS = 1.80e+10 Tdav = 1.63 T = 19.59
 --> Site =   48 .. Mmps =  550 Ndav =  21 E =    -88.4873452397 Error = 7.25e-31 FLOPS = 1.86e+10 Tdav = 1.67 T = 19.57
 --> Site =   49 .. Mmps =  550 Ndav =  22 E =    -88.4873655398 Error = 3.10e-31 FLOPS = 1.83e+10 Tdav = 1.82 T = 19.83
 --> Site =   50 .. Mmps =  550 Ndav =  20 E =    -88.4874485670 Error = 6.65e-31 FLOPS = 1.75e+10 Tdav = 1.73 T = 20.44
 --> Site =   51 .. Mmps =  550 Ndav =  26 E =    -88.4875431353 Error = 1.08e-30 FLOPS = 1.91e+10 Tdav = 2.11 T = 21.20
 --> Site =   52 .. Mmps =  550 Ndav =  22 E =    -88.4875570663 Error = 3.38e-31 FLOPS = 1.91e+10 Tdav = 1.82 T = 20.98
 --> Site =   53 .. Mmps =  550 Ndav =  25 E =    -88.4875949360 Error = 4.51e-31 FLOPS = 1.95e+10 Tdav = 2.06 T = 21.74
 --> Site =   54 .. Mmps =  550 Ndav =  21 E =    -88.4876481162 Error = 3.62e-31 FLOPS = 1.77e+10 Tdav = 1.91 T = 22.96
 --> Site =   55 .. Mmps =  550 Ndav =  25 E =    -88.4877228799 Error = 3.86e-31 FLOPS = 1.60e+10 Tdav = 2.56 T = 24.08
 --> Site =   56 .. Mmps =  550 Ndav =  20 E =    -88.4877389571 Error = 1.46e-30 FLOPS = 1.68e+10 Tdav = 1.96 T = 23.35
 --> Site =   57 .. Mmps =  550 Ndav =  22 E =    -88.4877552288 Error = 2.66e-31 FLOPS = 1.93e+10 Tdav = 1.86 T = 23.13
 --> Site =   58 .. Mmps =  550 Ndav =  16 E =    -88.4877590547 Error = 7.59e-31 FLOPS = 1.97e+10 Tdav = 1.33 T = 22.81
 --> Site =   59 .. Mmps =  550 Ndav =  23 E =    -88.4877669296 Error = 3.17e-31 FLOPS = 1.95e+10 Tdav = 1.97 T = 23.87
 --> Site =   60 .. Mmps =  550 Ndav =  17 E =    -88.4877768345 Error = 4.96e-31 FLOPS = 2.04e+10 Tdav = 1.39 T = 22.98
 --> Site =   61 .. Mmps =  550 Ndav =  21 E =    -88.4878088956 Error = 4.14e-31 FLOPS = 1.75e+10 Tdav = 2.00 T = 23.81
 --> Site =   62 .. Mmps =  550 Ndav =  20 E =    -88.4878273130 Error = 3.76e-31 FLOPS = 1.84e+10 Tdav = 1.85 T = 24.86
 --> Site =   63 .. Mmps =  550 Ndav =  24 E =    -88.4878764841 Error = 7.05e-31 FLOPS = 1.88e+10 Tdav = 2.17 T = 25.78
 --> Site =   64 .. Mmps =  550 Ndav =  24 E =    -88.4879283386 Error = 6.54e-31 FLOPS = 1.93e+10 Tdav = 2.11 T = 24.55
 --> Site =   65 .. Mmps =  550 Ndav =  19 E =    -88.4879366812 Error = 2.65e-31 FLOPS = 1.92e+10 Tdav = 1.71 T = 25.19
 --> Site =   66 .. Mmps =  550 Ndav =  19 E =    -88.4879606342 Error = 8.91e-31 FLOPS = 1.72e+10 Tdav = 1.92 T = 26.17
 --> Site =   67 .. Mmps =  550 Ndav =  20 E =    -88.4879756682 Error = 6.11e-31 FLOPS = 2.03e+10 Tdav = 1.71 T = 24.78
 --> Site =   68 .. Mmps =  550 Ndav =  14 E =    -88.4879853872 Error = 1.37e-30 FLOPS = 1.97e+10 Tdav = 1.25 T = 24.83
 --> Site =   69 .. Mmps =  550 Ndav =  18 E =    -88.4880001233 Error = 5.46e-31 FLOPS = 1.78e+10 Tdav = 1.78 T = 26.28
 --> Site =   70 .. Mmps =  550 Ndav =  17 E =    -88.4880466375 Error = 1.20e-30 FLOPS = 1.81e+10 Tdav = 1.66 T = 26.98
 --> Site =   71 .. Mmps =  550 Ndav =  14 E =    -88.4880611385 Error = 3.67e-31 FLOPS = 2.01e+10 Tdav = 1.23 T = 25.88
 --> Site =   72 .. Mmps =  550 Ndav =  16 E =    -88.4880801256 Error = 1.21e-30 FLOPS = 1.91e+10 Tdav = 1.50 T = 25.93
 --> Site =   73 .. Mmps =  550 Ndav =  18 E =    -88.4880900470 Error = 1.94e-31 FLOPS = 1.76e+10 Tdav = 1.84 T = 27.45
 --> Site =   74 .. Mmps =  550 Ndav =  18 E =    -88.4881255247 Error = 1.30e-30 FLOPS = 2.04e+10 Tdav = 1.56 T = 26.15
 --> Site =   75 .. Mmps =  550 Ndav =  23 E =    -88.4881636721 Error = 4.28e-31 FLOPS = 2.00e+10 Tdav = 2.07 T = 26.26
 --> Site =   76 .. Mmps =  550 Ndav =  19 E =    -88.4882326860 Error = 2.16e-30 FLOPS = 1.77e+10 Tdav = 1.90 T = 27.11
 --> Site =   77 .. Mmps =  550 Ndav =  25 E =    -88.4883010573 Error = 1.96e-30 FLOPS = 1.90e+10 Tdav = 2.32 T = 27.41
 --> Site =   78 .. Mmps =  550 Ndav =  19 E =    -88.4883172203 Error = 5.87e-31 FLOPS = 2.04e+10 Tdav = 1.65 T = 25.70
 --> Site =   79 .. Mmps =  550 Ndav =  24 E =    -88.4883402163 Error = 4.79e-31 FLOPS = 1.90e+10 Tdav = 2.22 T = 26.81
 --> Site =   80 .. Mmps =  550 Ndav =  20 E =    -88.4883667446 Error = 5.93e-31 FLOPS = 1.71e+10 Tdav = 2.07 T = 27.06
 --> Site =   81 .. Mmps =  550 Ndav =  22 E =    -88.4883835837 Error = 5.07e-31 FLOPS = 1.93e+10 Tdav = 2.05 T = 26.52
 --> Site =   82 .. Mmps =  550 Ndav =  19 E =    -88.4883941660 Error = 8.45e-31 FLOPS = 1.76e+10 Tdav = 1.93 T = 26.66
 --> Site =   83 .. Mmps =  550 Ndav =  21 E =    -88.4884054045 Error = 4.48e-31 FLOPS = 1.86e+10 Tdav = 1.99 T = 27.32
 --> Site =   84 .. Mmps =  550 Ndav =  19 E =    -88.4884085489 Error = 1.15e-30 FLOPS = 1.96e+10 Tdav = 1.71 T = 26.98
 --> Site =   85 .. Mmps =  550 Ndav =  22 E =    -88.4884131370 Error = 9.64e-31 FLOPS = 1.79e+10 Tdav = 2.20 T = 26.64
 --> Site =   86 .. Mmps =  550 Ndav =  20 E =    -88.4884195217 Error = 1.47e-30 FLOPS = 1.74e+10 Tdav = 2.06 T = 27.47
 --> Site =   87 .. Mmps =  550 Ndav =  23 E =    -88.4884287392 Error = 6.27e-31 FLOPS = 1.96e+10 Tdav = 2.07 T = 27.24
 --> Site =   88 .. Mmps =  550 Ndav =  19 E =    -88.4884414588 Error = 4.81e-31 FLOPS = 2.02e+10 Tdav = 1.66 T = 25.49
 --> Site =   89 .. Mmps =  550 Ndav =  23 E =    -88.4884683088 Error = 1.70e-31 FLOPS = 1.88e+10 Tdav = 2.16 T = 26.54
 --> Site =   90 .. Mmps =  550 Ndav =  24 E =    -88.4885080756 Error = 3.14e-31 FLOPS = 1.61e+10 Tdav = 2.62 T = 27.63
 --> Site =   91 .. Mmps =  550 Ndav =  20 E =    -88.4885233874 Error = 3.50e-31 FLOPS = 1.97e+10 Tdav = 1.79 T = 26.82
 --> Site =   92 .. Mmps =  550 Ndav =  21 E =    -88.4885519702 Error = 3.97e-31 FLOPS = 1.94e+10 Tdav = 1.87 T = 25.89
 --> Site =   93 .. Mmps =  550 Ndav =  20 E =    -88.4885634532 Error = 4.20e-31 FLOPS = 1.89e+10 Tdav = 1.87 T = 26.12
 --> Site =   94 .. Mmps =  550 Ndav =  15 E =    -88.4885768947 Error = 1.95e-30 FLOPS = 2.00e+10 Tdav = 1.34 T = 26.41
 --> Site =   95 .. Mmps =  550 Ndav =  17 E =    -88.4885835919 Error = 4.37e-31 FLOPS = 2.04e+10 Tdav = 1.49 T = 26.41
 --> Site =   96 .. Mmps =  550 Ndav =  15 E =    -88.4886061335 Error = 4.11e-31 FLOPS = 1.92e+10 Tdav = 1.37 T = 26.15
 --> Site =   97 .. Mmps =  550 Ndav =  15 E =    -88.4886150416 Error = 2.13e-31 FLOPS = 1.64e+10 Tdav = 1.58 T = 26.39
 --> Site =   98 .. Mmps =  550 Ndav =  16 E =    -88.4886270491 Error = 5.74e-31 FLOPS = 2.06e+10 Tdav = 1.37 T = 25.69
 --> Site =   99 .. Mmps =  550 Ndav =  18 E =    -88.4886351536 Error = 1.70e-31 FLOPS = 1.94e+10 Tdav = 1.63 T = 25.96
 --> Site =  100 .. Mmps =  550 Ndav =  19 E =    -88.4886564453 Error = 7.76e-31 FLOPS = 1.91e+10 Tdav = 1.72 T = 25.96
 --> Site =  101 .. Mmps =  550 Ndav =  23 E =    -88.4886820503 Error = 5.04e-31 FLOPS = 1.99e+10 Tdav = 2.00 T = 25.95
 --> Site =  102 .. Mmps =  550 Ndav =  18 E =    -88.4887083576 Error = 1.05e-30 FLOPS = 2.03e+10 Tdav = 1.54 T = 24.77
 --> Site =  103 .. Mmps =  550 Ndav =  25 E =    -88.4887547135 Error = 9.37e-31 FLOPS = 1.87e+10 Tdav = 2.28 T = 25.30
 --> Site =  104 .. Mmps =  550 Ndav =  20 E =    -88.4887667308 Error = 3.86e-31 FLOPS = 1.64e+10 Tdav = 2.03 T = 25.11
 --> Site =  105 .. Mmps =  550 Ndav =  24 E =    -88.4887910553 Error = 5.05e-31 FLOPS = 1.94e+10 Tdav = 2.06 T = 24.69
 --> Site =  106 .. Mmps =  550 Ndav =  20 E =    -88.4888374197 Error = 2.96e-31 FLOPS = 2.04e+10 Tdav = 1.64 T = 23.11
 --> Site =  107 .. Mmps =  550 Ndav =  22 E =    -88.4888626575 Error = 2.92e-31 FLOPS = 2.01e+10 Tdav = 1.83 T = 22.09
 --> Site =  108 .. Mmps =  550 Ndav =  16 E =    -88.4888662003 Error = 5.78e-31 FLOPS = 2.04e+10 Tdav = 1.31 T = 21.52
 --> Site =  109 .. Mmps =  550 Ndav =  23 E =    -88.4888761462 Error = 2.47e-31 FLOPS = 1.94e+10 Tdav = 1.94 T = 22.11
 --> Site =  110 .. Mmps =  550 Ndav =  18 E =    -88.4888796371 Error = 3.93e-31 FLOPS = 2.10e+10 Tdav = 1.40 T = 20.90
 --> Site =  111 .. Mmps =  550 Ndav =  20 E =    -88.4888835444 Error = 3.39e-31 FLOPS = 2.06e+10 Tdav = 1.59 T = 21.14
 --> Site =  112 .. Mmps =  550 Ndav =  18 E =    -88.4888904223 Error = 1.27e-30 FLOPS = 2.13e+10 Tdav = 1.39 T = 20.91
 --> Site =  113 .. Mmps =  550 Ndav =  21 E =    -88.4888994472 Error = 5.30e-31 FLOPS = 1.91e+10 Tdav = 1.76 T = 21.24
 --> Site =  114 .. Mmps =  550 Ndav =  18 E =    -88.4889233224 Error = 1.15e-30 FLOPS = 2.01e+10 Tdav = 1.44 T = 20.49
 --> Site =  115 .. Mmps =  550 Ndav =  24 E =    -88.4889783282 Error = 9.31e-31 FLOPS = 1.99e+10 Tdav = 1.91 T = 20.53
 --> Site =  116 .. Mmps =  550 Ndav =  21 E =    -88.4890126502 Error = 7.98e-31 FLOPS = 2.00e+10 Tdav = 1.63 T = 19.54
 --> Site =  117 .. Mmps =  550 Ndav =  22 E =    -88.4890261736 Error = 1.85e-31 FLOPS = 2.05e+10 Tdav = 1.63 T = 18.86
 --> Site =  118 .. Mmps =  550 Ndav =  19 E =    -88.4890423655 Error = 2.44e-31 FLOPS = 2.00e+10 Tdav = 1.44 T = 18.39
 --> Site =  119 .. Mmps =  550 Ndav =  19 E =    -88.4890538671 Error = 3.02e-31 FLOPS = 1.98e+10 Tdav = 1.43 T = 18.13
 --> Site =  120 .. Mmps =  550 Ndav =  15 E =    -88.4890670400 Error = 9.22e-31 FLOPS = 2.01e+10 Tdav = 1.11 T = 17.36
 --> Site =  121 .. Mmps =  550 Ndav =  15 E =    -88.4890717500 Error = 1.81e-31 FLOPS = 2.15e+10 Tdav = 1.01 T = 17.02
 --> Site =  122 .. Mmps =  550 Ndav =  17 E =    -88.4891173590 Error = 1.71e-30 FLOPS = 2.08e+10 Tdav = 1.16 T = 16.50
 --> Site =  123 .. Mmps =  550 Ndav =  14 E =    -88.4891225141 Error = 3.57e-31 FLOPS = 1.99e+10 Tdav = 1.00 T = 16.11
 --> Site =  124 .. Mmps =  550 Ndav =  15 E =    -88.4891420975 Error = 1.23e-30 FLOPS = 1.97e+10 Tdav = 1.06 T = 16.06
 --> Site =  125 .. Mmps =  550 Ndav =  18 E =    -88.4891590826 Error = 5.49e-31 FLOPS = 1.94e+10 Tdav = 1.29 T = 16.19
 --> Site =  126 .. Mmps =  550 Ndav =  18 E =    -88.4892009949 Error = 1.55e-30 FLOPS = 1.93e+10 Tdav = 1.27 T = 15.65
 --> Site =  127 .. Mmps =  550 Ndav =  25 E =    -88.4892576097 Error = 7.25e-31 FLOPS = 1.90e+10 Tdav = 1.75 T = 15.54
 --> Site =  128 .. Mmps =  550 Ndav =  20 E =    -88.4894178087 Error = 9.79e-31 FLOPS = 1.94e+10 Tdav = 1.34 T = 14.57
 --> Site =  129 .. Mmps =  550 Ndav =  30 E =    -88.4897335668 Error = 1.54e-30 FLOPS = 1.83e+10 Tdav = 2.07 T = 14.75
 --> Site =  130 .. Mmps =  550 Ndav =  22 E =    -88.4897829329 Error = 5.32e-31 FLOPS = 1.92e+10 Tdav = 1.42 T = 13.34
 --> Site =  131 .. Mmps =  550 Ndav =  24 E =    -88.4898213769 Error = 4.44e-31 FLOPS = 1.92e+10 Tdav = 1.51 T = 12.96
 --> Site =  132 .. Mmps =  550 Ndav =  20 E =    -88.4898910060 Error = 9.60e-31 FLOPS = 2.02e+10 Tdav = 1.16 T = 12.05
 --> Site =  133 .. Mmps =  550 Ndav =  25 E =    -88.4899542699 Error = 4.58e-31 FLOPS = 1.88e+10 Tdav = 1.52 T = 12.04
 --> Site =  134 .. Mmps =  550 Ndav =  16 E =    -88.4899755416 Error = 8.11e-31 FLOPS = 1.94e+10 Tdav = 0.92 T = 10.90
 --> Site =  135 .. Mmps =  550 Ndav =  24 E =    -88.4899990149 Error = 3.34e-31 FLOPS = 1.87e+10 Tdav = 1.39 T = 10.99
 --> Site =  136 .. Mmps =  550 Ndav =  17 E =    -88.4900141373 Error = 4.79e-31 FLOPS = 1.93e+10 Tdav = 0.93 T = 10.04
 --> Site =  137 .. Mmps =  550 Ndav =  28 E =    -88.4900735838 Error = 4.38e-31 FLOPS = 1.81e+10 Tdav = 1.58 T = 10.23
 --> Site =  138 .. Mmps =  550 Ndav =  21 E =    -88.4901389645 Error = 2.13e-30 FLOPS = 1.87e+10 Tdav = 1.11 T = 9.29
 --> Site =  139 .. Mmps =  550 Ndav =  26 E =    -88.4901937191 Error = 1.48e-30 FLOPS = 1.82e+10 Tdav = 1.37 T = 9.18
 --> Site =  140 .. Mmps =  550 Ndav =  24 E =    -88.4902885207 Error = 1.22e-30 FLOPS = 1.82e+10 Tdav = 1.22 T = 8.64
 --> Site =  141 .. Mmps =  550 Ndav =  30 E =    -88.4906782917 Error = 8.25e-31 FLOPS = 1.71e+10 Tdav = 1.57 T = 8.56
 --> Site =  142 .. Mmps =  550 Ndav =  22 E =    -88.4907607130 Error = 9.72e-31 FLOPS = 1.81e+10 Tdav = 1.05 T = 7.73
 --> Site =  143 .. Mmps =  550 Ndav =  24 E =    -88.4908208744 Error = 3.17e-31 FLOPS = 1.78e+10 Tdav = 1.13 T = 7.37
 --> Site =  144 .. Mmps =  550 Ndav =  22 E =    -88.4910095024 Error = 7.74e-31 FLOPS = 1.80e+10 Tdav = 0.98 T = 6.82
 --> Site =  145 .. Mmps =  550 Ndav =  26 E =    -88.4912195518 Error = 1.26e-30 FLOPS = 1.83e+10 Tdav = 1.10 T = 6.41
 --> Site =  146 .. Mmps =  550 Ndav =  19 E =    -88.4912689302 Error = 1.02e-30 FLOPS = 1.99e+10 Tdav = 0.71 T = 5.69
 --> Site =  147 .. Mmps =  550 Ndav =  20 E =    -88.4913186095 Error = 1.48e-30 FLOPS = 1.80e+10 Tdav = 0.79 T = 5.60
 --> Site =  148 .. Mmps =  550 Ndav =  18 E =    -88.4913448929 Error = 1.93e-30 FLOPS = 1.96e+10 Tdav = 0.63 T = 4.93
 --> Site =  149 .. Mmps =  550 Ndav =  19 E =    -88.4913658761 Error = 8.47e-31 FLOPS = 1.94e+10 Tdav = 0.64 T = 4.68
 --> Site =  150 .. Mmps =  550 Ndav =  16 E =    -88.4914014683 Error = 1.90e-30 FLOPS = 1.97e+10 Tdav = 0.50 T = 4.20
 --> Site =  151 .. Mmps =  550 Ndav =  19 E =    -88.4914645542 Error = 1.30e-30 FLOPS = 1.91e+10 Tdav = 0.58 T = 3.99
 --> Site =  152 .. Mmps =  550 Ndav =  18 E =    -88.4915682379 Error = 1.31e-30 FLOPS = 1.91e+10 Tdav = 0.53 T = 3.79
 --> Site =  153 .. Mmps =  550 Ndav =  21 E =    -88.4917029069 Error = 9.76e-31 FLOPS = 1.81e+10 Tdav = 0.61 T = 3.57
 --> Site =  154 .. Mmps =  550 Ndav =  21 E =    -88.4918456929 Error = 1.79e-30 FLOPS = 1.76e+10 Tdav = 0.59 T = 3.31
 --> Site =  155 .. Mmps =  550 Ndav =  34 E =    -88.4929789815 Error = 8.24e-30 FLOPS = 1.44e+10 Tdav = 1.10 T = 3.54
 --> Site =  156 .. Mmps =  550 Ndav =  25 E =    -88.4939848372 Error = 1.77e-29 FLOPS = 1.64e+10 Tdav = 0.66 T = 2.83
 --> Site =  157 .. Mmps =  550 Ndav =  33 E =    -88.4945974456 Error = 1.99e-29 FLOPS = 1.37e+10 Tdav = 0.97 T = 2.95
 --> Site =  158 .. Mmps =  550 Ndav =  23 E =    -88.4947724473 Error = 9.01e-30 FLOPS = 1.65e+10 Tdav = 0.52 T = 2.34
 --> Site =  159 .. Mmps =  550 Ndav =  26 E =    -88.4949119293 Error = 5.81e-30 FLOPS = 1.53e+10 Tdav = 0.58 T = 2.23
 --> Site =  160 .. Mmps =  550 Ndav =  25 E =    -88.4949986391 Error = 2.24e-30 FLOPS = 1.50e+10 Tdav = 0.52 T = 1.95
 --> Site =  161 .. Mmps =  550 Ndav =  23 E =    -88.4950525128 Error = 1.67e-30 FLOPS = 1.54e+10 Tdav = 0.41 T = 1.69
 --> Site =  162 .. Mmps =  550 Ndav =  28 E =    -88.4950969190 Error = 2.30e-31 FLOPS = 1.31e+10 Tdav = 0.53 T = 1.76
 --> Site =  163 .. Mmps =  550 Ndav =  18 E =    -88.4950996235 Error = 3.81e-33 FLOPS = 1.65e+10 Tdav = 0.24 T = 1.22
 --> Site =  164 .. Mmps =  550 Ndav =   6 E =    -88.4950996421 Error = 6.61e-36 FLOPS = 1.98e+10 Tdav = 0.04 T = 0.92
 --> Site =  165 .. Mmps =  550 Ndav =   1 E =    -88.4950996421 Error = 4.68e-59 FLOPS = 9.22e+09 Tdav = 0.01 T = 0.75
 --> Site =  166 .. Mmps =  550 Ndav =   1 E =    -88.4950996421 Error = 1.03e-81 FLOPS = 5.08e+09 Tdav = 0.00 T = 0.65
 --> Site =  167 .. Mmps =  550 Ndav =   1 E =    -88.4950996421 Error = 6.03e-106 FLOPS = 3.03e+09 Tdav = 0.00 T = 0.68
 --> Site =  168 .. Mmps =  550 Ndav =   1 E =    -88.4950996421 Error = 2.30e-133 FLOPS = 3.23e+09 Tdav = 0.00 T = 0.46
Time elapsed =   2665.488 | E =     -88.4950996421 | DE = -1.83e-02 | DW = 1.98896e-29
Time sweep =     2337.293 | 3.32 TFLOP/SWP
 | Dmem = 136 MB (0%) | Imem = 232 B (79%) | Hmem = 536 MB | Wmem = 215 KB | Pmem = 215 KB
 | Tread = 75.455 | Twrite = 28.786 | Tfpread = 74.207 | Tfpwrite = 18.791 | Tmporead = 0.000 | Tasync = 0.000
 | data = 13.4 GB | cpsd = 9.73 GB
 | Trot = 138.188 | Tctr = 1.116 | Tint = 0.027 | Tmid = 0.000 | Tdctr = 75.031 | Tdiag = 0.884 | Tinfo = 2.292
 | Teff = 1919.222 | Tprt = 8.589 | Teig = 196.492 | Tblk = 2166.265 | Tmve = 171.016 | Tdm = 0.614 | Tsplt = 33.754 | Tsvd = 0.000 | Torth = 0.000

Sweep =    7 | Direction = backward | Bond dimension =  550 | Noise =  1.00e-05 | Dav threshold =  1.00e-10
 <-- Site =  168 .. Mmps =    2 Ndav =   1 E =    -88.4950996421 Error = 0.00e+00 FLOPS = 2.31e+09 Tdav = 0.00 T = 0.03
 <-- Site =  167 .. Mmps =    4 Ndav =   1 E =    -88.4950996421 Error = 0.00e+00 FLOPS = 3.33e+09 Tdav = 0.00 T = 0.12
 <-- Site =  166 .. Mmps =    8 Ndav =   1 E =    -88.4950996421 Error = 0.00e+00 FLOPS = 5.17e+09 Tdav = 0.00 T = 0.18
 <-- Site =  165 .. Mmps =   16 Ndav =   1 E =    -88.4950996421 Error = 0.00e+00 FLOPS = 9.56e+09 Tdav = 0.01 T = 0.22
 <-- Site =  164 .. Mmps =   32 Ndav =   1 E =    -88.4950996421 Error = 0.00e+00 FLOPS = 1.57e+10 Tdav = 0.01 T = 0.29
 <-- Site =  163 .. Mmps =   64 Ndav =   3 E =    -88.4950996422 Error = 0.00e+00 FLOPS = 2.44e+10 Tdav = 0.03 T = 0.41
 <-- Site =  162 .. Mmps =  128 Ndav =   9 E =    -88.4950996494 Error = 0.00e+00 FLOPS = 2.89e+10 Tdav = 0.20 T = 0.68
 <-- Site =  161 .. Mmps =  256 Ndav =  17 E =    -88.4951001341 Error = 0.00e+00 FLOPS = 2.20e+10 Tdav = 1.20 T = 1.84
 <-- Site =  160 .. Mmps =  511 Ndav =  22 E =    -88.4951042310 Error = 0.00e+00 FLOPS = 1.97e+10 Tdav = 4.26 T = 5.11
 <-- Site =  159 .. Mmps =  550 Ndav =  26 E =    -88.4951087192 Error = 3.91e-25 FLOPS = 1.87e+10 Tdav = 13.87 T = 15.25
 <-- Site =  158 .. Mmps =  550 Ndav =  24 E =    -88.4951181123 Error = 1.08e-22 FLOPS = 2.19e+10 Tdav = 13.15 T = 15.13
 <-- Site =  157 .. Mmps =  550 Ndav =  30 E =    -88.4951560377 Error = 7.86e-22 FLOPS = 1.81e+10 Tdav = 21.52 T = 23.76
 <-- Site =  156 .. Mmps =  550 Ndav =  30 E =    -88.4953615706 Error = 1.23e-19 FLOPS = 1.90e+10 Tdav = 22.06 T = 24.49
 <-- Site =  155 .. Mmps =  550 Ndav =  38 E =    -88.4962338665 Error = 2.23e-19 FLOPS = 1.51e+10 Tdav = 37.69 T = 40.34
 <-- Site =  154 .. Mmps =  550 Ndav =  33 E =    -88.4973120689 Error = 2.30e-19 FLOPS = 1.86e+10 Tdav = 28.28 T = 31.19
 <-- Site =  153 .. Mmps =  550 Ndav =  31 E =    -88.4984115344 Error = 5.48e-20 FLOPS = 2.07e+10 Tdav = 25.42 T = 28.58
 <-- Site =  152 .. Mmps =  550 Ndav =  30 E =    -88.4992730921 Error = 8.80e-20 FLOPS = 2.20e+10 Tdav = 24.49 T = 28.05
 <-- Site =  151 .. Mmps =  550 Ndav =  37 E =    -88.5003355317 Error = 5.19e-20 FLOPS = 1.82e+10 Tdav = 38.46 T = 42.29
 <-- Site =  150 .. Mmps =  550 Ndav =  34 E =    -88.5022948946 Error = 6.94e-20 FLOPS = 2.06e+10 Tdav = 32.92 T = 37.11
 <-- Site =  149 .. Mmps =  550 Ndav =  38 E =    -88.5038304880 Error = 3.08e-20 FLOPS = 1.88e+10 Tdav = 42.28 T = 46.72
 <-- Site =  148 .. Mmps =  550 Ndav =  34 E =    -88.5055824409 Error = 2.92e-20 FLOPS = 2.18e+10 Tdav = 34.27 T = 39.08
 <-- Site =  147 .. Mmps =  550 Ndav =  39 E =    -88.5072833556 Error = 1.83e-20 FLOPS = 1.94e+10 Tdav = 46.27 T = 51.52
 <-- Site =  146 .. Mmps =  550 Ndav =  32 E =    -88.5080998259 Error = 2.30e-20 FLOPS = 2.41e+10 Tdav = 31.78 T = 37.43
 <-- Site =  145 .. Mmps =  550 Ndav =  40 E =    -88.5093056543 Error = 2.96e-20 FLOPS = 1.96e+10 Tdav = 50.95 T = 56.94
 <-- Site =  144 .. Mmps =  550 Ndav =  34 E =    -88.5106728910 Error = 5.13e-20 FLOPS = 2.37e+10 Tdav = 37.18 T = 43.45
 <-- Site =  143 .. Mmps =  550 Ndav =  39 E =    -88.5115373584 Error = 1.48e-19 FLOPS = 2.11e+10 Tdav = 49.89 T = 56.51
 <-- Site =  142 .. Mmps =  550 Ndav =  34 E =    -88.5117996030 Error = 1.15e-19 FLOPS = 2.45e+10 Tdav = 38.72 T = 45.83
 <-- Site =  141 .. Mmps =  550 Ndav =  35 E =    -88.5128069059 Error = 6.79e-20 FLOPS = 2.45e+10 Tdav = 41.42 T = 48.97
 <-- Site =  140 .. Mmps =  550 Ndav =  36 E =    -88.5136891149 Error = 1.40e-19 FLOPS = 2.42e+10 Tdav = 44.55 T = 52.60
 <-- Site =  139 .. Mmps =  550 Ndav =  36 E =    -88.5154710446 Error = 6.03e-20 FLOPS = 2.47e+10 Tdav = 45.19 T = 53.48
 <-- Site =  138 .. Mmps =  550 Ndav =  36 E =    -88.5164034234 Error = 9.28e-20 FLOPS = 2.50e+10 Tdav = 45.94 T = 54.64
 <-- Site =  137 .. Mmps =  550 Ndav =  43 E =    -88.5182278852 Error = 2.69e-20 FLOPS = 2.15e+10 Tdav = 65.90 T = 75.49
 <-- Site =  136 .. Mmps =  550 Ndav =  40 E =    -88.5191151007 Error = 7.17e-20 FLOPS = 2.33e+10 Tdav = 58.39 T = 68.31
 <-- Site =  135 .. Mmps =  550 Ndav =  48 E =    -88.5210578030 Error = 3.03e-20 FLOPS = 1.95e+10 Tdav = 85.96 T = 96.39
 <-- Site =  134 .. Mmps =  550 Ndav =  40 E =    -88.5221362786 Error = 5.53e-20 FLOPS = 2.34e+10 Tdav = 61.55 T = 73.14
 <-- Site =  133 .. Mmps =  550 Ndav =  51 E =    -88.5254201620 Error = 3.98e-20 FLOPS = 1.92e+10 Tdav = 98.27 T = 110.21
 <-- Site =  132 .. Mmps =  550 Ndav =  36 E =    -88.5258323717 Error = 5.79e-20 FLOPS = 2.63e+10 Tdav = 51.91 T = 64.54
 <-- Site =  131 .. Mmps =  550 Ndav =  45 E =    -88.5263326817 Error = 3.43e-20 FLOPS = 2.19e+10 Tdav = 79.91 T = 93.08
 <-- Site =  130 .. Mmps =  550 Ndav =  36 E =    -88.5265367586 Error = 9.07e-20 FLOPS = 2.69e+10 Tdav = 53.37 T = 66.92
 <-- Site =  129 .. Mmps =  550 Ndav =  34 E =    -88.5266519797 Error = 4.78e-20 FLOPS = 2.84e+10 Tdav = 49.08 T = 63.29
 <-- Site =  128 .. Mmps =  550 Ndav =  30 E =    -88.5268305103 Error = 4.63e-20 FLOPS = 3.10e+10 Tdav = 40.57 T = 55.47
 <-- Site =  127 .. Mmps =  550 Ndav =  35 E =    -88.5270167301 Error = 3.26e-20 FLOPS = 2.83e+10 Tdav = 53.08 T = 68.51
 <-- Site =  126 .. Mmps =  550 Ndav =  30 E =    -88.5272103450 Error = 2.19e-20 FLOPS = 3.15e+10 Tdav = 41.86 T = 58.15
 <-- Site =  125 .. Mmps =  550 Ndav =  29 E =    -88.5273540439 Error = 1.52e-20 FLOPS = 3.21e+10 Tdav = 40.58 T = 57.20
 <-- Site =  124 .. Mmps =  550 Ndav =  32 E =    -88.5276408185 Error = 1.23e-20 FLOPS = 3.04e+10 Tdav = 47.24 T = 64.02
 <-- Site =  123 .. Mmps =  550 Ndav =  36 E =    -88.5279724435 Error = 1.09e-20 FLOPS = 2.84e+10 Tdav = 58.26 T = 75.38
 <-- Site =  122 .. Mmps =  550 Ndav =  31 E =    -88.5283160805 Error = 9.19e-21 FLOPS = 3.12e+10 Tdav = 45.68 T = 63.34
 <-- Site =  121 .. Mmps =  550 Ndav =  35 E =    -88.5287364313 Error = 8.53e-21 FLOPS = 2.91e+10 Tdav = 56.42 T = 74.72
 <-- Site =  120 .. Mmps =  550 Ndav =  32 E =    -88.5290650184 Error = 7.94e-21 FLOPS = 3.10e+10 Tdav = 49.43 T = 68.13
 <-- Site =  119 .. Mmps =  550 Ndav =  33 E =    -88.5293202804 Error = 6.27e-21 FLOPS = 3.05e+10 Tdav = 51.88 T = 70.69
 <-- Site =  118 .. Mmps =  550 Ndav =  30 E =    -88.5295304674 Error = 8.71e-21 FLOPS = 3.24e+10 Tdav = 45.25 T = 64.60
 <-- Site =  117 .. Mmps =  550 Ndav =  34 E =    -88.5297575768 Error = 3.41e-20 FLOPS = 3.01e+10 Tdav = 55.17 T = 74.85
 <-- Site =  116 .. Mmps =  550 Ndav =  28 E =    -88.5297920208 Error = 2.45e-20 FLOPS = 3.37e+10 Tdav = 41.43 T = 61.75
 <-- Site =  115 .. Mmps =  550 Ndav =  30 E =    -88.5299463267 Error = 3.00e-20 FLOPS = 3.28e+10 Tdav = 46.52 T = 67.55
 <-- Site =  114 .. Mmps =  550 Ndav =  33 E =    -88.5302123142 Error = 6.00e-20 FLOPS = 3.13e+10 Tdav = 54.71 T = 76.42
 <-- Site =  113 .. Mmps =  550 Ndav =  31 E =    -88.5304970803 Error = 2.49e-20 FLOPS = 3.24e+10 Tdav = 49.66 T = 71.76
 <-- Site =  112 .. Mmps =  550 Ndav =  32 E =    -88.5307231019 Error = 3.62e-20 FLOPS = 3.21e+10 Tdav = 52.81 T = 74.93
 <-- Site =  111 .. Mmps =  550 Ndav =  38 E =    -88.5314697722 Error = 1.01e-20 FLOPS = 2.89e+10 Tdav = 69.67 T = 91.99
 <-- Site =  110 .. Mmps =  550 Ndav =  39 E =    -88.5317437945 Error = 2.12e-20 FLOPS = 2.83e+10 Tdav = 72.83 T = 95.38
 <-- Site =  109 .. Mmps =  550 Ndav =  87 E =    -88.7107719684 Error = 1.05e-17 FLOPS = 2.49e+10 Tdav = 185.11 T = 207.68
 <-- Site =  108 .. Mmps =  550 Ndav =  49 E =    -88.8899831035 Error = 6.49e-21 FLOPS = 2.38e+10 Tdav = 111.17 T = 134.15
 <-- Site =  107 .. Mmps =  550 Ndav =  40 E =    -88.9385370258 Error = 2.24e-20 FLOPS = 2.80e+10 Tdav = 77.01 T = 100.32
 <-- Site =  106 .. Mmps =  550 Ndav =  33 E =    -88.9524701750 Error = 4.33e-21 FLOPS = 3.17e+10 Tdav = 56.07 T = 79.10
 <-- Site =  105 .. Mmps =  550 Ndav =  36 E =    -88.9707967520 Error = 3.35e-20 FLOPS = 3.01e+10 Tdav = 64.54 T = 87.72
 <-- Site =  104 .. Mmps =  550 Ndav =  44 E =    -88.9774051536 Error = 2.76e-20 FLOPS = 2.60e+10 Tdav = 91.10 T = 114.49
 <-- Site =  103 .. Mmps =  550 Ndav =  32 E =    -88.9804338997 Error = 2.47e-20 FLOPS = 3.25e+10 Tdav = 54.05 T = 78.24
 <-- Site =  102 .. Mmps =  550 Ndav =  33 E =    -88.9848499915 Error = 1.85e-20 FLOPS = 3.22e+10 Tdav = 57.25 T = 81.84
 <-- Site =  101 .. Mmps =  550 Ndav =  28 E =    -88.9941296195 Error = 6.38e-21 FLOPS = 3.49e+10 Tdav = 44.90 T = 69.62
 <-- Site =  100 .. Mmps =  550 Ndav =  31 E =    -89.0063828866 Error = 2.65e-21 FLOPS = 3.33e+10 Tdav = 52.08 T = 77.28
 <-- Site =   99 .. Mmps =  550 Ndav =  32 E =    -89.0156390000 Error = 2.04e-21 FLOPS = 3.30e+10 Tdav = 55.16 T = 80.77
 <-- Site =   98 .. Mmps =  550 Ndav =  34 E =    -89.0258682581 Error = 2.30e-21 FLOPS = 3.19e+10 Tdav = 60.59 T = 85.73
 <-- Site =   97 .. Mmps =  550 Ndav =  35 E =    -89.0387973876 Error = 2.38e-21 FLOPS = 3.12e+10 Tdav = 62.69 T = 87.58
 <-- Site =   96 .. Mmps =  550 Ndav =  27 E =    -89.0572759255 Error = 1.39e-21 FLOPS = 3.57e+10 Tdav = 42.98 T = 68.70
 <-- Site =   95 .. Mmps =  550 Ndav =  29 E =    -89.0608001212 Error = 1.60e-21 FLOPS = 3.48e+10 Tdav = 48.30 T = 74.45
 <-- Site =   94 .. Mmps =  550 Ndav =  34 E =    -89.0668386374 Error = 2.45e-21 FLOPS = 3.21e+10 Tdav = 61.34 T = 87.08
 <-- Site =   93 .. Mmps =  550 Ndav =  33 E =    -89.0679259973 Error = 3.03e-21 FLOPS = 3.25e+10 Tdav = 57.82 T = 82.69
 <-- Site =   92 .. Mmps =  550 Ndav =  37 E =    -89.0686514888 Error = 4.70e-21 FLOPS = 3.01e+10 Tdav = 68.61 T = 93.45
 <-- Site =   91 .. Mmps =  550 Ndav =  30 E =    -89.0692597659 Error = 7.50e-21 FLOPS = 3.41e+10 Tdav = 50.12 T = 75.43
 <-- Site =   90 .. Mmps =  550 Ndav =  33 E =    -89.0693936907 Error = 8.01e-21 FLOPS = 3.25e+10 Tdav = 57.81 T = 83.37
 <-- Site =   89 .. Mmps =  550 Ndav =  33 E =    -89.0695730178 Error = 8.39e-21 FLOPS = 3.24e+10 Tdav = 57.96 T = 83.23
 <-- Site =   88 .. Mmps =  550 Ndav =  29 E =    -89.0697652384 Error = 1.94e-20 FLOPS = 3.47e+10 Tdav = 47.57 T = 72.91
 <-- Site =   87 .. Mmps =  550 Ndav =  30 E =    -89.0700047640 Error = 1.06e-20 FLOPS = 3.42e+10 Tdav = 49.92 T = 75.72
 <-- Site =   86 .. Mmps =  550 Ndav =  29 E =    -89.0701753969 Error = 1.75e-20 FLOPS = 3.48e+10 Tdav = 48.21 T = 74.38
 <-- Site =   85 .. Mmps =  550 Ndav =  30 E =    -89.0704668531 Error = 3.27e-21 FLOPS = 3.43e+10 Tdav = 50.61 T = 76.43
 <-- Site =   84 .. Mmps =  550 Ndav =  35 E =    -89.0708216364 Error = 1.37e-20 FLOPS = 3.15e+10 Tdav = 63.32 T = 88.61
 <-- Site =   83 .. Mmps =  550 Ndav =  51 E =    -89.0713249615 Error = 6.53e-21 FLOPS = 2.43e+10 Tdav = 119.18 T = 144.83
 <-- Site =   82 .. Mmps =  550 Ndav =  73 E =    -89.0720041313 Error = 5.26e-18 FLOPS = 2.72e+10 Tdav = 155.62 T = 181.75
 <-- Site =   81 .. Mmps =  550 Ndav =  60 E =    -89.1322272536 Error = 2.75e-19 FLOPS = 2.62e+10 Tdav = 132.48 T = 158.26
 <-- Site =   80 .. Mmps =  550 Ndav =  49 E =    -89.1501232234 Error = 9.10e-21 FLOPS = 2.46e+10 Tdav = 113.45 T = 138.89
 <-- Site =   79 .. Mmps =  550 Ndav =  42 E =    -89.1604427830 Error = 4.40e-20 FLOPS = 2.79e+10 Tdav = 85.73 T = 110.98
 <-- Site =   78 .. Mmps =  550 Ndav =  51 E =    -89.1759981268 Error = 4.44e-20 FLOPS = 2.44e+10 Tdav = 119.17 T = 144.59
 <-- Site =   77 .. Mmps =  550 Ndav =  39 E =    -89.1823320655 Error = 4.40e-20 FLOPS = 2.93e+10 Tdav = 75.61 T = 100.91
 <-- Site =   76 .. Mmps =  550 Ndav =  33 E =    -89.1894455579 Error = 5.62e-20 FLOPS = 3.25e+10 Tdav = 57.69 T = 83.36
 <-- Site =   75 .. Mmps =  550 Ndav =  29 E =    -89.1987102878 Error = 2.28e-20 FLOPS = 3.50e+10 Tdav = 48.01 T = 73.81
 <-- Site =   74 .. Mmps =  550 Ndav =  28 E =    -89.2070535951 Error = 8.02e-21 FLOPS = 3.56e+10 Tdav = 44.78 T = 70.44
 <-- Site =   73 .. Mmps =  550 Ndav =  33 E =    -89.2140853589 Error = 4.63e-21 FLOPS = 3.30e+10 Tdav = 57.98 T = 84.10
 <-- Site =   72 .. Mmps =  550 Ndav =  35 E =    -89.2265548403 Error = 3.57e-21 FLOPS = 3.19e+10 Tdav = 63.54 T = 89.50
 <-- Site =   71 .. Mmps =  550 Ndav =  33 E =    -89.2351024304 Error = 4.16e-21 FLOPS = 3.29e+10 Tdav = 57.14 T = 82.35
 <-- Site =   70 .. Mmps =  550 Ndav =  32 E =    -89.2507589906 Error = 2.90e-21 FLOPS = 3.34e+10 Tdav = 54.59 T = 79.90
 <-- Site =   69 .. Mmps =  550 Ndav =  33 E =    -89.2564541067 Error = 5.76e-21 FLOPS = 3.28e+10 Tdav = 57.17 T = 82.46
 <-- Site =   68 .. Mmps =  550 Ndav =  35 E =    -89.2621662922 Error = 3.50e-21 FLOPS = 3.17e+10 Tdav = 62.73 T = 87.74
 <-- Site =   67 .. Mmps =  550 Ndav =  33 E =    -89.2629782483 Error = 5.46e-21 FLOPS = 3.26e+10 Tdav = 56.50 T = 80.93
 <-- Site =   66 .. Mmps =  550 Ndav =  35 E =    -89.2636195573 Error = 7.68e-21 FLOPS = 3.15e+10 Tdav = 62.04 T = 86.78
 <-- Site =   65 .. Mmps =  550 Ndav =  29 E =    -89.2639631985 Error = 1.57e-20 FLOPS = 3.49e+10 Tdav = 46.40 T = 70.40
 <-- Site =   64 .. Mmps =  550 Ndav =  32 E =    -89.2640989045 Error = 1.77e-20 FLOPS = 3.30e+10 Tdav = 53.20 T = 76.80
 <-- Site =   63 .. Mmps =  550 Ndav =  33 E =    -89.2642677546 Error = 1.15e-20 FLOPS = 3.25e+10 Tdav = 55.81 T = 79.39
 <-- Site =   62 .. Mmps =  550 Ndav =  32 E =    -89.2644917701 Error = 2.08e-20 FLOPS = 3.30e+10 Tdav = 53.23 T = 76.55
 <-- Site =   61 .. Mmps =  550 Ndav =  30 E =    -89.2647052316 Error = 7.77e-21 FLOPS = 3.40e+10 Tdav = 47.57 T = 70.36
 <-- Site =   60 .. Mmps =  550 Ndav =  27 E =    -89.2648400332 Error = 1.27e-20 FLOPS = 3.57e+10 Tdav = 40.77 T = 63.69
 <-- Site =   59 .. Mmps =  550 Ndav =  31 E =    -89.2652588153 Error = 6.11e-21 FLOPS = 3.34e+10 Tdav = 49.98 T = 72.66
 <-- Site =   58 .. Mmps =  550 Ndav =  33 E =    -89.2655443791 Error = 1.20e-20 FLOPS = 3.21e+10 Tdav = 54.42 T = 77.82
 <-- Site =   57 .. Mmps =  550 Ndav =  43 E =    -89.2661034738 Error = 5.49e-21 FLOPS = 2.67e+10 Tdav = 85.14 T = 107.26
 <-- Site =   56 .. Mmps =  550 Ndav =  49 E =    -89.2664992899 Error = 2.48e-20 FLOPS = 2.39e+10 Tdav = 108.62 T = 130.83
 <-- Site =   55 .. Mmps =  550 Ndav =  59 E =    -89.2667014449 Error = 1.70e-20 FLOPS = 2.52e+10 Tdav = 123.90 T = 145.98
 <-- Site =   54 .. Mmps =  550 Ndav =  44 E =    -89.2668081051 Error = 4.04e-20 FLOPS = 2.60e+10 Tdav = 87.87 T = 109.09
 <-- Site =   53 .. Mmps =  550 Ndav =  55 E =    -89.2671345958 Error = 1.94e-20 FLOPS = 2.43e+10 Tdav = 117.71 T = 138.69
 <-- Site =   52 .. Mmps =  550 Ndav =  48 E =    -89.2672596717 Error = 5.80e-20 FLOPS = 2.39e+10 Tdav = 102.38 T = 122.61
 <-- Site =   51 .. Mmps =  550 Ndav =  47 E =    -89.2672972681 Error = 3.63e-20 FLOPS = 2.41e+10 Tdav = 97.31 T = 116.82
 <-- Site =   50 .. Mmps =  550 Ndav =  39 E =    -89.2673466243 Error = 2.55e-20 FLOPS = 2.79e+10 Tdav = 68.36 T = 87.41
 <-- Site =   49 .. Mmps =  550 Ndav =  41 E =    -89.2674151302 Error = 1.96e-20 FLOPS = 2.69e+10 Tdav = 74.68 T = 93.61
 <-- Site =   48 .. Mmps =  550 Ndav =  41 E =    -89.2675289778 Error = 1.34e-20 FLOPS = 2.66e+10 Tdav = 73.84 T = 92.24
 <-- Site =   47 .. Mmps =  550 Ndav =  43 E =    -89.2676104378 Error = 7.52e-21 FLOPS = 2.54e+10 Tdav = 80.58 T = 98.63
 <-- Site =   46 .. Mmps =  550 Ndav =  40 E =    -89.2677507683 Error = 1.10e-21 FLOPS = 2.67e+10 Tdav = 67.42 T = 84.87
 <-- Site =   45 .. Mmps =  550 Ndav =  44 E =    -89.2679234424 Error = 1.07e-21 FLOPS = 2.45e+10 Tdav = 77.32 T = 94.11
 <-- Site =   44 .. Mmps =  550 Ndav =  43 E =    -89.2682093531 Error = 1.60e-21 FLOPS = 2.46e+10 Tdav = 70.72 T = 85.68
 <-- Site =   43 .. Mmps =  550 Ndav =  46 E =    -89.2684272164 Error = 9.93e-22 FLOPS = 2.26e+10 Tdav = 77.17 T = 91.32
 <-- Site =   42 .. Mmps =  550 Ndav =  44 E =    -89.2686813164 Error = 7.89e-22 FLOPS = 2.35e+10 Tdav = 68.24 T = 81.40
 <-- Site =   41 .. Mmps =  550 Ndav =  44 E =    -89.2690607196 Error = 5.97e-22 FLOPS = 2.31e+10 Tdav = 65.32 T = 77.66
 <-- Site =   40 .. Mmps =  550 Ndav =  37 E =    -89.2692127866 Error = 9.20e-23 FLOPS = 2.64e+10 Tdav = 45.11 T = 56.62
 <-- Site =   39 .. Mmps =  550 Ndav =  35 E =    -89.2693852631 Error = 1.12e-22 FLOPS = 2.68e+10 Tdav = 39.34 T = 50.01
 <-- Site =   38 .. Mmps =  550 Ndav =  29 E =    -89.2694490405 Error = 1.75e-23 FLOPS = 3.02e+10 Tdav = 26.92 T = 36.63
 <-- Site =   37 .. Mmps =  550 Ndav =  31 E =    -89.2696279508 Error = 4.56e-23 FLOPS = 2.78e+10 Tdav = 28.99 T = 38.10
 <-- Site =   36 .. Mmps =  550 Ndav =  34 E =    -89.2699937732 Error = 3.12e-23 FLOPS = 2.51e+10 Tdav = 32.80 T = 41.15
 <-- Site =   35 .. Mmps =  550 Ndav =  31 E =    -89.2702436824 Error = 2.10e-23 FLOPS = 2.63e+10 Tdav = 26.32 T = 34.08
 <-- Site =   34 .. Mmps =  550 Ndav =  30 E =    -89.2706146466 Error = 1.60e-23 FLOPS = 2.64e+10 Tdav = 23.58 T = 30.77
 <-- Site =   33 .. Mmps =  550 Ndav =  34 E =    -89.2710278178 Error = 3.94e-23 FLOPS = 2.39e+10 Tdav = 27.12 T = 33.79
 <-- Site =   32 .. Mmps =  550 Ndav =  31 E =    -89.2713414353 Error = 6.46e-24 FLOPS = 2.47e+10 Tdav = 22.10 T = 27.99
 <-- Site =   31 .. Mmps =  550 Ndav =  44 E =    -89.2719050709 Error = 3.27e-23 FLOPS = 1.71e+10 Tdav = 41.51 T = 47.23
 <-- Site =   30 .. Mmps =  550 Ndav =  33 E =    -89.2723010516 Error = 6.60e-24 FLOPS = 2.30e+10 Tdav = 21.27 T = 26.29
 <-- Site =   29 .. Mmps =  550 Ndav =  44 E =    -89.2730924564 Error = 4.78e-23 FLOPS = 1.65e+10 Tdav = 36.01 T = 40.74
 <-- Site =   28 .. Mmps =  550 Ndav =  32 E =    -89.2734310719 Error = 5.30e-24 FLOPS = 2.21e+10 Tdav = 17.92 T = 22.21
 <-- Site =   27 .. Mmps =  550 Ndav =  45 E =    -89.2738493282 Error = 2.23e-23 FLOPS = 1.51e+10 Tdav = 33.66 T = 37.48
 <-- Site =   26 .. Mmps =  550 Ndav =  33 E =    -89.2743450518 Error = 3.36e-24 FLOPS = 2.04e+10 Tdav = 16.49 T = 20.11
 <-- Site =   25 .. Mmps =  550 Ndav =  34 E =    -89.2744798254 Error = 1.11e-24 FLOPS = 1.97e+10 Tdav = 15.98 T = 19.22
 <-- Site =   24 .. Mmps =  550 Ndav =  30 E =    -89.2747438935 Error = 1.07e-23 FLOPS = 2.09e+10 Tdav = 12.00 T = 15.11
 <-- Site =   23 .. Mmps =  550 Ndav =  34 E =    -89.2752725398 Error = 3.42e-24 FLOPS = 1.77e+10 Tdav = 14.26 T = 17.00
 <-- Site =   22 .. Mmps =  550 Ndav =  29 E =    -89.2758720221 Error = 3.42e-24 FLOPS = 2.02e+10 Tdav = 9.53 T = 12.20
 <-- Site =   21 .. Mmps =  550 Ndav =  33 E =    -89.2766078787 Error = 1.02e-24 FLOPS = 1.70e+10 Tdav = 11.41 T = 13.82
 <-- Site =   20 .. Mmps =  550 Ndav =  26 E =    -89.2770309386 Error = 4.66e-25 FLOPS = 2.07e+10 Tdav = 6.43 T = 8.56
 <-- Site =   19 .. Mmps =  550 Ndav =  32 E =    -89.2782210421 Error = 4.39e-25 FLOPS = 1.60e+10 Tdav = 8.93 T = 10.93
 <-- Site =   18 .. Mmps =  550 Ndav =  27 E =    -89.2792669219 Error = 2.15e-25 FLOPS = 1.87e+10 Tdav = 5.62 T = 7.46
 <-- Site =   17 .. Mmps =  550 Ndav =  31 E =    -89.2804693883 Error = 1.15e-25 FLOPS = 1.58e+10 Tdav = 6.57 T = 8.23
 <-- Site =   16 .. Mmps =  550 Ndav =  27 E =    -89.2813736446 Error = 8.00e-26 FLOPS = 1.79e+10 Tdav = 4.35 T = 5.94
 <-- Site =   15 .. Mmps =  550 Ndav =  31 E =    -89.2830426585 Error = 8.87e-26 FLOPS = 1.47e+10 Tdav = 5.19 T = 6.68
 <-- Site =   14 .. Mmps =  550 Ndav =  30 E =    -89.2847386106 Error = 6.90e-26 FLOPS = 1.47e+10 Tdav = 4.24 T = 5.56
 <-- Site =   13 .. Mmps =  550 Ndav =  41 E =    -89.2896648209 Error = 7.27e-26 FLOPS = 8.95e+09 Tdav = 8.06 T = 9.34
 <-- Site =   12 .. Mmps =  550 Ndav =  29 E =    -89.2921902942 Error = 7.04e-26 FLOPS = 1.38e+10 Tdav = 3.05 T = 4.24
 <-- Site =   11 .. Mmps =  550 Ndav =  36 E =    -89.2954614672 Error = 9.39e-26 FLOPS = 9.27e+09 Tdav = 4.54 T = 5.66
 <-- Site =   10 .. Mmps =  550 Ndav =  30 E =    -89.2973141879 Error = 2.84e-26 FLOPS = 1.12e+10 Tdav = 2.52 T = 3.61
 <-- Site =    9 .. Mmps =  550 Ndav =  32 E =    -89.2991125248 Error = 1.38e-26 FLOPS = 9.80e+09 Tdav = 2.41 T = 3.47
 <-- Site =    8 .. Mmps =  550 Ndav =  33 E =    -89.3009841983 Error = 3.03e-27 FLOPS = 1.00e+10 Tdav = 1.83 T = 2.79
 <-- Site =    7 .. Mmps =  550 Ndav =  34 E =    -89.3021856025 Error = 9.10e-28 FLOPS = 1.00e+10 Tdav = 1.29 T = 2.18
 <-- Site =    6 .. Mmps =  550 Ndav =  30 E =    -89.3024298478 Error = 4.09e-29 FLOPS = 1.10e+10 Tdav = 0.70 T = 1.54
 <-- Site =    5 .. Mmps =  550 Ndav =  18 E =    -89.3024344041 Error = 6.53e-32 FLOPS = 1.52e+10 Tdav = 0.18 T = 0.95
 <-- Site =    4 .. Mmps =  550 Ndav =   5 E =    -89.3024344149 Error = 7.27e-35 FLOPS = 1.80e+10 Tdav = 0.02 T = 0.75
 <-- Site =    3 .. Mmps =  550 Ndav =   1 E =    -89.3024344149 Error = 2.72e-54 FLOPS = 9.81e+09 Tdav = 0.00 T = 0.67
 <-- Site =    2 .. Mmps =  550 Ndav =   1 E =    -89.3024344149 Error = 1.03e-67 FLOPS = 6.79e+09 Tdav = 0.00 T = 0.67
 <-- Site =    1 .. Mmps =  550 Ndav =   1 E =    -89.3024344149 Error = 7.05e-71 FLOPS = 4.22e+09 Tdav = 0.00 T = 0.56
 <-- Site =    0 .. Mmps =  550 Ndav =   1 E =    -89.3024344149 Error = 9.10e-72 FLOPS = 3.05e+09 Tdav = 0.00 T = 0.49
Time elapsed =  12853.166 | E =     -89.3024344149 | DE = -8.07e-01 | DW = 1.04562e-17
Time sweep =    10187.678 | 195 TFLOP/SWP
 | Dmem = 141 MB (3%) | Imem = 232 B (79%) | Hmem = 672 MB | Wmem = 4.62 MB | Pmem = 4.62 MB
 | Tread = 90.910 | Twrite = 29.379 | Tfpread = 89.610 | Tfpwrite = 19.011 | Tmporead = 0.000 | Tasync = 0.000
 | data = 14.8 GB | cpsd = 9.87 GB
 | Trot = 144.875 | Tctr = 162.407 | Tint = 0.017 | Tmid = 0.000 | Tdctr = 0.011 | Tdiag = 1.444 | Tinfo = 2.477
 | Teff = 1815.216 | Tprt = 42.045 | Teig = 7865.304 | Tblk = 9773.293 | Tmve = 414.369 | Tdm = 2.562 | Tsplt = 36.270 | Tsvd = 0.000 | Torth = 0.000

Sweep =    8 | Direction =  forward | Bond dimension =  550 | Noise =  0.00e+00 | Dav threshold =  1.00e-08
 --> Site =    0 .. Mmps =    2 Ndav =   1 E =    -89.3024344149 Error = 0.00e+00 FLOPS = 2.33e+09 Tdav = 0.00 T = 0.02
 --> Site =    1 .. Mmps =    4 Ndav =   1 E =    -89.3024344149 Error = 0.00e+00 FLOPS = 4.06e+09 Tdav = 0.00 T = 0.05
 --> Site =    2 .. Mmps =    8 Ndav =   1 E =    -89.3024344149 Error = 0.00e+00 FLOPS = 6.54e+09 Tdav = 0.00 T = 0.06
 --> Site =    3 .. Mmps =   16 Ndav =   1 E =    -89.3024344149 Error = 0.00e+00 FLOPS = 9.22e+09 Tdav = 0.00 T = 0.06
 --> Site =    4 .. Mmps =   32 Ndav =   1 E =    -89.3024344149 Error = 0.00e+00 FLOPS = 1.31e+10 Tdav = 0.01 T = 0.07
 --> Site =    5 .. Mmps =   64 Ndav =   1 E =    -89.3024344149 Error = 0.00e+00 FLOPS = 1.72e+10 Tdav = 0.01 T = 0.09
 --> Site =    6 .. Mmps =  128 Ndav =   2 E =    -89.3024344165 Error = 0.00e+00 FLOPS = 2.67e+10 Tdav = 0.03 T = 0.12
 --> Site =    7 .. Mmps =  256 Ndav =   8 E =    -89.3024346580 Error = 0.00e+00 FLOPS = 2.94e+10 Tdav = 0.31 T = 0.45
 --> Site =    8 .. Mmps =  512 Ndav =  11 E =    -89.3024367525 Error = 0.00e+00 FLOPS = 2.87e+10 Tdav = 1.26 T = 1.61
 --> Site =    9 .. Mmps =  550 Ndav =  13 E =    -89.3024425684 Error = 1.04e-24 FLOPS = 3.04e+10 Tdav = 4.55 T = 5.88
 --> Site =   10 .. Mmps =  550 Ndav =  18 E =    -89.3024605658 Error = 2.85e-22 FLOPS = 2.70e+10 Tdav = 8.66 T = 10.55
 --> Site =   11 .. Mmps =  550 Ndav =  22 E =    -89.3024955126 Error = 2.35e-21 FLOPS = 2.47e+10 Tdav = 12.44 T = 14.50
 --> Site =   12 .. Mmps =  550 Ndav =  24 E =    -89.3026879569 Error = 1.25e-19 FLOPS = 2.36e+10 Tdav = 15.24 T = 17.54
 --> Site =   13 .. Mmps =  550 Ndav =  26 E =    -89.3029447249 Error = 2.38e-19 FLOPS = 2.23e+10 Tdav = 18.59 T = 21.31
 --> Site =   14 .. Mmps =  550 Ndav =  25 E =    -89.3032446000 Error = 6.60e-19 FLOPS = 2.44e+10 Tdav = 17.36 T = 20.16
 --> Site =   15 .. Mmps =  550 Ndav =  27 E =    -89.3035548905 Error = 1.92e-18 FLOPS = 2.29e+10 Tdav = 21.16 T = 24.25
 --> Site =   16 .. Mmps =  550 Ndav =  24 E =    -89.3039224099 Error = 7.21e-19 FLOPS = 2.57e+10 Tdav = 17.72 T = 21.11
 --> Site =   17 .. Mmps =  550 Ndav =  27 E =    -89.3042911985 Error = 1.71e-18 FLOPS = 2.41e+10 Tdav = 22.38 T = 26.04
 --> Site =   18 .. Mmps =  550 Ndav =  24 E =    -89.3046526219 Error = 5.55e-19 FLOPS = 2.68e+10 Tdav = 18.80 T = 22.78
 --> Site =   19 .. Mmps =  550 Ndav =  30 E =    -89.3050762679 Error = 1.05e-18 FLOPS = 2.37e+10 Tdav = 27.84 T = 32.00
 --> Site =   20 .. Mmps =  550 Ndav =  25 E =    -89.3054611787 Error = 7.94e-19 FLOPS = 2.71e+10 Tdav = 21.20 T = 25.71
 --> Site =   21 .. Mmps =  550 Ndav =  31 E =    -89.3058695939 Error = 6.47e-19 FLOPS = 2.36e+10 Tdav = 31.45 T = 36.48
 --> Site =   22 .. Mmps =  550 Ndav =  25 E =    -89.3061393518 Error = 6.06e-19 FLOPS = 2.79e+10 Tdav = 22.38 T = 27.51
 --> Site =   23 .. Mmps =  550 Ndav =  29 E =    -89.3063775575 Error = 8.95e-19 FLOPS = 2.60e+10 Tdav = 28.92 T = 34.59
 --> Site =   24 .. Mmps =  550 Ndav =  27 E =    -89.3065744593 Error = 4.34e-19 FLOPS = 2.70e+10 Tdav = 26.96 T = 32.94
 --> Site =   25 .. Mmps =  550 Ndav =  32 E =    -89.3067585942 Error = 1.30e-18 FLOPS = 2.41e+10 Tdav = 37.10 T = 43.67
 --> Site =   26 .. Mmps =  550 Ndav =  24 E =    -89.3068040321 Error = 7.72e-19 FLOPS = 3.04e+10 Tdav = 22.84 T = 29.71
 --> Site =   27 .. Mmps =  550 Ndav =  30 E =    -89.3068602070 Error = 6.55e-19 FLOPS = 2.69e+10 Tdav = 33.36 T = 40.52
 --> Site =   28 .. Mmps =  550 Ndav =  26 E =    -89.3069252187 Error = 2.85e-19 FLOPS = 2.99e+10 Tdav = 26.95 T = 34.87
 --> Site =   29 .. Mmps =  550 Ndav =  33 E =    -89.3069876260 Error = 3.08e-19 FLOPS = 2.56e+10 Tdav = 41.24 T = 49.32
 --> Site =   30 .. Mmps =  550 Ndav =  29 E =    -89.3070678034 Error = 1.41e-19 FLOPS = 2.83e+10 Tdav = 33.82 T = 42.43
 --> Site =   31 .. Mmps =  550 Ndav =  40 E =    -89.3071456745 Error = 8.57e-19 FLOPS = 2.20e+10 Tdav = 61.60 T = 70.75
 --> Site =   32 .. Mmps =  550 Ndav =  34 E =    -89.3072096858 Error = 2.69e-19 FLOPS = 2.61e+10 Tdav = 45.52 T = 55.05
 --> Site =   33 .. Mmps =  550 Ndav =  39 E =    -89.3072611623 Error = 6.28e-19 FLOPS = 2.36e+10 Tdav = 59.31 T = 69.64
 --> Site =   34 .. Mmps =  550 Ndav =  29 E =    -89.3072979826 Error = 1.16e-19 FLOPS = 2.98e+10 Tdav = 35.99 T = 46.44
 --> Site =   35 .. Mmps =  550 Ndav =  28 E =    -89.3073228324 Error = 2.70e-19 FLOPS = 3.02e+10 Tdav = 35.18 T = 46.35
 --> Site =   36 .. Mmps =  550 Ndav =  24 E =    -89.3073425873 Error = 3.15e-20 FLOPS = 3.36e+10 Tdav = 27.82 T = 39.47
 --> Site =   37 .. Mmps =  550 Ndav =  23 E =    -89.3073555077 Error = 1.88e-19 FLOPS = 3.39e+10 Tdav = 27.09 T = 39.13
 --> Site =   38 .. Mmps =  550 Ndav =  25 E =    -89.3073706610 Error = 1.21e-18 FLOPS = 3.37e+10 Tdav = 30.38 T = 43.28
 --> Site =   39 .. Mmps =  550 Ndav =  24 E =    -89.3073835684 Error = 2.13e-19 FLOPS = 3.41e+10 Tdav = 29.50 T = 42.89
 --> Site =   40 .. Mmps =  550 Ndav =  23 E =    -89.3073978465 Error = 7.15e-20 FLOPS = 3.42e+10 Tdav = 28.89 T = 42.66
 --> Site =   41 .. Mmps =  550 Ndav =  27 E =    -89.3074211138 Error = 8.82e-19 FLOPS = 3.20e+10 Tdav = 37.10 T = 51.66
 --> Site =   42 .. Mmps =  550 Ndav =  24 E =    -89.3074376654 Error = 5.72e-20 FLOPS = 3.49e+10 Tdav = 30.90 T = 45.92
 --> Site =   43 .. Mmps =  550 Ndav =  47 E =    -89.3074658431 Error = 1.02e-18 FLOPS = 2.21e+10 Tdav = 95.69 T = 111.21
 --> Site =   44 .. Mmps =  550 Ndav =  38 E =    -89.3074843797 Error = 6.69e-20 FLOPS = 2.63e+10 Tdav = 66.46 T = 82.21
 --> Site =   45 .. Mmps =  550 Ndav =  50 E =    -89.3075252640 Error = 1.44e-18 FLOPS = 2.13e+10 Tdav = 110.30 T = 126.40
 --> Site =   46 .. Mmps =  550 Ndav =  43 E =    -89.3075637117 Error = 5.56e-20 FLOPS = 2.42e+10 Tdav = 83.25 T = 99.91
 --> Site =   47 .. Mmps =  550 Ndav =  59 E =    -89.3076628001 Error = 2.68e-19 FLOPS = 2.32e+10 Tdav = 121.74 T = 138.98
 --> Site =   48 .. Mmps =  550 Ndav =  52 E =    -89.3078834381 Error = 1.62e-20 FLOPS = 2.18e+10 Tdav = 114.53 T = 132.41
 --> Site =   49 .. Mmps =  550 Ndav =  67 E =    -89.3089907674 Error = 2.15e-19 FLOPS = 2.54e+10 Tdav = 129.27 T = 146.81
 --> Site =   50 .. Mmps =  550 Ndav =  62 E =    -89.3148566524 Error = 4.84e-20 FLOPS = 2.49e+10 Tdav = 121.61 T = 139.45
 --> Site =   51 .. Mmps =  550 Ndav =  62 E =    -89.3278661819 Error = 2.72e-20 FLOPS = 2.52e+10 Tdav = 122.95 T = 140.91
 --> Site =   52 .. Mmps =  550 Ndav =  54 E =    -89.3427018306 Error = 1.19e-20 FLOPS = 2.40e+10 Tdav = 114.46 T = 133.11
 --> Site =   53 .. Mmps =  550 Ndav =  56 E =    -89.3643634181 Error = 4.29e-19 FLOPS = 2.47e+10 Tdav = 117.89 T = 137.13
 --> Site =   54 .. Mmps =  550 Ndav =  60 E =    -89.3897202335 Error = 2.86e-20 FLOPS = 2.53e+10 Tdav = 123.30 T = 143.06
 --> Site =   55 .. Mmps =  550 Ndav =  48 E =    -89.4123292675 Error = 4.75e-20 FLOPS = 2.44e+10 Tdav = 103.89 T = 123.85
 --> Site =   56 .. Mmps =  550 Ndav =  50 E =    -89.4405897498 Error = 2.52e-20 FLOPS = 2.35e+10 Tdav = 112.48 T = 132.82
 --> Site =   57 .. Mmps =  550 Ndav =  51 E =    -89.4782962023 Error = 3.23e-20 FLOPS = 2.37e+10 Tdav = 113.64 T = 134.30
 --> Site =   58 .. Mmps =  550 Ndav =  51 E =    -89.5155263581 Error = 1.82e-20 FLOPS = 2.38e+10 Tdav = 113.54 T = 133.96
 --> Site =   59 .. Mmps =  550 Ndav =  47 E =    -89.5377005504 Error = 3.02e-20 FLOPS = 2.51e+10 Tdav = 101.03 T = 121.75
 --> Site =   60 .. Mmps =  550 Ndav =  39 E =    -89.5453524368 Error = 1.24e-20 FLOPS = 2.91e+10 Tdav = 72.19 T = 93.41
 --> Site =   61 .. Mmps =  550 Ndav =  44 E =    -89.5490992121 Error = 3.87e-20 FLOPS = 2.63e+10 Tdav = 90.14 T = 111.27
 --> Site =   62 .. Mmps =  550 Ndav =  36 E =    -89.5508774279 Error = 4.38e-20 FLOPS = 2.96e+10 Tdav = 66.71 T = 88.85
 --> Site =   63 .. Mmps =  550 Ndav =  35 E =    -89.5515136318 Error = 7.30e-20 FLOPS = 2.98e+10 Tdav = 64.40 T = 86.70
 --> Site =   64 .. Mmps =  550 Ndav =  38 E =    -89.5519818433 Error = 2.77e-19 FLOPS = 2.88e+10 Tdav = 72.53 T = 95.01
 --> Site =   65 .. Mmps =  550 Ndav =  32 E =    -89.5521809430 Error = 2.76e-21 FLOPS = 3.20e+10 Tdav = 55.97 T = 78.38
 --> Site =   66 .. Mmps =  550 Ndav =  32 E =    -89.5523950853 Error = 5.26e-20 FLOPS = 3.16e+10 Tdav = 56.61 T = 80.11
 --> Site =   67 .. Mmps =  550 Ndav =  26 E =    -89.5524892944 Error = 3.63e-21 FLOPS = 3.48e+10 Tdav = 41.77 T = 64.68
 --> Site =   68 .. Mmps =  550 Ndav =  23 E =    -89.5525810303 Error = 1.96e-20 FLOPS = 3.66e+10 Tdav = 35.72 T = 59.12
 --> Site =   69 .. Mmps =  550 Ndav =  24 E =    -89.5527441660 Error = 4.28e-21 FLOPS = 3.57e+10 Tdav = 38.26 T = 62.44
 --> Site =   70 .. Mmps =  550 Ndav =  22 E =    -89.5528803655 Error = 3.66e-20 FLOPS = 3.79e+10 Tdav = 33.07 T = 57.24
 --> Site =   71 .. Mmps =  550 Ndav =  24 E =    -89.5531417864 Error = 3.16e-21 FLOPS = 3.65e+10 Tdav = 37.37 T = 61.37
 --> Site =   72 .. Mmps =  550 Ndav =  24 E =    -89.5533584530 Error = 7.22e-20 FLOPS = 3.67e+10 Tdav = 37.90 T = 62.29
 --> Site =   73 .. Mmps =  550 Ndav =  27 E =    -89.5536768578 Error = 3.72e-21 FLOPS = 3.43e+10 Tdav = 45.55 T = 70.81
 --> Site =   74 .. Mmps =  550 Ndav =  24 E =    -89.5538480893 Error = 5.77e-20 FLOPS = 3.61e+10 Tdav = 37.85 T = 61.81
 --> Site =   75 .. Mmps =  550 Ndav =  27 E =    -89.5542015090 Error = 6.09e-21 FLOPS = 3.49e+10 Tdav = 44.85 T = 69.06
 --> Site =   76 .. Mmps =  550 Ndav =  34 E =    -89.5542883657 Error = 7.76e-20 FLOPS = 3.05e+10 Tdav = 63.40 T = 87.68
 --> Site =   77 .. Mmps =  550 Ndav =  29 E =    -89.5543171460 Error = 3.49e-20 FLOPS = 3.35e+10 Tdav = 49.23 T = 73.03
 --> Site =   78 .. Mmps =  550 Ndav =  32 E =    -89.5543296093 Error = 2.11e-20 FLOPS = 3.21e+10 Tdav = 56.71 T = 80.49
 --> Site =   79 .. Mmps =  550 Ndav =  35 E =    -89.5543529777 Error = 2.70e-19 FLOPS = 3.02e+10 Tdav = 65.92 T = 90.09
 --> Site =   80 .. Mmps =  550 Ndav =  77 E =    -89.6473824108 Error = 1.56e-17 FLOPS = 2.60e+10 Tdav = 168.68 T = 192.39
 --> Site =   81 .. Mmps =  550 Ndav =  54 E =    -89.7011957995 Error = 5.81e-20 FLOPS = 2.45e+10 Tdav = 127.58 T = 152.02
 --> Site =   82 .. Mmps =  550 Ndav =  23 E =    -89.7012225175 Error = 1.14e-20 FLOPS = 3.63e+10 Tdav = 36.72 T = 61.52
 --> Site =   83 .. Mmps =  550 Ndav =  12 E =    -89.7012238081 Error = 1.42e-20 FLOPS = 4.27e+10 Tdav = 16.00 T = 40.52
 --> Site =   84 .. Mmps =  550 Ndav =  14 E =    -89.7012260305 Error = 2.11e-20 FLOPS = 4.05e+10 Tdav = 19.68 T = 43.59
 --> Site =   85 .. Mmps =  550 Ndav =  38 E =    -89.7012281837 Error = 2.53e-20 FLOPS = 2.92e+10 Tdav = 75.46 T = 99.72
 --> Site =   86 .. Mmps =  550 Ndav =  18 E =    -89.7012312447 Error = 6.79e-20 FLOPS = 3.88e+10 Tdav = 26.87 T = 51.93
 --> Site =   87 .. Mmps =  550 Ndav =  32 E =    -89.7012365384 Error = 3.19e-20 FLOPS = 3.22e+10 Tdav = 56.48 T = 80.74
 --> Site =   88 .. Mmps =  550 Ndav =  25 E =    -89.7012498507 Error = 1.10e-20 FLOPS = 3.59e+10 Tdav = 39.61 T = 63.16
 --> Site =   89 .. Mmps =  550 Ndav =  24 E =    -89.7012622270 Error = 5.25e-20 FLOPS = 3.59e+10 Tdav = 38.08 T = 61.89
 --> Site =   90 .. Mmps =  550 Ndav =  22 E =    -89.7012660191 Error = 1.29e-19 FLOPS = 3.81e+10 Tdav = 32.83 T = 56.94
 --> Site =   91 .. Mmps =  550 Ndav =  17 E =    -89.7012670171 Error = 2.60e-20 FLOPS = 4.16e+10 Tdav = 23.26 T = 46.69
 --> Site =   92 .. Mmps =  550 Ndav =  11 E =    -89.7012677855 Error = 1.01e-20 FLOPS = 4.39e+10 Tdav = 14.00 T = 37.13
 --> Site =   93 .. Mmps =  550 Ndav =  13 E =    -89.7012688868 Error = 1.86e-20 FLOPS = 4.33e+10 Tdav = 17.09 T = 40.20
 --> Site =   94 .. Mmps =  550 Ndav =  10 E =    -89.7012695219 Error = 2.20e-20 FLOPS = 4.43e+10 Tdav = 13.07 T = 37.10
 --> Site =   95 .. Mmps =  550 Ndav =  12 E =    -89.7012705689 Error = 1.65e-20 FLOPS = 4.38e+10 Tdav = 15.87 T = 40.09
 --> Site =   96 .. Mmps =  550 Ndav =  10 E =    -89.7012715610 Error = 3.09e-20 FLOPS = 4.44e+10 Tdav = 12.83 T = 36.63
 --> Site =   97 .. Mmps =  550 Ndav =  14 E =    -89.7012739031 Error = 2.39e-20 FLOPS = 4.29e+10 Tdav = 18.26 T = 41.17
 --> Site =   98 .. Mmps =  550 Ndav =  12 E =    -89.7012756618 Error = 1.60e-19 FLOPS = 4.36e+10 Tdav = 15.64 T = 38.59
 --> Site =   99 .. Mmps =  550 Ndav =  16 E =    -89.7012798163 Error = 1.58e-20 FLOPS = 4.21e+10 Tdav = 21.62 T = 44.87
 --> Site =  100 .. Mmps =  550 Ndav =  14 E =    -89.7012823516 Error = 6.44e-20 FLOPS = 4.31e+10 Tdav = 18.17 T = 40.99
 --> Site =  101 .. Mmps =  550 Ndav =  15 E =    -89.7012869067 Error = 6.70e-20 FLOPS = 4.27e+10 Tdav = 19.65 T = 42.12
 --> Site =  102 .. Mmps =  550 Ndav =  14 E =    -89.7012881225 Error = 2.44e-20 FLOPS = 4.29e+10 Tdav = 18.25 T = 40.88
 --> Site =  103 .. Mmps =  550 Ndav =  14 E =    -89.7012898067 Error = 4.32e-19 FLOPS = 4.27e+10 Tdav = 17.99 T = 40.33
 --> Site =  104 .. Mmps =  550 Ndav =  10 E =    -89.7012908705 Error = 3.90e-20 FLOPS = 4.42e+10 Tdav = 12.21 T = 33.71
 --> Site =  105 .. Mmps =  550 Ndav =  12 E =    -89.7012925738 Error = 3.13e-20 FLOPS = 4.38e+10 Tdav = 14.76 T = 35.82
 --> Site =  106 .. Mmps =  550 Ndav =  11 E =    -89.7012932257 Error = 1.48e-19 FLOPS = 4.39e+10 Tdav = 13.50 T = 34.61
 --> Site =  107 .. Mmps =  550 Ndav =  13 E =    -89.7012951194 Error = 1.64e-20 FLOPS = 4.32e+10 Tdav = 16.21 T = 37.37
 --> Site =  108 .. Mmps =  550 Ndav =  12 E =    -89.7012960097 Error = 8.16e-20 FLOPS = 4.35e+10 Tdav = 14.87 T = 36.50
 --> Site =  109 .. Mmps =  550 Ndav =  18 E =    -89.7013045467 Error = 4.50e-20 FLOPS = 4.08e+10 Tdav = 23.36 T = 44.05
 --> Site =  110 .. Mmps =  550 Ndav =  32 E =    -89.7103411674 Error = 9.61e-21 FLOPS = 3.29e+10 Tdav = 51.46 T = 71.80
 --> Site =  111 .. Mmps =  550 Ndav =  41 E =    -89.7218494388 Error = 1.69e-20 FLOPS = 2.79e+10 Tdav = 77.63 T = 98.20
 --> Site =  112 .. Mmps =  550 Ndav =  30 E =    -89.7297856235 Error = 2.19e-20 FLOPS = 3.41e+10 Tdav = 46.61 T = 67.04
 --> Site =  113 .. Mmps =  550 Ndav =  34 E =    -89.7332906352 Error = 1.76e-20 FLOPS = 3.16e+10 Tdav = 55.90 T = 76.07
 --> Site =  114 .. Mmps =  550 Ndav =  32 E =    -89.7350792378 Error = 4.27e-20 FLOPS = 3.27e+10 Tdav = 50.78 T = 70.83
 --> Site =  115 .. Mmps =  550 Ndav =  33 E =    -89.7360564072 Error = 7.11e-20 FLOPS = 3.20e+10 Tdav = 52.49 T = 71.75
 --> Site =  116 .. Mmps =  550 Ndav =  31 E =    -89.7364432681 Error = 1.04e-19 FLOPS = 3.29e+10 Tdav = 46.96 T = 65.52
 --> Site =  117 .. Mmps =  550 Ndav =  24 E =    -89.7366383728 Error = 3.17e-20 FLOPS = 3.70e+10 Tdav = 31.73 T = 49.63
 --> Site =  118 .. Mmps =  550 Ndav =  30 E =    -89.7368465055 Error = 5.20e-20 FLOPS = 3.33e+10 Tdav = 44.03 T = 61.70
 --> Site =  119 .. Mmps =  550 Ndav =  25 E =    -89.7370295598 Error = 4.10e-20 FLOPS = 3.59e+10 Tdav = 33.41 T = 50.74
 --> Site =  120 .. Mmps =  550 Ndav =  24 E =    -89.7372882514 Error = 3.64e-20 FLOPS = 3.65e+10 Tdav = 31.51 T = 48.42
 --> Site =  121 .. Mmps =  550 Ndav =  23 E =    -89.7375422187 Error = 8.48e-20 FLOPS = 3.70e+10 Tdav = 29.20 T = 45.79
 --> Site =  122 .. Mmps =  550 Ndav =  22 E =    -89.7378659696 Error = 2.26e-20 FLOPS = 3.76e+10 Tdav = 26.90 T = 42.77
 --> Site =  123 .. Mmps =  550 Ndav =  23 E =    -89.7381275903 Error = 2.67e-20 FLOPS = 3.68e+10 Tdav = 28.70 T = 44.40
 --> Site =  124 .. Mmps =  550 Ndav =  22 E =    -89.7384229817 Error = 1.76e-20 FLOPS = 3.73e+10 Tdav = 26.50 T = 41.90
 --> Site =  125 .. Mmps =  550 Ndav =  23 E =    -89.7386101361 Error = 4.61e-20 FLOPS = 3.67e+10 Tdav = 28.18 T = 43.23
 --> Site =  126 .. Mmps =  550 Ndav =  23 E =    -89.7389112322 Error = 4.66e-20 FLOPS = 3.65e+10 Tdav = 27.67 T = 42.47
 --> Site =  127 .. Mmps =  550 Ndav =  23 E =    -89.7391605128 Error = 4.19e-20 FLOPS = 3.65e+10 Tdav = 27.07 T = 41.19
 --> Site =  128 .. Mmps =  550 Ndav =  25 E =    -89.7392635337 Error = 1.60e-19 FLOPS = 3.50e+10 Tdav = 29.95 T = 43.44
 --> Site =  129 .. Mmps =  550 Ndav =  21 E =    -89.7393039957 Error = 1.13e-19 FLOPS = 3.72e+10 Tdav = 23.09 T = 36.08
 --> Site =  130 .. Mmps =  550 Ndav =  22 E =    -89.7393271422 Error = 1.58e-19 FLOPS = 3.64e+10 Tdav = 24.14 T = 36.64
 --> Site =  131 .. Mmps =  550 Ndav =  18 E =    -89.7393315202 Error = 4.28e-20 FLOPS = 3.89e+10 Tdav = 18.00 T = 29.83
 --> Site =  132 .. Mmps =  550 Ndav =  17 E =    -89.7393381948 Error = 2.70e-19 FLOPS = 3.92e+10 Tdav = 16.47 T = 28.10
 --> Site =  133 .. Mmps =  550 Ndav =  17 E =    -89.7393435901 Error = 4.16e-19 FLOPS = 3.92e+10 Tdav = 16.01 T = 26.87
 --> Site =  134 .. Mmps =  550 Ndav =  17 E =    -89.7393526982 Error = 1.37e-20 FLOPS = 3.90e+10 Tdav = 15.65 T = 25.91
 --> Site =  135 .. Mmps =  550 Ndav =  19 E =    -89.7393621908 Error = 2.46e-19 FLOPS = 3.75e+10 Tdav = 17.72 T = 27.53
 --> Site =  136 .. Mmps =  550 Ndav =  18 E =    -89.7393746365 Error = 2.25e-20 FLOPS = 3.77e+10 Tdav = 16.20 T = 25.57
 --> Site =  137 .. Mmps =  550 Ndav =  20 E =    -89.7393877855 Error = 2.30e-19 FLOPS = 3.61e+10 Tdav = 18.27 T = 27.13
 --> Site =  138 .. Mmps =  550 Ndav =  21 E =    -89.7394090202 Error = 4.70e-20 FLOPS = 3.52e+10 Tdav = 19.03 T = 27.43
 --> Site =  139 .. Mmps =  550 Ndav =  23 E =    -89.7394380670 Error = 4.20e-19 FLOPS = 3.33e+10 Tdav = 21.36 T = 29.38
 --> Site =  140 .. Mmps =  550 Ndav =  23 E =    -89.7394767795 Error = 1.08e-19 FLOPS = 3.30e+10 Tdav = 20.88 T = 28.57
 --> Site =  141 .. Mmps =  550 Ndav =  25 E =    -89.7395133289 Error = 2.68e-19 FLOPS = 3.13e+10 Tdav = 23.13 T = 30.16
 --> Site =  142 .. Mmps =  550 Ndav =  29 E =    -89.7395525908 Error = 5.61e-19 FLOPS = 2.73e+10 Tdav = 29.74 T = 36.41
 --> Site =  143 .. Mmps =  550 Ndav =  25 E =    -89.7395784187 Error = 5.79e-19 FLOPS = 2.78e+10 Tdav = 24.23 T = 30.82
 --> Site =  144 .. Mmps =  550 Ndav =  23 E =    -89.7396223815 Error = 2.95e-19 FLOPS = 2.88e+10 Tdav = 20.71 T = 26.96
 --> Site =  145 .. Mmps =  550 Ndav =  27 E =    -89.7397065546 Error = 7.87e-19 FLOPS = 2.58e+10 Tdav = 26.08 T = 31.91
 --> Site =  146 .. Mmps =  550 Ndav =  22 E =    -89.7397705734 Error = 1.60e-19 FLOPS = 2.90e+10 Tdav = 18.19 T = 23.56
 --> Site =  147 .. Mmps =  550 Ndav =  29 E =    -89.7399045920 Error = 2.70e-19 FLOPS = 2.37e+10 Tdav = 28.14 T = 33.15
 --> Site =  148 .. Mmps =  550 Ndav =  21 E =    -89.7399850426 Error = 1.14e-19 FLOPS = 2.90e+10 Tdav = 15.93 T = 20.58
 --> Site =  149 .. Mmps =  550 Ndav =  28 E =    -89.7401800156 Error = 2.11e-19 FLOPS = 2.35e+10 Tdav = 25.01 T = 29.35
 --> Site =  150 .. Mmps =  550 Ndav =  21 E =    -89.7402720526 Error = 1.76e-19 FLOPS = 2.82e+10 Tdav = 14.89 T = 18.85
 --> Site =  151 .. Mmps =  550 Ndav =  26 E =    -89.7404803881 Error = 2.56e-19 FLOPS = 2.37e+10 Tdav = 20.80 T = 24.51
 --> Site =  152 .. Mmps =  550 Ndav =  22 E =    -89.7405694683 Error = 1.95e-19 FLOPS = 2.62e+10 Tdav = 15.09 T = 18.44
 --> Site =  153 .. Mmps =  550 Ndav =  28 E =    -89.7407540919 Error = 1.40e-18 FLOPS = 2.13e+10 Tdav = 22.32 T = 25.43
 --> Site =  154 .. Mmps =  550 Ndav =  20 E =    -89.7407779040 Error = 2.46e-19 FLOPS = 2.67e+10 Tdav = 11.98 T = 14.90
 --> Site =  155 .. Mmps =  550 Ndav =  23 E =    -89.7408006049 Error = 4.88e-18 FLOPS = 2.35e+10 Tdav = 14.66 T = 17.24
 --> Site =  156 .. Mmps =  550 Ndav =  16 E =    -89.7408073834 Error = 1.13e-18 FLOPS = 2.87e+10 Tdav = 7.79 T = 10.11
 --> Site =  157 .. Mmps =  550 Ndav =  13 E =    -89.7408089435 Error = 1.25e-17 FLOPS = 3.07e+10 Tdav = 5.49 T = 7.70
 --> Site =  158 .. Mmps =  550 Ndav =   7 E =    -89.7408090681 Error = 1.58e-18 FLOPS = 3.54e+10 Tdav = 2.37 T = 4.33
 --> Site =  159 .. Mmps =  550 Ndav =   3 E =    -89.7408090696 Error = 5.59e-24 FLOPS = 3.64e+10 Tdav = 0.82 T = 2.56
 --> Site =  160 .. Mmps =  550 Ndav =   1 E =    -89.7408090696 Error = 2.36e-33 FLOPS = 2.96e+10 Tdav = 0.13 T = 1.65
 --> Site =  161 .. Mmps =  550 Ndav =   1 E =    -89.7408090696 Error = 1.01e-56 FLOPS = 2.62e+10 Tdav = 0.06 T = 1.41
 --> Site =  162 .. Mmps =  550 Ndav =   1 E =    -89.7408090696 Error = 1.23e-81 FLOPS = 2.51e+10 Tdav = 0.03 T = 1.23
 --> Site =  163 .. Mmps =  550 Ndav =   1 E =    -89.7408090696 Error = 7.50e-107 FLOPS = 1.83e+10 Tdav = 0.02 T = 1.02
 --> Site =  164 .. Mmps =  550 Ndav =   1 E =    -89.7408090696 Error = 1.45e-130 FLOPS = 1.39e+10 Tdav = 0.01 T = 0.91
 --> Site =  165 .. Mmps =  550 Ndav =   1 E =    -89.7408090696 Error = 1.10e-148 FLOPS = 8.19e+09 Tdav = 0.01 T = 0.81
 --> Site =  166 .. Mmps =  543 Ndav =   1 E =    -89.7408090696 Error = 0.00e+00 FLOPS = 4.35e+09 Tdav = 0.00 T = 0.60
 --> Site =  167 .. Mmps =  527 Ndav =   1 E =    -89.7408090696 Error = 0.00e+00 FLOPS = 2.19e+09 Tdav = 0.00 T = 0.46
 --> Site =  168 .. Mmps =  529 Ndav =   1 E =    -89.7408090696 Error = 0.00e+00 FLOPS = 2.77e+09 Tdav = 0.00 T = 0.33
Time elapsed =  21269.566 | E =     -89.7408090696 | DE = -4.38e-01 | DW = 1.56340e-17
Time sweep =     8416.400 | 165 TFLOP/SWP
 | Dmem = 141 MB (3%) | Imem = 232 B (79%) | Hmem = 672 MB | Wmem = 4.62 MB | Pmem = 0 B
 | Tread = 100.946 | Twrite = 30.840 | Tfpread = 99.522 | Tfpwrite = 20.016 | Tmporead = 0.000 | Tasync = 0.000
 | data = 14.8 GB | cpsd = 11.1 GB
 | Trot = 147.764 | Tctr = 1.424 | Tint = 0.009 | Tmid = 0.000 | Tdctr = 85.067 | Tdiag = 1.726 | Tinfo = 2.532
 | Teff = 2030.003 | Tprt = 0.000 | Teig = 6153.724 | Tblk = 8232.290 | Tmve = 184.095 | Tdm = 2.302 | Tsplt = 33.697 | Tsvd = 0.000 | Torth = 0.000

Sweep =    9 | Direction = backward | Bond dimension =  550 | Noise =  0.00e+00 | Dav threshold =  1.00e-08
 <-- Site =  168 .. Mmps =    2 Ndav =   1 E =    -89.7408090696 Error = 0.00e+00 FLOPS = 1.89e+09 Tdav = 0.00 T = 0.02
 <-- Site =  167 .. Mmps =    4 Ndav =   1 E =    -89.7408090696 Error = 0.00e+00 FLOPS = 2.67e+09 Tdav = 0.00 T = 0.12
 <-- Site =  166 .. Mmps =    8 Ndav =   1 E =    -89.7408090696 Error = 0.00e+00 FLOPS = 4.94e+09 Tdav = 0.00 T = 0.15
 <-- Site =  165 .. Mmps =   16 Ndav =   1 E =    -89.7408090696 Error = 0.00e+00 FLOPS = 9.00e+09 Tdav = 0.01 T = 0.22
 <-- Site =  164 .. Mmps =   32 Ndav =   1 E =    -89.7408090696 Error = 0.00e+00 FLOPS = 1.56e+10 Tdav = 0.01 T = 0.32
 <-- Site =  163 .. Mmps =   64 Ndav =   1 E =    -89.7408090696 Error = 0.00e+00 FLOPS = 1.92e+10 Tdav = 0.01 T = 0.42
 <-- Site =  162 .. Mmps =  128 Ndav =   1 E =    -89.7408090696 Error = 0.00e+00 FLOPS = 2.53e+10 Tdav = 0.03 T = 0.55
 <-- Site =  161 .. Mmps =  256 Ndav =   1 E =    -89.7408090696 Error = 0.00e+00 FLOPS = 2.58e+10 Tdav = 0.06 T = 0.72
 <-- Site =  160 .. Mmps =  512 Ndav =   1 E =    -89.7408090696 Error = 0.00e+00 FLOPS = 2.95e+10 Tdav = 0.13 T = 1.00
 <-- Site =  159 .. Mmps =  550 Ndav =   1 E =    -89.7408090696 Error = 5.64e-26 FLOPS = 3.19e+10 Tdav = 0.31 T = 1.68
 <-- Site =  158 .. Mmps =  550 Ndav =   1 E =    -89.7408090696 Error = 3.20e-24 FLOPS = 3.29e+10 Tdav = 0.36 T = 2.31
 <-- Site =  157 .. Mmps =  550 Ndav =   1 E =    -89.7408090696 Error = 3.81e-23 FLOPS = 3.37e+10 Tdav = 0.38 T = 2.53
 <-- Site =  156 .. Mmps =  550 Ndav =   3 E =    -89.7408090711 Error = 2.09e-20 FLOPS = 3.75e+10 Tdav = 1.12 T = 3.62
 <-- Site =  155 .. Mmps =  550 Ndav =   5 E =    -89.7408090906 Error = 1.61e-19 FLOPS = 3.73e+10 Tdav = 2.01 T = 4.71
 <-- Site =  154 .. Mmps =  550 Ndav =   7 E =    -89.7408091769 Error = 1.05e-19 FLOPS = 3.70e+10 Tdav = 3.03 T = 5.93
 <-- Site =  153 .. Mmps =  550 Ndav =   8 E =    -89.7408093172 Error = 5.46e-19 FLOPS = 3.71e+10 Tdav = 3.66 T = 6.86
 <-- Site =  152 .. Mmps =  550 Ndav =   9 E =    -89.7408095712 Error = 1.68e-19 FLOPS = 3.69e+10 Tdav = 4.39 T = 7.95
 <-- Site =  151 .. Mmps =  550 Ndav =  10 E =    -89.7408099099 Error = 3.85e-19 FLOPS = 3.65e+10 Tdav = 5.20 T = 9.05
 <-- Site =  150 .. Mmps =  550 Ndav =  11 E =    -89.7408103666 Error = 2.48e-19 FLOPS = 3.60e+10 Tdav = 6.09 T = 10.28
 <-- Site =  149 .. Mmps =  550 Ndav =  11 E =    -89.7408108060 Error = 2.98e-19 FLOPS = 3.61e+10 Tdav = 6.39 T = 11.03
 <-- Site =  148 .. Mmps =  550 Ndav =  11 E =    -89.7408114510 Error = 1.10e-19 FLOPS = 3.65e+10 Tdav = 6.63 T = 11.51
 <-- Site =  147 .. Mmps =  550 Ndav =  11 E =    -89.7408120379 Error = 2.68e-19 FLOPS = 3.66e+10 Tdav = 6.89 T = 12.10
 <-- Site =  146 .. Mmps =  550 Ndav =  12 E =    -89.7408128543 Error = 9.54e-20 FLOPS = 3.59e+10 Tdav = 8.00 T = 13.61
 <-- Site =  145 .. Mmps =  550 Ndav =  13 E =    -89.7408137565 Error = 6.95e-20 FLOPS = 3.55e+10 Tdav = 9.13 T = 15.10
 <-- Site =  144 .. Mmps =  550 Ndav =  13 E =    -89.7408149307 Error = 8.21e-20 FLOPS = 3.56e+10 Tdav = 9.49 T = 16.01
 <-- Site =  143 .. Mmps =  550 Ndav =  16 E =    -89.7408169635 Error = 7.61e-19 FLOPS = 3.40e+10 Tdav = 12.69 T = 19.63
 <-- Site =  142 .. Mmps =  550 Ndav =  12 E =    -89.7408180731 Error = 6.23e-19 FLOPS = 3.68e+10 Tdav = 9.11 T = 16.59
 <-- Site =  141 .. Mmps =  550 Ndav =  13 E =    -89.7408193079 Error = 1.72e-19 FLOPS = 3.63e+10 Tdav = 10.37 T = 18.24
 <-- Site =  140 .. Mmps =  550 Ndav =  15 E =    -89.7408219402 Error = 2.34e-18 FLOPS = 3.54e+10 Tdav = 12.69 T = 21.00
 <-- Site =  139 .. Mmps =  550 Ndav =  14 E =    -89.7408237452 Error = 1.54e-19 FLOPS = 3.61e+10 Tdav = 12.01 T = 20.96
 <-- Site =  138 .. Mmps =  550 Ndav =  15 E =    -89.7408258654 Error = 4.89e-18 FLOPS = 3.56e+10 Tdav = 13.45 T = 22.89
 <-- Site =  137 .. Mmps =  550 Ndav =  14 E =    -89.7408269454 Error = 1.43e-19 FLOPS = 3.65e+10 Tdav = 12.63 T = 22.43
 <-- Site =  136 .. Mmps =  550 Ndav =  13 E =    -89.7408276935 Error = 2.39e-18 FLOPS = 3.72e+10 Tdav = 11.86 T = 22.17
 <-- Site =  135 .. Mmps =  550 Ndav =  14 E =    -89.7408281255 Error = 7.20e-20 FLOPS = 3.69e+10 Tdav = 13.25 T = 24.06
 <-- Site =  134 .. Mmps =  550 Ndav =  13 E =    -89.7408284598 Error = 2.48e-18 FLOPS = 3.75e+10 Tdav = 12.44 T = 23.78
 <-- Site =  133 .. Mmps =  550 Ndav =  12 E =    -89.7408286568 Error = 4.90e-20 FLOPS = 3.80e+10 Tdav = 11.66 T = 23.59
 <-- Site =  132 .. Mmps =  550 Ndav =  11 E =    -89.7408287952 Error = 7.23e-19 FLOPS = 3.87e+10 Tdav = 10.77 T = 23.34
 <-- Site =  131 .. Mmps =  550 Ndav =   9 E =    -89.7408288693 Error = 3.34e-20 FLOPS = 3.99e+10 Tdav = 8.79 T = 22.10
 <-- Site =  130 .. Mmps =  550 Ndav =   9 E =    -89.7408289556 Error = 1.95e-18 FLOPS = 3.98e+10 Tdav = 9.03 T = 22.91
 <-- Site =  129 .. Mmps =  550 Ndav =   8 E =    -89.7408290010 Error = 7.78e-20 FLOPS = 3.99e+10 Tdav = 8.20 T = 22.55
 <-- Site =  128 .. Mmps =  550 Ndav =   8 E =    -89.7408290759 Error = 1.27e-19 FLOPS = 3.98e+10 Tdav = 8.42 T = 23.44
 <-- Site =  127 .. Mmps =  550 Ndav =   8 E =    -89.7408291672 Error = 5.69e-20 FLOPS = 4.02e+10 Tdav = 8.55 T = 24.35
 <-- Site =  126 .. Mmps =  550 Ndav =   7 E =    -89.7408292343 Error = 6.96e-20 FLOPS = 4.05e+10 Tdav = 7.59 T = 23.98
 <-- Site =  125 .. Mmps =  550 Ndav =   9 E =    -89.7408293589 Error = 4.46e-20 FLOPS = 4.02e+10 Tdav = 10.06 T = 26.85
 <-- Site =  124 .. Mmps =  550 Ndav =   7 E =    -89.7408294387 Error = 1.36e-19 FLOPS = 4.06e+10 Tdav = 7.75 T = 24.93
 <-- Site =  123 .. Mmps =  550 Ndav =   9 E =    -89.7408295585 Error = 2.78e-20 FLOPS = 3.99e+10 Tdav = 10.35 T = 27.92
 <-- Site =  122 .. Mmps =  550 Ndav =   7 E =    -89.7408296154 Error = 8.96e-20 FLOPS = 4.05e+10 Tdav = 7.94 T = 25.97
 <-- Site =  121 .. Mmps =  550 Ndav =  10 E =    -89.7408297037 Error = 2.18e-20 FLOPS = 4.00e+10 Tdav = 11.73 T = 30.49
 <-- Site =  120 .. Mmps =  550 Ndav =   7 E =    -89.7408297368 Error = 4.65e-20 FLOPS = 4.06e+10 Tdav = 8.26 T = 27.50
 <-- Site =  119 .. Mmps =  550 Ndav =   8 E =    -89.7408297926 Error = 1.89e-20 FLOPS = 4.06e+10 Tdav = 9.44 T = 28.88
 <-- Site =  118 .. Mmps =  550 Ndav =   7 E =    -89.7408298232 Error = 1.03e-19 FLOPS = 4.07e+10 Tdav = 8.40 T = 28.38
 <-- Site =  117 .. Mmps =  550 Ndav =   7 E =    -89.7408298627 Error = 2.63e-19 FLOPS = 4.05e+10 Tdav = 8.45 T = 28.55
 <-- Site =  116 .. Mmps =  550 Ndav =   7 E =    -89.7408298862 Error = 4.05e-20 FLOPS = 4.07e+10 Tdav = 8.59 T = 29.78
 <-- Site =  115 .. Mmps =  550 Ndav =   8 E =    -89.7408299453 Error = 5.60e-19 FLOPS = 4.04e+10 Tdav = 10.07 T = 32.00
 <-- Site =  114 .. Mmps =  550 Ndav =   7 E =    -89.7408299765 Error = 8.55e-20 FLOPS = 4.08e+10 Tdav = 8.90 T = 30.89
 <-- Site =  113 .. Mmps =  550 Ndav =   8 E =    -89.7408300903 Error = 5.78e-19 FLOPS = 4.05e+10 Tdav = 10.26 T = 32.77
 <-- Site =  112 .. Mmps =  550 Ndav =   8 E =    -89.7408301991 Error = 2.13e-20 FLOPS = 4.09e+10 Tdav = 10.34 T = 33.24
 <-- Site =  111 .. Mmps =  550 Ndav =  11 E =    -89.7408306628 Error = 5.36e-19 FLOPS = 3.94e+10 Tdav = 14.76 T = 37.73
 <-- Site =  110 .. Mmps =  550 Ndav =  10 E =    -89.7408310789 Error = 1.24e-20 FLOPS = 4.03e+10 Tdav = 13.14 T = 35.95
 <-- Site =  109 .. Mmps =  550 Ndav =  15 E =    -89.7408322537 Error = 7.85e-18 FLOPS = 3.80e+10 Tdav = 20.87 T = 44.26
 <-- Site =  108 .. Mmps =  550 Ndav =  14 E =    -89.7408326908 Error = 1.25e-20 FLOPS = 3.86e+10 Tdav = 19.54 T = 43.22
 <-- Site =  107 .. Mmps =  550 Ndav =  13 E =    -89.7408332550 Error = 1.69e-18 FLOPS = 3.90e+10 Tdav = 17.95 T = 41.69
 <-- Site =  106 .. Mmps =  550 Ndav =  13 E =    -89.7408336223 Error = 1.77e-20 FLOPS = 3.90e+10 Tdav = 17.99 T = 41.65
 <-- Site =  105 .. Mmps =  550 Ndav =  12 E =    -89.7408339737 Error = 3.24e-18 FLOPS = 3.96e+10 Tdav = 16.32 T = 40.01
 <-- Site =  104 .. Mmps =  550 Ndav =  13 E =    -89.7408341763 Error = 1.37e-19 FLOPS = 3.90e+10 Tdav = 17.95 T = 41.89
 <-- Site =  103 .. Mmps =  550 Ndav =  10 E =    -89.7408342584 Error = 7.03e-20 FLOPS = 4.02e+10 Tdav = 13.64 T = 38.34
 <-- Site =  102 .. Mmps =  550 Ndav =   9 E =    -89.7408343728 Error = 1.66e-20 FLOPS = 4.06e+10 Tdav = 12.39 T = 37.64
 <-- Site =  101 .. Mmps =  550 Ndav =   8 E =    -89.7408344316 Error = 1.20e-20 FLOPS = 4.08e+10 Tdav = 10.97 T = 36.22
 <-- Site =  100 .. Mmps =  550 Ndav =   8 E =    -89.7408344908 Error = 1.88e-20 FLOPS = 4.08e+10 Tdav = 10.95 T = 36.66
 <-- Site =   99 .. Mmps =  550 Ndav =   7 E =    -89.7408345339 Error = 9.34e-21 FLOPS = 4.08e+10 Tdav = 9.76 T = 36.10
 <-- Site =   98 .. Mmps =  550 Ndav =   8 E =    -89.7408345998 Error = 1.35e-20 FLOPS = 4.07e+10 Tdav = 11.17 T = 36.90
 <-- Site =   97 .. Mmps =  550 Ndav =   7 E =    -89.7408346519 Error = 1.05e-19 FLOPS = 4.11e+10 Tdav = 9.52 T = 35.23
 <-- Site =   96 .. Mmps =  550 Ndav =  11 E =    -89.7408347681 Error = 1.89e-20 FLOPS = 3.99e+10 Tdav = 15.68 T = 42.20
 <-- Site =   95 .. Mmps =  550 Ndav =   8 E =    -89.7408348315 Error = 1.61e-20 FLOPS = 4.07e+10 Tdav = 11.38 T = 38.35
 <-- Site =   94 .. Mmps =  550 Ndav =  10 E =    -89.7408349440 Error = 5.62e-21 FLOPS = 4.04e+10 Tdav = 14.35 T = 41.01
 <-- Site =   93 .. Mmps =  550 Ndav =   8 E =    -89.7408349847 Error = 2.43e-20 FLOPS = 4.08e+10 Tdav = 11.16 T = 36.90
 <-- Site =   92 .. Mmps =  550 Ndav =   9 E =    -89.7408350244 Error = 2.10e-20 FLOPS = 4.03e+10 Tdav = 12.47 T = 38.29
 <-- Site =   91 .. Mmps =  550 Ndav =   8 E =    -89.7408350421 Error = 2.06e-19 FLOPS = 4.06e+10 Tdav = 11.21 T = 37.41
 <-- Site =   90 .. Mmps =  550 Ndav =   6 E =    -89.7408350513 Error = 1.19e-19 FLOPS = 4.10e+10 Tdav = 8.32 T = 34.64
 <-- Site =   89 .. Mmps =  550 Ndav =   5 E =    -89.7408350591 Error = 2.12e-20 FLOPS = 4.09e+10 Tdav = 6.95 T = 33.13
 <-- Site =   88 .. Mmps =  550 Ndav =   5 E =    -89.7408350725 Error = 2.97e-18 FLOPS = 4.10e+10 Tdav = 6.95 T = 33.06
 <-- Site =   87 .. Mmps =  550 Ndav =   5 E =    -89.7408350844 Error = 1.39e-20 FLOPS = 4.11e+10 Tdav = 6.92 T = 33.39
 <-- Site =   86 .. Mmps =  550 Ndav =   6 E =    -89.7408350989 Error = 5.10e-19 FLOPS = 4.12e+10 Tdav = 8.44 T = 35.47
 <-- Site =   85 .. Mmps =  550 Ndav =   6 E =    -89.7408351109 Error = 1.39e-20 FLOPS = 4.09e+10 Tdav = 8.49 T = 35.07
 <-- Site =   84 .. Mmps =  550 Ndav =  17 E =    -89.7408351310 Error = 1.49e-18 FLOPS = 3.75e+10 Tdav = 25.78 T = 51.86
 <-- Site =   83 .. Mmps =  550 Ndav =   6 E =    -89.7408351434 Error = 2.27e-20 FLOPS = 4.10e+10 Tdav = 8.33 T = 34.83
 <-- Site =   82 .. Mmps =  550 Ndav =   6 E =    -89.7408351566 Error = 1.42e-18 FLOPS = 4.09e+10 Tdav = 8.49 T = 35.58
 <-- Site =   81 .. Mmps =  550 Ndav =   7 E =    -89.7408351902 Error = 1.13e-20 FLOPS = 4.07e+10 Tdav = 9.97 T = 36.75
 <-- Site =   80 .. Mmps =  550 Ndav =  20 E =    -89.7408391492 Error = 1.30e-18 FLOPS = 3.60e+10 Tdav = 31.61 T = 57.90
 <-- Site =   79 .. Mmps =  550 Ndav =  24 E =    -89.7408522457 Error = 3.26e-20 FLOPS = 3.42e+10 Tdav = 39.91 T = 65.98
 <-- Site =   78 .. Mmps =  550 Ndav =  29 E =    -89.7408888017 Error = 1.25e-18 FLOPS = 3.19e+10 Tdav = 51.69 T = 77.80
 <-- Site =   77 .. Mmps =  550 Ndav =  26 E =    -89.7409107976 Error = 5.97e-20 FLOPS = 3.33e+10 Tdav = 44.40 T = 70.51
 <-- Site =   76 .. Mmps =  550 Ndav =  24 E =    -89.7409382437 Error = 7.20e-20 FLOPS = 3.43e+10 Tdav = 39.87 T = 66.34
 <-- Site =   75 .. Mmps =  550 Ndav =  21 E =    -89.7409650568 Error = 2.66e-20 FLOPS = 3.58e+10 Tdav = 33.93 T = 60.70
 <-- Site =   74 .. Mmps =  550 Ndav =  20 E =    -89.7409873736 Error = 3.21e-20 FLOPS = 3.61e+10 Tdav = 31.49 T = 58.20
 <-- Site =   73 .. Mmps =  550 Ndav =  19 E =    -89.7410120622 Error = 1.34e-20 FLOPS = 3.67e+10 Tdav = 29.98 T = 57.07
 <-- Site =   72 .. Mmps =  550 Ndav =  18 E =    -89.7410305399 Error = 6.27e-21 FLOPS = 3.72e+10 Tdav = 27.98 T = 54.61
 <-- Site =   71 .. Mmps =  550 Ndav =  19 E =    -89.7410505170 Error = 1.20e-20 FLOPS = 3.53e+10 Tdav = 30.62 T = 56.79
 <-- Site =   70 .. Mmps =  550 Ndav =  17 E =    -89.7410572238 Error = 2.74e-20 FLOPS = 3.54e+10 Tdav = 27.29 T = 53.68
 <-- Site =   69 .. Mmps =  550 Ndav =  16 E =    -89.7410644132 Error = 5.16e-20 FLOPS = 3.51e+10 Tdav = 25.92 T = 52.72
 <-- Site =   68 .. Mmps =  550 Ndav =  16 E =    -89.7410680279 Error = 2.90e-20 FLOPS = 3.53e+10 Tdav = 25.77 T = 51.98
 <-- Site =   67 .. Mmps =  550 Ndav =  15 E =    -89.7410729174 Error = 9.82e-21 FLOPS = 3.49e+10 Tdav = 24.05 T = 49.96
 <-- Site =   66 .. Mmps =  550 Ndav =  15 E =    -89.7410760391 Error = 2.63e-20 FLOPS = 3.50e+10 Tdav = 23.95 T = 49.90
 <-- Site =   65 .. Mmps =  550 Ndav =  17 E =    -89.7410792511 Error = 2.38e-19 FLOPS = 3.43e+10 Tdav = 27.71 T = 53.29
 <-- Site =   64 .. Mmps =  550 Ndav =  15 E =    -89.7410801840 Error = 5.68e-20 FLOPS = 3.49e+10 Tdav = 23.61 T = 48.71
 <-- Site =   63 .. Mmps =  550 Ndav =  13 E =    -89.7410808646 Error = 9.52e-19 FLOPS = 4.22e+10 Tdav = 16.90 T = 40.93
 <-- Site =   62 .. Mmps =  550 Ndav =  16 E =    -89.7410811469 Error = 9.46e-21 FLOPS = 4.18e+10 Tdav = 21.00 T = 44.26
 <-- Site =   61 .. Mmps =  550 Ndav =  12 E =    -89.7410816886 Error = 1.01e-18 FLOPS = 4.36e+10 Tdav = 14.83 T = 37.48
 <-- Site =   60 .. Mmps =  550 Ndav =  11 E =    -89.7410820777 Error = 1.15e-20 FLOPS = 4.40e+10 Tdav = 13.47 T = 35.95
 <-- Site =   59 .. Mmps =  550 Ndav =  13 E =    -89.7410829477 Error = 7.50e-19 FLOPS = 4.32e+10 Tdav = 16.23 T = 38.44
 <-- Site =   58 .. Mmps =  550 Ndav =  11 E =    -89.7410835179 Error = 8.72e-21 FLOPS = 4.40e+10 Tdav = 13.22 T = 34.95
 <-- Site =   57 .. Mmps =  550 Ndav =  14 E =    -89.7410855535 Error = 4.11e-19 FLOPS = 4.24e+10 Tdav = 17.48 T = 39.25
 <-- Site =   56 .. Mmps =  550 Ndav =  14 E =    -89.7410881503 Error = 2.83e-20 FLOPS = 4.24e+10 Tdav = 17.48 T = 39.26
 <-- Site =   55 .. Mmps =  550 Ndav =  19 E =    -89.7410948594 Error = 1.42e-18 FLOPS = 3.98e+10 Tdav = 25.24 T = 46.86
 <-- Site =   54 .. Mmps =  550 Ndav =  19 E =    -89.7411039916 Error = 2.70e-20 FLOPS = 3.98e+10 Tdav = 24.79 T = 45.85
 <-- Site =   53 .. Mmps =  550 Ndav =  23 E =    -89.7411140065 Error = 8.42e-19 FLOPS = 3.75e+10 Tdav = 31.81 T = 52.57
 <-- Site =   52 .. Mmps =  550 Ndav =  23 E =    -89.7411263999 Error = 2.54e-19 FLOPS = 3.73e+10 Tdav = 31.35 T = 51.33
 <-- Site =   51 .. Mmps =  550 Ndav =  19 E =    -89.7411337545 Error = 7.43e-20 FLOPS = 3.96e+10 Tdav = 23.96 T = 43.21
 <-- Site =   50 .. Mmps =  550 Ndav =  22 E =    -89.7411465159 Error = 5.67e-20 FLOPS = 3.77e+10 Tdav = 28.57 T = 47.42
 <-- Site =   49 .. Mmps =  550 Ndav =  18 E =    -89.7411563987 Error = 1.74e-20 FLOPS = 3.99e+10 Tdav = 22.07 T = 40.54
 <-- Site =   48 .. Mmps =  550 Ndav =  19 E =    -89.7411685403 Error = 4.27e-20 FLOPS = 3.93e+10 Tdav = 23.15 T = 41.40
 <-- Site =   47 .. Mmps =  550 Ndav =  16 E =    -89.7411781918 Error = 1.19e-20 FLOPS = 4.10e+10 Tdav = 18.69 T = 36.48
 <-- Site =   46 .. Mmps =  550 Ndav =  16 E =    -89.7411887186 Error = 1.79e-20 FLOPS = 4.10e+10 Tdav = 18.32 T = 35.76
 <-- Site =   45 .. Mmps =  550 Ndav =  16 E =    -89.7411952192 Error = 3.84e-20 FLOPS = 4.10e+10 Tdav = 18.33 T = 35.50
 <-- Site =   44 .. Mmps =  550 Ndav =  17 E =    -89.7412027481 Error = 9.53e-21 FLOPS = 4.02e+10 Tdav = 19.40 T = 35.93
 <-- Site =   43 .. Mmps =  550 Ndav =  17 E =    -89.7412078868 Error = 4.55e-20 FLOPS = 4.02e+10 Tdav = 19.01 T = 35.28
 <-- Site =   42 .. Mmps =  550 Ndav =  15 E =    -89.7412126032 Error = 1.28e-20 FLOPS = 3.90e+10 Tdav = 17.29 T = 33.14
 <-- Site =   41 .. Mmps =  550 Ndav =  16 E =    -89.7412157396 Error = 2.71e-20 FLOPS = 3.87e+10 Tdav = 18.15 T = 33.73
 <-- Site =   40 .. Mmps =  550 Ndav =  18 E =    -89.7412189812 Error = 2.84e-20 FLOPS = 3.75e+10 Tdav = 20.59 T = 35.57
 <-- Site =   39 .. Mmps =  550 Ndav =  16 E =    -89.7412226722 Error = 1.82e-19 FLOPS = 3.78e+10 Tdav = 17.74 T = 32.00
 <-- Site =   38 .. Mmps =  550 Ndav =  14 E =    -89.7412249691 Error = 6.80e-19 FLOPS = 3.85e+10 Tdav = 14.90 T = 28.54
 <-- Site =   37 .. Mmps =  550 Ndav =  19 E =    -89.7412277553 Error = 4.81e-20 FLOPS = 3.33e+10 Tdav = 22.79 T = 36.55
 <-- Site =   36 .. Mmps =  550 Ndav =  16 E =    -89.7412326659 Error = 3.24e-18 FLOPS = 3.52e+10 Tdav = 17.68 T = 30.87
 <-- Site =   35 .. Mmps =  550 Ndav =  21 E =    -89.7412368535 Error = 2.13e-20 FLOPS = 3.20e+10 Tdav = 24.88 T = 36.93
 <-- Site =   34 .. Mmps =  550 Ndav =  19 E =    -89.7412426872 Error = 8.75e-19 FLOPS = 3.32e+10 Tdav = 21.17 T = 33.01
 <-- Site =   33 .. Mmps =  550 Ndav =  24 E =    -89.7412480913 Error = 4.78e-20 FLOPS = 3.15e+10 Tdav = 27.37 T = 38.40
 <-- Site =   32 .. Mmps =  550 Ndav =  19 E =    -89.7412532089 Error = 5.31e-18 FLOPS = 3.39e+10 Tdav = 19.56 T = 30.03
 <-- Site =   31 .. Mmps =  550 Ndav =  17 E =    -89.7412563534 Error = 3.70e-20 FLOPS = 3.50e+10 Tdav = 16.51 T = 26.45
 <-- Site =   30 .. Mmps =  550 Ndav =  18 E =    -89.7412603047 Error = 2.33e-18 FLOPS = 3.40e+10 Tdav = 17.46 T = 26.87
 <-- Site =   29 .. Mmps =  550 Ndav =  18 E =    -89.7412641748 Error = 1.06e-19 FLOPS = 3.22e+10 Tdav = 17.87 T = 26.82
 <-- Site =   28 .. Mmps =  550 Ndav =  20 E =    -89.7412695181 Error = 2.48e-18 FLOPS = 3.06e+10 Tdav = 20.23 T = 28.97
 <-- Site =   27 .. Mmps =  550 Ndav =  24 E =    -89.7412746549 Error = 1.36e-19 FLOPS = 2.78e+10 Tdav = 25.83 T = 33.98
 <-- Site =   26 .. Mmps =  550 Ndav =  24 E =    -89.7412771540 Error = 4.06e-18 FLOPS = 2.76e+10 Tdav = 25.20 T = 33.02
 <-- Site =   25 .. Mmps =  550 Ndav =  20 E =    -89.7412778422 Error = 2.81e-19 FLOPS = 2.97e+10 Tdav = 18.83 T = 26.04
 <-- Site =   24 .. Mmps =  550 Ndav =  13 E =    -89.7412789072 Error = 1.86e-19 FLOPS = 3.41e+10 Tdav = 10.28 T = 17.11
 <-- Site =   23 .. Mmps =  550 Ndav =  15 E =    -89.7412804937 Error = 6.04e-19 FLOPS = 3.26e+10 Tdav = 11.94 T = 18.35
 <-- Site =   22 .. Mmps =  550 Ndav =  14 E =    -89.7412820710 Error = 2.26e-19 FLOPS = 3.30e+10 Tdav = 10.59 T = 16.58
 <-- Site =   21 .. Mmps =  550 Ndav =  16 E =    -89.7412846518 Error = 9.45e-20 FLOPS = 3.13e+10 Tdav = 12.23 T = 17.71
 <-- Site =   20 .. Mmps =  550 Ndav =  14 E =    -89.7412866311 Error = 9.24e-20 FLOPS = 3.24e+10 Tdav = 9.92 T = 15.11
 <-- Site =   19 .. Mmps =  550 Ndav =  17 E =    -89.7412898350 Error = 7.63e-20 FLOPS = 2.98e+10 Tdav = 12.55 T = 17.51
 <-- Site =   18 .. Mmps =  550 Ndav =  15 E =    -89.7412921097 Error = 9.93e-20 FLOPS = 3.10e+10 Tdav = 10.14 T = 14.61
 <-- Site =   17 .. Mmps =  550 Ndav =  17 E =    -89.7412954020 Error = 8.74e-20 FLOPS = 2.92e+10 Tdav = 11.62 T = 15.72
 <-- Site =   16 .. Mmps =  550 Ndav =  14 E =    -89.7412978328 Error = 8.39e-20 FLOPS = 3.11e+10 Tdav = 8.53 T = 12.38
 <-- Site =   15 .. Mmps =  550 Ndav =  17 E =    -89.7413011435 Error = 2.31e-19 FLOPS = 2.83e+10 Tdav = 10.81 T = 14.31
 <-- Site =   14 .. Mmps =  550 Ndav =  13 E =    -89.7413030545 Error = 2.37e-19 FLOPS = 3.10e+10 Tdav = 7.11 T = 10.39
 <-- Site =   13 .. Mmps =  550 Ndav =  15 E =    -89.7413058399 Error = 4.37e-18 FLOPS = 2.90e+10 Tdav = 8.26 T = 11.20
 <-- Site =   12 .. Mmps =  550 Ndav =  12 E =    -89.7413070330 Error = 1.53e-17 FLOPS = 3.09e+10 Tdav = 5.81 T = 8.40
 <-- Site =   11 .. Mmps =  550 Ndav =   9 E =    -89.7413072127 Error = 1.21e-17 FLOPS = 3.29e+10 Tdav = 3.83 T = 6.27
 <-- Site =   10 .. Mmps =  550 Ndav =   4 E =    -89.7413072240 Error = 2.09e-18 FLOPS = 3.55e+10 Tdav = 1.46 T = 3.59
 <-- Site =    9 .. Mmps =  550 Ndav =   1 E =    -89.7413072240 Error = 5.16e-24 FLOPS = 3.17e+10 Tdav = 0.34 T = 2.12
 <-- Site =    8 .. Mmps =  550 Ndav =   1 E =    -89.7413072240 Error = 1.70e-33 FLOPS = 2.77e+10 Tdav = 0.12 T = 1.24
 <-- Site =    7 .. Mmps =  550 Ndav =   1 E =    -89.7413072240 Error = 7.26e-53 FLOPS = 2.40e+10 Tdav = 0.05 T = 0.98
 <-- Site =    6 .. Mmps =  550 Ndav =   1 E =    -89.7413072240 Error = 1.28e-75 FLOPS = 2.02e+10 Tdav = 0.02 T = 0.89
 <-- Site =    5 .. Mmps =  550 Ndav =   1 E =    -89.7413072240 Error = 3.80e-92 FLOPS = 1.66e+10 Tdav = 0.01 T = 0.79
 <-- Site =    4 .. Mmps =  550 Ndav =   1 E =    -89.7413072240 Error = 3.38e-104 FLOPS = 1.26e+10 Tdav = 0.01 T = 0.73
 <-- Site =    3 .. Mmps =  550 Ndav =   1 E =    -89.7413072240 Error = 7.45e-108 FLOPS = 9.18e+09 Tdav = 0.00 T = 0.69
 <-- Site =    2 .. Mmps =  549 Ndav =   1 E =    -89.7413072240 Error = 0.00e+00 FLOPS = 6.06e+09 Tdav = 0.00 T = 0.57
 <-- Site =    1 .. Mmps =  549 Ndav =   1 E =    -89.7413072240 Error = 0.00e+00 FLOPS = 3.59e+09 Tdav = 0.00 T = 0.59
 <-- Site =    0 .. Mmps =  549 Ndav =   1 E =    -89.7413072240 Error = 0.00e+00 FLOPS = 2.54e+09 Tdav = 0.00 T = 0.52
Time elapsed =  26019.044 | E =     -89.7413072240 | DE = -4.98e-04 | DW = 1.52557e-17
Time sweep =     4749.478 | 76.0 TFLOP/SWP
 | Dmem = 141 MB (3%) | Imem = 232 B (79%) | Hmem = 672 MB | Wmem = 4.62 MB | Pmem = 0 B
 | Tread = 87.979 | Twrite = 31.161 | Tfpread = 86.642 | Tfpwrite = 19.790 | Tmporead = 0.000 | Tasync = 0.000
 | data = 14.8 GB | cpsd = 9.85 GB
 | Trot = 155.610 | Tctr = 167.207 | Tint = 0.010 | Tmid = 0.000 | Tdctr = 0.010 | Tdiag = 1.450 | Tinfo = 2.556
 | Teff = 2007.122 | Tprt = 0.000 | Teig = 2263.904 | Tblk = 4321.221 | Tmve = 428.243 | Tdm = 2.458 | Tsplt = 34.987 | Tsvd = 0.000 | Torth = 0.000

Sweep =   10 | Direction =  forward | Bond dimension =  550 | Noise =  0.00e+00 | Dav threshold =  1.00e-08
 --> Site =    0 .. Mmps =    2 Ndav =   1 E =    -89.7413072240 Error = 0.00e+00 FLOPS = 2.21e+09 Tdav = 0.00 T = 0.02
 --> Site =    1 .. Mmps =    4 Ndav =   1 E =    -89.7413072240 Error = 0.00e+00 FLOPS = 3.63e+09 Tdav = 0.00 T = 0.05
 --> Site =    2 .. Mmps =    8 Ndav =   1 E =    -89.7413072240 Error = 0.00e+00 FLOPS = 5.99e+09 Tdav = 0.00 T = 0.05
 --> Site =    3 .. Mmps =   16 Ndav =   1 E =    -89.7413072240 Error = 0.00e+00 FLOPS = 9.42e+09 Tdav = 0.00 T = 0.06
 --> Site =    4 .. Mmps =   32 Ndav =   1 E =    -89.7413072240 Error = 0.00e+00 FLOPS = 1.27e+10 Tdav = 0.01 T = 0.07
 --> Site =    5 .. Mmps =   64 Ndav =   1 E =    -89.7413072240 Error = 0.00e+00 FLOPS = 1.66e+10 Tdav = 0.01 T = 0.08
 --> Site =    6 .. Mmps =  128 Ndav =   1 E =    -89.7413072240 Error = 0.00e+00 FLOPS = 2.01e+10 Tdav = 0.02 T = 0.11
 --> Site =    7 .. Mmps =  256 Ndav =   1 E =    -89.7413072240 Error = 0.00e+00 FLOPS = 2.44e+10 Tdav = 0.05 T = 0.18
 --> Site =    8 .. Mmps =  512 Ndav =   1 E =    -89.7413072240 Error = 0.00e+00 FLOPS = 2.81e+10 Tdav = 0.12 T = 0.45
 --> Site =    9 .. Mmps =  550 Ndav =   1 E =    -89.7413072240 Error = 1.50e-24 FLOPS = 3.19e+10 Tdav = 0.33 T = 1.67
 --> Site =   10 .. Mmps =  550 Ndav =   1 E =    -89.7413072240 Error = 6.69e-24 FLOPS = 3.11e+10 Tdav = 0.42 T = 2.36
 --> Site =   11 .. Mmps =  550 Ndav =   1 E =    -89.7413072240 Error = 3.35e-23 FLOPS = 3.18e+10 Tdav = 0.44 T = 2.62
 --> Site =   12 .. Mmps =  550 Ndav =   2 E =    -89.7413072244 Error = 1.81e-20 FLOPS = 3.53e+10 Tdav = 0.85 T = 3.24
 --> Site =   13 .. Mmps =  550 Ndav =   4 E =    -89.7413072308 Error = 3.20e-19 FLOPS = 3.61e+10 Tdav = 1.77 T = 4.41
 --> Site =   14 .. Mmps =  550 Ndav =   5 E =    -89.7413072683 Error = 8.66e-19 FLOPS = 3.62e+10 Tdav = 2.34 T = 5.30
 --> Site =   15 .. Mmps =  550 Ndav =   6 E =    -89.7413073200 Error = 1.25e-18 FLOPS = 3.62e+10 Tdav = 2.98 T = 6.19
 --> Site =   16 .. Mmps =  550 Ndav =   6 E =    -89.7413073841 Error = 7.81e-19 FLOPS = 3.66e+10 Tdav = 3.11 T = 6.62
 --> Site =   17 .. Mmps =  550 Ndav =   7 E =    -89.7413074552 Error = 1.38e-18 FLOPS = 3.63e+10 Tdav = 3.85 T = 7.62
 --> Site =   18 .. Mmps =  550 Ndav =   7 E =    -89.7413075294 Error = 1.17e-18 FLOPS = 3.72e+10 Tdav = 3.95 T = 7.98
 --> Site =   19 .. Mmps =  550 Ndav =   8 E =    -89.7413076079 Error = 1.45e-18 FLOPS = 3.72e+10 Tdav = 4.73 T = 9.05
 --> Site =   20 .. Mmps =  550 Ndav =   8 E =    -89.7413076882 Error = 4.99e-19 FLOPS = 3.86e+10 Tdav = 4.75 T = 9.50
 --> Site =   21 .. Mmps =  550 Ndav =   8 E =    -89.7413077629 Error = 1.09e-18 FLOPS = 3.89e+10 Tdav = 4.93 T = 9.89
 --> Site =   22 .. Mmps =  550 Ndav =   8 E =    -89.7413078321 Error = 4.59e-19 FLOPS = 3.90e+10 Tdav = 5.12 T = 10.39
 --> Site =   23 .. Mmps =  550 Ndav =   8 E =    -89.7413079061 Error = 1.79e-18 FLOPS = 3.95e+10 Tdav = 5.26 T = 10.94
 --> Site =   24 .. Mmps =  550 Ndav =   8 E =    -89.7413079935 Error = 5.63e-19 FLOPS = 4.06e+10 Tdav = 5.31 T = 11.29
 --> Site =   25 .. Mmps =  550 Ndav =  10 E =    -89.7413081737 Error = 4.67e-19 FLOPS = 3.97e+10 Tdav = 7.05 T = 13.50
 --> Site =   26 .. Mmps =  550 Ndav =   7 E =    -89.7413082402 Error = 1.73e-18 FLOPS = 3.66e+10 Tdav = 5.54 T = 12.67
 --> Site =   27 .. Mmps =  550 Ndav =   8 E =    -89.7413083294 Error = 7.41e-19 FLOPS = 3.66e+10 Tdav = 6.55 T = 14.19
 --> Site =   28 .. Mmps =  550 Ndav =   9 E =    -89.7413085000 Error = 5.21e-19 FLOPS = 3.70e+10 Tdav = 7.52 T = 15.56
 --> Site =   29 .. Mmps =  550 Ndav =   9 E =    -89.7413086835 Error = 7.54e-19 FLOPS = 4.00e+10 Tdav = 7.19 T = 15.66
 --> Site =   30 .. Mmps =  550 Ndav =   8 E =    -89.7413088222 Error = 8.52e-19 FLOPS = 3.70e+10 Tdav = 7.13 T = 16.08
 --> Site =   31 .. Mmps =  550 Ndav =   8 E =    -89.7413089200 Error = 9.62e-19 FLOPS = 3.74e+10 Tdav = 7.26 T = 16.85
 --> Site =   32 .. Mmps =  550 Ndav =   8 E =    -89.7413089911 Error = 6.74e-20 FLOPS = 3.89e+10 Tdav = 7.19 T = 17.11
 --> Site =   33 .. Mmps =  550 Ndav =   8 E =    -89.7413090429 Error = 4.07e-19 FLOPS = 3.69e+10 Tdav = 7.79 T = 17.99
 --> Site =   34 .. Mmps =  550 Ndav =   8 E =    -89.7413090933 Error = 1.50e-19 FLOPS = 3.71e+10 Tdav = 7.97 T = 19.13
 --> Site =   35 .. Mmps =  550 Ndav =   7 E =    -89.7413091313 Error = 7.94e-20 FLOPS = 3.96e+10 Tdav = 6.70 T = 18.19
 --> Site =   36 .. Mmps =  550 Ndav =   6 E =    -89.7413091598 Error = 1.49e-19 FLOPS = 3.78e+10 Tdav = 6.18 T = 18.02
 --> Site =   37 .. Mmps =  550 Ndav =   6 E =    -89.7413091795 Error = 1.47e-19 FLOPS = 3.80e+10 Tdav = 6.31 T = 19.26
 --> Site =   38 .. Mmps =  550 Ndav =   7 E =    -89.7413092063 Error = 2.26e-19 FLOPS = 4.11e+10 Tdav = 6.98 T = 20.39
 --> Site =   39 .. Mmps =  550 Ndav =   5 E =    -89.7413092210 Error = 1.16e-19 FLOPS = 3.84e+10 Tdav = 5.46 T = 19.31
 --> Site =   40 .. Mmps =  550 Ndav =   6 E =    -89.7413092521 Error = 1.13e-19 FLOPS = 3.91e+10 Tdav = 6.59 T = 21.23
 --> Site =   41 .. Mmps =  550 Ndav =   6 E =    -89.7413092860 Error = 3.64e-19 FLOPS = 4.19e+10 Tdav = 6.29 T = 21.27
 --> Site =   42 .. Mmps =  550 Ndav =   6 E =    -89.7413093155 Error = 2.15e-19 FLOPS = 4.19e+10 Tdav = 6.44 T = 21.59
 --> Site =   43 .. Mmps =  550 Ndav =   7 E =    -89.7413093761 Error = 3.62e-19 FLOPS = 4.25e+10 Tdav = 7.40 T = 22.91
 --> Site =   44 .. Mmps =  550 Ndav =   6 E =    -89.7413094090 Error = 1.30e-19 FLOPS = 4.27e+10 Tdav = 6.46 T = 22.34
 --> Site =   45 .. Mmps =  550 Ndav =   8 E =    -89.7413094676 Error = 8.41e-20 FLOPS = 4.22e+10 Tdav = 8.89 T = 25.26
 --> Site =   46 .. Mmps =  550 Ndav =   6 E =    -89.7413094876 Error = 1.28e-19 FLOPS = 4.22e+10 Tdav = 6.67 T = 23.38
 --> Site =   47 .. Mmps =  550 Ndav =   7 E =    -89.7413095195 Error = 2.07e-19 FLOPS = 4.16e+10 Tdav = 8.05 T = 25.09
 --> Site =   48 .. Mmps =  550 Ndav =   5 E =    -89.7413095287 Error = 1.08e-19 FLOPS = 4.05e+10 Tdav = 5.91 T = 23.52
 --> Site =   49 .. Mmps =  550 Ndav =   6 E =    -89.7413095470 Error = 4.65e-20 FLOPS = 3.92e+10 Tdav = 7.49 T = 26.10
 --> Site =   50 .. Mmps =  550 Ndav =   6 E =    -89.7413095572 Error = 1.07e-19 FLOPS = 3.97e+10 Tdav = 7.40 T = 26.34
 --> Site =   51 .. Mmps =  550 Ndav =   6 E =    -89.7413095719 Error = 2.33e-19 FLOPS = 3.90e+10 Tdav = 7.68 T = 26.64
 --> Site =   52 .. Mmps =  550 Ndav =   5 E =    -89.7413095790 Error = 1.61e-19 FLOPS = 3.85e+10 Tdav = 6.60 T = 26.87
 --> Site =   53 .. Mmps =  550 Ndav =   6 E =    -89.7413095977 Error = 1.87e-19 FLOPS = 3.93e+10 Tdav = 7.93 T = 28.78
 --> Site =   54 .. Mmps =  550 Ndav =   5 E =    -89.7413096078 Error = 1.93e-19 FLOPS = 4.06e+10 Tdav = 6.39 T = 27.28
 --> Site =   55 .. Mmps =  550 Ndav =   5 E =    -89.7413096246 Error = 6.50e-20 FLOPS = 4.04e+10 Tdav = 6.55 T = 27.52
 --> Site =   56 .. Mmps =  550 Ndav =   5 E =    -89.7413096402 Error = 7.20e-20 FLOPS = 4.00e+10 Tdav = 6.62 T = 28.39
 --> Site =   57 .. Mmps =  550 Ndav =   5 E =    -89.7413096559 Error = 9.16e-21 FLOPS = 4.03e+10 Tdav = 6.57 T = 28.13
 --> Site =   58 .. Mmps =  550 Ndav =   5 E =    -89.7413096692 Error = 4.76e-20 FLOPS = 3.87e+10 Tdav = 6.83 T = 28.65
 --> Site =   59 .. Mmps =  550 Ndav =   6 E =    -89.7413096824 Error = 1.09e-20 FLOPS = 3.85e+10 Tdav = 8.39 T = 30.66
 --> Site =   60 .. Mmps =  550 Ndav =   7 E =    -89.7413096982 Error = 2.77e-20 FLOPS = 3.85e+10 Tdav = 9.80 T = 32.51
 --> Site =   61 .. Mmps =  550 Ndav =   5 E =    -89.7413097089 Error = 2.28e-20 FLOPS = 3.88e+10 Tdav = 6.95 T = 29.62
 --> Site =   62 .. Mmps =  550 Ndav =   6 E =    -89.7413097171 Error = 1.98e-20 FLOPS = 3.86e+10 Tdav = 8.53 T = 31.58
 --> Site =   63 .. Mmps =  550 Ndav =   5 E =    -89.7413097227 Error = 1.37e-19 FLOPS = 3.84e+10 Tdav = 7.15 T = 30.98
 --> Site =   64 .. Mmps =  550 Ndav =   4 E =    -89.7413097259 Error = 1.21e-19 FLOPS = 3.81e+10 Tdav = 5.77 T = 29.39
 --> Site =   65 .. Mmps =  550 Ndav =   3 E =    -89.7413097272 Error = 1.20e-19 FLOPS = 3.85e+10 Tdav = 4.36 T = 28.46
 --> Site =   66 .. Mmps =  550 Ndav =   3 E =    -89.7413097296 Error = 4.44e-20 FLOPS = 3.83e+10 Tdav = 4.37 T = 28.53
 --> Site =   67 .. Mmps =  550 Ndav =   3 E =    -89.7413097320 Error = 1.22e-20 FLOPS = 3.78e+10 Tdav = 4.44 T = 28.83
 --> Site =   68 .. Mmps =  550 Ndav =   4 E =    -89.7413097353 Error = 1.34e-20 FLOPS = 3.83e+10 Tdav = 5.95 T = 30.60
 --> Site =   69 .. Mmps =  550 Ndav =   3 E =    -89.7413097374 Error = 1.60e-19 FLOPS = 3.79e+10 Tdav = 4.51 T = 29.63
 --> Site =   70 .. Mmps =  550 Ndav =   4 E =    -89.7413097416 Error = 3.32e-20 FLOPS = 3.89e+10 Tdav = 5.85 T = 30.99
 --> Site =   71 .. Mmps =  550 Ndav =   3 E =    -89.7413097438 Error = 1.02e-19 FLOPS = 3.90e+10 Tdav = 4.38 T = 29.37
 --> Site =   72 .. Mmps =  550 Ndav =   5 E =    -89.7413097495 Error = 6.67e-20 FLOPS = 4.25e+10 Tdav = 6.82 T = 31.61
 --> Site =   73 .. Mmps =  550 Ndav =   4 E =    -89.7413097528 Error = 1.22e-19 FLOPS = 3.78e+10 Tdav = 6.13 T = 31.69
 --> Site =   74 .. Mmps =  550 Ndav =   5 E =    -89.7413097598 Error = 5.71e-20 FLOPS = 3.91e+10 Tdav = 7.27 T = 32.66
 --> Site =   75 .. Mmps =  550 Ndav =   4 E =    -89.7413097631 Error = 4.01e-20 FLOPS = 3.94e+10 Tdav = 5.87 T = 31.32
 --> Site =   76 .. Mmps =  550 Ndav =   4 E =    -89.7413097681 Error = 7.24e-20 FLOPS = 3.82e+10 Tdav = 5.96 T = 31.23
 --> Site =   77 .. Mmps =  550 Ndav =   5 E =    -89.7413097750 Error = 1.07e-19 FLOPS = 3.81e+10 Tdav = 7.46 T = 32.14
 --> Site =   78 .. Mmps =  550 Ndav =   4 E =    -89.7413097793 Error = 1.94e-19 FLOPS = 3.94e+10 Tdav = 5.77 T = 30.84
 --> Site =   79 .. Mmps =  550 Ndav =   5 E =    -89.7413097857 Error = 2.54e-19 FLOPS = 3.83e+10 Tdav = 7.42 T = 31.96
 --> Site =   80 .. Mmps =  550 Ndav =   5 E =    -89.7413097965 Error = 7.47e-20 FLOPS = 4.33e+10 Tdav = 6.57 T = 31.33
 --> Site =   81 .. Mmps =  550 Ndav =   4 E =    -89.7413098014 Error = 4.85e-20 FLOPS = 3.72e+10 Tdav = 6.22 T = 30.84
 --> Site =   82 .. Mmps =  550 Ndav =   4 E =    -89.7413098062 Error = 2.03e-20 FLOPS = 3.81e+10 Tdav = 6.07 T = 31.82
 --> Site =   83 .. Mmps =  550 Ndav =   3 E =    -89.7413098088 Error = 5.62e-20 FLOPS = 3.70e+10 Tdav = 4.61 T = 29.88
 --> Site =   84 .. Mmps =  550 Ndav =   4 E =    -89.7413098118 Error = 4.03e-21 FLOPS = 3.73e+10 Tdav = 6.11 T = 31.12
 --> Site =   85 .. Mmps =  550 Ndav =   3 E =    -89.7413098144 Error = 4.18e-20 FLOPS = 3.72e+10 Tdav = 4.67 T = 30.15
 --> Site =   86 .. Mmps =  550 Ndav =   4 E =    -89.7413098173 Error = 7.92e-20 FLOPS = 3.84e+10 Tdav = 6.04 T = 31.64
 --> Site =   87 .. Mmps =  550 Ndav =   4 E =    -89.7413098206 Error = 1.74e-20 FLOPS = 4.26e+10 Tdav = 5.34 T = 29.88
 --> Site =   88 .. Mmps =  550 Ndav =   4 E =    -89.7413098231 Error = 2.29e-20 FLOPS = 4.29e+10 Tdav = 5.31 T = 29.18
 --> Site =   89 .. Mmps =  550 Ndav =   3 E =    -89.7413098246 Error = 6.11e-20 FLOPS = 4.35e+10 Tdav = 3.93 T = 27.85
 --> Site =   90 .. Mmps =  550 Ndav =   4 E =    -89.7413098267 Error = 1.23e-18 FLOPS = 4.36e+10 Tdav = 5.22 T = 29.41
 --> Site =   91 .. Mmps =  550 Ndav =   3 E =    -89.7413098274 Error = 3.18e-20 FLOPS = 4.37e+10 Tdav = 3.91 T = 27.90
 --> Site =   92 .. Mmps =  550 Ndav =   3 E =    -89.7413098285 Error = 2.29e-20 FLOPS = 4.43e+10 Tdav = 3.78 T = 27.25
 --> Site =   93 .. Mmps =  550 Ndav =   3 E =    -89.7413098297 Error = 9.14e-20 FLOPS = 4.41e+10 Tdav = 3.87 T = 27.34
 --> Site =   94 .. Mmps =  550 Ndav =   3 E =    -89.7413098308 Error = 4.40e-20 FLOPS = 4.46e+10 Tdav = 3.90 T = 28.15
 --> Site =   95 .. Mmps =  550 Ndav =   3 E =    -89.7413098324 Error = 1.17e-20 FLOPS = 4.27e+10 Tdav = 4.07 T = 28.88
 --> Site =   96 .. Mmps =  550 Ndav =   3 E =    -89.7413098335 Error = 5.09e-20 FLOPS = 4.26e+10 Tdav = 4.00 T = 28.45
 --> Site =   97 .. Mmps =  550 Ndav =   3 E =    -89.7413098356 Error = 2.92e-20 FLOPS = 4.25e+10 Tdav = 3.94 T = 27.55
 --> Site =   98 .. Mmps =  550 Ndav =   3 E =    -89.7413098369 Error = 3.66e-20 FLOPS = 4.19e+10 Tdav = 4.08 T = 28.06
 --> Site =   99 .. Mmps =  550 Ndav =   3 E =    -89.7413098384 Error = 2.49e-20 FLOPS = 4.26e+10 Tdav = 4.00 T = 28.04
 --> Site =  100 .. Mmps =  550 Ndav =   3 E =    -89.7413098395 Error = 1.30e-19 FLOPS = 4.19e+10 Tdav = 4.01 T = 27.77
 --> Site =  101 .. Mmps =  550 Ndav =   3 E =    -89.7413098411 Error = 1.41e-20 FLOPS = 4.20e+10 Tdav = 3.99 T = 27.51
 --> Site =  102 .. Mmps =  550 Ndav =   3 E =    -89.7413098423 Error = 1.06e-19 FLOPS = 4.20e+10 Tdav = 3.99 T = 27.29
 --> Site =  103 .. Mmps =  550 Ndav =   3 E =    -89.7413098441 Error = 1.55e-19 FLOPS = 4.19e+10 Tdav = 3.93 T = 26.84
 --> Site =  104 .. Mmps =  550 Ndav =   3 E =    -89.7413098452 Error = 9.44e-20 FLOPS = 4.19e+10 Tdav = 3.86 T = 26.10
 --> Site =  105 .. Mmps =  550 Ndav =   4 E =    -89.7413098476 Error = 1.12e-19 FLOPS = 4.26e+10 Tdav = 5.06 T = 26.74
 --> Site =  106 .. Mmps =  550 Ndav =   3 E =    -89.7413098487 Error = 6.80e-20 FLOPS = 4.18e+10 Tdav = 3.87 T = 25.72
 --> Site =  107 .. Mmps =  550 Ndav =   3 E =    -89.7413098508 Error = 1.38e-19 FLOPS = 4.28e+10 Tdav = 3.78 T = 25.63
 --> Site =  108 .. Mmps =  550 Ndav =   3 E =    -89.7413098522 Error = 9.11e-20 FLOPS = 4.20e+10 Tdav = 3.85 T = 25.80
 --> Site =  109 .. Mmps =  550 Ndav =   3 E =    -89.7413098543 Error = 1.12e-20 FLOPS = 4.20e+10 Tdav = 3.78 T = 25.21
 --> Site =  110 .. Mmps =  550 Ndav =   3 E =    -89.7413098565 Error = 4.80e-20 FLOPS = 4.17e+10 Tdav = 3.80 T = 24.93
 --> Site =  111 .. Mmps =  550 Ndav =   4 E =    -89.7413098599 Error = 3.52e-20 FLOPS = 4.45e+10 Tdav = 4.76 T = 25.80
 --> Site =  112 .. Mmps =  550 Ndav =   4 E =    -89.7413098648 Error = 7.02e-20 FLOPS = 4.45e+10 Tdav = 4.76 T = 25.57
 --> Site =  113 .. Mmps =  550 Ndav =   4 E =    -89.7413098712 Error = 1.94e-20 FLOPS = 4.50e+10 Tdav = 4.61 T = 25.02
 --> Site =  114 .. Mmps =  550 Ndav =   5 E =    -89.7413098794 Error = 2.57e-20 FLOPS = 4.53e+10 Tdav = 5.72 T = 25.60
 --> Site =  115 .. Mmps =  550 Ndav =   5 E =    -89.7413098859 Error = 1.41e-19 FLOPS = 4.56e+10 Tdav = 5.59 T = 24.88
 --> Site =  116 .. Mmps =  550 Ndav =   4 E =    -89.7413098904 Error = 1.91e-19 FLOPS = 4.54e+10 Tdav = 4.39 T = 22.92
 --> Site =  117 .. Mmps =  550 Ndav =   3 E =    -89.7413098921 Error = 2.01e-19 FLOPS = 4.52e+10 Tdav = 3.25 T = 21.12
 --> Site =  118 .. Mmps =  550 Ndav =   4 E =    -89.7413098959 Error = 5.91e-20 FLOPS = 4.45e+10 Tdav = 4.40 T = 22.08
 --> Site =  119 .. Mmps =  550 Ndav =   4 E =    -89.7413098989 Error = 7.60e-20 FLOPS = 4.43e+10 Tdav = 4.32 T = 21.86
 --> Site =  120 .. Mmps =  550 Ndav =   4 E =    -89.7413099031 Error = 2.00e-20 FLOPS = 4.54e+10 Tdav = 4.22 T = 20.98
 --> Site =  121 .. Mmps =  550 Ndav =   4 E =    -89.7413099069 Error = 6.17e-20 FLOPS = 4.54e+10 Tdav = 4.13 T = 20.78
 --> Site =  122 .. Mmps =  550 Ndav =   4 E =    -89.7413099130 Error = 4.31e-20 FLOPS = 4.53e+10 Tdav = 4.06 T = 19.91
 --> Site =  123 .. Mmps =  550 Ndav =   5 E =    -89.7413099183 Error = 5.53e-20 FLOPS = 4.52e+10 Tdav = 5.07 T = 20.77
 --> Site =  124 .. Mmps =  550 Ndav =   6 E =    -89.7413099289 Error = 3.65e-20 FLOPS = 4.44e+10 Tdav = 6.08 T = 21.60
 --> Site =  125 .. Mmps =  550 Ndav =   5 E =    -89.7413099377 Error = 8.30e-20 FLOPS = 4.49e+10 Tdav = 5.00 T = 20.11
 --> Site =  126 .. Mmps =  550 Ndav =   7 E =    -89.7413099507 Error = 8.21e-20 FLOPS = 4.44e+10 Tdav = 6.92 T = 21.74
 --> Site =  127 .. Mmps =  550 Ndav =   5 E =    -89.7413099569 Error = 4.85e-20 FLOPS = 4.42e+10 Tdav = 4.85 T = 19.02
 --> Site =  128 .. Mmps =  550 Ndav =   6 E =    -89.7413099660 Error = 8.69e-20 FLOPS = 4.50e+10 Tdav = 5.59 T = 19.06
 --> Site =  129 .. Mmps =  550 Ndav =   6 E =    -89.7413099756 Error = 3.34e-19 FLOPS = 4.49e+10 Tdav = 5.47 T = 18.33
 --> Site =  130 .. Mmps =  550 Ndav =   4 E =    -89.7413099812 Error = 1.06e-19 FLOPS = 4.51e+10 Tdav = 3.54 T = 15.88
 --> Site =  131 .. Mmps =  550 Ndav =   5 E =    -89.7413099879 Error = 3.67e-19 FLOPS = 4.49e+10 Tdav = 4.34 T = 16.26
 --> Site =  132 .. Mmps =  550 Ndav =   5 E =    -89.7413099983 Error = 9.78e-20 FLOPS = 4.48e+10 Tdav = 4.23 T = 15.53
 --> Site =  133 .. Mmps =  550 Ndav =   5 E =    -89.7413100088 Error = 2.35e-19 FLOPS = 4.47e+10 Tdav = 4.13 T = 14.91
 --> Site =  134 .. Mmps =  550 Ndav =   5 E =    -89.7413100265 Error = 2.22e-20 FLOPS = 4.48e+10 Tdav = 4.01 T = 14.36
 --> Site =  135 .. Mmps =  550 Ndav =   6 E =    -89.7413100453 Error = 2.09e-19 FLOPS = 4.44e+10 Tdav = 4.72 T = 14.73
 --> Site =  136 .. Mmps =  550 Ndav =   6 E =    -89.7413100685 Error = 7.99e-20 FLOPS = 4.36e+10 Tdav = 4.67 T = 14.10
 --> Site =  137 .. Mmps =  550 Ndav =   6 E =    -89.7413100914 Error = 4.44e-19 FLOPS = 4.44e+10 Tdav = 4.46 T = 13.31
 --> Site =  138 .. Mmps =  550 Ndav =   6 E =    -89.7413101230 Error = 2.82e-20 FLOPS = 4.42e+10 Tdav = 4.33 T = 12.75
 --> Site =  139 .. Mmps =  550 Ndav =   6 E =    -89.7413101586 Error = 3.97e-19 FLOPS = 4.41e+10 Tdav = 4.21 T = 12.17
 --> Site =  140 .. Mmps =  550 Ndav =   7 E =    -89.7413102180 Error = 2.46e-19 FLOPS = 4.37e+10 Tdav = 4.80 T = 12.31
 --> Site =  141 .. Mmps =  550 Ndav =   7 E =    -89.7413102856 Error = 3.97e-19 FLOPS = 4.34e+10 Tdav = 4.67 T = 11.84
 --> Site =  142 .. Mmps =  550 Ndav =   8 E =    -89.7413103940 Error = 4.51e-19 FLOPS = 4.22e+10 Tdav = 5.30 T = 12.22
 --> Site =  143 .. Mmps =  550 Ndav =   6 E =    -89.7413104375 Error = 4.05e-19 FLOPS = 4.39e+10 Tdav = 3.68 T = 9.93
 --> Site =  144 .. Mmps =  550 Ndav =   7 E =    -89.7413105377 Error = 5.99e-19 FLOPS = 4.33e+10 Tdav = 4.20 T = 10.18
 --> Site =  145 .. Mmps =  550 Ndav =   8 E =    -89.7413107030 Error = 1.45e-18 FLOPS = 4.24e+10 Tdav = 4.70 T = 10.23
 --> Site =  146 .. Mmps =  550 Ndav =   8 E =    -89.7413108578 Error = 2.65e-19 FLOPS = 4.24e+10 Tdav = 4.52 T = 9.73
 --> Site =  147 .. Mmps =  550 Ndav =  10 E =    -89.7413111111 Error = 6.38e-19 FLOPS = 4.08e+10 Tdav = 5.63 T = 10.42
 --> Site =  148 .. Mmps =  550 Ndav =   9 E =    -89.7413112761 Error = 1.99e-19 FLOPS = 4.13e+10 Tdav = 4.79 T = 9.20
 --> Site =  149 .. Mmps =  550 Ndav =  11 E =    -89.7413115336 Error = 4.99e-19 FLOPS = 3.96e+10 Tdav = 5.82 T = 10.05
 --> Site =  150 .. Mmps =  550 Ndav =   9 E =    -89.7413116645 Error = 1.39e-19 FLOPS = 4.07e+10 Tdav = 4.42 T = 8.32
 --> Site =  151 .. Mmps =  550 Ndav =  10 E =    -89.7413118382 Error = 5.70e-19 FLOPS = 3.97e+10 Tdav = 4.78 T = 8.43
 --> Site =  152 .. Mmps =  550 Ndav =   7 E =    -89.7413119190 Error = 2.74e-19 FLOPS = 4.16e+10 Tdav = 3.03 T = 6.40
 --> Site =  153 .. Mmps =  550 Ndav =  10 E =    -89.7413120555 Error = 1.11e-18 FLOPS = 3.90e+10 Tdav = 4.35 T = 7.36
 --> Site =  154 .. Mmps =  550 Ndav =   6 E =    -89.7413120899 Error = 5.34e-19 FLOPS = 4.16e+10 Tdav = 2.30 T = 5.12
 --> Site =  155 .. Mmps =  550 Ndav =   6 E =    -89.7413121288 Error = 4.21e-18 FLOPS = 4.13e+10 Tdav = 2.18 T = 4.69
 --> Site =  156 .. Mmps =  550 Ndav =   4 E =    -89.7413121400 Error = 4.53e-18 FLOPS = 4.17e+10 Tdav = 1.34 T = 3.61
 --> Site =  157 .. Mmps =  550 Ndav =   2 E =    -89.7413121407 Error = 1.87e-17 FLOPS = 3.98e+10 Tdav = 0.65 T = 2.74
 --> Site =  158 .. Mmps =  550 Ndav =   1 E =    -89.7413121407 Error = 2.09e-19 FLOPS = 3.48e+10 Tdav = 0.34 T = 2.24
 --> Site =  159 .. Mmps =  550 Ndav =   1 E =    -89.7413121407 Error = 4.36e-24 FLOPS = 3.47e+10 Tdav = 0.29 T = 2.07
 --> Site =  160 .. Mmps =  550 Ndav =   1 E =    -89.7413121407 Error = 1.76e-33 FLOPS = 3.19e+10 Tdav = 0.12 T = 1.59
 --> Site =  161 .. Mmps =  550 Ndav =   1 E =    -89.7413121407 Error = 1.14e-56 FLOPS = 2.84e+10 Tdav = 0.05 T = 1.33
 --> Site =  162 .. Mmps =  550 Ndav =   1 E =    -89.7413121407 Error = 5.90e-82 FLOPS = 2.67e+10 Tdav = 0.02 T = 1.14
 --> Site =  163 .. Mmps =  550 Ndav =   1 E =    -89.7413121407 Error = 1.14e-107 FLOPS = 1.92e+10 Tdav = 0.01 T = 0.98
 --> Site =  164 .. Mmps =  550 Ndav =   1 E =    -89.7413121407 Error = 1.12e-131 FLOPS = 1.62e+10 Tdav = 0.01 T = 0.88
 --> Site =  165 .. Mmps =  550 Ndav =   1 E =    -89.7413121407 Error = 1.23e-149 FLOPS = 9.04e+09 Tdav = 0.01 T = 0.73
 --> Site =  166 .. Mmps =  544 Ndav =   1 E =    -89.7413121407 Error = 0.00e+00 FLOPS = 5.23e+09 Tdav = 0.00 T = 0.59
 --> Site =  167 .. Mmps =  540 Ndav =   1 E =    -89.7413121407 Error = 0.00e+00 FLOPS = 2.78e+09 Tdav = 0.00 T = 0.46
 --> Site =  168 .. Mmps =  527 Ndav =   1 E =    -89.7413121407 Error = 0.00e+00 FLOPS = 3.24e+09 Tdav = 0.00 T = 0.30
Time elapsed =  29109.537 | E =     -89.7413121407 | DE = -4.92e-06 | DW = 1.87192e-17
Time sweep =     3090.493 | 28.4 TFLOP/SWP
 | Dmem = 141 MB (3%) | Imem = 232 B (79%) | Hmem = 672 MB | Wmem = 4.62 MB | Pmem = 0 B
 | Tread = 94.805 | Twrite = 31.187 | Tfpread = 93.425 | Tfpwrite = 20.518 | Tmporead = 0.000 | Tasync = 0.000
 | data = 14.8 GB | cpsd = 11.1 GB
 | Trot = 156.312 | Tctr = 1.443 | Tint = 0.009 | Tmid = 0.000 | Tdctr = 78.412 | Tdiag = 1.624 | Tinfo = 2.529
 | Teff = 2081.615 | Tprt = 0.000 | Teig = 766.488 | Tblk = 2897.492 | Tmve = 192.989 | Tdm = 2.397 | Tsplt = 34.324 | Tsvd = 0.000 | Torth = 0.000

Sweep =   11 | Direction = backward | Bond dimension =  550 | Noise =  0.00e+00 | Dav threshold =  1.00e-08
 <-- Site =  168 .. Mmps =    2 Ndav =   1 E =    -89.7413121407 Error = 0.00e+00 FLOPS = 2.40e+09 Tdav = 0.00 T = 0.02
 <-- Site =  167 .. Mmps =    4 Ndav =   1 E =    -89.7413121407 Error = 0.00e+00 FLOPS = 3.19e+09 Tdav = 0.00 T = 0.10
 <-- Site =  166 .. Mmps =    8 Ndav =   1 E =    -89.7413121407 Error = 0.00e+00 FLOPS = 5.58e+09 Tdav = 0.00 T = 0.15
 <-- Site =  165 .. Mmps =   16 Ndav =   1 E =    -89.7413121407 Error = 0.00e+00 FLOPS = 9.53e+09 Tdav = 0.01 T = 0.21
 <-- Site =  164 .. Mmps =   32 Ndav =   1 E =    -89.7413121407 Error = 0.00e+00 FLOPS = 1.60e+10 Tdav = 0.01 T = 0.30
 <-- Site =  163 .. Mmps =   64 Ndav =   1 E =    -89.7413121407 Error = 0.00e+00 FLOPS = 2.00e+10 Tdav = 0.01 T = 0.41
 <-- Site =  162 .. Mmps =  128 Ndav =   1 E =    -89.7413121407 Error = 0.00e+00 FLOPS = 2.66e+10 Tdav = 0.02 T = 0.53
 <-- Site =  161 .. Mmps =  256 Ndav =   1 E =    -89.7413121407 Error = 0.00e+00 FLOPS = 2.80e+10 Tdav = 0.06 T = 0.70
 <-- Site =  160 .. Mmps =  511 Ndav =   1 E =    -89.7413121407 Error = 0.00e+00 FLOPS = 3.14e+10 Tdav = 0.12 T = 0.97
 <-- Site =  159 .. Mmps =  550 Ndav =   1 E =    -89.7413121407 Error = 8.76e-26 FLOPS = 3.44e+10 Tdav = 0.29 T = 1.60
 <-- Site =  158 .. Mmps =  550 Ndav =   1 E =    -89.7413121407 Error = 3.47e-24 FLOPS = 3.48e+10 Tdav = 0.34 T = 2.19
 <-- Site =  157 .. Mmps =  550 Ndav =   1 E =    -89.7413121407 Error = 2.20e-23 FLOPS = 3.56e+10 Tdav = 0.36 T = 2.47
 <-- Site =  156 .. Mmps =  550 Ndav =   2 E =    -89.7413121409 Error = 1.46e-20 FLOPS = 4.02e+10 Tdav = 0.70 T = 2.99
 <-- Site =  155 .. Mmps =  550 Ndav =   3 E =    -89.7413121421 Error = 2.07e-19 FLOPS = 4.14e+10 Tdav = 1.08 T = 3.70
 <-- Site =  154 .. Mmps =  550 Ndav =   4 E =    -89.7413121477 Error = 1.34e-19 FLOPS = 4.17e+10 Tdav = 1.53 T = 4.47
 <-- Site =  153 .. Mmps =  550 Ndav =   4 E =    -89.7413121567 Error = 5.36e-19 FLOPS = 4.14e+10 Tdav = 1.64 T = 4.76
 <-- Site =  152 .. Mmps =  550 Ndav =   5 E =    -89.7413121711 Error = 2.36e-19 FLOPS = 4.22e+10 Tdav = 2.13 T = 5.58
 <-- Site =  151 .. Mmps =  550 Ndav =   5 E =    -89.7413121902 Error = 4.18e-19 FLOPS = 4.27e+10 Tdav = 2.22 T = 5.95
 <-- Site =  150 .. Mmps =  550 Ndav =   5 E =    -89.7413122075 Error = 1.61e-19 FLOPS = 4.23e+10 Tdav = 2.36 T = 6.39
 <-- Site =  149 .. Mmps =  550 Ndav =   6 E =    -89.7413122310 Error = 2.62e-19 FLOPS = 4.26e+10 Tdav = 2.95 T = 7.34
 <-- Site =  148 .. Mmps =  550 Ndav =   5 E =    -89.7413122501 Error = 1.22e-19 FLOPS = 4.16e+10 Tdav = 2.64 T = 7.36
 <-- Site =  147 .. Mmps =  550 Ndav =   5 E =    -89.7413122712 Error = 2.31e-19 FLOPS = 4.20e+10 Tdav = 2.73 T = 7.96
 <-- Site =  146 .. Mmps =  550 Ndav =   5 E =    -89.7413122898 Error = 1.37e-19 FLOPS = 4.21e+10 Tdav = 2.85 T = 8.43
 <-- Site =  145 .. Mmps =  550 Ndav =   6 E =    -89.7413123134 Error = 7.91e-20 FLOPS = 4.20e+10 Tdav = 3.57 T = 9.50
 <-- Site =  144 .. Mmps =  550 Ndav =   6 E =    -89.7413123390 Error = 6.11e-20 FLOPS = 4.14e+10 Tdav = 3.76 T = 10.08
 <-- Site =  143 .. Mmps =  550 Ndav =   8 E =    -89.7413124005 Error = 6.07e-19 FLOPS = 4.07e+10 Tdav = 5.30 T = 12.08
 <-- Site =  142 .. Mmps =  550 Ndav =   5 E =    -89.7413124180 Error = 4.82e-19 FLOPS = 4.20e+10 Tdav = 3.33 T = 10.50
 <-- Site =  141 .. Mmps =  550 Ndav =   6 E =    -89.7413124404 Error = 2.03e-19 FLOPS = 4.17e+10 Tdav = 4.16 T = 11.85
 <-- Site =  140 .. Mmps =  550 Ndav =   6 E =    -89.7413124841 Error = 2.04e-18 FLOPS = 4.16e+10 Tdav = 4.32 T = 12.54
 <-- Site =  139 .. Mmps =  550 Ndav =   6 E =    -89.7413125218 Error = 1.39e-19 FLOPS = 4.26e+10 Tdav = 4.36 T = 13.13
 <-- Site =  138 .. Mmps =  550 Ndav =   6 E =    -89.7413125573 Error = 9.39e-18 FLOPS = 4.22e+10 Tdav = 4.54 T = 13.72
 <-- Site =  137 .. Mmps =  550 Ndav =   5 E =    -89.7413125760 Error = 1.40e-19 FLOPS = 4.29e+10 Tdav = 3.84 T = 13.39
 <-- Site =  136 .. Mmps =  550 Ndav =   6 E =    -89.7413125925 Error = 1.92e-18 FLOPS = 4.36e+10 Tdav = 4.67 T = 14.90
 <-- Site =  135 .. Mmps =  550 Ndav =   5 E =    -89.7413126028 Error = 1.31e-19 FLOPS = 4.32e+10 Tdav = 4.04 T = 14.66
 <-- Site =  134 .. Mmps =  550 Ndav =   5 E =    -89.7413126117 Error = 7.69e-18 FLOPS = 4.19e+10 Tdav = 4.29 T = 15.52
 <-- Site =  133 .. Mmps =  550 Ndav =   4 E =    -89.7413126176 Error = 6.23e-20 FLOPS = 4.20e+10 Tdav = 3.52 T = 15.55
 <-- Site =  132 .. Mmps =  550 Ndav =   4 E =    -89.7413126223 Error = 9.41e-19 FLOPS = 4.12e+10 Tdav = 3.68 T = 16.12
 <-- Site =  131 .. Mmps =  550 Ndav =   4 E =    -89.7413126264 Error = 4.76e-20 FLOPS = 4.19e+10 Tdav = 3.72 T = 16.86
 <-- Site =  130 .. Mmps =  550 Ndav =   4 E =    -89.7413126303 Error = 1.24e-18 FLOPS = 4.24e+10 Tdav = 3.77 T = 17.44
 <-- Site =  129 .. Mmps =  550 Ndav =   3 E =    -89.7413126323 Error = 8.36e-20 FLOPS = 4.23e+10 Tdav = 2.91 T = 17.16
 <-- Site =  128 .. Mmps =  550 Ndav =   4 E =    -89.7413126353 Error = 6.81e-20 FLOPS = 4.38e+10 Tdav = 3.83 T = 18.65
 <-- Site =  127 .. Mmps =  550 Ndav =   4 E =    -89.7413126393 Error = 4.34e-20 FLOPS = 4.43e+10 Tdav = 3.87 T = 19.08
 <-- Site =  126 .. Mmps =  550 Ndav =   3 E =    -89.7413126417 Error = 8.21e-20 FLOPS = 4.46e+10 Tdav = 2.95 T = 18.72
 <-- Site =  125 .. Mmps =  550 Ndav =   4 E =    -89.7413126467 Error = 6.03e-20 FLOPS = 4.46e+10 Tdav = 4.03 T = 20.09
 <-- Site =  124 .. Mmps =  550 Ndav =   3 E =    -89.7413126490 Error = 1.46e-19 FLOPS = 4.47e+10 Tdav = 3.01 T = 19.50
 <-- Site =  123 .. Mmps =  550 Ndav =   4 E =    -89.7413126523 Error = 5.70e-20 FLOPS = 4.47e+10 Tdav = 4.11 T = 20.84
 <-- Site =  122 .. Mmps =  550 Ndav =   3 E =    -89.7413126538 Error = 1.69e-19 FLOPS = 4.45e+10 Tdav = 3.10 T = 20.31
 <-- Site =  121 .. Mmps =  550 Ndav =   3 E =    -89.7413126556 Error = 2.07e-20 FLOPS = 4.47e+10 Tdav = 3.15 T = 20.91
 <-- Site =  120 .. Mmps =  550 Ndav =   3 E =    -89.7413126564 Error = 7.04e-20 FLOPS = 4.46e+10 Tdav = 3.22 T = 21.34
 <-- Site =  119 .. Mmps =  550 Ndav =   3 E =    -89.7413126575 Error = 2.03e-20 FLOPS = 4.48e+10 Tdav = 3.21 T = 21.62
 <-- Site =  118 .. Mmps =  550 Ndav =   3 E =    -89.7413126583 Error = 4.39e-20 FLOPS = 4.41e+10 Tdav = 3.33 T = 22.35
 <-- Site =  117 .. Mmps =  550 Ndav =   3 E =    -89.7413126601 Error = 3.58e-19 FLOPS = 4.37e+10 Tdav = 3.36 T = 22.85
 <-- Site =  116 .. Mmps =  550 Ndav =   2 E =    -89.7413126606 Error = 6.65e-20 FLOPS = 3.85e+10 Tdav = 2.59 T = 22.83
 <-- Site =  115 .. Mmps =  550 Ndav =   3 E =    -89.7413126619 Error = 1.29e-18 FLOPS = 3.83e+10 Tdav = 3.98 T = 25.62
 <-- Site =  114 .. Mmps =  550 Ndav =   2 E =    -89.7413126624 Error = 5.29e-20 FLOPS = 3.80e+10 Tdav = 2.73 T = 24.82
 <-- Site =  113 .. Mmps =  550 Ndav =   3 E =    -89.7413126638 Error = 3.06e-19 FLOPS = 3.84e+10 Tdav = 4.06 T = 26.46
 <-- Site =  112 .. Mmps =  550 Ndav =   3 E =    -89.7413126652 Error = 2.31e-20 FLOPS = 3.99e+10 Tdav = 3.97 T = 26.75
 <-- Site =  111 .. Mmps =  550 Ndav =   3 E =    -89.7413126668 Error = 8.28e-19 FLOPS = 4.07e+10 Tdav = 3.90 T = 26.55
 <-- Site =  110 .. Mmps =  550 Ndav =   3 E =    -89.7413126680 Error = 4.63e-21 FLOPS = 4.02e+10 Tdav = 3.95 T = 26.61
 <-- Site =  109 .. Mmps =  550 Ndav =   3 E =    -89.7413126698 Error = 6.03e-18 FLOPS = 3.99e+10 Tdav = 3.97 T = 26.95
 <-- Site =  108 .. Mmps =  550 Ndav =   3 E =    -89.7413126710 Error = 1.40e-20 FLOPS = 4.00e+10 Tdav = 4.04 T = 27.49
 <-- Site =  107 .. Mmps =  550 Ndav =   3 E =    -89.7413126722 Error = 1.02e-18 FLOPS = 4.01e+10 Tdav = 4.03 T = 27.57
 <-- Site =  106 .. Mmps =  550 Ndav =   3 E =    -89.7413126731 Error = 8.86e-20 FLOPS = 4.12e+10 Tdav = 3.92 T = 27.40
 <-- Site =  105 .. Mmps =  550 Ndav =   2 E =    -89.7413126737 Error = 1.31e-18 FLOPS = 4.06e+10 Tdav = 2.66 T = 26.05
 <-- Site =  104 .. Mmps =  550 Ndav =   2 E =    -89.7413126743 Error = 1.86e-19 FLOPS = 4.20e+10 Tdav = 2.57 T = 26.31
 <-- Site =  103 .. Mmps =  550 Ndav =   2 E =    -89.7413126746 Error = 4.39e-20 FLOPS = 4.02e+10 Tdav = 2.73 T = 27.23
 <-- Site =  102 .. Mmps =  550 Ndav =   2 E =    -89.7413126750 Error = 1.19e-20 FLOPS = 4.01e+10 Tdav = 2.79 T = 27.81
 <-- Site =  101 .. Mmps =  550 Ndav =   2 E =    -89.7413126753 Error = 1.18e-20 FLOPS = 4.05e+10 Tdav = 2.76 T = 27.85
 <-- Site =  100 .. Mmps =  550 Ndav =   2 E =    -89.7413126757 Error = 2.17e-20 FLOPS = 4.02e+10 Tdav = 2.78 T = 28.37
 <-- Site =   99 .. Mmps =  550 Ndav =   2 E =    -89.7413126760 Error = 4.85e-20 FLOPS = 4.02e+10 Tdav = 2.83 T = 28.67
 <-- Site =   98 .. Mmps =  550 Ndav =   2 E =    -89.7413126763 Error = 2.29e-20 FLOPS = 4.04e+10 Tdav = 2.82 T = 28.48
 <-- Site =   97 .. Mmps =  550 Ndav =   2 E =    -89.7413126766 Error = 4.16e-20 FLOPS = 4.07e+10 Tdav = 2.74 T = 28.44
 <-- Site =   96 .. Mmps =  550 Ndav =   2 E =    -89.7413126769 Error = 1.80e-20 FLOPS = 4.09e+10 Tdav = 2.78 T = 29.19
 <-- Site =   95 .. Mmps =  550 Ndav =   2 E =    -89.7413126771 Error = 6.58e-21 FLOPS = 4.06e+10 Tdav = 2.85 T = 29.54
 <-- Site =   94 .. Mmps =  550 Ndav =   2 E =    -89.7413126773 Error = 1.15e-20 FLOPS = 4.04e+10 Tdav = 2.87 T = 29.23
 <-- Site =   93 .. Mmps =  550 Ndav =   2 E =    -89.7413126776 Error = 3.28e-20 FLOPS = 4.11e+10 Tdav = 2.77 T = 28.27
 <-- Site =   92 .. Mmps =  550 Ndav =   2 E =    -89.7413126779 Error = 3.55e-20 FLOPS = 4.03e+10 Tdav = 2.77 T = 28.29
 <-- Site =   91 .. Mmps =  550 Ndav =   2 E =    -89.7413126783 Error = 1.10e-19 FLOPS = 4.11e+10 Tdav = 2.77 T = 28.61
 <-- Site =   90 .. Mmps =  550 Ndav =   2 E =    -89.7413126786 Error = 2.18e-19 FLOPS = 4.08e+10 Tdav = 2.79 T = 28.75
 <-- Site =   89 .. Mmps =  550 Ndav =   2 E =    -89.7413126788 Error = 2.57e-20 FLOPS = 4.05e+10 Tdav = 2.81 T = 28.76
 <-- Site =   88 .. Mmps =  550 Ndav =   2 E =    -89.7413126792 Error = 2.43e-18 FLOPS = 4.04e+10 Tdav = 2.82 T = 28.76
 <-- Site =   87 .. Mmps =  550 Ndav =   2 E =    -89.7413126795 Error = 1.61e-20 FLOPS = 4.07e+10 Tdav = 2.80 T = 29.20
 <-- Site =   86 .. Mmps =  550 Ndav =   3 E =    -89.7413126802 Error = 2.74e-18 FLOPS = 4.11e+10 Tdav = 4.22 T = 30.93
 <-- Site =   85 .. Mmps =  550 Ndav =   2 E =    -89.7413126807 Error = 2.23e-20 FLOPS = 4.06e+10 Tdav = 2.85 T = 29.23
 <-- Site =   84 .. Mmps =  550 Ndav =   2 E =    -89.7413126812 Error = 4.34e-19 FLOPS = 4.24e+10 Tdav = 2.68 T = 28.62
 <-- Site =   83 .. Mmps =  550 Ndav =   2 E =    -89.7413126817 Error = 7.42e-21 FLOPS = 4.07e+10 Tdav = 2.80 T = 29.17
 <-- Site =   82 .. Mmps =  550 Ndav =   2 E =    -89.7413126821 Error = 4.89e-18 FLOPS = 4.05e+10 Tdav = 2.86 T = 29.67
 <-- Site =   81 .. Mmps =  550 Ndav =   3 E =    -89.7413126829 Error = 2.17e-20 FLOPS = 4.11e+10 Tdav = 4.22 T = 30.59
 <-- Site =   80 .. Mmps =  550 Ndav =   2 E =    -89.7413126836 Error = 1.35e-18 FLOPS = 3.99e+10 Tdav = 2.85 T = 28.84
 <-- Site =   79 .. Mmps =  550 Ndav =   2 E =    -89.7413126842 Error = 3.24e-20 FLOPS = 3.97e+10 Tdav = 2.87 T = 29.01
 <-- Site =   78 .. Mmps =  550 Ndav =   3 E =    -89.7413126853 Error = 9.47e-19 FLOPS = 4.12e+10 Tdav = 4.14 T = 30.15
 <-- Site =   77 .. Mmps =  550 Ndav =   2 E =    -89.7413126857 Error = 9.14e-20 FLOPS = 4.04e+10 Tdav = 2.81 T = 28.78
 <-- Site =   76 .. Mmps =  550 Ndav =   3 E =    -89.7413126865 Error = 1.79e-20 FLOPS = 4.08e+10 Tdav = 4.19 T = 30.47
 <-- Site =   75 .. Mmps =  550 Ndav =   2 E =    -89.7413126871 Error = 4.37e-20 FLOPS = 4.11e+10 Tdav = 2.82 T = 29.14
 <-- Site =   74 .. Mmps =  550 Ndav =   2 E =    -89.7413126875 Error = 3.61e-20 FLOPS = 4.19e+10 Tdav = 2.72 T = 29.12
 <-- Site =   73 .. Mmps =  550 Ndav =   2 E =    -89.7413126878 Error = 8.46e-21 FLOPS = 4.07e+10 Tdav = 2.84 T = 29.83
 <-- Site =   72 .. Mmps =  550 Ndav =   2 E =    -89.7413126881 Error = 1.19e-19 FLOPS = 4.38e+10 Tdav = 2.65 T = 28.97
 <-- Site =   71 .. Mmps =  550 Ndav =   2 E =    -89.7413126885 Error = 8.16e-21 FLOPS = 4.33e+10 Tdav = 2.63 T = 28.37
 <-- Site =   70 .. Mmps =  550 Ndav =   2 E =    -89.7413126888 Error = 5.45e-20 FLOPS = 4.28e+10 Tdav = 2.66 T = 28.37
 <-- Site =   69 .. Mmps =  550 Ndav =   2 E =    -89.7413126892 Error = 2.28e-20 FLOPS = 4.29e+10 Tdav = 2.65 T = 28.29
 <-- Site =   68 .. Mmps =  550 Ndav =   2 E =    -89.7413126895 Error = 4.85e-20 FLOPS = 4.26e+10 Tdav = 2.67 T = 28.19
 <-- Site =   67 .. Mmps =  550 Ndav =   2 E =    -89.7413126900 Error = 1.02e-20 FLOPS = 4.20e+10 Tdav = 2.66 T = 27.54
 <-- Site =   66 .. Mmps =  550 Ndav =   2 E =    -89.7413126904 Error = 1.38e-20 FLOPS = 4.23e+10 Tdav = 2.64 T = 27.42
 <-- Site =   65 .. Mmps =  550 Ndav =   3 E =    -89.7413126913 Error = 1.05e-19 FLOPS = 4.23e+10 Tdav = 3.96 T = 28.29
 <-- Site =   64 .. Mmps =  550 Ndav =   2 E =    -89.7413126915 Error = 6.01e-20 FLOPS = 4.20e+10 Tdav = 2.61 T = 26.78
 <-- Site =   63 .. Mmps =  550 Ndav =   2 E =    -89.7413126919 Error = 3.45e-19 FLOPS = 4.16e+10 Tdav = 2.64 T = 26.70
 <-- Site =   62 .. Mmps =  550 Ndav =   2 E =    -89.7413126921 Error = 2.41e-20 FLOPS = 3.80e+10 Tdav = 2.89 T = 26.69
 <-- Site =   61 .. Mmps =  550 Ndav =   2 E =    -89.7413126926 Error = 1.70e-18 FLOPS = 3.84e+10 Tdav = 2.81 T = 26.08
 <-- Site =   60 .. Mmps =  550 Ndav =   2 E =    -89.7413126930 Error = 5.41e-21 FLOPS = 3.74e+10 Tdav = 2.88 T = 26.29
 <-- Site =   59 .. Mmps =  550 Ndav =   2 E =    -89.7413126937 Error = 8.05e-19 FLOPS = 3.79e+10 Tdav = 2.84 T = 25.76
 <-- Site =   58 .. Mmps =  550 Ndav =   2 E =    -89.7413126943 Error = 3.24e-20 FLOPS = 3.81e+10 Tdav = 2.78 T = 25.24
 <-- Site =   57 .. Mmps =  550 Ndav =   3 E =    -89.7413126956 Error = 3.53e-20 FLOPS = 3.93e+10 Tdav = 4.04 T = 26.52
 <-- Site =   56 .. Mmps =  550 Ndav =   3 E =    -89.7413126967 Error = 1.38e-20 FLOPS = 3.93e+10 Tdav = 4.04 T = 26.36
 <-- Site =   55 .. Mmps =  550 Ndav =   3 E =    -89.7413126984 Error = 5.24e-19 FLOPS = 3.79e+10 Tdav = 4.18 T = 26.31
 <-- Site =   54 .. Mmps =  550 Ndav =   3 E =    -89.7413127007 Error = 1.24e-20 FLOPS = 3.78e+10 Tdav = 4.12 T = 25.94
 <-- Site =   53 .. Mmps =  550 Ndav =   3 E =    -89.7413127028 Error = 1.24e-18 FLOPS = 4.26e+10 Tdav = 3.65 T = 24.97
 <-- Site =   52 .. Mmps =  550 Ndav =   3 E =    -89.7413127051 Error = 2.30e-19 FLOPS = 4.17e+10 Tdav = 3.67 T = 24.21
 <-- Site =   51 .. Mmps =  550 Ndav =   3 E =    -89.7413127061 Error = 5.72e-20 FLOPS = 4.21e+10 Tdav = 3.55 T = 23.21
 <-- Site =   50 .. Mmps =  550 Ndav =   3 E =    -89.7413127077 Error = 2.36e-20 FLOPS = 4.23e+10 Tdav = 3.47 T = 22.74
 <-- Site =   49 .. Mmps =  550 Ndav =   3 E =    -89.7413127091 Error = 1.89e-20 FLOPS = 3.97e+10 Tdav = 3.69 T = 22.58
 <-- Site =   48 .. Mmps =  550 Ndav =   3 E =    -89.7413127106 Error = 7.50e-20 FLOPS = 4.20e+10 Tdav = 3.42 T = 21.78
 <-- Site =   47 .. Mmps =  550 Ndav =   3 E =    -89.7413127120 Error = 5.48e-20 FLOPS = 4.23e+10 Tdav = 3.40 T = 21.42
 <-- Site =   46 .. Mmps =  550 Ndav =   3 E =    -89.7413127142 Error = 1.15e-20 FLOPS = 3.89e+10 Tdav = 3.62 T = 21.82
 <-- Site =   45 .. Mmps =  550 Ndav =   3 E =    -89.7413127159 Error = 2.83e-20 FLOPS = 3.99e+10 Tdav = 3.53 T = 21.34
 <-- Site =   44 .. Mmps =  550 Ndav =   4 E =    -89.7413127186 Error = 1.91e-20 FLOPS = 4.00e+10 Tdav = 4.59 T = 21.51
 <-- Site =   43 .. Mmps =  550 Ndav =   3 E =    -89.7413127209 Error = 4.86e-20 FLOPS = 3.84e+10 Tdav = 3.51 T = 20.41
 <-- Site =   42 .. Mmps =  550 Ndav =   4 E =    -89.7413127242 Error = 1.38e-20 FLOPS = 3.97e+10 Tdav = 4.53 T = 20.79
 <-- Site =   41 .. Mmps =  550 Ndav =   3 E =    -89.7413127264 Error = 3.49e-20 FLOPS = 3.94e+10 Tdav = 3.34 T = 19.10
 <-- Site =   40 .. Mmps =  550 Ndav =   4 E =    -89.7413127316 Error = 3.47e-20 FLOPS = 3.69e+10 Tdav = 4.66 T = 19.94
 <-- Site =   39 .. Mmps =  550 Ndav =   4 E =    -89.7413127376 Error = 6.03e-19 FLOPS = 3.75e+10 Tdav = 4.47 T = 19.16
 <-- Site =   38 .. Mmps =  550 Ndav =   4 E =    -89.7413127412 Error = 5.85e-19 FLOPS = 3.67e+10 Tdav = 4.46 T = 18.56
 <-- Site =   37 .. Mmps =  550 Ndav =   4 E =    -89.7413127454 Error = 4.90e-20 FLOPS = 3.66e+10 Tdav = 4.37 T = 18.19
 <-- Site =   36 .. Mmps =  550 Ndav =   4 E =    -89.7413127520 Error = 1.99e-18 FLOPS = 3.74e+10 Tdav = 4.17 T = 16.95
 <-- Site =   35 .. Mmps =  550 Ndav =   4 E =    -89.7413127582 Error = 4.72e-20 FLOPS = 3.84e+10 Tdav = 3.95 T = 16.07
 <-- Site =   34 .. Mmps =  550 Ndav =   5 E =    -89.7413127684 Error = 1.62e-18 FLOPS = 3.74e+10 Tdav = 4.93 T = 16.59
 <-- Site =   33 .. Mmps =  550 Ndav =   5 E =    -89.7413127776 Error = 8.57e-20 FLOPS = 3.77e+10 Tdav = 4.76 T = 15.69
 <-- Site =   32 .. Mmps =  550 Ndav =   5 E =    -89.7413127909 Error = 2.82e-18 FLOPS = 3.76e+10 Tdav = 4.65 T = 15.05
 <-- Site =   31 .. Mmps =  550 Ndav =   5 E =    -89.7413128017 Error = 3.52e-20 FLOPS = 3.57e+10 Tdav = 4.75 T = 14.63
 <-- Site =   30 .. Mmps =  550 Ndav =   5 E =    -89.7413128156 Error = 1.76e-18 FLOPS = 3.59e+10 Tdav = 4.59 T = 14.10
 <-- Site =   29 .. Mmps =  550 Ndav =   5 E =    -89.7413128293 Error = 7.12e-20 FLOPS = 3.60e+10 Tdav = 4.43 T = 13.21
 <-- Site =   28 .. Mmps =  550 Ndav =   6 E =    -89.7413128506 Error = 1.02e-18 FLOPS = 3.78e+10 Tdav = 4.91 T = 13.24
 <-- Site =   27 .. Mmps =  550 Ndav =   6 E =    -89.7413128750 Error = 1.11e-19 FLOPS = 3.69e+10 Tdav = 4.87 T = 12.82
 <-- Site =   26 .. Mmps =  550 Ndav =   6 E =    -89.7413129069 Error = 2.80e-18 FLOPS = 3.65e+10 Tdav = 4.76 T = 12.48
 <-- Site =   25 .. Mmps =  550 Ndav =   5 E =    -89.7413129169 Error = 3.36e-19 FLOPS = 3.78e+10 Tdav = 3.69 T = 10.79
 <-- Site =   24 .. Mmps =  550 Ndav =   6 E =    -89.7413129397 Error = 2.39e-19 FLOPS = 4.02e+10 Tdav = 4.02 T = 10.64
 <-- Site =   23 .. Mmps =  550 Ndav =   6 E =    -89.7413129764 Error = 6.77e-19 FLOPS = 4.01e+10 Tdav = 3.88 T = 10.07
 <-- Site =   22 .. Mmps =  550 Ndav =   6 E =    -89.7413130013 Error = 1.59e-19 FLOPS = 3.97e+10 Tdav = 3.77 T = 9.68
 <-- Site =   21 .. Mmps =  550 Ndav =   7 E =    -89.7413130451 Error = 2.55e-19 FLOPS = 3.99e+10 Tdav = 4.20 T = 9.74
 <-- Site =   20 .. Mmps =  550 Ndav =   6 E =    -89.7413130705 Error = 7.85e-20 FLOPS = 4.16e+10 Tdav = 3.31 T = 8.27
 <-- Site =   19 .. Mmps =  550 Ndav =   7 E =    -89.7413131054 Error = 1.27e-19 FLOPS = 4.09e+10 Tdav = 3.76 T = 8.52
 <-- Site =   18 .. Mmps =  550 Ndav =   6 E =    -89.7413131259 Error = 7.03e-20 FLOPS = 4.12e+10 Tdav = 3.05 T = 7.33
 <-- Site =   17 .. Mmps =  550 Ndav =   6 E =    -89.7413131519 Error = 7.34e-20 FLOPS = 4.10e+10 Tdav = 2.92 T = 6.86
 <-- Site =   16 .. Mmps =  550 Ndav =   5 E =    -89.7413131701 Error = 6.37e-20 FLOPS = 4.14e+10 Tdav = 2.29 T = 6.15
 <-- Site =   15 .. Mmps =  550 Ndav =   6 E =    -89.7413131948 Error = 1.67e-19 FLOPS = 3.85e+10 Tdav = 2.80 T = 6.16
 <-- Site =   14 .. Mmps =  550 Ndav =   5 E =    -89.7413132088 Error = 2.32e-19 FLOPS = 4.05e+10 Tdav = 2.10 T = 5.15
 <-- Site =   13 .. Mmps =  550 Ndav =   4 E =    -89.7413132235 Error = 2.94e-18 FLOPS = 4.08e+10 Tdav = 1.57 T = 4.38
 <-- Site =   12 .. Mmps =  550 Ndav =   4 E =    -89.7413132272 Error = 1.53e-17 FLOPS = 4.05e+10 Tdav = 1.48 T = 4.01
 <-- Site =   11 .. Mmps =  550 Ndav =   2 E =    -89.7413132275 Error = 1.96e-17 FLOPS = 3.89e+10 Tdav = 0.72 T = 2.97
 <-- Site =   10 .. Mmps =  550 Ndav =   1 E =    -89.7413132275 Error = 8.61e-19 FLOPS = 3.46e+10 Tdav = 0.38 T = 2.43
 <-- Site =    9 .. Mmps =  550 Ndav =   1 E =    -89.7413132275 Error = 3.25e-24 FLOPS = 3.38e+10 Tdav = 0.31 T = 2.15
 <-- Site =    8 .. Mmps =  550 Ndav =   1 E =    -89.7413132275 Error = 3.24e-33 FLOPS = 2.99e+10 Tdav = 0.11 T = 1.24
 <-- Site =    7 .. Mmps =  550 Ndav =   1 E =    -89.7413132275 Error = 1.14e-52 FLOPS = 2.53e+10 Tdav = 0.04 T = 0.95
 <-- Site =    6 .. Mmps =  550 Ndav =   1 E =    -89.7413132275 Error = 6.90e-76 FLOPS = 2.11e+10 Tdav = 0.02 T = 0.82
 <-- Site =    5 .. Mmps =  550 Ndav =   1 E =    -89.7413132275 Error = 3.77e-93 FLOPS = 1.71e+10 Tdav = 0.01 T = 0.74
 <-- Site =    4 .. Mmps =  550 Ndav =   1 E =    -89.7413132275 Error = 2.60e-104 FLOPS = 1.31e+10 Tdav = 0.01 T = 0.68
 <-- Site =    3 .. Mmps =  550 Ndav =   1 E =    -89.7413132275 Error = 4.04e-107 FLOPS = 9.49e+09 Tdav = 0.00 T = 0.64
 <-- Site =    2 .. Mmps =  549 Ndav =   1 E =    -89.7413132275 Error = 0.00e+00 FLOPS = 6.30e+09 Tdav = 0.00 T = 0.61
 <-- Site =    1 .. Mmps =  550 Ndav =   1 E =    -89.7413132275 Error = 1.69e-106 FLOPS = 4.38e+09 Tdav = 0.00 T = 0.57
 <-- Site =    0 .. Mmps =  550 Ndav =   1 E =    -89.7413132275 Error = 1.54e-103 FLOPS = 2.69e+09 Tdav = 0.00 T = 0.48
Time elapsed =  32064.387 | E =     -89.7413132275 | DE = -1.09e-06 | DW = 1.95530e-17
Time sweep =     2954.850 | 18.1 TFLOP/SWP
 | Dmem = 141 MB (3%) | Imem = 232 B (79%) | Hmem = 672 MB | Wmem = 4.62 MB | Pmem = 0 B
 | Tread = 84.174 | Twrite = 29.939 | Tfpread = 82.823 | Tfpwrite = 20.069 | Tmporead = 0.000 | Tasync = 0.000
 | data = 14.8 GB | cpsd = 9.82 GB
 | Trot = 153.362 | Tctr = 164.706 | Tint = 0.008 | Tmid = 0.000 | Tdctr = 0.010 | Tdiag = 1.432 | Tinfo = 2.465
 | Teff = 1996.728 | Tprt = 0.000 | Teig = 491.285 | Tblk = 2536.470 | Tmve = 418.368 | Tdm = 2.373 | Tsplt = 34.195 | Tsvd = 0.000 | Torth = 0.000

Sweep =   12 | Direction =  forward | Bond dimension =  550 | Noise =  0.00e+00 | Dav threshold =  1.00e-08
 --> Site =    0 .. Mmps =    2 Ndav =   1 E =    -89.7413132275 Error = 0.00e+00 FLOPS = 2.30e+09 Tdav = 0.00 T = 0.02
 --> Site =    1 .. Mmps =    4 Ndav =   1 E =    -89.7413132275 Error = 0.00e+00 FLOPS = 4.20e+09 Tdav = 0.00 T = 0.05
 --> Site =    2 .. Mmps =    8 Ndav =   1 E =    -89.7413132275 Error = 0.00e+00 FLOPS = 6.40e+09 Tdav = 0.00 T = 0.06
 --> Site =    3 .. Mmps =   16 Ndav =   1 E =    -89.7413132275 Error = 0.00e+00 FLOPS = 8.15e+09 Tdav = 0.00 T = 0.13
 --> Site =    4 .. Mmps =   32 Ndav =   1 E =    -89.7413132275 Error = 0.00e+00 FLOPS = 1.06e+10 Tdav = 0.01 T = 0.12
 --> Site =    5 .. Mmps =   64 Ndav =   1 E =    -89.7413132275 Error = 0.00e+00 FLOPS = 1.47e+10 Tdav = 0.01 T = 0.11
 --> Site =    6 .. Mmps =  128 Ndav =   1 E =    -89.7413132275 Error = 0.00e+00 FLOPS = 1.94e+10 Tdav = 0.02 T = 0.12
 --> Site =    7 .. Mmps =  256 Ndav =   1 E =    -89.7413132275 Error = 0.00e+00 FLOPS = 2.30e+10 Tdav = 0.05 T = 0.22
 --> Site =    8 .. Mmps =  512 Ndav =   1 E =    -89.7413132275 Error = 0.00e+00 FLOPS = 2.67e+10 Tdav = 0.12 T = 0.52
 --> Site =    9 .. Mmps =  550 Ndav =   1 E =    -89.7413132275 Error = 1.13e-24 FLOPS = 3.34e+10 Tdav = 0.32 T = 1.79
 --> Site =   10 .. Mmps =  550 Ndav =   1 E =    -89.7413132275 Error = 7.41e-24 FLOPS = 3.29e+10 Tdav = 0.39 T = 2.32
 --> Site =   11 .. Mmps =  550 Ndav =   1 E =    -89.7413132275 Error = 2.40e-23 FLOPS = 3.36e+10 Tdav = 0.42 T = 2.57
 --> Site =   12 .. Mmps =  550 Ndav =   1 E =    -89.7413132275 Error = 2.14e-20 FLOPS = 3.41e+10 Tdav = 0.44 T = 2.77
 --> Site =   13 .. Mmps =  550 Ndav =   2 E =    -89.7413132279 Error = 5.65e-19 FLOPS = 3.97e+10 Tdav = 0.81 T = 3.38
 --> Site =   14 .. Mmps =  550 Ndav =   3 E =    -89.7413132308 Error = 5.06e-19 FLOPS = 4.06e+10 Tdav = 1.25 T = 4.00
 --> Site =   15 .. Mmps =  550 Ndav =   4 E =    -89.7413132356 Error = 1.22e-18 FLOPS = 4.11e+10 Tdav = 1.75 T = 4.79
 --> Site =   16 .. Mmps =  550 Ndav =   4 E =    -89.7413132412 Error = 4.69e-19 FLOPS = 4.16e+10 Tdav = 1.82 T = 5.14
 --> Site =   17 .. Mmps =  550 Ndav =   4 E =    -89.7413132473 Error = 9.82e-19 FLOPS = 4.16e+10 Tdav = 1.92 T = 5.58
 --> Site =   18 .. Mmps =  550 Ndav =   4 E =    -89.7413132531 Error = 8.60e-19 FLOPS = 4.18e+10 Tdav = 2.01 T = 5.93
 --> Site =   19 .. Mmps =  550 Ndav =   4 E =    -89.7413132596 Error = 7.68e-19 FLOPS = 4.19e+10 Tdav = 2.10 T = 6.43
 --> Site =   20 .. Mmps =  550 Ndav =   4 E =    -89.7413132654 Error = 7.98e-19 FLOPS = 4.20e+10 Tdav = 2.18 T = 6.74
 --> Site =   21 .. Mmps =  550 Ndav =   4 E =    -89.7413132720 Error = 1.12e-18 FLOPS = 4.22e+10 Tdav = 2.27 T = 7.19
 --> Site =   22 .. Mmps =  550 Ndav =   4 E =    -89.7413132777 Error = 3.94e-19 FLOPS = 4.00e+10 Tdav = 2.49 T = 7.76
 --> Site =   23 .. Mmps =  550 Ndav =   4 E =    -89.7413132840 Error = 8.66e-19 FLOPS = 3.92e+10 Tdav = 2.65 T = 8.64
 --> Site =   24 .. Mmps =  550 Ndav =   4 E =    -89.7413132923 Error = 3.00e-19 FLOPS = 4.07e+10 Tdav = 2.65 T = 8.80
 --> Site =   25 .. Mmps =  550 Ndav =   6 E =    -89.7413133107 Error = 1.02e-18 FLOPS = 4.21e+10 Tdav = 3.99 T = 10.34
 --> Site =   26 .. Mmps =  550 Ndav =   4 E =    -89.7413133168 Error = 1.39e-18 FLOPS = 4.12e+10 Tdav = 2.81 T = 9.70
 --> Site =   27 .. Mmps =  550 Ndav =   4 E =    -89.7413133253 Error = 1.76e-18 FLOPS = 4.02e+10 Tdav = 2.98 T = 10.30
 --> Site =   28 .. Mmps =  550 Ndav =   5 E =    -89.7413133421 Error = 1.82e-19 FLOPS = 4.25e+10 Tdav = 3.64 T = 11.35
 --> Site =   29 .. Mmps =  550 Ndav =   5 E =    -89.7413133581 Error = 1.05e-18 FLOPS = 4.13e+10 Tdav = 3.87 T = 11.95
 --> Site =   30 .. Mmps =  550 Ndav =   5 E =    -89.7413133713 Error = 1.27e-18 FLOPS = 4.06e+10 Tdav = 4.06 T = 12.92
 --> Site =   31 .. Mmps =  550 Ndav =   5 E =    -89.7413133812 Error = 4.59e-19 FLOPS = 4.27e+10 Tdav = 3.97 T = 13.15
 --> Site =   32 .. Mmps =  550 Ndav =   5 E =    -89.7413133888 Error = 1.91e-18 FLOPS = 4.29e+10 Tdav = 4.07 T = 13.63
 --> Site =   33 .. Mmps =  550 Ndav =   4 E =    -89.7413133938 Error = 4.04e-19 FLOPS = 4.21e+10 Tdav = 3.42 T = 13.65
 --> Site =   34 .. Mmps =  550 Ndav =   4 E =    -89.7413133981 Error = 8.39e-19 FLOPS = 4.33e+10 Tdav = 3.41 T = 14.18
 --> Site =   35 .. Mmps =  550 Ndav =   3 E =    -89.7413134015 Error = 1.03e-19 FLOPS = 4.09e+10 Tdav = 2.79 T = 14.06
 --> Site =   36 .. Mmps =  550 Ndav =   3 E =    -89.7413134035 Error = 1.66e-19 FLOPS = 4.30e+10 Tdav = 2.72 T = 14.58
 --> Site =   37 .. Mmps =  550 Ndav =   3 E =    -89.7413134055 Error = 1.27e-19 FLOPS = 4.31e+10 Tdav = 2.78 T = 14.90
 --> Site =   38 .. Mmps =  550 Ndav =   3 E =    -89.7413134075 Error = 1.90e-18 FLOPS = 4.32e+10 Tdav = 2.84 T = 15.73
 --> Site =   39 .. Mmps =  550 Ndav =   3 E =    -89.7413134088 Error = 9.15e-20 FLOPS = 4.30e+10 Tdav = 2.92 T = 16.17
 --> Site =   40 .. Mmps =  550 Ndav =   3 E =    -89.7413134106 Error = 8.44e-20 FLOPS = 4.09e+10 Tdav = 3.15 T = 17.46
 --> Site =   41 .. Mmps =  550 Ndav =   3 E =    -89.7413134128 Error = 1.18e-19 FLOPS = 4.23e+10 Tdav = 3.11 T = 17.71
 --> Site =   42 .. Mmps =  550 Ndav =   3 E =    -89.7413134145 Error = 3.46e-19 FLOPS = 4.26e+10 Tdav = 3.17 T = 18.38
 --> Site =   43 .. Mmps =  550 Ndav =   4 E =    -89.7413134183 Error = 2.47e-19 FLOPS = 4.29e+10 Tdav = 4.18 T = 19.57
 --> Site =   44 .. Mmps =  550 Ndav =   3 E =    -89.7413134205 Error = 2.27e-19 FLOPS = 4.11e+10 Tdav = 3.35 T = 19.55
 --> Site =   45 .. Mmps =  550 Ndav =   4 E =    -89.7413134240 Error = 1.92e-19 FLOPS = 3.77e+10 Tdav = 4.98 T = 21.54
 --> Site =   46 .. Mmps =  550 Ndav =   3 E =    -89.7413134253 Error = 9.29e-20 FLOPS = 3.74e+10 Tdav = 3.76 T = 21.14
 --> Site =   47 .. Mmps =  550 Ndav =   3 E =    -89.7413134268 Error = 7.21e-20 FLOPS = 3.73e+10 Tdav = 3.85 T = 21.57
 --> Site =   48 .. Mmps =  550 Ndav =   2 E =    -89.7413134272 Error = 1.14e-19 FLOPS = 3.98e+10 Tdav = 2.41 T = 20.28
 --> Site =   49 .. Mmps =  550 Ndav =   3 E =    -89.7413134279 Error = 5.86e-20 FLOPS = 3.90e+10 Tdav = 3.76 T = 21.74
 --> Site =   50 .. Mmps =  550 Ndav =   2 E =    -89.7413134283 Error = 6.00e-20 FLOPS = 3.69e+10 Tdav = 2.65 T = 21.17
 --> Site =   51 .. Mmps =  550 Ndav =   2 E =    -89.7413134289 Error = 7.88e-20 FLOPS = 3.73e+10 Tdav = 2.68 T = 21.84
 --> Site =   52 .. Mmps =  550 Ndav =   2 E =    -89.7413134292 Error = 1.65e-19 FLOPS = 3.74e+10 Tdav = 2.72 T = 22.39
 --> Site =   53 .. Mmps =  550 Ndav =   3 E =    -89.7413134300 Error = 1.27e-19 FLOPS = 3.86e+10 Tdav = 4.04 T = 24.37
 --> Site =   54 .. Mmps =  550 Ndav =   2 E =    -89.7413134303 Error = 1.23e-19 FLOPS = 3.73e+10 Tdav = 2.78 T = 23.72
 --> Site =   55 .. Mmps =  550 Ndav =   2 E =    -89.7413134309 Error = 5.30e-20 FLOPS = 3.77e+10 Tdav = 2.81 T = 23.78
 --> Site =   56 .. Mmps =  550 Ndav =   2 E =    -89.7413134314 Error = 1.28e-19 FLOPS = 3.71e+10 Tdav = 2.85 T = 24.54
 --> Site =   57 .. Mmps =  550 Ndav =   2 E =    -89.7413134319 Error = 8.67e-20 FLOPS = 3.66e+10 Tdav = 2.89 T = 24.96
 --> Site =   58 .. Mmps =  550 Ndav =   2 E =    -89.7413134324 Error = 5.80e-20 FLOPS = 3.84e+10 Tdav = 2.76 T = 24.04
 --> Site =   59 .. Mmps =  550 Ndav =   2 E =    -89.7413134329 Error = 3.22e-20 FLOPS = 3.82e+10 Tdav = 2.82 T = 24.55
 --> Site =   60 .. Mmps =  550 Ndav =   2 E =    -89.7413134332 Error = 7.05e-20 FLOPS = 3.71e+10 Tdav = 2.91 T = 25.46
 --> Site =   61 .. Mmps =  550 Ndav =   2 E =    -89.7413134335 Error = 3.67e-20 FLOPS = 3.76e+10 Tdav = 2.87 T = 25.36
 --> Site =   62 .. Mmps =  550 Ndav =   2 E =    -89.7413134338 Error = 3.69e-20 FLOPS = 3.74e+10 Tdav = 2.93 T = 25.87
 --> Site =   63 .. Mmps =  550 Ndav =   2 E =    -89.7413134341 Error = 1.99e-19 FLOPS = 3.70e+10 Tdav = 2.96 T = 26.71
 --> Site =   64 .. Mmps =  550 Ndav =   2 E =    -89.7413134344 Error = 2.54e-19 FLOPS = 3.81e+10 Tdav = 2.89 T = 26.03
 --> Site =   65 .. Mmps =  550 Ndav =   1 E =    -89.7413134344 Error = 8.11e-20 FLOPS = 3.73e+10 Tdav = 1.50 T = 24.84
 --> Site =   66 .. Mmps =  550 Ndav =   2 E =    -89.7413134346 Error = 2.80e-20 FLOPS = 3.85e+10 Tdav = 2.90 T = 26.68
 --> Site =   67 .. Mmps =  550 Ndav =   2 E =    -89.7413134348 Error = 3.08e-20 FLOPS = 4.11e+10 Tdav = 2.72 T = 26.32
 --> Site =   68 .. Mmps =  550 Ndav =   2 E =    -89.7413134350 Error = 2.17e-20 FLOPS = 4.12e+10 Tdav = 2.76 T = 26.63
 --> Site =   69 .. Mmps =  550 Ndav =   1 E =    -89.7413134350 Error = 1.03e-19 FLOPS = 3.78e+10 Tdav = 1.51 T = 26.21
 --> Site =   70 .. Mmps =  550 Ndav =   2 E =    -89.7413134354 Error = 4.42e-20 FLOPS = 4.15e+10 Tdav = 2.74 T = 27.05
 --> Site =   71 .. Mmps =  550 Ndav =   2 E =    -89.7413134356 Error = 5.59e-20 FLOPS = 4.00e+10 Tdav = 2.85 T = 27.11
 --> Site =   72 .. Mmps =  550 Ndav =   2 E =    -89.7413134358 Error = 1.60e-19 FLOPS = 4.23e+10 Tdav = 2.74 T = 27.88
 --> Site =   73 .. Mmps =  550 Ndav =   1 E =    -89.7413134358 Error = 5.96e-20 FLOPS = 3.80e+10 Tdav = 1.52 T = 26.54
 --> Site =   74 .. Mmps =  550 Ndav =   2 E =    -89.7413134361 Error = 3.66e-20 FLOPS = 3.97e+10 Tdav = 2.87 T = 27.69
 --> Site =   75 .. Mmps =  550 Ndav =   2 E =    -89.7413134363 Error = 4.49e-20 FLOPS = 4.15e+10 Tdav = 2.79 T = 27.62
 --> Site =   76 .. Mmps =  550 Ndav =   2 E =    -89.7413134365 Error = 6.65e-20 FLOPS = 4.21e+10 Tdav = 2.70 T = 27.24
 --> Site =   77 .. Mmps =  550 Ndav =   2 E =    -89.7413134367 Error = 5.19e-19 FLOPS = 3.99e+10 Tdav = 2.85 T = 27.16
 --> Site =   78 .. Mmps =  550 Ndav =   2 E =    -89.7413134369 Error = 8.26e-20 FLOPS = 4.00e+10 Tdav = 2.84 T = 26.98
 --> Site =   79 .. Mmps =  550 Ndav =   2 E =    -89.7413134370 Error = 1.01e-19 FLOPS = 4.21e+10 Tdav = 2.71 T = 26.82
 --> Site =   80 .. Mmps =  550 Ndav =   2 E =    -89.7413134373 Error = 3.78e-20 FLOPS = 4.09e+10 Tdav = 2.78 T = 27.05
 --> Site =   81 .. Mmps =  550 Ndav =   1 E =    -89.7413134373 Error = 1.08e-19 FLOPS = 4.19e+10 Tdav = 1.38 T = 26.02
 --> Site =   82 .. Mmps =  550 Ndav =   2 E =    -89.7413134375 Error = 1.99e-20 FLOPS = 4.32e+10 Tdav = 2.68 T = 27.53
 --> Site =   83 .. Mmps =  550 Ndav =   1 E =    -89.7413134375 Error = 5.76e-20 FLOPS = 3.94e+10 Tdav = 1.44 T = 26.01
 --> Site =   84 .. Mmps =  550 Ndav =   2 E =    -89.7413134377 Error = 1.49e-19 FLOPS = 4.24e+10 Tdav = 2.68 T = 26.76
 --> Site =   85 .. Mmps =  550 Ndav =   1 E =    -89.7413134377 Error = 1.59e-19 FLOPS = 4.20e+10 Tdav = 1.38 T = 25.78
 --> Site =   86 .. Mmps =  550 Ndav =   1 E =    -89.7413134377 Error = 1.24e-20 FLOPS = 3.94e+10 Tdav = 1.47 T = 26.30
 --> Site =   87 .. Mmps =  550 Ndav =   2 E =    -89.7413134380 Error = 4.08e-20 FLOPS = 4.29e+10 Tdav = 2.65 T = 27.56
 --> Site =   88 .. Mmps =  550 Ndav =   1 E =    -89.7413134380 Error = 3.93e-19 FLOPS = 4.11e+10 Tdav = 1.38 T = 25.53
 --> Site =   89 .. Mmps =  550 Ndav =   1 E =    -89.7413134380 Error = 6.04e-20 FLOPS = 4.20e+10 Tdav = 1.36 T = 25.60
 --> Site =   90 .. Mmps =  550 Ndav =   2 E =    -89.7413134382 Error = 2.25e-19 FLOPS = 4.38e+10 Tdav = 2.60 T = 27.18
 --> Site =   91 .. Mmps =  550 Ndav =   1 E =    -89.7413134382 Error = 1.49e-20 FLOPS = 4.17e+10 Tdav = 1.37 T = 25.22
 --> Site =   92 .. Mmps =  550 Ndav =   1 E =    -89.7413134382 Error = 1.86e-20 FLOPS = 3.96e+10 Tdav = 1.41 T = 25.12
 --> Site =   93 .. Mmps =  550 Ndav =   2 E =    -89.7413134384 Error = 7.74e-20 FLOPS = 4.08e+10 Tdav = 2.79 T = 26.76
 --> Site =   94 .. Mmps =  550 Ndav =   1 E =    -89.7413134384 Error = 4.29e-20 FLOPS = 4.11e+10 Tdav = 1.41 T = 25.68
 --> Site =   95 .. Mmps =  550 Ndav =   2 E =    -89.7413134386 Error = 1.03e-20 FLOPS = 4.32e+10 Tdav = 2.68 T = 27.51
 --> Site =   96 .. Mmps =  550 Ndav =   1 E =    -89.7413134386 Error = 5.11e-20 FLOPS = 3.77e+10 Tdav = 1.51 T = 26.29
 --> Site =   97 .. Mmps =  550 Ndav =   2 E =    -89.7413134389 Error = 3.54e-20 FLOPS = 4.21e+10 Tdav = 2.66 T = 26.59
 --> Site =   98 .. Mmps =  550 Ndav =   2 E =    -89.7413134392 Error = 2.73e-20 FLOPS = 4.31e+10 Tdav = 2.64 T = 26.33
 --> Site =   99 .. Mmps =  550 Ndav =   1 E =    -89.7413134392 Error = 3.05e-20 FLOPS = 3.79e+10 Tdav = 1.50 T = 25.76
 --> Site =  100 .. Mmps =  550 Ndav =   1 E =    -89.7413134392 Error = 8.09e-20 FLOPS = 4.00e+10 Tdav = 1.40 T = 25.27
 --> Site =  101 .. Mmps =  550 Ndav =   2 E =    -89.7413134395 Error = 1.34e-20 FLOPS = 4.15e+10 Tdav = 2.69 T = 26.28
 --> Site =  102 .. Mmps =  550 Ndav =   2 E =    -89.7413134397 Error = 6.96e-20 FLOPS = 4.09e+10 Tdav = 2.74 T = 26.18
 --> Site =  103 .. Mmps =  550 Ndav =   2 E =    -89.7413134399 Error = 1.13e-19 FLOPS = 4.29e+10 Tdav = 2.56 T = 25.60
 --> Site =  104 .. Mmps =  550 Ndav =   1 E =    -89.7413134399 Error = 9.57e-20 FLOPS = 4.15e+10 Tdav = 1.30 T = 23.56
 --> Site =  105 .. Mmps =  550 Ndav =   2 E =    -89.7413134401 Error = 1.36e-19 FLOPS = 4.07e+10 Tdav = 2.65 T = 24.45
 --> Site =  106 .. Mmps =  550 Ndav =   1 E =    -89.7413134401 Error = 6.41e-20 FLOPS = 3.99e+10 Tdav = 1.35 T = 23.28
 --> Site =  107 .. Mmps =  550 Ndav =   2 E =    -89.7413134404 Error = 6.95e-20 FLOPS = 4.30e+10 Tdav = 2.51 T = 24.29
 --> Site =  108 .. Mmps =  550 Ndav =   1 E =    -89.7413134404 Error = 1.22e-19 FLOPS = 3.94e+10 Tdav = 1.37 T = 23.04
 --> Site =  109 .. Mmps =  550 Ndav =   2 E =    -89.7413134406 Error = 7.66e-21 FLOPS = 4.28e+10 Tdav = 2.47 T = 24.20
 --> Site =  110 .. Mmps =  550 Ndav =   1 E =    -89.7413134406 Error = 1.23e-19 FLOPS = 4.18e+10 Tdav = 1.27 T = 22.12
 --> Site =  111 .. Mmps =  550 Ndav =   2 E =    -89.7413134409 Error = 6.44e-20 FLOPS = 4.29e+10 Tdav = 2.47 T = 23.36
 --> Site =  112 .. Mmps =  550 Ndav =   2 E =    -89.7413134412 Error = 6.41e-20 FLOPS = 4.20e+10 Tdav = 2.52 T = 23.85
 --> Site =  113 .. Mmps =  550 Ndav =   2 E =    -89.7413134415 Error = 4.28e-20 FLOPS = 4.15e+10 Tdav = 2.50 T = 23.19
 --> Site =  114 .. Mmps =  550 Ndav =   2 E =    -89.7413134420 Error = 4.03e-20 FLOPS = 4.27e+10 Tdav = 2.43 T = 22.91
 --> Site =  115 .. Mmps =  550 Ndav =   2 E =    -89.7413134424 Error = 1.50e-19 FLOPS = 4.02e+10 Tdav = 2.53 T = 22.63
 --> Site =  116 .. Mmps =  550 Ndav =   2 E =    -89.7413134428 Error = 1.56e-19 FLOPS = 4.31e+10 Tdav = 2.31 T = 21.62
 --> Site =  117 .. Mmps =  550 Ndav =   2 E =    -89.7413134430 Error = 8.62e-20 FLOPS = 4.28e+10 Tdav = 2.29 T = 20.78
 --> Site =  118 .. Mmps =  550 Ndav =   2 E =    -89.7413134433 Error = 1.14e-19 FLOPS = 4.33e+10 Tdav = 2.26 T = 20.25
 --> Site =  119 .. Mmps =  550 Ndav =   2 E =    -89.7413134435 Error = 2.87e-20 FLOPS = 4.05e+10 Tdav = 2.36 T = 20.60
 --> Site =  120 .. Mmps =  550 Ndav =   2 E =    -89.7413134439 Error = 4.09e-20 FLOPS = 4.22e+10 Tdav = 2.27 T = 19.73
 --> Site =  121 .. Mmps =  550 Ndav =   2 E =    -89.7413134443 Error = 6.29e-20 FLOPS = 4.24e+10 Tdav = 2.21 T = 19.28
 --> Site =  122 .. Mmps =  550 Ndav =   3 E =    -89.7413134453 Error = 6.49e-20 FLOPS = 4.21e+10 Tdav = 3.27 T = 19.83
 --> Site =  123 .. Mmps =  550 Ndav =   2 E =    -89.7413134459 Error = 5.01e-20 FLOPS = 4.08e+10 Tdav = 2.25 T = 18.96
 --> Site =  124 .. Mmps =  550 Ndav =   3 E =    -89.7413134467 Error = 2.80e-20 FLOPS = 4.18e+10 Tdav = 3.23 T = 19.05
 --> Site =  125 .. Mmps =  550 Ndav =   2 E =    -89.7413134472 Error = 6.90e-20 FLOPS = 3.99e+10 Tdav = 2.25 T = 17.86
 --> Site =  126 .. Mmps =  550 Ndav =   3 E =    -89.7413134482 Error = 4.18e-20 FLOPS = 4.20e+10 Tdav = 3.14 T = 18.36
 --> Site =  127 .. Mmps =  550 Ndav =   2 E =    -89.7413134487 Error = 8.15e-20 FLOPS = 4.02e+10 Tdav = 2.14 T = 16.96
 --> Site =  128 .. Mmps =  550 Ndav =   3 E =    -89.7413134498 Error = 7.44e-20 FLOPS = 4.27e+10 Tdav = 2.94 T = 17.02
 --> Site =  129 .. Mmps =  550 Ndav =   3 E =    -89.7413134511 Error = 1.60e-19 FLOPS = 4.27e+10 Tdav = 2.87 T = 16.23
 --> Site =  130 .. Mmps =  550 Ndav =   3 E =    -89.7413134522 Error = 2.52e-19 FLOPS = 4.15e+10 Tdav = 2.89 T = 15.96
 --> Site =  131 .. Mmps =  550 Ndav =   3 E =    -89.7413134531 Error = 1.70e-19 FLOPS = 4.12e+10 Tdav = 2.83 T = 15.25
 --> Site =  132 .. Mmps =  550 Ndav =   3 E =    -89.7413134544 Error = 9.74e-20 FLOPS = 4.05e+10 Tdav = 2.81 T = 14.97
 --> Site =  133 .. Mmps =  550 Ndav =   3 E =    -89.7413134559 Error = 2.42e-19 FLOPS = 4.25e+10 Tdav = 2.61 T = 13.77
 --> Site =  134 .. Mmps =  550 Ndav =   3 E =    -89.7413134582 Error = 8.44e-20 FLOPS = 4.23e+10 Tdav = 2.55 T = 13.32
 --> Site =  135 .. Mmps =  550 Ndav =   3 E =    -89.7413134603 Error = 2.91e-19 FLOPS = 4.21e+10 Tdav = 2.49 T = 12.62
 --> Site =  136 .. Mmps =  550 Ndav =   4 E =    -89.7413134637 Error = 7.08e-20 FLOPS = 4.24e+10 Tdav = 3.20 T = 12.81
 --> Site =  137 .. Mmps =  550 Ndav =   4 E =    -89.7413134668 Error = 3.96e-19 FLOPS = 4.02e+10 Tdav = 3.27 T = 12.47
 --> Site =  138 .. Mmps =  550 Ndav =   4 E =    -89.7413134710 Error = 4.85e-20 FLOPS = 4.00e+10 Tdav = 3.20 T = 12.01
 --> Site =  139 .. Mmps =  550 Ndav =   4 E =    -89.7413134755 Error = 5.59e-19 FLOPS = 4.22e+10 Tdav = 2.94 T = 11.12
 --> Site =  140 .. Mmps =  550 Ndav =   4 E =    -89.7413134825 Error = 1.08e-19 FLOPS = 4.19e+10 Tdav = 2.86 T = 10.49
 --> Site =  141 .. Mmps =  550 Ndav =   4 E =    -89.7413134914 Error = 2.67e-19 FLOPS = 4.18e+10 Tdav = 2.77 T = 9.98
 --> Site =  142 .. Mmps =  550 Ndav =   5 E =    -89.7413135042 Error = 4.71e-18 FLOPS = 4.22e+10 Tdav = 3.31 T = 10.23
 --> Site =  143 .. Mmps =  550 Ndav =   4 E =    -89.7413135083 Error = 4.01e-19 FLOPS = 4.20e+10 Tdav = 2.57 T = 8.96
 --> Site =  144 .. Mmps =  550 Ndav =   5 E =    -89.7413135196 Error = 5.57e-19 FLOPS = 4.11e+10 Tdav = 3.16 T = 9.28
 --> Site =  145 .. Mmps =  550 Ndav =   5 E =    -89.7413135385 Error = 1.92e-18 FLOPS = 3.96e+10 Tdav = 3.15 T = 8.95
 --> Site =  146 .. Mmps =  550 Ndav =   5 E =    -89.7413135526 Error = 2.82e-19 FLOPS = 3.96e+10 Tdav = 3.02 T = 8.49
 --> Site =  147 .. Mmps =  550 Ndav =   6 E =    -89.7413135755 Error = 3.57e-19 FLOPS = 4.12e+10 Tdav = 3.34 T = 8.49
 --> Site =  148 .. Mmps =  550 Ndav =   5 E =    -89.7413135898 Error = 1.70e-19 FLOPS = 4.09e+10 Tdav = 2.68 T = 7.25
 --> Site =  149 .. Mmps =  550 Ndav =   6 E =    -89.7413136079 Error = 4.66e-19 FLOPS = 4.06e+10 Tdav = 3.10 T = 7.38
 --> Site =  150 .. Mmps =  550 Ndav =   6 E =    -89.7413136212 Error = 2.81e-19 FLOPS = 4.05e+10 Tdav = 2.96 T = 6.87
 --> Site =  151 .. Mmps =  550 Ndav =   5 E =    -89.7413136379 Error = 7.54e-19 FLOPS = 3.80e+10 Tdav = 2.50 T = 6.10
 --> Site =  152 .. Mmps =  550 Ndav =   4 E =    -89.7413136458 Error = 2.46e-19 FLOPS = 4.06e+10 Tdav = 1.77 T = 5.19
 --> Site =  153 .. Mmps =  550 Ndav =   5 E =    -89.7413136579 Error = 1.08e-18 FLOPS = 4.05e+10 Tdav = 2.10 T = 5.27
 --> Site =  154 .. Mmps =  550 Ndav =   4 E =    -89.7413136627 Error = 3.77e-19 FLOPS = 4.01e+10 Tdav = 1.59 T = 4.49
 --> Site =  155 .. Mmps =  550 Ndav =   3 E =    -89.7413136688 Error = 4.96e-18 FLOPS = 3.99e+10 Tdav = 1.13 T = 3.76
 --> Site =  156 .. Mmps =  550 Ndav =   3 E =    -89.7413136708 Error = 7.53e-18 FLOPS = 4.00e+10 Tdav = 1.05 T = 3.40
 --> Site =  157 .. Mmps =  550 Ndav =   2 E =    -89.7413136710 Error = 8.01e-18 FLOPS = 3.60e+10 Tdav = 0.72 T = 2.90
 --> Site =  158 .. Mmps =  550 Ndav =   1 E =    -89.7413136710 Error = 1.75e-19 FLOPS = 3.21e+10 Tdav = 0.37 T = 2.33
 --> Site =  159 .. Mmps =  550 Ndav =   1 E =    -89.7413136710 Error = 5.34e-24 FLOPS = 3.18e+10 Tdav = 0.31 T = 2.10
 --> Site =  160 .. Mmps =  550 Ndav =   1 E =    -89.7413136710 Error = 2.74e-33 FLOPS = 2.99e+10 Tdav = 0.13 T = 1.69
 --> Site =  161 .. Mmps =  550 Ndav =   1 E =    -89.7413136710 Error = 1.06e-56 FLOPS = 2.68e+10 Tdav = 0.06 T = 1.50
 --> Site =  162 .. Mmps =  550 Ndav =   1 E =    -89.7413136710 Error = 5.97e-82 FLOPS = 2.50e+10 Tdav = 0.03 T = 1.31
 --> Site =  163 .. Mmps =  550 Ndav =   1 E =    -89.7413136710 Error = 3.20e-107 FLOPS = 1.84e+10 Tdav = 0.02 T = 1.06
 --> Site =  164 .. Mmps =  550 Ndav =   1 E =    -89.7413136710 Error = 2.46e-130 FLOPS = 1.35e+10 Tdav = 0.01 T = 0.96
 --> Site =  165 .. Mmps =  550 Ndav =   1 E =    -89.7413136710 Error = 1.52e-149 FLOPS = 8.42e+09 Tdav = 0.01 T = 0.89
 --> Site =  166 .. Mmps =  547 Ndav =   1 E =    -89.7413136710 Error = 0.00e+00 FLOPS = 4.49e+09 Tdav = 0.00 T = 0.65
 --> Site =  167 .. Mmps =  542 Ndav =   1 E =    -89.7413136710 Error = 0.00e+00 FLOPS = 2.30e+09 Tdav = 0.00 T = 0.50
 --> Site =  168 .. Mmps =  550 Ndav =   1 E =    -89.7413136710 Error = 1.74e-220 FLOPS = 2.56e+09 Tdav = 0.00 T = 0.33
Time elapsed =  34765.049 | E =     -89.7413136710 | DE = -4.44e-07 | DW = 8.01152e-18
Time sweep =     2700.662 | 14.0 TFLOP/SWP
 | Dmem = 141 MB (3%) | Imem = 232 B (79%) | Hmem = 672 MB | Wmem = 4.62 MB | Pmem = 0 B
 | Tread = 86.656 | Twrite = 31.938 | Tfpread = 85.283 | Tfpwrite = 20.827 | Tmporead = 0.000 | Tasync = 0.000
 | data = 14.8 GB | cpsd = 11.1 GB
 | Trot = 157.896 | Tctr = 1.431 | Tint = 0.009 | Tmid = 0.000 | Tdctr = 70.027 | Tdiag = 1.548 | Tinfo = 2.351
 | Teff = 2079.258 | Tprt = 0.000 | Teig = 377.069 | Tblk = 2505.542 | Tmve = 195.108 | Tdm = 2.423 | Tsplt = 34.551 | Tsvd = 0.000 | Torth = 0.000

Sweep =   13 | Direction = backward | Bond dimension =  550 | Noise =  0.00e+00 | Dav threshold =  1.00e-08
 <-- Site =  168 .. Mmps =    2 Ndav =   1 E =    -89.7413136710 Error = 0.00e+00 FLOPS = 2.07e+09 Tdav = 0.00 T = 0.02
 <-- Site =  167 .. Mmps =    4 Ndav =   1 E =    -89.7413136710 Error = 0.00e+00 FLOPS = 2.36e+09 Tdav = 0.00 T = 0.12
 <-- Site =  166 .. Mmps =    8 Ndav =   1 E =    -89.7413136710 Error = 0.00e+00 FLOPS = 4.41e+09 Tdav = 0.00 T = 0.16
 <-- Site =  165 .. Mmps =   16 Ndav =   1 E =    -89.7413136710 Error = 0.00e+00 FLOPS = 8.20e+09 Tdav = 0.01 T = 0.25
 <-- Site =  164 .. Mmps =   32 Ndav =   1 E =    -89.7413136710 Error = 0.00e+00 FLOPS = 1.46e+10 Tdav = 0.01 T = 0.32
 <-- Site =  163 .. Mmps =   64 Ndav =   1 E =    -89.7413136710 Error = 0.00e+00 FLOPS = 1.88e+10 Tdav = 0.01 T = 0.42
 <-- Site =  162 .. Mmps =  128 Ndav =   1 E =    -89.7413136710 Error = 0.00e+00 FLOPS = 2.51e+10 Tdav = 0.03 T = 0.58
 <-- Site =  161 .. Mmps =  256 Ndav =   1 E =    -89.7413136710 Error = 0.00e+00 FLOPS = 2.69e+10 Tdav = 0.06 T = 0.73
 <-- Site =  160 .. Mmps =  511 Ndav =   1 E =    -89.7413136710 Error = 0.00e+00 FLOPS = 3.01e+10 Tdav = 0.13 T = 1.01
 <-- Site =  159 .. Mmps =  550 Ndav =   1 E =    -89.7413136710 Error = 8.62e-26 FLOPS = 3.19e+10 Tdav = 0.31 T = 1.71
 <-- Site =  158 .. Mmps =  550 Ndav =   1 E =    -89.7413136710 Error = 2.44e-24 FLOPS = 3.37e+10 Tdav = 0.36 T = 2.34
 <-- Site =  157 .. Mmps =  550 Ndav =   1 E =    -89.7413136710 Error = 1.33e-23 FLOPS = 3.41e+10 Tdav = 0.38 T = 2.54
 <-- Site =  156 .. Mmps =  550 Ndav =   1 E =    -89.7413136710 Error = 9.56e-21 FLOPS = 3.46e+10 Tdav = 0.40 T = 2.75
 <-- Site =  155 .. Mmps =  550 Ndav =   2 E =    -89.7413136714 Error = 1.02e-19 FLOPS = 3.89e+10 Tdav = 0.77 T = 3.49
 <-- Site =  154 .. Mmps =  550 Ndav =   3 E =    -89.7413136729 Error = 1.30e-19 FLOPS = 4.04e+10 Tdav = 1.19 T = 4.12
 <-- Site =  153 .. Mmps =  550 Ndav =   3 E =    -89.7413136754 Error = 4.24e-19 FLOPS = 4.05e+10 Tdav = 1.26 T = 4.53
 <-- Site =  152 .. Mmps =  550 Ndav =   4 E =    -89.7413136789 Error = 2.32e-19 FLOPS = 4.10e+10 Tdav = 1.75 T = 5.41
 <-- Site =  151 .. Mmps =  550 Ndav =   4 E =    -89.7413136834 Error = 1.12e-18 FLOPS = 4.15e+10 Tdav = 1.83 T = 5.59
 <-- Site =  150 .. Mmps =  550 Ndav =   3 E =    -89.7413136872 Error = 2.29e-19 FLOPS = 4.10e+10 Tdav = 1.46 T = 5.73
 <-- Site =  149 .. Mmps =  550 Ndav =   4 E =    -89.7413136927 Error = 1.18e-18 FLOPS = 4.15e+10 Tdav = 2.02 T = 6.45
 <-- Site =  148 .. Mmps =  550 Ndav =   4 E =    -89.7413136971 Error = 1.35e-19 FLOPS = 4.16e+10 Tdav = 2.11 T = 6.89
 <-- Site =  147 .. Mmps =  550 Ndav =   4 E =    -89.7413137036 Error = 4.54e-19 FLOPS = 4.13e+10 Tdav = 2.23 T = 7.41
 <-- Site =  146 .. Mmps =  550 Ndav =   4 E =    -89.7413137083 Error = 1.39e-19 FLOPS = 3.99e+10 Tdav = 2.40 T = 8.10
 <-- Site =  145 .. Mmps =  550 Ndav =   4 E =    -89.7413137139 Error = 1.80e-19 FLOPS = 4.00e+10 Tdav = 2.49 T = 8.55
 <-- Site =  144 .. Mmps =  550 Ndav =   4 E =    -89.7413137205 Error = 1.27e-19 FLOPS = 4.20e+10 Tdav = 2.47 T = 8.94
 <-- Site =  143 .. Mmps =  550 Ndav =   6 E =    -89.7413137350 Error = 1.03e-18 FLOPS = 4.17e+10 Tdav = 3.88 T = 10.62
 <-- Site =  142 .. Mmps =  550 Ndav =   3 E =    -89.7413137387 Error = 1.23e-18 FLOPS = 4.22e+10 Tdav = 1.99 T = 9.16
 <-- Site =  141 .. Mmps =  550 Ndav =   4 E =    -89.7413137435 Error = 1.90e-19 FLOPS = 4.17e+10 Tdav = 2.77 T = 10.53
 <-- Site =  140 .. Mmps =  550 Ndav =   4 E =    -89.7413137517 Error = 1.74e-18 FLOPS = 4.21e+10 Tdav = 2.85 T = 10.99
 <-- Site =  139 .. Mmps =  550 Ndav =   4 E =    -89.7413137599 Error = 1.32e-19 FLOPS = 4.01e+10 Tdav = 3.08 T = 11.66
 <-- Site =  138 .. Mmps =  550 Ndav =   5 E =    -89.7413137680 Error = 3.39e-18 FLOPS = 4.00e+10 Tdav = 4.00 T = 13.60
 <-- Site =  137 .. Mmps =  550 Ndav =   4 E =    -89.7413137731 Error = 1.80e-19 FLOPS = 4.24e+10 Tdav = 3.11 T = 12.78
 <-- Site =  136 .. Mmps =  550 Ndav =   4 E =    -89.7413137778 Error = 1.71e-18 FLOPS = 3.83e+10 Tdav = 3.55 T = 13.72
 <-- Site =  135 .. Mmps =  550 Ndav =   4 E =    -89.7413137809 Error = 6.08e-20 FLOPS = 3.78e+10 Tdav = 3.70 T = 14.59
 <-- Site =  134 .. Mmps =  550 Ndav =   3 E =    -89.7413137832 Error = 1.02e-17 FLOPS = 3.69e+10 Tdav = 2.92 T = 14.32
 <-- Site =  133 .. Mmps =  550 Ndav =   3 E =    -89.7413137848 Error = 7.12e-20 FLOPS = 3.60e+10 Tdav = 3.08 T = 15.23
 <-- Site =  132 .. Mmps =  550 Ndav =   2 E =    -89.7413137856 Error = 1.03e-18 FLOPS = 3.92e+10 Tdav = 1.93 T = 14.68
 <-- Site =  131 .. Mmps =  550 Ndav =   2 E =    -89.7413137863 Error = 3.04e-20 FLOPS = 3.88e+10 Tdav = 2.01 T = 15.06
 <-- Site =  130 .. Mmps =  550 Ndav =   3 E =    -89.7413137871 Error = 1.74e-18 FLOPS = 3.81e+10 Tdav = 3.15 T = 16.81
 <-- Site =  129 .. Mmps =  550 Ndav =   2 E =    -89.7413137876 Error = 4.97e-20 FLOPS = 3.93e+10 Tdav = 2.09 T = 16.42
 <-- Site =  128 .. Mmps =  550 Ndav =   3 E =    -89.7413137882 Error = 5.95e-20 FLOPS = 4.04e+10 Tdav = 3.11 T = 18.30
 <-- Site =  127 .. Mmps =  550 Ndav =   2 E =    -89.7413137888 Error = 5.44e-20 FLOPS = 4.18e+10 Tdav = 2.05 T = 17.72
 <-- Site =  126 .. Mmps =  550 Ndav =   2 E =    -89.7413137892 Error = 2.15e-19 FLOPS = 3.90e+10 Tdav = 2.25 T = 18.47
 <-- Site =  125 .. Mmps =  550 Ndav =   3 E =    -89.7413137900 Error = 4.20e-20 FLOPS = 3.73e+10 Tdav = 3.62 T = 20.37
 <-- Site =  124 .. Mmps =  550 Ndav =   2 E =    -89.7413137904 Error = 1.13e-19 FLOPS = 3.57e+10 Tdav = 2.52 T = 19.71
 <-- Site =  123 .. Mmps =  550 Ndav =   3 E =    -89.7413137911 Error = 2.90e-20 FLOPS = 3.70e+10 Tdav = 3.73 T = 21.49
 <-- Site =  122 .. Mmps =  550 Ndav =   2 E =    -89.7413137915 Error = 7.76e-20 FLOPS = 3.48e+10 Tdav = 2.64 T = 20.42
 <-- Site =  121 .. Mmps =  550 Ndav =   2 E =    -89.7413137919 Error = 1.40e-20 FLOPS = 3.65e+10 Tdav = 2.57 T = 21.03
 <-- Site =  120 .. Mmps =  550 Ndav =   2 E =    -89.7413137921 Error = 2.97e-20 FLOPS = 3.59e+10 Tdav = 2.67 T = 22.13
 <-- Site =  119 .. Mmps =  550 Ndav =   2 E =    -89.7413137924 Error = 1.71e-20 FLOPS = 3.70e+10 Tdav = 2.59 T = 21.71
 <-- Site =  118 .. Mmps =  550 Ndav =   2 E =    -89.7413137925 Error = 2.78e-20 FLOPS = 3.71e+10 Tdav = 2.64 T = 22.48
 <-- Site =  117 .. Mmps =  550 Ndav =   2 E =    -89.7413137928 Error = 3.99e-19 FLOPS = 3.58e+10 Tdav = 2.74 T = 22.86
 <-- Site =  116 .. Mmps =  550 Ndav =   2 E =    -89.7413137930 Error = 9.99e-20 FLOPS = 3.66e+10 Tdav = 2.73 T = 23.63
 <-- Site =  115 .. Mmps =  550 Ndav =   2 E =    -89.7413137934 Error = 7.12e-19 FLOPS = 3.65e+10 Tdav = 2.79 T = 24.29
 <-- Site =  114 .. Mmps =  550 Ndav =   2 E =    -89.7413137936 Error = 2.49e-20 FLOPS = 3.59e+10 Tdav = 2.89 T = 24.90
 <-- Site =  113 .. Mmps =  550 Ndav =   2 E =    -89.7413137939 Error = 2.05e-19 FLOPS = 3.70e+10 Tdav = 2.81 T = 25.24
 <-- Site =  112 .. Mmps =  550 Ndav =   2 E =    -89.7413137942 Error = 3.23e-20 FLOPS = 3.65e+10 Tdav = 2.90 T = 25.55
 <-- Site =  111 .. Mmps =  550 Ndav =   2 E =    -89.7413137946 Error = 6.81e-19 FLOPS = 3.55e+10 Tdav = 2.98 T = 25.76
 <-- Site =  110 .. Mmps =  550 Ndav =   2 E =    -89.7413137949 Error = 1.32e-20 FLOPS = 3.73e+10 Tdav = 2.84 T = 25.69
 <-- Site =  109 .. Mmps =  550 Ndav =   2 E =    -89.7413137952 Error = 3.15e-18 FLOPS = 3.69e+10 Tdav = 2.87 T = 25.92
 <-- Site =  108 .. Mmps =  550 Ndav =   2 E =    -89.7413137955 Error = 1.32e-20 FLOPS = 3.61e+10 Tdav = 2.99 T = 26.65
 <-- Site =  107 .. Mmps =  550 Ndav =   1 E =    -89.7413137955 Error = 3.50e-18 FLOPS = 3.42e+10 Tdav = 1.57 T = 25.38
 <-- Site =  106 .. Mmps =  550 Ndav =   2 E =    -89.7413137957 Error = 3.54e-20 FLOPS = 3.72e+10 Tdav = 2.89 T = 26.56
 <-- Site =  105 .. Mmps =  550 Ndav =   1 E =    -89.7413137957 Error = 2.02e-18 FLOPS = 3.31e+10 Tdav = 1.63 T = 25.34
 <-- Site =  104 .. Mmps =  550 Ndav =   2 E =    -89.7413137959 Error = 1.73e-19 FLOPS = 3.65e+10 Tdav = 2.95 T = 27.09
 <-- Site =  103 .. Mmps =  550 Ndav =   1 E =    -89.7413137959 Error = 5.95e-20 FLOPS = 3.41e+10 Tdav = 1.61 T = 26.48
 <-- Site =  102 .. Mmps =  550 Ndav =   1 E =    -89.7413137959 Error = 1.69e-20 FLOPS = 3.37e+10 Tdav = 1.66 T = 27.29
 <-- Site =  101 .. Mmps =  550 Ndav =   1 E =    -89.7413137959 Error = 2.90e-20 FLOPS = 3.43e+10 Tdav = 1.63 T = 27.05
 <-- Site =  100 .. Mmps =  550 Ndav =   2 E =    -89.7413137961 Error = 2.84e-20 FLOPS = 3.72e+10 Tdav = 3.00 T = 28.79
 <-- Site =   99 .. Mmps =  550 Ndav =   1 E =    -89.7413137961 Error = 1.71e-20 FLOPS = 3.40e+10 Tdav = 1.67 T = 28.15
 <-- Site =   98 .. Mmps =  550 Ndav =   1 E =    -89.7413137961 Error = 1.16e-20 FLOPS = 3.53e+10 Tdav = 1.61 T = 27.17
 <-- Site =   97 .. Mmps =  550 Ndav =   1 E =    -89.7413137961 Error = 2.06e-20 FLOPS = 3.54e+10 Tdav = 1.58 T = 26.89
 <-- Site =   96 .. Mmps =  550 Ndav =   2 E =    -89.7413137963 Error = 9.01e-21 FLOPS = 4.24e+10 Tdav = 2.68 T = 29.18
 <-- Site =   95 .. Mmps =  550 Ndav =   1 E =    -89.7413137963 Error = 1.59e-19 FLOPS = 4.12e+10 Tdav = 1.41 T = 27.93
 <-- Site =   94 .. Mmps =  550 Ndav =   1 E =    -89.7413137963 Error = 9.84e-21 FLOPS = 3.99e+10 Tdav = 1.45 T = 28.12
 <-- Site =   93 .. Mmps =  550 Ndav =   1 E =    -89.7413137963 Error = 3.09e-20 FLOPS = 4.15e+10 Tdav = 1.37 T = 26.76
 <-- Site =   92 .. Mmps =  550 Ndav =   1 E =    -89.7413137963 Error = 3.22e-20 FLOPS = 4.13e+10 Tdav = 1.35 T = 26.62
 <-- Site =   91 .. Mmps =  550 Ndav =   1 E =    -89.7413137963 Error = 3.70e-19 FLOPS = 3.50e+10 Tdav = 1.63 T = 27.96
 <-- Site =   90 .. Mmps =  550 Ndav =   1 E =    -89.7413137963 Error = 3.88e-19 FLOPS = 3.23e+10 Tdav = 1.76 T = 27.88
 <-- Site =   89 .. Mmps =  550 Ndav =   1 E =    -89.7413137963 Error = 8.53e-21 FLOPS = 3.30e+10 Tdav = 1.73 T = 27.95
 <-- Site =   88 .. Mmps =  550 Ndav =   2 E =    -89.7413137965 Error = 2.04e-18 FLOPS = 3.62e+10 Tdav = 3.14 T = 29.42
 <-- Site =   87 .. Mmps =  550 Ndav =   1 E =    -89.7413137965 Error = 2.91e-20 FLOPS = 3.37e+10 Tdav = 1.69 T = 28.15
 <-- Site =   86 .. Mmps =  550 Ndav =   2 E =    -89.7413137968 Error = 2.98e-18 FLOPS = 3.62e+10 Tdav = 3.20 T = 30.68
 <-- Site =   85 .. Mmps =  550 Ndav =   1 E =    -89.7413137968 Error = 2.10e-20 FLOPS = 3.34e+10 Tdav = 1.73 T = 28.25
 <-- Site =   84 .. Mmps =  550 Ndav =   1 E =    -89.7413137968 Error = 4.48e-19 FLOPS = 3.16e+10 Tdav = 1.80 T = 28.15
 <-- Site =   83 .. Mmps =  550 Ndav =   1 E =    -89.7413137968 Error = 1.39e-20 FLOPS = 3.12e+10 Tdav = 1.83 T = 28.57
 <-- Site =   82 .. Mmps =  550 Ndav =   1 E =    -89.7413137968 Error = 1.44e-18 FLOPS = 3.10e+10 Tdav = 1.87 T = 28.90
 <-- Site =   81 .. Mmps =  550 Ndav =   2 E =    -89.7413137970 Error = 1.30e-20 FLOPS = 3.30e+10 Tdav = 3.51 T = 30.50
 <-- Site =   80 .. Mmps =  550 Ndav =   1 E =    -89.7413137970 Error = 2.17e-18 FLOPS = 3.10e+10 Tdav = 1.84 T = 28.09
 <-- Site =   79 .. Mmps =  550 Ndav =   1 E =    -89.7413137970 Error = 3.03e-20 FLOPS = 3.00e+10 Tdav = 1.89 T = 28.26
 <-- Site =   78 .. Mmps =  550 Ndav =   1 E =    -89.7413137970 Error = 1.69e-18 FLOPS = 3.22e+10 Tdav = 1.77 T = 28.33
 <-- Site =   77 .. Mmps =  550 Ndav =   1 E =    -89.7413137970 Error = 7.10e-20 FLOPS = 3.03e+10 Tdav = 1.88 T = 28.20
 <-- Site =   76 .. Mmps =  550 Ndav =   1 E =    -89.7413137970 Error = 1.75e-20 FLOPS = 2.97e+10 Tdav = 1.92 T = 28.86
 <-- Site =   75 .. Mmps =  550 Ndav =   1 E =    -89.7413137970 Error = 7.62e-21 FLOPS = 3.39e+10 Tdav = 1.71 T = 28.68
 <-- Site =   74 .. Mmps =  550 Ndav =   1 E =    -89.7413137970 Error = 2.53e-20 FLOPS = 3.44e+10 Tdav = 1.65 T = 27.91
 <-- Site =   73 .. Mmps =  550 Ndav =   1 E =    -89.7413137970 Error = 1.56e-20 FLOPS = 3.23e+10 Tdav = 1.79 T = 28.89
 <-- Site =   72 .. Mmps =  550 Ndav =   1 E =    -89.7413137970 Error = 8.68e-20 FLOPS = 4.14e+10 Tdav = 1.40 T = 27.61
 <-- Site =   71 .. Mmps =  550 Ndav =   1 E =    -89.7413137970 Error = 9.35e-21 FLOPS = 4.20e+10 Tdav = 1.36 T = 27.12
 <-- Site =   70 .. Mmps =  550 Ndav =   1 E =    -89.7413137970 Error = 1.96e-20 FLOPS = 3.81e+10 Tdav = 1.49 T = 27.91
 <-- Site =   69 .. Mmps =  550 Ndav =   1 E =    -89.7413137970 Error = 6.07e-20 FLOPS = 3.59e+10 Tdav = 1.58 T = 27.49
 <-- Site =   68 .. Mmps =  550 Ndav =   1 E =    -89.7413137970 Error = 1.88e-20 FLOPS = 3.54e+10 Tdav = 1.61 T = 27.95
 <-- Site =   67 .. Mmps =  550 Ndav =   1 E =    -89.7413137970 Error = 6.97e-21 FLOPS = 3.08e+10 Tdav = 1.81 T = 28.16
 <-- Site =   66 .. Mmps =  550 Ndav =   1 E =    -89.7413137970 Error = 8.54e-21 FLOPS = 3.32e+10 Tdav = 1.68 T = 27.76
 <-- Site =   65 .. Mmps =  550 Ndav =   1 E =    -89.7413137970 Error = 1.54e-19 FLOPS = 3.31e+10 Tdav = 1.69 T = 27.30
 <-- Site =   64 .. Mmps =  550 Ndav =   1 E =    -89.7413137970 Error = 7.75e-20 FLOPS = 3.46e+10 Tdav = 1.59 T = 26.73
 <-- Site =   63 .. Mmps =  550 Ndav =   1 E =    -89.7413137970 Error = 3.19e-19 FLOPS = 3.53e+10 Tdav = 1.55 T = 26.61
 <-- Site =   62 .. Mmps =  550 Ndav =   1 E =    -89.7413137970 Error = 1.27e-20 FLOPS = 3.62e+10 Tdav = 1.52 T = 26.14
 <-- Site =   61 .. Mmps =  550 Ndav =   1 E =    -89.7413137970 Error = 1.64e-18 FLOPS = 3.70e+10 Tdav = 1.46 T = 25.96
 <-- Site =   60 .. Mmps =  550 Ndav =   1 E =    -89.7413137970 Error = 6.83e-21 FLOPS = 3.61e+10 Tdav = 1.49 T = 25.53
 <-- Site =   59 .. Mmps =  550 Ndav =   2 E =    -89.7413137973 Error = 9.89e-19 FLOPS = 3.85e+10 Tdav = 2.80 T = 26.46
 <-- Site =   58 .. Mmps =  550 Ndav =   1 E =    -89.7413137973 Error = 4.94e-21 FLOPS = 3.59e+10 Tdav = 1.47 T = 24.92
 <-- Site =   57 .. Mmps =  550 Ndav =   2 E =    -89.7413137975 Error = 4.65e-20 FLOPS = 3.82e+10 Tdav = 2.77 T = 26.04
 <-- Site =   56 .. Mmps =  550 Ndav =   1 E =    -89.7413137975 Error = 2.36e-20 FLOPS = 3.59e+10 Tdav = 1.47 T = 24.86
 <-- Site =   55 .. Mmps =  550 Ndav =   2 E =    -89.7413137978 Error = 2.38e-19 FLOPS = 3.76e+10 Tdav = 2.82 T = 25.69
 <-- Site =   54 .. Mmps =  550 Ndav =   2 E =    -89.7413137981 Error = 1.97e-20 FLOPS = 3.79e+10 Tdav = 2.74 T = 25.08
 <-- Site =   53 .. Mmps =  550 Ndav =   2 E =    -89.7413137983 Error = 1.19e-18 FLOPS = 3.87e+10 Tdav = 2.68 T = 24.73
 <-- Site =   52 .. Mmps =  550 Ndav =   2 E =    -89.7413137987 Error = 1.81e-19 FLOPS = 3.74e+10 Tdav = 2.73 T = 24.03
 <-- Site =   51 .. Mmps =  550 Ndav =   2 E =    -89.7413137988 Error = 9.69e-20 FLOPS = 3.77e+10 Tdav = 2.65 T = 23.42
 <-- Site =   50 .. Mmps =  550 Ndav =   2 E =    -89.7413137991 Error = 3.11e-20 FLOPS = 3.80e+10 Tdav = 2.58 T = 22.72
 <-- Site =   49 .. Mmps =  550 Ndav =   1 E =    -89.7413137991 Error = 2.29e-20 FLOPS = 3.56e+10 Tdav = 1.38 T = 21.09
 <-- Site =   48 .. Mmps =  550 Ndav =   2 E =    -89.7413137993 Error = 6.62e-20 FLOPS = 3.71e+10 Tdav = 2.59 T = 22.17
 <-- Site =   47 .. Mmps =  550 Ndav =   1 E =    -89.7413137993 Error = 8.10e-20 FLOPS = 3.66e+10 Tdav = 1.31 T = 20.38
 <-- Site =   46 .. Mmps =  550 Ndav =   2 E =    -89.7413137996 Error = 1.70e-20 FLOPS = 3.63e+10 Tdav = 2.59 T = 21.35
 <-- Site =   45 .. Mmps =  550 Ndav =   2 E =    -89.7413137999 Error = 2.49e-20 FLOPS = 3.72e+10 Tdav = 2.53 T = 20.84
 <-- Site =   44 .. Mmps =  550 Ndav =   2 E =    -89.7413138002 Error = 1.02e-20 FLOPS = 3.38e+10 Tdav = 2.72 T = 20.48
 <-- Site =   43 .. Mmps =  550 Ndav =   2 E =    -89.7413138005 Error = 3.44e-20 FLOPS = 3.54e+10 Tdav = 2.54 T = 19.80
 <-- Site =   42 .. Mmps =  550 Ndav =   2 E =    -89.7413138009 Error = 9.35e-21 FLOPS = 3.93e+10 Tdav = 2.28 T = 19.21
 <-- Site =   41 .. Mmps =  550 Ndav =   2 E =    -89.7413138013 Error = 9.12e-20 FLOPS = 3.65e+10 Tdav = 2.40 T = 18.74
 <-- Site =   40 .. Mmps =  550 Ndav =   3 E =    -89.7413138023 Error = 5.43e-20 FLOPS = 3.62e+10 Tdav = 3.56 T = 19.09
 <-- Site =   39 .. Mmps =  550 Ndav =   2 E =    -89.7413138033 Error = 5.82e-19 FLOPS = 3.54e+10 Tdav = 2.37 T = 17.22
 <-- Site =   38 .. Mmps =  550 Ndav =   2 E =    -89.7413138039 Error = 5.13e-19 FLOPS = 3.50e+10 Tdav = 2.34 T = 16.49
 <-- Site =   37 .. Mmps =  550 Ndav =   3 E =    -89.7413138046 Error = 6.17e-20 FLOPS = 3.70e+10 Tdav = 3.24 T = 16.87
 <-- Site =   36 .. Mmps =  550 Ndav =   3 E =    -89.7413138058 Error = 2.98e-18 FLOPS = 3.45e+10 Tdav = 3.38 T = 16.29
 <-- Site =   35 .. Mmps =  550 Ndav =   2 E =    -89.7413138066 Error = 3.65e-20 FLOPS = 3.28e+10 Tdav = 2.31 T = 14.73
 <-- Site =   34 .. Mmps =  550 Ndav =   3 E =    -89.7413138081 Error = 1.37e-18 FLOPS = 3.67e+10 Tdav = 3.02 T = 14.82
 <-- Site =   33 .. Mmps =  550 Ndav =   3 E =    -89.7413138094 Error = 9.55e-20 FLOPS = 3.64e+10 Tdav = 2.96 T = 14.23
 <-- Site =   32 .. Mmps =  550 Ndav =   3 E =    -89.7413138114 Error = 2.18e-18 FLOPS = 3.50e+10 Tdav = 2.99 T = 13.63
 <-- Site =   31 .. Mmps =  550 Ndav =   3 E =    -89.7413138129 Error = 3.25e-20 FLOPS = 3.58e+10 Tdav = 2.84 T = 12.93
 <-- Site =   30 .. Mmps =  550 Ndav =   3 E =    -89.7413138155 Error = 1.45e-18 FLOPS = 3.39e+10 Tdav = 2.92 T = 12.49
 <-- Site =   29 .. Mmps =  550 Ndav =   3 E =    -89.7413138182 Error = 1.18e-19 FLOPS = 3.36e+10 Tdav = 2.85 T = 12.01
 <-- Site =   28 .. Mmps =  550 Ndav =   4 E =    -89.7413138225 Error = 2.00e-18 FLOPS = 3.58e+10 Tdav = 3.46 T = 12.11
 <-- Site =   27 .. Mmps =  550 Ndav =   4 E =    -89.7413138284 Error = 1.31e-19 FLOPS = 3.53e+10 Tdav = 3.39 T = 11.47
 <-- Site =   26 .. Mmps =  550 Ndav =   4 E =    -89.7413138352 Error = 3.17e-18 FLOPS = 3.50e+10 Tdav = 3.30 T = 10.89
 <-- Site =   25 .. Mmps =  550 Ndav =   3 E =    -89.7413138369 Error = 3.28e-19 FLOPS = 3.67e+10 Tdav = 2.28 T = 9.41
 <-- Site =   24 .. Mmps =  550 Ndav =   4 E =    -89.7413138415 Error = 1.27e-19 FLOPS = 3.75e+10 Tdav = 2.88 T = 9.59
 <-- Site =   23 .. Mmps =  550 Ndav =   4 E =    -89.7413138487 Error = 3.65e-19 FLOPS = 3.74e+10 Tdav = 2.78 T = 9.16
 <-- Site =   22 .. Mmps =  550 Ndav =   4 E =    -89.7413138538 Error = 3.95e-19 FLOPS = 3.57e+10 Tdav = 2.79 T = 8.68
 <-- Site =   21 .. Mmps =  550 Ndav =   5 E =    -89.7413138617 Error = 1.98e-19 FLOPS = 3.58e+10 Tdav = 3.35 T = 8.82
 <-- Site =   20 .. Mmps =  550 Ndav =   4 E =    -89.7413138671 Error = 6.68e-20 FLOPS = 3.67e+10 Tdav = 2.50 T = 7.66
 <-- Site =   19 .. Mmps =  550 Ndav =   5 E =    -89.7413138739 Error = 1.71e-19 FLOPS = 3.74e+10 Tdav = 2.93 T = 7.76
 <-- Site =   18 .. Mmps =  550 Ndav =   5 E =    -89.7413138794 Error = 1.18e-19 FLOPS = 3.72e+10 Tdav = 2.82 T = 7.24
 <-- Site =   17 .. Mmps =  550 Ndav =   4 E =    -89.7413138853 Error = 8.99e-20 FLOPS = 3.67e+10 Tdav = 2.18 T = 6.32
 <-- Site =   16 .. Mmps =  550 Ndav =   4 E =    -89.7413138890 Error = 8.18e-20 FLOPS = 3.61e+10 Tdav = 2.10 T = 5.94
 <-- Site =   15 .. Mmps =  550 Ndav =   4 E =    -89.7413138937 Error = 7.88e-20 FLOPS = 3.55e+10 Tdav = 2.02 T = 5.79
 <-- Site =   14 .. Mmps =  550 Ndav =   3 E =    -89.7413138961 Error = 1.47e-19 FLOPS = 3.36e+10 Tdav = 1.52 T = 4.66
 <-- Site =   13 .. Mmps =  550 Ndav =   3 E =    -89.7413138990 Error = 4.59e-18 FLOPS = 3.32e+10 Tdav = 1.44 T = 4.40
 <-- Site =   12 .. Mmps =  550 Ndav =   2 E =    -89.7413138996 Error = 2.23e-17 FLOPS = 3.15e+10 Tdav = 0.95 T = 3.56
 <-- Site =   11 .. Mmps =  550 Ndav =   1 E =    -89.7413138996 Error = 3.48e-18 FLOPS = 2.55e+10 Tdav = 0.55 T = 2.91
 <-- Site =   10 .. Mmps =  550 Ndav =   1 E =    -89.7413138996 Error = 7.18e-19 FLOPS = 2.48e+10 Tdav = 0.52 T = 2.68
 <-- Site =    9 .. Mmps =  550 Ndav =   2 E =    -89.7413138997 Error = 8.63e-24 FLOPS = 3.54e+10 Tdav = 0.60 T = 2.37
 <-- Site =    8 .. Mmps =  550 Ndav =   1 E =    -89.7413138997 Error = 7.90e-34 FLOPS = 2.83e+10 Tdav = 0.12 T = 1.26
 <-- Site =    7 .. Mmps =  550 Ndav =   1 E =    -89.7413138997 Error = 7.19e-53 FLOPS = 2.45e+10 Tdav = 0.05 T = 0.96
 <-- Site =    6 .. Mmps =  550 Ndav =   1 E =    -89.7413138997 Error = 7.50e-76 FLOPS = 2.03e+10 Tdav = 0.02 T = 0.90
 <-- Site =    5 .. Mmps =  550 Ndav =   1 E =    -89.7413138997 Error = 9.15e-94 FLOPS = 1.66e+10 Tdav = 0.01 T = 0.81
 <-- Site =    4 .. Mmps =  550 Ndav =   1 E =    -89.7413138997 Error = 3.25e-104 FLOPS = 1.25e+10 Tdav = 0.01 T = 0.72
 <-- Site =    3 .. Mmps =  550 Ndav =   1 E =    -89.7413138997 Error = 0.00e+00 FLOPS = 9.40e+09 Tdav = 0.00 T = 0.67
 <-- Site =    2 .. Mmps =  550 Ndav =   1 E =    -89.7413138997 Error = 6.00e-109 FLOPS = 6.02e+09 Tdav = 0.00 T = 0.63
 <-- Site =    1 .. Mmps =  550 Ndav =   1 E =    -89.7413138997 Error = 0.00e+00 FLOPS = 3.66e+09 Tdav = 0.00 T = 0.53
 <-- Site =    0 .. Mmps =  550 Ndav =   1 E =    -89.7413138997 Error = 0.00e+00 FLOPS = 3.15e+09 Tdav = 0.00 T = 0.49
Time elapsed =  37619.640 | E =     -89.7413138997 | DE = -2.29e-07 | DW = 2.23238e-17
Time sweep =     2854.590 | 11.3 TFLOP/SWP
 | Dmem = 141 MB (3%) | Imem = 232 B (79%) | Hmem = 672 MB | Wmem = 4.62 MB | Pmem = 0 B
 | Tread = 82.085 | Twrite = 31.170 | Tfpread = 80.760 | Tfpwrite = 20.160 | Tmporead = 0.000 | Tasync = 0.000
 | data = 14.8 GB | cpsd = 9.82 GB
 | Trot = 162.433 | Tctr = 171.467 | Tint = 0.008 | Tmid = 0.000 | Tdctr = 0.010 | Tdiag = 1.479 | Tinfo = 2.458
 | Teff = 2030.884 | Tprt = 0.000 | Teig = 339.726 | Tblk = 2421.462 | Tmve = 433.116 | Tdm = 2.516 | Tsplt = 35.904 | Tsvd = 0.000 | Torth = 0.000

Sweep =   14 | Direction =  forward | Bond dimension =  550 | Noise =  0.00e+00 | Dav threshold =  1.00e-08
 --> Site =    0 .. Mmps =    2 Ndav =   1 E =    -89.7413138997 Error = 0.00e+00 FLOPS = 2.20e+09 Tdav = 0.00 T = 0.02
 --> Site =    1 .. Mmps =    4 Ndav =   1 E =    -89.7413138997 Error = 0.00e+00 FLOPS = 3.78e+09 Tdav = 0.00 T = 0.05
 --> Site =    2 .. Mmps =    8 Ndav =   1 E =    -89.7413138997 Error = 0.00e+00 FLOPS = 6.14e+09 Tdav = 0.00 T = 0.07
 --> Site =    3 .. Mmps =   16 Ndav =   1 E =    -89.7413138997 Error = 0.00e+00 FLOPS = 9.52e+09 Tdav = 0.00 T = 0.06
 --> Site =    4 .. Mmps =   32 Ndav =   1 E =    -89.7413138997 Error = 0.00e+00 FLOPS = 1.31e+10 Tdav = 0.01 T = 0.07
 --> Site =    5 .. Mmps =   64 Ndav =   1 E =    -89.7413138997 Error = 0.00e+00 FLOPS = 1.66e+10 Tdav = 0.01 T = 0.08
 --> Site =    6 .. Mmps =  128 Ndav =   1 E =    -89.7413138997 Error = 0.00e+00 FLOPS = 2.05e+10 Tdav = 0.02 T = 0.12
 --> Site =    7 .. Mmps =  256 Ndav =   1 E =    -89.7413138997 Error = 0.00e+00 FLOPS = 2.34e+10 Tdav = 0.05 T = 0.19
 --> Site =    8 .. Mmps =  512 Ndav =   1 E =    -89.7413138997 Error = 0.00e+00 FLOPS = 2.81e+10 Tdav = 0.12 T = 0.45
 --> Site =    9 .. Mmps =  550 Ndav =   1 E =    -89.7413138997 Error = 2.14e-25 FLOPS = 3.23e+10 Tdav = 0.33 T = 1.69
 --> Site =   10 .. Mmps =  550 Ndav =   1 E =    -89.7413138997 Error = 2.63e-24 FLOPS = 2.39e+10 Tdav = 0.54 T = 2.39
 --> Site =   11 .. Mmps =  550 Ndav =   1 E =    -89.7413138997 Error = 2.07e-23 FLOPS = 2.63e+10 Tdav = 0.53 T = 2.75
 --> Site =   12 .. Mmps =  550 Ndav =   1 E =    -89.7413138997 Error = 3.27e-20 FLOPS = 2.68e+10 Tdav = 0.56 T = 2.97
 --> Site =   13 .. Mmps =  550 Ndav =   1 E =    -89.7413138997 Error = 3.14e-19 FLOPS = 2.74e+10 Tdav = 0.58 T = 3.23
 --> Site =   14 .. Mmps =  550 Ndav =   3 E =    -89.7413139008 Error = 5.38e-19 FLOPS = 3.47e+10 Tdav = 1.47 T = 4.38
 --> Site =   15 .. Mmps =  550 Ndav =   3 E =    -89.7413139021 Error = 9.64e-19 FLOPS = 3.52e+10 Tdav = 1.53 T = 4.85
 --> Site =   16 .. Mmps =  550 Ndav =   3 E =    -89.7413139037 Error = 1.49e-18 FLOPS = 3.60e+10 Tdav = 1.58 T = 5.10
 --> Site =   17 .. Mmps =  550 Ndav =   3 E =    -89.7413139056 Error = 7.64e-19 FLOPS = 3.67e+10 Tdav = 1.63 T = 5.38
 --> Site =   18 .. Mmps =  550 Ndav =   3 E =    -89.7413139072 Error = 7.30e-19 FLOPS = 3.40e+10 Tdav = 1.85 T = 5.97
 --> Site =   19 .. Mmps =  550 Ndav =   3 E =    -89.7413139091 Error = 1.20e-18 FLOPS = 3.51e+10 Tdav = 1.88 T = 6.30
 --> Site =   20 .. Mmps =  550 Ndav =   3 E =    -89.7413139109 Error = 8.22e-19 FLOPS = 3.55e+10 Tdav = 1.94 T = 6.70
 --> Site =   21 .. Mmps =  550 Ndav =   3 E =    -89.7413139132 Error = 1.12e-18 FLOPS = 3.56e+10 Tdav = 2.02 T = 7.23
 --> Site =   22 .. Mmps =  550 Ndav =   3 E =    -89.7413139152 Error = 3.23e-19 FLOPS = 3.60e+10 Tdav = 2.08 T = 7.64
 --> Site =   23 .. Mmps =  550 Ndav =   3 E =    -89.7413139173 Error = 7.89e-19 FLOPS = 3.61e+10 Tdav = 2.16 T = 8.01
 --> Site =   24 .. Mmps =  550 Ndav =   3 E =    -89.7413139198 Error = 5.95e-19 FLOPS = 3.57e+10 Tdav = 2.27 T = 8.75
 --> Site =   25 .. Mmps =  550 Ndav =   5 E =    -89.7413139262 Error = 1.20e-18 FLOPS = 3.76e+10 Tdav = 3.71 T = 10.40
 --> Site =   26 .. Mmps =  550 Ndav =   3 E =    -89.7413139280 Error = 6.87e-19 FLOPS = 3.42e+10 Tdav = 2.54 T = 9.64
 --> Site =   27 .. Mmps =  550 Ndav =   3 E =    -89.7413139301 Error = 1.60e-18 FLOPS = 3.54e+10 Tdav = 2.54 T = 10.05
 --> Site =   28 .. Mmps =  550 Ndav =   4 E =    -89.7413139342 Error = 1.90e-19 FLOPS = 3.63e+10 Tdav = 3.41 T = 11.44
 --> Site =   29 .. Mmps =  550 Ndav =   3 E =    -89.7413139379 Error = 8.74e-19 FLOPS = 3.55e+10 Tdav = 2.70 T = 11.22
 --> Site =   30 .. Mmps =  550 Ndav =   4 E =    -89.7413139415 Error = 1.51e-19 FLOPS = 3.63e+10 Tdav = 3.63 T = 12.64
 --> Site =   31 .. Mmps =  550 Ndav =   3 E =    -89.7413139442 Error = 4.13e-19 FLOPS = 3.67e+10 Tdav = 2.77 T = 12.15
 --> Site =   32 .. Mmps =  550 Ndav =   4 E =    -89.7413139471 Error = 3.79e-19 FLOPS = 3.55e+10 Tdav = 3.93 T = 13.94
 --> Site =   33 .. Mmps =  550 Ndav =   4 E =    -89.7413139492 Error = 1.93e-19 FLOPS = 3.67e+10 Tdav = 3.91 T = 14.33
 --> Site =   34 .. Mmps =  550 Ndav =   3 E =    -89.7413139505 Error = 9.18e-19 FLOPS = 3.57e+10 Tdav = 3.11 T = 14.04
 --> Site =   35 .. Mmps =  550 Ndav =   2 E =    -89.7413139513 Error = 1.19e-19 FLOPS = 3.54e+10 Tdav = 2.14 T = 13.80
 --> Site =   36 .. Mmps =  550 Ndav =   2 E =    -89.7413139518 Error = 1.24e-19 FLOPS = 3.54e+10 Tdav = 2.20 T = 14.22
 --> Site =   37 .. Mmps =  550 Ndav =   2 E =    -89.7413139523 Error = 1.63e-19 FLOPS = 3.45e+10 Tdav = 2.31 T = 14.96
 --> Site =   38 .. Mmps =  550 Ndav =   2 E =    -89.7413139528 Error = 1.81e-19 FLOPS = 3.74e+10 Tdav = 2.19 T = 15.54
 --> Site =   39 .. Mmps =  550 Ndav =   2 E =    -89.7413139532 Error = 1.32e-19 FLOPS = 4.01e+10 Tdav = 2.09 T = 15.91
 --> Site =   40 .. Mmps =  550 Ndav =   2 E =    -89.7413139536 Error = 8.14e-20 FLOPS = 3.94e+10 Tdav = 2.18 T = 16.55
 --> Site =   41 .. Mmps =  550 Ndav =   2 E =    -89.7413139541 Error = 1.64e-19 FLOPS = 3.86e+10 Tdav = 2.28 T = 17.28
 --> Site =   42 .. Mmps =  550 Ndav =   2 E =    -89.7413139545 Error = 2.00e-19 FLOPS = 3.89e+10 Tdav = 2.31 T = 17.95
 --> Site =   43 .. Mmps =  550 Ndav =   3 E =    -89.7413139555 Error = 1.14e-19 FLOPS = 4.08e+10 Tdav = 3.30 T = 19.33
 --> Site =   44 .. Mmps =  550 Ndav =   2 E =    -89.7413139559 Error = 1.97e-19 FLOPS = 4.01e+10 Tdav = 2.29 T = 18.52
 --> Site =   45 .. Mmps =  550 Ndav =   3 E =    -89.7413139566 Error = 7.62e-20 FLOPS = 4.01e+10 Tdav = 3.51 T = 20.60
 --> Site =   46 .. Mmps =  550 Ndav =   2 E =    -89.7413139568 Error = 1.19e-19 FLOPS = 3.93e+10 Tdav = 2.39 T = 19.80
 --> Site =   47 .. Mmps =  550 Ndav =   2 E =    -89.7413139572 Error = 4.82e-20 FLOPS = 4.07e+10 Tdav = 2.36 T = 19.98
 --> Site =   48 .. Mmps =  550 Ndav =   1 E =    -89.7413139572 Error = 1.48e-19 FLOPS = 3.83e+10 Tdav = 1.25 T = 19.25
 --> Site =   49 .. Mmps =  550 Ndav =   2 E =    -89.7413139574 Error = 2.61e-20 FLOPS = 3.99e+10 Tdav = 2.45 T = 20.94
 --> Site =   50 .. Mmps =  550 Ndav =   1 E =    -89.7413139574 Error = 4.84e-20 FLOPS = 3.79e+10 Tdav = 1.29 T = 20.06
 --> Site =   51 .. Mmps =  550 Ndav =   2 E =    -89.7413139576 Error = 2.71e-19 FLOPS = 3.98e+10 Tdav = 2.51 T = 21.51
 --> Site =   52 .. Mmps =  550 Ndav =   1 E =    -89.7413139576 Error = 2.23e-19 FLOPS = 3.86e+10 Tdav = 1.32 T = 21.10
 --> Site =   53 .. Mmps =  550 Ndav =   1 E =    -89.7413139576 Error = 5.60e-20 FLOPS = 3.81e+10 Tdav = 1.36 T = 21.89
 --> Site =   54 .. Mmps =  550 Ndav =   1 E =    -89.7413139576 Error = 9.51e-20 FLOPS = 3.87e+10 Tdav = 1.34 T = 22.42
 --> Site =   55 .. Mmps =  550 Ndav =   1 E =    -89.7413139576 Error = 2.26e-20 FLOPS = 3.84e+10 Tdav = 1.38 T = 22.60
 --> Site =   56 .. Mmps =  550 Ndav =   2 E =    -89.7413139579 Error = 8.46e-20 FLOPS = 4.03e+10 Tdav = 2.63 T = 24.20
 --> Site =   57 .. Mmps =  550 Ndav =   1 E =    -89.7413139579 Error = 3.37e-20 FLOPS = 3.80e+10 Tdav = 1.39 T = 23.09
 --> Site =   58 .. Mmps =  550 Ndav =   2 E =    -89.7413139581 Error = 7.50e-20 FLOPS = 4.06e+10 Tdav = 2.61 T = 24.27
 --> Site =   59 .. Mmps =  550 Ndav =   2 E =    -89.7413139583 Error = 9.53e-21 FLOPS = 3.94e+10 Tdav = 2.74 T = 24.75
 --> Site =   60 .. Mmps =  550 Ndav =   1 E =    -89.7413139583 Error = 3.03e-20 FLOPS = 3.81e+10 Tdav = 1.42 T = 23.98
 --> Site =   61 .. Mmps =  550 Ndav =   2 E =    -89.7413139586 Error = 8.03e-20 FLOPS = 3.94e+10 Tdav = 2.74 T = 25.07
 --> Site =   62 .. Mmps =  550 Ndav =   2 E =    -89.7413139588 Error = 2.16e-20 FLOPS = 3.69e+10 Tdav = 2.97 T = 25.89
 --> Site =   63 .. Mmps =  550 Ndav =   1 E =    -89.7413139588 Error = 5.21e-20 FLOPS = 3.57e+10 Tdav = 1.54 T = 25.02
 --> Site =   64 .. Mmps =  550 Ndav =   1 E =    -89.7413139588 Error = 1.53e-19 FLOPS = 3.55e+10 Tdav = 1.55 T = 24.87
 --> Site =   65 .. Mmps =  550 Ndav =   1 E =    -89.7413139588 Error = 6.92e-20 FLOPS = 3.54e+10 Tdav = 1.58 T = 25.39
 --> Site =   66 .. Mmps =  550 Ndav =   1 E =    -89.7413139588 Error = 8.82e-20 FLOPS = 3.54e+10 Tdav = 1.58 T = 25.81
 --> Site =   67 .. Mmps =  550 Ndav =   1 E =    -89.7413139588 Error = 3.01e-20 FLOPS = 3.55e+10 Tdav = 1.57 T = 25.87
 --> Site =   68 .. Mmps =  550 Ndav =   1 E =    -89.7413139588 Error = 9.63e-21 FLOPS = 3.66e+10 Tdav = 1.56 T = 26.10
 --> Site =   69 .. Mmps =  550 Ndav =   2 E =    -89.7413139591 Error = 1.00e-19 FLOPS = 3.66e+10 Tdav = 3.11 T = 27.95
 --> Site =   70 .. Mmps =  550 Ndav =   1 E =    -89.7413139591 Error = 3.28e-20 FLOPS = 3.58e+10 Tdav = 1.59 T = 26.69
 --> Site =   71 .. Mmps =  550 Ndav =   2 E =    -89.7413139593 Error = 5.75e-20 FLOPS = 3.72e+10 Tdav = 3.06 T = 28.03
 --> Site =   72 .. Mmps =  550 Ndav =   1 E =    -89.7413139593 Error = 1.06e-19 FLOPS = 3.60e+10 Tdav = 1.61 T = 27.00
 --> Site =   73 .. Mmps =  550 Ndav =   2 E =    -89.7413139595 Error = 8.87e-20 FLOPS = 3.74e+10 Tdav = 3.10 T = 28.78
 --> Site =   74 .. Mmps =  550 Ndav =   1 E =    -89.7413139595 Error = 6.69e-20 FLOPS = 3.54e+10 Tdav = 1.61 T = 27.00
 --> Site =   75 .. Mmps =  550 Ndav =   1 E =    -89.7413139595 Error = 1.71e-20 FLOPS = 3.66e+10 Tdav = 1.58 T = 26.96
 --> Site =   76 .. Mmps =  550 Ndav =   1 E =    -89.7413139595 Error = 5.19e-20 FLOPS = 3.59e+10 Tdav = 1.59 T = 27.01
 --> Site =   77 .. Mmps =  550 Ndav =   1 E =    -89.7413139595 Error = 7.71e-20 FLOPS = 3.55e+10 Tdav = 1.60 T = 26.68
 --> Site =   78 .. Mmps =  550 Ndav =   1 E =    -89.7413139595 Error = 9.07e-20 FLOPS = 3.59e+10 Tdav = 1.58 T = 26.46
 --> Site =   79 .. Mmps =  550 Ndav =   1 E =    -89.7413139595 Error = 2.30e-19 FLOPS = 3.59e+10 Tdav = 1.59 T = 26.50
 --> Site =   80 .. Mmps =  550 Ndav =   1 E =    -89.7413139595 Error = 1.92e-19 FLOPS = 3.57e+10 Tdav = 1.59 T = 26.49
 --> Site =   81 .. Mmps =  550 Ndav =   1 E =    -89.7413139595 Error = 7.54e-20 FLOPS = 3.58e+10 Tdav = 1.62 T = 27.34
 --> Site =   82 .. Mmps =  550 Ndav =   1 E =    -89.7413139595 Error = 1.19e-20 FLOPS = 3.60e+10 Tdav = 1.61 T = 27.49
 --> Site =   83 .. Mmps =  550 Ndav =   1 E =    -89.7413139595 Error = 7.52e-20 FLOPS = 3.55e+10 Tdav = 1.60 T = 26.94
 --> Site =   84 .. Mmps =  550 Ndav =   1 E =    -89.7413139595 Error = 5.06e-20 FLOPS = 3.59e+10 Tdav = 1.58 T = 26.67
 --> Site =   85 .. Mmps =  550 Ndav =   1 E =    -89.7413139595 Error = 3.54e-20 FLOPS = 3.63e+10 Tdav = 1.59 T = 26.98
 --> Site =   86 .. Mmps =  550 Ndav =   1 E =    -89.7413139595 Error = 1.28e-19 FLOPS = 3.50e+10 Tdav = 1.65 T = 27.69
 --> Site =   87 .. Mmps =  550 Ndav =   1 E =    -89.7413139595 Error = 1.44e-20 FLOPS = 3.53e+10 Tdav = 1.61 T = 27.19
 --> Site =   88 .. Mmps =  550 Ndav =   1 E =    -89.7413139595 Error = 2.77e-20 FLOPS = 3.53e+10 Tdav = 1.61 T = 26.95
 --> Site =   89 .. Mmps =  550 Ndav =   1 E =    -89.7413139595 Error = 7.91e-20 FLOPS = 3.53e+10 Tdav = 1.61 T = 26.61
 --> Site =   90 .. Mmps =  550 Ndav =   1 E =    -89.7413139595 Error = 1.97e-19 FLOPS = 3.58e+10 Tdav = 1.59 T = 26.74
 --> Site =   91 .. Mmps =  550 Ndav =   1 E =    -89.7413139595 Error = 1.75e-20 FLOPS = 3.55e+10 Tdav = 1.60 T = 26.66
 --> Site =   92 .. Mmps =  550 Ndav =   1 E =    -89.7413139595 Error = 1.76e-20 FLOPS = 3.58e+10 Tdav = 1.56 T = 25.99
 --> Site =   93 .. Mmps =  550 Ndav =   1 E =    -89.7413139595 Error = 5.40e-20 FLOPS = 3.68e+10 Tdav = 1.55 T = 25.88
 --> Site =   94 .. Mmps =  550 Ndav =   1 E =    -89.7413139595 Error = 4.63e-20 FLOPS = 3.63e+10 Tdav = 1.59 T = 26.70
 --> Site =   95 .. Mmps =  550 Ndav =   1 E =    -89.7413139595 Error = 1.62e-20 FLOPS = 3.70e+10 Tdav = 1.56 T = 27.04
 --> Site =   96 .. Mmps =  550 Ndav =   1 E =    -89.7413139595 Error = 7.23e-20 FLOPS = 3.80e+10 Tdav = 1.50 T = 26.21
 --> Site =   97 .. Mmps =  550 Ndav =   1 E =    -89.7413139595 Error = 3.89e-20 FLOPS = 3.33e+10 Tdav = 1.68 T = 25.66
 --> Site =   98 .. Mmps =  550 Ndav =   1 E =    -89.7413139595 Error = 6.09e-20 FLOPS = 3.26e+10 Tdav = 1.75 T = 25.76
 --> Site =   99 .. Mmps =  550 Ndav =   1 E =    -89.7413139595 Error = 1.67e-20 FLOPS = 3.37e+10 Tdav = 1.69 T = 26.38
 --> Site =  100 .. Mmps =  550 Ndav =   1 E =    -89.7413139595 Error = 9.28e-20 FLOPS = 3.29e+10 Tdav = 1.70 T = 25.95
 --> Site =  101 .. Mmps =  550 Ndav =   1 E =    -89.7413139595 Error = 7.54e-21 FLOPS = 3.27e+10 Tdav = 1.71 T = 25.44
 --> Site =  102 .. Mmps =  550 Ndav =   1 E =    -89.7413139595 Error = 8.16e-20 FLOPS = 3.56e+10 Tdav = 1.57 T = 25.40
 --> Site =  103 .. Mmps =  550 Ndav =   1 E =    -89.7413139595 Error = 1.16e-19 FLOPS = 3.36e+10 Tdav = 1.63 T = 24.93
 --> Site =  104 .. Mmps =  550 Ndav =   1 E =    -89.7413139595 Error = 1.51e-19 FLOPS = 3.27e+10 Tdav = 1.65 T = 24.54
 --> Site =  105 .. Mmps =  550 Ndav =   1 E =    -89.7413139595 Error = 9.33e-20 FLOPS = 3.40e+10 Tdav = 1.59 T = 23.94
 --> Site =  106 .. Mmps =  550 Ndav =   1 E =    -89.7413139595 Error = 4.23e-20 FLOPS = 3.74e+10 Tdav = 1.44 T = 23.40
 --> Site =  107 .. Mmps =  550 Ndav =   1 E =    -89.7413139595 Error = 7.81e-20 FLOPS = 3.73e+10 Tdav = 1.45 T = 23.15
 --> Site =  108 .. Mmps =  550 Ndav =   1 E =    -89.7413139595 Error = 1.04e-19 FLOPS = 3.87e+10 Tdav = 1.39 T = 23.70
 --> Site =  109 .. Mmps =  550 Ndav =   1 E =    -89.7413139595 Error = 5.20e-20 FLOPS = 3.83e+10 Tdav = 1.38 T = 22.96
 --> Site =  110 .. Mmps =  550 Ndav =   1 E =    -89.7413139595 Error = 3.69e-20 FLOPS = 3.79e+10 Tdav = 1.40 T = 22.70
 --> Site =  111 .. Mmps =  550 Ndav =   1 E =    -89.7413139595 Error = 8.43e-21 FLOPS = 3.59e+10 Tdav = 1.47 T = 23.29
 --> Site =  112 .. Mmps =  550 Ndav =   1 E =    -89.7413139595 Error = 7.50e-20 FLOPS = 3.91e+10 Tdav = 1.35 T = 22.67
 --> Site =  113 .. Mmps =  550 Ndav =   1 E =    -89.7413139595 Error = 3.60e-20 FLOPS = 3.87e+10 Tdav = 1.34 T = 22.05
 --> Site =  114 .. Mmps =  550 Ndav =   1 E =    -89.7413139595 Error = 4.21e-20 FLOPS = 3.82e+10 Tdav = 1.36 T = 21.64
 --> Site =  115 .. Mmps =  550 Ndav =   1 E =    -89.7413139595 Error = 1.80e-19 FLOPS = 3.83e+10 Tdav = 1.33 T = 21.86
 --> Site =  116 .. Mmps =  550 Ndav =   1 E =    -89.7413139595 Error = 2.35e-19 FLOPS = 3.87e+10 Tdav = 1.29 T = 20.45
 --> Site =  117 .. Mmps =  550 Ndav =   1 E =    -89.7413139595 Error = 9.91e-20 FLOPS = 3.76e+10 Tdav = 1.30 T = 20.15
 --> Site =  118 .. Mmps =  550 Ndav =   1 E =    -89.7413139595 Error = 5.75e-20 FLOPS = 3.68e+10 Tdav = 1.33 T = 19.52
 --> Site =  119 .. Mmps =  550 Ndav =   1 E =    -89.7413139595 Error = 3.32e-20 FLOPS = 3.79e+10 Tdav = 1.27 T = 19.59
 --> Site =  120 .. Mmps =  550 Ndav =   2 E =    -89.7413139598 Error = 1.77e-19 FLOPS = 4.02e+10 Tdav = 2.38 T = 19.96
 --> Site =  121 .. Mmps =  550 Ndav =   2 E =    -89.7413139600 Error = 7.28e-20 FLOPS = 4.08e+10 Tdav = 2.30 T = 19.51
 --> Site =  122 .. Mmps =  550 Ndav =   2 E =    -89.7413139602 Error = 7.72e-20 FLOPS = 3.86e+10 Tdav = 2.38 T = 18.87
 --> Site =  123 .. Mmps =  550 Ndav =   2 E =    -89.7413139605 Error = 7.09e-20 FLOPS = 3.83e+10 Tdav = 2.40 T = 19.03
 --> Site =  124 .. Mmps =  550 Ndav =   1 E =    -89.7413139605 Error = 3.77e-20 FLOPS = 3.91e+10 Tdav = 1.15 T = 16.93
 --> Site =  125 .. Mmps =  550 Ndav =   1 E =    -89.7413139605 Error = 4.17e-20 FLOPS = 3.75e+10 Tdav = 1.20 T = 16.71
 --> Site =  126 .. Mmps =  550 Ndav =   2 E =    -89.7413139608 Error = 1.76e-19 FLOPS = 4.07e+10 Tdav = 2.16 T = 17.53
 --> Site =  127 .. Mmps =  550 Ndav =   2 E =    -89.7413139610 Error = 6.90e-20 FLOPS = 3.74e+10 Tdav = 2.30 T = 17.15
 --> Site =  128 .. Mmps =  550 Ndav =   2 E =    -89.7413139614 Error = 2.09e-19 FLOPS = 3.85e+10 Tdav = 2.18 T = 16.57
 --> Site =  129 .. Mmps =  550 Ndav =   2 E =    -89.7413139617 Error = 7.23e-19 FLOPS = 3.98e+10 Tdav = 2.06 T = 15.58
 --> Site =  130 .. Mmps =  550 Ndav =   2 E =    -89.7413139619 Error = 4.41e-19 FLOPS = 3.82e+10 Tdav = 2.09 T = 14.98
 --> Site =  131 .. Mmps =  550 Ndav =   2 E =    -89.7413139622 Error = 4.76e-19 FLOPS = 4.08e+10 Tdav = 1.91 T = 14.25
 --> Site =  132 .. Mmps =  550 Ndav =   2 E =    -89.7413139625 Error = 9.14e-20 FLOPS = 3.86e+10 Tdav = 1.96 T = 13.86
 --> Site =  133 .. Mmps =  550 Ndav =   2 E =    -89.7413139628 Error = 6.85e-19 FLOPS = 3.80e+10 Tdav = 1.94 T = 13.43
 --> Site =  134 .. Mmps =  550 Ndav =   3 E =    -89.7413139635 Error = 6.20e-20 FLOPS = 3.86e+10 Tdav = 2.80 T = 13.49
 --> Site =  135 .. Mmps =  550 Ndav =   2 E =    -89.7413139641 Error = 1.30e-19 FLOPS = 4.07e+10 Tdav = 1.72 T = 11.77
 --> Site =  136 .. Mmps =  550 Ndav =   3 E =    -89.7413139652 Error = 2.92e-20 FLOPS = 4.08e+10 Tdav = 2.50 T = 12.18
 --> Site =  137 .. Mmps =  550 Ndav =   3 E =    -89.7413139661 Error = 2.38e-19 FLOPS = 4.10e+10 Tdav = 2.41 T = 11.53
 --> Site =  138 .. Mmps =  550 Ndav =   3 E =    -89.7413139674 Error = 1.44e-19 FLOPS = 3.79e+10 Tdav = 2.53 T = 11.18
 --> Site =  139 .. Mmps =  550 Ndav =   3 E =    -89.7413139687 Error = 7.77e-19 FLOPS = 3.77e+10 Tdav = 2.46 T = 10.97
 --> Site =  140 .. Mmps =  550 Ndav =   3 E =    -89.7413139708 Error = 1.69e-19 FLOPS = 3.86e+10 Tdav = 2.33 T = 10.33
 --> Site =  141 .. Mmps =  550 Ndav =   3 E =    -89.7413139735 Error = 4.06e-19 FLOPS = 4.01e+10 Tdav = 2.17 T = 9.43
 --> Site =  142 .. Mmps =  550 Ndav =   4 E =    -89.7413139775 Error = 6.99e-19 FLOPS = 4.08e+10 Tdav = 2.74 T = 9.68
 --> Site =  143 .. Mmps =  550 Ndav =   3 E =    -89.7413139787 Error = 5.00e-19 FLOPS = 3.87e+10 Tdav = 2.09 T = 8.56
 --> Site =  144 .. Mmps =  550 Ndav =   3 E =    -89.7413139819 Error = 8.58e-19 FLOPS = 4.06e+10 Tdav = 1.92 T = 8.01
 --> Site =  145 .. Mmps =  550 Ndav =   4 E =    -89.7413139874 Error = 2.37e-18 FLOPS = 4.08e+10 Tdav = 2.45 T = 8.12
 --> Site =  146 .. Mmps =  550 Ndav =   4 E =    -89.7413139916 Error = 2.34e-19 FLOPS = 3.70e+10 Tdav = 2.59 T = 7.93
 --> Site =  147 .. Mmps =  550 Ndav =   4 E =    -89.7413139977 Error = 3.71e-19 FLOPS = 3.72e+10 Tdav = 2.47 T = 7.58
 --> Site =  148 .. Mmps =  550 Ndav =   4 E =    -89.7413140032 Error = 2.53e-19 FLOPS = 3.72e+10 Tdav = 2.36 T = 7.10
 --> Site =  149 .. Mmps =  550 Ndav =   5 E =    -89.7413140102 Error = 7.69e-19 FLOPS = 3.80e+10 Tdav = 2.76 T = 7.15
 --> Site =  150 .. Mmps =  550 Ndav =   4 E =    -89.7413140146 Error = 1.89e-19 FLOPS = 3.81e+10 Tdav = 2.10 T = 6.05
 --> Site =  151 .. Mmps =  550 Ndav =   4 E =    -89.7413140198 Error = 5.33e-19 FLOPS = 4.00e+10 Tdav = 1.90 T = 5.56
 --> Site =  152 .. Mmps =  550 Ndav =   3 E =    -89.7413140223 Error = 2.34e-19 FLOPS = 3.97e+10 Tdav = 1.36 T = 4.71
 --> Site =  153 .. Mmps =  550 Ndav =   4 E =    -89.7413140264 Error = 1.17e-18 FLOPS = 3.96e+10 Tdav = 1.71 T = 4.76
 --> Site =  154 .. Mmps =  550 Ndav =   3 E =    -89.7413140280 Error = 4.60e-19 FLOPS = 3.74e+10 Tdav = 1.28 T = 4.09
 --> Site =  155 .. Mmps =  550 Ndav =   3 E =    -89.7413140304 Error = 4.47e-18 FLOPS = 3.92e+10 Tdav = 1.15 T = 3.79
 --> Site =  156 .. Mmps =  550 Ndav =   2 E =    -89.7413140310 Error = 8.74e-19 FLOPS = 3.71e+10 Tdav = 0.75 T = 3.06
 --> Site =  157 .. Mmps =  550 Ndav =   1 E =    -89.7413140310 Error = 5.91e-18 FLOPS = 3.36e+10 Tdav = 0.39 T = 2.46
 --> Site =  158 .. Mmps =  550 Ndav =   1 E =    -89.7413140310 Error = 1.85e-19 FLOPS = 3.14e+10 Tdav = 0.38 T = 2.34
 --> Site =  159 .. Mmps =  550 Ndav =   1 E =    -89.7413140310 Error = 3.96e-24 FLOPS = 3.20e+10 Tdav = 0.31 T = 2.03
 --> Site =  160 .. Mmps =  550 Ndav =   1 E =    -89.7413140310 Error = 2.09e-33 FLOPS = 3.05e+10 Tdav = 0.13 T = 1.61
 --> Site =  161 .. Mmps =  550 Ndav =   1 E =    -89.7413140310 Error = 1.07e-56 FLOPS = 2.70e+10 Tdav = 0.06 T = 1.46
 --> Site =  162 .. Mmps =  550 Ndav =   1 E =    -89.7413140310 Error = 2.96e-82 FLOPS = 2.59e+10 Tdav = 0.03 T = 1.25
 --> Site =  163 .. Mmps =  550 Ndav =   1 E =    -89.7413140310 Error = 1.83e-107 FLOPS = 1.96e+10 Tdav = 0.01 T = 1.03
 --> Site =  164 .. Mmps =  550 Ndav =   1 E =    -89.7413140310 Error = 1.62e-130 FLOPS = 1.47e+10 Tdav = 0.01 T = 0.90
 --> Site =  165 .. Mmps =  550 Ndav =   1 E =    -89.7413140310 Error = 6.51e-149 FLOPS = 8.88e+09 Tdav = 0.01 T = 0.76
 --> Site =  166 .. Mmps =  550 Ndav =   1 E =    -89.7413140310 Error = 1.49e-171 FLOPS = 5.30e+09 Tdav = 0.00 T = 0.56
 --> Site =  167 .. Mmps =  550 Ndav =   1 E =    -89.7413140310 Error = 1.05e-195 FLOPS = 2.30e+09 Tdav = 0.00 T = 0.45
 --> Site =  168 .. Mmps =  549 Ndav =   1 E =    -89.7413140310 Error = 0.00e+00 FLOPS = 3.14e+09 Tdav = 0.00 T = 0.33
Time elapsed =  40268.820 | E =     -89.7413140310 | DE = -1.31e-07 | DW = 5.91083e-18
Time sweep =     2649.180 | 9.73 TFLOP/SWP
 | Dmem = 141 MB (3%) | Imem = 232 B (79%) | Hmem = 672 MB | Wmem = 4.62 MB | Pmem = 0 B
 | Tread = 87.820 | Twrite = 31.778 | Tfpread = 86.467 | Tfpwrite = 20.911 | Tmporead = 0.000 | Tasync = 0.000
 | data = 14.8 GB | cpsd = 11.1 GB
 | Trot = 168.509 | Tctr = 1.425 | Tint = 0.009 | Tmid = 0.000 | Tdctr = 71.171 | Tdiag = 1.587 | Tinfo = 2.333
 | Teff = 2105.716 | Tprt = 0.000 | Teig = 287.086 | Tblk = 2443.615 | Tmve = 205.553 | Tdm = 2.556 | Tsplt = 36.279 | Tsvd = 0.000 | Torth = 0.000

Sweep =   15 | Direction = backward | Bond dimension =  550 | Noise =  0.00e+00 | Dav threshold =  1.00e-08
 <-- Site =  168 .. Mmps =    2 Ndav =   1 E =    -89.7413140310 Error = 0.00e+00 FLOPS = 1.99e+09 Tdav = 0.00 T = 0.02
 <-- Site =  167 .. Mmps =    4 Ndav =   1 E =    -89.7413140310 Error = 0.00e+00 FLOPS = 2.51e+09 Tdav = 0.00 T = 0.12
 <-- Site =  166 .. Mmps =    8 Ndav =   1 E =    -89.7413140310 Error = 0.00e+00 FLOPS = 4.76e+09 Tdav = 0.00 T = 0.16
 <-- Site =  165 .. Mmps =   16 Ndav =   1 E =    -89.7413140310 Error = 0.00e+00 FLOPS = 8.63e+09 Tdav = 0.01 T = 0.23
 <-- Site =  164 .. Mmps =   32 Ndav =   1 E =    -89.7413140310 Error = 0.00e+00 FLOPS = 1.48e+10 Tdav = 0.01 T = 0.32
 <-- Site =  163 .. Mmps =   64 Ndav =   1 E =    -89.7413140310 Error = 0.00e+00 FLOPS = 1.88e+10 Tdav = 0.01 T = 0.42
 <-- Site =  162 .. Mmps =  128 Ndav =   1 E =    -89.7413140310 Error = 0.00e+00 FLOPS = 2.46e+10 Tdav = 0.03 T = 0.55
 <-- Site =  161 .. Mmps =  256 Ndav =   1 E =    -89.7413140310 Error = 0.00e+00 FLOPS = 2.57e+10 Tdav = 0.06 T = 0.73
 <-- Site =  160 .. Mmps =  511 Ndav =   1 E =    -89.7413140310 Error = 0.00e+00 FLOPS = 2.93e+10 Tdav = 0.13 T = 1.02
 <-- Site =  159 .. Mmps =  550 Ndav =   1 E =    -89.7413140310 Error = 7.47e-26 FLOPS = 3.08e+10 Tdav = 0.32 T = 1.73
 <-- Site =  158 .. Mmps =  550 Ndav =   1 E =    -89.7413140310 Error = 2.93e-24 FLOPS = 3.11e+10 Tdav = 0.39 T = 2.32
 <-- Site =  157 .. Mmps =  550 Ndav =   1 E =    -89.7413140310 Error = 1.39e-23 FLOPS = 3.18e+10 Tdav = 0.41 T = 2.63
 <-- Site =  156 .. Mmps =  550 Ndav =   1 E =    -89.7413140310 Error = 1.17e-20 FLOPS = 3.22e+10 Tdav = 0.43 T = 2.89
 <-- Site =  155 .. Mmps =  550 Ndav =   2 E =    -89.7413140311 Error = 1.14e-19 FLOPS = 3.50e+10 Tdav = 0.86 T = 3.62
 <-- Site =  154 .. Mmps =  550 Ndav =   2 E =    -89.7413140317 Error = 1.12e-19 FLOPS = 3.57e+10 Tdav = 0.89 T = 4.02
 <-- Site =  153 .. Mmps =  550 Ndav =   3 E =    -89.7413140328 Error = 2.61e-19 FLOPS = 3.73e+10 Tdav = 1.36 T = 4.63
 <-- Site =  152 .. Mmps =  550 Ndav =   3 E =    -89.7413140344 Error = 2.53e-19 FLOPS = 3.74e+10 Tdav = 1.44 T = 4.99
 <-- Site =  151 .. Mmps =  550 Ndav =   3 E =    -89.7413140362 Error = 2.18e-19 FLOPS = 3.98e+10 Tdav = 1.43 T = 5.25
 <-- Site =  150 .. Mmps =  550 Ndav =   3 E =    -89.7413140379 Error = 1.83e-19 FLOPS = 3.98e+10 Tdav = 1.51 T = 5.68
 <-- Site =  149 .. Mmps =  550 Ndav =   3 E =    -89.7413140398 Error = 2.55e-19 FLOPS = 4.01e+10 Tdav = 1.57 T = 6.10
 <-- Site =  148 .. Mmps =  550 Ndav =   3 E =    -89.7413140416 Error = 1.16e-19 FLOPS = 3.89e+10 Tdav = 1.69 T = 6.60
 <-- Site =  147 .. Mmps =  550 Ndav =   3 E =    -89.7413140440 Error = 2.10e-19 FLOPS = 4.02e+10 Tdav = 1.71 T = 6.87
 <-- Site =  146 .. Mmps =  550 Ndav =   3 E =    -89.7413140457 Error = 1.12e-19 FLOPS = 4.05e+10 Tdav = 1.78 T = 7.40
 <-- Site =  145 .. Mmps =  550 Ndav =   3 E =    -89.7413140475 Error = 1.50e-19 FLOPS = 3.76e+10 Tdav = 1.99 T = 8.09
 <-- Site =  144 .. Mmps =  550 Ndav =   3 E =    -89.7413140497 Error = 1.82e-19 FLOPS = 3.76e+10 Tdav = 2.07 T = 8.70
 <-- Site =  143 .. Mmps =  550 Ndav =   5 E =    -89.7413140546 Error = 1.10e-18 FLOPS = 3.83e+10 Tdav = 3.52 T = 10.52
 <-- Site =  142 .. Mmps =  550 Ndav =   3 E =    -89.7413140559 Error = 1.20e-18 FLOPS = 3.91e+10 Tdav = 2.14 T = 9.43
 <-- Site =  141 .. Mmps =  550 Ndav =   3 E =    -89.7413140576 Error = 1.45e-19 FLOPS = 4.06e+10 Tdav = 2.14 T = 9.93
 <-- Site =  140 .. Mmps =  550 Ndav =   3 E =    -89.7413140603 Error = 1.95e-18 FLOPS = 4.07e+10 Tdav = 2.21 T = 10.33
 <-- Site =  139 .. Mmps =  550 Ndav =   3 E =    -89.7413140638 Error = 1.72e-19 FLOPS = 4.07e+10 Tdav = 2.28 T = 11.27
 <-- Site =  138 .. Mmps =  550 Ndav =   4 E =    -89.7413140671 Error = 2.00e-18 FLOPS = 4.07e+10 Tdav = 3.14 T = 12.20
 <-- Site =  137 .. Mmps =  550 Ndav =   3 E =    -89.7413140692 Error = 1.40e-19 FLOPS = 3.79e+10 Tdav = 2.61 T = 12.57
 <-- Site =  136 .. Mmps =  550 Ndav =   3 E =    -89.7413140712 Error = 1.51e-18 FLOPS = 3.90e+10 Tdav = 2.61 T = 13.03
 <-- Site =  135 .. Mmps =  550 Ndav =   3 E =    -89.7413140726 Error = 1.33e-19 FLOPS = 4.10e+10 Tdav = 2.55 T = 13.31
 <-- Site =  134 .. Mmps =  550 Ndav =   3 E =    -89.7413140736 Error = 3.53e-18 FLOPS = 3.87e+10 Tdav = 2.79 T = 14.10
 <-- Site =  133 .. Mmps =  550 Ndav =   2 E =    -89.7413140741 Error = 5.79e-20 FLOPS = 4.06e+10 Tdav = 1.82 T = 13.56
 <-- Site =  132 .. Mmps =  550 Ndav =   2 E =    -89.7413140746 Error = 3.88e-19 FLOPS = 3.74e+10 Tdav = 2.03 T = 14.62
 <-- Site =  131 .. Mmps =  550 Ndav =   2 E =    -89.7413140749 Error = 3.55e-20 FLOPS = 4.01e+10 Tdav = 1.94 T = 15.42
 <-- Site =  130 .. Mmps =  550 Ndav =   2 E =    -89.7413140752 Error = 1.30e-18 FLOPS = 4.05e+10 Tdav = 1.97 T = 15.56
 <-- Site =  129 .. Mmps =  550 Ndav =   2 E =    -89.7413140754 Error = 5.11e-20 FLOPS = 4.02e+10 Tdav = 2.03 T = 16.31
 <-- Site =  128 .. Mmps =  550 Ndav =   2 E =    -89.7413140756 Error = 4.65e-20 FLOPS = 4.13e+10 Tdav = 2.03 T = 16.93
 <-- Site =  127 .. Mmps =  550 Ndav =   2 E =    -89.7413140758 Error = 6.69e-20 FLOPS = 3.80e+10 Tdav = 2.26 T = 18.32
 <-- Site =  126 .. Mmps =  550 Ndav =   1 E =    -89.7413140758 Error = 7.08e-20 FLOPS = 3.82e+10 Tdav = 1.15 T = 17.56
 <-- Site =  125 .. Mmps =  550 Ndav =   2 E =    -89.7413140762 Error = 7.37e-20 FLOPS = 3.90e+10 Tdav = 2.31 T = 18.77
 <-- Site =  124 .. Mmps =  550 Ndav =   2 E =    -89.7413140765 Error = 4.37e-20 FLOPS = 4.13e+10 Tdav = 2.18 T = 19.00
 <-- Site =  123 .. Mmps =  550 Ndav =   2 E =    -89.7413140768 Error = 4.80e-20 FLOPS = 3.68e+10 Tdav = 2.49 T = 20.48
 <-- Site =  122 .. Mmps =  550 Ndav =   2 E =    -89.7413140770 Error = 1.27e-19 FLOPS = 3.82e+10 Tdav = 2.40 T = 20.06
 <-- Site =  121 .. Mmps =  550 Ndav =   2 E =    -89.7413140772 Error = 1.59e-20 FLOPS = 3.88e+10 Tdav = 2.42 T = 20.81
 <-- Site =  120 .. Mmps =  550 Ndav =   1 E =    -89.7413140772 Error = 6.96e-20 FLOPS = 3.55e+10 Tdav = 1.35 T = 20.22
 <-- Site =  119 .. Mmps =  550 Ndav =   2 E =    -89.7413140774 Error = 8.65e-21 FLOPS = 3.81e+10 Tdav = 2.52 T = 22.04
 <-- Site =  118 .. Mmps =  550 Ndav =   1 E =    -89.7413140774 Error = 8.40e-20 FLOPS = 3.70e+10 Tdav = 1.32 T = 20.79
 <-- Site =  117 .. Mmps =  550 Ndav =   1 E =    -89.7413140774 Error = 3.48e-19 FLOPS = 3.70e+10 Tdav = 1.32 T = 21.29
 <-- Site =  116 .. Mmps =  550 Ndav =   2 E =    -89.7413140777 Error = 6.77e-20 FLOPS = 3.70e+10 Tdav = 2.70 T = 23.74
 <-- Site =  115 .. Mmps =  550 Ndav =   2 E =    -89.7413140780 Error = 5.92e-19 FLOPS = 4.09e+10 Tdav = 2.49 T = 24.00
 <-- Site =  114 .. Mmps =  550 Ndav =   2 E =    -89.7413140782 Error = 2.61e-20 FLOPS = 4.12e+10 Tdav = 2.52 T = 24.65
 <-- Site =  113 .. Mmps =  550 Ndav =   1 E =    -89.7413140782 Error = 5.43e-19 FLOPS = 3.71e+10 Tdav = 1.40 T = 23.69
 <-- Site =  112 .. Mmps =  550 Ndav =   2 E =    -89.7413140784 Error = 3.32e-20 FLOPS = 4.14e+10 Tdav = 2.56 T = 25.10
 <-- Site =  111 .. Mmps =  550 Ndav =   2 E =    -89.7413140787 Error = 5.31e-19 FLOPS = 4.17e+10 Tdav = 2.54 T = 25.07
 <-- Site =  110 .. Mmps =  550 Ndav =   1 E =    -89.7413140787 Error = 8.68e-21 FLOPS = 3.70e+10 Tdav = 1.43 T = 24.24
 <-- Site =  109 .. Mmps =  550 Ndav =   2 E =    -89.7413140789 Error = 1.45e-18 FLOPS = 3.86e+10 Tdav = 2.74 T = 26.00
 <-- Site =  108 .. Mmps =  550 Ndav =   1 E =    -89.7413140789 Error = 7.19e-21 FLOPS = 3.72e+10 Tdav = 1.45 T = 24.84
 <-- Site =  107 .. Mmps =  550 Ndav =   2 E =    -89.7413140792 Error = 2.00e-18 FLOPS = 3.70e+10 Tdav = 2.91 T = 26.69
 <-- Site =  106 .. Mmps =  550 Ndav =   1 E =    -89.7413140792 Error = 9.32e-21 FLOPS = 4.00e+10 Tdav = 1.35 T = 24.80
 <-- Site =  105 .. Mmps =  550 Ndav =   1 E =    -89.7413140792 Error = 1.19e-18 FLOPS = 4.01e+10 Tdav = 1.35 T = 24.68
 <-- Site =  104 .. Mmps =  550 Ndav =   1 E =    -89.7413140792 Error = 2.08e-19 FLOPS = 3.61e+10 Tdav = 1.49 T = 25.78
 <-- Site =  103 .. Mmps =  550 Ndav =   1 E =    -89.7413140792 Error = 6.86e-20 FLOPS = 3.70e+10 Tdav = 1.48 T = 26.12
 <-- Site =  102 .. Mmps =  550 Ndav =   1 E =    -89.7413140792 Error = 2.12e-20 FLOPS = 3.73e+10 Tdav = 1.50 T = 26.56
 <-- Site =  101 .. Mmps =  550 Ndav =   1 E =    -89.7413140792 Error = 1.66e-20 FLOPS = 3.60e+10 Tdav = 1.55 T = 27.16
 <-- Site =  100 .. Mmps =  550 Ndav =   1 E =    -89.7413140792 Error = 2.96e-20 FLOPS = 3.73e+10 Tdav = 1.50 T = 26.97
 <-- Site =   99 .. Mmps =  550 Ndav =   1 E =    -89.7413140792 Error = 6.54e-20 FLOPS = 3.75e+10 Tdav = 1.52 T = 27.38
 <-- Site =   98 .. Mmps =  550 Ndav =   1 E =    -89.7413140792 Error = 2.64e-19 FLOPS = 3.90e+10 Tdav = 1.46 T = 27.48
 <-- Site =   97 .. Mmps =  550 Ndav =   1 E =    -89.7413140792 Error = 3.80e-20 FLOPS = 4.02e+10 Tdav = 1.39 T = 26.75
 <-- Site =   96 .. Mmps =  550 Ndav =   1 E =    -89.7413140792 Error = 1.45e-19 FLOPS = 3.73e+10 Tdav = 1.53 T = 27.84
 <-- Site =   95 .. Mmps =  550 Ndav =   1 E =    -89.7413140792 Error = 2.43e-20 FLOPS = 3.81e+10 Tdav = 1.52 T = 28.58
 <-- Site =   94 .. Mmps =  550 Ndav =   1 E =    -89.7413140792 Error = 1.87e-20 FLOPS = 4.01e+10 Tdav = 1.44 T = 27.66
 <-- Site =   93 .. Mmps =  550 Ndav =   1 E =    -89.7413140792 Error = 5.73e-20 FLOPS = 3.04e+10 Tdav = 1.87 T = 27.61
 <-- Site =   92 .. Mmps =  550 Ndav =   1 E =    -89.7413140792 Error = 3.87e-20 FLOPS = 3.10e+10 Tdav = 1.81 T = 27.52
 <-- Site =   91 .. Mmps =  550 Ndav =   1 E =    -89.7413140792 Error = 3.56e-19 FLOPS = 3.67e+10 Tdav = 1.55 T = 27.49
 <-- Site =   90 .. Mmps =  550 Ndav =   1 E =    -89.7413140792 Error = 3.31e-19 FLOPS = 3.62e+10 Tdav = 1.57 T = 28.14
 <-- Site =   89 .. Mmps =  550 Ndav =   1 E =    -89.7413140792 Error = 4.77e-20 FLOPS = 3.72e+10 Tdav = 1.53 T = 27.65
 <-- Site =   88 .. Mmps =  550 Ndav =   1 E =    -89.7413140792 Error = 1.99e-18 FLOPS = 3.71e+10 Tdav = 1.53 T = 27.73
 <-- Site =   87 .. Mmps =  550 Ndav =   1 E =    -89.7413140792 Error = 1.46e-20 FLOPS = 3.79e+10 Tdav = 1.50 T = 28.37
 <-- Site =   86 .. Mmps =  550 Ndav =   1 E =    -89.7413140792 Error = 2.57e-18 FLOPS = 3.77e+10 Tdav = 1.53 T = 28.23
 <-- Site =   85 .. Mmps =  550 Ndav =   1 E =    -89.7413140792 Error = 2.40e-20 FLOPS = 3.35e+10 Tdav = 1.73 T = 28.21
 <-- Site =   84 .. Mmps =  550 Ndav =   1 E =    -89.7413140792 Error = 5.05e-19 FLOPS = 3.78e+10 Tdav = 1.50 T = 27.93
 <-- Site =   83 .. Mmps =  550 Ndav =   1 E =    -89.7413140792 Error = 6.29e-21 FLOPS = 3.69e+10 Tdav = 1.54 T = 27.81
 <-- Site =   82 .. Mmps =  550 Ndav =   1 E =    -89.7413140792 Error = 2.16e-18 FLOPS = 3.54e+10 Tdav = 1.64 T = 28.55
 <-- Site =   81 .. Mmps =  550 Ndav =   1 E =    -89.7413140792 Error = 8.37e-21 FLOPS = 3.14e+10 Tdav = 1.85 T = 28.66
 <-- Site =   80 .. Mmps =  550 Ndav =   1 E =    -89.7413140792 Error = 1.33e-18 FLOPS = 3.72e+10 Tdav = 1.53 T = 27.48
 <-- Site =   79 .. Mmps =  550 Ndav =   1 E =    -89.7413140792 Error = 3.33e-20 FLOPS = 3.59e+10 Tdav = 1.59 T = 27.72
 <-- Site =   78 .. Mmps =  550 Ndav =   1 E =    -89.7413140792 Error = 7.40e-19 FLOPS = 3.71e+10 Tdav = 1.53 T = 27.64
 <-- Site =   77 .. Mmps =  550 Ndav =   1 E =    -89.7413140792 Error = 4.34e-20 FLOPS = 3.70e+10 Tdav = 1.54 T = 27.62
 <-- Site =   76 .. Mmps =  550 Ndav =   1 E =    -89.7413140792 Error = 2.09e-20 FLOPS = 3.51e+10 Tdav = 1.62 T = 28.37
 <-- Site =   75 .. Mmps =  550 Ndav =   1 E =    -89.7413140792 Error = 2.14e-20 FLOPS = 3.71e+10 Tdav = 1.56 T = 27.97
 <-- Site =   74 .. Mmps =  550 Ndav =   1 E =    -89.7413140792 Error = 4.46e-20 FLOPS = 3.76e+10 Tdav = 1.51 T = 28.00
 <-- Site =   73 .. Mmps =  550 Ndav =   1 E =    -89.7413140792 Error = 1.66e-20 FLOPS = 3.70e+10 Tdav = 1.56 T = 28.96
 <-- Site =   72 .. Mmps =  550 Ndav =   1 E =    -89.7413140792 Error = 7.30e-20 FLOPS = 3.87e+10 Tdav = 1.50 T = 27.85
 <-- Site =   71 .. Mmps =  550 Ndav =   1 E =    -89.7413140792 Error = 7.67e-20 FLOPS = 3.73e+10 Tdav = 1.53 T = 27.51
 <-- Site =   70 .. Mmps =  550 Ndav =   1 E =    -89.7413140792 Error = 2.41e-20 FLOPS = 3.89e+10 Tdav = 1.46 T = 27.66
 <-- Site =   69 .. Mmps =  550 Ndav =   1 E =    -89.7413140792 Error = 1.08e-19 FLOPS = 4.01e+10 Tdav = 1.42 T = 27.30
 <-- Site =   68 .. Mmps =  550 Ndav =   1 E =    -89.7413140792 Error = 1.99e-20 FLOPS = 3.74e+10 Tdav = 1.52 T = 27.22
 <-- Site =   67 .. Mmps =  550 Ndav =   1 E =    -89.7413140792 Error = 6.34e-21 FLOPS = 4.01e+10 Tdav = 1.39 T = 26.62
 <-- Site =   66 .. Mmps =  550 Ndav =   1 E =    -89.7413140792 Error = 1.10e-20 FLOPS = 4.02e+10 Tdav = 1.39 T = 26.40
 <-- Site =   65 .. Mmps =  550 Ndav =   2 E =    -89.7413140794 Error = 7.07e-20 FLOPS = 3.85e+10 Tdav = 2.90 T = 27.77
 <-- Site =   64 .. Mmps =  550 Ndav =   1 E =    -89.7413140794 Error = 5.65e-20 FLOPS = 3.99e+10 Tdav = 1.37 T = 25.83
 <-- Site =   63 .. Mmps =  550 Ndav =   1 E =    -89.7413140794 Error = 5.71e-19 FLOPS = 3.98e+10 Tdav = 1.38 T = 25.45
 <-- Site =   62 .. Mmps =  550 Ndav =   1 E =    -89.7413140794 Error = 1.61e-20 FLOPS = 3.85e+10 Tdav = 1.43 T = 25.62
 <-- Site =   61 .. Mmps =  550 Ndav =   1 E =    -89.7413140794 Error = 4.64e-18 FLOPS = 4.12e+10 Tdav = 1.31 T = 24.52
 <-- Site =   60 .. Mmps =  550 Ndav =   1 E =    -89.7413140794 Error = 1.00e-20 FLOPS = 4.16e+10 Tdav = 1.30 T = 24.62
 <-- Site =   59 .. Mmps =  550 Ndav =   1 E =    -89.7413140794 Error = 3.28e-18 FLOPS = 3.93e+10 Tdav = 1.37 T = 24.99
 <-- Site =   58 .. Mmps =  550 Ndav =   1 E =    -89.7413140794 Error = 8.04e-21 FLOPS = 4.14e+10 Tdav = 1.28 T = 23.65
 <-- Site =   57 .. Mmps =  550 Ndav =   1 E =    -89.7413140794 Error = 2.34e-19 FLOPS = 4.13e+10 Tdav = 1.28 T = 23.80
 <-- Site =   56 .. Mmps =  550 Ndav =   1 E =    -89.7413140794 Error = 1.43e-20 FLOPS = 3.91e+10 Tdav = 1.35 T = 24.26
 <-- Site =   55 .. Mmps =  550 Ndav =   1 E =    -89.7413140794 Error = 7.99e-18 FLOPS = 4.12e+10 Tdav = 1.28 T = 23.22
 <-- Site =   54 .. Mmps =  550 Ndav =   1 E =    -89.7413140794 Error = 9.77e-21 FLOPS = 4.11e+10 Tdav = 1.26 T = 23.00
 <-- Site =   53 .. Mmps =  550 Ndav =   2 E =    -89.7413140796 Error = 1.19e-18 FLOPS = 4.03e+10 Tdav = 2.58 T = 24.40
 <-- Site =   52 .. Mmps =  550 Ndav =   1 E =    -89.7413140796 Error = 1.63e-19 FLOPS = 4.12e+10 Tdav = 1.23 T = 21.84
 <-- Site =   51 .. Mmps =  550 Ndav =   1 E =    -89.7413140796 Error = 1.30e-19 FLOPS = 4.12e+10 Tdav = 1.21 T = 20.98
 <-- Site =   50 .. Mmps =  550 Ndav =   1 E =    -89.7413140796 Error = 3.37e-20 FLOPS = 3.41e+10 Tdav = 1.44 T = 20.98
 <-- Site =   49 .. Mmps =  550 Ndav =   1 E =    -89.7413140796 Error = 1.51e-20 FLOPS = 3.70e+10 Tdav = 1.32 T = 20.76
 <-- Site =   48 .. Mmps =  550 Ndav =   1 E =    -89.7413140796 Error = 5.47e-20 FLOPS = 3.51e+10 Tdav = 1.36 T = 20.15
 <-- Site =   47 .. Mmps =  550 Ndav =   1 E =    -89.7413140796 Error = 2.65e-20 FLOPS = 3.54e+10 Tdav = 1.35 T = 19.92
 <-- Site =   46 .. Mmps =  550 Ndav =   1 E =    -89.7413140796 Error = 1.83e-20 FLOPS = 3.23e+10 Tdav = 1.45 T = 19.81
 <-- Site =   45 .. Mmps =  550 Ndav =   1 E =    -89.7413140796 Error = 5.42e-20 FLOPS = 3.40e+10 Tdav = 1.38 T = 19.49
 <-- Site =   44 .. Mmps =  550 Ndav =   1 E =    -89.7413140796 Error = 1.53e-20 FLOPS = 3.23e+10 Tdav = 1.42 T = 18.51
 <-- Site =   43 .. Mmps =  550 Ndav =   1 E =    -89.7413140796 Error = 4.42e-20 FLOPS = 3.26e+10 Tdav = 1.38 T = 18.32
 <-- Site =   42 .. Mmps =  550 Ndav =   2 E =    -89.7413140799 Error = 1.12e-20 FLOPS = 3.41e+10 Tdav = 2.63 T = 19.42
 <-- Site =   41 .. Mmps =  550 Ndav =   2 E =    -89.7413140801 Error = 4.97e-20 FLOPS = 3.71e+10 Tdav = 2.37 T = 18.46
 <-- Site =   40 .. Mmps =  550 Ndav =   2 E =    -89.7413140803 Error = 3.46e-20 FLOPS = 3.60e+10 Tdav = 2.39 T = 17.55
 <-- Site =   39 .. Mmps =  550 Ndav =   2 E =    -89.7413140806 Error = 3.21e-19 FLOPS = 3.63e+10 Tdav = 2.31 T = 16.93
 <-- Site =   38 .. Mmps =  550 Ndav =   2 E =    -89.7413140808 Error = 5.20e-19 FLOPS = 3.42e+10 Tdav = 2.39 T = 16.41
 <-- Site =   37 .. Mmps =  550 Ndav =   2 E =    -89.7413140810 Error = 7.27e-20 FLOPS = 3.52e+10 Tdav = 2.27 T = 16.05
 <-- Site =   36 .. Mmps =  550 Ndav =   2 E =    -89.7413140813 Error = 3.42e-18 FLOPS = 3.71e+10 Tdav = 2.10 T = 14.76
 <-- Site =   35 .. Mmps =  550 Ndav =   2 E =    -89.7413140817 Error = 5.81e-20 FLOPS = 3.73e+10 Tdav = 2.03 T = 14.06
 <-- Site =   34 .. Mmps =  550 Ndav =   2 E =    -89.7413140821 Error = 8.70e-19 FLOPS = 3.74e+10 Tdav = 1.97 T = 13.55
 <-- Site =   33 .. Mmps =  550 Ndav =   2 E =    -89.7413140825 Error = 8.12e-20 FLOPS = 3.76e+10 Tdav = 1.91 T = 12.85
 <-- Site =   32 .. Mmps =  550 Ndav =   3 E =    -89.7413140833 Error = 2.63e-18 FLOPS = 3.63e+10 Tdav = 2.89 T = 13.49
 <-- Site =   31 .. Mmps =  550 Ndav =   2 E =    -89.7413140837 Error = 3.99e-20 FLOPS = 3.62e+10 Tdav = 1.87 T = 12.00
 <-- Site =   30 .. Mmps =  550 Ndav =   3 E =    -89.7413140845 Error = 3.11e-18 FLOPS = 3.83e+10 Tdav = 2.58 T = 11.88
 <-- Site =   29 .. Mmps =  550 Ndav =   2 E =    -89.7413140853 Error = 1.15e-19 FLOPS = 3.69e+10 Tdav = 1.73 T = 10.53
 <-- Site =   28 .. Mmps =  550 Ndav =   3 E =    -89.7413140867 Error = 1.59e-18 FLOPS = 3.77e+10 Tdav = 2.46 T = 10.89
 <-- Site =   27 .. Mmps =  550 Ndav =   3 E =    -89.7413140888 Error = 1.14e-19 FLOPS = 3.75e+10 Tdav = 2.39 T = 10.55
 <-- Site =   26 .. Mmps =  550 Ndav =   3 E =    -89.7413140908 Error = 4.13e-18 FLOPS = 3.71e+10 Tdav = 2.34 T = 9.81
 <-- Site =   25 .. Mmps =  550 Ndav =   3 E =    -89.7413140915 Error = 1.99e-19 FLOPS = 3.59e+10 Tdav = 2.33 T = 9.49
 <-- Site =   24 .. Mmps =  550 Ndav =   3 E =    -89.7413140933 Error = 1.27e-19 FLOPS = 3.58e+10 Tdav = 2.26 T = 9.09
 <-- Site =   23 .. Mmps =  550 Ndav =   4 E =    -89.7413140964 Error = 6.14e-19 FLOPS = 3.57e+10 Tdav = 2.91 T = 9.27
 <-- Site =   22 .. Mmps =  550 Ndav =   3 E =    -89.7413140985 Error = 2.01e-19 FLOPS = 3.74e+10 Tdav = 2.00 T = 7.83
 <-- Site =   21 .. Mmps =  550 Ndav =   3 E =    -89.7413141012 Error = 1.36e-19 FLOPS = 3.50e+10 Tdav = 2.05 T = 7.50
 <-- Site =   20 .. Mmps =  550 Ndav =   3 E =    -89.7413141035 Error = 5.28e-20 FLOPS = 3.47e+10 Tdav = 1.99 T = 7.11
 <-- Site =   19 .. Mmps =  550 Ndav =   4 E =    -89.7413141062 Error = 1.73e-19 FLOPS = 3.49e+10 Tdav = 2.52 T = 7.37
 <-- Site =   18 .. Mmps =  550 Ndav =   4 E =    -89.7413141087 Error = 5.28e-20 FLOPS = 3.48e+10 Tdav = 2.41 T = 6.89
 <-- Site =   17 .. Mmps =  550 Ndav =   3 E =    -89.7413141114 Error = 1.02e-19 FLOPS = 3.50e+10 Tdav = 1.71 T = 5.90
 <-- Site =   16 .. Mmps =  550 Ndav =   3 E =    -89.7413141129 Error = 9.76e-20 FLOPS = 3.44e+10 Tdav = 1.65 T = 5.60
 <-- Site =   15 .. Mmps =  550 Ndav =   3 E =    -89.7413141146 Error = 2.12e-19 FLOPS = 3.43e+10 Tdav = 1.57 T = 5.00
 <-- Site =   14 .. Mmps =  550 Ndav =   3 E =    -89.7413141155 Error = 2.26e-19 FLOPS = 3.40e+10 Tdav = 1.50 T = 4.66
 <-- Site =   13 .. Mmps =  550 Ndav =   2 E =    -89.7413141166 Error = 4.37e-18 FLOPS = 3.32e+10 Tdav = 0.96 T = 3.81
 <-- Site =   12 .. Mmps =  550 Ndav =   2 E =    -89.7413141170 Error = 3.30e-17 FLOPS = 3.03e+10 Tdav = 0.99 T = 3.67
 <-- Site =   11 .. Mmps =  550 Ndav =   1 E =    -89.7413141170 Error = 4.23e-18 FLOPS = 2.55e+10 Tdav = 0.55 T = 2.94
 <-- Site =   10 .. Mmps =  550 Ndav =   1 E =    -89.7413141170 Error = 4.21e-19 FLOPS = 2.52e+10 Tdav = 0.52 T = 2.71
 <-- Site =    9 .. Mmps =  550 Ndav =   1 E =    -89.7413141170 Error = 5.99e-24 FLOPS = 3.00e+10 Tdav = 0.36 T = 2.19
 <-- Site =    8 .. Mmps =  550 Ndav =   1 E =    -89.7413141170 Error = 6.75e-34 FLOPS = 2.64e+10 Tdav = 0.12 T = 1.27
 <-- Site =    7 .. Mmps =  550 Ndav =   1 E =    -89.7413141170 Error = 1.73e-53 FLOPS = 2.30e+10 Tdav = 0.05 T = 1.04
 <-- Site =    6 .. Mmps =  550 Ndav =   1 E =    -89.7413141170 Error = 1.63e-75 FLOPS = 1.92e+10 Tdav = 0.02 T = 0.90
 <-- Site =    5 .. Mmps =  550 Ndav =   1 E =    -89.7413141170 Error = 3.69e-93 FLOPS = 1.50e+10 Tdav = 0.01 T = 0.82
 <-- Site =    4 .. Mmps =  550 Ndav =   1 E =    -89.7413141170 Error = 1.11e-105 FLOPS = 1.22e+10 Tdav = 0.01 T = 0.74
 <-- Site =    3 .. Mmps =  550 Ndav =   1 E =    -89.7413141170 Error = 2.34e-108 FLOPS = 8.92e+09 Tdav = 0.00 T = 0.69
 <-- Site =    2 .. Mmps =  550 Ndav =   1 E =    -89.7413141170 Error = 1.95e-107 FLOPS = 5.82e+09 Tdav = 0.00 T = 0.64
 <-- Site =    1 .. Mmps =  550 Ndav =   1 E =    -89.7413141170 Error = 3.09e-106 FLOPS = 3.43e+09 Tdav = 0.00 T = 0.61
 <-- Site =    0 .. Mmps =  550 Ndav =   1 E =    -89.7413141170 Error = 2.10e-106 FLOPS = 2.48e+09 Tdav = 0.00 T = 0.55
Time elapsed =  43025.648 | E =     -89.7413141170 | DE = -8.60e-08 | DW = 3.29778e-17
Time sweep =     2756.829 | 9.08 TFLOP/SWP
 | Dmem = 141 MB (3%) | Imem = 232 B (79%) | Hmem = 672 MB | Wmem = 4.62 MB | Pmem = 0 B
 | Tread = 82.834 | Twrite = 31.005 | Tfpread = 81.528 | Tfpwrite = 19.961 | Tmporead = 0.000 | Tasync = 0.000
 | data = 14.8 GB | cpsd = 9.82 GB
 | Trot = 162.613 | Tctr = 167.831 | Tint = 0.008 | Tmid = 0.000 | Tdctr = 0.010 | Tdiag = 1.473 | Tinfo = 2.342
 | Teff = 2009.927 | Tprt = 0.000 | Teig = 266.054 | Tblk = 2326.601 | Tmve = 430.216 | Tdm = 2.549 | Tsplt = 36.375 | Tsvd = 0.000 | Torth = 0.000

DMRG energy = -89.74131411695521

Local densities:
0.43226756353947493
0.1005538585539934
0.22238277509554943
0.2112702201294359
0.1844262259926805
0.2232908107300109
0.1809316753709542
0.22329088520140947
0.18442628344847217
0.21127040798852703
0.22238299874486714
0.10055385142248838
0.43226848086434194
0.08811248870791655
0.021673236133697822
0.011831059503881908
0.00983845373166895
0.010721784253687075
0.009828026302166967
0.010630870677982877
0.009828074055452163
0.010721937576167273
0.009838606956561424
0.011831466153631294
0.021673509324294432
0.08811289329644639
0.28477717202003494
0.010710809855305776
0.8727976232842789
0.0033369801912740615
0.8792091369531952
0.0026241089544214004
0.8793989759542836
0.0026239699472855706
0.8792098505816889
0.0033365722756130514
0.8727991056536712
0.010710414828749659
0.2847769687957583
0.09874504409775324
0.020233894636085117
0.004314326322809356
0.001358562287182521
0.0029529858561329406
0.001263159021289565
0.002898494639640837
0.0012631558835801897
0.002952994991168719
0.001358579671192478
0.004314369258452448
0.020234233367706043
0.09874488254421125
0.08413657612133882
0.4680630980632519
0.003787333921809994
0.9550028776182016
0.00033519799491418963
0.9575572178472915
0.0002790883761068025
0.9575571983419411
0.0003352172823030499
0.9550028455195105
0.003787342623143128
0.46806325349460154
0.08413659169428638
0.09650019721794265
0.019065603791569418
0.003991851234712608
0.0011086956820209742
0.0009511800792457228
0.0009474734569398717
0.0009393985314597685
0.000947471669213795
0.0009511766273067269
0.0011086915195280514
0.003991846507257199
0.019065582034476343
0.09650025335884926
0.2975067210237113
0.009643792946781613
0.8785448128830278
0.0014273214687335325
0.9571512899071409
0.00031277198721977266
0.9577024622882016
0.00031277565116636795
0.9571512872727286
0.0014273255752514417
0.8785446578459108
0.00964380116518589
0.29750677125838926
0.09650026878978607
0.01906560252705147
0.003991860164688453
0.0011087029356491524
0.000951178438646502
0.0009474726384350887
0.0009393972954451419
0.0009474693817449941
0.0009511744638988749
0.0011086940775611649
0.003991834329741434
0.019065587744225544
0.09650020292022454
0.08413663009864297
0.4680633132918202
0.00378732827451802
0.9550029107239304
0.00033519313359435776
0.9575572259862261
0.0002790777508290451
0.9575572114944232
0.00033520008758420173
0.9550028453905233
0.003787336241817198
0.4680631222580369
0.08413659477738569
0.09874488826942879
0.02023424293544736
0.004314372313704319
0.001358595950004272
0.0029529930822725673
0.0012631631583242106
0.0028984917319188445
0.0012631522678306193
0.0029529796818368844
0.0013585531286101373
0.004314319198876465
0.020233925050530125
0.09874514398223856
0.2847769366416108
0.010710351405713227
0.8727993234509153
0.0033364821778638616
0.8792100560291576
0.0026239173075204457
0.8793991394009038
0.0026240687514553027
0.8792091843754621
0.003336963485247485
0.8727977271466797
0.010710781037672161
0.2847772530186258
0.08811284524253143
0.021673506593812456
0.01183144307195356
0.009838597054902773
0.010721920388930595
0.009828061534782072
0.01063082655692961
0.00982799494341665
0.010721728299912879
0.009838469226869087
0.011831004326973083
0.02167323410804065
0.0881125513525301
0.4322682799625004
0.10055384296048056
0.22238316738514635
0.21127043537324236
0.1844263578713218
0.223290919069308
0.18093165983061574
0.22329083922035425
0.18442622481700713
0.21127026556715456
0.22238273839316033
0.10055385617214815
0.43226762978980127

corresponding 2D coords:
[(0, 0), (0, 1), (0, 2), (0, 3), (0, 4), (0, 5), (0, 6), (0, 7), (0, 8), (0, 9), (0, 10), (0, 11), (0, 12), (1, 12), (1, 11), (1, 10), (1, 9), (1, 8), (1, 7), (1, 6), (1, 5), (1, 4), (1, 3), (1, 2), (1, 1), (1, 0), (2, 0), (2, 1), (2, 2), (2, 3), (2, 4), (2, 5), (2, 6), (2, 7), (2, 8), (2, 9), (2, 10), (2, 11), (2, 12), (3, 12), (3, 11), (3, 10), (3, 9), (3, 8), (3, 7), (3, 6), (3, 5), (3, 4), (3, 3), (3, 2), (3, 1), (3, 0), (4, 0), (4, 1), (4, 2), (4, 3), (4, 4), (4, 5), (4, 6), (4, 7), (4, 8), (4, 9), (4, 10), (4, 11), (4, 12), (5, 12), (5, 11), (5, 10), (5, 9), (5, 8), (5, 7), (5, 6), (5, 5), (5, 4), (5, 3), (5, 2), (5, 1), (5, 0), (6, 0), (6, 1), (6, 2), (6, 3), (6, 4), (6, 5), (6, 6), (6, 7), (6, 8), (6, 9), (6, 10), (6, 11), (6, 12), (7, 12), (7, 11), (7, 10), (7, 9), (7, 8), (7, 7), (7, 6), (7, 5), (7, 4), (7, 3), (7, 2), (7, 1), (7, 0), (8, 0), (8, 1), (8, 2), (8, 3), (8, 4), (8, 5), (8, 6), (8, 7), (8, 8), (8, 9), (8, 10), (8, 11), (8, 12), (9, 12), (9, 11), (9, 10), (9, 9), (9, 8), (9, 7), (9, 6), (9, 5), (9, 4), (9, 3), (9, 2), (9, 1), (9, 0), (10, 0), (10, 1), (10, 2), (10, 3), (10, 4), (10, 5), (10, 6), (10, 7), (10, 8), (10, 9), (10, 10), (10, 11), (10, 12), (11, 12), (11, 11), (11, 10), (11, 9), (11, 8), (11, 7), (11, 6), (11, 5), (11, 4), (11, 3), (11, 2), (11, 1), (11, 0), (12, 0), (12, 1), (12, 2), (12, 3), (12, 4), (12, 5), (12, 6), (12, 7), (12, 8), (12, 9), (12, 10), (12, 11), (12, 12)]

Saved density data:
PKL → /users/ylokare/2D_DMRG_calculations/results/13_by_13_lattice/Local_densities/Delta_boundary_sweep/density_Lx13_Ly13_Dmax550_delta4.0_Rb1.7_alpha0.05_nedge4_dbound0.8_delta_boundary_sweep.pkl
CSV → /users/ylokare/2D_DMRG_calculations/results/13_by_13_lattice/Local_densities/Delta_boundary_sweep/density_Lx13_Ly13_Dmax550_delta4.0_Rb1.7_alpha0.05_nedge4_dbound0.8_delta_boundary_sweep.csv
